########## NCCL_DEBUG from sparkmain ##########
node0:63:63 [0] NCCL INFO ncclOsDlopen(libnccl-env.so) failed: libnccl-env.so: cannot open shared object file: No such file or directory
node0:63:63 [0] NCCL INFO ENV/Plugin: Could not find: libnccl-env.so
node0:63:63 [0] NCCL INFO NCCL_SOCKET_IFNAME set by environment to wlP9s9
node0:63:63 [0] NCCL INFO NCCL_SOCKET_IFNAME set to wlP9s9
node0:63:67 [0] NCCL INFO Socket handshake magic 0x564ab9f2fc4b9d6c (built-in default)
node0:63:63 [0] NCCL INFO cudaDriverVersion 13000
node0:63:63 [0] NCCL INFO NCCL version 2.30.7+cuda13.3
node0:63:63 [0] NCCL INFO NCCL git version HEAD a5187fa2e
node0:63:63 [0] NCCL INFO Comm config nvlinkCentricSched set to 1
node0:63:63 [0] NCCL INFO NCCL_NET_PLUGIN set by environment to none
node0:63:63 [0] NCCL INFO NCCL_IB_DISABLE set by environment to 0.
node0:63:63 [0] NCCL INFO dlvsym failed on mlx5dv_get_data_direct_sysfs_path - /lib/aarch64-linux-gnu/libmlx5.so: undefined symbol: mlx5dv_get_data_direct_sysfs_path, version MLX5_1.25 version MLX5_1.25
node0:63:63 [0] NCCL INFO dlvsym failed on mlx5dv_reg_dmabuf_mr - /lib/aarch64-linux-gnu/libmlx5.so: undefined symbol: mlx5dv_reg_dmabuf_mr, version MLX5_1.25 version MLX5_1.25
node0:63:63 [0] NCCL INFO NCCL_SOCKET_IFNAME set by environment to wlP9s9
node0:63:63 [0] NCCL INFO NCCL_IB_HCA set to =rocep1s0f0,roceP2p1s0f0,rocep1s0f1,roceP2p1s0f1
node0:63:63 [0] NCCL INFO NET/IB: [0] rocep1s0f0:uverbs0:1/RoCE provider=Mlx5 speed=200000 context=0xc07554e89540 pciPath=/sys/devices/pci0000:00/0000:00:00.0/0000:01:00.0 ar=0 oooRqSize=0
node0:63:63 [0] NCCL INFO NET/IB: [1] rocep1s0f1:uverbs1:1/RoCE provider=Mlx5 speed=200000 context=0xc07554ecab90 pciPath=/sys/devices/pci0000:00/0000:00:00.0/0000:01:00.0 ar=0 oooRqSize=0
node0:63:63 [0] NCCL INFO NET/IB: [2] roceP2p1s0f0:uverbs2:1/RoCE provider=Mlx5 speed=200000 context=0xc07554f0c1e0 pciPath=/sys/devices/pci0002:00/0002:00:00.0/0002:01:00.0 ar=0 oooRqSize=0
node0:63:63 [0] NCCL INFO NET/IB: [3] roceP2p1s0f1:uverbs3:1/RoCE provider=Mlx5 speed=200000 context=0xc07554f4d830 pciPath=/sys/devices/pci0002:00/0002:00:00.0/0002:01:00.0 ar=0 oooRqSize=0
node0:63:63 [0] NCCL INFO NET/IB : Made virtual device [0] name=rocep1s0f0 speed=200000 ndevs=1 rail=-1 plane=-1
node0:63:63 [0] NCCL INFO NET/IB : Made virtual device [1] name=rocep1s0f1 speed=200000 ndevs=1 rail=-1 plane=-1
node0:63:63 [0] NCCL INFO NET/IB : Made virtual device [2] name=roceP2p1s0f0 speed=200000 ndevs=1 rail=-1 plane=-1
node0:63:63 [0] NCCL INFO NET/IB : Made virtual device [3] name=roceP2p1s0f1 speed=200000 ndevs=1 rail=-1 plane=-1
node0:63:63 [0] NCCL INFO NET/IB : Using [0]rocep1s0f0:1/RoCE [1]rocep1s0f1:1/RoCE [2]roceP2p1s0f0:1/RoCE [3]roceP2p1s0f1:1/RoCE [RO]; OOB wlP9s9:192.168.10.1<0>
node0:63:63 [0] NCCL INFO Initialized NET plugin IB
node0:63:63 [0] NCCL INFO Assigned NET plugin IB to comm
node0:63:63 [0] NCCL INFO ncclOsDlopen(libnccl-rma.so) failed: libnccl-rma.so: cannot open shared object file: No such file or directory
node0:63:63 [0] NCCL INFO RMA/Plugin: Could not find: libnccl-rma.so
node0:63:63 [0] NCCL INFO RMA/Plugin: Failed to load external plugin libnccl-rma.so, dlHandle: (nil), ncclRma: (nil)
node0:63:63 [0] NCCL INFO RMA/Plugin: Assigned plugin RMA_IB_PROXY to comm
node0:63:63 [0] NCCL INFO ncclOsDlopen(libnccl-gin.so) failed: libnccl-gin.so: cannot open shared object file: No such file or directory
node0:63:63 [0] NCCL INFO GIN/Plugin: Could not find: libnccl-gin.so
node0:63:63 [0] NCCL INFO GIN/Plugin: Failed to load external plugin libnccl-gin.so, dlHandle: (nil), ncclGin: (nil)
node0:63:63 [0] NCCL INFO GIN/Plugin: Assigned plugin GIN_IB_GDAKI type 3 to comm
node0:63:63 [0] NCCL INFO Using network IB
node0:63:63 [0] NCCL INFO Loaded NVML from libnvidia-ml.so.1
node0:63:63 [0] NCCL INFO [Rank 0] ncclCommInitRankConfig comm 0xc075523d4f60 rank 0 nranks 3 cudaDev 0 nvmlDev 0 busId f01000 commId 0x4d91a015820f6905 - Init START
node0:63:63 [0] NCCL INFO RAS client listening socket at 127.0.0.1<28028>
node0:63:63 [0] NCCL INFO Topology detection: could not read /sys/devices/system/node/node4294967295/cpumap, using empty affinity
node0:63:63 [0] NCCL INFO TOPO/NET : Importing network plugins to topology
node0:63:63 [0] NCCL INFO NET/GIN_IB_GDAKI : GPU Direct RDMA Disabled for HCA 0 'rocep1s0f0'
node0:63:63 [0] NCCL INFO ncclTopoPopulateNics : Filled rocep1s0f0 in topo with pciPath=/sys/devices/pci0000:00/0000:00:00.0/0000:01:00.0 net=0 gin=1 rma=(null) keep=1 coll=(null) rail=-1 plane=-1
node0:63:63 [0] NCCL INFO NET/GIN_IB_GDAKI : GPU Direct RDMA Disabled for HCA 1 'rocep1s0f1'
node0:63:63 [0] NCCL INFO ncclTopoPopulateNics : Filled rocep1s0f1 in topo with pciPath=/sys/devices/pci0000:00/0000:00:00.0/0000:01:00.0 net=0 gin=1 rma=(null) keep=1 coll=(null) rail=-1 plane=-1
node0:63:63 [0] NCCL INFO NET/GIN_IB_GDAKI : GPU Direct RDMA Disabled for HCA 2 'roceP2p1s0f0'
node0:63:63 [0] NCCL INFO ncclTopoPopulateNics : Filled roceP2p1s0f0 in topo with pciPath=/sys/devices/pci0002:00/0002:00:00.0/0002:01:00.0 net=0 gin=1 rma=(null) keep=1 coll=(null) rail=-1 plane=-1
node0:63:63 [0] NCCL INFO NET/GIN_IB_GDAKI : GPU Direct RDMA Disabled for HCA 3 'roceP2p1s0f1'
node0:63:63 [0] NCCL INFO ncclTopoPopulateNics : Filled roceP2p1s0f1 in topo with pciPath=/sys/devices/pci0002:00/0002:00:00.0/0002:01:00.0 net=0 gin=1 rma=(null) keep=1 coll=(null) rail=-1 plane=-1
node0:63:63 [0] NCCL INFO NET/RMA_IB_PROXY : GPU Direct RDMA Disabled for HCA 0 'rocep1s0f0'
node0:63:63 [0] NCCL INFO ncclTopoPopulateNics : Filled rocep1s0f0 in topo with pciPath=/sys/devices/pci0000:00/0000:00:00.0/0000:01:00.0 net=0 gin=1 rma=1 keep=1 coll=(null) rail=-1 plane=-1
node0:63:63 [0] NCCL INFO NET/RMA_IB_PROXY : GPU Direct RDMA Disabled for HCA 1 'rocep1s0f1'
node0:63:63 [0] NCCL INFO ncclTopoPopulateNics : Filled rocep1s0f1 in topo with pciPath=/sys/devices/pci0000:00/0000:00:00.0/0000:01:00.0 net=0 gin=1 rma=1 keep=1 coll=(null) rail=-1 plane=-1
node0:63:63 [0] NCCL INFO NET/RMA_IB_PROXY : GPU Direct RDMA Disabled for HCA 2 'roceP2p1s0f0'
node0:63:63 [0] NCCL INFO ncclTopoPopulateNics : Filled roceP2p1s0f0 in topo with pciPath=/sys/devices/pci0002:00/0002:00:00.0/0002:01:00.0 net=0 gin=1 rma=1 keep=1 coll=(null) rail=-1 plane=-1
node0:63:63 [0] NCCL INFO NET/RMA_IB_PROXY : GPU Direct RDMA Disabled for HCA 3 'roceP2p1s0f1'
node0:63:63 [0] NCCL INFO ncclTopoPopulateNics : Filled roceP2p1s0f1 in topo with pciPath=/sys/devices/pci0002:00/0002:00:00.0/0002:01:00.0 net=0 gin=1 rma=1 keep=1 coll=(null) rail=-1 plane=-1
node0:63:63 [0] NCCL INFO NET/IB : GPU Direct RDMA Disabled for HCA 0 'rocep1s0f0'
node0:63:63 [0] NCCL INFO ncclTopoPopulateNics : Filled rocep1s0f0 in topo with pciPath=/sys/devices/pci0000:00/0000:00:00.0/0000:01:00.0 net=1 gin=1 rma=1 keep=1 coll=(null) rail=-1 plane=-1
node0:63:63 [0] NCCL INFO NET/IB : GPU Direct RDMA Disabled for HCA 1 'rocep1s0f1'
node0:63:63 [0] NCCL INFO ncclTopoPopulateNics : Filled rocep1s0f1 in topo with pciPath=/sys/devices/pci0000:00/0000:00:00.0/0000:01:00.0 net=1 gin=1 rma=1 keep=1 coll=(null) rail=-1 plane=-1
node0:63:63 [0] NCCL INFO NET/IB : GPU Direct RDMA Disabled for HCA 2 'roceP2p1s0f0'
node0:63:63 [0] NCCL INFO ncclTopoPopulateNics : Filled roceP2p1s0f0 in topo with pciPath=/sys/devices/pci0002:00/0002:00:00.0/0002:01:00.0 net=1 gin=1 rma=1 keep=1 coll=(null) rail=-1 plane=-1
node0:63:63 [0] NCCL INFO NET/IB : GPU Direct RDMA Disabled for HCA 3 'roceP2p1s0f1'
node0:63:63 [0] NCCL INFO ncclTopoPopulateNics : Filled roceP2p1s0f1 in topo with pciPath=/sys/devices/pci0002:00/0002:00:00.0/0002:01:00.0 net=1 gin=1 rma=1 keep=1 coll=(null) rail=-1 plane=-1
node0:63:63 [0] NCCL INFO NET/IB : Made virtual device [4] name=rocep1s0f0+rocep1s0f1 speed=400000 ndevs=2 rail=-1 plane=16385
node0:63:63 [0] NCCL INFO TOPO/NET : Made vNic 4
node0:63:63 [0] NCCL INFO NET/IB : Made virtual device [5] name=roceP2p1s0f0+roceP2p1s0f1 speed=400000 ndevs=2 rail=-1 plane=16385
node0:63:63 [0] NCCL INFO TOPO/NET : Made vNic 5
node0:63:63 [0] NCCL INFO NET/IB : GPU Direct RDMA Disabled for HCA 4 'rocep1s0f0+rocep1s0f1'
node0:63:63 [0] NCCL INFO ncclTopoPopulateNics : Filled rocep1s0f0+rocep1s0f1 in topo with pciPath=/sys/devices/pci0000:00/0000:00:00.0/0000:01:00.0 net=1 gin=(null) rma=(null) keep=1 coll=(null) rail=-1 plane=16385
node0:63:63 [0] NCCL INFO NET/IB : GPU Direct RDMA Disabled for HCA 5 'roceP2p1s0f0+roceP2p1s0f1'
node0:63:63 [0] NCCL INFO ncclTopoPopulateNics : Filled roceP2p1s0f0+roceP2p1s0f1 in topo with pciPath=/sys/devices/pci0002:00/0002:00:00.0/0002:01:00.0 net=1 gin=(null) rma=(null) keep=1 coll=(null) rail=-1 plane=16385
node0:63:63 [0] NCCL INFO === System : maxBw 12.0 totalBw 0.2 ===
node0:63:63 [0] NCCL INFO CPU/0-ffffffffffffff (3/-1/-1)
node0:63:63 [0] NCCL INFO + C2C[345.0] - DEV/0-f01000
node0:63:63 [0] NCCL INFO + PCI[12.0] - NIC/0-1000
node0:63:63 [0] NCCL INFO               + NET[50.0] - NET/0-4 (0/a25f2e000347bb4c/1/50.000000)
node0:63:63 [0] NCCL INFO               + NET[25.0] - GIN/0-0
node0:63:63 [0] NCCL INFO               + NET[25.0] - RMA/0-0
node0:63:63 [0] NCCL INFO               + NET[25.0] - GIN/0-1
node0:63:63 [0] NCCL INFO               + NET[25.0] - RMA/0-1
node0:63:63 [0] NCCL INFO + PCI[12.0] - NIC/0-201000
node0:63:63 [0] NCCL INFO               + NET[50.0] - NET/0-5 (0/a25f2e000347bb4c/1/50.000000)
node0:63:63 [0] NCCL INFO               + NET[25.0] - GIN/0-2
node0:63:63 [0] NCCL INFO               + NET[25.0] - RMA/0-2
node0:63:63 [0] NCCL INFO               + NET[25.0] - GIN/0-3
node0:63:63 [0] NCCL INFO               + NET[25.0] - RMA/0-3
node0:63:63 [0] NCCL INFO + PCI[0.2] - DEV/0-f01000 (10de2e1210de0000)
node0:63:63 [0] NCCL INFO              + LOC[5000.0] - GPU/0-f01000
node0:63:63 [0] NCCL INFO              + C2C[345.0] - CPU/0-ffffffffffffff
node0:63:63 [0] NCCL INFO ==========================================
node0:63:63 [0] NCCL INFO GPU/0-f01000 :GPU/0-f01000 (0/5000.0/LOC) CPU/0-ffffffffffffff (2/345.0/C2C) NET/0-4 (4/12.0/P2C) NET/0-5 (4/12.0/P2C) GIN/0-0 (4/12.0/PHB) GIN/0-1 (4/12.0/PHB) GIN/0-2 (4/12.0/PHB) GIN/0-3 (4/12.0/PHB) RMA/0-0 (4/12.0/PHB) RMA/0-1 (4/12.0/PHB) RMA/0-2 (4/12.0/PHB) RMA/0-3 (4/12.0/PHB) DEV/0-f01000 (1/5000.0/LOC) 
node0:63:63 [0] NCCL INFO NET/0-4 :GPU/0-f01000 (4/12.0/P2C) CPU/0-ffffffffffffff (2/12.0/PHB) NET/0-4 (0/5000.0/LOC) NET/0-5 (4/12.0/PHB) GIN/0-0 (2/25.0/LOC) GIN/0-1 (2/25.0/LOC) GIN/0-2 (4/12.0/PHB) GIN/0-3 (4/12.0/PHB) RMA/0-0 (2/25.0/LOC) RMA/0-1 (2/25.0/LOC) RMA/0-2 (4/12.0/PHB) RMA/0-3 (4/12.0/PHB) DEV/0-f01000 (3/12.0/PHB) 
node0:63:63 [0] NCCL INFO NET/0-5 :GPU/0-f01000 (4/12.0/P2C) CPU/0-ffffffffffffff (2/12.0/PHB) NET/0-4 (4/12.0/PHB) NET/0-5 (0/5000.0/LOC) GIN/0-0 (4/12.0/PHB) GIN/0-1 (4/12.0/PHB) GIN/0-2 (2/25.0/LOC) GIN/0-3 (2/25.0/LOC) RMA/0-0 (4/12.0/PHB) RMA/0-1 (4/12.0/PHB) RMA/0-2 (2/25.0/LOC) RMA/0-3 (2/25.0/LOC) DEV/0-f01000 (3/12.0/PHB) 
node0:63:63 [0] NCCL INFO GIN/0-0 :GPU/0-f01000 (4/12.0/PHB) CPU/0-ffffffffffffff (2/12.0/PHB) NET/0-4 (2/25.0/LOC) NET/0-5 (4/12.0/PHB) GIN/0-0 (0/5000.0/LOC) GIN/0-1 (2/25.0/LOC) GIN/0-2 (4/12.0/PHB) GIN/0-3 (4/12.0/PHB) RMA/0-0 (2/25.0/LOC) RMA/0-1 (2/25.0/LOC) RMA/0-2 (4/12.0/PHB) RMA/0-3 (4/12.0/PHB) DEV/0-f01000 (3/12.0/PHB) 
node0:63:63 [0] NCCL INFO GIN/0-1 :GPU/0-f01000 (4/12.0/PHB) CPU/0-ffffffffffffff (2/12.0/PHB) NET/0-4 (2/25.0/LOC) NET/0-5 (4/12.0/PHB) GIN/0-0 (2/25.0/LOC) GIN/0-1 (0/5000.0/LOC) GIN/0-2 (4/12.0/PHB) GIN/0-3 (4/12.0/PHB) RMA/0-0 (2/25.0/LOC) RMA/0-1 (2/25.0/LOC) RMA/0-2 (4/12.0/PHB) RMA/0-3 (4/12.0/PHB) DEV/0-f01000 (3/12.0/PHB) 
node0:63:63 [0] NCCL INFO GIN/0-2 :GPU/0-f01000 (4/12.0/PHB) CPU/0-ffffffffffffff (2/12.0/PHB) NET/0-4 (4/12.0/PHB) NET/0-5 (2/25.0/LOC) GIN/0-0 (4/12.0/PHB) GIN/0-1 (4/12.0/PHB) GIN/0-2 (0/5000.0/LOC) GIN/0-3 (2/25.0/LOC) RMA/0-0 (4/12.0/PHB) RMA/0-1 (4/12.0/PHB) RMA/0-2 (2/25.0/LOC) RMA/0-3 (2/25.0/LOC) DEV/0-f01000 (3/12.0/PHB) 
node0:63:63 [0] NCCL INFO GIN/0-3 :GPU/0-f01000 (4/12.0/PHB) CPU/0-ffffffffffffff (2/12.0/PHB) NET/0-4 (4/12.0/PHB) NET/0-5 (2/25.0/LOC) GIN/0-0 (4/12.0/PHB) GIN/0-1 (4/12.0/PHB) GIN/0-2 (2/25.0/LOC) GIN/0-3 (0/5000.0/LOC) RMA/0-0 (4/12.0/PHB) RMA/0-1 (4/12.0/PHB) RMA/0-2 (2/25.0/LOC) RMA/0-3 (2/25.0/LOC) DEV/0-f01000 (3/12.0/PHB) 
node0:63:63 [0] NCCL INFO RMA/0-0 :GPU/0-f01000 (4/12.0/PHB) CPU/0-ffffffffffffff (2/12.0/PHB) NET/0-4 (2/25.0/LOC) NET/0-5 (4/12.0/PHB) GIN/0-0 (2/25.0/LOC) GIN/0-1 (2/25.0/LOC) GIN/0-2 (4/12.0/PHB) GIN/0-3 (4/12.0/PHB) RMA/0-0 (0/5000.0/LOC) RMA/0-1 (2/25.0/LOC) RMA/0-2 (4/12.0/PHB) RMA/0-3 (4/12.0/PHB) DEV/0-f01000 (3/12.0/PHB) 
node0:63:63 [0] NCCL INFO RMA/0-1 :GPU/0-f01000 (4/12.0/PHB) CPU/0-ffffffffffffff (2/12.0/PHB) NET/0-4 (2/25.0/LOC) NET/0-5 (4/12.0/PHB) GIN/0-0 (2/25.0/LOC) GIN/0-1 (2/25.0/LOC) GIN/0-2 (4/12.0/PHB) GIN/0-3 (4/12.0/PHB) RMA/0-0 (2/25.0/LOC) RMA/0-1 (0/5000.0/LOC) RMA/0-2 (4/12.0/PHB) RMA/0-3 (4/12.0/PHB) DEV/0-f01000 (3/12.0/PHB) 
node0:63:63 [0] NCCL INFO RMA/0-2 :GPU/0-f01000 (4/12.0/PHB) CPU/0-ffffffffffffff (2/12.0/PHB) NET/0-4 (4/12.0/PHB) NET/0-5 (2/25.0/LOC) GIN/0-0 (4/12.0/PHB) GIN/0-1 (4/12.0/PHB) GIN/0-2 (2/25.0/LOC) GIN/0-3 (2/25.0/LOC) RMA/0-0 (4/12.0/PHB) RMA/0-1 (4/12.0/PHB) RMA/0-2 (0/5000.0/LOC) RMA/0-3 (2/25.0/LOC) DEV/0-f01000 (3/12.0/PHB) 
node0:63:63 [0] NCCL INFO RMA/0-3 :GPU/0-f01000 (4/12.0/PHB) CPU/0-ffffffffffffff (2/12.0/PHB) NET/0-4 (4/12.0/PHB) NET/0-5 (2/25.0/LOC) GIN/0-0 (4/12.0/PHB) GIN/0-1 (4/12.0/PHB) GIN/0-2 (2/25.0/LOC) GIN/0-3 (2/25.0/LOC) RMA/0-0 (4/12.0/PHB) RMA/0-1 (4/12.0/PHB) RMA/0-2 (2/25.0/LOC) RMA/0-3 (0/5000.0/LOC) DEV/0-f01000 (3/12.0/PHB) 
node0:63:63 [0] NCCL INFO ncclTopoGetCpuAffinity: Affinity for GPU 0 is empty, ignoring. (GPU affinity =  ; CPU affinity = 0-19).
node0:63:63 [0] NCCL INFO Pattern 4, crossNic 0, nChannels 32, bw 0.240000/0.240000, type LOC/P2C, sameChannels 1
node0:63:63 [0] NCCL INFO  0 : NET/0-4 GPU/0-f01000 NET/0-4
node0:63:63 [0] NCCL INFO  1 : NET/0-5 GPU/0-f01000 NET/0-4
node0:63:63 [0] NCCL INFO  2 : NET/0-4 GPU/0-f01000 NET/0-4
node0:63:63 [0] NCCL INFO  3 : NET/0-5 GPU/0-f01000 NET/0-4
node0:63:63 [0] NCCL INFO  4 : NET/0-4 GPU/0-f01000 NET/0-4
node0:63:63 [0] NCCL INFO  5 : NET/0-5 GPU/0-f01000 NET/0-4
node0:63:63 [0] NCCL INFO  6 : NET/0-4 GPU/0-f01000 NET/0-4
node0:63:63 [0] NCCL INFO  7 : NET/0-5 GPU/0-f01000 NET/0-4
node0:63:63 [0] NCCL INFO  8 : NET/0-4 GPU/0-f01000 NET/0-4
node0:63:63 [0] NCCL INFO  9 : NET/0-5 GPU/0-f01000 NET/0-4
node0:63:63 [0] NCCL INFO 10 : NET/0-4 GPU/0-f01000 NET/0-4
node0:63:63 [0] NCCL INFO 11 : NET/0-5 GPU/0-f01000 NET/0-4
node0:63:63 [0] NCCL INFO 12 : NET/0-4 GPU/0-f01000 NET/0-4
node0:63:63 [0] NCCL INFO 13 : NET/0-5 GPU/0-f01000 NET/0-4
node0:63:63 [0] NCCL INFO 14 : NET/0-4 GPU/0-f01000 NET/0-4
node0:63:63 [0] NCCL INFO 15 : NET/0-5 GPU/0-f01000 NET/0-4
node0:63:63 [0] NCCL INFO 16 : NET/0-4 GPU/0-f01000 NET/0-4
node0:63:63 [0] NCCL INFO 17 : NET/0-5 GPU/0-f01000 NET/0-4
node0:63:63 [0] NCCL INFO 18 : NET/0-4 GPU/0-f01000 NET/0-4
node0:63:63 [0] NCCL INFO 19 : NET/0-5 GPU/0-f01000 NET/0-4
node0:63:63 [0] NCCL INFO 20 : NET/0-4 GPU/0-f01000 NET/0-4
node0:63:63 [0] NCCL INFO 21 : NET/0-5 GPU/0-f01000 NET/0-4
node0:63:63 [0] NCCL INFO 22 : NET/0-4 GPU/0-f01000 NET/0-4
node0:63:63 [0] NCCL INFO 23 : NET/0-5 GPU/0-f01000 NET/0-4
node0:63:63 [0] NCCL INFO 24 : NET/0-4 GPU/0-f01000 NET/0-4
node0:63:63 [0] NCCL INFO 25 : NET/0-5 GPU/0-f01000 NET/0-4
node0:63:63 [0] NCCL INFO 26 : NET/0-4 GPU/0-f01000 NET/0-4
node0:63:63 [0] NCCL INFO 27 : NET/0-5 GPU/0-f01000 NET/0-4
node0:63:63 [0] NCCL INFO 28 : NET/0-4 GPU/0-f01000 NET/0-4
node0:63:63 [0] NCCL INFO 29 : NET/0-5 GPU/0-f01000 NET/0-4
node0:63:63 [0] NCCL INFO 30 : NET/0-4 GPU/0-f01000 NET/0-4
node0:63:63 [0] NCCL INFO 31 : NET/0-5 GPU/0-f01000 NET/0-4
node0:63:63 [0] NCCL INFO Pattern 3, crossNic 0, nChannels 32, bw 0.240000/0.120000, type LOC/P2C, sameChannels 1
node0:63:63 [0] NCCL INFO  0 : NET/0-4 GPU/0-f01000 NET/0-4
node0:63:63 [0] NCCL INFO  1 : NET/0-5 GPU/0-f01000 NET/0-5
node0:63:63 [0] NCCL INFO  2 : NET/0-4 GPU/0-f01000 NET/0-4
node0:63:63 [0] NCCL INFO  3 : NET/0-5 GPU/0-f01000 NET/0-5
node0:63:63 [0] NCCL INFO  4 : NET/0-4 GPU/0-f01000 NET/0-4
node0:63:63 [0] NCCL INFO  5 : NET/0-5 GPU/0-f01000 NET/0-5
node0:63:63 [0] NCCL INFO  6 : NET/0-4 GPU/0-f01000 NET/0-4
node0:63:63 [0] NCCL INFO  7 : NET/0-5 GPU/0-f01000 NET/0-5
node0:63:63 [0] NCCL INFO  8 : NET/0-4 GPU/0-f01000 NET/0-4
node0:63:63 [0] NCCL INFO  9 : NET/0-5 GPU/0-f01000 NET/0-5
node0:63:63 [0] NCCL INFO 10 : NET/0-4 GPU/0-f01000 NET/0-4
node0:63:63 [0] NCCL INFO 11 : NET/0-5 GPU/0-f01000 NET/0-5
node0:63:63 [0] NCCL INFO 12 : NET/0-4 GPU/0-f01000 NET/0-4
node0:63:63 [0] NCCL INFO 13 : NET/0-5 GPU/0-f01000 NET/0-5
node0:63:63 [0] NCCL INFO 14 : NET/0-4 GPU/0-f01000 NET/0-4
node0:63:63 [0] NCCL INFO 15 : NET/0-5 GPU/0-f01000 NET/0-5
node0:63:63 [0] NCCL INFO 16 : NET/0-4 GPU/0-f01000 NET/0-4
node0:63:63 [0] NCCL INFO 17 : NET/0-5 GPU/0-f01000 NET/0-5
node0:63:63 [0] NCCL INFO 18 : NET/0-4 GPU/0-f01000 NET/0-4
node0:63:63 [0] NCCL INFO 19 : NET/0-5 GPU/0-f01000 NET/0-5
node0:63:63 [0] NCCL INFO 20 : NET/0-4 GPU/0-f01000 NET/0-4
node0:63:63 [0] NCCL INFO 21 : NET/0-5 GPU/0-f01000 NET/0-5
node0:63:63 [0] NCCL INFO 22 : NET/0-4 GPU/0-f01000 NET/0-4
node0:63:63 [0] NCCL INFO 23 : NET/0-5 GPU/0-f01000 NET/0-5
node0:63:63 [0] NCCL INFO 24 : NET/0-4 GPU/0-f01000 NET/0-4
node0:63:63 [0] NCCL INFO 25 : NET/0-5 GPU/0-f01000 NET/0-5
node0:63:63 [0] NCCL INFO 26 : NET/0-4 GPU/0-f01000 NET/0-4
node0:63:63 [0] NCCL INFO 27 : NET/0-5 GPU/0-f01000 NET/0-5
node0:63:63 [0] NCCL INFO 28 : NET/0-4 GPU/0-f01000 NET/0-4
node0:63:63 [0] NCCL INFO 29 : NET/0-5 GPU/0-f01000 NET/0-5
node0:63:63 [0] NCCL INFO 30 : NET/0-4 GPU/0-f01000 NET/0-4
node0:63:63 [0] NCCL INFO 31 : NET/0-5 GPU/0-f01000 NET/0-5
node0:63:63 [0] NCCL INFO Rank 0: 6 Net devices
node0:63:63 [0] NCCL INFO Rank 0: 0 CollNet devices
node0:63:63 [0] NCCL INFO Local Net device counts across ranks: min 6 max 6
node0:63:63 [0] NCCL INFO Local CollNet device counts across ranks: min 0 max 0
node0:63:63 [0] NCCL INFO comm 0xc075523d4f60 rank 0 nRanks 3 nNodes 3 localRanks 1 localRank 0 MNNVL 0
node0:63:63 [0] NCCL INFO Tree 0 : -1 -> 0 -> 2/-1/-1
node0:63:63 [0] NCCL INFO Tree 32 : 1 -> 0 -> 2/-1/-1
node0:63:63 [0] NCCL INFO Tree 1 : -1 -> 0 -> 2/-1/-1
node0:63:63 [0] NCCL INFO Tree 33 : 1 -> 0 -> 2/-1/-1
node0:63:63 [0] NCCL INFO Tree 2 : -1 -> 0 -> 2/-1/-1
node0:63:63 [0] NCCL INFO Tree 34 : 1 -> 0 -> 2/-1/-1
node0:63:63 [0] NCCL INFO Tree 3 : -1 -> 0 -> 2/-1/-1
node0:63:63 [0] NCCL INFO Tree 35 : 1 -> 0 -> 2/-1/-1
node0:63:63 [0] NCCL INFO Tree 4 : -1 -> 0 -> 2/-1/-1
node0:63:63 [0] NCCL INFO Tree 36 : 1 -> 0 -> 2/-1/-1
node0:63:63 [0] NCCL INFO Tree 5 : -1 -> 0 -> 2/-1/-1
node0:63:63 [0] NCCL INFO Tree 37 : 1 -> 0 -> 2/-1/-1
node0:63:63 [0] NCCL INFO Tree 6 : -1 -> 0 -> 2/-1/-1
node0:63:63 [0] NCCL INFO Tree 38 : 1 -> 0 -> 2/-1/-1
node0:63:63 [0] NCCL INFO Tree 7 : -1 -> 0 -> 2/-1/-1
node0:63:63 [0] NCCL INFO Tree 39 : 1 -> 0 -> 2/-1/-1
node0:63:63 [0] NCCL INFO Tree 8 : -1 -> 0 -> 2/-1/-1
node0:63:63 [0] NCCL INFO Tree 40 : 1 -> 0 -> 2/-1/-1
node0:63:63 [0] NCCL INFO Tree 9 : -1 -> 0 -> 2/-1/-1
node0:63:63 [0] NCCL INFO Tree 41 : 1 -> 0 -> 2/-1/-1
node0:63:63 [0] NCCL INFO Tree 10 : -1 -> 0 -> 2/-1/-1
node0:63:63 [0] NCCL INFO Tree 42 : 1 -> 0 -> 2/-1/-1
node0:63:63 [0] NCCL INFO Tree 11 : -1 -> 0 -> 2/-1/-1
node0:63:63 [0] NCCL INFO Tree 43 : 1 -> 0 -> 2/-1/-1
node0:63:63 [0] NCCL INFO Tree 12 : -1 -> 0 -> 2/-1/-1
node0:63:63 [0] NCCL INFO Tree 44 : 1 -> 0 -> 2/-1/-1
node0:63:63 [0] NCCL INFO Tree 13 : -1 -> 0 -> 2/-1/-1
node0:63:63 [0] NCCL INFO Tree 45 : 1 -> 0 -> 2/-1/-1
node0:63:63 [0] NCCL INFO Tree 14 : -1 -> 0 -> 2/-1/-1
node0:63:63 [0] NCCL INFO Tree 46 : 1 -> 0 -> 2/-1/-1
node0:63:63 [0] NCCL INFO Tree 15 : -1 -> 0 -> 2/-1/-1
node0:63:63 [0] NCCL INFO Tree 47 : 1 -> 0 -> 2/-1/-1
node0:63:63 [0] NCCL INFO Tree 16 : -1 -> 0 -> 2/-1/-1
node0:63:63 [0] NCCL INFO Tree 48 : 1 -> 0 -> 2/-1/-1
node0:63:63 [0] NCCL INFO Tree 17 : -1 -> 0 -> 2/-1/-1
node0:63:63 [0] NCCL INFO Tree 49 : 1 -> 0 -> 2/-1/-1
node0:63:63 [0] NCCL INFO Tree 18 : -1 -> 0 -> 2/-1/-1
node0:63:63 [0] NCCL INFO Tree 50 : 1 -> 0 -> 2/-1/-1
node0:63:63 [0] NCCL INFO Tree 19 : -1 -> 0 -> 2/-1/-1
node0:63:63 [0] NCCL INFO Tree 51 : 1 -> 0 -> 2/-1/-1
node0:63:63 [0] NCCL INFO Tree 20 : -1 -> 0 -> 2/-1/-1
node0:63:63 [0] NCCL INFO Tree 52 : 1 -> 0 -> 2/-1/-1
node0:63:63 [0] NCCL INFO Tree 21 : -1 -> 0 -> 2/-1/-1
node0:63:63 [0] NCCL INFO Tree 53 : 1 -> 0 -> 2/-1/-1
node0:63:63 [0] NCCL INFO Tree 22 : -1 -> 0 -> 2/-1/-1
node0:63:63 [0] NCCL INFO Tree 54 : 1 -> 0 -> 2/-1/-1
node0:63:63 [0] NCCL INFO Tree 23 : -1 -> 0 -> 2/-1/-1
node0:63:63 [0] NCCL INFO Tree 55 : 1 -> 0 -> 2/-1/-1
node0:63:63 [0] NCCL INFO Tree 24 : -1 -> 0 -> 2/-1/-1
node0:63:63 [0] NCCL INFO Tree 56 : 1 -> 0 -> 2/-1/-1
node0:63:63 [0] NCCL INFO Tree 25 : -1 -> 0 -> 2/-1/-1
node0:63:63 [0] NCCL INFO Tree 57 : 1 -> 0 -> 2/-1/-1
node0:63:63 [0] NCCL INFO Tree 26 : -1 -> 0 -> 2/-1/-1
node0:63:63 [0] NCCL INFO Tree 58 : 1 -> 0 -> 2/-1/-1
node0:63:63 [0] NCCL INFO Tree 27 : -1 -> 0 -> 2/-1/-1
node0:63:63 [0] NCCL INFO Tree 59 : 1 -> 0 -> 2/-1/-1
node0:63:63 [0] NCCL INFO Tree 28 : -1 -> 0 -> 2/-1/-1
node0:63:63 [0] NCCL INFO Tree 60 : 1 -> 0 -> 2/-1/-1
node0:63:63 [0] NCCL INFO Tree 29 : -1 -> 0 -> 2/-1/-1
node0:63:63 [0] NCCL INFO Tree 61 : 1 -> 0 -> 2/-1/-1
node0:63:63 [0] NCCL INFO Tree 30 : -1 -> 0 -> 2/-1/-1
node0:63:63 [0] NCCL INFO Tree 62 : 1 -> 0 -> 2/-1/-1
node0:63:63 [0] NCCL INFO Tree 31 : -1 -> 0 -> 2/-1/-1
node0:63:63 [0] NCCL INFO Tree 63 : 1 -> 0 -> 2/-1/-1
node0:63:63 [0] NCCL INFO Channel 00/64 : 0 1 2
node0:63:63 [0] NCCL INFO Channel 01/64 : 0 1 2
node0:63:63 [0] NCCL INFO Channel 02/64 : 0 1 2
node0:63:63 [0] NCCL INFO Channel 03/64 : 0 1 2
node0:63:63 [0] NCCL INFO Channel 04/64 : 0 1 2
node0:63:63 [0] NCCL INFO Channel 05/64 : 0 1 2
node0:63:63 [0] NCCL INFO Channel 06/64 : 0 1 2
node0:63:63 [0] NCCL INFO Channel 07/64 : 0 1 2
node0:63:63 [0] NCCL INFO Channel 08/64 : 0 1 2
node0:63:63 [0] NCCL INFO Channel 09/64 : 0 1 2
node0:63:63 [0] NCCL INFO Channel 10/64 : 0 1 2
node0:63:63 [0] NCCL INFO Channel 11/64 : 0 1 2
node0:63:63 [0] NCCL INFO Channel 12/64 : 0 1 2
node0:63:63 [0] NCCL INFO Channel 13/64 : 0 1 2
node0:63:63 [0] NCCL INFO Channel 14/64 : 0 1 2
node0:63:63 [0] NCCL INFO Channel 15/64 : 0 1 2
node0:63:63 [0] NCCL INFO Channel 16/64 : 0 1 2
node0:63:63 [0] NCCL INFO Channel 17/64 : 0 1 2
node0:63:63 [0] NCCL INFO Channel 18/64 : 0 1 2
node0:63:63 [0] NCCL INFO Channel 19/64 : 0 1 2
node0:63:63 [0] NCCL INFO Channel 20/64 : 0 1 2
node0:63:63 [0] NCCL INFO Channel 21/64 : 0 1 2
node0:63:63 [0] NCCL INFO Channel 22/64 : 0 1 2
node0:63:63 [0] NCCL INFO Channel 23/64 : 0 1 2
node0:63:63 [0] NCCL INFO Channel 24/64 : 0 1 2
node0:63:63 [0] NCCL INFO Channel 25/64 : 0 1 2
node0:63:63 [0] NCCL INFO Channel 26/64 : 0 1 2
node0:63:63 [0] NCCL INFO Channel 27/64 : 0 1 2
node0:63:63 [0] NCCL INFO Channel 28/64 : 0 1 2
node0:63:63 [0] NCCL INFO Channel 29/64 : 0 1 2
node0:63:63 [0] NCCL INFO Channel 30/64 : 0 1 2
node0:63:63 [0] NCCL INFO Channel 31/64 : 0 1 2
node0:63:63 [0] NCCL INFO Channel 32/64 : 0 1 2
node0:63:63 [0] NCCL INFO Channel 33/64 : 0 1 2
node0:63:63 [0] NCCL INFO Channel 34/64 : 0 1 2
node0:63:63 [0] NCCL INFO Channel 35/64 : 0 1 2
node0:63:63 [0] NCCL INFO Channel 36/64 : 0 1 2
node0:63:63 [0] NCCL INFO Channel 37/64 : 0 1 2
node0:63:63 [0] NCCL INFO Channel 38/64 : 0 1 2
node0:63:63 [0] NCCL INFO Channel 39/64 : 0 1 2
node0:63:63 [0] NCCL INFO Channel 40/64 : 0 1 2
node0:63:63 [0] NCCL INFO Channel 41/64 : 0 1 2
node0:63:63 [0] NCCL INFO Channel 42/64 : 0 1 2
node0:63:63 [0] NCCL INFO Channel 43/64 : 0 1 2
node0:63:63 [0] NCCL INFO Channel 44/64 : 0 1 2
node0:63:63 [0] NCCL INFO Channel 45/64 : 0 1 2
node0:63:63 [0] NCCL INFO Channel 46/64 : 0 1 2
node0:63:63 [0] NCCL INFO Channel 47/64 : 0 1 2
node0:63:63 [0] NCCL INFO Channel 48/64 : 0 1 2
node0:63:63 [0] NCCL INFO Channel 49/64 : 0 1 2
node0:63:63 [0] NCCL INFO Channel 50/64 : 0 1 2
node0:63:63 [0] NCCL INFO Channel 51/64 : 0 1 2
node0:63:63 [0] NCCL INFO Channel 52/64 : 0 1 2
node0:63:63 [0] NCCL INFO Channel 53/64 : 0 1 2
node0:63:63 [0] NCCL INFO Channel 54/64 : 0 1 2
node0:63:63 [0] NCCL INFO Channel 55/64 : 0 1 2
node0:63:63 [0] NCCL INFO Channel 56/64 : 0 1 2
node0:63:63 [0] NCCL INFO Channel 57/64 : 0 1 2
node0:63:63 [0] NCCL INFO Channel 58/64 : 0 1 2
node0:63:63 [0] NCCL INFO Channel 59/64 : 0 1 2
node0:63:63 [0] NCCL INFO Channel 60/64 : 0 1 2
node0:63:63 [0] NCCL INFO Channel 61/64 : 0 1 2
node0:63:63 [0] NCCL INFO Channel 62/64 : 0 1 2
node0:63:63 [0] NCCL INFO Channel 63/64 : 0 1 2
node0:63:63 [0] NCCL INFO Ring 00 : 2 -> 0 -> 1
node0:63:63 [0] NCCL INFO Ring 01 : 2 -> 0 -> 1
node0:63:63 [0] NCCL INFO Ring 02 : 2 -> 0 -> 1
node0:63:63 [0] NCCL INFO Ring 03 : 2 -> 0 -> 1
node0:63:63 [0] NCCL INFO Ring 04 : 2 -> 0 -> 1
node0:63:63 [0] NCCL INFO Ring 05 : 2 -> 0 -> 1
node0:63:63 [0] NCCL INFO Ring 06 : 2 -> 0 -> 1
node0:63:63 [0] NCCL INFO Ring 07 : 2 -> 0 -> 1
node0:63:63 [0] NCCL INFO Ring 08 : 2 -> 0 -> 1
node0:63:63 [0] NCCL INFO Ring 09 : 2 -> 0 -> 1
node0:63:63 [0] NCCL INFO Ring 10 : 2 -> 0 -> 1
node0:63:63 [0] NCCL INFO Ring 11 : 2 -> 0 -> 1
node0:63:63 [0] NCCL INFO Ring 12 : 2 -> 0 -> 1
node0:63:63 [0] NCCL INFO Ring 13 : 2 -> 0 -> 1
node0:63:63 [0] NCCL INFO Ring 14 : 2 -> 0 -> 1
node0:63:63 [0] NCCL INFO Ring 15 : 2 -> 0 -> 1
node0:63:63 [0] NCCL INFO Ring 16 : 2 -> 0 -> 1
node0:63:63 [0] NCCL INFO Ring 17 : 2 -> 0 -> 1
node0:63:63 [0] NCCL INFO Ring 18 : 2 -> 0 -> 1
node0:63:63 [0] NCCL INFO Ring 19 : 2 -> 0 -> 1
node0:63:63 [0] NCCL INFO Ring 20 : 2 -> 0 -> 1
node0:63:63 [0] NCCL INFO Ring 21 : 2 -> 0 -> 1
node0:63:63 [0] NCCL INFO Ring 22 : 2 -> 0 -> 1
node0:63:63 [0] NCCL INFO Ring 23 : 2 -> 0 -> 1
node0:63:63 [0] NCCL INFO Ring 24 : 2 -> 0 -> 1
node0:63:63 [0] NCCL INFO Ring 25 : 2 -> 0 -> 1
node0:63:63 [0] NCCL INFO Ring 26 : 2 -> 0 -> 1
node0:63:63 [0] NCCL INFO Ring 27 : 2 -> 0 -> 1
node0:63:63 [0] NCCL INFO Ring 28 : 2 -> 0 -> 1
node0:63:63 [0] NCCL INFO Ring 29 : 2 -> 0 -> 1
node0:63:63 [0] NCCL INFO Ring 30 : 2 -> 0 -> 1
node0:63:63 [0] NCCL INFO Ring 31 : 2 -> 0 -> 1
node0:63:63 [0] NCCL INFO Ring 32 : 2 -> 0 -> 1
node0:63:63 [0] NCCL INFO Ring 33 : 2 -> 0 -> 1
node0:63:63 [0] NCCL INFO Ring 34 : 2 -> 0 -> 1
node0:63:63 [0] NCCL INFO Ring 35 : 2 -> 0 -> 1
node0:63:63 [0] NCCL INFO Ring 36 : 2 -> 0 -> 1
node0:63:63 [0] NCCL INFO Ring 37 : 2 -> 0 -> 1
node0:63:63 [0] NCCL INFO Ring 38 : 2 -> 0 -> 1
node0:63:63 [0] NCCL INFO Ring 39 : 2 -> 0 -> 1
node0:63:63 [0] NCCL INFO Ring 40 : 2 -> 0 -> 1
node0:63:63 [0] NCCL INFO Ring 41 : 2 -> 0 -> 1
node0:63:63 [0] NCCL INFO Ring 42 : 2 -> 0 -> 1
node0:63:63 [0] NCCL INFO Ring 43 : 2 -> 0 -> 1
node0:63:63 [0] NCCL INFO Ring 44 : 2 -> 0 -> 1
node0:63:63 [0] NCCL INFO Ring 45 : 2 -> 0 -> 1
node0:63:63 [0] NCCL INFO Ring 46 : 2 -> 0 -> 1
node0:63:63 [0] NCCL INFO Ring 47 : 2 -> 0 -> 1
node0:63:63 [0] NCCL INFO Ring 48 : 2 -> 0 -> 1
node0:63:63 [0] NCCL INFO Ring 49 : 2 -> 0 -> 1
node0:63:63 [0] NCCL INFO Ring 50 : 2 -> 0 -> 1
node0:63:63 [0] NCCL INFO Ring 51 : 2 -> 0 -> 1
node0:63:63 [0] NCCL INFO Ring 52 : 2 -> 0 -> 1
node0:63:63 [0] NCCL INFO Ring 53 : 2 -> 0 -> 1
node0:63:63 [0] NCCL INFO Ring 54 : 2 -> 0 -> 1
node0:63:63 [0] NCCL INFO Ring 55 : 2 -> 0 -> 1
node0:63:63 [0] NCCL INFO Ring 56 : 2 -> 0 -> 1
node0:63:63 [0] NCCL INFO Ring 57 : 2 -> 0 -> 1
node0:63:63 [0] NCCL INFO Ring 58 : 2 -> 0 -> 1
node0:63:63 [0] NCCL INFO Ring 59 : 2 -> 0 -> 1
node0:63:63 [0] NCCL INFO Ring 60 : 2 -> 0 -> 1
node0:63:63 [0] NCCL INFO Ring 61 : 2 -> 0 -> 1
node0:63:63 [0] NCCL INFO Ring 62 : 2 -> 0 -> 1
node0:63:63 [0] NCCL INFO Ring 63 : 2 -> 0 -> 1
node0:63:63 [0] NCCL INFO Trees [0] 2/-1/-1->0->-1 [1] 2/-1/-1->0->-1 [2] 2/-1/-1->0->-1 [3] 2/-1/-1->0->-1 [4] 2/-1/-1->0->-1 [5] 2/-1/-1->0->-1 [6] 2/-1/-1->0->-1 [7] 2/-1/-1->0->-1 [8] 2/-1/-1->0->-1 [9] 2/-1/-1->0->-1 [10] 2/-1/-1->0->-1 [11] 2/-1/-1->0->-1 [12] 2/-1/-1->0->-1 [13] 2/-1/-1->0->-1 [14] 2/-1/-1->0->-1 [15] 2/-1/-1->0->-1 [16] 2/-1/-1->0->-1 [17] 2/-1/-1->0->-1 [18] 2/-1/-1->0->-1 [19] 2/-1/-1->0->-1 [20] 2/-1/-1->0->-1 [21] 2/-1/-1->0->-1 [22] 2/-1/-1->0->-1 [23] 2/-1/-1->0->-1 [24] 2/-1/-1->0->-1 [25] 2/-1/-1->0->-1 [26] 2/-1/-1->0->-1 [27] 2/-1/-1->0->-1 [28] 2/-1/-1->0->-1 [29] 2/-1/-1->0->-1 [30] 2/-1/-1->0->-1 [31] 2/-1/-1->0->-1 [32] 2/-1/-1->0->1 [33] 2/-1/-1->0->1 [34] 2/-1/-1->0->1 [35] 2/-1/-1->0->1 [36] 2/-1/-1->0->1 [37] 2/-1/-1->0->1 [38] 2/-1/-1->0->1 [39] 2/-1/-1->0->1 [40] 2/-1/-1->0->1 [41] 2/-1/-1->0->1 [42] 2/-1/-1->0->1 [43] 2/-1/-1->0->1 [44] 2/-1/-1->0->1 [45] 2/-1/-1->0->1 [46] 2/-1/-1->0->1 [47] 2/-1/-1->0->1 [48] 2/-1/-1->0->1 [49] 2/-1/-1->0->1 [50] 2/-1/-1->0->1 [51] 2/-1/-1->0->1 [52] 2/-1/-
node0:63:63 [0] NCCL INFO P2P Chunksize set to 262144
node0:63:63 [0] NCCL INFO Tuning P2P operations with maxP2pPeers = 3
node0:63:63 [0] NCCL INFO ncclOsDlopen(libnccl-profiler.so) failed: libnccl-profiler.so: cannot open shared object file: No such file or directory
node0:63:63 [0] NCCL INFO PROFILER/Plugin: Could not find: libnccl-profiler.so
node0:63:63 [0] NCCL INFO Check P2P Type isAllDirectP2p 1 directMode 0 isAllCudaP2p 1
node0:63:63 [0] NCCL INFO ncclP2pSchedule: group size used is 1
node0:63:74 [0] NCCL INFO [Proxy Service] Device 0 CPU core 12
node0:63:74 [0] NCCL INFO proxy listening socket at 192.168.10.1<50147>
node0:63:75 [0] NCCL INFO [Proxy Service UDS] Device 0 CPU core 0
node0:63:63 [0] NCCL INFO ncclOsDlopen(libnccl-tuner.so) failed: libnccl-tuner.so: cannot open shared object file: No such file or directory
node0:63:63 [0] NCCL INFO TUNER/Plugin: Could not find: libnccl-tuner.so
node0:63:63 [0] NCCL INFO   Algorithm   |                            Tree                  |                            Ring                  |                   CollNetDirect                  |
node0:63:63 [0] NCCL INFO   Protocol    |             LL |          LL128 |         Simple |             LL |          LL128 |         Simple |             LL |          LL128 |         Simple |
node0:63:63 [0] NCCL INFO  Max NThreads |            512 |            640 |            512 |            512 |            640 |            256 |              0 |              0 |            640 |
node0:63:63 [0] NCCL INFO     Broadcast |     0.0/   0.0 |     0.0/   0.0 |     0.0/   0.0 |     9.3/   3.8 |    18.0/   7.1 |    22.4/   7.7 |     0.0/   0.0 |     0.0/   0.0 |     0.0/   0.0 |
node0:63:63 [0] NCCL INFO        Reduce |     0.0/   0.0 |     0.0/   0.0 |     0.0/   0.0 |     9.3/   3.8 |    18.0/   7.1 |    22.4/   7.7 |     0.0/   0.0 |     0.0/   0.0 |     0.0/   0.0 |
node0:63:63 [0] NCCL INFO     AllGather |     0.0/   0.0 |     0.0/   0.0 |     0.0/   0.0 |    16.6/   5.8 |    31.0/  10.6 |    36.4/  11.5 |     5.0/   0.0 |     8.5/   0.0 |    14.0/   0.0 |
node0:63:63 [0] NCCL INFO ReduceScatter |     0.0/   0.0 |     0.0/   0.0 |     0.0/   0.0 |    16.6/   5.8 |    31.0/  10.6 |    36.4/  11.5 |     5.0/   0.0 |     8.5/   0.0 |    14.0/   0.0 |
node0:63:63 [0] NCCL INFO     AllReduce |    16.8/   0.4 |    31.0/   1.4 |    36.4/   1.5 |    26.6/   2.9 |    48.0/   5.3 |    64.4/   5.8 |     5.0/   0.0 |     8.5/   0.0 |    14.0/   0.0 |
node0:63:63 [0] NCCL INFO   Algorithm   |                    CollNetChain                  |                            NVLS                  |                        NVLSTree                  |
node0:63:63 [0] NCCL INFO   Protocol    |             LL |          LL128 |         Simple |             LL |          LL128 |         Simple |             LL |          LL128 |         Simple |
node0:63:63 [0] NCCL INFO  Max NThreads |              0 |              0 |            640 |              0 |              0 |            640 |              0 |              0 |            640 |
node0:63:63 [0] NCCL INFO     Broadcast |     0.0/   0.0 |     0.0/   0.0 |     0.0/   0.0 |     0.0/   0.0 |     0.0/   0.0 |     0.0/   0.0 |     0.0/   0.0 |     0.0/   0.0 |     0.0/   0.0 |
node0:63:63 [0] NCCL INFO        Reduce |     0.0/   0.0 |     0.0/   0.0 |     0.0/   0.0 |     0.0/   0.0 |     0.0/   0.0 |     0.0/   0.0 |     0.0/   0.0 |     0.0/   0.0 |     0.0/   0.0 |
node0:63:63 [0] NCCL INFO     AllGather |     0.0/   0.0 |     0.0/   0.0 |     0.0/   0.0 |     0.0/   0.0 |     0.0/   0.0 |     0.0/   0.0 |     0.0/   0.0 |     0.0/   0.0 |     0.0/   0.0 |
node0:63:63 [0] NCCL INFO ReduceScatter |     0.0/   0.0 |     0.0/   0.0 |     0.0/   0.0 |     0.0/   0.0 |     0.0/   0.0 |     0.0/   0.0 |     0.0/   0.0 |     0.0/   0.0 |     0.0/   0.0 |
node0:63:63 [0] NCCL INFO     AllReduce |     5.0/   0.0 |     8.5/   0.0 |    14.0/   0.0 |     0.0/   0.0 |     0.0/   0.0 |     0.0/   0.0 |     0.0/   0.0 |     0.0/   0.0 |     0.0/   0.0 |
node0:63:63 [0] NCCL INFO   Algorithm   |                             PAT                  |
node0:63:63 [0] NCCL INFO   Protocol    |             LL |          LL128 |         Simple |             LL |          LL128 |         Simple |             LL |          LL128 |         Simple |
node0:63:63 [0] NCCL INFO  Max NThreads |              0 |              0 |              0 |
node0:63:63 [0] NCCL INFO     Broadcast |     0.0/   0.0 |     0.0/   0.0 |     0.0/   0.0 |
node0:63:63 [0] NCCL INFO        Reduce |     0.0/   0.0 |     0.0/   0.0 |     0.0/   0.0 |
node0:63:63 [0] NCCL INFO     AllGather |     0.0/   0.0 |     0.0/   0.0 |    20.4/   2.9 |
node0:63:63 [0] NCCL INFO ReduceScatter |     0.0/   0.0 |     0.0/   0.0 |    20.4/   2.9 |
node0:63:63 [0] NCCL INFO     AllReduce |     0.0/   0.0 |     0.0/   0.0 |     0.0/   0.0 |
node0:63:63 [0] NCCL INFO threadThresholds 8/8/64 | 24/8/64 | 512 | 512
node0:63:63 [0] NCCL INFO 64 coll channels, 64 collnet channels, 0 nvls channels, 64 p2p channels, 2 p2p channels per peer
node0:63:63 [0] NCCL INFO Symmetric memory is not supported. cuMemEnable 1, globalGinSupport 0, cuMemGdrSupport 0
node0:63:63 [0] NCCL INFO CC Off, workFifoBytes 1048576
node0:63:63 [0] NCCL INFO ncclCommInitRankConfig comm 0xc075523d4f60 rank 0 nranks 3 cudaDev 0 nvmlDev 0 busId f01000 commId 0x4d91a015820f6905 - Init COMPLETE
node0:63:63 [0] NCCL INFO Init timings - ncclCommInitRankConfig: rank 0 nranks 3 total 0.32 (kernels 0.18, alloc 0.06, bootstrap 0.02, allgathers 0.02, topo 0.01, graphs 0.00, connections 0.03, rest 0.00)
node0:63:63 [0] NCCL INFO Symmetric VA size=124GB
node0:63:76 [0] NCCL INFO [Proxy Progress] Device 0 CPU core 13
node0:63:74 [0] NCCL INFO NCCL_IB_SUBNET_AWARE_ROUTING set by environment to 1.
node0:63:63 [0] NCCL INFO Channel 00/0 : 2[0] -> 0[0] [receive] via NET/IB/4
node0:63:63 [0] NCCL INFO Channel 01/0 : 2[0] -> 0[0] [receive] via NET/IB/5
node0:63:63 [0] NCCL INFO Channel 02/0 : 2[0] -> 0[0] [receive] via NET/IB/4
node0:63:63 [0] NCCL INFO Channel 03/0 : 2[0] -> 0[0] [receive] via NET/IB/5
node0:63:63 [0] NCCL INFO Channel 04/0 : 2[0] -> 0[0] [receive] via NET/IB/4
node0:63:63 [0] NCCL INFO Channel 05/0 : 2[0] -> 0[0] [receive] via NET/IB/5
node0:63:63 [0] NCCL INFO Channel 06/0 : 2[0] -> 0[0] [receive] via NET/IB/4
node0:63:63 [0] NCCL INFO Channel 07/0 : 2[0] -> 0[0] [receive] via NET/IB/5
node0:63:63 [0] NCCL INFO Channel 08/0 : 2[0] -> 0[0] [receive] via NET/IB/4
node0:63:63 [0] NCCL INFO Channel 09/0 : 2[0] -> 0[0] [receive] via NET/IB/5
node0:63:63 [0] NCCL INFO Channel 10/0 : 2[0] -> 0[0] [receive] via NET/IB/4
node0:63:63 [0] NCCL INFO Channel 11/0 : 2[0] -> 0[0] [receive] via NET/IB/5
node0:63:63 [0] NCCL INFO Channel 12/0 : 2[0] -> 0[0] [receive] via NET/IB/4
node0:63:63 [0] NCCL INFO Channel 13/0 : 2[0] -> 0[0] [receive] via NET/IB/5
node0:63:63 [0] NCCL INFO Channel 14/0 : 2[0] -> 0[0] [receive] via NET/IB/4
node0:63:63 [0] NCCL INFO Channel 15/0 : 2[0] -> 0[0] [receive] via NET/IB/5
node0:63:63 [0] NCCL INFO Channel 16/0 : 2[0] -> 0[0] [receive] via NET/IB/4
node0:63:63 [0] NCCL INFO Channel 17/0 : 2[0] -> 0[0] [receive] via NET/IB/5
node0:63:63 [0] NCCL INFO Channel 18/0 : 2[0] -> 0[0] [receive] via NET/IB/4
node0:63:63 [0] NCCL INFO Channel 19/0 : 2[0] -> 0[0] [receive] via NET/IB/5
node0:63:63 [0] NCCL INFO Channel 20/0 : 2[0] -> 0[0] [receive] via NET/IB/4
node0:63:63 [0] NCCL INFO Channel 21/0 : 2[0] -> 0[0] [receive] via NET/IB/5
node0:63:63 [0] NCCL INFO Channel 22/0 : 2[0] -> 0[0] [receive] via NET/IB/4
node0:63:63 [0] NCCL INFO Channel 23/0 : 2[0] -> 0[0] [receive] via NET/IB/5
node0:63:63 [0] NCCL INFO Channel 24/0 : 2[0] -> 0[0] [receive] via NET/IB/4
node0:63:63 [0] NCCL INFO Channel 25/0 : 2[0] -> 0[0] [receive] via NET/IB/5
node0:63:63 [0] NCCL INFO Channel 26/0 : 2[0] -> 0[0] [receive] via NET/IB/4
node0:63:63 [0] NCCL INFO Channel 27/0 : 2[0] -> 0[0] [receive] via NET/IB/5
node0:63:63 [0] NCCL INFO Channel 28/0 : 2[0] -> 0[0] [receive] via NET/IB/4
node0:63:63 [0] NCCL INFO Channel 29/0 : 2[0] -> 0[0] [receive] via NET/IB/5
node0:63:63 [0] NCCL INFO Channel 30/0 : 2[0] -> 0[0] [receive] via NET/IB/4
node0:63:63 [0] NCCL INFO Channel 31/0 : 2[0] -> 0[0] [receive] via NET/IB/5
node0:63:63 [0] NCCL INFO Channel 32/0 : 2[0] -> 0[0] [receive] via NET/IB/4
node0:63:63 [0] NCCL INFO Channel 33/0 : 2[0] -> 0[0] [receive] via NET/IB/5
node0:63:63 [0] NCCL INFO Channel 34/0 : 2[0] -> 0[0] [receive] via NET/IB/4
node0:63:63 [0] NCCL INFO Channel 35/0 : 2[0] -> 0[0] [receive] via NET/IB/5
node0:63:63 [0] NCCL INFO Channel 36/0 : 2[0] -> 0[0] [receive] via NET/IB/4
node0:63:63 [0] NCCL INFO Channel 37/0 : 2[0] -> 0[0] [receive] via NET/IB/5
node0:63:63 [0] NCCL INFO Channel 38/0 : 2[0] -> 0[0] [receive] via NET/IB/4
node0:63:63 [0] NCCL INFO Channel 39/0 : 2[0] -> 0[0] [receive] via NET/IB/5
node0:63:63 [0] NCCL INFO Channel 40/0 : 2[0] -> 0[0] [receive] via NET/IB/4
node0:63:63 [0] NCCL INFO Channel 41/0 : 2[0] -> 0[0] [receive] via NET/IB/5
node0:63:63 [0] NCCL INFO Channel 42/0 : 2[0] -> 0[0] [receive] via NET/IB/4
node0:63:63 [0] NCCL INFO Channel 43/0 : 2[0] -> 0[0] [receive] via NET/IB/5
node0:63:63 [0] NCCL INFO Channel 44/0 : 2[0] -> 0[0] [receive] via NET/IB/4
node0:63:63 [0] NCCL INFO Channel 45/0 : 2[0] -> 0[0] [receive] via NET/IB/5
node0:63:63 [0] NCCL INFO Channel 46/0 : 2[0] -> 0[0] [receive] via NET/IB/4
node0:63:63 [0] NCCL INFO Channel 47/0 : 2[0] -> 0[0] [receive] via NET/IB/5
node0:63:63 [0] NCCL INFO Channel 48/0 : 2[0] -> 0[0] [receive] via NET/IB/4
node0:63:63 [0] NCCL INFO Channel 49/0 : 2[0] -> 0[0] [receive] via NET/IB/5
node0:63:63 [0] NCCL INFO Channel 50/0 : 2[0] -> 0[0] [receive] via NET/IB/4
node0:63:63 [0] NCCL INFO Channel 51/0 : 2[0] -> 0[0] [receive] via NET/IB/5
node0:63:63 [0] NCCL INFO Channel 52/0 : 2[0] -> 0[0] [receive] via NET/IB/4
node0:63:63 [0] NCCL INFO Channel 53/0 : 2[0] -> 0[0] [receive] via NET/IB/5
node0:63:63 [0] NCCL INFO Channel 54/0 : 2[0] -> 0[0] [receive] via NET/IB/4
node0:63:63 [0] NCCL INFO Channel 55/0 : 2[0] -> 0[0] [receive] via NET/IB/5
node0:63:63 [0] NCCL INFO Channel 56/0 : 2[0] -> 0[0] [receive] via NET/IB/4
node0:63:63 [0] NCCL INFO Channel 57/0 : 2[0] -> 0[0] [receive] via NET/IB/5
node0:63:63 [0] NCCL INFO Channel 58/0 : 2[0] -> 0[0] [receive] via NET/IB/4
node0:63:63 [0] NCCL INFO Channel 59/0 : 2[0] -> 0[0] [receive] via NET/IB/5
node0:63:63 [0] NCCL INFO Channel 60/0 : 2[0] -> 0[0] [receive] via NET/IB/4
node0:63:63 [0] NCCL INFO Channel 61/0 : 2[0] -> 0[0] [receive] via NET/IB/5
node0:63:63 [0] NCCL INFO Channel 62/0 : 2[0] -> 0[0] [receive] via NET/IB/4
node0:63:63 [0] NCCL INFO Channel 63/0 : 2[0] -> 0[0] [receive] via NET/IB/5
node0:63:63 [0] NCCL INFO Channel 00/0 : 0[0] -> 1[0] [send] via NET/IB/4
node0:63:63 [0] NCCL INFO Channel 01/0 : 0[0] -> 1[0] [send] via NET/IB/5
node0:63:63 [0] NCCL INFO Channel 02/0 : 0[0] -> 1[0] [send] via NET/IB/4
node0:63:63 [0] NCCL INFO Channel 03/0 : 0[0] -> 1[0] [send] via NET/IB/5
node0:63:63 [0] NCCL INFO Channel 04/0 : 0[0] -> 1[0] [send] via NET/IB/4
node0:63:63 [0] NCCL INFO Channel 05/0 : 0[0] -> 1[0] [send] via NET/IB/5
node0:63:63 [0] NCCL INFO Channel 06/0 : 0[0] -> 1[0] [send] via NET/IB/4
node0:63:63 [0] NCCL INFO Channel 07/0 : 0[0] -> 1[0] [send] via NET/IB/5
node0:63:63 [0] NCCL INFO Channel 08/0 : 0[0] -> 1[0] [send] via NET/IB/4
node0:63:63 [0] NCCL INFO Channel 09/0 : 0[0] -> 1[0] [send] via NET/IB/5
node0:63:63 [0] NCCL INFO Channel 10/0 : 0[0] -> 1[0] [send] via NET/IB/4
node0:63:63 [0] NCCL INFO Channel 11/0 : 0[0] -> 1[0] [send] via NET/IB/5
node0:63:63 [0] NCCL INFO Channel 12/0 : 0[0] -> 1[0] [send] via NET/IB/4
node0:63:63 [0] NCCL INFO Channel 13/0 : 0[0] -> 1[0] [send] via NET/IB/5
node0:63:63 [0] NCCL INFO Channel 14/0 : 0[0] -> 1[0] [send] via NET/IB/4
node0:63:63 [0] NCCL INFO Channel 15/0 : 0[0] -> 1[0] [send] via NET/IB/5
node0:63:63 [0] NCCL INFO Channel 16/0 : 0[0] -> 1[0] [send] via NET/IB/4
node0:63:63 [0] NCCL INFO Channel 17/0 : 0[0] -> 1[0] [send] via NET/IB/5
node0:63:63 [0] NCCL INFO Channel 18/0 : 0[0] -> 1[0] [send] via NET/IB/4
node0:63:63 [0] NCCL INFO Channel 19/0 : 0[0] -> 1[0] [send] via NET/IB/5
node0:63:63 [0] NCCL INFO Channel 20/0 : 0[0] -> 1[0] [send] via NET/IB/4
node0:63:63 [0] NCCL INFO Channel 21/0 : 0[0] -> 1[0] [send] via NET/IB/5
node0:63:63 [0] NCCL INFO Channel 22/0 : 0[0] -> 1[0] [send] via NET/IB/4
node0:63:63 [0] NCCL INFO Channel 23/0 : 0[0] -> 1[0] [send] via NET/IB/5
node0:63:63 [0] NCCL INFO Channel 24/0 : 0[0] -> 1[0] [send] via NET/IB/4
node0:63:63 [0] NCCL INFO Channel 25/0 : 0[0] -> 1[0] [send] via NET/IB/5
node0:63:63 [0] NCCL INFO Channel 26/0 : 0[0] -> 1[0] [send] via NET/IB/4
node0:63:63 [0] NCCL INFO Channel 27/0 : 0[0] -> 1[0] [send] via NET/IB/5
node0:63:63 [0] NCCL INFO Channel 28/0 : 0[0] -> 1[0] [send] via NET/IB/4
node0:63:63 [0] NCCL INFO Channel 29/0 : 0[0] -> 1[0] [send] via NET/IB/5
node0:63:63 [0] NCCL INFO Channel 30/0 : 0[0] -> 1[0] [send] via NET/IB/4
node0:63:63 [0] NCCL INFO Channel 31/0 : 0[0] -> 1[0] [send] via NET/IB/5
node0:63:63 [0] NCCL INFO Channel 32/0 : 0[0] -> 1[0] [send] via NET/IB/4
node0:63:63 [0] NCCL INFO Channel 33/0 : 0[0] -> 1[0] [send] via NET/IB/5
node0:63:63 [0] NCCL INFO Channel 34/0 : 0[0] -> 1[0] [send] via NET/IB/4
node0:63:63 [0] NCCL INFO Channel 35/0 : 0[0] -> 1[0] [send] via NET/IB/5
node0:63:63 [0] NCCL INFO Channel 36/0 : 0[0] -> 1[0] [send] via NET/IB/4
node0:63:63 [0] NCCL INFO Channel 37/0 : 0[0] -> 1[0] [send] via NET/IB/5
node0:63:63 [0] NCCL INFO Channel 38/0 : 0[0] -> 1[0] [send] via NET/IB/4
node0:63:63 [0] NCCL INFO Channel 39/0 : 0[0] -> 1[0] [send] via NET/IB/5
node0:63:63 [0] NCCL INFO Channel 40/0 : 0[0] -> 1[0] [send] via NET/IB/4
node0:63:63 [0] NCCL INFO Channel 41/0 : 0[0] -> 1[0] [send] via NET/IB/5
node0:63:63 [0] NCCL INFO Channel 42/0 : 0[0] -> 1[0] [send] via NET/IB/4
node0:63:63 [0] NCCL INFO Channel 43/0 : 0[0] -> 1[0] [send] via NET/IB/5
node0:63:63 [0] NCCL INFO Channel 44/0 : 0[0] -> 1[0] [send] via NET/IB/4
node0:63:63 [0] NCCL INFO Channel 45/0 : 0[0] -> 1[0] [send] via NET/IB/5
node0:63:63 [0] NCCL INFO Channel 46/0 : 0[0] -> 1[0] [send] via NET/IB/4
node0:63:63 [0] NCCL INFO Channel 47/0 : 0[0] -> 1[0] [send] via NET/IB/5
node0:63:63 [0] NCCL INFO Channel 48/0 : 0[0] -> 1[0] [send] via NET/IB/4
node0:63:63 [0] NCCL INFO Channel 49/0 : 0[0] -> 1[0] [send] via NET/IB/5
node0:63:63 [0] NCCL INFO Channel 50/0 : 0[0] -> 1[0] [send] via NET/IB/4
node0:63:63 [0] NCCL INFO Channel 51/0 : 0[0] -> 1[0] [send] via NET/IB/5
node0:63:63 [0] NCCL INFO Channel 52/0 : 0[0] -> 1[0] [send] via NET/IB/4
node0:63:63 [0] NCCL INFO Channel 53/0 : 0[0] -> 1[0] [send] via NET/IB/5
node0:63:63 [0] NCCL INFO Channel 54/0 : 0[0] -> 1[0] [send] via NET/IB/4
node0:63:63 [0] NCCL INFO Channel 55/0 : 0[0] -> 1[0] [send] via NET/IB/5
node0:63:63 [0] NCCL INFO Channel 56/0 : 0[0] -> 1[0] [send] via NET/IB/4
node0:63:63 [0] NCCL INFO Channel 57/0 : 0[0] -> 1[0] [send] via NET/IB/5
node0:63:63 [0] NCCL INFO Channel 58/0 : 0[0] -> 1[0] [send] via NET/IB/4
node0:63:63 [0] NCCL INFO Channel 59/0 : 0[0] -> 1[0] [send] via NET/IB/5
node0:63:63 [0] NCCL INFO Channel 60/0 : 0[0] -> 1[0] [send] via NET/IB/4
node0:63:63 [0] NCCL INFO Channel 61/0 : 0[0] -> 1[0] [send] via NET/IB/5
node0:63:63 [0] NCCL INFO Channel 62/0 : 0[0] -> 1[0] [send] via NET/IB/4
node0:63:63 [0] NCCL INFO Channel 63/0 : 0[0] -> 1[0] [send] via NET/IB/5
node0:63:74 [0] NCCL INFO NET/IB: Subnet-aware routing: overriding dev 4 with dev 0
node0:63:74 [0] NCCL INFO NET/IB: ncclIbResiliencyInit: Resiliency is disabled on the send communicator (comm=0xf8c37403d000)
node0:63:74 [0] NCCL INFO NET/IB: Subnet-aware routing: overriding dev 4 with dev 0
node0:63:74 [0] NCCL INFO NET/IB: ncclIbResiliencyInit: Resiliency is disabled on the recv communicator (comm=0xf8c37407e000)
node0:63:74 [0] NCCL INFO NET/IB: ncclIbRecvCommInit: Receive work requests will be posted on-demand
node0:63:74 [0] NCCL INFO NET/IB: Subnet-aware routing: overriding dev 4 with dev 0
node0:63:74 [0] NCCL INFO NET/IB: Subnet-aware routing: overriding dev 5 with dev 2
node0:63:74 [0] NCCL INFO NET/IB: ncclIbResiliencyInit: Resiliency is disabled on the send communicator (comm=0xf8c3740c6000)
node0:63:74 [0] NCCL INFO NET/IB: Subnet-aware routing: overriding dev 4 with dev 0
node0:63:74 [0] NCCL INFO NET/IB: Subnet-aware routing: overriding dev 5 with dev 2
node0:63:74 [0] NCCL INFO NET/IB: ncclIbResiliencyInit: Resiliency is disabled on the recv communicator (comm=0xf8c37410a000)
node0:63:74 [0] NCCL INFO NET/IB: ncclIbRecvCommInit: Receive work requests will be posted on-demand
node0:63:74 [0] NCCL INFO NET/IB: Subnet-aware routing: overriding dev 4 with dev 0
node0:63:74 [0] NCCL INFO NET/IB: Subnet-aware routing: overriding dev 5 with dev 2
node0:63:74 [0] NCCL INFO NET/IB: Subnet-aware routing: overriding dev 4 with dev 0
node0:63:74 [0] NCCL INFO NET/IB: ncclIbResiliencyInit: Resiliency is disabled on the send communicator (comm=0xf8c374155000)
node0:63:74 [0] NCCL INFO NET/IB: Subnet-aware routing: overriding dev 4 with dev 0
node0:63:74 [0] NCCL INFO NET/IB: Subnet-aware routing: overriding dev 4 with dev 1
node0:63:74 [0] NCCL INFO NET/IB: ncclIbReceiverQpsCreateToRts: QP created: port=1 dev=1 devName=rocep1s0f1 ndevs=4 nmdevs=6 qp_num=40870 pkey=0 pd=0xf8c37407dd30 oooRq=0
node0:63:74 [0] NCCL INFO NET/IB: ncclIbReceiverQpsCreateToRts: QP created: port=1 dev=1 devName=rocep1s0f1 ndevs=4 nmdevs=6 qp_num=40871 pkey=0 pd=0xf8c37407dd30 oooRq=0
node0:63:74 [0] NCCL INFO NET/IB: ncclIbReceiverQpsCreateToRts: Flush QP created: port=1 dev=1 devName=rocep1s0f1 ndevs=4 nmdevs=6 qp_num=40872 pkey=0 pd=0xf8c37407dd30
node0:63:74 [0] NCCL INFO NET/IB: Subnet-aware routing: overriding dev 5 with dev 2
node0:63:74 [0] NCCL INFO NET/IB: Subnet-aware routing: overriding dev 4 with dev 0
node0:63:74 [0] NCCL INFO NET/IB: ncclIbResiliencyInit: Resiliency is disabled on the recv communicator (comm=0xf8c374220000)
node0:63:74 [0] NCCL INFO NET/IB: ncclIbRecvCommInit: Receive work requests will be posted on-demand
node0:63:74 [0] NCCL INFO NET/IB: Subnet-aware routing: overriding dev 4 with dev 0
node0:63:74 [0] NCCL INFO NET/IB: ncclIbSenderQpsCreate: QP created: port=1 dev=0 devName=rocep1s0f0 ndevs=4 nmdevs=6 qp_num=46010 pkey=0 pd=0xf8c374208b60 oooRq=0
node0:63:74 [0] NCCL INFO NET/IB: ncclIbSenderQpsCreate: QP created: port=1 dev=0 devName=rocep1s0f0 ndevs=4 nmdevs=6 qp_num=46011 pkey=0 pd=0xf8c374208b60 oooRq=0
node0:63:74 [0] NCCL INFO NET/IB: ncclIbConnectImpl: NCCL Dev 0 IbDev 0 Port 1 qp_num 46010 mtu 5 GID 6 (0/164A8C0FFFF0000) ctsFifoRkey=0x221a89 ctsFifoLkey=0x221a89
node0:63:74 [0] NCCL INFO NET/IB: ncclIbConnectImpl: IbDev 0 Port 1 qp_num 46010 query_ece={supported=1, vendor_id=0x15b3, options=0x30000002, comp_mask=0x0}
node0:63:74 [0] NCCL INFO NET/IB: ncclIbConnectImpl: NCCL Dev 0 IbDev 0 Port 1 qp_num 46011 mtu 5 GID 6 (0/164A8C0FFFF0000) ctsFifoRkey=0x221a89 ctsFifoLkey=0x221a89
node0:63:74 [0] NCCL INFO NET/IB: ncclIbConnectImpl: IbDev 0 Port 1 qp_num 46011 query_ece={supported=1, vendor_id=0x15b3, options=0x30000002, comp_mask=0x0}
node0:63:74 [0] NCCL INFO NET/IB: Subnet-aware routing: overriding dev 5 with dev 2
node0:63:74 [0] NCCL INFO NET/IB: ncclIbSenderQpsCreate: QP created: port=1 dev=2 devName=roceP2p1s0f0 ndevs=4 nmdevs=6 qp_num=2232 pkey=0 pd=0xf8c37421ceb0 oooRq=0
node0:63:74 [0] NCCL INFO NET/IB: ncclIbSenderQpsCreate: QP created: port=1 dev=2 devName=roceP2p1s0f0 ndevs=4 nmdevs=6 qp_num=2233 pkey=0 pd=0xf8c37421ceb0 oooRq=0
node0:63:74 [0] NCCL INFO NET/IB: ncclIbConnectImpl: NCCL Dev 2 IbDev 2 Port 1 qp_num 2232 mtu 5 GID 3 (0/16EA8C0FFFF0000) ctsFifoRkey=0x187976 ctsFifoLkey=0x187976
node0:63:74 [0] NCCL INFO NET/IB: ncclIbConnectImpl: IbDev 2 Port 1 qp_num 2232 query_ece={supported=1, vendor_id=0x15b3, options=0x30000002, comp_mask=0x0}
node0:63:74 [0] NCCL INFO NET/IB: ncclIbConnectImpl: NCCL Dev 2 IbDev 2 Port 1 qp_num 2233 mtu 5 GID 3 (0/16EA8C0FFFF0000) ctsFifoRkey=0x187976 ctsFifoLkey=0x187976
node0:63:74 [0] NCCL INFO NET/IB: ncclIbConnectImpl: IbDev 2 Port 1 qp_num 2233 query_ece={supported=1, vendor_id=0x15b3, options=0x30000002, comp_mask=0x0}
node0:63:74 [0] NCCL INFO NET/IB: Subnet-aware routing: overriding dev 4 with dev 0
node0:63:74 [0] NCCL INFO NET/IB: ncclIbSenderQpsCreate: QP created: port=1 dev=0 devName=rocep1s0f0 ndevs=4 nmdevs=6 qp_num=46012 pkey=0 pd=0xf8c374208b60 oooRq=0
node0:63:74 [0] NCCL INFO NET/IB: ncclIbSenderQpsCreate: QP created: port=1 dev=0 devName=rocep1s0f0 ndevs=4 nmdevs=6 qp_num=46013 pkey=0 pd=0xf8c374208b60 oooRq=0
node0:63:74 [0] NCCL INFO NET/IB: ncclIbConnectImpl: NCCL Dev 0 IbDev 0 Port 1 qp_num 46012 mtu 5 GID 6 (0/164A8C0FFFF0000) ctsFifoRkey=0x222392 ctsFifoLkey=0x222392
node0:63:74 [0] NCCL INFO NET/IB: ncclIbConnectImpl: IbDev 0 Port 1 qp_num 46012 query_ece={supported=1, vendor_id=0x15b3, options=0x30000002, comp_mask=0x0}
node0:63:74 [0] NCCL INFO NET/IB: ncclIbConnectImpl: NCCL Dev 0 IbDev 0 Port 1 qp_num 46013 mtu 5 GID 6 (0/164A8C0FFFF0000) ctsFifoRkey=0x222392 ctsFifoLkey=0x222392
node0:63:74 [0] NCCL INFO NET/IB: ncclIbConnectImpl: IbDev 0 Port 1 qp_num 46013 query_ece={supported=1, vendor_id=0x15b3, options=0x30000002, comp_mask=0x0}
node0:63:74 [0] NCCL INFO NET/IB: Subnet-aware routing: overriding dev 4 with dev 1
node0:63:74 [0] NCCL INFO NET/IB: ncclIbReceiverQpsCreateToRts: QP created: port=1 dev=1 devName=rocep1s0f1 ndevs=4 nmdevs=6 qp_num=40873 pkey=0 pd=0xf8c37407dd30 oooRq=0
node0:63:74 [0] NCCL INFO NET/IB: ncclIbReceiverQpsCreateToRts: QP created: port=1 dev=1 devName=rocep1s0f1 ndevs=4 nmdevs=6 qp_num=40874 pkey=0 pd=0xf8c37407dd30 oooRq=0
node0:63:74 [0] NCCL INFO NET/IB: ncclIbReceiverQpsCreateToRts: Flush QP created: port=1 dev=1 devName=rocep1s0f1 ndevs=4 nmdevs=6 qp_num=40875 pkey=0 pd=0xf8c37407dd30
node0:63:74 [0] NCCL INFO NET/IB: Subnet-aware routing: overriding dev 5 with dev 2
node0:63:74 [0] NCCL INFO NET/IB: ncclIbResiliencyInit: Resiliency is disabled on the send communicator (comm=0xf8c374408000)
node0:63:74 [0] NCCL INFO NET/IB: Subnet-aware routing: overriding dev 4 with dev 0
node0:63:74 [0] NCCL INFO NET/IB: Subnet-aware routing: overriding dev 5 with dev 2
node0:63:74 [0] NCCL INFO NET/IB: Subnet-aware routing: overriding dev 5 with dev 3
node0:63:74 [0] NCCL INFO NET/IB: ncclIbReceiverQpsCreateToRts: QP created: port=1 dev=3 devName=roceP2p1s0f1 ndevs=4 nmdevs=6 qp_num=2152 pkey=0 pd=0xf8c37407d010 oooRq=0
node0:63:74 [0] NCCL INFO NET/IB: ncclIbReceiverQpsCreateToRts: QP created: port=1 dev=3 devName=roceP2p1s0f1 ndevs=4 nmdevs=6 qp_num=2153 pkey=0 pd=0xf8c37407d010 oooRq=0
node0:63:74 [0] NCCL INFO NET/IB: ncclIbReceiverQpsCreateToRts: Flush QP created: port=1 dev=3 devName=roceP2p1s0f1 ndevs=4 nmdevs=6 qp_num=2154 pkey=0 pd=0xf8c37407d010
node0:63:74 [0] NCCL INFO NET/IB: Subnet-aware routing: overriding dev 4 with dev 0
node0:63:74 [0] NCCL INFO NET/IB: Subnet-aware routing: overriding dev 5 with dev 2
node0:63:74 [0] NCCL INFO NET/IB: ncclIbResiliencyInit: Resiliency is disabled on the recv communicator (comm=0xf8c3744cf000)
node0:63:74 [0] NCCL INFO NET/IB: ncclIbRecvCommInit: Receive work requests will be posted on-demand
node0:63:74 [0] NCCL INFO NET/IB: Subnet-aware routing: overriding dev 4 with dev 0
node0:63:74 [0] NCCL INFO NET/IB: ncclIbSenderQpsToRts: Set ECE: IbDev 0 Port 1 qp_num 46010 set_ece={supported=1, vendor_id=0x15b3, options=0x30000002, comp_mask=0x0}
node0:63:74 [0] NCCL INFO NET/IB: ncclIbSenderQpsToRts: Set ECE: IbDev 0 Port 1 qp_num 46011 set_ece={supported=1, vendor_id=0x15b3, options=0x30000002, comp_mask=0x0}
node0:63:74 [0] NCCL INFO NET/IB: Subnet-aware routing: overriding dev 5 with dev 2
node0:63:74 [0] NCCL INFO NET/IB: ncclIbSenderQpsToRts: Set ECE: IbDev 2 Port 1 qp_num 2232 set_ece={supported=1, vendor_id=0x15b3, options=0x30000002, comp_mask=0x0}
node0:63:74 [0] NCCL INFO NET/IB: ncclIbSenderQpsToRts: Set ECE: IbDev 2 Port 1 qp_num 2233 set_ece={supported=1, vendor_id=0x15b3, options=0x30000002, comp_mask=0x0}
node0:63:74 [0] NCCL INFO NET/IB: Subnet-aware routing: overriding dev 4 with dev 0
node0:63:74 [0] NCCL INFO NET/IB: ncclIbSenderQpsToRts: Set ECE: IbDev 0 Port 1 qp_num 46012 set_ece={supported=1, vendor_id=0x15b3, options=0x30000002, comp_mask=0x0}
node0:63:74 [0] NCCL INFO NET/IB: ncclIbSenderQpsToRts: Set ECE: IbDev 0 Port 1 qp_num 46013 set_ece={supported=1, vendor_id=0x15b3, options=0x30000002, comp_mask=0x0}
node0:63:74 [0] NCCL INFO NET/IB: Subnet-aware routing: overriding dev 5 with dev 2
node0:63:74 [0] NCCL INFO NET/IB: ncclIbSenderQpsCreate: QP created: port=1 dev=2 devName=roceP2p1s0f0 ndevs=4 nmdevs=6 qp_num=2234 pkey=0 pd=0xf8c37421ceb0 oooRq=0
node0:63:74 [0] NCCL INFO NET/IB: ncclIbSenderQpsCreate: QP created: port=1 dev=2 devName=roceP2p1s0f0 ndevs=4 nmdevs=6 qp_num=2235 pkey=0 pd=0xf8c37421ceb0 oooRq=0
node0:63:74 [0] NCCL INFO NET/IB: ncclIbConnectImpl: NCCL Dev 2 IbDev 2 Port 1 qp_num 2234 mtu 5 GID 3 (0/16EA8C0FFFF0000) ctsFifoRkey=0x1c912c ctsFifoLkey=0x1c912c
node0:63:74 [0] NCCL INFO NET/IB: ncclIbConnectImpl: IbDev 2 Port 1 qp_num 2234 query_ece={supported=1, vendor_id=0x15b3, options=0x30000002, comp_mask=0x0}
node0:63:74 [0] NCCL INFO NET/IB: ncclIbConnectImpl: NCCL Dev 2 IbDev 2 Port 1 qp_num 2235 mtu 5 GID 3 (0/16EA8C0FFFF0000) ctsFifoRkey=0x1c912c ctsFifoLkey=0x1c912c
node0:63:74 [0] NCCL INFO NET/IB: ncclIbConnectImpl: IbDev 2 Port 1 qp_num 2235 query_ece={supported=1, vendor_id=0x15b3, options=0x30000002, comp_mask=0x0}
node0:63:74 [0] NCCL INFO NET/IB: Subnet-aware routing: overriding dev 5 with dev 3
node0:63:74 [0] NCCL INFO NET/IB: ncclIbReceiverQpsCreateToRts: QP created: port=1 dev=3 devName=roceP2p1s0f1 ndevs=4 nmdevs=6 qp_num=2155 pkey=0 pd=0xf8c37407d010 oooRq=0
node0:63:74 [0] NCCL INFO NET/IB: ncclIbReceiverQpsCreateToRts: QP created: port=1 dev=3 devName=roceP2p1s0f1 ndevs=4 nmdevs=6 qp_num=2156 pkey=0 pd=0xf8c37407d010 oooRq=0
node0:63:74 [0] NCCL INFO NET/IB: ncclIbReceiverQpsCreateToRts: Flush QP created: port=1 dev=3 devName=roceP2p1s0f1 ndevs=4 nmdevs=6 qp_num=2157 pkey=0 pd=0xf8c37407d010
node0:63:74 [0] NCCL INFO NET/IB: Subnet-aware routing: overriding dev 4 with dev 0
node0:63:74 [0] NCCL INFO NET/IB: ncclIbResiliencyInit: Resiliency is disabled on the send communicator (comm=0xf8c3745e3000)
node0:63:74 [0] NCCL INFO NET/IB: Subnet-aware routing: overriding dev 5 with dev 2
node0:63:74 [0] NCCL INFO NET/IB: ncclIbSenderQpsToRts: Set ECE: IbDev 2 Port 1 qp_num 2234 set_ece={supported=1, vendor_id=0x15b3, options=0x30000002, comp_mask=0x0}
node0:63:74 [0] NCCL INFO NET/IB: ncclIbSenderQpsToRts: Set ECE: IbDev 2 Port 1 qp_num 2235 set_ece={supported=1, vendor_id=0x15b3, options=0x30000002, comp_mask=0x0}
node0:63:74 [0] NCCL INFO NET/IB: Subnet-aware routing: overriding dev 4 with dev 0
node0:63:74 [0] NCCL INFO NET/IB: ncclIbResiliencyInit: Resiliency is disabled on the recv communicator (comm=0xf8c374627000)
node0:63:74 [0] NCCL INFO NET/IB: ncclIbRecvCommInit: Receive work requests will be posted on-demand
node0:63:74 [0] NCCL INFO NET/IB: Subnet-aware routing: overriding dev 4 with dev 0
node0:63:74 [0] NCCL INFO NET/IB: Subnet-aware routing: overriding dev 5 with dev 2
node0:63:74 [0] NCCL INFO NET/IB: ncclIbResiliencyInit: Resiliency is disabled on the send communicator (comm=0xf8c37466f000)
node0:63:74 [0] NCCL INFO NET/IB: Subnet-aware routing: overriding dev 4 with dev 0
node0:63:74 [0] NCCL INFO NET/IB: ncclIbSenderQpsCreate: QP created: port=1 dev=0 devName=rocep1s0f0 ndevs=4 nmdevs=6 qp_num=46014 pkey=0 pd=0xf8c374208b60 oooRq=0
node0:63:74 [0] NCCL INFO NET/IB: ncclIbSenderQpsCreate: QP created: port=1 dev=0 devName=rocep1s0f0 ndevs=4 nmdevs=6 qp_num=46015 pkey=0 pd=0xf8c374208b60 oooRq=0
node0:63:74 [0] NCCL INFO NET/IB: ncclIbConnectImpl: NCCL Dev 0 IbDev 0 Port 1 qp_num 46014 mtu 5 GID 6 (0/164A8C0FFFF0000) ctsFifoRkey=0x2236a5 ctsFifoLkey=0x2236a5
node0:63:74 [0] NCCL INFO NET/IB: ncclIbConnectImpl: IbDev 0 Port 1 qp_num 46014 query_ece={supported=1, vendor_id=0x15b3, options=0x30000002, comp_mask=0x0}
node0:63:74 [0] NCCL INFO NET/IB: ncclIbConnectImpl: NCCL Dev 0 IbDev 0 Port 1 qp_num 46015 mtu 5 GID 6 (0/164A8C0FFFF0000) ctsFifoRkey=0x2236a5 ctsFifoLkey=0x2236a5
node0:63:74 [0] NCCL INFO NET/IB: ncclIbConnectImpl: IbDev 0 Port 1 qp_num 46015 query_ece={supported=1, vendor_id=0x15b3, options=0x30000002, comp_mask=0x0}
node0:63:74 [0] NCCL INFO NET/IB: Subnet-aware routing: overriding dev 4 with dev 1
node0:63:74 [0] NCCL INFO NET/IB: ncclIbReceiverQpsCreateToRts: QP created: port=1 dev=1 devName=rocep1s0f1 ndevs=4 nmdevs=6 qp_num=40876 pkey=0 pd=0xf8c37407dd30 oooRq=0
node0:63:74 [0] NCCL INFO NET/IB: ncclIbReceiverQpsCreateToRts: QP created: port=1 dev=1 devName=rocep1s0f1 ndevs=4 nmdevs=6 qp_num=40877 pkey=0 pd=0xf8c37407dd30 oooRq=0
node0:63:74 [0] NCCL INFO NET/IB: ncclIbReceiverQpsCreateToRts: Flush QP created: port=1 dev=1 devName=rocep1s0f1 ndevs=4 nmdevs=6 qp_num=40878 pkey=0 pd=0xf8c37407dd30
node0:63:74 [0] NCCL INFO NET/IB: Subnet-aware routing: overriding dev 5 with dev 2
node0:63:74 [0] NCCL INFO NET/IB: ncclIbResiliencyInit: Resiliency is disabled on the recv communicator (comm=0xf8c374785000)
node0:63:74 [0] NCCL INFO NET/IB: ncclIbRecvCommInit: Receive work requests will be posted on-demand
node0:63:74 [0] NCCL INFO NET/IB: Subnet-aware routing: overriding dev 4 with dev 0
node0:63:74 [0] NCCL INFO NET/IB: Subnet-aware routing: overriding dev 5 with dev 2
node0:63:74 [0] NCCL INFO NET/IB: Subnet-aware routing: overriding dev 4 with dev 0
node0:63:74 [0] NCCL INFO NET/IB: ncclIbResiliencyInit: Resiliency is disabled on the send communicator (comm=0xf8c3747cd000)
node0:63:74 [0] NCCL INFO NET/IB: Subnet-aware routing: overriding dev 4 with dev 0
node0:63:74 [0] NCCL INFO NET/IB: Subnet-aware routing: overriding dev 5 with dev 2
node0:63:74 [0] NCCL INFO NET/IB: Subnet-aware routing: overriding dev 4 with dev 0
node0:63:74 [0] NCCL INFO NET/IB: ncclIbResiliencyInit: Resiliency is disabled on the recv communicator (comm=0xf8c374811000)
node0:63:74 [0] NCCL INFO NET/IB: ncclIbRecvCommInit: Receive work requests will be posted on-demand
node0:63:74 [0] NCCL INFO NET/IB: Subnet-aware routing: overriding dev 4 with dev 0
node0:63:74 [0] NCCL INFO NET/IB: ncclIbSenderQpsToRts: Set ECE: IbDev 0 Port 1 qp_num 46014 set_ece={supported=1, vendor_id=0x15b3, options=0x30000002, comp_mask=0x0}
node0:63:74 [0] NCCL INFO NET/IB: ncclIbSenderQpsToRts: Set ECE: IbDev 0 Port 1 qp_num 46015 set_ece={supported=1, vendor_id=0x15b3, options=0x30000002, comp_mask=0x0}
node0:63:74 [0] NCCL INFO NET/IB: Subnet-aware routing: overriding dev 5 with dev 2
node0:63:74 [0] NCCL INFO NET/IB: ncclIbSenderQpsCreate: QP created: port=1 dev=2 devName=roceP2p1s0f0 ndevs=4 nmdevs=6 qp_num=2236 pkey=0 pd=0xf8c37421ceb0 oooRq=0
node0:63:74 [0] NCCL INFO NET/IB: ncclIbSenderQpsCreate: QP created: port=1 dev=2 devName=roceP2p1s0f0 ndevs=4 nmdevs=6 qp_num=2237 pkey=0 pd=0xf8c37421ceb0 oooRq=0
node0:63:74 [0] NCCL INFO NET/IB: ncclIbConnectImpl: NCCL Dev 2 IbDev 2 Port 1 qp_num 2236 mtu 5 GID 3 (0/16EA8C0FFFF0000) ctsFifoRkey=0x197978 ctsFifoLkey=0x197978
node0:63:74 [0] NCCL INFO NET/IB: ncclIbConnectImpl: IbDev 2 Port 1 qp_num 2236 query_ece={supported=1, vendor_id=0x15b3, options=0x30000002, comp_mask=0x0}
node0:63:74 [0] NCCL INFO NET/IB: ncclIbConnectImpl: NCCL Dev 2 IbDev 2 Port 1 qp_num 2237 mtu 5 GID 3 (0/16EA8C0FFFF0000) ctsFifoRkey=0x197978 ctsFifoLkey=0x197978
node0:63:74 [0] NCCL INFO NET/IB: ncclIbConnectImpl: IbDev 2 Port 1 qp_num 2237 query_ece={supported=1, vendor_id=0x15b3, options=0x30000002, comp_mask=0x0}
node0:63:74 [0] NCCL INFO NET/IB: Subnet-aware routing: overriding dev 5 with dev 3
node0:63:74 [0] NCCL INFO NET/IB: ncclIbReceiverQpsCreateToRts: QP created: port=1 dev=3 devName=roceP2p1s0f1 ndevs=4 nmdevs=6 qp_num=2158 pkey=0 pd=0xf8c37407d010 oooRq=0
node0:63:74 [0] NCCL INFO NET/IB: ncclIbReceiverQpsCreateToRts: QP created: port=1 dev=3 devName=roceP2p1s0f1 ndevs=4 nmdevs=6 qp_num=2159 pkey=0 pd=0xf8c37407d010 oooRq=0
node0:63:74 [0] NCCL INFO NET/IB: ncclIbReceiverQpsCreateToRts: Flush QP created: port=1 dev=3 devName=roceP2p1s0f1 ndevs=4 nmdevs=6 qp_num=2160 pkey=0 pd=0xf8c37407d010
node0:63:74 [0] NCCL INFO NET/IB: Subnet-aware routing: overriding dev 4 with dev 0
node0:63:74 [0] NCCL INFO NET/IB: ncclIbSenderQpsCreate: QP created: port=1 dev=0 devName=rocep1s0f0 ndevs=4 nmdevs=6 qp_num=46016 pkey=0 pd=0xf8c374208b60 oooRq=0
node0:63:74 [0] NCCL INFO NET/IB: ncclIbSenderQpsCreate: QP created: port=1 dev=0 devName=rocep1s0f0 ndevs=4 nmdevs=6 qp_num=46017 pkey=0 pd=0xf8c374208b60 oooRq=0
node0:63:74 [0] NCCL INFO NET/IB: ncclIbConnectImpl: NCCL Dev 0 IbDev 0 Port 1 qp_num 46016 mtu 5 GID 6 (0/164A8C0FFFF0000) ctsFifoRkey=0x222e9d ctsFifoLkey=0x222e9d
node0:63:74 [0] NCCL INFO NET/IB: ncclIbConnectImpl: IbDev 0 Port 1 qp_num 46016 query_ece={supported=1, vendor_id=0x15b3, options=0x30000002, comp_mask=0x0}
node0:63:74 [0] NCCL INFO NET/IB: ncclIbConnectImpl: NCCL Dev 0 IbDev 0 Port 1 qp_num 46017 mtu 5 GID 6 (0/164A8C0FFFF0000) ctsFifoRkey=0x222e9d ctsFifoLkey=0x222e9d
node0:63:74 [0] NCCL INFO NET/IB: ncclIbConnectImpl: IbDev 0 Port 1 qp_num 46017 query_ece={supported=1, vendor_id=0x15b3, options=0x30000002, comp_mask=0x0}
node0:63:74 [0] NCCL INFO NET/IB: Subnet-aware routing: overriding dev 4 with dev 1
node0:63:74 [0] NCCL INFO NET/IB: ncclIbReceiverQpsCreateToRts: QP created: port=1 dev=1 devName=rocep1s0f1 ndevs=4 nmdevs=6 qp_num=40879 pkey=0 pd=0xf8c37407dd30 oooRq=0
node0:63:74 [0] NCCL INFO NET/IB: ncclIbReceiverQpsCreateToRts: QP created: port=1 dev=1 devName=rocep1s0f1 ndevs=4 nmdevs=6 qp_num=40880 pkey=0 pd=0xf8c37407dd30 oooRq=0
node0:63:74 [0] NCCL INFO NET/IB: ncclIbReceiverQpsCreateToRts: Flush QP created: port=1 dev=1 devName=rocep1s0f1 ndevs=4 nmdevs=6 qp_num=40881 pkey=0 pd=0xf8c37407dd30
node0:63:74 [0] NCCL INFO NET/IB: Subnet-aware routing: overriding dev 5 with dev 2
node0:63:74 [0] NCCL INFO NET/IB: ncclIbResiliencyInit: Resiliency is disabled on the send communicator (comm=0xf8c374a01000)
node0:63:74 [0] NCCL INFO NET/IB: Subnet-aware routing: overriding dev 5 with dev 2
node0:63:74 [0] NCCL INFO NET/IB: ncclIbSenderQpsToRts: Set ECE: IbDev 2 Port 1 qp_num 2236 set_ece={supported=1, vendor_id=0x15b3, options=0x30000002, comp_mask=0x0}
node0:63:74 [0] NCCL INFO NET/IB: ncclIbSenderQpsToRts: Set ECE: IbDev 2 Port 1 qp_num 2237 set_ece={supported=1, vendor_id=0x15b3, options=0x30000002, comp_mask=0x0}
node0:63:74 [0] NCCL INFO NET/IB: Subnet-aware routing: overriding dev 4 with dev 0
node0:63:74 [0] NCCL INFO NET/IB: ncclIbSenderQpsToRts: Set ECE: IbDev 0 Port 1 qp_num 46016 set_ece={supported=1, vendor_id=0x15b3, options=0x30000002, comp_mask=0x0}
node0:63:74 [0] NCCL INFO NET/IB: ncclIbSenderQpsToRts: Set ECE: IbDev 0 Port 1 qp_num 46017 set_ece={supported=1, vendor_id=0x15b3, options=0x30000002, comp_mask=0x0}
node0:63:74 [0] NCCL INFO NET/IB: Subnet-aware routing: overriding dev 5 with dev 2
node0:63:74 [0] NCCL INFO NET/IB: ncclIbResiliencyInit: Resiliency is disabled on the recv communicator (comm=0xf8c374a45000)
node0:63:74 [0] NCCL INFO NET/IB: ncclIbRecvCommInit: Receive work requests will be posted on-demand
node0:63:74 [0] NCCL INFO NET/IB: Subnet-aware routing: overriding dev 5 with dev 2
node0:63:74 [0] NCCL INFO NET/IB: Subnet-aware routing: overriding dev 4 with dev 0
node0:63:74 [0] NCCL INFO NET/IB: ncclIbResiliencyInit: Resiliency is disabled on the send communicator (comm=0xf8c374a8d000)
node0:63:74 [0] NCCL INFO NET/IB: Subnet-aware routing: overriding dev 5 with dev 2
node0:63:74 [0] NCCL INFO NET/IB: Subnet-aware routing: overriding dev 4 with dev 0
node0:63:74 [0] NCCL INFO NET/IB: ncclIbResiliencyInit: Resiliency is disabled on the recv communicator (comm=0xf8c374ace000)
node0:63:74 [0] NCCL INFO NET/IB: ncclIbRecvCommInit: Receive work requests will be posted on-demand
node0:63:74 [0] NCCL INFO NET/IB: Subnet-aware routing: overriding dev 5 with dev 2
node0:63:74 [0] NCCL INFO NET/IB: Subnet-aware routing: overriding dev 5 with dev 3
node0:63:74 [0] NCCL INFO NET/IB: ncclIbReceiverQpsCreateToRts: QP created: port=1 dev=3 devName=roceP2p1s0f1 ndevs=4 nmdevs=6 qp_num=2161 pkey=0 pd=0xf8c37407d010 oooRq=0
node0:63:74 [0] NCCL INFO NET/IB: ncclIbReceiverQpsCreateToRts: QP created: port=1 dev=3 devName=roceP2p1s0f1 ndevs=4 nmdevs=6 qp_num=2162 pkey=0 pd=0xf8c37407d010 oooRq=0
node0:63:74 [0] NCCL INFO NET/IB: ncclIbReceiverQpsCreateToRts: Flush QP created: port=1 dev=3 devName=roceP2p1s0f1 ndevs=4 nmdevs=6 qp_num=2163 pkey=0 pd=0xf8c37407d010
node0:63:74 [0] NCCL INFO NET/IB: Subnet-aware routing: overriding dev 4 with dev 0
node0:63:74 [0] NCCL INFO NET/IB: Subnet-aware routing: overriding dev 4 with dev 1
node0:63:74 [0] NCCL INFO NET/IB: ncclIbReceiverQpsCreateToRts: QP created: port=1 dev=1 devName=rocep1s0f1 ndevs=4 nmdevs=6 qp_num=40882 pkey=0 pd=0xf8c37407dd30 oooRq=0
node0:63:74 [0] NCCL INFO NET/IB: ncclIbReceiverQpsCreateToRts: QP created: port=1 dev=1 devName=rocep1s0f1 ndevs=4 nmdevs=6 qp_num=40883 pkey=0 pd=0xf8c37407dd30 oooRq=0
node0:63:74 [0] NCCL INFO NET/IB: ncclIbReceiverQpsCreateToRts: Flush QP created: port=1 dev=1 devName=rocep1s0f1 ndevs=4 nmdevs=6 qp_num=40884 pkey=0 pd=0xf8c37407dd30
node0:63:74 [0] NCCL INFO NET/IB: Subnet-aware routing: overriding dev 5 with dev 2
node0:63:74 [0] NCCL INFO NET/IB: ncclIbResiliencyInit: Resiliency is disabled on the send communicator (comm=0xf8c374c08000)
node0:63:74 [0] NCCL INFO NET/IB: Subnet-aware routing: overriding dev 5 with dev 2
node0:63:74 [0] NCCL INFO NET/IB: ncclIbSenderQpsCreate: QP created: port=1 dev=2 devName=roceP2p1s0f0 ndevs=4 nmdevs=6 qp_num=2238 pkey=0 pd=0xf8c37421ceb0 oooRq=0
node0:63:74 [0] NCCL INFO NET/IB: ncclIbSenderQpsCreate: QP created: port=1 dev=2 devName=roceP2p1s0f0 ndevs=4 nmdevs=6 qp_num=2239 pkey=0 pd=0xf8c37421ceb0 oooRq=0
node0:63:74 [0] NCCL INFO NET/IB: ncclIbConnectImpl: NCCL Dev 2 IbDev 2 Port 1 qp_num 2238 mtu 5 GID 3 (0/16EA8C0FFFF0000) ctsFifoRkey=0x19a19f ctsFifoLkey=0x19a19f
node0:63:74 [0] NCCL INFO NET/IB: ncclIbConnectImpl: IbDev 2 Port 1 qp_num 2238 query_ece={supported=1, vendor_id=0x15b3, options=0x30000002, comp_mask=0x0}
node0:63:74 [0] NCCL INFO NET/IB: ncclIbConnectImpl: NCCL Dev 2 IbDev 2 Port 1 qp_num 2239 mtu 5 GID 3 (0/16EA8C0FFFF0000) ctsFifoRkey=0x19a19f ctsFifoLkey=0x19a19f
node0:63:74 [0] NCCL INFO NET/IB: ncclIbConnectImpl: IbDev 2 Port 1 qp_num 2239 query_ece={supported=1, vendor_id=0x15b3, options=0x30000002, comp_mask=0x0}
node0:63:74 [0] NCCL INFO NET/IB: Subnet-aware routing: overriding dev 4 with dev 0
node0:63:74 [0] NCCL INFO NET/IB: ncclIbSenderQpsCreate: QP created: port=1 dev=0 devName=rocep1s0f0 ndevs=4 nmdevs=6 qp_num=46018 pkey=0 pd=0xf8c374208b60 oooRq=0
node0:63:74 [0] NCCL INFO NET/IB: ncclIbSenderQpsCreate: QP created: port=1 dev=0 devName=rocep1s0f0 ndevs=4 nmdevs=6 qp_num=46019 pkey=0 pd=0xf8c374208b60 oooRq=0
node0:63:74 [0] NCCL INFO NET/IB: ncclIbConnectImpl: NCCL Dev 0 IbDev 0 Port 1 qp_num 46018 mtu 5 GID 6 (0/164A8C0FFFF0000) ctsFifoRkey=0x220c7e ctsFifoLkey=0x220c7e
node0:63:74 [0] NCCL INFO NET/IB: ncclIbConnectImpl: IbDev 0 Port 1 qp_num 46018 query_ece={supported=1, vendor_id=0x15b3, options=0x30000002, comp_mask=0x0}
node0:63:74 [0] NCCL INFO NET/IB: ncclIbConnectImpl: NCCL Dev 0 IbDev 0 Port 1 qp_num 46019 mtu 5 GID 6 (0/164A8C0FFFF0000) ctsFifoRkey=0x220c7e ctsFifoLkey=0x220c7e
node0:63:74 [0] NCCL INFO NET/IB: ncclIbConnectImpl: IbDev 0 Port 1 qp_num 46019 query_ece={supported=1, vendor_id=0x15b3, options=0x30000002, comp_mask=0x0}
node0:63:74 [0] NCCL INFO NET/IB: Subnet-aware routing: overriding dev 5 with dev 2
node0:63:74 [0] NCCL INFO NET/IB: ncclIbResiliencyInit: Resiliency is disabled on the recv communicator (comm=0xf8c374cfe000)
node0:63:74 [0] NCCL INFO NET/IB: ncclIbRecvCommInit: Receive work requests will be posted on-demand
node0:63:74 [0] NCCL INFO NET/IB: Subnet-aware routing: overriding dev 5 with dev 2
node0:63:74 [0] NCCL INFO NET/IB: ncclIbSenderQpsToRts: Set ECE: IbDev 2 Port 1 qp_num 2238 set_ece={supported=1, vendor_id=0x15b3, options=0x30000002, comp_mask=0x0}
node0:63:74 [0] NCCL INFO NET/IB: ncclIbSenderQpsToRts: Set ECE: IbDev 2 Port 1 qp_num 2239 set_ece={supported=1, vendor_id=0x15b3, options=0x30000002, comp_mask=0x0}
node0:63:74 [0] NCCL INFO NET/IB: Subnet-aware routing: overriding dev 4 with dev 0
node0:63:74 [0] NCCL INFO NET/IB: ncclIbSenderQpsToRts: Set ECE: IbDev 0 Port 1 qp_num 46018 set_ece={supported=1, vendor_id=0x15b3, options=0x30000002, comp_mask=0x0}
node0:63:74 [0] NCCL INFO NET/IB: ncclIbSenderQpsToRts: Set ECE: IbDev 0 Port 1 qp_num 46019 set_ece={supported=1, vendor_id=0x15b3, options=0x30000002, comp_mask=0x0}
node0:63:74 [0] NCCL INFO NET/IB: Subnet-aware routing: overriding dev 5 with dev 2
node0:63:74 [0] NCCL INFO NET/IB: ncclIbSenderQpsCreate: QP created: port=1 dev=2 devName=roceP2p1s0f0 ndevs=4 nmdevs=6 qp_num=2240 pkey=0 pd=0xf8c37421ceb0 oooRq=0
node0:63:74 [0] NCCL INFO NET/IB: ncclIbSenderQpsCreate: QP created: port=1 dev=2 devName=roceP2p1s0f0 ndevs=4 nmdevs=6 qp_num=2241 pkey=0 pd=0xf8c37421ceb0 oooRq=0
node0:63:74 [0] NCCL INFO NET/IB: ncclIbConnectImpl: NCCL Dev 2 IbDev 2 Port 1 qp_num 2240 mtu 5 GID 3 (0/16EA8C0FFFF0000) ctsFifoRkey=0x1c9833 ctsFifoLkey=0x1c9833
node0:63:74 [0] NCCL INFO NET/IB: ncclIbConnectImpl: IbDev 2 Port 1 qp_num 2240 query_ece={supported=1, vendor_id=0x15b3, options=0x30000002, comp_mask=0x0}
node0:63:74 [0] NCCL INFO NET/IB: ncclIbConnectImpl: NCCL Dev 2 IbDev 2 Port 1 qp_num 2241 mtu 5 GID 3 (0/16EA8C0FFFF0000) ctsFifoRkey=0x1c9833 ctsFifoLkey=0x1c9833
node0:63:74 [0] NCCL INFO NET/IB: ncclIbConnectImpl: IbDev 2 Port 1 qp_num 2241 query_ece={supported=1, vendor_id=0x15b3, options=0x30000002, comp_mask=0x0}
node0:63:74 [0] NCCL INFO NET/IB: Subnet-aware routing: overriding dev 5 with dev 3
node0:63:74 [0] NCCL INFO NET/IB: ncclIbReceiverQpsCreateToRts: QP created: port=1 dev=3 devName=roceP2p1s0f1 ndevs=4 nmdevs=6 qp_num=2164 pkey=0 pd=0xf8c37407d010 oooRq=0
node0:63:74 [0] NCCL INFO NET/IB: ncclIbReceiverQpsCreateToRts: QP created: port=1 dev=3 devName=roceP2p1s0f1 ndevs=4 nmdevs=6 qp_num=2165 pkey=0 pd=0xf8c37407d010 oooRq=0
node0:63:74 [0] NCCL INFO NET/IB: ncclIbReceiverQpsCreateToRts: Flush QP created: port=1 dev=3 devName=roceP2p1s0f1 ndevs=4 nmdevs=6 qp_num=2166 pkey=0 pd=0xf8c37407d010
node0:63:74 [0] NCCL INFO NET/IB: Subnet-aware routing: overriding dev 4 with dev 0
node0:63:74 [0] NCCL INFO NET/IB: ncclIbResiliencyInit: Resiliency is disabled on the send communicator (comm=0xf8c374e17000)
node0:63:74 [0] NCCL INFO NET/IB: Subnet-aware routing: overriding dev 5 with dev 2
node0:63:74 [0] NCCL INFO NET/IB: Subnet-aware routing: overriding dev 4 with dev 0
node0:63:74 [0] NCCL INFO NET/IB: ncclIbResiliencyInit: Resiliency is disabled on the recv communicator (comm=0xf8c374e5b000)
node0:63:74 [0] NCCL INFO NET/IB: ncclIbRecvCommInit: Receive work requests will be posted on-demand
node0:63:74 [0] NCCL INFO NET/IB: Subnet-aware routing: overriding dev 5 with dev 2
node0:63:74 [0] NCCL INFO NET/IB: Subnet-aware routing: overriding dev 4 with dev 0
node0:63:74 [0] NCCL INFO NET/IB: Subnet-aware routing: overriding dev 5 with dev 2
node0:63:74 [0] NCCL INFO NET/IB: ncclIbResiliencyInit: Resiliency is disabled on the send communicator (comm=0xf8c374ea3000)
node0:63:74 [0] NCCL INFO NET/IB: Subnet-aware routing: overriding dev 5 with dev 2
node0:63:74 [0] NCCL INFO NET/IB: ncclIbSenderQpsToRts: Set ECE: IbDev 2 Port 1 qp_num 2240 set_ece={supported=1, vendor_id=0x15b3, options=0x30000002, comp_mask=0x0}
node0:63:74 [0] NCCL INFO NET/IB: ncclIbSenderQpsToRts: Set ECE: IbDev 2 Port 1 qp_num 2241 set_ece={supported=1, vendor_id=0x15b3, options=0x30000002, comp_mask=0x0}
node0:63:74 [0] NCCL INFO NET/IB: Subnet-aware routing: overriding dev 4 with dev 0
node0:63:74 [0] NCCL INFO NET/IB: ncclIbSenderQpsCreate: QP created: port=1 dev=0 devName=rocep1s0f0 ndevs=4 nmdevs=6 qp_num=46020 pkey=0 pd=0xf8c374208b60 oooRq=0
node0:63:74 [0] NCCL INFO NET/IB: ncclIbSenderQpsCreate: QP created: port=1 dev=0 devName=rocep1s0f0 ndevs=4 nmdevs=6 qp_num=46021 pkey=0 pd=0xf8c374208b60 oooRq=0
node0:63:74 [0] NCCL INFO NET/IB: ncclIbConnectImpl: NCCL Dev 0 IbDev 0 Port 1 qp_num 46020 mtu 5 GID 6 (0/164A8C0FFFF0000) ctsFifoRkey=0x221182 ctsFifoLkey=0x221182
node0:63:74 [0] NCCL INFO NET/IB: ncclIbConnectImpl: IbDev 0 Port 1 qp_num 46020 query_ece={supported=1, vendor_id=0x15b3, options=0x30000002, comp_mask=0x0}
node0:63:74 [0] NCCL INFO NET/IB: ncclIbConnectImpl: NCCL Dev 0 IbDev 0 Port 1 qp_num 46021 mtu 5 GID 6 (0/164A8C0FFFF0000) ctsFifoRkey=0x221182 ctsFifoLkey=0x221182
node0:63:74 [0] NCCL INFO NET/IB: ncclIbConnectImpl: IbDev 0 Port 1 qp_num 46021 query_ece={supported=1, vendor_id=0x15b3, options=0x30000002, comp_mask=0x0}
node0:63:74 [0] NCCL INFO NET/IB: Subnet-aware routing: overriding dev 4 with dev 1
node0:63:74 [0] NCCL INFO NET/IB: ncclIbReceiverQpsCreateToRts: QP created: port=1 dev=1 devName=rocep1s0f1 ndevs=4 nmdevs=6 qp_num=40885 pkey=0 pd=0xf8c37407dd30 oooRq=0
node0:63:74 [0] NCCL INFO NET/IB: ncclIbReceiverQpsCreateToRts: QP created: port=1 dev=1 devName=rocep1s0f1 ndevs=4 nmdevs=6 qp_num=40886 pkey=0 pd=0xf8c37407dd30 oooRq=0
node0:63:74 [0] NCCL INFO NET/IB: ncclIbReceiverQpsCreateToRts: Flush QP created: port=1 dev=1 devName=rocep1s0f1 ndevs=4 nmdevs=6 qp_num=40887 pkey=0 pd=0xf8c37407dd30
node0:63:74 [0] NCCL INFO NET/IB: Subnet-aware routing: overriding dev 5 with dev 2
node0:63:74 [0] NCCL INFO NET/IB: ncclIbResiliencyInit: Resiliency is disabled on the recv communicator (comm=0xf8c374fb9000)
node0:63:74 [0] NCCL INFO NET/IB: ncclIbRecvCommInit: Receive work requests will be posted on-demand
node0:63:74 [0] NCCL INFO NET/IB: Subnet-aware routing: overriding dev 4 with dev 0
node0:63:74 [0] NCCL INFO NET/IB: Subnet-aware routing: overriding dev 5 with dev 2
node0:63:74 [0] NCCL INFO NET/IB: Subnet-aware routing: overriding dev 4 with dev 0
node0:63:74 [0] NCCL INFO NET/IB: ncclIbResiliencyInit: Resiliency is disabled on the send communicator (comm=0xf8c375001000)
node0:63:74 [0] NCCL INFO NET/IB: Subnet-aware routing: overriding dev 4 with dev 0
node0:63:74 [0] NCCL INFO NET/IB: ncclIbSenderQpsToRts: Set ECE: IbDev 0 Port 1 qp_num 46020 set_ece={supported=1, vendor_id=0x15b3, options=0x30000002, comp_mask=0x0}
node0:63:74 [0] NCCL INFO NET/IB: ncclIbSenderQpsToRts: Set ECE: IbDev 0 Port 1 qp_num 46021 set_ece={supported=1, vendor_id=0x15b3, options=0x30000002, comp_mask=0x0}
node0:63:74 [0] NCCL INFO NET/IB: Subnet-aware routing: overriding dev 5 with dev 2
node0:63:74 [0] NCCL INFO NET/IB: ncclIbSenderQpsCreate: QP created: port=1 dev=2 devName=roceP2p1s0f0 ndevs=4 nmdevs=6 qp_num=2242 pkey=0 pd=0xf8c37421ceb0 oooRq=0
node0:63:74 [0] NCCL INFO NET/IB: ncclIbSenderQpsCreate: QP created: port=1 dev=2 devName=roceP2p1s0f0 ndevs=4 nmdevs=6 qp_num=2243 pkey=0 pd=0xf8c37421ceb0 oooRq=0
node0:63:74 [0] NCCL INFO NET/IB: ncclIbConnectImpl: NCCL Dev 2 IbDev 2 Port 1 qp_num 2242 mtu 5 GID 3 (0/16EA8C0FFFF0000) ctsFifoRkey=0x172924 ctsFifoLkey=0x172924
node0:63:74 [0] NCCL INFO NET/IB: ncclIbConnectImpl: IbDev 2 Port 1 qp_num 2242 query_ece={supported=1, vendor_id=0x15b3, options=0x30000002, comp_mask=0x0}
node0:63:74 [0] NCCL INFO NET/IB: ncclIbConnectImpl: NCCL Dev 2 IbDev 2 Port 1 qp_num 2243 mtu 5 GID 3 (0/16EA8C0FFFF0000) ctsFifoRkey=0x172924 ctsFifoLkey=0x172924
node0:63:74 [0] NCCL INFO NET/IB: ncclIbConnectImpl: IbDev 2 Port 1 qp_num 2243 query_ece={supported=1, vendor_id=0x15b3, options=0x30000002, comp_mask=0x0}
node0:63:74 [0] NCCL INFO NET/IB: Subnet-aware routing: overriding dev 5 with dev 3
node0:63:74 [0] NCCL INFO NET/IB: ncclIbReceiverQpsCreateToRts: QP created: port=1 dev=3 devName=roceP2p1s0f1 ndevs=4 nmdevs=6 qp_num=2167 pkey=0 pd=0xf8c37407d010 oooRq=0
node0:63:74 [0] NCCL INFO NET/IB: ncclIbReceiverQpsCreateToRts: QP created: port=1 dev=3 devName=roceP2p1s0f1 ndevs=4 nmdevs=6 qp_num=2168 pkey=0 pd=0xf8c37407d010 oooRq=0
node0:63:74 [0] NCCL INFO NET/IB: ncclIbReceiverQpsCreateToRts: Flush QP created: port=1 dev=3 devName=roceP2p1s0f1 ndevs=4 nmdevs=6 qp_num=2169 pkey=0 pd=0xf8c37407d010
node0:63:74 [0] NCCL INFO NET/IB: Subnet-aware routing: overriding dev 4 with dev 0
node0:63:74 [0] NCCL INFO NET/IB: ncclIbResiliencyInit: Resiliency is disabled on the recv communicator (comm=0xf8c375119000)
node0:63:74 [0] NCCL INFO NET/IB: ncclIbRecvCommInit: Receive work requests will be posted on-demand
node0:63:74 [0] NCCL INFO NET/IB: Subnet-aware routing: overriding dev 5 with dev 2
node0:63:74 [0] NCCL INFO NET/IB: ncclIbSenderQpsToRts: Set ECE: IbDev 2 Port 1 qp_num 2242 set_ece={supported=1, vendor_id=0x15b3, options=0x30000002, comp_mask=0x0}
node0:63:74 [0] NCCL INFO NET/IB: ncclIbSenderQpsToRts: Set ECE: IbDev 2 Port 1 qp_num 2243 set_ece={supported=1, vendor_id=0x15b3, options=0x30000002, comp_mask=0x0}
node0:63:74 [0] NCCL INFO NET/IB: Subnet-aware routing: overriding dev 4 with dev 0
node0:63:74 [0] NCCL INFO NET/IB: ncclIbSenderQpsCreate: QP created: port=1 dev=0 devName=rocep1s0f0 ndevs=4 nmdevs=6 qp_num=46022 pkey=0 pd=0xf8c374208b60 oooRq=0
node0:63:74 [0] NCCL INFO NET/IB: ncclIbSenderQpsCreate: QP created: port=1 dev=0 devName=rocep1s0f0 ndevs=4 nmdevs=6 qp_num=46023 pkey=0 pd=0xf8c374208b60 oooRq=0
node0:63:74 [0] NCCL INFO NET/IB: ncclIbConnectImpl: NCCL Dev 0 IbDev 0 Port 1 qp_num 46022 mtu 5 GID 6 (0/164A8C0FFFF0000) ctsFifoRkey=0x221383 ctsFifoLkey=0x221383
node0:63:74 [0] NCCL INFO NET/IB: ncclIbConnectImpl: IbDev 0 Port 1 qp_num 46022 query_ece={supported=1, vendor_id=0x15b3, options=0x30000002, comp_mask=0x0}
node0:63:74 [0] NCCL INFO NET/IB: ncclIbConnectImpl: NCCL Dev 0 IbDev 0 Port 1 qp_num 46023 mtu 5 GID 6 (0/164A8C0FFFF0000) ctsFifoRkey=0x221383 ctsFifoLkey=0x221383
node0:63:74 [0] NCCL INFO NET/IB: ncclIbConnectImpl: IbDev 0 Port 1 qp_num 46023 query_ece={supported=1, vendor_id=0x15b3, options=0x30000002, comp_mask=0x0}
node0:63:74 [0] NCCL INFO NET/IB: Subnet-aware routing: overriding dev 4 with dev 1
node0:63:74 [0] NCCL INFO NET/IB: ncclIbReceiverQpsCreateToRts: QP created: port=1 dev=1 devName=rocep1s0f1 ndevs=4 nmdevs=6 qp_num=40888 pkey=0 pd=0xf8c37407dd30 oooRq=0
node0:63:74 [0] NCCL INFO NET/IB: ncclIbReceiverQpsCreateToRts: QP created: port=1 dev=1 devName=rocep1s0f1 ndevs=4 nmdevs=6 qp_num=40889 pkey=0 pd=0xf8c37407dd30 oooRq=0
node0:63:74 [0] NCCL INFO NET/IB: ncclIbReceiverQpsCreateToRts: Flush QP created: port=1 dev=1 devName=rocep1s0f1 ndevs=4 nmdevs=6 qp_num=40890 pkey=0 pd=0xf8c37407dd30
node0:63:74 [0] NCCL INFO NET/IB: Subnet-aware routing: overriding dev 5 with dev 2
node0:63:74 [0] NCCL INFO NET/IB: ncclIbResiliencyInit: Resiliency is disabled on the send communicator (comm=0xf8c375231000)
node0:63:74 [0] NCCL INFO NET/IB: Subnet-aware routing: overriding dev 4 with dev 0
node0:63:74 [0] NCCL INFO NET/IB: Subnet-aware routing: overriding dev 5 with dev 2
node0:63:74 [0] NCCL INFO NET/IB: ncclIbResiliencyInit: Resiliency is disabled on the recv communicator (comm=0xf8c375275000)
node0:63:74 [0] NCCL INFO NET/IB: ncclIbRecvCommInit: Receive work requests will be posted on-demand
node0:63:74 [0] NCCL INFO NET/IB: Subnet-aware routing: overriding dev 4 with dev 0
node0:63:74 [0] NCCL INFO NET/IB: Subnet-aware routing: overriding dev 5 with dev 2
node0:63:74 [0] NCCL INFO NET/IB: Subnet-aware routing: overriding dev 4 with dev 0
node0:63:74 [0] NCCL INFO NET/IB: ncclIbResiliencyInit: Resiliency is disabled on the send communicator (comm=0xf8c3752bd000)
node0:63:74 [0] NCCL INFO NET/IB: Subnet-aware routing: overriding dev 4 with dev 0
node0:63:74 [0] NCCL INFO NET/IB: Subnet-aware routing: overriding dev 5 with dev 2
node0:63:74 [0] NCCL INFO NET/IB: Subnet-aware routing: overriding dev 4 with dev 0
node0:63:74 [0] NCCL INFO NET/IB: ncclIbResiliencyInit: Resiliency is disabled on the recv communicator (comm=0xf8c375301000)
node0:63:74 [0] NCCL INFO NET/IB: ncclIbRecvCommInit: Receive work requests will be posted on-demand
node0:63:74 [0] NCCL INFO NET/IB: Subnet-aware routing: overriding dev 4 with dev 0
node0:63:74 [0] NCCL INFO NET/IB: Subnet-aware routing: overriding dev 5 with dev 2
node0:63:74 [0] NCCL INFO NET/IB: ncclIbSenderQpsCreate: QP created: port=1 dev=2 devName=roceP2p1s0f0 ndevs=4 nmdevs=6 qp_num=2244 pkey=0 pd=0xf8c37421ceb0 oooRq=0
node0:63:74 [0] NCCL INFO NET/IB: ncclIbSenderQpsCreate: QP created: port=1 dev=2 devName=roceP2p1s0f0 ndevs=4 nmdevs=6 qp_num=2245 pkey=0 pd=0xf8c37421ceb0 oooRq=0
node0:63:74 [0] NCCL INFO NET/IB: ncclIbConnectImpl: NCCL Dev 2 IbDev 2 Port 1 qp_num 2244 mtu 5 GID 3 (0/16EA8C0FFFF0000) ctsFifoRkey=0x18f6ef ctsFifoLkey=0x18f6ef
node0:63:74 [0] NCCL INFO NET/IB: ncclIbConnectImpl: IbDev 2 Port 1 qp_num 2244 query_ece={supported=1, vendor_id=0x15b3, options=0x30000002, comp_mask=0x0}
node0:63:74 [0] NCCL INFO NET/IB: ncclIbConnectImpl: NCCL Dev 2 IbDev 2 Port 1 qp_num 2245 mtu 5 GID 3 (0/16EA8C0FFFF0000) ctsFifoRkey=0x18f6ef ctsFifoLkey=0x18f6ef
node0:63:74 [0] NCCL INFO NET/IB: ncclIbConnectImpl: IbDev 2 Port 1 qp_num 2245 query_ece={supported=1, vendor_id=0x15b3, options=0x30000002, comp_mask=0x0}
node0:63:74 [0] NCCL INFO NET/IB: Subnet-aware routing: overriding dev 4 with dev 0
node0:63:74 [0] NCCL INFO NET/IB: Subnet-aware routing: overriding dev 5 with dev 2
node0:63:74 [0] NCCL INFO NET/IB: ncclIbResiliencyInit: Resiliency is disabled on the send communicator (comm=0xf8c3753a0000)
node0:63:74 [0] NCCL INFO NET/IB: Subnet-aware routing: overriding dev 4 with dev 0
node0:63:74 [0] NCCL INFO NET/IB: ncclIbSenderQpsToRts: Set ECE: IbDev 0 Port 1 qp_num 46022 set_ece={supported=1, vendor_id=0x15b3, options=0x30000002, comp_mask=0x0}
node0:63:74 [0] NCCL INFO NET/IB: ncclIbSenderQpsToRts: Set ECE: IbDev 0 Port 1 qp_num 46023 set_ece={supported=1, vendor_id=0x15b3, options=0x30000002, comp_mask=0x0}
node0:63:74 [0] NCCL INFO NET/IB: Subnet-aware routing: overriding dev 5 with dev 2
node0:63:74 [0] NCCL INFO NET/IB: Subnet-aware routing: overriding dev 5 with dev 3
node0:63:74 [0] NCCL INFO NET/IB: ncclIbReceiverQpsCreateToRts: QP created: port=1 dev=3 devName=roceP2p1s0f1 ndevs=4 nmdevs=6 qp_num=2170 pkey=0 pd=0xf8c37407d010 oooRq=0
node0:63:74 [0] NCCL INFO NET/IB: ncclIbReceiverQpsCreateToRts: QP created: port=1 dev=3 devName=roceP2p1s0f1 ndevs=4 nmdevs=6 qp_num=2171 pkey=0 pd=0xf8c37407d010 oooRq=0
node0:63:74 [0] NCCL INFO NET/IB: ncclIbReceiverQpsCreateToRts: Flush QP created: port=1 dev=3 devName=roceP2p1s0f1 ndevs=4 nmdevs=6 qp_num=2172 pkey=0 pd=0xf8c37407d010
node0:63:74 [0] NCCL INFO NET/IB: Subnet-aware routing: overriding dev 4 with dev 0
node0:63:74 [0] NCCL INFO NET/IB: ncclIbSenderQpsCreate: QP created: port=1 dev=0 devName=rocep1s0f0 ndevs=4 nmdevs=6 qp_num=46024 pkey=0 pd=0xf8c374208b60 oooRq=0
node0:63:74 [0] NCCL INFO NET/IB: ncclIbSenderQpsCreate: QP created: port=1 dev=0 devName=rocep1s0f0 ndevs=4 nmdevs=6 qp_num=46025 pkey=0 pd=0xf8c374208b60 oooRq=0
node0:63:74 [0] NCCL INFO NET/IB: ncclIbConnectImpl: NCCL Dev 0 IbDev 0 Port 1 qp_num 46024 mtu 5 GID 6 (0/164A8C0FFFF0000) ctsFifoRkey=0x221f8e ctsFifoLkey=0x221f8e
node0:63:74 [0] NCCL INFO NET/IB: ncclIbConnectImpl: IbDev 0 Port 1 qp_num 46024 query_ece={supported=1, vendor_id=0x15b3, options=0x30000002, comp_mask=0x0}
node0:63:74 [0] NCCL INFO NET/IB: ncclIbConnectImpl: NCCL Dev 0 IbDev 0 Port 1 qp_num 46025 mtu 5 GID 6 (0/164A8C0FFFF0000) ctsFifoRkey=0x221f8e ctsFifoLkey=0x221f8e
node0:63:74 [0] NCCL INFO NET/IB: ncclIbConnectImpl: IbDev 0 Port 1 qp_num 46025 query_ece={supported=1, vendor_id=0x15b3, options=0x30000002, comp_mask=0x0}
node0:63:74 [0] NCCL INFO NET/IB: Subnet-aware routing: overriding dev 4 with dev 1
node0:63:74 [0] NCCL INFO NET/IB: ncclIbReceiverQpsCreateToRts: QP created: port=1 dev=1 devName=rocep1s0f1 ndevs=4 nmdevs=6 qp_num=40891 pkey=0 pd=0xf8c37407dd30 oooRq=0
node0:63:74 [0] NCCL INFO NET/IB: ncclIbReceiverQpsCreateToRts: QP created: port=1 dev=1 devName=rocep1s0f1 ndevs=4 nmdevs=6 qp_num=40892 pkey=0 pd=0xf8c37407dd30 oooRq=0
node0:63:74 [0] NCCL INFO NET/IB: ncclIbReceiverQpsCreateToRts: Flush QP created: port=1 dev=1 devName=rocep1s0f1 ndevs=4 nmdevs=6 qp_num=40893 pkey=0 pd=0xf8c37407dd30
node0:63:74 [0] NCCL INFO NET/IB: Subnet-aware routing: overriding dev 5 with dev 2
node0:63:74 [0] NCCL INFO NET/IB: ncclIbResiliencyInit: Resiliency is disabled on the recv communicator (comm=0xf8c375535000)
node0:63:74 [0] NCCL INFO NET/IB: ncclIbRecvCommInit: Receive work requests will be posted on-demand
node0:63:74 [0] NCCL INFO NET/IB: Subnet-aware routing: overriding dev 5 with dev 2
node0:63:74 [0] NCCL INFO NET/IB: ncclIbSenderQpsToRts: Set ECE: IbDev 2 Port 1 qp_num 2244 set_ece={supported=1, vendor_id=0x15b3, options=0x30000002, comp_mask=0x0}
node0:63:74 [0] NCCL INFO NET/IB: ncclIbSenderQpsToRts: Set ECE: IbDev 2 Port 1 qp_num 2245 set_ece={supported=1, vendor_id=0x15b3, options=0x30000002, comp_mask=0x0}
node0:63:74 [0] NCCL INFO NET/IB: Subnet-aware routing: overriding dev 4 with dev 0
node0:63:74 [0] NCCL INFO NET/IB: ncclIbSenderQpsToRts: Set ECE: IbDev 0 Port 1 qp_num 46024 set_ece={supported=1, vendor_id=0x15b3, options=0x30000002, comp_mask=0x0}
node0:63:74 [0] NCCL INFO NET/IB: ncclIbSenderQpsToRts: Set ECE: IbDev 0 Port 1 qp_num 46025 set_ece={supported=1, vendor_id=0x15b3, options=0x30000002, comp_mask=0x0}
node0:63:74 [0] NCCL INFO NET/IB: Subnet-aware routing: overriding dev 5 with dev 2
node0:63:74 [0] NCCL INFO NET/IB: ncclIbSenderQpsCreate: QP created: port=1 dev=2 devName=roceP2p1s0f0 ndevs=4 nmdevs=6 qp_num=2246 pkey=0 pd=0xf8c37421ceb0 oooRq=0
node0:63:74 [0] NCCL INFO NET/IB: ncclIbSenderQpsCreate: QP created: port=1 dev=2 devName=roceP2p1s0f0 ndevs=4 nmdevs=6 qp_num=2247 pkey=0 pd=0xf8c37421ceb0 oooRq=0
node0:63:74 [0] NCCL INFO NET/IB: ncclIbConnectImpl: NCCL Dev 2 IbDev 2 Port 1 qp_num 2246 mtu 5 GID 3 (0/16EA8C0FFFF0000) ctsFifoRkey=0x19a6a0 ctsFifoLkey=0x19a6a0
node0:63:74 [0] NCCL INFO NET/IB: ncclIbConnectImpl: IbDev 2 Port 1 qp_num 2246 query_ece={supported=1, vendor_id=0x15b3, options=0x30000002, comp_mask=0x0}
node0:63:74 [0] NCCL INFO NET/IB: ncclIbConnectImpl: NCCL Dev 2 IbDev 2 Port 1 qp_num 2247 mtu 5 GID 3 (0/16EA8C0FFFF0000) ctsFifoRkey=0x19a6a0 ctsFifoLkey=0x19a6a0
node0:63:74 [0] NCCL INFO NET/IB: ncclIbConnectImpl: IbDev 2 Port 1 qp_num 2247 query_ece={supported=1, vendor_id=0x15b3, options=0x30000002, comp_mask=0x0}
node0:63:74 [0] NCCL INFO NET/IB: Subnet-aware routing: overriding dev 5 with dev 3
node0:63:74 [0] NCCL INFO NET/IB: ncclIbReceiverQpsCreateToRts: QP created: port=1 dev=3 devName=roceP2p1s0f1 ndevs=4 nmdevs=6 qp_num=2173 pkey=0 pd=0xf8c37407d010 oooRq=0
node0:63:74 [0] NCCL INFO NET/IB: ncclIbReceiverQpsCreateToRts: QP created: port=1 dev=3 devName=roceP2p1s0f1 ndevs=4 nmdevs=6 qp_num=2174 pkey=0 pd=0xf8c37407d010 oooRq=0
node0:63:74 [0] NCCL INFO NET/IB: ncclIbReceiverQpsCreateToRts: Flush QP created: port=1 dev=3 devName=roceP2p1s0f1 ndevs=4 nmdevs=6 qp_num=2175 pkey=0 pd=0xf8c37407d010
node0:63:74 [0] NCCL INFO NET/IB: Subnet-aware routing: overriding dev 4 with dev 0
node0:63:74 [0] NCCL INFO NET/IB: ncclIbResiliencyInit: Resiliency is disabled on the send communicator (comm=0xf8c375648000)
node0:63:74 [0] NCCL INFO NET/IB: Subnet-aware routing: overriding dev 5 with dev 2
node0:63:74 [0] NCCL INFO NET/IB: Subnet-aware routing: overriding dev 4 with dev 0
node0:63:74 [0] NCCL INFO NET/IB: ncclIbResiliencyInit: Resiliency is disabled on the recv communicator (comm=0xf8c37568c000)
node0:63:74 [0] NCCL INFO NET/IB: ncclIbRecvCommInit: Receive work requests will be posted on-demand
node0:63:74 [0] NCCL INFO NET/IB: Subnet-aware routing: overriding dev 5 with dev 2
node0:63:74 [0] NCCL INFO NET/IB: ncclIbSenderQpsToRts: Set ECE: IbDev 2 Port 1 qp_num 2246 set_ece={supported=1, vendor_id=0x15b3, options=0x30000002, comp_mask=0x0}
node0:63:74 [0] NCCL INFO NET/IB: ncclIbSenderQpsToRts: Set ECE: IbDev 2 Port 1 qp_num 2247 set_ece={supported=1, vendor_id=0x15b3, options=0x30000002, comp_mask=0x0}
node0:63:74 [0] NCCL INFO NET/IB: Subnet-aware routing: overriding dev 4 with dev 0
node0:63:74 [0] NCCL INFO NET/IB: Subnet-aware routing: overriding dev 4 with dev 1
node0:63:74 [0] NCCL INFO NET/IB: ncclIbReceiverQpsCreateToRts: QP created: port=1 dev=1 devName=rocep1s0f1 ndevs=4 nmdevs=6 qp_num=40894 pkey=0 pd=0xf8c37407dd30 oooRq=0
node0:63:74 [0] NCCL INFO NET/IB: ncclIbReceiverQpsCreateToRts: QP created: port=1 dev=1 devName=rocep1s0f1 ndevs=4 nmdevs=6 qp_num=40895 pkey=0 pd=0xf8c37407dd30 oooRq=0
node0:63:74 [0] NCCL INFO NET/IB: ncclIbReceiverQpsCreateToRts: Flush QP created: port=1 dev=1 devName=rocep1s0f1 ndevs=4 nmdevs=6 qp_num=40896 pkey=0 pd=0xf8c37407dd30
node0:63:74 [0] NCCL INFO NET/IB: Subnet-aware routing: overriding dev 5 with dev 2
node0:63:74 [0] NCCL INFO NET/IB: ncclIbResiliencyInit: Resiliency is disabled on the send communicator (comm=0xf8c37574b000)
node0:63:74 [0] NCCL INFO NET/IB: Subnet-aware routing: overriding dev 4 with dev 0
node0:63:74 [0] NCCL INFO NET/IB: ncclIbSenderQpsCreate: QP created: port=1 dev=0 devName=rocep1s0f0 ndevs=4 nmdevs=6 qp_num=46026 pkey=0 pd=0xf8c374208b60 oooRq=0
node0:63:74 [0] NCCL INFO NET/IB: ncclIbSenderQpsCreate: QP created: port=1 dev=0 devName=rocep1s0f0 ndevs=4 nmdevs=6 qp_num=46027 pkey=0 pd=0xf8c374208b60 oooRq=0
node0:63:74 [0] NCCL INFO NET/IB: ncclIbConnectImpl: NCCL Dev 0 IbDev 0 Port 1 qp_num 46026 mtu 5 GID 6 (0/164A8C0FFFF0000) ctsFifoRkey=0x18927d ctsFifoLkey=0x18927d
node0:63:74 [0] NCCL INFO NET/IB: ncclIbConnectImpl: IbDev 0 Port 1 qp_num 46026 query_ece={supported=1, vendor_id=0x15b3, options=0x30000002, comp_mask=0x0}
node0:63:74 [0] NCCL INFO NET/IB: ncclIbConnectImpl: NCCL Dev 0 IbDev 0 Port 1 qp_num 46027 mtu 5 GID 6 (0/164A8C0FFFF0000) ctsFifoRkey=0x18927d ctsFifoLkey=0x18927d
node0:63:74 [0] NCCL INFO NET/IB: ncclIbConnectImpl: IbDev 0 Port 1 qp_num 46027 query_ece={supported=1, vendor_id=0x15b3, options=0x30000002, comp_mask=0x0}
node0:63:74 [0] NCCL INFO NET/IB: Subnet-aware routing: overriding dev 5 with dev 2
node0:63:74 [0] NCCL INFO NET/IB: ncclIbResiliencyInit: Resiliency is disabled on the recv communicator (comm=0xf8c3757e8000)
node0:63:74 [0] NCCL INFO NET/IB: ncclIbRecvCommInit: Receive work requests will be posted on-demand
node0:63:74 [0] NCCL INFO NET/IB: Subnet-aware routing: overriding dev 4 with dev 0
node0:63:74 [0] NCCL INFO NET/IB: Subnet-aware routing: overriding dev 5 with dev 2
node0:63:74 [0] NCCL INFO NET/IB: Subnet-aware routing: overriding dev 4 with dev 0
node0:63:74 [0] NCCL INFO NET/IB: ncclIbResiliencyInit: Resiliency is disabled on the send communicator (comm=0xf8c375830000)
node0:63:74 [0] NCCL INFO NET/IB: Subnet-aware routing: overriding dev 4 with dev 0
node0:63:74 [0] NCCL INFO NET/IB: Subnet-aware routing: overriding dev 5 with dev 2
node0:63:74 [0] NCCL INFO NET/IB: Subnet-aware routing: overriding dev 4 with dev 0
node0:63:74 [0] NCCL INFO NET/IB: ncclIbResiliencyInit: Resiliency is disabled on the recv communicator (comm=0xf8c375874000)
node0:63:74 [0] NCCL INFO NET/IB: ncclIbRecvCommInit: Receive work requests will be posted on-demand
node0:63:74 [0] NCCL INFO NET/IB: Subnet-aware routing: overriding dev 4 with dev 0
node0:63:74 [0] NCCL INFO NET/IB: Subnet-aware routing: overriding dev 5 with dev 2
node0:63:74 [0] NCCL INFO NET/IB: ncclIbSenderQpsCreate: QP created: port=1 dev=2 devName=roceP2p1s0f0 ndevs=4 nmdevs=6 qp_num=2248 pkey=0 pd=0xf8c37421ceb0 oooRq=0
node0:63:74 [0] NCCL INFO NET/IB: ncclIbSenderQpsCreate: QP created: port=1 dev=2 devName=roceP2p1s0f0 ndevs=4 nmdevs=6 qp_num=2249 pkey=0 pd=0xf8c37421ceb0 oooRq=0
node0:63:74 [0] NCCL INFO NET/IB: ncclIbConnectImpl: NCCL Dev 2 IbDev 2 Port 1 qp_num 2248 mtu 5 GID 3 (0/16EA8C0FFFF0000) ctsFifoRkey=0x19716f ctsFifoLkey=0x19716f
node0:63:74 [0] NCCL INFO NET/IB: ncclIbConnectImpl: IbDev 2 Port 1 qp_num 2248 query_ece={supported=1, vendor_id=0x15b3, options=0x30000002, comp_mask=0x0}
node0:63:74 [0] NCCL INFO NET/IB: ncclIbConnectImpl: NCCL Dev 2 IbDev 2 Port 1 qp_num 2249 mtu 5 GID 3 (0/16EA8C0FFFF0000) ctsFifoRkey=0x19716f ctsFifoLkey=0x19716f
node0:63:74 [0] NCCL INFO NET/IB: ncclIbConnectImpl: IbDev 2 Port 1 qp_num 2249 query_ece={supported=1, vendor_id=0x15b3, options=0x30000002, comp_mask=0x0}
node0:63:74 [0] NCCL INFO NET/IB: Subnet-aware routing: overriding dev 5 with dev 3
node0:63:74 [0] NCCL INFO NET/IB: ncclIbReceiverQpsCreateToRts: QP created: port=1 dev=3 devName=roceP2p1s0f1 ndevs=4 nmdevs=6 qp_num=2176 pkey=0 pd=0xf8c37407d010 oooRq=0
node0:63:74 [0] NCCL INFO NET/IB: ncclIbReceiverQpsCreateToRts: QP created: port=1 dev=3 devName=roceP2p1s0f1 ndevs=4 nmdevs=6 qp_num=2177 pkey=0 pd=0xf8c37407d010 oooRq=0
node0:63:74 [0] NCCL INFO NET/IB: ncclIbReceiverQpsCreateToRts: Flush QP created: port=1 dev=3 devName=roceP2p1s0f1 ndevs=4 nmdevs=6 qp_num=2178 pkey=0 pd=0xf8c37407d010
node0:63:74 [0] NCCL INFO NET/IB: Subnet-aware routing: overriding dev 4 with dev 0
node0:63:74 [0] NCCL INFO NET/IB: ncclIbSenderQpsCreate: QP created: port=1 dev=0 devName=rocep1s0f0 ndevs=4 nmdevs=6 qp_num=46028 pkey=0 pd=0xf8c374208b60 oooRq=0
node0:63:74 [0] NCCL INFO NET/IB: ncclIbSenderQpsCreate: QP created: port=1 dev=0 devName=rocep1s0f0 ndevs=4 nmdevs=6 qp_num=46029 pkey=0 pd=0xf8c374208b60 oooRq=0
node0:63:74 [0] NCCL INFO NET/IB: ncclIbConnectImpl: NCCL Dev 0 IbDev 0 Port 1 qp_num 46028 mtu 5 GID 6 (0/164A8C0FFFF0000) ctsFifoRkey=0x17bd7b ctsFifoLkey=0x17bd7b
node0:63:74 [0] NCCL INFO NET/IB: ncclIbConnectImpl: IbDev 0 Port 1 qp_num 46028 query_ece={supported=1, vendor_id=0x15b3, options=0x30000002, comp_mask=0x0}
node0:63:74 [0] NCCL INFO NET/IB: ncclIbConnectImpl: NCCL Dev 0 IbDev 0 Port 1 qp_num 46029 mtu 5 GID 6 (0/164A8C0FFFF0000) ctsFifoRkey=0x17bd7b ctsFifoLkey=0x17bd7b
node0:63:74 [0] NCCL INFO NET/IB: ncclIbConnectImpl: IbDev 0 Port 1 qp_num 46029 query_ece={supported=1, vendor_id=0x15b3, options=0x30000002, comp_mask=0x0}
node0:63:74 [0] NCCL INFO NET/IB: Subnet-aware routing: overriding dev 4 with dev 1
node0:63:74 [0] NCCL INFO NET/IB: ncclIbReceiverQpsCreateToRts: QP created: port=1 dev=1 devName=rocep1s0f1 ndevs=4 nmdevs=6 qp_num=40897 pkey=0 pd=0xf8c37407dd30 oooRq=0
node0:63:74 [0] NCCL INFO NET/IB: ncclIbReceiverQpsCreateToRts: QP created: port=1 dev=1 devName=rocep1s0f1 ndevs=4 nmdevs=6 qp_num=40898 pkey=0 pd=0xf8c37407dd30 oooRq=0
node0:63:74 [0] NCCL INFO NET/IB: ncclIbReceiverQpsCreateToRts: Flush QP created: port=1 dev=1 devName=rocep1s0f1 ndevs=4 nmdevs=6 qp_num=40899 pkey=0 pd=0xf8c37407dd30
node0:63:74 [0] NCCL INFO NET/IB: Subnet-aware routing: overriding dev 5 with dev 2
node0:63:74 [0] NCCL INFO NET/IB: ncclIbResiliencyInit: Resiliency is disabled on the send communicator (comm=0xf8c375a68000)
node0:63:74 [0] NCCL INFO NET/IB: Subnet-aware routing: overriding dev 4 with dev 0
node0:63:74 [0] NCCL INFO NET/IB: ncclIbSenderQpsToRts: Set ECE: IbDev 0 Port 1 qp_num 46026 set_ece={supported=1, vendor_id=0x15b3, options=0x30000002, comp_mask=0x0}
node0:63:74 [0] NCCL INFO NET/IB: ncclIbSenderQpsToRts: Set ECE: IbDev 0 Port 1 qp_num 46027 set_ece={supported=1, vendor_id=0x15b3, options=0x30000002, comp_mask=0x0}
node0:63:74 [0] NCCL INFO NET/IB: Subnet-aware routing: overriding dev 5 with dev 2
node0:63:74 [0] NCCL INFO NET/IB: ncclIbSenderQpsToRts: Set ECE: IbDev 2 Port 1 qp_num 2248 set_ece={supported=1, vendor_id=0x15b3, options=0x30000002, comp_mask=0x0}
node0:63:74 [0] NCCL INFO NET/IB: ncclIbSenderQpsToRts: Set ECE: IbDev 2 Port 1 qp_num 2249 set_ece={supported=1, vendor_id=0x15b3, options=0x30000002, comp_mask=0x0}
node0:63:74 [0] NCCL INFO NET/IB: Subnet-aware routing: overriding dev 4 with dev 0
node0:63:74 [0] NCCL INFO NET/IB: ncclIbSenderQpsToRts: Set ECE: IbDev 0 Port 1 qp_num 46028 set_ece={supported=1, vendor_id=0x15b3, options=0x30000002, comp_mask=0x0}
node0:63:74 [0] NCCL INFO NET/IB: ncclIbSenderQpsToRts: Set ECE: IbDev 0 Port 1 qp_num 46029 set_ece={supported=1, vendor_id=0x15b3, options=0x30000002, comp_mask=0x0}
node0:63:74 [0] NCCL INFO NET/IB: Subnet-aware routing: overriding dev 5 with dev 2
node0:63:74 [0] NCCL INFO NET/IB: ncclIbResiliencyInit: Resiliency is disabled on the recv communicator (comm=0xf8c375aac000)
node0:63:74 [0] NCCL INFO NET/IB: ncclIbRecvCommInit: Receive work requests will be posted on-demand
node0:63:74 [0] NCCL INFO NET/IB: Subnet-aware routing: overriding dev 5 with dev 2
node0:63:74 [0] NCCL INFO NET/IB: Subnet-aware routing: overriding dev 4 with dev 0
node0:63:74 [0] NCCL INFO NET/IB: ncclIbResiliencyInit: Resiliency is disabled on the send communicator (comm=0xf8c375af4000)
node0:63:74 [0] NCCL INFO NET/IB: Subnet-aware routing: overriding dev 5 with dev 2
node0:63:74 [0] NCCL INFO NET/IB: ncclIbSenderQpsCreate: QP created: port=1 dev=2 devName=roceP2p1s0f0 ndevs=4 nmdevs=6 qp_num=2250 pkey=0 pd=0xf8c37421ceb0 oooRq=0
node0:63:74 [0] NCCL INFO NET/IB: ncclIbSenderQpsCreate: QP created: port=1 dev=2 devName=roceP2p1s0f0 ndevs=4 nmdevs=6 qp_num=2251 pkey=0 pd=0xf8c37421ceb0 oooRq=0
node0:63:74 [0] NCCL INFO NET/IB: ncclIbConnectImpl: NCCL Dev 2 IbDev 2 Port 1 qp_num 2250 mtu 5 GID 3 (0/16EA8C0FFFF0000) ctsFifoRkey=0x1ca03b ctsFifoLkey=0x1ca03b
node0:63:74 [0] NCCL INFO NET/IB: ncclIbConnectImpl: IbDev 2 Port 1 qp_num 2250 query_ece={supported=1, vendor_id=0x15b3, options=0x30000002, comp_mask=0x0}
node0:63:74 [0] NCCL INFO NET/IB: ncclIbConnectImpl: NCCL Dev 2 IbDev 2 Port 1 qp_num 2251 mtu 5 GID 3 (0/16EA8C0FFFF0000) ctsFifoRkey=0x1ca03b ctsFifoLkey=0x1ca03b
node0:63:74 [0] NCCL INFO NET/IB: ncclIbConnectImpl: IbDev 2 Port 1 qp_num 2251 query_ece={supported=1, vendor_id=0x15b3, options=0x30000002, comp_mask=0x0}
node0:63:74 [0] NCCL INFO NET/IB: Subnet-aware routing: overriding dev 4 with dev 0
node0:63:74 [0] NCCL INFO NET/IB: ncclIbResiliencyInit: Resiliency is disabled on the recv communicator (comm=0xf8c375b8b000)
node0:63:74 [0] NCCL INFO NET/IB: ncclIbRecvCommInit: Receive work requests will be posted on-demand
node0:63:74 [0] NCCL INFO NET/IB: Subnet-aware routing: overriding dev 5 with dev 2
node0:63:74 [0] NCCL INFO NET/IB: Subnet-aware routing: overriding dev 4 with dev 0
node0:63:74 [0] NCCL INFO NET/IB: Subnet-aware routing: overriding dev 5 with dev 2
node0:63:74 [0] NCCL INFO NET/IB: ncclIbResiliencyInit: Resiliency is disabled on the send communicator (comm=0xf8c375bd3000)
node0:63:74 [0] NCCL INFO NET/IB: Subnet-aware routing: overriding dev 5 with dev 2
node0:63:74 [0] NCCL INFO NET/IB: Subnet-aware routing: overriding dev 5 with dev 3
node0:63:74 [0] NCCL INFO NET/IB: ncclIbReceiverQpsCreateToRts: QP created: port=1 dev=3 devName=roceP2p1s0f1 ndevs=4 nmdevs=6 qp_num=2179 pkey=0 pd=0xf8c37407d010 oooRq=0
node0:63:74 [0] NCCL INFO NET/IB: ncclIbReceiverQpsCreateToRts: QP created: port=1 dev=3 devName=roceP2p1s0f1 ndevs=4 nmdevs=6 qp_num=2180 pkey=0 pd=0xf8c37407d010 oooRq=0
node0:63:74 [0] NCCL INFO NET/IB: ncclIbReceiverQpsCreateToRts: Flush QP created: port=1 dev=3 devName=roceP2p1s0f1 ndevs=4 nmdevs=6 qp_num=2181 pkey=0 pd=0xf8c37407d010
node0:63:74 [0] NCCL INFO NET/IB: Subnet-aware routing: overriding dev 4 with dev 0
node0:63:74 [0] NCCL INFO NET/IB: Subnet-aware routing: overriding dev 4 with dev 1
node0:63:74 [0] NCCL INFO NET/IB: ncclIbReceiverQpsCreateToRts: QP created: port=1 dev=1 devName=rocep1s0f1 ndevs=4 nmdevs=6 qp_num=40900 pkey=0 pd=0xf8c37407dd30 oooRq=0
node0:63:74 [0] NCCL INFO NET/IB: ncclIbReceiverQpsCreateToRts: QP created: port=1 dev=1 devName=rocep1s0f1 ndevs=4 nmdevs=6 qp_num=40901 pkey=0 pd=0xf8c37407dd30 oooRq=0
node0:63:74 [0] NCCL INFO NET/IB: ncclIbReceiverQpsCreateToRts: Flush QP created: port=1 dev=1 devName=rocep1s0f1 ndevs=4 nmdevs=6 qp_num=40902 pkey=0 pd=0xf8c37407dd30
node0:63:74 [0] NCCL INFO NET/IB: Subnet-aware routing: overriding dev 5 with dev 2
node0:63:74 [0] NCCL INFO NET/IB: ncclIbResiliencyInit: Resiliency is disabled on the recv communicator (comm=0xf8c375d08000)
node0:63:74 [0] NCCL INFO NET/IB: ncclIbRecvCommInit: Receive work requests will be posted on-demand
node0:63:74 [0] NCCL INFO NET/IB: Subnet-aware routing: overriding dev 5 with dev 2
node0:63:74 [0] NCCL INFO NET/IB: Subnet-aware routing: overriding dev 4 with dev 0
node0:63:74 [0] NCCL INFO NET/IB: Subnet-aware routing: overriding dev 5 with dev 2
node0:63:74 [0] NCCL INFO NET/IB: Subnet-aware routing: overriding dev 4 with dev 0
node0:63:74 [0] NCCL INFO NET/IB: ncclIbResiliencyInit: Resiliency is disabled on the send communicator (comm=0xf8c375d50000)
node0:63:74 [0] NCCL INFO NET/IB: Subnet-aware routing: overriding dev 5 with dev 2
node0:63:74 [0] NCCL INFO NET/IB: ncclIbSenderQpsToRts: Set ECE: IbDev 2 Port 1 qp_num 2250 set_ece={supported=1, vendor_id=0x15b3, options=0x30000002, comp_mask=0x0}
node0:63:74 [0] NCCL INFO NET/IB: ncclIbSenderQpsToRts: Set ECE: IbDev 2 Port 1 qp_num 2251 set_ece={supported=1, vendor_id=0x15b3, options=0x30000002, comp_mask=0x0}
node0:63:74 [0] NCCL INFO NET/IB: Subnet-aware routing: overriding dev 4 with dev 0
node0:63:74 [0] NCCL INFO NET/IB: ncclIbSenderQpsCreate: QP created: port=1 dev=0 devName=rocep1s0f0 ndevs=4 nmdevs=6 qp_num=46030 pkey=0 pd=0xf8c374208b60 oooRq=0
node0:63:74 [0] NCCL INFO NET/IB: ncclIbSenderQpsCreate: QP created: port=1 dev=0 devName=rocep1s0f0 ndevs=4 nmdevs=6 qp_num=46031 pkey=0 pd=0xf8c374208b60 oooRq=0
node0:63:74 [0] NCCL INFO NET/IB: ncclIbConnectImpl: NCCL Dev 0 IbDev 0 Port 1 qp_num 46030 mtu 5 GID 6 (0/164A8C0FFFF0000) ctsFifoRkey=0x182be8 ctsFifoLkey=0x182be8
node0:63:74 [0] NCCL INFO NET/IB: ncclIbConnectImpl: IbDev 0 Port 1 qp_num 46030 query_ece={supported=1, vendor_id=0x15b3, options=0x30000002, comp_mask=0x0}
node0:63:74 [0] NCCL INFO NET/IB: ncclIbConnectImpl: NCCL Dev 0 IbDev 0 Port 1 qp_num 46031 mtu 5 GID 6 (0/164A8C0FFFF0000) ctsFifoRkey=0x182be8 ctsFifoLkey=0x182be8
node0:63:74 [0] NCCL INFO NET/IB: ncclIbConnectImpl: IbDev 0 Port 1 qp_num 46031 query_ece={supported=1, vendor_id=0x15b3, options=0x30000002, comp_mask=0x0}
node0:63:74 [0] NCCL INFO NET/IB: Subnet-aware routing: overriding dev 5 with dev 2
node0:63:74 [0] NCCL INFO NET/IB: ncclIbSenderQpsCreate: QP created: port=1 dev=2 devName=roceP2p1s0f0 ndevs=4 nmdevs=6 qp_num=2252 pkey=0 pd=0xf8c37421ceb0 oooRq=0
node0:63:74 [0] NCCL INFO NET/IB: ncclIbSenderQpsCreate: QP created: port=1 dev=2 devName=roceP2p1s0f0 ndevs=4 nmdevs=6 qp_num=2253 pkey=0 pd=0xf8c37421ceb0 oooRq=0
node0:63:74 [0] NCCL INFO NET/IB: ncclIbConnectImpl: NCCL Dev 2 IbDev 2 Port 1 qp_num 2252 mtu 5 GID 3 (0/16EA8C0FFFF0000) ctsFifoRkey=0x198c8b ctsFifoLkey=0x198c8b
node0:63:74 [0] NCCL INFO NET/IB: ncclIbConnectImpl: IbDev 2 Port 1 qp_num 2252 query_ece={supported=1, vendor_id=0x15b3, options=0x30000002, comp_mask=0x0}
node0:63:74 [0] NCCL INFO NET/IB: ncclIbConnectImpl: NCCL Dev 2 IbDev 2 Port 1 qp_num 2253 mtu 5 GID 3 (0/16EA8C0FFFF0000) ctsFifoRkey=0x198c8b ctsFifoLkey=0x198c8b
node0:63:74 [0] NCCL INFO NET/IB: ncclIbConnectImpl: IbDev 2 Port 1 qp_num 2253 query_ece={supported=1, vendor_id=0x15b3, options=0x30000002, comp_mask=0x0}
node0:63:74 [0] NCCL INFO NET/IB: Subnet-aware routing: overriding dev 5 with dev 3
node0:63:74 [0] NCCL INFO NET/IB: ncclIbReceiverQpsCreateToRts: QP created: port=1 dev=3 devName=roceP2p1s0f1 ndevs=4 nmdevs=6 qp_num=2182 pkey=0 pd=0xf8c37407d010 oooRq=0
node0:63:74 [0] NCCL INFO NET/IB: ncclIbReceiverQpsCreateToRts: QP created: port=1 dev=3 devName=roceP2p1s0f1 ndevs=4 nmdevs=6 qp_num=2183 pkey=0 pd=0xf8c37407d010 oooRq=0
node0:63:74 [0] NCCL INFO NET/IB: ncclIbReceiverQpsCreateToRts: Flush QP created: port=1 dev=3 devName=roceP2p1s0f1 ndevs=4 nmdevs=6 qp_num=2184 pkey=0 pd=0xf8c37407d010
node0:63:74 [0] NCCL INFO NET/IB: Subnet-aware routing: overriding dev 4 with dev 0
node0:63:74 [0] NCCL INFO NET/IB: ncclIbResiliencyInit: Resiliency is disabled on the recv communicator (comm=0xf8c375ec0000)
node0:63:74 [0] NCCL INFO NET/IB: ncclIbRecvCommInit: Receive work requests will be posted on-demand
node0:63:74 [0] NCCL INFO NET/IB: Subnet-aware routing: overriding dev 4 with dev 0
node0:63:74 [0] NCCL INFO NET/IB: ncclIbSenderQpsToRts: Set ECE: IbDev 0 Port 1 qp_num 46030 set_ece={supported=1, vendor_id=0x15b3, options=0x30000002, comp_mask=0x0}
node0:63:74 [0] NCCL INFO NET/IB: ncclIbSenderQpsToRts: Set ECE: IbDev 0 Port 1 qp_num 46031 set_ece={supported=1, vendor_id=0x15b3, options=0x30000002, comp_mask=0x0}
node0:63:74 [0] NCCL INFO NET/IB: Subnet-aware routing: overriding dev 5 with dev 2
node0:63:74 [0] NCCL INFO NET/IB: ncclIbSenderQpsToRts: Set ECE: IbDev 2 Port 1 qp_num 2252 set_ece={supported=1, vendor_id=0x15b3, options=0x30000002, comp_mask=0x0}
node0:63:74 [0] NCCL INFO NET/IB: ncclIbSenderQpsToRts: Set ECE: IbDev 2 Port 1 qp_num 2253 set_ece={supported=1, vendor_id=0x15b3, options=0x30000002, comp_mask=0x0}
node0:63:74 [0] NCCL INFO NET/IB: Subnet-aware routing: overriding dev 4 with dev 0
node0:63:74 [0] NCCL INFO NET/IB: ncclIbSenderQpsCreate: QP created: port=1 dev=0 devName=rocep1s0f0 ndevs=4 nmdevs=6 qp_num=46032 pkey=0 pd=0xf8c374208b60 oooRq=0
node0:63:74 [0] NCCL INFO NET/IB: ncclIbSenderQpsCreate: QP created: port=1 dev=0 devName=rocep1s0f0 ndevs=4 nmdevs=6 qp_num=46033 pkey=0 pd=0xf8c374208b60 oooRq=0
node0:63:74 [0] NCCL INFO NET/IB: ncclIbConnectImpl: NCCL Dev 0 IbDev 0 Port 1 qp_num 46032 mtu 5 GID 6 (0/164A8C0FFFF0000) ctsFifoRkey=0x17af6c ctsFifoLkey=0x17af6c
node0:63:74 [0] NCCL INFO NET/IB: ncclIbConnectImpl: IbDev 0 Port 1 qp_num 46032 query_ece={supported=1, vendor_id=0x15b3, options=0x30000002, comp_mask=0x0}
node0:63:74 [0] NCCL INFO NET/IB: ncclIbConnectImpl: NCCL Dev 0 IbDev 0 Port 1 qp_num 46033 mtu 5 GID 6 (0/164A8C0FFFF0000) ctsFifoRkey=0x17af6c ctsFifoLkey=0x17af6c
node0:63:74 [0] NCCL INFO NET/IB: ncclIbConnectImpl: IbDev 0 Port 1 qp_num 46033 query_ece={supported=1, vendor_id=0x15b3, options=0x30000002, comp_mask=0x0}
node0:63:74 [0] NCCL INFO NET/IB: Subnet-aware routing: overriding dev 4 with dev 1
node0:63:74 [0] NCCL INFO NET/IB: ncclIbReceiverQpsCreateToRts: QP created: port=1 dev=1 devName=rocep1s0f1 ndevs=4 nmdevs=6 qp_num=40903 pkey=0 pd=0xf8c37407dd30 oooRq=0
node0:63:74 [0] NCCL INFO NET/IB: ncclIbReceiverQpsCreateToRts: QP created: port=1 dev=1 devName=rocep1s0f1 ndevs=4 nmdevs=6 qp_num=40904 pkey=0 pd=0xf8c37407dd30 oooRq=0
node0:63:74 [0] NCCL INFO NET/IB: ncclIbReceiverQpsCreateToRts: Flush QP created: port=1 dev=1 devName=rocep1s0f1 ndevs=4 nmdevs=6 qp_num=40905 pkey=0 pd=0xf8c37407dd30
node0:63:74 [0] NCCL INFO NET/IB: Subnet-aware routing: overriding dev 5 with dev 2
node0:63:74 [0] NCCL INFO NET/IB: ncclIbResiliencyInit: Resiliency is disabled on the send communicator (comm=0xf8c375fd9000)
node0:63:74 [0] NCCL INFO NET/IB: Subnet-aware routing: overriding dev 4 with dev 0
node0:63:74 [0] NCCL INFO NET/IB: Subnet-aware routing: overriding dev 5 with dev 2
node0:63:74 [0] NCCL INFO NET/IB: ncclIbResiliencyInit: Resiliency is disabled on the recv communicator (comm=0xf8c37601d000)
node0:63:74 [0] NCCL INFO NET/IB: ncclIbRecvCommInit: Receive work requests will be posted on-demand
node0:63:74 [0] NCCL INFO NET/IB: Subnet-aware routing: overriding dev 4 with dev 0
node0:63:74 [0] NCCL INFO NET/IB: Subnet-aware routing: overriding dev 5 with dev 2
node0:63:74 [0] NCCL INFO NET/IB: Subnet-aware routing: overriding dev 4 with dev 0
node0:63:74 [0] NCCL INFO NET/IB: ncclIbResiliencyInit: Resiliency is disabled on the send communicator (comm=0xf8c376065000)
node0:63:74 [0] NCCL INFO NET/IB: Subnet-aware routing: overriding dev 4 with dev 0
node0:63:74 [0] NCCL INFO NET/IB: Subnet-aware routing: overriding dev 5 with dev 2
node0:63:74 [0] NCCL INFO NET/IB: Subnet-aware routing: overriding dev 4 with dev 0
node0:63:74 [0] NCCL INFO NET/IB: ncclIbResiliencyInit: Resiliency is disabled on the recv communicator (comm=0xf8c3760a9000)
node0:63:74 [0] NCCL INFO NET/IB: ncclIbRecvCommInit: Receive work requests will be posted on-demand
node0:63:74 [0] NCCL INFO NET/IB: Subnet-aware routing: overriding dev 4 with dev 0
node0:63:74 [0] NCCL INFO NET/IB: Subnet-aware routing: overriding dev 5 with dev 2
node0:63:74 [0] NCCL INFO NET/IB: ncclIbSenderQpsCreate: QP created: port=1 dev=2 devName=roceP2p1s0f0 ndevs=4 nmdevs=6 qp_num=2254 pkey=0 pd=0xf8c37421ceb0 oooRq=0
node0:63:74 [0] NCCL INFO NET/IB: ncclIbSenderQpsCreate: QP created: port=1 dev=2 devName=roceP2p1s0f0 ndevs=4 nmdevs=6 qp_num=2255 pkey=0 pd=0xf8c37421ceb0 oooRq=0
node0:63:74 [0] NCCL INFO NET/IB: ncclIbConnectImpl: NCCL Dev 2 IbDev 2 Port 1 qp_num 2254 mtu 5 GID 3 (0/16EA8C0FFFF0000) ctsFifoRkey=0x198381 ctsFifoLkey=0x198381
node0:63:74 [0] NCCL INFO NET/IB: ncclIbConnectImpl: IbDev 2 Port 1 qp_num 2254 query_ece={supported=1, vendor_id=0x15b3, options=0x30000002, comp_mask=0x0}
node0:63:74 [0] NCCL INFO NET/IB: ncclIbConnectImpl: NCCL Dev 2 IbDev 2 Port 1 qp_num 2255 mtu 5 GID 3 (0/16EA8C0FFFF0000) ctsFifoRkey=0x198381 ctsFifoLkey=0x198381
node0:63:74 [0] NCCL INFO NET/IB: ncclIbConnectImpl: IbDev 2 Port 1 qp_num 2255 query_ece={supported=1, vendor_id=0x15b3, options=0x30000002, comp_mask=0x0}
node0:63:74 [0] NCCL INFO NET/IB: Subnet-aware routing: overriding dev 5 with dev 3
node0:63:74 [0] NCCL INFO NET/IB: ncclIbReceiverQpsCreateToRts: QP created: port=1 dev=3 devName=roceP2p1s0f1 ndevs=4 nmdevs=6 qp_num=2185 pkey=0 pd=0xf8c37407d010 oooRq=0
node0:63:74 [0] NCCL INFO NET/IB: ncclIbReceiverQpsCreateToRts: QP created: port=1 dev=3 devName=roceP2p1s0f1 ndevs=4 nmdevs=6 qp_num=2186 pkey=0 pd=0xf8c37407d010 oooRq=0
node0:63:74 [0] NCCL INFO NET/IB: ncclIbReceiverQpsCreateToRts: Flush QP created: port=1 dev=3 devName=roceP2p1s0f1 ndevs=4 nmdevs=6 qp_num=2187 pkey=0 pd=0xf8c37407d010
node0:63:74 [0] NCCL INFO NET/IB: Subnet-aware routing: overriding dev 4 with dev 0
node0:63:74 [0] NCCL INFO NET/IB: ncclIbSenderQpsCreate: QP created: port=1 dev=0 devName=rocep1s0f0 ndevs=4 nmdevs=6 qp_num=46034 pkey=0 pd=0xf8c374208b60 oooRq=0
node0:63:74 [0] NCCL INFO NET/IB: ncclIbSenderQpsCreate: QP created: port=1 dev=0 devName=rocep1s0f0 ndevs=4 nmdevs=6 qp_num=46035 pkey=0 pd=0xf8c374208b60 oooRq=0
node0:63:74 [0] NCCL INFO NET/IB: ncclIbConnectImpl: NCCL Dev 0 IbDev 0 Port 1 qp_num 46034 mtu 5 GID 6 (0/164A8C0FFFF0000) ctsFifoRkey=0x222c9b ctsFifoLkey=0x222c9b
node0:63:74 [0] NCCL INFO NET/IB: ncclIbConnectImpl: IbDev 0 Port 1 qp_num 46034 query_ece={supported=1, vendor_id=0x15b3, options=0x30000002, comp_mask=0x0}
node0:63:74 [0] NCCL INFO NET/IB: ncclIbConnectImpl: NCCL Dev 0 IbDev 0 Port 1 qp_num 46035 mtu 5 GID 6 (0/164A8C0FFFF0000) ctsFifoRkey=0x222c9b ctsFifoLkey=0x222c9b
node0:63:74 [0] NCCL INFO NET/IB: ncclIbConnectImpl: IbDev 0 Port 1 qp_num 46035 query_ece={supported=1, vendor_id=0x15b3, options=0x30000002, comp_mask=0x0}
node0:63:74 [0] NCCL INFO NET/IB: Subnet-aware routing: overriding dev 4 with dev 1
node0:63:74 [0] NCCL INFO NET/IB: ncclIbReceiverQpsCreateToRts: QP created: port=1 dev=1 devName=rocep1s0f1 ndevs=4 nmdevs=6 qp_num=40906 pkey=0 pd=0xf8c37407dd30 oooRq=0
node0:63:74 [0] NCCL INFO NET/IB: ncclIbReceiverQpsCreateToRts: QP created: port=1 dev=1 devName=rocep1s0f1 ndevs=4 nmdevs=6 qp_num=40907 pkey=0 pd=0xf8c37407dd30 oooRq=0
node0:63:74 [0] NCCL INFO NET/IB: ncclIbReceiverQpsCreateToRts: Flush QP created: port=1 dev=1 devName=rocep1s0f1 ndevs=4 nmdevs=6 qp_num=40908 pkey=0 pd=0xf8c37407dd30
node0:63:74 [0] NCCL INFO NET/IB: Subnet-aware routing: overriding dev 5 with dev 2
node0:63:74 [0] NCCL INFO NET/IB: ncclIbResiliencyInit: Resiliency is disabled on the send communicator (comm=0xf8c376294000)
node0:63:74 [0] NCCL INFO NET/IB: Subnet-aware routing: overriding dev 4 with dev 0
node0:63:74 [0] NCCL INFO NET/IB: ncclIbSenderQpsToRts: Set ECE: IbDev 0 Port 1 qp_num 46032 set_ece={supported=1, vendor_id=0x15b3, options=0x30000002, comp_mask=0x0}
node0:63:74 [0] NCCL INFO NET/IB: ncclIbSenderQpsToRts: Set ECE: IbDev 0 Port 1 qp_num 46033 set_ece={supported=1, vendor_id=0x15b3, options=0x30000002, comp_mask=0x0}
node0:63:74 [0] NCCL INFO NET/IB: Subnet-aware routing: overriding dev 5 with dev 2
node0:63:74 [0] NCCL INFO NET/IB: ncclIbSenderQpsToRts: Set ECE: IbDev 2 Port 1 qp_num 2254 set_ece={supported=1, vendor_id=0x15b3, options=0x30000002, comp_mask=0x0}
node0:63:74 [0] NCCL INFO NET/IB: ncclIbSenderQpsToRts: Set ECE: IbDev 2 Port 1 qp_num 2255 set_ece={supported=1, vendor_id=0x15b3, options=0x30000002, comp_mask=0x0}
node0:63:74 [0] NCCL INFO NET/IB: Subnet-aware routing: overriding dev 4 with dev 0
node0:63:74 [0] NCCL INFO NET/IB: ncclIbSenderQpsToRts: Set ECE: IbDev 0 Port 1 qp_num 46034 set_ece={supported=1, vendor_id=0x15b3, options=0x30000002, comp_mask=0x0}
node0:63:74 [0] NCCL INFO NET/IB: ncclIbSenderQpsToRts: Set ECE: IbDev 0 Port 1 qp_num 46035 set_ece={supported=1, vendor_id=0x15b3, options=0x30000002, comp_mask=0x0}
node0:63:74 [0] NCCL INFO NET/IB: Subnet-aware routing: overriding dev 5 with dev 2
node0:63:74 [0] NCCL INFO NET/IB: ncclIbResiliencyInit: Resiliency is disabled on the recv communicator (comm=0xf8c3762d5000)
node0:63:74 [0] NCCL INFO NET/IB: ncclIbRecvCommInit: Receive work requests will be posted on-demand
node0:63:74 [0] NCCL INFO NET/IB: Subnet-aware routing: overriding dev 5 with dev 2
node0:63:74 [0] NCCL INFO NET/IB: Subnet-aware routing: overriding dev 4 with dev 0
node0:63:74 [0] NCCL INFO NET/IB: ncclIbResiliencyInit: Resiliency is disabled on the send communicator (comm=0xf8c37631a000)
node0:63:74 [0] NCCL INFO NET/IB: Subnet-aware routing: overriding dev 5 with dev 2
node0:63:74 [0] NCCL INFO NET/IB: Subnet-aware routing: overriding dev 4 with dev 0
node0:63:74 [0] NCCL INFO NET/IB: ncclIbResiliencyInit: Resiliency is disabled on the recv communicator (comm=0xf8c37635b000)
node0:63:74 [0] NCCL INFO NET/IB: ncclIbRecvCommInit: Receive work requests will be posted on-demand
node0:63:74 [0] NCCL INFO NET/IB: Subnet-aware routing: overriding dev 5 with dev 2
node0:63:74 [0] NCCL INFO NET/IB: Subnet-aware routing: overriding dev 4 with dev 0
node0:63:74 [0] NCCL INFO NET/IB: Subnet-aware routing: overriding dev 5 with dev 2
node0:63:74 [0] NCCL INFO NET/IB: ncclIbResiliencyInit: Resiliency is disabled on the send communicator (comm=0xf8c3763a0000)
node0:63:74 [0] NCCL INFO NET/IB: Subnet-aware routing: overriding dev 5 with dev 2
node0:63:74 [0] NCCL INFO NET/IB: ncclIbSenderQpsCreate: QP created: port=1 dev=2 devName=roceP2p1s0f0 ndevs=4 nmdevs=6 qp_num=2256 pkey=0 pd=0xf8c37421ceb0 oooRq=0
node0:63:74 [0] NCCL INFO NET/IB: ncclIbSenderQpsCreate: QP created: port=1 dev=2 devName=roceP2p1s0f0 ndevs=4 nmdevs=6 qp_num=2257 pkey=0 pd=0xf8c37421ceb0 oooRq=0
node0:63:74 [0] NCCL INFO NET/IB: ncclIbConnectImpl: NCCL Dev 2 IbDev 2 Port 1 qp_num 2256 mtu 5 GID 3 (0/16EA8C0FFFF0000) ctsFifoRkey=0x172e2b ctsFifoLkey=0x172e2b
node0:63:74 [0] NCCL INFO NET/IB: ncclIbConnectImpl: IbDev 2 Port 1 qp_num 2256 query_ece={supported=1, vendor_id=0x15b3, options=0x30000002, comp_mask=0x0}
node0:63:74 [0] NCCL INFO NET/IB: ncclIbConnectImpl: NCCL Dev 2 IbDev 2 Port 1 qp_num 2257 mtu 5 GID 3 (0/16EA8C0FFFF0000) ctsFifoRkey=0x172e2b ctsFifoLkey=0x172e2b
node0:63:74 [0] NCCL INFO NET/IB: ncclIbConnectImpl: IbDev 2 Port 1 qp_num 2257 query_ece={supported=1, vendor_id=0x15b3, options=0x30000002, comp_mask=0x0}
node0:63:74 [0] NCCL INFO NET/IB: Subnet-aware routing: overriding dev 5 with dev 3
node0:63:74 [0] NCCL INFO NET/IB: ncclIbReceiverQpsCreateToRts: QP created: port=1 dev=3 devName=roceP2p1s0f1 ndevs=4 nmdevs=6 qp_num=2188 pkey=0 pd=0xf8c37407d010 oooRq=0
node0:63:74 [0] NCCL INFO NET/IB: ncclIbReceiverQpsCreateToRts: QP created: port=1 dev=3 devName=roceP2p1s0f1 ndevs=4 nmdevs=6 qp_num=2189 pkey=0 pd=0xf8c37407d010 oooRq=0
node0:63:74 [0] NCCL INFO NET/IB: ncclIbReceiverQpsCreateToRts: Flush QP created: port=1 dev=3 devName=roceP2p1s0f1 ndevs=4 nmdevs=6 qp_num=2190 pkey=0 pd=0xf8c37407d010
node0:63:74 [0] NCCL INFO NET/IB: Subnet-aware routing: overriding dev 4 with dev 0
node0:63:74 [0] NCCL INFO NET/IB: ncclIbSenderQpsCreate: QP created: port=1 dev=0 devName=rocep1s0f0 ndevs=4 nmdevs=6 qp_num=46036 pkey=0 pd=0xf8c374208b60 oooRq=0
node0:63:74 [0] NCCL INFO NET/IB: ncclIbSenderQpsCreate: QP created: port=1 dev=0 devName=rocep1s0f0 ndevs=4 nmdevs=6 qp_num=46037 pkey=0 pd=0xf8c374208b60 oooRq=0
node0:63:74 [0] NCCL INFO NET/IB: ncclIbConnectImpl: NCCL Dev 0 IbDev 0 Port 1 qp_num 46036 mtu 5 GID 6 (0/164A8C0FFFF0000) ctsFifoRkey=0x16c987 ctsFifoLkey=0x16c987
node0:63:74 [0] NCCL INFO NET/IB: ncclIbConnectImpl: IbDev 0 Port 1 qp_num 46036 query_ece={supported=1, vendor_id=0x15b3, options=0x30000002, comp_mask=0x0}
node0:63:74 [0] NCCL INFO NET/IB: ncclIbConnectImpl: NCCL Dev 0 IbDev 0 Port 1 qp_num 46037 mtu 5 GID 6 (0/164A8C0FFFF0000) ctsFifoRkey=0x16c987 ctsFifoLkey=0x16c987
node0:63:74 [0] NCCL INFO NET/IB: ncclIbConnectImpl: IbDev 0 Port 1 qp_num 46037 query_ece={supported=1, vendor_id=0x15b3, options=0x30000002, comp_mask=0x0}
node0:63:74 [0] NCCL INFO NET/IB: Subnet-aware routing: overriding dev 4 with dev 1
node0:63:74 [0] NCCL INFO NET/IB: ncclIbReceiverQpsCreateToRts: QP created: port=1 dev=1 devName=rocep1s0f1 ndevs=4 nmdevs=6 qp_num=40909 pkey=0 pd=0xf8c37407dd30 oooRq=0
node0:63:74 [0] NCCL INFO NET/IB: ncclIbReceiverQpsCreateToRts: QP created: port=1 dev=1 devName=rocep1s0f1 ndevs=4 nmdevs=6 qp_num=40910 pkey=0 pd=0xf8c37407dd30 oooRq=0
node0:63:74 [0] NCCL INFO NET/IB: ncclIbReceiverQpsCreateToRts: Flush QP created: port=1 dev=1 devName=rocep1s0f1 ndevs=4 nmdevs=6 qp_num=40911 pkey=0 pd=0xf8c37407dd30
node0:63:74 [0] NCCL INFO NET/IB: Subnet-aware routing: overriding dev 5 with dev 2
node0:63:74 [0] NCCL INFO NET/IB: ncclIbResiliencyInit: Resiliency is disabled on the recv communicator (comm=0xf8c37658c000)
node0:63:74 [0] NCCL INFO NET/IB: ncclIbRecvCommInit: Receive work requests will be posted on-demand
node0:63:74 [0] NCCL INFO NET/IB: Subnet-aware routing: overriding dev 5 with dev 2
node0:63:74 [0] NCCL INFO NET/IB: ncclIbSenderQpsToRts: Set ECE: IbDev 2 Port 1 qp_num 2256 set_ece={supported=1, vendor_id=0x15b3, options=0x30000002, comp_mask=0x0}
node0:63:74 [0] NCCL INFO NET/IB: ncclIbSenderQpsToRts: Set ECE: IbDev 2 Port 1 qp_num 2257 set_ece={supported=1, vendor_id=0x15b3, options=0x30000002, comp_mask=0x0}
node0:63:74 [0] NCCL INFO NET/IB: Subnet-aware routing: overriding dev 4 with dev 0
node0:63:74 [0] NCCL INFO NET/IB: Subnet-aware routing: overriding dev 5 with dev 2
node0:63:74 [0] NCCL INFO NET/IB: ncclIbSenderQpsCreate: QP created: port=1 dev=2 devName=roceP2p1s0f0 ndevs=4 nmdevs=6 qp_num=2258 pkey=0 pd=0xf8c37421ceb0 oooRq=0
node0:63:74 [0] NCCL INFO NET/IB: ncclIbSenderQpsCreate: QP created: port=1 dev=2 devName=roceP2p1s0f0 ndevs=4 nmdevs=6 qp_num=2259 pkey=0 pd=0xf8c37421ceb0 oooRq=0
node0:63:74 [0] NCCL INFO NET/IB: ncclIbConnectImpl: NCCL Dev 2 IbDev 2 Port 1 qp_num 2258 mtu 5 GID 3 (0/16EA8C0FFFF0000) ctsFifoRkey=0x192221 ctsFifoLkey=0x192221
node0:63:74 [0] NCCL INFO NET/IB: ncclIbConnectImpl: IbDev 2 Port 1 qp_num 2258 query_ece={supported=1, vendor_id=0x15b3, options=0x30000002, comp_mask=0x0}
node0:63:74 [0] NCCL INFO NET/IB: ncclIbConnectImpl: NCCL Dev 2 IbDev 2 Port 1 qp_num 2259 mtu 5 GID 3 (0/16EA8C0FFFF0000) ctsFifoRkey=0x192221 ctsFifoLkey=0x192221
node0:63:74 [0] NCCL INFO NET/IB: ncclIbConnectImpl: IbDev 2 Port 1 qp_num 2259 query_ece={supported=1, vendor_id=0x15b3, options=0x30000002, comp_mask=0x0}
node0:63:74 [0] NCCL INFO NET/IB: Subnet-aware routing: overriding dev 5 with dev 3
node0:63:74 [0] NCCL INFO NET/IB: ncclIbReceiverQpsCreateToRts: QP created: port=1 dev=3 devName=roceP2p1s0f1 ndevs=4 nmdevs=6 qp_num=2191 pkey=0 pd=0xf8c37407d010 oooRq=0
node0:63:74 [0] NCCL INFO NET/IB: ncclIbReceiverQpsCreateToRts: QP created: port=1 dev=3 devName=roceP2p1s0f1 ndevs=4 nmdevs=6 qp_num=2192 pkey=0 pd=0xf8c37407d010 oooRq=0
node0:63:74 [0] NCCL INFO NET/IB: ncclIbReceiverQpsCreateToRts: Flush QP created: port=1 dev=3 devName=roceP2p1s0f1 ndevs=4 nmdevs=6 qp_num=2193 pkey=0 pd=0xf8c37407d010
node0:63:74 [0] NCCL INFO NET/IB: Subnet-aware routing: overriding dev 4 with dev 0
node0:63:74 [0] NCCL INFO NET/IB: ncclIbResiliencyInit: Resiliency is disabled on the send communicator (comm=0xf8c3766a4000)
node0:63:74 [0] NCCL INFO NET/IB: Subnet-aware routing: overriding dev 4 with dev 0
node0:63:74 [0] NCCL INFO NET/IB: ncclIbSenderQpsToRts: Set ECE: IbDev 0 Port 1 qp_num 46036 set_ece={supported=1, vendor_id=0x15b3, options=0x30000002, comp_mask=0x0}
node0:63:74 [0] NCCL INFO NET/IB: ncclIbSenderQpsToRts: Set ECE: IbDev 0 Port 1 qp_num 46037 set_ece={supported=1, vendor_id=0x15b3, options=0x30000002, comp_mask=0x0}
node0:63:74 [0] NCCL INFO NET/IB: Subnet-aware routing: overriding dev 5 with dev 2
node0:63:74 [0] NCCL INFO NET/IB: ncclIbSenderQpsToRts: Set ECE: IbDev 2 Port 1 qp_num 2258 set_ece={supported=1, vendor_id=0x15b3, options=0x30000002, comp_mask=0x0}
node0:63:74 [0] NCCL INFO NET/IB: ncclIbSenderQpsToRts: Set ECE: IbDev 2 Port 1 qp_num 2259 set_ece={supported=1, vendor_id=0x15b3, options=0x30000002, comp_mask=0x0}
node0:63:74 [0] NCCL INFO NET/IB: Subnet-aware routing: overriding dev 4 with dev 0
node0:63:74 [0] NCCL INFO NET/IB: ncclIbResiliencyInit: Resiliency is disabled on the recv communicator (comm=0xf8c3766e5000)
node0:63:74 [0] NCCL INFO NET/IB: ncclIbRecvCommInit: Receive work requests will be posted on-demand
node0:63:74 [0] NCCL INFO NET/IB: Subnet-aware routing: overriding dev 4 with dev 0
node0:63:74 [0] NCCL INFO NET/IB: Subnet-aware routing: overriding dev 5 with dev 2
node0:63:74 [0] NCCL INFO NET/IB: ncclIbResiliencyInit: Resiliency is disabled on the send communicator (comm=0xf8c37672a000)
node0:63:74 [0] NCCL INFO NET/IB: Subnet-aware routing: overriding dev 4 with dev 0
node0:63:74 [0] NCCL INFO NET/IB: Subnet-aware routing: overriding dev 5 with dev 2
node0:63:74 [0] NCCL INFO NET/IB: ncclIbResiliencyInit: Resiliency is disabled on the recv communicator (comm=0xf8c37676e000)
node0:63:74 [0] NCCL INFO NET/IB: ncclIbRecvCommInit: Receive work requests will be posted on-demand
node0:63:74 [0] NCCL INFO NET/IB: Subnet-aware routing: overriding dev 4 with dev 0
node0:63:74 [0] NCCL INFO NET/IB: Subnet-aware routing: overriding dev 4 with dev 1
node0:63:74 [0] NCCL INFO NET/IB: ncclIbReceiverQpsCreateToRts: QP created: port=1 dev=1 devName=rocep1s0f1 ndevs=4 nmdevs=6 qp_num=40912 pkey=0 pd=0xf8c37407dd30 oooRq=0
node0:63:74 [0] NCCL INFO NET/IB: ncclIbReceiverQpsCreateToRts: QP created: port=1 dev=1 devName=rocep1s0f1 ndevs=4 nmdevs=6 qp_num=40913 pkey=0 pd=0xf8c37407dd30 oooRq=0
node0:63:74 [0] NCCL INFO NET/IB: ncclIbReceiverQpsCreateToRts: Flush QP created: port=1 dev=1 devName=rocep1s0f1 ndevs=4 nmdevs=6 qp_num=40914 pkey=0 pd=0xf8c37407dd30
node0:63:74 [0] NCCL INFO NET/IB: Subnet-aware routing: overriding dev 5 with dev 2
node0:63:74 [0] NCCL INFO NET/IB: Subnet-aware routing: overriding dev 4 with dev 0
node0:63:74 [0] NCCL INFO NET/IB: ncclIbResiliencyInit: Resiliency is disabled on the send communicator (comm=0xf8c37682b000)
node0:63:74 [0] NCCL INFO NET/IB: Subnet-aware routing: overriding dev 4 with dev 0
node0:63:74 [0] NCCL INFO NET/IB: ncclIbSenderQpsCreate: QP created: port=1 dev=0 devName=rocep1s0f0 ndevs=4 nmdevs=6 qp_num=46038 pkey=0 pd=0xf8c374208b60 oooRq=0
node0:63:74 [0] NCCL INFO NET/IB: ncclIbSenderQpsCreate: QP created: port=1 dev=0 devName=rocep1s0f0 ndevs=4 nmdevs=6 qp_num=46039 pkey=0 pd=0xf8c374208b60 oooRq=0
node0:63:74 [0] NCCL INFO NET/IB: ncclIbConnectImpl: NCCL Dev 0 IbDev 0 Port 1 qp_num 46038 mtu 5 GID 6 (0/164A8C0FFFF0000) ctsFifoRkey=0x1808c5 ctsFifoLkey=0x1808c5
node0:63:74 [0] NCCL INFO NET/IB: ncclIbConnectImpl: IbDev 0 Port 1 qp_num 46038 query_ece={supported=1, vendor_id=0x15b3, options=0x30000002, comp_mask=0x0}
node0:63:74 [0] NCCL INFO NET/IB: ncclIbConnectImpl: NCCL Dev 0 IbDev 0 Port 1 qp_num 46039 mtu 5 GID 6 (0/164A8C0FFFF0000) ctsFifoRkey=0x1808c5 ctsFifoLkey=0x1808c5
node0:63:74 [0] NCCL INFO NET/IB: ncclIbConnectImpl: IbDev 0 Port 1 qp_num 46039 query_ece={supported=1, vendor_id=0x15b3, options=0x30000002, comp_mask=0x0}
node0:63:74 [0] NCCL INFO NET/IB: Subnet-aware routing: overriding dev 5 with dev 2
node0:63:74 [0] NCCL INFO NET/IB: ncclIbSenderQpsCreate: QP created: port=1 dev=2 devName=roceP2p1s0f0 ndevs=4 nmdevs=6 qp_num=2260 pkey=0 pd=0xf8c37421ceb0 oooRq=0
node0:63:74 [0] NCCL INFO NET/IB: ncclIbSenderQpsCreate: QP created: port=1 dev=2 devName=roceP2p1s0f0 ndevs=4 nmdevs=6 qp_num=2261 pkey=0 pd=0xf8c37421ceb0 oooRq=0
node0:63:74 [0] NCCL INFO NET/IB: ncclIbConnectImpl: NCCL Dev 2 IbDev 2 Port 1 qp_num 2260 mtu 5 GID 3 (0/16EA8C0FFFF0000) ctsFifoRkey=0x18dfdc ctsFifoLkey=0x18dfdc
node0:63:74 [0] NCCL INFO NET/IB: ncclIbConnectImpl: IbDev 2 Port 1 qp_num 2260 query_ece={supported=1, vendor_id=0x15b3, options=0x30000002, comp_mask=0x0}
node0:63:74 [0] NCCL INFO NET/IB: ncclIbConnectImpl: NCCL Dev 2 IbDev 2 Port 1 qp_num 2261 mtu 5 GID 3 (0/16EA8C0FFFF0000) ctsFifoRkey=0x18dfdc ctsFifoLkey=0x18dfdc
node0:63:74 [0] NCCL INFO NET/IB: ncclIbConnectImpl: IbDev 2 Port 1 qp_num 2261 query_ece={supported=1, vendor_id=0x15b3, options=0x30000002, comp_mask=0x0}
node0:63:74 [0] NCCL INFO NET/IB: Subnet-aware routing: overriding dev 4 with dev 0
node0:63:74 [0] NCCL INFO NET/IB: ncclIbResiliencyInit: Resiliency is disabled on the recv communicator (comm=0xf8c376925000)
node0:63:74 [0] NCCL INFO NET/IB: ncclIbRecvCommInit: Receive work requests will be posted on-demand
node0:63:74 [0] NCCL INFO NET/IB: Subnet-aware routing: overriding dev 4 with dev 0
node0:63:74 [0] NCCL INFO NET/IB: Subnet-aware routing: overriding dev 5 with dev 2
node0:63:74 [0] NCCL INFO NET/IB: Subnet-aware routing: overriding dev 5 with dev 3
node0:63:74 [0] NCCL INFO NET/IB: ncclIbReceiverQpsCreateToRts: QP created: port=1 dev=3 devName=roceP2p1s0f1 ndevs=4 nmdevs=6 qp_num=2194 pkey=0 pd=0xf8c37407d010 oooRq=0
node0:63:74 [0] NCCL INFO NET/IB: ncclIbReceiverQpsCreateToRts: QP created: port=1 dev=3 devName=roceP2p1s0f1 ndevs=4 nmdevs=6 qp_num=2195 pkey=0 pd=0xf8c37407d010 oooRq=0
node0:63:74 [0] NCCL INFO NET/IB: ncclIbReceiverQpsCreateToRts: Flush QP created: port=1 dev=3 devName=roceP2p1s0f1 ndevs=4 nmdevs=6 qp_num=2196 pkey=0 pd=0xf8c37407d010
node0:63:74 [0] NCCL INFO NET/IB: Subnet-aware routing: overriding dev 4 with dev 0
node0:63:74 [0] NCCL INFO NET/IB: Subnet-aware routing: overriding dev 4 with dev 1
node0:63:74 [0] NCCL INFO NET/IB: ncclIbReceiverQpsCreateToRts: QP created: port=1 dev=1 devName=rocep1s0f1 ndevs=4 nmdevs=6 qp_num=40915 pkey=0 pd=0xf8c37407dd30 oooRq=0
node0:63:74 [0] NCCL INFO NET/IB: ncclIbReceiverQpsCreateToRts: QP created: port=1 dev=1 devName=rocep1s0f1 ndevs=4 nmdevs=6 qp_num=40916 pkey=0 pd=0xf8c37407dd30 oooRq=0
node0:63:74 [0] NCCL INFO NET/IB: ncclIbReceiverQpsCreateToRts: Flush QP created: port=1 dev=1 devName=rocep1s0f1 ndevs=4 nmdevs=6 qp_num=40917 pkey=0 pd=0xf8c37407dd30
node0:63:74 [0] NCCL INFO NET/IB: Subnet-aware routing: overriding dev 5 with dev 2
node0:63:74 [0] NCCL INFO NET/IB: ncclIbResiliencyInit: Resiliency is disabled on the send communicator (comm=0xf8c376a61000)
node0:63:74 [0] NCCL INFO NET/IB: Subnet-aware routing: overriding dev 4 with dev 0
node0:63:74 [0] NCCL INFO NET/IB: ncclIbSenderQpsToRts: Set ECE: IbDev 0 Port 1 qp_num 46038 set_ece={supported=1, vendor_id=0x15b3, options=0x30000002, comp_mask=0x0}
node0:63:74 [0] NCCL INFO NET/IB: ncclIbSenderQpsToRts: Set ECE: IbDev 0 Port 1 qp_num 46039 set_ece={supported=1, vendor_id=0x15b3, options=0x30000002, comp_mask=0x0}
node0:63:74 [0] NCCL INFO NET/IB: Subnet-aware routing: overriding dev 5 with dev 2
node0:63:74 [0] NCCL INFO NET/IB: ncclIbSenderQpsToRts: Set ECE: IbDev 2 Port 1 qp_num 2260 set_ece={supported=1, vendor_id=0x15b3, options=0x30000002, comp_mask=0x0}
node0:63:74 [0] NCCL INFO NET/IB: ncclIbSenderQpsToRts: Set ECE: IbDev 2 Port 1 qp_num 2261 set_ece={supported=1, vendor_id=0x15b3, options=0x30000002, comp_mask=0x0}
node0:63:74 [0] NCCL INFO NET/IB: Subnet-aware routing: overriding dev 4 with dev 0
node0:63:74 [0] NCCL INFO NET/IB: ncclIbSenderQpsCreate: QP created: port=1 dev=0 devName=rocep1s0f0 ndevs=4 nmdevs=6 qp_num=46040 pkey=0 pd=0xf8c374208b60 oooRq=0
node0:63:74 [0] NCCL INFO NET/IB: ncclIbSenderQpsCreate: QP created: port=1 dev=0 devName=rocep1s0f0 ndevs=4 nmdevs=6 qp_num=46041 pkey=0 pd=0xf8c374208b60 oooRq=0
node0:63:74 [0] NCCL INFO NET/IB: ncclIbConnectImpl: NCCL Dev 0 IbDev 0 Port 1 qp_num 46040 mtu 5 GID 6 (0/164A8C0FFFF0000) ctsFifoRkey=0x222291 ctsFifoLkey=0x222291
node0:63:74 [0] NCCL INFO NET/IB: ncclIbConnectImpl: IbDev 0 Port 1 qp_num 46040 query_ece={supported=1, vendor_id=0x15b3, options=0x30000002, comp_mask=0x0}
node0:63:74 [0] NCCL INFO NET/IB: ncclIbConnectImpl: NCCL Dev 0 IbDev 0 Port 1 qp_num 46041 mtu 5 GID 6 (0/164A8C0FFFF0000) ctsFifoRkey=0x222291 ctsFifoLkey=0x222291
node0:63:74 [0] NCCL INFO NET/IB: ncclIbConnectImpl: IbDev 0 Port 1 qp_num 46041 query_ece={supported=1, vendor_id=0x15b3, options=0x30000002, comp_mask=0x0}
node0:63:74 [0] NCCL INFO NET/IB: Subnet-aware routing: overriding dev 5 with dev 2
node0:63:74 [0] NCCL INFO NET/IB: ncclIbResiliencyInit: Resiliency is disabled on the recv communicator (comm=0xf8c376af8000)
node0:63:74 [0] NCCL INFO NET/IB: ncclIbRecvCommInit: Receive work requests will be posted on-demand
node0:63:74 [0] NCCL INFO NET/IB: Subnet-aware routing: overriding dev 4 with dev 0
node0:63:74 [0] NCCL INFO NET/IB: Subnet-aware routing: overriding dev 5 with dev 2
node0:63:74 [0] NCCL INFO NET/IB: Subnet-aware routing: overriding dev 4 with dev 0
node0:63:74 [0] NCCL INFO NET/IB: ncclIbResiliencyInit: Resiliency is disabled on the send communicator (comm=0xf8c376b40000)
node0:63:74 [0] NCCL INFO NET/IB: Subnet-aware routing: overriding dev 4 with dev 0
node0:63:74 [0] NCCL INFO NET/IB: Subnet-aware routing: overriding dev 5 with dev 2
node0:63:74 [0] NCCL INFO NET/IB: Subnet-aware routing: overriding dev 4 with dev 0
node0:63:74 [0] NCCL INFO NET/IB: ncclIbResiliencyInit: Resiliency is disabled on the recv communicator (comm=0xf8c376b84000)
node0:63:74 [0] NCCL INFO NET/IB: ncclIbRecvCommInit: Receive work requests will be posted on-demand
node0:63:74 [0] NCCL INFO NET/IB: Subnet-aware routing: overriding dev 4 with dev 0
node0:63:74 [0] NCCL INFO NET/IB: Subnet-aware routing: overriding dev 5 with dev 2
node0:63:74 [0] NCCL INFO NET/IB: Subnet-aware routing: overriding dev 5 with dev 3
node0:63:74 [0] NCCL INFO NET/IB: ncclIbReceiverQpsCreateToRts: QP created: port=1 dev=3 devName=roceP2p1s0f1 ndevs=4 nmdevs=6 qp_num=2197 pkey=0 pd=0xf8c37407d010 oooRq=0
node0:63:74 [0] NCCL INFO NET/IB: ncclIbReceiverQpsCreateToRts: QP created: port=1 dev=3 devName=roceP2p1s0f1 ndevs=4 nmdevs=6 qp_num=2198 pkey=0 pd=0xf8c37407d010 oooRq=0
node0:63:74 [0] NCCL INFO NET/IB: ncclIbReceiverQpsCreateToRts: Flush QP created: port=1 dev=3 devName=roceP2p1s0f1 ndevs=4 nmdevs=6 qp_num=2199 pkey=0 pd=0xf8c37407d010
node0:63:74 [0] NCCL INFO NET/IB: Subnet-aware routing: overriding dev 4 with dev 0
node0:63:74 [0] NCCL INFO NET/IB: ncclIbSenderQpsCreate: QP created: port=1 dev=0 devName=rocep1s0f0 ndevs=4 nmdevs=6 qp_num=46042 pkey=0 pd=0xf8c374208b60 oooRq=0
node0:63:74 [0] NCCL INFO NET/IB: ncclIbSenderQpsCreate: QP created: port=1 dev=0 devName=rocep1s0f0 ndevs=4 nmdevs=6 qp_num=46043 pkey=0 pd=0xf8c374208b60 oooRq=0
node0:63:74 [0] NCCL INFO NET/IB: ncclIbConnectImpl: NCCL Dev 0 IbDev 0 Port 1 qp_num 46042 mtu 5 GID 6 (0/164A8C0FFFF0000) ctsFifoRkey=0x1738f5 ctsFifoLkey=0x1738f5
node0:63:74 [0] NCCL INFO NET/IB: ncclIbConnectImpl: IbDev 0 Port 1 qp_num 46042 query_ece={supported=1, vendor_id=0x15b3, options=0x30000002, comp_mask=0x0}
node0:63:74 [0] NCCL INFO NET/IB: ncclIbConnectImpl: NCCL Dev 0 IbDev 0 Port 1 qp_num 46043 mtu 5 GID 6 (0/164A8C0FFFF0000) ctsFifoRkey=0x1738f5 ctsFifoLkey=0x1738f5
node0:63:74 [0] NCCL INFO NET/IB: ncclIbConnectImpl: IbDev 0 Port 1 qp_num 46043 query_ece={supported=1, vendor_id=0x15b3, options=0x30000002, comp_mask=0x0}
node0:63:74 [0] NCCL INFO NET/IB: Subnet-aware routing: overriding dev 5 with dev 2
node0:63:74 [0] NCCL INFO NET/IB: ncclIbResiliencyInit: Resiliency is disabled on the send communicator (comm=0xf8c376c9d000)
node0:63:74 [0] NCCL INFO NET/IB: Subnet-aware routing: overriding dev 4 with dev 0
node0:63:74 [0] NCCL INFO NET/IB: ncclIbSenderQpsToRts: Set ECE: IbDev 0 Port 1 qp_num 46040 set_ece={supported=1, vendor_id=0x15b3, options=0x30000002, comp_mask=0x0}
node0:63:74 [0] NCCL INFO NET/IB: ncclIbSenderQpsToRts: Set ECE: IbDev 0 Port 1 qp_num 46041 set_ece={supported=1, vendor_id=0x15b3, options=0x30000002, comp_mask=0x0}
node0:63:74 [0] NCCL INFO NET/IB: Subnet-aware routing: overriding dev 5 with dev 2
node0:63:74 [0] NCCL INFO NET/IB: ncclIbSenderQpsCreate: QP created: port=1 dev=2 devName=roceP2p1s0f0 ndevs=4 nmdevs=6 qp_num=2262 pkey=0 pd=0xf8c37421ceb0 oooRq=0
node0:63:74 [0] NCCL INFO NET/IB: ncclIbSenderQpsCreate: QP created: port=1 dev=2 devName=roceP2p1s0f0 ndevs=4 nmdevs=6 qp_num=2263 pkey=0 pd=0xf8c37421ceb0 oooRq=0
node0:63:74 [0] NCCL INFO NET/IB: ncclIbConnectImpl: NCCL Dev 2 IbDev 2 Port 1 qp_num 2262 mtu 5 GID 3 (0/16EA8C0FFFF0000) ctsFifoRkey=0x170f0d ctsFifoLkey=0x170f0d
node0:63:74 [0] NCCL INFO NET/IB: ncclIbConnectImpl: IbDev 2 Port 1 qp_num 2262 query_ece={supported=1, vendor_id=0x15b3, options=0x30000002, comp_mask=0x0}
node0:63:74 [0] NCCL INFO NET/IB: ncclIbConnectImpl: NCCL Dev 2 IbDev 2 Port 1 qp_num 2263 mtu 5 GID 3 (0/16EA8C0FFFF0000) ctsFifoRkey=0x170f0d ctsFifoLkey=0x170f0d
node0:63:74 [0] NCCL INFO NET/IB: ncclIbConnectImpl: IbDev 2 Port 1 qp_num 2263 query_ece={supported=1, vendor_id=0x15b3, options=0x30000002, comp_mask=0x0}
node0:63:74 [0] NCCL INFO NET/IB: Subnet-aware routing: overriding dev 4 with dev 0
node0:63:74 [0] NCCL INFO NET/IB: Subnet-aware routing: overriding dev 4 with dev 1
node0:63:74 [0] NCCL INFO NET/IB: ncclIbReceiverQpsCreateToRts: QP created: port=1 dev=1 devName=rocep1s0f1 ndevs=4 nmdevs=6 qp_num=40918 pkey=0 pd=0xf8c37407dd30 oooRq=0
node0:63:74 [0] NCCL INFO NET/IB: ncclIbReceiverQpsCreateToRts: QP created: port=1 dev=1 devName=rocep1s0f1 ndevs=4 nmdevs=6 qp_num=40919 pkey=0 pd=0xf8c37407dd30 oooRq=0
node0:63:74 [0] NCCL INFO NET/IB: ncclIbReceiverQpsCreateToRts: Flush QP created: port=1 dev=1 devName=rocep1s0f1 ndevs=4 nmdevs=6 qp_num=40920 pkey=0 pd=0xf8c37407dd30
node0:63:74 [0] NCCL INFO NET/IB: Subnet-aware routing: overriding dev 5 with dev 2
node0:63:74 [0] NCCL INFO NET/IB: ncclIbResiliencyInit: Resiliency is disabled on the recv communicator (comm=0xf8c376db5000)
node0:63:74 [0] NCCL INFO NET/IB: ncclIbRecvCommInit: Receive work requests will be posted on-demand
node0:63:74 [0] NCCL INFO NET/IB: Subnet-aware routing: overriding dev 5 with dev 2
node0:63:74 [0] NCCL INFO NET/IB: Subnet-aware routing: overriding dev 4 with dev 0
node0:63:74 [0] NCCL INFO NET/IB: Subnet-aware routing: overriding dev 5 with dev 2
node0:63:74 [0] NCCL INFO NET/IB: Subnet-aware routing: overriding dev 4 with dev 0
node0:63:74 [0] NCCL INFO NET/IB: ncclIbResiliencyInit: Resiliency is disabled on the send communicator (comm=0xf8c376dfd000)
node0:63:74 [0] NCCL INFO NET/IB: Subnet-aware routing: overriding dev 5 with dev 2
node0:63:74 [0] NCCL INFO NET/IB: ncclIbSenderQpsToRts: Set ECE: IbDev 2 Port 1 qp_num 2262 set_ece={supported=1, vendor_id=0x15b3, options=0x30000002, comp_mask=0x0}
node0:63:74 [0] NCCL INFO NET/IB: ncclIbSenderQpsToRts: Set ECE: IbDev 2 Port 1 qp_num 2263 set_ece={supported=1, vendor_id=0x15b3, options=0x30000002, comp_mask=0x0}
node0:63:74 [0] NCCL INFO NET/IB: Subnet-aware routing: overriding dev 4 with dev 0
node0:63:74 [0] NCCL INFO NET/IB: ncclIbSenderQpsToRts: Set ECE: IbDev 0 Port 1 qp_num 46042 set_ece={supported=1, vendor_id=0x15b3, options=0x30000002, comp_mask=0x0}
node0:63:74 [0] NCCL INFO NET/IB: ncclIbSenderQpsToRts: Set ECE: IbDev 0 Port 1 qp_num 46043 set_ece={supported=1, vendor_id=0x15b3, options=0x30000002, comp_mask=0x0}
node0:63:74 [0] NCCL INFO NET/IB: Subnet-aware routing: overriding dev 5 with dev 2
node0:63:74 [0] NCCL INFO NET/IB: ncclIbSenderQpsCreate: QP created: port=1 dev=2 devName=roceP2p1s0f0 ndevs=4 nmdevs=6 qp_num=2264 pkey=0 pd=0xf8c37421ceb0 oooRq=0
node0:63:74 [0] NCCL INFO NET/IB: ncclIbSenderQpsCreate: QP created: port=1 dev=2 devName=roceP2p1s0f0 ndevs=4 nmdevs=6 qp_num=2265 pkey=0 pd=0xf8c37421ceb0 oooRq=0
node0:63:74 [0] NCCL INFO NET/IB: ncclIbConnectImpl: NCCL Dev 2 IbDev 2 Port 1 qp_num 2264 mtu 5 GID 3 (0/16EA8C0FFFF0000) ctsFifoRkey=0x18e6e3 ctsFifoLkey=0x18e6e3
node0:63:74 [0] NCCL INFO NET/IB: ncclIbConnectImpl: IbDev 2 Port 1 qp_num 2264 query_ece={supported=1, vendor_id=0x15b3, options=0x30000002, comp_mask=0x0}
node0:63:74 [0] NCCL INFO NET/IB: ncclIbConnectImpl: NCCL Dev 2 IbDev 2 Port 1 qp_num 2265 mtu 5 GID 3 (0/16EA8C0FFFF0000) ctsFifoRkey=0x18e6e3 ctsFifoLkey=0x18e6e3
node0:63:74 [0] NCCL INFO NET/IB: ncclIbConnectImpl: IbDev 2 Port 1 qp_num 2265 query_ece={supported=1, vendor_id=0x15b3, options=0x30000002, comp_mask=0x0}
node0:63:74 [0] NCCL INFO NET/IB: Subnet-aware routing: overriding dev 5 with dev 3
node0:63:74 [0] NCCL INFO NET/IB: ncclIbReceiverQpsCreateToRts: QP created: port=1 dev=3 devName=roceP2p1s0f1 ndevs=4 nmdevs=6 qp_num=2200 pkey=0 pd=0xf8c37407d010 oooRq=0
node0:63:74 [0] NCCL INFO NET/IB: ncclIbReceiverQpsCreateToRts: QP created: port=1 dev=3 devName=roceP2p1s0f1 ndevs=4 nmdevs=6 qp_num=2201 pkey=0 pd=0xf8c37407d010 oooRq=0
node0:63:74 [0] NCCL INFO NET/IB: ncclIbReceiverQpsCreateToRts: Flush QP created: port=1 dev=3 devName=roceP2p1s0f1 ndevs=4 nmdevs=6 qp_num=2202 pkey=0 pd=0xf8c37407d010
node0:63:74 [0] NCCL INFO NET/IB: Subnet-aware routing: overriding dev 4 with dev 0
node0:63:74 [0] NCCL INFO NET/IB: ncclIbResiliencyInit: Resiliency is disabled on the recv communicator (comm=0xf8c376f11000)
node0:63:74 [0] NCCL INFO NET/IB: ncclIbRecvCommInit: Receive work requests will be posted on-demand
node0:63:74 [0] NCCL INFO NET/IB: Subnet-aware routing: overriding dev 5 with dev 2
node0:63:74 [0] NCCL INFO NET/IB: Subnet-aware routing: overriding dev 4 with dev 0
node0:63:74 [0] NCCL INFO NET/IB: Subnet-aware routing: overriding dev 5 with dev 2
node0:63:74 [0] NCCL INFO NET/IB: ncclIbResiliencyInit: Resiliency is disabled on the send communicator (comm=0xf8c376f59000)
node0:63:74 [0] NCCL INFO NET/IB: Subnet-aware routing: overriding dev 5 with dev 2
node0:63:74 [0] NCCL INFO NET/IB: ncclIbSenderQpsToRts: Set ECE: IbDev 2 Port 1 qp_num 2264 set_ece={supported=1, vendor_id=0x15b3, options=0x30000002, comp_mask=0x0}
node0:63:74 [0] NCCL INFO NET/IB: ncclIbSenderQpsToRts: Set ECE: IbDev 2 Port 1 qp_num 2265 set_ece={supported=1, vendor_id=0x15b3, options=0x30000002, comp_mask=0x0}
node0:63:74 [0] NCCL INFO NET/IB: Subnet-aware routing: overriding dev 4 with dev 0
node0:63:74 [0] NCCL INFO NET/IB: Subnet-aware routing: overriding dev 4 with dev 1
node0:63:74 [0] NCCL INFO NET/IB: ncclIbReceiverQpsCreateToRts: QP created: port=1 dev=1 devName=rocep1s0f1 ndevs=4 nmdevs=6 qp_num=40921 pkey=0 pd=0xf8c37407dd30 oooRq=0
node0:63:74 [0] NCCL INFO NET/IB: ncclIbReceiverQpsCreateToRts: QP created: port=1 dev=1 devName=rocep1s0f1 ndevs=4 nmdevs=6 qp_num=40922 pkey=0 pd=0xf8c37407dd30 oooRq=0
node0:63:74 [0] NCCL INFO NET/IB: ncclIbReceiverQpsCreateToRts: Flush QP created: port=1 dev=1 devName=rocep1s0f1 ndevs=4 nmdevs=6 qp_num=40923 pkey=0 pd=0xf8c37407dd30
node0:63:74 [0] NCCL INFO NET/IB: Subnet-aware routing: overriding dev 5 with dev 2
node0:63:74 [0] NCCL INFO NET/IB: ncclIbResiliencyInit: Resiliency is disabled on the recv communicator (comm=0xf8c37700f000)
node0:63:74 [0] NCCL INFO NET/IB: ncclIbRecvCommInit: Receive work requests will be posted on-demand
node0:63:74 [0] NCCL INFO NET/IB: Subnet-aware routing: overriding dev 4 with dev 0
node0:63:74 [0] NCCL INFO NET/IB: ncclIbSenderQpsCreate: QP created: port=1 dev=0 devName=rocep1s0f0 ndevs=4 nmdevs=6 qp_num=46044 pkey=0 pd=0xf8c374208b60 oooRq=0
node0:63:74 [0] NCCL INFO NET/IB: ncclIbSenderQpsCreate: QP created: port=1 dev=0 devName=rocep1s0f0 ndevs=4 nmdevs=6 qp_num=46045 pkey=0 pd=0xf8c374208b60 oooRq=0
node0:63:74 [0] NCCL INFO NET/IB: ncclIbConnectImpl: NCCL Dev 0 IbDev 0 Port 1 qp_num 46044 mtu 5 GID 6 (0/164A8C0FFFF0000) ctsFifoRkey=0x2242b1 ctsFifoLkey=0x2242b1
node0:63:74 [0] NCCL INFO NET/IB: ncclIbConnectImpl: IbDev 0 Port 1 qp_num 46044 query_ece={supported=1, vendor_id=0x15b3, options=0x30000002, comp_mask=0x0}
node0:63:74 [0] NCCL INFO NET/IB: ncclIbConnectImpl: NCCL Dev 0 IbDev 0 Port 1 qp_num 46045 mtu 5 GID 6 (0/164A8C0FFFF0000) ctsFifoRkey=0x2242b1 ctsFifoLkey=0x2242b1
node0:63:74 [0] NCCL INFO NET/IB: ncclIbConnectImpl: IbDev 0 Port 1 qp_num 46045 query_ece={supported=1, vendor_id=0x15b3, options=0x30000002, comp_mask=0x0}
node0:63:74 [0] NCCL INFO NET/IB: Subnet-aware routing: overriding dev 5 with dev 2
node0:63:74 [0] NCCL INFO NET/IB: Subnet-aware routing: overriding dev 4 with dev 0
node0:63:74 [0] NCCL INFO NET/IB: ncclIbResiliencyInit: Resiliency is disabled on the send communicator (comm=0xf8c3770b2000)
node0:63:74 [0] NCCL INFO NET/IB: Subnet-aware routing: overriding dev 4 with dev 0
node0:63:74 [0] NCCL INFO NET/IB: Subnet-aware routing: overriding dev 5 with dev 2
node0:63:74 [0] NCCL INFO NET/IB: ncclIbSenderQpsCreate: QP created: port=1 dev=2 devName=roceP2p1s0f0 ndevs=4 nmdevs=6 qp_num=2266 pkey=0 pd=0xf8c37421ceb0 oooRq=0
node0:63:74 [0] NCCL INFO NET/IB: ncclIbSenderQpsCreate: QP created: port=1 dev=2 devName=roceP2p1s0f0 ndevs=4 nmdevs=6 qp_num=2267 pkey=0 pd=0xf8c37421ceb0 oooRq=0
node0:63:74 [0] NCCL INFO NET/IB: ncclIbConnectImpl: NCCL Dev 2 IbDev 2 Port 1 qp_num 2266 mtu 5 GID 3 (0/16EA8C0FFFF0000) ctsFifoRkey=0x190906 ctsFifoLkey=0x190906
node0:63:74 [0] NCCL INFO NET/IB: ncclIbConnectImpl: IbDev 2 Port 1 qp_num 2266 query_ece={supported=1, vendor_id=0x15b3, options=0x30000002, comp_mask=0x0}
node0:63:74 [0] NCCL INFO NET/IB: ncclIbConnectImpl: NCCL Dev 2 IbDev 2 Port 1 qp_num 2267 mtu 5 GID 3 (0/16EA8C0FFFF0000) ctsFifoRkey=0x190906 ctsFifoLkey=0x190906
node0:63:74 [0] NCCL INFO NET/IB: ncclIbConnectImpl: IbDev 2 Port 1 qp_num 2267 query_ece={supported=1, vendor_id=0x15b3, options=0x30000002, comp_mask=0x0}
node0:63:74 [0] NCCL INFO NET/IB: Subnet-aware routing: overriding dev 4 with dev 0
node0:63:74 [0] NCCL INFO NET/IB: ncclIbResiliencyInit: Resiliency is disabled on the recv communicator (comm=0xf8c377151000)
node0:63:74 [0] NCCL INFO NET/IB: ncclIbRecvCommInit: Receive work requests will be posted on-demand
node0:63:74 [0] NCCL INFO NET/IB: Subnet-aware routing: overriding dev 4 with dev 0
node0:63:74 [0] NCCL INFO NET/IB: Subnet-aware routing: overriding dev 5 with dev 2
node0:63:74 [0] NCCL INFO NET/IB: Subnet-aware routing: overriding dev 5 with dev 3
node0:63:74 [0] NCCL INFO NET/IB: ncclIbReceiverQpsCreateToRts: QP created: port=1 dev=3 devName=roceP2p1s0f1 ndevs=4 nmdevs=6 qp_num=2203 pkey=0 pd=0xf8c37407d010 oooRq=0
node0:63:74 [0] NCCL INFO NET/IB: ncclIbReceiverQpsCreateToRts: QP created: port=1 dev=3 devName=roceP2p1s0f1 ndevs=4 nmdevs=6 qp_num=2204 pkey=0 pd=0xf8c37407d010 oooRq=0
node0:63:74 [0] NCCL INFO NET/IB: ncclIbReceiverQpsCreateToRts: Flush QP created: port=1 dev=3 devName=roceP2p1s0f1 ndevs=4 nmdevs=6 qp_num=2205 pkey=0 pd=0xf8c37407d010
node0:63:74 [0] NCCL INFO NET/IB: Subnet-aware routing: overriding dev 4 with dev 0
node0:63:74 [0] NCCL INFO NET/IB: Subnet-aware routing: overriding dev 4 with dev 1
node0:63:74 [0] NCCL INFO NET/IB: ncclIbReceiverQpsCreateToRts: QP created: port=1 dev=1 devName=rocep1s0f1 ndevs=4 nmdevs=6 qp_num=40924 pkey=0 pd=0xf8c37407dd30 oooRq=0
node0:63:74 [0] NCCL INFO NET/IB: ncclIbReceiverQpsCreateToRts: QP created: port=1 dev=1 devName=rocep1s0f1 ndevs=4 nmdevs=6 qp_num=40925 pkey=0 pd=0xf8c37407dd30 oooRq=0
node0:63:74 [0] NCCL INFO NET/IB: ncclIbReceiverQpsCreateToRts: Flush QP created: port=1 dev=1 devName=rocep1s0f1 ndevs=4 nmdevs=6 qp_num=40926 pkey=0 pd=0xf8c37407dd30
node0:63:74 [0] NCCL INFO NET/IB: Subnet-aware routing: overriding dev 5 with dev 2
node0:63:74 [0] NCCL INFO NET/IB: ncclIbResiliencyInit: Resiliency is disabled on the send communicator (comm=0xf8c37728d000)
node0:63:74 [0] NCCL INFO NET/IB: Subnet-aware routing: overriding dev 4 with dev 0
node0:63:74 [0] NCCL INFO NET/IB: ncclIbSenderQpsToRts: Set ECE: IbDev 0 Port 1 qp_num 46044 set_ece={supported=1, vendor_id=0x15b3, options=0x30000002, comp_mask=0x0}
node0:63:74 [0] NCCL INFO NET/IB: ncclIbSenderQpsToRts: Set ECE: IbDev 0 Port 1 qp_num 46045 set_ece={supported=1, vendor_id=0x15b3, options=0x30000002, comp_mask=0x0}
node0:63:74 [0] NCCL INFO NET/IB: Subnet-aware routing: overriding dev 5 with dev 2
node0:63:74 [0] NCCL INFO NET/IB: ncclIbSenderQpsToRts: Set ECE: IbDev 2 Port 1 qp_num 2266 set_ece={supported=1, vendor_id=0x15b3, options=0x30000002, comp_mask=0x0}
node0:63:74 [0] NCCL INFO NET/IB: ncclIbSenderQpsToRts: Set ECE: IbDev 2 Port 1 qp_num 2267 set_ece={supported=1, vendor_id=0x15b3, options=0x30000002, comp_mask=0x0}
node0:63:74 [0] NCCL INFO NET/IB: Subnet-aware routing: overriding dev 4 with dev 0
node0:63:74 [0] NCCL INFO NET/IB: ncclIbSenderQpsCreate: QP created: port=1 dev=0 devName=rocep1s0f0 ndevs=4 nmdevs=6 qp_num=46046 pkey=0 pd=0xf8c374208b60 oooRq=0
node0:63:74 [0] NCCL INFO NET/IB: ncclIbSenderQpsCreate: QP created: port=1 dev=0 devName=rocep1s0f0 ndevs=4 nmdevs=6 qp_num=46047 pkey=0 pd=0xf8c374208b60 oooRq=0
node0:63:74 [0] NCCL INFO NET/IB: ncclIbConnectImpl: NCCL Dev 0 IbDev 0 Port 1 qp_num 46046 mtu 5 GID 6 (0/164A8C0FFFF0000) ctsFifoRkey=0x169d5d ctsFifoLkey=0x169d5d
node0:63:74 [0] NCCL INFO NET/IB: ncclIbConnectImpl: IbDev 0 Port 1 qp_num 46046 query_ece={supported=1, vendor_id=0x15b3, options=0x30000002, comp_mask=0x0}
node0:63:74 [0] NCCL INFO NET/IB: ncclIbConnectImpl: NCCL Dev 0 IbDev 0 Port 1 qp_num 46047 mtu 5 GID 6 (0/164A8C0FFFF0000) ctsFifoRkey=0x169d5d ctsFifoLkey=0x169d5d
node0:63:74 [0] NCCL INFO NET/IB: ncclIbConnectImpl: IbDev 0 Port 1 qp_num 46047 query_ece={supported=1, vendor_id=0x15b3, options=0x30000002, comp_mask=0x0}
node0:63:74 [0] NCCL INFO NET/IB: Subnet-aware routing: overriding dev 5 with dev 2
node0:63:74 [0] NCCL INFO NET/IB: ncclIbResiliencyInit: Resiliency is disabled on the recv communicator (comm=0xf8c377324000)
node0:63:74 [0] NCCL INFO NET/IB: ncclIbRecvCommInit: Receive work requests will be posted on-demand
node0:63:74 [0] NCCL INFO NET/IB: Subnet-aware routing: overriding dev 4 with dev 0
node0:63:74 [0] NCCL INFO NET/IB: Subnet-aware routing: overriding dev 5 with dev 2
node0:63:74 [0] NCCL INFO NET/IB: Subnet-aware routing: overriding dev 4 with dev 0
node0:63:74 [0] NCCL INFO NET/IB: ncclIbResiliencyInit: Resiliency is disabled on the send communicator (comm=0xf8c37736c000)
node0:63:74 [0] NCCL INFO NET/IB: Subnet-aware routing: overriding dev 4 with dev 0
node0:63:74 [0] NCCL INFO NET/IB: Subnet-aware routing: overriding dev 5 with dev 2
node0:63:74 [0] NCCL INFO NET/IB: Subnet-aware routing: overriding dev 4 with dev 0
node0:63:74 [0] NCCL INFO NET/IB: ncclIbResiliencyInit: Resiliency is disabled on the recv communicator (comm=0xf8c3773b0000)
node0:63:74 [0] NCCL INFO NET/IB: ncclIbRecvCommInit: Receive work requests will be posted on-demand
node0:63:74 [0] NCCL INFO NET/IB: Subnet-aware routing: overriding dev 4 with dev 0
node0:63:74 [0] NCCL INFO NET/IB: Subnet-aware routing: overriding dev 5 with dev 2
node0:63:74 [0] NCCL INFO NET/IB: Subnet-aware routing: overriding dev 4 with dev 0
node0:63:74 [0] NCCL INFO NET/IB: Subnet-aware routing: overriding dev 5 with dev 2
node0:63:74 [0] NCCL INFO NET/IB: ncclIbResiliencyInit: Resiliency is disabled on the send communicator (comm=0xf8c3773f8000)
node0:63:74 [0] NCCL INFO NET/IB: Subnet-aware routing: overriding dev 4 with dev 0
node0:63:74 [0] NCCL INFO NET/IB: ncclIbSenderQpsToRts: Set ECE: IbDev 0 Port 1 qp_num 46046 set_ece={supported=1, vendor_id=0x15b3, options=0x30000002, comp_mask=0x0}
node0:63:74 [0] NCCL INFO NET/IB: ncclIbSenderQpsToRts: Set ECE: IbDev 0 Port 1 qp_num 46047 set_ece={supported=1, vendor_id=0x15b3, options=0x30000002, comp_mask=0x0}
node0:63:74 [0] NCCL INFO NET/IB: Subnet-aware routing: overriding dev 5 with dev 2
node0:63:74 [0] NCCL INFO NET/IB: ncclIbSenderQpsCreate: QP created: port=1 dev=2 devName=roceP2p1s0f0 ndevs=4 nmdevs=6 qp_num=2268 pkey=0 pd=0xf8c37421ceb0 oooRq=0
node0:63:74 [0] NCCL INFO NET/IB: ncclIbSenderQpsCreate: QP created: port=1 dev=2 devName=roceP2p1s0f0 ndevs=4 nmdevs=6 qp_num=2269 pkey=0 pd=0xf8c37421ceb0 oooRq=0
node0:63:74 [0] NCCL INFO NET/IB: ncclIbConnectImpl: NCCL Dev 2 IbDev 2 Port 1 qp_num 2268 mtu 5 GID 3 (0/16EA8C0FFFF0000) ctsFifoRkey=0x174846 ctsFifoLkey=0x174846
node0:63:74 [0] NCCL INFO NET/IB: ncclIbConnectImpl: IbDev 2 Port 1 qp_num 2268 query_ece={supported=1, vendor_id=0x15b3, options=0x30000002, comp_mask=0x0}
node0:63:74 [0] NCCL INFO NET/IB: ncclIbConnectImpl: NCCL Dev 2 IbDev 2 Port 1 qp_num 2269 mtu 5 GID 3 (0/16EA8C0FFFF0000) ctsFifoRkey=0x174846 ctsFifoLkey=0x174846
node0:63:74 [0] NCCL INFO NET/IB: ncclIbConnectImpl: IbDev 2 Port 1 qp_num 2269 query_ece={supported=1, vendor_id=0x15b3, options=0x30000002, comp_mask=0x0}
node0:63:74 [0] NCCL INFO NET/IB: Subnet-aware routing: overriding dev 5 with dev 3
node0:63:74 [0] NCCL INFO NET/IB: ncclIbReceiverQpsCreateToRts: QP created: port=1 dev=3 devName=roceP2p1s0f1 ndevs=4 nmdevs=6 qp_num=2206 pkey=0 pd=0xf8c37407d010 oooRq=0
node0:63:74 [0] NCCL INFO NET/IB: ncclIbReceiverQpsCreateToRts: QP created: port=1 dev=3 devName=roceP2p1s0f1 ndevs=4 nmdevs=6 qp_num=2207 pkey=0 pd=0xf8c37407d010 oooRq=0
node0:63:74 [0] NCCL INFO NET/IB: ncclIbReceiverQpsCreateToRts: Flush QP created: port=1 dev=3 devName=roceP2p1s0f1 ndevs=4 nmdevs=6 qp_num=2208 pkey=0 pd=0xf8c37407d010
node0:63:74 [0] NCCL INFO NET/IB: Subnet-aware routing: overriding dev 4 with dev 0
node0:63:74 [0] NCCL INFO NET/IB: ncclIbSenderQpsCreate: QP created: port=1 dev=0 devName=rocep1s0f0 ndevs=4 nmdevs=6 qp_num=46048 pkey=0 pd=0xf8c374208b60 oooRq=0
node0:63:74 [0] NCCL INFO NET/IB: ncclIbSenderQpsCreate: QP created: port=1 dev=0 devName=rocep1s0f0 ndevs=4 nmdevs=6 qp_num=46049 pkey=0 pd=0xf8c374208b60 oooRq=0
node0:63:74 [0] NCCL INFO NET/IB: ncclIbConnectImpl: NCCL Dev 0 IbDev 0 Port 1 qp_num 46048 mtu 5 GID 6 (0/164A8C0FFFF0000) ctsFifoRkey=0x17cd8a ctsFifoLkey=0x17cd8a
node0:63:74 [0] NCCL INFO NET/IB: ncclIbConnectImpl: IbDev 0 Port 1 qp_num 46048 query_ece={supported=1, vendor_id=0x15b3, options=0x30000002, comp_mask=0x0}
node0:63:74 [0] NCCL INFO NET/IB: ncclIbConnectImpl: NCCL Dev 0 IbDev 0 Port 1 qp_num 46049 mtu 5 GID 6 (0/164A8C0FFFF0000) ctsFifoRkey=0x17cd8a ctsFifoLkey=0x17cd8a
node0:63:74 [0] NCCL INFO NET/IB: ncclIbConnectImpl: IbDev 0 Port 1 qp_num 46049 query_ece={supported=1, vendor_id=0x15b3, options=0x30000002, comp_mask=0x0}
node0:63:74 [0] NCCL INFO NET/IB: Subnet-aware routing: overriding dev 4 with dev 1
node0:63:74 [0] NCCL INFO NET/IB: ncclIbReceiverQpsCreateToRts: QP created: port=1 dev=1 devName=rocep1s0f1 ndevs=4 nmdevs=6 qp_num=40927 pkey=0 pd=0xf8c37407dd30 oooRq=0
node0:63:74 [0] NCCL INFO NET/IB: ncclIbReceiverQpsCreateToRts: QP created: port=1 dev=1 devName=rocep1s0f1 ndevs=4 nmdevs=6 qp_num=40928 pkey=0 pd=0xf8c37407dd30 oooRq=0
node0:63:74 [0] NCCL INFO NET/IB: ncclIbReceiverQpsCreateToRts: Flush QP created: port=1 dev=1 devName=rocep1s0f1 ndevs=4 nmdevs=6 qp_num=40929 pkey=0 pd=0xf8c37407dd30
node0:63:74 [0] NCCL INFO NET/IB: Subnet-aware routing: overriding dev 5 with dev 2
node0:63:74 [0] NCCL INFO NET/IB: ncclIbResiliencyInit: Resiliency is disabled on the recv communicator (comm=0xf8c3775df000)
node0:63:74 [0] NCCL INFO NET/IB: ncclIbRecvCommInit: Receive work requests will be posted on-demand
node0:63:74 [0] NCCL INFO NET/IB: Subnet-aware routing: overriding dev 5 with dev 2
node0:63:74 [0] NCCL INFO NET/IB: Subnet-aware routing: overriding dev 4 with dev 0
node0:63:74 [0] NCCL INFO NET/IB: Subnet-aware routing: overriding dev 5 with dev 2
node0:63:74 [0] NCCL INFO NET/IB: Subnet-aware routing: overriding dev 4 with dev 0
node0:63:74 [0] NCCL INFO NET/IB: ncclIbResiliencyInit: Resiliency is disabled on the send communicator (comm=0xf8c377627000)
node0:63:74 [0] NCCL INFO NET/IB: Subnet-aware routing: overriding dev 5 with dev 2
node0:63:74 [0] NCCL INFO NET/IB: Subnet-aware routing: overriding dev 4 with dev 0
node0:63:74 [0] NCCL INFO NET/IB: Subnet-aware routing: overriding dev 5 with dev 2
node0:63:74 [0] NCCL INFO NET/IB: Subnet-aware routing: overriding dev 4 with dev 0
node0:63:74 [0] NCCL INFO NET/IB: ncclIbResiliencyInit: Resiliency is disabled on the recv communicator (comm=0xf8c37766b000)
node0:63:74 [0] NCCL INFO NET/IB: ncclIbRecvCommInit: Receive work requests will be posted on-demand
node0:63:74 [0] NCCL INFO NET/IB: Subnet-aware routing: overriding dev 5 with dev 2
node0:63:74 [0] NCCL INFO NET/IB: ncclIbSenderQpsToRts: Set ECE: IbDev 2 Port 1 qp_num 2268 set_ece={supported=1, vendor_id=0x15b3, options=0x30000002, comp_mask=0x0}
node0:63:74 [0] NCCL INFO NET/IB: ncclIbSenderQpsToRts: Set ECE: IbDev 2 Port 1 qp_num 2269 set_ece={supported=1, vendor_id=0x15b3, options=0x30000002, comp_mask=0x0}
node0:63:74 [0] NCCL INFO NET/IB: Subnet-aware routing: overriding dev 4 with dev 0
node0:63:74 [0] NCCL INFO NET/IB: ncclIbSenderQpsToRts: Set ECE: IbDev 0 Port 1 qp_num 46048 set_ece={supported=1, vendor_id=0x15b3, options=0x30000002, comp_mask=0x0}
node0:63:74 [0] NCCL INFO NET/IB: ncclIbSenderQpsToRts: Set ECE: IbDev 0 Port 1 qp_num 46049 set_ece={supported=1, vendor_id=0x15b3, options=0x30000002, comp_mask=0x0}
node0:63:74 [0] NCCL INFO NET/IB: Subnet-aware routing: overriding dev 5 with dev 2
node0:63:74 [0] NCCL INFO NET/IB: ncclIbSenderQpsCreate: QP created: port=1 dev=2 devName=roceP2p1s0f0 ndevs=4 nmdevs=6 qp_num=2270 pkey=0 pd=0xf8c37421ceb0 oooRq=0
node0:63:74 [0] NCCL INFO NET/IB: ncclIbSenderQpsCreate: QP created: port=1 dev=2 devName=roceP2p1s0f0 ndevs=4 nmdevs=6 qp_num=2271 pkey=0 pd=0xf8c37421ceb0 oooRq=0
node0:63:74 [0] NCCL INFO NET/IB: ncclIbConnectImpl: NCCL Dev 2 IbDev 2 Port 1 qp_num 2270 mtu 5 GID 3 (0/16EA8C0FFFF0000) ctsFifoRkey=0x1cb954 ctsFifoLkey=0x1cb954
node0:63:74 [0] NCCL INFO NET/IB: ncclIbConnectImpl: IbDev 2 Port 1 qp_num 2270 query_ece={supported=1, vendor_id=0x15b3, options=0x30000002, comp_mask=0x0}
node0:63:74 [0] NCCL INFO NET/IB: ncclIbConnectImpl: NCCL Dev 2 IbDev 2 Port 1 qp_num 2271 mtu 5 GID 3 (0/16EA8C0FFFF0000) ctsFifoRkey=0x1cb954 ctsFifoLkey=0x1cb954
node0:63:74 [0] NCCL INFO NET/IB: ncclIbConnectImpl: IbDev 2 Port 1 qp_num 2271 query_ece={supported=1, vendor_id=0x15b3, options=0x30000002, comp_mask=0x0}
node0:63:74 [0] NCCL INFO NET/IB: Subnet-aware routing: overriding dev 5 with dev 3
node0:63:74 [0] NCCL INFO NET/IB: ncclIbReceiverQpsCreateToRts: QP created: port=1 dev=3 devName=roceP2p1s0f1 ndevs=4 nmdevs=6 qp_num=2209 pkey=0 pd=0xf8c37407d010 oooRq=0
node0:63:74 [0] NCCL INFO NET/IB: ncclIbReceiverQpsCreateToRts: QP created: port=1 dev=3 devName=roceP2p1s0f1 ndevs=4 nmdevs=6 qp_num=2210 pkey=0 pd=0xf8c37407d010 oooRq=0
node0:63:74 [0] NCCL INFO NET/IB: ncclIbReceiverQpsCreateToRts: Flush QP created: port=1 dev=3 devName=roceP2p1s0f1 ndevs=4 nmdevs=6 qp_num=2211 pkey=0 pd=0xf8c37407d010
node0:63:74 [0] NCCL INFO NET/IB: Subnet-aware routing: overriding dev 4 with dev 0
node0:63:74 [0] NCCL INFO NET/IB: ncclIbSenderQpsCreate: QP created: port=1 dev=0 devName=rocep1s0f0 ndevs=4 nmdevs=6 qp_num=46050 pkey=0 pd=0xf8c374208b60 oooRq=0
node0:63:74 [0] NCCL INFO NET/IB: ncclIbSenderQpsCreate: QP created: port=1 dev=0 devName=rocep1s0f0 ndevs=4 nmdevs=6 qp_num=46051 pkey=0 pd=0xf8c374208b60 oooRq=0
node0:63:74 [0] NCCL INFO NET/IB: ncclIbConnectImpl: NCCL Dev 0 IbDev 0 Port 1 qp_num 46050 mtu 5 GID 6 (0/164A8C0FFFF0000) ctsFifoRkey=0x220577 ctsFifoLkey=0x220577
node0:63:74 [0] NCCL INFO NET/IB: ncclIbConnectImpl: IbDev 0 Port 1 qp_num 46050 query_ece={supported=1, vendor_id=0x15b3, options=0x30000002, comp_mask=0x0}
node0:63:74 [0] NCCL INFO NET/IB: ncclIbConnectImpl: NCCL Dev 0 IbDev 0 Port 1 qp_num 46051 mtu 5 GID 6 (0/164A8C0FFFF0000) ctsFifoRkey=0x220577 ctsFifoLkey=0x220577
node0:63:74 [0] NCCL INFO NET/IB: ncclIbConnectImpl: IbDev 0 Port 1 qp_num 46051 query_ece={supported=1, vendor_id=0x15b3, options=0x30000002, comp_mask=0x0}
node0:63:74 [0] NCCL INFO NET/IB: Subnet-aware routing: overriding dev 4 with dev 1
node0:63:74 [0] NCCL INFO NET/IB: ncclIbReceiverQpsCreateToRts: QP created: port=1 dev=1 devName=rocep1s0f1 ndevs=4 nmdevs=6 qp_num=40930 pkey=0 pd=0xf8c37407dd30 oooRq=0
node0:63:74 [0] NCCL INFO NET/IB: ncclIbReceiverQpsCreateToRts: QP created: port=1 dev=1 devName=rocep1s0f1 ndevs=4 nmdevs=6 qp_num=40931 pkey=0 pd=0xf8c37407dd30 oooRq=0
node0:63:74 [0] NCCL INFO NET/IB: ncclIbReceiverQpsCreateToRts: Flush QP created: port=1 dev=1 devName=rocep1s0f1 ndevs=4 nmdevs=6 qp_num=40932 pkey=0 pd=0xf8c37407dd30
node0:63:74 [0] NCCL INFO NET/IB: Subnet-aware routing: overriding dev 5 with dev 2
node0:63:74 [0] NCCL INFO NET/IB: ncclIbResiliencyInit: Resiliency is disabled on the send communicator (comm=0xf8c377855000)
node0:63:74 [0] NCCL INFO NET/IB: Subnet-aware routing: overriding dev 5 with dev 2
node0:63:74 [0] NCCL INFO NET/IB: ncclIbSenderQpsToRts: Set ECE: IbDev 2 Port 1 qp_num 2270 set_ece={supported=1, vendor_id=0x15b3, options=0x30000002, comp_mask=0x0}
node0:63:74 [0] NCCL INFO NET/IB: ncclIbSenderQpsToRts: Set ECE: IbDev 2 Port 1 qp_num 2271 set_ece={supported=1, vendor_id=0x15b3, options=0x30000002, comp_mask=0x0}
node0:63:74 [0] NCCL INFO NET/IB: Subnet-aware routing: overriding dev 4 with dev 0
node0:63:74 [0] NCCL INFO NET/IB: ncclIbSenderQpsToRts: Set ECE: IbDev 0 Port 1 qp_num 46050 set_ece={supported=1, vendor_id=0x15b3, options=0x30000002, comp_mask=0x0}
node0:63:74 [0] NCCL INFO NET/IB: ncclIbSenderQpsToRts: Set ECE: IbDev 0 Port 1 qp_num 46051 set_ece={supported=1, vendor_id=0x15b3, options=0x30000002, comp_mask=0x0}
node0:63:74 [0] NCCL INFO NET/IB: Subnet-aware routing: overriding dev 5 with dev 2
node0:63:74 [0] NCCL INFO NET/IB: ncclIbResiliencyInit: Resiliency is disabled on the recv communicator (comm=0xf8c377896000)
node0:63:74 [0] NCCL INFO NET/IB: ncclIbRecvCommInit: Receive work requests will be posted on-demand
node0:63:74 [0] NCCL INFO NET/IB: Subnet-aware routing: overriding dev 5 with dev 2
node0:63:74 [0] NCCL INFO NET/IB: Subnet-aware routing: overriding dev 4 with dev 0
node0:63:74 [0] NCCL INFO NET/IB: ncclIbResiliencyInit: Resiliency is disabled on the send communicator (comm=0xf8c3778db000)
node0:63:74 [0] NCCL INFO NET/IB: Subnet-aware routing: overriding dev 5 with dev 2
node0:63:74 [0] NCCL INFO NET/IB: Subnet-aware routing: overriding dev 4 with dev 0
node0:63:74 [0] NCCL INFO NET/IB: ncclIbResiliencyInit: Resiliency is disabled on the recv communicator (comm=0xf8c37791f000)
node0:63:74 [0] NCCL INFO NET/IB: ncclIbRecvCommInit: Receive work requests will be posted on-demand
node0:63:74 [0] NCCL INFO NET/IB: Subnet-aware routing: overriding dev 5 with dev 2
node0:63:74 [0] NCCL INFO NET/IB: Subnet-aware routing: overriding dev 4 with dev 0
node0:63:74 [0] NCCL INFO NET/IB: Subnet-aware routing: overriding dev 5 with dev 2
node0:63:74 [0] NCCL INFO NET/IB: ncclIbResiliencyInit: Resiliency is disabled on the send communicator (comm=0xf8c377967000)
node0:63:74 [0] NCCL INFO NET/IB: Subnet-aware routing: overriding dev 5 with dev 2
node0:63:74 [0] NCCL INFO NET/IB: ncclIbSenderQpsCreate: QP created: port=1 dev=2 devName=roceP2p1s0f0 ndevs=4 nmdevs=6 qp_num=2272 pkey=0 pd=0xf8c37421ceb0 oooRq=0
node0:63:74 [0] NCCL INFO NET/IB: ncclIbSenderQpsCreate: QP created: port=1 dev=2 devName=roceP2p1s0f0 ndevs=4 nmdevs=6 qp_num=2273 pkey=0 pd=0xf8c37421ceb0 oooRq=0
node0:63:74 [0] NCCL INFO NET/IB: ncclIbConnectImpl: NCCL Dev 2 IbDev 2 Port 1 qp_num 2272 mtu 5 GID 3 (0/16EA8C0FFFF0000) ctsFifoRkey=0x191e1c ctsFifoLkey=0x191e1c
node0:63:74 [0] NCCL INFO NET/IB: ncclIbConnectImpl: IbDev 2 Port 1 qp_num 2272 query_ece={supported=1, vendor_id=0x15b3, options=0x30000002, comp_mask=0x0}
node0:63:74 [0] NCCL INFO NET/IB: ncclIbConnectImpl: NCCL Dev 2 IbDev 2 Port 1 qp_num 2273 mtu 5 GID 3 (0/16EA8C0FFFF0000) ctsFifoRkey=0x191e1c ctsFifoLkey=0x191e1c
node0:63:74 [0] NCCL INFO NET/IB: ncclIbConnectImpl: IbDev 2 Port 1 qp_num 2273 query_ece={supported=1, vendor_id=0x15b3, options=0x30000002, comp_mask=0x0}
node0:63:74 [0] NCCL INFO NET/IB: Subnet-aware routing: overriding dev 5 with dev 3
node0:63:74 [0] NCCL INFO NET/IB: ncclIbReceiverQpsCreateToRts: QP created: port=1 dev=3 devName=roceP2p1s0f1 ndevs=4 nmdevs=6 qp_num=2212 pkey=0 pd=0xf8c37407d010 oooRq=0
node0:63:74 [0] NCCL INFO NET/IB: ncclIbReceiverQpsCreateToRts: QP created: port=1 dev=3 devName=roceP2p1s0f1 ndevs=4 nmdevs=6 qp_num=2213 pkey=0 pd=0xf8c37407d010 oooRq=0
node0:63:74 [0] NCCL INFO NET/IB: ncclIbReceiverQpsCreateToRts: Flush QP created: port=1 dev=3 devName=roceP2p1s0f1 ndevs=4 nmdevs=6 qp_num=2214 pkey=0 pd=0xf8c37407d010
node0:63:74 [0] NCCL INFO NET/IB: Subnet-aware routing: overriding dev 4 with dev 0
node0:63:74 [0] NCCL INFO NET/IB: Subnet-aware routing: overriding dev 5 with dev 2
node0:63:74 [0] NCCL INFO NET/IB: ncclIbResiliencyInit: Resiliency is disabled on the recv communicator (comm=0xf8c377a7a000)
node0:63:74 [0] NCCL INFO NET/IB: ncclIbRecvCommInit: Receive work requests will be posted on-demand
node0:63:74 [0] NCCL INFO NET/IB: Subnet-aware routing: overriding dev 5 with dev 2
node0:63:74 [0] NCCL INFO NET/IB: ncclIbSenderQpsToRts: Set ECE: IbDev 2 Port 1 qp_num 2272 set_ece={supported=1, vendor_id=0x15b3, options=0x30000002, comp_mask=0x0}
node0:63:74 [0] NCCL INFO NET/IB: ncclIbSenderQpsToRts: Set ECE: IbDev 2 Port 1 qp_num 2273 set_ece={supported=1, vendor_id=0x15b3, options=0x30000002, comp_mask=0x0}
node0:63:74 [0] NCCL INFO NET/IB: Subnet-aware routing: overriding dev 4 with dev 0
node0:63:74 [0] NCCL INFO NET/IB: ncclIbSenderQpsCreate: QP created: port=1 dev=0 devName=rocep1s0f0 ndevs=4 nmdevs=6 qp_num=46052 pkey=0 pd=0xf8c374208b60 oooRq=0
node0:63:74 [0] NCCL INFO NET/IB: ncclIbSenderQpsCreate: QP created: port=1 dev=0 devName=rocep1s0f0 ndevs=4 nmdevs=6 qp_num=46053 pkey=0 pd=0xf8c374208b60 oooRq=0
node0:63:74 [0] NCCL INFO NET/IB: ncclIbConnectImpl: NCCL Dev 0 IbDev 0 Port 1 qp_num 46052 mtu 5 GID 6 (0/164A8C0FFFF0000) ctsFifoRkey=0x221081 ctsFifoLkey=0x221081
node0:63:74 [0] NCCL INFO NET/IB: ncclIbConnectImpl: IbDev 0 Port 1 qp_num 46052 query_ece={supported=1, vendor_id=0x15b3, options=0x30000002, comp_mask=0x0}
node0:63:74 [0] NCCL INFO NET/IB: ncclIbConnectImpl: NCCL Dev 0 IbDev 0 Port 1 qp_num 46053 mtu 5 GID 6 (0/164A8C0FFFF0000) ctsFifoRkey=0x221081 ctsFifoLkey=0x221081
node0:63:74 [0] NCCL INFO NET/IB: ncclIbConnectImpl: IbDev 0 Port 1 qp_num 46053 query_ece={supported=1, vendor_id=0x15b3, options=0x30000002, comp_mask=0x0}
node0:63:74 [0] NCCL INFO NET/IB: Subnet-aware routing: overriding dev 4 with dev 1
node0:63:74 [0] NCCL INFO NET/IB: ncclIbReceiverQpsCreateToRts: QP created: port=1 dev=1 devName=rocep1s0f1 ndevs=4 nmdevs=6 qp_num=40933 pkey=0 pd=0xf8c37407dd30 oooRq=0
node0:63:74 [0] NCCL INFO NET/IB: ncclIbReceiverQpsCreateToRts: QP created: port=1 dev=1 devName=rocep1s0f1 ndevs=4 nmdevs=6 qp_num=40934 pkey=0 pd=0xf8c37407dd30 oooRq=0
node0:63:74 [0] NCCL INFO NET/IB: ncclIbReceiverQpsCreateToRts: Flush QP created: port=1 dev=1 devName=rocep1s0f1 ndevs=4 nmdevs=6 qp_num=40935 pkey=0 pd=0xf8c37407dd30
node0:63:74 [0] NCCL INFO NET/IB: Subnet-aware routing: overriding dev 5 with dev 2
node0:63:74 [0] NCCL INFO NET/IB: ncclIbSenderQpsCreate: QP created: port=1 dev=2 devName=roceP2p1s0f0 ndevs=4 nmdevs=6 qp_num=2274 pkey=0 pd=0xf8c37421ceb0 oooRq=0
node0:63:74 [0] NCCL INFO NET/IB: ncclIbSenderQpsCreate: QP created: port=1 dev=2 devName=roceP2p1s0f0 ndevs=4 nmdevs=6 qp_num=2275 pkey=0 pd=0xf8c37421ceb0 oooRq=0
node0:63:74 [0] NCCL INFO NET/IB: ncclIbConnectImpl: NCCL Dev 2 IbDev 2 Port 1 qp_num 2274 mtu 5 GID 3 (0/16EA8C0FFFF0000) ctsFifoRkey=0x18dcd9 ctsFifoLkey=0x18dcd9
node0:63:74 [0] NCCL INFO NET/IB: ncclIbConnectImpl: IbDev 2 Port 1 qp_num 2274 query_ece={supported=1, vendor_id=0x15b3, options=0x30000002, comp_mask=0x0}
node0:63:74 [0] NCCL INFO NET/IB: ncclIbConnectImpl: NCCL Dev 2 IbDev 2 Port 1 qp_num 2275 mtu 5 GID 3 (0/16EA8C0FFFF0000) ctsFifoRkey=0x18dcd9 ctsFifoLkey=0x18dcd9
node0:63:74 [0] NCCL INFO NET/IB: ncclIbConnectImpl: IbDev 2 Port 1 qp_num 2275 query_ece={supported=1, vendor_id=0x15b3, options=0x30000002, comp_mask=0x0}
node0:63:74 [0] NCCL INFO NET/IB: Subnet-aware routing: overriding dev 5 with dev 3
node0:63:74 [0] NCCL INFO NET/IB: ncclIbReceiverQpsCreateToRts: QP created: port=1 dev=3 devName=roceP2p1s0f1 ndevs=4 nmdevs=6 qp_num=2215 pkey=0 pd=0xf8c37407d010 oooRq=0
node0:63:74 [0] NCCL INFO NET/IB: ncclIbReceiverQpsCreateToRts: QP created: port=1 dev=3 devName=roceP2p1s0f1 ndevs=4 nmdevs=6 qp_num=2216 pkey=0 pd=0xf8c37407d010 oooRq=0
node0:63:74 [0] NCCL INFO NET/IB: ncclIbReceiverQpsCreateToRts: Flush QP created: port=1 dev=3 devName=roceP2p1s0f1 ndevs=4 nmdevs=6 qp_num=2217 pkey=0 pd=0xf8c37407d010
node0:63:74 [0] NCCL INFO NET/IB: Subnet-aware routing: overriding dev 4 with dev 0
node0:63:74 [0] NCCL INFO NET/IB: ncclIbResiliencyInit: Resiliency is disabled on the send communicator (comm=0xf8c377c6d000)
node0:63:74 [0] NCCL INFO NET/IB: Subnet-aware routing: overriding dev 4 with dev 0
node0:63:74 [0] NCCL INFO NET/IB: ncclIbSenderQpsToRts: Set ECE: IbDev 0 Port 1 qp_num 46052 set_ece={supported=1, vendor_id=0x15b3, options=0x30000002, comp_mask=0x0}
node0:63:74 [0] NCCL INFO NET/IB: ncclIbSenderQpsToRts: Set ECE: IbDev 0 Port 1 qp_num 46053 set_ece={supported=1, vendor_id=0x15b3, options=0x30000002, comp_mask=0x0}
node0:63:74 [0] NCCL INFO NET/IB: Subnet-aware routing: overriding dev 5 with dev 2
node0:63:74 [0] NCCL INFO NET/IB: Subnet-aware routing: overriding dev 4 with dev 0
node0:63:74 [0] NCCL INFO NET/IB: ncclIbResiliencyInit: Resiliency is disabled on the recv communicator (comm=0xf8c377cae000)
node0:63:74 [0] NCCL INFO NET/IB: ncclIbRecvCommInit: Receive work requests will be posted on-demand
node0:63:74 [0] NCCL INFO NET/IB: Subnet-aware routing: overriding dev 5 with dev 2
node0:63:74 [0] NCCL INFO NET/IB: ncclIbSenderQpsToRts: Set ECE: IbDev 2 Port 1 qp_num 2274 set_ece={supported=1, vendor_id=0x15b3, options=0x30000002, comp_mask=0x0}
node0:63:74 [0] NCCL INFO NET/IB: ncclIbSenderQpsToRts: Set ECE: IbDev 2 Port 1 qp_num 2275 set_ece={supported=1, vendor_id=0x15b3, options=0x30000002, comp_mask=0x0}
node0:63:74 [0] NCCL INFO NET/IB: Subnet-aware routing: overriding dev 4 with dev 0
node0:63:74 [0] NCCL INFO NET/IB: ncclIbSenderQpsCreate: QP created: port=1 dev=0 devName=rocep1s0f0 ndevs=4 nmdevs=6 qp_num=46054 pkey=0 pd=0xf8c374208b60 oooRq=0
node0:63:74 [0] NCCL INFO NET/IB: ncclIbSenderQpsCreate: QP created: port=1 dev=0 devName=rocep1s0f0 ndevs=4 nmdevs=6 qp_num=46055 pkey=0 pd=0xf8c374208b60 oooRq=0
node0:63:74 [0] NCCL INFO NET/IB: ncclIbConnectImpl: NCCL Dev 0 IbDev 0 Port 1 qp_num 46054 mtu 5 GID 6 (0/164A8C0FFFF0000) ctsFifoRkey=0x22208f ctsFifoLkey=0x22208f
node0:63:74 [0] NCCL INFO NET/IB: ncclIbConnectImpl: IbDev 0 Port 1 qp_num 46054 query_ece={supported=1, vendor_id=0x15b3, options=0x30000002, comp_mask=0x0}
node0:63:74 [0] NCCL INFO NET/IB: ncclIbConnectImpl: NCCL Dev 0 IbDev 0 Port 1 qp_num 46055 mtu 5 GID 6 (0/164A8C0FFFF0000) ctsFifoRkey=0x22208f ctsFifoLkey=0x22208f
node0:63:74 [0] NCCL INFO NET/IB: ncclIbConnectImpl: IbDev 0 Port 1 qp_num 46055 query_ece={supported=1, vendor_id=0x15b3, options=0x30000002, comp_mask=0x0}
node0:63:74 [0] NCCL INFO NET/IB: Subnet-aware routing: overriding dev 4 with dev 1
node0:63:74 [0] NCCL INFO NET/IB: ncclIbReceiverQpsCreateToRts: QP created: port=1 dev=1 devName=rocep1s0f1 ndevs=4 nmdevs=6 qp_num=40936 pkey=0 pd=0xf8c37407dd30 oooRq=0
node0:63:74 [0] NCCL INFO NET/IB: ncclIbReceiverQpsCreateToRts: QP created: port=1 dev=1 devName=rocep1s0f1 ndevs=4 nmdevs=6 qp_num=40937 pkey=0 pd=0xf8c37407dd30 oooRq=0
node0:63:74 [0] NCCL INFO NET/IB: ncclIbReceiverQpsCreateToRts: Flush QP created: port=1 dev=1 devName=rocep1s0f1 ndevs=4 nmdevs=6 qp_num=40938 pkey=0 pd=0xf8c37407dd30
node0:63:74 [0] NCCL INFO NET/IB: Subnet-aware routing: overriding dev 5 with dev 2
node0:63:74 [0] NCCL INFO NET/IB: ncclIbResiliencyInit: Resiliency is disabled on the send communicator (comm=0xf8c377dc9000)
node0:63:74 [0] NCCL INFO NET/IB: Subnet-aware routing: overriding dev 4 with dev 0
node0:63:74 [0] NCCL INFO NET/IB: Subnet-aware routing: overriding dev 5 with dev 2
node0:63:74 [0] NCCL INFO NET/IB: ncclIbResiliencyInit: Resiliency is disabled on the recv communicator (comm=0xf8c377e0d000)
node0:63:74 [0] NCCL INFO NET/IB: ncclIbRecvCommInit: Receive work requests will be posted on-demand
node0:63:74 [0] NCCL INFO NET/IB: Subnet-aware routing: overriding dev 4 with dev 0
node0:63:74 [0] NCCL INFO NET/IB: Subnet-aware routing: overriding dev 5 with dev 2
node0:63:74 [0] NCCL INFO NET/IB: Subnet-aware routing: overriding dev 4 with dev 0
node0:63:74 [0] NCCL INFO NET/IB: ncclIbResiliencyInit: Resiliency is disabled on the send communicator (comm=0xf8c377e55000)
node0:63:74 [0] NCCL INFO NET/IB: Subnet-aware routing: overriding dev 4 with dev 0
node0:63:74 [0] NCCL INFO NET/IB: Subnet-aware routing: overriding dev 5 with dev 2
node0:63:74 [0] NCCL INFO NET/IB: Subnet-aware routing: overriding dev 4 with dev 0
node0:63:74 [0] NCCL INFO NET/IB: ncclIbResiliencyInit: Resiliency is disabled on the recv communicator (comm=0xf8c377e99000)
node0:63:74 [0] NCCL INFO NET/IB: ncclIbRecvCommInit: Receive work requests will be posted on-demand
node0:63:74 [0] NCCL INFO NET/IB: Subnet-aware routing: overriding dev 4 with dev 0
node0:63:74 [0] NCCL INFO NET/IB: Subnet-aware routing: overriding dev 5 with dev 2
node0:63:74 [0] NCCL INFO NET/IB: ncclIbSenderQpsCreate: QP created: port=1 dev=2 devName=roceP2p1s0f0 ndevs=4 nmdevs=6 qp_num=2276 pkey=0 pd=0xf8c37421ceb0 oooRq=0
node0:63:74 [0] NCCL INFO NET/IB: ncclIbSenderQpsCreate: QP created: port=1 dev=2 devName=roceP2p1s0f0 ndevs=4 nmdevs=6 qp_num=2277 pkey=0 pd=0xf8c37421ceb0 oooRq=0
node0:63:74 [0] NCCL INFO NET/IB: ncclIbConnectImpl: NCCL Dev 2 IbDev 2 Port 1 qp_num 2276 mtu 5 GID 3 (0/16EA8C0FFFF0000) ctsFifoRkey=0x18c0bf ctsFifoLkey=0x18c0bf
node0:63:74 [0] NCCL INFO NET/IB: ncclIbConnectImpl: IbDev 2 Port 1 qp_num 2276 query_ece={supported=1, vendor_id=0x15b3, options=0x30000002, comp_mask=0x0}
node0:63:74 [0] NCCL INFO NET/IB: ncclIbConnectImpl: NCCL Dev 2 IbDev 2 Port 1 qp_num 2277 mtu 5 GID 3 (0/16EA8C0FFFF0000) ctsFifoRkey=0x18c0bf ctsFifoLkey=0x18c0bf
node0:63:74 [0] NCCL INFO NET/IB: ncclIbConnectImpl: IbDev 2 Port 1 qp_num 2277 query_ece={supported=1, vendor_id=0x15b3, options=0x30000002, comp_mask=0x0}
node0:63:74 [0] NCCL INFO NET/IB: Subnet-aware routing: overriding dev 4 with dev 0
node0:63:74 [0] NCCL INFO NET/IB: Subnet-aware routing: overriding dev 5 with dev 2
node0:63:74 [0] NCCL INFO NET/IB: ncclIbResiliencyInit: Resiliency is disabled on the send communicator (comm=0xf8c377f3a000)
node0:63:74 [0] NCCL INFO NET/IB: Subnet-aware routing: overriding dev 4 with dev 0
node0:63:74 [0] NCCL INFO NET/IB: ncclIbSenderQpsToRts: Set ECE: IbDev 0 Port 1 qp_num 46054 set_ece={supported=1, vendor_id=0x15b3, options=0x30000002, comp_mask=0x0}
node0:63:74 [0] NCCL INFO NET/IB: ncclIbSenderQpsToRts: Set ECE: IbDev 0 Port 1 qp_num 46055 set_ece={supported=1, vendor_id=0x15b3, options=0x30000002, comp_mask=0x0}
node0:63:74 [0] NCCL INFO NET/IB: Subnet-aware routing: overriding dev 5 with dev 2
node0:63:74 [0] NCCL INFO NET/IB: ncclIbSenderQpsToRts: Set ECE: IbDev 2 Port 1 qp_num 2276 set_ece={supported=1, vendor_id=0x15b3, options=0x30000002, comp_mask=0x0}
node0:63:74 [0] NCCL INFO NET/IB: ncclIbSenderQpsToRts: Set ECE: IbDev 2 Port 1 qp_num 2277 set_ece={supported=1, vendor_id=0x15b3, options=0x30000002, comp_mask=0x0}
node0:63:74 [0] NCCL INFO NET/IB: Subnet-aware routing: overriding dev 5 with dev 3
node0:63:74 [0] NCCL INFO NET/IB: ncclIbReceiverQpsCreateToRts: QP created: port=1 dev=3 devName=roceP2p1s0f1 ndevs=4 nmdevs=6 qp_num=2218 pkey=0 pd=0xf8c37407d010 oooRq=0
node0:63:74 [0] NCCL INFO NET/IB: ncclIbReceiverQpsCreateToRts: QP created: port=1 dev=3 devName=roceP2p1s0f1 ndevs=4 nmdevs=6 qp_num=2219 pkey=0 pd=0xf8c37407d010 oooRq=0
node0:63:74 [0] NCCL INFO NET/IB: ncclIbReceiverQpsCreateToRts: Flush QP created: port=1 dev=3 devName=roceP2p1s0f1 ndevs=4 nmdevs=6 qp_num=2220 pkey=0 pd=0xf8c37407d010
node0:63:74 [0] NCCL INFO NET/IB: Subnet-aware routing: overriding dev 4 with dev 0
node0:63:74 [0] NCCL INFO NET/IB: ncclIbSenderQpsCreate: QP created: port=1 dev=0 devName=rocep1s0f0 ndevs=4 nmdevs=6 qp_num=46056 pkey=0 pd=0xf8c374208b60 oooRq=0
node0:63:74 [0] NCCL INFO NET/IB: ncclIbSenderQpsCreate: QP created: port=1 dev=0 devName=rocep1s0f0 ndevs=4 nmdevs=6 qp_num=46057 pkey=0 pd=0xf8c374208b60 oooRq=0
node0:63:74 [0] NCCL INFO NET/IB: ncclIbConnectImpl: NCCL Dev 0 IbDev 0 Port 1 qp_num 46056 mtu 5 GID 6 (0/164A8C0FFFF0000) ctsFifoRkey=0x2239a8 ctsFifoLkey=0x2239a8
node0:63:74 [0] NCCL INFO NET/IB: ncclIbConnectImpl: IbDev 0 Port 1 qp_num 46056 query_ece={supported=1, vendor_id=0x15b3, options=0x30000002, comp_mask=0x0}
node0:63:74 [0] NCCL INFO NET/IB: ncclIbConnectImpl: NCCL Dev 0 IbDev 0 Port 1 qp_num 46057 mtu 5 GID 6 (0/164A8C0FFFF0000) ctsFifoRkey=0x2239a8 ctsFifoLkey=0x2239a8
node0:63:74 [0] NCCL INFO NET/IB: ncclIbConnectImpl: IbDev 0 Port 1 qp_num 46057 query_ece={supported=1, vendor_id=0x15b3, options=0x30000002, comp_mask=0x0}
node0:63:74 [0] NCCL INFO NET/IB: Subnet-aware routing: overriding dev 4 with dev 1
node0:63:74 [0] NCCL INFO NET/IB: ncclIbReceiverQpsCreateToRts: QP created: port=1 dev=1 devName=rocep1s0f1 ndevs=4 nmdevs=6 qp_num=40939 pkey=0 pd=0xf8c37407dd30 oooRq=0
node0:63:74 [0] NCCL INFO NET/IB: ncclIbReceiverQpsCreateToRts: QP created: port=1 dev=1 devName=rocep1s0f1 ndevs=4 nmdevs=6 qp_num=40940 pkey=0 pd=0xf8c37407dd30 oooRq=0
node0:63:74 [0] NCCL INFO NET/IB: ncclIbReceiverQpsCreateToRts: Flush QP created: port=1 dev=1 devName=rocep1s0f1 ndevs=4 nmdevs=6 qp_num=40941 pkey=0 pd=0xf8c37407dd30
node0:63:74 [0] NCCL INFO NET/IB: Subnet-aware routing: overriding dev 5 with dev 2
node0:63:74 [0] NCCL INFO NET/IB: ncclIbResiliencyInit: Resiliency is disabled on the recv communicator (comm=0xf8c3380cb000)
node0:63:74 [0] NCCL INFO NET/IB: ncclIbRecvCommInit: Receive work requests will be posted on-demand
node0:63:74 [0] NCCL INFO NET/IB: Subnet-aware routing: overriding dev 4 with dev 0
node0:63:74 [0] NCCL INFO NET/IB: Subnet-aware routing: overriding dev 5 with dev 2
node0:63:74 [0] NCCL INFO NET/IB: ncclIbSenderQpsCreate: QP created: port=1 dev=2 devName=roceP2p1s0f0 ndevs=4 nmdevs=6 qp_num=2278 pkey=0 pd=0xf8c37421ceb0 oooRq=0
node0:63:74 [0] NCCL INFO NET/IB: ncclIbSenderQpsCreate: QP created: port=1 dev=2 devName=roceP2p1s0f0 ndevs=4 nmdevs=6 qp_num=2279 pkey=0 pd=0xf8c37421ceb0 oooRq=0
node0:63:74 [0] NCCL INFO NET/IB: ncclIbConnectImpl: NCCL Dev 2 IbDev 2 Port 1 qp_num 2278 mtu 5 GID 3 (0/16EA8C0FFFF0000) ctsFifoRkey=0x18a5a3 ctsFifoLkey=0x18a5a3
node0:63:74 [0] NCCL INFO NET/IB: ncclIbConnectImpl: IbDev 2 Port 1 qp_num 2278 query_ece={supported=1, vendor_id=0x15b3, options=0x30000002, comp_mask=0x0}
node0:63:74 [0] NCCL INFO NET/IB: ncclIbConnectImpl: NCCL Dev 2 IbDev 2 Port 1 qp_num 2279 mtu 5 GID 3 (0/16EA8C0FFFF0000) ctsFifoRkey=0x18a5a3 ctsFifoLkey=0x18a5a3
node0:63:74 [0] NCCL INFO NET/IB: ncclIbConnectImpl: IbDev 2 Port 1 qp_num 2279 query_ece={supported=1, vendor_id=0x15b3, options=0x30000002, comp_mask=0x0}
node0:63:74 [0] NCCL INFO NET/IB: Subnet-aware routing: overriding dev 5 with dev 3
node0:63:74 [0] NCCL INFO NET/IB: ncclIbReceiverQpsCreateToRts: QP created: port=1 dev=3 devName=roceP2p1s0f1 ndevs=4 nmdevs=6 qp_num=2221 pkey=0 pd=0xf8c37407d010 oooRq=0
node0:63:74 [0] NCCL INFO NET/IB: ncclIbReceiverQpsCreateToRts: QP created: port=1 dev=3 devName=roceP2p1s0f1 ndevs=4 nmdevs=6 qp_num=2222 pkey=0 pd=0xf8c37407d010 oooRq=0
node0:63:74 [0] NCCL INFO NET/IB: ncclIbReceiverQpsCreateToRts: Flush QP created: port=1 dev=3 devName=roceP2p1s0f1 ndevs=4 nmdevs=6 qp_num=2223 pkey=0 pd=0xf8c37407d010
node0:63:74 [0] NCCL INFO NET/IB: Subnet-aware routing: overriding dev 4 with dev 0
node0:63:74 [0] NCCL INFO NET/IB: ncclIbResiliencyInit: Resiliency is disabled on the send communicator (comm=0xf8c3381e2000)
node0:63:74 [0] NCCL INFO NET/IB: Subnet-aware routing: overriding dev 4 with dev 0
node0:63:74 [0] NCCL INFO NET/IB: ncclIbSenderQpsToRts: Set ECE: IbDev 0 Port 1 qp_num 46056 set_ece={supported=1, vendor_id=0x15b3, options=0x30000002, comp_mask=0x0}
node0:63:74 [0] NCCL INFO NET/IB: ncclIbSenderQpsToRts: Set ECE: IbDev 0 Port 1 qp_num 46057 set_ece={supported=1, vendor_id=0x15b3, options=0x30000002, comp_mask=0x0}
node0:63:74 [0] NCCL INFO NET/IB: Subnet-aware routing: overriding dev 5 with dev 2
node0:63:74 [0] NCCL INFO NET/IB: ncclIbSenderQpsToRts: Set ECE: IbDev 2 Port 1 qp_num 2278 set_ece={supported=1, vendor_id=0x15b3, options=0x30000002, comp_mask=0x0}
node0:63:74 [0] NCCL INFO NET/IB: ncclIbSenderQpsToRts: Set ECE: IbDev 2 Port 1 qp_num 2279 set_ece={supported=1, vendor_id=0x15b3, options=0x30000002, comp_mask=0x0}
node0:63:74 [0] NCCL INFO NET/IB: Subnet-aware routing: overriding dev 4 with dev 0
node0:63:74 [0] NCCL INFO NET/IB: ncclIbResiliencyInit: Resiliency is disabled on the recv communicator (comm=0xf8c338223000)
node0:63:74 [0] NCCL INFO NET/IB: ncclIbRecvCommInit: Receive work requests will be posted on-demand
node0:63:74 [0] NCCL INFO NET/IB: Subnet-aware routing: overriding dev 4 with dev 0
node0:63:74 [0] NCCL INFO NET/IB: Subnet-aware routing: overriding dev 5 with dev 2
node0:63:74 [0] NCCL INFO NET/IB: ncclIbResiliencyInit: Resiliency is disabled on the send communicator (comm=0xf8c338268000)
node0:63:74 [0] NCCL INFO NET/IB: Subnet-aware routing: overriding dev 4 with dev 0
node0:63:74 [0] NCCL INFO NET/IB: Subnet-aware routing: overriding dev 5 with dev 2
node0:63:74 [0] NCCL INFO NET/IB: ncclIbResiliencyInit: Resiliency is disabled on the recv communicator (comm=0xf8c3382ac000)
node0:63:74 [0] NCCL INFO NET/IB: ncclIbRecvCommInit: Receive work requests will be posted on-demand
node0:63:74 [0] NCCL INFO NET/IB: Subnet-aware routing: overriding dev 4 with dev 0
node0:63:74 [0] NCCL INFO NET/IB: ncclIbSenderQpsCreate: QP created: port=1 dev=0 devName=rocep1s0f0 ndevs=4 nmdevs=6 qp_num=46058 pkey=0 pd=0xf8c374208b60 oooRq=0
node0:63:74 [0] NCCL INFO NET/IB: ncclIbSenderQpsCreate: QP created: port=1 dev=0 devName=rocep1s0f0 ndevs=4 nmdevs=6 qp_num=46059 pkey=0 pd=0xf8c374208b60 oooRq=0
node0:63:74 [0] NCCL INFO NET/IB: ncclIbConnectImpl: NCCL Dev 0 IbDev 0 Port 1 qp_num 46058 mtu 5 GID 6 (0/164A8C0FFFF0000) ctsFifoRkey=0x160eca ctsFifoLkey=0x160eca
node0:63:74 [0] NCCL INFO NET/IB: ncclIbConnectImpl: IbDev 0 Port 1 qp_num 46058 query_ece={supported=1, vendor_id=0x15b3, options=0x30000002, comp_mask=0x0}
node0:63:74 [0] NCCL INFO NET/IB: ncclIbConnectImpl: NCCL Dev 0 IbDev 0 Port 1 qp_num 46059 mtu 5 GID 6 (0/164A8C0FFFF0000) ctsFifoRkey=0x160eca ctsFifoLkey=0x160eca
node0:63:74 [0] NCCL INFO NET/IB: ncclIbConnectImpl: IbDev 0 Port 1 qp_num 46059 query_ece={supported=1, vendor_id=0x15b3, options=0x30000002, comp_mask=0x0}
node0:63:74 [0] NCCL INFO NET/IB: Subnet-aware routing: overriding dev 4 with dev 1
node0:63:74 [0] NCCL INFO NET/IB: ncclIbReceiverQpsCreateToRts: QP created: port=1 dev=1 devName=rocep1s0f1 ndevs=4 nmdevs=6 qp_num=40942 pkey=0 pd=0xf8c37407dd30 oooRq=0
node0:63:74 [0] NCCL INFO NET/IB: ncclIbReceiverQpsCreateToRts: QP created: port=1 dev=1 devName=rocep1s0f1 ndevs=4 nmdevs=6 qp_num=40943 pkey=0 pd=0xf8c37407dd30 oooRq=0
node0:63:74 [0] NCCL INFO NET/IB: ncclIbReceiverQpsCreateToRts: Flush QP created: port=1 dev=1 devName=rocep1s0f1 ndevs=4 nmdevs=6 qp_num=40944 pkey=0 pd=0xf8c37407dd30
node0:63:74 [0] NCCL INFO NET/IB: Subnet-aware routing: overriding dev 5 with dev 2
node0:63:74 [0] NCCL INFO NET/IB: Subnet-aware routing: overriding dev 5 with dev 3
node0:63:74 [0] NCCL INFO NET/IB: ncclIbReceiverQpsCreateToRts: QP created: port=1 dev=3 devName=roceP2p1s0f1 ndevs=4 nmdevs=6 qp_num=2224 pkey=0 pd=0xf8c37407d010 oooRq=0
node0:63:74 [0] NCCL INFO NET/IB: ncclIbReceiverQpsCreateToRts: QP created: port=1 dev=3 devName=roceP2p1s0f1 ndevs=4 nmdevs=6 qp_num=2225 pkey=0 pd=0xf8c37407d010 oooRq=0
node0:63:74 [0] NCCL INFO NET/IB: ncclIbReceiverQpsCreateToRts: Flush QP created: port=1 dev=3 devName=roceP2p1s0f1 ndevs=4 nmdevs=6 qp_num=2226 pkey=0 pd=0xf8c37407d010
node0:63:74 [0] NCCL INFO NET/IB: Subnet-aware routing: overriding dev 4 with dev 0
node0:63:74 [0] NCCL INFO NET/IB: ncclIbResiliencyInit: Resiliency is disabled on the send communicator (comm=0xf8c338441000)
node0:63:74 [0] NCCL INFO NET/IB: Subnet-aware routing: overriding dev 4 with dev 0
node0:63:74 [0] NCCL INFO NET/IB: ncclIbSenderQpsToRts: Set ECE: IbDev 0 Port 1 qp_num 46058 set_ece={supported=1, vendor_id=0x15b3, options=0x30000002, comp_mask=0x0}
node0:63:74 [0] NCCL INFO NET/IB: ncclIbSenderQpsToRts: Set ECE: IbDev 0 Port 1 qp_num 46059 set_ece={supported=1, vendor_id=0x15b3, options=0x30000002, comp_mask=0x0}
node0:63:74 [0] NCCL INFO NET/IB: Subnet-aware routing: overriding dev 5 with dev 2
node0:63:74 [0] NCCL INFO NET/IB: ncclIbSenderQpsCreate: QP created: port=1 dev=2 devName=roceP2p1s0f0 ndevs=4 nmdevs=6 qp_num=2280 pkey=0 pd=0xf8c37421ceb0 oooRq=0
node0:63:74 [0] NCCL INFO NET/IB: ncclIbSenderQpsCreate: QP created: port=1 dev=2 devName=roceP2p1s0f0 ndevs=4 nmdevs=6 qp_num=2281 pkey=0 pd=0xf8c37421ceb0 oooRq=0
node0:63:74 [0] NCCL INFO NET/IB: ncclIbConnectImpl: NCCL Dev 2 IbDev 2 Port 1 qp_num 2280 mtu 5 GID 3 (0/16EA8C0FFFF0000) ctsFifoRkey=0x1cc560 ctsFifoLkey=0x1cc560
node0:63:74 [0] NCCL INFO NET/IB: ncclIbConnectImpl: IbDev 2 Port 1 qp_num 2280 query_ece={supported=1, vendor_id=0x15b3, options=0x30000002, comp_mask=0x0}
node0:63:74 [0] NCCL INFO NET/IB: ncclIbConnectImpl: NCCL Dev 2 IbDev 2 Port 1 qp_num 2281 mtu 5 GID 3 (0/16EA8C0FFFF0000) ctsFifoRkey=0x1cc560 ctsFifoLkey=0x1cc560
node0:63:74 [0] NCCL INFO NET/IB: ncclIbConnectImpl: IbDev 2 Port 1 qp_num 2281 query_ece={supported=1, vendor_id=0x15b3, options=0x30000002, comp_mask=0x0}
node0:63:74 [0] NCCL INFO NET/IB: Subnet-aware routing: overriding dev 4 with dev 0
node0:63:74 [0] NCCL INFO NET/IB: ncclIbResiliencyInit: Resiliency is disabled on the recv communicator (comm=0xf8c3384d9000)
node0:63:74 [0] NCCL INFO NET/IB: ncclIbRecvCommInit: Receive work requests will be posted on-demand
node0:63:74 [0] NCCL INFO NET/IB: Subnet-aware routing: overriding dev 5 with dev 2
node0:63:74 [0] NCCL INFO NET/IB: Subnet-aware routing: overriding dev 4 with dev 0
node0:63:74 [0] NCCL INFO NET/IB: Subnet-aware routing: overriding dev 5 with dev 2
node0:63:74 [0] NCCL INFO NET/IB: ncclIbResiliencyInit: Resiliency is disabled on the send communicator (comm=0xf8c338521000)
node0:63:74 [0] NCCL INFO NET/IB: Subnet-aware routing: overriding dev 5 with dev 2
node0:63:74 [0] NCCL INFO NET/IB: ncclIbSenderQpsToRts: Set ECE: IbDev 2 Port 1 qp_num 2280 set_ece={supported=1, vendor_id=0x15b3, options=0x30000002, comp_mask=0x0}
node0:63:74 [0] NCCL INFO NET/IB: ncclIbSenderQpsToRts: Set ECE: IbDev 2 Port 1 qp_num 2281 set_ece={supported=1, vendor_id=0x15b3, options=0x30000002, comp_mask=0x0}
node0:63:74 [0] NCCL INFO NET/IB: Subnet-aware routing: overriding dev 4 with dev 0
node0:63:74 [0] NCCL INFO NET/IB: ncclIbSenderQpsCreate: QP created: port=1 dev=0 devName=rocep1s0f0 ndevs=4 nmdevs=6 qp_num=46060 pkey=0 pd=0xf8c374208b60 oooRq=0
node0:63:74 [0] NCCL INFO NET/IB: ncclIbSenderQpsCreate: QP created: port=1 dev=0 devName=rocep1s0f0 ndevs=4 nmdevs=6 qp_num=46061 pkey=0 pd=0xf8c374208b60 oooRq=0
node0:63:74 [0] NCCL INFO NET/IB: ncclIbConnectImpl: NCCL Dev 0 IbDev 0 Port 1 qp_num 46060 mtu 5 GID 6 (0/164A8C0FFFF0000) ctsFifoRkey=0x222594 ctsFifoLkey=0x222594
node0:63:74 [0] NCCL INFO NET/IB: ncclIbConnectImpl: IbDev 0 Port 1 qp_num 46060 query_ece={supported=1, vendor_id=0x15b3, options=0x30000002, comp_mask=0x0}
node0:63:74 [0] NCCL INFO NET/IB: ncclIbConnectImpl: NCCL Dev 0 IbDev 0 Port 1 qp_num 46061 mtu 5 GID 6 (0/164A8C0FFFF0000) ctsFifoRkey=0x222594 ctsFifoLkey=0x222594
node0:63:74 [0] NCCL INFO NET/IB: ncclIbConnectImpl: IbDev 0 Port 1 qp_num 46061 query_ece={supported=1, vendor_id=0x15b3, options=0x30000002, comp_mask=0x0}
node0:63:74 [0] NCCL INFO NET/IB: Subnet-aware routing: overriding dev 4 with dev 1
node0:63:74 [0] NCCL INFO NET/IB: ncclIbReceiverQpsCreateToRts: QP created: port=1 dev=1 devName=rocep1s0f1 ndevs=4 nmdevs=6 qp_num=40945 pkey=0 pd=0xf8c37407dd30 oooRq=0
node0:63:74 [0] NCCL INFO NET/IB: ncclIbReceiverQpsCreateToRts: QP created: port=1 dev=1 devName=rocep1s0f1 ndevs=4 nmdevs=6 qp_num=40946 pkey=0 pd=0xf8c37407dd30 oooRq=0
node0:63:74 [0] NCCL INFO NET/IB: ncclIbReceiverQpsCreateToRts: Flush QP created: port=1 dev=1 devName=rocep1s0f1 ndevs=4 nmdevs=6 qp_num=40947 pkey=0 pd=0xf8c37407dd30
node0:63:74 [0] NCCL INFO NET/IB: Subnet-aware routing: overriding dev 5 with dev 2
node0:63:74 [0] NCCL INFO NET/IB: ncclIbResiliencyInit: Resiliency is disabled on the recv communicator (comm=0xf8c338636000)
node0:63:74 [0] NCCL INFO NET/IB: ncclIbRecvCommInit: Receive work requests will be posted on-demand
node0:63:74 [0] NCCL INFO NET/IB: Subnet-aware routing: overriding dev 4 with dev 0
node0:63:74 [0] NCCL INFO NET/IB: Subnet-aware routing: overriding dev 5 with dev 2
node0:63:74 [0] NCCL INFO NET/IB: Subnet-aware routing: overriding dev 4 with dev 0
node0:63:74 [0] NCCL INFO NET/IB: ncclIbResiliencyInit: Resiliency is disabled on the send communicator (comm=0xf8c33867e000)
node0:63:74 [0] NCCL INFO NET/IB: Subnet-aware routing: overriding dev 4 with dev 0
node0:63:74 [0] NCCL INFO NET/IB: Subnet-aware routing: overriding dev 5 with dev 2
node0:63:74 [0] NCCL INFO NET/IB: Subnet-aware routing: overriding dev 4 with dev 0
node0:63:74 [0] NCCL INFO NET/IB: ncclIbResiliencyInit: Resiliency is disabled on the recv communicator (comm=0xf8c3386bf000)
node0:63:74 [0] NCCL INFO NET/IB: ncclIbRecvCommInit: Receive work requests will be posted on-demand
node0:63:74 [0] NCCL INFO NET/IB: Subnet-aware routing: overriding dev 4 with dev 0
node0:63:74 [0] NCCL INFO NET/IB: Subnet-aware routing: overriding dev 5 with dev 2
node0:63:74 [0] NCCL INFO NET/IB: Subnet-aware routing: overriding dev 4 with dev 0
node0:63:74 [0] NCCL INFO NET/IB: Subnet-aware routing: overriding dev 5 with dev 2
node0:63:74 [0] NCCL INFO NET/IB: ncclIbResiliencyInit: Resiliency is disabled on the send communicator (comm=0xf8c33870a000)
node0:63:74 [0] NCCL INFO NET/IB: Subnet-aware routing: overriding dev 4 with dev 0
node0:63:74 [0] NCCL INFO NET/IB: ncclIbSenderQpsToRts: Set ECE: IbDev 0 Port 1 qp_num 46060 set_ece={supported=1, vendor_id=0x15b3, options=0x30000002, comp_mask=0x0}
node0:63:74 [0] NCCL INFO NET/IB: ncclIbSenderQpsToRts: Set ECE: IbDev 0 Port 1 qp_num 46061 set_ece={supported=1, vendor_id=0x15b3, options=0x30000002, comp_mask=0x0}
node0:63:74 [0] NCCL INFO NET/IB: Subnet-aware routing: overriding dev 5 with dev 2
node0:63:74 [0] NCCL INFO NET/IB: ncclIbSenderQpsCreate: QP created: port=1 dev=2 devName=roceP2p1s0f0 ndevs=4 nmdevs=6 qp_num=2282 pkey=0 pd=0xf8c37421ceb0 oooRq=0
node0:63:74 [0] NCCL INFO NET/IB: ncclIbSenderQpsCreate: QP created: port=1 dev=2 devName=roceP2p1s0f0 ndevs=4 nmdevs=6 qp_num=2283 pkey=0 pd=0xf8c37421ceb0 oooRq=0
node0:63:74 [0] NCCL INFO NET/IB: ncclIbConnectImpl: NCCL Dev 2 IbDev 2 Port 1 qp_num 2282 mtu 5 GID 3 (0/16EA8C0FFFF0000) ctsFifoRkey=0x194947 ctsFifoLkey=0x194947
node0:63:74 [0] NCCL INFO NET/IB: ncclIbConnectImpl: IbDev 2 Port 1 qp_num 2282 query_ece={supported=1, vendor_id=0x15b3, options=0x30000002, comp_mask=0x0}
node0:63:74 [0] NCCL INFO NET/IB: ncclIbConnectImpl: NCCL Dev 2 IbDev 2 Port 1 qp_num 2283 mtu 5 GID 3 (0/16EA8C0FFFF0000) ctsFifoRkey=0x194947 ctsFifoLkey=0x194947
node0:63:74 [0] NCCL INFO NET/IB: ncclIbConnectImpl: IbDev 2 Port 1 qp_num 2283 query_ece={supported=1, vendor_id=0x15b3, options=0x30000002, comp_mask=0x0}
node0:63:74 [0] NCCL INFO NET/IB: Subnet-aware routing: overriding dev 5 with dev 3
node0:63:74 [0] NCCL INFO NET/IB: ncclIbReceiverQpsCreateToRts: QP created: port=1 dev=3 devName=roceP2p1s0f1 ndevs=4 nmdevs=6 qp_num=2227 pkey=0 pd=0xf8c37407d010 oooRq=0
node0:63:74 [0] NCCL INFO NET/IB: ncclIbReceiverQpsCreateToRts: QP created: port=1 dev=3 devName=roceP2p1s0f1 ndevs=4 nmdevs=6 qp_num=2228 pkey=0 pd=0xf8c37407d010 oooRq=0
node0:63:74 [0] NCCL INFO NET/IB: ncclIbReceiverQpsCreateToRts: Flush QP created: port=1 dev=3 devName=roceP2p1s0f1 ndevs=4 nmdevs=6 qp_num=2229 pkey=0 pd=0xf8c37407d010
node0:63:74 [0] NCCL INFO NET/IB: Subnet-aware routing: overriding dev 4 with dev 0
node0:63:74 [0] NCCL INFO NET/IB: ncclIbSenderQpsCreate: QP created: port=1 dev=0 devName=rocep1s0f0 ndevs=4 nmdevs=6 qp_num=46062 pkey=0 pd=0xf8c374208b60 oooRq=0
node0:63:74 [0] NCCL INFO NET/IB: ncclIbSenderQpsCreate: QP created: port=1 dev=0 devName=rocep1s0f0 ndevs=4 nmdevs=6 qp_num=46063 pkey=0 pd=0xf8c374208b60 oooRq=0
node0:63:74 [0] NCCL INFO NET/IB: ncclIbConnectImpl: NCCL Dev 0 IbDev 0 Port 1 qp_num 46062 mtu 5 GID 6 (0/164A8C0FFFF0000) ctsFifoRkey=0x170bc9 ctsFifoLkey=0x170bc9
node0:63:74 [0] NCCL INFO NET/IB: ncclIbConnectImpl: IbDev 0 Port 1 qp_num 46062 query_ece={supported=1, vendor_id=0x15b3, options=0x30000002, comp_mask=0x0}
node0:63:74 [0] NCCL INFO NET/IB: ncclIbConnectImpl: NCCL Dev 0 IbDev 0 Port 1 qp_num 46063 mtu 5 GID 6 (0/164A8C0FFFF0000) ctsFifoRkey=0x170bc9 ctsFifoLkey=0x170bc9
node0:63:74 [0] NCCL INFO NET/IB: ncclIbConnectImpl: IbDev 0 Port 1 qp_num 46063 query_ece={supported=1, vendor_id=0x15b3, options=0x30000002, comp_mask=0x0}
node0:63:74 [0] NCCL INFO NET/IB: Subnet-aware routing: overriding dev 4 with dev 1
node0:63:74 [0] NCCL INFO NET/IB: ncclIbReceiverQpsCreateToRts: QP created: port=1 dev=1 devName=rocep1s0f1 ndevs=4 nmdevs=6 qp_num=40948 pkey=0 pd=0xf8c37407dd30 oooRq=0
node0:63:74 [0] NCCL INFO NET/IB: ncclIbReceiverQpsCreateToRts: QP created: port=1 dev=1 devName=rocep1s0f1 ndevs=4 nmdevs=6 qp_num=40949 pkey=0 pd=0xf8c37407dd30 oooRq=0
node0:63:74 [0] NCCL INFO NET/IB: ncclIbReceiverQpsCreateToRts: Flush QP created: port=1 dev=1 devName=rocep1s0f1 ndevs=4 nmdevs=6 qp_num=40950 pkey=0 pd=0xf8c37407dd30
node0:63:74 [0] NCCL INFO NET/IB: Subnet-aware routing: overriding dev 5 with dev 2
node0:63:74 [0] NCCL INFO NET/IB: ncclIbResiliencyInit: Resiliency is disabled on the recv communicator (comm=0xf8c3388f4000)
node0:63:74 [0] NCCL INFO NET/IB: ncclIbRecvCommInit: Receive work requests will be posted on-demand
node0:63:74 [0] NCCL INFO NET/IB: Subnet-aware routing: overriding dev 5 with dev 2
node0:63:74 [0] NCCL INFO NET/IB: Subnet-aware routing: overriding dev 4 with dev 0
node0:63:74 [0] NCCL INFO NET/IB: Subnet-aware routing: overriding dev 5 with dev 2
node0:63:74 [0] NCCL INFO NET/IB: ncclIbSenderQpsCreate: QP created: port=1 dev=2 devName=roceP2p1s0f0 ndevs=4 nmdevs=6 qp_num=2284 pkey=0 pd=0xf8c37421ceb0 oooRq=0
node0:63:74 [0] NCCL INFO NET/IB: ncclIbSenderQpsCreate: QP created: port=1 dev=2 devName=roceP2p1s0f0 ndevs=4 nmdevs=6 qp_num=2285 pkey=0 pd=0xf8c37421ceb0 oooRq=0
node0:63:74 [0] NCCL INFO NET/IB: ncclIbConnectImpl: NCCL Dev 2 IbDev 2 Port 1 qp_num 2284 mtu 5 GID 3 (0/16EA8C0FFFF0000) ctsFifoRkey=0x183c39 ctsFifoLkey=0x183c39
node0:63:74 [0] NCCL INFO NET/IB: ncclIbConnectImpl: IbDev 2 Port 1 qp_num 2284 query_ece={supported=1, vendor_id=0x15b3, options=0x30000002, comp_mask=0x0}
node0:63:74 [0] NCCL INFO NET/IB: ncclIbConnectImpl: NCCL Dev 2 IbDev 2 Port 1 qp_num 2285 mtu 5 GID 3 (0/16EA8C0FFFF0000) ctsFifoRkey=0x183c39 ctsFifoLkey=0x183c39
node0:63:74 [0] NCCL INFO NET/IB: ncclIbConnectImpl: IbDev 2 Port 1 qp_num 2285 query_ece={supported=1, vendor_id=0x15b3, options=0x30000002, comp_mask=0x0}
node0:63:74 [0] NCCL INFO NET/IB: Subnet-aware routing: overriding dev 5 with dev 3
node0:63:74 [0] NCCL INFO NET/IB: ncclIbReceiverQpsCreateToRts: QP created: port=1 dev=3 devName=roceP2p1s0f1 ndevs=4 nmdevs=6 qp_num=2230 pkey=0 pd=0xf8c37407d010 oooRq=0
node0:63:74 [0] NCCL INFO NET/IB: ncclIbReceiverQpsCreateToRts: QP created: port=1 dev=3 devName=roceP2p1s0f1 ndevs=4 nmdevs=6 qp_num=2231 pkey=0 pd=0xf8c37407d010 oooRq=0
node0:63:74 [0] NCCL INFO NET/IB: ncclIbReceiverQpsCreateToRts: Flush QP created: port=1 dev=3 devName=roceP2p1s0f1 ndevs=4 nmdevs=6 qp_num=2232 pkey=0 pd=0xf8c37407d010
node0:63:74 [0] NCCL INFO NET/IB: Subnet-aware routing: overriding dev 4 with dev 0
node0:63:74 [0] NCCL INFO NET/IB: ncclIbResiliencyInit: Resiliency is disabled on the send communicator (comm=0xf8c338a0a000)
node0:63:74 [0] NCCL INFO NET/IB: Subnet-aware routing: overriding dev 5 with dev 2
node0:63:74 [0] NCCL INFO NET/IB: ncclIbSenderQpsToRts: Set ECE: IbDev 2 Port 1 qp_num 2282 set_ece={supported=1, vendor_id=0x15b3, options=0x30000002, comp_mask=0x0}
node0:63:74 [0] NCCL INFO NET/IB: ncclIbSenderQpsToRts: Set ECE: IbDev 2 Port 1 qp_num 2283 set_ece={supported=1, vendor_id=0x15b3, options=0x30000002, comp_mask=0x0}
node0:63:74 [0] NCCL INFO NET/IB: Subnet-aware routing: overriding dev 4 with dev 0
node0:63:74 [0] NCCL INFO NET/IB: ncclIbSenderQpsToRts: Set ECE: IbDev 0 Port 1 qp_num 46062 set_ece={supported=1, vendor_id=0x15b3, options=0x30000002, comp_mask=0x0}
node0:63:74 [0] NCCL INFO NET/IB: ncclIbSenderQpsToRts: Set ECE: IbDev 0 Port 1 qp_num 46063 set_ece={supported=1, vendor_id=0x15b3, options=0x30000002, comp_mask=0x0}
node0:63:74 [0] NCCL INFO NET/IB: Subnet-aware routing: overriding dev 5 with dev 2
node0:63:74 [0] NCCL INFO NET/IB: ncclIbSenderQpsToRts: Set ECE: IbDev 2 Port 1 qp_num 2284 set_ece={supported=1, vendor_id=0x15b3, options=0x30000002, comp_mask=0x0}
node0:63:74 [0] NCCL INFO NET/IB: ncclIbSenderQpsToRts: Set ECE: IbDev 2 Port 1 qp_num 2285 set_ece={supported=1, vendor_id=0x15b3, options=0x30000002, comp_mask=0x0}
node0:63:74 [0] NCCL INFO NET/IB: Subnet-aware routing: overriding dev 4 with dev 0
node0:63:74 [0] NCCL INFO NET/IB: ncclIbResiliencyInit: Resiliency is disabled on the recv communicator (comm=0xf8c338a4b000)
node0:63:74 [0] NCCL INFO NET/IB: ncclIbRecvCommInit: Receive work requests will be posted on-demand
node0:63:74 [0] NCCL INFO NET/IB: Subnet-aware routing: overriding dev 4 with dev 0
node0:63:74 [0] NCCL INFO NET/IB: Subnet-aware routing: overriding dev 5 with dev 2
node0:63:74 [0] NCCL INFO NET/IB: ncclIbResiliencyInit: Resiliency is disabled on the send communicator (comm=0xf8c338a90000)
node0:63:74 [0] NCCL INFO NET/IB: Subnet-aware routing: overriding dev 4 with dev 0
node0:63:74 [0] NCCL INFO NET/IB: Subnet-aware routing: overriding dev 5 with dev 2
node0:63:74 [0] NCCL INFO NET/IB: ncclIbResiliencyInit: Resiliency is disabled on the recv communicator (comm=0xf8c338ad1000)
node0:63:74 [0] NCCL INFO NET/IB: ncclIbRecvCommInit: Receive work requests will be posted on-demand
node0:63:74 [0] NCCL INFO NET/IB: Subnet-aware routing: overriding dev 4 with dev 0
node0:63:74 [0] NCCL INFO NET/IB: Subnet-aware routing: overriding dev 4 with dev 1
node0:63:74 [0] NCCL INFO NET/IB: ncclIbReceiverQpsCreateToRts: QP created: port=1 dev=1 devName=rocep1s0f1 ndevs=4 nmdevs=6 qp_num=40951 pkey=0 pd=0xf8c37407dd30 oooRq=0
node0:63:74 [0] NCCL INFO NET/IB: ncclIbReceiverQpsCreateToRts: QP created: port=1 dev=1 devName=rocep1s0f1 ndevs=4 nmdevs=6 qp_num=40952 pkey=0 pd=0xf8c37407dd30 oooRq=0
node0:63:74 [0] NCCL INFO NET/IB: ncclIbReceiverQpsCreateToRts: Flush QP created: port=1 dev=1 devName=rocep1s0f1 ndevs=4 nmdevs=6 qp_num=40953 pkey=0 pd=0xf8c37407dd30
node0:63:74 [0] NCCL INFO NET/IB: Subnet-aware routing: overriding dev 5 with dev 2
node0:63:74 [0] NCCL INFO NET/IB: Subnet-aware routing: overriding dev 4 with dev 0
node0:63:74 [0] NCCL INFO NET/IB: ncclIbResiliencyInit: Resiliency is disabled on the send communicator (comm=0xf8c338b90000)
node0:63:74 [0] NCCL INFO NET/IB: Subnet-aware routing: overriding dev 4 with dev 0
node0:63:74 [0] NCCL INFO NET/IB: Subnet-aware routing: overriding dev 5 with dev 2
node0:63:74 [0] NCCL INFO NET/IB: Subnet-aware routing: overriding dev 4 with dev 0
node0:63:74 [0] NCCL INFO NET/IB: ncclIbResiliencyInit: Resiliency is disabled on the recv communicator (comm=0xf8c338bd4000)
node0:63:74 [0] NCCL INFO NET/IB: ncclIbRecvCommInit: Receive work requests will be posted on-demand
node0:63:74 [0] NCCL INFO NET/IB: Subnet-aware routing: overriding dev 4 with dev 0
node0:63:74 [0] NCCL INFO NET/IB: Subnet-aware routing: overriding dev 5 with dev 2
node0:63:74 [0] NCCL INFO NET/IB: ncclIbSenderQpsCreate: QP created: port=1 dev=2 devName=roceP2p1s0f0 ndevs=4 nmdevs=6 qp_num=2286 pkey=0 pd=0xf8c37421ceb0 oooRq=0
node0:63:74 [0] NCCL INFO NET/IB: ncclIbSenderQpsCreate: QP created: port=1 dev=2 devName=roceP2p1s0f0 ndevs=4 nmdevs=6 qp_num=2287 pkey=0 pd=0xf8c37421ceb0 oooRq=0
node0:63:74 [0] NCCL INFO NET/IB: ncclIbConnectImpl: NCCL Dev 2 IbDev 2 Port 1 qp_num 2286 mtu 5 GID 3 (0/16EA8C0FFFF0000) ctsFifoRkey=0x19989a ctsFifoLkey=0x19989a
node0:63:74 [0] NCCL INFO NET/IB: ncclIbConnectImpl: IbDev 2 Port 1 qp_num 2286 query_ece={supported=1, vendor_id=0x15b3, options=0x30000002, comp_mask=0x0}
node0:63:74 [0] NCCL INFO NET/IB: ncclIbConnectImpl: NCCL Dev 2 IbDev 2 Port 1 qp_num 2287 mtu 5 GID 3 (0/16EA8C0FFFF0000) ctsFifoRkey=0x19989a ctsFifoLkey=0x19989a
node0:63:74 [0] NCCL INFO NET/IB: ncclIbConnectImpl: IbDev 2 Port 1 qp_num 2287 query_ece={supported=1, vendor_id=0x15b3, options=0x30000002, comp_mask=0x0}
node0:63:74 [0] NCCL INFO NET/IB: Subnet-aware routing: overriding dev 4 with dev 0
node0:63:74 [0] NCCL INFO NET/IB: Subnet-aware routing: overriding dev 5 with dev 2
node0:63:74 [0] NCCL INFO NET/IB: ncclIbResiliencyInit: Resiliency is disabled on the send communicator (comm=0xf8c338c77000)
node0:63:74 [0] NCCL INFO NET/IB: Subnet-aware routing: overriding dev 4 with dev 0
node0:63:74 [0] NCCL INFO NET/IB: ncclIbSenderQpsCreate: QP created: port=1 dev=0 devName=rocep1s0f0 ndevs=4 nmdevs=6 qp_num=46064 pkey=0 pd=0xf8c374208b60 oooRq=0
node0:63:74 [0] NCCL INFO NET/IB: ncclIbSenderQpsCreate: QP created: port=1 dev=0 devName=rocep1s0f0 ndevs=4 nmdevs=6 qp_num=46065 pkey=0 pd=0xf8c374208b60 oooRq=0
node0:63:74 [0] NCCL INFO NET/IB: ncclIbConnectImpl: NCCL Dev 0 IbDev 0 Port 1 qp_num 46064 mtu 5 GID 6 (0/164A8C0FFFF0000) ctsFifoRkey=0x178c49 ctsFifoLkey=0x178c49
node0:63:74 [0] NCCL INFO NET/IB: ncclIbConnectImpl: IbDev 0 Port 1 qp_num 46064 query_ece={supported=1, vendor_id=0x15b3, options=0x30000002, comp_mask=0x0}
node0:63:74 [0] NCCL INFO NET/IB: ncclIbConnectImpl: NCCL Dev 0 IbDev 0 Port 1 qp_num 46065 mtu 5 GID 6 (0/164A8C0FFFF0000) ctsFifoRkey=0x178c49 ctsFifoLkey=0x178c49
node0:63:74 [0] NCCL INFO NET/IB: ncclIbConnectImpl: IbDev 0 Port 1 qp_num 46065 query_ece={supported=1, vendor_id=0x15b3, options=0x30000002, comp_mask=0x0}
node0:63:74 [0] NCCL INFO NET/IB: Subnet-aware routing: overriding dev 5 with dev 2
node0:63:74 [0] NCCL INFO NET/IB: ncclIbSenderQpsToRts: Set ECE: IbDev 2 Port 1 qp_num 2286 set_ece={supported=1, vendor_id=0x15b3, options=0x30000002, comp_mask=0x0}
node0:63:74 [0] NCCL INFO NET/IB: ncclIbSenderQpsToRts: Set ECE: IbDev 2 Port 1 qp_num 2287 set_ece={supported=1, vendor_id=0x15b3, options=0x30000002, comp_mask=0x0}
node0:63:74 [0] NCCL INFO NET/IB: Subnet-aware routing: overriding dev 5 with dev 3
node0:63:74 [0] NCCL INFO NET/IB: ncclIbReceiverQpsCreateToRts: QP created: port=1 dev=3 devName=roceP2p1s0f1 ndevs=4 nmdevs=6 qp_num=2233 pkey=0 pd=0xf8c37407d010 oooRq=0
node0:63:74 [0] NCCL INFO NET/IB: ncclIbReceiverQpsCreateToRts: QP created: port=1 dev=3 devName=roceP2p1s0f1 ndevs=4 nmdevs=6 qp_num=2234 pkey=0 pd=0xf8c37407d010 oooRq=0
node0:63:74 [0] NCCL INFO NET/IB: ncclIbReceiverQpsCreateToRts: Flush QP created: port=1 dev=3 devName=roceP2p1s0f1 ndevs=4 nmdevs=6 qp_num=2235 pkey=0 pd=0xf8c37407d010
node0:63:74 [0] NCCL INFO NET/IB: Subnet-aware routing: overriding dev 4 with dev 0
node0:63:74 [0] NCCL INFO NET/IB: ncclIbSenderQpsCreate: QP created: port=1 dev=0 devName=rocep1s0f0 ndevs=4 nmdevs=6 qp_num=46066 pkey=0 pd=0xf8c374208b60 oooRq=0
node0:63:74 [0] NCCL INFO NET/IB: ncclIbSenderQpsCreate: QP created: port=1 dev=0 devName=rocep1s0f0 ndevs=4 nmdevs=6 qp_num=46067 pkey=0 pd=0xf8c374208b60 oooRq=0
node0:63:74 [0] NCCL INFO NET/IB: ncclIbConnectImpl: NCCL Dev 0 IbDev 0 Port 1 qp_num 46066 mtu 5 GID 6 (0/164A8C0FFFF0000) ctsFifoRkey=0x179956 ctsFifoLkey=0x179956
node0:63:74 [0] NCCL INFO NET/IB: ncclIbConnectImpl: IbDev 0 Port 1 qp_num 46066 query_ece={supported=1, vendor_id=0x15b3, options=0x30000002, comp_mask=0x0}
node0:63:74 [0] NCCL INFO NET/IB: ncclIbConnectImpl: NCCL Dev 0 IbDev 0 Port 1 qp_num 46067 mtu 5 GID 6 (0/164A8C0FFFF0000) ctsFifoRkey=0x179956 ctsFifoLkey=0x179956
node0:63:74 [0] NCCL INFO NET/IB: ncclIbConnectImpl: IbDev 0 Port 1 qp_num 46067 query_ece={supported=1, vendor_id=0x15b3, options=0x30000002, comp_mask=0x0}
node0:63:74 [0] NCCL INFO NET/IB: Subnet-aware routing: overriding dev 4 with dev 1
node0:63:74 [0] NCCL INFO NET/IB: ncclIbReceiverQpsCreateToRts: QP created: port=1 dev=1 devName=rocep1s0f1 ndevs=4 nmdevs=6 qp_num=40954 pkey=0 pd=0xf8c37407dd30 oooRq=0
node0:63:74 [0] NCCL INFO NET/IB: ncclIbReceiverQpsCreateToRts: QP created: port=1 dev=1 devName=rocep1s0f1 ndevs=4 nmdevs=6 qp_num=40955 pkey=0 pd=0xf8c37407dd30 oooRq=0
node0:63:74 [0] NCCL INFO NET/IB: ncclIbReceiverQpsCreateToRts: Flush QP created: port=1 dev=1 devName=rocep1s0f1 ndevs=4 nmdevs=6 qp_num=40956 pkey=0 pd=0xf8c37407dd30
node0:63:74 [0] NCCL INFO NET/IB: Subnet-aware routing: overriding dev 5 with dev 2
node0:63:74 [0] NCCL INFO NET/IB: ncclIbResiliencyInit: Resiliency is disabled on the recv communicator (comm=0xf8c338e60000)
node0:63:74 [0] NCCL INFO NET/IB: ncclIbRecvCommInit: Receive work requests will be posted on-demand
node0:63:74 [0] NCCL INFO NET/IB: Subnet-aware routing: overriding dev 4 with dev 0
node0:63:74 [0] NCCL INFO NET/IB: ncclIbSenderQpsToRts: Set ECE: IbDev 0 Port 1 qp_num 46064 set_ece={supported=1, vendor_id=0x15b3, options=0x30000002, comp_mask=0x0}
node0:63:74 [0] NCCL INFO NET/IB: ncclIbSenderQpsToRts: Set ECE: IbDev 0 Port 1 qp_num 46065 set_ece={supported=1, vendor_id=0x15b3, options=0x30000002, comp_mask=0x0}
node0:63:74 [0] NCCL INFO NET/IB: Subnet-aware routing: overriding dev 4 with dev 0
node0:63:74 [0] NCCL INFO NET/IB: Subnet-aware routing: overriding dev 5 with dev 2
node0:63:74 [0] NCCL INFO NET/IB: Subnet-aware routing: overriding dev 5 with dev 3
node0:63:74 [0] NCCL INFO NET/IB: ncclIbReceiverQpsCreateToRts: QP created: port=1 dev=3 devName=roceP2p1s0f1 ndevs=4 nmdevs=6 qp_num=2236 pkey=0 pd=0xf8c37407d010 oooRq=0
node0:63:74 [0] NCCL INFO NET/IB: ncclIbReceiverQpsCreateToRts: QP created: port=1 dev=3 devName=roceP2p1s0f1 ndevs=4 nmdevs=6 qp_num=2237 pkey=0 pd=0xf8c37407d010 oooRq=0
node0:63:74 [0] NCCL INFO NET/IB: ncclIbReceiverQpsCreateToRts: Flush QP created: port=1 dev=3 devName=roceP2p1s0f1 ndevs=4 nmdevs=6 qp_num=2238 pkey=0 pd=0xf8c37407d010
node0:63:74 [0] NCCL INFO NET/IB: Subnet-aware routing: overriding dev 4 with dev 0
node0:63:74 [0] NCCL INFO NET/IB: ncclIbResiliencyInit: Resiliency is disabled on the send communicator (comm=0xf8c338f1d000)
node0:63:74 [0] NCCL INFO NET/IB: Subnet-aware routing: overriding dev 4 with dev 0
node0:63:74 [0] NCCL INFO NET/IB: ncclIbSenderQpsToRts: Set ECE: IbDev 0 Port 1 qp_num 46066 set_ece={supported=1, vendor_id=0x15b3, options=0x30000002, comp_mask=0x0}
node0:63:74 [0] NCCL INFO NET/IB: ncclIbSenderQpsToRts: Set ECE: IbDev 0 Port 1 qp_num 46067 set_ece={supported=1, vendor_id=0x15b3, options=0x30000002, comp_mask=0x0}
node0:63:74 [0] NCCL INFO NET/IB: Subnet-aware routing: overriding dev 5 with dev 2
node0:63:74 [0] NCCL INFO NET/IB: ncclIbSenderQpsCreate: QP created: port=1 dev=2 devName=roceP2p1s0f0 ndevs=4 nmdevs=6 qp_num=2288 pkey=0 pd=0xf8c37421ceb0 oooRq=0
node0:63:74 [0] NCCL INFO NET/IB: ncclIbSenderQpsCreate: QP created: port=1 dev=2 devName=roceP2p1s0f0 ndevs=4 nmdevs=6 qp_num=2289 pkey=0 pd=0xf8c37421ceb0 oooRq=0
node0:63:74 [0] NCCL INFO NET/IB: ncclIbConnectImpl: NCCL Dev 2 IbDev 2 Port 1 qp_num 2288 mtu 5 GID 3 (0/16EA8C0FFFF0000) ctsFifoRkey=0x171919 ctsFifoLkey=0x171919
node0:63:74 [0] NCCL INFO NET/IB: ncclIbConnectImpl: IbDev 2 Port 1 qp_num 2288 query_ece={supported=1, vendor_id=0x15b3, options=0x30000002, comp_mask=0x0}
node0:63:74 [0] NCCL INFO NET/IB: ncclIbConnectImpl: NCCL Dev 2 IbDev 2 Port 1 qp_num 2289 mtu 5 GID 3 (0/16EA8C0FFFF0000) ctsFifoRkey=0x171919 ctsFifoLkey=0x171919
node0:63:74 [0] NCCL INFO NET/IB: ncclIbConnectImpl: IbDev 2 Port 1 qp_num 2289 query_ece={supported=1, vendor_id=0x15b3, options=0x30000002, comp_mask=0x0}
node0:63:74 [0] NCCL INFO NET/IB: Subnet-aware routing: overriding dev 4 with dev 0
node0:63:74 [0] NCCL INFO NET/IB: ncclIbResiliencyInit: Resiliency is disabled on the recv communicator (comm=0xf8c338fb8000)
node0:63:74 [0] NCCL INFO NET/IB: ncclIbRecvCommInit: Receive work requests will be posted on-demand
node0:63:74 [0] NCCL INFO NET/IB: Subnet-aware routing: overriding dev 5 with dev 2
node0:63:74 [0] NCCL INFO NET/IB: Subnet-aware routing: overriding dev 4 with dev 0
node0:63:74 [0] NCCL INFO NET/IB: Subnet-aware routing: overriding dev 5 with dev 2
node0:63:74 [0] NCCL INFO NET/IB: ncclIbResiliencyInit: Resiliency is disabled on the send communicator (comm=0xf8c339000000)
node0:63:74 [0] NCCL INFO NET/IB: Subnet-aware routing: overriding dev 5 with dev 2
node0:63:74 [0] NCCL INFO NET/IB: Subnet-aware routing: overriding dev 4 with dev 0
node0:63:74 [0] NCCL INFO NET/IB: Subnet-aware routing: overriding dev 4 with dev 1
node0:63:74 [0] NCCL INFO NET/IB: ncclIbReceiverQpsCreateToRts: QP created: port=1 dev=1 devName=rocep1s0f1 ndevs=4 nmdevs=6 qp_num=40957 pkey=0 pd=0xf8c37407dd30 oooRq=0
node0:63:74 [0] NCCL INFO NET/IB: ncclIbReceiverQpsCreateToRts: QP created: port=1 dev=1 devName=rocep1s0f1 ndevs=4 nmdevs=6 qp_num=40958 pkey=0 pd=0xf8c37407dd30 oooRq=0
node0:63:74 [0] NCCL INFO NET/IB: ncclIbReceiverQpsCreateToRts: Flush QP created: port=1 dev=1 devName=rocep1s0f1 ndevs=4 nmdevs=6 qp_num=40959 pkey=0 pd=0xf8c37407dd30
node0:63:74 [0] NCCL INFO NET/IB: Subnet-aware routing: overriding dev 5 with dev 2
node0:63:74 [0] NCCL INFO NET/IB: ncclIbResiliencyInit: Resiliency is disabled on the recv communicator (comm=0xf8c3390bd000)
node0:63:74 [0] NCCL INFO NET/IB: ncclIbRecvCommInit: Receive work requests will be posted on-demand
node0:63:74 [0] NCCL INFO NET/IB: Subnet-aware routing: overriding dev 5 with dev 2
node0:63:74 [0] NCCL INFO NET/IB: Subnet-aware routing: overriding dev 4 with dev 0
node0:63:74 [0] NCCL INFO NET/IB: ncclIbSenderQpsCreate: QP created: port=1 dev=0 devName=rocep1s0f0 ndevs=4 nmdevs=6 qp_num=46068 pkey=0 pd=0xf8c374208b60 oooRq=0
node0:63:74 [0] NCCL INFO NET/IB: ncclIbSenderQpsCreate: QP created: port=1 dev=0 devName=rocep1s0f0 ndevs=4 nmdevs=6 qp_num=46069 pkey=0 pd=0xf8c374208b60 oooRq=0
node0:63:74 [0] NCCL INFO NET/IB: ncclIbConnectImpl: NCCL Dev 0 IbDev 0 Port 1 qp_num 46068 mtu 5 GID 6 (0/164A8C0FFFF0000) ctsFifoRkey=0x221b8a ctsFifoLkey=0x221b8a
node0:63:74 [0] NCCL INFO NET/IB: ncclIbConnectImpl: IbDev 0 Port 1 qp_num 46068 query_ece={supported=1, vendor_id=0x15b3, options=0x30000002, comp_mask=0x0}
node0:63:74 [0] NCCL INFO NET/IB: ncclIbConnectImpl: NCCL Dev 0 IbDev 0 Port 1 qp_num 46069 mtu 5 GID 6 (0/164A8C0FFFF0000) ctsFifoRkey=0x221b8a ctsFifoLkey=0x221b8a
node0:63:74 [0] NCCL INFO NET/IB: ncclIbConnectImpl: IbDev 0 Port 1 qp_num 46069 query_ece={supported=1, vendor_id=0x15b3, options=0x30000002, comp_mask=0x0}
node0:63:74 [0] NCCL INFO NET/IB: Subnet-aware routing: overriding dev 5 with dev 2
node0:63:74 [0] NCCL INFO NET/IB: ncclIbSenderQpsCreate: QP created: port=1 dev=2 devName=roceP2p1s0f0 ndevs=4 nmdevs=6 qp_num=2290 pkey=0 pd=0xf8c37421ceb0 oooRq=0
node0:63:74 [0] NCCL INFO NET/IB: ncclIbSenderQpsCreate: QP created: port=1 dev=2 devName=roceP2p1s0f0 ndevs=4 nmdevs=6 qp_num=2291 pkey=0 pd=0xf8c37421ceb0 oooRq=0
node0:63:74 [0] NCCL INFO NET/IB: ncclIbConnectImpl: NCCL Dev 2 IbDev 2 Port 1 qp_num 2290 mtu 5 GID 3 (0/16EA8C0FFFF0000) ctsFifoRkey=0x19938e ctsFifoLkey=0x19938e
node0:63:74 [0] NCCL INFO NET/IB: ncclIbConnectImpl: IbDev 2 Port 1 qp_num 2290 query_ece={supported=1, vendor_id=0x15b3, options=0x30000002, comp_mask=0x0}
node0:63:74 [0] NCCL INFO NET/IB: ncclIbConnectImpl: NCCL Dev 2 IbDev 2 Port 1 qp_num 2291 mtu 5 GID 3 (0/16EA8C0FFFF0000) ctsFifoRkey=0x19938e ctsFifoLkey=0x19938e
node0:63:74 [0] NCCL INFO NET/IB: ncclIbConnectImpl: IbDev 2 Port 1 qp_num 2291 query_ece={supported=1, vendor_id=0x15b3, options=0x30000002, comp_mask=0x0}
node0:63:74 [0] NCCL INFO NET/IB: Subnet-aware routing: overriding dev 4 with dev 0
node0:63:74 [0] NCCL INFO NET/IB: ncclIbResiliencyInit: Resiliency is disabled on the send communicator (comm=0xf8c3391b9000)
node0:63:74 [0] NCCL INFO NET/IB: Subnet-aware routing: overriding dev 5 with dev 2
node0:63:74 [0] NCCL INFO NET/IB: ncclIbSenderQpsToRts: Set ECE: IbDev 2 Port 1 qp_num 2288 set_ece={supported=1, vendor_id=0x15b3, options=0x30000002, comp_mask=0x0}
node0:63:74 [0] NCCL INFO NET/IB: ncclIbSenderQpsToRts: Set ECE: IbDev 2 Port 1 qp_num 2289 set_ece={supported=1, vendor_id=0x15b3, options=0x30000002, comp_mask=0x0}
node0:63:74 [0] NCCL INFO NET/IB: Subnet-aware routing: overriding dev 4 with dev 0
node0:63:74 [0] NCCL INFO NET/IB: ncclIbSenderQpsToRts: Set ECE: IbDev 0 Port 1 qp_num 46068 set_ece={supported=1, vendor_id=0x15b3, options=0x30000002, comp_mask=0x0}
node0:63:74 [0] NCCL INFO NET/IB: ncclIbSenderQpsToRts: Set ECE: IbDev 0 Port 1 qp_num 46069 set_ece={supported=1, vendor_id=0x15b3, options=0x30000002, comp_mask=0x0}
node0:63:74 [0] NCCL INFO NET/IB: Subnet-aware routing: overriding dev 5 with dev 2
node0:63:74 [0] NCCL INFO NET/IB: ncclIbSenderQpsToRts: Set ECE: IbDev 2 Port 1 qp_num 2290 set_ece={supported=1, vendor_id=0x15b3, options=0x30000002, comp_mask=0x0}
node0:63:74 [0] NCCL INFO NET/IB: ncclIbSenderQpsToRts: Set ECE: IbDev 2 Port 1 qp_num 2291 set_ece={supported=1, vendor_id=0x15b3, options=0x30000002, comp_mask=0x0}
node0:63:74 [0] NCCL INFO NET/IB: Subnet-aware routing: overriding dev 5 with dev 3
node0:63:74 [0] NCCL INFO NET/IB: ncclIbReceiverQpsCreateToRts: QP created: port=1 dev=3 devName=roceP2p1s0f1 ndevs=4 nmdevs=6 qp_num=2239 pkey=0 pd=0xf8c37407d010 oooRq=0
node0:63:74 [0] NCCL INFO NET/IB: ncclIbReceiverQpsCreateToRts: QP created: port=1 dev=3 devName=roceP2p1s0f1 ndevs=4 nmdevs=6 qp_num=2240 pkey=0 pd=0xf8c37407d010 oooRq=0
node0:63:74 [0] NCCL INFO NET/IB: ncclIbReceiverQpsCreateToRts: Flush QP created: port=1 dev=3 devName=roceP2p1s0f1 ndevs=4 nmdevs=6 qp_num=2241 pkey=0 pd=0xf8c37407d010
node0:63:74 [0] NCCL INFO NET/IB: Subnet-aware routing: overriding dev 4 with dev 0
node0:63:74 [0] NCCL INFO NET/IB: ncclIbResiliencyInit: Resiliency is disabled on the recv communicator (comm=0xf8c339270000)
node0:63:74 [0] NCCL INFO NET/IB: ncclIbRecvCommInit: Receive work requests will be posted on-demand
node0:63:74 [0] NCCL INFO NET/IB: Subnet-aware routing: overriding dev 4 with dev 0
node0:63:74 [0] NCCL INFO NET/IB: Subnet-aware routing: overriding dev 5 with dev 2
node0:63:74 [0] NCCL INFO NET/IB: ncclIbResiliencyInit: Resiliency is disabled on the send communicator (comm=0xf8c3392b8000)
node0:63:74 [0] NCCL INFO NET/IB: Subnet-aware routing: overriding dev 4 with dev 0
node0:63:74 [0] NCCL INFO NET/IB: ncclIbSenderQpsCreate: QP created: port=1 dev=0 devName=rocep1s0f0 ndevs=4 nmdevs=6 qp_num=46070 pkey=0 pd=0xf8c374208b60 oooRq=0
node0:63:74 [0] NCCL INFO NET/IB: ncclIbSenderQpsCreate: QP created: port=1 dev=0 devName=rocep1s0f0 ndevs=4 nmdevs=6 qp_num=46071 pkey=0 pd=0xf8c374208b60 oooRq=0
node0:63:74 [0] NCCL INFO NET/IB: ncclIbConnectImpl: NCCL Dev 0 IbDev 0 Port 1 qp_num 46070 mtu 5 GID 6 (0/164A8C0FFFF0000) ctsFifoRkey=0x221c8b ctsFifoLkey=0x221c8b
node0:63:74 [0] NCCL INFO NET/IB: ncclIbConnectImpl: IbDev 0 Port 1 qp_num 46070 query_ece={supported=1, vendor_id=0x15b3, options=0x30000002, comp_mask=0x0}
node0:63:74 [0] NCCL INFO NET/IB: ncclIbConnectImpl: NCCL Dev 0 IbDev 0 Port 1 qp_num 46071 mtu 5 GID 6 (0/164A8C0FFFF0000) ctsFifoRkey=0x221c8b ctsFifoLkey=0x221c8b
node0:63:74 [0] NCCL INFO NET/IB: ncclIbConnectImpl: IbDev 0 Port 1 qp_num 46071 query_ece={supported=1, vendor_id=0x15b3, options=0x30000002, comp_mask=0x0}
node0:63:74 [0] NCCL INFO NET/IB: Subnet-aware routing: overriding dev 5 with dev 2
node0:63:74 [0] NCCL INFO NET/IB: ncclIbResiliencyInit: Resiliency is disabled on the recv communicator (comm=0xf8c339355000)
node0:63:74 [0] NCCL INFO NET/IB: ncclIbRecvCommInit: Receive work requests will be posted on-demand
node0:63:74 [0] NCCL INFO NET/IB: Subnet-aware routing: overriding dev 4 with dev 0
node0:63:74 [0] NCCL INFO NET/IB: Subnet-aware routing: overriding dev 4 with dev 1
node0:63:74 [0] NCCL INFO NET/IB: ncclIbReceiverQpsCreateToRts: QP created: port=1 dev=1 devName=rocep1s0f1 ndevs=4 nmdevs=6 qp_num=40960 pkey=0 pd=0xf8c37407dd30 oooRq=0
node0:63:74 [0] NCCL INFO NET/IB: ncclIbReceiverQpsCreateToRts: QP created: port=1 dev=1 devName=rocep1s0f1 ndevs=4 nmdevs=6 qp_num=40961 pkey=0 pd=0xf8c37407dd30 oooRq=0
node0:63:74 [0] NCCL INFO NET/IB: ncclIbReceiverQpsCreateToRts: Flush QP created: port=1 dev=1 devName=rocep1s0f1 ndevs=4 nmdevs=6 qp_num=40962 pkey=0 pd=0xf8c37407dd30
node0:63:74 [0] NCCL INFO NET/IB: Subnet-aware routing: overriding dev 5 with dev 2
node0:63:74 [0] NCCL INFO NET/IB: ncclIbSenderQpsCreate: QP created: port=1 dev=2 devName=roceP2p1s0f0 ndevs=4 nmdevs=6 qp_num=2292 pkey=0 pd=0xf8c37421ceb0 oooRq=0
node0:63:74 [0] NCCL INFO NET/IB: ncclIbSenderQpsCreate: QP created: port=1 dev=2 devName=roceP2p1s0f0 ndevs=4 nmdevs=6 qp_num=2293 pkey=0 pd=0xf8c37421ceb0 oooRq=0
node0:63:74 [0] NCCL INFO NET/IB: ncclIbConnectImpl: NCCL Dev 2 IbDev 2 Port 1 qp_num 2292 mtu 5 GID 3 (0/16EA8C0FFFF0000) ctsFifoRkey=0xe5f47 ctsFifoLkey=0xe5f47
node0:63:74 [0] NCCL INFO NET/IB: ncclIbConnectImpl: IbDev 2 Port 1 qp_num 2292 query_ece={supported=1, vendor_id=0x15b3, options=0x30000002, comp_mask=0x0}
node0:63:74 [0] NCCL INFO NET/IB: ncclIbConnectImpl: NCCL Dev 2 IbDev 2 Port 1 qp_num 2293 mtu 5 GID 3 (0/16EA8C0FFFF0000) ctsFifoRkey=0xe5f47 ctsFifoLkey=0xe5f47
node0:63:74 [0] NCCL INFO NET/IB: ncclIbConnectImpl: IbDev 2 Port 1 qp_num 2293 query_ece={supported=1, vendor_id=0x15b3, options=0x30000002, comp_mask=0x0}
node0:63:74 [0] NCCL INFO NET/IB: Subnet-aware routing: overriding dev 5 with dev 3
node0:63:74 [0] NCCL INFO NET/IB: ncclIbReceiverQpsCreateToRts: QP created: port=1 dev=3 devName=roceP2p1s0f1 ndevs=4 nmdevs=6 qp_num=2242 pkey=0 pd=0xf8c37407d010 oooRq=0
node0:63:74 [0] NCCL INFO NET/IB: ncclIbReceiverQpsCreateToRts: QP created: port=1 dev=3 devName=roceP2p1s0f1 ndevs=4 nmdevs=6 qp_num=2243 pkey=0 pd=0xf8c37407d010 oooRq=0
node0:63:74 [0] NCCL INFO NET/IB: ncclIbReceiverQpsCreateToRts: Flush QP created: port=1 dev=3 devName=roceP2p1s0f1 ndevs=4 nmdevs=6 qp_num=2244 pkey=0 pd=0xf8c37407d010
node0:63:74 [0] NCCL INFO NET/IB: Subnet-aware routing: overriding dev 4 with dev 0
node0:63:74 [0] NCCL INFO NET/IB: ncclIbResiliencyInit: Resiliency is disabled on the send communicator (comm=0xf8c3394ed000)
node0:63:74 [0] NCCL INFO NET/IB: Subnet-aware routing: overriding dev 4 with dev 0
node0:63:74 [0] NCCL INFO NET/IB: ncclIbSenderQpsToRts: Set ECE: IbDev 0 Port 1 qp_num 46070 set_ece={supported=1, vendor_id=0x15b3, options=0x30000002, comp_mask=0x0}
node0:63:74 [0] NCCL INFO NET/IB: ncclIbSenderQpsToRts: Set ECE: IbDev 0 Port 1 qp_num 46071 set_ece={supported=1, vendor_id=0x15b3, options=0x30000002, comp_mask=0x0}
node0:63:74 [0] NCCL INFO NET/IB: Subnet-aware routing: overriding dev 5 with dev 2
node0:63:74 [0] NCCL INFO NET/IB: ncclIbSenderQpsToRts: Set ECE: IbDev 2 Port 1 qp_num 2292 set_ece={supported=1, vendor_id=0x15b3, options=0x30000002, comp_mask=0x0}
node0:63:74 [0] NCCL INFO NET/IB: ncclIbSenderQpsToRts: Set ECE: IbDev 2 Port 1 qp_num 2293 set_ece={supported=1, vendor_id=0x15b3, options=0x30000002, comp_mask=0x0}
node0:63:74 [0] NCCL INFO NET/IB: Subnet-aware routing: overriding dev 4 with dev 0
node0:63:74 [0] NCCL INFO NET/IB: ncclIbResiliencyInit: Resiliency is disabled on the recv communicator (comm=0xf8c339531000)
node0:63:74 [0] NCCL INFO NET/IB: ncclIbRecvCommInit: Receive work requests will be posted on-demand
node0:63:74 [0] NCCL INFO NET/IB: Subnet-aware routing: overriding dev 4 with dev 0
node0:63:74 [0] NCCL INFO NET/IB: Subnet-aware routing: overriding dev 5 with dev 2
node0:63:74 [0] NCCL INFO NET/IB: ncclIbResiliencyInit: Resiliency is disabled on the send communicator (comm=0xf8c339579000)
node0:63:74 [0] NCCL INFO NET/IB: Subnet-aware routing: overriding dev 4 with dev 0
node0:63:74 [0] NCCL INFO NET/IB: ncclIbSenderQpsCreate: QP created: port=1 dev=0 devName=rocep1s0f0 ndevs=4 nmdevs=6 qp_num=46072 pkey=0 pd=0xf8c374208b60 oooRq=0
node0:63:74 [0] NCCL INFO NET/IB: ncclIbSenderQpsCreate: QP created: port=1 dev=0 devName=rocep1s0f0 ndevs=4 nmdevs=6 qp_num=46073 pkey=0 pd=0xf8c374208b60 oooRq=0
node0:63:74 [0] NCCL INFO NET/IB: ncclIbConnectImpl: NCCL Dev 0 IbDev 0 Port 1 qp_num 46072 mtu 5 GID 6 (0/164A8C0FFFF0000) ctsFifoRkey=0x2243b2 ctsFifoLkey=0x2243b2
node0:63:74 [0] NCCL INFO NET/IB: ncclIbConnectImpl: IbDev 0 Port 1 qp_num 46072 query_ece={supported=1, vendor_id=0x15b3, options=0x30000002, comp_mask=0x0}
node0:63:74 [0] NCCL INFO NET/IB: ncclIbConnectImpl: NCCL Dev 0 IbDev 0 Port 1 qp_num 46073 mtu 5 GID 6 (0/164A8C0FFFF0000) ctsFifoRkey=0x2243b2 ctsFifoLkey=0x2243b2
node0:63:74 [0] NCCL INFO NET/IB: ncclIbConnectImpl: IbDev 0 Port 1 qp_num 46073 query_ece={supported=1, vendor_id=0x15b3, options=0x30000002, comp_mask=0x0}
node0:63:74 [0] NCCL INFO NET/IB: Subnet-aware routing: overriding dev 4 with dev 1
node0:63:74 [0] NCCL INFO NET/IB: ncclIbReceiverQpsCreateToRts: QP created: port=1 dev=1 devName=rocep1s0f1 ndevs=4 nmdevs=6 qp_num=40963 pkey=0 pd=0xf8c37407dd30 oooRq=0
node0:63:74 [0] NCCL INFO NET/IB: ncclIbReceiverQpsCreateToRts: QP created: port=1 dev=1 devName=rocep1s0f1 ndevs=4 nmdevs=6 qp_num=40964 pkey=0 pd=0xf8c37407dd30 oooRq=0
node0:63:74 [0] NCCL INFO NET/IB: ncclIbReceiverQpsCreateToRts: Flush QP created: port=1 dev=1 devName=rocep1s0f1 ndevs=4 nmdevs=6 qp_num=40965 pkey=0 pd=0xf8c37407dd30
node0:63:74 [0] NCCL INFO NET/IB: Subnet-aware routing: overriding dev 5 with dev 2
node0:63:74 [0] NCCL INFO NET/IB: ncclIbResiliencyInit: Resiliency is disabled on the recv communicator (comm=0xf8c33968b000)
node0:63:74 [0] NCCL INFO NET/IB: ncclIbRecvCommInit: Receive work requests will be posted on-demand
node0:63:74 [0] NCCL INFO NET/IB: Subnet-aware routing: overriding dev 4 with dev 0
node0:63:74 [0] NCCL INFO NET/IB: Subnet-aware routing: overriding dev 5 with dev 2
node0:63:74 [0] NCCL INFO NET/IB: Subnet-aware routing: overriding dev 4 with dev 0
node0:63:74 [0] NCCL INFO NET/IB: ncclIbSenderQpsToRts: Set ECE: IbDev 0 Port 1 qp_num 46072 set_ece={supported=1, vendor_id=0x15b3, options=0x30000002, comp_mask=0x0}
node0:63:74 [0] NCCL INFO NET/IB: ncclIbSenderQpsToRts: Set ECE: IbDev 0 Port 1 qp_num 46073 set_ece={supported=1, vendor_id=0x15b3, options=0x30000002, comp_mask=0x0}
node0:63:74 [0] NCCL INFO NET/IB: Subnet-aware routing: overriding dev 5 with dev 2
node0:63:74 [0] NCCL INFO NET/IB: ncclIbSenderQpsCreate: QP created: port=1 dev=2 devName=roceP2p1s0f0 ndevs=4 nmdevs=6 qp_num=2294 pkey=0 pd=0xf8c37421ceb0 oooRq=0
node0:63:74 [0] NCCL INFO NET/IB: ncclIbSenderQpsCreate: QP created: port=1 dev=2 devName=roceP2p1s0f0 ndevs=4 nmdevs=6 qp_num=2295 pkey=0 pd=0xf8c37421ceb0 oooRq=0
node0:63:74 [0] NCCL INFO NET/IB: ncclIbConnectImpl: NCCL Dev 2 IbDev 2 Port 1 qp_num 2294 mtu 5 GID 3 (0/16EA8C0FFFF0000) ctsFifoRkey=0x17302e ctsFifoLkey=0x17302e
node0:63:74 [0] NCCL INFO NET/IB: ncclIbConnectImpl: IbDev 2 Port 1 qp_num 2294 query_ece={supported=1, vendor_id=0x15b3, options=0x30000002, comp_mask=0x0}
node0:63:74 [0] NCCL INFO NET/IB: ncclIbConnectImpl: NCCL Dev 2 IbDev 2 Port 1 qp_num 2295 mtu 5 GID 3 (0/16EA8C0FFFF0000) ctsFifoRkey=0x17302e ctsFifoLkey=0x17302e
node0:63:74 [0] NCCL INFO NET/IB: ncclIbConnectImpl: IbDev 2 Port 1 qp_num 2295 query_ece={supported=1, vendor_id=0x15b3, options=0x30000002, comp_mask=0x0}
node0:63:74 [0] NCCL INFO NET/IB: Subnet-aware routing: overriding dev 5 with dev 3
node0:63:74 [0] NCCL INFO NET/IB: ncclIbReceiverQpsCreateToRts: QP created: port=1 dev=3 devName=roceP2p1s0f1 ndevs=4 nmdevs=6 qp_num=2245 pkey=0 pd=0xf8c37407d010 oooRq=0
node0:63:74 [0] NCCL INFO NET/IB: ncclIbReceiverQpsCreateToRts: QP created: port=1 dev=3 devName=roceP2p1s0f1 ndevs=4 nmdevs=6 qp_num=2246 pkey=0 pd=0xf8c37407d010 oooRq=0
node0:63:74 [0] NCCL INFO NET/IB: ncclIbReceiverQpsCreateToRts: Flush QP created: port=1 dev=3 devName=roceP2p1s0f1 ndevs=4 nmdevs=6 qp_num=2247 pkey=0 pd=0xf8c37407d010
node0:63:74 [0] NCCL INFO NET/IB: Subnet-aware routing: overriding dev 5 with dev 2
node0:63:74 [0] NCCL INFO NET/IB: ncclIbSenderQpsToRts: Set ECE: IbDev 2 Port 1 qp_num 2294 set_ece={supported=1, vendor_id=0x15b3, options=0x30000002, comp_mask=0x0}
node0:63:74 [0] NCCL INFO NET/IB: ncclIbSenderQpsToRts: Set ECE: IbDev 2 Port 1 qp_num 2295 set_ece={supported=1, vendor_id=0x15b3, options=0x30000002, comp_mask=0x0}
node0:63:63 [0] NCCL INFO Connected all rings, use ring PXN 0 GDR 0
node0:63:63 [0] NCCL INFO AllGather: 11184800 Bytes -> Algo RING proto SIMPLE channel{Lo..Hi}={0..63}
node0:63:63 [0] NCCL INFO AllGather: 11184800 Bytes -> Algo RING proto SIMPLE channel{Lo..Hi}={0..63}
node0:63:63 [0] NCCL INFO AllGather: 11184800 Bytes -> Algo RING proto SIMPLE channel{Lo..Hi}={0..63}
node0:63:63 [0] NCCL INFO AllGather: 11184800 Bytes -> Algo RING proto SIMPLE channel{Lo..Hi}={0..63}
node0:63:63 [0] NCCL INFO AllGather: 11184800 Bytes -> Algo RING proto SIMPLE channel{Lo..Hi}={0..63}
node0:63:63 [0] NCCL INFO AllGather: 11184800 Bytes -> Algo RING proto SIMPLE channel{Lo..Hi}={0..63}
node0:63:63 [0] NCCL INFO AllGather: 11184800 Bytes -> Algo RING proto SIMPLE channel{Lo..Hi}={0..63}
node0:63:63 [0] NCCL INFO AllGather: 11184800 Bytes -> Algo RING proto SIMPLE channel{Lo..Hi}={0..63}
node0:63:63 [0] NCCL INFO AllGather: 11184800 Bytes -> Algo RING proto SIMPLE channel{Lo..Hi}={0..63}
node0:63:63 [0] NCCL INFO AllGather: 11184800 Bytes -> Algo RING proto SIMPLE channel{Lo..Hi}={0..63}
node0:63:63 [0] NCCL INFO AllGather: 11184800 Bytes -> Algo RING proto SIMPLE channel{Lo..Hi}={0..63}
node0:63:63 [0] NCCL INFO AllGather: 11184800 Bytes -> Algo RING proto SIMPLE channel{Lo..Hi}={0..63}
node0:63:63 [0] NCCL INFO AllGather: 11184800 Bytes -> Algo RING proto SIMPLE channel{Lo..Hi}={0..63}
node0:63:63 [0] NCCL INFO AllGather: 11184800 Bytes -> Algo RING proto SIMPLE channel{Lo..Hi}={0..63}
node0:63:63 [0] NCCL INFO AllGather: 11184800 Bytes -> Algo RING proto SIMPLE channel{Lo..Hi}={0..63}
node0:63:63 [0] NCCL INFO AllGather: 11184800 Bytes -> Algo RING proto SIMPLE channel{Lo..Hi}={0..63}
node0:63:63 [0] NCCL INFO AllGather: 11184800 Bytes -> Algo RING proto SIMPLE channel{Lo..Hi}={0..63}
node0:63:63 [0] NCCL INFO AllGather: 11184800 Bytes -> Algo RING proto SIMPLE channel{Lo..Hi}={0..63}
node0:63:63 [0] NCCL INFO AllGather: 11184800 Bytes -> Algo RING proto SIMPLE channel{Lo..Hi}={0..63}
node0:63:63 [0] NCCL INFO AllGather: 11184800 Bytes -> Algo RING proto SIMPLE channel{Lo..Hi}={0..63}
node0:63:63 [0] NCCL INFO AllGather: 11184800 Bytes -> Algo RING proto SIMPLE channel{Lo..Hi}={0..63}
node0:63:63 [0] NCCL INFO AllGather: 11184800 Bytes -> Algo RING proto SIMPLE channel{Lo..Hi}={0..63}
node0:63:63 [0] NCCL INFO AllGather: 11184800 Bytes -> Algo RING proto SIMPLE channel{Lo..Hi}={0..63}
node0:63:63 [0] NCCL INFO AllGather: 11184800 Bytes -> Algo RING proto SIMPLE channel{Lo..Hi}={0..63}
node0:63:63 [0] NCCL INFO AllGather: 11184800 Bytes -> Algo RING proto SIMPLE channel{Lo..Hi}={0..63}
node0:63:63 [0] NCCL INFO AllGather: 11184800 Bytes -> Algo RING proto SIMPLE channel{Lo..Hi}={0..63}
node0:63:63 [0] NCCL INFO AllGather: 11184800 Bytes -> Algo RING proto SIMPLE channel{Lo..Hi}={0..63}
node0:63:63 [0] NCCL INFO AllGather: 11184800 Bytes -> Algo RING proto SIMPLE channel{Lo..Hi}={0..63}
node0:63:63 [0] NCCL INFO AllGather: 11184800 Bytes -> Algo RING proto SIMPLE channel{Lo..Hi}={0..63}
node0:63:63 [0] NCCL INFO AllGather: 11184800 Bytes -> Algo RING proto SIMPLE channel{Lo..Hi}={0..63}
node0:63:63 [0] NCCL INFO AllGather: 11184800 Bytes -> Algo RING proto SIMPLE channel{Lo..Hi}={0..63}
node0:63:63 [0] NCCL INFO AllGather: 11184800 Bytes -> Algo RING proto SIMPLE channel{Lo..Hi}={0..63}
node0:63:63 [0] NCCL INFO AllGather: 11184800 Bytes -> Algo RING proto SIMPLE channel{Lo..Hi}={0..63}
node0:63:63 [0] NCCL INFO AllGather: 11184800 Bytes -> Algo RING proto SIMPLE channel{Lo..Hi}={0..63}
node0:63:63 [0] NCCL INFO AllGather: 11184800 Bytes -> Algo RING proto SIMPLE channel{Lo..Hi}={0..63}
node0:63:63 [0] NCCL INFO AllGather: 11184800 Bytes -> Algo RING proto SIMPLE channel{Lo..Hi}={0..63}
node0:63:63 [0] NCCL INFO AllGather: 11184800 Bytes -> Algo RING proto SIMPLE channel{Lo..Hi}={0..63}
node0:63:63 [0] NCCL INFO AllGather: 11184800 Bytes -> Algo RING proto SIMPLE channel{Lo..Hi}={0..63}
node0:63:63 [0] NCCL INFO AllGather: 11184800 Bytes -> Algo RING proto SIMPLE channel{Lo..Hi}={0..63}
node0:63:63 [0] NCCL INFO AllGather: 11184800 Bytes -> Algo RING proto SIMPLE channel{Lo..Hi}={0..63}
node0:63:63 [0] NCCL INFO AllGather: 11184800 Bytes -> Algo RING proto SIMPLE channel{Lo..Hi}={0..63}
node0:63:63 [0] NCCL INFO AllGather: 11184800 Bytes -> Algo RING proto SIMPLE channel{Lo..Hi}={0..63}
node0:63:63 [0] NCCL INFO AllGather: 11184800 Bytes -> Algo RING proto SIMPLE channel{Lo..Hi}={0..63}
node0:63:63 [0] NCCL INFO AllGather: 11184800 Bytes -> Algo RING proto SIMPLE channel{Lo..Hi}={0..63}
node0:63:63 [0] NCCL INFO AllGather: 11184800 Bytes -> Algo RING proto SIMPLE channel{Lo..Hi}={0..63}
node0:63:63 [0] NCCL INFO AllGather: 11184800 Bytes -> Algo RING proto SIMPLE channel{Lo..Hi}={0..63}
node0:63:63 [0] NCCL INFO AllGather: 11184800 Bytes -> Algo RING proto SIMPLE channel{Lo..Hi}={0..63}
node0:63:63 [0] NCCL INFO AllGather: 11184800 Bytes -> Algo RING proto SIMPLE channel{Lo..Hi}={0..63}
node0:63:63 [0] NCCL INFO AllGather: 11184800 Bytes -> Algo RING proto SIMPLE channel{Lo..Hi}={0..63}
########## NCCL_DEBUG from spark1 ##########
node1:65:65 [0] NCCL INFO ncclOsDlopen(libnccl-env.so) failed: libnccl-env.so: cannot open shared object file: No such file or directory
node1:65:65 [0] NCCL INFO ENV/Plugin: Could not find: libnccl-env.so
node1:65:65 [0] NCCL INFO cudaDriverVersion 13000
node1:65:65 [0] NCCL INFO NCCL_SOCKET_IFNAME set by environment to wlP9s9
node1:65:65 [0] NCCL INFO NCCL_SOCKET_IFNAME set to wlP9s9
node1:65:65 [0] NCCL INFO NCCL version 2.30.7+cuda13.3
node1:65:65 [0] NCCL INFO NCCL git version HEAD a5187fa2e
node1:65:65 [0] NCCL INFO Comm config nvlinkCentricSched set to 1
node1:65:65 [0] NCCL INFO NCCL_NET_PLUGIN set by environment to none
node1:65:65 [0] NCCL INFO NCCL_IB_DISABLE set by environment to 0.
node1:65:65 [0] NCCL INFO dlvsym failed on mlx5dv_get_data_direct_sysfs_path - /lib/aarch64-linux-gnu/libmlx5.so: undefined symbol: mlx5dv_get_data_direct_sysfs_path, version MLX5_1.25 version MLX5_1.25
node1:65:65 [0] NCCL INFO dlvsym failed on mlx5dv_reg_dmabuf_mr - /lib/aarch64-linux-gnu/libmlx5.so: undefined symbol: mlx5dv_reg_dmabuf_mr, version MLX5_1.25 version MLX5_1.25
node1:65:65 [0] NCCL INFO NCCL_SOCKET_IFNAME set by environment to wlP9s9
node1:65:65 [0] NCCL INFO NCCL_IB_HCA set to =rocep1s0f0,roceP2p1s0f0,rocep1s0f1,roceP2p1s0f1
node1:65:65 [0] NCCL INFO NET/IB: [0] rocep1s0f0:uverbs0:1/RoCE provider=Mlx5 speed=200000 context=0xafbeb4998070 pciPath=/sys/devices/pci0000:00/0000:00:00.0/0000:01:00.0 ar=0 oooRqSize=0
node1:65:65 [0] NCCL INFO NET/IB: [1] rocep1s0f1:uverbs1:1/RoCE provider=Mlx5 speed=200000 context=0xafbeb49d96c0 pciPath=/sys/devices/pci0000:00/0000:00:00.0/0000:01:00.0 ar=0 oooRqSize=0
node1:65:65 [0] NCCL INFO NET/IB: [2] roceP2p1s0f0:uverbs2:1/RoCE provider=Mlx5 speed=200000 context=0xafbeb4a1ad10 pciPath=/sys/devices/pci0002:00/0002:00:00.0/0002:01:00.0 ar=0 oooRqSize=0
node1:65:65 [0] NCCL INFO NET/IB: [3] roceP2p1s0f1:uverbs3:1/RoCE provider=Mlx5 speed=200000 context=0xafbeb4a5c360 pciPath=/sys/devices/pci0002:00/0002:00:00.0/0002:01:00.0 ar=0 oooRqSize=0
node1:65:65 [0] NCCL INFO NET/IB : Made virtual device [0] name=rocep1s0f0 speed=200000 ndevs=1 rail=-1 plane=-1
node1:65:65 [0] NCCL INFO NET/IB : Made virtual device [1] name=rocep1s0f1 speed=200000 ndevs=1 rail=-1 plane=-1
node1:65:65 [0] NCCL INFO NET/IB : Made virtual device [2] name=roceP2p1s0f0 speed=200000 ndevs=1 rail=-1 plane=-1
node1:65:65 [0] NCCL INFO NET/IB : Made virtual device [3] name=roceP2p1s0f1 speed=200000 ndevs=1 rail=-1 plane=-1
node1:65:65 [0] NCCL INFO NET/IB : Using [0]rocep1s0f0:1/RoCE [1]rocep1s0f1:1/RoCE [2]roceP2p1s0f0:1/RoCE [3]roceP2p1s0f1:1/RoCE [RO]; OOB wlP9s9:192.168.10.2<0>
node1:65:65 [0] NCCL INFO Initialized NET plugin IB
node1:65:65 [0] NCCL INFO Assigned NET plugin IB to comm
node1:65:65 [0] NCCL INFO ncclOsDlopen(libnccl-rma.so) failed: libnccl-rma.so: cannot open shared object file: No such file or directory
node1:65:65 [0] NCCL INFO RMA/Plugin: Could not find: libnccl-rma.so
node1:65:65 [0] NCCL INFO RMA/Plugin: Failed to load external plugin libnccl-rma.so, dlHandle: (nil), ncclRma: (nil)
node1:65:65 [0] NCCL INFO RMA/Plugin: Assigned plugin RMA_IB_PROXY to comm
node1:65:65 [0] NCCL INFO ncclOsDlopen(libnccl-gin.so) failed: libnccl-gin.so: cannot open shared object file: No such file or directory
node1:65:65 [0] NCCL INFO GIN/Plugin: Could not find: libnccl-gin.so
node1:65:65 [0] NCCL INFO GIN/Plugin: Failed to load external plugin libnccl-gin.so, dlHandle: (nil), ncclGin: (nil)
node1:65:65 [0] NCCL INFO GIN/Plugin: Assigned plugin GIN_IB_GDAKI type 3 to comm
node1:65:65 [0] NCCL INFO Using network IB
node1:65:65 [0] NCCL INFO Loaded NVML from libnvidia-ml.so.1
node1:65:65 [0] NCCL INFO [Rank 1] ncclCommInitRankConfig comm 0xafbeb1ed6b50 rank 1 nranks 3 cudaDev 0 nvmlDev 0 busId f01000 commId 0x4d91a015820f6905 - Init START
node1:65:65 [0] NCCL INFO Socket handshake magic 0x564ab9f2fc4b9d6c (built-in default)
node1:65:65 [0] NCCL INFO RAS client listening socket at 127.0.0.1<28028>
node1:65:65 [0] NCCL INFO Topology detection: could not read /sys/devices/system/node/node4294967295/cpumap, using empty affinity
node1:65:65 [0] NCCL INFO TOPO/NET : Importing network plugins to topology
node1:65:65 [0] NCCL INFO NET/GIN_IB_GDAKI : GPU Direct RDMA Disabled for HCA 0 'rocep1s0f0'
node1:65:65 [0] NCCL INFO ncclTopoPopulateNics : Filled rocep1s0f0 in topo with pciPath=/sys/devices/pci0000:00/0000:00:00.0/0000:01:00.0 net=0 gin=1 rma=(null) keep=1 coll=(null) rail=-1 plane=-1
node1:65:65 [0] NCCL INFO NET/GIN_IB_GDAKI : GPU Direct RDMA Disabled for HCA 1 'rocep1s0f1'
node1:65:65 [0] NCCL INFO ncclTopoPopulateNics : Filled rocep1s0f1 in topo with pciPath=/sys/devices/pci0000:00/0000:00:00.0/0000:01:00.0 net=0 gin=1 rma=(null) keep=1 coll=(null) rail=-1 plane=-1
node1:65:65 [0] NCCL INFO NET/GIN_IB_GDAKI : GPU Direct RDMA Disabled for HCA 2 'roceP2p1s0f0'
node1:65:65 [0] NCCL INFO ncclTopoPopulateNics : Filled roceP2p1s0f0 in topo with pciPath=/sys/devices/pci0002:00/0002:00:00.0/0002:01:00.0 net=0 gin=1 rma=(null) keep=1 coll=(null) rail=-1 plane=-1
node1:65:65 [0] NCCL INFO NET/GIN_IB_GDAKI : GPU Direct RDMA Disabled for HCA 3 'roceP2p1s0f1'
node1:65:65 [0] NCCL INFO ncclTopoPopulateNics : Filled roceP2p1s0f1 in topo with pciPath=/sys/devices/pci0002:00/0002:00:00.0/0002:01:00.0 net=0 gin=1 rma=(null) keep=1 coll=(null) rail=-1 plane=-1
node1:65:65 [0] NCCL INFO NET/RMA_IB_PROXY : GPU Direct RDMA Disabled for HCA 0 'rocep1s0f0'
node1:65:65 [0] NCCL INFO ncclTopoPopulateNics : Filled rocep1s0f0 in topo with pciPath=/sys/devices/pci0000:00/0000:00:00.0/0000:01:00.0 net=0 gin=1 rma=1 keep=1 coll=(null) rail=-1 plane=-1
node1:65:65 [0] NCCL INFO NET/RMA_IB_PROXY : GPU Direct RDMA Disabled for HCA 1 'rocep1s0f1'
node1:65:65 [0] NCCL INFO ncclTopoPopulateNics : Filled rocep1s0f1 in topo with pciPath=/sys/devices/pci0000:00/0000:00:00.0/0000:01:00.0 net=0 gin=1 rma=1 keep=1 coll=(null) rail=-1 plane=-1
node1:65:65 [0] NCCL INFO NET/RMA_IB_PROXY : GPU Direct RDMA Disabled for HCA 2 'roceP2p1s0f0'
node1:65:65 [0] NCCL INFO ncclTopoPopulateNics : Filled roceP2p1s0f0 in topo with pciPath=/sys/devices/pci0002:00/0002:00:00.0/0002:01:00.0 net=0 gin=1 rma=1 keep=1 coll=(null) rail=-1 plane=-1
node1:65:65 [0] NCCL INFO NET/RMA_IB_PROXY : GPU Direct RDMA Disabled for HCA 3 'roceP2p1s0f1'
node1:65:65 [0] NCCL INFO ncclTopoPopulateNics : Filled roceP2p1s0f1 in topo with pciPath=/sys/devices/pci0002:00/0002:00:00.0/0002:01:00.0 net=0 gin=1 rma=1 keep=1 coll=(null) rail=-1 plane=-1
node1:65:65 [0] NCCL INFO NET/IB : GPU Direct RDMA Disabled for HCA 0 'rocep1s0f0'
node1:65:65 [0] NCCL INFO ncclTopoPopulateNics : Filled rocep1s0f0 in topo with pciPath=/sys/devices/pci0000:00/0000:00:00.0/0000:01:00.0 net=1 gin=1 rma=1 keep=1 coll=(null) rail=-1 plane=-1
node1:65:65 [0] NCCL INFO NET/IB : GPU Direct RDMA Disabled for HCA 1 'rocep1s0f1'
node1:65:65 [0] NCCL INFO ncclTopoPopulateNics : Filled rocep1s0f1 in topo with pciPath=/sys/devices/pci0000:00/0000:00:00.0/0000:01:00.0 net=1 gin=1 rma=1 keep=1 coll=(null) rail=-1 plane=-1
node1:65:65 [0] NCCL INFO NET/IB : GPU Direct RDMA Disabled for HCA 2 'roceP2p1s0f0'
node1:65:65 [0] NCCL INFO ncclTopoPopulateNics : Filled roceP2p1s0f0 in topo with pciPath=/sys/devices/pci0002:00/0002:00:00.0/0002:01:00.0 net=1 gin=1 rma=1 keep=1 coll=(null) rail=-1 plane=-1
node1:65:65 [0] NCCL INFO NET/IB : GPU Direct RDMA Disabled for HCA 3 'roceP2p1s0f1'
node1:65:65 [0] NCCL INFO ncclTopoPopulateNics : Filled roceP2p1s0f1 in topo with pciPath=/sys/devices/pci0002:00/0002:00:00.0/0002:01:00.0 net=1 gin=1 rma=1 keep=1 coll=(null) rail=-1 plane=-1
node1:65:65 [0] NCCL INFO NET/IB : Made virtual device [4] name=rocep1s0f0+rocep1s0f1 speed=400000 ndevs=2 rail=-1 plane=16385
node1:65:65 [0] NCCL INFO TOPO/NET : Made vNic 4
node1:65:65 [0] NCCL INFO NET/IB : Made virtual device [5] name=roceP2p1s0f0+roceP2p1s0f1 speed=400000 ndevs=2 rail=-1 plane=16385
node1:65:65 [0] NCCL INFO TOPO/NET : Made vNic 5
node1:65:65 [0] NCCL INFO NET/IB : GPU Direct RDMA Disabled for HCA 4 'rocep1s0f0+rocep1s0f1'
node1:65:65 [0] NCCL INFO ncclTopoPopulateNics : Filled rocep1s0f0+rocep1s0f1 in topo with pciPath=/sys/devices/pci0000:00/0000:00:00.0/0000:01:00.0 net=1 gin=(null) rma=(null) keep=1 coll=(null) rail=-1 plane=16385
node1:65:65 [0] NCCL INFO NET/IB : GPU Direct RDMA Disabled for HCA 5 'roceP2p1s0f0+roceP2p1s0f1'
node1:65:65 [0] NCCL INFO ncclTopoPopulateNics : Filled roceP2p1s0f0+roceP2p1s0f1 in topo with pciPath=/sys/devices/pci0002:00/0002:00:00.0/0002:01:00.0 net=1 gin=(null) rma=(null) keep=1 coll=(null) rail=-1 plane=16385
node1:65:65 [0] NCCL INFO === System : maxBw 12.0 totalBw 0.2 ===
node1:65:65 [0] NCCL INFO CPU/0-ffffffffffffff (3/-1/-1)
node1:65:65 [0] NCCL INFO + C2C[345.0] - DEV/0-f01000
node1:65:65 [0] NCCL INFO + PCI[12.0] - NIC/0-1000
node1:65:65 [0] NCCL INFO               + NET[50.0] - NET/0-4 (0/47e1bf000399c530/1/50.000000)
node1:65:65 [0] NCCL INFO               + NET[25.0] - GIN/0-0
node1:65:65 [0] NCCL INFO               + NET[25.0] - RMA/0-0
node1:65:65 [0] NCCL INFO               + NET[25.0] - GIN/0-1
node1:65:65 [0] NCCL INFO               + NET[25.0] - RMA/0-1
node1:65:65 [0] NCCL INFO + PCI[12.0] - NIC/0-201000
node1:65:65 [0] NCCL INFO               + NET[50.0] - NET/0-5 (0/47e1bf000399c530/1/50.000000)
node1:65:65 [0] NCCL INFO               + NET[25.0] - GIN/0-2
node1:65:65 [0] NCCL INFO               + NET[25.0] - RMA/0-2
node1:65:65 [0] NCCL INFO               + NET[25.0] - GIN/0-3
node1:65:65 [0] NCCL INFO               + NET[25.0] - RMA/0-3
node1:65:65 [0] NCCL INFO + PCI[0.2] - DEV/0-f01000 (10de2e1210de0000)
node1:65:65 [0] NCCL INFO              + LOC[5000.0] - GPU/0-f01000
node1:65:65 [0] NCCL INFO              + C2C[345.0] - CPU/0-ffffffffffffff
node1:65:65 [0] NCCL INFO ==========================================
node1:65:65 [0] NCCL INFO GPU/0-f01000 :GPU/0-f01000 (0/5000.0/LOC) CPU/0-ffffffffffffff (2/345.0/C2C) NET/0-4 (4/12.0/P2C) NET/0-5 (4/12.0/P2C) GIN/0-0 (4/12.0/PHB) GIN/0-1 (4/12.0/PHB) GIN/0-2 (4/12.0/PHB) GIN/0-3 (4/12.0/PHB) RMA/0-0 (4/12.0/PHB) RMA/0-1 (4/12.0/PHB) RMA/0-2 (4/12.0/PHB) RMA/0-3 (4/12.0/PHB) DEV/0-f01000 (1/5000.0/LOC) 
node1:65:65 [0] NCCL INFO NET/0-4 :GPU/0-f01000 (4/12.0/P2C) CPU/0-ffffffffffffff (2/12.0/PHB) NET/0-4 (0/5000.0/LOC) NET/0-5 (4/12.0/PHB) GIN/0-0 (2/25.0/LOC) GIN/0-1 (2/25.0/LOC) GIN/0-2 (4/12.0/PHB) GIN/0-3 (4/12.0/PHB) RMA/0-0 (2/25.0/LOC) RMA/0-1 (2/25.0/LOC) RMA/0-2 (4/12.0/PHB) RMA/0-3 (4/12.0/PHB) DEV/0-f01000 (3/12.0/PHB) 
node1:65:65 [0] NCCL INFO NET/0-5 :GPU/0-f01000 (4/12.0/P2C) CPU/0-ffffffffffffff (2/12.0/PHB) NET/0-4 (4/12.0/PHB) NET/0-5 (0/5000.0/LOC) GIN/0-0 (4/12.0/PHB) GIN/0-1 (4/12.0/PHB) GIN/0-2 (2/25.0/LOC) GIN/0-3 (2/25.0/LOC) RMA/0-0 (4/12.0/PHB) RMA/0-1 (4/12.0/PHB) RMA/0-2 (2/25.0/LOC) RMA/0-3 (2/25.0/LOC) DEV/0-f01000 (3/12.0/PHB) 
node1:65:65 [0] NCCL INFO GIN/0-0 :GPU/0-f01000 (4/12.0/PHB) CPU/0-ffffffffffffff (2/12.0/PHB) NET/0-4 (2/25.0/LOC) NET/0-5 (4/12.0/PHB) GIN/0-0 (0/5000.0/LOC) GIN/0-1 (2/25.0/LOC) GIN/0-2 (4/12.0/PHB) GIN/0-3 (4/12.0/PHB) RMA/0-0 (2/25.0/LOC) RMA/0-1 (2/25.0/LOC) RMA/0-2 (4/12.0/PHB) RMA/0-3 (4/12.0/PHB) DEV/0-f01000 (3/12.0/PHB) 
node1:65:65 [0] NCCL INFO GIN/0-1 :GPU/0-f01000 (4/12.0/PHB) CPU/0-ffffffffffffff (2/12.0/PHB) NET/0-4 (2/25.0/LOC) NET/0-5 (4/12.0/PHB) GIN/0-0 (2/25.0/LOC) GIN/0-1 (0/5000.0/LOC) GIN/0-2 (4/12.0/PHB) GIN/0-3 (4/12.0/PHB) RMA/0-0 (2/25.0/LOC) RMA/0-1 (2/25.0/LOC) RMA/0-2 (4/12.0/PHB) RMA/0-3 (4/12.0/PHB) DEV/0-f01000 (3/12.0/PHB) 
node1:65:65 [0] NCCL INFO GIN/0-2 :GPU/0-f01000 (4/12.0/PHB) CPU/0-ffffffffffffff (2/12.0/PHB) NET/0-4 (4/12.0/PHB) NET/0-5 (2/25.0/LOC) GIN/0-0 (4/12.0/PHB) GIN/0-1 (4/12.0/PHB) GIN/0-2 (0/5000.0/LOC) GIN/0-3 (2/25.0/LOC) RMA/0-0 (4/12.0/PHB) RMA/0-1 (4/12.0/PHB) RMA/0-2 (2/25.0/LOC) RMA/0-3 (2/25.0/LOC) DEV/0-f01000 (3/12.0/PHB) 
node1:65:65 [0] NCCL INFO GIN/0-3 :GPU/0-f01000 (4/12.0/PHB) CPU/0-ffffffffffffff (2/12.0/PHB) NET/0-4 (4/12.0/PHB) NET/0-5 (2/25.0/LOC) GIN/0-0 (4/12.0/PHB) GIN/0-1 (4/12.0/PHB) GIN/0-2 (2/25.0/LOC) GIN/0-3 (0/5000.0/LOC) RMA/0-0 (4/12.0/PHB) RMA/0-1 (4/12.0/PHB) RMA/0-2 (2/25.0/LOC) RMA/0-3 (2/25.0/LOC) DEV/0-f01000 (3/12.0/PHB) 
node1:65:65 [0] NCCL INFO RMA/0-0 :GPU/0-f01000 (4/12.0/PHB) CPU/0-ffffffffffffff (2/12.0/PHB) NET/0-4 (2/25.0/LOC) NET/0-5 (4/12.0/PHB) GIN/0-0 (2/25.0/LOC) GIN/0-1 (2/25.0/LOC) GIN/0-2 (4/12.0/PHB) GIN/0-3 (4/12.0/PHB) RMA/0-0 (0/5000.0/LOC) RMA/0-1 (2/25.0/LOC) RMA/0-2 (4/12.0/PHB) RMA/0-3 (4/12.0/PHB) DEV/0-f01000 (3/12.0/PHB) 
node1:65:65 [0] NCCL INFO RMA/0-1 :GPU/0-f01000 (4/12.0/PHB) CPU/0-ffffffffffffff (2/12.0/PHB) NET/0-4 (2/25.0/LOC) NET/0-5 (4/12.0/PHB) GIN/0-0 (2/25.0/LOC) GIN/0-1 (2/25.0/LOC) GIN/0-2 (4/12.0/PHB) GIN/0-3 (4/12.0/PHB) RMA/0-0 (2/25.0/LOC) RMA/0-1 (0/5000.0/LOC) RMA/0-2 (4/12.0/PHB) RMA/0-3 (4/12.0/PHB) DEV/0-f01000 (3/12.0/PHB) 
node1:65:65 [0] NCCL INFO RMA/0-2 :GPU/0-f01000 (4/12.0/PHB) CPU/0-ffffffffffffff (2/12.0/PHB) NET/0-4 (4/12.0/PHB) NET/0-5 (2/25.0/LOC) GIN/0-0 (4/12.0/PHB) GIN/0-1 (4/12.0/PHB) GIN/0-2 (2/25.0/LOC) GIN/0-3 (2/25.0/LOC) RMA/0-0 (4/12.0/PHB) RMA/0-1 (4/12.0/PHB) RMA/0-2 (0/5000.0/LOC) RMA/0-3 (2/25.0/LOC) DEV/0-f01000 (3/12.0/PHB) 
node1:65:65 [0] NCCL INFO RMA/0-3 :GPU/0-f01000 (4/12.0/PHB) CPU/0-ffffffffffffff (2/12.0/PHB) NET/0-4 (4/12.0/PHB) NET/0-5 (2/25.0/LOC) GIN/0-0 (4/12.0/PHB) GIN/0-1 (4/12.0/PHB) GIN/0-2 (2/25.0/LOC) GIN/0-3 (2/25.0/LOC) RMA/0-0 (4/12.0/PHB) RMA/0-1 (4/12.0/PHB) RMA/0-2 (2/25.0/LOC) RMA/0-3 (0/5000.0/LOC) DEV/0-f01000 (3/12.0/PHB) 
node1:65:65 [0] NCCL INFO ncclTopoGetCpuAffinity: Affinity for GPU 0 is empty, ignoring. (GPU affinity =  ; CPU affinity = 0-19).
node1:65:65 [0] NCCL INFO Pattern 4, crossNic 0, nChannels 32, bw 0.240000/0.240000, type LOC/P2C, sameChannels 1
node1:65:65 [0] NCCL INFO  0 : NET/0-4 GPU/0-f01000 NET/0-4
node1:65:65 [0] NCCL INFO  1 : NET/0-5 GPU/0-f01000 NET/0-4
node1:65:65 [0] NCCL INFO  2 : NET/0-4 GPU/0-f01000 NET/0-4
node1:65:65 [0] NCCL INFO  3 : NET/0-5 GPU/0-f01000 NET/0-4
node1:65:65 [0] NCCL INFO  4 : NET/0-4 GPU/0-f01000 NET/0-4
node1:65:65 [0] NCCL INFO  5 : NET/0-5 GPU/0-f01000 NET/0-4
node1:65:65 [0] NCCL INFO  6 : NET/0-4 GPU/0-f01000 NET/0-4
node1:65:65 [0] NCCL INFO  7 : NET/0-5 GPU/0-f01000 NET/0-4
node1:65:65 [0] NCCL INFO  8 : NET/0-4 GPU/0-f01000 NET/0-4
node1:65:65 [0] NCCL INFO  9 : NET/0-5 GPU/0-f01000 NET/0-4
node1:65:65 [0] NCCL INFO 10 : NET/0-4 GPU/0-f01000 NET/0-4
node1:65:65 [0] NCCL INFO 11 : NET/0-5 GPU/0-f01000 NET/0-4
node1:65:65 [0] NCCL INFO 12 : NET/0-4 GPU/0-f01000 NET/0-4
node1:65:65 [0] NCCL INFO 13 : NET/0-5 GPU/0-f01000 NET/0-4
node1:65:65 [0] NCCL INFO 14 : NET/0-4 GPU/0-f01000 NET/0-4
node1:65:65 [0] NCCL INFO 15 : NET/0-5 GPU/0-f01000 NET/0-4
node1:65:65 [0] NCCL INFO 16 : NET/0-4 GPU/0-f01000 NET/0-4
node1:65:65 [0] NCCL INFO 17 : NET/0-5 GPU/0-f01000 NET/0-4
node1:65:65 [0] NCCL INFO 18 : NET/0-4 GPU/0-f01000 NET/0-4
node1:65:65 [0] NCCL INFO 19 : NET/0-5 GPU/0-f01000 NET/0-4
node1:65:65 [0] NCCL INFO 20 : NET/0-4 GPU/0-f01000 NET/0-4
node1:65:65 [0] NCCL INFO 21 : NET/0-5 GPU/0-f01000 NET/0-4
node1:65:65 [0] NCCL INFO 22 : NET/0-4 GPU/0-f01000 NET/0-4
node1:65:65 [0] NCCL INFO 23 : NET/0-5 GPU/0-f01000 NET/0-4
node1:65:65 [0] NCCL INFO 24 : NET/0-4 GPU/0-f01000 NET/0-4
node1:65:65 [0] NCCL INFO 25 : NET/0-5 GPU/0-f01000 NET/0-4
node1:65:65 [0] NCCL INFO 26 : NET/0-4 GPU/0-f01000 NET/0-4
node1:65:65 [0] NCCL INFO 27 : NET/0-5 GPU/0-f01000 NET/0-4
node1:65:65 [0] NCCL INFO 28 : NET/0-4 GPU/0-f01000 NET/0-4
node1:65:65 [0] NCCL INFO 29 : NET/0-5 GPU/0-f01000 NET/0-4
node1:65:65 [0] NCCL INFO 30 : NET/0-4 GPU/0-f01000 NET/0-4
node1:65:65 [0] NCCL INFO 31 : NET/0-5 GPU/0-f01000 NET/0-4
node1:65:65 [0] NCCL INFO Pattern 3, crossNic 0, nChannels 32, bw 0.240000/0.120000, type LOC/P2C, sameChannels 1
node1:65:65 [0] NCCL INFO  0 : NET/0-4 GPU/0-f01000 NET/0-4
node1:65:65 [0] NCCL INFO  1 : NET/0-5 GPU/0-f01000 NET/0-5
node1:65:65 [0] NCCL INFO  2 : NET/0-4 GPU/0-f01000 NET/0-4
node1:65:65 [0] NCCL INFO  3 : NET/0-5 GPU/0-f01000 NET/0-5
node1:65:65 [0] NCCL INFO  4 : NET/0-4 GPU/0-f01000 NET/0-4
node1:65:65 [0] NCCL INFO  5 : NET/0-5 GPU/0-f01000 NET/0-5
node1:65:65 [0] NCCL INFO  6 : NET/0-4 GPU/0-f01000 NET/0-4
node1:65:65 [0] NCCL INFO  7 : NET/0-5 GPU/0-f01000 NET/0-5
node1:65:65 [0] NCCL INFO  8 : NET/0-4 GPU/0-f01000 NET/0-4
node1:65:65 [0] NCCL INFO  9 : NET/0-5 GPU/0-f01000 NET/0-5
node1:65:65 [0] NCCL INFO 10 : NET/0-4 GPU/0-f01000 NET/0-4
node1:65:65 [0] NCCL INFO 11 : NET/0-5 GPU/0-f01000 NET/0-5
node1:65:65 [0] NCCL INFO 12 : NET/0-4 GPU/0-f01000 NET/0-4
node1:65:65 [0] NCCL INFO 13 : NET/0-5 GPU/0-f01000 NET/0-5
node1:65:65 [0] NCCL INFO 14 : NET/0-4 GPU/0-f01000 NET/0-4
node1:65:65 [0] NCCL INFO 15 : NET/0-5 GPU/0-f01000 NET/0-5
node1:65:65 [0] NCCL INFO 16 : NET/0-4 GPU/0-f01000 NET/0-4
node1:65:65 [0] NCCL INFO 17 : NET/0-5 GPU/0-f01000 NET/0-5
node1:65:65 [0] NCCL INFO 18 : NET/0-4 GPU/0-f01000 NET/0-4
node1:65:65 [0] NCCL INFO 19 : NET/0-5 GPU/0-f01000 NET/0-5
node1:65:65 [0] NCCL INFO 20 : NET/0-4 GPU/0-f01000 NET/0-4
node1:65:65 [0] NCCL INFO 21 : NET/0-5 GPU/0-f01000 NET/0-5
node1:65:65 [0] NCCL INFO 22 : NET/0-4 GPU/0-f01000 NET/0-4
node1:65:65 [0] NCCL INFO 23 : NET/0-5 GPU/0-f01000 NET/0-5
node1:65:65 [0] NCCL INFO 24 : NET/0-4 GPU/0-f01000 NET/0-4
node1:65:65 [0] NCCL INFO 25 : NET/0-5 GPU/0-f01000 NET/0-5
node1:65:65 [0] NCCL INFO 26 : NET/0-4 GPU/0-f01000 NET/0-4
node1:65:65 [0] NCCL INFO 27 : NET/0-5 GPU/0-f01000 NET/0-5
node1:65:65 [0] NCCL INFO 28 : NET/0-4 GPU/0-f01000 NET/0-4
node1:65:65 [0] NCCL INFO 29 : NET/0-5 GPU/0-f01000 NET/0-5
node1:65:65 [0] NCCL INFO 30 : NET/0-4 GPU/0-f01000 NET/0-4
node1:65:65 [0] NCCL INFO 31 : NET/0-5 GPU/0-f01000 NET/0-5
node1:65:65 [0] NCCL INFO Rank 1: 6 Net devices
node1:65:65 [0] NCCL INFO Rank 1: 0 CollNet devices
node1:65:65 [0] NCCL INFO comm 0xafbeb1ed6b50 rank 1 nRanks 3 nNodes 3 localRanks 1 localRank 0 MNNVL 0
node1:65:65 [0] NCCL INFO Tree 0 : 2 -> 1 -> -1/-1/-1
node1:65:65 [0] NCCL INFO Tree 32 : -1 -> 1 -> 0/-1/-1
node1:65:65 [0] NCCL INFO Tree 1 : 2 -> 1 -> -1/-1/-1
node1:65:65 [0] NCCL INFO Tree 33 : -1 -> 1 -> 0/-1/-1
node1:65:65 [0] NCCL INFO Tree 2 : 2 -> 1 -> -1/-1/-1
node1:65:65 [0] NCCL INFO Tree 34 : -1 -> 1 -> 0/-1/-1
node1:65:65 [0] NCCL INFO Tree 3 : 2 -> 1 -> -1/-1/-1
node1:65:65 [0] NCCL INFO Tree 35 : -1 -> 1 -> 0/-1/-1
node1:65:65 [0] NCCL INFO Tree 4 : 2 -> 1 -> -1/-1/-1
node1:65:65 [0] NCCL INFO Tree 36 : -1 -> 1 -> 0/-1/-1
node1:65:65 [0] NCCL INFO Tree 5 : 2 -> 1 -> -1/-1/-1
node1:65:65 [0] NCCL INFO Tree 37 : -1 -> 1 -> 0/-1/-1
node1:65:65 [0] NCCL INFO Tree 6 : 2 -> 1 -> -1/-1/-1
node1:65:65 [0] NCCL INFO Tree 38 : -1 -> 1 -> 0/-1/-1
node1:65:65 [0] NCCL INFO Tree 7 : 2 -> 1 -> -1/-1/-1
node1:65:65 [0] NCCL INFO Tree 39 : -1 -> 1 -> 0/-1/-1
node1:65:65 [0] NCCL INFO Tree 8 : 2 -> 1 -> -1/-1/-1
node1:65:65 [0] NCCL INFO Tree 40 : -1 -> 1 -> 0/-1/-1
node1:65:65 [0] NCCL INFO Tree 9 : 2 -> 1 -> -1/-1/-1
node1:65:65 [0] NCCL INFO Tree 41 : -1 -> 1 -> 0/-1/-1
node1:65:65 [0] NCCL INFO Tree 10 : 2 -> 1 -> -1/-1/-1
node1:65:65 [0] NCCL INFO Tree 42 : -1 -> 1 -> 0/-1/-1
node1:65:65 [0] NCCL INFO Tree 11 : 2 -> 1 -> -1/-1/-1
node1:65:65 [0] NCCL INFO Tree 43 : -1 -> 1 -> 0/-1/-1
node1:65:65 [0] NCCL INFO Tree 12 : 2 -> 1 -> -1/-1/-1
node1:65:65 [0] NCCL INFO Tree 44 : -1 -> 1 -> 0/-1/-1
node1:65:65 [0] NCCL INFO Tree 13 : 2 -> 1 -> -1/-1/-1
node1:65:65 [0] NCCL INFO Tree 45 : -1 -> 1 -> 0/-1/-1
node1:65:65 [0] NCCL INFO Tree 14 : 2 -> 1 -> -1/-1/-1
node1:65:65 [0] NCCL INFO Tree 46 : -1 -> 1 -> 0/-1/-1
node1:65:65 [0] NCCL INFO Tree 15 : 2 -> 1 -> -1/-1/-1
node1:65:65 [0] NCCL INFO Tree 47 : -1 -> 1 -> 0/-1/-1
node1:65:65 [0] NCCL INFO Tree 16 : 2 -> 1 -> -1/-1/-1
node1:65:65 [0] NCCL INFO Tree 48 : -1 -> 1 -> 0/-1/-1
node1:65:65 [0] NCCL INFO Tree 17 : 2 -> 1 -> -1/-1/-1
node1:65:65 [0] NCCL INFO Tree 49 : -1 -> 1 -> 0/-1/-1
node1:65:65 [0] NCCL INFO Tree 18 : 2 -> 1 -> -1/-1/-1
node1:65:65 [0] NCCL INFO Tree 50 : -1 -> 1 -> 0/-1/-1
node1:65:65 [0] NCCL INFO Tree 19 : 2 -> 1 -> -1/-1/-1
node1:65:65 [0] NCCL INFO Tree 51 : -1 -> 1 -> 0/-1/-1
node1:65:65 [0] NCCL INFO Tree 20 : 2 -> 1 -> -1/-1/-1
node1:65:65 [0] NCCL INFO Tree 52 : -1 -> 1 -> 0/-1/-1
node1:65:65 [0] NCCL INFO Tree 21 : 2 -> 1 -> -1/-1/-1
node1:65:65 [0] NCCL INFO Tree 53 : -1 -> 1 -> 0/-1/-1
node1:65:65 [0] NCCL INFO Tree 22 : 2 -> 1 -> -1/-1/-1
node1:65:65 [0] NCCL INFO Tree 54 : -1 -> 1 -> 0/-1/-1
node1:65:65 [0] NCCL INFO Tree 23 : 2 -> 1 -> -1/-1/-1
node1:65:65 [0] NCCL INFO Tree 55 : -1 -> 1 -> 0/-1/-1
node1:65:65 [0] NCCL INFO Tree 24 : 2 -> 1 -> -1/-1/-1
node1:65:65 [0] NCCL INFO Tree 56 : -1 -> 1 -> 0/-1/-1
node1:65:65 [0] NCCL INFO Tree 25 : 2 -> 1 -> -1/-1/-1
node1:65:65 [0] NCCL INFO Tree 57 : -1 -> 1 -> 0/-1/-1
node1:65:65 [0] NCCL INFO Tree 26 : 2 -> 1 -> -1/-1/-1
node1:65:65 [0] NCCL INFO Tree 58 : -1 -> 1 -> 0/-1/-1
node1:65:65 [0] NCCL INFO Tree 27 : 2 -> 1 -> -1/-1/-1
node1:65:65 [0] NCCL INFO Tree 59 : -1 -> 1 -> 0/-1/-1
node1:65:65 [0] NCCL INFO Tree 28 : 2 -> 1 -> -1/-1/-1
node1:65:65 [0] NCCL INFO Tree 60 : -1 -> 1 -> 0/-1/-1
node1:65:65 [0] NCCL INFO Tree 29 : 2 -> 1 -> -1/-1/-1
node1:65:65 [0] NCCL INFO Tree 61 : -1 -> 1 -> 0/-1/-1
node1:65:65 [0] NCCL INFO Tree 30 : 2 -> 1 -> -1/-1/-1
node1:65:65 [0] NCCL INFO Tree 62 : -1 -> 1 -> 0/-1/-1
node1:65:65 [0] NCCL INFO Tree 31 : 2 -> 1 -> -1/-1/-1
node1:65:65 [0] NCCL INFO Tree 63 : -1 -> 1 -> 0/-1/-1
node1:65:65 [0] NCCL INFO Ring 00 : 0 -> 1 -> 2
node1:65:65 [0] NCCL INFO Ring 01 : 0 -> 1 -> 2
node1:65:65 [0] NCCL INFO Ring 02 : 0 -> 1 -> 2
node1:65:65 [0] NCCL INFO Ring 03 : 0 -> 1 -> 2
node1:65:65 [0] NCCL INFO Ring 04 : 0 -> 1 -> 2
node1:65:65 [0] NCCL INFO Ring 05 : 0 -> 1 -> 2
node1:65:65 [0] NCCL INFO Ring 06 : 0 -> 1 -> 2
node1:65:65 [0] NCCL INFO Ring 07 : 0 -> 1 -> 2
node1:65:65 [0] NCCL INFO Ring 08 : 0 -> 1 -> 2
node1:65:65 [0] NCCL INFO Ring 09 : 0 -> 1 -> 2
node1:65:65 [0] NCCL INFO Ring 10 : 0 -> 1 -> 2
node1:65:65 [0] NCCL INFO Ring 11 : 0 -> 1 -> 2
node1:65:65 [0] NCCL INFO Ring 12 : 0 -> 1 -> 2
node1:65:65 [0] NCCL INFO Ring 13 : 0 -> 1 -> 2
node1:65:65 [0] NCCL INFO Ring 14 : 0 -> 1 -> 2
node1:65:65 [0] NCCL INFO Ring 15 : 0 -> 1 -> 2
node1:65:65 [0] NCCL INFO Ring 16 : 0 -> 1 -> 2
node1:65:65 [0] NCCL INFO Ring 17 : 0 -> 1 -> 2
node1:65:65 [0] NCCL INFO Ring 18 : 0 -> 1 -> 2
node1:65:65 [0] NCCL INFO Ring 19 : 0 -> 1 -> 2
node1:65:65 [0] NCCL INFO Ring 20 : 0 -> 1 -> 2
node1:65:65 [0] NCCL INFO Ring 21 : 0 -> 1 -> 2
node1:65:65 [0] NCCL INFO Ring 22 : 0 -> 1 -> 2
node1:65:65 [0] NCCL INFO Ring 23 : 0 -> 1 -> 2
node1:65:65 [0] NCCL INFO Ring 24 : 0 -> 1 -> 2
node1:65:65 [0] NCCL INFO Ring 25 : 0 -> 1 -> 2
node1:65:65 [0] NCCL INFO Ring 26 : 0 -> 1 -> 2
node1:65:65 [0] NCCL INFO Ring 27 : 0 -> 1 -> 2
node1:65:65 [0] NCCL INFO Ring 28 : 0 -> 1 -> 2
node1:65:65 [0] NCCL INFO Ring 29 : 0 -> 1 -> 2
node1:65:65 [0] NCCL INFO Ring 30 : 0 -> 1 -> 2
node1:65:65 [0] NCCL INFO Ring 31 : 0 -> 1 -> 2
node1:65:65 [0] NCCL INFO Ring 32 : 0 -> 1 -> 2
node1:65:65 [0] NCCL INFO Ring 33 : 0 -> 1 -> 2
node1:65:65 [0] NCCL INFO Ring 34 : 0 -> 1 -> 2
node1:65:65 [0] NCCL INFO Ring 35 : 0 -> 1 -> 2
node1:65:65 [0] NCCL INFO Ring 36 : 0 -> 1 -> 2
node1:65:65 [0] NCCL INFO Ring 37 : 0 -> 1 -> 2
node1:65:65 [0] NCCL INFO Ring 38 : 0 -> 1 -> 2
node1:65:65 [0] NCCL INFO Ring 39 : 0 -> 1 -> 2
node1:65:65 [0] NCCL INFO Ring 40 : 0 -> 1 -> 2
node1:65:65 [0] NCCL INFO Ring 41 : 0 -> 1 -> 2
node1:65:65 [0] NCCL INFO Ring 42 : 0 -> 1 -> 2
node1:65:65 [0] NCCL INFO Ring 43 : 0 -> 1 -> 2
node1:65:65 [0] NCCL INFO Ring 44 : 0 -> 1 -> 2
node1:65:65 [0] NCCL INFO Ring 45 : 0 -> 1 -> 2
node1:65:65 [0] NCCL INFO Ring 46 : 0 -> 1 -> 2
node1:65:65 [0] NCCL INFO Ring 47 : 0 -> 1 -> 2
node1:65:65 [0] NCCL INFO Ring 48 : 0 -> 1 -> 2
node1:65:65 [0] NCCL INFO Ring 49 : 0 -> 1 -> 2
node1:65:65 [0] NCCL INFO Ring 50 : 0 -> 1 -> 2
node1:65:65 [0] NCCL INFO Ring 51 : 0 -> 1 -> 2
node1:65:65 [0] NCCL INFO Ring 52 : 0 -> 1 -> 2
node1:65:65 [0] NCCL INFO Ring 53 : 0 -> 1 -> 2
node1:65:65 [0] NCCL INFO Ring 54 : 0 -> 1 -> 2
node1:65:65 [0] NCCL INFO Ring 55 : 0 -> 1 -> 2
node1:65:65 [0] NCCL INFO Ring 56 : 0 -> 1 -> 2
node1:65:65 [0] NCCL INFO Ring 57 : 0 -> 1 -> 2
node1:65:65 [0] NCCL INFO Ring 58 : 0 -> 1 -> 2
node1:65:65 [0] NCCL INFO Ring 59 : 0 -> 1 -> 2
node1:65:65 [0] NCCL INFO Ring 60 : 0 -> 1 -> 2
node1:65:65 [0] NCCL INFO Ring 61 : 0 -> 1 -> 2
node1:65:65 [0] NCCL INFO Ring 62 : 0 -> 1 -> 2
node1:65:65 [0] NCCL INFO Ring 63 : 0 -> 1 -> 2
node1:65:65 [0] NCCL INFO Trees [0] -1/-1/-1->1->2 [1] -1/-1/-1->1->2 [2] -1/-1/-1->1->2 [3] -1/-1/-1->1->2 [4] -1/-1/-1->1->2 [5] -1/-1/-1->1->2 [6] -1/-1/-1->1->2 [7] -1/-1/-1->1->2 [8] -1/-1/-1->1->2 [9] -1/-1/-1->1->2 [10] -1/-1/-1->1->2 [11] -1/-1/-1->1->2 [12] -1/-1/-1->1->2 [13] -1/-1/-1->1->2 [14] -1/-1/-1->1->2 [15] -1/-1/-1->1->2 [16] -1/-1/-1->1->2 [17] -1/-1/-1->1->2 [18] -1/-1/-1->1->2 [19] -1/-1/-1->1->2 [20] -1/-1/-1->1->2 [21] -1/-1/-1->1->2 [22] -1/-1/-1->1->2 [23] -1/-1/-1->1->2 [24] -1/-1/-1->1->2 [25] -1/-1/-1->1->2 [26] -1/-1/-1->1->2 [27] -1/-1/-1->1->2 [28] -1/-1/-1->1->2 [29] -1/-1/-1->1->2 [30] -1/-1/-1->1->2 [31] -1/-1/-1->1->2 [32] 0/-1/-1->1->-1 [33] 0/-1/-1->1->-1 [34] 0/-1/-1->1->-1 [35] 0/-1/-1->1->-1 [36] 0/-1/-1->1->-1 [37] 0/-1/-1->1->-1 [38] 0/-1/-1->1->-1 [39] 0/-1/-1->1->-1 [40] 0/-1/-1->1->-1 [41] 0/-1/-1->1->-1 [42] 0/-1/-1->1->-1 [43] 0/-1/-1->1->-1 [44] 0/-1/-1->1->-1 [45] 0/-1/-1->1->-1 [46] 0/-1/-1->1->-1 [47] 0/-1/-1->1->-1 [48] 0/-1/-1->1->-1 [49] 0/-1/-1->1->-1 [50] 0/-1/-1->1->-1 [51] 0/-1/-
node1:65:65 [0] NCCL INFO P2P Chunksize set to 262144
node1:65:65 [0] NCCL INFO Tuning P2P operations with maxP2pPeers = 3
node1:65:65 [0] NCCL INFO ncclOsDlopen(libnccl-profiler.so) failed: libnccl-profiler.so: cannot open shared object file: No such file or directory
node1:65:65 [0] NCCL INFO PROFILER/Plugin: Could not find: libnccl-profiler.so
node1:65:65 [0] NCCL INFO Check P2P Type isAllDirectP2p 1 directMode 0 isAllCudaP2p 1
node1:65:65 [0] NCCL INFO ncclP2pSchedule: group size used is 1
node1:65:75 [0] NCCL INFO [Proxy Service] Device 0 CPU core 11
node1:65:75 [0] NCCL INFO proxy listening socket at 192.168.10.2<38015>
node1:65:76 [0] NCCL INFO [Proxy Service UDS] Device 0 CPU core 0
node1:65:65 [0] NCCL INFO ncclOsDlopen(libnccl-tuner.so) failed: libnccl-tuner.so: cannot open shared object file: No such file or directory
node1:65:65 [0] NCCL INFO TUNER/Plugin: Could not find: libnccl-tuner.so
node1:65:65 [0] NCCL INFO threadThresholds 8/8/64 | 24/8/64 | 512 | 512
node1:65:65 [0] NCCL INFO 64 coll channels, 64 collnet channels, 0 nvls channels, 64 p2p channels, 2 p2p channels per peer
node1:65:65 [0] NCCL INFO Symmetric memory is not supported. cuMemEnable 1, globalGinSupport 0, cuMemGdrSupport 0
node1:65:65 [0] NCCL INFO ncclCommInitRankConfig comm 0xafbeb1ed6b50 rank 1 nranks 3 cudaDev 0 nvmlDev 0 busId f01000 commId 0x4d91a015820f6905 - Init COMPLETE
node1:65:65 [0] NCCL INFO Init timings - ncclCommInitRankConfig: rank 1 nranks 3 total 0.32 (kernels 0.19, alloc 0.03, bootstrap 0.05, allgathers 0.02, topo 0.01, graphs 0.00, connections 0.03, rest 0.00)
node1:65:65 [0] NCCL INFO Symmetric VA size=124GB
node1:65:75 [0] NCCL INFO NCCL_IB_SUBNET_AWARE_ROUTING set by environment to 1.
node1:65:77 [0] NCCL INFO [Proxy Progress] Device 0 CPU core 19
node1:65:65 [0] NCCL INFO Channel 00/0 : 0[0] -> 1[0] [receive] via NET/IB/4
node1:65:65 [0] NCCL INFO Channel 01/0 : 0[0] -> 1[0] [receive] via NET/IB/5
node1:65:65 [0] NCCL INFO Channel 02/0 : 0[0] -> 1[0] [receive] via NET/IB/4
node1:65:65 [0] NCCL INFO Channel 03/0 : 0[0] -> 1[0] [receive] via NET/IB/5
node1:65:65 [0] NCCL INFO Channel 04/0 : 0[0] -> 1[0] [receive] via NET/IB/4
node1:65:65 [0] NCCL INFO Channel 05/0 : 0[0] -> 1[0] [receive] via NET/IB/5
node1:65:65 [0] NCCL INFO Channel 06/0 : 0[0] -> 1[0] [receive] via NET/IB/4
node1:65:65 [0] NCCL INFO Channel 07/0 : 0[0] -> 1[0] [receive] via NET/IB/5
node1:65:65 [0] NCCL INFO Channel 08/0 : 0[0] -> 1[0] [receive] via NET/IB/4
node1:65:65 [0] NCCL INFO Channel 09/0 : 0[0] -> 1[0] [receive] via NET/IB/5
node1:65:65 [0] NCCL INFO Channel 10/0 : 0[0] -> 1[0] [receive] via NET/IB/4
node1:65:65 [0] NCCL INFO Channel 11/0 : 0[0] -> 1[0] [receive] via NET/IB/5
node1:65:65 [0] NCCL INFO Channel 12/0 : 0[0] -> 1[0] [receive] via NET/IB/4
node1:65:65 [0] NCCL INFO Channel 13/0 : 0[0] -> 1[0] [receive] via NET/IB/5
node1:65:65 [0] NCCL INFO Channel 14/0 : 0[0] -> 1[0] [receive] via NET/IB/4
node1:65:65 [0] NCCL INFO Channel 15/0 : 0[0] -> 1[0] [receive] via NET/IB/5
node1:65:65 [0] NCCL INFO Channel 16/0 : 0[0] -> 1[0] [receive] via NET/IB/4
node1:65:65 [0] NCCL INFO Channel 17/0 : 0[0] -> 1[0] [receive] via NET/IB/5
node1:65:65 [0] NCCL INFO Channel 18/0 : 0[0] -> 1[0] [receive] via NET/IB/4
node1:65:65 [0] NCCL INFO Channel 19/0 : 0[0] -> 1[0] [receive] via NET/IB/5
node1:65:65 [0] NCCL INFO Channel 20/0 : 0[0] -> 1[0] [receive] via NET/IB/4
node1:65:65 [0] NCCL INFO Channel 21/0 : 0[0] -> 1[0] [receive] via NET/IB/5
node1:65:65 [0] NCCL INFO Channel 22/0 : 0[0] -> 1[0] [receive] via NET/IB/4
node1:65:65 [0] NCCL INFO Channel 23/0 : 0[0] -> 1[0] [receive] via NET/IB/5
node1:65:65 [0] NCCL INFO Channel 24/0 : 0[0] -> 1[0] [receive] via NET/IB/4
node1:65:65 [0] NCCL INFO Channel 25/0 : 0[0] -> 1[0] [receive] via NET/IB/5
node1:65:65 [0] NCCL INFO Channel 26/0 : 0[0] -> 1[0] [receive] via NET/IB/4
node1:65:65 [0] NCCL INFO Channel 27/0 : 0[0] -> 1[0] [receive] via NET/IB/5
node1:65:65 [0] NCCL INFO Channel 28/0 : 0[0] -> 1[0] [receive] via NET/IB/4
node1:65:65 [0] NCCL INFO Channel 29/0 : 0[0] -> 1[0] [receive] via NET/IB/5
node1:65:65 [0] NCCL INFO Channel 30/0 : 0[0] -> 1[0] [receive] via NET/IB/4
node1:65:65 [0] NCCL INFO Channel 31/0 : 0[0] -> 1[0] [receive] via NET/IB/5
node1:65:65 [0] NCCL INFO Channel 32/0 : 0[0] -> 1[0] [receive] via NET/IB/4
node1:65:65 [0] NCCL INFO Channel 33/0 : 0[0] -> 1[0] [receive] via NET/IB/5
node1:65:65 [0] NCCL INFO Channel 34/0 : 0[0] -> 1[0] [receive] via NET/IB/4
node1:65:65 [0] NCCL INFO Channel 35/0 : 0[0] -> 1[0] [receive] via NET/IB/5
node1:65:65 [0] NCCL INFO Channel 36/0 : 0[0] -> 1[0] [receive] via NET/IB/4
node1:65:65 [0] NCCL INFO Channel 37/0 : 0[0] -> 1[0] [receive] via NET/IB/5
node1:65:65 [0] NCCL INFO Channel 38/0 : 0[0] -> 1[0] [receive] via NET/IB/4
node1:65:65 [0] NCCL INFO Channel 39/0 : 0[0] -> 1[0] [receive] via NET/IB/5
node1:65:65 [0] NCCL INFO Channel 40/0 : 0[0] -> 1[0] [receive] via NET/IB/4
node1:65:65 [0] NCCL INFO Channel 41/0 : 0[0] -> 1[0] [receive] via NET/IB/5
node1:65:65 [0] NCCL INFO Channel 42/0 : 0[0] -> 1[0] [receive] via NET/IB/4
node1:65:65 [0] NCCL INFO Channel 43/0 : 0[0] -> 1[0] [receive] via NET/IB/5
node1:65:65 [0] NCCL INFO Channel 44/0 : 0[0] -> 1[0] [receive] via NET/IB/4
node1:65:65 [0] NCCL INFO Channel 45/0 : 0[0] -> 1[0] [receive] via NET/IB/5
node1:65:65 [0] NCCL INFO Channel 46/0 : 0[0] -> 1[0] [receive] via NET/IB/4
node1:65:65 [0] NCCL INFO Channel 47/0 : 0[0] -> 1[0] [receive] via NET/IB/5
node1:65:65 [0] NCCL INFO Channel 48/0 : 0[0] -> 1[0] [receive] via NET/IB/4
node1:65:65 [0] NCCL INFO Channel 49/0 : 0[0] -> 1[0] [receive] via NET/IB/5
node1:65:65 [0] NCCL INFO Channel 50/0 : 0[0] -> 1[0] [receive] via NET/IB/4
node1:65:65 [0] NCCL INFO Channel 51/0 : 0[0] -> 1[0] [receive] via NET/IB/5
node1:65:65 [0] NCCL INFO Channel 52/0 : 0[0] -> 1[0] [receive] via NET/IB/4
node1:65:65 [0] NCCL INFO Channel 53/0 : 0[0] -> 1[0] [receive] via NET/IB/5
node1:65:65 [0] NCCL INFO Channel 54/0 : 0[0] -> 1[0] [receive] via NET/IB/4
node1:65:65 [0] NCCL INFO Channel 55/0 : 0[0] -> 1[0] [receive] via NET/IB/5
node1:65:65 [0] NCCL INFO Channel 56/0 : 0[0] -> 1[0] [receive] via NET/IB/4
node1:65:65 [0] NCCL INFO Channel 57/0 : 0[0] -> 1[0] [receive] via NET/IB/5
node1:65:65 [0] NCCL INFO Channel 58/0 : 0[0] -> 1[0] [receive] via NET/IB/4
node1:65:65 [0] NCCL INFO Channel 59/0 : 0[0] -> 1[0] [receive] via NET/IB/5
node1:65:65 [0] NCCL INFO Channel 60/0 : 0[0] -> 1[0] [receive] via NET/IB/4
node1:65:65 [0] NCCL INFO Channel 61/0 : 0[0] -> 1[0] [receive] via NET/IB/5
node1:65:65 [0] NCCL INFO Channel 62/0 : 0[0] -> 1[0] [receive] via NET/IB/4
node1:65:65 [0] NCCL INFO Channel 63/0 : 0[0] -> 1[0] [receive] via NET/IB/5
node1:65:65 [0] NCCL INFO Channel 00/0 : 1[0] -> 2[0] [send] via NET/IB/4
node1:65:65 [0] NCCL INFO Channel 01/0 : 1[0] -> 2[0] [send] via NET/IB/5
node1:65:65 [0] NCCL INFO Channel 02/0 : 1[0] -> 2[0] [send] via NET/IB/4
node1:65:65 [0] NCCL INFO Channel 03/0 : 1[0] -> 2[0] [send] via NET/IB/5
node1:65:65 [0] NCCL INFO Channel 04/0 : 1[0] -> 2[0] [send] via NET/IB/4
node1:65:65 [0] NCCL INFO Channel 05/0 : 1[0] -> 2[0] [send] via NET/IB/5
node1:65:65 [0] NCCL INFO Channel 06/0 : 1[0] -> 2[0] [send] via NET/IB/4
node1:65:65 [0] NCCL INFO Channel 07/0 : 1[0] -> 2[0] [send] via NET/IB/5
node1:65:65 [0] NCCL INFO Channel 08/0 : 1[0] -> 2[0] [send] via NET/IB/4
node1:65:65 [0] NCCL INFO Channel 09/0 : 1[0] -> 2[0] [send] via NET/IB/5
node1:65:65 [0] NCCL INFO Channel 10/0 : 1[0] -> 2[0] [send] via NET/IB/4
node1:65:65 [0] NCCL INFO Channel 11/0 : 1[0] -> 2[0] [send] via NET/IB/5
node1:65:65 [0] NCCL INFO Channel 12/0 : 1[0] -> 2[0] [send] via NET/IB/4
node1:65:65 [0] NCCL INFO Channel 13/0 : 1[0] -> 2[0] [send] via NET/IB/5
node1:65:65 [0] NCCL INFO Channel 14/0 : 1[0] -> 2[0] [send] via NET/IB/4
node1:65:65 [0] NCCL INFO Channel 15/0 : 1[0] -> 2[0] [send] via NET/IB/5
node1:65:65 [0] NCCL INFO Channel 16/0 : 1[0] -> 2[0] [send] via NET/IB/4
node1:65:65 [0] NCCL INFO Channel 17/0 : 1[0] -> 2[0] [send] via NET/IB/5
node1:65:65 [0] NCCL INFO Channel 18/0 : 1[0] -> 2[0] [send] via NET/IB/4
node1:65:65 [0] NCCL INFO Channel 19/0 : 1[0] -> 2[0] [send] via NET/IB/5
node1:65:65 [0] NCCL INFO Channel 20/0 : 1[0] -> 2[0] [send] via NET/IB/4
node1:65:65 [0] NCCL INFO Channel 21/0 : 1[0] -> 2[0] [send] via NET/IB/5
node1:65:65 [0] NCCL INFO Channel 22/0 : 1[0] -> 2[0] [send] via NET/IB/4
node1:65:65 [0] NCCL INFO Channel 23/0 : 1[0] -> 2[0] [send] via NET/IB/5
node1:65:65 [0] NCCL INFO Channel 24/0 : 1[0] -> 2[0] [send] via NET/IB/4
node1:65:65 [0] NCCL INFO Channel 25/0 : 1[0] -> 2[0] [send] via NET/IB/5
node1:65:65 [0] NCCL INFO Channel 26/0 : 1[0] -> 2[0] [send] via NET/IB/4
node1:65:65 [0] NCCL INFO Channel 27/0 : 1[0] -> 2[0] [send] via NET/IB/5
node1:65:65 [0] NCCL INFO Channel 28/0 : 1[0] -> 2[0] [send] via NET/IB/4
node1:65:65 [0] NCCL INFO Channel 29/0 : 1[0] -> 2[0] [send] via NET/IB/5
node1:65:65 [0] NCCL INFO Channel 30/0 : 1[0] -> 2[0] [send] via NET/IB/4
node1:65:65 [0] NCCL INFO Channel 31/0 : 1[0] -> 2[0] [send] via NET/IB/5
node1:65:65 [0] NCCL INFO Channel 32/0 : 1[0] -> 2[0] [send] via NET/IB/4
node1:65:65 [0] NCCL INFO Channel 33/0 : 1[0] -> 2[0] [send] via NET/IB/5
node1:65:65 [0] NCCL INFO Channel 34/0 : 1[0] -> 2[0] [send] via NET/IB/4
node1:65:65 [0] NCCL INFO Channel 35/0 : 1[0] -> 2[0] [send] via NET/IB/5
node1:65:65 [0] NCCL INFO Channel 36/0 : 1[0] -> 2[0] [send] via NET/IB/4
node1:65:65 [0] NCCL INFO Channel 37/0 : 1[0] -> 2[0] [send] via NET/IB/5
node1:65:65 [0] NCCL INFO Channel 38/0 : 1[0] -> 2[0] [send] via NET/IB/4
node1:65:65 [0] NCCL INFO Channel 39/0 : 1[0] -> 2[0] [send] via NET/IB/5
node1:65:65 [0] NCCL INFO Channel 40/0 : 1[0] -> 2[0] [send] via NET/IB/4
node1:65:65 [0] NCCL INFO Channel 41/0 : 1[0] -> 2[0] [send] via NET/IB/5
node1:65:65 [0] NCCL INFO Channel 42/0 : 1[0] -> 2[0] [send] via NET/IB/4
node1:65:65 [0] NCCL INFO Channel 43/0 : 1[0] -> 2[0] [send] via NET/IB/5
node1:65:65 [0] NCCL INFO Channel 44/0 : 1[0] -> 2[0] [send] via NET/IB/4
node1:65:65 [0] NCCL INFO Channel 45/0 : 1[0] -> 2[0] [send] via NET/IB/5
node1:65:65 [0] NCCL INFO Channel 46/0 : 1[0] -> 2[0] [send] via NET/IB/4
node1:65:65 [0] NCCL INFO Channel 47/0 : 1[0] -> 2[0] [send] via NET/IB/5
node1:65:65 [0] NCCL INFO Channel 48/0 : 1[0] -> 2[0] [send] via NET/IB/4
node1:65:65 [0] NCCL INFO Channel 49/0 : 1[0] -> 2[0] [send] via NET/IB/5
node1:65:65 [0] NCCL INFO Channel 50/0 : 1[0] -> 2[0] [send] via NET/IB/4
node1:65:65 [0] NCCL INFO Channel 51/0 : 1[0] -> 2[0] [send] via NET/IB/5
node1:65:65 [0] NCCL INFO Channel 52/0 : 1[0] -> 2[0] [send] via NET/IB/4
node1:65:65 [0] NCCL INFO Channel 53/0 : 1[0] -> 2[0] [send] via NET/IB/5
node1:65:65 [0] NCCL INFO Channel 54/0 : 1[0] -> 2[0] [send] via NET/IB/4
node1:65:65 [0] NCCL INFO Channel 55/0 : 1[0] -> 2[0] [send] via NET/IB/5
node1:65:65 [0] NCCL INFO Channel 56/0 : 1[0] -> 2[0] [send] via NET/IB/4
node1:65:65 [0] NCCL INFO Channel 57/0 : 1[0] -> 2[0] [send] via NET/IB/5
node1:65:65 [0] NCCL INFO Channel 58/0 : 1[0] -> 2[0] [send] via NET/IB/4
node1:65:65 [0] NCCL INFO Channel 59/0 : 1[0] -> 2[0] [send] via NET/IB/5
node1:65:65 [0] NCCL INFO Channel 60/0 : 1[0] -> 2[0] [send] via NET/IB/4
node1:65:65 [0] NCCL INFO Channel 61/0 : 1[0] -> 2[0] [send] via NET/IB/5
node1:65:65 [0] NCCL INFO Channel 62/0 : 1[0] -> 2[0] [send] via NET/IB/4
node1:65:65 [0] NCCL INFO Channel 63/0 : 1[0] -> 2[0] [send] via NET/IB/5
node1:65:75 [0] NCCL INFO NET/IB: Subnet-aware routing: overriding dev 4 with dev 0
node1:65:75 [0] NCCL INFO NET/IB: ncclIbResiliencyInit: Resiliency is disabled on the send communicator (comm=0xfce2b003d000)
node1:65:75 [0] NCCL INFO NET/IB: Subnet-aware routing: overriding dev 4 with dev 0
node1:65:75 [0] NCCL INFO NET/IB: ncclIbResiliencyInit: Resiliency is disabled on the recv communicator (comm=0xfce2b0081000)
node1:65:75 [0] NCCL INFO NET/IB: ncclIbRecvCommInit: Receive work requests will be posted on-demand
node1:65:75 [0] NCCL INFO NET/IB: Subnet-aware routing: overriding dev 4 with dev 0
node1:65:75 [0] NCCL INFO NET/IB: Subnet-aware routing: overriding dev 5 with dev 2
node1:65:75 [0] NCCL INFO NET/IB: ncclIbResiliencyInit: Resiliency is disabled on the send communicator (comm=0xfce2b00c9000)
node1:65:75 [0] NCCL INFO NET/IB: Subnet-aware routing: overriding dev 4 with dev 0
node1:65:75 [0] NCCL INFO NET/IB: ncclIbSenderQpsCreate: QP created: port=1 dev=0 devName=rocep1s0f0 ndevs=4 nmdevs=6 qp_num=12088 pkey=0 pd=0xfce2b007dbd0 oooRq=0
node1:65:75 [0] NCCL INFO NET/IB: ncclIbSenderQpsCreate: QP created: port=1 dev=0 devName=rocep1s0f0 ndevs=4 nmdevs=6 qp_num=12089 pkey=0 pd=0xfce2b007dbd0 oooRq=0
node1:65:75 [0] NCCL INFO NET/IB: ncclIbConnectImpl: NCCL Dev 0 IbDev 0 Port 1 qp_num 12088 mtu 5 GID 6 (0/166A8C0FFFF0000) ctsFifoRkey=0x182be8 ctsFifoLkey=0x182be8
node1:65:75 [0] NCCL INFO NET/IB: ncclIbConnectImpl: IbDev 0 Port 1 qp_num 12088 query_ece={supported=1, vendor_id=0x15b3, options=0x30000002, comp_mask=0x0}
node1:65:75 [0] NCCL INFO NET/IB: ncclIbConnectImpl: NCCL Dev 0 IbDev 0 Port 1 qp_num 12089 mtu 5 GID 6 (0/166A8C0FFFF0000) ctsFifoRkey=0x182be8 ctsFifoLkey=0x182be8
node1:65:75 [0] NCCL INFO NET/IB: ncclIbConnectImpl: IbDev 0 Port 1 qp_num 12089 query_ece={supported=1, vendor_id=0x15b3, options=0x30000002, comp_mask=0x0}
node1:65:75 [0] NCCL INFO NET/IB: Subnet-aware routing: overriding dev 5 with dev 2
node1:65:75 [0] NCCL INFO NET/IB: ncclIbResiliencyInit: Resiliency is disabled on the recv communicator (comm=0xfce2b0172000)
node1:65:75 [0] NCCL INFO NET/IB: ncclIbRecvCommInit: Receive work requests will be posted on-demand
node1:65:75 [0] NCCL INFO NET/IB: Subnet-aware routing: overriding dev 4 with dev 0
node1:65:75 [0] NCCL INFO NET/IB: Subnet-aware routing: overriding dev 5 with dev 2
node1:65:75 [0] NCCL INFO NET/IB: Subnet-aware routing: overriding dev 4 with dev 0
node1:65:75 [0] NCCL INFO NET/IB: ncclIbResiliencyInit: Resiliency is disabled on the send communicator (comm=0xfce2b01ba000)
node1:65:75 [0] NCCL INFO NET/IB: Subnet-aware routing: overriding dev 4 with dev 0
node1:65:75 [0] NCCL INFO NET/IB: Subnet-aware routing: overriding dev 5 with dev 2
node1:65:75 [0] NCCL INFO NET/IB: Subnet-aware routing: overriding dev 4 with dev 0
node1:65:75 [0] NCCL INFO NET/IB: ncclIbResiliencyInit: Resiliency is disabled on the recv communicator (comm=0xfce2b01fe000)
node1:65:75 [0] NCCL INFO NET/IB: ncclIbRecvCommInit: Receive work requests will be posted on-demand
node1:65:75 [0] NCCL INFO NET/IB: Subnet-aware routing: overriding dev 4 with dev 0
node1:65:75 [0] NCCL INFO NET/IB: Subnet-aware routing: overriding dev 5 with dev 2
node1:65:75 [0] NCCL INFO NET/IB: Subnet-aware routing: overriding dev 4 with dev 0
node1:65:75 [0] NCCL INFO NET/IB: Subnet-aware routing: overriding dev 5 with dev 2
node1:65:75 [0] NCCL INFO NET/IB: ncclIbResiliencyInit: Resiliency is disabled on the send communicator (comm=0xfce2b0246000)
node1:65:75 [0] NCCL INFO NET/IB: Subnet-aware routing: overriding dev 4 with dev 0
node1:65:75 [0] NCCL INFO NET/IB: ncclIbSenderQpsToRts: Set ECE: IbDev 0 Port 1 qp_num 12088 set_ece={supported=1, vendor_id=0x15b3, options=0x30000002, comp_mask=0x0}
node1:65:75 [0] NCCL INFO NET/IB: ncclIbSenderQpsToRts: Set ECE: IbDev 0 Port 1 qp_num 12089 set_ece={supported=1, vendor_id=0x15b3, options=0x30000002, comp_mask=0x0}
node1:65:75 [0] NCCL INFO NET/IB: Subnet-aware routing: overriding dev 4 with dev 1
node1:65:75 [0] NCCL INFO NET/IB: ncclIbReceiverQpsCreateToRts: QP created: port=1 dev=1 devName=rocep1s0f1 ndevs=4 nmdevs=6 qp_num=15330 pkey=0 pd=0xfce2b01faf70 oooRq=0
node1:65:75 [0] NCCL INFO NET/IB: ncclIbReceiverQpsCreateToRts: QP created: port=1 dev=1 devName=rocep1s0f1 ndevs=4 nmdevs=6 qp_num=15331 pkey=0 pd=0xfce2b01faf70 oooRq=0
node1:65:75 [0] NCCL INFO NET/IB: ncclIbReceiverQpsCreateToRts: Flush QP created: port=1 dev=1 devName=rocep1s0f1 ndevs=4 nmdevs=6 qp_num=15332 pkey=0 pd=0xfce2b01faf70
node1:65:75 [0] NCCL INFO NET/IB: Subnet-aware routing: overriding dev 5 with dev 2
node1:65:75 [0] NCCL INFO NET/IB: ncclIbSenderQpsCreate: QP created: port=1 dev=2 devName=roceP2p1s0f0 ndevs=4 nmdevs=6 qp_num=1752 pkey=0 pd=0xfce2b01b6e80 oooRq=0
node1:65:75 [0] NCCL INFO NET/IB: ncclIbSenderQpsCreate: QP created: port=1 dev=2 devName=roceP2p1s0f0 ndevs=4 nmdevs=6 qp_num=1753 pkey=0 pd=0xfce2b01b6e80 oooRq=0
node1:65:75 [0] NCCL INFO NET/IB: ncclIbConnectImpl: NCCL Dev 2 IbDev 2 Port 1 qp_num 1752 mtu 5 GID 3 (0/170A8C0FFFF0000) ctsFifoRkey=0x194f4d ctsFifoLkey=0x194f4d
node1:65:75 [0] NCCL INFO NET/IB: ncclIbConnectImpl: IbDev 2 Port 1 qp_num 1752 query_ece={supported=1, vendor_id=0x15b3, options=0x30000002, comp_mask=0x0}
node1:65:75 [0] NCCL INFO NET/IB: ncclIbConnectImpl: NCCL Dev 2 IbDev 2 Port 1 qp_num 1753 mtu 5 GID 3 (0/170A8C0FFFF0000) ctsFifoRkey=0x194f4d ctsFifoLkey=0x194f4d
node1:65:75 [0] NCCL INFO NET/IB: ncclIbConnectImpl: IbDev 2 Port 1 qp_num 1753 query_ece={supported=1, vendor_id=0x15b3, options=0x30000002, comp_mask=0x0}
node1:65:75 [0] NCCL INFO NET/IB: Subnet-aware routing: overriding dev 5 with dev 3
node1:65:75 [0] NCCL INFO NET/IB: ncclIbReceiverQpsCreateToRts: QP created: port=1 dev=3 devName=roceP2p1s0f1 ndevs=4 nmdevs=6 qp_num=2408 pkey=0 pd=0xfce2b034d430 oooRq=0
node1:65:75 [0] NCCL INFO NET/IB: ncclIbReceiverQpsCreateToRts: QP created: port=1 dev=3 devName=roceP2p1s0f1 ndevs=4 nmdevs=6 qp_num=2409 pkey=0 pd=0xfce2b034d430 oooRq=0
node1:65:75 [0] NCCL INFO NET/IB: ncclIbReceiverQpsCreateToRts: Flush QP created: port=1 dev=3 devName=roceP2p1s0f1 ndevs=4 nmdevs=6 qp_num=2410 pkey=0 pd=0xfce2b034d430
node1:65:75 [0] NCCL INFO NET/IB: Subnet-aware routing: overriding dev 4 with dev 0
node1:65:75 [0] NCCL INFO NET/IB: ncclIbSenderQpsCreate: QP created: port=1 dev=0 devName=rocep1s0f0 ndevs=4 nmdevs=6 qp_num=12090 pkey=0 pd=0xfce2b007dbd0 oooRq=0
node1:65:75 [0] NCCL INFO NET/IB: ncclIbSenderQpsCreate: QP created: port=1 dev=0 devName=rocep1s0f0 ndevs=4 nmdevs=6 qp_num=12091 pkey=0 pd=0xfce2b007dbd0 oooRq=0
node1:65:75 [0] NCCL INFO NET/IB: ncclIbConnectImpl: NCCL Dev 0 IbDev 0 Port 1 qp_num 12090 mtu 5 GID 6 (0/166A8C0FFFF0000) ctsFifoRkey=0x1808c1 ctsFifoLkey=0x1808c1
node1:65:75 [0] NCCL INFO NET/IB: ncclIbConnectImpl: IbDev 0 Port 1 qp_num 12090 query_ece={supported=1, vendor_id=0x15b3, options=0x30000002, comp_mask=0x0}
node1:65:75 [0] NCCL INFO NET/IB: ncclIbConnectImpl: NCCL Dev 0 IbDev 0 Port 1 qp_num 12091 mtu 5 GID 6 (0/166A8C0FFFF0000) ctsFifoRkey=0x1808c1 ctsFifoLkey=0x1808c1
node1:65:75 [0] NCCL INFO NET/IB: ncclIbConnectImpl: IbDev 0 Port 1 qp_num 12091 query_ece={supported=1, vendor_id=0x15b3, options=0x30000002, comp_mask=0x0}
node1:65:75 [0] NCCL INFO NET/IB: Subnet-aware routing: overriding dev 4 with dev 1
node1:65:75 [0] NCCL INFO NET/IB: ncclIbReceiverQpsCreateToRts: QP created: port=1 dev=1 devName=rocep1s0f1 ndevs=4 nmdevs=6 qp_num=15333 pkey=0 pd=0xfce2b01faf70 oooRq=0
node1:65:75 [0] NCCL INFO NET/IB: ncclIbReceiverQpsCreateToRts: QP created: port=1 dev=1 devName=rocep1s0f1 ndevs=4 nmdevs=6 qp_num=15334 pkey=0 pd=0xfce2b01faf70 oooRq=0
node1:65:75 [0] NCCL INFO NET/IB: ncclIbReceiverQpsCreateToRts: Flush QP created: port=1 dev=1 devName=rocep1s0f1 ndevs=4 nmdevs=6 qp_num=15335 pkey=0 pd=0xfce2b01faf70
node1:65:75 [0] NCCL INFO NET/IB: Subnet-aware routing: overriding dev 5 with dev 2
node1:65:75 [0] NCCL INFO NET/IB: ncclIbResiliencyInit: Resiliency is disabled on the recv communicator (comm=0xfce2b04cf000)
node1:65:75 [0] NCCL INFO NET/IB: ncclIbRecvCommInit: Receive work requests will be posted on-demand
node1:65:75 [0] NCCL INFO NET/IB: Subnet-aware routing: overriding dev 5 with dev 2
node1:65:75 [0] NCCL INFO NET/IB: ncclIbSenderQpsToRts: Set ECE: IbDev 2 Port 1 qp_num 1752 set_ece={supported=1, vendor_id=0x15b3, options=0x30000002, comp_mask=0x0}
node1:65:75 [0] NCCL INFO NET/IB: ncclIbSenderQpsToRts: Set ECE: IbDev 2 Port 1 qp_num 1753 set_ece={supported=1, vendor_id=0x15b3, options=0x30000002, comp_mask=0x0}
node1:65:75 [0] NCCL INFO NET/IB: Subnet-aware routing: overriding dev 4 with dev 0
node1:65:75 [0] NCCL INFO NET/IB: ncclIbSenderQpsToRts: Set ECE: IbDev 0 Port 1 qp_num 12090 set_ece={supported=1, vendor_id=0x15b3, options=0x30000002, comp_mask=0x0}
node1:65:75 [0] NCCL INFO NET/IB: ncclIbSenderQpsToRts: Set ECE: IbDev 0 Port 1 qp_num 12091 set_ece={supported=1, vendor_id=0x15b3, options=0x30000002, comp_mask=0x0}
node1:65:75 [0] NCCL INFO NET/IB: Subnet-aware routing: overriding dev 5 with dev 2
node1:65:75 [0] NCCL INFO NET/IB: Subnet-aware routing: overriding dev 4 with dev 0
node1:65:75 [0] NCCL INFO NET/IB: ncclIbResiliencyInit: Resiliency is disabled on the send communicator (comm=0xfce2b0517000)
node1:65:75 [0] NCCL INFO NET/IB: Subnet-aware routing: overriding dev 5 with dev 2
node1:65:75 [0] NCCL INFO NET/IB: ncclIbSenderQpsCreate: QP created: port=1 dev=2 devName=roceP2p1s0f0 ndevs=4 nmdevs=6 qp_num=1754 pkey=0 pd=0xfce2b01b6e80 oooRq=0
node1:65:75 [0] NCCL INFO NET/IB: ncclIbSenderQpsCreate: QP created: port=1 dev=2 devName=roceP2p1s0f0 ndevs=4 nmdevs=6 qp_num=1755 pkey=0 pd=0xfce2b01b6e80 oooRq=0
node1:65:75 [0] NCCL INFO NET/IB: ncclIbConnectImpl: NCCL Dev 2 IbDev 2 Port 1 qp_num 1754 mtu 5 GID 3 (0/170A8C0FFFF0000) ctsFifoRkey=0x19332f ctsFifoLkey=0x19332f
node1:65:75 [0] NCCL INFO NET/IB: ncclIbConnectImpl: IbDev 2 Port 1 qp_num 1754 query_ece={supported=1, vendor_id=0x15b3, options=0x30000002, comp_mask=0x0}
node1:65:75 [0] NCCL INFO NET/IB: ncclIbConnectImpl: NCCL Dev 2 IbDev 2 Port 1 qp_num 1755 mtu 5 GID 3 (0/170A8C0FFFF0000) ctsFifoRkey=0x19332f ctsFifoLkey=0x19332f
node1:65:75 [0] NCCL INFO NET/IB: ncclIbConnectImpl: IbDev 2 Port 1 qp_num 1755 query_ece={supported=1, vendor_id=0x15b3, options=0x30000002, comp_mask=0x0}
node1:65:75 [0] NCCL INFO NET/IB: Subnet-aware routing: overriding dev 5 with dev 3
node1:65:75 [0] NCCL INFO NET/IB: ncclIbReceiverQpsCreateToRts: QP created: port=1 dev=3 devName=roceP2p1s0f1 ndevs=4 nmdevs=6 qp_num=2411 pkey=0 pd=0xfce2b034d430 oooRq=0
node1:65:75 [0] NCCL INFO NET/IB: ncclIbReceiverQpsCreateToRts: QP created: port=1 dev=3 devName=roceP2p1s0f1 ndevs=4 nmdevs=6 qp_num=2412 pkey=0 pd=0xfce2b034d430 oooRq=0
node1:65:75 [0] NCCL INFO NET/IB: ncclIbReceiverQpsCreateToRts: Flush QP created: port=1 dev=3 devName=roceP2p1s0f1 ndevs=4 nmdevs=6 qp_num=2413 pkey=0 pd=0xfce2b034d430
node1:65:75 [0] NCCL INFO NET/IB: Subnet-aware routing: overriding dev 4 with dev 0
node1:65:75 [0] NCCL INFO NET/IB: ncclIbResiliencyInit: Resiliency is disabled on the recv communicator (comm=0xfce2b0627000)
node1:65:75 [0] NCCL INFO NET/IB: ncclIbRecvCommInit: Receive work requests will be posted on-demand
node1:65:75 [0] NCCL INFO NET/IB: Subnet-aware routing: overriding dev 5 with dev 2
node1:65:75 [0] NCCL INFO NET/IB: Subnet-aware routing: overriding dev 4 with dev 0
node1:65:75 [0] NCCL INFO NET/IB: Subnet-aware routing: overriding dev 5 with dev 2
node1:65:75 [0] NCCL INFO NET/IB: ncclIbResiliencyInit: Resiliency is disabled on the send communicator (comm=0xfce2b066f000)
node1:65:75 [0] NCCL INFO NET/IB: Subnet-aware routing: overriding dev 5 with dev 2
node1:65:75 [0] NCCL INFO NET/IB: Subnet-aware routing: overriding dev 4 with dev 0
node1:65:75 [0] NCCL INFO NET/IB: ncclIbSenderQpsCreate: QP created: port=1 dev=0 devName=rocep1s0f0 ndevs=4 nmdevs=6 qp_num=12092 pkey=0 pd=0xfce2b007dbd0 oooRq=0
node1:65:75 [0] NCCL INFO NET/IB: ncclIbSenderQpsCreate: QP created: port=1 dev=0 devName=rocep1s0f0 ndevs=4 nmdevs=6 qp_num=12093 pkey=0 pd=0xfce2b007dbd0 oooRq=0
node1:65:75 [0] NCCL INFO NET/IB: ncclIbConnectImpl: NCCL Dev 0 IbDev 0 Port 1 qp_num 12092 mtu 5 GID 6 (0/166A8C0FFFF0000) ctsFifoRkey=0x1703c1 ctsFifoLkey=0x1703c1
node1:65:75 [0] NCCL INFO NET/IB: ncclIbConnectImpl: IbDev 0 Port 1 qp_num 12092 query_ece={supported=1, vendor_id=0x15b3, options=0x30000002, comp_mask=0x0}
node1:65:75 [0] NCCL INFO NET/IB: ncclIbConnectImpl: NCCL Dev 0 IbDev 0 Port 1 qp_num 12093 mtu 5 GID 6 (0/166A8C0FFFF0000) ctsFifoRkey=0x1703c1 ctsFifoLkey=0x1703c1
node1:65:75 [0] NCCL INFO NET/IB: ncclIbConnectImpl: IbDev 0 Port 1 qp_num 12093 query_ece={supported=1, vendor_id=0x15b3, options=0x30000002, comp_mask=0x0}
node1:65:75 [0] NCCL INFO NET/IB: Subnet-aware routing: overriding dev 5 with dev 2
node1:65:75 [0] NCCL INFO NET/IB: ncclIbResiliencyInit: Resiliency is disabled on the recv communicator (comm=0xfce2b070a000)
node1:65:75 [0] NCCL INFO NET/IB: ncclIbRecvCommInit: Receive work requests will be posted on-demand
node1:65:75 [0] NCCL INFO NET/IB: Subnet-aware routing: overriding dev 5 with dev 2
node1:65:75 [0] NCCL INFO NET/IB: ncclIbSenderQpsToRts: Set ECE: IbDev 2 Port 1 qp_num 1754 set_ece={supported=1, vendor_id=0x15b3, options=0x30000002, comp_mask=0x0}
node1:65:75 [0] NCCL INFO NET/IB: ncclIbSenderQpsToRts: Set ECE: IbDev 2 Port 1 qp_num 1755 set_ece={supported=1, vendor_id=0x15b3, options=0x30000002, comp_mask=0x0}
node1:65:75 [0] NCCL INFO NET/IB: Subnet-aware routing: overriding dev 4 with dev 0
node1:65:75 [0] NCCL INFO NET/IB: Subnet-aware routing: overriding dev 5 with dev 2
node1:65:75 [0] NCCL INFO NET/IB: Subnet-aware routing: overriding dev 4 with dev 0
node1:65:75 [0] NCCL INFO NET/IB: ncclIbResiliencyInit: Resiliency is disabled on the send communicator (comm=0xfce2b0752000)
node1:65:75 [0] NCCL INFO NET/IB: Subnet-aware routing: overriding dev 4 with dev 0
node1:65:75 [0] NCCL INFO NET/IB: Subnet-aware routing: overriding dev 5 with dev 2
node1:65:75 [0] NCCL INFO NET/IB: ncclIbSenderQpsCreate: QP created: port=1 dev=2 devName=roceP2p1s0f0 ndevs=4 nmdevs=6 qp_num=1756 pkey=0 pd=0xfce2b01b6e80 oooRq=0
node1:65:75 [0] NCCL INFO NET/IB: ncclIbSenderQpsCreate: QP created: port=1 dev=2 devName=roceP2p1s0f0 ndevs=4 nmdevs=6 qp_num=1757 pkey=0 pd=0xfce2b01b6e80 oooRq=0
node1:65:75 [0] NCCL INFO NET/IB: ncclIbConnectImpl: NCCL Dev 2 IbDev 2 Port 1 qp_num 1756 mtu 5 GID 3 (0/170A8C0FFFF0000) ctsFifoRkey=0x196363 ctsFifoLkey=0x196363
node1:65:75 [0] NCCL INFO NET/IB: ncclIbConnectImpl: IbDev 2 Port 1 qp_num 1756 query_ece={supported=1, vendor_id=0x15b3, options=0x30000002, comp_mask=0x0}
node1:65:75 [0] NCCL INFO NET/IB: ncclIbConnectImpl: NCCL Dev 2 IbDev 2 Port 1 qp_num 1757 mtu 5 GID 3 (0/170A8C0FFFF0000) ctsFifoRkey=0x196363 ctsFifoLkey=0x196363
node1:65:75 [0] NCCL INFO NET/IB: ncclIbConnectImpl: IbDev 2 Port 1 qp_num 1757 query_ece={supported=1, vendor_id=0x15b3, options=0x30000002, comp_mask=0x0}
node1:65:75 [0] NCCL INFO NET/IB: Subnet-aware routing: overriding dev 4 with dev 0
node1:65:75 [0] NCCL INFO NET/IB: ncclIbResiliencyInit: Resiliency is disabled on the recv communicator (comm=0xfce2b07ef000)
node1:65:75 [0] NCCL INFO NET/IB: ncclIbRecvCommInit: Receive work requests will be posted on-demand
node1:65:75 [0] NCCL INFO NET/IB: Subnet-aware routing: overriding dev 4 with dev 0
node1:65:75 [0] NCCL INFO NET/IB: ncclIbSenderQpsToRts: Set ECE: IbDev 0 Port 1 qp_num 12092 set_ece={supported=1, vendor_id=0x15b3, options=0x30000002, comp_mask=0x0}
node1:65:75 [0] NCCL INFO NET/IB: ncclIbSenderQpsToRts: Set ECE: IbDev 0 Port 1 qp_num 12093 set_ece={supported=1, vendor_id=0x15b3, options=0x30000002, comp_mask=0x0}
node1:65:75 [0] NCCL INFO NET/IB: Subnet-aware routing: overriding dev 4 with dev 1
node1:65:75 [0] NCCL INFO NET/IB: ncclIbReceiverQpsCreateToRts: QP created: port=1 dev=1 devName=rocep1s0f1 ndevs=4 nmdevs=6 qp_num=15336 pkey=0 pd=0xfce2b01faf70 oooRq=0
node1:65:75 [0] NCCL INFO NET/IB: ncclIbReceiverQpsCreateToRts: QP created: port=1 dev=1 devName=rocep1s0f1 ndevs=4 nmdevs=6 qp_num=15337 pkey=0 pd=0xfce2b01faf70 oooRq=0
node1:65:75 [0] NCCL INFO NET/IB: ncclIbReceiverQpsCreateToRts: Flush QP created: port=1 dev=1 devName=rocep1s0f1 ndevs=4 nmdevs=6 qp_num=15338 pkey=0 pd=0xfce2b01faf70
node1:65:75 [0] NCCL INFO NET/IB: Subnet-aware routing: overriding dev 5 with dev 2
node1:65:75 [0] NCCL INFO NET/IB: Subnet-aware routing: overriding dev 4 with dev 0
node1:65:75 [0] NCCL INFO NET/IB: Subnet-aware routing: overriding dev 5 with dev 2
node1:65:75 [0] NCCL INFO NET/IB: ncclIbResiliencyInit: Resiliency is disabled on the send communicator (comm=0xfce2b08b1000)
node1:65:75 [0] NCCL INFO NET/IB: Subnet-aware routing: overriding dev 5 with dev 2
node1:65:75 [0] NCCL INFO NET/IB: Subnet-aware routing: overriding dev 4 with dev 0
node1:65:75 [0] NCCL INFO NET/IB: Subnet-aware routing: overriding dev 5 with dev 2
node1:65:75 [0] NCCL INFO NET/IB: ncclIbResiliencyInit: Resiliency is disabled on the recv communicator (comm=0xfce2b08f5000)
node1:65:75 [0] NCCL INFO NET/IB: ncclIbRecvCommInit: Receive work requests will be posted on-demand
node1:65:75 [0] NCCL INFO NET/IB: Subnet-aware routing: overriding dev 5 with dev 2
node1:65:75 [0] NCCL INFO NET/IB: ncclIbSenderQpsToRts: Set ECE: IbDev 2 Port 1 qp_num 1756 set_ece={supported=1, vendor_id=0x15b3, options=0x30000002, comp_mask=0x0}
node1:65:75 [0] NCCL INFO NET/IB: ncclIbSenderQpsToRts: Set ECE: IbDev 2 Port 1 qp_num 1757 set_ece={supported=1, vendor_id=0x15b3, options=0x30000002, comp_mask=0x0}
node1:65:75 [0] NCCL INFO NET/IB: Subnet-aware routing: overriding dev 5 with dev 3
node1:65:75 [0] NCCL INFO NET/IB: ncclIbReceiverQpsCreateToRts: QP created: port=1 dev=3 devName=roceP2p1s0f1 ndevs=4 nmdevs=6 qp_num=2414 pkey=0 pd=0xfce2b034d430 oooRq=0
node1:65:75 [0] NCCL INFO NET/IB: ncclIbReceiverQpsCreateToRts: QP created: port=1 dev=3 devName=roceP2p1s0f1 ndevs=4 nmdevs=6 qp_num=2415 pkey=0 pd=0xfce2b034d430 oooRq=0
node1:65:75 [0] NCCL INFO NET/IB: ncclIbReceiverQpsCreateToRts: Flush QP created: port=1 dev=3 devName=roceP2p1s0f1 ndevs=4 nmdevs=6 qp_num=2416 pkey=0 pd=0xfce2b034d430
node1:65:75 [0] NCCL INFO NET/IB: Subnet-aware routing: overriding dev 4 with dev 0
node1:65:75 [0] NCCL INFO NET/IB: ncclIbSenderQpsCreate: QP created: port=1 dev=0 devName=rocep1s0f0 ndevs=4 nmdevs=6 qp_num=12094 pkey=0 pd=0xfce2b007dbd0 oooRq=0
node1:65:75 [0] NCCL INFO NET/IB: ncclIbSenderQpsCreate: QP created: port=1 dev=0 devName=rocep1s0f0 ndevs=4 nmdevs=6 qp_num=12095 pkey=0 pd=0xfce2b007dbd0 oooRq=0
node1:65:75 [0] NCCL INFO NET/IB: ncclIbConnectImpl: NCCL Dev 0 IbDev 0 Port 1 qp_num 12094 mtu 5 GID 6 (0/166A8C0FFFF0000) ctsFifoRkey=0x176c2a ctsFifoLkey=0x176c2a
node1:65:75 [0] NCCL INFO NET/IB: ncclIbConnectImpl: IbDev 0 Port 1 qp_num 12094 query_ece={supported=1, vendor_id=0x15b3, options=0x30000002, comp_mask=0x0}
node1:65:75 [0] NCCL INFO NET/IB: ncclIbConnectImpl: NCCL Dev 0 IbDev 0 Port 1 qp_num 12095 mtu 5 GID 6 (0/166A8C0FFFF0000) ctsFifoRkey=0x176c2a ctsFifoLkey=0x176c2a
node1:65:75 [0] NCCL INFO NET/IB: ncclIbConnectImpl: IbDev 0 Port 1 qp_num 12095 query_ece={supported=1, vendor_id=0x15b3, options=0x30000002, comp_mask=0x0}
node1:65:75 [0] NCCL INFO NET/IB: Subnet-aware routing: overriding dev 4 with dev 1
node1:65:75 [0] NCCL INFO NET/IB: ncclIbReceiverQpsCreateToRts: QP created: port=1 dev=1 devName=rocep1s0f1 ndevs=4 nmdevs=6 qp_num=15339 pkey=0 pd=0xfce2b01faf70 oooRq=0
node1:65:75 [0] NCCL INFO NET/IB: ncclIbReceiverQpsCreateToRts: QP created: port=1 dev=1 devName=rocep1s0f1 ndevs=4 nmdevs=6 qp_num=15340 pkey=0 pd=0xfce2b01faf70 oooRq=0
node1:65:75 [0] NCCL INFO NET/IB: ncclIbReceiverQpsCreateToRts: Flush QP created: port=1 dev=1 devName=rocep1s0f1 ndevs=4 nmdevs=6 qp_num=15341 pkey=0 pd=0xfce2b01faf70
node1:65:75 [0] NCCL INFO NET/IB: Subnet-aware routing: overriding dev 5 with dev 2
node1:65:75 [0] NCCL INFO NET/IB: ncclIbSenderQpsCreate: QP created: port=1 dev=2 devName=roceP2p1s0f0 ndevs=4 nmdevs=6 qp_num=1758 pkey=0 pd=0xfce2b01b6e80 oooRq=0
node1:65:75 [0] NCCL INFO NET/IB: ncclIbSenderQpsCreate: QP created: port=1 dev=2 devName=roceP2p1s0f0 ndevs=4 nmdevs=6 qp_num=1759 pkey=0 pd=0xfce2b01b6e80 oooRq=0
node1:65:75 [0] NCCL INFO NET/IB: ncclIbConnectImpl: NCCL Dev 2 IbDev 2 Port 1 qp_num 1758 mtu 5 GID 3 (0/170A8C0FFFF0000) ctsFifoRkey=0x19918f ctsFifoLkey=0x19918f
node1:65:75 [0] NCCL INFO NET/IB: ncclIbConnectImpl: IbDev 2 Port 1 qp_num 1758 query_ece={supported=1, vendor_id=0x15b3, options=0x30000002, comp_mask=0x0}
node1:65:75 [0] NCCL INFO NET/IB: ncclIbConnectImpl: NCCL Dev 2 IbDev 2 Port 1 qp_num 1759 mtu 5 GID 3 (0/170A8C0FFFF0000) ctsFifoRkey=0x19918f ctsFifoLkey=0x19918f
node1:65:75 [0] NCCL INFO NET/IB: ncclIbConnectImpl: IbDev 2 Port 1 qp_num 1759 query_ece={supported=1, vendor_id=0x15b3, options=0x30000002, comp_mask=0x0}
node1:65:75 [0] NCCL INFO NET/IB: Subnet-aware routing: overriding dev 4 with dev 0
node1:65:75 [0] NCCL INFO NET/IB: ncclIbResiliencyInit: Resiliency is disabled on the send communicator (comm=0xfce2b0ae3000)
node1:65:75 [0] NCCL INFO NET/IB: Subnet-aware routing: overriding dev 4 with dev 0
node1:65:75 [0] NCCL INFO NET/IB: Subnet-aware routing: overriding dev 5 with dev 2
node1:65:75 [0] NCCL INFO NET/IB: Subnet-aware routing: overriding dev 4 with dev 0
node1:65:75 [0] NCCL INFO NET/IB: ncclIbResiliencyInit: Resiliency is disabled on the recv communicator (comm=0xfce2b0b27000)
node1:65:75 [0] NCCL INFO NET/IB: ncclIbRecvCommInit: Receive work requests will be posted on-demand
node1:65:75 [0] NCCL INFO NET/IB: Subnet-aware routing: overriding dev 4 with dev 0
node1:65:75 [0] NCCL INFO NET/IB: Subnet-aware routing: overriding dev 5 with dev 2
node1:65:75 [0] NCCL INFO NET/IB: Subnet-aware routing: overriding dev 4 with dev 0
node1:65:75 [0] NCCL INFO NET/IB: Subnet-aware routing: overriding dev 5 with dev 2
node1:65:75 [0] NCCL INFO NET/IB: ncclIbResiliencyInit: Resiliency is disabled on the send communicator (comm=0xfce2b0b6f000)
node1:65:75 [0] NCCL INFO NET/IB: Subnet-aware routing: overriding dev 4 with dev 0
node1:65:75 [0] NCCL INFO NET/IB: ncclIbSenderQpsToRts: Set ECE: IbDev 0 Port 1 qp_num 12094 set_ece={supported=1, vendor_id=0x15b3, options=0x30000002, comp_mask=0x0}
node1:65:75 [0] NCCL INFO NET/IB: ncclIbSenderQpsToRts: Set ECE: IbDev 0 Port 1 qp_num 12095 set_ece={supported=1, vendor_id=0x15b3, options=0x30000002, comp_mask=0x0}
node1:65:75 [0] NCCL INFO NET/IB: Subnet-aware routing: overriding dev 5 with dev 2
node1:65:75 [0] NCCL INFO NET/IB: ncclIbSenderQpsToRts: Set ECE: IbDev 2 Port 1 qp_num 1758 set_ece={supported=1, vendor_id=0x15b3, options=0x30000002, comp_mask=0x0}
node1:65:75 [0] NCCL INFO NET/IB: ncclIbSenderQpsToRts: Set ECE: IbDev 2 Port 1 qp_num 1759 set_ece={supported=1, vendor_id=0x15b3, options=0x30000002, comp_mask=0x0}
node1:65:75 [0] NCCL INFO NET/IB: Subnet-aware routing: overriding dev 4 with dev 0
node1:65:75 [0] NCCL INFO NET/IB: ncclIbSenderQpsCreate: QP created: port=1 dev=0 devName=rocep1s0f0 ndevs=4 nmdevs=6 qp_num=12096 pkey=0 pd=0xfce2b007dbd0 oooRq=0
node1:65:75 [0] NCCL INFO NET/IB: ncclIbSenderQpsCreate: QP created: port=1 dev=0 devName=rocep1s0f0 ndevs=4 nmdevs=6 qp_num=12097 pkey=0 pd=0xfce2b007dbd0 oooRq=0
node1:65:75 [0] NCCL INFO NET/IB: ncclIbConnectImpl: NCCL Dev 0 IbDev 0 Port 1 qp_num 12096 mtu 5 GID 6 (0/166A8C0FFFF0000) ctsFifoRkey=0x16944a ctsFifoLkey=0x16944a
node1:65:75 [0] NCCL INFO NET/IB: ncclIbConnectImpl: IbDev 0 Port 1 qp_num 12096 query_ece={supported=1, vendor_id=0x15b3, options=0x30000002, comp_mask=0x0}
node1:65:75 [0] NCCL INFO NET/IB: ncclIbConnectImpl: NCCL Dev 0 IbDev 0 Port 1 qp_num 12097 mtu 5 GID 6 (0/166A8C0FFFF0000) ctsFifoRkey=0x16944a ctsFifoLkey=0x16944a
node1:65:75 [0] NCCL INFO NET/IB: ncclIbConnectImpl: IbDev 0 Port 1 qp_num 12097 query_ece={supported=1, vendor_id=0x15b3, options=0x30000002, comp_mask=0x0}
node1:65:75 [0] NCCL INFO NET/IB: Subnet-aware routing: overriding dev 5 with dev 2
node1:65:75 [0] NCCL INFO NET/IB: ncclIbResiliencyInit: Resiliency is disabled on the recv communicator (comm=0xfce2b0c06000)
node1:65:75 [0] NCCL INFO NET/IB: ncclIbRecvCommInit: Receive work requests will be posted on-demand
node1:65:75 [0] NCCL INFO NET/IB: Subnet-aware routing: overriding dev 4 with dev 0
node1:65:75 [0] NCCL INFO NET/IB: Subnet-aware routing: overriding dev 5 with dev 2
node1:65:75 [0] NCCL INFO NET/IB: Subnet-aware routing: overriding dev 4 with dev 0
node1:65:75 [0] NCCL INFO NET/IB: ncclIbResiliencyInit: Resiliency is disabled on the send communicator (comm=0xfce2b0c4e000)
node1:65:75 [0] NCCL INFO NET/IB: Subnet-aware routing: overriding dev 4 with dev 0
node1:65:75 [0] NCCL INFO NET/IB: Subnet-aware routing: overriding dev 5 with dev 2
node1:65:75 [0] NCCL INFO NET/IB: Subnet-aware routing: overriding dev 4 with dev 0
node1:65:75 [0] NCCL INFO NET/IB: ncclIbResiliencyInit: Resiliency is disabled on the recv communicator (comm=0xfce2b0c92000)
node1:65:75 [0] NCCL INFO NET/IB: ncclIbRecvCommInit: Receive work requests will be posted on-demand
node1:65:75 [0] NCCL INFO NET/IB: Subnet-aware routing: overriding dev 4 with dev 0
node1:65:75 [0] NCCL INFO NET/IB: Subnet-aware routing: overriding dev 5 with dev 2
node1:65:75 [0] NCCL INFO NET/IB: Subnet-aware routing: overriding dev 4 with dev 0
node1:65:75 [0] NCCL INFO NET/IB: Subnet-aware routing: overriding dev 5 with dev 2
node1:65:75 [0] NCCL INFO NET/IB: ncclIbResiliencyInit: Resiliency is disabled on the send communicator (comm=0xfce2b0cda000)
node1:65:75 [0] NCCL INFO NET/IB: Subnet-aware routing: overriding dev 4 with dev 0
node1:65:75 [0] NCCL INFO NET/IB: ncclIbSenderQpsToRts: Set ECE: IbDev 0 Port 1 qp_num 12096 set_ece={supported=1, vendor_id=0x15b3, options=0x30000002, comp_mask=0x0}
node1:65:75 [0] NCCL INFO NET/IB: ncclIbSenderQpsToRts: Set ECE: IbDev 0 Port 1 qp_num 12097 set_ece={supported=1, vendor_id=0x15b3, options=0x30000002, comp_mask=0x0}
node1:65:75 [0] NCCL INFO NET/IB: Subnet-aware routing: overriding dev 5 with dev 2
node1:65:75 [0] NCCL INFO NET/IB: ncclIbSenderQpsCreate: QP created: port=1 dev=2 devName=roceP2p1s0f0 ndevs=4 nmdevs=6 qp_num=1760 pkey=0 pd=0xfce2b01b6e80 oooRq=0
node1:65:75 [0] NCCL INFO NET/IB: ncclIbSenderQpsCreate: QP created: port=1 dev=2 devName=roceP2p1s0f0 ndevs=4 nmdevs=6 qp_num=1761 pkey=0 pd=0xfce2b01b6e80 oooRq=0
node1:65:75 [0] NCCL INFO NET/IB: ncclIbConnectImpl: NCCL Dev 2 IbDev 2 Port 1 qp_num 1760 mtu 5 GID 3 (0/170A8C0FFFF0000) ctsFifoRkey=0x19a6a3 ctsFifoLkey=0x19a6a3
node1:65:75 [0] NCCL INFO NET/IB: ncclIbConnectImpl: IbDev 2 Port 1 qp_num 1760 query_ece={supported=1, vendor_id=0x15b3, options=0x30000002, comp_mask=0x0}
node1:65:75 [0] NCCL INFO NET/IB: ncclIbConnectImpl: NCCL Dev 2 IbDev 2 Port 1 qp_num 1761 mtu 5 GID 3 (0/170A8C0FFFF0000) ctsFifoRkey=0x19a6a3 ctsFifoLkey=0x19a6a3
node1:65:75 [0] NCCL INFO NET/IB: ncclIbConnectImpl: IbDev 2 Port 1 qp_num 1761 query_ece={supported=1, vendor_id=0x15b3, options=0x30000002, comp_mask=0x0}
node1:65:75 [0] NCCL INFO NET/IB: Subnet-aware routing: overriding dev 4 with dev 0
node1:65:75 [0] NCCL INFO NET/IB: Subnet-aware routing: overriding dev 5 with dev 2
node1:65:75 [0] NCCL INFO NET/IB: ncclIbResiliencyInit: Resiliency is disabled on the recv communicator (comm=0xfce2b0d77000)
node1:65:75 [0] NCCL INFO NET/IB: ncclIbRecvCommInit: Receive work requests will be posted on-demand
node1:65:75 [0] NCCL INFO NET/IB: Subnet-aware routing: overriding dev 5 with dev 3
node1:65:75 [0] NCCL INFO NET/IB: ncclIbReceiverQpsCreateToRts: QP created: port=1 dev=3 devName=roceP2p1s0f1 ndevs=4 nmdevs=6 qp_num=2417 pkey=0 pd=0xfce2b034d430 oooRq=0
node1:65:75 [0] NCCL INFO NET/IB: ncclIbReceiverQpsCreateToRts: QP created: port=1 dev=3 devName=roceP2p1s0f1 ndevs=4 nmdevs=6 qp_num=2418 pkey=0 pd=0xfce2b034d430 oooRq=0
node1:65:75 [0] NCCL INFO NET/IB: ncclIbReceiverQpsCreateToRts: Flush QP created: port=1 dev=3 devName=roceP2p1s0f1 ndevs=4 nmdevs=6 qp_num=2419 pkey=0 pd=0xfce2b034d430
node1:65:75 [0] NCCL INFO NET/IB: Subnet-aware routing: overriding dev 4 with dev 1
node1:65:75 [0] NCCL INFO NET/IB: ncclIbReceiverQpsCreateToRts: QP created: port=1 dev=1 devName=rocep1s0f1 ndevs=4 nmdevs=6 qp_num=15342 pkey=0 pd=0xfce2b01faf70 oooRq=0
node1:65:75 [0] NCCL INFO NET/IB: ncclIbReceiverQpsCreateToRts: QP created: port=1 dev=1 devName=rocep1s0f1 ndevs=4 nmdevs=6 qp_num=15343 pkey=0 pd=0xfce2b01faf70 oooRq=0
node1:65:75 [0] NCCL INFO NET/IB: ncclIbReceiverQpsCreateToRts: Flush QP created: port=1 dev=1 devName=rocep1s0f1 ndevs=4 nmdevs=6 qp_num=15344 pkey=0 pd=0xfce2b01faf70
node1:65:75 [0] NCCL INFO NET/IB: Subnet-aware routing: overriding dev 5 with dev 2
node1:65:75 [0] NCCL INFO NET/IB: Subnet-aware routing: overriding dev 4 with dev 0
node1:65:75 [0] NCCL INFO NET/IB: Subnet-aware routing: overriding dev 5 with dev 2
node1:65:75 [0] NCCL INFO NET/IB: Subnet-aware routing: overriding dev 4 with dev 0
node1:65:75 [0] NCCL INFO NET/IB: ncclIbResiliencyInit: Resiliency is disabled on the send communicator (comm=0xfce2b0eb7000)
node1:65:75 [0] NCCL INFO NET/IB: Subnet-aware routing: overriding dev 5 with dev 2
node1:65:75 [0] NCCL INFO NET/IB: ncclIbSenderQpsToRts: Set ECE: IbDev 2 Port 1 qp_num 1760 set_ece={supported=1, vendor_id=0x15b3, options=0x30000002, comp_mask=0x0}
node1:65:75 [0] NCCL INFO NET/IB: ncclIbSenderQpsToRts: Set ECE: IbDev 2 Port 1 qp_num 1761 set_ece={supported=1, vendor_id=0x15b3, options=0x30000002, comp_mask=0x0}
node1:65:75 [0] NCCL INFO NET/IB: Subnet-aware routing: overriding dev 4 with dev 0
node1:65:75 [0] NCCL INFO NET/IB: ncclIbSenderQpsCreate: QP created: port=1 dev=0 devName=rocep1s0f0 ndevs=4 nmdevs=6 qp_num=12098 pkey=0 pd=0xfce2b007dbd0 oooRq=0
node1:65:75 [0] NCCL INFO NET/IB: ncclIbSenderQpsCreate: QP created: port=1 dev=0 devName=rocep1s0f0 ndevs=4 nmdevs=6 qp_num=12099 pkey=0 pd=0xfce2b007dbd0 oooRq=0
node1:65:75 [0] NCCL INFO NET/IB: ncclIbConnectImpl: NCCL Dev 0 IbDev 0 Port 1 qp_num 12098 mtu 5 GID 6 (0/166A8C0FFFF0000) ctsFifoRkey=0x17f2af ctsFifoLkey=0x17f2af
node1:65:75 [0] NCCL INFO NET/IB: ncclIbConnectImpl: IbDev 0 Port 1 qp_num 12098 query_ece={supported=1, vendor_id=0x15b3, options=0x30000002, comp_mask=0x0}
node1:65:75 [0] NCCL INFO NET/IB: ncclIbConnectImpl: NCCL Dev 0 IbDev 0 Port 1 qp_num 12099 mtu 5 GID 6 (0/166A8C0FFFF0000) ctsFifoRkey=0x17f2af ctsFifoLkey=0x17f2af
node1:65:75 [0] NCCL INFO NET/IB: ncclIbConnectImpl: IbDev 0 Port 1 qp_num 12099 query_ece={supported=1, vendor_id=0x15b3, options=0x30000002, comp_mask=0x0}
node1:65:75 [0] NCCL INFO NET/IB: Subnet-aware routing: overriding dev 5 with dev 2
node1:65:75 [0] NCCL INFO NET/IB: ncclIbSenderQpsCreate: QP created: port=1 dev=2 devName=roceP2p1s0f0 ndevs=4 nmdevs=6 qp_num=1762 pkey=0 pd=0xfce2b01b6e80 oooRq=0
node1:65:75 [0] NCCL INFO NET/IB: ncclIbSenderQpsCreate: QP created: port=1 dev=2 devName=roceP2p1s0f0 ndevs=4 nmdevs=6 qp_num=1763 pkey=0 pd=0xfce2b01b6e80 oooRq=0
node1:65:75 [0] NCCL INFO NET/IB: ncclIbConnectImpl: NCCL Dev 2 IbDev 2 Port 1 qp_num 1762 mtu 5 GID 3 (0/170A8C0FFFF0000) ctsFifoRkey=0x195452 ctsFifoLkey=0x195452
node1:65:75 [0] NCCL INFO NET/IB: ncclIbConnectImpl: IbDev 2 Port 1 qp_num 1762 query_ece={supported=1, vendor_id=0x15b3, options=0x30000002, comp_mask=0x0}
node1:65:75 [0] NCCL INFO NET/IB: ncclIbConnectImpl: NCCL Dev 2 IbDev 2 Port 1 qp_num 1763 mtu 5 GID 3 (0/170A8C0FFFF0000) ctsFifoRkey=0x195452 ctsFifoLkey=0x195452
node1:65:75 [0] NCCL INFO NET/IB: ncclIbConnectImpl: IbDev 2 Port 1 qp_num 1763 query_ece={supported=1, vendor_id=0x15b3, options=0x30000002, comp_mask=0x0}
node1:65:75 [0] NCCL INFO NET/IB: Subnet-aware routing: overriding dev 4 with dev 0
node1:65:75 [0] NCCL INFO NET/IB: ncclIbResiliencyInit: Resiliency is disabled on the recv communicator (comm=0xfce2b0fab000)
node1:65:75 [0] NCCL INFO NET/IB: ncclIbRecvCommInit: Receive work requests will be posted on-demand
node1:65:75 [0] NCCL INFO NET/IB: Subnet-aware routing: overriding dev 5 with dev 3
node1:65:75 [0] NCCL INFO NET/IB: ncclIbReceiverQpsCreateToRts: QP created: port=1 dev=3 devName=roceP2p1s0f1 ndevs=4 nmdevs=6 qp_num=2420 pkey=0 pd=0xfce2b034d430 oooRq=0
node1:65:75 [0] NCCL INFO NET/IB: ncclIbReceiverQpsCreateToRts: QP created: port=1 dev=3 devName=roceP2p1s0f1 ndevs=4 nmdevs=6 qp_num=2421 pkey=0 pd=0xfce2b034d430 oooRq=0
node1:65:75 [0] NCCL INFO NET/IB: ncclIbReceiverQpsCreateToRts: Flush QP created: port=1 dev=3 devName=roceP2p1s0f1 ndevs=4 nmdevs=6 qp_num=2422 pkey=0 pd=0xfce2b034d430
node1:65:75 [0] NCCL INFO NET/IB: Subnet-aware routing: overriding dev 4 with dev 0
node1:65:75 [0] NCCL INFO NET/IB: Subnet-aware routing: overriding dev 5 with dev 2
node1:65:75 [0] NCCL INFO NET/IB: ncclIbSenderQpsToRts: Set ECE: IbDev 2 Port 1 qp_num 1762 set_ece={supported=1, vendor_id=0x15b3, options=0x30000002, comp_mask=0x0}
node1:65:75 [0] NCCL INFO NET/IB: ncclIbSenderQpsToRts: Set ECE: IbDev 2 Port 1 qp_num 1763 set_ece={supported=1, vendor_id=0x15b3, options=0x30000002, comp_mask=0x0}
node1:65:75 [0] NCCL INFO NET/IB: Subnet-aware routing: overriding dev 4 with dev 0
node1:65:75 [0] NCCL INFO NET/IB: ncclIbSenderQpsCreate: QP created: port=1 dev=0 devName=rocep1s0f0 ndevs=4 nmdevs=6 qp_num=12100 pkey=0 pd=0xfce2b007dbd0 oooRq=0
node1:65:75 [0] NCCL INFO NET/IB: ncclIbSenderQpsCreate: QP created: port=1 dev=0 devName=rocep1s0f0 ndevs=4 nmdevs=6 qp_num=12101 pkey=0 pd=0xfce2b007dbd0 oooRq=0
node1:65:75 [0] NCCL INFO NET/IB: ncclIbConnectImpl: NCCL Dev 0 IbDev 0 Port 1 qp_num 12100 mtu 5 GID 6 (0/166A8C0FFFF0000) ctsFifoRkey=0x180ac7 ctsFifoLkey=0x180ac7
node1:65:75 [0] NCCL INFO NET/IB: ncclIbConnectImpl: IbDev 0 Port 1 qp_num 12100 query_ece={supported=1, vendor_id=0x15b3, options=0x30000002, comp_mask=0x0}
node1:65:75 [0] NCCL INFO NET/IB: ncclIbConnectImpl: NCCL Dev 0 IbDev 0 Port 1 qp_num 12101 mtu 5 GID 6 (0/166A8C0FFFF0000) ctsFifoRkey=0x180ac7 ctsFifoLkey=0x180ac7
node1:65:75 [0] NCCL INFO NET/IB: ncclIbConnectImpl: IbDev 0 Port 1 qp_num 12101 query_ece={supported=1, vendor_id=0x15b3, options=0x30000002, comp_mask=0x0}
node1:65:75 [0] NCCL INFO NET/IB: Subnet-aware routing: overriding dev 5 with dev 2
node1:65:75 [0] NCCL INFO NET/IB: ncclIbResiliencyInit: Resiliency is disabled on the send communicator (comm=0xfce2b10c3000)
node1:65:75 [0] NCCL INFO NET/IB: Subnet-aware routing: overriding dev 4 with dev 0
node1:65:75 [0] NCCL INFO NET/IB: ncclIbSenderQpsToRts: Set ECE: IbDev 0 Port 1 qp_num 12098 set_ece={supported=1, vendor_id=0x15b3, options=0x30000002, comp_mask=0x0}
node1:65:75 [0] NCCL INFO NET/IB: ncclIbSenderQpsToRts: Set ECE: IbDev 0 Port 1 qp_num 12099 set_ece={supported=1, vendor_id=0x15b3, options=0x30000002, comp_mask=0x0}
node1:65:75 [0] NCCL INFO NET/IB: Subnet-aware routing: overriding dev 4 with dev 1
node1:65:75 [0] NCCL INFO NET/IB: ncclIbReceiverQpsCreateToRts: QP created: port=1 dev=1 devName=rocep1s0f1 ndevs=4 nmdevs=6 qp_num=15345 pkey=0 pd=0xfce2b01faf70 oooRq=0
node1:65:75 [0] NCCL INFO NET/IB: ncclIbReceiverQpsCreateToRts: QP created: port=1 dev=1 devName=rocep1s0f1 ndevs=4 nmdevs=6 qp_num=15346 pkey=0 pd=0xfce2b01faf70 oooRq=0
node1:65:75 [0] NCCL INFO NET/IB: ncclIbReceiverQpsCreateToRts: Flush QP created: port=1 dev=1 devName=rocep1s0f1 ndevs=4 nmdevs=6 qp_num=15347 pkey=0 pd=0xfce2b01faf70
node1:65:75 [0] NCCL INFO NET/IB: Subnet-aware routing: overriding dev 4 with dev 0
node1:65:75 [0] NCCL INFO NET/IB: ncclIbSenderQpsToRts: Set ECE: IbDev 0 Port 1 qp_num 12100 set_ece={supported=1, vendor_id=0x15b3, options=0x30000002, comp_mask=0x0}
node1:65:75 [0] NCCL INFO NET/IB: ncclIbSenderQpsToRts: Set ECE: IbDev 0 Port 1 qp_num 12101 set_ece={supported=1, vendor_id=0x15b3, options=0x30000002, comp_mask=0x0}
node1:65:75 [0] NCCL INFO NET/IB: Subnet-aware routing: overriding dev 5 with dev 2
node1:65:75 [0] NCCL INFO NET/IB: ncclIbResiliencyInit: Resiliency is disabled on the recv communicator (comm=0xfce2b117b000)
node1:65:75 [0] NCCL INFO NET/IB: ncclIbRecvCommInit: Receive work requests will be posted on-demand
node1:65:75 [0] NCCL INFO NET/IB: Subnet-aware routing: overriding dev 5 with dev 2
node1:65:75 [0] NCCL INFO NET/IB: Subnet-aware routing: overriding dev 4 with dev 0
node1:65:75 [0] NCCL INFO NET/IB: ncclIbResiliencyInit: Resiliency is disabled on the send communicator (comm=0xfce2b11c3000)
node1:65:75 [0] NCCL INFO NET/IB: Subnet-aware routing: overriding dev 5 with dev 3
node1:65:75 [0] NCCL INFO NET/IB: ncclIbReceiverQpsCreateToRts: QP created: port=1 dev=3 devName=roceP2p1s0f1 ndevs=4 nmdevs=6 qp_num=2423 pkey=0 pd=0xfce2b034d430 oooRq=0
node1:65:75 [0] NCCL INFO NET/IB: ncclIbReceiverQpsCreateToRts: QP created: port=1 dev=3 devName=roceP2p1s0f1 ndevs=4 nmdevs=6 qp_num=2424 pkey=0 pd=0xfce2b034d430 oooRq=0
node1:65:75 [0] NCCL INFO NET/IB: ncclIbReceiverQpsCreateToRts: Flush QP created: port=1 dev=3 devName=roceP2p1s0f1 ndevs=4 nmdevs=6 qp_num=2425 pkey=0 pd=0xfce2b034d430
node1:65:75 [0] NCCL INFO NET/IB: Subnet-aware routing: overriding dev 5 with dev 2
node1:65:75 [0] NCCL INFO NET/IB: ncclIbSenderQpsCreate: QP created: port=1 dev=2 devName=roceP2p1s0f0 ndevs=4 nmdevs=6 qp_num=1764 pkey=0 pd=0xfce2b01b6e80 oooRq=0
node1:65:75 [0] NCCL INFO NET/IB: ncclIbSenderQpsCreate: QP created: port=1 dev=2 devName=roceP2p1s0f0 ndevs=4 nmdevs=6 qp_num=1765 pkey=0 pd=0xfce2b01b6e80 oooRq=0
node1:65:75 [0] NCCL INFO NET/IB: ncclIbConnectImpl: NCCL Dev 2 IbDev 2 Port 1 qp_num 1764 mtu 5 GID 3 (0/170A8C0FFFF0000) ctsFifoRkey=0x19adaa ctsFifoLkey=0x19adaa
node1:65:75 [0] NCCL INFO NET/IB: ncclIbConnectImpl: IbDev 2 Port 1 qp_num 1764 query_ece={supported=1, vendor_id=0x15b3, options=0x30000002, comp_mask=0x0}
node1:65:75 [0] NCCL INFO NET/IB: ncclIbConnectImpl: NCCL Dev 2 IbDev 2 Port 1 qp_num 1765 mtu 5 GID 3 (0/170A8C0FFFF0000) ctsFifoRkey=0x19adaa ctsFifoLkey=0x19adaa
node1:65:75 [0] NCCL INFO NET/IB: ncclIbConnectImpl: IbDev 2 Port 1 qp_num 1765 query_ece={supported=1, vendor_id=0x15b3, options=0x30000002, comp_mask=0x0}
node1:65:75 [0] NCCL INFO NET/IB: Subnet-aware routing: overriding dev 4 with dev 0
node1:65:75 [0] NCCL INFO NET/IB: ncclIbResiliencyInit: Resiliency is disabled on the recv communicator (comm=0xfce2b12d8000)
node1:65:75 [0] NCCL INFO NET/IB: ncclIbRecvCommInit: Receive work requests will be posted on-demand
node1:65:75 [0] NCCL INFO NET/IB: Subnet-aware routing: overriding dev 5 with dev 2
node1:65:75 [0] NCCL INFO NET/IB: Subnet-aware routing: overriding dev 4 with dev 0
node1:65:75 [0] NCCL INFO NET/IB: Subnet-aware routing: overriding dev 5 with dev 2
node1:65:75 [0] NCCL INFO NET/IB: ncclIbResiliencyInit: Resiliency is disabled on the send communicator (comm=0xfce2b1320000)
node1:65:75 [0] NCCL INFO NET/IB: Subnet-aware routing: overriding dev 5 with dev 2
node1:65:75 [0] NCCL INFO NET/IB: Subnet-aware routing: overriding dev 4 with dev 0
node1:65:75 [0] NCCL INFO NET/IB: Subnet-aware routing: overriding dev 5 with dev 2
node1:65:75 [0] NCCL INFO NET/IB: ncclIbResiliencyInit: Resiliency is disabled on the recv communicator (comm=0xfce2b1364000)
node1:65:75 [0] NCCL INFO NET/IB: ncclIbRecvCommInit: Receive work requests will be posted on-demand
node1:65:75 [0] NCCL INFO NET/IB: Subnet-aware routing: overriding dev 5 with dev 2
node1:65:75 [0] NCCL INFO NET/IB: Subnet-aware routing: overriding dev 4 with dev 0
node1:65:75 [0] NCCL INFO NET/IB: Subnet-aware routing: overriding dev 5 with dev 2
node1:65:75 [0] NCCL INFO NET/IB: Subnet-aware routing: overriding dev 4 with dev 0
node1:65:75 [0] NCCL INFO NET/IB: ncclIbResiliencyInit: Resiliency is disabled on the send communicator (comm=0xfce2b13ac000)
node1:65:75 [0] NCCL INFO NET/IB: Subnet-aware routing: overriding dev 5 with dev 2
node1:65:75 [0] NCCL INFO NET/IB: Subnet-aware routing: overriding dev 4 with dev 0
node1:65:75 [0] NCCL INFO NET/IB: Subnet-aware routing: overriding dev 5 with dev 2
node1:65:75 [0] NCCL INFO NET/IB: Subnet-aware routing: overriding dev 4 with dev 0
node1:65:75 [0] NCCL INFO NET/IB: ncclIbResiliencyInit: Resiliency is disabled on the recv communicator (comm=0xfce2b13f0000)
node1:65:75 [0] NCCL INFO NET/IB: ncclIbRecvCommInit: Receive work requests will be posted on-demand
node1:65:75 [0] NCCL INFO NET/IB: Subnet-aware routing: overriding dev 5 with dev 2
node1:65:75 [0] NCCL INFO NET/IB: ncclIbSenderQpsToRts: Set ECE: IbDev 2 Port 1 qp_num 1764 set_ece={supported=1, vendor_id=0x15b3, options=0x30000002, comp_mask=0x0}
node1:65:75 [0] NCCL INFO NET/IB: ncclIbSenderQpsToRts: Set ECE: IbDev 2 Port 1 qp_num 1765 set_ece={supported=1, vendor_id=0x15b3, options=0x30000002, comp_mask=0x0}
node1:65:75 [0] NCCL INFO NET/IB: Subnet-aware routing: overriding dev 4 with dev 0
node1:65:75 [0] NCCL INFO NET/IB: ncclIbSenderQpsCreate: QP created: port=1 dev=0 devName=rocep1s0f0 ndevs=4 nmdevs=6 qp_num=12102 pkey=0 pd=0xfce2b007dbd0 oooRq=0
node1:65:75 [0] NCCL INFO NET/IB: ncclIbSenderQpsCreate: QP created: port=1 dev=0 devName=rocep1s0f0 ndevs=4 nmdevs=6 qp_num=12103 pkey=0 pd=0xfce2b007dbd0 oooRq=0
node1:65:75 [0] NCCL INFO NET/IB: ncclIbConnectImpl: NCCL Dev 0 IbDev 0 Port 1 qp_num 12102 mtu 5 GID 6 (0/166A8C0FFFF0000) ctsFifoRkey=0x154906 ctsFifoLkey=0x154906
node1:65:75 [0] NCCL INFO NET/IB: ncclIbConnectImpl: IbDev 0 Port 1 qp_num 12102 query_ece={supported=1, vendor_id=0x15b3, options=0x30000002, comp_mask=0x0}
node1:65:75 [0] NCCL INFO NET/IB: ncclIbConnectImpl: NCCL Dev 0 IbDev 0 Port 1 qp_num 12103 mtu 5 GID 6 (0/166A8C0FFFF0000) ctsFifoRkey=0x154906 ctsFifoLkey=0x154906
node1:65:75 [0] NCCL INFO NET/IB: ncclIbConnectImpl: IbDev 0 Port 1 qp_num 12103 query_ece={supported=1, vendor_id=0x15b3, options=0x30000002, comp_mask=0x0}
node1:65:75 [0] NCCL INFO NET/IB: Subnet-aware routing: overriding dev 5 with dev 2
node1:65:75 [0] NCCL INFO NET/IB: ncclIbSenderQpsCreate: QP created: port=1 dev=2 devName=roceP2p1s0f0 ndevs=4 nmdevs=6 qp_num=1766 pkey=0 pd=0xfce2b01b6e80 oooRq=0
node1:65:75 [0] NCCL INFO NET/IB: ncclIbSenderQpsCreate: QP created: port=1 dev=2 devName=roceP2p1s0f0 ndevs=4 nmdevs=6 qp_num=1767 pkey=0 pd=0xfce2b01b6e80 oooRq=0
node1:65:75 [0] NCCL INFO NET/IB: ncclIbConnectImpl: NCCL Dev 2 IbDev 2 Port 1 qp_num 1766 mtu 5 GID 3 (0/170A8C0FFFF0000) ctsFifoRkey=0x18e2e0 ctsFifoLkey=0x18e2e0
node1:65:75 [0] NCCL INFO NET/IB: ncclIbConnectImpl: IbDev 2 Port 1 qp_num 1766 query_ece={supported=1, vendor_id=0x15b3, options=0x30000002, comp_mask=0x0}
node1:65:75 [0] NCCL INFO NET/IB: ncclIbConnectImpl: NCCL Dev 2 IbDev 2 Port 1 qp_num 1767 mtu 5 GID 3 (0/170A8C0FFFF0000) ctsFifoRkey=0x18e2e0 ctsFifoLkey=0x18e2e0
node1:65:75 [0] NCCL INFO NET/IB: ncclIbConnectImpl: IbDev 2 Port 1 qp_num 1767 query_ece={supported=1, vendor_id=0x15b3, options=0x30000002, comp_mask=0x0}
node1:65:75 [0] NCCL INFO NET/IB: Subnet-aware routing: overriding dev 4 with dev 0
node1:65:75 [0] NCCL INFO NET/IB: Subnet-aware routing: overriding dev 5 with dev 2
node1:65:75 [0] NCCL INFO NET/IB: ncclIbResiliencyInit: Resiliency is disabled on the send communicator (comm=0xfce2b14ea000)
node1:65:75 [0] NCCL INFO NET/IB: Subnet-aware routing: overriding dev 4 with dev 1
node1:65:75 [0] NCCL INFO NET/IB: ncclIbReceiverQpsCreateToRts: QP created: port=1 dev=1 devName=rocep1s0f1 ndevs=4 nmdevs=6 qp_num=15348 pkey=0 pd=0xfce2b01faf70 oooRq=0
node1:65:75 [0] NCCL INFO NET/IB: ncclIbReceiverQpsCreateToRts: QP created: port=1 dev=1 devName=rocep1s0f1 ndevs=4 nmdevs=6 qp_num=15349 pkey=0 pd=0xfce2b01faf70 oooRq=0
node1:65:75 [0] NCCL INFO NET/IB: ncclIbReceiverQpsCreateToRts: Flush QP created: port=1 dev=1 devName=rocep1s0f1 ndevs=4 nmdevs=6 qp_num=15350 pkey=0 pd=0xfce2b01faf70
node1:65:75 [0] NCCL INFO NET/IB: Subnet-aware routing: overriding dev 4 with dev 0
node1:65:75 [0] NCCL INFO NET/IB: Subnet-aware routing: overriding dev 5 with dev 2
node1:65:75 [0] NCCL INFO NET/IB: Subnet-aware routing: overriding dev 4 with dev 0
node1:65:75 [0] NCCL INFO NET/IB: Subnet-aware routing: overriding dev 5 with dev 2
node1:65:75 [0] NCCL INFO NET/IB: ncclIbResiliencyInit: Resiliency is disabled on the recv communicator (comm=0xfce2b15ab000)
node1:65:75 [0] NCCL INFO NET/IB: ncclIbRecvCommInit: Receive work requests will be posted on-demand
node1:65:75 [0] NCCL INFO NET/IB: Subnet-aware routing: overriding dev 4 with dev 0
node1:65:75 [0] NCCL INFO NET/IB: ncclIbSenderQpsToRts: Set ECE: IbDev 0 Port 1 qp_num 12102 set_ece={supported=1, vendor_id=0x15b3, options=0x30000002, comp_mask=0x0}
node1:65:75 [0] NCCL INFO NET/IB: ncclIbSenderQpsToRts: Set ECE: IbDev 0 Port 1 qp_num 12103 set_ece={supported=1, vendor_id=0x15b3, options=0x30000002, comp_mask=0x0}
node1:65:75 [0] NCCL INFO NET/IB: Subnet-aware routing: overriding dev 5 with dev 2
node1:65:75 [0] NCCL INFO NET/IB: ncclIbSenderQpsToRts: Set ECE: IbDev 2 Port 1 qp_num 1766 set_ece={supported=1, vendor_id=0x15b3, options=0x30000002, comp_mask=0x0}
node1:65:75 [0] NCCL INFO NET/IB: ncclIbSenderQpsToRts: Set ECE: IbDev 2 Port 1 qp_num 1767 set_ece={supported=1, vendor_id=0x15b3, options=0x30000002, comp_mask=0x0}
node1:65:75 [0] NCCL INFO NET/IB: Subnet-aware routing: overriding dev 4 with dev 0
node1:65:75 [0] NCCL INFO NET/IB: ncclIbSenderQpsCreate: QP created: port=1 dev=0 devName=rocep1s0f0 ndevs=4 nmdevs=6 qp_num=12104 pkey=0 pd=0xfce2b007dbd0 oooRq=0
node1:65:75 [0] NCCL INFO NET/IB: ncclIbSenderQpsCreate: QP created: port=1 dev=0 devName=rocep1s0f0 ndevs=4 nmdevs=6 qp_num=12105 pkey=0 pd=0xfce2b007dbd0 oooRq=0
node1:65:75 [0] NCCL INFO NET/IB: ncclIbConnectImpl: NCCL Dev 0 IbDev 0 Port 1 qp_num 12104 mtu 5 GID 6 (0/166A8C0FFFF0000) ctsFifoRkey=0x1636e9 ctsFifoLkey=0x1636e9
node1:65:75 [0] NCCL INFO NET/IB: ncclIbConnectImpl: IbDev 0 Port 1 qp_num 12104 query_ece={supported=1, vendor_id=0x15b3, options=0x30000002, comp_mask=0x0}
node1:65:75 [0] NCCL INFO NET/IB: ncclIbConnectImpl: NCCL Dev 0 IbDev 0 Port 1 qp_num 12105 mtu 5 GID 6 (0/166A8C0FFFF0000) ctsFifoRkey=0x1636e9 ctsFifoLkey=0x1636e9
node1:65:75 [0] NCCL INFO NET/IB: ncclIbConnectImpl: IbDev 0 Port 1 qp_num 12105 query_ece={supported=1, vendor_id=0x15b3, options=0x30000002, comp_mask=0x0}
node1:65:75 [0] NCCL INFO NET/IB: Subnet-aware routing: overriding dev 5 with dev 2
node1:65:75 [0] NCCL INFO NET/IB: Subnet-aware routing: overriding dev 4 with dev 0
node1:65:75 [0] NCCL INFO NET/IB: ncclIbResiliencyInit: Resiliency is disabled on the send communicator (comm=0xfce2b1648000)
node1:65:75 [0] NCCL INFO NET/IB: Subnet-aware routing: overriding dev 5 with dev 3
node1:65:75 [0] NCCL INFO NET/IB: ncclIbReceiverQpsCreateToRts: QP created: port=1 dev=3 devName=roceP2p1s0f1 ndevs=4 nmdevs=6 qp_num=2426 pkey=0 pd=0xfce2b034d430 oooRq=0
node1:65:75 [0] NCCL INFO NET/IB: ncclIbReceiverQpsCreateToRts: QP created: port=1 dev=3 devName=roceP2p1s0f1 ndevs=4 nmdevs=6 qp_num=2427 pkey=0 pd=0xfce2b034d430 oooRq=0
node1:65:75 [0] NCCL INFO NET/IB: ncclIbReceiverQpsCreateToRts: Flush QP created: port=1 dev=3 devName=roceP2p1s0f1 ndevs=4 nmdevs=6 qp_num=2428 pkey=0 pd=0xfce2b034d430
node1:65:75 [0] NCCL INFO NET/IB: Subnet-aware routing: overriding dev 4 with dev 1
node1:65:75 [0] NCCL INFO NET/IB: ncclIbReceiverQpsCreateToRts: QP created: port=1 dev=1 devName=rocep1s0f1 ndevs=4 nmdevs=6 qp_num=15351 pkey=0 pd=0xfce2b01faf70 oooRq=0
node1:65:75 [0] NCCL INFO NET/IB: ncclIbReceiverQpsCreateToRts: QP created: port=1 dev=1 devName=rocep1s0f1 ndevs=4 nmdevs=6 qp_num=15352 pkey=0 pd=0xfce2b01faf70 oooRq=0
node1:65:75 [0] NCCL INFO NET/IB: ncclIbReceiverQpsCreateToRts: Flush QP created: port=1 dev=1 devName=rocep1s0f1 ndevs=4 nmdevs=6 qp_num=15353 pkey=0 pd=0xfce2b01faf70
node1:65:75 [0] NCCL INFO NET/IB: Subnet-aware routing: overriding dev 4 with dev 0
node1:65:75 [0] NCCL INFO NET/IB: ncclIbSenderQpsToRts: Set ECE: IbDev 0 Port 1 qp_num 12104 set_ece={supported=1, vendor_id=0x15b3, options=0x30000002, comp_mask=0x0}
node1:65:75 [0] NCCL INFO NET/IB: ncclIbSenderQpsToRts: Set ECE: IbDev 0 Port 1 qp_num 12105 set_ece={supported=1, vendor_id=0x15b3, options=0x30000002, comp_mask=0x0}
node1:65:75 [0] NCCL INFO NET/IB: Subnet-aware routing: overriding dev 5 with dev 2
node1:65:75 [0] NCCL INFO NET/IB: Subnet-aware routing: overriding dev 4 with dev 0
node1:65:75 [0] NCCL INFO NET/IB: ncclIbResiliencyInit: Resiliency is disabled on the recv communicator (comm=0xfce2b1781000)
node1:65:75 [0] NCCL INFO NET/IB: ncclIbRecvCommInit: Receive work requests will be posted on-demand
node1:65:75 [0] NCCL INFO NET/IB: Subnet-aware routing: overriding dev 5 with dev 2
node1:65:75 [0] NCCL INFO NET/IB: Subnet-aware routing: overriding dev 4 with dev 0
node1:65:75 [0] NCCL INFO NET/IB: Subnet-aware routing: overriding dev 5 with dev 2
node1:65:75 [0] NCCL INFO NET/IB: ncclIbResiliencyInit: Resiliency is disabled on the send communicator (comm=0xfce2b17c9000)
node1:65:75 [0] NCCL INFO NET/IB: Subnet-aware routing: overriding dev 5 with dev 2
node1:65:75 [0] NCCL INFO NET/IB: ncclIbSenderQpsCreate: QP created: port=1 dev=2 devName=roceP2p1s0f0 ndevs=4 nmdevs=6 qp_num=1768 pkey=0 pd=0xfce2b01b6e80 oooRq=0
node1:65:75 [0] NCCL INFO NET/IB: ncclIbSenderQpsCreate: QP created: port=1 dev=2 devName=roceP2p1s0f0 ndevs=4 nmdevs=6 qp_num=1769 pkey=0 pd=0xfce2b01b6e80 oooRq=0
node1:65:75 [0] NCCL INFO NET/IB: ncclIbConnectImpl: NCCL Dev 2 IbDev 2 Port 1 qp_num 1768 mtu 5 GID 3 (0/170A8C0FFFF0000) ctsFifoRkey=0x19605e ctsFifoLkey=0x19605e
node1:65:75 [0] NCCL INFO NET/IB: ncclIbConnectImpl: IbDev 2 Port 1 qp_num 1768 query_ece={supported=1, vendor_id=0x15b3, options=0x30000002, comp_mask=0x0}
node1:65:75 [0] NCCL INFO NET/IB: ncclIbConnectImpl: NCCL Dev 2 IbDev 2 Port 1 qp_num 1769 mtu 5 GID 3 (0/170A8C0FFFF0000) ctsFifoRkey=0x19605e ctsFifoLkey=0x19605e
node1:65:75 [0] NCCL INFO NET/IB: ncclIbConnectImpl: IbDev 2 Port 1 qp_num 1769 query_ece={supported=1, vendor_id=0x15b3, options=0x30000002, comp_mask=0x0}
node1:65:75 [0] NCCL INFO NET/IB: Subnet-aware routing: overriding dev 4 with dev 0
node1:65:75 [0] NCCL INFO NET/IB: ncclIbSenderQpsCreate: QP created: port=1 dev=0 devName=rocep1s0f0 ndevs=4 nmdevs=6 qp_num=12106 pkey=0 pd=0xfce2b007dbd0 oooRq=0
node1:65:75 [0] NCCL INFO NET/IB: ncclIbSenderQpsCreate: QP created: port=1 dev=0 devName=rocep1s0f0 ndevs=4 nmdevs=6 qp_num=12107 pkey=0 pd=0xfce2b007dbd0 oooRq=0
node1:65:75 [0] NCCL INFO NET/IB: ncclIbConnectImpl: NCCL Dev 0 IbDev 0 Port 1 qp_num 12106 mtu 5 GID 6 (0/166A8C0FFFF0000) ctsFifoRkey=0x1ba817 ctsFifoLkey=0x1ba817
node1:65:75 [0] NCCL INFO NET/IB: ncclIbConnectImpl: IbDev 0 Port 1 qp_num 12106 query_ece={supported=1, vendor_id=0x15b3, options=0x30000002, comp_mask=0x0}
node1:65:75 [0] NCCL INFO NET/IB: ncclIbConnectImpl: NCCL Dev 0 IbDev 0 Port 1 qp_num 12107 mtu 5 GID 6 (0/166A8C0FFFF0000) ctsFifoRkey=0x1ba817 ctsFifoLkey=0x1ba817
node1:65:75 [0] NCCL INFO NET/IB: ncclIbConnectImpl: IbDev 0 Port 1 qp_num 12107 query_ece={supported=1, vendor_id=0x15b3, options=0x30000002, comp_mask=0x0}
node1:65:75 [0] NCCL INFO NET/IB: Subnet-aware routing: overriding dev 5 with dev 2
node1:65:75 [0] NCCL INFO NET/IB: ncclIbResiliencyInit: Resiliency is disabled on the recv communicator (comm=0xfce2b18bb000)
node1:65:75 [0] NCCL INFO NET/IB: ncclIbRecvCommInit: Receive work requests will be posted on-demand
node1:65:75 [0] NCCL INFO NET/IB: Subnet-aware routing: overriding dev 5 with dev 2
node1:65:75 [0] NCCL INFO NET/IB: Subnet-aware routing: overriding dev 4 with dev 0
node1:65:75 [0] NCCL INFO NET/IB: Subnet-aware routing: overriding dev 5 with dev 2
node1:65:75 [0] NCCL INFO NET/IB: Subnet-aware routing: overriding dev 4 with dev 0
node1:65:75 [0] NCCL INFO NET/IB: ncclIbResiliencyInit: Resiliency is disabled on the send communicator (comm=0xfce2b1903000)
node1:65:75 [0] NCCL INFO NET/IB: Subnet-aware routing: overriding dev 5 with dev 3
node1:65:75 [0] NCCL INFO NET/IB: ncclIbReceiverQpsCreateToRts: QP created: port=1 dev=3 devName=roceP2p1s0f1 ndevs=4 nmdevs=6 qp_num=2429 pkey=0 pd=0xfce2b034d430 oooRq=0
node1:65:75 [0] NCCL INFO NET/IB: ncclIbReceiverQpsCreateToRts: QP created: port=1 dev=3 devName=roceP2p1s0f1 ndevs=4 nmdevs=6 qp_num=2430 pkey=0 pd=0xfce2b034d430 oooRq=0
node1:65:75 [0] NCCL INFO NET/IB: ncclIbReceiverQpsCreateToRts: Flush QP created: port=1 dev=3 devName=roceP2p1s0f1 ndevs=4 nmdevs=6 qp_num=2431 pkey=0 pd=0xfce2b034d430
node1:65:75 [0] NCCL INFO NET/IB: Subnet-aware routing: overriding dev 5 with dev 2
node1:65:75 [0] NCCL INFO NET/IB: ncclIbSenderQpsToRts: Set ECE: IbDev 2 Port 1 qp_num 1768 set_ece={supported=1, vendor_id=0x15b3, options=0x30000002, comp_mask=0x0}
node1:65:75 [0] NCCL INFO NET/IB: ncclIbSenderQpsToRts: Set ECE: IbDev 2 Port 1 qp_num 1769 set_ece={supported=1, vendor_id=0x15b3, options=0x30000002, comp_mask=0x0}
node1:65:75 [0] NCCL INFO NET/IB: Subnet-aware routing: overriding dev 4 with dev 0
node1:65:75 [0] NCCL INFO NET/IB: ncclIbSenderQpsToRts: Set ECE: IbDev 0 Port 1 qp_num 12106 set_ece={supported=1, vendor_id=0x15b3, options=0x30000002, comp_mask=0x0}
node1:65:75 [0] NCCL INFO NET/IB: ncclIbSenderQpsToRts: Set ECE: IbDev 0 Port 1 qp_num 12107 set_ece={supported=1, vendor_id=0x15b3, options=0x30000002, comp_mask=0x0}
node1:65:75 [0] NCCL INFO NET/IB: Subnet-aware routing: overriding dev 5 with dev 2
node1:65:75 [0] NCCL INFO NET/IB: ncclIbSenderQpsCreate: QP created: port=1 dev=2 devName=roceP2p1s0f0 ndevs=4 nmdevs=6 qp_num=1770 pkey=0 pd=0xfce2b01b6e80 oooRq=0
node1:65:75 [0] NCCL INFO NET/IB: ncclIbSenderQpsCreate: QP created: port=1 dev=2 devName=roceP2p1s0f0 ndevs=4 nmdevs=6 qp_num=1771 pkey=0 pd=0xfce2b01b6e80 oooRq=0
node1:65:75 [0] NCCL INFO NET/IB: ncclIbConnectImpl: NCCL Dev 2 IbDev 2 Port 1 qp_num 1770 mtu 5 GID 3 (0/170A8C0FFFF0000) ctsFifoRkey=0x188481 ctsFifoLkey=0x188481
node1:65:75 [0] NCCL INFO NET/IB: ncclIbConnectImpl: IbDev 2 Port 1 qp_num 1770 query_ece={supported=1, vendor_id=0x15b3, options=0x30000002, comp_mask=0x0}
node1:65:75 [0] NCCL INFO NET/IB: ncclIbConnectImpl: NCCL Dev 2 IbDev 2 Port 1 qp_num 1771 mtu 5 GID 3 (0/170A8C0FFFF0000) ctsFifoRkey=0x188481 ctsFifoLkey=0x188481
node1:65:75 [0] NCCL INFO NET/IB: ncclIbConnectImpl: IbDev 2 Port 1 qp_num 1771 query_ece={supported=1, vendor_id=0x15b3, options=0x30000002, comp_mask=0x0}
node1:65:75 [0] NCCL INFO NET/IB: Subnet-aware routing: overriding dev 4 with dev 0
node1:65:75 [0] NCCL INFO NET/IB: ncclIbResiliencyInit: Resiliency is disabled on the recv communicator (comm=0xfce2b1a19000)
node1:65:75 [0] NCCL INFO NET/IB: ncclIbRecvCommInit: Receive work requests will be posted on-demand
node1:65:75 [0] NCCL INFO NET/IB: Subnet-aware routing: overriding dev 5 with dev 2
node1:65:75 [0] NCCL INFO NET/IB: Subnet-aware routing: overriding dev 4 with dev 0
node1:65:75 [0] NCCL INFO NET/IB: Subnet-aware routing: overriding dev 5 with dev 2
node1:65:75 [0] NCCL INFO NET/IB: ncclIbResiliencyInit: Resiliency is disabled on the send communicator (comm=0xfce2b1a61000)
node1:65:75 [0] NCCL INFO NET/IB: Subnet-aware routing: overriding dev 5 with dev 2
node1:65:75 [0] NCCL INFO NET/IB: Subnet-aware routing: overriding dev 4 with dev 0
node1:65:75 [0] NCCL INFO NET/IB: Subnet-aware routing: overriding dev 5 with dev 2
node1:65:75 [0] NCCL INFO NET/IB: ncclIbResiliencyInit: Resiliency is disabled on the recv communicator (comm=0xfce2b1aa5000)
node1:65:75 [0] NCCL INFO NET/IB: ncclIbRecvCommInit: Receive work requests will be posted on-demand
node1:65:75 [0] NCCL INFO NET/IB: Subnet-aware routing: overriding dev 4 with dev 1
node1:65:75 [0] NCCL INFO NET/IB: ncclIbReceiverQpsCreateToRts: QP created: port=1 dev=1 devName=rocep1s0f1 ndevs=4 nmdevs=6 qp_num=15354 pkey=0 pd=0xfce2b01faf70 oooRq=0
node1:65:75 [0] NCCL INFO NET/IB: ncclIbReceiverQpsCreateToRts: QP created: port=1 dev=1 devName=rocep1s0f1 ndevs=4 nmdevs=6 qp_num=15355 pkey=0 pd=0xfce2b01faf70 oooRq=0
node1:65:75 [0] NCCL INFO NET/IB: ncclIbReceiverQpsCreateToRts: Flush QP created: port=1 dev=1 devName=rocep1s0f1 ndevs=4 nmdevs=6 qp_num=15356 pkey=0 pd=0xfce2b01faf70
node1:65:75 [0] NCCL INFO NET/IB: Subnet-aware routing: overriding dev 5 with dev 2
node1:65:75 [0] NCCL INFO NET/IB: ncclIbSenderQpsToRts: Set ECE: IbDev 2 Port 1 qp_num 1770 set_ece={supported=1, vendor_id=0x15b3, options=0x30000002, comp_mask=0x0}
node1:65:75 [0] NCCL INFO NET/IB: ncclIbSenderQpsToRts: Set ECE: IbDev 2 Port 1 qp_num 1771 set_ece={supported=1, vendor_id=0x15b3, options=0x30000002, comp_mask=0x0}
node1:65:75 [0] NCCL INFO NET/IB: Subnet-aware routing: overriding dev 4 with dev 0
node1:65:75 [0] NCCL INFO NET/IB: Subnet-aware routing: overriding dev 5 with dev 2
node1:65:75 [0] NCCL INFO NET/IB: Subnet-aware routing: overriding dev 4 with dev 0
node1:65:75 [0] NCCL INFO NET/IB: ncclIbResiliencyInit: Resiliency is disabled on the send communicator (comm=0xfce2b1b67000)
node1:65:75 [0] NCCL INFO NET/IB: Subnet-aware routing: overriding dev 4 with dev 0
node1:65:75 [0] NCCL INFO NET/IB: Subnet-aware routing: overriding dev 5 with dev 2
node1:65:75 [0] NCCL INFO NET/IB: Subnet-aware routing: overriding dev 4 with dev 0
node1:65:75 [0] NCCL INFO NET/IB: ncclIbResiliencyInit: Resiliency is disabled on the recv communicator (comm=0xfce2b1bab000)
node1:65:75 [0] NCCL INFO NET/IB: ncclIbRecvCommInit: Receive work requests will be posted on-demand
node1:65:75 [0] NCCL INFO NET/IB: Subnet-aware routing: overriding dev 5 with dev 3
node1:65:75 [0] NCCL INFO NET/IB: ncclIbReceiverQpsCreateToRts: QP created: port=1 dev=3 devName=roceP2p1s0f1 ndevs=4 nmdevs=6 qp_num=2432 pkey=0 pd=0xfce2b034d430 oooRq=0
node1:65:75 [0] NCCL INFO NET/IB: ncclIbReceiverQpsCreateToRts: QP created: port=1 dev=3 devName=roceP2p1s0f1 ndevs=4 nmdevs=6 qp_num=2433 pkey=0 pd=0xfce2b034d430 oooRq=0
node1:65:75 [0] NCCL INFO NET/IB: ncclIbReceiverQpsCreateToRts: Flush QP created: port=1 dev=3 devName=roceP2p1s0f1 ndevs=4 nmdevs=6 qp_num=2434 pkey=0 pd=0xfce2b034d430
node1:65:75 [0] NCCL INFO NET/IB: Subnet-aware routing: overriding dev 4 with dev 0
node1:65:75 [0] NCCL INFO NET/IB: ncclIbSenderQpsCreate: QP created: port=1 dev=0 devName=rocep1s0f0 ndevs=4 nmdevs=6 qp_num=12108 pkey=0 pd=0xfce2b007dbd0 oooRq=0
node1:65:75 [0] NCCL INFO NET/IB: ncclIbSenderQpsCreate: QP created: port=1 dev=0 devName=rocep1s0f0 ndevs=4 nmdevs=6 qp_num=12109 pkey=0 pd=0xfce2b007dbd0 oooRq=0
node1:65:75 [0] NCCL INFO NET/IB: ncclIbConnectImpl: NCCL Dev 0 IbDev 0 Port 1 qp_num 12108 mtu 5 GID 6 (0/166A8C0FFFF0000) ctsFifoRkey=0x157d3c ctsFifoLkey=0x157d3c
node1:65:75 [0] NCCL INFO NET/IB: ncclIbConnectImpl: IbDev 0 Port 1 qp_num 12108 query_ece={supported=1, vendor_id=0x15b3, options=0x30000002, comp_mask=0x0}
node1:65:75 [0] NCCL INFO NET/IB: ncclIbConnectImpl: NCCL Dev 0 IbDev 0 Port 1 qp_num 12109 mtu 5 GID 6 (0/166A8C0FFFF0000) ctsFifoRkey=0x157d3c ctsFifoLkey=0x157d3c
node1:65:75 [0] NCCL INFO NET/IB: ncclIbConnectImpl: IbDev 0 Port 1 qp_num 12109 query_ece={supported=1, vendor_id=0x15b3, options=0x30000002, comp_mask=0x0}
node1:65:75 [0] NCCL INFO NET/IB: Subnet-aware routing: overriding dev 5 with dev 2
node1:65:75 [0] NCCL INFO NET/IB: Subnet-aware routing: overriding dev 4 with dev 0
node1:65:75 [0] NCCL INFO NET/IB: Subnet-aware routing: overriding dev 5 with dev 2
node1:65:75 [0] NCCL INFO NET/IB: ncclIbResiliencyInit: Resiliency is disabled on the send communicator (comm=0xfce2b1cc5000)
node1:65:75 [0] NCCL INFO NET/IB: Subnet-aware routing: overriding dev 4 with dev 1
node1:65:75 [0] NCCL INFO NET/IB: ncclIbReceiverQpsCreateToRts: QP created: port=1 dev=1 devName=rocep1s0f1 ndevs=4 nmdevs=6 qp_num=15357 pkey=0 pd=0xfce2b01faf70 oooRq=0
node1:65:75 [0] NCCL INFO NET/IB: ncclIbReceiverQpsCreateToRts: QP created: port=1 dev=1 devName=rocep1s0f1 ndevs=4 nmdevs=6 qp_num=15358 pkey=0 pd=0xfce2b01faf70 oooRq=0
node1:65:75 [0] NCCL INFO NET/IB: ncclIbReceiverQpsCreateToRts: Flush QP created: port=1 dev=1 devName=rocep1s0f1 ndevs=4 nmdevs=6 qp_num=15359 pkey=0 pd=0xfce2b01faf70
node1:65:75 [0] NCCL INFO NET/IB: Subnet-aware routing: overriding dev 4 with dev 0
node1:65:75 [0] NCCL INFO NET/IB: Subnet-aware routing: overriding dev 5 with dev 2
node1:65:75 [0] NCCL INFO NET/IB: Subnet-aware routing: overriding dev 4 with dev 0
node1:65:75 [0] NCCL INFO NET/IB: Subnet-aware routing: overriding dev 5 with dev 2
node1:65:75 [0] NCCL INFO NET/IB: ncclIbResiliencyInit: Resiliency is disabled on the recv communicator (comm=0xfce2b1d83000)
node1:65:75 [0] NCCL INFO NET/IB: ncclIbRecvCommInit: Receive work requests will be posted on-demand
node1:65:75 [0] NCCL INFO NET/IB: Subnet-aware routing: overriding dev 4 with dev 0
node1:65:75 [0] NCCL INFO NET/IB: Subnet-aware routing: overriding dev 5 with dev 2
node1:65:75 [0] NCCL INFO NET/IB: Subnet-aware routing: overriding dev 4 with dev 0
node1:65:75 [0] NCCL INFO NET/IB: Subnet-aware routing: overriding dev 5 with dev 2
node1:65:75 [0] NCCL INFO NET/IB: Subnet-aware routing: overriding dev 4 with dev 0
node1:65:75 [0] NCCL INFO NET/IB: ncclIbResiliencyInit: Resiliency is disabled on the send communicator (comm=0xfce2b1dcb000)
node1:65:75 [0] NCCL INFO NET/IB: Subnet-aware routing: overriding dev 4 with dev 0
node1:65:75 [0] NCCL INFO NET/IB: ncclIbSenderQpsToRts: Set ECE: IbDev 0 Port 1 qp_num 12108 set_ece={supported=1, vendor_id=0x15b3, options=0x30000002, comp_mask=0x0}
node1:65:75 [0] NCCL INFO NET/IB: ncclIbSenderQpsToRts: Set ECE: IbDev 0 Port 1 qp_num 12109 set_ece={supported=1, vendor_id=0x15b3, options=0x30000002, comp_mask=0x0}
node1:65:75 [0] NCCL INFO NET/IB: Subnet-aware routing: overriding dev 5 with dev 2
node1:65:75 [0] NCCL INFO NET/IB: ncclIbSenderQpsCreate: QP created: port=1 dev=2 devName=roceP2p1s0f0 ndevs=4 nmdevs=6 qp_num=1772 pkey=0 pd=0xfce2b01b6e80 oooRq=0
node1:65:75 [0] NCCL INFO NET/IB: ncclIbSenderQpsCreate: QP created: port=1 dev=2 devName=roceP2p1s0f0 ndevs=4 nmdevs=6 qp_num=1773 pkey=0 pd=0xfce2b01b6e80 oooRq=0
node1:65:75 [0] NCCL INFO NET/IB: ncclIbConnectImpl: NCCL Dev 2 IbDev 2 Port 1 qp_num 1772 mtu 5 GID 3 (0/170A8C0FFFF0000) ctsFifoRkey=0x187777 ctsFifoLkey=0x187777
node1:65:75 [0] NCCL INFO NET/IB: ncclIbConnectImpl: IbDev 2 Port 1 qp_num 1772 query_ece={supported=1, vendor_id=0x15b3, options=0x30000002, comp_mask=0x0}
node1:65:75 [0] NCCL INFO NET/IB: ncclIbConnectImpl: NCCL Dev 2 IbDev 2 Port 1 qp_num 1773 mtu 5 GID 3 (0/170A8C0FFFF0000) ctsFifoRkey=0x187777 ctsFifoLkey=0x187777
node1:65:75 [0] NCCL INFO NET/IB: ncclIbConnectImpl: IbDev 2 Port 1 qp_num 1773 query_ece={supported=1, vendor_id=0x15b3, options=0x30000002, comp_mask=0x0}
node1:65:75 [0] NCCL INFO NET/IB: Subnet-aware routing: overriding dev 4 with dev 0
node1:65:75 [0] NCCL INFO NET/IB: ncclIbSenderQpsCreate: QP created: port=1 dev=0 devName=rocep1s0f0 ndevs=4 nmdevs=6 qp_num=12110 pkey=0 pd=0xfce2b007dbd0 oooRq=0
node1:65:75 [0] NCCL INFO NET/IB: ncclIbSenderQpsCreate: QP created: port=1 dev=0 devName=rocep1s0f0 ndevs=4 nmdevs=6 qp_num=12111 pkey=0 pd=0xfce2b007dbd0 oooRq=0
node1:65:75 [0] NCCL INFO NET/IB: ncclIbConnectImpl: NCCL Dev 0 IbDev 0 Port 1 qp_num 12110 mtu 5 GID 6 (0/166A8C0FFFF0000) ctsFifoRkey=0x17ba78 ctsFifoLkey=0x17ba78
node1:65:75 [0] NCCL INFO NET/IB: ncclIbConnectImpl: IbDev 0 Port 1 qp_num 12110 query_ece={supported=1, vendor_id=0x15b3, options=0x30000002, comp_mask=0x0}
node1:65:75 [0] NCCL INFO NET/IB: ncclIbConnectImpl: NCCL Dev 0 IbDev 0 Port 1 qp_num 12111 mtu 5 GID 6 (0/166A8C0FFFF0000) ctsFifoRkey=0x17ba78 ctsFifoLkey=0x17ba78
node1:65:75 [0] NCCL INFO NET/IB: ncclIbConnectImpl: IbDev 0 Port 1 qp_num 12111 query_ece={supported=1, vendor_id=0x15b3, options=0x30000002, comp_mask=0x0}
node1:65:75 [0] NCCL INFO NET/IB: Subnet-aware routing: overriding dev 5 with dev 2
node1:65:75 [0] NCCL INFO NET/IB: Subnet-aware routing: overriding dev 4 with dev 0
node1:65:75 [0] NCCL INFO NET/IB: ncclIbResiliencyInit: Resiliency is disabled on the recv communicator (comm=0xfce2b1ebf000)
node1:65:75 [0] NCCL INFO NET/IB: ncclIbRecvCommInit: Receive work requests will be posted on-demand
node1:65:75 [0] NCCL INFO NET/IB: Subnet-aware routing: overriding dev 5 with dev 2
node1:65:75 [0] NCCL INFO NET/IB: ncclIbSenderQpsToRts: Set ECE: IbDev 2 Port 1 qp_num 1772 set_ece={supported=1, vendor_id=0x15b3, options=0x30000002, comp_mask=0x0}
node1:65:75 [0] NCCL INFO NET/IB: ncclIbSenderQpsToRts: Set ECE: IbDev 2 Port 1 qp_num 1773 set_ece={supported=1, vendor_id=0x15b3, options=0x30000002, comp_mask=0x0}
node1:65:75 [0] NCCL INFO NET/IB: Subnet-aware routing: overriding dev 4 with dev 0
node1:65:75 [0] NCCL INFO NET/IB: ncclIbSenderQpsToRts: Set ECE: IbDev 0 Port 1 qp_num 12110 set_ece={supported=1, vendor_id=0x15b3, options=0x30000002, comp_mask=0x0}
node1:65:75 [0] NCCL INFO NET/IB: ncclIbSenderQpsToRts: Set ECE: IbDev 0 Port 1 qp_num 12111 set_ece={supported=1, vendor_id=0x15b3, options=0x30000002, comp_mask=0x0}
node1:65:75 [0] NCCL INFO NET/IB: Subnet-aware routing: overriding dev 5 with dev 2
node1:65:75 [0] NCCL INFO NET/IB: ncclIbSenderQpsCreate: QP created: port=1 dev=2 devName=roceP2p1s0f0 ndevs=4 nmdevs=6 qp_num=1774 pkey=0 pd=0xfce2b01b6e80 oooRq=0
node1:65:75 [0] NCCL INFO NET/IB: ncclIbSenderQpsCreate: QP created: port=1 dev=2 devName=roceP2p1s0f0 ndevs=4 nmdevs=6 qp_num=1775 pkey=0 pd=0xfce2b01b6e80 oooRq=0
node1:65:75 [0] NCCL INFO NET/IB: ncclIbConnectImpl: NCCL Dev 2 IbDev 2 Port 1 qp_num 1774 mtu 5 GID 3 (0/170A8C0FFFF0000) ctsFifoRkey=0x18a19e ctsFifoLkey=0x18a19e
node1:65:75 [0] NCCL INFO NET/IB: ncclIbConnectImpl: IbDev 2 Port 1 qp_num 1774 query_ece={supported=1, vendor_id=0x15b3, options=0x30000002, comp_mask=0x0}
node1:65:75 [0] NCCL INFO NET/IB: ncclIbConnectImpl: NCCL Dev 2 IbDev 2 Port 1 qp_num 1775 mtu 5 GID 3 (0/170A8C0FFFF0000) ctsFifoRkey=0x18a19e ctsFifoLkey=0x18a19e
node1:65:75 [0] NCCL INFO NET/IB: ncclIbConnectImpl: IbDev 2 Port 1 qp_num 1775 query_ece={supported=1, vendor_id=0x15b3, options=0x30000002, comp_mask=0x0}
node1:65:75 [0] NCCL INFO NET/IB: Subnet-aware routing: overriding dev 4 with dev 0
node1:65:75 [0] NCCL INFO NET/IB: Subnet-aware routing: overriding dev 5 with dev 2
node1:65:75 [0] NCCL INFO NET/IB: ncclIbResiliencyInit: Resiliency is disabled on the send communicator (comm=0xfce2b1f5c000)
node1:65:75 [0] NCCL INFO NET/IB: Subnet-aware routing: overriding dev 5 with dev 3
node1:65:75 [0] NCCL INFO NET/IB: ncclIbReceiverQpsCreateToRts: QP created: port=1 dev=3 devName=roceP2p1s0f1 ndevs=4 nmdevs=6 qp_num=2435 pkey=0 pd=0xfce2b034d430 oooRq=0
node1:65:75 [0] NCCL INFO NET/IB: ncclIbReceiverQpsCreateToRts: QP created: port=1 dev=3 devName=roceP2p1s0f1 ndevs=4 nmdevs=6 qp_num=2436 pkey=0 pd=0xfce2b034d430 oooRq=0
node1:65:75 [0] NCCL INFO NET/IB: ncclIbReceiverQpsCreateToRts: Flush QP created: port=1 dev=3 devName=roceP2p1s0f1 ndevs=4 nmdevs=6 qp_num=2437 pkey=0 pd=0xfce2b034d430
node1:65:75 [0] NCCL INFO NET/IB: Subnet-aware routing: overriding dev 5 with dev 2
node1:65:75 [0] NCCL INFO NET/IB: Subnet-aware routing: overriding dev 4 with dev 0
node1:65:75 [0] NCCL INFO NET/IB: Subnet-aware routing: overriding dev 5 with dev 2
node1:65:75 [0] NCCL INFO NET/IB: ncclIbResiliencyInit: Resiliency is disabled on the recv communicator (comm=0xfce2b201b000)
node1:65:75 [0] NCCL INFO NET/IB: ncclIbRecvCommInit: Receive work requests will be posted on-demand
node1:65:75 [0] NCCL INFO NET/IB: Subnet-aware routing: overriding dev 5 with dev 2
node1:65:75 [0] NCCL INFO NET/IB: ncclIbSenderQpsToRts: Set ECE: IbDev 2 Port 1 qp_num 1774 set_ece={supported=1, vendor_id=0x15b3, options=0x30000002, comp_mask=0x0}
node1:65:75 [0] NCCL INFO NET/IB: ncclIbSenderQpsToRts: Set ECE: IbDev 2 Port 1 qp_num 1775 set_ece={supported=1, vendor_id=0x15b3, options=0x30000002, comp_mask=0x0}
node1:65:75 [0] NCCL INFO NET/IB: Subnet-aware routing: overriding dev 4 with dev 0
node1:65:75 [0] NCCL INFO NET/IB: Subnet-aware routing: overriding dev 5 with dev 2
node1:65:75 [0] NCCL INFO NET/IB: Subnet-aware routing: overriding dev 4 with dev 0
node1:65:75 [0] NCCL INFO NET/IB: ncclIbResiliencyInit: Resiliency is disabled on the send communicator (comm=0xfce2b2063000)
node1:65:75 [0] NCCL INFO NET/IB: Subnet-aware routing: overriding dev 4 with dev 0
node1:65:75 [0] NCCL INFO NET/IB: Subnet-aware routing: overriding dev 5 with dev 2
node1:65:75 [0] NCCL INFO NET/IB: Subnet-aware routing: overriding dev 4 with dev 0
node1:65:75 [0] NCCL INFO NET/IB: ncclIbResiliencyInit: Resiliency is disabled on the recv communicator (comm=0xfce2b20a7000)
node1:65:75 [0] NCCL INFO NET/IB: ncclIbRecvCommInit: Receive work requests will be posted on-demand
node1:65:75 [0] NCCL INFO NET/IB: Subnet-aware routing: overriding dev 4 with dev 0
node1:65:75 [0] NCCL INFO NET/IB: Subnet-aware routing: overriding dev 5 with dev 2
node1:65:75 [0] NCCL INFO NET/IB: Subnet-aware routing: overriding dev 4 with dev 0
node1:65:75 [0] NCCL INFO NET/IB: Subnet-aware routing: overriding dev 5 with dev 2
node1:65:75 [0] NCCL INFO NET/IB: ncclIbResiliencyInit: Resiliency is disabled on the send communicator (comm=0xfce2b20ef000)
node1:65:75 [0] NCCL INFO NET/IB: Subnet-aware routing: overriding dev 4 with dev 0
node1:65:75 [0] NCCL INFO NET/IB: Subnet-aware routing: overriding dev 5 with dev 2
node1:65:75 [0] NCCL INFO NET/IB: Subnet-aware routing: overriding dev 4 with dev 0
node1:65:75 [0] NCCL INFO NET/IB: Subnet-aware routing: overriding dev 5 with dev 2
node1:65:75 [0] NCCL INFO NET/IB: ncclIbResiliencyInit: Resiliency is disabled on the recv communicator (comm=0xfce2b2133000)
node1:65:75 [0] NCCL INFO NET/IB: ncclIbRecvCommInit: Receive work requests will be posted on-demand
node1:65:75 [0] NCCL INFO NET/IB: Subnet-aware routing: overriding dev 4 with dev 1
node1:65:75 [0] NCCL INFO NET/IB: ncclIbReceiverQpsCreateToRts: QP created: port=1 dev=1 devName=rocep1s0f1 ndevs=4 nmdevs=6 qp_num=15360 pkey=0 pd=0xfce2b01faf70 oooRq=0
node1:65:75 [0] NCCL INFO NET/IB: ncclIbReceiverQpsCreateToRts: QP created: port=1 dev=1 devName=rocep1s0f1 ndevs=4 nmdevs=6 qp_num=15361 pkey=0 pd=0xfce2b01faf70 oooRq=0
node1:65:75 [0] NCCL INFO NET/IB: ncclIbReceiverQpsCreateToRts: Flush QP created: port=1 dev=1 devName=rocep1s0f1 ndevs=4 nmdevs=6 qp_num=15362 pkey=0 pd=0xfce2b01faf70
node1:65:75 [0] NCCL INFO NET/IB: Subnet-aware routing: overriding dev 4 with dev 0
node1:65:75 [0] NCCL INFO NET/IB: ncclIbSenderQpsCreate: QP created: port=1 dev=0 devName=rocep1s0f0 ndevs=4 nmdevs=6 qp_num=12112 pkey=0 pd=0xfce2b007dbd0 oooRq=0
node1:65:75 [0] NCCL INFO NET/IB: ncclIbSenderQpsCreate: QP created: port=1 dev=0 devName=rocep1s0f0 ndevs=4 nmdevs=6 qp_num=12113 pkey=0 pd=0xfce2b007dbd0 oooRq=0
node1:65:75 [0] NCCL INFO NET/IB: ncclIbConnectImpl: NCCL Dev 0 IbDev 0 Port 1 qp_num 12112 mtu 5 GID 6 (0/166A8C0FFFF0000) ctsFifoRkey=0x17df9c ctsFifoLkey=0x17df9c
node1:65:75 [0] NCCL INFO NET/IB: ncclIbConnectImpl: IbDev 0 Port 1 qp_num 12112 query_ece={supported=1, vendor_id=0x15b3, options=0x30000002, comp_mask=0x0}
node1:65:75 [0] NCCL INFO NET/IB: ncclIbConnectImpl: NCCL Dev 0 IbDev 0 Port 1 qp_num 12113 mtu 5 GID 6 (0/166A8C0FFFF0000) ctsFifoRkey=0x17df9c ctsFifoLkey=0x17df9c
node1:65:75 [0] NCCL INFO NET/IB: ncclIbConnectImpl: IbDev 0 Port 1 qp_num 12113 query_ece={supported=1, vendor_id=0x15b3, options=0x30000002, comp_mask=0x0}
node1:65:75 [0] NCCL INFO NET/IB: Subnet-aware routing: overriding dev 5 with dev 2
node1:65:75 [0] NCCL INFO NET/IB: Subnet-aware routing: overriding dev 4 with dev 0
node1:65:75 [0] NCCL INFO NET/IB: Subnet-aware routing: overriding dev 5 with dev 2
node1:65:75 [0] NCCL INFO NET/IB: Subnet-aware routing: overriding dev 4 with dev 0
node1:65:75 [0] NCCL INFO NET/IB: ncclIbResiliencyInit: Resiliency is disabled on the send communicator (comm=0xfce2b224b000)
node1:65:75 [0] NCCL INFO NET/IB: Subnet-aware routing: overriding dev 5 with dev 3
node1:65:75 [0] NCCL INFO NET/IB: ncclIbReceiverQpsCreateToRts: QP created: port=1 dev=3 devName=roceP2p1s0f1 ndevs=4 nmdevs=6 qp_num=2438 pkey=0 pd=0xfce2b034d430 oooRq=0
node1:65:75 [0] NCCL INFO NET/IB: ncclIbReceiverQpsCreateToRts: QP created: port=1 dev=3 devName=roceP2p1s0f1 ndevs=4 nmdevs=6 qp_num=2439 pkey=0 pd=0xfce2b034d430 oooRq=0
node1:65:75 [0] NCCL INFO NET/IB: ncclIbReceiverQpsCreateToRts: Flush QP created: port=1 dev=3 devName=roceP2p1s0f1 ndevs=4 nmdevs=6 qp_num=2440 pkey=0 pd=0xfce2b034d430
node1:65:75 [0] NCCL INFO NET/IB: Subnet-aware routing: overriding dev 4 with dev 0
node1:65:75 [0] NCCL INFO NET/IB: Subnet-aware routing: overriding dev 5 with dev 2
node1:65:75 [0] NCCL INFO NET/IB: ncclIbSenderQpsCreate: QP created: port=1 dev=2 devName=roceP2p1s0f0 ndevs=4 nmdevs=6 qp_num=1776 pkey=0 pd=0xfce2b01b6e80 oooRq=0
node1:65:75 [0] NCCL INFO NET/IB: ncclIbSenderQpsCreate: QP created: port=1 dev=2 devName=roceP2p1s0f0 ndevs=4 nmdevs=6 qp_num=1777 pkey=0 pd=0xfce2b01b6e80 oooRq=0
node1:65:75 [0] NCCL INFO NET/IB: ncclIbConnectImpl: NCCL Dev 2 IbDev 2 Port 1 qp_num 1776 mtu 5 GID 3 (0/170A8C0FFFF0000) ctsFifoRkey=0x18706f ctsFifoLkey=0x18706f
node1:65:75 [0] NCCL INFO NET/IB: ncclIbConnectImpl: IbDev 2 Port 1 qp_num 1776 query_ece={supported=1, vendor_id=0x15b3, options=0x30000002, comp_mask=0x0}
node1:65:75 [0] NCCL INFO NET/IB: ncclIbConnectImpl: NCCL Dev 2 IbDev 2 Port 1 qp_num 1777 mtu 5 GID 3 (0/170A8C0FFFF0000) ctsFifoRkey=0x18706f ctsFifoLkey=0x18706f
node1:65:75 [0] NCCL INFO NET/IB: ncclIbConnectImpl: IbDev 2 Port 1 qp_num 1777 query_ece={supported=1, vendor_id=0x15b3, options=0x30000002, comp_mask=0x0}
node1:65:75 [0] NCCL INFO NET/IB: Subnet-aware routing: overriding dev 4 with dev 0
node1:65:75 [0] NCCL INFO NET/IB: Subnet-aware routing: overriding dev 5 with dev 2
node1:65:75 [0] NCCL INFO NET/IB: Subnet-aware routing: overriding dev 4 with dev 0
node1:65:75 [0] NCCL INFO NET/IB: ncclIbResiliencyInit: Resiliency is disabled on the recv communicator (comm=0xfce2b2365000)
node1:65:75 [0] NCCL INFO NET/IB: ncclIbRecvCommInit: Receive work requests will be posted on-demand
node1:65:75 [0] NCCL INFO NET/IB: Subnet-aware routing: overriding dev 4 with dev 0
node1:65:75 [0] NCCL INFO NET/IB: ncclIbSenderQpsToRts: Set ECE: IbDev 0 Port 1 qp_num 12112 set_ece={supported=1, vendor_id=0x15b3, options=0x30000002, comp_mask=0x0}
node1:65:75 [0] NCCL INFO NET/IB: ncclIbSenderQpsToRts: Set ECE: IbDev 0 Port 1 qp_num 12113 set_ece={supported=1, vendor_id=0x15b3, options=0x30000002, comp_mask=0x0}
node1:65:75 [0] NCCL INFO NET/IB: Subnet-aware routing: overriding dev 5 with dev 2
node1:65:75 [0] NCCL INFO NET/IB: ncclIbSenderQpsToRts: Set ECE: IbDev 2 Port 1 qp_num 1776 set_ece={supported=1, vendor_id=0x15b3, options=0x30000002, comp_mask=0x0}
node1:65:75 [0] NCCL INFO NET/IB: ncclIbSenderQpsToRts: Set ECE: IbDev 2 Port 1 qp_num 1777 set_ece={supported=1, vendor_id=0x15b3, options=0x30000002, comp_mask=0x0}
node1:65:75 [0] NCCL INFO NET/IB: Subnet-aware routing: overriding dev 4 with dev 0
node1:65:75 [0] NCCL INFO NET/IB: ncclIbSenderQpsCreate: QP created: port=1 dev=0 devName=rocep1s0f0 ndevs=4 nmdevs=6 qp_num=12114 pkey=0 pd=0xfce2b007dbd0 oooRq=0
node1:65:75 [0] NCCL INFO NET/IB: ncclIbSenderQpsCreate: QP created: port=1 dev=0 devName=rocep1s0f0 ndevs=4 nmdevs=6 qp_num=12115 pkey=0 pd=0xfce2b007dbd0 oooRq=0
node1:65:75 [0] NCCL INFO NET/IB: ncclIbConnectImpl: NCCL Dev 0 IbDev 0 Port 1 qp_num 12114 mtu 5 GID 6 (0/166A8C0FFFF0000) ctsFifoRkey=0x176622 ctsFifoLkey=0x176622
node1:65:75 [0] NCCL INFO NET/IB: ncclIbConnectImpl: IbDev 0 Port 1 qp_num 12114 query_ece={supported=1, vendor_id=0x15b3, options=0x30000002, comp_mask=0x0}
node1:65:75 [0] NCCL INFO NET/IB: ncclIbConnectImpl: NCCL Dev 0 IbDev 0 Port 1 qp_num 12115 mtu 5 GID 6 (0/166A8C0FFFF0000) ctsFifoRkey=0x176622 ctsFifoLkey=0x176622
node1:65:75 [0] NCCL INFO NET/IB: ncclIbConnectImpl: IbDev 0 Port 1 qp_num 12115 query_ece={supported=1, vendor_id=0x15b3, options=0x30000002, comp_mask=0x0}
node1:65:75 [0] NCCL INFO NET/IB: Subnet-aware routing: overriding dev 5 with dev 2
node1:65:75 [0] NCCL INFO NET/IB: Subnet-aware routing: overriding dev 4 with dev 0
node1:65:75 [0] NCCL INFO NET/IB: Subnet-aware routing: overriding dev 5 with dev 2
node1:65:75 [0] NCCL INFO NET/IB: ncclIbResiliencyInit: Resiliency is disabled on the send communicator (comm=0xfce2b2400000)
node1:65:75 [0] NCCL INFO NET/IB: Subnet-aware routing: overriding dev 4 with dev 1
node1:65:75 [0] NCCL INFO NET/IB: ncclIbReceiverQpsCreateToRts: QP created: port=1 dev=1 devName=rocep1s0f1 ndevs=4 nmdevs=6 qp_num=15363 pkey=0 pd=0xfce2b01faf70 oooRq=0
node1:65:75 [0] NCCL INFO NET/IB: ncclIbReceiverQpsCreateToRts: QP created: port=1 dev=1 devName=rocep1s0f1 ndevs=4 nmdevs=6 qp_num=15364 pkey=0 pd=0xfce2b01faf70 oooRq=0
node1:65:75 [0] NCCL INFO NET/IB: ncclIbReceiverQpsCreateToRts: Flush QP created: port=1 dev=1 devName=rocep1s0f1 ndevs=4 nmdevs=6 qp_num=15365 pkey=0 pd=0xfce2b01faf70
node1:65:75 [0] NCCL INFO NET/IB: Subnet-aware routing: overriding dev 4 with dev 0
node1:65:75 [0] NCCL INFO NET/IB: Subnet-aware routing: overriding dev 5 with dev 2
node1:65:75 [0] NCCL INFO NET/IB: Subnet-aware routing: overriding dev 4 with dev 0
node1:65:75 [0] NCCL INFO NET/IB: Subnet-aware routing: overriding dev 5 with dev 2
node1:65:75 [0] NCCL INFO NET/IB: ncclIbResiliencyInit: Resiliency is disabled on the recv communicator (comm=0xfce2b24bd000)
node1:65:75 [0] NCCL INFO NET/IB: ncclIbRecvCommInit: Receive work requests will be posted on-demand
node1:65:75 [0] NCCL INFO NET/IB: Subnet-aware routing: overriding dev 4 with dev 0
node1:65:75 [0] NCCL INFO NET/IB: Subnet-aware routing: overriding dev 5 with dev 2
node1:65:75 [0] NCCL INFO NET/IB: Subnet-aware routing: overriding dev 4 with dev 0
node1:65:75 [0] NCCL INFO NET/IB: Subnet-aware routing: overriding dev 5 with dev 2
node1:65:75 [0] NCCL INFO NET/IB: Subnet-aware routing: overriding dev 4 with dev 0
node1:65:75 [0] NCCL INFO NET/IB: ncclIbResiliencyInit: Resiliency is disabled on the send communicator (comm=0xfce2b2505000)
node1:65:75 [0] NCCL INFO NET/IB: Subnet-aware routing: overriding dev 4 with dev 0
node1:65:75 [0] NCCL INFO NET/IB: Subnet-aware routing: overriding dev 5 with dev 2
node1:65:75 [0] NCCL INFO NET/IB: Subnet-aware routing: overriding dev 4 with dev 0
node1:65:75 [0] NCCL INFO NET/IB: Subnet-aware routing: overriding dev 5 with dev 2
node1:65:75 [0] NCCL INFO NET/IB: Subnet-aware routing: overriding dev 4 with dev 0
node1:65:75 [0] NCCL INFO NET/IB: ncclIbResiliencyInit: Resiliency is disabled on the recv communicator (comm=0xfce2b2549000)
node1:65:75 [0] NCCL INFO NET/IB: ncclIbRecvCommInit: Receive work requests will be posted on-demand
node1:65:75 [0] NCCL INFO NET/IB: Subnet-aware routing: overriding dev 5 with dev 3
node1:65:75 [0] NCCL INFO NET/IB: ncclIbReceiverQpsCreateToRts: QP created: port=1 dev=3 devName=roceP2p1s0f1 ndevs=4 nmdevs=6 qp_num=2441 pkey=0 pd=0xfce2b034d430 oooRq=0
node1:65:75 [0] NCCL INFO NET/IB: ncclIbReceiverQpsCreateToRts: QP created: port=1 dev=3 devName=roceP2p1s0f1 ndevs=4 nmdevs=6 qp_num=2442 pkey=0 pd=0xfce2b034d430 oooRq=0
node1:65:75 [0] NCCL INFO NET/IB: ncclIbReceiverQpsCreateToRts: Flush QP created: port=1 dev=3 devName=roceP2p1s0f1 ndevs=4 nmdevs=6 qp_num=2443 pkey=0 pd=0xfce2b034d430
node1:65:75 [0] NCCL INFO NET/IB: Subnet-aware routing: overriding dev 4 with dev 0
node1:65:75 [0] NCCL INFO NET/IB: ncclIbSenderQpsToRts: Set ECE: IbDev 0 Port 1 qp_num 12114 set_ece={supported=1, vendor_id=0x15b3, options=0x30000002, comp_mask=0x0}
node1:65:75 [0] NCCL INFO NET/IB: ncclIbSenderQpsToRts: Set ECE: IbDev 0 Port 1 qp_num 12115 set_ece={supported=1, vendor_id=0x15b3, options=0x30000002, comp_mask=0x0}
node1:65:75 [0] NCCL INFO NET/IB: Subnet-aware routing: overriding dev 5 with dev 2
node1:65:75 [0] NCCL INFO NET/IB: ncclIbSenderQpsCreate: QP created: port=1 dev=2 devName=roceP2p1s0f0 ndevs=4 nmdevs=6 qp_num=1778 pkey=0 pd=0xfce2b01b6e80 oooRq=0
node1:65:75 [0] NCCL INFO NET/IB: ncclIbSenderQpsCreate: QP created: port=1 dev=2 devName=roceP2p1s0f0 ndevs=4 nmdevs=6 qp_num=1779 pkey=0 pd=0xfce2b01b6e80 oooRq=0
node1:65:75 [0] NCCL INFO NET/IB: ncclIbConnectImpl: NCCL Dev 2 IbDev 2 Port 1 qp_num 1778 mtu 5 GID 3 (0/170A8C0FFFF0000) ctsFifoRkey=0x18d1ce ctsFifoLkey=0x18d1ce
node1:65:75 [0] NCCL INFO NET/IB: ncclIbConnectImpl: IbDev 2 Port 1 qp_num 1778 query_ece={supported=1, vendor_id=0x15b3, options=0x30000002, comp_mask=0x0}
node1:65:75 [0] NCCL INFO NET/IB: ncclIbConnectImpl: NCCL Dev 2 IbDev 2 Port 1 qp_num 1779 mtu 5 GID 3 (0/170A8C0FFFF0000) ctsFifoRkey=0x18d1ce ctsFifoLkey=0x18d1ce
node1:65:75 [0] NCCL INFO NET/IB: ncclIbConnectImpl: IbDev 2 Port 1 qp_num 1779 query_ece={supported=1, vendor_id=0x15b3, options=0x30000002, comp_mask=0x0}
node1:65:75 [0] NCCL INFO NET/IB: Subnet-aware routing: overriding dev 4 with dev 0
node1:65:75 [0] NCCL INFO NET/IB: Subnet-aware routing: overriding dev 5 with dev 2
node1:65:75 [0] NCCL INFO NET/IB: Subnet-aware routing: overriding dev 4 with dev 0
node1:65:75 [0] NCCL INFO NET/IB: Subnet-aware routing: overriding dev 5 with dev 2
node1:65:75 [0] NCCL INFO NET/IB: ncclIbResiliencyInit: Resiliency is disabled on the send communicator (comm=0xfce2b2664000)
node1:65:75 [0] NCCL INFO NET/IB: Subnet-aware routing: overriding dev 4 with dev 1
node1:65:75 [0] NCCL INFO NET/IB: ncclIbReceiverQpsCreateToRts: QP created: port=1 dev=1 devName=rocep1s0f1 ndevs=4 nmdevs=6 qp_num=15366 pkey=0 pd=0xfce2b01faf70 oooRq=0
node1:65:75 [0] NCCL INFO NET/IB: ncclIbReceiverQpsCreateToRts: QP created: port=1 dev=1 devName=rocep1s0f1 ndevs=4 nmdevs=6 qp_num=15367 pkey=0 pd=0xfce2b01faf70 oooRq=0
node1:65:75 [0] NCCL INFO NET/IB: ncclIbReceiverQpsCreateToRts: Flush QP created: port=1 dev=1 devName=rocep1s0f1 ndevs=4 nmdevs=6 qp_num=15368 pkey=0 pd=0xfce2b01faf70
node1:65:75 [0] NCCL INFO NET/IB: Subnet-aware routing: overriding dev 5 with dev 2
node1:65:75 [0] NCCL INFO NET/IB: Subnet-aware routing: overriding dev 4 with dev 0
node1:65:75 [0] NCCL INFO NET/IB: Subnet-aware routing: overriding dev 5 with dev 2
node1:65:75 [0] NCCL INFO NET/IB: Subnet-aware routing: overriding dev 4 with dev 0
node1:65:75 [0] NCCL INFO NET/IB: Subnet-aware routing: overriding dev 5 with dev 2
node1:65:75 [0] NCCL INFO NET/IB: ncclIbResiliencyInit: Resiliency is disabled on the recv communicator (comm=0xfce2b2721000)
node1:65:75 [0] NCCL INFO NET/IB: ncclIbRecvCommInit: Receive work requests will be posted on-demand
node1:65:75 [0] NCCL INFO NET/IB: Subnet-aware routing: overriding dev 5 with dev 2
node1:65:75 [0] NCCL INFO NET/IB: ncclIbSenderQpsToRts: Set ECE: IbDev 2 Port 1 qp_num 1778 set_ece={supported=1, vendor_id=0x15b3, options=0x30000002, comp_mask=0x0}
node1:65:75 [0] NCCL INFO NET/IB: ncclIbSenderQpsToRts: Set ECE: IbDev 2 Port 1 qp_num 1779 set_ece={supported=1, vendor_id=0x15b3, options=0x30000002, comp_mask=0x0}
node1:65:75 [0] NCCL INFO NET/IB: Subnet-aware routing: overriding dev 4 with dev 0
node1:65:75 [0] NCCL INFO NET/IB: ncclIbSenderQpsCreate: QP created: port=1 dev=0 devName=rocep1s0f0 ndevs=4 nmdevs=6 qp_num=12116 pkey=0 pd=0xfce2b007dbd0 oooRq=0
node1:65:75 [0] NCCL INFO NET/IB: ncclIbSenderQpsCreate: QP created: port=1 dev=0 devName=rocep1s0f0 ndevs=4 nmdevs=6 qp_num=12117 pkey=0 pd=0xfce2b007dbd0 oooRq=0
node1:65:75 [0] NCCL INFO NET/IB: ncclIbConnectImpl: NCCL Dev 0 IbDev 0 Port 1 qp_num 12116 mtu 5 GID 6 (0/166A8C0FFFF0000) ctsFifoRkey=0x157434 ctsFifoLkey=0x157434
node1:65:75 [0] NCCL INFO NET/IB: ncclIbConnectImpl: IbDev 0 Port 1 qp_num 12116 query_ece={supported=1, vendor_id=0x15b3, options=0x30000002, comp_mask=0x0}
node1:65:75 [0] NCCL INFO NET/IB: ncclIbConnectImpl: NCCL Dev 0 IbDev 0 Port 1 qp_num 12117 mtu 5 GID 6 (0/166A8C0FFFF0000) ctsFifoRkey=0x157434 ctsFifoLkey=0x157434
node1:65:75 [0] NCCL INFO NET/IB: ncclIbConnectImpl: IbDev 0 Port 1 qp_num 12117 query_ece={supported=1, vendor_id=0x15b3, options=0x30000002, comp_mask=0x0}
node1:65:75 [0] NCCL INFO NET/IB: Subnet-aware routing: overriding dev 5 with dev 2
node1:65:75 [0] NCCL INFO NET/IB: Subnet-aware routing: overriding dev 4 with dev 0
node1:65:75 [0] NCCL INFO NET/IB: Subnet-aware routing: overriding dev 5 with dev 2
node1:65:75 [0] NCCL INFO NET/IB: Subnet-aware routing: overriding dev 4 with dev 0
node1:65:75 [0] NCCL INFO NET/IB: ncclIbResiliencyInit: Resiliency is disabled on the send communicator (comm=0xfce2b27be000)
node1:65:75 [0] NCCL INFO NET/IB: Subnet-aware routing: overriding dev 4 with dev 0
node1:65:75 [0] NCCL INFO NET/IB: ncclIbSenderQpsToRts: Set ECE: IbDev 0 Port 1 qp_num 12116 set_ece={supported=1, vendor_id=0x15b3, options=0x30000002, comp_mask=0x0}
node1:65:75 [0] NCCL INFO NET/IB: ncclIbSenderQpsToRts: Set ECE: IbDev 0 Port 1 qp_num 12117 set_ece={supported=1, vendor_id=0x15b3, options=0x30000002, comp_mask=0x0}
node1:65:75 [0] NCCL INFO NET/IB: Subnet-aware routing: overriding dev 5 with dev 2
node1:65:75 [0] NCCL INFO NET/IB: ncclIbSenderQpsCreate: QP created: port=1 dev=2 devName=roceP2p1s0f0 ndevs=4 nmdevs=6 qp_num=1780 pkey=0 pd=0xfce2b01b6e80 oooRq=0
node1:65:75 [0] NCCL INFO NET/IB: ncclIbSenderQpsCreate: QP created: port=1 dev=2 devName=roceP2p1s0f0 ndevs=4 nmdevs=6 qp_num=1781 pkey=0 pd=0xfce2b01b6e80 oooRq=0
node1:65:75 [0] NCCL INFO NET/IB: ncclIbConnectImpl: NCCL Dev 2 IbDev 2 Port 1 qp_num 1780 mtu 5 GID 3 (0/170A8C0FFFF0000) ctsFifoRkey=0x18dad4 ctsFifoLkey=0x18dad4
node1:65:75 [0] NCCL INFO NET/IB: ncclIbConnectImpl: IbDev 2 Port 1 qp_num 1780 query_ece={supported=1, vendor_id=0x15b3, options=0x30000002, comp_mask=0x0}
node1:65:75 [0] NCCL INFO NET/IB: ncclIbConnectImpl: NCCL Dev 2 IbDev 2 Port 1 qp_num 1781 mtu 5 GID 3 (0/170A8C0FFFF0000) ctsFifoRkey=0x18dad4 ctsFifoLkey=0x18dad4
node1:65:75 [0] NCCL INFO NET/IB: ncclIbConnectImpl: IbDev 2 Port 1 qp_num 1781 query_ece={supported=1, vendor_id=0x15b3, options=0x30000002, comp_mask=0x0}
node1:65:75 [0] NCCL INFO NET/IB: Subnet-aware routing: overriding dev 4 with dev 0
node1:65:75 [0] NCCL INFO NET/IB: Subnet-aware routing: overriding dev 5 with dev 2
node1:65:75 [0] NCCL INFO NET/IB: Subnet-aware routing: overriding dev 4 with dev 0
node1:65:75 [0] NCCL INFO NET/IB: ncclIbResiliencyInit: Resiliency is disabled on the recv communicator (comm=0xfce2b2859000)
node1:65:75 [0] NCCL INFO NET/IB: ncclIbRecvCommInit: Receive work requests will be posted on-demand
node1:65:75 [0] NCCL INFO NET/IB: Subnet-aware routing: overriding dev 5 with dev 2
node1:65:75 [0] NCCL INFO NET/IB: Subnet-aware routing: overriding dev 4 with dev 0
node1:65:75 [0] NCCL INFO NET/IB: Subnet-aware routing: overriding dev 5 with dev 2
node1:65:75 [0] NCCL INFO NET/IB: Subnet-aware routing: overriding dev 4 with dev 0
node1:65:75 [0] NCCL INFO NET/IB: Subnet-aware routing: overriding dev 5 with dev 2
node1:65:75 [0] NCCL INFO NET/IB: ncclIbResiliencyInit: Resiliency is disabled on the send communicator (comm=0xfce2b28a1000)
node1:65:75 [0] NCCL INFO NET/IB: Subnet-aware routing: overriding dev 5 with dev 3
node1:65:75 [0] NCCL INFO NET/IB: ncclIbReceiverQpsCreateToRts: QP created: port=1 dev=3 devName=roceP2p1s0f1 ndevs=4 nmdevs=6 qp_num=2444 pkey=0 pd=0xfce2b034d430 oooRq=0
node1:65:75 [0] NCCL INFO NET/IB: ncclIbReceiverQpsCreateToRts: QP created: port=1 dev=3 devName=roceP2p1s0f1 ndevs=4 nmdevs=6 qp_num=2445 pkey=0 pd=0xfce2b034d430 oooRq=0
node1:65:75 [0] NCCL INFO NET/IB: ncclIbReceiverQpsCreateToRts: Flush QP created: port=1 dev=3 devName=roceP2p1s0f1 ndevs=4 nmdevs=6 qp_num=2446 pkey=0 pd=0xfce2b034d430
node1:65:75 [0] NCCL INFO NET/IB: Subnet-aware routing: overriding dev 5 with dev 2
node1:65:75 [0] NCCL INFO NET/IB: Subnet-aware routing: overriding dev 4 with dev 0
node1:65:75 [0] NCCL INFO NET/IB: Subnet-aware routing: overriding dev 5 with dev 2
node1:65:75 [0] NCCL INFO NET/IB: Subnet-aware routing: overriding dev 4 with dev 0
node1:65:75 [0] NCCL INFO NET/IB: Subnet-aware routing: overriding dev 5 with dev 2
node1:65:75 [0] NCCL INFO NET/IB: ncclIbResiliencyInit: Resiliency is disabled on the recv communicator (comm=0xfce2b295d000)
node1:65:75 [0] NCCL INFO NET/IB: ncclIbRecvCommInit: Receive work requests will be posted on-demand
node1:65:75 [0] NCCL INFO NET/IB: Subnet-aware routing: overriding dev 5 with dev 2
node1:65:75 [0] NCCL INFO NET/IB: Subnet-aware routing: overriding dev 4 with dev 0
node1:65:75 [0] NCCL INFO NET/IB: ncclIbSenderQpsCreate: QP created: port=1 dev=0 devName=rocep1s0f0 ndevs=4 nmdevs=6 qp_num=12118 pkey=0 pd=0xfce2b007dbd0 oooRq=0
node1:65:75 [0] NCCL INFO NET/IB: ncclIbSenderQpsCreate: QP created: port=1 dev=0 devName=rocep1s0f0 ndevs=4 nmdevs=6 qp_num=12119 pkey=0 pd=0xfce2b007dbd0 oooRq=0
node1:65:75 [0] NCCL INFO NET/IB: ncclIbConnectImpl: NCCL Dev 0 IbDev 0 Port 1 qp_num 12118 mtu 5 GID 6 (0/166A8C0FFFF0000) ctsFifoRkey=0x161fdb ctsFifoLkey=0x161fdb
node1:65:75 [0] NCCL INFO NET/IB: ncclIbConnectImpl: IbDev 0 Port 1 qp_num 12118 query_ece={supported=1, vendor_id=0x15b3, options=0x30000002, comp_mask=0x0}
node1:65:75 [0] NCCL INFO NET/IB: ncclIbConnectImpl: NCCL Dev 0 IbDev 0 Port 1 qp_num 12119 mtu 5 GID 6 (0/166A8C0FFFF0000) ctsFifoRkey=0x161fdb ctsFifoLkey=0x161fdb
node1:65:75 [0] NCCL INFO NET/IB: ncclIbConnectImpl: IbDev 0 Port 1 qp_num 12119 query_ece={supported=1, vendor_id=0x15b3, options=0x30000002, comp_mask=0x0}
node1:65:75 [0] NCCL INFO NET/IB: Subnet-aware routing: overriding dev 5 with dev 2
node1:65:75 [0] NCCL INFO NET/IB: Subnet-aware routing: overriding dev 4 with dev 0
node1:65:75 [0] NCCL INFO NET/IB: Subnet-aware routing: overriding dev 5 with dev 2
node1:65:75 [0] NCCL INFO NET/IB: Subnet-aware routing: overriding dev 4 with dev 0
node1:65:75 [0] NCCL INFO NET/IB: ncclIbResiliencyInit: Resiliency is disabled on the send communicator (comm=0xfce2b2a00000)
node1:65:75 [0] NCCL INFO NET/IB: Subnet-aware routing: overriding dev 4 with dev 1
node1:65:75 [0] NCCL INFO NET/IB: ncclIbReceiverQpsCreateToRts: QP created: port=1 dev=1 devName=rocep1s0f1 ndevs=4 nmdevs=6 qp_num=15369 pkey=0 pd=0xfce2b01faf70 oooRq=0
node1:65:75 [0] NCCL INFO NET/IB: ncclIbReceiverQpsCreateToRts: QP created: port=1 dev=1 devName=rocep1s0f1 ndevs=4 nmdevs=6 qp_num=15370 pkey=0 pd=0xfce2b01faf70 oooRq=0
node1:65:75 [0] NCCL INFO NET/IB: ncclIbReceiverQpsCreateToRts: Flush QP created: port=1 dev=1 devName=rocep1s0f1 ndevs=4 nmdevs=6 qp_num=15371 pkey=0 pd=0xfce2b01faf70
node1:65:75 [0] NCCL INFO NET/IB: Subnet-aware routing: overriding dev 5 with dev 2
node1:65:75 [0] NCCL INFO NET/IB: ncclIbSenderQpsToRts: Set ECE: IbDev 2 Port 1 qp_num 1780 set_ece={supported=1, vendor_id=0x15b3, options=0x30000002, comp_mask=0x0}
node1:65:75 [0] NCCL INFO NET/IB: ncclIbSenderQpsToRts: Set ECE: IbDev 2 Port 1 qp_num 1781 set_ece={supported=1, vendor_id=0x15b3, options=0x30000002, comp_mask=0x0}
node1:65:75 [0] NCCL INFO NET/IB: Subnet-aware routing: overriding dev 4 with dev 0
node1:65:75 [0] NCCL INFO NET/IB: ncclIbSenderQpsToRts: Set ECE: IbDev 0 Port 1 qp_num 12118 set_ece={supported=1, vendor_id=0x15b3, options=0x30000002, comp_mask=0x0}
node1:65:75 [0] NCCL INFO NET/IB: ncclIbSenderQpsToRts: Set ECE: IbDev 0 Port 1 qp_num 12119 set_ece={supported=1, vendor_id=0x15b3, options=0x30000002, comp_mask=0x0}
node1:65:75 [0] NCCL INFO NET/IB: Subnet-aware routing: overriding dev 5 with dev 2
node1:65:75 [0] NCCL INFO NET/IB: Subnet-aware routing: overriding dev 4 with dev 0
node1:65:75 [0] NCCL INFO NET/IB: Subnet-aware routing: overriding dev 5 with dev 2
node1:65:75 [0] NCCL INFO NET/IB: Subnet-aware routing: overriding dev 4 with dev 0
node1:65:75 [0] NCCL INFO NET/IB: ncclIbResiliencyInit: Resiliency is disabled on the recv communicator (comm=0xfce2b2abb000)
node1:65:75 [0] NCCL INFO NET/IB: ncclIbRecvCommInit: Receive work requests will be posted on-demand
node1:65:75 [0] NCCL INFO NET/IB: Subnet-aware routing: overriding dev 5 with dev 3
node1:65:75 [0] NCCL INFO NET/IB: ncclIbReceiverQpsCreateToRts: QP created: port=1 dev=3 devName=roceP2p1s0f1 ndevs=4 nmdevs=6 qp_num=2447 pkey=0 pd=0xfce2b034d430 oooRq=0
node1:65:75 [0] NCCL INFO NET/IB: ncclIbReceiverQpsCreateToRts: QP created: port=1 dev=3 devName=roceP2p1s0f1 ndevs=4 nmdevs=6 qp_num=2448 pkey=0 pd=0xfce2b034d430 oooRq=0
node1:65:75 [0] NCCL INFO NET/IB: ncclIbReceiverQpsCreateToRts: Flush QP created: port=1 dev=3 devName=roceP2p1s0f1 ndevs=4 nmdevs=6 qp_num=2449 pkey=0 pd=0xfce2b034d430
node1:65:75 [0] NCCL INFO NET/IB: Subnet-aware routing: overriding dev 5 with dev 2
node1:65:75 [0] NCCL INFO NET/IB: ncclIbSenderQpsCreate: QP created: port=1 dev=2 devName=roceP2p1s0f0 ndevs=4 nmdevs=6 qp_num=1782 pkey=0 pd=0xfce2b01b6e80 oooRq=0
node1:65:75 [0] NCCL INFO NET/IB: ncclIbSenderQpsCreate: QP created: port=1 dev=2 devName=roceP2p1s0f0 ndevs=4 nmdevs=6 qp_num=1783 pkey=0 pd=0xfce2b01b6e80 oooRq=0
node1:65:75 [0] NCCL INFO NET/IB: ncclIbConnectImpl: NCCL Dev 2 IbDev 2 Port 1 qp_num 1782 mtu 5 GID 3 (0/170A8C0FFFF0000) ctsFifoRkey=0x187978 ctsFifoLkey=0x187978
node1:65:75 [0] NCCL INFO NET/IB: ncclIbConnectImpl: IbDev 2 Port 1 qp_num 1782 query_ece={supported=1, vendor_id=0x15b3, options=0x30000002, comp_mask=0x0}
node1:65:75 [0] NCCL INFO NET/IB: ncclIbConnectImpl: NCCL Dev 2 IbDev 2 Port 1 qp_num 1783 mtu 5 GID 3 (0/170A8C0FFFF0000) ctsFifoRkey=0x187978 ctsFifoLkey=0x187978
node1:65:75 [0] NCCL INFO NET/IB: ncclIbConnectImpl: IbDev 2 Port 1 qp_num 1783 query_ece={supported=1, vendor_id=0x15b3, options=0x30000002, comp_mask=0x0}
node1:65:75 [0] NCCL INFO NET/IB: Subnet-aware routing: overriding dev 4 with dev 0
node1:65:75 [0] NCCL INFO NET/IB: Subnet-aware routing: overriding dev 5 with dev 2
node1:65:75 [0] NCCL INFO NET/IB: Subnet-aware routing: overriding dev 4 with dev 0
node1:65:75 [0] NCCL INFO NET/IB: Subnet-aware routing: overriding dev 5 with dev 2
node1:65:75 [0] NCCL INFO NET/IB: ncclIbResiliencyInit: Resiliency is disabled on the send communicator (comm=0xfce2b2bd4000)
node1:65:75 [0] NCCL INFO NET/IB: Subnet-aware routing: overriding dev 5 with dev 2
node1:65:75 [0] NCCL INFO NET/IB: ncclIbSenderQpsToRts: Set ECE: IbDev 2 Port 1 qp_num 1782 set_ece={supported=1, vendor_id=0x15b3, options=0x30000002, comp_mask=0x0}
node1:65:75 [0] NCCL INFO NET/IB: ncclIbSenderQpsToRts: Set ECE: IbDev 2 Port 1 qp_num 1783 set_ece={supported=1, vendor_id=0x15b3, options=0x30000002, comp_mask=0x0}
node1:65:75 [0] NCCL INFO NET/IB: Subnet-aware routing: overriding dev 4 with dev 0
node1:65:75 [0] NCCL INFO NET/IB: ncclIbSenderQpsCreate: QP created: port=1 dev=0 devName=rocep1s0f0 ndevs=4 nmdevs=6 qp_num=12120 pkey=0 pd=0xfce2b007dbd0 oooRq=0
node1:65:75 [0] NCCL INFO NET/IB: ncclIbSenderQpsCreate: QP created: port=1 dev=0 devName=rocep1s0f0 ndevs=4 nmdevs=6 qp_num=12121 pkey=0 pd=0xfce2b007dbd0 oooRq=0
node1:65:75 [0] NCCL INFO NET/IB: ncclIbConnectImpl: NCCL Dev 0 IbDev 0 Port 1 qp_num 12120 mtu 5 GID 6 (0/166A8C0FFFF0000) ctsFifoRkey=0x182ae7 ctsFifoLkey=0x182ae7
node1:65:75 [0] NCCL INFO NET/IB: ncclIbConnectImpl: IbDev 0 Port 1 qp_num 12120 query_ece={supported=1, vendor_id=0x15b3, options=0x30000002, comp_mask=0x0}
node1:65:75 [0] NCCL INFO NET/IB: ncclIbConnectImpl: NCCL Dev 0 IbDev 0 Port 1 qp_num 12121 mtu 5 GID 6 (0/166A8C0FFFF0000) ctsFifoRkey=0x182ae7 ctsFifoLkey=0x182ae7
node1:65:75 [0] NCCL INFO NET/IB: ncclIbConnectImpl: IbDev 0 Port 1 qp_num 12121 query_ece={supported=1, vendor_id=0x15b3, options=0x30000002, comp_mask=0x0}
node1:65:75 [0] NCCL INFO NET/IB: Subnet-aware routing: overriding dev 5 with dev 2
node1:65:75 [0] NCCL INFO NET/IB: Subnet-aware routing: overriding dev 4 with dev 0
node1:65:75 [0] NCCL INFO NET/IB: Subnet-aware routing: overriding dev 5 with dev 2
node1:65:75 [0] NCCL INFO NET/IB: ncclIbResiliencyInit: Resiliency is disabled on the recv communicator (comm=0xfce2b2c6d000)
node1:65:75 [0] NCCL INFO NET/IB: ncclIbRecvCommInit: Receive work requests will be posted on-demand
node1:65:75 [0] NCCL INFO NET/IB: Subnet-aware routing: overriding dev 4 with dev 0
node1:65:75 [0] NCCL INFO NET/IB: Subnet-aware routing: overriding dev 5 with dev 2
node1:65:75 [0] NCCL INFO NET/IB: Subnet-aware routing: overriding dev 4 with dev 0
node1:65:75 [0] NCCL INFO NET/IB: Subnet-aware routing: overriding dev 5 with dev 2
node1:65:75 [0] NCCL INFO NET/IB: Subnet-aware routing: overriding dev 4 with dev 0
node1:65:75 [0] NCCL INFO NET/IB: ncclIbResiliencyInit: Resiliency is disabled on the send communicator (comm=0xfce2b2cb5000)
node1:65:75 [0] NCCL INFO NET/IB: Subnet-aware routing: overriding dev 4 with dev 0
node1:65:75 [0] NCCL INFO NET/IB: ncclIbSenderQpsToRts: Set ECE: IbDev 0 Port 1 qp_num 12120 set_ece={supported=1, vendor_id=0x15b3, options=0x30000002, comp_mask=0x0}
node1:65:75 [0] NCCL INFO NET/IB: ncclIbSenderQpsToRts: Set ECE: IbDev 0 Port 1 qp_num 12121 set_ece={supported=1, vendor_id=0x15b3, options=0x30000002, comp_mask=0x0}
node1:65:75 [0] NCCL INFO NET/IB: Subnet-aware routing: overriding dev 5 with dev 2
node1:65:75 [0] NCCL INFO NET/IB: Subnet-aware routing: overriding dev 4 with dev 0
node1:65:75 [0] NCCL INFO NET/IB: Subnet-aware routing: overriding dev 5 with dev 2
node1:65:75 [0] NCCL INFO NET/IB: Subnet-aware routing: overriding dev 4 with dev 0
node1:65:75 [0] NCCL INFO NET/IB: ncclIbResiliencyInit: Resiliency is disabled on the recv communicator (comm=0xfce2b2cf9000)
node1:65:75 [0] NCCL INFO NET/IB: ncclIbRecvCommInit: Receive work requests will be posted on-demand
node1:65:75 [0] NCCL INFO NET/IB: Subnet-aware routing: overriding dev 4 with dev 1
node1:65:75 [0] NCCL INFO NET/IB: ncclIbReceiverQpsCreateToRts: QP created: port=1 dev=1 devName=rocep1s0f1 ndevs=4 nmdevs=6 qp_num=15372 pkey=0 pd=0xfce2b01faf70 oooRq=0
node1:65:75 [0] NCCL INFO NET/IB: ncclIbReceiverQpsCreateToRts: QP created: port=1 dev=1 devName=rocep1s0f1 ndevs=4 nmdevs=6 qp_num=15373 pkey=0 pd=0xfce2b01faf70 oooRq=0
node1:65:75 [0] NCCL INFO NET/IB: ncclIbReceiverQpsCreateToRts: Flush QP created: port=1 dev=1 devName=rocep1s0f1 ndevs=4 nmdevs=6 qp_num=15374 pkey=0 pd=0xfce2b01faf70
node1:65:75 [0] NCCL INFO NET/IB: Subnet-aware routing: overriding dev 5 with dev 3
node1:65:75 [0] NCCL INFO NET/IB: ncclIbReceiverQpsCreateToRts: QP created: port=1 dev=3 devName=roceP2p1s0f1 ndevs=4 nmdevs=6 qp_num=2450 pkey=0 pd=0xfce2b034d430 oooRq=0
node1:65:75 [0] NCCL INFO NET/IB: ncclIbReceiverQpsCreateToRts: QP created: port=1 dev=3 devName=roceP2p1s0f1 ndevs=4 nmdevs=6 qp_num=2451 pkey=0 pd=0xfce2b034d430 oooRq=0
node1:65:75 [0] NCCL INFO NET/IB: ncclIbReceiverQpsCreateToRts: Flush QP created: port=1 dev=3 devName=roceP2p1s0f1 ndevs=4 nmdevs=6 qp_num=2452 pkey=0 pd=0xfce2b034d430
node1:65:75 [0] NCCL INFO NET/IB: Subnet-aware routing: overriding dev 5 with dev 2
node1:65:75 [0] NCCL INFO NET/IB: Subnet-aware routing: overriding dev 4 with dev 0
node1:65:75 [0] NCCL INFO NET/IB: Subnet-aware routing: overriding dev 5 with dev 2
node1:65:75 [0] NCCL INFO NET/IB: Subnet-aware routing: overriding dev 4 with dev 0
node1:65:75 [0] NCCL INFO NET/IB: Subnet-aware routing: overriding dev 5 with dev 2
node1:65:75 [0] NCCL INFO NET/IB: ncclIbResiliencyInit: Resiliency is disabled on the send communicator (comm=0xfce2b2e35000)
node1:65:75 [0] NCCL INFO NET/IB: Subnet-aware routing: overriding dev 5 with dev 2
node1:65:75 [0] NCCL INFO NET/IB: ncclIbSenderQpsCreate: QP created: port=1 dev=2 devName=roceP2p1s0f0 ndevs=4 nmdevs=6 qp_num=1784 pkey=0 pd=0xfce2b01b6e80 oooRq=0
node1:65:75 [0] NCCL INFO NET/IB: ncclIbSenderQpsCreate: QP created: port=1 dev=2 devName=roceP2p1s0f0 ndevs=4 nmdevs=6 qp_num=1785 pkey=0 pd=0xfce2b01b6e80 oooRq=0
node1:65:75 [0] NCCL INFO NET/IB: ncclIbConnectImpl: NCCL Dev 2 IbDev 2 Port 1 qp_num 1784 mtu 5 GID 3 (0/170A8C0FFFF0000) ctsFifoRkey=0x18bbb6 ctsFifoLkey=0x18bbb6
node1:65:75 [0] NCCL INFO NET/IB: ncclIbConnectImpl: IbDev 2 Port 1 qp_num 1784 query_ece={supported=1, vendor_id=0x15b3, options=0x30000002, comp_mask=0x0}
node1:65:75 [0] NCCL INFO NET/IB: ncclIbConnectImpl: NCCL Dev 2 IbDev 2 Port 1 qp_num 1785 mtu 5 GID 3 (0/170A8C0FFFF0000) ctsFifoRkey=0x18bbb6 ctsFifoLkey=0x18bbb6
node1:65:75 [0] NCCL INFO NET/IB: ncclIbConnectImpl: IbDev 2 Port 1 qp_num 1785 query_ece={supported=1, vendor_id=0x15b3, options=0x30000002, comp_mask=0x0}
node1:65:75 [0] NCCL INFO NET/IB: Subnet-aware routing: overriding dev 4 with dev 0
node1:65:75 [0] NCCL INFO NET/IB: Subnet-aware routing: overriding dev 5 with dev 2
node1:65:75 [0] NCCL INFO NET/IB: Subnet-aware routing: overriding dev 4 with dev 0
node1:65:75 [0] NCCL INFO NET/IB: Subnet-aware routing: overriding dev 5 with dev 2
node1:65:75 [0] NCCL INFO NET/IB: ncclIbResiliencyInit: Resiliency is disabled on the recv communicator (comm=0xfce2b2ed2000)
node1:65:75 [0] NCCL INFO NET/IB: ncclIbRecvCommInit: Receive work requests will be posted on-demand
node1:65:75 [0] NCCL INFO NET/IB: Subnet-aware routing: overriding dev 5 with dev 2
node1:65:75 [0] NCCL INFO NET/IB: Subnet-aware routing: overriding dev 4 with dev 0
node1:65:75 [0] NCCL INFO NET/IB: Subnet-aware routing: overriding dev 5 with dev 2
node1:65:75 [0] NCCL INFO NET/IB: Subnet-aware routing: overriding dev 4 with dev 0
node1:65:75 [0] NCCL INFO NET/IB: Subnet-aware routing: overriding dev 5 with dev 2
node1:65:75 [0] NCCL INFO NET/IB: Subnet-aware routing: overriding dev 4 with dev 0
node1:65:75 [0] NCCL INFO NET/IB: ncclIbResiliencyInit: Resiliency is disabled on the send communicator (comm=0xfce2b2f1a000)
node1:65:75 [0] NCCL INFO NET/IB: Subnet-aware routing: overriding dev 5 with dev 2
node1:65:75 [0] NCCL INFO NET/IB: Subnet-aware routing: overriding dev 4 with dev 0
node1:65:75 [0] NCCL INFO NET/IB: Subnet-aware routing: overriding dev 5 with dev 2
node1:65:75 [0] NCCL INFO NET/IB: Subnet-aware routing: overriding dev 4 with dev 0
node1:65:75 [0] NCCL INFO NET/IB: Subnet-aware routing: overriding dev 5 with dev 2
node1:65:75 [0] NCCL INFO NET/IB: Subnet-aware routing: overriding dev 4 with dev 0
node1:65:75 [0] NCCL INFO NET/IB: ncclIbResiliencyInit: Resiliency is disabled on the recv communicator (comm=0xfce2b2f5e000)
node1:65:75 [0] NCCL INFO NET/IB: ncclIbRecvCommInit: Receive work requests will be posted on-demand
node1:65:75 [0] NCCL INFO NET/IB: Subnet-aware routing: overriding dev 5 with dev 2
node1:65:75 [0] NCCL INFO NET/IB: ncclIbSenderQpsToRts: Set ECE: IbDev 2 Port 1 qp_num 1784 set_ece={supported=1, vendor_id=0x15b3, options=0x30000002, comp_mask=0x0}
node1:65:75 [0] NCCL INFO NET/IB: ncclIbSenderQpsToRts: Set ECE: IbDev 2 Port 1 qp_num 1785 set_ece={supported=1, vendor_id=0x15b3, options=0x30000002, comp_mask=0x0}
node1:65:75 [0] NCCL INFO NET/IB: Subnet-aware routing: overriding dev 4 with dev 0
node1:65:75 [0] NCCL INFO NET/IB: ncclIbSenderQpsCreate: QP created: port=1 dev=0 devName=rocep1s0f0 ndevs=4 nmdevs=6 qp_num=12122 pkey=0 pd=0xfce2b007dbd0 oooRq=0
node1:65:75 [0] NCCL INFO NET/IB: ncclIbSenderQpsCreate: QP created: port=1 dev=0 devName=rocep1s0f0 ndevs=4 nmdevs=6 qp_num=12123 pkey=0 pd=0xfce2b007dbd0 oooRq=0
node1:65:75 [0] NCCL INFO NET/IB: ncclIbConnectImpl: NCCL Dev 0 IbDev 0 Port 1 qp_num 12122 mtu 5 GID 6 (0/166A8C0FFFF0000) ctsFifoRkey=0x17b673 ctsFifoLkey=0x17b673
node1:65:75 [0] NCCL INFO NET/IB: ncclIbConnectImpl: IbDev 0 Port 1 qp_num 12122 query_ece={supported=1, vendor_id=0x15b3, options=0x30000002, comp_mask=0x0}
node1:65:75 [0] NCCL INFO NET/IB: ncclIbConnectImpl: NCCL Dev 0 IbDev 0 Port 1 qp_num 12123 mtu 5 GID 6 (0/166A8C0FFFF0000) ctsFifoRkey=0x17b673 ctsFifoLkey=0x17b673
node1:65:75 [0] NCCL INFO NET/IB: ncclIbConnectImpl: IbDev 0 Port 1 qp_num 12123 query_ece={supported=1, vendor_id=0x15b3, options=0x30000002, comp_mask=0x0}
node1:65:75 [0] NCCL INFO NET/IB: Subnet-aware routing: overriding dev 5 with dev 2
node1:65:75 [0] NCCL INFO NET/IB: Subnet-aware routing: overriding dev 4 with dev 0
node1:65:75 [0] NCCL INFO NET/IB: Subnet-aware routing: overriding dev 5 with dev 2
node1:65:75 [0] NCCL INFO NET/IB: Subnet-aware routing: overriding dev 4 with dev 0
node1:65:75 [0] NCCL INFO NET/IB: Subnet-aware routing: overriding dev 5 with dev 2
node1:65:75 [0] NCCL INFO NET/IB: ncclIbResiliencyInit: Resiliency is disabled on the send communicator (comm=0xfce2b2ffb000)
node1:65:75 [0] NCCL INFO NET/IB: Subnet-aware routing: overriding dev 4 with dev 1
node1:65:75 [0] NCCL INFO NET/IB: ncclIbReceiverQpsCreateToRts: QP created: port=1 dev=1 devName=rocep1s0f1 ndevs=4 nmdevs=6 qp_num=15375 pkey=0 pd=0xfce2b01faf70 oooRq=0
node1:65:75 [0] NCCL INFO NET/IB: ncclIbReceiverQpsCreateToRts: QP created: port=1 dev=1 devName=rocep1s0f1 ndevs=4 nmdevs=6 qp_num=15376 pkey=0 pd=0xfce2b01faf70 oooRq=0
node1:65:75 [0] NCCL INFO NET/IB: ncclIbReceiverQpsCreateToRts: Flush QP created: port=1 dev=1 devName=rocep1s0f1 ndevs=4 nmdevs=6 qp_num=15377 pkey=0 pd=0xfce2b01faf70
node1:65:75 [0] NCCL INFO NET/IB: Subnet-aware routing: overriding dev 4 with dev 0
node1:65:75 [0] NCCL INFO NET/IB: Subnet-aware routing: overriding dev 5 with dev 2
node1:65:75 [0] NCCL INFO NET/IB: ncclIbSenderQpsCreate: QP created: port=1 dev=2 devName=roceP2p1s0f0 ndevs=4 nmdevs=6 qp_num=1786 pkey=0 pd=0xfce2b01b6e80 oooRq=0
node1:65:75 [0] NCCL INFO NET/IB: ncclIbSenderQpsCreate: QP created: port=1 dev=2 devName=roceP2p1s0f0 ndevs=4 nmdevs=6 qp_num=1787 pkey=0 pd=0xfce2b01b6e80 oooRq=0
node1:65:75 [0] NCCL INFO NET/IB: ncclIbConnectImpl: NCCL Dev 2 IbDev 2 Port 1 qp_num 1786 mtu 5 GID 3 (0/170A8C0FFFF0000) ctsFifoRkey=0x188584 ctsFifoLkey=0x188584
node1:65:75 [0] NCCL INFO NET/IB: ncclIbConnectImpl: IbDev 2 Port 1 qp_num 1786 query_ece={supported=1, vendor_id=0x15b3, options=0x30000002, comp_mask=0x0}
node1:65:75 [0] NCCL INFO NET/IB: ncclIbConnectImpl: NCCL Dev 2 IbDev 2 Port 1 qp_num 1787 mtu 5 GID 3 (0/170A8C0FFFF0000) ctsFifoRkey=0x188584 ctsFifoLkey=0x188584
node1:65:75 [0] NCCL INFO NET/IB: ncclIbConnectImpl: IbDev 2 Port 1 qp_num 1787 query_ece={supported=1, vendor_id=0x15b3, options=0x30000002, comp_mask=0x0}
node1:65:75 [0] NCCL INFO NET/IB: Subnet-aware routing: overriding dev 4 with dev 0
node1:65:75 [0] NCCL INFO NET/IB: Subnet-aware routing: overriding dev 5 with dev 2
node1:65:75 [0] NCCL INFO NET/IB: Subnet-aware routing: overriding dev 4 with dev 0
node1:65:75 [0] NCCL INFO NET/IB: Subnet-aware routing: overriding dev 5 with dev 2
node1:65:75 [0] NCCL INFO NET/IB: ncclIbResiliencyInit: Resiliency is disabled on the recv communicator (comm=0xfce2b3114000)
node1:65:75 [0] NCCL INFO NET/IB: ncclIbRecvCommInit: Receive work requests will be posted on-demand
node1:65:75 [0] NCCL INFO NET/IB: Subnet-aware routing: overriding dev 4 with dev 0
node1:65:75 [0] NCCL INFO NET/IB: ncclIbSenderQpsToRts: Set ECE: IbDev 0 Port 1 qp_num 12122 set_ece={supported=1, vendor_id=0x15b3, options=0x30000002, comp_mask=0x0}
node1:65:75 [0] NCCL INFO NET/IB: ncclIbSenderQpsToRts: Set ECE: IbDev 0 Port 1 qp_num 12123 set_ece={supported=1, vendor_id=0x15b3, options=0x30000002, comp_mask=0x0}
node1:65:75 [0] NCCL INFO NET/IB: Subnet-aware routing: overriding dev 5 with dev 2
node1:65:75 [0] NCCL INFO NET/IB: Subnet-aware routing: overriding dev 4 with dev 0
node1:65:75 [0] NCCL INFO NET/IB: Subnet-aware routing: overriding dev 5 with dev 2
node1:65:75 [0] NCCL INFO NET/IB: Subnet-aware routing: overriding dev 4 with dev 0
node1:65:75 [0] NCCL INFO NET/IB: Subnet-aware routing: overriding dev 5 with dev 2
node1:65:75 [0] NCCL INFO NET/IB: Subnet-aware routing: overriding dev 4 with dev 0
node1:65:75 [0] NCCL INFO NET/IB: ncclIbResiliencyInit: Resiliency is disabled on the send communicator (comm=0xfce2b315c000)
node1:65:75 [0] NCCL INFO NET/IB: Subnet-aware routing: overriding dev 5 with dev 3
node1:65:75 [0] NCCL INFO NET/IB: ncclIbReceiverQpsCreateToRts: QP created: port=1 dev=3 devName=roceP2p1s0f1 ndevs=4 nmdevs=6 qp_num=2453 pkey=0 pd=0xfce2b034d430 oooRq=0
node1:65:75 [0] NCCL INFO NET/IB: ncclIbReceiverQpsCreateToRts: QP created: port=1 dev=3 devName=roceP2p1s0f1 ndevs=4 nmdevs=6 qp_num=2454 pkey=0 pd=0xfce2b034d430 oooRq=0
node1:65:75 [0] NCCL INFO NET/IB: ncclIbReceiverQpsCreateToRts: Flush QP created: port=1 dev=3 devName=roceP2p1s0f1 ndevs=4 nmdevs=6 qp_num=2455 pkey=0 pd=0xfce2b034d430
node1:65:75 [0] NCCL INFO NET/IB: Subnet-aware routing: overriding dev 4 with dev 1
node1:65:75 [0] NCCL INFO NET/IB: ncclIbReceiverQpsCreateToRts: QP created: port=1 dev=1 devName=rocep1s0f1 ndevs=4 nmdevs=6 qp_num=15378 pkey=0 pd=0xfce2b01faf70 oooRq=0
node1:65:75 [0] NCCL INFO NET/IB: ncclIbReceiverQpsCreateToRts: QP created: port=1 dev=1 devName=rocep1s0f1 ndevs=4 nmdevs=6 qp_num=15379 pkey=0 pd=0xfce2b01faf70 oooRq=0
node1:65:75 [0] NCCL INFO NET/IB: ncclIbReceiverQpsCreateToRts: Flush QP created: port=1 dev=1 devName=rocep1s0f1 ndevs=4 nmdevs=6 qp_num=15380 pkey=0 pd=0xfce2b01faf70
node1:65:75 [0] NCCL INFO NET/IB: Subnet-aware routing: overriding dev 5 with dev 2
node1:65:75 [0] NCCL INFO NET/IB: ncclIbSenderQpsToRts: Set ECE: IbDev 2 Port 1 qp_num 1786 set_ece={supported=1, vendor_id=0x15b3, options=0x30000002, comp_mask=0x0}
node1:65:75 [0] NCCL INFO NET/IB: ncclIbSenderQpsToRts: Set ECE: IbDev 2 Port 1 qp_num 1787 set_ece={supported=1, vendor_id=0x15b3, options=0x30000002, comp_mask=0x0}
node1:65:75 [0] NCCL INFO NET/IB: Subnet-aware routing: overriding dev 4 with dev 0
node1:65:75 [0] NCCL INFO NET/IB: ncclIbSenderQpsCreate: QP created: port=1 dev=0 devName=rocep1s0f0 ndevs=4 nmdevs=6 qp_num=12124 pkey=0 pd=0xfce2b007dbd0 oooRq=0
node1:65:75 [0] NCCL INFO NET/IB: ncclIbSenderQpsCreate: QP created: port=1 dev=0 devName=rocep1s0f0 ndevs=4 nmdevs=6 qp_num=12125 pkey=0 pd=0xfce2b007dbd0 oooRq=0
node1:65:75 [0] NCCL INFO NET/IB: ncclIbConnectImpl: NCCL Dev 0 IbDev 0 Port 1 qp_num 12124 mtu 5 GID 6 (0/166A8C0FFFF0000) ctsFifoRkey=0x16c96f ctsFifoLkey=0x16c96f
node1:65:75 [0] NCCL INFO NET/IB: ncclIbConnectImpl: IbDev 0 Port 1 qp_num 12124 query_ece={supported=1, vendor_id=0x15b3, options=0x30000002, comp_mask=0x0}
node1:65:75 [0] NCCL INFO NET/IB: ncclIbConnectImpl: NCCL Dev 0 IbDev 0 Port 1 qp_num 12125 mtu 5 GID 6 (0/166A8C0FFFF0000) ctsFifoRkey=0x16c96f ctsFifoLkey=0x16c96f
node1:65:75 [0] NCCL INFO NET/IB: ncclIbConnectImpl: IbDev 0 Port 1 qp_num 12125 query_ece={supported=1, vendor_id=0x15b3, options=0x30000002, comp_mask=0x0}
node1:65:75 [0] NCCL INFO NET/IB: Subnet-aware routing: overriding dev 5 with dev 2
node1:65:75 [0] NCCL INFO NET/IB: Subnet-aware routing: overriding dev 4 with dev 0
node1:65:75 [0] NCCL INFO NET/IB: Subnet-aware routing: overriding dev 5 with dev 2
node1:65:75 [0] NCCL INFO NET/IB: Subnet-aware routing: overriding dev 4 with dev 0
node1:65:75 [0] NCCL INFO NET/IB: ncclIbResiliencyInit: Resiliency is disabled on the recv communicator (comm=0xfce2b32ed000)
node1:65:75 [0] NCCL INFO NET/IB: ncclIbRecvCommInit: Receive work requests will be posted on-demand
node1:65:75 [0] NCCL INFO NET/IB: Subnet-aware routing: overriding dev 4 with dev 0
node1:65:75 [0] NCCL INFO NET/IB: Subnet-aware routing: overriding dev 5 with dev 2
node1:65:75 [0] NCCL INFO NET/IB: Subnet-aware routing: overriding dev 4 with dev 0
node1:65:75 [0] NCCL INFO NET/IB: Subnet-aware routing: overriding dev 5 with dev 2
node1:65:75 [0] NCCL INFO NET/IB: Subnet-aware routing: overriding dev 4 with dev 0
node1:65:75 [0] NCCL INFO NET/IB: Subnet-aware routing: overriding dev 5 with dev 2
node1:65:75 [0] NCCL INFO NET/IB: ncclIbResiliencyInit: Resiliency is disabled on the send communicator (comm=0xfce2b3335000)
node1:65:75 [0] NCCL INFO NET/IB: Subnet-aware routing: overriding dev 5 with dev 3
node1:65:75 [0] NCCL INFO NET/IB: ncclIbReceiverQpsCreateToRts: QP created: port=1 dev=3 devName=roceP2p1s0f1 ndevs=4 nmdevs=6 qp_num=2456 pkey=0 pd=0xfce2b034d430 oooRq=0
node1:65:75 [0] NCCL INFO NET/IB: ncclIbReceiverQpsCreateToRts: QP created: port=1 dev=3 devName=roceP2p1s0f1 ndevs=4 nmdevs=6 qp_num=2457 pkey=0 pd=0xfce2b034d430 oooRq=0
node1:65:75 [0] NCCL INFO NET/IB: ncclIbReceiverQpsCreateToRts: Flush QP created: port=1 dev=3 devName=roceP2p1s0f1 ndevs=4 nmdevs=6 qp_num=2458 pkey=0 pd=0xfce2b034d430
node1:65:75 [0] NCCL INFO NET/IB: Subnet-aware routing: overriding dev 4 with dev 0
node1:65:75 [0] NCCL INFO NET/IB: ncclIbSenderQpsToRts: Set ECE: IbDev 0 Port 1 qp_num 12124 set_ece={supported=1, vendor_id=0x15b3, options=0x30000002, comp_mask=0x0}
node1:65:75 [0] NCCL INFO NET/IB: ncclIbSenderQpsToRts: Set ECE: IbDev 0 Port 1 qp_num 12125 set_ece={supported=1, vendor_id=0x15b3, options=0x30000002, comp_mask=0x0}
node1:65:75 [0] NCCL INFO NET/IB: Subnet-aware routing: overriding dev 5 with dev 2
node1:65:75 [0] NCCL INFO NET/IB: ncclIbSenderQpsCreate: QP created: port=1 dev=2 devName=roceP2p1s0f0 ndevs=4 nmdevs=6 qp_num=1788 pkey=0 pd=0xfce2b01b6e80 oooRq=0
node1:65:75 [0] NCCL INFO NET/IB: ncclIbSenderQpsCreate: QP created: port=1 dev=2 devName=roceP2p1s0f0 ndevs=4 nmdevs=6 qp_num=1789 pkey=0 pd=0xfce2b01b6e80 oooRq=0
node1:65:75 [0] NCCL INFO NET/IB: ncclIbConnectImpl: NCCL Dev 2 IbDev 2 Port 1 qp_num 1788 mtu 5 GID 3 (0/170A8C0FFFF0000) ctsFifoRkey=0x18acaa ctsFifoLkey=0x18acaa
node1:65:75 [0] NCCL INFO NET/IB: ncclIbConnectImpl: IbDev 2 Port 1 qp_num 1788 query_ece={supported=1, vendor_id=0x15b3, options=0x30000002, comp_mask=0x0}
node1:65:75 [0] NCCL INFO NET/IB: ncclIbConnectImpl: NCCL Dev 2 IbDev 2 Port 1 qp_num 1789 mtu 5 GID 3 (0/170A8C0FFFF0000) ctsFifoRkey=0x18acaa ctsFifoLkey=0x18acaa
node1:65:75 [0] NCCL INFO NET/IB: ncclIbConnectImpl: IbDev 2 Port 1 qp_num 1789 query_ece={supported=1, vendor_id=0x15b3, options=0x30000002, comp_mask=0x0}
node1:65:75 [0] NCCL INFO NET/IB: Subnet-aware routing: overriding dev 4 with dev 0
node1:65:75 [0] NCCL INFO NET/IB: ncclIbSenderQpsCreate: QP created: port=1 dev=0 devName=rocep1s0f0 ndevs=4 nmdevs=6 qp_num=12126 pkey=0 pd=0xfce2b007dbd0 oooRq=0
node1:65:75 [0] NCCL INFO NET/IB: ncclIbSenderQpsCreate: QP created: port=1 dev=0 devName=rocep1s0f0 ndevs=4 nmdevs=6 qp_num=12127 pkey=0 pd=0xfce2b007dbd0 oooRq=0
node1:65:75 [0] NCCL INFO NET/IB: ncclIbConnectImpl: NCCL Dev 0 IbDev 0 Port 1 qp_num 12126 mtu 5 GID 6 (0/166A8C0FFFF0000) ctsFifoRkey=0x179956 ctsFifoLkey=0x179956
node1:65:75 [0] NCCL INFO NET/IB: ncclIbConnectImpl: IbDev 0 Port 1 qp_num 12126 query_ece={supported=1, vendor_id=0x15b3, options=0x30000002, comp_mask=0x0}
node1:65:75 [0] NCCL INFO NET/IB: ncclIbConnectImpl: NCCL Dev 0 IbDev 0 Port 1 qp_num 12127 mtu 5 GID 6 (0/166A8C0FFFF0000) ctsFifoRkey=0x179956 ctsFifoLkey=0x179956
node1:65:75 [0] NCCL INFO NET/IB: ncclIbConnectImpl: IbDev 0 Port 1 qp_num 12127 query_ece={supported=1, vendor_id=0x15b3, options=0x30000002, comp_mask=0x0}
node1:65:75 [0] NCCL INFO NET/IB: Subnet-aware routing: overriding dev 5 with dev 2
node1:65:75 [0] NCCL INFO NET/IB: Subnet-aware routing: overriding dev 4 with dev 0
node1:65:75 [0] NCCL INFO NET/IB: Subnet-aware routing: overriding dev 5 with dev 2
node1:65:75 [0] NCCL INFO NET/IB: ncclIbResiliencyInit: Resiliency is disabled on the recv communicator (comm=0xfce2b34a5000)
node1:65:75 [0] NCCL INFO NET/IB: ncclIbRecvCommInit: Receive work requests will be posted on-demand
node1:65:75 [0] NCCL INFO NET/IB: Subnet-aware routing: overriding dev 5 with dev 2
node1:65:75 [0] NCCL INFO NET/IB: Subnet-aware routing: overriding dev 4 with dev 0
node1:65:75 [0] NCCL INFO NET/IB: Subnet-aware routing: overriding dev 5 with dev 2
node1:65:75 [0] NCCL INFO NET/IB: Subnet-aware routing: overriding dev 4 with dev 0
node1:65:75 [0] NCCL INFO NET/IB: Subnet-aware routing: overriding dev 5 with dev 2
node1:65:75 [0] NCCL INFO NET/IB: Subnet-aware routing: overriding dev 4 with dev 0
node1:65:75 [0] NCCL INFO NET/IB: ncclIbResiliencyInit: Resiliency is disabled on the send communicator (comm=0xfce2b34ed000)
node1:65:75 [0] NCCL INFO NET/IB: Subnet-aware routing: overriding dev 5 with dev 2
node1:65:75 [0] NCCL INFO NET/IB: Subnet-aware routing: overriding dev 4 with dev 0
node1:65:75 [0] NCCL INFO NET/IB: Subnet-aware routing: overriding dev 5 with dev 2
node1:65:75 [0] NCCL INFO NET/IB: Subnet-aware routing: overriding dev 4 with dev 0
node1:65:75 [0] NCCL INFO NET/IB: Subnet-aware routing: overriding dev 5 with dev 2
node1:65:75 [0] NCCL INFO NET/IB: Subnet-aware routing: overriding dev 4 with dev 0
node1:65:75 [0] NCCL INFO NET/IB: ncclIbResiliencyInit: Resiliency is disabled on the recv communicator (comm=0xfce2b352e000)
node1:65:75 [0] NCCL INFO NET/IB: ncclIbRecvCommInit: Receive work requests will be posted on-demand
node1:65:75 [0] NCCL INFO NET/IB: Subnet-aware routing: overriding dev 5 with dev 2
node1:65:75 [0] NCCL INFO NET/IB: ncclIbSenderQpsToRts: Set ECE: IbDev 2 Port 1 qp_num 1788 set_ece={supported=1, vendor_id=0x15b3, options=0x30000002, comp_mask=0x0}
node1:65:75 [0] NCCL INFO NET/IB: ncclIbSenderQpsToRts: Set ECE: IbDev 2 Port 1 qp_num 1789 set_ece={supported=1, vendor_id=0x15b3, options=0x30000002, comp_mask=0x0}
node1:65:75 [0] NCCL INFO NET/IB: Subnet-aware routing: overriding dev 4 with dev 0
node1:65:75 [0] NCCL INFO NET/IB: ncclIbSenderQpsToRts: Set ECE: IbDev 0 Port 1 qp_num 12126 set_ece={supported=1, vendor_id=0x15b3, options=0x30000002, comp_mask=0x0}
node1:65:75 [0] NCCL INFO NET/IB: ncclIbSenderQpsToRts: Set ECE: IbDev 0 Port 1 qp_num 12127 set_ece={supported=1, vendor_id=0x15b3, options=0x30000002, comp_mask=0x0}
node1:65:75 [0] NCCL INFO NET/IB: Subnet-aware routing: overriding dev 5 with dev 2
node1:65:75 [0] NCCL INFO NET/IB: Subnet-aware routing: overriding dev 4 with dev 0
node1:65:75 [0] NCCL INFO NET/IB: Subnet-aware routing: overriding dev 5 with dev 2
node1:65:75 [0] NCCL INFO NET/IB: Subnet-aware routing: overriding dev 4 with dev 0
node1:65:75 [0] NCCL INFO NET/IB: Subnet-aware routing: overriding dev 5 with dev 2
node1:65:75 [0] NCCL INFO NET/IB: ncclIbResiliencyInit: Resiliency is disabled on the send communicator (comm=0xfce2b3576000)
node1:65:75 [0] NCCL INFO NET/IB: Subnet-aware routing: overriding dev 4 with dev 1
node1:65:75 [0] NCCL INFO NET/IB: ncclIbReceiverQpsCreateToRts: QP created: port=1 dev=1 devName=rocep1s0f1 ndevs=4 nmdevs=6 qp_num=15381 pkey=0 pd=0xfce2b01faf70 oooRq=0
node1:65:75 [0] NCCL INFO NET/IB: ncclIbReceiverQpsCreateToRts: QP created: port=1 dev=1 devName=rocep1s0f1 ndevs=4 nmdevs=6 qp_num=15382 pkey=0 pd=0xfce2b01faf70 oooRq=0
node1:65:75 [0] NCCL INFO NET/IB: ncclIbReceiverQpsCreateToRts: Flush QP created: port=1 dev=1 devName=rocep1s0f1 ndevs=4 nmdevs=6 qp_num=15383 pkey=0 pd=0xfce2b01faf70
node1:65:75 [0] NCCL INFO NET/IB: Subnet-aware routing: overriding dev 5 with dev 3
node1:65:75 [0] NCCL INFO NET/IB: ncclIbReceiverQpsCreateToRts: QP created: port=1 dev=3 devName=roceP2p1s0f1 ndevs=4 nmdevs=6 qp_num=2459 pkey=0 pd=0xfce2b034d430 oooRq=0
node1:65:75 [0] NCCL INFO NET/IB: ncclIbReceiverQpsCreateToRts: QP created: port=1 dev=3 devName=roceP2p1s0f1 ndevs=4 nmdevs=6 qp_num=2460 pkey=0 pd=0xfce2b034d430 oooRq=0
node1:65:75 [0] NCCL INFO NET/IB: ncclIbReceiverQpsCreateToRts: Flush QP created: port=1 dev=3 devName=roceP2p1s0f1 ndevs=4 nmdevs=6 qp_num=2461 pkey=0 pd=0xfce2b034d430
node1:65:75 [0] NCCL INFO NET/IB: Subnet-aware routing: overriding dev 5 with dev 2
node1:65:75 [0] NCCL INFO NET/IB: ncclIbSenderQpsCreate: QP created: port=1 dev=2 devName=roceP2p1s0f0 ndevs=4 nmdevs=6 qp_num=1790 pkey=0 pd=0xfce2b01b6e80 oooRq=0
node1:65:75 [0] NCCL INFO NET/IB: ncclIbSenderQpsCreate: QP created: port=1 dev=2 devName=roceP2p1s0f0 ndevs=4 nmdevs=6 qp_num=1791 pkey=0 pd=0xfce2b01b6e80 oooRq=0
node1:65:75 [0] NCCL INFO NET/IB: ncclIbConnectImpl: NCCL Dev 2 IbDev 2 Port 1 qp_num 1790 mtu 5 GID 3 (0/170A8C0FFFF0000) ctsFifoRkey=0x18958f ctsFifoLkey=0x18958f
node1:65:75 [0] NCCL INFO NET/IB: ncclIbConnectImpl: IbDev 2 Port 1 qp_num 1790 query_ece={supported=1, vendor_id=0x15b3, options=0x30000002, comp_mask=0x0}
node1:65:75 [0] NCCL INFO NET/IB: ncclIbConnectImpl: NCCL Dev 2 IbDev 2 Port 1 qp_num 1791 mtu 5 GID 3 (0/170A8C0FFFF0000) ctsFifoRkey=0x18958f ctsFifoLkey=0x18958f
node1:65:75 [0] NCCL INFO NET/IB: ncclIbConnectImpl: IbDev 2 Port 1 qp_num 1791 query_ece={supported=1, vendor_id=0x15b3, options=0x30000002, comp_mask=0x0}
node1:65:75 [0] NCCL INFO NET/IB: Subnet-aware routing: overriding dev 4 with dev 0
node1:65:75 [0] NCCL INFO NET/IB: Subnet-aware routing: overriding dev 5 with dev 2
node1:65:75 [0] NCCL INFO NET/IB: Subnet-aware routing: overriding dev 4 with dev 0
node1:65:75 [0] NCCL INFO NET/IB: Subnet-aware routing: overriding dev 5 with dev 2
node1:65:75 [0] NCCL INFO NET/IB: ncclIbResiliencyInit: Resiliency is disabled on the recv communicator (comm=0xfce2b3707000)
node1:65:75 [0] NCCL INFO NET/IB: ncclIbRecvCommInit: Receive work requests will be posted on-demand
node1:65:75 [0] NCCL INFO NET/IB: Subnet-aware routing: overriding dev 5 with dev 2
node1:65:75 [0] NCCL INFO NET/IB: Subnet-aware routing: overriding dev 4 with dev 0
node1:65:75 [0] NCCL INFO NET/IB: Subnet-aware routing: overriding dev 5 with dev 2
node1:65:75 [0] NCCL INFO NET/IB: Subnet-aware routing: overriding dev 4 with dev 0
node1:65:75 [0] NCCL INFO NET/IB: Subnet-aware routing: overriding dev 5 with dev 2
node1:65:75 [0] NCCL INFO NET/IB: Subnet-aware routing: overriding dev 4 with dev 0
node1:65:75 [0] NCCL INFO NET/IB: ncclIbResiliencyInit: Resiliency is disabled on the send communicator (comm=0xfce2b374f000)
node1:65:75 [0] NCCL INFO NET/IB: Subnet-aware routing: overriding dev 5 with dev 2
node1:65:75 [0] NCCL INFO NET/IB: ncclIbSenderQpsToRts: Set ECE: IbDev 2 Port 1 qp_num 1790 set_ece={supported=1, vendor_id=0x15b3, options=0x30000002, comp_mask=0x0}
node1:65:75 [0] NCCL INFO NET/IB: ncclIbSenderQpsToRts: Set ECE: IbDev 2 Port 1 qp_num 1791 set_ece={supported=1, vendor_id=0x15b3, options=0x30000002, comp_mask=0x0}
node1:65:75 [0] NCCL INFO NET/IB: Subnet-aware routing: overriding dev 4 with dev 0
node1:65:75 [0] NCCL INFO NET/IB: ncclIbSenderQpsCreate: QP created: port=1 dev=0 devName=rocep1s0f0 ndevs=4 nmdevs=6 qp_num=12128 pkey=0 pd=0xfce2b007dbd0 oooRq=0
node1:65:75 [0] NCCL INFO NET/IB: ncclIbSenderQpsCreate: QP created: port=1 dev=0 devName=rocep1s0f0 ndevs=4 nmdevs=6 qp_num=12129 pkey=0 pd=0xfce2b007dbd0 oooRq=0
node1:65:75 [0] NCCL INFO NET/IB: ncclIbConnectImpl: NCCL Dev 0 IbDev 0 Port 1 qp_num 12128 mtu 5 GID 6 (0/166A8C0FFFF0000) ctsFifoRkey=0x160bc8 ctsFifoLkey=0x160bc8
node1:65:75 [0] NCCL INFO NET/IB: ncclIbConnectImpl: IbDev 0 Port 1 qp_num 12128 query_ece={supported=1, vendor_id=0x15b3, options=0x30000002, comp_mask=0x0}
node1:65:75 [0] NCCL INFO NET/IB: ncclIbConnectImpl: NCCL Dev 0 IbDev 0 Port 1 qp_num 12129 mtu 5 GID 6 (0/166A8C0FFFF0000) ctsFifoRkey=0x160bc8 ctsFifoLkey=0x160bc8
node1:65:75 [0] NCCL INFO NET/IB: ncclIbConnectImpl: IbDev 0 Port 1 qp_num 12129 query_ece={supported=1, vendor_id=0x15b3, options=0x30000002, comp_mask=0x0}
node1:65:75 [0] NCCL INFO NET/IB: Subnet-aware routing: overriding dev 5 with dev 2
node1:65:75 [0] NCCL INFO NET/IB: Subnet-aware routing: overriding dev 4 with dev 0
node1:65:75 [0] NCCL INFO NET/IB: Subnet-aware routing: overriding dev 5 with dev 2
node1:65:75 [0] NCCL INFO NET/IB: Subnet-aware routing: overriding dev 4 with dev 0
node1:65:75 [0] NCCL INFO NET/IB: ncclIbResiliencyInit: Resiliency is disabled on the recv communicator (comm=0xfce2b37e8000)
node1:65:75 [0] NCCL INFO NET/IB: ncclIbRecvCommInit: Receive work requests will be posted on-demand
node1:65:75 [0] NCCL INFO NET/IB: Subnet-aware routing: overriding dev 4 with dev 1
node1:65:75 [0] NCCL INFO NET/IB: ncclIbReceiverQpsCreateToRts: QP created: port=1 dev=1 devName=rocep1s0f1 ndevs=4 nmdevs=6 qp_num=15384 pkey=0 pd=0xfce2b01faf70 oooRq=0
node1:65:75 [0] NCCL INFO NET/IB: ncclIbReceiverQpsCreateToRts: QP created: port=1 dev=1 devName=rocep1s0f1 ndevs=4 nmdevs=6 qp_num=15385 pkey=0 pd=0xfce2b01faf70 oooRq=0
node1:65:75 [0] NCCL INFO NET/IB: ncclIbReceiverQpsCreateToRts: Flush QP created: port=1 dev=1 devName=rocep1s0f1 ndevs=4 nmdevs=6 qp_num=15386 pkey=0 pd=0xfce2b01faf70
node1:65:75 [0] NCCL INFO NET/IB: Subnet-aware routing: overriding dev 4 with dev 0
node1:65:75 [0] NCCL INFO NET/IB: Subnet-aware routing: overriding dev 5 with dev 2
node1:65:75 [0] NCCL INFO NET/IB: Subnet-aware routing: overriding dev 4 with dev 0
node1:65:75 [0] NCCL INFO NET/IB: Subnet-aware routing: overriding dev 5 with dev 2
node1:65:75 [0] NCCL INFO NET/IB: Subnet-aware routing: overriding dev 4 with dev 0
node1:65:75 [0] NCCL INFO NET/IB: Subnet-aware routing: overriding dev 5 with dev 2
node1:65:75 [0] NCCL INFO NET/IB: ncclIbResiliencyInit: Resiliency is disabled on the send communicator (comm=0xfce2b38ad000)
node1:65:75 [0] NCCL INFO NET/IB: Subnet-aware routing: overriding dev 4 with dev 0
node1:65:75 [0] NCCL INFO NET/IB: Subnet-aware routing: overriding dev 5 with dev 2
node1:65:75 [0] NCCL INFO NET/IB: Subnet-aware routing: overriding dev 4 with dev 0
node1:65:75 [0] NCCL INFO NET/IB: Subnet-aware routing: overriding dev 5 with dev 2
node1:65:75 [0] NCCL INFO NET/IB: Subnet-aware routing: overriding dev 4 with dev 0
node1:65:75 [0] NCCL INFO NET/IB: Subnet-aware routing: overriding dev 5 with dev 2
node1:65:75 [0] NCCL INFO NET/IB: ncclIbResiliencyInit: Resiliency is disabled on the recv communicator (comm=0xfce2b38f1000)
node1:65:75 [0] NCCL INFO NET/IB: ncclIbRecvCommInit: Receive work requests will be posted on-demand
node1:65:75 [0] NCCL INFO NET/IB: Subnet-aware routing: overriding dev 4 with dev 0
node1:65:75 [0] NCCL INFO NET/IB: ncclIbSenderQpsToRts: Set ECE: IbDev 0 Port 1 qp_num 12128 set_ece={supported=1, vendor_id=0x15b3, options=0x30000002, comp_mask=0x0}
node1:65:75 [0] NCCL INFO NET/IB: ncclIbSenderQpsToRts: Set ECE: IbDev 0 Port 1 qp_num 12129 set_ece={supported=1, vendor_id=0x15b3, options=0x30000002, comp_mask=0x0}
node1:65:75 [0] NCCL INFO NET/IB: Subnet-aware routing: overriding dev 5 with dev 2
node1:65:75 [0] NCCL INFO NET/IB: ncclIbSenderQpsCreate: QP created: port=1 dev=2 devName=roceP2p1s0f0 ndevs=4 nmdevs=6 qp_num=1792 pkey=0 pd=0xfce2b01b6e80 oooRq=0
node1:65:75 [0] NCCL INFO NET/IB: ncclIbSenderQpsCreate: QP created: port=1 dev=2 devName=roceP2p1s0f0 ndevs=4 nmdevs=6 qp_num=1793 pkey=0 pd=0xfce2b01b6e80 oooRq=0
node1:65:75 [0] NCCL INFO NET/IB: ncclIbConnectImpl: NCCL Dev 2 IbDev 2 Port 1 qp_num 1792 mtu 5 GID 3 (0/170A8C0FFFF0000) ctsFifoRkey=0x18c4c2 ctsFifoLkey=0x18c4c2
node1:65:75 [0] NCCL INFO NET/IB: ncclIbConnectImpl: IbDev 2 Port 1 qp_num 1792 query_ece={supported=1, vendor_id=0x15b3, options=0x30000002, comp_mask=0x0}
node1:65:75 [0] NCCL INFO NET/IB: ncclIbConnectImpl: NCCL Dev 2 IbDev 2 Port 1 qp_num 1793 mtu 5 GID 3 (0/170A8C0FFFF0000) ctsFifoRkey=0x18c4c2 ctsFifoLkey=0x18c4c2
node1:65:75 [0] NCCL INFO NET/IB: ncclIbConnectImpl: IbDev 2 Port 1 qp_num 1793 query_ece={supported=1, vendor_id=0x15b3, options=0x30000002, comp_mask=0x0}
node1:65:75 [0] NCCL INFO NET/IB: Subnet-aware routing: overriding dev 4 with dev 0
node1:65:75 [0] NCCL INFO NET/IB: ncclIbSenderQpsCreate: QP created: port=1 dev=0 devName=rocep1s0f0 ndevs=4 nmdevs=6 qp_num=12130 pkey=0 pd=0xfce2b007dbd0 oooRq=0
node1:65:75 [0] NCCL INFO NET/IB: ncclIbSenderQpsCreate: QP created: port=1 dev=0 devName=rocep1s0f0 ndevs=4 nmdevs=6 qp_num=12131 pkey=0 pd=0xfce2b007dbd0 oooRq=0
node1:65:75 [0] NCCL INFO NET/IB: ncclIbConnectImpl: NCCL Dev 0 IbDev 0 Port 1 qp_num 12130 mtu 5 GID 6 (0/166A8C0FFFF0000) ctsFifoRkey=0x163dfb ctsFifoLkey=0x163dfb
node1:65:75 [0] NCCL INFO NET/IB: ncclIbConnectImpl: IbDev 0 Port 1 qp_num 12130 query_ece={supported=1, vendor_id=0x15b3, options=0x30000002, comp_mask=0x0}
node1:65:75 [0] NCCL INFO NET/IB: ncclIbConnectImpl: NCCL Dev 0 IbDev 0 Port 1 qp_num 12131 mtu 5 GID 6 (0/166A8C0FFFF0000) ctsFifoRkey=0x163dfb ctsFifoLkey=0x163dfb
node1:65:75 [0] NCCL INFO NET/IB: ncclIbConnectImpl: IbDev 0 Port 1 qp_num 12131 query_ece={supported=1, vendor_id=0x15b3, options=0x30000002, comp_mask=0x0}
node1:65:75 [0] NCCL INFO NET/IB: Subnet-aware routing: overriding dev 5 with dev 2
node1:65:75 [0] NCCL INFO NET/IB: Subnet-aware routing: overriding dev 4 with dev 0
node1:65:75 [0] NCCL INFO NET/IB: Subnet-aware routing: overriding dev 5 with dev 2
node1:65:75 [0] NCCL INFO NET/IB: Subnet-aware routing: overriding dev 4 with dev 0
node1:65:75 [0] NCCL INFO NET/IB: ncclIbResiliencyInit: Resiliency is disabled on the send communicator (comm=0xfce2b39eb000)
node1:65:75 [0] NCCL INFO NET/IB: Subnet-aware routing: overriding dev 5 with dev 3
node1:65:75 [0] NCCL INFO NET/IB: ncclIbReceiverQpsCreateToRts: QP created: port=1 dev=3 devName=roceP2p1s0f1 ndevs=4 nmdevs=6 qp_num=2462 pkey=0 pd=0xfce2b034d430 oooRq=0
node1:65:75 [0] NCCL INFO NET/IB: ncclIbReceiverQpsCreateToRts: QP created: port=1 dev=3 devName=roceP2p1s0f1 ndevs=4 nmdevs=6 qp_num=2463 pkey=0 pd=0xfce2b034d430 oooRq=0
node1:65:75 [0] NCCL INFO NET/IB: ncclIbReceiverQpsCreateToRts: Flush QP created: port=1 dev=3 devName=roceP2p1s0f1 ndevs=4 nmdevs=6 qp_num=2464 pkey=0 pd=0xfce2b034d430
node1:65:75 [0] NCCL INFO NET/IB: Subnet-aware routing: overriding dev 4 with dev 1
node1:65:75 [0] NCCL INFO NET/IB: ncclIbReceiverQpsCreateToRts: QP created: port=1 dev=1 devName=rocep1s0f1 ndevs=4 nmdevs=6 qp_num=15387 pkey=0 pd=0xfce2b01faf70 oooRq=0
node1:65:75 [0] NCCL INFO NET/IB: ncclIbReceiverQpsCreateToRts: QP created: port=1 dev=1 devName=rocep1s0f1 ndevs=4 nmdevs=6 qp_num=15388 pkey=0 pd=0xfce2b01faf70 oooRq=0
node1:65:75 [0] NCCL INFO NET/IB: ncclIbReceiverQpsCreateToRts: Flush QP created: port=1 dev=1 devName=rocep1s0f1 ndevs=4 nmdevs=6 qp_num=15389 pkey=0 pd=0xfce2b01faf70
node1:65:75 [0] NCCL INFO NET/IB: Subnet-aware routing: overriding dev 5 with dev 2
node1:65:75 [0] NCCL INFO NET/IB: Subnet-aware routing: overriding dev 4 with dev 0
node1:65:75 [0] NCCL INFO NET/IB: Subnet-aware routing: overriding dev 5 with dev 2
node1:65:75 [0] NCCL INFO NET/IB: Subnet-aware routing: overriding dev 4 with dev 0
node1:65:75 [0] NCCL INFO NET/IB: Subnet-aware routing: overriding dev 5 with dev 2
node1:65:75 [0] NCCL INFO NET/IB: Subnet-aware routing: overriding dev 4 with dev 0
node1:65:75 [0] NCCL INFO NET/IB: ncclIbResiliencyInit: Resiliency is disabled on the recv communicator (comm=0xfce2b3b27000)
node1:65:75 [0] NCCL INFO NET/IB: ncclIbRecvCommInit: Receive work requests will be posted on-demand
node1:65:75 [0] NCCL INFO NET/IB: Subnet-aware routing: overriding dev 5 with dev 2
node1:65:75 [0] NCCL INFO NET/IB: ncclIbSenderQpsToRts: Set ECE: IbDev 2 Port 1 qp_num 1792 set_ece={supported=1, vendor_id=0x15b3, options=0x30000002, comp_mask=0x0}
node1:65:75 [0] NCCL INFO NET/IB: ncclIbSenderQpsToRts: Set ECE: IbDev 2 Port 1 qp_num 1793 set_ece={supported=1, vendor_id=0x15b3, options=0x30000002, comp_mask=0x0}
node1:65:75 [0] NCCL INFO NET/IB: Subnet-aware routing: overriding dev 4 with dev 0
node1:65:75 [0] NCCL INFO NET/IB: ncclIbSenderQpsToRts: Set ECE: IbDev 0 Port 1 qp_num 12130 set_ece={supported=1, vendor_id=0x15b3, options=0x30000002, comp_mask=0x0}
node1:65:75 [0] NCCL INFO NET/IB: ncclIbSenderQpsToRts: Set ECE: IbDev 0 Port 1 qp_num 12131 set_ece={supported=1, vendor_id=0x15b3, options=0x30000002, comp_mask=0x0}
node1:65:75 [0] NCCL INFO NET/IB: Subnet-aware routing: overriding dev 5 with dev 2
node1:65:75 [0] NCCL INFO NET/IB: ncclIbSenderQpsCreate: QP created: port=1 dev=2 devName=roceP2p1s0f0 ndevs=4 nmdevs=6 qp_num=1794 pkey=0 pd=0xfce2b01b6e80 oooRq=0
node1:65:75 [0] NCCL INFO NET/IB: ncclIbSenderQpsCreate: QP created: port=1 dev=2 devName=roceP2p1s0f0 ndevs=4 nmdevs=6 qp_num=1795 pkey=0 pd=0xfce2b01b6e80 oooRq=0
node1:65:75 [0] NCCL INFO NET/IB: ncclIbConnectImpl: NCCL Dev 2 IbDev 2 Port 1 qp_num 1794 mtu 5 GID 3 (0/170A8C0FFFF0000) ctsFifoRkey=0x199794 ctsFifoLkey=0x199794
node1:65:75 [0] NCCL INFO NET/IB: ncclIbConnectImpl: IbDev 2 Port 1 qp_num 1794 query_ece={supported=1, vendor_id=0x15b3, options=0x30000002, comp_mask=0x0}
node1:65:75 [0] NCCL INFO NET/IB: ncclIbConnectImpl: NCCL Dev 2 IbDev 2 Port 1 qp_num 1795 mtu 5 GID 3 (0/170A8C0FFFF0000) ctsFifoRkey=0x199794 ctsFifoLkey=0x199794
node1:65:75 [0] NCCL INFO NET/IB: ncclIbConnectImpl: IbDev 2 Port 1 qp_num 1795 query_ece={supported=1, vendor_id=0x15b3, options=0x30000002, comp_mask=0x0}
node1:65:75 [0] NCCL INFO NET/IB: Subnet-aware routing: overriding dev 4 with dev 0
node1:65:75 [0] NCCL INFO NET/IB: Subnet-aware routing: overriding dev 5 with dev 2
node1:65:75 [0] NCCL INFO NET/IB: Subnet-aware routing: overriding dev 4 with dev 0
node1:65:75 [0] NCCL INFO NET/IB: Subnet-aware routing: overriding dev 5 with dev 2
node1:65:75 [0] NCCL INFO NET/IB: ncclIbResiliencyInit: Resiliency is disabled on the send communicator (comm=0xfce2b3bc8000)
node1:65:75 [0] NCCL INFO NET/IB: Subnet-aware routing: overriding dev 5 with dev 3
node1:65:75 [0] NCCL INFO NET/IB: ncclIbReceiverQpsCreateToRts: QP created: port=1 dev=3 devName=roceP2p1s0f1 ndevs=4 nmdevs=6 qp_num=2465 pkey=0 pd=0xfce2b034d430 oooRq=0
node1:65:75 [0] NCCL INFO NET/IB: ncclIbReceiverQpsCreateToRts: QP created: port=1 dev=3 devName=roceP2p1s0f1 ndevs=4 nmdevs=6 qp_num=2466 pkey=0 pd=0xfce2b034d430 oooRq=0
node1:65:75 [0] NCCL INFO NET/IB: ncclIbReceiverQpsCreateToRts: Flush QP created: port=1 dev=3 devName=roceP2p1s0f1 ndevs=4 nmdevs=6 qp_num=2467 pkey=0 pd=0xfce2b034d430
node1:65:75 [0] NCCL INFO NET/IB: Subnet-aware routing: overriding dev 4 with dev 1
node1:65:75 [0] NCCL INFO NET/IB: ncclIbReceiverQpsCreateToRts: QP created: port=1 dev=1 devName=rocep1s0f1 ndevs=4 nmdevs=6 qp_num=15390 pkey=0 pd=0xfce2b01faf70 oooRq=0
node1:65:75 [0] NCCL INFO NET/IB: ncclIbReceiverQpsCreateToRts: QP created: port=1 dev=1 devName=rocep1s0f1 ndevs=4 nmdevs=6 qp_num=15391 pkey=0 pd=0xfce2b01faf70 oooRq=0
node1:65:75 [0] NCCL INFO NET/IB: ncclIbReceiverQpsCreateToRts: Flush QP created: port=1 dev=1 devName=rocep1s0f1 ndevs=4 nmdevs=6 qp_num=15392 pkey=0 pd=0xfce2b01faf70
node1:65:75 [0] NCCL INFO NET/IB: Subnet-aware routing: overriding dev 5 with dev 2
node1:65:75 [0] NCCL INFO NET/IB: ncclIbSenderQpsToRts: Set ECE: IbDev 2 Port 1 qp_num 1794 set_ece={supported=1, vendor_id=0x15b3, options=0x30000002, comp_mask=0x0}
node1:65:75 [0] NCCL INFO NET/IB: ncclIbSenderQpsToRts: Set ECE: IbDev 2 Port 1 qp_num 1795 set_ece={supported=1, vendor_id=0x15b3, options=0x30000002, comp_mask=0x0}
node1:65:75 [0] NCCL INFO NET/IB: Subnet-aware routing: overriding dev 4 with dev 0
node1:65:75 [0] NCCL INFO NET/IB: Subnet-aware routing: overriding dev 5 with dev 2
node1:65:75 [0] NCCL INFO NET/IB: Subnet-aware routing: overriding dev 4 with dev 0
node1:65:75 [0] NCCL INFO NET/IB: Subnet-aware routing: overriding dev 5 with dev 2
node1:65:75 [0] NCCL INFO NET/IB: ncclIbResiliencyInit: Resiliency is disabled on the recv communicator (comm=0xfce2b3cff000)
node1:65:75 [0] NCCL INFO NET/IB: ncclIbRecvCommInit: Receive work requests will be posted on-demand
node1:65:75 [0] NCCL INFO NET/IB: Subnet-aware routing: overriding dev 4 with dev 0
node1:65:75 [0] NCCL INFO NET/IB: ncclIbSenderQpsCreate: QP created: port=1 dev=0 devName=rocep1s0f0 ndevs=4 nmdevs=6 qp_num=12132 pkey=0 pd=0xfce2b007dbd0 oooRq=0
node1:65:75 [0] NCCL INFO NET/IB: ncclIbSenderQpsCreate: QP created: port=1 dev=0 devName=rocep1s0f0 ndevs=4 nmdevs=6 qp_num=12133 pkey=0 pd=0xfce2b007dbd0 oooRq=0
node1:65:75 [0] NCCL INFO NET/IB: ncclIbConnectImpl: NCCL Dev 0 IbDev 0 Port 1 qp_num 12132 mtu 5 GID 6 (0/166A8C0FFFF0000) ctsFifoRkey=0x1606c3 ctsFifoLkey=0x1606c3
node1:65:75 [0] NCCL INFO NET/IB: ncclIbConnectImpl: IbDev 0 Port 1 qp_num 12132 query_ece={supported=1, vendor_id=0x15b3, options=0x30000002, comp_mask=0x0}
node1:65:75 [0] NCCL INFO NET/IB: ncclIbConnectImpl: NCCL Dev 0 IbDev 0 Port 1 qp_num 12133 mtu 5 GID 6 (0/166A8C0FFFF0000) ctsFifoRkey=0x1606c3 ctsFifoLkey=0x1606c3
node1:65:75 [0] NCCL INFO NET/IB: ncclIbConnectImpl: IbDev 0 Port 1 qp_num 12133 query_ece={supported=1, vendor_id=0x15b3, options=0x30000002, comp_mask=0x0}
node1:65:75 [0] NCCL INFO NET/IB: Subnet-aware routing: overriding dev 5 with dev 2
node1:65:75 [0] NCCL INFO NET/IB: Subnet-aware routing: overriding dev 4 with dev 0
node1:65:75 [0] NCCL INFO NET/IB: Subnet-aware routing: overriding dev 5 with dev 2
node1:65:75 [0] NCCL INFO NET/IB: Subnet-aware routing: overriding dev 4 with dev 0
node1:65:75 [0] NCCL INFO NET/IB: ncclIbResiliencyInit: Resiliency is disabled on the send communicator (comm=0xfce2b3d9e000)
node1:65:75 [0] NCCL INFO NET/IB: Subnet-aware routing: overriding dev 4 with dev 0
node1:65:75 [0] NCCL INFO NET/IB: Subnet-aware routing: overriding dev 5 with dev 2
node1:65:75 [0] NCCL INFO NET/IB: ncclIbSenderQpsCreate: QP created: port=1 dev=2 devName=roceP2p1s0f0 ndevs=4 nmdevs=6 qp_num=1796 pkey=0 pd=0xfce2b01b6e80 oooRq=0
node1:65:75 [0] NCCL INFO NET/IB: ncclIbSenderQpsCreate: QP created: port=1 dev=2 devName=roceP2p1s0f0 ndevs=4 nmdevs=6 qp_num=1797 pkey=0 pd=0xfce2b01b6e80 oooRq=0
node1:65:75 [0] NCCL INFO NET/IB: ncclIbConnectImpl: NCCL Dev 2 IbDev 2 Port 1 qp_num 1796 mtu 5 GID 3 (0/170A8C0FFFF0000) ctsFifoRkey=0x18e1da ctsFifoLkey=0x18e1da
node1:65:75 [0] NCCL INFO NET/IB: ncclIbConnectImpl: IbDev 2 Port 1 qp_num 1796 query_ece={supported=1, vendor_id=0x15b3, options=0x30000002, comp_mask=0x0}
node1:65:75 [0] NCCL INFO NET/IB: ncclIbConnectImpl: NCCL Dev 2 IbDev 2 Port 1 qp_num 1797 mtu 5 GID 3 (0/170A8C0FFFF0000) ctsFifoRkey=0x18e1da ctsFifoLkey=0x18e1da
node1:65:75 [0] NCCL INFO NET/IB: ncclIbConnectImpl: IbDev 2 Port 1 qp_num 1797 query_ece={supported=1, vendor_id=0x15b3, options=0x30000002, comp_mask=0x0}
node1:65:75 [0] NCCL INFO NET/IB: Subnet-aware routing: overriding dev 4 with dev 0
node1:65:75 [0] NCCL INFO NET/IB: Subnet-aware routing: overriding dev 5 with dev 2
node1:65:75 [0] NCCL INFO NET/IB: Subnet-aware routing: overriding dev 4 with dev 0
node1:65:75 [0] NCCL INFO NET/IB: ncclIbResiliencyInit: Resiliency is disabled on the recv communicator (comm=0xfce2b3e3b000)
node1:65:75 [0] NCCL INFO NET/IB: ncclIbRecvCommInit: Receive work requests will be posted on-demand
node1:65:75 [0] NCCL INFO NET/IB: Subnet-aware routing: overriding dev 4 with dev 0
node1:65:75 [0] NCCL INFO NET/IB: ncclIbSenderQpsToRts: Set ECE: IbDev 0 Port 1 qp_num 12132 set_ece={supported=1, vendor_id=0x15b3, options=0x30000002, comp_mask=0x0}
node1:65:75 [0] NCCL INFO NET/IB: ncclIbSenderQpsToRts: Set ECE: IbDev 0 Port 1 qp_num 12133 set_ece={supported=1, vendor_id=0x15b3, options=0x30000002, comp_mask=0x0}
node1:65:75 [0] NCCL INFO NET/IB: Subnet-aware routing: overriding dev 5 with dev 2
node1:65:75 [0] NCCL INFO NET/IB: Subnet-aware routing: overriding dev 4 with dev 0
node1:65:75 [0] NCCL INFO NET/IB: Subnet-aware routing: overriding dev 5 with dev 2
node1:65:75 [0] NCCL INFO NET/IB: Subnet-aware routing: overriding dev 4 with dev 0
node1:65:75 [0] NCCL INFO NET/IB: Subnet-aware routing: overriding dev 5 with dev 2
node1:65:75 [0] NCCL INFO NET/IB: ncclIbResiliencyInit: Resiliency is disabled on the send communicator (comm=0xfce2b3e83000)
node1:65:75 [0] NCCL INFO NET/IB: Subnet-aware routing: overriding dev 5 with dev 3
node1:65:75 [0] NCCL INFO NET/IB: ncclIbReceiverQpsCreateToRts: QP created: port=1 dev=3 devName=roceP2p1s0f1 ndevs=4 nmdevs=6 qp_num=2468 pkey=0 pd=0xfce2b034d430 oooRq=0
node1:65:75 [0] NCCL INFO NET/IB: ncclIbReceiverQpsCreateToRts: QP created: port=1 dev=3 devName=roceP2p1s0f1 ndevs=4 nmdevs=6 qp_num=2469 pkey=0 pd=0xfce2b034d430 oooRq=0
node1:65:75 [0] NCCL INFO NET/IB: ncclIbReceiverQpsCreateToRts: Flush QP created: port=1 dev=3 devName=roceP2p1s0f1 ndevs=4 nmdevs=6 qp_num=2470 pkey=0 pd=0xfce2b034d430
node1:65:75 [0] NCCL INFO NET/IB: Subnet-aware routing: overriding dev 5 with dev 2
node1:65:75 [0] NCCL INFO NET/IB: Subnet-aware routing: overriding dev 4 with dev 0
node1:65:75 [0] NCCL INFO NET/IB: Subnet-aware routing: overriding dev 5 with dev 2
node1:65:75 [0] NCCL INFO NET/IB: Subnet-aware routing: overriding dev 4 with dev 0
node1:65:75 [0] NCCL INFO NET/IB: Subnet-aware routing: overriding dev 5 with dev 2
node1:65:75 [0] NCCL INFO NET/IB: ncclIbResiliencyInit: Resiliency is disabled on the recv communicator (comm=0xfce2b3f41000)
node1:65:75 [0] NCCL INFO NET/IB: ncclIbRecvCommInit: Receive work requests will be posted on-demand
node1:65:75 [0] NCCL INFO NET/IB: Subnet-aware routing: overriding dev 5 with dev 2
node1:65:75 [0] NCCL INFO NET/IB: ncclIbSenderQpsToRts: Set ECE: IbDev 2 Port 1 qp_num 1796 set_ece={supported=1, vendor_id=0x15b3, options=0x30000002, comp_mask=0x0}
node1:65:75 [0] NCCL INFO NET/IB: ncclIbSenderQpsToRts: Set ECE: IbDev 2 Port 1 qp_num 1797 set_ece={supported=1, vendor_id=0x15b3, options=0x30000002, comp_mask=0x0}
node1:65:75 [0] NCCL INFO NET/IB: Subnet-aware routing: overriding dev 4 with dev 0
node1:65:75 [0] NCCL INFO NET/IB: ncclIbSenderQpsCreate: QP created: port=1 dev=0 devName=rocep1s0f0 ndevs=4 nmdevs=6 qp_num=12134 pkey=0 pd=0xfce2b007dbd0 oooRq=0
node1:65:75 [0] NCCL INFO NET/IB: ncclIbSenderQpsCreate: QP created: port=1 dev=0 devName=rocep1s0f0 ndevs=4 nmdevs=6 qp_num=12135 pkey=0 pd=0xfce2b007dbd0 oooRq=0
node1:65:75 [0] NCCL INFO NET/IB: ncclIbConnectImpl: NCCL Dev 0 IbDev 0 Port 1 qp_num 12134 mtu 5 GID 6 (0/166A8C0FFFF0000) ctsFifoRkey=0x17b06e ctsFifoLkey=0x17b06e
node1:65:75 [0] NCCL INFO NET/IB: ncclIbConnectImpl: IbDev 0 Port 1 qp_num 12134 query_ece={supported=1, vendor_id=0x15b3, options=0x30000002, comp_mask=0x0}
node1:65:75 [0] NCCL INFO NET/IB: ncclIbConnectImpl: NCCL Dev 0 IbDev 0 Port 1 qp_num 12135 mtu 5 GID 6 (0/166A8C0FFFF0000) ctsFifoRkey=0x17b06e ctsFifoLkey=0x17b06e
node1:65:75 [0] NCCL INFO NET/IB: ncclIbConnectImpl: IbDev 0 Port 1 qp_num 12135 query_ece={supported=1, vendor_id=0x15b3, options=0x30000002, comp_mask=0x0}
node1:65:75 [0] NCCL INFO NET/IB: Subnet-aware routing: overriding dev 5 with dev 2
node1:65:75 [0] NCCL INFO NET/IB: Subnet-aware routing: overriding dev 4 with dev 0
node1:65:75 [0] NCCL INFO NET/IB: Subnet-aware routing: overriding dev 5 with dev 2
node1:65:75 [0] NCCL INFO NET/IB: Subnet-aware routing: overriding dev 4 with dev 0
node1:65:75 [0] NCCL INFO NET/IB: ncclIbResiliencyInit: Resiliency is disabled on the send communicator (comm=0xfce258001000)
node1:65:75 [0] NCCL INFO NET/IB: Subnet-aware routing: overriding dev 4 with dev 1
node1:65:75 [0] NCCL INFO NET/IB: ncclIbReceiverQpsCreateToRts: QP created: port=1 dev=1 devName=rocep1s0f1 ndevs=4 nmdevs=6 qp_num=15393 pkey=0 pd=0xfce2b01faf70 oooRq=0
node1:65:75 [0] NCCL INFO NET/IB: ncclIbReceiverQpsCreateToRts: QP created: port=1 dev=1 devName=rocep1s0f1 ndevs=4 nmdevs=6 qp_num=15394 pkey=0 pd=0xfce2b01faf70 oooRq=0
node1:65:75 [0] NCCL INFO NET/IB: ncclIbReceiverQpsCreateToRts: Flush QP created: port=1 dev=1 devName=rocep1s0f1 ndevs=4 nmdevs=6 qp_num=15395 pkey=0 pd=0xfce2b01faf70
node1:65:75 [0] NCCL INFO NET/IB: Subnet-aware routing: overriding dev 4 with dev 0
node1:65:75 [0] NCCL INFO NET/IB: ncclIbSenderQpsToRts: Set ECE: IbDev 0 Port 1 qp_num 12134 set_ece={supported=1, vendor_id=0x15b3, options=0x30000002, comp_mask=0x0}
node1:65:75 [0] NCCL INFO NET/IB: ncclIbSenderQpsToRts: Set ECE: IbDev 0 Port 1 qp_num 12135 set_ece={supported=1, vendor_id=0x15b3, options=0x30000002, comp_mask=0x0}
node1:65:75 [0] NCCL INFO NET/IB: Subnet-aware routing: overriding dev 5 with dev 2
node1:65:75 [0] NCCL INFO NET/IB: ncclIbSenderQpsCreate: QP created: port=1 dev=2 devName=roceP2p1s0f0 ndevs=4 nmdevs=6 qp_num=1798 pkey=0 pd=0xfce2b01b6e80 oooRq=0
node1:65:75 [0] NCCL INFO NET/IB: ncclIbSenderQpsCreate: QP created: port=1 dev=2 devName=roceP2p1s0f0 ndevs=4 nmdevs=6 qp_num=1799 pkey=0 pd=0xfce2b01b6e80 oooRq=0
node1:65:75 [0] NCCL INFO NET/IB: ncclIbConnectImpl: NCCL Dev 2 IbDev 2 Port 1 qp_num 1798 mtu 5 GID 3 (0/170A8C0FFFF0000) ctsFifoRkey=0x1cd0b9 ctsFifoLkey=0x1cd0b9
node1:65:75 [0] NCCL INFO NET/IB: ncclIbConnectImpl: IbDev 2 Port 1 qp_num 1798 query_ece={supported=1, vendor_id=0x15b3, options=0x30000002, comp_mask=0x0}
node1:65:75 [0] NCCL INFO NET/IB: ncclIbConnectImpl: NCCL Dev 2 IbDev 2 Port 1 qp_num 1799 mtu 5 GID 3 (0/170A8C0FFFF0000) ctsFifoRkey=0x1cd0b9 ctsFifoLkey=0x1cd0b9
node1:65:75 [0] NCCL INFO NET/IB: ncclIbConnectImpl: IbDev 2 Port 1 qp_num 1799 query_ece={supported=1, vendor_id=0x15b3, options=0x30000002, comp_mask=0x0}
node1:65:75 [0] NCCL INFO NET/IB: Subnet-aware routing: overriding dev 4 with dev 0
node1:65:75 [0] NCCL INFO NET/IB: Subnet-aware routing: overriding dev 5 with dev 2
node1:65:75 [0] NCCL INFO NET/IB: Subnet-aware routing: overriding dev 4 with dev 0
node1:65:75 [0] NCCL INFO NET/IB: ncclIbResiliencyInit: Resiliency is disabled on the recv communicator (comm=0xfce258116000)
node1:65:75 [0] NCCL INFO NET/IB: ncclIbRecvCommInit: Receive work requests will be posted on-demand
node1:65:75 [0] NCCL INFO NET/IB: Subnet-aware routing: overriding dev 5 with dev 3
node1:65:75 [0] NCCL INFO NET/IB: ncclIbReceiverQpsCreateToRts: QP created: port=1 dev=3 devName=roceP2p1s0f1 ndevs=4 nmdevs=6 qp_num=2471 pkey=0 pd=0xfce2b034d430 oooRq=0
node1:65:75 [0] NCCL INFO NET/IB: ncclIbReceiverQpsCreateToRts: QP created: port=1 dev=3 devName=roceP2p1s0f1 ndevs=4 nmdevs=6 qp_num=2472 pkey=0 pd=0xfce2b034d430 oooRq=0
node1:65:75 [0] NCCL INFO NET/IB: ncclIbReceiverQpsCreateToRts: Flush QP created: port=1 dev=3 devName=roceP2p1s0f1 ndevs=4 nmdevs=6 qp_num=2473 pkey=0 pd=0xfce2b034d430
node1:65:75 [0] NCCL INFO NET/IB: Subnet-aware routing: overriding dev 5 with dev 2
node1:65:75 [0] NCCL INFO NET/IB: Subnet-aware routing: overriding dev 4 with dev 0
node1:65:75 [0] NCCL INFO NET/IB: Subnet-aware routing: overriding dev 5 with dev 2
node1:65:75 [0] NCCL INFO NET/IB: Subnet-aware routing: overriding dev 4 with dev 0
node1:65:75 [0] NCCL INFO NET/IB: Subnet-aware routing: overriding dev 5 with dev 2
node1:65:75 [0] NCCL INFO NET/IB: ncclIbResiliencyInit: Resiliency is disabled on the send communicator (comm=0xfce2581d8000)
node1:65:75 [0] NCCL INFO NET/IB: Subnet-aware routing: overriding dev 5 with dev 2
node1:65:75 [0] NCCL INFO NET/IB: Subnet-aware routing: overriding dev 4 with dev 0
node1:65:75 [0] NCCL INFO NET/IB: Subnet-aware routing: overriding dev 5 with dev 2
node1:65:75 [0] NCCL INFO NET/IB: Subnet-aware routing: overriding dev 4 with dev 0
node1:65:75 [0] NCCL INFO NET/IB: Subnet-aware routing: overriding dev 5 with dev 2
node1:65:75 [0] NCCL INFO NET/IB: ncclIbResiliencyInit: Resiliency is disabled on the recv communicator (comm=0xfce25821c000)
node1:65:75 [0] NCCL INFO NET/IB: ncclIbRecvCommInit: Receive work requests will be posted on-demand
node1:65:75 [0] NCCL INFO NET/IB: Subnet-aware routing: overriding dev 5 with dev 2
node1:65:75 [0] NCCL INFO NET/IB: ncclIbSenderQpsToRts: Set ECE: IbDev 2 Port 1 qp_num 1798 set_ece={supported=1, vendor_id=0x15b3, options=0x30000002, comp_mask=0x0}
node1:65:75 [0] NCCL INFO NET/IB: ncclIbSenderQpsToRts: Set ECE: IbDev 2 Port 1 qp_num 1799 set_ece={supported=1, vendor_id=0x15b3, options=0x30000002, comp_mask=0x0}
node1:65:75 [0] NCCL INFO NET/IB: Subnet-aware routing: overriding dev 4 with dev 0
node1:65:75 [0] NCCL INFO NET/IB: ncclIbSenderQpsCreate: QP created: port=1 dev=0 devName=rocep1s0f0 ndevs=4 nmdevs=6 qp_num=12136 pkey=0 pd=0xfce2b007dbd0 oooRq=0
node1:65:75 [0] NCCL INFO NET/IB: ncclIbSenderQpsCreate: QP created: port=1 dev=0 devName=rocep1s0f0 ndevs=4 nmdevs=6 qp_num=12137 pkey=0 pd=0xfce2b007dbd0 oooRq=0
node1:65:75 [0] NCCL INFO NET/IB: ncclIbConnectImpl: NCCL Dev 0 IbDev 0 Port 1 qp_num 12136 mtu 5 GID 6 (0/166A8C0FFFF0000) ctsFifoRkey=0x17b975 ctsFifoLkey=0x17b975
node1:65:75 [0] NCCL INFO NET/IB: ncclIbConnectImpl: IbDev 0 Port 1 qp_num 12136 query_ece={supported=1, vendor_id=0x15b3, options=0x30000002, comp_mask=0x0}
node1:65:75 [0] NCCL INFO NET/IB: ncclIbConnectImpl: NCCL Dev 0 IbDev 0 Port 1 qp_num 12137 mtu 5 GID 6 (0/166A8C0FFFF0000) ctsFifoRkey=0x17b975 ctsFifoLkey=0x17b975
node1:65:75 [0] NCCL INFO NET/IB: ncclIbConnectImpl: IbDev 0 Port 1 qp_num 12137 query_ece={supported=1, vendor_id=0x15b3, options=0x30000002, comp_mask=0x0}
node1:65:75 [0] NCCL INFO NET/IB: Subnet-aware routing: overriding dev 5 with dev 2
node1:65:75 [0] NCCL INFO NET/IB: Subnet-aware routing: overriding dev 4 with dev 0
node1:65:75 [0] NCCL INFO NET/IB: Subnet-aware routing: overriding dev 5 with dev 2
node1:65:75 [0] NCCL INFO NET/IB: Subnet-aware routing: overriding dev 4 with dev 0
node1:65:75 [0] NCCL INFO NET/IB: ncclIbResiliencyInit: Resiliency is disabled on the send communicator (comm=0xfce2582bb000)
node1:65:75 [0] NCCL INFO NET/IB: Subnet-aware routing: overriding dev 4 with dev 1
node1:65:75 [0] NCCL INFO NET/IB: ncclIbReceiverQpsCreateToRts: QP created: port=1 dev=1 devName=rocep1s0f1 ndevs=4 nmdevs=6 qp_num=15396 pkey=0 pd=0xfce2b01faf70 oooRq=0
node1:65:75 [0] NCCL INFO NET/IB: ncclIbReceiverQpsCreateToRts: QP created: port=1 dev=1 devName=rocep1s0f1 ndevs=4 nmdevs=6 qp_num=15397 pkey=0 pd=0xfce2b01faf70 oooRq=0
node1:65:75 [0] NCCL INFO NET/IB: ncclIbReceiverQpsCreateToRts: Flush QP created: port=1 dev=1 devName=rocep1s0f1 ndevs=4 nmdevs=6 qp_num=15398 pkey=0 pd=0xfce2b01faf70
node1:65:75 [0] NCCL INFO NET/IB: Subnet-aware routing: overriding dev 4 with dev 0
node1:65:75 [0] NCCL INFO NET/IB: ncclIbSenderQpsToRts: Set ECE: IbDev 0 Port 1 qp_num 12136 set_ece={supported=1, vendor_id=0x15b3, options=0x30000002, comp_mask=0x0}
node1:65:75 [0] NCCL INFO NET/IB: ncclIbSenderQpsToRts: Set ECE: IbDev 0 Port 1 qp_num 12137 set_ece={supported=1, vendor_id=0x15b3, options=0x30000002, comp_mask=0x0}
node1:65:75 [0] NCCL INFO NET/IB: Subnet-aware routing: overriding dev 5 with dev 2
node1:65:75 [0] NCCL INFO NET/IB: ncclIbSenderQpsCreate: QP created: port=1 dev=2 devName=roceP2p1s0f0 ndevs=4 nmdevs=6 qp_num=1800 pkey=0 pd=0xfce2b01b6e80 oooRq=0
node1:65:75 [0] NCCL INFO NET/IB: ncclIbSenderQpsCreate: QP created: port=1 dev=2 devName=roceP2p1s0f0 ndevs=4 nmdevs=6 qp_num=1801 pkey=0 pd=0xfce2b01b6e80 oooRq=0
node1:65:75 [0] NCCL INFO NET/IB: ncclIbConnectImpl: NCCL Dev 2 IbDev 2 Port 1 qp_num 1800 mtu 5 GID 3 (0/170A8C0FFFF0000) ctsFifoRkey=0x1906fc ctsFifoLkey=0x1906fc
node1:65:75 [0] NCCL INFO NET/IB: ncclIbConnectImpl: IbDev 2 Port 1 qp_num 1800 query_ece={supported=1, vendor_id=0x15b3, options=0x30000002, comp_mask=0x0}
node1:65:75 [0] NCCL INFO NET/IB: ncclIbConnectImpl: NCCL Dev 2 IbDev 2 Port 1 qp_num 1801 mtu 5 GID 3 (0/170A8C0FFFF0000) ctsFifoRkey=0x1906fc ctsFifoLkey=0x1906fc
node1:65:75 [0] NCCL INFO NET/IB: ncclIbConnectImpl: IbDev 2 Port 1 qp_num 1801 query_ece={supported=1, vendor_id=0x15b3, options=0x30000002, comp_mask=0x0}
node1:65:75 [0] NCCL INFO NET/IB: Subnet-aware routing: overriding dev 4 with dev 0
node1:65:75 [0] NCCL INFO NET/IB: Subnet-aware routing: overriding dev 5 with dev 2
node1:65:75 [0] NCCL INFO NET/IB: Subnet-aware routing: overriding dev 4 with dev 0
node1:65:75 [0] NCCL INFO NET/IB: ncclIbResiliencyInit: Resiliency is disabled on the recv communicator (comm=0xfce2583d1000)
node1:65:75 [0] NCCL INFO NET/IB: ncclIbRecvCommInit: Receive work requests will be posted on-demand
node1:65:75 [0] NCCL INFO NET/IB: Subnet-aware routing: overriding dev 5 with dev 3
node1:65:75 [0] NCCL INFO NET/IB: ncclIbReceiverQpsCreateToRts: QP created: port=1 dev=3 devName=roceP2p1s0f1 ndevs=4 nmdevs=6 qp_num=2474 pkey=0 pd=0xfce2b034d430 oooRq=0
node1:65:75 [0] NCCL INFO NET/IB: ncclIbReceiverQpsCreateToRts: QP created: port=1 dev=3 devName=roceP2p1s0f1 ndevs=4 nmdevs=6 qp_num=2475 pkey=0 pd=0xfce2b034d430 oooRq=0
node1:65:75 [0] NCCL INFO NET/IB: ncclIbReceiverQpsCreateToRts: Flush QP created: port=1 dev=3 devName=roceP2p1s0f1 ndevs=4 nmdevs=6 qp_num=2476 pkey=0 pd=0xfce2b034d430
node1:65:75 [0] NCCL INFO NET/IB: Subnet-aware routing: overriding dev 5 with dev 2
node1:65:75 [0] NCCL INFO NET/IB: Subnet-aware routing: overriding dev 4 with dev 0
node1:65:75 [0] NCCL INFO NET/IB: Subnet-aware routing: overriding dev 5 with dev 2
node1:65:75 [0] NCCL INFO NET/IB: Subnet-aware routing: overriding dev 4 with dev 0
node1:65:75 [0] NCCL INFO NET/IB: Subnet-aware routing: overriding dev 5 with dev 2
node1:65:75 [0] NCCL INFO NET/IB: ncclIbResiliencyInit: Resiliency is disabled on the send communicator (comm=0xfce258496000)
node1:65:75 [0] NCCL INFO NET/IB: Subnet-aware routing: overriding dev 5 with dev 2
node1:65:75 [0] NCCL INFO NET/IB: ncclIbSenderQpsToRts: Set ECE: IbDev 2 Port 1 qp_num 1800 set_ece={supported=1, vendor_id=0x15b3, options=0x30000002, comp_mask=0x0}
node1:65:75 [0] NCCL INFO NET/IB: ncclIbSenderQpsToRts: Set ECE: IbDev 2 Port 1 qp_num 1801 set_ece={supported=1, vendor_id=0x15b3, options=0x30000002, comp_mask=0x0}
node1:65:75 [0] NCCL INFO NET/IB: Subnet-aware routing: overriding dev 4 with dev 0
node1:65:75 [0] NCCL INFO NET/IB: Subnet-aware routing: overriding dev 5 with dev 2
node1:65:75 [0] NCCL INFO NET/IB: Subnet-aware routing: overriding dev 4 with dev 0
node1:65:75 [0] NCCL INFO NET/IB: Subnet-aware routing: overriding dev 5 with dev 2
node1:65:75 [0] NCCL INFO NET/IB: ncclIbResiliencyInit: Resiliency is disabled on the recv communicator (comm=0xfce2584d7000)
node1:65:75 [0] NCCL INFO NET/IB: ncclIbRecvCommInit: Receive work requests will be posted on-demand
node1:65:75 [0] NCCL INFO NET/IB: Subnet-aware routing: overriding dev 4 with dev 0
node1:65:75 [0] NCCL INFO NET/IB: ncclIbSenderQpsCreate: QP created: port=1 dev=0 devName=rocep1s0f0 ndevs=4 nmdevs=6 qp_num=12138 pkey=0 pd=0xfce2b007dbd0 oooRq=0
node1:65:75 [0] NCCL INFO NET/IB: ncclIbSenderQpsCreate: QP created: port=1 dev=0 devName=rocep1s0f0 ndevs=4 nmdevs=6 qp_num=12139 pkey=0 pd=0xfce2b007dbd0 oooRq=0
node1:65:75 [0] NCCL INFO NET/IB: ncclIbConnectImpl: NCCL Dev 0 IbDev 0 Port 1 qp_num 12138 mtu 5 GID 6 (0/166A8C0FFFF0000) ctsFifoRkey=0x153dfb ctsFifoLkey=0x153dfb
node1:65:75 [0] NCCL INFO NET/IB: ncclIbConnectImpl: IbDev 0 Port 1 qp_num 12138 query_ece={supported=1, vendor_id=0x15b3, options=0x30000002, comp_mask=0x0}
node1:65:75 [0] NCCL INFO NET/IB: ncclIbConnectImpl: NCCL Dev 0 IbDev 0 Port 1 qp_num 12139 mtu 5 GID 6 (0/166A8C0FFFF0000) ctsFifoRkey=0x153dfb ctsFifoLkey=0x153dfb
node1:65:75 [0] NCCL INFO NET/IB: ncclIbConnectImpl: IbDev 0 Port 1 qp_num 12139 query_ece={supported=1, vendor_id=0x15b3, options=0x30000002, comp_mask=0x0}
node1:65:75 [0] NCCL INFO NET/IB: Subnet-aware routing: overriding dev 5 with dev 2
node1:65:75 [0] NCCL INFO NET/IB: Subnet-aware routing: overriding dev 4 with dev 0
node1:65:75 [0] NCCL INFO NET/IB: Subnet-aware routing: overriding dev 5 with dev 2
node1:65:75 [0] NCCL INFO NET/IB: Subnet-aware routing: overriding dev 4 with dev 0
node1:65:75 [0] NCCL INFO NET/IB: ncclIbResiliencyInit: Resiliency is disabled on the send communicator (comm=0xfce258574000)
node1:65:75 [0] NCCL INFO NET/IB: Subnet-aware routing: overriding dev 4 with dev 1
node1:65:75 [0] NCCL INFO NET/IB: ncclIbReceiverQpsCreateToRts: QP created: port=1 dev=1 devName=rocep1s0f1 ndevs=4 nmdevs=6 qp_num=15399 pkey=0 pd=0xfce2b01faf70 oooRq=0
node1:65:75 [0] NCCL INFO NET/IB: ncclIbReceiverQpsCreateToRts: QP created: port=1 dev=1 devName=rocep1s0f1 ndevs=4 nmdevs=6 qp_num=15400 pkey=0 pd=0xfce2b01faf70 oooRq=0
node1:65:75 [0] NCCL INFO NET/IB: ncclIbReceiverQpsCreateToRts: Flush QP created: port=1 dev=1 devName=rocep1s0f1 ndevs=4 nmdevs=6 qp_num=15401 pkey=0 pd=0xfce2b01faf70
node1:65:75 [0] NCCL INFO NET/IB: Subnet-aware routing: overriding dev 4 with dev 0
node1:65:75 [0] NCCL INFO NET/IB: Subnet-aware routing: overriding dev 5 with dev 2
node1:65:75 [0] NCCL INFO NET/IB: Subnet-aware routing: overriding dev 4 with dev 0
node1:65:75 [0] NCCL INFO NET/IB: Subnet-aware routing: overriding dev 5 with dev 2
node1:65:75 [0] NCCL INFO NET/IB: Subnet-aware routing: overriding dev 4 with dev 0
node1:65:75 [0] NCCL INFO NET/IB: ncclIbResiliencyInit: Resiliency is disabled on the recv communicator (comm=0xfce258632000)
node1:65:75 [0] NCCL INFO NET/IB: ncclIbRecvCommInit: Receive work requests will be posted on-demand
node1:65:75 [0] NCCL INFO NET/IB: Subnet-aware routing: overriding dev 4 with dev 0
node1:65:75 [0] NCCL INFO NET/IB: Subnet-aware routing: overriding dev 5 with dev 2
node1:65:75 [0] NCCL INFO NET/IB: Subnet-aware routing: overriding dev 4 with dev 0
node1:65:75 [0] NCCL INFO NET/IB: Subnet-aware routing: overriding dev 5 with dev 2
node1:65:75 [0] NCCL INFO NET/IB: Subnet-aware routing: overriding dev 4 with dev 0
node1:65:75 [0] NCCL INFO NET/IB: Subnet-aware routing: overriding dev 5 with dev 2
node1:65:75 [0] NCCL INFO NET/IB: ncclIbResiliencyInit: Resiliency is disabled on the send communicator (comm=0xfce25867a000)
node1:65:75 [0] NCCL INFO NET/IB: Subnet-aware routing: overriding dev 5 with dev 3
node1:65:75 [0] NCCL INFO NET/IB: ncclIbReceiverQpsCreateToRts: QP created: port=1 dev=3 devName=roceP2p1s0f1 ndevs=4 nmdevs=6 qp_num=2477 pkey=0 pd=0xfce2b034d430 oooRq=0
node1:65:75 [0] NCCL INFO NET/IB: ncclIbReceiverQpsCreateToRts: QP created: port=1 dev=3 devName=roceP2p1s0f1 ndevs=4 nmdevs=6 qp_num=2478 pkey=0 pd=0xfce2b034d430 oooRq=0
node1:65:75 [0] NCCL INFO NET/IB: ncclIbReceiverQpsCreateToRts: Flush QP created: port=1 dev=3 devName=roceP2p1s0f1 ndevs=4 nmdevs=6 qp_num=2479 pkey=0 pd=0xfce2b034d430
node1:65:75 [0] NCCL INFO NET/IB: Subnet-aware routing: overriding dev 4 with dev 0
node1:65:75 [0] NCCL INFO NET/IB: ncclIbSenderQpsToRts: Set ECE: IbDev 0 Port 1 qp_num 12138 set_ece={supported=1, vendor_id=0x15b3, options=0x30000002, comp_mask=0x0}
node1:65:75 [0] NCCL INFO NET/IB: ncclIbSenderQpsToRts: Set ECE: IbDev 0 Port 1 qp_num 12139 set_ece={supported=1, vendor_id=0x15b3, options=0x30000002, comp_mask=0x0}
node1:65:75 [0] NCCL INFO NET/IB: Subnet-aware routing: overriding dev 5 with dev 2
node1:65:75 [0] NCCL INFO NET/IB: ncclIbSenderQpsCreate: QP created: port=1 dev=2 devName=roceP2p1s0f0 ndevs=4 nmdevs=6 qp_num=1802 pkey=0 pd=0xfce2b01b6e80 oooRq=0
node1:65:75 [0] NCCL INFO NET/IB: ncclIbSenderQpsCreate: QP created: port=1 dev=2 devName=roceP2p1s0f0 ndevs=4 nmdevs=6 qp_num=1803 pkey=0 pd=0xfce2b01b6e80 oooRq=0
node1:65:75 [0] NCCL INFO NET/IB: ncclIbConnectImpl: NCCL Dev 2 IbDev 2 Port 1 qp_num 1802 mtu 5 GID 3 (0/170A8C0FFFF0000) ctsFifoRkey=0x1cd7c0 ctsFifoLkey=0x1cd7c0
node1:65:75 [0] NCCL INFO NET/IB: ncclIbConnectImpl: IbDev 2 Port 1 qp_num 1802 query_ece={supported=1, vendor_id=0x15b3, options=0x30000002, comp_mask=0x0}
node1:65:75 [0] NCCL INFO NET/IB: ncclIbConnectImpl: NCCL Dev 2 IbDev 2 Port 1 qp_num 1803 mtu 5 GID 3 (0/170A8C0FFFF0000) ctsFifoRkey=0x1cd7c0 ctsFifoLkey=0x1cd7c0
node1:65:75 [0] NCCL INFO NET/IB: ncclIbConnectImpl: IbDev 2 Port 1 qp_num 1803 query_ece={supported=1, vendor_id=0x15b3, options=0x30000002, comp_mask=0x0}
node1:65:75 [0] NCCL INFO NET/IB: Subnet-aware routing: overriding dev 4 with dev 0
node1:65:75 [0] NCCL INFO NET/IB: Subnet-aware routing: overriding dev 5 with dev 2
node1:65:75 [0] NCCL INFO NET/IB: Subnet-aware routing: overriding dev 4 with dev 0
node1:65:75 [0] NCCL INFO NET/IB: Subnet-aware routing: overriding dev 5 with dev 2
node1:65:75 [0] NCCL INFO NET/IB: ncclIbResiliencyInit: Resiliency is disabled on the recv communicator (comm=0xfce258791000)
node1:65:75 [0] NCCL INFO NET/IB: ncclIbRecvCommInit: Receive work requests will be posted on-demand
node1:65:75 [0] NCCL INFO NET/IB: Subnet-aware routing: overriding dev 5 with dev 2
node1:65:75 [0] NCCL INFO NET/IB: Subnet-aware routing: overriding dev 4 with dev 0
node1:65:75 [0] NCCL INFO NET/IB: Subnet-aware routing: overriding dev 5 with dev 2
node1:65:75 [0] NCCL INFO NET/IB: Subnet-aware routing: overriding dev 4 with dev 0
node1:65:75 [0] NCCL INFO NET/IB: Subnet-aware routing: overriding dev 5 with dev 2
node1:65:75 [0] NCCL INFO NET/IB: Subnet-aware routing: overriding dev 4 with dev 0
node1:65:75 [0] NCCL INFO NET/IB: ncclIbResiliencyInit: Resiliency is disabled on the send communicator (comm=0xfce2587d9000)
node1:65:75 [0] NCCL INFO NET/IB: Subnet-aware routing: overriding dev 5 with dev 2
node1:65:75 [0] NCCL INFO NET/IB: ncclIbSenderQpsToRts: Set ECE: IbDev 2 Port 1 qp_num 1802 set_ece={supported=1, vendor_id=0x15b3, options=0x30000002, comp_mask=0x0}
node1:65:75 [0] NCCL INFO NET/IB: ncclIbSenderQpsToRts: Set ECE: IbDev 2 Port 1 qp_num 1803 set_ece={supported=1, vendor_id=0x15b3, options=0x30000002, comp_mask=0x0}
node1:65:75 [0] NCCL INFO NET/IB: Subnet-aware routing: overriding dev 4 with dev 0
node1:65:75 [0] NCCL INFO NET/IB: ncclIbSenderQpsCreate: QP created: port=1 dev=0 devName=rocep1s0f0 ndevs=4 nmdevs=6 qp_num=12140 pkey=0 pd=0xfce2b007dbd0 oooRq=0
node1:65:75 [0] NCCL INFO NET/IB: ncclIbSenderQpsCreate: QP created: port=1 dev=0 devName=rocep1s0f0 ndevs=4 nmdevs=6 qp_num=12141 pkey=0 pd=0xfce2b007dbd0 oooRq=0
node1:65:75 [0] NCCL INFO NET/IB: ncclIbConnectImpl: NCCL Dev 0 IbDev 0 Port 1 qp_num 12140 mtu 5 GID 6 (0/166A8C0FFFF0000) ctsFifoRkey=0x178f4d ctsFifoLkey=0x178f4d
node1:65:75 [0] NCCL INFO NET/IB: ncclIbConnectImpl: IbDev 0 Port 1 qp_num 12140 query_ece={supported=1, vendor_id=0x15b3, options=0x30000002, comp_mask=0x0}
node1:65:75 [0] NCCL INFO NET/IB: ncclIbConnectImpl: NCCL Dev 0 IbDev 0 Port 1 qp_num 12141 mtu 5 GID 6 (0/166A8C0FFFF0000) ctsFifoRkey=0x178f4d ctsFifoLkey=0x178f4d
node1:65:75 [0] NCCL INFO NET/IB: ncclIbConnectImpl: IbDev 0 Port 1 qp_num 12141 query_ece={supported=1, vendor_id=0x15b3, options=0x30000002, comp_mask=0x0}
node1:65:75 [0] NCCL INFO NET/IB: Subnet-aware routing: overriding dev 5 with dev 2
node1:65:75 [0] NCCL INFO NET/IB: Subnet-aware routing: overriding dev 4 with dev 0
node1:65:75 [0] NCCL INFO NET/IB: Subnet-aware routing: overriding dev 5 with dev 2
node1:65:75 [0] NCCL INFO NET/IB: Subnet-aware routing: overriding dev 4 with dev 0
node1:65:75 [0] NCCL INFO NET/IB: ncclIbResiliencyInit: Resiliency is disabled on the recv communicator (comm=0xfce258872000)
node1:65:75 [0] NCCL INFO NET/IB: ncclIbRecvCommInit: Receive work requests will be posted on-demand
node1:65:75 [0] NCCL INFO NET/IB: Subnet-aware routing: overriding dev 4 with dev 1
node1:65:75 [0] NCCL INFO NET/IB: ncclIbReceiverQpsCreateToRts: QP created: port=1 dev=1 devName=rocep1s0f1 ndevs=4 nmdevs=6 qp_num=15402 pkey=0 pd=0xfce2b01faf70 oooRq=0
node1:65:75 [0] NCCL INFO NET/IB: ncclIbReceiverQpsCreateToRts: QP created: port=1 dev=1 devName=rocep1s0f1 ndevs=4 nmdevs=6 qp_num=15403 pkey=0 pd=0xfce2b01faf70 oooRq=0
node1:65:75 [0] NCCL INFO NET/IB: ncclIbReceiverQpsCreateToRts: Flush QP created: port=1 dev=1 devName=rocep1s0f1 ndevs=4 nmdevs=6 qp_num=15404 pkey=0 pd=0xfce2b01faf70
node1:65:75 [0] NCCL INFO NET/IB: Subnet-aware routing: overriding dev 4 with dev 0
node1:65:75 [0] NCCL INFO NET/IB: Subnet-aware routing: overriding dev 5 with dev 2
node1:65:75 [0] NCCL INFO NET/IB: Subnet-aware routing: overriding dev 4 with dev 0
node1:65:75 [0] NCCL INFO NET/IB: Subnet-aware routing: overriding dev 5 with dev 2
node1:65:75 [0] NCCL INFO NET/IB: Subnet-aware routing: overriding dev 4 with dev 0
node1:65:75 [0] NCCL INFO NET/IB: Subnet-aware routing: overriding dev 5 with dev 2
node1:65:75 [0] NCCL INFO NET/IB: ncclIbResiliencyInit: Resiliency is disabled on the send communicator (comm=0xfce258936000)
node1:65:75 [0] NCCL INFO NET/IB: Subnet-aware routing: overriding dev 4 with dev 0
node1:65:75 [0] NCCL INFO NET/IB: ncclIbSenderQpsToRts: Set ECE: IbDev 0 Port 1 qp_num 12140 set_ece={supported=1, vendor_id=0x15b3, options=0x30000002, comp_mask=0x0}
node1:65:75 [0] NCCL INFO NET/IB: ncclIbSenderQpsToRts: Set ECE: IbDev 0 Port 1 qp_num 12141 set_ece={supported=1, vendor_id=0x15b3, options=0x30000002, comp_mask=0x0}
node1:65:75 [0] NCCL INFO NET/IB: Subnet-aware routing: overriding dev 5 with dev 2
node1:65:75 [0] NCCL INFO NET/IB: ncclIbSenderQpsCreate: QP created: port=1 dev=2 devName=roceP2p1s0f0 ndevs=4 nmdevs=6 qp_num=1804 pkey=0 pd=0xfce2b01b6e80 oooRq=0
node1:65:75 [0] NCCL INFO NET/IB: ncclIbSenderQpsCreate: QP created: port=1 dev=2 devName=roceP2p1s0f0 ndevs=4 nmdevs=6 qp_num=1805 pkey=0 pd=0xfce2b01b6e80 oooRq=0
node1:65:75 [0] NCCL INFO NET/IB: ncclIbConnectImpl: NCCL Dev 2 IbDev 2 Port 1 qp_num 1804 mtu 5 GID 3 (0/170A8C0FFFF0000) ctsFifoRkey=0x199e9b ctsFifoLkey=0x199e9b
node1:65:75 [0] NCCL INFO NET/IB: ncclIbConnectImpl: IbDev 2 Port 1 qp_num 1804 query_ece={supported=1, vendor_id=0x15b3, options=0x30000002, comp_mask=0x0}
node1:65:75 [0] NCCL INFO NET/IB: ncclIbConnectImpl: NCCL Dev 2 IbDev 2 Port 1 qp_num 1805 mtu 5 GID 3 (0/170A8C0FFFF0000) ctsFifoRkey=0x199e9b ctsFifoLkey=0x199e9b
node1:65:75 [0] NCCL INFO NET/IB: ncclIbConnectImpl: IbDev 2 Port 1 qp_num 1805 query_ece={supported=1, vendor_id=0x15b3, options=0x30000002, comp_mask=0x0}
node1:65:75 [0] NCCL INFO NET/IB: Subnet-aware routing: overriding dev 4 with dev 0
node1:65:75 [0] NCCL INFO NET/IB: Subnet-aware routing: overriding dev 5 with dev 2
node1:65:75 [0] NCCL INFO NET/IB: Subnet-aware routing: overriding dev 4 with dev 0
node1:65:75 [0] NCCL INFO NET/IB: Subnet-aware routing: overriding dev 5 with dev 2
node1:65:75 [0] NCCL INFO NET/IB: ncclIbResiliencyInit: Resiliency is disabled on the recv communicator (comm=0xfce2589cf000)
node1:65:75 [0] NCCL INFO NET/IB: ncclIbRecvCommInit: Receive work requests will be posted on-demand
node1:65:75 [0] NCCL INFO NET/IB: Subnet-aware routing: overriding dev 5 with dev 3
node1:65:75 [0] NCCL INFO NET/IB: ncclIbReceiverQpsCreateToRts: QP created: port=1 dev=3 devName=roceP2p1s0f1 ndevs=4 nmdevs=6 qp_num=2480 pkey=0 pd=0xfce2b034d430 oooRq=0
node1:65:75 [0] NCCL INFO NET/IB: ncclIbReceiverQpsCreateToRts: QP created: port=1 dev=3 devName=roceP2p1s0f1 ndevs=4 nmdevs=6 qp_num=2481 pkey=0 pd=0xfce2b034d430 oooRq=0
node1:65:75 [0] NCCL INFO NET/IB: ncclIbReceiverQpsCreateToRts: Flush QP created: port=1 dev=3 devName=roceP2p1s0f1 ndevs=4 nmdevs=6 qp_num=2482 pkey=0 pd=0xfce2b034d430
node1:65:75 [0] NCCL INFO NET/IB: Subnet-aware routing: overriding dev 5 with dev 2
node1:65:75 [0] NCCL INFO NET/IB: Subnet-aware routing: overriding dev 4 with dev 0
node1:65:75 [0] NCCL INFO NET/IB: Subnet-aware routing: overriding dev 5 with dev 2
node1:65:75 [0] NCCL INFO NET/IB: Subnet-aware routing: overriding dev 4 with dev 0
node1:65:75 [0] NCCL INFO NET/IB: Subnet-aware routing: overriding dev 5 with dev 2
node1:65:75 [0] NCCL INFO NET/IB: Subnet-aware routing: overriding dev 4 with dev 0
node1:65:75 [0] NCCL INFO NET/IB: ncclIbResiliencyInit: Resiliency is disabled on the send communicator (comm=0xfce258a91000)
node1:65:75 [0] NCCL INFO NET/IB: Subnet-aware routing: overriding dev 5 with dev 2
node1:65:75 [0] NCCL INFO NET/IB: ncclIbSenderQpsToRts: Set ECE: IbDev 2 Port 1 qp_num 1804 set_ece={supported=1, vendor_id=0x15b3, options=0x30000002, comp_mask=0x0}
node1:65:75 [0] NCCL INFO NET/IB: ncclIbSenderQpsToRts: Set ECE: IbDev 2 Port 1 qp_num 1805 set_ece={supported=1, vendor_id=0x15b3, options=0x30000002, comp_mask=0x0}
node1:65:75 [0] NCCL INFO NET/IB: Subnet-aware routing: overriding dev 4 with dev 0
node1:65:75 [0] NCCL INFO NET/IB: ncclIbSenderQpsCreate: QP created: port=1 dev=0 devName=rocep1s0f0 ndevs=4 nmdevs=6 qp_num=12142 pkey=0 pd=0xfce2b007dbd0 oooRq=0
node1:65:75 [0] NCCL INFO NET/IB: ncclIbSenderQpsCreate: QP created: port=1 dev=0 devName=rocep1s0f0 ndevs=4 nmdevs=6 qp_num=12143 pkey=0 pd=0xfce2b007dbd0 oooRq=0
node1:65:75 [0] NCCL INFO NET/IB: ncclIbConnectImpl: NCCL Dev 0 IbDev 0 Port 1 qp_num 12142 mtu 5 GID 6 (0/166A8C0FFFF0000) ctsFifoRkey=0x16eaa4 ctsFifoLkey=0x16eaa4
node1:65:75 [0] NCCL INFO NET/IB: ncclIbConnectImpl: IbDev 0 Port 1 qp_num 12142 query_ece={supported=1, vendor_id=0x15b3, options=0x30000002, comp_mask=0x0}
node1:65:75 [0] NCCL INFO NET/IB: ncclIbConnectImpl: NCCL Dev 0 IbDev 0 Port 1 qp_num 12143 mtu 5 GID 6 (0/166A8C0FFFF0000) ctsFifoRkey=0x16eaa4 ctsFifoLkey=0x16eaa4
node1:65:75 [0] NCCL INFO NET/IB: ncclIbConnectImpl: IbDev 0 Port 1 qp_num 12143 query_ece={supported=1, vendor_id=0x15b3, options=0x30000002, comp_mask=0x0}
node1:65:75 [0] NCCL INFO NET/IB: Subnet-aware routing: overriding dev 5 with dev 2
node1:65:75 [0] NCCL INFO NET/IB: Subnet-aware routing: overriding dev 4 with dev 0
node1:65:75 [0] NCCL INFO NET/IB: Subnet-aware routing: overriding dev 5 with dev 2
node1:65:75 [0] NCCL INFO NET/IB: Subnet-aware routing: overriding dev 4 with dev 0
node1:65:75 [0] NCCL INFO NET/IB: ncclIbResiliencyInit: Resiliency is disabled on the recv communicator (comm=0xfce258b2c000)
node1:65:75 [0] NCCL INFO NET/IB: ncclIbRecvCommInit: Receive work requests will be posted on-demand
node1:65:75 [0] NCCL INFO NET/IB: Subnet-aware routing: overriding dev 4 with dev 1
node1:65:75 [0] NCCL INFO NET/IB: ncclIbReceiverQpsCreateToRts: QP created: port=1 dev=1 devName=rocep1s0f1 ndevs=4 nmdevs=6 qp_num=15405 pkey=0 pd=0xfce2b01faf70 oooRq=0
node1:65:75 [0] NCCL INFO NET/IB: ncclIbReceiverQpsCreateToRts: QP created: port=1 dev=1 devName=rocep1s0f1 ndevs=4 nmdevs=6 qp_num=15406 pkey=0 pd=0xfce2b01faf70 oooRq=0
node1:65:75 [0] NCCL INFO NET/IB: ncclIbReceiverQpsCreateToRts: Flush QP created: port=1 dev=1 devName=rocep1s0f1 ndevs=4 nmdevs=6 qp_num=15407 pkey=0 pd=0xfce2b01faf70
node1:65:75 [0] NCCL INFO NET/IB: Subnet-aware routing: overriding dev 4 with dev 0
node1:65:75 [0] NCCL INFO NET/IB: Subnet-aware routing: overriding dev 5 with dev 2
node1:65:75 [0] NCCL INFO NET/IB: ncclIbSenderQpsCreate: QP created: port=1 dev=2 devName=roceP2p1s0f0 ndevs=4 nmdevs=6 qp_num=1806 pkey=0 pd=0xfce2b01b6e80 oooRq=0
node1:65:75 [0] NCCL INFO NET/IB: ncclIbSenderQpsCreate: QP created: port=1 dev=2 devName=roceP2p1s0f0 ndevs=4 nmdevs=6 qp_num=1807 pkey=0 pd=0xfce2b01b6e80 oooRq=0
node1:65:75 [0] NCCL INFO NET/IB: ncclIbConnectImpl: NCCL Dev 2 IbDev 2 Port 1 qp_num 1806 mtu 5 GID 3 (0/170A8C0FFFF0000) ctsFifoRkey=0x18e4de ctsFifoLkey=0x18e4de
node1:65:75 [0] NCCL INFO NET/IB: ncclIbConnectImpl: IbDev 2 Port 1 qp_num 1806 query_ece={supported=1, vendor_id=0x15b3, options=0x30000002, comp_mask=0x0}
node1:65:75 [0] NCCL INFO NET/IB: ncclIbConnectImpl: NCCL Dev 2 IbDev 2 Port 1 qp_num 1807 mtu 5 GID 3 (0/170A8C0FFFF0000) ctsFifoRkey=0x18e4de ctsFifoLkey=0x18e4de
node1:65:75 [0] NCCL INFO NET/IB: ncclIbConnectImpl: IbDev 2 Port 1 qp_num 1807 query_ece={supported=1, vendor_id=0x15b3, options=0x30000002, comp_mask=0x0}
node1:65:75 [0] NCCL INFO NET/IB: Subnet-aware routing: overriding dev 4 with dev 0
node1:65:75 [0] NCCL INFO NET/IB: Subnet-aware routing: overriding dev 5 with dev 2
node1:65:75 [0] NCCL INFO NET/IB: Subnet-aware routing: overriding dev 4 with dev 0
node1:65:75 [0] NCCL INFO NET/IB: Subnet-aware routing: overriding dev 5 with dev 2
node1:65:75 [0] NCCL INFO NET/IB: ncclIbResiliencyInit: Resiliency is disabled on the send communicator (comm=0xfce258c48000)
node1:65:75 [0] NCCL INFO NET/IB: Subnet-aware routing: overriding dev 4 with dev 0
node1:65:75 [0] NCCL INFO NET/IB: Subnet-aware routing: overriding dev 5 with dev 2
node1:65:75 [0] NCCL INFO NET/IB: Subnet-aware routing: overriding dev 4 with dev 0
node1:65:75 [0] NCCL INFO NET/IB: Subnet-aware routing: overriding dev 5 with dev 2
node1:65:75 [0] NCCL INFO NET/IB: Subnet-aware routing: overriding dev 4 with dev 0
node1:65:75 [0] NCCL INFO NET/IB: Subnet-aware routing: overriding dev 5 with dev 2
node1:65:75 [0] NCCL INFO NET/IB: ncclIbResiliencyInit: Resiliency is disabled on the recv communicator (comm=0xfce258c8c000)
node1:65:75 [0] NCCL INFO NET/IB: ncclIbRecvCommInit: Receive work requests will be posted on-demand
node1:65:75 [0] NCCL INFO NET/IB: Subnet-aware routing: overriding dev 4 with dev 0
node1:65:75 [0] NCCL INFO NET/IB: ncclIbSenderQpsToRts: Set ECE: IbDev 0 Port 1 qp_num 12142 set_ece={supported=1, vendor_id=0x15b3, options=0x30000002, comp_mask=0x0}
node1:65:75 [0] NCCL INFO NET/IB: ncclIbSenderQpsToRts: Set ECE: IbDev 0 Port 1 qp_num 12143 set_ece={supported=1, vendor_id=0x15b3, options=0x30000002, comp_mask=0x0}
node1:65:75 [0] NCCL INFO NET/IB: Subnet-aware routing: overriding dev 5 with dev 2
node1:65:75 [0] NCCL INFO NET/IB: ncclIbSenderQpsToRts: Set ECE: IbDev 2 Port 1 qp_num 1806 set_ece={supported=1, vendor_id=0x15b3, options=0x30000002, comp_mask=0x0}
node1:65:75 [0] NCCL INFO NET/IB: ncclIbSenderQpsToRts: Set ECE: IbDev 2 Port 1 qp_num 1807 set_ece={supported=1, vendor_id=0x15b3, options=0x30000002, comp_mask=0x0}
node1:65:75 [0] NCCL INFO NET/IB: Subnet-aware routing: overriding dev 4 with dev 0
node1:65:75 [0] NCCL INFO NET/IB: Subnet-aware routing: overriding dev 5 with dev 2
node1:65:75 [0] NCCL INFO NET/IB: Subnet-aware routing: overriding dev 4 with dev 0
node1:65:75 [0] NCCL INFO NET/IB: Subnet-aware routing: overriding dev 5 with dev 2
node1:65:75 [0] NCCL INFO NET/IB: Subnet-aware routing: overriding dev 4 with dev 0
node1:65:75 [0] NCCL INFO NET/IB: ncclIbResiliencyInit: Resiliency is disabled on the send communicator (comm=0xfce258cd4000)
node1:65:75 [0] NCCL INFO NET/IB: Subnet-aware routing: overriding dev 5 with dev 3
node1:65:75 [0] NCCL INFO NET/IB: ncclIbReceiverQpsCreateToRts: QP created: port=1 dev=3 devName=roceP2p1s0f1 ndevs=4 nmdevs=6 qp_num=2483 pkey=0 pd=0xfce2b034d430 oooRq=0
node1:65:75 [0] NCCL INFO NET/IB: ncclIbReceiverQpsCreateToRts: QP created: port=1 dev=3 devName=roceP2p1s0f1 ndevs=4 nmdevs=6 qp_num=2484 pkey=0 pd=0xfce2b034d430 oooRq=0
node1:65:75 [0] NCCL INFO NET/IB: ncclIbReceiverQpsCreateToRts: Flush QP created: port=1 dev=3 devName=roceP2p1s0f1 ndevs=4 nmdevs=6 qp_num=2485 pkey=0 pd=0xfce2b034d430
node1:65:75 [0] NCCL INFO NET/IB: Subnet-aware routing: overriding dev 4 with dev 1
node1:65:75 [0] NCCL INFO NET/IB: ncclIbReceiverQpsCreateToRts: QP created: port=1 dev=1 devName=rocep1s0f1 ndevs=4 nmdevs=6 qp_num=15408 pkey=0 pd=0xfce2b01faf70 oooRq=0
node1:65:75 [0] NCCL INFO NET/IB: ncclIbReceiverQpsCreateToRts: QP created: port=1 dev=1 devName=rocep1s0f1 ndevs=4 nmdevs=6 qp_num=15409 pkey=0 pd=0xfce2b01faf70 oooRq=0
node1:65:75 [0] NCCL INFO NET/IB: ncclIbReceiverQpsCreateToRts: Flush QP created: port=1 dev=1 devName=rocep1s0f1 ndevs=4 nmdevs=6 qp_num=15410 pkey=0 pd=0xfce2b01faf70
node1:65:75 [0] NCCL INFO NET/IB: Subnet-aware routing: overriding dev 4 with dev 0
node1:65:75 [0] NCCL INFO NET/IB: ncclIbSenderQpsCreate: QP created: port=1 dev=0 devName=rocep1s0f0 ndevs=4 nmdevs=6 qp_num=12144 pkey=0 pd=0xfce2b007dbd0 oooRq=0
node1:65:75 [0] NCCL INFO NET/IB: ncclIbSenderQpsCreate: QP created: port=1 dev=0 devName=rocep1s0f0 ndevs=4 nmdevs=6 qp_num=12145 pkey=0 pd=0xfce2b007dbd0 oooRq=0
node1:65:75 [0] NCCL INFO NET/IB: ncclIbConnectImpl: NCCL Dev 0 IbDev 0 Port 1 qp_num 12144 mtu 5 GID 6 (0/166A8C0FFFF0000) ctsFifoRkey=0x15b673 ctsFifoLkey=0x15b673
node1:65:75 [0] NCCL INFO NET/IB: ncclIbConnectImpl: IbDev 0 Port 1 qp_num 12144 query_ece={supported=1, vendor_id=0x15b3, options=0x30000002, comp_mask=0x0}
node1:65:75 [0] NCCL INFO NET/IB: ncclIbConnectImpl: NCCL Dev 0 IbDev 0 Port 1 qp_num 12145 mtu 5 GID 6 (0/166A8C0FFFF0000) ctsFifoRkey=0x15b673 ctsFifoLkey=0x15b673
node1:65:75 [0] NCCL INFO NET/IB: ncclIbConnectImpl: IbDev 0 Port 1 qp_num 12145 query_ece={supported=1, vendor_id=0x15b3, options=0x30000002, comp_mask=0x0}
node1:65:75 [0] NCCL INFO NET/IB: Subnet-aware routing: overriding dev 5 with dev 2
node1:65:75 [0] NCCL INFO NET/IB: Subnet-aware routing: overriding dev 4 with dev 0
node1:65:75 [0] NCCL INFO NET/IB: Subnet-aware routing: overriding dev 5 with dev 2
node1:65:75 [0] NCCL INFO NET/IB: Subnet-aware routing: overriding dev 4 with dev 0
node1:65:75 [0] NCCL INFO NET/IB: ncclIbResiliencyInit: Resiliency is disabled on the recv communicator (comm=0xfce258e62000)
node1:65:75 [0] NCCL INFO NET/IB: ncclIbRecvCommInit: Receive work requests will be posted on-demand
node1:65:75 [0] NCCL INFO NET/IB: Subnet-aware routing: overriding dev 4 with dev 0
node1:65:75 [0] NCCL INFO NET/IB: Subnet-aware routing: overriding dev 5 with dev 2
node1:65:75 [0] NCCL INFO NET/IB: Subnet-aware routing: overriding dev 4 with dev 0
node1:65:75 [0] NCCL INFO NET/IB: Subnet-aware routing: overriding dev 5 with dev 2
node1:65:75 [0] NCCL INFO NET/IB: Subnet-aware routing: overriding dev 4 with dev 0
node1:65:75 [0] NCCL INFO NET/IB: Subnet-aware routing: overriding dev 5 with dev 2
node1:65:75 [0] NCCL INFO NET/IB: ncclIbResiliencyInit: Resiliency is disabled on the send communicator (comm=0xfce258eaa000)
node1:65:75 [0] NCCL INFO NET/IB: Subnet-aware routing: overriding dev 5 with dev 3
node1:65:75 [0] NCCL INFO NET/IB: ncclIbReceiverQpsCreateToRts: QP created: port=1 dev=3 devName=roceP2p1s0f1 ndevs=4 nmdevs=6 qp_num=2486 pkey=0 pd=0xfce2b034d430 oooRq=0
node1:65:75 [0] NCCL INFO NET/IB: ncclIbReceiverQpsCreateToRts: QP created: port=1 dev=3 devName=roceP2p1s0f1 ndevs=4 nmdevs=6 qp_num=2487 pkey=0 pd=0xfce2b034d430 oooRq=0
node1:65:75 [0] NCCL INFO NET/IB: ncclIbReceiverQpsCreateToRts: Flush QP created: port=1 dev=3 devName=roceP2p1s0f1 ndevs=4 nmdevs=6 qp_num=2488 pkey=0 pd=0xfce2b034d430
node1:65:75 [0] NCCL INFO NET/IB: Subnet-aware routing: overriding dev 4 with dev 0
node1:65:75 [0] NCCL INFO NET/IB: Subnet-aware routing: overriding dev 5 with dev 2
node1:65:75 [0] NCCL INFO NET/IB: Subnet-aware routing: overriding dev 4 with dev 0
node1:65:75 [0] NCCL INFO NET/IB: Subnet-aware routing: overriding dev 5 with dev 2
node1:65:75 [0] NCCL INFO NET/IB: Subnet-aware routing: overriding dev 4 with dev 0
node1:65:75 [0] NCCL INFO NET/IB: Subnet-aware routing: overriding dev 5 with dev 2
node1:65:75 [0] NCCL INFO NET/IB: ncclIbResiliencyInit: Resiliency is disabled on the recv communicator (comm=0xfce258f68000)
node1:65:75 [0] NCCL INFO NET/IB: ncclIbRecvCommInit: Receive work requests will be posted on-demand
node1:65:75 [0] NCCL INFO NET/IB: Subnet-aware routing: overriding dev 4 with dev 0
node1:65:75 [0] NCCL INFO NET/IB: Subnet-aware routing: overriding dev 5 with dev 2
node1:65:75 [0] NCCL INFO NET/IB: ncclIbSenderQpsCreate: QP created: port=1 dev=2 devName=roceP2p1s0f0 ndevs=4 nmdevs=6 qp_num=1808 pkey=0 pd=0xfce2b01b6e80 oooRq=0
node1:65:75 [0] NCCL INFO NET/IB: ncclIbSenderQpsCreate: QP created: port=1 dev=2 devName=roceP2p1s0f0 ndevs=4 nmdevs=6 qp_num=1809 pkey=0 pd=0xfce2b01b6e80 oooRq=0
node1:65:75 [0] NCCL INFO NET/IB: ncclIbConnectImpl: NCCL Dev 2 IbDev 2 Port 1 qp_num 1808 mtu 5 GID 3 (0/170A8C0FFFF0000) ctsFifoRkey=0x191412 ctsFifoLkey=0x191412
node1:65:75 [0] NCCL INFO NET/IB: ncclIbConnectImpl: IbDev 2 Port 1 qp_num 1808 query_ece={supported=1, vendor_id=0x15b3, options=0x30000002, comp_mask=0x0}
node1:65:75 [0] NCCL INFO NET/IB: ncclIbConnectImpl: NCCL Dev 2 IbDev 2 Port 1 qp_num 1809 mtu 5 GID 3 (0/170A8C0FFFF0000) ctsFifoRkey=0x191412 ctsFifoLkey=0x191412
node1:65:75 [0] NCCL INFO NET/IB: ncclIbConnectImpl: IbDev 2 Port 1 qp_num 1809 query_ece={supported=1, vendor_id=0x15b3, options=0x30000002, comp_mask=0x0}
node1:65:75 [0] NCCL INFO NET/IB: Subnet-aware routing: overriding dev 4 with dev 0
node1:65:75 [0] NCCL INFO NET/IB: Subnet-aware routing: overriding dev 5 with dev 2
node1:65:75 [0] NCCL INFO NET/IB: Subnet-aware routing: overriding dev 4 with dev 0
node1:65:75 [0] NCCL INFO NET/IB: Subnet-aware routing: overriding dev 5 with dev 2
node1:65:75 [0] NCCL INFO NET/IB: Subnet-aware routing: overriding dev 4 with dev 0
node1:65:75 [0] NCCL INFO NET/IB: ncclIbResiliencyInit: Resiliency is disabled on the send communicator (comm=0xfce25900b000)
node1:65:75 [0] NCCL INFO NET/IB: Subnet-aware routing: overriding dev 4 with dev 0
node1:65:75 [0] NCCL INFO NET/IB: ncclIbSenderQpsToRts: Set ECE: IbDev 0 Port 1 qp_num 12144 set_ece={supported=1, vendor_id=0x15b3, options=0x30000002, comp_mask=0x0}
node1:65:75 [0] NCCL INFO NET/IB: ncclIbSenderQpsToRts: Set ECE: IbDev 0 Port 1 qp_num 12145 set_ece={supported=1, vendor_id=0x15b3, options=0x30000002, comp_mask=0x0}
node1:65:75 [0] NCCL INFO NET/IB: Subnet-aware routing: overriding dev 5 with dev 2
node1:65:75 [0] NCCL INFO NET/IB: ncclIbSenderQpsToRts: Set ECE: IbDev 2 Port 1 qp_num 1808 set_ece={supported=1, vendor_id=0x15b3, options=0x30000002, comp_mask=0x0}
node1:65:75 [0] NCCL INFO NET/IB: ncclIbSenderQpsToRts: Set ECE: IbDev 2 Port 1 qp_num 1809 set_ece={supported=1, vendor_id=0x15b3, options=0x30000002, comp_mask=0x0}
node1:65:75 [0] NCCL INFO NET/IB: Subnet-aware routing: overriding dev 4 with dev 0
node1:65:75 [0] NCCL INFO NET/IB: ncclIbSenderQpsCreate: QP created: port=1 dev=0 devName=rocep1s0f0 ndevs=4 nmdevs=6 qp_num=12146 pkey=0 pd=0xfce2b007dbd0 oooRq=0
node1:65:75 [0] NCCL INFO NET/IB: ncclIbSenderQpsCreate: QP created: port=1 dev=0 devName=rocep1s0f0 ndevs=4 nmdevs=6 qp_num=12147 pkey=0 pd=0xfce2b007dbd0 oooRq=0
node1:65:75 [0] NCCL INFO NET/IB: ncclIbConnectImpl: NCCL Dev 0 IbDev 0 Port 1 qp_num 12146 mtu 5 GID 6 (0/166A8C0FFFF0000) ctsFifoRkey=0x17d592 ctsFifoLkey=0x17d592
node1:65:75 [0] NCCL INFO NET/IB: ncclIbConnectImpl: IbDev 0 Port 1 qp_num 12146 query_ece={supported=1, vendor_id=0x15b3, options=0x30000002, comp_mask=0x0}
node1:65:75 [0] NCCL INFO NET/IB: ncclIbConnectImpl: NCCL Dev 0 IbDev 0 Port 1 qp_num 12147 mtu 5 GID 6 (0/166A8C0FFFF0000) ctsFifoRkey=0x17d592 ctsFifoLkey=0x17d592
node1:65:75 [0] NCCL INFO NET/IB: ncclIbConnectImpl: IbDev 0 Port 1 qp_num 12147 query_ece={supported=1, vendor_id=0x15b3, options=0x30000002, comp_mask=0x0}
node1:65:75 [0] NCCL INFO NET/IB: Subnet-aware routing: overriding dev 5 with dev 2
node1:65:75 [0] NCCL INFO NET/IB: ncclIbSenderQpsCreate: QP created: port=1 dev=2 devName=roceP2p1s0f0 ndevs=4 nmdevs=6 qp_num=1810 pkey=0 pd=0xfce2b01b6e80 oooRq=0
node1:65:75 [0] NCCL INFO NET/IB: ncclIbSenderQpsCreate: QP created: port=1 dev=2 devName=roceP2p1s0f0 ndevs=4 nmdevs=6 qp_num=1811 pkey=0 pd=0xfce2b01b6e80 oooRq=0
node1:65:75 [0] NCCL INFO NET/IB: ncclIbConnectImpl: NCCL Dev 2 IbDev 2 Port 1 qp_num 1810 mtu 5 GID 3 (0/170A8C0FFFF0000) ctsFifoRkey=0x1cddc6 ctsFifoLkey=0x1cddc6
node1:65:75 [0] NCCL INFO NET/IB: ncclIbConnectImpl: IbDev 2 Port 1 qp_num 1810 query_ece={supported=1, vendor_id=0x15b3, options=0x30000002, comp_mask=0x0}
node1:65:75 [0] NCCL INFO NET/IB: ncclIbConnectImpl: NCCL Dev 2 IbDev 2 Port 1 qp_num 1811 mtu 5 GID 3 (0/170A8C0FFFF0000) ctsFifoRkey=0x1cddc6 ctsFifoLkey=0x1cddc6
node1:65:75 [0] NCCL INFO NET/IB: ncclIbConnectImpl: IbDev 2 Port 1 qp_num 1811 query_ece={supported=1, vendor_id=0x15b3, options=0x30000002, comp_mask=0x0}
node1:65:75 [0] NCCL INFO NET/IB: Subnet-aware routing: overriding dev 4 with dev 0
node1:65:75 [0] NCCL INFO NET/IB: Subnet-aware routing: overriding dev 5 with dev 2
node1:65:75 [0] NCCL INFO NET/IB: Subnet-aware routing: overriding dev 4 with dev 0
node1:65:75 [0] NCCL INFO NET/IB: ncclIbResiliencyInit: Resiliency is disabled on the recv communicator (comm=0xfce2590fb000)
node1:65:75 [0] NCCL INFO NET/IB: ncclIbRecvCommInit: Receive work requests will be posted on-demand
node1:65:75 [0] NCCL INFO NET/IB: Subnet-aware routing: overriding dev 4 with dev 0
node1:65:75 [0] NCCL INFO NET/IB: Subnet-aware routing: overriding dev 5 with dev 2
node1:65:75 [0] NCCL INFO NET/IB: Subnet-aware routing: overriding dev 4 with dev 0
node1:65:75 [0] NCCL INFO NET/IB: Subnet-aware routing: overriding dev 5 with dev 2
node1:65:75 [0] NCCL INFO NET/IB: Subnet-aware routing: overriding dev 4 with dev 0
node1:65:75 [0] NCCL INFO NET/IB: Subnet-aware routing: overriding dev 5 with dev 2
node1:65:75 [0] NCCL INFO NET/IB: ncclIbResiliencyInit: Resiliency is disabled on the send communicator (comm=0xfce259143000)
node1:65:75 [0] NCCL INFO NET/IB: Subnet-aware routing: overriding dev 5 with dev 3
node1:65:75 [0] NCCL INFO NET/IB: ncclIbReceiverQpsCreateToRts: QP created: port=1 dev=3 devName=roceP2p1s0f1 ndevs=4 nmdevs=6 qp_num=2489 pkey=0 pd=0xfce2b034d430 oooRq=0
node1:65:75 [0] NCCL INFO NET/IB: ncclIbReceiverQpsCreateToRts: QP created: port=1 dev=3 devName=roceP2p1s0f1 ndevs=4 nmdevs=6 qp_num=2490 pkey=0 pd=0xfce2b034d430 oooRq=0
node1:65:75 [0] NCCL INFO NET/IB: ncclIbReceiverQpsCreateToRts: Flush QP created: port=1 dev=3 devName=roceP2p1s0f1 ndevs=4 nmdevs=6 qp_num=2491 pkey=0 pd=0xfce2b034d430
node1:65:75 [0] NCCL INFO NET/IB: Subnet-aware routing: overriding dev 4 with dev 0
node1:65:75 [0] NCCL INFO NET/IB: Subnet-aware routing: overriding dev 5 with dev 2
node1:65:75 [0] NCCL INFO NET/IB: Subnet-aware routing: overriding dev 4 with dev 0
node1:65:75 [0] NCCL INFO NET/IB: Subnet-aware routing: overriding dev 5 with dev 2
node1:65:75 [0] NCCL INFO NET/IB: Subnet-aware routing: overriding dev 4 with dev 0
node1:65:75 [0] NCCL INFO NET/IB: Subnet-aware routing: overriding dev 5 with dev 2
node1:65:75 [0] NCCL INFO NET/IB: ncclIbResiliencyInit: Resiliency is disabled on the recv communicator (comm=0xfce259203000)
node1:65:75 [0] NCCL INFO NET/IB: ncclIbRecvCommInit: Receive work requests will be posted on-demand
node1:65:75 [0] NCCL INFO NET/IB: Subnet-aware routing: overriding dev 4 with dev 1
node1:65:75 [0] NCCL INFO NET/IB: ncclIbReceiverQpsCreateToRts: QP created: port=1 dev=1 devName=rocep1s0f1 ndevs=4 nmdevs=6 qp_num=15411 pkey=0 pd=0xfce2b01faf70 oooRq=0
node1:65:75 [0] NCCL INFO NET/IB: ncclIbReceiverQpsCreateToRts: QP created: port=1 dev=1 devName=rocep1s0f1 ndevs=4 nmdevs=6 qp_num=15412 pkey=0 pd=0xfce2b01faf70 oooRq=0
node1:65:75 [0] NCCL INFO NET/IB: ncclIbReceiverQpsCreateToRts: Flush QP created: port=1 dev=1 devName=rocep1s0f1 ndevs=4 nmdevs=6 qp_num=15413 pkey=0 pd=0xfce2b01faf70
node1:65:75 [0] NCCL INFO NET/IB: Subnet-aware routing: overriding dev 4 with dev 0
node1:65:75 [0] NCCL INFO NET/IB: Subnet-aware routing: overriding dev 5 with dev 2
node1:65:75 [0] NCCL INFO NET/IB: Subnet-aware routing: overriding dev 4 with dev 0
node1:65:75 [0] NCCL INFO NET/IB: Subnet-aware routing: overriding dev 5 with dev 2
node1:65:75 [0] NCCL INFO NET/IB: Subnet-aware routing: overriding dev 4 with dev 0
node1:65:75 [0] NCCL INFO NET/IB: Subnet-aware routing: overriding dev 5 with dev 2
node1:65:75 [0] NCCL INFO NET/IB: Subnet-aware routing: overriding dev 4 with dev 0
node1:65:75 [0] NCCL INFO NET/IB: ncclIbSenderQpsToRts: Set ECE: IbDev 0 Port 1 qp_num 12146 set_ece={supported=1, vendor_id=0x15b3, options=0x30000002, comp_mask=0x0}
node1:65:75 [0] NCCL INFO NET/IB: ncclIbSenderQpsToRts: Set ECE: IbDev 0 Port 1 qp_num 12147 set_ece={supported=1, vendor_id=0x15b3, options=0x30000002, comp_mask=0x0}
node1:65:75 [0] NCCL INFO NET/IB: Subnet-aware routing: overriding dev 5 with dev 2
node1:65:75 [0] NCCL INFO NET/IB: ncclIbSenderQpsToRts: Set ECE: IbDev 2 Port 1 qp_num 1810 set_ece={supported=1, vendor_id=0x15b3, options=0x30000002, comp_mask=0x0}
node1:65:75 [0] NCCL INFO NET/IB: ncclIbSenderQpsToRts: Set ECE: IbDev 2 Port 1 qp_num 1811 set_ece={supported=1, vendor_id=0x15b3, options=0x30000002, comp_mask=0x0}
node1:65:75 [0] NCCL INFO NET/IB: Subnet-aware routing: overriding dev 4 with dev 0
node1:65:75 [0] NCCL INFO NET/IB: ncclIbSenderQpsCreate: QP created: port=1 dev=0 devName=rocep1s0f0 ndevs=4 nmdevs=6 qp_num=12148 pkey=0 pd=0xfce2b007dbd0 oooRq=0
node1:65:75 [0] NCCL INFO NET/IB: ncclIbSenderQpsCreate: QP created: port=1 dev=0 devName=rocep1s0f0 ndevs=4 nmdevs=6 qp_num=12149 pkey=0 pd=0xfce2b007dbd0 oooRq=0
node1:65:75 [0] NCCL INFO NET/IB: ncclIbConnectImpl: NCCL Dev 0 IbDev 0 Port 1 qp_num 12148 mtu 5 GID 6 (0/166A8C0FFFF0000) ctsFifoRkey=0x1721de ctsFifoLkey=0x1721de
node1:65:75 [0] NCCL INFO NET/IB: ncclIbConnectImpl: IbDev 0 Port 1 qp_num 12148 query_ece={supported=1, vendor_id=0x15b3, options=0x30000002, comp_mask=0x0}
node1:65:75 [0] NCCL INFO NET/IB: ncclIbConnectImpl: NCCL Dev 0 IbDev 0 Port 1 qp_num 12149 mtu 5 GID 6 (0/166A8C0FFFF0000) ctsFifoRkey=0x1721de ctsFifoLkey=0x1721de
node1:65:75 [0] NCCL INFO NET/IB: ncclIbConnectImpl: IbDev 0 Port 1 qp_num 12149 query_ece={supported=1, vendor_id=0x15b3, options=0x30000002, comp_mask=0x0}
node1:65:75 [0] NCCL INFO NET/IB: Subnet-aware routing: overriding dev 5 with dev 2
node1:65:75 [0] NCCL INFO NET/IB: ncclIbSenderQpsCreate: QP created: port=1 dev=2 devName=roceP2p1s0f0 ndevs=4 nmdevs=6 qp_num=1812 pkey=0 pd=0xfce2b01b6e80 oooRq=0
node1:65:75 [0] NCCL INFO NET/IB: ncclIbSenderQpsCreate: QP created: port=1 dev=2 devName=roceP2p1s0f0 ndevs=4 nmdevs=6 qp_num=1813 pkey=0 pd=0xfce2b01b6e80 oooRq=0
node1:65:75 [0] NCCL INFO NET/IB: ncclIbConnectImpl: NCCL Dev 2 IbDev 2 Port 1 qp_num 1812 mtu 5 GID 3 (0/170A8C0FFFF0000) ctsFifoRkey=0x18eeed ctsFifoLkey=0x18eeed
node1:65:75 [0] NCCL INFO NET/IB: ncclIbConnectImpl: IbDev 2 Port 1 qp_num 1812 query_ece={supported=1, vendor_id=0x15b3, options=0x30000002, comp_mask=0x0}
node1:65:75 [0] NCCL INFO NET/IB: ncclIbConnectImpl: NCCL Dev 2 IbDev 2 Port 1 qp_num 1813 mtu 5 GID 3 (0/170A8C0FFFF0000) ctsFifoRkey=0x18eeed ctsFifoLkey=0x18eeed
node1:65:75 [0] NCCL INFO NET/IB: ncclIbConnectImpl: IbDev 2 Port 1 qp_num 1813 query_ece={supported=1, vendor_id=0x15b3, options=0x30000002, comp_mask=0x0}
node1:65:75 [0] NCCL INFO NET/IB: Subnet-aware routing: overriding dev 4 with dev 0
node1:65:75 [0] NCCL INFO NET/IB: Subnet-aware routing: overriding dev 5 with dev 2
node1:65:75 [0] NCCL INFO NET/IB: Subnet-aware routing: overriding dev 4 with dev 1
node1:65:75 [0] NCCL INFO NET/IB: ncclIbReceiverQpsCreateToRts: QP created: port=1 dev=1 devName=rocep1s0f1 ndevs=4 nmdevs=6 qp_num=15414 pkey=0 pd=0xfce2b01faf70 oooRq=0
node1:65:75 [0] NCCL INFO NET/IB: ncclIbReceiverQpsCreateToRts: QP created: port=1 dev=1 devName=rocep1s0f1 ndevs=4 nmdevs=6 qp_num=15415 pkey=0 pd=0xfce2b01faf70 oooRq=0
node1:65:75 [0] NCCL INFO NET/IB: ncclIbReceiverQpsCreateToRts: Flush QP created: port=1 dev=1 devName=rocep1s0f1 ndevs=4 nmdevs=6 qp_num=15416 pkey=0 pd=0xfce2b01faf70
node1:65:75 [0] NCCL INFO NET/IB: Subnet-aware routing: overriding dev 4 with dev 0
node1:65:75 [0] NCCL INFO NET/IB: Subnet-aware routing: overriding dev 5 with dev 2
node1:65:75 [0] NCCL INFO NET/IB: Subnet-aware routing: overriding dev 4 with dev 0
node1:65:75 [0] NCCL INFO NET/IB: Subnet-aware routing: overriding dev 5 with dev 2
node1:65:75 [0] NCCL INFO NET/IB: Subnet-aware routing: overriding dev 4 with dev 0
node1:65:75 [0] NCCL INFO NET/IB: Subnet-aware routing: overriding dev 5 with dev 2
node1:65:75 [0] NCCL INFO NET/IB: Subnet-aware routing: overriding dev 4 with dev 0
node1:65:75 [0] NCCL INFO NET/IB: Subnet-aware routing: overriding dev 5 with dev 2
node1:65:75 [0] NCCL INFO NET/IB: Subnet-aware routing: overriding dev 4 with dev 0
node1:65:75 [0] NCCL INFO NET/IB: Subnet-aware routing: overriding dev 5 with dev 2
node1:65:75 [0] NCCL INFO NET/IB: Subnet-aware routing: overriding dev 4 with dev 0
node1:65:75 [0] NCCL INFO NET/IB: Subnet-aware routing: overriding dev 5 with dev 2
node1:65:75 [0] NCCL INFO NET/IB: Subnet-aware routing: overriding dev 4 with dev 0
node1:65:75 [0] NCCL INFO NET/IB: Subnet-aware routing: overriding dev 5 with dev 2
node1:65:75 [0] NCCL INFO NET/IB: Subnet-aware routing: overriding dev 4 with dev 0
node1:65:75 [0] NCCL INFO NET/IB: Subnet-aware routing: overriding dev 5 with dev 2
node1:65:75 [0] NCCL INFO NET/IB: Subnet-aware routing: overriding dev 4 with dev 0
node1:65:75 [0] NCCL INFO NET/IB: ncclIbSenderQpsToRts: Set ECE: IbDev 0 Port 1 qp_num 12148 set_ece={supported=1, vendor_id=0x15b3, options=0x30000002, comp_mask=0x0}
node1:65:75 [0] NCCL INFO NET/IB: ncclIbSenderQpsToRts: Set ECE: IbDev 0 Port 1 qp_num 12149 set_ece={supported=1, vendor_id=0x15b3, options=0x30000002, comp_mask=0x0}
node1:65:75 [0] NCCL INFO NET/IB: Subnet-aware routing: overriding dev 5 with dev 2
node1:65:75 [0] NCCL INFO NET/IB: Subnet-aware routing: overriding dev 4 with dev 0
node1:65:75 [0] NCCL INFO NET/IB: Subnet-aware routing: overriding dev 5 with dev 2
node1:65:75 [0] NCCL INFO NET/IB: Subnet-aware routing: overriding dev 5 with dev 2
node1:65:75 [0] NCCL INFO NET/IB: Subnet-aware routing: overriding dev 4 with dev 0
node1:65:75 [0] NCCL INFO NET/IB: Subnet-aware routing: overriding dev 5 with dev 2
node1:65:75 [0] NCCL INFO NET/IB: Subnet-aware routing: overriding dev 5 with dev 2
node1:65:75 [0] NCCL INFO NET/IB: ncclIbSenderQpsToRts: Set ECE: IbDev 2 Port 1 qp_num 1812 set_ece={supported=1, vendor_id=0x15b3, options=0x30000002, comp_mask=0x0}
node1:65:75 [0] NCCL INFO NET/IB: ncclIbSenderQpsToRts: Set ECE: IbDev 2 Port 1 qp_num 1813 set_ece={supported=1, vendor_id=0x15b3, options=0x30000002, comp_mask=0x0}
node1:65:75 [0] NCCL INFO NET/IB: Subnet-aware routing: overriding dev 4 with dev 0
node1:65:75 [0] NCCL INFO NET/IB: Subnet-aware routing: overriding dev 5 with dev 2
node1:65:75 [0] NCCL INFO NET/IB: Subnet-aware routing: overriding dev 5 with dev 3
node1:65:75 [0] NCCL INFO NET/IB: ncclIbReceiverQpsCreateToRts: QP created: port=1 dev=3 devName=roceP2p1s0f1 ndevs=4 nmdevs=6 qp_num=2492 pkey=0 pd=0xfce2b034d430 oooRq=0
node1:65:75 [0] NCCL INFO NET/IB: ncclIbReceiverQpsCreateToRts: QP created: port=1 dev=3 devName=roceP2p1s0f1 ndevs=4 nmdevs=6 qp_num=2493 pkey=0 pd=0xfce2b034d430 oooRq=0
node1:65:75 [0] NCCL INFO NET/IB: ncclIbReceiverQpsCreateToRts: Flush QP created: port=1 dev=3 devName=roceP2p1s0f1 ndevs=4 nmdevs=6 qp_num=2494 pkey=0 pd=0xfce2b034d430
node1:65:75 [0] NCCL INFO NET/IB: Subnet-aware routing: overriding dev 4 with dev 0
node1:65:75 [0] NCCL INFO NET/IB: ncclIbSenderQpsCreate: QP created: port=1 dev=0 devName=rocep1s0f0 ndevs=4 nmdevs=6 qp_num=12150 pkey=0 pd=0xfce2b007dbd0 oooRq=0
node1:65:75 [0] NCCL INFO NET/IB: ncclIbSenderQpsCreate: QP created: port=1 dev=0 devName=rocep1s0f0 ndevs=4 nmdevs=6 qp_num=12151 pkey=0 pd=0xfce2b007dbd0 oooRq=0
node1:65:75 [0] NCCL INFO NET/IB: ncclIbConnectImpl: NCCL Dev 0 IbDev 0 Port 1 qp_num 12150 mtu 5 GID 6 (0/166A8C0FFFF0000) ctsFifoRkey=0x15f9b6 ctsFifoLkey=0x15f9b6
node1:65:75 [0] NCCL INFO NET/IB: ncclIbConnectImpl: IbDev 0 Port 1 qp_num 12150 query_ece={supported=1, vendor_id=0x15b3, options=0x30000002, comp_mask=0x0}
node1:65:75 [0] NCCL INFO NET/IB: ncclIbConnectImpl: NCCL Dev 0 IbDev 0 Port 1 qp_num 12151 mtu 5 GID 6 (0/166A8C0FFFF0000) ctsFifoRkey=0x15f9b6 ctsFifoLkey=0x15f9b6
node1:65:75 [0] NCCL INFO NET/IB: ncclIbConnectImpl: IbDev 0 Port 1 qp_num 12151 query_ece={supported=1, vendor_id=0x15b3, options=0x30000002, comp_mask=0x0}
node1:65:75 [0] NCCL INFO NET/IB: Subnet-aware routing: overriding dev 5 with dev 2
node1:65:75 [0] NCCL INFO NET/IB: Subnet-aware routing: overriding dev 4 with dev 0
node1:65:75 [0] NCCL INFO NET/IB: Subnet-aware routing: overriding dev 5 with dev 2
node1:65:75 [0] NCCL INFO NET/IB: Subnet-aware routing: overriding dev 4 with dev 0
node1:65:75 [0] NCCL INFO NET/IB: Subnet-aware routing: overriding dev 5 with dev 2
node1:65:75 [0] NCCL INFO NET/IB: Subnet-aware routing: overriding dev 4 with dev 1
node1:65:75 [0] NCCL INFO NET/IB: ncclIbReceiverQpsCreateToRts: QP created: port=1 dev=1 devName=rocep1s0f1 ndevs=4 nmdevs=6 qp_num=15417 pkey=0 pd=0xfce2b01faf70 oooRq=0
node1:65:75 [0] NCCL INFO NET/IB: ncclIbReceiverQpsCreateToRts: QP created: port=1 dev=1 devName=rocep1s0f1 ndevs=4 nmdevs=6 qp_num=15418 pkey=0 pd=0xfce2b01faf70 oooRq=0
node1:65:75 [0] NCCL INFO NET/IB: ncclIbReceiverQpsCreateToRts: Flush QP created: port=1 dev=1 devName=rocep1s0f1 ndevs=4 nmdevs=6 qp_num=15419 pkey=0 pd=0xfce2b01faf70
node1:65:75 [0] NCCL INFO NET/IB: Subnet-aware routing: overriding dev 5 with dev 3
node1:65:75 [0] NCCL INFO NET/IB: ncclIbReceiverQpsCreateToRts: QP created: port=1 dev=3 devName=roceP2p1s0f1 ndevs=4 nmdevs=6 qp_num=2495 pkey=0 pd=0xfce2b034d430 oooRq=0
node1:65:75 [0] NCCL INFO NET/IB: ncclIbReceiverQpsCreateToRts: QP created: port=1 dev=3 devName=roceP2p1s0f1 ndevs=4 nmdevs=6 qp_num=2496 pkey=0 pd=0xfce2b034d430 oooRq=0
node1:65:75 [0] NCCL INFO NET/IB: ncclIbReceiverQpsCreateToRts: Flush QP created: port=1 dev=3 devName=roceP2p1s0f1 ndevs=4 nmdevs=6 qp_num=2497 pkey=0 pd=0xfce2b034d430
node1:65:75 [0] NCCL INFO NET/IB: Subnet-aware routing: overriding dev 4 with dev 0
node1:65:75 [0] NCCL INFO NET/IB: Subnet-aware routing: overriding dev 5 with dev 2
node1:65:75 [0] NCCL INFO NET/IB: Subnet-aware routing: overriding dev 4 with dev 0
node1:65:75 [0] NCCL INFO NET/IB: ncclIbSenderQpsToRts: Set ECE: IbDev 0 Port 1 qp_num 12150 set_ece={supported=1, vendor_id=0x15b3, options=0x30000002, comp_mask=0x0}
node1:65:75 [0] NCCL INFO NET/IB: ncclIbSenderQpsToRts: Set ECE: IbDev 0 Port 1 qp_num 12151 set_ece={supported=1, vendor_id=0x15b3, options=0x30000002, comp_mask=0x0}
node1:65:75 [0] NCCL INFO NET/IB: Subnet-aware routing: overriding dev 5 with dev 2
node1:65:75 [0] NCCL INFO NET/IB: ncclIbSenderQpsCreate: QP created: port=1 dev=2 devName=roceP2p1s0f0 ndevs=4 nmdevs=6 qp_num=1814 pkey=0 pd=0xfce2b01b6e80 oooRq=0
node1:65:75 [0] NCCL INFO NET/IB: ncclIbSenderQpsCreate: QP created: port=1 dev=2 devName=roceP2p1s0f0 ndevs=4 nmdevs=6 qp_num=1815 pkey=0 pd=0xfce2b01b6e80 oooRq=0
node1:65:75 [0] NCCL INFO NET/IB: ncclIbConnectImpl: NCCL Dev 2 IbDev 2 Port 1 qp_num 1814 mtu 5 GID 3 (0/170A8C0FFFF0000) ctsFifoRkey=0x190e0a ctsFifoLkey=0x190e0a
node1:65:75 [0] NCCL INFO NET/IB: ncclIbConnectImpl: IbDev 2 Port 1 qp_num 1814 query_ece={supported=1, vendor_id=0x15b3, options=0x30000002, comp_mask=0x0}
node1:65:75 [0] NCCL INFO NET/IB: ncclIbConnectImpl: NCCL Dev 2 IbDev 2 Port 1 qp_num 1815 mtu 5 GID 3 (0/170A8C0FFFF0000) ctsFifoRkey=0x190e0a ctsFifoLkey=0x190e0a
node1:65:75 [0] NCCL INFO NET/IB: ncclIbConnectImpl: IbDev 2 Port 1 qp_num 1815 query_ece={supported=1, vendor_id=0x15b3, options=0x30000002, comp_mask=0x0}
node1:65:75 [0] NCCL INFO NET/IB: Subnet-aware routing: overriding dev 5 with dev 2
node1:65:75 [0] NCCL INFO NET/IB: Subnet-aware routing: overriding dev 5 with dev 2
node1:65:75 [0] NCCL INFO NET/IB: Subnet-aware routing: overriding dev 5 with dev 2
node1:65:75 [0] NCCL INFO NET/IB: Subnet-aware routing: overriding dev 5 with dev 2
node1:65:75 [0] NCCL INFO NET/IB: Subnet-aware routing: overriding dev 5 with dev 2
node1:65:75 [0] NCCL INFO NET/IB: Subnet-aware routing: overriding dev 5 with dev 2
node1:65:75 [0] NCCL INFO NET/IB: Subnet-aware routing: overriding dev 5 with dev 2
node1:65:75 [0] NCCL INFO NET/IB: ncclIbSenderQpsToRts: Set ECE: IbDev 2 Port 1 qp_num 1814 set_ece={supported=1, vendor_id=0x15b3, options=0x30000002, comp_mask=0x0}
node1:65:75 [0] NCCL INFO NET/IB: ncclIbSenderQpsToRts: Set ECE: IbDev 2 Port 1 qp_num 1815 set_ece={supported=1, vendor_id=0x15b3, options=0x30000002, comp_mask=0x0}
node1:65:75 [0] NCCL INFO NET/IB: Subnet-aware routing: overriding dev 4 with dev 1
node1:65:75 [0] NCCL INFO NET/IB: ncclIbReceiverQpsCreateToRts: QP created: port=1 dev=1 devName=rocep1s0f1 ndevs=4 nmdevs=6 qp_num=15420 pkey=0 pd=0xfce2b01faf70 oooRq=0
node1:65:75 [0] NCCL INFO NET/IB: ncclIbReceiverQpsCreateToRts: QP created: port=1 dev=1 devName=rocep1s0f1 ndevs=4 nmdevs=6 qp_num=15421 pkey=0 pd=0xfce2b01faf70 oooRq=0
node1:65:75 [0] NCCL INFO NET/IB: ncclIbReceiverQpsCreateToRts: Flush QP created: port=1 dev=1 devName=rocep1s0f1 ndevs=4 nmdevs=6 qp_num=15422 pkey=0 pd=0xfce2b01faf70
node1:65:75 [0] NCCL INFO NET/IB: Subnet-aware routing: overriding dev 5 with dev 3
node1:65:75 [0] NCCL INFO NET/IB: ncclIbReceiverQpsCreateToRts: QP created: port=1 dev=3 devName=roceP2p1s0f1 ndevs=4 nmdevs=6 qp_num=2498 pkey=0 pd=0xfce2b034d430 oooRq=0
node1:65:75 [0] NCCL INFO NET/IB: ncclIbReceiverQpsCreateToRts: QP created: port=1 dev=3 devName=roceP2p1s0f1 ndevs=4 nmdevs=6 qp_num=2499 pkey=0 pd=0xfce2b034d430 oooRq=0
node1:65:75 [0] NCCL INFO NET/IB: ncclIbReceiverQpsCreateToRts: Flush QP created: port=1 dev=3 devName=roceP2p1s0f1 ndevs=4 nmdevs=6 qp_num=2500 pkey=0 pd=0xfce2b034d430
node1:65:75 [0] NCCL INFO NET/IB: Subnet-aware routing: overriding dev 4 with dev 1
node1:65:75 [0] NCCL INFO NET/IB: ncclIbReceiverQpsCreateToRts: QP created: port=1 dev=1 devName=rocep1s0f1 ndevs=4 nmdevs=6 qp_num=15423 pkey=0 pd=0xfce2b01faf70 oooRq=0
node1:65:75 [0] NCCL INFO NET/IB: ncclIbReceiverQpsCreateToRts: QP created: port=1 dev=1 devName=rocep1s0f1 ndevs=4 nmdevs=6 qp_num=15424 pkey=0 pd=0xfce2b01faf70 oooRq=0
node1:65:75 [0] NCCL INFO NET/IB: ncclIbReceiverQpsCreateToRts: Flush QP created: port=1 dev=1 devName=rocep1s0f1 ndevs=4 nmdevs=6 qp_num=15425 pkey=0 pd=0xfce2b01faf70
node1:65:75 [0] NCCL INFO NET/IB: Subnet-aware routing: overriding dev 5 with dev 3
node1:65:75 [0] NCCL INFO NET/IB: ncclIbReceiverQpsCreateToRts: QP created: port=1 dev=3 devName=roceP2p1s0f1 ndevs=4 nmdevs=6 qp_num=2501 pkey=0 pd=0xfce2b034d430 oooRq=0
node1:65:75 [0] NCCL INFO NET/IB: ncclIbReceiverQpsCreateToRts: QP created: port=1 dev=3 devName=roceP2p1s0f1 ndevs=4 nmdevs=6 qp_num=2502 pkey=0 pd=0xfce2b034d430 oooRq=0
node1:65:75 [0] NCCL INFO NET/IB: ncclIbReceiverQpsCreateToRts: Flush QP created: port=1 dev=3 devName=roceP2p1s0f1 ndevs=4 nmdevs=6 qp_num=2503 pkey=0 pd=0xfce2b034d430
node1:65:65 [0] NCCL INFO Connected all rings, use ring PXN 0 GDR 0
########## NCCL_DEBUG from spark2 ##########
node2:66:66 [0] NCCL INFO ncclOsDlopen(libnccl-env.so) failed: libnccl-env.so: cannot open shared object file: No such file or directory
node2:66:66 [0] NCCL INFO ENV/Plugin: Could not find: libnccl-env.so
node2:66:66 [0] NCCL INFO cudaDriverVersion 13000
node2:66:66 [0] NCCL INFO NCCL_SOCKET_IFNAME set by environment to wlP9s9
node2:66:66 [0] NCCL INFO NCCL_SOCKET_IFNAME set to wlP9s9
node2:66:66 [0] NCCL INFO NCCL version 2.30.7+cuda13.3
node2:66:66 [0] NCCL INFO NCCL git version HEAD a5187fa2e
node2:66:66 [0] NCCL INFO Comm config nvlinkCentricSched set to 1
node2:66:66 [0] NCCL INFO NCCL_NET_PLUGIN set by environment to none
node2:66:66 [0] NCCL INFO NCCL_IB_DISABLE set by environment to 0.
node2:66:66 [0] NCCL INFO dlvsym failed on mlx5dv_get_data_direct_sysfs_path - /lib/aarch64-linux-gnu/libmlx5.so: undefined symbol: mlx5dv_get_data_direct_sysfs_path, version MLX5_1.25 version MLX5_1.25
node2:66:66 [0] NCCL INFO dlvsym failed on mlx5dv_reg_dmabuf_mr - /lib/aarch64-linux-gnu/libmlx5.so: undefined symbol: mlx5dv_reg_dmabuf_mr, version MLX5_1.25 version MLX5_1.25
node2:66:66 [0] NCCL INFO NCCL_SOCKET_IFNAME set by environment to wlP9s9
node2:66:66 [0] NCCL INFO NCCL_IB_HCA set to =rocep1s0f0,roceP2p1s0f0,rocep1s0f1,roceP2p1s0f1
node2:66:66 [0] NCCL INFO NET/IB: [0] rocep1s0f0:uverbs0:1/RoCE provider=Mlx5 speed=200000 context=0xaebc8d328070 pciPath=/sys/devices/pci0000:00/0000:00:00.0/0000:01:00.0 ar=0 oooRqSize=0
node2:66:66 [0] NCCL INFO NET/IB: [1] rocep1s0f1:uverbs1:1/RoCE provider=Mlx5 speed=200000 context=0xaebc8d3696c0 pciPath=/sys/devices/pci0000:00/0000:00:00.0/0000:01:00.0 ar=0 oooRqSize=0
node2:66:66 [0] NCCL INFO NET/IB: [2] roceP2p1s0f0:uverbs2:1/RoCE provider=Mlx5 speed=200000 context=0xaebc8d3aad10 pciPath=/sys/devices/pci0002:00/0002:00:00.0/0002:01:00.0 ar=0 oooRqSize=0
node2:66:66 [0] NCCL INFO NET/IB: [3] roceP2p1s0f1:uverbs3:1/RoCE provider=Mlx5 speed=200000 context=0xaebc8d3ec360 pciPath=/sys/devices/pci0002:00/0002:00:00.0/0002:01:00.0 ar=0 oooRqSize=0
node2:66:66 [0] NCCL INFO NET/IB : Made virtual device [0] name=rocep1s0f0 speed=200000 ndevs=1 rail=-1 plane=-1
node2:66:66 [0] NCCL INFO NET/IB : Made virtual device [1] name=rocep1s0f1 speed=200000 ndevs=1 rail=-1 plane=-1
node2:66:66 [0] NCCL INFO NET/IB : Made virtual device [2] name=roceP2p1s0f0 speed=200000 ndevs=1 rail=-1 plane=-1
node2:66:66 [0] NCCL INFO NET/IB : Made virtual device [3] name=roceP2p1s0f1 speed=200000 ndevs=1 rail=-1 plane=-1
node2:66:66 [0] NCCL INFO NET/IB : Using [0]rocep1s0f0:1/RoCE [1]rocep1s0f1:1/RoCE [2]roceP2p1s0f0:1/RoCE [3]roceP2p1s0f1:1/RoCE [RO]; OOB wlP9s9:192.168.10.3<0>
node2:66:66 [0] NCCL INFO Initialized NET plugin IB
node2:66:66 [0] NCCL INFO Assigned NET plugin IB to comm
node2:66:66 [0] NCCL INFO ncclOsDlopen(libnccl-rma.so) failed: libnccl-rma.so: cannot open shared object file: No such file or directory
node2:66:66 [0] NCCL INFO RMA/Plugin: Could not find: libnccl-rma.so
node2:66:66 [0] NCCL INFO RMA/Plugin: Failed to load external plugin libnccl-rma.so, dlHandle: (nil), ncclRma: (nil)
node2:66:66 [0] NCCL INFO RMA/Plugin: Assigned plugin RMA_IB_PROXY to comm
node2:66:66 [0] NCCL INFO ncclOsDlopen(libnccl-gin.so) failed: libnccl-gin.so: cannot open shared object file: No such file or directory
node2:66:66 [0] NCCL INFO GIN/Plugin: Could not find: libnccl-gin.so
node2:66:66 [0] NCCL INFO GIN/Plugin: Failed to load external plugin libnccl-gin.so, dlHandle: (nil), ncclGin: (nil)
node2:66:66 [0] NCCL INFO GIN/Plugin: Assigned plugin GIN_IB_GDAKI type 3 to comm
node2:66:66 [0] NCCL INFO Using network IB
node2:66:66 [0] NCCL INFO Loaded NVML from libnvidia-ml.so.1
node2:66:66 [0] NCCL INFO [Rank 2] ncclCommInitRankConfig comm 0xaebc8a866d20 rank 2 nranks 3 cudaDev 0 nvmlDev 0 busId f01000 commId 0x4d91a015820f6905 - Init START
node2:66:66 [0] NCCL INFO Socket handshake magic 0x564ab9f2fc4b9d6c (built-in default)
node2:66:66 [0] NCCL INFO RAS client listening socket at 127.0.0.1<28028>
node2:66:66 [0] NCCL INFO Topology detection: could not read /sys/devices/system/node/node4294967295/cpumap, using empty affinity
node2:66:66 [0] NCCL INFO TOPO/NET : Importing network plugins to topology
node2:66:66 [0] NCCL INFO NET/GIN_IB_GDAKI : GPU Direct RDMA Disabled for HCA 0 'rocep1s0f0'
node2:66:66 [0] NCCL INFO ncclTopoPopulateNics : Filled rocep1s0f0 in topo with pciPath=/sys/devices/pci0000:00/0000:00:00.0/0000:01:00.0 net=0 gin=1 rma=(null) keep=1 coll=(null) rail=-1 plane=-1
node2:66:66 [0] NCCL INFO NET/GIN_IB_GDAKI : GPU Direct RDMA Disabled for HCA 1 'rocep1s0f1'
node2:66:66 [0] NCCL INFO ncclTopoPopulateNics : Filled rocep1s0f1 in topo with pciPath=/sys/devices/pci0000:00/0000:00:00.0/0000:01:00.0 net=0 gin=1 rma=(null) keep=1 coll=(null) rail=-1 plane=-1
node2:66:66 [0] NCCL INFO NET/GIN_IB_GDAKI : GPU Direct RDMA Disabled for HCA 2 'roceP2p1s0f0'
node2:66:66 [0] NCCL INFO ncclTopoPopulateNics : Filled roceP2p1s0f0 in topo with pciPath=/sys/devices/pci0002:00/0002:00:00.0/0002:01:00.0 net=0 gin=1 rma=(null) keep=1 coll=(null) rail=-1 plane=-1
node2:66:66 [0] NCCL INFO NET/GIN_IB_GDAKI : GPU Direct RDMA Disabled for HCA 3 'roceP2p1s0f1'
node2:66:66 [0] NCCL INFO ncclTopoPopulateNics : Filled roceP2p1s0f1 in topo with pciPath=/sys/devices/pci0002:00/0002:00:00.0/0002:01:00.0 net=0 gin=1 rma=(null) keep=1 coll=(null) rail=-1 plane=-1
node2:66:66 [0] NCCL INFO NET/RMA_IB_PROXY : GPU Direct RDMA Disabled for HCA 0 'rocep1s0f0'
node2:66:66 [0] NCCL INFO ncclTopoPopulateNics : Filled rocep1s0f0 in topo with pciPath=/sys/devices/pci0000:00/0000:00:00.0/0000:01:00.0 net=0 gin=1 rma=1 keep=1 coll=(null) rail=-1 plane=-1
node2:66:66 [0] NCCL INFO NET/RMA_IB_PROXY : GPU Direct RDMA Disabled for HCA 1 'rocep1s0f1'
node2:66:66 [0] NCCL INFO ncclTopoPopulateNics : Filled rocep1s0f1 in topo with pciPath=/sys/devices/pci0000:00/0000:00:00.0/0000:01:00.0 net=0 gin=1 rma=1 keep=1 coll=(null) rail=-1 plane=-1
node2:66:66 [0] NCCL INFO NET/RMA_IB_PROXY : GPU Direct RDMA Disabled for HCA 2 'roceP2p1s0f0'
node2:66:66 [0] NCCL INFO ncclTopoPopulateNics : Filled roceP2p1s0f0 in topo with pciPath=/sys/devices/pci0002:00/0002:00:00.0/0002:01:00.0 net=0 gin=1 rma=1 keep=1 coll=(null) rail=-1 plane=-1
node2:66:66 [0] NCCL INFO NET/RMA_IB_PROXY : GPU Direct RDMA Disabled for HCA 3 'roceP2p1s0f1'
node2:66:66 [0] NCCL INFO ncclTopoPopulateNics : Filled roceP2p1s0f1 in topo with pciPath=/sys/devices/pci0002:00/0002:00:00.0/0002:01:00.0 net=0 gin=1 rma=1 keep=1 coll=(null) rail=-1 plane=-1
node2:66:66 [0] NCCL INFO NET/IB : GPU Direct RDMA Disabled for HCA 0 'rocep1s0f0'
node2:66:66 [0] NCCL INFO ncclTopoPopulateNics : Filled rocep1s0f0 in topo with pciPath=/sys/devices/pci0000:00/0000:00:00.0/0000:01:00.0 net=1 gin=1 rma=1 keep=1 coll=(null) rail=-1 plane=-1
node2:66:66 [0] NCCL INFO NET/IB : GPU Direct RDMA Disabled for HCA 1 'rocep1s0f1'
node2:66:66 [0] NCCL INFO ncclTopoPopulateNics : Filled rocep1s0f1 in topo with pciPath=/sys/devices/pci0000:00/0000:00:00.0/0000:01:00.0 net=1 gin=1 rma=1 keep=1 coll=(null) rail=-1 plane=-1
node2:66:66 [0] NCCL INFO NET/IB : GPU Direct RDMA Disabled for HCA 2 'roceP2p1s0f0'
node2:66:66 [0] NCCL INFO ncclTopoPopulateNics : Filled roceP2p1s0f0 in topo with pciPath=/sys/devices/pci0002:00/0002:00:00.0/0002:01:00.0 net=1 gin=1 rma=1 keep=1 coll=(null) rail=-1 plane=-1
node2:66:66 [0] NCCL INFO NET/IB : GPU Direct RDMA Disabled for HCA 3 'roceP2p1s0f1'
node2:66:66 [0] NCCL INFO ncclTopoPopulateNics : Filled roceP2p1s0f1 in topo with pciPath=/sys/devices/pci0002:00/0002:00:00.0/0002:01:00.0 net=1 gin=1 rma=1 keep=1 coll=(null) rail=-1 plane=-1
node2:66:66 [0] NCCL INFO NET/IB : Made virtual device [4] name=rocep1s0f0+rocep1s0f1 speed=400000 ndevs=2 rail=-1 plane=16385
node2:66:66 [0] NCCL INFO TOPO/NET : Made vNic 4
node2:66:66 [0] NCCL INFO NET/IB : Made virtual device [5] name=roceP2p1s0f0+roceP2p1s0f1 speed=400000 ndevs=2 rail=-1 plane=16385
node2:66:66 [0] NCCL INFO TOPO/NET : Made vNic 5
node2:66:66 [0] NCCL INFO NET/IB : GPU Direct RDMA Disabled for HCA 4 'rocep1s0f0+rocep1s0f1'
node2:66:66 [0] NCCL INFO ncclTopoPopulateNics : Filled rocep1s0f0+rocep1s0f1 in topo with pciPath=/sys/devices/pci0000:00/0000:00:00.0/0000:01:00.0 net=1 gin=(null) rma=(null) keep=1 coll=(null) rail=-1 plane=16385
node2:66:66 [0] NCCL INFO NET/IB : GPU Direct RDMA Disabled for HCA 5 'roceP2p1s0f0+roceP2p1s0f1'
node2:66:66 [0] NCCL INFO ncclTopoPopulateNics : Filled roceP2p1s0f0+roceP2p1s0f1 in topo with pciPath=/sys/devices/pci0002:00/0002:00:00.0/0002:01:00.0 net=1 gin=(null) rma=(null) keep=1 coll=(null) rail=-1 plane=16385
node2:66:66 [0] NCCL INFO === System : maxBw 12.0 totalBw 0.2 ===
node2:66:66 [0] NCCL INFO CPU/0-ffffffffffffff (3/-1/-1)
node2:66:66 [0] NCCL INFO + C2C[345.0] - DEV/0-f01000
node2:66:66 [0] NCCL INFO + PCI[12.0] - NIC/0-1000
node2:66:66 [0] NCCL INFO               + NET[50.0] - NET/0-4 (0/426bbe000399c530/1/50.000000)
node2:66:66 [0] NCCL INFO               + NET[25.0] - GIN/0-0
node2:66:66 [0] NCCL INFO               + NET[25.0] - RMA/0-0
node2:66:66 [0] NCCL INFO               + NET[25.0] - GIN/0-1
node2:66:66 [0] NCCL INFO               + NET[25.0] - RMA/0-1
node2:66:66 [0] NCCL INFO + PCI[12.0] - NIC/0-201000
node2:66:66 [0] NCCL INFO               + NET[50.0] - NET/0-5 (0/426bbe000399c530/1/50.000000)
node2:66:66 [0] NCCL INFO               + NET[25.0] - GIN/0-2
node2:66:66 [0] NCCL INFO               + NET[25.0] - RMA/0-2
node2:66:66 [0] NCCL INFO               + NET[25.0] - GIN/0-3
node2:66:66 [0] NCCL INFO               + NET[25.0] - RMA/0-3
node2:66:66 [0] NCCL INFO + PCI[0.2] - DEV/0-f01000 (10de2e1210de0000)
node2:66:66 [0] NCCL INFO              + LOC[5000.0] - GPU/0-f01000
node2:66:66 [0] NCCL INFO              + C2C[345.0] - CPU/0-ffffffffffffff
node2:66:66 [0] NCCL INFO ==========================================
node2:66:66 [0] NCCL INFO GPU/0-f01000 :GPU/0-f01000 (0/5000.0/LOC) CPU/0-ffffffffffffff (2/345.0/C2C) NET/0-4 (4/12.0/P2C) NET/0-5 (4/12.0/P2C) GIN/0-0 (4/12.0/PHB) GIN/0-1 (4/12.0/PHB) GIN/0-2 (4/12.0/PHB) GIN/0-3 (4/12.0/PHB) RMA/0-0 (4/12.0/PHB) RMA/0-1 (4/12.0/PHB) RMA/0-2 (4/12.0/PHB) RMA/0-3 (4/12.0/PHB) DEV/0-f01000 (1/5000.0/LOC) 
node2:66:66 [0] NCCL INFO NET/0-4 :GPU/0-f01000 (4/12.0/P2C) CPU/0-ffffffffffffff (2/12.0/PHB) NET/0-4 (0/5000.0/LOC) NET/0-5 (4/12.0/PHB) GIN/0-0 (2/25.0/LOC) GIN/0-1 (2/25.0/LOC) GIN/0-2 (4/12.0/PHB) GIN/0-3 (4/12.0/PHB) RMA/0-0 (2/25.0/LOC) RMA/0-1 (2/25.0/LOC) RMA/0-2 (4/12.0/PHB) RMA/0-3 (4/12.0/PHB) DEV/0-f01000 (3/12.0/PHB) 
node2:66:66 [0] NCCL INFO NET/0-5 :GPU/0-f01000 (4/12.0/P2C) CPU/0-ffffffffffffff (2/12.0/PHB) NET/0-4 (4/12.0/PHB) NET/0-5 (0/5000.0/LOC) GIN/0-0 (4/12.0/PHB) GIN/0-1 (4/12.0/PHB) GIN/0-2 (2/25.0/LOC) GIN/0-3 (2/25.0/LOC) RMA/0-0 (4/12.0/PHB) RMA/0-1 (4/12.0/PHB) RMA/0-2 (2/25.0/LOC) RMA/0-3 (2/25.0/LOC) DEV/0-f01000 (3/12.0/PHB) 
node2:66:66 [0] NCCL INFO GIN/0-0 :GPU/0-f01000 (4/12.0/PHB) CPU/0-ffffffffffffff (2/12.0/PHB) NET/0-4 (2/25.0/LOC) NET/0-5 (4/12.0/PHB) GIN/0-0 (0/5000.0/LOC) GIN/0-1 (2/25.0/LOC) GIN/0-2 (4/12.0/PHB) GIN/0-3 (4/12.0/PHB) RMA/0-0 (2/25.0/LOC) RMA/0-1 (2/25.0/LOC) RMA/0-2 (4/12.0/PHB) RMA/0-3 (4/12.0/PHB) DEV/0-f01000 (3/12.0/PHB) 
node2:66:66 [0] NCCL INFO GIN/0-1 :GPU/0-f01000 (4/12.0/PHB) CPU/0-ffffffffffffff (2/12.0/PHB) NET/0-4 (2/25.0/LOC) NET/0-5 (4/12.0/PHB) GIN/0-0 (2/25.0/LOC) GIN/0-1 (0/5000.0/LOC) GIN/0-2 (4/12.0/PHB) GIN/0-3 (4/12.0/PHB) RMA/0-0 (2/25.0/LOC) RMA/0-1 (2/25.0/LOC) RMA/0-2 (4/12.0/PHB) RMA/0-3 (4/12.0/PHB) DEV/0-f01000 (3/12.0/PHB) 
node2:66:66 [0] NCCL INFO GIN/0-2 :GPU/0-f01000 (4/12.0/PHB) CPU/0-ffffffffffffff (2/12.0/PHB) NET/0-4 (4/12.0/PHB) NET/0-5 (2/25.0/LOC) GIN/0-0 (4/12.0/PHB) GIN/0-1 (4/12.0/PHB) GIN/0-2 (0/5000.0/LOC) GIN/0-3 (2/25.0/LOC) RMA/0-0 (4/12.0/PHB) RMA/0-1 (4/12.0/PHB) RMA/0-2 (2/25.0/LOC) RMA/0-3 (2/25.0/LOC) DEV/0-f01000 (3/12.0/PHB) 
node2:66:66 [0] NCCL INFO GIN/0-3 :GPU/0-f01000 (4/12.0/PHB) CPU/0-ffffffffffffff (2/12.0/PHB) NET/0-4 (4/12.0/PHB) NET/0-5 (2/25.0/LOC) GIN/0-0 (4/12.0/PHB) GIN/0-1 (4/12.0/PHB) GIN/0-2 (2/25.0/LOC) GIN/0-3 (0/5000.0/LOC) RMA/0-0 (4/12.0/PHB) RMA/0-1 (4/12.0/PHB) RMA/0-2 (2/25.0/LOC) RMA/0-3 (2/25.0/LOC) DEV/0-f01000 (3/12.0/PHB) 
node2:66:66 [0] NCCL INFO RMA/0-0 :GPU/0-f01000 (4/12.0/PHB) CPU/0-ffffffffffffff (2/12.0/PHB) NET/0-4 (2/25.0/LOC) NET/0-5 (4/12.0/PHB) GIN/0-0 (2/25.0/LOC) GIN/0-1 (2/25.0/LOC) GIN/0-2 (4/12.0/PHB) GIN/0-3 (4/12.0/PHB) RMA/0-0 (0/5000.0/LOC) RMA/0-1 (2/25.0/LOC) RMA/0-2 (4/12.0/PHB) RMA/0-3 (4/12.0/PHB) DEV/0-f01000 (3/12.0/PHB) 
node2:66:66 [0] NCCL INFO RMA/0-1 :GPU/0-f01000 (4/12.0/PHB) CPU/0-ffffffffffffff (2/12.0/PHB) NET/0-4 (2/25.0/LOC) NET/0-5 (4/12.0/PHB) GIN/0-0 (2/25.0/LOC) GIN/0-1 (2/25.0/LOC) GIN/0-2 (4/12.0/PHB) GIN/0-3 (4/12.0/PHB) RMA/0-0 (2/25.0/LOC) RMA/0-1 (0/5000.0/LOC) RMA/0-2 (4/12.0/PHB) RMA/0-3 (4/12.0/PHB) DEV/0-f01000 (3/12.0/PHB) 
node2:66:66 [0] NCCL INFO RMA/0-2 :GPU/0-f01000 (4/12.0/PHB) CPU/0-ffffffffffffff (2/12.0/PHB) NET/0-4 (4/12.0/PHB) NET/0-5 (2/25.0/LOC) GIN/0-0 (4/12.0/PHB) GIN/0-1 (4/12.0/PHB) GIN/0-2 (2/25.0/LOC) GIN/0-3 (2/25.0/LOC) RMA/0-0 (4/12.0/PHB) RMA/0-1 (4/12.0/PHB) RMA/0-2 (0/5000.0/LOC) RMA/0-3 (2/25.0/LOC) DEV/0-f01000 (3/12.0/PHB) 
node2:66:66 [0] NCCL INFO RMA/0-3 :GPU/0-f01000 (4/12.0/PHB) CPU/0-ffffffffffffff (2/12.0/PHB) NET/0-4 (4/12.0/PHB) NET/0-5 (2/25.0/LOC) GIN/0-0 (4/12.0/PHB) GIN/0-1 (4/12.0/PHB) GIN/0-2 (2/25.0/LOC) GIN/0-3 (2/25.0/LOC) RMA/0-0 (4/12.0/PHB) RMA/0-1 (4/12.0/PHB) RMA/0-2 (2/25.0/LOC) RMA/0-3 (0/5000.0/LOC) DEV/0-f01000 (3/12.0/PHB) 
node2:66:66 [0] NCCL INFO ncclTopoGetCpuAffinity: Affinity for GPU 0 is empty, ignoring. (GPU affinity =  ; CPU affinity = 0-19).
node2:66:66 [0] NCCL INFO Pattern 4, crossNic 0, nChannels 32, bw 0.240000/0.240000, type LOC/P2C, sameChannels 1
node2:66:66 [0] NCCL INFO  0 : NET/0-4 GPU/0-f01000 NET/0-4
node2:66:66 [0] NCCL INFO  1 : NET/0-5 GPU/0-f01000 NET/0-4
node2:66:66 [0] NCCL INFO  2 : NET/0-4 GPU/0-f01000 NET/0-4
node2:66:66 [0] NCCL INFO  3 : NET/0-5 GPU/0-f01000 NET/0-4
node2:66:66 [0] NCCL INFO  4 : NET/0-4 GPU/0-f01000 NET/0-4
node2:66:66 [0] NCCL INFO  5 : NET/0-5 GPU/0-f01000 NET/0-4
node2:66:66 [0] NCCL INFO  6 : NET/0-4 GPU/0-f01000 NET/0-4
node2:66:66 [0] NCCL INFO  7 : NET/0-5 GPU/0-f01000 NET/0-4
node2:66:66 [0] NCCL INFO  8 : NET/0-4 GPU/0-f01000 NET/0-4
node2:66:66 [0] NCCL INFO  9 : NET/0-5 GPU/0-f01000 NET/0-4
node2:66:66 [0] NCCL INFO 10 : NET/0-4 GPU/0-f01000 NET/0-4
node2:66:66 [0] NCCL INFO 11 : NET/0-5 GPU/0-f01000 NET/0-4
node2:66:66 [0] NCCL INFO 12 : NET/0-4 GPU/0-f01000 NET/0-4
node2:66:66 [0] NCCL INFO 13 : NET/0-5 GPU/0-f01000 NET/0-4
node2:66:66 [0] NCCL INFO 14 : NET/0-4 GPU/0-f01000 NET/0-4
node2:66:66 [0] NCCL INFO 15 : NET/0-5 GPU/0-f01000 NET/0-4
node2:66:66 [0] NCCL INFO 16 : NET/0-4 GPU/0-f01000 NET/0-4
node2:66:66 [0] NCCL INFO 17 : NET/0-5 GPU/0-f01000 NET/0-4
node2:66:66 [0] NCCL INFO 18 : NET/0-4 GPU/0-f01000 NET/0-4
node2:66:66 [0] NCCL INFO 19 : NET/0-5 GPU/0-f01000 NET/0-4
node2:66:66 [0] NCCL INFO 20 : NET/0-4 GPU/0-f01000 NET/0-4
node2:66:66 [0] NCCL INFO 21 : NET/0-5 GPU/0-f01000 NET/0-4
node2:66:66 [0] NCCL INFO 22 : NET/0-4 GPU/0-f01000 NET/0-4
node2:66:66 [0] NCCL INFO 23 : NET/0-5 GPU/0-f01000 NET/0-4
node2:66:66 [0] NCCL INFO 24 : NET/0-4 GPU/0-f01000 NET/0-4
node2:66:66 [0] NCCL INFO 25 : NET/0-5 GPU/0-f01000 NET/0-4
node2:66:66 [0] NCCL INFO 26 : NET/0-4 GPU/0-f01000 NET/0-4
node2:66:66 [0] NCCL INFO 27 : NET/0-5 GPU/0-f01000 NET/0-4
node2:66:66 [0] NCCL INFO 28 : NET/0-4 GPU/0-f01000 NET/0-4
node2:66:66 [0] NCCL INFO 29 : NET/0-5 GPU/0-f01000 NET/0-4
node2:66:66 [0] NCCL INFO 30 : NET/0-4 GPU/0-f01000 NET/0-4
node2:66:66 [0] NCCL INFO 31 : NET/0-5 GPU/0-f01000 NET/0-4
node2:66:66 [0] NCCL INFO Pattern 3, crossNic 0, nChannels 32, bw 0.240000/0.120000, type LOC/P2C, sameChannels 1
node2:66:66 [0] NCCL INFO  0 : NET/0-4 GPU/0-f01000 NET/0-4
node2:66:66 [0] NCCL INFO  1 : NET/0-5 GPU/0-f01000 NET/0-5
node2:66:66 [0] NCCL INFO  2 : NET/0-4 GPU/0-f01000 NET/0-4
node2:66:66 [0] NCCL INFO  3 : NET/0-5 GPU/0-f01000 NET/0-5
node2:66:66 [0] NCCL INFO  4 : NET/0-4 GPU/0-f01000 NET/0-4
node2:66:66 [0] NCCL INFO  5 : NET/0-5 GPU/0-f01000 NET/0-5
node2:66:66 [0] NCCL INFO  6 : NET/0-4 GPU/0-f01000 NET/0-4
node2:66:66 [0] NCCL INFO  7 : NET/0-5 GPU/0-f01000 NET/0-5
node2:66:66 [0] NCCL INFO  8 : NET/0-4 GPU/0-f01000 NET/0-4
node2:66:66 [0] NCCL INFO  9 : NET/0-5 GPU/0-f01000 NET/0-5
node2:66:66 [0] NCCL INFO 10 : NET/0-4 GPU/0-f01000 NET/0-4
node2:66:66 [0] NCCL INFO 11 : NET/0-5 GPU/0-f01000 NET/0-5
node2:66:66 [0] NCCL INFO 12 : NET/0-4 GPU/0-f01000 NET/0-4
node2:66:66 [0] NCCL INFO 13 : NET/0-5 GPU/0-f01000 NET/0-5
node2:66:66 [0] NCCL INFO 14 : NET/0-4 GPU/0-f01000 NET/0-4
node2:66:66 [0] NCCL INFO 15 : NET/0-5 GPU/0-f01000 NET/0-5
node2:66:66 [0] NCCL INFO 16 : NET/0-4 GPU/0-f01000 NET/0-4
node2:66:66 [0] NCCL INFO 17 : NET/0-5 GPU/0-f01000 NET/0-5
node2:66:66 [0] NCCL INFO 18 : NET/0-4 GPU/0-f01000 NET/0-4
node2:66:66 [0] NCCL INFO 19 : NET/0-5 GPU/0-f01000 NET/0-5
node2:66:66 [0] NCCL INFO 20 : NET/0-4 GPU/0-f01000 NET/0-4
node2:66:66 [0] NCCL INFO 21 : NET/0-5 GPU/0-f01000 NET/0-5
node2:66:66 [0] NCCL INFO 22 : NET/0-4 GPU/0-f01000 NET/0-4
node2:66:66 [0] NCCL INFO 23 : NET/0-5 GPU/0-f01000 NET/0-5
node2:66:66 [0] NCCL INFO 24 : NET/0-4 GPU/0-f01000 NET/0-4
node2:66:66 [0] NCCL INFO 25 : NET/0-5 GPU/0-f01000 NET/0-5
node2:66:66 [0] NCCL INFO 26 : NET/0-4 GPU/0-f01000 NET/0-4
node2:66:66 [0] NCCL INFO 27 : NET/0-5 GPU/0-f01000 NET/0-5
node2:66:66 [0] NCCL INFO 28 : NET/0-4 GPU/0-f01000 NET/0-4
node2:66:66 [0] NCCL INFO 29 : NET/0-5 GPU/0-f01000 NET/0-5
node2:66:66 [0] NCCL INFO 30 : NET/0-4 GPU/0-f01000 NET/0-4
node2:66:66 [0] NCCL INFO 31 : NET/0-5 GPU/0-f01000 NET/0-5
node2:66:66 [0] NCCL INFO Rank 2: 6 Net devices
node2:66:66 [0] NCCL INFO Rank 2: 0 CollNet devices
node2:66:66 [0] NCCL INFO comm 0xaebc8a866d20 rank 2 nRanks 3 nNodes 3 localRanks 1 localRank 0 MNNVL 0
node2:66:66 [0] NCCL INFO Tree 0 : 0 -> 2 -> 1/-1/-1
node2:66:66 [0] NCCL INFO Tree 32 : 0 -> 2 -> -1/-1/-1
node2:66:66 [0] NCCL INFO Tree 1 : 0 -> 2 -> 1/-1/-1
node2:66:66 [0] NCCL INFO Tree 33 : 0 -> 2 -> -1/-1/-1
node2:66:66 [0] NCCL INFO Tree 2 : 0 -> 2 -> 1/-1/-1
node2:66:66 [0] NCCL INFO Tree 34 : 0 -> 2 -> -1/-1/-1
node2:66:66 [0] NCCL INFO Tree 3 : 0 -> 2 -> 1/-1/-1
node2:66:66 [0] NCCL INFO Tree 35 : 0 -> 2 -> -1/-1/-1
node2:66:66 [0] NCCL INFO Tree 4 : 0 -> 2 -> 1/-1/-1
node2:66:66 [0] NCCL INFO Tree 36 : 0 -> 2 -> -1/-1/-1
node2:66:66 [0] NCCL INFO Tree 5 : 0 -> 2 -> 1/-1/-1
node2:66:66 [0] NCCL INFO Tree 37 : 0 -> 2 -> -1/-1/-1
node2:66:66 [0] NCCL INFO Tree 6 : 0 -> 2 -> 1/-1/-1
node2:66:66 [0] NCCL INFO Tree 38 : 0 -> 2 -> -1/-1/-1
node2:66:66 [0] NCCL INFO Tree 7 : 0 -> 2 -> 1/-1/-1
node2:66:66 [0] NCCL INFO Tree 39 : 0 -> 2 -> -1/-1/-1
node2:66:66 [0] NCCL INFO Tree 8 : 0 -> 2 -> 1/-1/-1
node2:66:66 [0] NCCL INFO Tree 40 : 0 -> 2 -> -1/-1/-1
node2:66:66 [0] NCCL INFO Tree 9 : 0 -> 2 -> 1/-1/-1
node2:66:66 [0] NCCL INFO Tree 41 : 0 -> 2 -> -1/-1/-1
node2:66:66 [0] NCCL INFO Tree 10 : 0 -> 2 -> 1/-1/-1
node2:66:66 [0] NCCL INFO Tree 42 : 0 -> 2 -> -1/-1/-1
node2:66:66 [0] NCCL INFO Tree 11 : 0 -> 2 -> 1/-1/-1
node2:66:66 [0] NCCL INFO Tree 43 : 0 -> 2 -> -1/-1/-1
node2:66:66 [0] NCCL INFO Tree 12 : 0 -> 2 -> 1/-1/-1
node2:66:66 [0] NCCL INFO Tree 44 : 0 -> 2 -> -1/-1/-1
node2:66:66 [0] NCCL INFO Tree 13 : 0 -> 2 -> 1/-1/-1
node2:66:66 [0] NCCL INFO Tree 45 : 0 -> 2 -> -1/-1/-1
node2:66:66 [0] NCCL INFO Tree 14 : 0 -> 2 -> 1/-1/-1
node2:66:66 [0] NCCL INFO Tree 46 : 0 -> 2 -> -1/-1/-1
node2:66:66 [0] NCCL INFO Tree 15 : 0 -> 2 -> 1/-1/-1
node2:66:66 [0] NCCL INFO Tree 47 : 0 -> 2 -> -1/-1/-1
node2:66:66 [0] NCCL INFO Tree 16 : 0 -> 2 -> 1/-1/-1
node2:66:66 [0] NCCL INFO Tree 48 : 0 -> 2 -> -1/-1/-1
node2:66:66 [0] NCCL INFO Tree 17 : 0 -> 2 -> 1/-1/-1
node2:66:66 [0] NCCL INFO Tree 49 : 0 -> 2 -> -1/-1/-1
node2:66:66 [0] NCCL INFO Tree 18 : 0 -> 2 -> 1/-1/-1
node2:66:66 [0] NCCL INFO Tree 50 : 0 -> 2 -> -1/-1/-1
node2:66:66 [0] NCCL INFO Tree 19 : 0 -> 2 -> 1/-1/-1
node2:66:66 [0] NCCL INFO Tree 51 : 0 -> 2 -> -1/-1/-1
node2:66:66 [0] NCCL INFO Tree 20 : 0 -> 2 -> 1/-1/-1
node2:66:66 [0] NCCL INFO Tree 52 : 0 -> 2 -> -1/-1/-1
node2:66:66 [0] NCCL INFO Tree 21 : 0 -> 2 -> 1/-1/-1
node2:66:66 [0] NCCL INFO Tree 53 : 0 -> 2 -> -1/-1/-1
node2:66:66 [0] NCCL INFO Tree 22 : 0 -> 2 -> 1/-1/-1
node2:66:66 [0] NCCL INFO Tree 54 : 0 -> 2 -> -1/-1/-1
node2:66:66 [0] NCCL INFO Tree 23 : 0 -> 2 -> 1/-1/-1
node2:66:66 [0] NCCL INFO Tree 55 : 0 -> 2 -> -1/-1/-1
node2:66:66 [0] NCCL INFO Tree 24 : 0 -> 2 -> 1/-1/-1
node2:66:66 [0] NCCL INFO Tree 56 : 0 -> 2 -> -1/-1/-1
node2:66:66 [0] NCCL INFO Tree 25 : 0 -> 2 -> 1/-1/-1
node2:66:66 [0] NCCL INFO Tree 57 : 0 -> 2 -> -1/-1/-1
node2:66:66 [0] NCCL INFO Tree 26 : 0 -> 2 -> 1/-1/-1
node2:66:66 [0] NCCL INFO Tree 58 : 0 -> 2 -> -1/-1/-1
node2:66:66 [0] NCCL INFO Tree 27 : 0 -> 2 -> 1/-1/-1
node2:66:66 [0] NCCL INFO Tree 59 : 0 -> 2 -> -1/-1/-1
node2:66:66 [0] NCCL INFO Tree 28 : 0 -> 2 -> 1/-1/-1
node2:66:66 [0] NCCL INFO Tree 60 : 0 -> 2 -> -1/-1/-1
node2:66:66 [0] NCCL INFO Tree 29 : 0 -> 2 -> 1/-1/-1
node2:66:66 [0] NCCL INFO Tree 61 : 0 -> 2 -> -1/-1/-1
node2:66:66 [0] NCCL INFO Tree 30 : 0 -> 2 -> 1/-1/-1
node2:66:66 [0] NCCL INFO Tree 62 : 0 -> 2 -> -1/-1/-1
node2:66:66 [0] NCCL INFO Tree 31 : 0 -> 2 -> 1/-1/-1
node2:66:66 [0] NCCL INFO Tree 63 : 0 -> 2 -> -1/-1/-1
node2:66:66 [0] NCCL INFO Ring 00 : 1 -> 2 -> 0
node2:66:66 [0] NCCL INFO Ring 01 : 1 -> 2 -> 0
node2:66:66 [0] NCCL INFO Ring 02 : 1 -> 2 -> 0
node2:66:66 [0] NCCL INFO Ring 03 : 1 -> 2 -> 0
node2:66:66 [0] NCCL INFO Ring 04 : 1 -> 2 -> 0
node2:66:66 [0] NCCL INFO Ring 05 : 1 -> 2 -> 0
node2:66:66 [0] NCCL INFO Ring 06 : 1 -> 2 -> 0
node2:66:66 [0] NCCL INFO Ring 07 : 1 -> 2 -> 0
node2:66:66 [0] NCCL INFO Ring 08 : 1 -> 2 -> 0
node2:66:66 [0] NCCL INFO Ring 09 : 1 -> 2 -> 0
node2:66:66 [0] NCCL INFO Ring 10 : 1 -> 2 -> 0
node2:66:66 [0] NCCL INFO Ring 11 : 1 -> 2 -> 0
node2:66:66 [0] NCCL INFO Ring 12 : 1 -> 2 -> 0
node2:66:66 [0] NCCL INFO Ring 13 : 1 -> 2 -> 0
node2:66:66 [0] NCCL INFO Ring 14 : 1 -> 2 -> 0
node2:66:66 [0] NCCL INFO Ring 15 : 1 -> 2 -> 0
node2:66:66 [0] NCCL INFO Ring 16 : 1 -> 2 -> 0
node2:66:66 [0] NCCL INFO Ring 17 : 1 -> 2 -> 0
node2:66:66 [0] NCCL INFO Ring 18 : 1 -> 2 -> 0
node2:66:66 [0] NCCL INFO Ring 19 : 1 -> 2 -> 0
node2:66:66 [0] NCCL INFO Ring 20 : 1 -> 2 -> 0
node2:66:66 [0] NCCL INFO Ring 21 : 1 -> 2 -> 0
node2:66:66 [0] NCCL INFO Ring 22 : 1 -> 2 -> 0
node2:66:66 [0] NCCL INFO Ring 23 : 1 -> 2 -> 0
node2:66:66 [0] NCCL INFO Ring 24 : 1 -> 2 -> 0
node2:66:66 [0] NCCL INFO Ring 25 : 1 -> 2 -> 0
node2:66:66 [0] NCCL INFO Ring 26 : 1 -> 2 -> 0
node2:66:66 [0] NCCL INFO Ring 27 : 1 -> 2 -> 0
node2:66:66 [0] NCCL INFO Ring 28 : 1 -> 2 -> 0
node2:66:66 [0] NCCL INFO Ring 29 : 1 -> 2 -> 0
node2:66:66 [0] NCCL INFO Ring 30 : 1 -> 2 -> 0
node2:66:66 [0] NCCL INFO Ring 31 : 1 -> 2 -> 0
node2:66:66 [0] NCCL INFO Ring 32 : 1 -> 2 -> 0
node2:66:66 [0] NCCL INFO Ring 33 : 1 -> 2 -> 0
node2:66:66 [0] NCCL INFO Ring 34 : 1 -> 2 -> 0
node2:66:66 [0] NCCL INFO Ring 35 : 1 -> 2 -> 0
node2:66:66 [0] NCCL INFO Ring 36 : 1 -> 2 -> 0
node2:66:66 [0] NCCL INFO Ring 37 : 1 -> 2 -> 0
node2:66:66 [0] NCCL INFO Ring 38 : 1 -> 2 -> 0
node2:66:66 [0] NCCL INFO Ring 39 : 1 -> 2 -> 0
node2:66:66 [0] NCCL INFO Ring 40 : 1 -> 2 -> 0
node2:66:66 [0] NCCL INFO Ring 41 : 1 -> 2 -> 0
node2:66:66 [0] NCCL INFO Ring 42 : 1 -> 2 -> 0
node2:66:66 [0] NCCL INFO Ring 43 : 1 -> 2 -> 0
node2:66:66 [0] NCCL INFO Ring 44 : 1 -> 2 -> 0
node2:66:66 [0] NCCL INFO Ring 45 : 1 -> 2 -> 0
node2:66:66 [0] NCCL INFO Ring 46 : 1 -> 2 -> 0
node2:66:66 [0] NCCL INFO Ring 47 : 1 -> 2 -> 0
node2:66:66 [0] NCCL INFO Ring 48 : 1 -> 2 -> 0
node2:66:66 [0] NCCL INFO Ring 49 : 1 -> 2 -> 0
node2:66:66 [0] NCCL INFO Ring 50 : 1 -> 2 -> 0
node2:66:66 [0] NCCL INFO Ring 51 : 1 -> 2 -> 0
node2:66:66 [0] NCCL INFO Ring 52 : 1 -> 2 -> 0
node2:66:66 [0] NCCL INFO Ring 53 : 1 -> 2 -> 0
node2:66:66 [0] NCCL INFO Ring 54 : 1 -> 2 -> 0
node2:66:66 [0] NCCL INFO Ring 55 : 1 -> 2 -> 0
node2:66:66 [0] NCCL INFO Ring 56 : 1 -> 2 -> 0
node2:66:66 [0] NCCL INFO Ring 57 : 1 -> 2 -> 0
node2:66:66 [0] NCCL INFO Ring 58 : 1 -> 2 -> 0
node2:66:66 [0] NCCL INFO Ring 59 : 1 -> 2 -> 0
node2:66:66 [0] NCCL INFO Ring 60 : 1 -> 2 -> 0
node2:66:66 [0] NCCL INFO Ring 61 : 1 -> 2 -> 0
node2:66:66 [0] NCCL INFO Ring 62 : 1 -> 2 -> 0
node2:66:66 [0] NCCL INFO Ring 63 : 1 -> 2 -> 0
node2:66:66 [0] NCCL INFO Trees [0] 1/-1/-1->2->0 [1] 1/-1/-1->2->0 [2] 1/-1/-1->2->0 [3] 1/-1/-1->2->0 [4] 1/-1/-1->2->0 [5] 1/-1/-1->2->0 [6] 1/-1/-1->2->0 [7] 1/-1/-1->2->0 [8] 1/-1/-1->2->0 [9] 1/-1/-1->2->0 [10] 1/-1/-1->2->0 [11] 1/-1/-1->2->0 [12] 1/-1/-1->2->0 [13] 1/-1/-1->2->0 [14] 1/-1/-1->2->0 [15] 1/-1/-1->2->0 [16] 1/-1/-1->2->0 [17] 1/-1/-1->2->0 [18] 1/-1/-1->2->0 [19] 1/-1/-1->2->0 [20] 1/-1/-1->2->0 [21] 1/-1/-1->2->0 [22] 1/-1/-1->2->0 [23] 1/-1/-1->2->0 [24] 1/-1/-1->2->0 [25] 1/-1/-1->2->0 [26] 1/-1/-1->2->0 [27] 1/-1/-1->2->0 [28] 1/-1/-1->2->0 [29] 1/-1/-1->2->0 [30] 1/-1/-1->2->0 [31] 1/-1/-1->2->0 [32] -1/-1/-1->2->0 [33] -1/-1/-1->2->0 [34] -1/-1/-1->2->0 [35] -1/-1/-1->2->0 [36] -1/-1/-1->2->0 [37] -1/-1/-1->2->0 [38] -1/-1/-1->2->0 [39] -1/-1/-1->2->0 [40] -1/-1/-1->2->0 [41] -1/-1/-1->2->0 [42] -1/-1/-1->2->0 [43] -1/-1/-1->2->0 [44] -1/-1/-1->2->0 [45] -1/-1/-1->2->0 [46] -1/-1/-1->2->0 [47] -1/-1/-1->2->0 [48] -1/-1/-1->2->0 [49] -1/-1/-1->2->0 [50] -1/-1/-1->2->0 [51] -1/-1/-1->2->0 [52] -1/-1/-1->2->0 [53
node2:66:66 [0] NCCL INFO P2P Chunksize set to 262144
node2:66:66 [0] NCCL INFO Tuning P2P operations with maxP2pPeers = 3
node2:66:66 [0] NCCL INFO ncclOsDlopen(libnccl-profiler.so) failed: libnccl-profiler.so: cannot open shared object file: No such file or directory
node2:66:66 [0] NCCL INFO PROFILER/Plugin: Could not find: libnccl-profiler.so
node2:66:66 [0] NCCL INFO Check P2P Type isAllDirectP2p 1 directMode 0 isAllCudaP2p 1
node2:66:66 [0] NCCL INFO ncclP2pSchedule: group size used is 1
node2:66:76 [0] NCCL INFO [Proxy Service] Device 0 CPU core 10
node2:66:76 [0] NCCL INFO proxy listening socket at 192.168.10.3<53267>
node2:66:77 [0] NCCL INFO [Proxy Service UDS] Device 0 CPU core 8
node2:66:66 [0] NCCL INFO ncclOsDlopen(libnccl-tuner.so) failed: libnccl-tuner.so: cannot open shared object file: No such file or directory
node2:66:66 [0] NCCL INFO TUNER/Plugin: Could not find: libnccl-tuner.so
node2:66:66 [0] NCCL INFO threadThresholds 8/8/64 | 24/8/64 | 512 | 512
node2:66:66 [0] NCCL INFO 64 coll channels, 64 collnet channels, 0 nvls channels, 64 p2p channels, 2 p2p channels per peer
node2:66:66 [0] NCCL INFO Symmetric memory is not supported. cuMemEnable 1, globalGinSupport 0, cuMemGdrSupport 0
node2:66:66 [0] NCCL INFO ncclCommInitRankConfig comm 0xaebc8a866d20 rank 2 nranks 3 cudaDev 0 nvmlDev 0 busId f01000 commId 0x4d91a015820f6905 - Init COMPLETE
node2:66:66 [0] NCCL INFO Init timings - ncclCommInitRankConfig: rank 2 nranks 3 total 0.33 (kernels 0.18, alloc 0.04, bootstrap 0.04, allgathers 0.02, topo 0.01, graphs 0.00, connections 0.03, rest 0.00)
node2:66:66 [0] NCCL INFO Symmetric VA size=124GB
node2:66:78 [0] NCCL INFO [Proxy Progress] Device 0 CPU core 10
node2:66:76 [0] NCCL INFO NCCL_IB_SUBNET_AWARE_ROUTING set by environment to 1.
node2:66:66 [0] NCCL INFO Channel 00/0 : 1[0] -> 2[0] [receive] via NET/IB/4
node2:66:66 [0] NCCL INFO Channel 01/0 : 1[0] -> 2[0] [receive] via NET/IB/5
node2:66:66 [0] NCCL INFO Channel 02/0 : 1[0] -> 2[0] [receive] via NET/IB/4
node2:66:66 [0] NCCL INFO Channel 03/0 : 1[0] -> 2[0] [receive] via NET/IB/5
node2:66:66 [0] NCCL INFO Channel 04/0 : 1[0] -> 2[0] [receive] via NET/IB/4
node2:66:66 [0] NCCL INFO Channel 05/0 : 1[0] -> 2[0] [receive] via NET/IB/5
node2:66:66 [0] NCCL INFO Channel 06/0 : 1[0] -> 2[0] [receive] via NET/IB/4
node2:66:66 [0] NCCL INFO Channel 07/0 : 1[0] -> 2[0] [receive] via NET/IB/5
node2:66:66 [0] NCCL INFO Channel 08/0 : 1[0] -> 2[0] [receive] via NET/IB/4
node2:66:66 [0] NCCL INFO Channel 09/0 : 1[0] -> 2[0] [receive] via NET/IB/5
node2:66:66 [0] NCCL INFO Channel 10/0 : 1[0] -> 2[0] [receive] via NET/IB/4
node2:66:66 [0] NCCL INFO Channel 11/0 : 1[0] -> 2[0] [receive] via NET/IB/5
node2:66:66 [0] NCCL INFO Channel 12/0 : 1[0] -> 2[0] [receive] via NET/IB/4
node2:66:66 [0] NCCL INFO Channel 13/0 : 1[0] -> 2[0] [receive] via NET/IB/5
node2:66:66 [0] NCCL INFO Channel 14/0 : 1[0] -> 2[0] [receive] via NET/IB/4
node2:66:66 [0] NCCL INFO Channel 15/0 : 1[0] -> 2[0] [receive] via NET/IB/5
node2:66:66 [0] NCCL INFO Channel 16/0 : 1[0] -> 2[0] [receive] via NET/IB/4
node2:66:66 [0] NCCL INFO Channel 17/0 : 1[0] -> 2[0] [receive] via NET/IB/5
node2:66:66 [0] NCCL INFO Channel 18/0 : 1[0] -> 2[0] [receive] via NET/IB/4
node2:66:66 [0] NCCL INFO Channel 19/0 : 1[0] -> 2[0] [receive] via NET/IB/5
node2:66:66 [0] NCCL INFO Channel 20/0 : 1[0] -> 2[0] [receive] via NET/IB/4
node2:66:66 [0] NCCL INFO Channel 21/0 : 1[0] -> 2[0] [receive] via NET/IB/5
node2:66:66 [0] NCCL INFO Channel 22/0 : 1[0] -> 2[0] [receive] via NET/IB/4
node2:66:66 [0] NCCL INFO Channel 23/0 : 1[0] -> 2[0] [receive] via NET/IB/5
node2:66:66 [0] NCCL INFO Channel 24/0 : 1[0] -> 2[0] [receive] via NET/IB/4
node2:66:66 [0] NCCL INFO Channel 25/0 : 1[0] -> 2[0] [receive] via NET/IB/5
node2:66:66 [0] NCCL INFO Channel 26/0 : 1[0] -> 2[0] [receive] via NET/IB/4
node2:66:66 [0] NCCL INFO Channel 27/0 : 1[0] -> 2[0] [receive] via NET/IB/5
node2:66:66 [0] NCCL INFO Channel 28/0 : 1[0] -> 2[0] [receive] via NET/IB/4
node2:66:66 [0] NCCL INFO Channel 29/0 : 1[0] -> 2[0] [receive] via NET/IB/5
node2:66:66 [0] NCCL INFO Channel 30/0 : 1[0] -> 2[0] [receive] via NET/IB/4
node2:66:66 [0] NCCL INFO Channel 31/0 : 1[0] -> 2[0] [receive] via NET/IB/5
node2:66:66 [0] NCCL INFO Channel 32/0 : 1[0] -> 2[0] [receive] via NET/IB/4
node2:66:66 [0] NCCL INFO Channel 33/0 : 1[0] -> 2[0] [receive] via NET/IB/5
node2:66:66 [0] NCCL INFO Channel 34/0 : 1[0] -> 2[0] [receive] via NET/IB/4
node2:66:66 [0] NCCL INFO Channel 35/0 : 1[0] -> 2[0] [receive] via NET/IB/5
node2:66:66 [0] NCCL INFO Channel 36/0 : 1[0] -> 2[0] [receive] via NET/IB/4
node2:66:66 [0] NCCL INFO Channel 37/0 : 1[0] -> 2[0] [receive] via NET/IB/5
node2:66:66 [0] NCCL INFO Channel 38/0 : 1[0] -> 2[0] [receive] via NET/IB/4
node2:66:66 [0] NCCL INFO Channel 39/0 : 1[0] -> 2[0] [receive] via NET/IB/5
node2:66:66 [0] NCCL INFO Channel 40/0 : 1[0] -> 2[0] [receive] via NET/IB/4
node2:66:66 [0] NCCL INFO Channel 41/0 : 1[0] -> 2[0] [receive] via NET/IB/5
node2:66:66 [0] NCCL INFO Channel 42/0 : 1[0] -> 2[0] [receive] via NET/IB/4
node2:66:66 [0] NCCL INFO Channel 43/0 : 1[0] -> 2[0] [receive] via NET/IB/5
node2:66:66 [0] NCCL INFO Channel 44/0 : 1[0] -> 2[0] [receive] via NET/IB/4
node2:66:66 [0] NCCL INFO Channel 45/0 : 1[0] -> 2[0] [receive] via NET/IB/5
node2:66:66 [0] NCCL INFO Channel 46/0 : 1[0] -> 2[0] [receive] via NET/IB/4
node2:66:66 [0] NCCL INFO Channel 47/0 : 1[0] -> 2[0] [receive] via NET/IB/5
node2:66:66 [0] NCCL INFO Channel 48/0 : 1[0] -> 2[0] [receive] via NET/IB/4
node2:66:66 [0] NCCL INFO Channel 49/0 : 1[0] -> 2[0] [receive] via NET/IB/5
node2:66:66 [0] NCCL INFO Channel 50/0 : 1[0] -> 2[0] [receive] via NET/IB/4
node2:66:66 [0] NCCL INFO Channel 51/0 : 1[0] -> 2[0] [receive] via NET/IB/5
node2:66:66 [0] NCCL INFO Channel 52/0 : 1[0] -> 2[0] [receive] via NET/IB/4
node2:66:66 [0] NCCL INFO Channel 53/0 : 1[0] -> 2[0] [receive] via NET/IB/5
node2:66:66 [0] NCCL INFO Channel 54/0 : 1[0] -> 2[0] [receive] via NET/IB/4
node2:66:66 [0] NCCL INFO Channel 55/0 : 1[0] -> 2[0] [receive] via NET/IB/5
node2:66:66 [0] NCCL INFO Channel 56/0 : 1[0] -> 2[0] [receive] via NET/IB/4
node2:66:66 [0] NCCL INFO Channel 57/0 : 1[0] -> 2[0] [receive] via NET/IB/5
node2:66:66 [0] NCCL INFO Channel 58/0 : 1[0] -> 2[0] [receive] via NET/IB/4
node2:66:66 [0] NCCL INFO Channel 59/0 : 1[0] -> 2[0] [receive] via NET/IB/5
node2:66:66 [0] NCCL INFO Channel 60/0 : 1[0] -> 2[0] [receive] via NET/IB/4
node2:66:66 [0] NCCL INFO Channel 61/0 : 1[0] -> 2[0] [receive] via NET/IB/5
node2:66:66 [0] NCCL INFO Channel 62/0 : 1[0] -> 2[0] [receive] via NET/IB/4
node2:66:66 [0] NCCL INFO Channel 63/0 : 1[0] -> 2[0] [receive] via NET/IB/5
node2:66:66 [0] NCCL INFO Channel 00/0 : 2[0] -> 0[0] [send] via NET/IB/4
node2:66:66 [0] NCCL INFO Channel 01/0 : 2[0] -> 0[0] [send] via NET/IB/5
node2:66:66 [0] NCCL INFO Channel 02/0 : 2[0] -> 0[0] [send] via NET/IB/4
node2:66:66 [0] NCCL INFO Channel 03/0 : 2[0] -> 0[0] [send] via NET/IB/5
node2:66:66 [0] NCCL INFO Channel 04/0 : 2[0] -> 0[0] [send] via NET/IB/4
node2:66:66 [0] NCCL INFO Channel 05/0 : 2[0] -> 0[0] [send] via NET/IB/5
node2:66:66 [0] NCCL INFO Channel 06/0 : 2[0] -> 0[0] [send] via NET/IB/4
node2:66:66 [0] NCCL INFO Channel 07/0 : 2[0] -> 0[0] [send] via NET/IB/5
node2:66:66 [0] NCCL INFO Channel 08/0 : 2[0] -> 0[0] [send] via NET/IB/4
node2:66:66 [0] NCCL INFO Channel 09/0 : 2[0] -> 0[0] [send] via NET/IB/5
node2:66:66 [0] NCCL INFO Channel 10/0 : 2[0] -> 0[0] [send] via NET/IB/4
node2:66:66 [0] NCCL INFO Channel 11/0 : 2[0] -> 0[0] [send] via NET/IB/5
node2:66:66 [0] NCCL INFO Channel 12/0 : 2[0] -> 0[0] [send] via NET/IB/4
node2:66:66 [0] NCCL INFO Channel 13/0 : 2[0] -> 0[0] [send] via NET/IB/5
node2:66:66 [0] NCCL INFO Channel 14/0 : 2[0] -> 0[0] [send] via NET/IB/4
node2:66:66 [0] NCCL INFO Channel 15/0 : 2[0] -> 0[0] [send] via NET/IB/5
node2:66:66 [0] NCCL INFO Channel 16/0 : 2[0] -> 0[0] [send] via NET/IB/4
node2:66:66 [0] NCCL INFO Channel 17/0 : 2[0] -> 0[0] [send] via NET/IB/5
node2:66:66 [0] NCCL INFO Channel 18/0 : 2[0] -> 0[0] [send] via NET/IB/4
node2:66:66 [0] NCCL INFO Channel 19/0 : 2[0] -> 0[0] [send] via NET/IB/5
node2:66:66 [0] NCCL INFO Channel 20/0 : 2[0] -> 0[0] [send] via NET/IB/4
node2:66:66 [0] NCCL INFO Channel 21/0 : 2[0] -> 0[0] [send] via NET/IB/5
node2:66:66 [0] NCCL INFO Channel 22/0 : 2[0] -> 0[0] [send] via NET/IB/4
node2:66:66 [0] NCCL INFO Channel 23/0 : 2[0] -> 0[0] [send] via NET/IB/5
node2:66:66 [0] NCCL INFO Channel 24/0 : 2[0] -> 0[0] [send] via NET/IB/4
node2:66:66 [0] NCCL INFO Channel 25/0 : 2[0] -> 0[0] [send] via NET/IB/5
node2:66:66 [0] NCCL INFO Channel 26/0 : 2[0] -> 0[0] [send] via NET/IB/4
node2:66:66 [0] NCCL INFO Channel 27/0 : 2[0] -> 0[0] [send] via NET/IB/5
node2:66:66 [0] NCCL INFO Channel 28/0 : 2[0] -> 0[0] [send] via NET/IB/4
node2:66:66 [0] NCCL INFO Channel 29/0 : 2[0] -> 0[0] [send] via NET/IB/5
node2:66:66 [0] NCCL INFO Channel 30/0 : 2[0] -> 0[0] [send] via NET/IB/4
node2:66:66 [0] NCCL INFO Channel 31/0 : 2[0] -> 0[0] [send] via NET/IB/5
node2:66:66 [0] NCCL INFO Channel 32/0 : 2[0] -> 0[0] [send] via NET/IB/4
node2:66:66 [0] NCCL INFO Channel 33/0 : 2[0] -> 0[0] [send] via NET/IB/5
node2:66:66 [0] NCCL INFO Channel 34/0 : 2[0] -> 0[0] [send] via NET/IB/4
node2:66:66 [0] NCCL INFO Channel 35/0 : 2[0] -> 0[0] [send] via NET/IB/5
node2:66:66 [0] NCCL INFO Channel 36/0 : 2[0] -> 0[0] [send] via NET/IB/4
node2:66:66 [0] NCCL INFO Channel 37/0 : 2[0] -> 0[0] [send] via NET/IB/5
node2:66:66 [0] NCCL INFO Channel 38/0 : 2[0] -> 0[0] [send] via NET/IB/4
node2:66:66 [0] NCCL INFO Channel 39/0 : 2[0] -> 0[0] [send] via NET/IB/5
node2:66:66 [0] NCCL INFO Channel 40/0 : 2[0] -> 0[0] [send] via NET/IB/4
node2:66:66 [0] NCCL INFO Channel 41/0 : 2[0] -> 0[0] [send] via NET/IB/5
node2:66:66 [0] NCCL INFO Channel 42/0 : 2[0] -> 0[0] [send] via NET/IB/4
node2:66:66 [0] NCCL INFO Channel 43/0 : 2[0] -> 0[0] [send] via NET/IB/5
node2:66:66 [0] NCCL INFO Channel 44/0 : 2[0] -> 0[0] [send] via NET/IB/4
node2:66:66 [0] NCCL INFO Channel 45/0 : 2[0] -> 0[0] [send] via NET/IB/5
node2:66:66 [0] NCCL INFO Channel 46/0 : 2[0] -> 0[0] [send] via NET/IB/4
node2:66:66 [0] NCCL INFO Channel 47/0 : 2[0] -> 0[0] [send] via NET/IB/5
node2:66:66 [0] NCCL INFO Channel 48/0 : 2[0] -> 0[0] [send] via NET/IB/4
node2:66:66 [0] NCCL INFO Channel 49/0 : 2[0] -> 0[0] [send] via NET/IB/5
node2:66:66 [0] NCCL INFO Channel 50/0 : 2[0] -> 0[0] [send] via NET/IB/4
node2:66:66 [0] NCCL INFO Channel 51/0 : 2[0] -> 0[0] [send] via NET/IB/5
node2:66:66 [0] NCCL INFO Channel 52/0 : 2[0] -> 0[0] [send] via NET/IB/4
node2:66:66 [0] NCCL INFO Channel 53/0 : 2[0] -> 0[0] [send] via NET/IB/5
node2:66:66 [0] NCCL INFO Channel 54/0 : 2[0] -> 0[0] [send] via NET/IB/4
node2:66:66 [0] NCCL INFO Channel 55/0 : 2[0] -> 0[0] [send] via NET/IB/5
node2:66:66 [0] NCCL INFO Channel 56/0 : 2[0] -> 0[0] [send] via NET/IB/4
node2:66:66 [0] NCCL INFO Channel 57/0 : 2[0] -> 0[0] [send] via NET/IB/5
node2:66:66 [0] NCCL INFO Channel 58/0 : 2[0] -> 0[0] [send] via NET/IB/4
node2:66:66 [0] NCCL INFO Channel 59/0 : 2[0] -> 0[0] [send] via NET/IB/5
node2:66:66 [0] NCCL INFO Channel 60/0 : 2[0] -> 0[0] [send] via NET/IB/4
node2:66:66 [0] NCCL INFO Channel 61/0 : 2[0] -> 0[0] [send] via NET/IB/5
node2:66:66 [0] NCCL INFO Channel 62/0 : 2[0] -> 0[0] [send] via NET/IB/4
node2:66:66 [0] NCCL INFO Channel 63/0 : 2[0] -> 0[0] [send] via NET/IB/5
node2:66:76 [0] NCCL INFO NET/IB: Subnet-aware routing: overriding dev 4 with dev 0
node2:66:76 [0] NCCL INFO NET/IB: ncclIbResiliencyInit: Resiliency is disabled on the send communicator (comm=0xf788d003d000)
node2:66:76 [0] NCCL INFO NET/IB: Subnet-aware routing: overriding dev 4 with dev 0
node2:66:76 [0] NCCL INFO NET/IB: ncclIbResiliencyInit: Resiliency is disabled on the recv communicator (comm=0xf788d0081000)
node2:66:76 [0] NCCL INFO NET/IB: ncclIbRecvCommInit: Receive work requests will be posted on-demand
node2:66:76 [0] NCCL INFO NET/IB: Subnet-aware routing: overriding dev 4 with dev 0
node2:66:76 [0] NCCL INFO NET/IB: Subnet-aware routing: overriding dev 5 with dev 2
node2:66:76 [0] NCCL INFO NET/IB: ncclIbResiliencyInit: Resiliency is disabled on the send communicator (comm=0xf788d00c9000)
node2:66:76 [0] NCCL INFO NET/IB: Subnet-aware routing: overriding dev 4 with dev 0
node2:66:76 [0] NCCL INFO NET/IB: Subnet-aware routing: overriding dev 5 with dev 2
node2:66:76 [0] NCCL INFO NET/IB: ncclIbResiliencyInit: Resiliency is disabled on the recv communicator (comm=0xf788d010a000)
node2:66:76 [0] NCCL INFO NET/IB: ncclIbRecvCommInit: Receive work requests will be posted on-demand
node2:66:76 [0] NCCL INFO NET/IB: Subnet-aware routing: overriding dev 4 with dev 0
node2:66:76 [0] NCCL INFO NET/IB: ncclIbSenderQpsCreate: QP created: port=1 dev=0 devName=rocep1s0f0 ndevs=4 nmdevs=6 qp_num=40566 pkey=0 pd=0xf788d007dc30 oooRq=0
node2:66:76 [0] NCCL INFO NET/IB: ncclIbSenderQpsCreate: QP created: port=1 dev=0 devName=rocep1s0f0 ndevs=4 nmdevs=6 qp_num=40567 pkey=0 pd=0xf788d007dc30 oooRq=0
node2:66:76 [0] NCCL INFO NET/IB: ncclIbConnectImpl: NCCL Dev 0 IbDev 0 Port 1 qp_num 40566 mtu 5 GID 6 (0/265A8C0FFFF0000) ctsFifoRkey=0x164f0c ctsFifoLkey=0x164f0c
node2:66:76 [0] NCCL INFO NET/IB: ncclIbConnectImpl: IbDev 0 Port 1 qp_num 40566 query_ece={supported=1, vendor_id=0x15b3, options=0x30000002, comp_mask=0x0}
node2:66:76 [0] NCCL INFO NET/IB: ncclIbConnectImpl: NCCL Dev 0 IbDev 0 Port 1 qp_num 40567 mtu 5 GID 6 (0/265A8C0FFFF0000) ctsFifoRkey=0x164f0c ctsFifoLkey=0x164f0c
node2:66:76 [0] NCCL INFO NET/IB: ncclIbConnectImpl: IbDev 0 Port 1 qp_num 40567 query_ece={supported=1, vendor_id=0x15b3, options=0x30000002, comp_mask=0x0}
node2:66:76 [0] NCCL INFO NET/IB: Subnet-aware routing: overriding dev 5 with dev 2
node2:66:76 [0] NCCL INFO NET/IB: Subnet-aware routing: overriding dev 4 with dev 0
node2:66:76 [0] NCCL INFO NET/IB: ncclIbResiliencyInit: Resiliency is disabled on the send communicator (comm=0xf788d01ba000)
node2:66:76 [0] NCCL INFO NET/IB: Subnet-aware routing: overriding dev 4 with dev 0
node2:66:76 [0] NCCL INFO NET/IB: Subnet-aware routing: overriding dev 5 with dev 2
node2:66:76 [0] NCCL INFO NET/IB: Subnet-aware routing: overriding dev 4 with dev 0
node2:66:76 [0] NCCL INFO NET/IB: ncclIbResiliencyInit: Resiliency is disabled on the recv communicator (comm=0xf788d01fe000)
node2:66:76 [0] NCCL INFO NET/IB: ncclIbRecvCommInit: Receive work requests will be posted on-demand
node2:66:76 [0] NCCL INFO NET/IB: Subnet-aware routing: overriding dev 4 with dev 0
node2:66:76 [0] NCCL INFO NET/IB: Subnet-aware routing: overriding dev 5 with dev 2
node2:66:76 [0] NCCL INFO NET/IB: Subnet-aware routing: overriding dev 4 with dev 0
node2:66:76 [0] NCCL INFO NET/IB: Subnet-aware routing: overriding dev 5 with dev 2
node2:66:76 [0] NCCL INFO NET/IB: ncclIbResiliencyInit: Resiliency is disabled on the send communicator (comm=0xf788d0246000)
node2:66:76 [0] NCCL INFO NET/IB: Subnet-aware routing: overriding dev 4 with dev 0
node2:66:76 [0] NCCL INFO NET/IB: Subnet-aware routing: overriding dev 4 with dev 1
node2:66:76 [0] NCCL INFO NET/IB: ncclIbReceiverQpsCreateToRts: QP created: port=1 dev=1 devName=rocep1s0f1 ndevs=4 nmdevs=6 qp_num=39522 pkey=0 pd=0xf788d0242a80 oooRq=0
node2:66:76 [0] NCCL INFO NET/IB: ncclIbReceiverQpsCreateToRts: QP created: port=1 dev=1 devName=rocep1s0f1 ndevs=4 nmdevs=6 qp_num=39523 pkey=0 pd=0xf788d0242a80 oooRq=0
node2:66:76 [0] NCCL INFO NET/IB: ncclIbReceiverQpsCreateToRts: Flush QP created: port=1 dev=1 devName=rocep1s0f1 ndevs=4 nmdevs=6 qp_num=39524 pkey=0 pd=0xf788d0242a80
node2:66:76 [0] NCCL INFO NET/IB: Subnet-aware routing: overriding dev 5 with dev 2
node2:66:76 [0] NCCL INFO NET/IB: ncclIbSenderQpsCreate: QP created: port=1 dev=2 devName=roceP2p1s0f0 ndevs=4 nmdevs=6 qp_num=1804 pkey=0 pd=0xf788d01b9b00 oooRq=0
node2:66:76 [0] NCCL INFO NET/IB: ncclIbSenderQpsCreate: QP created: port=1 dev=2 devName=roceP2p1s0f0 ndevs=4 nmdevs=6 qp_num=1805 pkey=0 pd=0xf788d01b9b00 oooRq=0
node2:66:76 [0] NCCL INFO NET/IB: ncclIbConnectImpl: NCCL Dev 2 IbDev 2 Port 1 qp_num 1804 mtu 5 GID 3 (0/26FA8C0FFFF0000) ctsFifoRkey=0x189290 ctsFifoLkey=0x189290
node2:66:76 [0] NCCL INFO NET/IB: ncclIbConnectImpl: IbDev 2 Port 1 qp_num 1804 query_ece={supported=1, vendor_id=0x15b3, options=0x30000002, comp_mask=0x0}
node2:66:76 [0] NCCL INFO NET/IB: ncclIbConnectImpl: NCCL Dev 2 IbDev 2 Port 1 qp_num 1805 mtu 5 GID 3 (0/26FA8C0FFFF0000) ctsFifoRkey=0x189290 ctsFifoLkey=0x189290
node2:66:76 [0] NCCL INFO NET/IB: ncclIbConnectImpl: IbDev 2 Port 1 qp_num 1805 query_ece={supported=1, vendor_id=0x15b3, options=0x30000002, comp_mask=0x0}
node2:66:76 [0] NCCL INFO NET/IB: Subnet-aware routing: overriding dev 4 with dev 0
node2:66:76 [0] NCCL INFO NET/IB: ncclIbSenderQpsCreate: QP created: port=1 dev=0 devName=rocep1s0f0 ndevs=4 nmdevs=6 qp_num=40568 pkey=0 pd=0xf788d007dc30 oooRq=0
node2:66:76 [0] NCCL INFO NET/IB: ncclIbSenderQpsCreate: QP created: port=1 dev=0 devName=rocep1s0f0 ndevs=4 nmdevs=6 qp_num=40569 pkey=0 pd=0xf788d007dc30 oooRq=0
node2:66:76 [0] NCCL INFO NET/IB: ncclIbConnectImpl: NCCL Dev 0 IbDev 0 Port 1 qp_num 40568 mtu 5 GID 6 (0/265A8C0FFFF0000) ctsFifoRkey=0x1540f8 ctsFifoLkey=0x1540f8
node2:66:76 [0] NCCL INFO NET/IB: ncclIbConnectImpl: IbDev 0 Port 1 qp_num 40568 query_ece={supported=1, vendor_id=0x15b3, options=0x30000002, comp_mask=0x0}
node2:66:76 [0] NCCL INFO NET/IB: ncclIbConnectImpl: NCCL Dev 0 IbDev 0 Port 1 qp_num 40569 mtu 5 GID 6 (0/265A8C0FFFF0000) ctsFifoRkey=0x1540f8 ctsFifoLkey=0x1540f8
node2:66:76 [0] NCCL INFO NET/IB: ncclIbConnectImpl: IbDev 0 Port 1 qp_num 40569 query_ece={supported=1, vendor_id=0x15b3, options=0x30000002, comp_mask=0x0}
node2:66:76 [0] NCCL INFO NET/IB: Subnet-aware routing: overriding dev 5 with dev 2
node2:66:76 [0] NCCL INFO NET/IB: ncclIbResiliencyInit: Resiliency is disabled on the recv communicator (comm=0xf788d03cf000)
node2:66:76 [0] NCCL INFO NET/IB: ncclIbRecvCommInit: Receive work requests will be posted on-demand
node2:66:76 [0] NCCL INFO NET/IB: Subnet-aware routing: overriding dev 4 with dev 0
node2:66:76 [0] NCCL INFO NET/IB: ncclIbSenderQpsToRts: Set ECE: IbDev 0 Port 1 qp_num 40566 set_ece={supported=1, vendor_id=0x15b3, options=0x30000002, comp_mask=0x0}
node2:66:76 [0] NCCL INFO NET/IB: ncclIbSenderQpsToRts: Set ECE: IbDev 0 Port 1 qp_num 40567 set_ece={supported=1, vendor_id=0x15b3, options=0x30000002, comp_mask=0x0}
node2:66:76 [0] NCCL INFO NET/IB: Subnet-aware routing: overriding dev 5 with dev 2
node2:66:76 [0] NCCL INFO NET/IB: Subnet-aware routing: overriding dev 4 with dev 0
node2:66:76 [0] NCCL INFO NET/IB: ncclIbSenderQpsToRts: Set ECE: IbDev 0 Port 1 qp_num 40568 set_ece={supported=1, vendor_id=0x15b3, options=0x30000002, comp_mask=0x0}
node2:66:76 [0] NCCL INFO NET/IB: ncclIbSenderQpsToRts: Set ECE: IbDev 0 Port 1 qp_num 40569 set_ece={supported=1, vendor_id=0x15b3, options=0x30000002, comp_mask=0x0}
node2:66:76 [0] NCCL INFO NET/IB: Subnet-aware routing: overriding dev 5 with dev 2
node2:66:76 [0] NCCL INFO NET/IB: Subnet-aware routing: overriding dev 4 with dev 0
node2:66:76 [0] NCCL INFO NET/IB: ncclIbResiliencyInit: Resiliency is disabled on the send communicator (comm=0xf788d0417000)
node2:66:76 [0] NCCL INFO NET/IB: Subnet-aware routing: overriding dev 5 with dev 2
node2:66:76 [0] NCCL INFO NET/IB: Subnet-aware routing: overriding dev 5 with dev 3
node2:66:76 [0] NCCL INFO NET/IB: ncclIbReceiverQpsCreateToRts: QP created: port=1 dev=3 devName=roceP2p1s0f1 ndevs=4 nmdevs=6 qp_num=2123 pkey=0 pd=0xf788d0164e50 oooRq=0
node2:66:76 [0] NCCL INFO NET/IB: ncclIbReceiverQpsCreateToRts: QP created: port=1 dev=3 devName=roceP2p1s0f1 ndevs=4 nmdevs=6 qp_num=2124 pkey=0 pd=0xf788d0164e50 oooRq=0
node2:66:76 [0] NCCL INFO NET/IB: ncclIbReceiverQpsCreateToRts: Flush QP created: port=1 dev=3 devName=roceP2p1s0f1 ndevs=4 nmdevs=6 qp_num=2125 pkey=0 pd=0xf788d0164e50
node2:66:76 [0] NCCL INFO NET/IB: Subnet-aware routing: overriding dev 4 with dev 1
node2:66:76 [0] NCCL INFO NET/IB: ncclIbReceiverQpsCreateToRts: QP created: port=1 dev=1 devName=rocep1s0f1 ndevs=4 nmdevs=6 qp_num=39525 pkey=0 pd=0xf788d0242a80 oooRq=0
node2:66:76 [0] NCCL INFO NET/IB: ncclIbReceiverQpsCreateToRts: QP created: port=1 dev=1 devName=rocep1s0f1 ndevs=4 nmdevs=6 qp_num=39526 pkey=0 pd=0xf788d0242a80 oooRq=0
node2:66:76 [0] NCCL INFO NET/IB: ncclIbReceiverQpsCreateToRts: Flush QP created: port=1 dev=1 devName=rocep1s0f1 ndevs=4 nmdevs=6 qp_num=39527 pkey=0 pd=0xf788d0242a80
node2:66:76 [0] NCCL INFO NET/IB: Subnet-aware routing: overriding dev 5 with dev 2
node2:66:76 [0] NCCL INFO NET/IB: Subnet-aware routing: overriding dev 4 with dev 0
node2:66:76 [0] NCCL INFO NET/IB: ncclIbResiliencyInit: Resiliency is disabled on the recv communicator (comm=0xf788d0557000)
node2:66:76 [0] NCCL INFO NET/IB: ncclIbRecvCommInit: Receive work requests will be posted on-demand
node2:66:76 [0] NCCL INFO NET/IB: Subnet-aware routing: overriding dev 5 with dev 2
node2:66:76 [0] NCCL INFO NET/IB: ncclIbSenderQpsToRts: Set ECE: IbDev 2 Port 1 qp_num 1804 set_ece={supported=1, vendor_id=0x15b3, options=0x30000002, comp_mask=0x0}
node2:66:76 [0] NCCL INFO NET/IB: ncclIbSenderQpsToRts: Set ECE: IbDev 2 Port 1 qp_num 1805 set_ece={supported=1, vendor_id=0x15b3, options=0x30000002, comp_mask=0x0}
node2:66:76 [0] NCCL INFO NET/IB: Subnet-aware routing: overriding dev 5 with dev 2
node2:66:76 [0] NCCL INFO NET/IB: ncclIbSenderQpsCreate: QP created: port=1 dev=2 devName=roceP2p1s0f0 ndevs=4 nmdevs=6 qp_num=1806 pkey=0 pd=0xf788d01b9b00 oooRq=0
node2:66:76 [0] NCCL INFO NET/IB: ncclIbSenderQpsCreate: QP created: port=1 dev=2 devName=roceP2p1s0f0 ndevs=4 nmdevs=6 qp_num=1807 pkey=0 pd=0xf788d01b9b00 oooRq=0
node2:66:76 [0] NCCL INFO NET/IB: ncclIbConnectImpl: NCCL Dev 2 IbDev 2 Port 1 qp_num 1806 mtu 5 GID 3 (0/26FA8C0FFFF0000) ctsFifoRkey=0x19bebb ctsFifoLkey=0x19bebb
node2:66:76 [0] NCCL INFO NET/IB: ncclIbConnectImpl: IbDev 2 Port 1 qp_num 1806 query_ece={supported=1, vendor_id=0x15b3, options=0x30000002, comp_mask=0x0}
node2:66:76 [0] NCCL INFO NET/IB: ncclIbConnectImpl: NCCL Dev 2 IbDev 2 Port 1 qp_num 1807 mtu 5 GID 3 (0/26FA8C0FFFF0000) ctsFifoRkey=0x19bebb ctsFifoLkey=0x19bebb
node2:66:76 [0] NCCL INFO NET/IB: ncclIbConnectImpl: IbDev 2 Port 1 qp_num 1807 query_ece={supported=1, vendor_id=0x15b3, options=0x30000002, comp_mask=0x0}
node2:66:76 [0] NCCL INFO NET/IB: Subnet-aware routing: overriding dev 4 with dev 0
node2:66:76 [0] NCCL INFO NET/IB: Subnet-aware routing: overriding dev 5 with dev 2
node2:66:76 [0] NCCL INFO NET/IB: ncclIbResiliencyInit: Resiliency is disabled on the send communicator (comm=0xf788d05f2000)
node2:66:76 [0] NCCL INFO NET/IB: Subnet-aware routing: overriding dev 5 with dev 2
node2:66:76 [0] NCCL INFO NET/IB: Subnet-aware routing: overriding dev 4 with dev 0
node2:66:76 [0] NCCL INFO NET/IB: Subnet-aware routing: overriding dev 5 with dev 2
node2:66:76 [0] NCCL INFO NET/IB: ncclIbResiliencyInit: Resiliency is disabled on the recv communicator (comm=0xf788d0636000)
node2:66:76 [0] NCCL INFO NET/IB: ncclIbRecvCommInit: Receive work requests will be posted on-demand
node2:66:76 [0] NCCL INFO NET/IB: Subnet-aware routing: overriding dev 5 with dev 2
node2:66:76 [0] NCCL INFO NET/IB: Subnet-aware routing: overriding dev 4 with dev 0
node2:66:76 [0] NCCL INFO NET/IB: Subnet-aware routing: overriding dev 5 with dev 2
node2:66:76 [0] NCCL INFO NET/IB: Subnet-aware routing: overriding dev 4 with dev 0
node2:66:76 [0] NCCL INFO NET/IB: ncclIbResiliencyInit: Resiliency is disabled on the send communicator (comm=0xf788d067e000)
node2:66:76 [0] NCCL INFO NET/IB: Subnet-aware routing: overriding dev 5 with dev 2
node2:66:76 [0] NCCL INFO NET/IB: Subnet-aware routing: overriding dev 4 with dev 0
node2:66:76 [0] NCCL INFO NET/IB: Subnet-aware routing: overriding dev 5 with dev 2
node2:66:76 [0] NCCL INFO NET/IB: Subnet-aware routing: overriding dev 4 with dev 0
node2:66:76 [0] NCCL INFO NET/IB: ncclIbResiliencyInit: Resiliency is disabled on the recv communicator (comm=0xf788d06c2000)
node2:66:76 [0] NCCL INFO NET/IB: ncclIbRecvCommInit: Receive work requests will be posted on-demand
node2:66:76 [0] NCCL INFO NET/IB: Subnet-aware routing: overriding dev 5 with dev 2
node2:66:76 [0] NCCL INFO NET/IB: Subnet-aware routing: overriding dev 4 with dev 0
node2:66:76 [0] NCCL INFO NET/IB: Subnet-aware routing: overriding dev 5 with dev 2
node2:66:76 [0] NCCL INFO NET/IB: Subnet-aware routing: overriding dev 4 with dev 0
node2:66:76 [0] NCCL INFO NET/IB: Subnet-aware routing: overriding dev 5 with dev 2
node2:66:76 [0] NCCL INFO NET/IB: ncclIbResiliencyInit: Resiliency is disabled on the send communicator (comm=0xf788d070a000)
node2:66:76 [0] NCCL INFO NET/IB: Subnet-aware routing: overriding dev 5 with dev 2
node2:66:76 [0] NCCL INFO NET/IB: Subnet-aware routing: overriding dev 5 with dev 3
node2:66:76 [0] NCCL INFO NET/IB: ncclIbReceiverQpsCreateToRts: QP created: port=1 dev=3 devName=roceP2p1s0f1 ndevs=4 nmdevs=6 qp_num=2126 pkey=0 pd=0xf788d0164e50 oooRq=0
node2:66:76 [0] NCCL INFO NET/IB: ncclIbReceiverQpsCreateToRts: QP created: port=1 dev=3 devName=roceP2p1s0f1 ndevs=4 nmdevs=6 qp_num=2127 pkey=0 pd=0xf788d0164e50 oooRq=0
node2:66:76 [0] NCCL INFO NET/IB: ncclIbReceiverQpsCreateToRts: Flush QP created: port=1 dev=3 devName=roceP2p1s0f1 ndevs=4 nmdevs=6 qp_num=2128 pkey=0 pd=0xf788d0164e50
node2:66:76 [0] NCCL INFO NET/IB: Subnet-aware routing: overriding dev 4 with dev 0
node2:66:76 [0] NCCL INFO NET/IB: Subnet-aware routing: overriding dev 5 with dev 2
node2:66:76 [0] NCCL INFO NET/IB: Subnet-aware routing: overriding dev 4 with dev 0
node2:66:76 [0] NCCL INFO NET/IB: Subnet-aware routing: overriding dev 5 with dev 2
node2:66:76 [0] NCCL INFO NET/IB: ncclIbResiliencyInit: Resiliency is disabled on the recv communicator (comm=0xf788d07cb000)
node2:66:76 [0] NCCL INFO NET/IB: ncclIbRecvCommInit: Receive work requests will be posted on-demand
node2:66:76 [0] NCCL INFO NET/IB: Subnet-aware routing: overriding dev 5 with dev 2
node2:66:76 [0] NCCL INFO NET/IB: ncclIbSenderQpsToRts: Set ECE: IbDev 2 Port 1 qp_num 1806 set_ece={supported=1, vendor_id=0x15b3, options=0x30000002, comp_mask=0x0}
node2:66:76 [0] NCCL INFO NET/IB: ncclIbSenderQpsToRts: Set ECE: IbDev 2 Port 1 qp_num 1807 set_ece={supported=1, vendor_id=0x15b3, options=0x30000002, comp_mask=0x0}
node2:66:76 [0] NCCL INFO NET/IB: Subnet-aware routing: overriding dev 4 with dev 0
node2:66:76 [0] NCCL INFO NET/IB: ncclIbSenderQpsCreate: QP created: port=1 dev=0 devName=rocep1s0f0 ndevs=4 nmdevs=6 qp_num=40570 pkey=0 pd=0xf788d007dc30 oooRq=0
node2:66:76 [0] NCCL INFO NET/IB: ncclIbSenderQpsCreate: QP created: port=1 dev=0 devName=rocep1s0f0 ndevs=4 nmdevs=6 qp_num=40571 pkey=0 pd=0xf788d007dc30 oooRq=0
node2:66:76 [0] NCCL INFO NET/IB: ncclIbConnectImpl: NCCL Dev 0 IbDev 0 Port 1 qp_num 40570 mtu 5 GID 6 (0/265A8C0FFFF0000) ctsFifoRkey=0x15a463 ctsFifoLkey=0x15a463
node2:66:76 [0] NCCL INFO NET/IB: ncclIbConnectImpl: IbDev 0 Port 1 qp_num 40570 query_ece={supported=1, vendor_id=0x15b3, options=0x30000002, comp_mask=0x0}
node2:66:76 [0] NCCL INFO NET/IB: ncclIbConnectImpl: NCCL Dev 0 IbDev 0 Port 1 qp_num 40571 mtu 5 GID 6 (0/265A8C0FFFF0000) ctsFifoRkey=0x15a463 ctsFifoLkey=0x15a463
node2:66:76 [0] NCCL INFO NET/IB: ncclIbConnectImpl: IbDev 0 Port 1 qp_num 40571 query_ece={supported=1, vendor_id=0x15b3, options=0x30000002, comp_mask=0x0}
node2:66:76 [0] NCCL INFO NET/IB: Subnet-aware routing: overriding dev 4 with dev 1
node2:66:76 [0] NCCL INFO NET/IB: ncclIbReceiverQpsCreateToRts: QP created: port=1 dev=1 devName=rocep1s0f1 ndevs=4 nmdevs=6 qp_num=39528 pkey=0 pd=0xf788d0242a80 oooRq=0
node2:66:76 [0] NCCL INFO NET/IB: ncclIbReceiverQpsCreateToRts: QP created: port=1 dev=1 devName=rocep1s0f1 ndevs=4 nmdevs=6 qp_num=39529 pkey=0 pd=0xf788d0242a80 oooRq=0
node2:66:76 [0] NCCL INFO NET/IB: ncclIbReceiverQpsCreateToRts: Flush QP created: port=1 dev=1 devName=rocep1s0f1 ndevs=4 nmdevs=6 qp_num=39530 pkey=0 pd=0xf788d0242a80
node2:66:76 [0] NCCL INFO NET/IB: Subnet-aware routing: overriding dev 5 with dev 2
node2:66:76 [0] NCCL INFO NET/IB: Subnet-aware routing: overriding dev 4 with dev 0
node2:66:76 [0] NCCL INFO NET/IB: Subnet-aware routing: overriding dev 5 with dev 2
node2:66:76 [0] NCCL INFO NET/IB: Subnet-aware routing: overriding dev 4 with dev 0
node2:66:76 [0] NCCL INFO NET/IB: ncclIbResiliencyInit: Resiliency is disabled on the send communicator (comm=0xf788d08e7000)
node2:66:76 [0] NCCL INFO NET/IB: Subnet-aware routing: overriding dev 4 with dev 0
node2:66:76 [0] NCCL INFO NET/IB: ncclIbSenderQpsToRts: Set ECE: IbDev 0 Port 1 qp_num 40570 set_ece={supported=1, vendor_id=0x15b3, options=0x30000002, comp_mask=0x0}
node2:66:76 [0] NCCL INFO NET/IB: ncclIbSenderQpsToRts: Set ECE: IbDev 0 Port 1 qp_num 40571 set_ece={supported=1, vendor_id=0x15b3, options=0x30000002, comp_mask=0x0}
node2:66:76 [0] NCCL INFO NET/IB: Subnet-aware routing: overriding dev 5 with dev 2
node2:66:76 [0] NCCL INFO NET/IB: ncclIbSenderQpsCreate: QP created: port=1 dev=2 devName=roceP2p1s0f0 ndevs=4 nmdevs=6 qp_num=1808 pkey=0 pd=0xf788d01b9b00 oooRq=0
node2:66:76 [0] NCCL INFO NET/IB: ncclIbSenderQpsCreate: QP created: port=1 dev=2 devName=roceP2p1s0f0 ndevs=4 nmdevs=6 qp_num=1809 pkey=0 pd=0xf788d01b9b00 oooRq=0
node2:66:76 [0] NCCL INFO NET/IB: ncclIbConnectImpl: NCCL Dev 2 IbDev 2 Port 1 qp_num 1808 mtu 5 GID 3 (0/26FA8C0FFFF0000) ctsFifoRkey=0x19aea9 ctsFifoLkey=0x19aea9
node2:66:76 [0] NCCL INFO NET/IB: ncclIbConnectImpl: IbDev 2 Port 1 qp_num 1808 query_ece={supported=1, vendor_id=0x15b3, options=0x30000002, comp_mask=0x0}
node2:66:76 [0] NCCL INFO NET/IB: ncclIbConnectImpl: NCCL Dev 2 IbDev 2 Port 1 qp_num 1809 mtu 5 GID 3 (0/26FA8C0FFFF0000) ctsFifoRkey=0x19aea9 ctsFifoLkey=0x19aea9
node2:66:76 [0] NCCL INFO NET/IB: ncclIbConnectImpl: IbDev 2 Port 1 qp_num 1809 query_ece={supported=1, vendor_id=0x15b3, options=0x30000002, comp_mask=0x0}
node2:66:76 [0] NCCL INFO NET/IB: Subnet-aware routing: overriding dev 5 with dev 3
node2:66:76 [0] NCCL INFO NET/IB: ncclIbReceiverQpsCreateToRts: QP created: port=1 dev=3 devName=roceP2p1s0f1 ndevs=4 nmdevs=6 qp_num=2129 pkey=0 pd=0xf788d0164e50 oooRq=0
node2:66:76 [0] NCCL INFO NET/IB: ncclIbReceiverQpsCreateToRts: QP created: port=1 dev=3 devName=roceP2p1s0f1 ndevs=4 nmdevs=6 qp_num=2130 pkey=0 pd=0xf788d0164e50 oooRq=0
node2:66:76 [0] NCCL INFO NET/IB: ncclIbReceiverQpsCreateToRts: Flush QP created: port=1 dev=3 devName=roceP2p1s0f1 ndevs=4 nmdevs=6 qp_num=2131 pkey=0 pd=0xf788d0164e50
node2:66:76 [0] NCCL INFO NET/IB: Subnet-aware routing: overriding dev 4 with dev 0
node2:66:76 [0] NCCL INFO NET/IB: ncclIbSenderQpsCreate: QP created: port=1 dev=0 devName=rocep1s0f0 ndevs=4 nmdevs=6 qp_num=40572 pkey=0 pd=0xf788d007dc30 oooRq=0
node2:66:76 [0] NCCL INFO NET/IB: ncclIbSenderQpsCreate: QP created: port=1 dev=0 devName=rocep1s0f0 ndevs=4 nmdevs=6 qp_num=40573 pkey=0 pd=0xf788d007dc30 oooRq=0
node2:66:76 [0] NCCL INFO NET/IB: ncclIbConnectImpl: NCCL Dev 0 IbDev 0 Port 1 qp_num 40572 mtu 5 GID 6 (0/265A8C0FFFF0000) ctsFifoRkey=0x152ff0 ctsFifoLkey=0x152ff0
node2:66:76 [0] NCCL INFO NET/IB: ncclIbConnectImpl: IbDev 0 Port 1 qp_num 40572 query_ece={supported=1, vendor_id=0x15b3, options=0x30000002, comp_mask=0x0}
node2:66:76 [0] NCCL INFO NET/IB: ncclIbConnectImpl: NCCL Dev 0 IbDev 0 Port 1 qp_num 40573 mtu 5 GID 6 (0/265A8C0FFFF0000) ctsFifoRkey=0x152ff0 ctsFifoLkey=0x152ff0
node2:66:76 [0] NCCL INFO NET/IB: ncclIbConnectImpl: IbDev 0 Port 1 qp_num 40573 query_ece={supported=1, vendor_id=0x15b3, options=0x30000002, comp_mask=0x0}
node2:66:76 [0] NCCL INFO NET/IB: Subnet-aware routing: overriding dev 5 with dev 2
node2:66:76 [0] NCCL INFO NET/IB: Subnet-aware routing: overriding dev 4 with dev 0
node2:66:76 [0] NCCL INFO NET/IB: ncclIbResiliencyInit: Resiliency is disabled on the recv communicator (comm=0xf788d0a54000)
node2:66:76 [0] NCCL INFO NET/IB: ncclIbRecvCommInit: Receive work requests will be posted on-demand
node2:66:76 [0] NCCL INFO NET/IB: Subnet-aware routing: overriding dev 5 with dev 2
node2:66:76 [0] NCCL INFO NET/IB: Subnet-aware routing: overriding dev 4 with dev 0
node2:66:76 [0] NCCL INFO NET/IB: Subnet-aware routing: overriding dev 5 with dev 2
node2:66:76 [0] NCCL INFO NET/IB: Subnet-aware routing: overriding dev 4 with dev 0
node2:66:76 [0] NCCL INFO NET/IB: Subnet-aware routing: overriding dev 5 with dev 2
node2:66:76 [0] NCCL INFO NET/IB: ncclIbResiliencyInit: Resiliency is disabled on the send communicator (comm=0xf788d0a9c000)
node2:66:76 [0] NCCL INFO NET/IB: Subnet-aware routing: overriding dev 5 with dev 2
node2:66:76 [0] NCCL INFO NET/IB: Subnet-aware routing: overriding dev 4 with dev 0
node2:66:76 [0] NCCL INFO NET/IB: Subnet-aware routing: overriding dev 5 with dev 2
node2:66:76 [0] NCCL INFO NET/IB: Subnet-aware routing: overriding dev 4 with dev 0
node2:66:76 [0] NCCL INFO NET/IB: Subnet-aware routing: overriding dev 5 with dev 2
node2:66:76 [0] NCCL INFO NET/IB: ncclIbResiliencyInit: Resiliency is disabled on the recv communicator (comm=0xf788d0ae0000)
node2:66:76 [0] NCCL INFO NET/IB: ncclIbRecvCommInit: Receive work requests will be posted on-demand
node2:66:76 [0] NCCL INFO NET/IB: Subnet-aware routing: overriding dev 5 with dev 2
node2:66:76 [0] NCCL INFO NET/IB: ncclIbSenderQpsToRts: Set ECE: IbDev 2 Port 1 qp_num 1808 set_ece={supported=1, vendor_id=0x15b3, options=0x30000002, comp_mask=0x0}
node2:66:76 [0] NCCL INFO NET/IB: ncclIbSenderQpsToRts: Set ECE: IbDev 2 Port 1 qp_num 1809 set_ece={supported=1, vendor_id=0x15b3, options=0x30000002, comp_mask=0x0}
node2:66:76 [0] NCCL INFO NET/IB: Subnet-aware routing: overriding dev 4 with dev 0
node2:66:76 [0] NCCL INFO NET/IB: ncclIbSenderQpsToRts: Set ECE: IbDev 0 Port 1 qp_num 40572 set_ece={supported=1, vendor_id=0x15b3, options=0x30000002, comp_mask=0x0}
node2:66:76 [0] NCCL INFO NET/IB: ncclIbSenderQpsToRts: Set ECE: IbDev 0 Port 1 qp_num 40573 set_ece={supported=1, vendor_id=0x15b3, options=0x30000002, comp_mask=0x0}
node2:66:76 [0] NCCL INFO NET/IB: Subnet-aware routing: overriding dev 4 with dev 1
node2:66:76 [0] NCCL INFO NET/IB: ncclIbReceiverQpsCreateToRts: QP created: port=1 dev=1 devName=rocep1s0f1 ndevs=4 nmdevs=6 qp_num=39531 pkey=0 pd=0xf788d0242a80 oooRq=0
node2:66:76 [0] NCCL INFO NET/IB: ncclIbReceiverQpsCreateToRts: QP created: port=1 dev=1 devName=rocep1s0f1 ndevs=4 nmdevs=6 qp_num=39532 pkey=0 pd=0xf788d0242a80 oooRq=0
node2:66:76 [0] NCCL INFO NET/IB: ncclIbReceiverQpsCreateToRts: Flush QP created: port=1 dev=1 devName=rocep1s0f1 ndevs=4 nmdevs=6 qp_num=39533 pkey=0 pd=0xf788d0242a80
node2:66:76 [0] NCCL INFO NET/IB: Subnet-aware routing: overriding dev 5 with dev 2
node2:66:76 [0] NCCL INFO NET/IB: Subnet-aware routing: overriding dev 5 with dev 3
node2:66:76 [0] NCCL INFO NET/IB: ncclIbReceiverQpsCreateToRts: QP created: port=1 dev=3 devName=roceP2p1s0f1 ndevs=4 nmdevs=6 qp_num=2132 pkey=0 pd=0xf788d0164e50 oooRq=0
node2:66:76 [0] NCCL INFO NET/IB: ncclIbReceiverQpsCreateToRts: QP created: port=1 dev=3 devName=roceP2p1s0f1 ndevs=4 nmdevs=6 qp_num=2133 pkey=0 pd=0xf788d0164e50 oooRq=0
node2:66:76 [0] NCCL INFO NET/IB: ncclIbReceiverQpsCreateToRts: Flush QP created: port=1 dev=3 devName=roceP2p1s0f1 ndevs=4 nmdevs=6 qp_num=2134 pkey=0 pd=0xf788d0164e50
node2:66:76 [0] NCCL INFO NET/IB: Subnet-aware routing: overriding dev 4 with dev 0
node2:66:76 [0] NCCL INFO NET/IB: Subnet-aware routing: overriding dev 5 with dev 2
node2:66:76 [0] NCCL INFO NET/IB: Subnet-aware routing: overriding dev 4 with dev 0
node2:66:76 [0] NCCL INFO NET/IB: ncclIbResiliencyInit: Resiliency is disabled on the send communicator (comm=0xf788d0c19000)
node2:66:76 [0] NCCL INFO NET/IB: Subnet-aware routing: overriding dev 5 with dev 2
node2:66:76 [0] NCCL INFO NET/IB: Subnet-aware routing: overriding dev 4 with dev 0
node2:66:76 [0] NCCL INFO NET/IB: Subnet-aware routing: overriding dev 5 with dev 2
node2:66:76 [0] NCCL INFO NET/IB: Subnet-aware routing: overriding dev 4 with dev 0
node2:66:76 [0] NCCL INFO NET/IB: ncclIbResiliencyInit: Resiliency is disabled on the recv communicator (comm=0xf788d0c5d000)
node2:66:76 [0] NCCL INFO NET/IB: ncclIbRecvCommInit: Receive work requests will be posted on-demand
node2:66:76 [0] NCCL INFO NET/IB: Subnet-aware routing: overriding dev 5 with dev 2
node2:66:76 [0] NCCL INFO NET/IB: ncclIbSenderQpsCreate: QP created: port=1 dev=2 devName=roceP2p1s0f0 ndevs=4 nmdevs=6 qp_num=1810 pkey=0 pd=0xf788d01b9b00 oooRq=0
node2:66:76 [0] NCCL INFO NET/IB: ncclIbSenderQpsCreate: QP created: port=1 dev=2 devName=roceP2p1s0f0 ndevs=4 nmdevs=6 qp_num=1811 pkey=0 pd=0xf788d01b9b00 oooRq=0
node2:66:76 [0] NCCL INFO NET/IB: ncclIbConnectImpl: NCCL Dev 2 IbDev 2 Port 1 qp_num 1810 mtu 5 GID 3 (0/26FA8C0FFFF0000) ctsFifoRkey=0x198e83 ctsFifoLkey=0x198e83
node2:66:76 [0] NCCL INFO NET/IB: ncclIbConnectImpl: IbDev 2 Port 1 qp_num 1810 query_ece={supported=1, vendor_id=0x15b3, options=0x30000002, comp_mask=0x0}
node2:66:76 [0] NCCL INFO NET/IB: ncclIbConnectImpl: NCCL Dev 2 IbDev 2 Port 1 qp_num 1811 mtu 5 GID 3 (0/26FA8C0FFFF0000) ctsFifoRkey=0x198e83 ctsFifoLkey=0x198e83
node2:66:76 [0] NCCL INFO NET/IB: ncclIbConnectImpl: IbDev 2 Port 1 qp_num 1811 query_ece={supported=1, vendor_id=0x15b3, options=0x30000002, comp_mask=0x0}
node2:66:76 [0] NCCL INFO NET/IB: Subnet-aware routing: overriding dev 4 with dev 0
node2:66:76 [0] NCCL INFO NET/IB: ncclIbSenderQpsCreate: QP created: port=1 dev=0 devName=rocep1s0f0 ndevs=4 nmdevs=6 qp_num=40574 pkey=0 pd=0xf788d007dc30 oooRq=0
node2:66:76 [0] NCCL INFO NET/IB: ncclIbSenderQpsCreate: QP created: port=1 dev=0 devName=rocep1s0f0 ndevs=4 nmdevs=6 qp_num=40575 pkey=0 pd=0xf788d007dc30 oooRq=0
node2:66:76 [0] NCCL INFO NET/IB: ncclIbConnectImpl: NCCL Dev 0 IbDev 0 Port 1 qp_num 40574 mtu 5 GID 6 (0/265A8C0FFFF0000) ctsFifoRkey=0x1624e4 ctsFifoLkey=0x1624e4
node2:66:76 [0] NCCL INFO NET/IB: ncclIbConnectImpl: IbDev 0 Port 1 qp_num 40574 query_ece={supported=1, vendor_id=0x15b3, options=0x30000002, comp_mask=0x0}
node2:66:76 [0] NCCL INFO NET/IB: ncclIbConnectImpl: NCCL Dev 0 IbDev 0 Port 1 qp_num 40575 mtu 5 GID 6 (0/265A8C0FFFF0000) ctsFifoRkey=0x1624e4 ctsFifoLkey=0x1624e4
node2:66:76 [0] NCCL INFO NET/IB: ncclIbConnectImpl: IbDev 0 Port 1 qp_num 40575 query_ece={supported=1, vendor_id=0x15b3, options=0x30000002, comp_mask=0x0}
node2:66:76 [0] NCCL INFO NET/IB: Subnet-aware routing: overriding dev 4 with dev 1
node2:66:76 [0] NCCL INFO NET/IB: ncclIbReceiverQpsCreateToRts: QP created: port=1 dev=1 devName=rocep1s0f1 ndevs=4 nmdevs=6 qp_num=39534 pkey=0 pd=0xf788d0242a80 oooRq=0
node2:66:76 [0] NCCL INFO NET/IB: ncclIbReceiverQpsCreateToRts: QP created: port=1 dev=1 devName=rocep1s0f1 ndevs=4 nmdevs=6 qp_num=39535 pkey=0 pd=0xf788d0242a80 oooRq=0
node2:66:76 [0] NCCL INFO NET/IB: ncclIbReceiverQpsCreateToRts: Flush QP created: port=1 dev=1 devName=rocep1s0f1 ndevs=4 nmdevs=6 qp_num=39536 pkey=0 pd=0xf788d0242a80
node2:66:76 [0] NCCL INFO NET/IB: Subnet-aware routing: overriding dev 5 with dev 2
node2:66:76 [0] NCCL INFO NET/IB: Subnet-aware routing: overriding dev 4 with dev 0
node2:66:76 [0] NCCL INFO NET/IB: Subnet-aware routing: overriding dev 5 with dev 2
node2:66:76 [0] NCCL INFO NET/IB: ncclIbResiliencyInit: Resiliency is disabled on the send communicator (comm=0xf788d0dd1000)
node2:66:76 [0] NCCL INFO NET/IB: Subnet-aware routing: overriding dev 5 with dev 2
node2:66:76 [0] NCCL INFO NET/IB: ncclIbSenderQpsToRts: Set ECE: IbDev 2 Port 1 qp_num 1810 set_ece={supported=1, vendor_id=0x15b3, options=0x30000002, comp_mask=0x0}
node2:66:76 [0] NCCL INFO NET/IB: ncclIbSenderQpsToRts: Set ECE: IbDev 2 Port 1 qp_num 1811 set_ece={supported=1, vendor_id=0x15b3, options=0x30000002, comp_mask=0x0}
node2:66:76 [0] NCCL INFO NET/IB: Subnet-aware routing: overriding dev 4 with dev 0
node2:66:76 [0] NCCL INFO NET/IB: ncclIbSenderQpsToRts: Set ECE: IbDev 0 Port 1 qp_num 40574 set_ece={supported=1, vendor_id=0x15b3, options=0x30000002, comp_mask=0x0}
node2:66:76 [0] NCCL INFO NET/IB: ncclIbSenderQpsToRts: Set ECE: IbDev 0 Port 1 qp_num 40575 set_ece={supported=1, vendor_id=0x15b3, options=0x30000002, comp_mask=0x0}
node2:66:76 [0] NCCL INFO NET/IB: Subnet-aware routing: overriding dev 5 with dev 2
node2:66:76 [0] NCCL INFO NET/IB: Subnet-aware routing: overriding dev 5 with dev 3
node2:66:76 [0] NCCL INFO NET/IB: ncclIbReceiverQpsCreateToRts: QP created: port=1 dev=3 devName=roceP2p1s0f1 ndevs=4 nmdevs=6 qp_num=2135 pkey=0 pd=0xf788d0164e50 oooRq=0
node2:66:76 [0] NCCL INFO NET/IB: ncclIbReceiverQpsCreateToRts: QP created: port=1 dev=3 devName=roceP2p1s0f1 ndevs=4 nmdevs=6 qp_num=2136 pkey=0 pd=0xf788d0164e50 oooRq=0
node2:66:76 [0] NCCL INFO NET/IB: ncclIbReceiverQpsCreateToRts: Flush QP created: port=1 dev=3 devName=roceP2p1s0f1 ndevs=4 nmdevs=6 qp_num=2137 pkey=0 pd=0xf788d0164e50
node2:66:76 [0] NCCL INFO NET/IB: Subnet-aware routing: overriding dev 4 with dev 0
node2:66:76 [0] NCCL INFO NET/IB: Subnet-aware routing: overriding dev 5 with dev 2
node2:66:76 [0] NCCL INFO NET/IB: ncclIbResiliencyInit: Resiliency is disabled on the recv communicator (comm=0xf788d0e8b000)
node2:66:76 [0] NCCL INFO NET/IB: ncclIbRecvCommInit: Receive work requests will be posted on-demand
node2:66:76 [0] NCCL INFO NET/IB: Subnet-aware routing: overriding dev 5 with dev 2
node2:66:76 [0] NCCL INFO NET/IB: ncclIbSenderQpsCreate: QP created: port=1 dev=2 devName=roceP2p1s0f0 ndevs=4 nmdevs=6 qp_num=1812 pkey=0 pd=0xf788d01b9b00 oooRq=0
node2:66:76 [0] NCCL INFO NET/IB: ncclIbSenderQpsCreate: QP created: port=1 dev=2 devName=roceP2p1s0f0 ndevs=4 nmdevs=6 qp_num=1813 pkey=0 pd=0xf788d01b9b00 oooRq=0
node2:66:76 [0] NCCL INFO NET/IB: ncclIbConnectImpl: NCCL Dev 2 IbDev 2 Port 1 qp_num 1812 mtu 5 GID 3 (0/26FA8C0FFFF0000) ctsFifoRkey=0x18c9c7 ctsFifoLkey=0x18c9c7
node2:66:76 [0] NCCL INFO NET/IB: ncclIbConnectImpl: IbDev 2 Port 1 qp_num 1812 query_ece={supported=1, vendor_id=0x15b3, options=0x30000002, comp_mask=0x0}
node2:66:76 [0] NCCL INFO NET/IB: ncclIbConnectImpl: NCCL Dev 2 IbDev 2 Port 1 qp_num 1813 mtu 5 GID 3 (0/26FA8C0FFFF0000) ctsFifoRkey=0x18c9c7 ctsFifoLkey=0x18c9c7
node2:66:76 [0] NCCL INFO NET/IB: ncclIbConnectImpl: IbDev 2 Port 1 qp_num 1813 query_ece={supported=1, vendor_id=0x15b3, options=0x30000002, comp_mask=0x0}
node2:66:76 [0] NCCL INFO NET/IB: Subnet-aware routing: overriding dev 4 with dev 0
node2:66:76 [0] NCCL INFO NET/IB: Subnet-aware routing: overriding dev 5 with dev 2
node2:66:76 [0] NCCL INFO NET/IB: Subnet-aware routing: overriding dev 4 with dev 0
node2:66:76 [0] NCCL INFO NET/IB: ncclIbResiliencyInit: Resiliency is disabled on the send communicator (comm=0xf788d0f2c000)
node2:66:76 [0] NCCL INFO NET/IB: Subnet-aware routing: overriding dev 5 with dev 2
node2:66:76 [0] NCCL INFO NET/IB: Subnet-aware routing: overriding dev 4 with dev 0
node2:66:76 [0] NCCL INFO NET/IB: Subnet-aware routing: overriding dev 5 with dev 2
node2:66:76 [0] NCCL INFO NET/IB: Subnet-aware routing: overriding dev 4 with dev 0
node2:66:76 [0] NCCL INFO NET/IB: ncclIbResiliencyInit: Resiliency is disabled on the recv communicator (comm=0xf788d0f70000)
node2:66:76 [0] NCCL INFO NET/IB: ncclIbRecvCommInit: Receive work requests will be posted on-demand
node2:66:76 [0] NCCL INFO NET/IB: Subnet-aware routing: overriding dev 5 with dev 2
node2:66:76 [0] NCCL INFO NET/IB: Subnet-aware routing: overriding dev 4 with dev 0
node2:66:76 [0] NCCL INFO NET/IB: Subnet-aware routing: overriding dev 5 with dev 2
node2:66:76 [0] NCCL INFO NET/IB: Subnet-aware routing: overriding dev 4 with dev 0
node2:66:76 [0] NCCL INFO NET/IB: Subnet-aware routing: overriding dev 5 with dev 2
node2:66:76 [0] NCCL INFO NET/IB: ncclIbResiliencyInit: Resiliency is disabled on the send communicator (comm=0xf788d0fb8000)
node2:66:76 [0] NCCL INFO NET/IB: Subnet-aware routing: overriding dev 5 with dev 2
node2:66:76 [0] NCCL INFO NET/IB: Subnet-aware routing: overriding dev 4 with dev 0
node2:66:76 [0] NCCL INFO NET/IB: Subnet-aware routing: overriding dev 5 with dev 2
node2:66:76 [0] NCCL INFO NET/IB: Subnet-aware routing: overriding dev 5 with dev 3
node2:66:76 [0] NCCL INFO NET/IB: ncclIbReceiverQpsCreateToRts: QP created: port=1 dev=3 devName=roceP2p1s0f1 ndevs=4 nmdevs=6 qp_num=2138 pkey=0 pd=0xf788d0164e50 oooRq=0
node2:66:76 [0] NCCL INFO NET/IB: ncclIbReceiverQpsCreateToRts: QP created: port=1 dev=3 devName=roceP2p1s0f1 ndevs=4 nmdevs=6 qp_num=2139 pkey=0 pd=0xf788d0164e50 oooRq=0
node2:66:76 [0] NCCL INFO NET/IB: ncclIbReceiverQpsCreateToRts: Flush QP created: port=1 dev=3 devName=roceP2p1s0f1 ndevs=4 nmdevs=6 qp_num=2140 pkey=0 pd=0xf788d0164e50
node2:66:76 [0] NCCL INFO NET/IB: Subnet-aware routing: overriding dev 4 with dev 0
node2:66:76 [0] NCCL INFO NET/IB: Subnet-aware routing: overriding dev 5 with dev 2
node2:66:76 [0] NCCL INFO NET/IB: ncclIbResiliencyInit: Resiliency is disabled on the recv communicator (comm=0xf788d1074000)
node2:66:76 [0] NCCL INFO NET/IB: ncclIbRecvCommInit: Receive work requests will be posted on-demand
node2:66:76 [0] NCCL INFO NET/IB: Subnet-aware routing: overriding dev 5 with dev 2
node2:66:76 [0] NCCL INFO NET/IB: ncclIbSenderQpsToRts: Set ECE: IbDev 2 Port 1 qp_num 1812 set_ece={supported=1, vendor_id=0x15b3, options=0x30000002, comp_mask=0x0}
node2:66:76 [0] NCCL INFO NET/IB: ncclIbSenderQpsToRts: Set ECE: IbDev 2 Port 1 qp_num 1813 set_ece={supported=1, vendor_id=0x15b3, options=0x30000002, comp_mask=0x0}
node2:66:76 [0] NCCL INFO NET/IB: Subnet-aware routing: overriding dev 4 with dev 0
node2:66:76 [0] NCCL INFO NET/IB: ncclIbSenderQpsCreate: QP created: port=1 dev=0 devName=rocep1s0f0 ndevs=4 nmdevs=6 qp_num=40576 pkey=0 pd=0xf788d007dc30 oooRq=0
node2:66:76 [0] NCCL INFO NET/IB: ncclIbSenderQpsCreate: QP created: port=1 dev=0 devName=rocep1s0f0 ndevs=4 nmdevs=6 qp_num=40577 pkey=0 pd=0xf788d007dc30 oooRq=0
node2:66:76 [0] NCCL INFO NET/IB: ncclIbConnectImpl: NCCL Dev 0 IbDev 0 Port 1 qp_num 40576 mtu 5 GID 6 (0/265A8C0FFFF0000) ctsFifoRkey=0x173cf0 ctsFifoLkey=0x173cf0
node2:66:76 [0] NCCL INFO NET/IB: ncclIbConnectImpl: IbDev 0 Port 1 qp_num 40576 query_ece={supported=1, vendor_id=0x15b3, options=0x30000002, comp_mask=0x0}
node2:66:76 [0] NCCL INFO NET/IB: ncclIbConnectImpl: NCCL Dev 0 IbDev 0 Port 1 qp_num 40577 mtu 5 GID 6 (0/265A8C0FFFF0000) ctsFifoRkey=0x173cf0 ctsFifoLkey=0x173cf0
node2:66:76 [0] NCCL INFO NET/IB: ncclIbConnectImpl: IbDev 0 Port 1 qp_num 40577 query_ece={supported=1, vendor_id=0x15b3, options=0x30000002, comp_mask=0x0}
node2:66:76 [0] NCCL INFO NET/IB: Subnet-aware routing: overriding dev 4 with dev 1
node2:66:76 [0] NCCL INFO NET/IB: ncclIbReceiverQpsCreateToRts: QP created: port=1 dev=1 devName=rocep1s0f1 ndevs=4 nmdevs=6 qp_num=39537 pkey=0 pd=0xf788d0242a80 oooRq=0
node2:66:76 [0] NCCL INFO NET/IB: ncclIbReceiverQpsCreateToRts: QP created: port=1 dev=1 devName=rocep1s0f1 ndevs=4 nmdevs=6 qp_num=39538 pkey=0 pd=0xf788d0242a80 oooRq=0
node2:66:76 [0] NCCL INFO NET/IB: ncclIbReceiverQpsCreateToRts: Flush QP created: port=1 dev=1 devName=rocep1s0f1 ndevs=4 nmdevs=6 qp_num=39539 pkey=0 pd=0xf788d0242a80
node2:66:76 [0] NCCL INFO NET/IB: Subnet-aware routing: overriding dev 5 with dev 2
node2:66:76 [0] NCCL INFO NET/IB: Subnet-aware routing: overriding dev 4 with dev 0
node2:66:76 [0] NCCL INFO NET/IB: Subnet-aware routing: overriding dev 4 with dev 1
node2:66:76 [0] NCCL INFO NET/IB: ncclIbReceiverQpsCreateToRts: QP created: port=1 dev=1 devName=rocep1s0f1 ndevs=4 nmdevs=6 qp_num=39540 pkey=0 pd=0xf788d0242a80 oooRq=0
node2:66:76 [0] NCCL INFO NET/IB: ncclIbReceiverQpsCreateToRts: QP created: port=1 dev=1 devName=rocep1s0f1 ndevs=4 nmdevs=6 qp_num=39541 pkey=0 pd=0xf788d0242a80 oooRq=0
node2:66:76 [0] NCCL INFO NET/IB: ncclIbReceiverQpsCreateToRts: Flush QP created: port=1 dev=1 devName=rocep1s0f1 ndevs=4 nmdevs=6 qp_num=39542 pkey=0 pd=0xf788d0242a80
node2:66:76 [0] NCCL INFO NET/IB: Subnet-aware routing: overriding dev 5 with dev 2
node2:66:76 [0] NCCL INFO NET/IB: Subnet-aware routing: overriding dev 4 with dev 0
node2:66:76 [0] NCCL INFO NET/IB: ncclIbResiliencyInit: Resiliency is disabled on the send communicator (comm=0xf788d120a000)
node2:66:76 [0] NCCL INFO NET/IB: Subnet-aware routing: overriding dev 4 with dev 0
node2:66:76 [0] NCCL INFO NET/IB: Subnet-aware routing: overriding dev 5 with dev 2
node2:66:76 [0] NCCL INFO NET/IB: ncclIbSenderQpsCreate: QP created: port=1 dev=2 devName=roceP2p1s0f0 ndevs=4 nmdevs=6 qp_num=1814 pkey=0 pd=0xf788d01b9b00 oooRq=0
node2:66:76 [0] NCCL INFO NET/IB: ncclIbSenderQpsCreate: QP created: port=1 dev=2 devName=roceP2p1s0f0 ndevs=4 nmdevs=6 qp_num=1815 pkey=0 pd=0xf788d01b9b00 oooRq=0
node2:66:76 [0] NCCL INFO NET/IB: ncclIbConnectImpl: NCCL Dev 2 IbDev 2 Port 1 qp_num 1814 mtu 5 GID 3 (0/26FA8C0FFFF0000) ctsFifoRkey=0x18aeab ctsFifoLkey=0x18aeab
node2:66:76 [0] NCCL INFO NET/IB: ncclIbConnectImpl: IbDev 2 Port 1 qp_num 1814 query_ece={supported=1, vendor_id=0x15b3, options=0x30000002, comp_mask=0x0}
node2:66:76 [0] NCCL INFO NET/IB: ncclIbConnectImpl: NCCL Dev 2 IbDev 2 Port 1 qp_num 1815 mtu 5 GID 3 (0/26FA8C0FFFF0000) ctsFifoRkey=0x18aeab ctsFifoLkey=0x18aeab
node2:66:76 [0] NCCL INFO NET/IB: ncclIbConnectImpl: IbDev 2 Port 1 qp_num 1815 query_ece={supported=1, vendor_id=0x15b3, options=0x30000002, comp_mask=0x0}
node2:66:76 [0] NCCL INFO NET/IB: Subnet-aware routing: overriding dev 4 with dev 0
node2:66:76 [0] NCCL INFO NET/IB: Subnet-aware routing: overriding dev 5 with dev 2
node2:66:76 [0] NCCL INFO NET/IB: Subnet-aware routing: overriding dev 4 with dev 0
node2:66:76 [0] NCCL INFO NET/IB: ncclIbResiliencyInit: Resiliency is disabled on the recv communicator (comm=0xf788d12a5000)
node2:66:76 [0] NCCL INFO NET/IB: ncclIbRecvCommInit: Receive work requests will be posted on-demand
node2:66:76 [0] NCCL INFO NET/IB: Subnet-aware routing: overriding dev 4 with dev 0
node2:66:76 [0] NCCL INFO NET/IB: ncclIbSenderQpsToRts: Set ECE: IbDev 0 Port 1 qp_num 40576 set_ece={supported=1, vendor_id=0x15b3, options=0x30000002, comp_mask=0x0}
node2:66:76 [0] NCCL INFO NET/IB: ncclIbSenderQpsToRts: Set ECE: IbDev 0 Port 1 qp_num 40577 set_ece={supported=1, vendor_id=0x15b3, options=0x30000002, comp_mask=0x0}
node2:66:76 [0] NCCL INFO NET/IB: Subnet-aware routing: overriding dev 5 with dev 2
node2:66:76 [0] NCCL INFO NET/IB: Subnet-aware routing: overriding dev 4 with dev 0
node2:66:76 [0] NCCL INFO NET/IB: Subnet-aware routing: overriding dev 5 with dev 2
node2:66:76 [0] NCCL INFO NET/IB: Subnet-aware routing: overriding dev 4 with dev 0
node2:66:76 [0] NCCL INFO NET/IB: Subnet-aware routing: overriding dev 5 with dev 2
node2:66:76 [0] NCCL INFO NET/IB: ncclIbResiliencyInit: Resiliency is disabled on the send communicator (comm=0xf788d12ed000)
node2:66:76 [0] NCCL INFO NET/IB: Subnet-aware routing: overriding dev 5 with dev 2
node2:66:76 [0] NCCL INFO NET/IB: ncclIbSenderQpsToRts: Set ECE: IbDev 2 Port 1 qp_num 1814 set_ece={supported=1, vendor_id=0x15b3, options=0x30000002, comp_mask=0x0}
node2:66:76 [0] NCCL INFO NET/IB: ncclIbSenderQpsToRts: Set ECE: IbDev 2 Port 1 qp_num 1815 set_ece={supported=1, vendor_id=0x15b3, options=0x30000002, comp_mask=0x0}
node2:66:76 [0] NCCL INFO NET/IB: Subnet-aware routing: overriding dev 4 with dev 0
node2:66:76 [0] NCCL INFO NET/IB: ncclIbSenderQpsCreate: QP created: port=1 dev=0 devName=rocep1s0f0 ndevs=4 nmdevs=6 qp_num=40578 pkey=0 pd=0xf788d007dc30 oooRq=0
node2:66:76 [0] NCCL INFO NET/IB: ncclIbSenderQpsCreate: QP created: port=1 dev=0 devName=rocep1s0f0 ndevs=4 nmdevs=6 qp_num=40579 pkey=0 pd=0xf788d007dc30 oooRq=0
node2:66:76 [0] NCCL INFO NET/IB: ncclIbConnectImpl: NCCL Dev 0 IbDev 0 Port 1 qp_num 40578 mtu 5 GID 6 (0/265A8C0FFFF0000) ctsFifoRkey=0x16f8b4 ctsFifoLkey=0x16f8b4
node2:66:76 [0] NCCL INFO NET/IB: ncclIbConnectImpl: IbDev 0 Port 1 qp_num 40578 query_ece={supported=1, vendor_id=0x15b3, options=0x30000002, comp_mask=0x0}
node2:66:76 [0] NCCL INFO NET/IB: ncclIbConnectImpl: NCCL Dev 0 IbDev 0 Port 1 qp_num 40579 mtu 5 GID 6 (0/265A8C0FFFF0000) ctsFifoRkey=0x16f8b4 ctsFifoLkey=0x16f8b4
node2:66:76 [0] NCCL INFO NET/IB: ncclIbConnectImpl: IbDev 0 Port 1 qp_num 40579 query_ece={supported=1, vendor_id=0x15b3, options=0x30000002, comp_mask=0x0}
node2:66:76 [0] NCCL INFO NET/IB: Subnet-aware routing: overriding dev 5 with dev 2
node2:66:76 [0] NCCL INFO NET/IB: Subnet-aware routing: overriding dev 5 with dev 3
node2:66:76 [0] NCCL INFO NET/IB: ncclIbReceiverQpsCreateToRts: QP created: port=1 dev=3 devName=roceP2p1s0f1 ndevs=4 nmdevs=6 qp_num=2141 pkey=0 pd=0xf788d0164e50 oooRq=0
node2:66:76 [0] NCCL INFO NET/IB: ncclIbReceiverQpsCreateToRts: QP created: port=1 dev=3 devName=roceP2p1s0f1 ndevs=4 nmdevs=6 qp_num=2142 pkey=0 pd=0xf788d0164e50 oooRq=0
node2:66:76 [0] NCCL INFO NET/IB: ncclIbReceiverQpsCreateToRts: Flush QP created: port=1 dev=3 devName=roceP2p1s0f1 ndevs=4 nmdevs=6 qp_num=2143 pkey=0 pd=0xf788d0164e50
node2:66:76 [0] NCCL INFO NET/IB: Subnet-aware routing: overriding dev 4 with dev 0
node2:66:76 [0] NCCL INFO NET/IB: Subnet-aware routing: overriding dev 5 with dev 2
node2:66:76 [0] NCCL INFO NET/IB: ncclIbResiliencyInit: Resiliency is disabled on the recv communicator (comm=0xf788d1403000)
node2:66:76 [0] NCCL INFO NET/IB: ncclIbRecvCommInit: Receive work requests will be posted on-demand
node2:66:76 [0] NCCL INFO NET/IB: Subnet-aware routing: overriding dev 4 with dev 0
node2:66:76 [0] NCCL INFO NET/IB: Subnet-aware routing: overriding dev 5 with dev 2
node2:66:76 [0] NCCL INFO NET/IB: Subnet-aware routing: overriding dev 4 with dev 0
node2:66:76 [0] NCCL INFO NET/IB: Subnet-aware routing: overriding dev 5 with dev 2
node2:66:76 [0] NCCL INFO NET/IB: Subnet-aware routing: overriding dev 4 with dev 0
node2:66:76 [0] NCCL INFO NET/IB: ncclIbResiliencyInit: Resiliency is disabled on the send communicator (comm=0xf788d144b000)
node2:66:76 [0] NCCL INFO NET/IB: Subnet-aware routing: overriding dev 4 with dev 0
node2:66:76 [0] NCCL INFO NET/IB: ncclIbSenderQpsToRts: Set ECE: IbDev 0 Port 1 qp_num 40578 set_ece={supported=1, vendor_id=0x15b3, options=0x30000002, comp_mask=0x0}
node2:66:76 [0] NCCL INFO NET/IB: ncclIbSenderQpsToRts: Set ECE: IbDev 0 Port 1 qp_num 40579 set_ece={supported=1, vendor_id=0x15b3, options=0x30000002, comp_mask=0x0}
node2:66:76 [0] NCCL INFO NET/IB: Subnet-aware routing: overriding dev 5 with dev 2
node2:66:76 [0] NCCL INFO NET/IB: Subnet-aware routing: overriding dev 4 with dev 0
node2:66:76 [0] NCCL INFO NET/IB: Subnet-aware routing: overriding dev 4 with dev 1
node2:66:76 [0] NCCL INFO NET/IB: ncclIbReceiverQpsCreateToRts: QP created: port=1 dev=1 devName=rocep1s0f1 ndevs=4 nmdevs=6 qp_num=39543 pkey=0 pd=0xf788d0242a80 oooRq=0
node2:66:76 [0] NCCL INFO NET/IB: ncclIbReceiverQpsCreateToRts: QP created: port=1 dev=1 devName=rocep1s0f1 ndevs=4 nmdevs=6 qp_num=39544 pkey=0 pd=0xf788d0242a80 oooRq=0
node2:66:76 [0] NCCL INFO NET/IB: ncclIbReceiverQpsCreateToRts: Flush QP created: port=1 dev=1 devName=rocep1s0f1 ndevs=4 nmdevs=6 qp_num=39545 pkey=0 pd=0xf788d0242a80
node2:66:76 [0] NCCL INFO NET/IB: Subnet-aware routing: overriding dev 5 with dev 2
node2:66:76 [0] NCCL INFO NET/IB: Subnet-aware routing: overriding dev 5 with dev 3
node2:66:76 [0] NCCL INFO NET/IB: ncclIbReceiverQpsCreateToRts: QP created: port=1 dev=3 devName=roceP2p1s0f1 ndevs=4 nmdevs=6 qp_num=2144 pkey=0 pd=0xf788d0164e50 oooRq=0
node2:66:76 [0] NCCL INFO NET/IB: ncclIbReceiverQpsCreateToRts: QP created: port=1 dev=3 devName=roceP2p1s0f1 ndevs=4 nmdevs=6 qp_num=2145 pkey=0 pd=0xf788d0164e50 oooRq=0
node2:66:76 [0] NCCL INFO NET/IB: ncclIbReceiverQpsCreateToRts: Flush QP created: port=1 dev=3 devName=roceP2p1s0f1 ndevs=4 nmdevs=6 qp_num=2146 pkey=0 pd=0xf788d0164e50
node2:66:76 [0] NCCL INFO NET/IB: Subnet-aware routing: overriding dev 4 with dev 0
node2:66:76 [0] NCCL INFO NET/IB: ncclIbResiliencyInit: Resiliency is disabled on the recv communicator (comm=0xf788d1581000)
node2:66:76 [0] NCCL INFO NET/IB: ncclIbRecvCommInit: Receive work requests will be posted on-demand
node2:66:76 [0] NCCL INFO NET/IB: Subnet-aware routing: overriding dev 5 with dev 2
node2:66:76 [0] NCCL INFO NET/IB: ncclIbSenderQpsCreate: QP created: port=1 dev=2 devName=roceP2p1s0f0 ndevs=4 nmdevs=6 qp_num=1816 pkey=0 pd=0xf788d01b9b00 oooRq=0
node2:66:76 [0] NCCL INFO NET/IB: ncclIbSenderQpsCreate: QP created: port=1 dev=2 devName=roceP2p1s0f0 ndevs=4 nmdevs=6 qp_num=1817 pkey=0 pd=0xf788d01b9b00 oooRq=0
node2:66:76 [0] NCCL INFO NET/IB: ncclIbConnectImpl: NCCL Dev 2 IbDev 2 Port 1 qp_num 1816 mtu 5 GID 3 (0/26FA8C0FFFF0000) ctsFifoRkey=0x12cac8 ctsFifoLkey=0x12cac8
node2:66:76 [0] NCCL INFO NET/IB: ncclIbConnectImpl: IbDev 2 Port 1 qp_num 1816 query_ece={supported=1, vendor_id=0x15b3, options=0x30000002, comp_mask=0x0}
node2:66:76 [0] NCCL INFO NET/IB: ncclIbConnectImpl: NCCL Dev 2 IbDev 2 Port 1 qp_num 1817 mtu 5 GID 3 (0/26FA8C0FFFF0000) ctsFifoRkey=0x12cac8 ctsFifoLkey=0x12cac8
node2:66:76 [0] NCCL INFO NET/IB: ncclIbConnectImpl: IbDev 2 Port 1 qp_num 1817 query_ece={supported=1, vendor_id=0x15b3, options=0x30000002, comp_mask=0x0}
node2:66:76 [0] NCCL INFO NET/IB: Subnet-aware routing: overriding dev 4 with dev 0
node2:66:76 [0] NCCL INFO NET/IB: ncclIbSenderQpsCreate: QP created: port=1 dev=0 devName=rocep1s0f0 ndevs=4 nmdevs=6 qp_num=40580 pkey=0 pd=0xf788d007dc30 oooRq=0
node2:66:76 [0] NCCL INFO NET/IB: ncclIbSenderQpsCreate: QP created: port=1 dev=0 devName=rocep1s0f0 ndevs=4 nmdevs=6 qp_num=40581 pkey=0 pd=0xf788d007dc30 oooRq=0
node2:66:76 [0] NCCL INFO NET/IB: ncclIbConnectImpl: NCCL Dev 0 IbDev 0 Port 1 qp_num 40580 mtu 5 GID 6 (0/265A8C0FFFF0000) ctsFifoRkey=0x169f5c ctsFifoLkey=0x169f5c
node2:66:76 [0] NCCL INFO NET/IB: ncclIbConnectImpl: IbDev 0 Port 1 qp_num 40580 query_ece={supported=1, vendor_id=0x15b3, options=0x30000002, comp_mask=0x0}
node2:66:76 [0] NCCL INFO NET/IB: ncclIbConnectImpl: NCCL Dev 0 IbDev 0 Port 1 qp_num 40581 mtu 5 GID 6 (0/265A8C0FFFF0000) ctsFifoRkey=0x169f5c ctsFifoLkey=0x169f5c
node2:66:76 [0] NCCL INFO NET/IB: ncclIbConnectImpl: IbDev 0 Port 1 qp_num 40581 query_ece={supported=1, vendor_id=0x15b3, options=0x30000002, comp_mask=0x0}
node2:66:76 [0] NCCL INFO NET/IB: Subnet-aware routing: overriding dev 5 with dev 2
node2:66:76 [0] NCCL INFO NET/IB: Subnet-aware routing: overriding dev 4 with dev 0
node2:66:76 [0] NCCL INFO NET/IB: Subnet-aware routing: overriding dev 4 with dev 1
node2:66:76 [0] NCCL INFO NET/IB: ncclIbReceiverQpsCreateToRts: QP created: port=1 dev=1 devName=rocep1s0f1 ndevs=4 nmdevs=6 qp_num=39546 pkey=0 pd=0xf788d0242a80 oooRq=0
node2:66:76 [0] NCCL INFO NET/IB: ncclIbReceiverQpsCreateToRts: QP created: port=1 dev=1 devName=rocep1s0f1 ndevs=4 nmdevs=6 qp_num=39547 pkey=0 pd=0xf788d0242a80 oooRq=0
node2:66:76 [0] NCCL INFO NET/IB: ncclIbReceiverQpsCreateToRts: Flush QP created: port=1 dev=1 devName=rocep1s0f1 ndevs=4 nmdevs=6 qp_num=39548 pkey=0 pd=0xf788d0242a80
node2:66:76 [0] NCCL INFO NET/IB: Subnet-aware routing: overriding dev 5 with dev 2
node2:66:76 [0] NCCL INFO NET/IB: ncclIbResiliencyInit: Resiliency is disabled on the send communicator (comm=0xf788d16f6000)
node2:66:76 [0] NCCL INFO NET/IB: Subnet-aware routing: overriding dev 5 with dev 2
node2:66:76 [0] NCCL INFO NET/IB: ncclIbSenderQpsToRts: Set ECE: IbDev 2 Port 1 qp_num 1816 set_ece={supported=1, vendor_id=0x15b3, options=0x30000002, comp_mask=0x0}
node2:66:76 [0] NCCL INFO NET/IB: ncclIbSenderQpsToRts: Set ECE: IbDev 2 Port 1 qp_num 1817 set_ece={supported=1, vendor_id=0x15b3, options=0x30000002, comp_mask=0x0}
node2:66:76 [0] NCCL INFO NET/IB: Subnet-aware routing: overriding dev 4 with dev 0
node2:66:76 [0] NCCL INFO NET/IB: ncclIbSenderQpsToRts: Set ECE: IbDev 0 Port 1 qp_num 40580 set_ece={supported=1, vendor_id=0x15b3, options=0x30000002, comp_mask=0x0}
node2:66:76 [0] NCCL INFO NET/IB: ncclIbSenderQpsToRts: Set ECE: IbDev 0 Port 1 qp_num 40581 set_ece={supported=1, vendor_id=0x15b3, options=0x30000002, comp_mask=0x0}
node2:66:76 [0] NCCL INFO NET/IB: Subnet-aware routing: overriding dev 5 with dev 2
node2:66:76 [0] NCCL INFO NET/IB: ncclIbSenderQpsCreate: QP created: port=1 dev=2 devName=roceP2p1s0f0 ndevs=4 nmdevs=6 qp_num=1818 pkey=0 pd=0xf788d01b9b00 oooRq=0
node2:66:76 [0] NCCL INFO NET/IB: ncclIbSenderQpsCreate: QP created: port=1 dev=2 devName=roceP2p1s0f0 ndevs=4 nmdevs=6 qp_num=1819 pkey=0 pd=0xf788d01b9b00 oooRq=0
node2:66:76 [0] NCCL INFO NET/IB: ncclIbConnectImpl: NCCL Dev 2 IbDev 2 Port 1 qp_num 1818 mtu 5 GID 3 (0/26FA8C0FFFF0000) ctsFifoRkey=0x18a09b ctsFifoLkey=0x18a09b
node2:66:76 [0] NCCL INFO NET/IB: ncclIbConnectImpl: IbDev 2 Port 1 qp_num 1818 query_ece={supported=1, vendor_id=0x15b3, options=0x30000002, comp_mask=0x0}
node2:66:76 [0] NCCL INFO NET/IB: ncclIbConnectImpl: NCCL Dev 2 IbDev 2 Port 1 qp_num 1819 mtu 5 GID 3 (0/26FA8C0FFFF0000) ctsFifoRkey=0x18a09b ctsFifoLkey=0x18a09b
node2:66:76 [0] NCCL INFO NET/IB: ncclIbConnectImpl: IbDev 2 Port 1 qp_num 1819 query_ece={supported=1, vendor_id=0x15b3, options=0x30000002, comp_mask=0x0}
node2:66:76 [0] NCCL INFO NET/IB: Subnet-aware routing: overriding dev 4 with dev 0
node2:66:76 [0] NCCL INFO NET/IB: Subnet-aware routing: overriding dev 5 with dev 2
node2:66:76 [0] NCCL INFO NET/IB: ncclIbResiliencyInit: Resiliency is disabled on the recv communicator (comm=0xf788d178f000)
node2:66:76 [0] NCCL INFO NET/IB: ncclIbRecvCommInit: Receive work requests will be posted on-demand
node2:66:76 [0] NCCL INFO NET/IB: Subnet-aware routing: overriding dev 5 with dev 2
node2:66:76 [0] NCCL INFO NET/IB: Subnet-aware routing: overriding dev 4 with dev 0
node2:66:76 [0] NCCL INFO NET/IB: Subnet-aware routing: overriding dev 5 with dev 2
node2:66:76 [0] NCCL INFO NET/IB: Subnet-aware routing: overriding dev 4 with dev 0
node2:66:76 [0] NCCL INFO NET/IB: ncclIbResiliencyInit: Resiliency is disabled on the send communicator (comm=0xf788d17d7000)
node2:66:76 [0] NCCL INFO NET/IB: Subnet-aware routing: overriding dev 5 with dev 2
node2:66:76 [0] NCCL INFO NET/IB: Subnet-aware routing: overriding dev 4 with dev 0
node2:66:76 [0] NCCL INFO NET/IB: Subnet-aware routing: overriding dev 5 with dev 2
node2:66:76 [0] NCCL INFO NET/IB: Subnet-aware routing: overriding dev 4 with dev 0
node2:66:76 [0] NCCL INFO NET/IB: ncclIbResiliencyInit: Resiliency is disabled on the recv communicator (comm=0xf788d181b000)
node2:66:76 [0] NCCL INFO NET/IB: ncclIbRecvCommInit: Receive work requests will be posted on-demand
node2:66:76 [0] NCCL INFO NET/IB: Subnet-aware routing: overriding dev 5 with dev 2
node2:66:76 [0] NCCL INFO NET/IB: Subnet-aware routing: overriding dev 4 with dev 0
node2:66:76 [0] NCCL INFO NET/IB: Subnet-aware routing: overriding dev 5 with dev 2
node2:66:76 [0] NCCL INFO NET/IB: Subnet-aware routing: overriding dev 4 with dev 0
node2:66:76 [0] NCCL INFO NET/IB: Subnet-aware routing: overriding dev 5 with dev 2
node2:66:76 [0] NCCL INFO NET/IB: ncclIbResiliencyInit: Resiliency is disabled on the send communicator (comm=0xf788d1863000)
node2:66:76 [0] NCCL INFO NET/IB: Subnet-aware routing: overriding dev 5 with dev 2
node2:66:76 [0] NCCL INFO NET/IB: Subnet-aware routing: overriding dev 4 with dev 0
node2:66:76 [0] NCCL INFO NET/IB: Subnet-aware routing: overriding dev 5 with dev 2
node2:66:76 [0] NCCL INFO NET/IB: Subnet-aware routing: overriding dev 5 with dev 3
node2:66:76 [0] NCCL INFO NET/IB: ncclIbReceiverQpsCreateToRts: QP created: port=1 dev=3 devName=roceP2p1s0f1 ndevs=4 nmdevs=6 qp_num=2147 pkey=0 pd=0xf788d0164e50 oooRq=0
node2:66:76 [0] NCCL INFO NET/IB: ncclIbReceiverQpsCreateToRts: QP created: port=1 dev=3 devName=roceP2p1s0f1 ndevs=4 nmdevs=6 qp_num=2148 pkey=0 pd=0xf788d0164e50 oooRq=0
node2:66:76 [0] NCCL INFO NET/IB: ncclIbReceiverQpsCreateToRts: Flush QP created: port=1 dev=3 devName=roceP2p1s0f1 ndevs=4 nmdevs=6 qp_num=2149 pkey=0 pd=0xf788d0164e50
node2:66:76 [0] NCCL INFO NET/IB: Subnet-aware routing: overriding dev 4 with dev 0
node2:66:76 [0] NCCL INFO NET/IB: Subnet-aware routing: overriding dev 4 with dev 1
node2:66:76 [0] NCCL INFO NET/IB: ncclIbReceiverQpsCreateToRts: QP created: port=1 dev=1 devName=rocep1s0f1 ndevs=4 nmdevs=6 qp_num=39549 pkey=0 pd=0xf788d0242a80 oooRq=0
node2:66:76 [0] NCCL INFO NET/IB: ncclIbReceiverQpsCreateToRts: QP created: port=1 dev=1 devName=rocep1s0f1 ndevs=4 nmdevs=6 qp_num=39550 pkey=0 pd=0xf788d0242a80 oooRq=0
node2:66:76 [0] NCCL INFO NET/IB: ncclIbReceiverQpsCreateToRts: Flush QP created: port=1 dev=1 devName=rocep1s0f1 ndevs=4 nmdevs=6 qp_num=39551 pkey=0 pd=0xf788d0242a80
node2:66:76 [0] NCCL INFO NET/IB: Subnet-aware routing: overriding dev 5 with dev 2
node2:66:76 [0] NCCL INFO NET/IB: ncclIbResiliencyInit: Resiliency is disabled on the recv communicator (comm=0xf788d199d000)
node2:66:76 [0] NCCL INFO NET/IB: ncclIbRecvCommInit: Receive work requests will be posted on-demand
node2:66:76 [0] NCCL INFO NET/IB: Subnet-aware routing: overriding dev 5 with dev 2
node2:66:76 [0] NCCL INFO NET/IB: ncclIbSenderQpsToRts: Set ECE: IbDev 2 Port 1 qp_num 1818 set_ece={supported=1, vendor_id=0x15b3, options=0x30000002, comp_mask=0x0}
node2:66:76 [0] NCCL INFO NET/IB: ncclIbSenderQpsToRts: Set ECE: IbDev 2 Port 1 qp_num 1819 set_ece={supported=1, vendor_id=0x15b3, options=0x30000002, comp_mask=0x0}
node2:66:76 [0] NCCL INFO NET/IB: Subnet-aware routing: overriding dev 4 with dev 0
node2:66:76 [0] NCCL INFO NET/IB: ncclIbSenderQpsCreate: QP created: port=1 dev=0 devName=rocep1s0f0 ndevs=4 nmdevs=6 qp_num=40582 pkey=0 pd=0xf788d007dc30 oooRq=0
node2:66:76 [0] NCCL INFO NET/IB: ncclIbSenderQpsCreate: QP created: port=1 dev=0 devName=rocep1s0f0 ndevs=4 nmdevs=6 qp_num=40583 pkey=0 pd=0xf788d007dc30 oooRq=0
node2:66:76 [0] NCCL INFO NET/IB: ncclIbConnectImpl: NCCL Dev 0 IbDev 0 Port 1 qp_num 40582 mtu 5 GID 6 (0/265A8C0FFFF0000) ctsFifoRkey=0x15c278 ctsFifoLkey=0x15c278
node2:66:76 [0] NCCL INFO NET/IB: ncclIbConnectImpl: IbDev 0 Port 1 qp_num 40582 query_ece={supported=1, vendor_id=0x15b3, options=0x30000002, comp_mask=0x0}
node2:66:76 [0] NCCL INFO NET/IB: ncclIbConnectImpl: NCCL Dev 0 IbDev 0 Port 1 qp_num 40583 mtu 5 GID 6 (0/265A8C0FFFF0000) ctsFifoRkey=0x15c278 ctsFifoLkey=0x15c278
node2:66:76 [0] NCCL INFO NET/IB: ncclIbConnectImpl: IbDev 0 Port 1 qp_num 40583 query_ece={supported=1, vendor_id=0x15b3, options=0x30000002, comp_mask=0x0}
node2:66:76 [0] NCCL INFO NET/IB: Subnet-aware routing: overriding dev 5 with dev 2
node2:66:76 [0] NCCL INFO NET/IB: Subnet-aware routing: overriding dev 4 with dev 0
node2:66:76 [0] NCCL INFO NET/IB: Subnet-aware routing: overriding dev 5 with dev 2
node2:66:76 [0] NCCL INFO NET/IB: Subnet-aware routing: overriding dev 5 with dev 3
node2:66:76 [0] NCCL INFO NET/IB: ncclIbReceiverQpsCreateToRts: QP created: port=1 dev=3 devName=roceP2p1s0f1 ndevs=4 nmdevs=6 qp_num=2150 pkey=0 pd=0xf788d0164e50 oooRq=0
node2:66:76 [0] NCCL INFO NET/IB: ncclIbReceiverQpsCreateToRts: QP created: port=1 dev=3 devName=roceP2p1s0f1 ndevs=4 nmdevs=6 qp_num=2151 pkey=0 pd=0xf788d0164e50 oooRq=0
node2:66:76 [0] NCCL INFO NET/IB: ncclIbReceiverQpsCreateToRts: Flush QP created: port=1 dev=3 devName=roceP2p1s0f1 ndevs=4 nmdevs=6 qp_num=2152 pkey=0 pd=0xf788d0164e50
node2:66:76 [0] NCCL INFO NET/IB: Subnet-aware routing: overriding dev 4 with dev 0
node2:66:76 [0] NCCL INFO NET/IB: ncclIbResiliencyInit: Resiliency is disabled on the send communicator (comm=0xf788d1ab6000)
node2:66:76 [0] NCCL INFO NET/IB: Subnet-aware routing: overriding dev 4 with dev 0
node2:66:76 [0] NCCL INFO NET/IB: ncclIbSenderQpsToRts: Set ECE: IbDev 0 Port 1 qp_num 40582 set_ece={supported=1, vendor_id=0x15b3, options=0x30000002, comp_mask=0x0}
node2:66:76 [0] NCCL INFO NET/IB: ncclIbSenderQpsToRts: Set ECE: IbDev 0 Port 1 qp_num 40583 set_ece={supported=1, vendor_id=0x15b3, options=0x30000002, comp_mask=0x0}
node2:66:76 [0] NCCL INFO NET/IB: Subnet-aware routing: overriding dev 5 with dev 2
node2:66:76 [0] NCCL INFO NET/IB: ncclIbSenderQpsCreate: QP created: port=1 dev=2 devName=roceP2p1s0f0 ndevs=4 nmdevs=6 qp_num=1820 pkey=0 pd=0xf788d01b9b00 oooRq=0
node2:66:76 [0] NCCL INFO NET/IB: ncclIbSenderQpsCreate: QP created: port=1 dev=2 devName=roceP2p1s0f0 ndevs=4 nmdevs=6 qp_num=1821 pkey=0 pd=0xf788d01b9b00 oooRq=0
node2:66:76 [0] NCCL INFO NET/IB: ncclIbConnectImpl: NCCL Dev 2 IbDev 2 Port 1 qp_num 1820 mtu 5 GID 3 (0/26FA8C0FFFF0000) ctsFifoRkey=0x19797b ctsFifoLkey=0x19797b
node2:66:76 [0] NCCL INFO NET/IB: ncclIbConnectImpl: IbDev 2 Port 1 qp_num 1820 query_ece={supported=1, vendor_id=0x15b3, options=0x30000002, comp_mask=0x0}
node2:66:76 [0] NCCL INFO NET/IB: ncclIbConnectImpl: NCCL Dev 2 IbDev 2 Port 1 qp_num 1821 mtu 5 GID 3 (0/26FA8C0FFFF0000) ctsFifoRkey=0x19797b ctsFifoLkey=0x19797b
node2:66:76 [0] NCCL INFO NET/IB: ncclIbConnectImpl: IbDev 2 Port 1 qp_num 1821 query_ece={supported=1, vendor_id=0x15b3, options=0x30000002, comp_mask=0x0}
node2:66:76 [0] NCCL INFO NET/IB: Subnet-aware routing: overriding dev 4 with dev 0
node2:66:76 [0] NCCL INFO NET/IB: ncclIbSenderQpsCreate: QP created: port=1 dev=0 devName=rocep1s0f0 ndevs=4 nmdevs=6 qp_num=40584 pkey=0 pd=0xf788d007dc30 oooRq=0
node2:66:76 [0] NCCL INFO NET/IB: ncclIbSenderQpsCreate: QP created: port=1 dev=0 devName=rocep1s0f0 ndevs=4 nmdevs=6 qp_num=40585 pkey=0 pd=0xf788d007dc30 oooRq=0
node2:66:76 [0] NCCL INFO NET/IB: ncclIbConnectImpl: NCCL Dev 0 IbDev 0 Port 1 qp_num 40584 mtu 5 GID 6 (0/265A8C0FFFF0000) ctsFifoRkey=0x1410cd ctsFifoLkey=0x1410cd
node2:66:76 [0] NCCL INFO NET/IB: ncclIbConnectImpl: IbDev 0 Port 1 qp_num 40584 query_ece={supported=1, vendor_id=0x15b3, options=0x30000002, comp_mask=0x0}
node2:66:76 [0] NCCL INFO NET/IB: ncclIbConnectImpl: NCCL Dev 0 IbDev 0 Port 1 qp_num 40585 mtu 5 GID 6 (0/265A8C0FFFF0000) ctsFifoRkey=0x1410cd ctsFifoLkey=0x1410cd
node2:66:76 [0] NCCL INFO NET/IB: ncclIbConnectImpl: IbDev 0 Port 1 qp_num 40585 query_ece={supported=1, vendor_id=0x15b3, options=0x30000002, comp_mask=0x0}
node2:66:76 [0] NCCL INFO NET/IB: Subnet-aware routing: overriding dev 5 with dev 2
node2:66:76 [0] NCCL INFO NET/IB: Subnet-aware routing: overriding dev 4 with dev 0
node2:66:76 [0] NCCL INFO NET/IB: ncclIbResiliencyInit: Resiliency is disabled on the recv communicator (comm=0xf788d1bac000)
node2:66:76 [0] NCCL INFO NET/IB: ncclIbRecvCommInit: Receive work requests will be posted on-demand
node2:66:76 [0] NCCL INFO NET/IB: Subnet-aware routing: overriding dev 5 with dev 2
node2:66:76 [0] NCCL INFO NET/IB: Subnet-aware routing: overriding dev 4 with dev 0
node2:66:76 [0] NCCL INFO NET/IB: Subnet-aware routing: overriding dev 5 with dev 2
node2:66:76 [0] NCCL INFO NET/IB: Subnet-aware routing: overriding dev 4 with dev 0
node2:66:76 [0] NCCL INFO NET/IB: Subnet-aware routing: overriding dev 5 with dev 2
node2:66:76 [0] NCCL INFO NET/IB: ncclIbResiliencyInit: Resiliency is disabled on the send communicator (comm=0xf788d1bf4000)
node2:66:76 [0] NCCL INFO NET/IB: Subnet-aware routing: overriding dev 5 with dev 2
node2:66:76 [0] NCCL INFO NET/IB: ncclIbSenderQpsToRts: Set ECE: IbDev 2 Port 1 qp_num 1820 set_ece={supported=1, vendor_id=0x15b3, options=0x30000002, comp_mask=0x0}
node2:66:76 [0] NCCL INFO NET/IB: ncclIbSenderQpsToRts: Set ECE: IbDev 2 Port 1 qp_num 1821 set_ece={supported=1, vendor_id=0x15b3, options=0x30000002, comp_mask=0x0}
node2:66:76 [0] NCCL INFO NET/IB: Subnet-aware routing: overriding dev 4 with dev 0
node2:66:76 [0] NCCL INFO NET/IB: ncclIbSenderQpsToRts: Set ECE: IbDev 0 Port 1 qp_num 40584 set_ece={supported=1, vendor_id=0x15b3, options=0x30000002, comp_mask=0x0}
node2:66:76 [0] NCCL INFO NET/IB: ncclIbSenderQpsToRts: Set ECE: IbDev 0 Port 1 qp_num 40585 set_ece={supported=1, vendor_id=0x15b3, options=0x30000002, comp_mask=0x0}
node2:66:76 [0] NCCL INFO NET/IB: Subnet-aware routing: overriding dev 5 with dev 2
node2:66:76 [0] NCCL INFO NET/IB: Subnet-aware routing: overriding dev 4 with dev 0
node2:66:76 [0] NCCL INFO NET/IB: Subnet-aware routing: overriding dev 4 with dev 1
node2:66:76 [0] NCCL INFO NET/IB: ncclIbReceiverQpsCreateToRts: QP created: port=1 dev=1 devName=rocep1s0f1 ndevs=4 nmdevs=6 qp_num=39552 pkey=0 pd=0xf788d0242a80 oooRq=0
node2:66:76 [0] NCCL INFO NET/IB: ncclIbReceiverQpsCreateToRts: QP created: port=1 dev=1 devName=rocep1s0f1 ndevs=4 nmdevs=6 qp_num=39553 pkey=0 pd=0xf788d0242a80 oooRq=0
node2:66:76 [0] NCCL INFO NET/IB: ncclIbReceiverQpsCreateToRts: Flush QP created: port=1 dev=1 devName=rocep1s0f1 ndevs=4 nmdevs=6 qp_num=39554 pkey=0 pd=0xf788d0242a80
node2:66:76 [0] NCCL INFO NET/IB: Subnet-aware routing: overriding dev 5 with dev 2
node2:66:76 [0] NCCL INFO NET/IB: ncclIbResiliencyInit: Resiliency is disabled on the recv communicator (comm=0xf788d1caf000)
node2:66:76 [0] NCCL INFO NET/IB: ncclIbRecvCommInit: Receive work requests will be posted on-demand
node2:66:76 [0] NCCL INFO NET/IB: Subnet-aware routing: overriding dev 5 with dev 2
node2:66:76 [0] NCCL INFO NET/IB: Subnet-aware routing: overriding dev 4 with dev 0
node2:66:76 [0] NCCL INFO NET/IB: Subnet-aware routing: overriding dev 5 with dev 2
node2:66:76 [0] NCCL INFO NET/IB: Subnet-aware routing: overriding dev 4 with dev 0
node2:66:76 [0] NCCL INFO NET/IB: ncclIbResiliencyInit: Resiliency is disabled on the send communicator (comm=0xf788d1cf7000)
node2:66:76 [0] NCCL INFO NET/IB: Subnet-aware routing: overriding dev 5 with dev 2
node2:66:76 [0] NCCL INFO NET/IB: Subnet-aware routing: overriding dev 4 with dev 0
node2:66:76 [0] NCCL INFO NET/IB: Subnet-aware routing: overriding dev 5 with dev 2
node2:66:76 [0] NCCL INFO NET/IB: Subnet-aware routing: overriding dev 4 with dev 0
node2:66:76 [0] NCCL INFO NET/IB: ncclIbResiliencyInit: Resiliency is disabled on the recv communicator (comm=0xf788d1d3b000)
node2:66:76 [0] NCCL INFO NET/IB: ncclIbRecvCommInit: Receive work requests will be posted on-demand
node2:66:76 [0] NCCL INFO NET/IB: Subnet-aware routing: overriding dev 5 with dev 2
node2:66:76 [0] NCCL INFO NET/IB: Subnet-aware routing: overriding dev 4 with dev 0
node2:66:76 [0] NCCL INFO NET/IB: Subnet-aware routing: overriding dev 5 with dev 2
node2:66:76 [0] NCCL INFO NET/IB: Subnet-aware routing: overriding dev 4 with dev 0
node2:66:76 [0] NCCL INFO NET/IB: Subnet-aware routing: overriding dev 5 with dev 2
node2:66:76 [0] NCCL INFO NET/IB: ncclIbResiliencyInit: Resiliency is disabled on the send communicator (comm=0xf788d1d83000)
node2:66:76 [0] NCCL INFO NET/IB: Subnet-aware routing: overriding dev 5 with dev 2
node2:66:76 [0] NCCL INFO NET/IB: Subnet-aware routing: overriding dev 4 with dev 0
node2:66:76 [0] NCCL INFO NET/IB: Subnet-aware routing: overriding dev 5 with dev 2
node2:66:76 [0] NCCL INFO NET/IB: Subnet-aware routing: overriding dev 5 with dev 3
node2:66:76 [0] NCCL INFO NET/IB: ncclIbReceiverQpsCreateToRts: QP created: port=1 dev=3 devName=roceP2p1s0f1 ndevs=4 nmdevs=6 qp_num=2153 pkey=0 pd=0xf788d0164e50 oooRq=0
node2:66:76 [0] NCCL INFO NET/IB: ncclIbReceiverQpsCreateToRts: QP created: port=1 dev=3 devName=roceP2p1s0f1 ndevs=4 nmdevs=6 qp_num=2154 pkey=0 pd=0xf788d0164e50 oooRq=0
node2:66:76 [0] NCCL INFO NET/IB: ncclIbReceiverQpsCreateToRts: Flush QP created: port=1 dev=3 devName=roceP2p1s0f1 ndevs=4 nmdevs=6 qp_num=2155 pkey=0 pd=0xf788d0164e50
node2:66:76 [0] NCCL INFO NET/IB: Subnet-aware routing: overriding dev 4 with dev 0
node2:66:76 [0] NCCL INFO NET/IB: Subnet-aware routing: overriding dev 4 with dev 1
node2:66:76 [0] NCCL INFO NET/IB: ncclIbReceiverQpsCreateToRts: QP created: port=1 dev=1 devName=rocep1s0f1 ndevs=4 nmdevs=6 qp_num=39555 pkey=0 pd=0xf788d0242a80 oooRq=0
node2:66:76 [0] NCCL INFO NET/IB: ncclIbReceiverQpsCreateToRts: QP created: port=1 dev=1 devName=rocep1s0f1 ndevs=4 nmdevs=6 qp_num=39556 pkey=0 pd=0xf788d0242a80 oooRq=0
node2:66:76 [0] NCCL INFO NET/IB: ncclIbReceiverQpsCreateToRts: Flush QP created: port=1 dev=1 devName=rocep1s0f1 ndevs=4 nmdevs=6 qp_num=39557 pkey=0 pd=0xf788d0242a80
node2:66:76 [0] NCCL INFO NET/IB: Subnet-aware routing: overriding dev 5 with dev 2
node2:66:76 [0] NCCL INFO NET/IB: ncclIbResiliencyInit: Resiliency is disabled on the recv communicator (comm=0xf788d1eba000)
node2:66:76 [0] NCCL INFO NET/IB: ncclIbRecvCommInit: Receive work requests will be posted on-demand
node2:66:76 [0] NCCL INFO NET/IB: Subnet-aware routing: overriding dev 5 with dev 2
node2:66:76 [0] NCCL INFO NET/IB: ncclIbSenderQpsCreate: QP created: port=1 dev=2 devName=roceP2p1s0f0 ndevs=4 nmdevs=6 qp_num=1822 pkey=0 pd=0xf788d01b9b00 oooRq=0
node2:66:76 [0] NCCL INFO NET/IB: ncclIbSenderQpsCreate: QP created: port=1 dev=2 devName=roceP2p1s0f0 ndevs=4 nmdevs=6 qp_num=1823 pkey=0 pd=0xf788d01b9b00 oooRq=0
node2:66:76 [0] NCCL INFO NET/IB: ncclIbConnectImpl: NCCL Dev 2 IbDev 2 Port 1 qp_num 1822 mtu 5 GID 3 (0/26FA8C0FFFF0000) ctsFifoRkey=0x18c7c2 ctsFifoLkey=0x18c7c2
node2:66:76 [0] NCCL INFO NET/IB: ncclIbConnectImpl: IbDev 2 Port 1 qp_num 1822 query_ece={supported=1, vendor_id=0x15b3, options=0x30000002, comp_mask=0x0}
node2:66:76 [0] NCCL INFO NET/IB: ncclIbConnectImpl: NCCL Dev 2 IbDev 2 Port 1 qp_num 1823 mtu 5 GID 3 (0/26FA8C0FFFF0000) ctsFifoRkey=0x18c7c2 ctsFifoLkey=0x18c7c2
node2:66:76 [0] NCCL INFO NET/IB: ncclIbConnectImpl: IbDev 2 Port 1 qp_num 1823 query_ece={supported=1, vendor_id=0x15b3, options=0x30000002, comp_mask=0x0}
node2:66:76 [0] NCCL INFO NET/IB: Subnet-aware routing: overriding dev 4 with dev 0
node2:66:76 [0] NCCL INFO NET/IB: ncclIbSenderQpsCreate: QP created: port=1 dev=0 devName=rocep1s0f0 ndevs=4 nmdevs=6 qp_num=40586 pkey=0 pd=0xf788d007dc30 oooRq=0
node2:66:76 [0] NCCL INFO NET/IB: ncclIbSenderQpsCreate: QP created: port=1 dev=0 devName=rocep1s0f0 ndevs=4 nmdevs=6 qp_num=40587 pkey=0 pd=0xf788d007dc30 oooRq=0
node2:66:76 [0] NCCL INFO NET/IB: ncclIbConnectImpl: NCCL Dev 0 IbDev 0 Port 1 qp_num 40586 mtu 5 GID 6 (0/265A8C0FFFF0000) ctsFifoRkey=0x1619d5 ctsFifoLkey=0x1619d5
node2:66:76 [0] NCCL INFO NET/IB: ncclIbConnectImpl: IbDev 0 Port 1 qp_num 40586 query_ece={supported=1, vendor_id=0x15b3, options=0x30000002, comp_mask=0x0}
node2:66:76 [0] NCCL INFO NET/IB: ncclIbConnectImpl: NCCL Dev 0 IbDev 0 Port 1 qp_num 40587 mtu 5 GID 6 (0/265A8C0FFFF0000) ctsFifoRkey=0x1619d5 ctsFifoLkey=0x1619d5
node2:66:76 [0] NCCL INFO NET/IB: ncclIbConnectImpl: IbDev 0 Port 1 qp_num 40587 query_ece={supported=1, vendor_id=0x15b3, options=0x30000002, comp_mask=0x0}
node2:66:76 [0] NCCL INFO NET/IB: Subnet-aware routing: overriding dev 5 with dev 2
node2:66:76 [0] NCCL INFO NET/IB: Subnet-aware routing: overriding dev 4 with dev 0
node2:66:76 [0] NCCL INFO NET/IB: Subnet-aware routing: overriding dev 5 with dev 2
node2:66:76 [0] NCCL INFO NET/IB: Subnet-aware routing: overriding dev 5 with dev 3
node2:66:76 [0] NCCL INFO NET/IB: ncclIbReceiverQpsCreateToRts: QP created: port=1 dev=3 devName=roceP2p1s0f1 ndevs=4 nmdevs=6 qp_num=2156 pkey=0 pd=0xf788d0164e50 oooRq=0
node2:66:76 [0] NCCL INFO NET/IB: ncclIbReceiverQpsCreateToRts: QP created: port=1 dev=3 devName=roceP2p1s0f1 ndevs=4 nmdevs=6 qp_num=2157 pkey=0 pd=0xf788d0164e50 oooRq=0
node2:66:76 [0] NCCL INFO NET/IB: ncclIbReceiverQpsCreateToRts: Flush QP created: port=1 dev=3 devName=roceP2p1s0f1 ndevs=4 nmdevs=6 qp_num=2158 pkey=0 pd=0xf788d0164e50
node2:66:76 [0] NCCL INFO NET/IB: Subnet-aware routing: overriding dev 4 with dev 0
node2:66:76 [0] NCCL INFO NET/IB: ncclIbResiliencyInit: Resiliency is disabled on the send communicator (comm=0xf788d202b000)
node2:66:76 [0] NCCL INFO NET/IB: Subnet-aware routing: overriding dev 5 with dev 2
node2:66:76 [0] NCCL INFO NET/IB: ncclIbSenderQpsToRts: Set ECE: IbDev 2 Port 1 qp_num 1822 set_ece={supported=1, vendor_id=0x15b3, options=0x30000002, comp_mask=0x0}
node2:66:76 [0] NCCL INFO NET/IB: ncclIbSenderQpsToRts: Set ECE: IbDev 2 Port 1 qp_num 1823 set_ece={supported=1, vendor_id=0x15b3, options=0x30000002, comp_mask=0x0}
node2:66:76 [0] NCCL INFO NET/IB: Subnet-aware routing: overriding dev 4 with dev 0
node2:66:76 [0] NCCL INFO NET/IB: ncclIbSenderQpsToRts: Set ECE: IbDev 0 Port 1 qp_num 40586 set_ece={supported=1, vendor_id=0x15b3, options=0x30000002, comp_mask=0x0}
node2:66:76 [0] NCCL INFO NET/IB: ncclIbSenderQpsToRts: Set ECE: IbDev 0 Port 1 qp_num 40587 set_ece={supported=1, vendor_id=0x15b3, options=0x30000002, comp_mask=0x0}
node2:66:76 [0] NCCL INFO NET/IB: Subnet-aware routing: overriding dev 5 with dev 2
node2:66:76 [0] NCCL INFO NET/IB: ncclIbSenderQpsCreate: QP created: port=1 dev=2 devName=roceP2p1s0f0 ndevs=4 nmdevs=6 qp_num=1824 pkey=0 pd=0xf788d01b9b00 oooRq=0
node2:66:76 [0] NCCL INFO NET/IB: ncclIbSenderQpsCreate: QP created: port=1 dev=2 devName=roceP2p1s0f0 ndevs=4 nmdevs=6 qp_num=1825 pkey=0 pd=0xf788d01b9b00 oooRq=0
node2:66:76 [0] NCCL INFO NET/IB: ncclIbConnectImpl: NCCL Dev 2 IbDev 2 Port 1 qp_num 1824 mtu 5 GID 3 (0/26FA8C0FFFF0000) ctsFifoRkey=0x18bcbb ctsFifoLkey=0x18bcbb
node2:66:76 [0] NCCL INFO NET/IB: ncclIbConnectImpl: IbDev 2 Port 1 qp_num 1824 query_ece={supported=1, vendor_id=0x15b3, options=0x30000002, comp_mask=0x0}
node2:66:76 [0] NCCL INFO NET/IB: ncclIbConnectImpl: NCCL Dev 2 IbDev 2 Port 1 qp_num 1825 mtu 5 GID 3 (0/26FA8C0FFFF0000) ctsFifoRkey=0x18bcbb ctsFifoLkey=0x18bcbb
node2:66:76 [0] NCCL INFO NET/IB: ncclIbConnectImpl: IbDev 2 Port 1 qp_num 1825 query_ece={supported=1, vendor_id=0x15b3, options=0x30000002, comp_mask=0x0}
node2:66:76 [0] NCCL INFO NET/IB: Subnet-aware routing: overriding dev 4 with dev 0
node2:66:76 [0] NCCL INFO NET/IB: Subnet-aware routing: overriding dev 5 with dev 2
node2:66:76 [0] NCCL INFO NET/IB: Subnet-aware routing: overriding dev 4 with dev 0
node2:66:76 [0] NCCL INFO NET/IB: ncclIbResiliencyInit: Resiliency is disabled on the recv communicator (comm=0xf788d20c3000)
node2:66:76 [0] NCCL INFO NET/IB: ncclIbRecvCommInit: Receive work requests will be posted on-demand
node2:66:76 [0] NCCL INFO NET/IB: Subnet-aware routing: overriding dev 5 with dev 2
node2:66:76 [0] NCCL INFO NET/IB: Subnet-aware routing: overriding dev 4 with dev 0
node2:66:76 [0] NCCL INFO NET/IB: Subnet-aware routing: overriding dev 5 with dev 2
node2:66:76 [0] NCCL INFO NET/IB: Subnet-aware routing: overriding dev 4 with dev 0
node2:66:76 [0] NCCL INFO NET/IB: Subnet-aware routing: overriding dev 5 with dev 2
node2:66:76 [0] NCCL INFO NET/IB: ncclIbResiliencyInit: Resiliency is disabled on the send communicator (comm=0xf788d210b000)
node2:66:76 [0] NCCL INFO NET/IB: Subnet-aware routing: overriding dev 5 with dev 2
node2:66:76 [0] NCCL INFO NET/IB: Subnet-aware routing: overriding dev 4 with dev 0
node2:66:76 [0] NCCL INFO NET/IB: Subnet-aware routing: overriding dev 5 with dev 2
node2:66:76 [0] NCCL INFO NET/IB: Subnet-aware routing: overriding dev 4 with dev 0
node2:66:76 [0] NCCL INFO NET/IB: Subnet-aware routing: overriding dev 5 with dev 2
node2:66:76 [0] NCCL INFO NET/IB: ncclIbResiliencyInit: Resiliency is disabled on the recv communicator (comm=0xf788d214f000)
node2:66:76 [0] NCCL INFO NET/IB: ncclIbRecvCommInit: Receive work requests will be posted on-demand
node2:66:76 [0] NCCL INFO NET/IB: Subnet-aware routing: overriding dev 5 with dev 2
node2:66:76 [0] NCCL INFO NET/IB: Subnet-aware routing: overriding dev 4 with dev 0
node2:66:76 [0] NCCL INFO NET/IB: Subnet-aware routing: overriding dev 5 with dev 2
node2:66:76 [0] NCCL INFO NET/IB: Subnet-aware routing: overriding dev 4 with dev 0
node2:66:76 [0] NCCL INFO NET/IB: Subnet-aware routing: overriding dev 5 with dev 2
node2:66:76 [0] NCCL INFO NET/IB: Subnet-aware routing: overriding dev 4 with dev 0
node2:66:76 [0] NCCL INFO NET/IB: ncclIbResiliencyInit: Resiliency is disabled on the send communicator (comm=0xf788d2197000)
node2:66:76 [0] NCCL INFO NET/IB: Subnet-aware routing: overriding dev 5 with dev 2
node2:66:76 [0] NCCL INFO NET/IB: Subnet-aware routing: overriding dev 4 with dev 0
node2:66:76 [0] NCCL INFO NET/IB: ncclIbSenderQpsCreate: QP created: port=1 dev=0 devName=rocep1s0f0 ndevs=4 nmdevs=6 qp_num=40588 pkey=0 pd=0xf788d007dc30 oooRq=0
node2:66:76 [0] NCCL INFO NET/IB: ncclIbSenderQpsCreate: QP created: port=1 dev=0 devName=rocep1s0f0 ndevs=4 nmdevs=6 qp_num=40589 pkey=0 pd=0xf788d007dc30 oooRq=0
node2:66:76 [0] NCCL INFO NET/IB: ncclIbConnectImpl: NCCL Dev 0 IbDev 0 Port 1 qp_num 40588 mtu 5 GID 6 (0/265A8C0FFFF0000) ctsFifoRkey=0x16c382 ctsFifoLkey=0x16c382
node2:66:76 [0] NCCL INFO NET/IB: ncclIbConnectImpl: IbDev 0 Port 1 qp_num 40588 query_ece={supported=1, vendor_id=0x15b3, options=0x30000002, comp_mask=0x0}
node2:66:76 [0] NCCL INFO NET/IB: ncclIbConnectImpl: NCCL Dev 0 IbDev 0 Port 1 qp_num 40589 mtu 5 GID 6 (0/265A8C0FFFF0000) ctsFifoRkey=0x16c382 ctsFifoLkey=0x16c382
node2:66:76 [0] NCCL INFO NET/IB: ncclIbConnectImpl: IbDev 0 Port 1 qp_num 40589 query_ece={supported=1, vendor_id=0x15b3, options=0x30000002, comp_mask=0x0}
node2:66:76 [0] NCCL INFO NET/IB: Subnet-aware routing: overriding dev 5 with dev 2
node2:66:76 [0] NCCL INFO NET/IB: Subnet-aware routing: overriding dev 4 with dev 0
node2:66:76 [0] NCCL INFO NET/IB: Subnet-aware routing: overriding dev 4 with dev 1
node2:66:76 [0] NCCL INFO NET/IB: ncclIbReceiverQpsCreateToRts: QP created: port=1 dev=1 devName=rocep1s0f1 ndevs=4 nmdevs=6 qp_num=39558 pkey=0 pd=0xf788d0242a80 oooRq=0
node2:66:76 [0] NCCL INFO NET/IB: ncclIbReceiverQpsCreateToRts: QP created: port=1 dev=1 devName=rocep1s0f1 ndevs=4 nmdevs=6 qp_num=39559 pkey=0 pd=0xf788d0242a80 oooRq=0
node2:66:76 [0] NCCL INFO NET/IB: ncclIbReceiverQpsCreateToRts: Flush QP created: port=1 dev=1 devName=rocep1s0f1 ndevs=4 nmdevs=6 qp_num=39560 pkey=0 pd=0xf788d0242a80
node2:66:76 [0] NCCL INFO NET/IB: Subnet-aware routing: overriding dev 5 with dev 2
node2:66:76 [0] NCCL INFO NET/IB: Subnet-aware routing: overriding dev 5 with dev 3
node2:66:76 [0] NCCL INFO NET/IB: ncclIbReceiverQpsCreateToRts: QP created: port=1 dev=3 devName=roceP2p1s0f1 ndevs=4 nmdevs=6 qp_num=2159 pkey=0 pd=0xf788d0164e50 oooRq=0
node2:66:76 [0] NCCL INFO NET/IB: ncclIbReceiverQpsCreateToRts: QP created: port=1 dev=3 devName=roceP2p1s0f1 ndevs=4 nmdevs=6 qp_num=2160 pkey=0 pd=0xf788d0164e50 oooRq=0
node2:66:76 [0] NCCL INFO NET/IB: ncclIbReceiverQpsCreateToRts: Flush QP created: port=1 dev=3 devName=roceP2p1s0f1 ndevs=4 nmdevs=6 qp_num=2161 pkey=0 pd=0xf788d0164e50
node2:66:76 [0] NCCL INFO NET/IB: Subnet-aware routing: overriding dev 4 with dev 0
node2:66:76 [0] NCCL INFO NET/IB: ncclIbResiliencyInit: Resiliency is disabled on the recv communicator (comm=0xf788d232a000)
node2:66:76 [0] NCCL INFO NET/IB: ncclIbRecvCommInit: Receive work requests will be posted on-demand
node2:66:76 [0] NCCL INFO NET/IB: Subnet-aware routing: overriding dev 5 with dev 2
node2:66:76 [0] NCCL INFO NET/IB: ncclIbSenderQpsToRts: Set ECE: IbDev 2 Port 1 qp_num 1824 set_ece={supported=1, vendor_id=0x15b3, options=0x30000002, comp_mask=0x0}
node2:66:76 [0] NCCL INFO NET/IB: ncclIbSenderQpsToRts: Set ECE: IbDev 2 Port 1 qp_num 1825 set_ece={supported=1, vendor_id=0x15b3, options=0x30000002, comp_mask=0x0}
node2:66:76 [0] NCCL INFO NET/IB: Subnet-aware routing: overriding dev 4 with dev 0
node2:66:76 [0] NCCL INFO NET/IB: Subnet-aware routing: overriding dev 5 with dev 2
node2:66:76 [0] NCCL INFO NET/IB: Subnet-aware routing: overriding dev 4 with dev 0
node2:66:76 [0] NCCL INFO NET/IB: Subnet-aware routing: overriding dev 5 with dev 2
node2:66:76 [0] NCCL INFO NET/IB: Subnet-aware routing: overriding dev 4 with dev 0
node2:66:76 [0] NCCL INFO NET/IB: Subnet-aware routing: overriding dev 5 with dev 2
node2:66:76 [0] NCCL INFO NET/IB: ncclIbResiliencyInit: Resiliency is disabled on the send communicator (comm=0xf788d2372000)
node2:66:76 [0] NCCL INFO NET/IB: Subnet-aware routing: overriding dev 4 with dev 0
node2:66:76 [0] NCCL INFO NET/IB: ncclIbSenderQpsToRts: Set ECE: IbDev 0 Port 1 qp_num 40588 set_ece={supported=1, vendor_id=0x15b3, options=0x30000002, comp_mask=0x0}
node2:66:76 [0] NCCL INFO NET/IB: ncclIbSenderQpsToRts: Set ECE: IbDev 0 Port 1 qp_num 40589 set_ece={supported=1, vendor_id=0x15b3, options=0x30000002, comp_mask=0x0}
node2:66:76 [0] NCCL INFO NET/IB: Subnet-aware routing: overriding dev 5 with dev 2
node2:66:76 [0] NCCL INFO NET/IB: ncclIbSenderQpsCreate: QP created: port=1 dev=2 devName=roceP2p1s0f0 ndevs=4 nmdevs=6 qp_num=1826 pkey=0 pd=0xf788d01b9b00 oooRq=0
node2:66:76 [0] NCCL INFO NET/IB: ncclIbSenderQpsCreate: QP created: port=1 dev=2 devName=roceP2p1s0f0 ndevs=4 nmdevs=6 qp_num=1827 pkey=0 pd=0xf788d01b9b00 oooRq=0
node2:66:76 [0] NCCL INFO NET/IB: ncclIbConnectImpl: NCCL Dev 2 IbDev 2 Port 1 qp_num 1826 mtu 5 GID 3 (0/26FA8C0FFFF0000) ctsFifoRkey=0x18d4d1 ctsFifoLkey=0x18d4d1
node2:66:76 [0] NCCL INFO NET/IB: ncclIbConnectImpl: IbDev 2 Port 1 qp_num 1826 query_ece={supported=1, vendor_id=0x15b3, options=0x30000002, comp_mask=0x0}
node2:66:76 [0] NCCL INFO NET/IB: ncclIbConnectImpl: NCCL Dev 2 IbDev 2 Port 1 qp_num 1827 mtu 5 GID 3 (0/26FA8C0FFFF0000) ctsFifoRkey=0x18d4d1 ctsFifoLkey=0x18d4d1
node2:66:76 [0] NCCL INFO NET/IB: ncclIbConnectImpl: IbDev 2 Port 1 qp_num 1827 query_ece={supported=1, vendor_id=0x15b3, options=0x30000002, comp_mask=0x0}
node2:66:76 [0] NCCL INFO NET/IB: Subnet-aware routing: overriding dev 4 with dev 0
node2:66:76 [0] NCCL INFO NET/IB: ncclIbSenderQpsCreate: QP created: port=1 dev=0 devName=rocep1s0f0 ndevs=4 nmdevs=6 qp_num=40590 pkey=0 pd=0xf788d007dc30 oooRq=0
node2:66:76 [0] NCCL INFO NET/IB: ncclIbSenderQpsCreate: QP created: port=1 dev=0 devName=rocep1s0f0 ndevs=4 nmdevs=6 qp_num=40591 pkey=0 pd=0xf788d007dc30 oooRq=0
node2:66:76 [0] NCCL INFO NET/IB: ncclIbConnectImpl: NCCL Dev 0 IbDev 0 Port 1 qp_num 40590 mtu 5 GID 6 (0/265A8C0FFFF0000) ctsFifoRkey=0x168a48 ctsFifoLkey=0x168a48
node2:66:76 [0] NCCL INFO NET/IB: ncclIbConnectImpl: IbDev 0 Port 1 qp_num 40590 query_ece={supported=1, vendor_id=0x15b3, options=0x30000002, comp_mask=0x0}
node2:66:76 [0] NCCL INFO NET/IB: ncclIbConnectImpl: NCCL Dev 0 IbDev 0 Port 1 qp_num 40591 mtu 5 GID 6 (0/265A8C0FFFF0000) ctsFifoRkey=0x168a48 ctsFifoLkey=0x168a48
node2:66:76 [0] NCCL INFO NET/IB: ncclIbConnectImpl: IbDev 0 Port 1 qp_num 40591 query_ece={supported=1, vendor_id=0x15b3, options=0x30000002, comp_mask=0x0}
node2:66:76 [0] NCCL INFO NET/IB: Subnet-aware routing: overriding dev 5 with dev 2
node2:66:76 [0] NCCL INFO NET/IB: Subnet-aware routing: overriding dev 4 with dev 0
node2:66:76 [0] NCCL INFO NET/IB: Subnet-aware routing: overriding dev 4 with dev 1
node2:66:76 [0] NCCL INFO NET/IB: ncclIbReceiverQpsCreateToRts: QP created: port=1 dev=1 devName=rocep1s0f1 ndevs=4 nmdevs=6 qp_num=39561 pkey=0 pd=0xf788d0242a80 oooRq=0
node2:66:76 [0] NCCL INFO NET/IB: ncclIbReceiverQpsCreateToRts: QP created: port=1 dev=1 devName=rocep1s0f1 ndevs=4 nmdevs=6 qp_num=39562 pkey=0 pd=0xf788d0242a80 oooRq=0
node2:66:76 [0] NCCL INFO NET/IB: ncclIbReceiverQpsCreateToRts: Flush QP created: port=1 dev=1 devName=rocep1s0f1 ndevs=4 nmdevs=6 qp_num=39563 pkey=0 pd=0xf788d0242a80
node2:66:76 [0] NCCL INFO NET/IB: Subnet-aware routing: overriding dev 5 with dev 2
node2:66:76 [0] NCCL INFO NET/IB: ncclIbResiliencyInit: Resiliency is disabled on the recv communicator (comm=0xf788d24e0000)
node2:66:76 [0] NCCL INFO NET/IB: ncclIbRecvCommInit: Receive work requests will be posted on-demand
node2:66:76 [0] NCCL INFO NET/IB: Subnet-aware routing: overriding dev 5 with dev 2
node2:66:76 [0] NCCL INFO NET/IB: Subnet-aware routing: overriding dev 4 with dev 0
node2:66:76 [0] NCCL INFO NET/IB: Subnet-aware routing: overriding dev 5 with dev 2
node2:66:76 [0] NCCL INFO NET/IB: Subnet-aware routing: overriding dev 4 with dev 0
node2:66:76 [0] NCCL INFO NET/IB: Subnet-aware routing: overriding dev 5 with dev 2
node2:66:76 [0] NCCL INFO NET/IB: Subnet-aware routing: overriding dev 4 with dev 0
node2:66:76 [0] NCCL INFO NET/IB: ncclIbResiliencyInit: Resiliency is disabled on the send communicator (comm=0xf788d2528000)
node2:66:76 [0] NCCL INFO NET/IB: Subnet-aware routing: overriding dev 5 with dev 2
node2:66:76 [0] NCCL INFO NET/IB: ncclIbSenderQpsToRts: Set ECE: IbDev 2 Port 1 qp_num 1826 set_ece={supported=1, vendor_id=0x15b3, options=0x30000002, comp_mask=0x0}
node2:66:76 [0] NCCL INFO NET/IB: ncclIbSenderQpsToRts: Set ECE: IbDev 2 Port 1 qp_num 1827 set_ece={supported=1, vendor_id=0x15b3, options=0x30000002, comp_mask=0x0}
node2:66:76 [0] NCCL INFO NET/IB: Subnet-aware routing: overriding dev 4 with dev 0
node2:66:76 [0] NCCL INFO NET/IB: ncclIbSenderQpsToRts: Set ECE: IbDev 0 Port 1 qp_num 40590 set_ece={supported=1, vendor_id=0x15b3, options=0x30000002, comp_mask=0x0}
node2:66:76 [0] NCCL INFO NET/IB: ncclIbSenderQpsToRts: Set ECE: IbDev 0 Port 1 qp_num 40591 set_ece={supported=1, vendor_id=0x15b3, options=0x30000002, comp_mask=0x0}
node2:66:76 [0] NCCL INFO NET/IB: Subnet-aware routing: overriding dev 5 with dev 2
node2:66:76 [0] NCCL INFO NET/IB: Subnet-aware routing: overriding dev 4 with dev 0
node2:66:76 [0] NCCL INFO NET/IB: Subnet-aware routing: overriding dev 5 with dev 2
node2:66:76 [0] NCCL INFO NET/IB: Subnet-aware routing: overriding dev 5 with dev 3
node2:66:76 [0] NCCL INFO NET/IB: ncclIbReceiverQpsCreateToRts: QP created: port=1 dev=3 devName=roceP2p1s0f1 ndevs=4 nmdevs=6 qp_num=2162 pkey=0 pd=0xf788d0164e50 oooRq=0
node2:66:76 [0] NCCL INFO NET/IB: ncclIbReceiverQpsCreateToRts: QP created: port=1 dev=3 devName=roceP2p1s0f1 ndevs=4 nmdevs=6 qp_num=2163 pkey=0 pd=0xf788d0164e50 oooRq=0
node2:66:76 [0] NCCL INFO NET/IB: ncclIbReceiverQpsCreateToRts: Flush QP created: port=1 dev=3 devName=roceP2p1s0f1 ndevs=4 nmdevs=6 qp_num=2164 pkey=0 pd=0xf788d0164e50
node2:66:76 [0] NCCL INFO NET/IB: Subnet-aware routing: overriding dev 4 with dev 0
node2:66:76 [0] NCCL INFO NET/IB: ncclIbResiliencyInit: Resiliency is disabled on the recv communicator (comm=0xf788d25df000)
node2:66:76 [0] NCCL INFO NET/IB: ncclIbRecvCommInit: Receive work requests will be posted on-demand
node2:66:76 [0] NCCL INFO NET/IB: Subnet-aware routing: overriding dev 5 with dev 2
node2:66:76 [0] NCCL INFO NET/IB: Subnet-aware routing: overriding dev 4 with dev 0
node2:66:76 [0] NCCL INFO NET/IB: Subnet-aware routing: overriding dev 5 with dev 2
node2:66:76 [0] NCCL INFO NET/IB: Subnet-aware routing: overriding dev 4 with dev 0
node2:66:76 [0] NCCL INFO NET/IB: Subnet-aware routing: overriding dev 5 with dev 2
node2:66:76 [0] NCCL INFO NET/IB: ncclIbResiliencyInit: Resiliency is disabled on the send communicator (comm=0xf788d2627000)
node2:66:76 [0] NCCL INFO NET/IB: Subnet-aware routing: overriding dev 5 with dev 2
node2:66:76 [0] NCCL INFO NET/IB: Subnet-aware routing: overriding dev 4 with dev 0
node2:66:76 [0] NCCL INFO NET/IB: Subnet-aware routing: overriding dev 5 with dev 2
node2:66:76 [0] NCCL INFO NET/IB: Subnet-aware routing: overriding dev 4 with dev 0
node2:66:76 [0] NCCL INFO NET/IB: Subnet-aware routing: overriding dev 4 with dev 1
node2:66:76 [0] NCCL INFO NET/IB: ncclIbReceiverQpsCreateToRts: QP created: port=1 dev=1 devName=rocep1s0f1 ndevs=4 nmdevs=6 qp_num=39564 pkey=0 pd=0xf788d0242a80 oooRq=0
node2:66:76 [0] NCCL INFO NET/IB: ncclIbReceiverQpsCreateToRts: QP created: port=1 dev=1 devName=rocep1s0f1 ndevs=4 nmdevs=6 qp_num=39565 pkey=0 pd=0xf788d0242a80 oooRq=0
node2:66:76 [0] NCCL INFO NET/IB: ncclIbReceiverQpsCreateToRts: Flush QP created: port=1 dev=1 devName=rocep1s0f1 ndevs=4 nmdevs=6 qp_num=39566 pkey=0 pd=0xf788d0242a80
node2:66:76 [0] NCCL INFO NET/IB: Subnet-aware routing: overriding dev 5 with dev 2
node2:66:76 [0] NCCL INFO NET/IB: ncclIbResiliencyInit: Resiliency is disabled on the recv communicator (comm=0xf788d26e4000)
node2:66:76 [0] NCCL INFO NET/IB: ncclIbRecvCommInit: Receive work requests will be posted on-demand
node2:66:76 [0] NCCL INFO NET/IB: Subnet-aware routing: overriding dev 5 with dev 2
node2:66:76 [0] NCCL INFO NET/IB: ncclIbSenderQpsCreate: QP created: port=1 dev=2 devName=roceP2p1s0f0 ndevs=4 nmdevs=6 qp_num=1828 pkey=0 pd=0xf788d01b9b00 oooRq=0
node2:66:76 [0] NCCL INFO NET/IB: ncclIbSenderQpsCreate: QP created: port=1 dev=2 devName=roceP2p1s0f0 ndevs=4 nmdevs=6 qp_num=1829 pkey=0 pd=0xf788d01b9b00 oooRq=0
node2:66:76 [0] NCCL INFO NET/IB: ncclIbConnectImpl: NCCL Dev 2 IbDev 2 Port 1 qp_num 1828 mtu 5 GID 3 (0/26FA8C0FFFF0000) ctsFifoRkey=0x18dedd ctsFifoLkey=0x18dedd
node2:66:76 [0] NCCL INFO NET/IB: ncclIbConnectImpl: IbDev 2 Port 1 qp_num 1828 query_ece={supported=1, vendor_id=0x15b3, options=0x30000002, comp_mask=0x0}
node2:66:76 [0] NCCL INFO NET/IB: ncclIbConnectImpl: NCCL Dev 2 IbDev 2 Port 1 qp_num 1829 mtu 5 GID 3 (0/26FA8C0FFFF0000) ctsFifoRkey=0x18dedd ctsFifoLkey=0x18dedd
node2:66:76 [0] NCCL INFO NET/IB: ncclIbConnectImpl: IbDev 2 Port 1 qp_num 1829 query_ece={supported=1, vendor_id=0x15b3, options=0x30000002, comp_mask=0x0}
node2:66:76 [0] NCCL INFO NET/IB: Subnet-aware routing: overriding dev 4 with dev 0
node2:66:76 [0] NCCL INFO NET/IB: Subnet-aware routing: overriding dev 5 with dev 2
node2:66:76 [0] NCCL INFO NET/IB: Subnet-aware routing: overriding dev 4 with dev 0
node2:66:76 [0] NCCL INFO NET/IB: Subnet-aware routing: overriding dev 5 with dev 2
node2:66:76 [0] NCCL INFO NET/IB: Subnet-aware routing: overriding dev 4 with dev 0
node2:66:76 [0] NCCL INFO NET/IB: ncclIbResiliencyInit: Resiliency is disabled on the send communicator (comm=0xf788d2785000)
node2:66:76 [0] NCCL INFO NET/IB: Subnet-aware routing: overriding dev 5 with dev 2
node2:66:76 [0] NCCL INFO NET/IB: Subnet-aware routing: overriding dev 4 with dev 0
node2:66:76 [0] NCCL INFO NET/IB: ncclIbSenderQpsCreate: QP created: port=1 dev=0 devName=rocep1s0f0 ndevs=4 nmdevs=6 qp_num=40592 pkey=0 pd=0xf788d007dc30 oooRq=0
node2:66:76 [0] NCCL INFO NET/IB: ncclIbSenderQpsCreate: QP created: port=1 dev=0 devName=rocep1s0f0 ndevs=4 nmdevs=6 qp_num=40593 pkey=0 pd=0xf788d007dc30 oooRq=0
node2:66:76 [0] NCCL INFO NET/IB: ncclIbConnectImpl: NCCL Dev 0 IbDev 0 Port 1 qp_num 40592 mtu 5 GID 6 (0/265A8C0FFFF0000) ctsFifoRkey=0x14a262 ctsFifoLkey=0x14a262
node2:66:76 [0] NCCL INFO NET/IB: ncclIbConnectImpl: IbDev 0 Port 1 qp_num 40592 query_ece={supported=1, vendor_id=0x15b3, options=0x30000002, comp_mask=0x0}
node2:66:76 [0] NCCL INFO NET/IB: ncclIbConnectImpl: NCCL Dev 0 IbDev 0 Port 1 qp_num 40593 mtu 5 GID 6 (0/265A8C0FFFF0000) ctsFifoRkey=0x14a262 ctsFifoLkey=0x14a262
node2:66:76 [0] NCCL INFO NET/IB: ncclIbConnectImpl: IbDev 0 Port 1 qp_num 40593 query_ece={supported=1, vendor_id=0x15b3, options=0x30000002, comp_mask=0x0}
node2:66:76 [0] NCCL INFO NET/IB: Subnet-aware routing: overriding dev 5 with dev 2
node2:66:76 [0] NCCL INFO NET/IB: Subnet-aware routing: overriding dev 4 with dev 0
node2:66:76 [0] NCCL INFO NET/IB: Subnet-aware routing: overriding dev 5 with dev 2
node2:66:76 [0] NCCL INFO NET/IB: Subnet-aware routing: overriding dev 5 with dev 3
node2:66:76 [0] NCCL INFO NET/IB: ncclIbReceiverQpsCreateToRts: QP created: port=1 dev=3 devName=roceP2p1s0f1 ndevs=4 nmdevs=6 qp_num=2165 pkey=0 pd=0xf788d0164e50 oooRq=0
node2:66:76 [0] NCCL INFO NET/IB: ncclIbReceiverQpsCreateToRts: QP created: port=1 dev=3 devName=roceP2p1s0f1 ndevs=4 nmdevs=6 qp_num=2166 pkey=0 pd=0xf788d0164e50 oooRq=0
node2:66:76 [0] NCCL INFO NET/IB: ncclIbReceiverQpsCreateToRts: Flush QP created: port=1 dev=3 devName=roceP2p1s0f1 ndevs=4 nmdevs=6 qp_num=2167 pkey=0 pd=0xf788d0164e50
node2:66:76 [0] NCCL INFO NET/IB: Subnet-aware routing: overriding dev 4 with dev 0
node2:66:76 [0] NCCL INFO NET/IB: ncclIbResiliencyInit: Resiliency is disabled on the recv communicator (comm=0xf788d289b000)
node2:66:76 [0] NCCL INFO NET/IB: ncclIbRecvCommInit: Receive work requests will be posted on-demand
node2:66:76 [0] NCCL INFO NET/IB: Subnet-aware routing: overriding dev 5 with dev 2
node2:66:76 [0] NCCL INFO NET/IB: ncclIbSenderQpsToRts: Set ECE: IbDev 2 Port 1 qp_num 1828 set_ece={supported=1, vendor_id=0x15b3, options=0x30000002, comp_mask=0x0}
node2:66:76 [0] NCCL INFO NET/IB: ncclIbSenderQpsToRts: Set ECE: IbDev 2 Port 1 qp_num 1829 set_ece={supported=1, vendor_id=0x15b3, options=0x30000002, comp_mask=0x0}
node2:66:76 [0] NCCL INFO NET/IB: Subnet-aware routing: overriding dev 4 with dev 0
node2:66:76 [0] NCCL INFO NET/IB: ncclIbSenderQpsToRts: Set ECE: IbDev 0 Port 1 qp_num 40592 set_ece={supported=1, vendor_id=0x15b3, options=0x30000002, comp_mask=0x0}
node2:66:76 [0] NCCL INFO NET/IB: ncclIbSenderQpsToRts: Set ECE: IbDev 0 Port 1 qp_num 40593 set_ece={supported=1, vendor_id=0x15b3, options=0x30000002, comp_mask=0x0}
node2:66:76 [0] NCCL INFO NET/IB: Subnet-aware routing: overriding dev 5 with dev 2
node2:66:76 [0] NCCL INFO NET/IB: ncclIbSenderQpsCreate: QP created: port=1 dev=2 devName=roceP2p1s0f0 ndevs=4 nmdevs=6 qp_num=1830 pkey=0 pd=0xf788d01b9b00 oooRq=0
node2:66:76 [0] NCCL INFO NET/IB: ncclIbSenderQpsCreate: QP created: port=1 dev=2 devName=roceP2p1s0f0 ndevs=4 nmdevs=6 qp_num=1831 pkey=0 pd=0xf788d01b9b00 oooRq=0
node2:66:76 [0] NCCL INFO NET/IB: ncclIbConnectImpl: NCCL Dev 2 IbDev 2 Port 1 qp_num 1830 mtu 5 GID 3 (0/26FA8C0FFFF0000) ctsFifoRkey=0x19201f ctsFifoLkey=0x19201f
node2:66:76 [0] NCCL INFO NET/IB: ncclIbConnectImpl: IbDev 2 Port 1 qp_num 1830 query_ece={supported=1, vendor_id=0x15b3, options=0x30000002, comp_mask=0x0}
node2:66:76 [0] NCCL INFO NET/IB: ncclIbConnectImpl: NCCL Dev 2 IbDev 2 Port 1 qp_num 1831 mtu 5 GID 3 (0/26FA8C0FFFF0000) ctsFifoRkey=0x19201f ctsFifoLkey=0x19201f
node2:66:76 [0] NCCL INFO NET/IB: ncclIbConnectImpl: IbDev 2 Port 1 qp_num 1831 query_ece={supported=1, vendor_id=0x15b3, options=0x30000002, comp_mask=0x0}
node2:66:76 [0] NCCL INFO NET/IB: Subnet-aware routing: overriding dev 4 with dev 0
node2:66:76 [0] NCCL INFO NET/IB: Subnet-aware routing: overriding dev 5 with dev 2
node2:66:76 [0] NCCL INFO NET/IB: Subnet-aware routing: overriding dev 4 with dev 0
node2:66:76 [0] NCCL INFO NET/IB: Subnet-aware routing: overriding dev 4 with dev 1
node2:66:76 [0] NCCL INFO NET/IB: ncclIbReceiverQpsCreateToRts: QP created: port=1 dev=1 devName=rocep1s0f1 ndevs=4 nmdevs=6 qp_num=39567 pkey=0 pd=0xf788d0242a80 oooRq=0
node2:66:76 [0] NCCL INFO NET/IB: ncclIbReceiverQpsCreateToRts: QP created: port=1 dev=1 devName=rocep1s0f1 ndevs=4 nmdevs=6 qp_num=39568 pkey=0 pd=0xf788d0242a80 oooRq=0
node2:66:76 [0] NCCL INFO NET/IB: ncclIbReceiverQpsCreateToRts: Flush QP created: port=1 dev=1 devName=rocep1s0f1 ndevs=4 nmdevs=6 qp_num=39569 pkey=0 pd=0xf788d0242a80
node2:66:76 [0] NCCL INFO NET/IB: Subnet-aware routing: overriding dev 5 with dev 2
node2:66:76 [0] NCCL INFO NET/IB: ncclIbResiliencyInit: Resiliency is disabled on the send communicator (comm=0xf788d29b3000)
node2:66:76 [0] NCCL INFO NET/IB: Subnet-aware routing: overriding dev 5 with dev 2
node2:66:76 [0] NCCL INFO NET/IB: Subnet-aware routing: overriding dev 4 with dev 0
node2:66:76 [0] NCCL INFO NET/IB: Subnet-aware routing: overriding dev 5 with dev 2
node2:66:76 [0] NCCL INFO NET/IB: Subnet-aware routing: overriding dev 4 with dev 0
node2:66:76 [0] NCCL INFO NET/IB: Subnet-aware routing: overriding dev 5 with dev 2
node2:66:76 [0] NCCL INFO NET/IB: ncclIbResiliencyInit: Resiliency is disabled on the recv communicator (comm=0xf788d29f4000)
node2:66:76 [0] NCCL INFO NET/IB: ncclIbRecvCommInit: Receive work requests will be posted on-demand
node2:66:76 [0] NCCL INFO NET/IB: Subnet-aware routing: overriding dev 5 with dev 2
node2:66:76 [0] NCCL INFO NET/IB: ncclIbSenderQpsToRts: Set ECE: IbDev 2 Port 1 qp_num 1830 set_ece={supported=1, vendor_id=0x15b3, options=0x30000002, comp_mask=0x0}
node2:66:76 [0] NCCL INFO NET/IB: ncclIbSenderQpsToRts: Set ECE: IbDev 2 Port 1 qp_num 1831 set_ece={supported=1, vendor_id=0x15b3, options=0x30000002, comp_mask=0x0}
node2:66:76 [0] NCCL INFO NET/IB: Subnet-aware routing: overriding dev 4 with dev 0
node2:66:76 [0] NCCL INFO NET/IB: Subnet-aware routing: overriding dev 5 with dev 2
node2:66:76 [0] NCCL INFO NET/IB: Subnet-aware routing: overriding dev 4 with dev 0
node2:66:76 [0] NCCL INFO NET/IB: Subnet-aware routing: overriding dev 5 with dev 2
node2:66:76 [0] NCCL INFO NET/IB: Subnet-aware routing: overriding dev 5 with dev 3
node2:66:76 [0] NCCL INFO NET/IB: ncclIbReceiverQpsCreateToRts: QP created: port=1 dev=3 devName=roceP2p1s0f1 ndevs=4 nmdevs=6 qp_num=2168 pkey=0 pd=0xf788d0164e50 oooRq=0
node2:66:76 [0] NCCL INFO NET/IB: ncclIbReceiverQpsCreateToRts: QP created: port=1 dev=3 devName=roceP2p1s0f1 ndevs=4 nmdevs=6 qp_num=2169 pkey=0 pd=0xf788d0164e50 oooRq=0
node2:66:76 [0] NCCL INFO NET/IB: ncclIbReceiverQpsCreateToRts: Flush QP created: port=1 dev=3 devName=roceP2p1s0f1 ndevs=4 nmdevs=6 qp_num=2170 pkey=0 pd=0xf788d0164e50
node2:66:76 [0] NCCL INFO NET/IB: Subnet-aware routing: overriding dev 4 with dev 0
node2:66:76 [0] NCCL INFO NET/IB: ncclIbResiliencyInit: Resiliency is disabled on the send communicator (comm=0xf788d2ab1000)
node2:66:76 [0] NCCL INFO NET/IB: Subnet-aware routing: overriding dev 4 with dev 0
node2:66:76 [0] NCCL INFO NET/IB: Subnet-aware routing: overriding dev 5 with dev 2
node2:66:76 [0] NCCL INFO NET/IB: Subnet-aware routing: overriding dev 4 with dev 0
node2:66:76 [0] NCCL INFO NET/IB: Subnet-aware routing: overriding dev 5 with dev 2
node2:66:76 [0] NCCL INFO NET/IB: Subnet-aware routing: overriding dev 4 with dev 0
node2:66:76 [0] NCCL INFO NET/IB: ncclIbResiliencyInit: Resiliency is disabled on the recv communicator (comm=0xf788d2af5000)
node2:66:76 [0] NCCL INFO NET/IB: ncclIbRecvCommInit: Receive work requests will be posted on-demand
node2:66:76 [0] NCCL INFO NET/IB: Subnet-aware routing: overriding dev 4 with dev 0
node2:66:76 [0] NCCL INFO NET/IB: ncclIbSenderQpsCreate: QP created: port=1 dev=0 devName=rocep1s0f0 ndevs=4 nmdevs=6 qp_num=40594 pkey=0 pd=0xf788d007dc30 oooRq=0
node2:66:76 [0] NCCL INFO NET/IB: ncclIbSenderQpsCreate: QP created: port=1 dev=0 devName=rocep1s0f0 ndevs=4 nmdevs=6 qp_num=40595 pkey=0 pd=0xf788d007dc30 oooRq=0
node2:66:76 [0] NCCL INFO NET/IB: ncclIbConnectImpl: NCCL Dev 0 IbDev 0 Port 1 qp_num 40594 mtu 5 GID 6 (0/265A8C0FFFF0000) ctsFifoRkey=0x1c1152 ctsFifoLkey=0x1c1152
node2:66:76 [0] NCCL INFO NET/IB: ncclIbConnectImpl: IbDev 0 Port 1 qp_num 40594 query_ece={supported=1, vendor_id=0x15b3, options=0x30000002, comp_mask=0x0}
node2:66:76 [0] NCCL INFO NET/IB: ncclIbConnectImpl: NCCL Dev 0 IbDev 0 Port 1 qp_num 40595 mtu 5 GID 6 (0/265A8C0FFFF0000) ctsFifoRkey=0x1c1152 ctsFifoLkey=0x1c1152
node2:66:76 [0] NCCL INFO NET/IB: ncclIbConnectImpl: IbDev 0 Port 1 qp_num 40595 query_ece={supported=1, vendor_id=0x15b3, options=0x30000002, comp_mask=0x0}
node2:66:76 [0] NCCL INFO NET/IB: Subnet-aware routing: overriding dev 5 with dev 2
node2:66:76 [0] NCCL INFO NET/IB: Subnet-aware routing: overriding dev 4 with dev 0
node2:66:76 [0] NCCL INFO NET/IB: Subnet-aware routing: overriding dev 5 with dev 2
node2:66:76 [0] NCCL INFO NET/IB: Subnet-aware routing: overriding dev 4 with dev 0
node2:66:76 [0] NCCL INFO NET/IB: Subnet-aware routing: overriding dev 4 with dev 1
node2:66:76 [0] NCCL INFO NET/IB: ncclIbReceiverQpsCreateToRts: QP created: port=1 dev=1 devName=rocep1s0f1 ndevs=4 nmdevs=6 qp_num=39570 pkey=0 pd=0xf788d0242a80 oooRq=0
node2:66:76 [0] NCCL INFO NET/IB: ncclIbReceiverQpsCreateToRts: QP created: port=1 dev=1 devName=rocep1s0f1 ndevs=4 nmdevs=6 qp_num=39571 pkey=0 pd=0xf788d0242a80 oooRq=0
node2:66:76 [0] NCCL INFO NET/IB: ncclIbReceiverQpsCreateToRts: Flush QP created: port=1 dev=1 devName=rocep1s0f1 ndevs=4 nmdevs=6 qp_num=39572 pkey=0 pd=0xf788d0242a80
node2:66:76 [0] NCCL INFO NET/IB: Subnet-aware routing: overriding dev 5 with dev 2
node2:66:76 [0] NCCL INFO NET/IB: ncclIbResiliencyInit: Resiliency is disabled on the send communicator (comm=0xf788d2c11000)
node2:66:76 [0] NCCL INFO NET/IB: Subnet-aware routing: overriding dev 4 with dev 0
node2:66:76 [0] NCCL INFO NET/IB: ncclIbSenderQpsToRts: Set ECE: IbDev 0 Port 1 qp_num 40594 set_ece={supported=1, vendor_id=0x15b3, options=0x30000002, comp_mask=0x0}
node2:66:76 [0] NCCL INFO NET/IB: ncclIbSenderQpsToRts: Set ECE: IbDev 0 Port 1 qp_num 40595 set_ece={supported=1, vendor_id=0x15b3, options=0x30000002, comp_mask=0x0}
node2:66:76 [0] NCCL INFO NET/IB: Subnet-aware routing: overriding dev 5 with dev 2
node2:66:76 [0] NCCL INFO NET/IB: ncclIbSenderQpsCreate: QP created: port=1 dev=2 devName=roceP2p1s0f0 ndevs=4 nmdevs=6 qp_num=1832 pkey=0 pd=0xf788d01b9b00 oooRq=0
node2:66:76 [0] NCCL INFO NET/IB: ncclIbSenderQpsCreate: QP created: port=1 dev=2 devName=roceP2p1s0f0 ndevs=4 nmdevs=6 qp_num=1833 pkey=0 pd=0xf788d01b9b00 oooRq=0
node2:66:76 [0] NCCL INFO NET/IB: ncclIbConnectImpl: NCCL Dev 2 IbDev 2 Port 1 qp_num 1832 mtu 5 GID 3 (0/26FA8C0FFFF0000) ctsFifoRkey=0x18f3f3 ctsFifoLkey=0x18f3f3
node2:66:76 [0] NCCL INFO NET/IB: ncclIbConnectImpl: IbDev 2 Port 1 qp_num 1832 query_ece={supported=1, vendor_id=0x15b3, options=0x30000002, comp_mask=0x0}
node2:66:76 [0] NCCL INFO NET/IB: ncclIbConnectImpl: NCCL Dev 2 IbDev 2 Port 1 qp_num 1833 mtu 5 GID 3 (0/26FA8C0FFFF0000) ctsFifoRkey=0x18f3f3 ctsFifoLkey=0x18f3f3
node2:66:76 [0] NCCL INFO NET/IB: ncclIbConnectImpl: IbDev 2 Port 1 qp_num 1833 query_ece={supported=1, vendor_id=0x15b3, options=0x30000002, comp_mask=0x0}
node2:66:76 [0] NCCL INFO NET/IB: Subnet-aware routing: overriding dev 4 with dev 0
node2:66:76 [0] NCCL INFO NET/IB: ncclIbSenderQpsCreate: QP created: port=1 dev=0 devName=rocep1s0f0 ndevs=4 nmdevs=6 qp_num=40596 pkey=0 pd=0xf788d007dc30 oooRq=0
node2:66:76 [0] NCCL INFO NET/IB: ncclIbSenderQpsCreate: QP created: port=1 dev=0 devName=rocep1s0f0 ndevs=4 nmdevs=6 qp_num=40597 pkey=0 pd=0xf788d007dc30 oooRq=0
node2:66:76 [0] NCCL INFO NET/IB: ncclIbConnectImpl: NCCL Dev 0 IbDev 0 Port 1 qp_num 40596 mtu 5 GID 6 (0/265A8C0FFFF0000) ctsFifoRkey=0x16f4ae ctsFifoLkey=0x16f4ae
node2:66:76 [0] NCCL INFO NET/IB: ncclIbConnectImpl: IbDev 0 Port 1 qp_num 40596 query_ece={supported=1, vendor_id=0x15b3, options=0x30000002, comp_mask=0x0}
node2:66:76 [0] NCCL INFO NET/IB: ncclIbConnectImpl: NCCL Dev 0 IbDev 0 Port 1 qp_num 40597 mtu 5 GID 6 (0/265A8C0FFFF0000) ctsFifoRkey=0x16f4ae ctsFifoLkey=0x16f4ae
node2:66:76 [0] NCCL INFO NET/IB: ncclIbConnectImpl: IbDev 0 Port 1 qp_num 40597 query_ece={supported=1, vendor_id=0x15b3, options=0x30000002, comp_mask=0x0}
node2:66:76 [0] NCCL INFO NET/IB: Subnet-aware routing: overriding dev 5 with dev 2
node2:66:76 [0] NCCL INFO NET/IB: Subnet-aware routing: overriding dev 4 with dev 0
node2:66:76 [0] NCCL INFO NET/IB: Subnet-aware routing: overriding dev 5 with dev 2
node2:66:76 [0] NCCL INFO NET/IB: ncclIbResiliencyInit: Resiliency is disabled on the recv communicator (comm=0xf788d2d06000)
node2:66:76 [0] NCCL INFO NET/IB: ncclIbRecvCommInit: Receive work requests will be posted on-demand
node2:66:76 [0] NCCL INFO NET/IB: Subnet-aware routing: overriding dev 5 with dev 2
node2:66:76 [0] NCCL INFO NET/IB: Subnet-aware routing: overriding dev 4 with dev 0
node2:66:76 [0] NCCL INFO NET/IB: Subnet-aware routing: overriding dev 5 with dev 2
node2:66:76 [0] NCCL INFO NET/IB: Subnet-aware routing: overriding dev 4 with dev 0
node2:66:76 [0] NCCL INFO NET/IB: Subnet-aware routing: overriding dev 5 with dev 2
node2:66:76 [0] NCCL INFO NET/IB: Subnet-aware routing: overriding dev 4 with dev 0
node2:66:76 [0] NCCL INFO NET/IB: ncclIbResiliencyInit: Resiliency is disabled on the send communicator (comm=0xf788d2d4e000)
node2:66:76 [0] NCCL INFO NET/IB: Subnet-aware routing: overriding dev 5 with dev 2
node2:66:76 [0] NCCL INFO NET/IB: ncclIbSenderQpsToRts: Set ECE: IbDev 2 Port 1 qp_num 1832 set_ece={supported=1, vendor_id=0x15b3, options=0x30000002, comp_mask=0x0}
node2:66:76 [0] NCCL INFO NET/IB: ncclIbSenderQpsToRts: Set ECE: IbDev 2 Port 1 qp_num 1833 set_ece={supported=1, vendor_id=0x15b3, options=0x30000002, comp_mask=0x0}
node2:66:76 [0] NCCL INFO NET/IB: Subnet-aware routing: overriding dev 4 with dev 0
node2:66:76 [0] NCCL INFO NET/IB: ncclIbSenderQpsToRts: Set ECE: IbDev 0 Port 1 qp_num 40596 set_ece={supported=1, vendor_id=0x15b3, options=0x30000002, comp_mask=0x0}
node2:66:76 [0] NCCL INFO NET/IB: ncclIbSenderQpsToRts: Set ECE: IbDev 0 Port 1 qp_num 40597 set_ece={supported=1, vendor_id=0x15b3, options=0x30000002, comp_mask=0x0}
node2:66:76 [0] NCCL INFO NET/IB: Subnet-aware routing: overriding dev 5 with dev 2
node2:66:76 [0] NCCL INFO NET/IB: Subnet-aware routing: overriding dev 4 with dev 0
node2:66:76 [0] NCCL INFO NET/IB: Subnet-aware routing: overriding dev 5 with dev 2
node2:66:76 [0] NCCL INFO NET/IB: Subnet-aware routing: overriding dev 5 with dev 3
node2:66:76 [0] NCCL INFO NET/IB: ncclIbReceiverQpsCreateToRts: QP created: port=1 dev=3 devName=roceP2p1s0f1 ndevs=4 nmdevs=6 qp_num=2171 pkey=0 pd=0xf788d0164e50 oooRq=0
node2:66:76 [0] NCCL INFO NET/IB: ncclIbReceiverQpsCreateToRts: QP created: port=1 dev=3 devName=roceP2p1s0f1 ndevs=4 nmdevs=6 qp_num=2172 pkey=0 pd=0xf788d0164e50 oooRq=0
node2:66:76 [0] NCCL INFO NET/IB: ncclIbReceiverQpsCreateToRts: Flush QP created: port=1 dev=3 devName=roceP2p1s0f1 ndevs=4 nmdevs=6 qp_num=2173 pkey=0 pd=0xf788d0164e50
node2:66:76 [0] NCCL INFO NET/IB: Subnet-aware routing: overriding dev 4 with dev 0
node2:66:76 [0] NCCL INFO NET/IB: ncclIbResiliencyInit: Resiliency is disabled on the recv communicator (comm=0xf788d2e08000)
node2:66:76 [0] NCCL INFO NET/IB: ncclIbRecvCommInit: Receive work requests will be posted on-demand
node2:66:76 [0] NCCL INFO NET/IB: Subnet-aware routing: overriding dev 5 with dev 2
node2:66:76 [0] NCCL INFO NET/IB: Subnet-aware routing: overriding dev 4 with dev 0
node2:66:76 [0] NCCL INFO NET/IB: Subnet-aware routing: overriding dev 5 with dev 2
node2:66:76 [0] NCCL INFO NET/IB: Subnet-aware routing: overriding dev 4 with dev 0
node2:66:76 [0] NCCL INFO NET/IB: Subnet-aware routing: overriding dev 5 with dev 2
node2:66:76 [0] NCCL INFO NET/IB: ncclIbResiliencyInit: Resiliency is disabled on the send communicator (comm=0xf788d2e50000)
node2:66:76 [0] NCCL INFO NET/IB: Subnet-aware routing: overriding dev 5 with dev 2
node2:66:76 [0] NCCL INFO NET/IB: Subnet-aware routing: overriding dev 4 with dev 0
node2:66:76 [0] NCCL INFO NET/IB: Subnet-aware routing: overriding dev 5 with dev 2
node2:66:76 [0] NCCL INFO NET/IB: Subnet-aware routing: overriding dev 4 with dev 0
node2:66:76 [0] NCCL INFO NET/IB: Subnet-aware routing: overriding dev 5 with dev 2
node2:66:76 [0] NCCL INFO NET/IB: ncclIbResiliencyInit: Resiliency is disabled on the recv communicator (comm=0xf788d2e91000)
node2:66:76 [0] NCCL INFO NET/IB: ncclIbRecvCommInit: Receive work requests will be posted on-demand
node2:66:76 [0] NCCL INFO NET/IB: Subnet-aware routing: overriding dev 5 with dev 2
node2:66:76 [0] NCCL INFO NET/IB: ncclIbSenderQpsCreate: QP created: port=1 dev=2 devName=roceP2p1s0f0 ndevs=4 nmdevs=6 qp_num=1834 pkey=0 pd=0xf788d01b9b00 oooRq=0
node2:66:76 [0] NCCL INFO NET/IB: ncclIbSenderQpsCreate: QP created: port=1 dev=2 devName=roceP2p1s0f0 ndevs=4 nmdevs=6 qp_num=1835 pkey=0 pd=0xf788d01b9b00 oooRq=0
node2:66:76 [0] NCCL INFO NET/IB: ncclIbConnectImpl: NCCL Dev 2 IbDev 2 Port 1 qp_num 1834 mtu 5 GID 3 (0/26FA8C0FFFF0000) ctsFifoRkey=0x193f3c ctsFifoLkey=0x193f3c
node2:66:76 [0] NCCL INFO NET/IB: ncclIbConnectImpl: IbDev 2 Port 1 qp_num 1834 query_ece={supported=1, vendor_id=0x15b3, options=0x30000002, comp_mask=0x0}
node2:66:76 [0] NCCL INFO NET/IB: ncclIbConnectImpl: NCCL Dev 2 IbDev 2 Port 1 qp_num 1835 mtu 5 GID 3 (0/26FA8C0FFFF0000) ctsFifoRkey=0x193f3c ctsFifoLkey=0x193f3c
node2:66:76 [0] NCCL INFO NET/IB: ncclIbConnectImpl: IbDev 2 Port 1 qp_num 1835 query_ece={supported=1, vendor_id=0x15b3, options=0x30000002, comp_mask=0x0}
node2:66:76 [0] NCCL INFO NET/IB: Subnet-aware routing: overriding dev 4 with dev 0
node2:66:76 [0] NCCL INFO NET/IB: Subnet-aware routing: overriding dev 5 with dev 2
node2:66:76 [0] NCCL INFO NET/IB: Subnet-aware routing: overriding dev 4 with dev 0
node2:66:76 [0] NCCL INFO NET/IB: Subnet-aware routing: overriding dev 4 with dev 1
node2:66:76 [0] NCCL INFO NET/IB: ncclIbReceiverQpsCreateToRts: QP created: port=1 dev=1 devName=rocep1s0f1 ndevs=4 nmdevs=6 qp_num=39573 pkey=0 pd=0xf788d0242a80 oooRq=0
node2:66:76 [0] NCCL INFO NET/IB: ncclIbReceiverQpsCreateToRts: QP created: port=1 dev=1 devName=rocep1s0f1 ndevs=4 nmdevs=6 qp_num=39574 pkey=0 pd=0xf788d0242a80 oooRq=0
node2:66:76 [0] NCCL INFO NET/IB: ncclIbReceiverQpsCreateToRts: Flush QP created: port=1 dev=1 devName=rocep1s0f1 ndevs=4 nmdevs=6 qp_num=39575 pkey=0 pd=0xf788d0242a80
node2:66:76 [0] NCCL INFO NET/IB: Subnet-aware routing: overriding dev 5 with dev 2
node2:66:76 [0] NCCL INFO NET/IB: Subnet-aware routing: overriding dev 4 with dev 0
node2:66:76 [0] NCCL INFO NET/IB: ncclIbResiliencyInit: Resiliency is disabled on the send communicator (comm=0xf788d2fb1000)
node2:66:76 [0] NCCL INFO NET/IB: Subnet-aware routing: overriding dev 5 with dev 2
node2:66:76 [0] NCCL INFO NET/IB: Subnet-aware routing: overriding dev 4 with dev 0
node2:66:76 [0] NCCL INFO NET/IB: ncclIbSenderQpsCreate: QP created: port=1 dev=0 devName=rocep1s0f0 ndevs=4 nmdevs=6 qp_num=40598 pkey=0 pd=0xf788d007dc30 oooRq=0
node2:66:76 [0] NCCL INFO NET/IB: ncclIbSenderQpsCreate: QP created: port=1 dev=0 devName=rocep1s0f0 ndevs=4 nmdevs=6 qp_num=40599 pkey=0 pd=0xf788d007dc30 oooRq=0
node2:66:76 [0] NCCL INFO NET/IB: ncclIbConnectImpl: NCCL Dev 0 IbDev 0 Port 1 qp_num 40598 mtu 5 GID 6 (0/265A8C0FFFF0000) ctsFifoRkey=0x152be8 ctsFifoLkey=0x152be8
node2:66:76 [0] NCCL INFO NET/IB: ncclIbConnectImpl: IbDev 0 Port 1 qp_num 40598 query_ece={supported=1, vendor_id=0x15b3, options=0x30000002, comp_mask=0x0}
node2:66:76 [0] NCCL INFO NET/IB: ncclIbConnectImpl: NCCL Dev 0 IbDev 0 Port 1 qp_num 40599 mtu 5 GID 6 (0/265A8C0FFFF0000) ctsFifoRkey=0x152be8 ctsFifoLkey=0x152be8
node2:66:76 [0] NCCL INFO NET/IB: ncclIbConnectImpl: IbDev 0 Port 1 qp_num 40599 query_ece={supported=1, vendor_id=0x15b3, options=0x30000002, comp_mask=0x0}
node2:66:76 [0] NCCL INFO NET/IB: Subnet-aware routing: overriding dev 5 with dev 2
node2:66:76 [0] NCCL INFO NET/IB: Subnet-aware routing: overriding dev 4 with dev 0
node2:66:76 [0] NCCL INFO NET/IB: Subnet-aware routing: overriding dev 5 with dev 2
node2:66:76 [0] NCCL INFO NET/IB: Subnet-aware routing: overriding dev 5 with dev 3
node2:66:76 [0] NCCL INFO NET/IB: ncclIbReceiverQpsCreateToRts: QP created: port=1 dev=3 devName=roceP2p1s0f1 ndevs=4 nmdevs=6 qp_num=2174 pkey=0 pd=0xf788d0164e50 oooRq=0
node2:66:76 [0] NCCL INFO NET/IB: ncclIbReceiverQpsCreateToRts: QP created: port=1 dev=3 devName=roceP2p1s0f1 ndevs=4 nmdevs=6 qp_num=2175 pkey=0 pd=0xf788d0164e50 oooRq=0
node2:66:76 [0] NCCL INFO NET/IB: ncclIbReceiverQpsCreateToRts: Flush QP created: port=1 dev=3 devName=roceP2p1s0f1 ndevs=4 nmdevs=6 qp_num=2176 pkey=0 pd=0xf788d0164e50
node2:66:76 [0] NCCL INFO NET/IB: Subnet-aware routing: overriding dev 4 with dev 0
node2:66:76 [0] NCCL INFO NET/IB: ncclIbResiliencyInit: Resiliency is disabled on the recv communicator (comm=0xf788d30c8000)
node2:66:76 [0] NCCL INFO NET/IB: ncclIbRecvCommInit: Receive work requests will be posted on-demand
node2:66:76 [0] NCCL INFO NET/IB: Subnet-aware routing: overriding dev 5 with dev 2
node2:66:76 [0] NCCL INFO NET/IB: ncclIbSenderQpsToRts: Set ECE: IbDev 2 Port 1 qp_num 1834 set_ece={supported=1, vendor_id=0x15b3, options=0x30000002, comp_mask=0x0}
node2:66:76 [0] NCCL INFO NET/IB: ncclIbSenderQpsToRts: Set ECE: IbDev 2 Port 1 qp_num 1835 set_ece={supported=1, vendor_id=0x15b3, options=0x30000002, comp_mask=0x0}
node2:66:76 [0] NCCL INFO NET/IB: Subnet-aware routing: overriding dev 4 with dev 0
node2:66:76 [0] NCCL INFO NET/IB: Subnet-aware routing: overriding dev 5 with dev 2
node2:66:76 [0] NCCL INFO NET/IB: Subnet-aware routing: overriding dev 4 with dev 0
node2:66:76 [0] NCCL INFO NET/IB: Subnet-aware routing: overriding dev 5 with dev 2
node2:66:76 [0] NCCL INFO NET/IB: Subnet-aware routing: overriding dev 4 with dev 0
node2:66:76 [0] NCCL INFO NET/IB: Subnet-aware routing: overriding dev 5 with dev 2
node2:66:76 [0] NCCL INFO NET/IB: ncclIbResiliencyInit: Resiliency is disabled on the send communicator (comm=0xf788d3110000)
node2:66:76 [0] NCCL INFO NET/IB: Subnet-aware routing: overriding dev 4 with dev 0
node2:66:76 [0] NCCL INFO NET/IB: ncclIbSenderQpsToRts: Set ECE: IbDev 0 Port 1 qp_num 40598 set_ece={supported=1, vendor_id=0x15b3, options=0x30000002, comp_mask=0x0}
node2:66:76 [0] NCCL INFO NET/IB: ncclIbSenderQpsToRts: Set ECE: IbDev 0 Port 1 qp_num 40599 set_ece={supported=1, vendor_id=0x15b3, options=0x30000002, comp_mask=0x0}
node2:66:76 [0] NCCL INFO NET/IB: Subnet-aware routing: overriding dev 5 with dev 2
node2:66:76 [0] NCCL INFO NET/IB: ncclIbSenderQpsCreate: QP created: port=1 dev=2 devName=roceP2p1s0f0 ndevs=4 nmdevs=6 qp_num=1836 pkey=0 pd=0xf788d01b9b00 oooRq=0
node2:66:76 [0] NCCL INFO NET/IB: ncclIbSenderQpsCreate: QP created: port=1 dev=2 devName=roceP2p1s0f0 ndevs=4 nmdevs=6 qp_num=1837 pkey=0 pd=0xf788d01b9b00 oooRq=0
node2:66:76 [0] NCCL INFO NET/IB: ncclIbConnectImpl: NCCL Dev 2 IbDev 2 Port 1 qp_num 1836 mtu 5 GID 3 (0/26FA8C0FFFF0000) ctsFifoRkey=0x194848 ctsFifoLkey=0x194848
node2:66:76 [0] NCCL INFO NET/IB: ncclIbConnectImpl: IbDev 2 Port 1 qp_num 1836 query_ece={supported=1, vendor_id=0x15b3, options=0x30000002, comp_mask=0x0}
node2:66:76 [0] NCCL INFO NET/IB: ncclIbConnectImpl: NCCL Dev 2 IbDev 2 Port 1 qp_num 1837 mtu 5 GID 3 (0/26FA8C0FFFF0000) ctsFifoRkey=0x194848 ctsFifoLkey=0x194848
node2:66:76 [0] NCCL INFO NET/IB: ncclIbConnectImpl: IbDev 2 Port 1 qp_num 1837 query_ece={supported=1, vendor_id=0x15b3, options=0x30000002, comp_mask=0x0}
node2:66:76 [0] NCCL INFO NET/IB: Subnet-aware routing: overriding dev 4 with dev 0
node2:66:76 [0] NCCL INFO NET/IB: Subnet-aware routing: overriding dev 5 with dev 2
node2:66:76 [0] NCCL INFO NET/IB: Subnet-aware routing: overriding dev 4 with dev 0
node2:66:76 [0] NCCL INFO NET/IB: Subnet-aware routing: overriding dev 4 with dev 1
node2:66:76 [0] NCCL INFO NET/IB: ncclIbReceiverQpsCreateToRts: QP created: port=1 dev=1 devName=rocep1s0f1 ndevs=4 nmdevs=6 qp_num=39576 pkey=0 pd=0xf788d0242a80 oooRq=0
node2:66:76 [0] NCCL INFO NET/IB: ncclIbReceiverQpsCreateToRts: QP created: port=1 dev=1 devName=rocep1s0f1 ndevs=4 nmdevs=6 qp_num=39577 pkey=0 pd=0xf788d0242a80 oooRq=0
node2:66:76 [0] NCCL INFO NET/IB: ncclIbReceiverQpsCreateToRts: Flush QP created: port=1 dev=1 devName=rocep1s0f1 ndevs=4 nmdevs=6 qp_num=39578 pkey=0 pd=0xf788d0242a80
node2:66:76 [0] NCCL INFO NET/IB: Subnet-aware routing: overriding dev 5 with dev 2
node2:66:76 [0] NCCL INFO NET/IB: ncclIbResiliencyInit: Resiliency is disabled on the recv communicator (comm=0xf788d3222000)
node2:66:76 [0] NCCL INFO NET/IB: ncclIbRecvCommInit: Receive work requests will be posted on-demand
node2:66:76 [0] NCCL INFO NET/IB: Subnet-aware routing: overriding dev 5 with dev 2
node2:66:76 [0] NCCL INFO NET/IB: Subnet-aware routing: overriding dev 4 with dev 0
node2:66:76 [0] NCCL INFO NET/IB: Subnet-aware routing: overriding dev 5 with dev 2
node2:66:76 [0] NCCL INFO NET/IB: Subnet-aware routing: overriding dev 4 with dev 0
node2:66:76 [0] NCCL INFO NET/IB: Subnet-aware routing: overriding dev 5 with dev 2
node2:66:76 [0] NCCL INFO NET/IB: Subnet-aware routing: overriding dev 4 with dev 0
node2:66:76 [0] NCCL INFO NET/IB: ncclIbResiliencyInit: Resiliency is disabled on the send communicator (comm=0xf788d326a000)
node2:66:76 [0] NCCL INFO NET/IB: Subnet-aware routing: overriding dev 5 with dev 2
node2:66:76 [0] NCCL INFO NET/IB: Subnet-aware routing: overriding dev 4 with dev 0
node2:66:76 [0] NCCL INFO NET/IB: Subnet-aware routing: overriding dev 5 with dev 2
node2:66:76 [0] NCCL INFO NET/IB: Subnet-aware routing: overriding dev 4 with dev 0
node2:66:76 [0] NCCL INFO NET/IB: Subnet-aware routing: overriding dev 5 with dev 2
node2:66:76 [0] NCCL INFO NET/IB: Subnet-aware routing: overriding dev 4 with dev 0
node2:66:76 [0] NCCL INFO NET/IB: ncclIbResiliencyInit: Resiliency is disabled on the recv communicator (comm=0xf788d32ae000)
node2:66:76 [0] NCCL INFO NET/IB: ncclIbRecvCommInit: Receive work requests will be posted on-demand
node2:66:76 [0] NCCL INFO NET/IB: Subnet-aware routing: overriding dev 5 with dev 2
node2:66:76 [0] NCCL INFO NET/IB: ncclIbSenderQpsToRts: Set ECE: IbDev 2 Port 1 qp_num 1836 set_ece={supported=1, vendor_id=0x15b3, options=0x30000002, comp_mask=0x0}
node2:66:76 [0] NCCL INFO NET/IB: ncclIbSenderQpsToRts: Set ECE: IbDev 2 Port 1 qp_num 1837 set_ece={supported=1, vendor_id=0x15b3, options=0x30000002, comp_mask=0x0}
node2:66:76 [0] NCCL INFO NET/IB: Subnet-aware routing: overriding dev 4 with dev 0
node2:66:76 [0] NCCL INFO NET/IB: ncclIbSenderQpsCreate: QP created: port=1 dev=0 devName=rocep1s0f0 ndevs=4 nmdevs=6 qp_num=40600 pkey=0 pd=0xf788d007dc30 oooRq=0
node2:66:76 [0] NCCL INFO NET/IB: ncclIbSenderQpsCreate: QP created: port=1 dev=0 devName=rocep1s0f0 ndevs=4 nmdevs=6 qp_num=40601 pkey=0 pd=0xf788d007dc30 oooRq=0
node2:66:76 [0] NCCL INFO NET/IB: ncclIbConnectImpl: NCCL Dev 0 IbDev 0 Port 1 qp_num 40600 mtu 5 GID 6 (0/265A8C0FFFF0000) ctsFifoRkey=0x15914c ctsFifoLkey=0x15914c
node2:66:76 [0] NCCL INFO NET/IB: ncclIbConnectImpl: IbDev 0 Port 1 qp_num 40600 query_ece={supported=1, vendor_id=0x15b3, options=0x30000002, comp_mask=0x0}
node2:66:76 [0] NCCL INFO NET/IB: ncclIbConnectImpl: NCCL Dev 0 IbDev 0 Port 1 qp_num 40601 mtu 5 GID 6 (0/265A8C0FFFF0000) ctsFifoRkey=0x15914c ctsFifoLkey=0x15914c
node2:66:76 [0] NCCL INFO NET/IB: ncclIbConnectImpl: IbDev 0 Port 1 qp_num 40601 query_ece={supported=1, vendor_id=0x15b3, options=0x30000002, comp_mask=0x0}
node2:66:76 [0] NCCL INFO NET/IB: Subnet-aware routing: overriding dev 5 with dev 2
node2:66:76 [0] NCCL INFO NET/IB: Subnet-aware routing: overriding dev 4 with dev 0
node2:66:76 [0] NCCL INFO NET/IB: Subnet-aware routing: overriding dev 5 with dev 2
node2:66:76 [0] NCCL INFO NET/IB: Subnet-aware routing: overriding dev 5 with dev 3
node2:66:76 [0] NCCL INFO NET/IB: ncclIbReceiverQpsCreateToRts: QP created: port=1 dev=3 devName=roceP2p1s0f1 ndevs=4 nmdevs=6 qp_num=2177 pkey=0 pd=0xf788d0164e50 oooRq=0
node2:66:76 [0] NCCL INFO NET/IB: ncclIbReceiverQpsCreateToRts: QP created: port=1 dev=3 devName=roceP2p1s0f1 ndevs=4 nmdevs=6 qp_num=2178 pkey=0 pd=0xf788d0164e50 oooRq=0
node2:66:76 [0] NCCL INFO NET/IB: ncclIbReceiverQpsCreateToRts: Flush QP created: port=1 dev=3 devName=roceP2p1s0f1 ndevs=4 nmdevs=6 qp_num=2179 pkey=0 pd=0xf788d0164e50
node2:66:76 [0] NCCL INFO NET/IB: Subnet-aware routing: overriding dev 4 with dev 0
node2:66:76 [0] NCCL INFO NET/IB: Subnet-aware routing: overriding dev 4 with dev 1
node2:66:76 [0] NCCL INFO NET/IB: ncclIbReceiverQpsCreateToRts: QP created: port=1 dev=1 devName=rocep1s0f1 ndevs=4 nmdevs=6 qp_num=39579 pkey=0 pd=0xf788d0242a80 oooRq=0
node2:66:76 [0] NCCL INFO NET/IB: ncclIbReceiverQpsCreateToRts: QP created: port=1 dev=1 devName=rocep1s0f1 ndevs=4 nmdevs=6 qp_num=39580 pkey=0 pd=0xf788d0242a80 oooRq=0
node2:66:76 [0] NCCL INFO NET/IB: ncclIbReceiverQpsCreateToRts: Flush QP created: port=1 dev=1 devName=rocep1s0f1 ndevs=4 nmdevs=6 qp_num=39581 pkey=0 pd=0xf788d0242a80
node2:66:76 [0] NCCL INFO NET/IB: Subnet-aware routing: overriding dev 5 with dev 2
node2:66:76 [0] NCCL INFO NET/IB: ncclIbResiliencyInit: Resiliency is disabled on the send communicator (comm=0xf788d3440000)
node2:66:76 [0] NCCL INFO NET/IB: Subnet-aware routing: overriding dev 4 with dev 0
node2:66:76 [0] NCCL INFO NET/IB: ncclIbSenderQpsToRts: Set ECE: IbDev 0 Port 1 qp_num 40600 set_ece={supported=1, vendor_id=0x15b3, options=0x30000002, comp_mask=0x0}
node2:66:76 [0] NCCL INFO NET/IB: ncclIbSenderQpsToRts: Set ECE: IbDev 0 Port 1 qp_num 40601 set_ece={supported=1, vendor_id=0x15b3, options=0x30000002, comp_mask=0x0}
node2:66:76 [0] NCCL INFO NET/IB: Subnet-aware routing: overriding dev 5 with dev 2
node2:66:76 [0] NCCL INFO NET/IB: ncclIbSenderQpsCreate: QP created: port=1 dev=2 devName=roceP2p1s0f0 ndevs=4 nmdevs=6 qp_num=1838 pkey=0 pd=0xf788d01b9b00 oooRq=0
node2:66:76 [0] NCCL INFO NET/IB: ncclIbSenderQpsCreate: QP created: port=1 dev=2 devName=roceP2p1s0f0 ndevs=4 nmdevs=6 qp_num=1839 pkey=0 pd=0xf788d01b9b00 oooRq=0
node2:66:76 [0] NCCL INFO NET/IB: ncclIbConnectImpl: NCCL Dev 2 IbDev 2 Port 1 qp_num 1838 mtu 5 GID 3 (0/26FA8C0FFFF0000) ctsFifoRkey=0x193533 ctsFifoLkey=0x193533
node2:66:76 [0] NCCL INFO NET/IB: ncclIbConnectImpl: IbDev 2 Port 1 qp_num 1838 query_ece={supported=1, vendor_id=0x15b3, options=0x30000002, comp_mask=0x0}
node2:66:76 [0] NCCL INFO NET/IB: ncclIbConnectImpl: NCCL Dev 2 IbDev 2 Port 1 qp_num 1839 mtu 5 GID 3 (0/26FA8C0FFFF0000) ctsFifoRkey=0x193533 ctsFifoLkey=0x193533
node2:66:76 [0] NCCL INFO NET/IB: ncclIbConnectImpl: IbDev 2 Port 1 qp_num 1839 query_ece={supported=1, vendor_id=0x15b3, options=0x30000002, comp_mask=0x0}
node2:66:76 [0] NCCL INFO NET/IB: Subnet-aware routing: overriding dev 4 with dev 0
node2:66:76 [0] NCCL INFO NET/IB: ncclIbSenderQpsCreate: QP created: port=1 dev=0 devName=rocep1s0f0 ndevs=4 nmdevs=6 qp_num=40602 pkey=0 pd=0xf788d007dc30 oooRq=0
node2:66:76 [0] NCCL INFO NET/IB: ncclIbSenderQpsCreate: QP created: port=1 dev=0 devName=rocep1s0f0 ndevs=4 nmdevs=6 qp_num=40603 pkey=0 pd=0xf788d007dc30 oooRq=0
node2:66:76 [0] NCCL INFO NET/IB: ncclIbConnectImpl: NCCL Dev 0 IbDev 0 Port 1 qp_num 40602 mtu 5 GID 6 (0/265A8C0FFFF0000) ctsFifoRkey=0x16a969 ctsFifoLkey=0x16a969
node2:66:76 [0] NCCL INFO NET/IB: ncclIbConnectImpl: IbDev 0 Port 1 qp_num 40602 query_ece={supported=1, vendor_id=0x15b3, options=0x30000002, comp_mask=0x0}
node2:66:76 [0] NCCL INFO NET/IB: ncclIbConnectImpl: NCCL Dev 0 IbDev 0 Port 1 qp_num 40603 mtu 5 GID 6 (0/265A8C0FFFF0000) ctsFifoRkey=0x16a969 ctsFifoLkey=0x16a969
node2:66:76 [0] NCCL INFO NET/IB: ncclIbConnectImpl: IbDev 0 Port 1 qp_num 40603 query_ece={supported=1, vendor_id=0x15b3, options=0x30000002, comp_mask=0x0}
node2:66:76 [0] NCCL INFO NET/IB: Subnet-aware routing: overriding dev 5 with dev 2
node2:66:76 [0] NCCL INFO NET/IB: Subnet-aware routing: overriding dev 4 with dev 0
node2:66:76 [0] NCCL INFO NET/IB: Subnet-aware routing: overriding dev 5 with dev 2
node2:66:76 [0] NCCL INFO NET/IB: ncclIbResiliencyInit: Resiliency is disabled on the recv communicator (comm=0xf788d3533000)
node2:66:76 [0] NCCL INFO NET/IB: ncclIbRecvCommInit: Receive work requests will be posted on-demand
node2:66:76 [0] NCCL INFO NET/IB: Subnet-aware routing: overriding dev 5 with dev 2
node2:66:76 [0] NCCL INFO NET/IB: ncclIbSenderQpsToRts: Set ECE: IbDev 2 Port 1 qp_num 1838 set_ece={supported=1, vendor_id=0x15b3, options=0x30000002, comp_mask=0x0}
node2:66:76 [0] NCCL INFO NET/IB: ncclIbSenderQpsToRts: Set ECE: IbDev 2 Port 1 qp_num 1839 set_ece={supported=1, vendor_id=0x15b3, options=0x30000002, comp_mask=0x0}
node2:66:76 [0] NCCL INFO NET/IB: Subnet-aware routing: overriding dev 4 with dev 0
node2:66:76 [0] NCCL INFO NET/IB: ncclIbSenderQpsToRts: Set ECE: IbDev 0 Port 1 qp_num 40602 set_ece={supported=1, vendor_id=0x15b3, options=0x30000002, comp_mask=0x0}
node2:66:76 [0] NCCL INFO NET/IB: ncclIbSenderQpsToRts: Set ECE: IbDev 0 Port 1 qp_num 40603 set_ece={supported=1, vendor_id=0x15b3, options=0x30000002, comp_mask=0x0}
node2:66:76 [0] NCCL INFO NET/IB: Subnet-aware routing: overriding dev 5 with dev 2
node2:66:76 [0] NCCL INFO NET/IB: Subnet-aware routing: overriding dev 4 with dev 0
node2:66:76 [0] NCCL INFO NET/IB: Subnet-aware routing: overriding dev 5 with dev 2
node2:66:76 [0] NCCL INFO NET/IB: Subnet-aware routing: overriding dev 5 with dev 3
node2:66:76 [0] NCCL INFO NET/IB: ncclIbReceiverQpsCreateToRts: QP created: port=1 dev=3 devName=roceP2p1s0f1 ndevs=4 nmdevs=6 qp_num=2180 pkey=0 pd=0xf788d0164e50 oooRq=0
node2:66:76 [0] NCCL INFO NET/IB: ncclIbReceiverQpsCreateToRts: QP created: port=1 dev=3 devName=roceP2p1s0f1 ndevs=4 nmdevs=6 qp_num=2181 pkey=0 pd=0xf788d0164e50 oooRq=0
node2:66:76 [0] NCCL INFO NET/IB: ncclIbReceiverQpsCreateToRts: Flush QP created: port=1 dev=3 devName=roceP2p1s0f1 ndevs=4 nmdevs=6 qp_num=2182 pkey=0 pd=0xf788d0164e50
node2:66:76 [0] NCCL INFO NET/IB: Subnet-aware routing: overriding dev 4 with dev 0
node2:66:76 [0] NCCL INFO NET/IB: ncclIbResiliencyInit: Resiliency is disabled on the send communicator (comm=0xf788d35ee000)
node2:66:76 [0] NCCL INFO NET/IB: Subnet-aware routing: overriding dev 5 with dev 2
node2:66:76 [0] NCCL INFO NET/IB: Subnet-aware routing: overriding dev 4 with dev 0
node2:66:76 [0] NCCL INFO NET/IB: Subnet-aware routing: overriding dev 5 with dev 2
node2:66:76 [0] NCCL INFO NET/IB: Subnet-aware routing: overriding dev 4 with dev 0
node2:66:76 [0] NCCL INFO NET/IB: ncclIbResiliencyInit: Resiliency is disabled on the recv communicator (comm=0xf788d3632000)
node2:66:76 [0] NCCL INFO NET/IB: ncclIbRecvCommInit: Receive work requests will be posted on-demand
node2:66:76 [0] NCCL INFO NET/IB: Subnet-aware routing: overriding dev 5 with dev 2
node2:66:76 [0] NCCL INFO NET/IB: Subnet-aware routing: overriding dev 4 with dev 0
node2:66:76 [0] NCCL INFO NET/IB: Subnet-aware routing: overriding dev 5 with dev 2
node2:66:76 [0] NCCL INFO NET/IB: Subnet-aware routing: overriding dev 4 with dev 0
node2:66:76 [0] NCCL INFO NET/IB: Subnet-aware routing: overriding dev 5 with dev 2
node2:66:76 [0] NCCL INFO NET/IB: ncclIbResiliencyInit: Resiliency is disabled on the send communicator (comm=0xf788d367a000)
node2:66:76 [0] NCCL INFO NET/IB: Subnet-aware routing: overriding dev 5 with dev 2
node2:66:76 [0] NCCL INFO NET/IB: Subnet-aware routing: overriding dev 4 with dev 0
node2:66:76 [0] NCCL INFO NET/IB: Subnet-aware routing: overriding dev 5 with dev 2
node2:66:76 [0] NCCL INFO NET/IB: Subnet-aware routing: overriding dev 4 with dev 0
node2:66:76 [0] NCCL INFO NET/IB: Subnet-aware routing: overriding dev 4 with dev 1
node2:66:76 [0] NCCL INFO NET/IB: ncclIbReceiverQpsCreateToRts: QP created: port=1 dev=1 devName=rocep1s0f1 ndevs=4 nmdevs=6 qp_num=39582 pkey=0 pd=0xf788d0242a80 oooRq=0
node2:66:76 [0] NCCL INFO NET/IB: ncclIbReceiverQpsCreateToRts: QP created: port=1 dev=1 devName=rocep1s0f1 ndevs=4 nmdevs=6 qp_num=39583 pkey=0 pd=0xf788d0242a80 oooRq=0
node2:66:76 [0] NCCL INFO NET/IB: ncclIbReceiverQpsCreateToRts: Flush QP created: port=1 dev=1 devName=rocep1s0f1 ndevs=4 nmdevs=6 qp_num=39584 pkey=0 pd=0xf788d0242a80
node2:66:76 [0] NCCL INFO NET/IB: Subnet-aware routing: overriding dev 5 with dev 2
node2:66:76 [0] NCCL INFO NET/IB: ncclIbResiliencyInit: Resiliency is disabled on the recv communicator (comm=0xf788d3735000)
node2:66:76 [0] NCCL INFO NET/IB: ncclIbRecvCommInit: Receive work requests will be posted on-demand
node2:66:76 [0] NCCL INFO NET/IB: Subnet-aware routing: overriding dev 5 with dev 2
node2:66:76 [0] NCCL INFO NET/IB: ncclIbSenderQpsCreate: QP created: port=1 dev=2 devName=roceP2p1s0f0 ndevs=4 nmdevs=6 qp_num=1840 pkey=0 pd=0xf788d01b9b00 oooRq=0
node2:66:76 [0] NCCL INFO NET/IB: ncclIbSenderQpsCreate: QP created: port=1 dev=2 devName=roceP2p1s0f0 ndevs=4 nmdevs=6 qp_num=1841 pkey=0 pd=0xf788d01b9b00 oooRq=0
node2:66:76 [0] NCCL INFO NET/IB: ncclIbConnectImpl: NCCL Dev 2 IbDev 2 Port 1 qp_num 1840 mtu 5 GID 3 (0/26FA8C0FFFF0000) ctsFifoRkey=0x192829 ctsFifoLkey=0x192829
node2:66:76 [0] NCCL INFO NET/IB: ncclIbConnectImpl: IbDev 2 Port 1 qp_num 1840 query_ece={supported=1, vendor_id=0x15b3, options=0x30000002, comp_mask=0x0}
node2:66:76 [0] NCCL INFO NET/IB: ncclIbConnectImpl: NCCL Dev 2 IbDev 2 Port 1 qp_num 1841 mtu 5 GID 3 (0/26FA8C0FFFF0000) ctsFifoRkey=0x192829 ctsFifoLkey=0x192829
node2:66:76 [0] NCCL INFO NET/IB: ncclIbConnectImpl: IbDev 2 Port 1 qp_num 1841 query_ece={supported=1, vendor_id=0x15b3, options=0x30000002, comp_mask=0x0}
node2:66:76 [0] NCCL INFO NET/IB: Subnet-aware routing: overriding dev 4 with dev 0
node2:66:76 [0] NCCL INFO NET/IB: ncclIbSenderQpsCreate: QP created: port=1 dev=0 devName=rocep1s0f0 ndevs=4 nmdevs=6 qp_num=40604 pkey=0 pd=0xf788d007dc30 oooRq=0
node2:66:76 [0] NCCL INFO NET/IB: ncclIbSenderQpsCreate: QP created: port=1 dev=0 devName=rocep1s0f0 ndevs=4 nmdevs=6 qp_num=40605 pkey=0 pd=0xf788d007dc30 oooRq=0
node2:66:76 [0] NCCL INFO NET/IB: ncclIbConnectImpl: NCCL Dev 0 IbDev 0 Port 1 qp_num 40604 mtu 5 GID 6 (0/265A8C0FFFF0000) ctsFifoRkey=0x1717d7 ctsFifoLkey=0x1717d7
node2:66:76 [0] NCCL INFO NET/IB: ncclIbConnectImpl: IbDev 0 Port 1 qp_num 40604 query_ece={supported=1, vendor_id=0x15b3, options=0x30000002, comp_mask=0x0}
node2:66:76 [0] NCCL INFO NET/IB: ncclIbConnectImpl: NCCL Dev 0 IbDev 0 Port 1 qp_num 40605 mtu 5 GID 6 (0/265A8C0FFFF0000) ctsFifoRkey=0x1717d7 ctsFifoLkey=0x1717d7
node2:66:76 [0] NCCL INFO NET/IB: ncclIbConnectImpl: IbDev 0 Port 1 qp_num 40605 query_ece={supported=1, vendor_id=0x15b3, options=0x30000002, comp_mask=0x0}
node2:66:76 [0] NCCL INFO NET/IB: Subnet-aware routing: overriding dev 5 with dev 2
node2:66:76 [0] NCCL INFO NET/IB: Subnet-aware routing: overriding dev 4 with dev 0
node2:66:76 [0] NCCL INFO NET/IB: Subnet-aware routing: overriding dev 5 with dev 2
node2:66:76 [0] NCCL INFO NET/IB: Subnet-aware routing: overriding dev 4 with dev 0
node2:66:76 [0] NCCL INFO NET/IB: ncclIbResiliencyInit: Resiliency is disabled on the send communicator (comm=0xf788d3833000)
node2:66:76 [0] NCCL INFO NET/IB: Subnet-aware routing: overriding dev 5 with dev 2
node2:66:76 [0] NCCL INFO NET/IB: Subnet-aware routing: overriding dev 4 with dev 0
node2:66:76 [0] NCCL INFO NET/IB: Subnet-aware routing: overriding dev 5 with dev 2
node2:66:76 [0] NCCL INFO NET/IB: Subnet-aware routing: overriding dev 4 with dev 0
node2:66:76 [0] NCCL INFO NET/IB: Subnet-aware routing: overriding dev 5 with dev 2
node2:66:76 [0] NCCL INFO NET/IB: Subnet-aware routing: overriding dev 4 with dev 0
node2:66:76 [0] NCCL INFO NET/IB: ncclIbResiliencyInit: Resiliency is disabled on the recv communicator (comm=0xf788d3877000)
node2:66:76 [0] NCCL INFO NET/IB: ncclIbRecvCommInit: Receive work requests will be posted on-demand
node2:66:76 [0] NCCL INFO NET/IB: Subnet-aware routing: overriding dev 5 with dev 2
node2:66:76 [0] NCCL INFO NET/IB: Subnet-aware routing: overriding dev 4 with dev 0
node2:66:76 [0] NCCL INFO NET/IB: Subnet-aware routing: overriding dev 5 with dev 2
node2:66:76 [0] NCCL INFO NET/IB: Subnet-aware routing: overriding dev 4 with dev 0
node2:66:76 [0] NCCL INFO NET/IB: Subnet-aware routing: overriding dev 5 with dev 2
node2:66:76 [0] NCCL INFO NET/IB: Subnet-aware routing: overriding dev 4 with dev 0
node2:66:76 [0] NCCL INFO NET/IB: Subnet-aware routing: overriding dev 5 with dev 2
node2:66:76 [0] NCCL INFO NET/IB: ncclIbResiliencyInit: Resiliency is disabled on the send communicator (comm=0xf788d38bf000)
node2:66:76 [0] NCCL INFO NET/IB: Subnet-aware routing: overriding dev 5 with dev 2
node2:66:76 [0] NCCL INFO NET/IB: Subnet-aware routing: overriding dev 4 with dev 0
node2:66:76 [0] NCCL INFO NET/IB: Subnet-aware routing: overriding dev 5 with dev 2
node2:66:76 [0] NCCL INFO NET/IB: Subnet-aware routing: overriding dev 4 with dev 0
node2:66:76 [0] NCCL INFO NET/IB: Subnet-aware routing: overriding dev 5 with dev 2
node2:66:76 [0] NCCL INFO NET/IB: Subnet-aware routing: overriding dev 5 with dev 3
node2:66:76 [0] NCCL INFO NET/IB: ncclIbReceiverQpsCreateToRts: QP created: port=1 dev=3 devName=roceP2p1s0f1 ndevs=4 nmdevs=6 qp_num=2183 pkey=0 pd=0xf788d0164e50 oooRq=0
node2:66:76 [0] NCCL INFO NET/IB: ncclIbReceiverQpsCreateToRts: QP created: port=1 dev=3 devName=roceP2p1s0f1 ndevs=4 nmdevs=6 qp_num=2184 pkey=0 pd=0xf788d0164e50 oooRq=0
node2:66:76 [0] NCCL INFO NET/IB: ncclIbReceiverQpsCreateToRts: Flush QP created: port=1 dev=3 devName=roceP2p1s0f1 ndevs=4 nmdevs=6 qp_num=2185 pkey=0 pd=0xf788d0164e50
node2:66:76 [0] NCCL INFO NET/IB: Subnet-aware routing: overriding dev 4 with dev 0
node2:66:76 [0] NCCL INFO NET/IB: Subnet-aware routing: overriding dev 4 with dev 1
node2:66:76 [0] NCCL INFO NET/IB: ncclIbReceiverQpsCreateToRts: QP created: port=1 dev=1 devName=rocep1s0f1 ndevs=4 nmdevs=6 qp_num=39585 pkey=0 pd=0xf788d0242a80 oooRq=0
node2:66:76 [0] NCCL INFO NET/IB: ncclIbReceiverQpsCreateToRts: QP created: port=1 dev=1 devName=rocep1s0f1 ndevs=4 nmdevs=6 qp_num=39586 pkey=0 pd=0xf788d0242a80 oooRq=0
node2:66:76 [0] NCCL INFO NET/IB: ncclIbReceiverQpsCreateToRts: Flush QP created: port=1 dev=1 devName=rocep1s0f1 ndevs=4 nmdevs=6 qp_num=39587 pkey=0 pd=0xf788d0242a80
node2:66:76 [0] NCCL INFO NET/IB: Subnet-aware routing: overriding dev 5 with dev 2
node2:66:76 [0] NCCL INFO NET/IB: ncclIbResiliencyInit: Resiliency is disabled on the recv communicator (comm=0xf788d39f5000)
node2:66:76 [0] NCCL INFO NET/IB: ncclIbRecvCommInit: Receive work requests will be posted on-demand
node2:66:76 [0] NCCL INFO NET/IB: Subnet-aware routing: overriding dev 5 with dev 2
node2:66:76 [0] NCCL INFO NET/IB: ncclIbSenderQpsToRts: Set ECE: IbDev 2 Port 1 qp_num 1840 set_ece={supported=1, vendor_id=0x15b3, options=0x30000002, comp_mask=0x0}
node2:66:76 [0] NCCL INFO NET/IB: ncclIbSenderQpsToRts: Set ECE: IbDev 2 Port 1 qp_num 1841 set_ece={supported=1, vendor_id=0x15b3, options=0x30000002, comp_mask=0x0}
node2:66:76 [0] NCCL INFO NET/IB: Subnet-aware routing: overriding dev 4 with dev 0
node2:66:76 [0] NCCL INFO NET/IB: ncclIbSenderQpsToRts: Set ECE: IbDev 0 Port 1 qp_num 40604 set_ece={supported=1, vendor_id=0x15b3, options=0x30000002, comp_mask=0x0}
node2:66:76 [0] NCCL INFO NET/IB: ncclIbSenderQpsToRts: Set ECE: IbDev 0 Port 1 qp_num 40605 set_ece={supported=1, vendor_id=0x15b3, options=0x30000002, comp_mask=0x0}
node2:66:76 [0] NCCL INFO NET/IB: Subnet-aware routing: overriding dev 5 with dev 2
node2:66:76 [0] NCCL INFO NET/IB: ncclIbSenderQpsCreate: QP created: port=1 dev=2 devName=roceP2p1s0f0 ndevs=4 nmdevs=6 qp_num=1842 pkey=0 pd=0xf788d01b9b00 oooRq=0
node2:66:76 [0] NCCL INFO NET/IB: ncclIbSenderQpsCreate: QP created: port=1 dev=2 devName=roceP2p1s0f0 ndevs=4 nmdevs=6 qp_num=1843 pkey=0 pd=0xf788d01b9b00 oooRq=0
node2:66:76 [0] NCCL INFO NET/IB: ncclIbConnectImpl: NCCL Dev 2 IbDev 2 Port 1 qp_num 1842 mtu 5 GID 3 (0/26FA8C0FFFF0000) ctsFifoRkey=0x194a40 ctsFifoLkey=0x194a40
node2:66:76 [0] NCCL INFO NET/IB: ncclIbConnectImpl: IbDev 2 Port 1 qp_num 1842 query_ece={supported=1, vendor_id=0x15b3, options=0x30000002, comp_mask=0x0}
node2:66:76 [0] NCCL INFO NET/IB: ncclIbConnectImpl: NCCL Dev 2 IbDev 2 Port 1 qp_num 1843 mtu 5 GID 3 (0/26FA8C0FFFF0000) ctsFifoRkey=0x194a40 ctsFifoLkey=0x194a40
node2:66:76 [0] NCCL INFO NET/IB: ncclIbConnectImpl: IbDev 2 Port 1 qp_num 1843 query_ece={supported=1, vendor_id=0x15b3, options=0x30000002, comp_mask=0x0}
node2:66:76 [0] NCCL INFO NET/IB: Subnet-aware routing: overriding dev 4 with dev 0
node2:66:76 [0] NCCL INFO NET/IB: ncclIbSenderQpsCreate: QP created: port=1 dev=0 devName=rocep1s0f0 ndevs=4 nmdevs=6 qp_num=40606 pkey=0 pd=0xf788d007dc30 oooRq=0
node2:66:76 [0] NCCL INFO NET/IB: ncclIbSenderQpsCreate: QP created: port=1 dev=0 devName=rocep1s0f0 ndevs=4 nmdevs=6 qp_num=40607 pkey=0 pd=0xf788d007dc30 oooRq=0
node2:66:76 [0] NCCL INFO NET/IB: ncclIbConnectImpl: NCCL Dev 0 IbDev 0 Port 1 qp_num 40606 mtu 5 GID 6 (0/265A8C0FFFF0000) ctsFifoRkey=0x15c57b ctsFifoLkey=0x15c57b
node2:66:76 [0] NCCL INFO NET/IB: ncclIbConnectImpl: IbDev 0 Port 1 qp_num 40606 query_ece={supported=1, vendor_id=0x15b3, options=0x30000002, comp_mask=0x0}
node2:66:76 [0] NCCL INFO NET/IB: ncclIbConnectImpl: NCCL Dev 0 IbDev 0 Port 1 qp_num 40607 mtu 5 GID 6 (0/265A8C0FFFF0000) ctsFifoRkey=0x15c57b ctsFifoLkey=0x15c57b
node2:66:76 [0] NCCL INFO NET/IB: ncclIbConnectImpl: IbDev 0 Port 1 qp_num 40607 query_ece={supported=1, vendor_id=0x15b3, options=0x30000002, comp_mask=0x0}
node2:66:76 [0] NCCL INFO NET/IB: Subnet-aware routing: overriding dev 5 with dev 2
node2:66:76 [0] NCCL INFO NET/IB: Subnet-aware routing: overriding dev 4 with dev 0
node2:66:76 [0] NCCL INFO NET/IB: Subnet-aware routing: overriding dev 5 with dev 2
node2:66:76 [0] NCCL INFO NET/IB: Subnet-aware routing: overriding dev 5 with dev 3
node2:66:76 [0] NCCL INFO NET/IB: ncclIbReceiverQpsCreateToRts: QP created: port=1 dev=3 devName=roceP2p1s0f1 ndevs=4 nmdevs=6 qp_num=2186 pkey=0 pd=0xf788d0164e50 oooRq=0
node2:66:76 [0] NCCL INFO NET/IB: ncclIbReceiverQpsCreateToRts: QP created: port=1 dev=3 devName=roceP2p1s0f1 ndevs=4 nmdevs=6 qp_num=2187 pkey=0 pd=0xf788d0164e50 oooRq=0
node2:66:76 [0] NCCL INFO NET/IB: ncclIbReceiverQpsCreateToRts: Flush QP created: port=1 dev=3 devName=roceP2p1s0f1 ndevs=4 nmdevs=6 qp_num=2188 pkey=0 pd=0xf788d0164e50
node2:66:76 [0] NCCL INFO NET/IB: Subnet-aware routing: overriding dev 4 with dev 0
node2:66:76 [0] NCCL INFO NET/IB: ncclIbResiliencyInit: Resiliency is disabled on the send communicator (comm=0xf788d3b68000)
node2:66:76 [0] NCCL INFO NET/IB: Subnet-aware routing: overriding dev 5 with dev 2
node2:66:76 [0] NCCL INFO NET/IB: ncclIbSenderQpsToRts: Set ECE: IbDev 2 Port 1 qp_num 1842 set_ece={supported=1, vendor_id=0x15b3, options=0x30000002, comp_mask=0x0}
node2:66:76 [0] NCCL INFO NET/IB: ncclIbSenderQpsToRts: Set ECE: IbDev 2 Port 1 qp_num 1843 set_ece={supported=1, vendor_id=0x15b3, options=0x30000002, comp_mask=0x0}
node2:66:76 [0] NCCL INFO NET/IB: Subnet-aware routing: overriding dev 4 with dev 0
node2:66:76 [0] NCCL INFO NET/IB: ncclIbSenderQpsToRts: Set ECE: IbDev 0 Port 1 qp_num 40606 set_ece={supported=1, vendor_id=0x15b3, options=0x30000002, comp_mask=0x0}
node2:66:76 [0] NCCL INFO NET/IB: ncclIbSenderQpsToRts: Set ECE: IbDev 0 Port 1 qp_num 40607 set_ece={supported=1, vendor_id=0x15b3, options=0x30000002, comp_mask=0x0}
node2:66:76 [0] NCCL INFO NET/IB: Subnet-aware routing: overriding dev 5 with dev 2
node2:66:76 [0] NCCL INFO NET/IB: Subnet-aware routing: overriding dev 4 with dev 0
node2:66:76 [0] NCCL INFO NET/IB: Subnet-aware routing: overriding dev 5 with dev 2
node2:66:76 [0] NCCL INFO NET/IB: Subnet-aware routing: overriding dev 4 with dev 0
node2:66:76 [0] NCCL INFO NET/IB: ncclIbResiliencyInit: Resiliency is disabled on the recv communicator (comm=0xf788d3ba9000)
node2:66:76 [0] NCCL INFO NET/IB: ncclIbRecvCommInit: Receive work requests will be posted on-demand
node2:66:76 [0] NCCL INFO NET/IB: Subnet-aware routing: overriding dev 5 with dev 2
node2:66:76 [0] NCCL INFO NET/IB: Subnet-aware routing: overriding dev 4 with dev 0
node2:66:76 [0] NCCL INFO NET/IB: Subnet-aware routing: overriding dev 5 with dev 2
node2:66:76 [0] NCCL INFO NET/IB: Subnet-aware routing: overriding dev 4 with dev 0
node2:66:76 [0] NCCL INFO NET/IB: Subnet-aware routing: overriding dev 5 with dev 2
node2:66:76 [0] NCCL INFO NET/IB: ncclIbResiliencyInit: Resiliency is disabled on the send communicator (comm=0xf788d3bee000)
node2:66:76 [0] NCCL INFO NET/IB: Subnet-aware routing: overriding dev 5 with dev 2
node2:66:76 [0] NCCL INFO NET/IB: Subnet-aware routing: overriding dev 4 with dev 0
node2:66:76 [0] NCCL INFO NET/IB: Subnet-aware routing: overriding dev 5 with dev 2
node2:66:76 [0] NCCL INFO NET/IB: Subnet-aware routing: overriding dev 4 with dev 0
node2:66:76 [0] NCCL INFO NET/IB: Subnet-aware routing: overriding dev 4 with dev 1
node2:66:76 [0] NCCL INFO NET/IB: ncclIbReceiverQpsCreateToRts: QP created: port=1 dev=1 devName=rocep1s0f1 ndevs=4 nmdevs=6 qp_num=39588 pkey=0 pd=0xf788d0242a80 oooRq=0
node2:66:76 [0] NCCL INFO NET/IB: ncclIbReceiverQpsCreateToRts: QP created: port=1 dev=1 devName=rocep1s0f1 ndevs=4 nmdevs=6 qp_num=39589 pkey=0 pd=0xf788d0242a80 oooRq=0
node2:66:76 [0] NCCL INFO NET/IB: ncclIbReceiverQpsCreateToRts: Flush QP created: port=1 dev=1 devName=rocep1s0f1 ndevs=4 nmdevs=6 qp_num=39590 pkey=0 pd=0xf788d0242a80
node2:66:76 [0] NCCL INFO NET/IB: Subnet-aware routing: overriding dev 5 with dev 2
node2:66:76 [0] NCCL INFO NET/IB: ncclIbResiliencyInit: Resiliency is disabled on the recv communicator (comm=0xf788d3ca8000)
node2:66:76 [0] NCCL INFO NET/IB: ncclIbRecvCommInit: Receive work requests will be posted on-demand
node2:66:76 [0] NCCL INFO NET/IB: Subnet-aware routing: overriding dev 5 with dev 2
node2:66:76 [0] NCCL INFO NET/IB: Subnet-aware routing: overriding dev 4 with dev 0
node2:66:76 [0] NCCL INFO NET/IB: Subnet-aware routing: overriding dev 5 with dev 2
node2:66:76 [0] NCCL INFO NET/IB: Subnet-aware routing: overriding dev 4 with dev 0
node2:66:76 [0] NCCL INFO NET/IB: Subnet-aware routing: overriding dev 5 with dev 2
node2:66:76 [0] NCCL INFO NET/IB: Subnet-aware routing: overriding dev 4 with dev 0
node2:66:76 [0] NCCL INFO NET/IB: ncclIbResiliencyInit: Resiliency is disabled on the send communicator (comm=0xf788d3cf0000)
node2:66:76 [0] NCCL INFO NET/IB: Subnet-aware routing: overriding dev 5 with dev 2
node2:66:76 [0] NCCL INFO NET/IB: ncclIbSenderQpsCreate: QP created: port=1 dev=2 devName=roceP2p1s0f0 ndevs=4 nmdevs=6 qp_num=1844 pkey=0 pd=0xf788d01b9b00 oooRq=0
node2:66:76 [0] NCCL INFO NET/IB: ncclIbSenderQpsCreate: QP created: port=1 dev=2 devName=roceP2p1s0f0 ndevs=4 nmdevs=6 qp_num=1845 pkey=0 pd=0xf788d01b9b00 oooRq=0
node2:66:76 [0] NCCL INFO NET/IB: ncclIbConnectImpl: NCCL Dev 2 IbDev 2 Port 1 qp_num 1844 mtu 5 GID 3 (0/26FA8C0FFFF0000) ctsFifoRkey=0x192b28 ctsFifoLkey=0x192b28
node2:66:76 [0] NCCL INFO NET/IB: ncclIbConnectImpl: IbDev 2 Port 1 qp_num 1844 query_ece={supported=1, vendor_id=0x15b3, options=0x30000002, comp_mask=0x0}
node2:66:76 [0] NCCL INFO NET/IB: ncclIbConnectImpl: NCCL Dev 2 IbDev 2 Port 1 qp_num 1845 mtu 5 GID 3 (0/26FA8C0FFFF0000) ctsFifoRkey=0x192b28 ctsFifoLkey=0x192b28
node2:66:76 [0] NCCL INFO NET/IB: ncclIbConnectImpl: IbDev 2 Port 1 qp_num 1845 query_ece={supported=1, vendor_id=0x15b3, options=0x30000002, comp_mask=0x0}
node2:66:76 [0] NCCL INFO NET/IB: Subnet-aware routing: overriding dev 4 with dev 0
node2:66:76 [0] NCCL INFO NET/IB: Subnet-aware routing: overriding dev 5 with dev 2
node2:66:76 [0] NCCL INFO NET/IB: Subnet-aware routing: overriding dev 4 with dev 0
node2:66:76 [0] NCCL INFO NET/IB: Subnet-aware routing: overriding dev 5 with dev 2
node2:66:76 [0] NCCL INFO NET/IB: Subnet-aware routing: overriding dev 5 with dev 3
node2:66:76 [0] NCCL INFO NET/IB: ncclIbReceiverQpsCreateToRts: QP created: port=1 dev=3 devName=roceP2p1s0f1 ndevs=4 nmdevs=6 qp_num=2189 pkey=0 pd=0xf788d0164e50 oooRq=0
node2:66:76 [0] NCCL INFO NET/IB: ncclIbReceiverQpsCreateToRts: QP created: port=1 dev=3 devName=roceP2p1s0f1 ndevs=4 nmdevs=6 qp_num=2190 pkey=0 pd=0xf788d0164e50 oooRq=0
node2:66:76 [0] NCCL INFO NET/IB: ncclIbReceiverQpsCreateToRts: Flush QP created: port=1 dev=3 devName=roceP2p1s0f1 ndevs=4 nmdevs=6 qp_num=2191 pkey=0 pd=0xf788d0164e50
node2:66:76 [0] NCCL INFO NET/IB: Subnet-aware routing: overriding dev 4 with dev 0
node2:66:76 [0] NCCL INFO NET/IB: ncclIbResiliencyInit: Resiliency is disabled on the recv communicator (comm=0xf788d3e06000)
node2:66:76 [0] NCCL INFO NET/IB: ncclIbRecvCommInit: Receive work requests will be posted on-demand
node2:66:76 [0] NCCL INFO NET/IB: Subnet-aware routing: overriding dev 5 with dev 2
node2:66:76 [0] NCCL INFO NET/IB: ncclIbSenderQpsToRts: Set ECE: IbDev 2 Port 1 qp_num 1844 set_ece={supported=1, vendor_id=0x15b3, options=0x30000002, comp_mask=0x0}
node2:66:76 [0] NCCL INFO NET/IB: ncclIbSenderQpsToRts: Set ECE: IbDev 2 Port 1 qp_num 1845 set_ece={supported=1, vendor_id=0x15b3, options=0x30000002, comp_mask=0x0}
node2:66:76 [0] NCCL INFO NET/IB: Subnet-aware routing: overriding dev 4 with dev 0
node2:66:76 [0] NCCL INFO NET/IB: ncclIbSenderQpsCreate: QP created: port=1 dev=0 devName=rocep1s0f0 ndevs=4 nmdevs=6 qp_num=40608 pkey=0 pd=0xf788d007dc30 oooRq=0
node2:66:76 [0] NCCL INFO NET/IB: ncclIbSenderQpsCreate: QP created: port=1 dev=0 devName=rocep1s0f0 ndevs=4 nmdevs=6 qp_num=40609 pkey=0 pd=0xf788d007dc30 oooRq=0
node2:66:76 [0] NCCL INFO NET/IB: ncclIbConnectImpl: NCCL Dev 0 IbDev 0 Port 1 qp_num 40608 mtu 5 GID 6 (0/265A8C0FFFF0000) ctsFifoRkey=0x14cf8c ctsFifoLkey=0x14cf8c
node2:66:76 [0] NCCL INFO NET/IB: ncclIbConnectImpl: IbDev 0 Port 1 qp_num 40608 query_ece={supported=1, vendor_id=0x15b3, options=0x30000002, comp_mask=0x0}
node2:66:76 [0] NCCL INFO NET/IB: ncclIbConnectImpl: NCCL Dev 0 IbDev 0 Port 1 qp_num 40609 mtu 5 GID 6 (0/265A8C0FFFF0000) ctsFifoRkey=0x14cf8c ctsFifoLkey=0x14cf8c
node2:66:76 [0] NCCL INFO NET/IB: ncclIbConnectImpl: IbDev 0 Port 1 qp_num 40609 query_ece={supported=1, vendor_id=0x15b3, options=0x30000002, comp_mask=0x0}
node2:66:76 [0] NCCL INFO NET/IB: Subnet-aware routing: overriding dev 5 with dev 2
node2:66:76 [0] NCCL INFO NET/IB: ncclIbSenderQpsCreate: QP created: port=1 dev=2 devName=roceP2p1s0f0 ndevs=4 nmdevs=6 qp_num=1846 pkey=0 pd=0xf788d01b9b00 oooRq=0
node2:66:76 [0] NCCL INFO NET/IB: ncclIbSenderQpsCreate: QP created: port=1 dev=2 devName=roceP2p1s0f0 ndevs=4 nmdevs=6 qp_num=1847 pkey=0 pd=0xf788d01b9b00 oooRq=0
node2:66:76 [0] NCCL INFO NET/IB: ncclIbConnectImpl: NCCL Dev 2 IbDev 2 Port 1 qp_num 1846 mtu 5 GID 3 (0/26FA8C0FFFF0000) ctsFifoRkey=0x195653 ctsFifoLkey=0x195653
node2:66:76 [0] NCCL INFO NET/IB: ncclIbConnectImpl: IbDev 2 Port 1 qp_num 1846 query_ece={supported=1, vendor_id=0x15b3, options=0x30000002, comp_mask=0x0}
node2:66:76 [0] NCCL INFO NET/IB: ncclIbConnectImpl: NCCL Dev 2 IbDev 2 Port 1 qp_num 1847 mtu 5 GID 3 (0/26FA8C0FFFF0000) ctsFifoRkey=0x195653 ctsFifoLkey=0x195653
node2:66:76 [0] NCCL INFO NET/IB: ncclIbConnectImpl: IbDev 2 Port 1 qp_num 1847 query_ece={supported=1, vendor_id=0x15b3, options=0x30000002, comp_mask=0x0}
node2:66:76 [0] NCCL INFO NET/IB: Subnet-aware routing: overriding dev 4 with dev 0
node2:66:76 [0] NCCL INFO NET/IB: Subnet-aware routing: overriding dev 5 with dev 2
node2:66:76 [0] NCCL INFO NET/IB: Subnet-aware routing: overriding dev 4 with dev 0
node2:66:76 [0] NCCL INFO NET/IB: Subnet-aware routing: overriding dev 4 with dev 1
node2:66:76 [0] NCCL INFO NET/IB: ncclIbReceiverQpsCreateToRts: QP created: port=1 dev=1 devName=rocep1s0f1 ndevs=4 nmdevs=6 qp_num=39591 pkey=0 pd=0xf788d0242a80 oooRq=0
node2:66:76 [0] NCCL INFO NET/IB: ncclIbReceiverQpsCreateToRts: QP created: port=1 dev=1 devName=rocep1s0f1 ndevs=4 nmdevs=6 qp_num=39592 pkey=0 pd=0xf788d0242a80 oooRq=0
node2:66:76 [0] NCCL INFO NET/IB: ncclIbReceiverQpsCreateToRts: Flush QP created: port=1 dev=1 devName=rocep1s0f1 ndevs=4 nmdevs=6 qp_num=39593 pkey=0 pd=0xf788d0242a80
node2:66:76 [0] NCCL INFO NET/IB: Subnet-aware routing: overriding dev 5 with dev 2
node2:66:76 [0] NCCL INFO NET/IB: ncclIbResiliencyInit: Resiliency is disabled on the send communicator (comm=0xf788d3f80000)
node2:66:76 [0] NCCL INFO NET/IB: Subnet-aware routing: overriding dev 4 with dev 0
node2:66:76 [0] NCCL INFO NET/IB: Subnet-aware routing: overriding dev 5 with dev 2
node2:66:76 [0] NCCL INFO NET/IB: Subnet-aware routing: overriding dev 4 with dev 0
node2:66:76 [0] NCCL INFO NET/IB: Subnet-aware routing: overriding dev 5 with dev 2
node2:66:76 [0] NCCL INFO NET/IB: Subnet-aware routing: overriding dev 4 with dev 0
node2:66:76 [0] NCCL INFO NET/IB: Subnet-aware routing: overriding dev 5 with dev 2
node2:66:76 [0] NCCL INFO NET/IB: ncclIbResiliencyInit: Resiliency is disabled on the recv communicator (comm=0xf78878001000)
node2:66:76 [0] NCCL INFO NET/IB: ncclIbRecvCommInit: Receive work requests will be posted on-demand
node2:66:76 [0] NCCL INFO NET/IB: Subnet-aware routing: overriding dev 4 with dev 0
node2:66:76 [0] NCCL INFO NET/IB: ncclIbSenderQpsToRts: Set ECE: IbDev 0 Port 1 qp_num 40608 set_ece={supported=1, vendor_id=0x15b3, options=0x30000002, comp_mask=0x0}
node2:66:76 [0] NCCL INFO NET/IB: ncclIbSenderQpsToRts: Set ECE: IbDev 0 Port 1 qp_num 40609 set_ece={supported=1, vendor_id=0x15b3, options=0x30000002, comp_mask=0x0}
node2:66:76 [0] NCCL INFO NET/IB: Subnet-aware routing: overriding dev 5 with dev 2
node2:66:76 [0] NCCL INFO NET/IB: ncclIbSenderQpsToRts: Set ECE: IbDev 2 Port 1 qp_num 1846 set_ece={supported=1, vendor_id=0x15b3, options=0x30000002, comp_mask=0x0}
node2:66:76 [0] NCCL INFO NET/IB: ncclIbSenderQpsToRts: Set ECE: IbDev 2 Port 1 qp_num 1847 set_ece={supported=1, vendor_id=0x15b3, options=0x30000002, comp_mask=0x0}
node2:66:76 [0] NCCL INFO NET/IB: Subnet-aware routing: overriding dev 4 with dev 0
node2:66:76 [0] NCCL INFO NET/IB: Subnet-aware routing: overriding dev 5 with dev 2
node2:66:76 [0] NCCL INFO NET/IB: Subnet-aware routing: overriding dev 4 with dev 0
node2:66:76 [0] NCCL INFO NET/IB: Subnet-aware routing: overriding dev 5 with dev 2
node2:66:76 [0] NCCL INFO NET/IB: Subnet-aware routing: overriding dev 5 with dev 3
node2:66:76 [0] NCCL INFO NET/IB: ncclIbReceiverQpsCreateToRts: QP created: port=1 dev=3 devName=roceP2p1s0f1 ndevs=4 nmdevs=6 qp_num=2192 pkey=0 pd=0xf788d0164e50 oooRq=0
node2:66:76 [0] NCCL INFO NET/IB: ncclIbReceiverQpsCreateToRts: QP created: port=1 dev=3 devName=roceP2p1s0f1 ndevs=4 nmdevs=6 qp_num=2193 pkey=0 pd=0xf788d0164e50 oooRq=0
node2:66:76 [0] NCCL INFO NET/IB: ncclIbReceiverQpsCreateToRts: Flush QP created: port=1 dev=3 devName=roceP2p1s0f1 ndevs=4 nmdevs=6 qp_num=2194 pkey=0 pd=0xf788d0164e50
node2:66:76 [0] NCCL INFO NET/IB: Subnet-aware routing: overriding dev 4 with dev 0
node2:66:76 [0] NCCL INFO NET/IB: ncclIbResiliencyInit: Resiliency is disabled on the send communicator (comm=0xf788780bc000)
node2:66:76 [0] NCCL INFO NET/IB: Subnet-aware routing: overriding dev 4 with dev 0
node2:66:76 [0] NCCL INFO NET/IB: ncclIbSenderQpsCreate: QP created: port=1 dev=0 devName=rocep1s0f0 ndevs=4 nmdevs=6 qp_num=40610 pkey=0 pd=0xf788d007dc30 oooRq=0
node2:66:76 [0] NCCL INFO NET/IB: ncclIbSenderQpsCreate: QP created: port=1 dev=0 devName=rocep1s0f0 ndevs=4 nmdevs=6 qp_num=40611 pkey=0 pd=0xf788d007dc30 oooRq=0
node2:66:76 [0] NCCL INFO NET/IB: ncclIbConnectImpl: NCCL Dev 0 IbDev 0 Port 1 qp_num 40610 mtu 5 GID 6 (0/265A8C0FFFF0000) ctsFifoRkey=0x1d1ba0 ctsFifoLkey=0x1d1ba0
node2:66:76 [0] NCCL INFO NET/IB: ncclIbConnectImpl: IbDev 0 Port 1 qp_num 40610 query_ece={supported=1, vendor_id=0x15b3, options=0x30000002, comp_mask=0x0}
node2:66:76 [0] NCCL INFO NET/IB: ncclIbConnectImpl: NCCL Dev 0 IbDev 0 Port 1 qp_num 40611 mtu 5 GID 6 (0/265A8C0FFFF0000) ctsFifoRkey=0x1d1ba0 ctsFifoLkey=0x1d1ba0
node2:66:76 [0] NCCL INFO NET/IB: ncclIbConnectImpl: IbDev 0 Port 1 qp_num 40611 query_ece={supported=1, vendor_id=0x15b3, options=0x30000002, comp_mask=0x0}
node2:66:76 [0] NCCL INFO NET/IB: Subnet-aware routing: overriding dev 5 with dev 2
node2:66:76 [0] NCCL INFO NET/IB: Subnet-aware routing: overriding dev 4 with dev 0
node2:66:76 [0] NCCL INFO NET/IB: Subnet-aware routing: overriding dev 5 with dev 2
node2:66:76 [0] NCCL INFO NET/IB: Subnet-aware routing: overriding dev 4 with dev 0
node2:66:76 [0] NCCL INFO NET/IB: ncclIbResiliencyInit: Resiliency is disabled on the recv communicator (comm=0xf7887815b000)
node2:66:76 [0] NCCL INFO NET/IB: ncclIbRecvCommInit: Receive work requests will be posted on-demand
node2:66:76 [0] NCCL INFO NET/IB: Subnet-aware routing: overriding dev 4 with dev 0
node2:66:76 [0] NCCL INFO NET/IB: Subnet-aware routing: overriding dev 5 with dev 2
node2:66:76 [0] NCCL INFO NET/IB: Subnet-aware routing: overriding dev 4 with dev 0
node2:66:76 [0] NCCL INFO NET/IB: Subnet-aware routing: overriding dev 5 with dev 2
node2:66:76 [0] NCCL INFO NET/IB: Subnet-aware routing: overriding dev 4 with dev 0
node2:66:76 [0] NCCL INFO NET/IB: Subnet-aware routing: overriding dev 4 with dev 1
node2:66:76 [0] NCCL INFO NET/IB: ncclIbReceiverQpsCreateToRts: QP created: port=1 dev=1 devName=rocep1s0f1 ndevs=4 nmdevs=6 qp_num=39594 pkey=0 pd=0xf788d0242a80 oooRq=0
node2:66:76 [0] NCCL INFO NET/IB: ncclIbReceiverQpsCreateToRts: QP created: port=1 dev=1 devName=rocep1s0f1 ndevs=4 nmdevs=6 qp_num=39595 pkey=0 pd=0xf788d0242a80 oooRq=0
node2:66:76 [0] NCCL INFO NET/IB: ncclIbReceiverQpsCreateToRts: Flush QP created: port=1 dev=1 devName=rocep1s0f1 ndevs=4 nmdevs=6 qp_num=39596 pkey=0 pd=0xf788d0242a80
node2:66:76 [0] NCCL INFO NET/IB: Subnet-aware routing: overriding dev 5 with dev 2
node2:66:76 [0] NCCL INFO NET/IB: ncclIbResiliencyInit: Resiliency is disabled on the send communicator (comm=0xf7887821e000)
node2:66:76 [0] NCCL INFO NET/IB: Subnet-aware routing: overriding dev 4 with dev 0
node2:66:76 [0] NCCL INFO NET/IB: Subnet-aware routing: overriding dev 5 with dev 2
node2:66:76 [0] NCCL INFO NET/IB: Subnet-aware routing: overriding dev 4 with dev 0
node2:66:76 [0] NCCL INFO NET/IB: Subnet-aware routing: overriding dev 5 with dev 2
node2:66:76 [0] NCCL INFO NET/IB: Subnet-aware routing: overriding dev 4 with dev 0
node2:66:76 [0] NCCL INFO NET/IB: Subnet-aware routing: overriding dev 5 with dev 2
node2:66:76 [0] NCCL INFO NET/IB: ncclIbResiliencyInit: Resiliency is disabled on the recv communicator (comm=0xf78878262000)
node2:66:76 [0] NCCL INFO NET/IB: ncclIbRecvCommInit: Receive work requests will be posted on-demand
node2:66:76 [0] NCCL INFO NET/IB: Subnet-aware routing: overriding dev 4 with dev 0
node2:66:76 [0] NCCL INFO NET/IB: ncclIbSenderQpsToRts: Set ECE: IbDev 0 Port 1 qp_num 40610 set_ece={supported=1, vendor_id=0x15b3, options=0x30000002, comp_mask=0x0}
node2:66:76 [0] NCCL INFO NET/IB: ncclIbSenderQpsToRts: Set ECE: IbDev 0 Port 1 qp_num 40611 set_ece={supported=1, vendor_id=0x15b3, options=0x30000002, comp_mask=0x0}
node2:66:76 [0] NCCL INFO NET/IB: Subnet-aware routing: overriding dev 5 with dev 2
node2:66:76 [0] NCCL INFO NET/IB: ncclIbSenderQpsCreate: QP created: port=1 dev=2 devName=roceP2p1s0f0 ndevs=4 nmdevs=6 qp_num=1848 pkey=0 pd=0xf788d01b9b00 oooRq=0
node2:66:76 [0] NCCL INFO NET/IB: ncclIbSenderQpsCreate: QP created: port=1 dev=2 devName=roceP2p1s0f0 ndevs=4 nmdevs=6 qp_num=1849 pkey=0 pd=0xf788d01b9b00 oooRq=0
node2:66:76 [0] NCCL INFO NET/IB: ncclIbConnectImpl: NCCL Dev 2 IbDev 2 Port 1 qp_num 1848 mtu 5 GID 3 (0/26FA8C0FFFF0000) ctsFifoRkey=0x194f4c ctsFifoLkey=0x194f4c
node2:66:76 [0] NCCL INFO NET/IB: ncclIbConnectImpl: IbDev 2 Port 1 qp_num 1848 query_ece={supported=1, vendor_id=0x15b3, options=0x30000002, comp_mask=0x0}
node2:66:76 [0] NCCL INFO NET/IB: ncclIbConnectImpl: NCCL Dev 2 IbDev 2 Port 1 qp_num 1849 mtu 5 GID 3 (0/26FA8C0FFFF0000) ctsFifoRkey=0x194f4c ctsFifoLkey=0x194f4c
node2:66:76 [0] NCCL INFO NET/IB: ncclIbConnectImpl: IbDev 2 Port 1 qp_num 1849 query_ece={supported=1, vendor_id=0x15b3, options=0x30000002, comp_mask=0x0}
node2:66:76 [0] NCCL INFO NET/IB: Subnet-aware routing: overriding dev 4 with dev 0
node2:66:76 [0] NCCL INFO NET/IB: ncclIbSenderQpsCreate: QP created: port=1 dev=0 devName=rocep1s0f0 ndevs=4 nmdevs=6 qp_num=40612 pkey=0 pd=0xf788d007dc30 oooRq=0
node2:66:76 [0] NCCL INFO NET/IB: ncclIbSenderQpsCreate: QP created: port=1 dev=0 devName=rocep1s0f0 ndevs=4 nmdevs=6 qp_num=40613 pkey=0 pd=0xf788d007dc30 oooRq=0
node2:66:76 [0] NCCL INFO NET/IB: ncclIbConnectImpl: NCCL Dev 0 IbDev 0 Port 1 qp_num 40612 mtu 5 GID 6 (0/265A8C0FFFF0000) ctsFifoRkey=0x17c07e ctsFifoLkey=0x17c07e
node2:66:76 [0] NCCL INFO NET/IB: ncclIbConnectImpl: IbDev 0 Port 1 qp_num 40612 query_ece={supported=1, vendor_id=0x15b3, options=0x30000002, comp_mask=0x0}
node2:66:76 [0] NCCL INFO NET/IB: ncclIbConnectImpl: NCCL Dev 0 IbDev 0 Port 1 qp_num 40613 mtu 5 GID 6 (0/265A8C0FFFF0000) ctsFifoRkey=0x17c07e ctsFifoLkey=0x17c07e
node2:66:76 [0] NCCL INFO NET/IB: ncclIbConnectImpl: IbDev 0 Port 1 qp_num 40613 query_ece={supported=1, vendor_id=0x15b3, options=0x30000002, comp_mask=0x0}
node2:66:76 [0] NCCL INFO NET/IB: Subnet-aware routing: overriding dev 5 with dev 2
node2:66:76 [0] NCCL INFO NET/IB: Subnet-aware routing: overriding dev 4 with dev 0
node2:66:76 [0] NCCL INFO NET/IB: Subnet-aware routing: overriding dev 5 with dev 2
node2:66:76 [0] NCCL INFO NET/IB: Subnet-aware routing: overriding dev 5 with dev 3
node2:66:76 [0] NCCL INFO NET/IB: ncclIbReceiverQpsCreateToRts: QP created: port=1 dev=3 devName=roceP2p1s0f1 ndevs=4 nmdevs=6 qp_num=2195 pkey=0 pd=0xf788d0164e50 oooRq=0
node2:66:76 [0] NCCL INFO NET/IB: ncclIbReceiverQpsCreateToRts: QP created: port=1 dev=3 devName=roceP2p1s0f1 ndevs=4 nmdevs=6 qp_num=2196 pkey=0 pd=0xf788d0164e50 oooRq=0
node2:66:76 [0] NCCL INFO NET/IB: ncclIbReceiverQpsCreateToRts: Flush QP created: port=1 dev=3 devName=roceP2p1s0f1 ndevs=4 nmdevs=6 qp_num=2197 pkey=0 pd=0xf788d0164e50
node2:66:76 [0] NCCL INFO NET/IB: Subnet-aware routing: overriding dev 4 with dev 0
node2:66:76 [0] NCCL INFO NET/IB: ncclIbResiliencyInit: Resiliency is disabled on the send communicator (comm=0xf788783d6000)
node2:66:76 [0] NCCL INFO NET/IB: Subnet-aware routing: overriding dev 5 with dev 2
node2:66:76 [0] NCCL INFO NET/IB: Subnet-aware routing: overriding dev 4 with dev 0
node2:66:76 [0] NCCL INFO NET/IB: Subnet-aware routing: overriding dev 5 with dev 2
node2:66:76 [0] NCCL INFO NET/IB: Subnet-aware routing: overriding dev 4 with dev 0
node2:66:76 [0] NCCL INFO NET/IB: Subnet-aware routing: overriding dev 5 with dev 2
node2:66:76 [0] NCCL INFO NET/IB: Subnet-aware routing: overriding dev 4 with dev 0
node2:66:76 [0] NCCL INFO NET/IB: ncclIbResiliencyInit: Resiliency is disabled on the recv communicator (comm=0xf7887841a000)
node2:66:76 [0] NCCL INFO NET/IB: ncclIbRecvCommInit: Receive work requests will be posted on-demand
node2:66:76 [0] NCCL INFO NET/IB: Subnet-aware routing: overriding dev 5 with dev 2
node2:66:76 [0] NCCL INFO NET/IB: Subnet-aware routing: overriding dev 4 with dev 0
node2:66:76 [0] NCCL INFO NET/IB: Subnet-aware routing: overriding dev 5 with dev 2
node2:66:76 [0] NCCL INFO NET/IB: Subnet-aware routing: overriding dev 4 with dev 0
node2:66:76 [0] NCCL INFO NET/IB: Subnet-aware routing: overriding dev 5 with dev 2
node2:66:76 [0] NCCL INFO NET/IB: Subnet-aware routing: overriding dev 4 with dev 0
node2:66:76 [0] NCCL INFO NET/IB: Subnet-aware routing: overriding dev 5 with dev 2
node2:66:76 [0] NCCL INFO NET/IB: ncclIbResiliencyInit: Resiliency is disabled on the send communicator (comm=0xf78878462000)
node2:66:76 [0] NCCL INFO NET/IB: Subnet-aware routing: overriding dev 5 with dev 2
node2:66:76 [0] NCCL INFO NET/IB: ncclIbSenderQpsToRts: Set ECE: IbDev 2 Port 1 qp_num 1848 set_ece={supported=1, vendor_id=0x15b3, options=0x30000002, comp_mask=0x0}
node2:66:76 [0] NCCL INFO NET/IB: ncclIbSenderQpsToRts: Set ECE: IbDev 2 Port 1 qp_num 1849 set_ece={supported=1, vendor_id=0x15b3, options=0x30000002, comp_mask=0x0}
node2:66:76 [0] NCCL INFO NET/IB: Subnet-aware routing: overriding dev 4 with dev 0
node2:66:76 [0] NCCL INFO NET/IB: ncclIbSenderQpsToRts: Set ECE: IbDev 0 Port 1 qp_num 40612 set_ece={supported=1, vendor_id=0x15b3, options=0x30000002, comp_mask=0x0}
node2:66:76 [0] NCCL INFO NET/IB: ncclIbSenderQpsToRts: Set ECE: IbDev 0 Port 1 qp_num 40613 set_ece={supported=1, vendor_id=0x15b3, options=0x30000002, comp_mask=0x0}
node2:66:76 [0] NCCL INFO NET/IB: Subnet-aware routing: overriding dev 5 with dev 2
node2:66:76 [0] NCCL INFO NET/IB: ncclIbSenderQpsCreate: QP created: port=1 dev=2 devName=roceP2p1s0f0 ndevs=4 nmdevs=6 qp_num=1850 pkey=0 pd=0xf788d01b9b00 oooRq=0
node2:66:76 [0] NCCL INFO NET/IB: ncclIbSenderQpsCreate: QP created: port=1 dev=2 devName=roceP2p1s0f0 ndevs=4 nmdevs=6 qp_num=1851 pkey=0 pd=0xf788d01b9b00 oooRq=0
node2:66:76 [0] NCCL INFO NET/IB: ncclIbConnectImpl: NCCL Dev 2 IbDev 2 Port 1 qp_num 1850 mtu 5 GID 3 (0/26FA8C0FFFF0000) ctsFifoRkey=0x190704 ctsFifoLkey=0x190704
node2:66:76 [0] NCCL INFO NET/IB: ncclIbConnectImpl: IbDev 2 Port 1 qp_num 1850 query_ece={supported=1, vendor_id=0x15b3, options=0x30000002, comp_mask=0x0}
node2:66:76 [0] NCCL INFO NET/IB: ncclIbConnectImpl: NCCL Dev 2 IbDev 2 Port 1 qp_num 1851 mtu 5 GID 3 (0/26FA8C0FFFF0000) ctsFifoRkey=0x190704 ctsFifoLkey=0x190704
node2:66:76 [0] NCCL INFO NET/IB: ncclIbConnectImpl: IbDev 2 Port 1 qp_num 1851 query_ece={supported=1, vendor_id=0x15b3, options=0x30000002, comp_mask=0x0}
node2:66:76 [0] NCCL INFO NET/IB: Subnet-aware routing: overriding dev 4 with dev 0
node2:66:76 [0] NCCL INFO NET/IB: Subnet-aware routing: overriding dev 5 with dev 2
node2:66:76 [0] NCCL INFO NET/IB: Subnet-aware routing: overriding dev 4 with dev 0
node2:66:76 [0] NCCL INFO NET/IB: Subnet-aware routing: overriding dev 4 with dev 1
node2:66:76 [0] NCCL INFO NET/IB: ncclIbReceiverQpsCreateToRts: QP created: port=1 dev=1 devName=rocep1s0f1 ndevs=4 nmdevs=6 qp_num=39597 pkey=0 pd=0xf788d0242a80 oooRq=0
node2:66:76 [0] NCCL INFO NET/IB: ncclIbReceiverQpsCreateToRts: QP created: port=1 dev=1 devName=rocep1s0f1 ndevs=4 nmdevs=6 qp_num=39598 pkey=0 pd=0xf788d0242a80 oooRq=0
node2:66:76 [0] NCCL INFO NET/IB: ncclIbReceiverQpsCreateToRts: Flush QP created: port=1 dev=1 devName=rocep1s0f1 ndevs=4 nmdevs=6 qp_num=39599 pkey=0 pd=0xf788d0242a80
node2:66:76 [0] NCCL INFO NET/IB: Subnet-aware routing: overriding dev 5 with dev 2
node2:66:76 [0] NCCL INFO NET/IB: ncclIbResiliencyInit: Resiliency is disabled on the recv communicator (comm=0xf78878575000)
node2:66:76 [0] NCCL INFO NET/IB: ncclIbRecvCommInit: Receive work requests will be posted on-demand
node2:66:76 [0] NCCL INFO NET/IB: Subnet-aware routing: overriding dev 5 with dev 2
node2:66:76 [0] NCCL INFO NET/IB: Subnet-aware routing: overriding dev 4 with dev 0
node2:66:76 [0] NCCL INFO NET/IB: Subnet-aware routing: overriding dev 5 with dev 2
node2:66:76 [0] NCCL INFO NET/IB: Subnet-aware routing: overriding dev 4 with dev 0
node2:66:76 [0] NCCL INFO NET/IB: Subnet-aware routing: overriding dev 5 with dev 2
node2:66:76 [0] NCCL INFO NET/IB: Subnet-aware routing: overriding dev 4 with dev 0
node2:66:76 [0] NCCL INFO NET/IB: ncclIbResiliencyInit: Resiliency is disabled on the send communicator (comm=0xf788785bd000)
node2:66:76 [0] NCCL INFO NET/IB: Subnet-aware routing: overriding dev 5 with dev 2
node2:66:76 [0] NCCL INFO NET/IB: ncclIbSenderQpsToRts: Set ECE: IbDev 2 Port 1 qp_num 1850 set_ece={supported=1, vendor_id=0x15b3, options=0x30000002, comp_mask=0x0}
node2:66:76 [0] NCCL INFO NET/IB: ncclIbSenderQpsToRts: Set ECE: IbDev 2 Port 1 qp_num 1851 set_ece={supported=1, vendor_id=0x15b3, options=0x30000002, comp_mask=0x0}
node2:66:76 [0] NCCL INFO NET/IB: Subnet-aware routing: overriding dev 4 with dev 0
node2:66:76 [0] NCCL INFO NET/IB: Subnet-aware routing: overriding dev 5 with dev 2
node2:66:76 [0] NCCL INFO NET/IB: Subnet-aware routing: overriding dev 4 with dev 0
node2:66:76 [0] NCCL INFO NET/IB: Subnet-aware routing: overriding dev 5 with dev 2
node2:66:76 [0] NCCL INFO NET/IB: Subnet-aware routing: overriding dev 5 with dev 3
node2:66:76 [0] NCCL INFO NET/IB: ncclIbReceiverQpsCreateToRts: QP created: port=1 dev=3 devName=roceP2p1s0f1 ndevs=4 nmdevs=6 qp_num=2198 pkey=0 pd=0xf788d0164e50 oooRq=0
node2:66:76 [0] NCCL INFO NET/IB: ncclIbReceiverQpsCreateToRts: QP created: port=1 dev=3 devName=roceP2p1s0f1 ndevs=4 nmdevs=6 qp_num=2199 pkey=0 pd=0xf788d0164e50 oooRq=0
node2:66:76 [0] NCCL INFO NET/IB: ncclIbReceiverQpsCreateToRts: Flush QP created: port=1 dev=3 devName=roceP2p1s0f1 ndevs=4 nmdevs=6 qp_num=2200 pkey=0 pd=0xf788d0164e50
node2:66:76 [0] NCCL INFO NET/IB: Subnet-aware routing: overriding dev 4 with dev 0
node2:66:76 [0] NCCL INFO NET/IB: ncclIbResiliencyInit: Resiliency is disabled on the recv communicator (comm=0xf78878674000)
node2:66:76 [0] NCCL INFO NET/IB: ncclIbRecvCommInit: Receive work requests will be posted on-demand
node2:66:76 [0] NCCL INFO NET/IB: Subnet-aware routing: overriding dev 4 with dev 0
node2:66:76 [0] NCCL INFO NET/IB: ncclIbSenderQpsCreate: QP created: port=1 dev=0 devName=rocep1s0f0 ndevs=4 nmdevs=6 qp_num=40614 pkey=0 pd=0xf788d007dc30 oooRq=0
node2:66:76 [0] NCCL INFO NET/IB: ncclIbSenderQpsCreate: QP created: port=1 dev=0 devName=rocep1s0f0 ndevs=4 nmdevs=6 qp_num=40615 pkey=0 pd=0xf788d007dc30 oooRq=0
node2:66:76 [0] NCCL INFO NET/IB: ncclIbConnectImpl: NCCL Dev 0 IbDev 0 Port 1 qp_num 40614 mtu 5 GID 6 (0/265A8C0FFFF0000) ctsFifoRkey=0x17f0ad ctsFifoLkey=0x17f0ad
node2:66:76 [0] NCCL INFO NET/IB: ncclIbConnectImpl: IbDev 0 Port 1 qp_num 40614 query_ece={supported=1, vendor_id=0x15b3, options=0x30000002, comp_mask=0x0}
node2:66:76 [0] NCCL INFO NET/IB: ncclIbConnectImpl: NCCL Dev 0 IbDev 0 Port 1 qp_num 40615 mtu 5 GID 6 (0/265A8C0FFFF0000) ctsFifoRkey=0x17f0ad ctsFifoLkey=0x17f0ad
node2:66:76 [0] NCCL INFO NET/IB: ncclIbConnectImpl: IbDev 0 Port 1 qp_num 40615 query_ece={supported=1, vendor_id=0x15b3, options=0x30000002, comp_mask=0x0}
node2:66:76 [0] NCCL INFO NET/IB: Subnet-aware routing: overriding dev 5 with dev 2
node2:66:76 [0] NCCL INFO NET/IB: Subnet-aware routing: overriding dev 4 with dev 0
node2:66:76 [0] NCCL INFO NET/IB: Subnet-aware routing: overriding dev 5 with dev 2
node2:66:76 [0] NCCL INFO NET/IB: Subnet-aware routing: overriding dev 4 with dev 0
node2:66:76 [0] NCCL INFO NET/IB: Subnet-aware routing: overriding dev 5 with dev 2
node2:66:76 [0] NCCL INFO NET/IB: ncclIbResiliencyInit: Resiliency is disabled on the send communicator (comm=0xf78878717000)
node2:66:76 [0] NCCL INFO NET/IB: Subnet-aware routing: overriding dev 4 with dev 0
node2:66:76 [0] NCCL INFO NET/IB: Subnet-aware routing: overriding dev 5 with dev 2
node2:66:76 [0] NCCL INFO NET/IB: ncclIbSenderQpsCreate: QP created: port=1 dev=2 devName=roceP2p1s0f0 ndevs=4 nmdevs=6 qp_num=1852 pkey=0 pd=0xf788d01b9b00 oooRq=0
node2:66:76 [0] NCCL INFO NET/IB: ncclIbSenderQpsCreate: QP created: port=1 dev=2 devName=roceP2p1s0f0 ndevs=4 nmdevs=6 qp_num=1853 pkey=0 pd=0xf788d01b9b00 oooRq=0
node2:66:76 [0] NCCL INFO NET/IB: ncclIbConnectImpl: NCCL Dev 2 IbDev 2 Port 1 qp_num 1852 mtu 5 GID 3 (0/26FA8C0FFFF0000) ctsFifoRkey=0x19716e ctsFifoLkey=0x19716e
node2:66:76 [0] NCCL INFO NET/IB: ncclIbConnectImpl: IbDev 2 Port 1 qp_num 1852 query_ece={supported=1, vendor_id=0x15b3, options=0x30000002, comp_mask=0x0}
node2:66:76 [0] NCCL INFO NET/IB: ncclIbConnectImpl: NCCL Dev 2 IbDev 2 Port 1 qp_num 1853 mtu 5 GID 3 (0/26FA8C0FFFF0000) ctsFifoRkey=0x19716e ctsFifoLkey=0x19716e
node2:66:76 [0] NCCL INFO NET/IB: ncclIbConnectImpl: IbDev 2 Port 1 qp_num 1853 query_ece={supported=1, vendor_id=0x15b3, options=0x30000002, comp_mask=0x0}
node2:66:76 [0] NCCL INFO NET/IB: Subnet-aware routing: overriding dev 4 with dev 0
node2:66:76 [0] NCCL INFO NET/IB: Subnet-aware routing: overriding dev 5 with dev 2
node2:66:76 [0] NCCL INFO NET/IB: Subnet-aware routing: overriding dev 4 with dev 0
node2:66:76 [0] NCCL INFO NET/IB: Subnet-aware routing: overriding dev 4 with dev 1
node2:66:76 [0] NCCL INFO NET/IB: ncclIbReceiverQpsCreateToRts: QP created: port=1 dev=1 devName=rocep1s0f1 ndevs=4 nmdevs=6 qp_num=39600 pkey=0 pd=0xf788d0242a80 oooRq=0
node2:66:76 [0] NCCL INFO NET/IB: ncclIbReceiverQpsCreateToRts: QP created: port=1 dev=1 devName=rocep1s0f1 ndevs=4 nmdevs=6 qp_num=39601 pkey=0 pd=0xf788d0242a80 oooRq=0
node2:66:76 [0] NCCL INFO NET/IB: ncclIbReceiverQpsCreateToRts: Flush QP created: port=1 dev=1 devName=rocep1s0f1 ndevs=4 nmdevs=6 qp_num=39602 pkey=0 pd=0xf788d0242a80
node2:66:76 [0] NCCL INFO NET/IB: Subnet-aware routing: overriding dev 5 with dev 2
node2:66:76 [0] NCCL INFO NET/IB: ncclIbResiliencyInit: Resiliency is disabled on the recv communicator (comm=0xf78878830000)
node2:66:76 [0] NCCL INFO NET/IB: ncclIbRecvCommInit: Receive work requests will be posted on-demand
node2:66:76 [0] NCCL INFO NET/IB: Subnet-aware routing: overriding dev 4 with dev 0
node2:66:76 [0] NCCL INFO NET/IB: ncclIbSenderQpsToRts: Set ECE: IbDev 0 Port 1 qp_num 40614 set_ece={supported=1, vendor_id=0x15b3, options=0x30000002, comp_mask=0x0}
node2:66:76 [0] NCCL INFO NET/IB: ncclIbSenderQpsToRts: Set ECE: IbDev 0 Port 1 qp_num 40615 set_ece={supported=1, vendor_id=0x15b3, options=0x30000002, comp_mask=0x0}
node2:66:76 [0] NCCL INFO NET/IB: Subnet-aware routing: overriding dev 5 with dev 2
node2:66:76 [0] NCCL INFO NET/IB: ncclIbSenderQpsToRts: Set ECE: IbDev 2 Port 1 qp_num 1852 set_ece={supported=1, vendor_id=0x15b3, options=0x30000002, comp_mask=0x0}
node2:66:76 [0] NCCL INFO NET/IB: ncclIbSenderQpsToRts: Set ECE: IbDev 2 Port 1 qp_num 1853 set_ece={supported=1, vendor_id=0x15b3, options=0x30000002, comp_mask=0x0}
node2:66:76 [0] NCCL INFO NET/IB: Subnet-aware routing: overriding dev 4 with dev 0
node2:66:76 [0] NCCL INFO NET/IB: Subnet-aware routing: overriding dev 5 with dev 2
node2:66:76 [0] NCCL INFO NET/IB: Subnet-aware routing: overriding dev 4 with dev 0
node2:66:76 [0] NCCL INFO NET/IB: Subnet-aware routing: overriding dev 5 with dev 2
node2:66:76 [0] NCCL INFO NET/IB: Subnet-aware routing: overriding dev 4 with dev 0
node2:66:76 [0] NCCL INFO NET/IB: ncclIbResiliencyInit: Resiliency is disabled on the send communicator (comm=0xf78878878000)
node2:66:76 [0] NCCL INFO NET/IB: Subnet-aware routing: overriding dev 4 with dev 0
node2:66:76 [0] NCCL INFO NET/IB: ncclIbSenderQpsCreate: QP created: port=1 dev=0 devName=rocep1s0f0 ndevs=4 nmdevs=6 qp_num=40616 pkey=0 pd=0xf788d007dc30 oooRq=0
node2:66:76 [0] NCCL INFO NET/IB: ncclIbSenderQpsCreate: QP created: port=1 dev=0 devName=rocep1s0f0 ndevs=4 nmdevs=6 qp_num=40617 pkey=0 pd=0xf788d007dc30 oooRq=0
node2:66:76 [0] NCCL INFO NET/IB: ncclIbConnectImpl: NCCL Dev 0 IbDev 0 Port 1 qp_num 40616 mtu 5 GID 6 (0/265A8C0FFFF0000) ctsFifoRkey=0x174e09 ctsFifoLkey=0x174e09
node2:66:76 [0] NCCL INFO NET/IB: ncclIbConnectImpl: IbDev 0 Port 1 qp_num 40616 query_ece={supported=1, vendor_id=0x15b3, options=0x30000002, comp_mask=0x0}
node2:66:76 [0] NCCL INFO NET/IB: ncclIbConnectImpl: NCCL Dev 0 IbDev 0 Port 1 qp_num 40617 mtu 5 GID 6 (0/265A8C0FFFF0000) ctsFifoRkey=0x174e09 ctsFifoLkey=0x174e09
node2:66:76 [0] NCCL INFO NET/IB: ncclIbConnectImpl: IbDev 0 Port 1 qp_num 40617 query_ece={supported=1, vendor_id=0x15b3, options=0x30000002, comp_mask=0x0}
node2:66:76 [0] NCCL INFO NET/IB: Subnet-aware routing: overriding dev 5 with dev 2
node2:66:76 [0] NCCL INFO NET/IB: Subnet-aware routing: overriding dev 4 with dev 0
node2:66:76 [0] NCCL INFO NET/IB: Subnet-aware routing: overriding dev 5 with dev 2
node2:66:76 [0] NCCL INFO NET/IB: Subnet-aware routing: overriding dev 5 with dev 3
node2:66:76 [0] NCCL INFO NET/IB: ncclIbReceiverQpsCreateToRts: QP created: port=1 dev=3 devName=roceP2p1s0f1 ndevs=4 nmdevs=6 qp_num=2201 pkey=0 pd=0xf788d0164e50 oooRq=0
node2:66:76 [0] NCCL INFO NET/IB: ncclIbReceiverQpsCreateToRts: QP created: port=1 dev=3 devName=roceP2p1s0f1 ndevs=4 nmdevs=6 qp_num=2202 pkey=0 pd=0xf788d0164e50 oooRq=0
node2:66:76 [0] NCCL INFO NET/IB: ncclIbReceiverQpsCreateToRts: Flush QP created: port=1 dev=3 devName=roceP2p1s0f1 ndevs=4 nmdevs=6 qp_num=2203 pkey=0 pd=0xf788d0164e50
node2:66:76 [0] NCCL INFO NET/IB: Subnet-aware routing: overriding dev 4 with dev 0
node2:66:76 [0] NCCL INFO NET/IB: ncclIbResiliencyInit: Resiliency is disabled on the recv communicator (comm=0xf78878989000)
node2:66:76 [0] NCCL INFO NET/IB: ncclIbRecvCommInit: Receive work requests will be posted on-demand
node2:66:76 [0] NCCL INFO NET/IB: Subnet-aware routing: overriding dev 4 with dev 0
node2:66:76 [0] NCCL INFO NET/IB: Subnet-aware routing: overriding dev 5 with dev 2
node2:66:76 [0] NCCL INFO NET/IB: Subnet-aware routing: overriding dev 4 with dev 0
node2:66:76 [0] NCCL INFO NET/IB: Subnet-aware routing: overriding dev 5 with dev 2
node2:66:76 [0] NCCL INFO NET/IB: Subnet-aware routing: overriding dev 4 with dev 0
node2:66:76 [0] NCCL INFO NET/IB: Subnet-aware routing: overriding dev 5 with dev 2
node2:66:76 [0] NCCL INFO NET/IB: ncclIbResiliencyInit: Resiliency is disabled on the send communicator (comm=0xf788789d1000)
node2:66:76 [0] NCCL INFO NET/IB: Subnet-aware routing: overriding dev 4 with dev 0
node2:66:76 [0] NCCL INFO NET/IB: Subnet-aware routing: overriding dev 5 with dev 2
node2:66:76 [0] NCCL INFO NET/IB: Subnet-aware routing: overriding dev 4 with dev 0
node2:66:76 [0] NCCL INFO NET/IB: Subnet-aware routing: overriding dev 5 with dev 2
node2:66:76 [0] NCCL INFO NET/IB: Subnet-aware routing: overriding dev 4 with dev 0
node2:66:76 [0] NCCL INFO NET/IB: Subnet-aware routing: overriding dev 5 with dev 2
node2:66:76 [0] NCCL INFO NET/IB: ncclIbResiliencyInit: Resiliency is disabled on the recv communicator (comm=0xf78878a12000)
node2:66:76 [0] NCCL INFO NET/IB: ncclIbRecvCommInit: Receive work requests will be posted on-demand
node2:66:76 [0] NCCL INFO NET/IB: Subnet-aware routing: overriding dev 4 with dev 0
node2:66:76 [0] NCCL INFO NET/IB: ncclIbSenderQpsToRts: Set ECE: IbDev 0 Port 1 qp_num 40616 set_ece={supported=1, vendor_id=0x15b3, options=0x30000002, comp_mask=0x0}
node2:66:76 [0] NCCL INFO NET/IB: ncclIbSenderQpsToRts: Set ECE: IbDev 0 Port 1 qp_num 40617 set_ece={supported=1, vendor_id=0x15b3, options=0x30000002, comp_mask=0x0}
node2:66:76 [0] NCCL INFO NET/IB: Subnet-aware routing: overriding dev 5 with dev 2
node2:66:76 [0] NCCL INFO NET/IB: ncclIbSenderQpsCreate: QP created: port=1 dev=2 devName=roceP2p1s0f0 ndevs=4 nmdevs=6 qp_num=1854 pkey=0 pd=0xf788d01b9b00 oooRq=0
node2:66:76 [0] NCCL INFO NET/IB: ncclIbSenderQpsCreate: QP created: port=1 dev=2 devName=roceP2p1s0f0 ndevs=4 nmdevs=6 qp_num=1855 pkey=0 pd=0xf788d01b9b00 oooRq=0
node2:66:76 [0] NCCL INFO NET/IB: ncclIbConnectImpl: NCCL Dev 2 IbDev 2 Port 1 qp_num 1854 mtu 5 GID 3 (0/26FA8C0FFFF0000) ctsFifoRkey=0x19c5c4 ctsFifoLkey=0x19c5c4
node2:66:76 [0] NCCL INFO NET/IB: ncclIbConnectImpl: IbDev 2 Port 1 qp_num 1854 query_ece={supported=1, vendor_id=0x15b3, options=0x30000002, comp_mask=0x0}
node2:66:76 [0] NCCL INFO NET/IB: ncclIbConnectImpl: NCCL Dev 2 IbDev 2 Port 1 qp_num 1855 mtu 5 GID 3 (0/26FA8C0FFFF0000) ctsFifoRkey=0x19c5c4 ctsFifoLkey=0x19c5c4
node2:66:76 [0] NCCL INFO NET/IB: ncclIbConnectImpl: IbDev 2 Port 1 qp_num 1855 query_ece={supported=1, vendor_id=0x15b3, options=0x30000002, comp_mask=0x0}
node2:66:76 [0] NCCL INFO NET/IB: Subnet-aware routing: overriding dev 4 with dev 0
node2:66:76 [0] NCCL INFO NET/IB: ncclIbSenderQpsCreate: QP created: port=1 dev=0 devName=rocep1s0f0 ndevs=4 nmdevs=6 qp_num=40618 pkey=0 pd=0xf788d007dc30 oooRq=0
node2:66:76 [0] NCCL INFO NET/IB: ncclIbSenderQpsCreate: QP created: port=1 dev=0 devName=rocep1s0f0 ndevs=4 nmdevs=6 qp_num=40619 pkey=0 pd=0xf788d007dc30 oooRq=0
node2:66:76 [0] NCCL INFO NET/IB: ncclIbConnectImpl: NCCL Dev 0 IbDev 0 Port 1 qp_num 40618 mtu 5 GID 6 (0/265A8C0FFFF0000) ctsFifoRkey=0x155714 ctsFifoLkey=0x155714
node2:66:76 [0] NCCL INFO NET/IB: ncclIbConnectImpl: IbDev 0 Port 1 qp_num 40618 query_ece={supported=1, vendor_id=0x15b3, options=0x30000002, comp_mask=0x0}
node2:66:76 [0] NCCL INFO NET/IB: ncclIbConnectImpl: NCCL Dev 0 IbDev 0 Port 1 qp_num 40619 mtu 5 GID 6 (0/265A8C0FFFF0000) ctsFifoRkey=0x155714 ctsFifoLkey=0x155714
node2:66:76 [0] NCCL INFO NET/IB: ncclIbConnectImpl: IbDev 0 Port 1 qp_num 40619 query_ece={supported=1, vendor_id=0x15b3, options=0x30000002, comp_mask=0x0}
node2:66:76 [0] NCCL INFO NET/IB: Subnet-aware routing: overriding dev 5 with dev 2
node2:66:76 [0] NCCL INFO NET/IB: Subnet-aware routing: overriding dev 4 with dev 0
node2:66:76 [0] NCCL INFO NET/IB: Subnet-aware routing: overriding dev 4 with dev 1
node2:66:76 [0] NCCL INFO NET/IB: ncclIbReceiverQpsCreateToRts: QP created: port=1 dev=1 devName=rocep1s0f1 ndevs=4 nmdevs=6 qp_num=39603 pkey=0 pd=0xf788d0242a80 oooRq=0
node2:66:76 [0] NCCL INFO NET/IB: ncclIbReceiverQpsCreateToRts: QP created: port=1 dev=1 devName=rocep1s0f1 ndevs=4 nmdevs=6 qp_num=39604 pkey=0 pd=0xf788d0242a80 oooRq=0
node2:66:76 [0] NCCL INFO NET/IB: ncclIbReceiverQpsCreateToRts: Flush QP created: port=1 dev=1 devName=rocep1s0f1 ndevs=4 nmdevs=6 qp_num=39605 pkey=0 pd=0xf788d0242a80
node2:66:76 [0] NCCL INFO NET/IB: Subnet-aware routing: overriding dev 5 with dev 2
node2:66:76 [0] NCCL INFO NET/IB: Subnet-aware routing: overriding dev 5 with dev 3
node2:66:76 [0] NCCL INFO NET/IB: ncclIbReceiverQpsCreateToRts: QP created: port=1 dev=3 devName=roceP2p1s0f1 ndevs=4 nmdevs=6 qp_num=2204 pkey=0 pd=0xf788d0164e50 oooRq=0
node2:66:76 [0] NCCL INFO NET/IB: ncclIbReceiverQpsCreateToRts: QP created: port=1 dev=3 devName=roceP2p1s0f1 ndevs=4 nmdevs=6 qp_num=2205 pkey=0 pd=0xf788d0164e50 oooRq=0
node2:66:76 [0] NCCL INFO NET/IB: ncclIbReceiverQpsCreateToRts: Flush QP created: port=1 dev=3 devName=roceP2p1s0f1 ndevs=4 nmdevs=6 qp_num=2206 pkey=0 pd=0xf788d0164e50
node2:66:76 [0] NCCL INFO NET/IB: Subnet-aware routing: overriding dev 4 with dev 0
node2:66:76 [0] NCCL INFO NET/IB: ncclIbResiliencyInit: Resiliency is disabled on the send communicator (comm=0xf78878c03000)
node2:66:76 [0] NCCL INFO NET/IB: Subnet-aware routing: overriding dev 5 with dev 2
node2:66:76 [0] NCCL INFO NET/IB: Subnet-aware routing: overriding dev 4 with dev 0
node2:66:76 [0] NCCL INFO NET/IB: Subnet-aware routing: overriding dev 5 with dev 2
node2:66:76 [0] NCCL INFO NET/IB: Subnet-aware routing: overriding dev 4 with dev 0
node2:66:76 [0] NCCL INFO NET/IB: Subnet-aware routing: overriding dev 5 with dev 2
node2:66:76 [0] NCCL INFO NET/IB: Subnet-aware routing: overriding dev 4 with dev 0
node2:66:76 [0] NCCL INFO NET/IB: ncclIbResiliencyInit: Resiliency is disabled on the recv communicator (comm=0xf78878c44000)
node2:66:76 [0] NCCL INFO NET/IB: ncclIbRecvCommInit: Receive work requests will be posted on-demand
node2:66:76 [0] NCCL INFO NET/IB: Subnet-aware routing: overriding dev 5 with dev 2
node2:66:76 [0] NCCL INFO NET/IB: ncclIbSenderQpsToRts: Set ECE: IbDev 2 Port 1 qp_num 1854 set_ece={supported=1, vendor_id=0x15b3, options=0x30000002, comp_mask=0x0}
node2:66:76 [0] NCCL INFO NET/IB: ncclIbSenderQpsToRts: Set ECE: IbDev 2 Port 1 qp_num 1855 set_ece={supported=1, vendor_id=0x15b3, options=0x30000002, comp_mask=0x0}
node2:66:76 [0] NCCL INFO NET/IB: Subnet-aware routing: overriding dev 4 with dev 0
node2:66:76 [0] NCCL INFO NET/IB: ncclIbSenderQpsToRts: Set ECE: IbDev 0 Port 1 qp_num 40618 set_ece={supported=1, vendor_id=0x15b3, options=0x30000002, comp_mask=0x0}
node2:66:76 [0] NCCL INFO NET/IB: ncclIbSenderQpsToRts: Set ECE: IbDev 0 Port 1 qp_num 40619 set_ece={supported=1, vendor_id=0x15b3, options=0x30000002, comp_mask=0x0}
node2:66:76 [0] NCCL INFO NET/IB: Subnet-aware routing: overriding dev 5 with dev 2
node2:66:76 [0] NCCL INFO NET/IB: ncclIbSenderQpsCreate: QP created: port=1 dev=2 devName=roceP2p1s0f0 ndevs=4 nmdevs=6 qp_num=1856 pkey=0 pd=0xf788d01b9b00 oooRq=0
node2:66:76 [0] NCCL INFO NET/IB: ncclIbSenderQpsCreate: QP created: port=1 dev=2 devName=roceP2p1s0f0 ndevs=4 nmdevs=6 qp_num=1857 pkey=0 pd=0xf788d01b9b00 oooRq=0
node2:66:76 [0] NCCL INFO NET/IB: ncclIbConnectImpl: NCCL Dev 2 IbDev 2 Port 1 qp_num 1856 mtu 5 GID 3 (0/26FA8C0FFFF0000) ctsFifoRkey=0x197f76 ctsFifoLkey=0x197f76
node2:66:76 [0] NCCL INFO NET/IB: ncclIbConnectImpl: IbDev 2 Port 1 qp_num 1856 query_ece={supported=1, vendor_id=0x15b3, options=0x30000002, comp_mask=0x0}
node2:66:76 [0] NCCL INFO NET/IB: ncclIbConnectImpl: NCCL Dev 2 IbDev 2 Port 1 qp_num 1857 mtu 5 GID 3 (0/26FA8C0FFFF0000) ctsFifoRkey=0x197f76 ctsFifoLkey=0x197f76
node2:66:76 [0] NCCL INFO NET/IB: ncclIbConnectImpl: IbDev 2 Port 1 qp_num 1857 query_ece={supported=1, vendor_id=0x15b3, options=0x30000002, comp_mask=0x0}
node2:66:76 [0] NCCL INFO NET/IB: Subnet-aware routing: overriding dev 4 with dev 0
node2:66:76 [0] NCCL INFO NET/IB: Subnet-aware routing: overriding dev 5 with dev 2
node2:66:76 [0] NCCL INFO NET/IB: Subnet-aware routing: overriding dev 4 with dev 0
node2:66:76 [0] NCCL INFO NET/IB: Subnet-aware routing: overriding dev 5 with dev 2
node2:66:76 [0] NCCL INFO NET/IB: ncclIbResiliencyInit: Resiliency is disabled on the send communicator (comm=0xf78878ce1000)
node2:66:76 [0] NCCL INFO NET/IB: Subnet-aware routing: overriding dev 5 with dev 2
node2:66:76 [0] NCCL INFO NET/IB: Subnet-aware routing: overriding dev 4 with dev 0
node2:66:76 [0] NCCL INFO NET/IB: Subnet-aware routing: overriding dev 5 with dev 2
node2:66:76 [0] NCCL INFO NET/IB: Subnet-aware routing: overriding dev 4 with dev 0
node2:66:76 [0] NCCL INFO NET/IB: Subnet-aware routing: overriding dev 4 with dev 1
node2:66:76 [0] NCCL INFO NET/IB: ncclIbReceiverQpsCreateToRts: QP created: port=1 dev=1 devName=rocep1s0f1 ndevs=4 nmdevs=6 qp_num=39606 pkey=0 pd=0xf788d0242a80 oooRq=0
node2:66:76 [0] NCCL INFO NET/IB: ncclIbReceiverQpsCreateToRts: QP created: port=1 dev=1 devName=rocep1s0f1 ndevs=4 nmdevs=6 qp_num=39607 pkey=0 pd=0xf788d0242a80 oooRq=0
node2:66:76 [0] NCCL INFO NET/IB: ncclIbReceiverQpsCreateToRts: Flush QP created: port=1 dev=1 devName=rocep1s0f1 ndevs=4 nmdevs=6 qp_num=39608 pkey=0 pd=0xf788d0242a80
node2:66:76 [0] NCCL INFO NET/IB: Subnet-aware routing: overriding dev 5 with dev 2
node2:66:76 [0] NCCL INFO NET/IB: ncclIbResiliencyInit: Resiliency is disabled on the recv communicator (comm=0xf78878da1000)
node2:66:76 [0] NCCL INFO NET/IB: ncclIbRecvCommInit: Receive work requests will be posted on-demand
node2:66:76 [0] NCCL INFO NET/IB: Subnet-aware routing: overriding dev 5 with dev 2
node2:66:76 [0] NCCL INFO NET/IB: ncclIbSenderQpsToRts: Set ECE: IbDev 2 Port 1 qp_num 1856 set_ece={supported=1, vendor_id=0x15b3, options=0x30000002, comp_mask=0x0}
node2:66:76 [0] NCCL INFO NET/IB: ncclIbSenderQpsToRts: Set ECE: IbDev 2 Port 1 qp_num 1857 set_ece={supported=1, vendor_id=0x15b3, options=0x30000002, comp_mask=0x0}
node2:66:76 [0] NCCL INFO NET/IB: Subnet-aware routing: overriding dev 4 with dev 0
node2:66:76 [0] NCCL INFO NET/IB: Subnet-aware routing: overriding dev 5 with dev 2
node2:66:76 [0] NCCL INFO NET/IB: Subnet-aware routing: overriding dev 4 with dev 0
node2:66:76 [0] NCCL INFO NET/IB: Subnet-aware routing: overriding dev 5 with dev 2
node2:66:76 [0] NCCL INFO NET/IB: Subnet-aware routing: overriding dev 4 with dev 0
node2:66:76 [0] NCCL INFO NET/IB: ncclIbResiliencyInit: Resiliency is disabled on the send communicator (comm=0xf78878de9000)
node2:66:76 [0] NCCL INFO NET/IB: Subnet-aware routing: overriding dev 4 with dev 0
node2:66:76 [0] NCCL INFO NET/IB: Subnet-aware routing: overriding dev 5 with dev 2
node2:66:76 [0] NCCL INFO NET/IB: Subnet-aware routing: overriding dev 4 with dev 0
node2:66:76 [0] NCCL INFO NET/IB: Subnet-aware routing: overriding dev 5 with dev 2
node2:66:76 [0] NCCL INFO NET/IB: Subnet-aware routing: overriding dev 5 with dev 3
node2:66:76 [0] NCCL INFO NET/IB: ncclIbReceiverQpsCreateToRts: QP created: port=1 dev=3 devName=roceP2p1s0f1 ndevs=4 nmdevs=6 qp_num=2207 pkey=0 pd=0xf788d0164e50 oooRq=0
node2:66:76 [0] NCCL INFO NET/IB: ncclIbReceiverQpsCreateToRts: QP created: port=1 dev=3 devName=roceP2p1s0f1 ndevs=4 nmdevs=6 qp_num=2208 pkey=0 pd=0xf788d0164e50 oooRq=0
node2:66:76 [0] NCCL INFO NET/IB: ncclIbReceiverQpsCreateToRts: Flush QP created: port=1 dev=3 devName=roceP2p1s0f1 ndevs=4 nmdevs=6 qp_num=2209 pkey=0 pd=0xf788d0164e50
node2:66:76 [0] NCCL INFO NET/IB: Subnet-aware routing: overriding dev 4 with dev 0
node2:66:76 [0] NCCL INFO NET/IB: ncclIbResiliencyInit: Resiliency is disabled on the recv communicator (comm=0xf78878ea2000)
node2:66:76 [0] NCCL INFO NET/IB: ncclIbRecvCommInit: Receive work requests will be posted on-demand
node2:66:76 [0] NCCL INFO NET/IB: Subnet-aware routing: overriding dev 4 with dev 0
node2:66:76 [0] NCCL INFO NET/IB: Subnet-aware routing: overriding dev 5 with dev 2
node2:66:76 [0] NCCL INFO NET/IB: Subnet-aware routing: overriding dev 4 with dev 0
node2:66:76 [0] NCCL INFO NET/IB: Subnet-aware routing: overriding dev 5 with dev 2
node2:66:76 [0] NCCL INFO NET/IB: Subnet-aware routing: overriding dev 4 with dev 0
node2:66:76 [0] NCCL INFO NET/IB: Subnet-aware routing: overriding dev 5 with dev 2
node2:66:76 [0] NCCL INFO NET/IB: ncclIbResiliencyInit: Resiliency is disabled on the send communicator (comm=0xf78878eea000)
node2:66:76 [0] NCCL INFO NET/IB: Subnet-aware routing: overriding dev 4 with dev 0
node2:66:76 [0] NCCL INFO NET/IB: Subnet-aware routing: overriding dev 5 with dev 2
node2:66:76 [0] NCCL INFO NET/IB: Subnet-aware routing: overriding dev 4 with dev 0
node2:66:76 [0] NCCL INFO NET/IB: Subnet-aware routing: overriding dev 5 with dev 2
node2:66:76 [0] NCCL INFO NET/IB: Subnet-aware routing: overriding dev 4 with dev 0
node2:66:76 [0] NCCL INFO NET/IB: Subnet-aware routing: overriding dev 5 with dev 2
node2:66:76 [0] NCCL INFO NET/IB: ncclIbResiliencyInit: Resiliency is disabled on the recv communicator (comm=0xf78878f2e000)
node2:66:76 [0] NCCL INFO NET/IB: ncclIbRecvCommInit: Receive work requests will be posted on-demand
node2:66:76 [0] NCCL INFO NET/IB: Subnet-aware routing: overriding dev 4 with dev 0
node2:66:76 [0] NCCL INFO NET/IB: ncclIbSenderQpsCreate: QP created: port=1 dev=0 devName=rocep1s0f0 ndevs=4 nmdevs=6 qp_num=40620 pkey=0 pd=0xf788d007dc30 oooRq=0
node2:66:76 [0] NCCL INFO NET/IB: ncclIbSenderQpsCreate: QP created: port=1 dev=0 devName=rocep1s0f0 ndevs=4 nmdevs=6 qp_num=40621 pkey=0 pd=0xf788d007dc30 oooRq=0
node2:66:76 [0] NCCL INFO NET/IB: ncclIbConnectImpl: NCCL Dev 0 IbDev 0 Port 1 qp_num 40620 mtu 5 GID 6 (0/265A8C0FFFF0000) ctsFifoRkey=0x1d5bd9 ctsFifoLkey=0x1d5bd9
node2:66:76 [0] NCCL INFO NET/IB: ncclIbConnectImpl: IbDev 0 Port 1 qp_num 40620 query_ece={supported=1, vendor_id=0x15b3, options=0x30000002, comp_mask=0x0}
node2:66:76 [0] NCCL INFO NET/IB: ncclIbConnectImpl: NCCL Dev 0 IbDev 0 Port 1 qp_num 40621 mtu 5 GID 6 (0/265A8C0FFFF0000) ctsFifoRkey=0x1d5bd9 ctsFifoLkey=0x1d5bd9
node2:66:76 [0] NCCL INFO NET/IB: ncclIbConnectImpl: IbDev 0 Port 1 qp_num 40621 query_ece={supported=1, vendor_id=0x15b3, options=0x30000002, comp_mask=0x0}
node2:66:76 [0] NCCL INFO NET/IB: Subnet-aware routing: overriding dev 5 with dev 2
node2:66:76 [0] NCCL INFO NET/IB: Subnet-aware routing: overriding dev 4 with dev 0
node2:66:76 [0] NCCL INFO NET/IB: Subnet-aware routing: overriding dev 5 with dev 2
node2:66:76 [0] NCCL INFO NET/IB: Subnet-aware routing: overriding dev 4 with dev 0
node2:66:76 [0] NCCL INFO NET/IB: Subnet-aware routing: overriding dev 5 with dev 2
node2:66:76 [0] NCCL INFO NET/IB: Subnet-aware routing: overriding dev 4 with dev 0
node2:66:76 [0] NCCL INFO NET/IB: ncclIbResiliencyInit: Resiliency is disabled on the send communicator (comm=0xf78878fd1000)
node2:66:76 [0] NCCL INFO NET/IB: Subnet-aware routing: overriding dev 4 with dev 0
node2:66:76 [0] NCCL INFO NET/IB: ncclIbSenderQpsToRts: Set ECE: IbDev 0 Port 1 qp_num 40620 set_ece={supported=1, vendor_id=0x15b3, options=0x30000002, comp_mask=0x0}
node2:66:76 [0] NCCL INFO NET/IB: ncclIbSenderQpsToRts: Set ECE: IbDev 0 Port 1 qp_num 40621 set_ece={supported=1, vendor_id=0x15b3, options=0x30000002, comp_mask=0x0}
node2:66:76 [0] NCCL INFO NET/IB: Subnet-aware routing: overriding dev 5 with dev 2
node2:66:76 [0] NCCL INFO NET/IB: ncclIbSenderQpsCreate: QP created: port=1 dev=2 devName=roceP2p1s0f0 ndevs=4 nmdevs=6 qp_num=1858 pkey=0 pd=0xf788d01b9b00 oooRq=0
node2:66:76 [0] NCCL INFO NET/IB: ncclIbSenderQpsCreate: QP created: port=1 dev=2 devName=roceP2p1s0f0 ndevs=4 nmdevs=6 qp_num=1859 pkey=0 pd=0xf788d01b9b00 oooRq=0
node2:66:76 [0] NCCL INFO NET/IB: ncclIbConnectImpl: NCCL Dev 2 IbDev 2 Port 1 qp_num 1858 mtu 5 GID 3 (0/26FA8C0FFFF0000) ctsFifoRkey=0x19bbb9 ctsFifoLkey=0x19bbb9
node2:66:76 [0] NCCL INFO NET/IB: ncclIbConnectImpl: IbDev 2 Port 1 qp_num 1858 query_ece={supported=1, vendor_id=0x15b3, options=0x30000002, comp_mask=0x0}
node2:66:76 [0] NCCL INFO NET/IB: ncclIbConnectImpl: NCCL Dev 2 IbDev 2 Port 1 qp_num 1859 mtu 5 GID 3 (0/26FA8C0FFFF0000) ctsFifoRkey=0x19bbb9 ctsFifoLkey=0x19bbb9
node2:66:76 [0] NCCL INFO NET/IB: ncclIbConnectImpl: IbDev 2 Port 1 qp_num 1859 query_ece={supported=1, vendor_id=0x15b3, options=0x30000002, comp_mask=0x0}
node2:66:76 [0] NCCL INFO NET/IB: Subnet-aware routing: overriding dev 4 with dev 0
node2:66:76 [0] NCCL INFO NET/IB: ncclIbSenderQpsCreate: QP created: port=1 dev=0 devName=rocep1s0f0 ndevs=4 nmdevs=6 qp_num=40622 pkey=0 pd=0xf788d007dc30 oooRq=0
node2:66:76 [0] NCCL INFO NET/IB: ncclIbSenderQpsCreate: QP created: port=1 dev=0 devName=rocep1s0f0 ndevs=4 nmdevs=6 qp_num=40623 pkey=0 pd=0xf788d007dc30 oooRq=0
node2:66:76 [0] NCCL INFO NET/IB: ncclIbConnectImpl: NCCL Dev 0 IbDev 0 Port 1 qp_num 40622 mtu 5 GID 6 (0/265A8C0FFFF0000) ctsFifoRkey=0x1541fe ctsFifoLkey=0x1541fe
node2:66:76 [0] NCCL INFO NET/IB: ncclIbConnectImpl: IbDev 0 Port 1 qp_num 40622 query_ece={supported=1, vendor_id=0x15b3, options=0x30000002, comp_mask=0x0}
node2:66:76 [0] NCCL INFO NET/IB: ncclIbConnectImpl: NCCL Dev 0 IbDev 0 Port 1 qp_num 40623 mtu 5 GID 6 (0/265A8C0FFFF0000) ctsFifoRkey=0x1541fe ctsFifoLkey=0x1541fe
node2:66:76 [0] NCCL INFO NET/IB: ncclIbConnectImpl: IbDev 0 Port 1 qp_num 40623 query_ece={supported=1, vendor_id=0x15b3, options=0x30000002, comp_mask=0x0}
node2:66:76 [0] NCCL INFO NET/IB: Subnet-aware routing: overriding dev 5 with dev 2
node2:66:76 [0] NCCL INFO NET/IB: Subnet-aware routing: overriding dev 4 with dev 0
node2:66:76 [0] NCCL INFO NET/IB: Subnet-aware routing: overriding dev 4 with dev 1
node2:66:76 [0] NCCL INFO NET/IB: ncclIbReceiverQpsCreateToRts: QP created: port=1 dev=1 devName=rocep1s0f1 ndevs=4 nmdevs=6 qp_num=39609 pkey=0 pd=0xf788d0242a80 oooRq=0
node2:66:76 [0] NCCL INFO NET/IB: ncclIbReceiverQpsCreateToRts: QP created: port=1 dev=1 devName=rocep1s0f1 ndevs=4 nmdevs=6 qp_num=39610 pkey=0 pd=0xf788d0242a80 oooRq=0
node2:66:76 [0] NCCL INFO NET/IB: ncclIbReceiverQpsCreateToRts: Flush QP created: port=1 dev=1 devName=rocep1s0f1 ndevs=4 nmdevs=6 qp_num=39611 pkey=0 pd=0xf788d0242a80
node2:66:76 [0] NCCL INFO NET/IB: Subnet-aware routing: overriding dev 5 with dev 2
node2:66:76 [0] NCCL INFO NET/IB: Subnet-aware routing: overriding dev 5 with dev 3
node2:66:76 [0] NCCL INFO NET/IB: ncclIbReceiverQpsCreateToRts: QP created: port=1 dev=3 devName=roceP2p1s0f1 ndevs=4 nmdevs=6 qp_num=2210 pkey=0 pd=0xf788d0164e50 oooRq=0
node2:66:76 [0] NCCL INFO NET/IB: ncclIbReceiverQpsCreateToRts: QP created: port=1 dev=3 devName=roceP2p1s0f1 ndevs=4 nmdevs=6 qp_num=2211 pkey=0 pd=0xf788d0164e50 oooRq=0
node2:66:76 [0] NCCL INFO NET/IB: ncclIbReceiverQpsCreateToRts: Flush QP created: port=1 dev=3 devName=roceP2p1s0f1 ndevs=4 nmdevs=6 qp_num=2212 pkey=0 pd=0xf788d0164e50
node2:66:76 [0] NCCL INFO NET/IB: Subnet-aware routing: overriding dev 4 with dev 0
node2:66:76 [0] NCCL INFO NET/IB: ncclIbResiliencyInit: Resiliency is disabled on the recv communicator (comm=0xf788791bc000)
node2:66:76 [0] NCCL INFO NET/IB: ncclIbRecvCommInit: Receive work requests will be posted on-demand
node2:66:76 [0] NCCL INFO NET/IB: Subnet-aware routing: overriding dev 5 with dev 2
node2:66:76 [0] NCCL INFO NET/IB: Subnet-aware routing: overriding dev 4 with dev 0
node2:66:76 [0] NCCL INFO NET/IB: Subnet-aware routing: overriding dev 5 with dev 2
node2:66:76 [0] NCCL INFO NET/IB: Subnet-aware routing: overriding dev 4 with dev 0
node2:66:76 [0] NCCL INFO NET/IB: Subnet-aware routing: overriding dev 5 with dev 2
node2:66:76 [0] NCCL INFO NET/IB: Subnet-aware routing: overriding dev 4 with dev 0
node2:66:76 [0] NCCL INFO NET/IB: Subnet-aware routing: overriding dev 5 with dev 2
node2:66:76 [0] NCCL INFO NET/IB: ncclIbResiliencyInit: Resiliency is disabled on the send communicator (comm=0xf78879204000)
node2:66:76 [0] NCCL INFO NET/IB: Subnet-aware routing: overriding dev 5 with dev 2
node2:66:76 [0] NCCL INFO NET/IB: Subnet-aware routing: overriding dev 4 with dev 0
node2:66:76 [0] NCCL INFO NET/IB: Subnet-aware routing: overriding dev 5 with dev 2
node2:66:76 [0] NCCL INFO NET/IB: Subnet-aware routing: overriding dev 4 with dev 0
node2:66:76 [0] NCCL INFO NET/IB: Subnet-aware routing: overriding dev 5 with dev 2
node2:66:76 [0] NCCL INFO NET/IB: Subnet-aware routing: overriding dev 4 with dev 0
node2:66:76 [0] NCCL INFO NET/IB: Subnet-aware routing: overriding dev 5 with dev 2
node2:66:76 [0] NCCL INFO NET/IB: ncclIbResiliencyInit: Resiliency is disabled on the recv communicator (comm=0xf78879248000)
node2:66:76 [0] NCCL INFO NET/IB: ncclIbRecvCommInit: Receive work requests will be posted on-demand
node2:66:76 [0] NCCL INFO NET/IB: Subnet-aware routing: overriding dev 5 with dev 2
node2:66:76 [0] NCCL INFO NET/IB: ncclIbSenderQpsToRts: Set ECE: IbDev 2 Port 1 qp_num 1858 set_ece={supported=1, vendor_id=0x15b3, options=0x30000002, comp_mask=0x0}
node2:66:76 [0] NCCL INFO NET/IB: ncclIbSenderQpsToRts: Set ECE: IbDev 2 Port 1 qp_num 1859 set_ece={supported=1, vendor_id=0x15b3, options=0x30000002, comp_mask=0x0}
node2:66:76 [0] NCCL INFO NET/IB: Subnet-aware routing: overriding dev 4 with dev 0
node2:66:76 [0] NCCL INFO NET/IB: ncclIbSenderQpsToRts: Set ECE: IbDev 0 Port 1 qp_num 40622 set_ece={supported=1, vendor_id=0x15b3, options=0x30000002, comp_mask=0x0}
node2:66:76 [0] NCCL INFO NET/IB: ncclIbSenderQpsToRts: Set ECE: IbDev 0 Port 1 qp_num 40623 set_ece={supported=1, vendor_id=0x15b3, options=0x30000002, comp_mask=0x0}
node2:66:76 [0] NCCL INFO NET/IB: Subnet-aware routing: overriding dev 5 with dev 2
node2:66:76 [0] NCCL INFO NET/IB: ncclIbSenderQpsCreate: QP created: port=1 dev=2 devName=roceP2p1s0f0 ndevs=4 nmdevs=6 qp_num=1860 pkey=0 pd=0xf788d01b9b00 oooRq=0
node2:66:76 [0] NCCL INFO NET/IB: ncclIbSenderQpsCreate: QP created: port=1 dev=2 devName=roceP2p1s0f0 ndevs=4 nmdevs=6 qp_num=1861 pkey=0 pd=0xf788d01b9b00 oooRq=0
node2:66:76 [0] NCCL INFO NET/IB: ncclIbConnectImpl: NCCL Dev 2 IbDev 2 Port 1 qp_num 1860 mtu 5 GID 3 (0/26FA8C0FFFF0000) ctsFifoRkey=0x19c4c2 ctsFifoLkey=0x19c4c2
node2:66:76 [0] NCCL INFO NET/IB: ncclIbConnectImpl: IbDev 2 Port 1 qp_num 1860 query_ece={supported=1, vendor_id=0x15b3, options=0x30000002, comp_mask=0x0}
node2:66:76 [0] NCCL INFO NET/IB: ncclIbConnectImpl: NCCL Dev 2 IbDev 2 Port 1 qp_num 1861 mtu 5 GID 3 (0/26FA8C0FFFF0000) ctsFifoRkey=0x19c4c2 ctsFifoLkey=0x19c4c2
node2:66:76 [0] NCCL INFO NET/IB: ncclIbConnectImpl: IbDev 2 Port 1 qp_num 1861 query_ece={supported=1, vendor_id=0x15b3, options=0x30000002, comp_mask=0x0}
node2:66:76 [0] NCCL INFO NET/IB: Subnet-aware routing: overriding dev 4 with dev 0
node2:66:76 [0] NCCL INFO NET/IB: Subnet-aware routing: overriding dev 5 with dev 2
node2:66:76 [0] NCCL INFO NET/IB: Subnet-aware routing: overriding dev 4 with dev 0
node2:66:76 [0] NCCL INFO NET/IB: Subnet-aware routing: overriding dev 4 with dev 1
node2:66:76 [0] NCCL INFO NET/IB: ncclIbReceiverQpsCreateToRts: QP created: port=1 dev=1 devName=rocep1s0f1 ndevs=4 nmdevs=6 qp_num=39612 pkey=0 pd=0xf788d0242a80 oooRq=0
node2:66:76 [0] NCCL INFO NET/IB: ncclIbReceiverQpsCreateToRts: QP created: port=1 dev=1 devName=rocep1s0f1 ndevs=4 nmdevs=6 qp_num=39613 pkey=0 pd=0xf788d0242a80 oooRq=0
node2:66:76 [0] NCCL INFO NET/IB: ncclIbReceiverQpsCreateToRts: Flush QP created: port=1 dev=1 devName=rocep1s0f1 ndevs=4 nmdevs=6 qp_num=39614 pkey=0 pd=0xf788d0242a80
node2:66:76 [0] NCCL INFO NET/IB: Subnet-aware routing: overriding dev 5 with dev 2
node2:66:76 [0] NCCL INFO NET/IB: Subnet-aware routing: overriding dev 5 with dev 3
node2:66:76 [0] NCCL INFO NET/IB: ncclIbReceiverQpsCreateToRts: QP created: port=1 dev=3 devName=roceP2p1s0f1 ndevs=4 nmdevs=6 qp_num=2213 pkey=0 pd=0xf788d0164e50 oooRq=0
node2:66:76 [0] NCCL INFO NET/IB: ncclIbReceiverQpsCreateToRts: QP created: port=1 dev=3 devName=roceP2p1s0f1 ndevs=4 nmdevs=6 qp_num=2214 pkey=0 pd=0xf788d0164e50 oooRq=0
node2:66:76 [0] NCCL INFO NET/IB: ncclIbReceiverQpsCreateToRts: Flush QP created: port=1 dev=3 devName=roceP2p1s0f1 ndevs=4 nmdevs=6 qp_num=2215 pkey=0 pd=0xf788d0164e50
node2:66:76 [0] NCCL INFO NET/IB: Subnet-aware routing: overriding dev 4 with dev 0
node2:66:76 [0] NCCL INFO NET/IB: ncclIbResiliencyInit: Resiliency is disabled on the send communicator (comm=0xf788793d3000)
node2:66:76 [0] NCCL INFO NET/IB: Subnet-aware routing: overriding dev 5 with dev 2
node2:66:76 [0] NCCL INFO NET/IB: ncclIbSenderQpsToRts: Set ECE: IbDev 2 Port 1 qp_num 1860 set_ece={supported=1, vendor_id=0x15b3, options=0x30000002, comp_mask=0x0}
node2:66:76 [0] NCCL INFO NET/IB: ncclIbSenderQpsToRts: Set ECE: IbDev 2 Port 1 qp_num 1861 set_ece={supported=1, vendor_id=0x15b3, options=0x30000002, comp_mask=0x0}
node2:66:76 [0] NCCL INFO NET/IB: Subnet-aware routing: overriding dev 4 with dev 0
node2:66:76 [0] NCCL INFO NET/IB: ncclIbSenderQpsCreate: QP created: port=1 dev=0 devName=rocep1s0f0 ndevs=4 nmdevs=6 qp_num=40624 pkey=0 pd=0xf788d007dc30 oooRq=0
node2:66:76 [0] NCCL INFO NET/IB: ncclIbSenderQpsCreate: QP created: port=1 dev=0 devName=rocep1s0f0 ndevs=4 nmdevs=6 qp_num=40625 pkey=0 pd=0xf788d007dc30 oooRq=0
node2:66:76 [0] NCCL INFO NET/IB: ncclIbConnectImpl: NCCL Dev 0 IbDev 0 Port 1 qp_num 40624 mtu 5 GID 6 (0/265A8C0FFFF0000) ctsFifoRkey=0x16cd8b ctsFifoLkey=0x16cd8b
node2:66:76 [0] NCCL INFO NET/IB: ncclIbConnectImpl: IbDev 0 Port 1 qp_num 40624 query_ece={supported=1, vendor_id=0x15b3, options=0x30000002, comp_mask=0x0}
node2:66:76 [0] NCCL INFO NET/IB: ncclIbConnectImpl: NCCL Dev 0 IbDev 0 Port 1 qp_num 40625 mtu 5 GID 6 (0/265A8C0FFFF0000) ctsFifoRkey=0x16cd8b ctsFifoLkey=0x16cd8b
node2:66:76 [0] NCCL INFO NET/IB: ncclIbConnectImpl: IbDev 0 Port 1 qp_num 40625 query_ece={supported=1, vendor_id=0x15b3, options=0x30000002, comp_mask=0x0}
node2:66:76 [0] NCCL INFO NET/IB: Subnet-aware routing: overriding dev 5 with dev 2
node2:66:76 [0] NCCL INFO NET/IB: Subnet-aware routing: overriding dev 4 with dev 0
node2:66:76 [0] NCCL INFO NET/IB: Subnet-aware routing: overriding dev 5 with dev 2
node2:66:76 [0] NCCL INFO NET/IB: Subnet-aware routing: overriding dev 4 with dev 0
node2:66:76 [0] NCCL INFO NET/IB: ncclIbResiliencyInit: Resiliency is disabled on the recv communicator (comm=0xf7887946d000)
node2:66:76 [0] NCCL INFO NET/IB: ncclIbRecvCommInit: Receive work requests will be posted on-demand
node2:66:76 [0] NCCL INFO NET/IB: Subnet-aware routing: overriding dev 4 with dev 0
node2:66:76 [0] NCCL INFO NET/IB: Subnet-aware routing: overriding dev 5 with dev 2
node2:66:76 [0] NCCL INFO NET/IB: Subnet-aware routing: overriding dev 4 with dev 0
node2:66:76 [0] NCCL INFO NET/IB: Subnet-aware routing: overriding dev 5 with dev 2
node2:66:76 [0] NCCL INFO NET/IB: Subnet-aware routing: overriding dev 4 with dev 0
node2:66:76 [0] NCCL INFO NET/IB: Subnet-aware routing: overriding dev 5 with dev 2
node2:66:76 [0] NCCL INFO NET/IB: ncclIbResiliencyInit: Resiliency is disabled on the send communicator (comm=0xf788794b2000)
node2:66:76 [0] NCCL INFO NET/IB: Subnet-aware routing: overriding dev 4 with dev 0
node2:66:76 [0] NCCL INFO NET/IB: ncclIbSenderQpsToRts: Set ECE: IbDev 0 Port 1 qp_num 40624 set_ece={supported=1, vendor_id=0x15b3, options=0x30000002, comp_mask=0x0}
node2:66:76 [0] NCCL INFO NET/IB: ncclIbSenderQpsToRts: Set ECE: IbDev 0 Port 1 qp_num 40625 set_ece={supported=1, vendor_id=0x15b3, options=0x30000002, comp_mask=0x0}
node2:66:76 [0] NCCL INFO NET/IB: Subnet-aware routing: overriding dev 5 with dev 2
node2:66:76 [0] NCCL INFO NET/IB: ncclIbSenderQpsCreate: QP created: port=1 dev=2 devName=roceP2p1s0f0 ndevs=4 nmdevs=6 qp_num=1862 pkey=0 pd=0xf788d01b9b00 oooRq=0
node2:66:76 [0] NCCL INFO NET/IB: ncclIbSenderQpsCreate: QP created: port=1 dev=2 devName=roceP2p1s0f0 ndevs=4 nmdevs=6 qp_num=1863 pkey=0 pd=0xf788d01b9b00 oooRq=0
node2:66:76 [0] NCCL INFO NET/IB: ncclIbConnectImpl: NCCL Dev 2 IbDev 2 Port 1 qp_num 1862 mtu 5 GID 3 (0/26FA8C0FFFF0000) ctsFifoRkey=0x193d36 ctsFifoLkey=0x193d36
node2:66:76 [0] NCCL INFO NET/IB: ncclIbConnectImpl: IbDev 2 Port 1 qp_num 1862 query_ece={supported=1, vendor_id=0x15b3, options=0x30000002, comp_mask=0x0}
node2:66:76 [0] NCCL INFO NET/IB: ncclIbConnectImpl: NCCL Dev 2 IbDev 2 Port 1 qp_num 1863 mtu 5 GID 3 (0/26FA8C0FFFF0000) ctsFifoRkey=0x193d36 ctsFifoLkey=0x193d36
node2:66:76 [0] NCCL INFO NET/IB: ncclIbConnectImpl: IbDev 2 Port 1 qp_num 1863 query_ece={supported=1, vendor_id=0x15b3, options=0x30000002, comp_mask=0x0}
node2:66:76 [0] NCCL INFO NET/IB: Subnet-aware routing: overriding dev 4 with dev 0
node2:66:76 [0] NCCL INFO NET/IB: Subnet-aware routing: overriding dev 5 with dev 2
node2:66:76 [0] NCCL INFO NET/IB: Subnet-aware routing: overriding dev 4 with dev 0
node2:66:76 [0] NCCL INFO NET/IB: Subnet-aware routing: overriding dev 4 with dev 1
node2:66:76 [0] NCCL INFO NET/IB: ncclIbReceiverQpsCreateToRts: QP created: port=1 dev=1 devName=rocep1s0f1 ndevs=4 nmdevs=6 qp_num=39615 pkey=0 pd=0xf788d0242a80 oooRq=0
node2:66:76 [0] NCCL INFO NET/IB: ncclIbReceiverQpsCreateToRts: QP created: port=1 dev=1 devName=rocep1s0f1 ndevs=4 nmdevs=6 qp_num=39616 pkey=0 pd=0xf788d0242a80 oooRq=0
node2:66:76 [0] NCCL INFO NET/IB: ncclIbReceiverQpsCreateToRts: Flush QP created: port=1 dev=1 devName=rocep1s0f1 ndevs=4 nmdevs=6 qp_num=39617 pkey=0 pd=0xf788d0242a80
node2:66:76 [0] NCCL INFO NET/IB: Subnet-aware routing: overriding dev 5 with dev 2
node2:66:76 [0] NCCL INFO NET/IB: ncclIbResiliencyInit: Resiliency is disabled on the recv communicator (comm=0xf788795cb000)
node2:66:76 [0] NCCL INFO NET/IB: ncclIbRecvCommInit: Receive work requests will be posted on-demand
node2:66:76 [0] NCCL INFO NET/IB: Subnet-aware routing: overriding dev 5 with dev 2
node2:66:76 [0] NCCL INFO NET/IB: Subnet-aware routing: overriding dev 4 with dev 0
node2:66:76 [0] NCCL INFO NET/IB: Subnet-aware routing: overriding dev 5 with dev 2
node2:66:76 [0] NCCL INFO NET/IB: Subnet-aware routing: overriding dev 4 with dev 0
node2:66:76 [0] NCCL INFO NET/IB: Subnet-aware routing: overriding dev 5 with dev 2
node2:66:76 [0] NCCL INFO NET/IB: Subnet-aware routing: overriding dev 5 with dev 2
node2:66:76 [0] NCCL INFO NET/IB: Subnet-aware routing: overriding dev 4 with dev 0
node2:66:76 [0] NCCL INFO NET/IB: Subnet-aware routing: overriding dev 5 with dev 2
node2:66:76 [0] NCCL INFO NET/IB: Subnet-aware routing: overriding dev 4 with dev 0
node2:66:76 [0] NCCL INFO NET/IB: Subnet-aware routing: overriding dev 5 with dev 2
node2:66:76 [0] NCCL INFO NET/IB: Subnet-aware routing: overriding dev 5 with dev 2
node2:66:76 [0] NCCL INFO NET/IB: Subnet-aware routing: overriding dev 4 with dev 0
node2:66:76 [0] NCCL INFO NET/IB: Subnet-aware routing: overriding dev 5 with dev 2
node2:66:76 [0] NCCL INFO NET/IB: Subnet-aware routing: overriding dev 4 with dev 0
node2:66:76 [0] NCCL INFO NET/IB: Subnet-aware routing: overriding dev 5 with dev 2
node2:66:76 [0] NCCL INFO NET/IB: Subnet-aware routing: overriding dev 5 with dev 2
node2:66:76 [0] NCCL INFO NET/IB: Subnet-aware routing: overriding dev 4 with dev 0
node2:66:76 [0] NCCL INFO NET/IB: Subnet-aware routing: overriding dev 5 with dev 2
node2:66:76 [0] NCCL INFO NET/IB: Subnet-aware routing: overriding dev 4 with dev 0
node2:66:76 [0] NCCL INFO NET/IB: Subnet-aware routing: overriding dev 5 with dev 2
node2:66:76 [0] NCCL INFO NET/IB: Subnet-aware routing: overriding dev 5 with dev 3
node2:66:76 [0] NCCL INFO NET/IB: ncclIbReceiverQpsCreateToRts: QP created: port=1 dev=3 devName=roceP2p1s0f1 ndevs=4 nmdevs=6 qp_num=2216 pkey=0 pd=0xf788d0164e50 oooRq=0
node2:66:76 [0] NCCL INFO NET/IB: ncclIbReceiverQpsCreateToRts: QP created: port=1 dev=3 devName=roceP2p1s0f1 ndevs=4 nmdevs=6 qp_num=2217 pkey=0 pd=0xf788d0164e50 oooRq=0
node2:66:76 [0] NCCL INFO NET/IB: ncclIbReceiverQpsCreateToRts: Flush QP created: port=1 dev=3 devName=roceP2p1s0f1 ndevs=4 nmdevs=6 qp_num=2218 pkey=0 pd=0xf788d0164e50
node2:66:76 [0] NCCL INFO NET/IB: Subnet-aware routing: overriding dev 5 with dev 2
node2:66:76 [0] NCCL INFO NET/IB: ncclIbSenderQpsToRts: Set ECE: IbDev 2 Port 1 qp_num 1862 set_ece={supported=1, vendor_id=0x15b3, options=0x30000002, comp_mask=0x0}
node2:66:76 [0] NCCL INFO NET/IB: ncclIbSenderQpsToRts: Set ECE: IbDev 2 Port 1 qp_num 1863 set_ece={supported=1, vendor_id=0x15b3, options=0x30000002, comp_mask=0x0}
node2:66:76 [0] NCCL INFO NET/IB: Subnet-aware routing: overriding dev 4 with dev 0
node2:66:76 [0] NCCL INFO NET/IB: ncclIbSenderQpsCreate: QP created: port=1 dev=0 devName=rocep1s0f0 ndevs=4 nmdevs=6 qp_num=40626 pkey=0 pd=0xf788d007dc30 oooRq=0
node2:66:76 [0] NCCL INFO NET/IB: ncclIbSenderQpsCreate: QP created: port=1 dev=0 devName=rocep1s0f0 ndevs=4 nmdevs=6 qp_num=40627 pkey=0 pd=0xf788d007dc30 oooRq=0
node2:66:76 [0] NCCL INFO NET/IB: ncclIbConnectImpl: NCCL Dev 0 IbDev 0 Port 1 qp_num 40626 mtu 5 GID 6 (0/265A8C0FFFF0000) ctsFifoRkey=0x147633 ctsFifoLkey=0x147633
node2:66:76 [0] NCCL INFO NET/IB: ncclIbConnectImpl: IbDev 0 Port 1 qp_num 40626 query_ece={supported=1, vendor_id=0x15b3, options=0x30000002, comp_mask=0x0}
node2:66:76 [0] NCCL INFO NET/IB: ncclIbConnectImpl: NCCL Dev 0 IbDev 0 Port 1 qp_num 40627 mtu 5 GID 6 (0/265A8C0FFFF0000) ctsFifoRkey=0x147633 ctsFifoLkey=0x147633
node2:66:76 [0] NCCL INFO NET/IB: ncclIbConnectImpl: IbDev 0 Port 1 qp_num 40627 query_ece={supported=1, vendor_id=0x15b3, options=0x30000002, comp_mask=0x0}
node2:66:76 [0] NCCL INFO NET/IB: Subnet-aware routing: overriding dev 5 with dev 2
node2:66:76 [0] NCCL INFO NET/IB: ncclIbSenderQpsCreate: QP created: port=1 dev=2 devName=roceP2p1s0f0 ndevs=4 nmdevs=6 qp_num=1864 pkey=0 pd=0xf788d01b9b00 oooRq=0
node2:66:76 [0] NCCL INFO NET/IB: ncclIbSenderQpsCreate: QP created: port=1 dev=2 devName=roceP2p1s0f0 ndevs=4 nmdevs=6 qp_num=1865 pkey=0 pd=0xf788d01b9b00 oooRq=0
node2:66:76 [0] NCCL INFO NET/IB: ncclIbConnectImpl: NCCL Dev 2 IbDev 2 Port 1 qp_num 1864 mtu 5 GID 3 (0/26FA8C0FFFF0000) ctsFifoRkey=0x18b1af ctsFifoLkey=0x18b1af
node2:66:76 [0] NCCL INFO NET/IB: ncclIbConnectImpl: IbDev 2 Port 1 qp_num 1864 query_ece={supported=1, vendor_id=0x15b3, options=0x30000002, comp_mask=0x0}
node2:66:76 [0] NCCL INFO NET/IB: ncclIbConnectImpl: NCCL Dev 2 IbDev 2 Port 1 qp_num 1865 mtu 5 GID 3 (0/26FA8C0FFFF0000) ctsFifoRkey=0x18b1af ctsFifoLkey=0x18b1af
node2:66:76 [0] NCCL INFO NET/IB: ncclIbConnectImpl: IbDev 2 Port 1 qp_num 1865 query_ece={supported=1, vendor_id=0x15b3, options=0x30000002, comp_mask=0x0}
node2:66:76 [0] NCCL INFO NET/IB: Subnet-aware routing: overriding dev 4 with dev 0
node2:66:76 [0] NCCL INFO NET/IB: Subnet-aware routing: overriding dev 5 with dev 2
node2:66:76 [0] NCCL INFO NET/IB: Subnet-aware routing: overriding dev 4 with dev 0
node2:66:76 [0] NCCL INFO NET/IB: Subnet-aware routing: overriding dev 5 with dev 2
node2:66:76 [0] NCCL INFO NET/IB: Subnet-aware routing: overriding dev 4 with dev 0
node2:66:76 [0] NCCL INFO NET/IB: Subnet-aware routing: overriding dev 5 with dev 2
node2:66:76 [0] NCCL INFO NET/IB: Subnet-aware routing: overriding dev 4 with dev 0
node2:66:76 [0] NCCL INFO NET/IB: ncclIbSenderQpsToRts: Set ECE: IbDev 0 Port 1 qp_num 40626 set_ece={supported=1, vendor_id=0x15b3, options=0x30000002, comp_mask=0x0}
node2:66:76 [0] NCCL INFO NET/IB: ncclIbSenderQpsToRts: Set ECE: IbDev 0 Port 1 qp_num 40627 set_ece={supported=1, vendor_id=0x15b3, options=0x30000002, comp_mask=0x0}
node2:66:76 [0] NCCL INFO NET/IB: Subnet-aware routing: overriding dev 5 with dev 2
node2:66:76 [0] NCCL INFO NET/IB: Subnet-aware routing: overriding dev 4 with dev 0
node2:66:76 [0] NCCL INFO NET/IB: Subnet-aware routing: overriding dev 5 with dev 2
node2:66:76 [0] NCCL INFO NET/IB: Subnet-aware routing: overriding dev 5 with dev 2
node2:66:76 [0] NCCL INFO NET/IB: ncclIbSenderQpsToRts: Set ECE: IbDev 2 Port 1 qp_num 1864 set_ece={supported=1, vendor_id=0x15b3, options=0x30000002, comp_mask=0x0}
node2:66:76 [0] NCCL INFO NET/IB: ncclIbSenderQpsToRts: Set ECE: IbDev 2 Port 1 qp_num 1865 set_ece={supported=1, vendor_id=0x15b3, options=0x30000002, comp_mask=0x0}
node2:66:76 [0] NCCL INFO NET/IB: Subnet-aware routing: overriding dev 4 with dev 0
node2:66:76 [0] NCCL INFO NET/IB: Subnet-aware routing: overriding dev 5 with dev 2
node2:66:76 [0] NCCL INFO NET/IB: Subnet-aware routing: overriding dev 4 with dev 0
node2:66:76 [0] NCCL INFO NET/IB: Subnet-aware routing: overriding dev 5 with dev 2
node2:66:76 [0] NCCL INFO NET/IB: Subnet-aware routing: overriding dev 4 with dev 0
node2:66:76 [0] NCCL INFO NET/IB: Subnet-aware routing: overriding dev 5 with dev 2
node2:66:76 [0] NCCL INFO NET/IB: Subnet-aware routing: overriding dev 4 with dev 0
node2:66:76 [0] NCCL INFO NET/IB: Subnet-aware routing: overriding dev 5 with dev 2
node2:66:76 [0] NCCL INFO NET/IB: Subnet-aware routing: overriding dev 4 with dev 0
node2:66:76 [0] NCCL INFO NET/IB: Subnet-aware routing: overriding dev 5 with dev 2
node2:66:76 [0] NCCL INFO NET/IB: Subnet-aware routing: overriding dev 4 with dev 0
node2:66:76 [0] NCCL INFO NET/IB: Subnet-aware routing: overriding dev 5 with dev 2
node2:66:76 [0] NCCL INFO NET/IB: Subnet-aware routing: overriding dev 4 with dev 0
node2:66:76 [0] NCCL INFO NET/IB: Subnet-aware routing: overriding dev 5 with dev 2
node2:66:76 [0] NCCL INFO NET/IB: Subnet-aware routing: overriding dev 4 with dev 0
node2:66:76 [0] NCCL INFO NET/IB: Subnet-aware routing: overriding dev 5 with dev 2
node2:66:76 [0] NCCL INFO NET/IB: Subnet-aware routing: overriding dev 4 with dev 0
node2:66:76 [0] NCCL INFO NET/IB: Subnet-aware routing: overriding dev 5 with dev 2
node2:66:76 [0] NCCL INFO NET/IB: Subnet-aware routing: overriding dev 4 with dev 0
node2:66:76 [0] NCCL INFO NET/IB: Subnet-aware routing: overriding dev 5 with dev 2
node2:66:76 [0] NCCL INFO NET/IB: Subnet-aware routing: overriding dev 4 with dev 0
node2:66:76 [0] NCCL INFO NET/IB: Subnet-aware routing: overriding dev 5 with dev 2
node2:66:76 [0] NCCL INFO NET/IB: Subnet-aware routing: overriding dev 4 with dev 0
node2:66:76 [0] NCCL INFO NET/IB: Subnet-aware routing: overriding dev 5 with dev 2
node2:66:76 [0] NCCL INFO NET/IB: Subnet-aware routing: overriding dev 4 with dev 0
node2:66:76 [0] NCCL INFO NET/IB: Subnet-aware routing: overriding dev 5 with dev 2
node2:66:76 [0] NCCL INFO NET/IB: Subnet-aware routing: overriding dev 4 with dev 0
node2:66:76 [0] NCCL INFO NET/IB: Subnet-aware routing: overriding dev 5 with dev 2
node2:66:76 [0] NCCL INFO NET/IB: Subnet-aware routing: overriding dev 4 with dev 0
node2:66:76 [0] NCCL INFO NET/IB: Subnet-aware routing: overriding dev 5 with dev 2
node2:66:76 [0] NCCL INFO NET/IB: Subnet-aware routing: overriding dev 4 with dev 0
node2:66:76 [0] NCCL INFO NET/IB: ncclIbSenderQpsCreate: QP created: port=1 dev=0 devName=rocep1s0f0 ndevs=4 nmdevs=6 qp_num=40628 pkey=0 pd=0xf788d007dc30 oooRq=0
node2:66:76 [0] NCCL INFO NET/IB: ncclIbSenderQpsCreate: QP created: port=1 dev=0 devName=rocep1s0f0 ndevs=4 nmdevs=6 qp_num=40629 pkey=0 pd=0xf788d007dc30 oooRq=0
node2:66:76 [0] NCCL INFO NET/IB: ncclIbConnectImpl: NCCL Dev 0 IbDev 0 Port 1 qp_num 40628 mtu 5 GID 6 (0/265A8C0FFFF0000) ctsFifoRkey=0x1513ce ctsFifoLkey=0x1513ce
node2:66:76 [0] NCCL INFO NET/IB: ncclIbConnectImpl: IbDev 0 Port 1 qp_num 40628 query_ece={supported=1, vendor_id=0x15b3, options=0x30000002, comp_mask=0x0}
node2:66:76 [0] NCCL INFO NET/IB: ncclIbConnectImpl: NCCL Dev 0 IbDev 0 Port 1 qp_num 40629 mtu 5 GID 6 (0/265A8C0FFFF0000) ctsFifoRkey=0x1513ce ctsFifoLkey=0x1513ce
node2:66:76 [0] NCCL INFO NET/IB: ncclIbConnectImpl: IbDev 0 Port 1 qp_num 40629 query_ece={supported=1, vendor_id=0x15b3, options=0x30000002, comp_mask=0x0}
node2:66:76 [0] NCCL INFO NET/IB: Subnet-aware routing: overriding dev 5 with dev 2
node2:66:76 [0] NCCL INFO NET/IB: Subnet-aware routing: overriding dev 4 with dev 0
node2:66:76 [0] NCCL INFO NET/IB: Subnet-aware routing: overriding dev 5 with dev 2
node2:66:76 [0] NCCL INFO NET/IB: Subnet-aware routing: overriding dev 4 with dev 0
node2:66:76 [0] NCCL INFO NET/IB: Subnet-aware routing: overriding dev 5 with dev 2
node2:66:76 [0] NCCL INFO NET/IB: Subnet-aware routing: overriding dev 4 with dev 0
node2:66:76 [0] NCCL INFO NET/IB: Subnet-aware routing: overriding dev 5 with dev 2
node2:66:76 [0] NCCL INFO NET/IB: Subnet-aware routing: overriding dev 4 with dev 0
node2:66:76 [0] NCCL INFO NET/IB: Subnet-aware routing: overriding dev 5 with dev 2
node2:66:76 [0] NCCL INFO NET/IB: Subnet-aware routing: overriding dev 4 with dev 0
node2:66:76 [0] NCCL INFO NET/IB: Subnet-aware routing: overriding dev 5 with dev 2
node2:66:76 [0] NCCL INFO NET/IB: Subnet-aware routing: overriding dev 4 with dev 0
node2:66:76 [0] NCCL INFO NET/IB: Subnet-aware routing: overriding dev 5 with dev 2
node2:66:76 [0] NCCL INFO NET/IB: Subnet-aware routing: overriding dev 4 with dev 0
node2:66:76 [0] NCCL INFO NET/IB: Subnet-aware routing: overriding dev 5 with dev 2
node2:66:76 [0] NCCL INFO NET/IB: Subnet-aware routing: overriding dev 4 with dev 0
node2:66:76 [0] NCCL INFO NET/IB: ncclIbSenderQpsToRts: Set ECE: IbDev 0 Port 1 qp_num 40628 set_ece={supported=1, vendor_id=0x15b3, options=0x30000002, comp_mask=0x0}
node2:66:76 [0] NCCL INFO NET/IB: ncclIbSenderQpsToRts: Set ECE: IbDev 0 Port 1 qp_num 40629 set_ece={supported=1, vendor_id=0x15b3, options=0x30000002, comp_mask=0x0}
node2:66:76 [0] NCCL INFO NET/IB: Subnet-aware routing: overriding dev 5 with dev 2
node2:66:76 [0] NCCL INFO NET/IB: ncclIbSenderQpsCreate: QP created: port=1 dev=2 devName=roceP2p1s0f0 ndevs=4 nmdevs=6 qp_num=1866 pkey=0 pd=0xf788d01b9b00 oooRq=0
node2:66:76 [0] NCCL INFO NET/IB: ncclIbSenderQpsCreate: QP created: port=1 dev=2 devName=roceP2p1s0f0 ndevs=4 nmdevs=6 qp_num=1867 pkey=0 pd=0xf788d01b9b00 oooRq=0
node2:66:76 [0] NCCL INFO NET/IB: ncclIbConnectImpl: NCCL Dev 2 IbDev 2 Port 1 qp_num 1866 mtu 5 GID 3 (0/26FA8C0FFFF0000) ctsFifoRkey=0x194241 ctsFifoLkey=0x194241
node2:66:76 [0] NCCL INFO NET/IB: ncclIbConnectImpl: IbDev 2 Port 1 qp_num 1866 query_ece={supported=1, vendor_id=0x15b3, options=0x30000002, comp_mask=0x0}
node2:66:76 [0] NCCL INFO NET/IB: ncclIbConnectImpl: NCCL Dev 2 IbDev 2 Port 1 qp_num 1867 mtu 5 GID 3 (0/26FA8C0FFFF0000) ctsFifoRkey=0x194241 ctsFifoLkey=0x194241
node2:66:76 [0] NCCL INFO NET/IB: ncclIbConnectImpl: IbDev 2 Port 1 qp_num 1867 query_ece={supported=1, vendor_id=0x15b3, options=0x30000002, comp_mask=0x0}
node2:66:76 [0] NCCL INFO NET/IB: Subnet-aware routing: overriding dev 5 with dev 2
node2:66:76 [0] NCCL INFO NET/IB: Subnet-aware routing: overriding dev 5 with dev 2
node2:66:76 [0] NCCL INFO NET/IB: Subnet-aware routing: overriding dev 5 with dev 2
node2:66:76 [0] NCCL INFO NET/IB: Subnet-aware routing: overriding dev 5 with dev 2
node2:66:76 [0] NCCL INFO NET/IB: Subnet-aware routing: overriding dev 5 with dev 2
node2:66:76 [0] NCCL INFO NET/IB: Subnet-aware routing: overriding dev 5 with dev 2
node2:66:76 [0] NCCL INFO NET/IB: Subnet-aware routing: overriding dev 5 with dev 2
node2:66:76 [0] NCCL INFO NET/IB: Subnet-aware routing: overriding dev 5 with dev 2
node2:66:76 [0] NCCL INFO NET/IB: Subnet-aware routing: overriding dev 5 with dev 2
node2:66:76 [0] NCCL INFO NET/IB: Subnet-aware routing: overriding dev 5 with dev 2
node2:66:76 [0] NCCL INFO NET/IB: Subnet-aware routing: overriding dev 5 with dev 2
node2:66:76 [0] NCCL INFO NET/IB: Subnet-aware routing: overriding dev 5 with dev 2
node2:66:76 [0] NCCL INFO NET/IB: Subnet-aware routing: overriding dev 5 with dev 2
node2:66:76 [0] NCCL INFO NET/IB: Subnet-aware routing: overriding dev 5 with dev 2
node2:66:76 [0] NCCL INFO NET/IB: Subnet-aware routing: overriding dev 5 with dev 2
node2:66:76 [0] NCCL INFO NET/IB: Subnet-aware routing: overriding dev 5 with dev 2
node2:66:76 [0] NCCL INFO NET/IB: Subnet-aware routing: overriding dev 5 with dev 2
node2:66:76 [0] NCCL INFO NET/IB: ncclIbSenderQpsToRts: Set ECE: IbDev 2 Port 1 qp_num 1866 set_ece={supported=1, vendor_id=0x15b3, options=0x30000002, comp_mask=0x0}
node2:66:76 [0] NCCL INFO NET/IB: ncclIbSenderQpsToRts: Set ECE: IbDev 2 Port 1 qp_num 1867 set_ece={supported=1, vendor_id=0x15b3, options=0x30000002, comp_mask=0x0}
node2:66:66 [0] NCCL INFO Connected all rings, use ring PXN 0 GDR 0
