########## NCCL_DEBUG from sparkmain ##########
spark-5fa1:62:62 [0] NCCL INFO ncclOsDlopen(libnccl-env.so) failed: libnccl-env.so: cannot open shared object file: No such file or directory
spark-5fa1:62:62 [0] NCCL INFO ENV/Plugin: Could not find: libnccl-env.so
spark-5fa1:62:62 [0] NCCL INFO NCCL_SOCKET_IFNAME set by environment to wlP9s9
spark-5fa1:62:62 [0] NCCL INFO NCCL_SOCKET_IFNAME set to wlP9s9
spark-5fa1:62:66 [0] NCCL INFO Socket handshake magic 0x564ab9f2fc4b9d6c (built-in default)
spark-5fa1:62:62 [0] NCCL INFO cudaDriverVersion 13000
spark-5fa1:62:62 [0] NCCL INFO NCCL version 2.30.7+cuda13.3
spark-5fa1:62:62 [0] NCCL INFO NCCL git version HEAD a5187fa2e
spark-5fa1:62:62 [0] NCCL INFO Comm config nvlinkCentricSched set to 1
spark-5fa1:62:62 [0] NCCL INFO NCCL_NET_PLUGIN set by environment to none
spark-5fa1:62:62 [0] NCCL INFO NCCL_IB_DISABLE set by environment to 0.
spark-5fa1:62:62 [0] NCCL INFO dlvsym failed on mlx5dv_get_data_direct_sysfs_path - /lib/aarch64-linux-gnu/libmlx5.so: undefined symbol: mlx5dv_get_data_direct_sysfs_path, version MLX5_1.25 version MLX5_1.25
spark-5fa1:62:62 [0] NCCL INFO dlvsym failed on mlx5dv_reg_dmabuf_mr - /lib/aarch64-linux-gnu/libmlx5.so: undefined symbol: mlx5dv_reg_dmabuf_mr, version MLX5_1.25 version MLX5_1.25
spark-5fa1:62:62 [0] NCCL INFO NCCL_SOCKET_IFNAME set by environment to wlP9s9
spark-5fa1:62:62 [0] NCCL INFO NCCL_IB_HCA set to =rocep1s0f0,roceP2p1s0f0,rocep1s0f1,roceP2p1s0f1
spark-5fa1:62:62 [0] NCCL INFO NET/IB: [0] rocep1s0f0:uverbs0:1/RoCE provider=Mlx5 speed=200000 context=0xc21e910db550 pciPath=/sys/devices/pci0000:00/0000:00:00.0/0000:01:00.0 ar=0 oooRqSize=0
spark-5fa1:62:62 [0] NCCL INFO NET/IB: [1] rocep1s0f1:uverbs1:1/RoCE provider=Mlx5 speed=200000 context=0xc21e9111cba0 pciPath=/sys/devices/pci0000:00/0000:00:00.0/0000:01:00.0 ar=0 oooRqSize=0
spark-5fa1:62:62 [0] NCCL INFO NET/IB: [2] roceP2p1s0f0:uverbs2:1/RoCE provider=Mlx5 speed=200000 context=0xc21e9115e1f0 pciPath=/sys/devices/pci0002:00/0002:00:00.0/0002:01:00.0 ar=0 oooRqSize=0
spark-5fa1:62:62 [0] NCCL INFO NET/IB: [3] roceP2p1s0f1:uverbs3:1/RoCE provider=Mlx5 speed=200000 context=0xc21e9119f840 pciPath=/sys/devices/pci0002:00/0002:00:00.0/0002:01:00.0 ar=0 oooRqSize=0
spark-5fa1:62:62 [0] NCCL INFO NET/IB : Made virtual device [0] name=rocep1s0f0 speed=200000 ndevs=1 rail=-1 plane=-1
spark-5fa1:62:62 [0] NCCL INFO NET/IB : Made virtual device [1] name=rocep1s0f1 speed=200000 ndevs=1 rail=-1 plane=-1
spark-5fa1:62:62 [0] NCCL INFO NET/IB : Made virtual device [2] name=roceP2p1s0f0 speed=200000 ndevs=1 rail=-1 plane=-1
spark-5fa1:62:62 [0] NCCL INFO NET/IB : Made virtual device [3] name=roceP2p1s0f1 speed=200000 ndevs=1 rail=-1 plane=-1
spark-5fa1:62:62 [0] NCCL INFO NET/IB : Using [0]rocep1s0f0:1/RoCE [1]rocep1s0f1:1/RoCE [2]roceP2p1s0f0:1/RoCE [3]roceP2p1s0f1:1/RoCE [RO]; OOB wlP9s9:192.168.1.223<0>
spark-5fa1:62:62 [0] NCCL INFO Initialized NET plugin IB
spark-5fa1:62:62 [0] NCCL INFO Assigned NET plugin IB to comm
spark-5fa1:62:62 [0] NCCL INFO ncclOsDlopen(libnccl-rma.so) failed: libnccl-rma.so: cannot open shared object file: No such file or directory
spark-5fa1:62:62 [0] NCCL INFO RMA/Plugin: Could not find: libnccl-rma.so
spark-5fa1:62:62 [0] NCCL INFO RMA/Plugin: Failed to load external plugin libnccl-rma.so, dlHandle: (nil), ncclRma: (nil)
spark-5fa1:62:62 [0] NCCL INFO RMA/Plugin: Assigned plugin RMA_IB_PROXY to comm
spark-5fa1:62:62 [0] NCCL INFO ncclOsDlopen(libnccl-gin.so) failed: libnccl-gin.so: cannot open shared object file: No such file or directory
spark-5fa1:62:62 [0] NCCL INFO GIN/Plugin: Could not find: libnccl-gin.so
spark-5fa1:62:62 [0] NCCL INFO GIN/Plugin: Failed to load external plugin libnccl-gin.so, dlHandle: (nil), ncclGin: (nil)
spark-5fa1:62:62 [0] NCCL INFO GIN/Plugin: Assigned plugin GIN_IB_GDAKI type 3 to comm
spark-5fa1:62:62 [0] NCCL INFO Using network IB
spark-5fa1:62:62 [0] NCCL INFO Loaded NVML from libnvidia-ml.so.1
spark-5fa1:62:62 [0] NCCL INFO [Rank 0] ncclCommInitRankConfig comm 0xc21e8e627110 rank 0 nranks 3 cudaDev 0 nvmlDev 0 busId f01000 commId 0x1c2c2532b3c9695e - Init START
spark-5fa1:62:62 [0] NCCL INFO RAS client listening socket at 127.0.0.1<28028>
spark-5fa1:62:62 [0] NCCL INFO Topology detection: could not read /sys/devices/system/node/node4294967295/cpumap, using empty affinity
spark-5fa1:62:62 [0] NCCL INFO TOPO/NET : Importing network plugins to topology
spark-5fa1:62:62 [0] NCCL INFO NET/GIN_IB_GDAKI : GPU Direct RDMA Disabled for HCA 0 'rocep1s0f0'
spark-5fa1:62:62 [0] NCCL INFO ncclTopoPopulateNics : Filled rocep1s0f0 in topo with pciPath=/sys/devices/pci0000:00/0000:00:00.0/0000:01:00.0 net=0 gin=1 rma=(null) keep=1 coll=(null) rail=-1 plane=-1
spark-5fa1:62:62 [0] NCCL INFO NET/GIN_IB_GDAKI : GPU Direct RDMA Disabled for HCA 1 'rocep1s0f1'
spark-5fa1:62:62 [0] NCCL INFO ncclTopoPopulateNics : Filled rocep1s0f1 in topo with pciPath=/sys/devices/pci0000:00/0000:00:00.0/0000:01:00.0 net=0 gin=1 rma=(null) keep=1 coll=(null) rail=-1 plane=-1
spark-5fa1:62:62 [0] NCCL INFO NET/GIN_IB_GDAKI : GPU Direct RDMA Disabled for HCA 2 'roceP2p1s0f0'
spark-5fa1:62:62 [0] NCCL INFO ncclTopoPopulateNics : Filled roceP2p1s0f0 in topo with pciPath=/sys/devices/pci0002:00/0002:00:00.0/0002:01:00.0 net=0 gin=1 rma=(null) keep=1 coll=(null) rail=-1 plane=-1
spark-5fa1:62:62 [0] NCCL INFO NET/GIN_IB_GDAKI : GPU Direct RDMA Disabled for HCA 3 'roceP2p1s0f1'
spark-5fa1:62:62 [0] NCCL INFO ncclTopoPopulateNics : Filled roceP2p1s0f1 in topo with pciPath=/sys/devices/pci0002:00/0002:00:00.0/0002:01:00.0 net=0 gin=1 rma=(null) keep=1 coll=(null) rail=-1 plane=-1
spark-5fa1:62:62 [0] NCCL INFO NET/RMA_IB_PROXY : GPU Direct RDMA Disabled for HCA 0 'rocep1s0f0'
spark-5fa1:62:62 [0] NCCL INFO ncclTopoPopulateNics : Filled rocep1s0f0 in topo with pciPath=/sys/devices/pci0000:00/0000:00:00.0/0000:01:00.0 net=0 gin=1 rma=1 keep=1 coll=(null) rail=-1 plane=-1
spark-5fa1:62:62 [0] NCCL INFO NET/RMA_IB_PROXY : GPU Direct RDMA Disabled for HCA 1 'rocep1s0f1'
spark-5fa1:62:62 [0] NCCL INFO ncclTopoPopulateNics : Filled rocep1s0f1 in topo with pciPath=/sys/devices/pci0000:00/0000:00:00.0/0000:01:00.0 net=0 gin=1 rma=1 keep=1 coll=(null) rail=-1 plane=-1
spark-5fa1:62:62 [0] NCCL INFO NET/RMA_IB_PROXY : GPU Direct RDMA Disabled for HCA 2 'roceP2p1s0f0'
spark-5fa1:62:62 [0] NCCL INFO ncclTopoPopulateNics : Filled roceP2p1s0f0 in topo with pciPath=/sys/devices/pci0002:00/0002:00:00.0/0002:01:00.0 net=0 gin=1 rma=1 keep=1 coll=(null) rail=-1 plane=-1
spark-5fa1:62:62 [0] NCCL INFO NET/RMA_IB_PROXY : GPU Direct RDMA Disabled for HCA 3 'roceP2p1s0f1'
spark-5fa1:62:62 [0] NCCL INFO ncclTopoPopulateNics : Filled roceP2p1s0f1 in topo with pciPath=/sys/devices/pci0002:00/0002:00:00.0/0002:01:00.0 net=0 gin=1 rma=1 keep=1 coll=(null) rail=-1 plane=-1
spark-5fa1:62:62 [0] NCCL INFO NET/IB : GPU Direct RDMA Disabled for HCA 0 'rocep1s0f0'
spark-5fa1:62:62 [0] NCCL INFO ncclTopoPopulateNics : Filled rocep1s0f0 in topo with pciPath=/sys/devices/pci0000:00/0000:00:00.0/0000:01:00.0 net=1 gin=1 rma=1 keep=1 coll=(null) rail=-1 plane=-1
spark-5fa1:62:62 [0] NCCL INFO NET/IB : GPU Direct RDMA Disabled for HCA 1 'rocep1s0f1'
spark-5fa1:62:62 [0] NCCL INFO ncclTopoPopulateNics : Filled rocep1s0f1 in topo with pciPath=/sys/devices/pci0000:00/0000:00:00.0/0000:01:00.0 net=1 gin=1 rma=1 keep=1 coll=(null) rail=-1 plane=-1
spark-5fa1:62:62 [0] NCCL INFO NET/IB : GPU Direct RDMA Disabled for HCA 2 'roceP2p1s0f0'
spark-5fa1:62:62 [0] NCCL INFO ncclTopoPopulateNics : Filled roceP2p1s0f0 in topo with pciPath=/sys/devices/pci0002:00/0002:00:00.0/0002:01:00.0 net=1 gin=1 rma=1 keep=1 coll=(null) rail=-1 plane=-1
spark-5fa1:62:62 [0] NCCL INFO NET/IB : GPU Direct RDMA Disabled for HCA 3 'roceP2p1s0f1'
spark-5fa1:62:62 [0] NCCL INFO ncclTopoPopulateNics : Filled roceP2p1s0f1 in topo with pciPath=/sys/devices/pci0002:00/0002:00:00.0/0002:01:00.0 net=1 gin=1 rma=1 keep=1 coll=(null) rail=-1 plane=-1
spark-5fa1:62:62 [0] NCCL INFO NET/IB : Made virtual device [4] name=rocep1s0f0+rocep1s0f1 speed=400000 ndevs=2 rail=-1 plane=16385
spark-5fa1:62:62 [0] NCCL INFO TOPO/NET : Made vNic 4
spark-5fa1:62:62 [0] NCCL INFO NET/IB : Made virtual device [5] name=roceP2p1s0f0+roceP2p1s0f1 speed=400000 ndevs=2 rail=-1 plane=16385
spark-5fa1:62:62 [0] NCCL INFO TOPO/NET : Made vNic 5
spark-5fa1:62:62 [0] NCCL INFO NET/IB : GPU Direct RDMA Disabled for HCA 4 'rocep1s0f0+rocep1s0f1'
spark-5fa1:62:62 [0] NCCL INFO ncclTopoPopulateNics : Filled rocep1s0f0+rocep1s0f1 in topo with pciPath=/sys/devices/pci0000:00/0000:00:00.0/0000:01:00.0 net=1 gin=(null) rma=(null) keep=1 coll=(null) rail=-1 plane=16385
spark-5fa1:62:62 [0] NCCL INFO NET/IB : GPU Direct RDMA Disabled for HCA 5 'roceP2p1s0f0+roceP2p1s0f1'
spark-5fa1:62:62 [0] NCCL INFO ncclTopoPopulateNics : Filled roceP2p1s0f0+roceP2p1s0f1 in topo with pciPath=/sys/devices/pci0002:00/0002:00:00.0/0002:01:00.0 net=1 gin=(null) rma=(null) keep=1 coll=(null) rail=-1 plane=16385
spark-5fa1:62:62 [0] NCCL INFO === System : maxBw 12.0 totalBw 0.2 ===
spark-5fa1:62:62 [0] NCCL INFO CPU/0-ffffffffffffff (3/-1/-1)
spark-5fa1:62:62 [0] NCCL INFO + C2C[345.0] - DEV/0-f01000
spark-5fa1:62:62 [0] NCCL INFO + PCI[12.0] - NIC/0-1000
spark-5fa1:62:62 [0] NCCL INFO               + NET[50.0] - NET/0-4 (0/a25f2e000347bb4c/1/50.000000)
spark-5fa1:62:62 [0] NCCL INFO               + NET[25.0] - GIN/0-0
spark-5fa1:62:62 [0] NCCL INFO               + NET[25.0] - RMA/0-0
spark-5fa1:62:62 [0] NCCL INFO               + NET[25.0] - GIN/0-1
spark-5fa1:62:62 [0] NCCL INFO               + NET[25.0] - RMA/0-1
spark-5fa1:62:62 [0] NCCL INFO + PCI[12.0] - NIC/0-201000
spark-5fa1:62:62 [0] NCCL INFO               + NET[50.0] - NET/0-5 (0/a25f2e000347bb4c/1/50.000000)
spark-5fa1:62:62 [0] NCCL INFO               + NET[25.0] - GIN/0-2
spark-5fa1:62:62 [0] NCCL INFO               + NET[25.0] - RMA/0-2
spark-5fa1:62:62 [0] NCCL INFO               + NET[25.0] - GIN/0-3
spark-5fa1:62:62 [0] NCCL INFO               + NET[25.0] - RMA/0-3
spark-5fa1:62:62 [0] NCCL INFO + PCI[0.2] - DEV/0-f01000 (10de2e1210de0000)
spark-5fa1:62:62 [0] NCCL INFO              + LOC[5000.0] - GPU/0-f01000
spark-5fa1:62:62 [0] NCCL INFO              + C2C[345.0] - CPU/0-ffffffffffffff
spark-5fa1:62:62 [0] NCCL INFO ==========================================
spark-5fa1:62:62 [0] NCCL INFO GPU/0-f01000 :GPU/0-f01000 (0/5000.0/LOC) CPU/0-ffffffffffffff (2/345.0/C2C) NET/0-4 (4/12.0/P2C) NET/0-5 (4/12.0/P2C) GIN/0-0 (4/12.0/PHB) GIN/0-1 (4/12.0/PHB) GIN/0-2 (4/12.0/PHB) GIN/0-3 (4/12.0/PHB) RMA/0-0 (4/12.0/PHB) RMA/0-1 (4/12.0/PHB) RMA/0-2 (4/12.0/PHB) RMA/0-3 (4/12.0/PHB) DEV/0-f01000 (1/5000.0/LOC) 
spark-5fa1:62:62 [0] NCCL INFO NET/0-4 :GPU/0-f01000 (4/12.0/P2C) CPU/0-ffffffffffffff (2/12.0/PHB) NET/0-4 (0/5000.0/LOC) NET/0-5 (4/12.0/PHB) GIN/0-0 (2/25.0/LOC) GIN/0-1 (2/25.0/LOC) GIN/0-2 (4/12.0/PHB) GIN/0-3 (4/12.0/PHB) RMA/0-0 (2/25.0/LOC) RMA/0-1 (2/25.0/LOC) RMA/0-2 (4/12.0/PHB) RMA/0-3 (4/12.0/PHB) DEV/0-f01000 (3/12.0/PHB) 
spark-5fa1:62:62 [0] NCCL INFO NET/0-5 :GPU/0-f01000 (4/12.0/P2C) CPU/0-ffffffffffffff (2/12.0/PHB) NET/0-4 (4/12.0/PHB) NET/0-5 (0/5000.0/LOC) GIN/0-0 (4/12.0/PHB) GIN/0-1 (4/12.0/PHB) GIN/0-2 (2/25.0/LOC) GIN/0-3 (2/25.0/LOC) RMA/0-0 (4/12.0/PHB) RMA/0-1 (4/12.0/PHB) RMA/0-2 (2/25.0/LOC) RMA/0-3 (2/25.0/LOC) DEV/0-f01000 (3/12.0/PHB) 
spark-5fa1:62:62 [0] NCCL INFO GIN/0-0 :GPU/0-f01000 (4/12.0/PHB) CPU/0-ffffffffffffff (2/12.0/PHB) NET/0-4 (2/25.0/LOC) NET/0-5 (4/12.0/PHB) GIN/0-0 (0/5000.0/LOC) GIN/0-1 (2/25.0/LOC) GIN/0-2 (4/12.0/PHB) GIN/0-3 (4/12.0/PHB) RMA/0-0 (2/25.0/LOC) RMA/0-1 (2/25.0/LOC) RMA/0-2 (4/12.0/PHB) RMA/0-3 (4/12.0/PHB) DEV/0-f01000 (3/12.0/PHB) 
spark-5fa1:62:62 [0] NCCL INFO GIN/0-1 :GPU/0-f01000 (4/12.0/PHB) CPU/0-ffffffffffffff (2/12.0/PHB) NET/0-4 (2/25.0/LOC) NET/0-5 (4/12.0/PHB) GIN/0-0 (2/25.0/LOC) GIN/0-1 (0/5000.0/LOC) GIN/0-2 (4/12.0/PHB) GIN/0-3 (4/12.0/PHB) RMA/0-0 (2/25.0/LOC) RMA/0-1 (2/25.0/LOC) RMA/0-2 (4/12.0/PHB) RMA/0-3 (4/12.0/PHB) DEV/0-f01000 (3/12.0/PHB) 
spark-5fa1:62:62 [0] NCCL INFO GIN/0-2 :GPU/0-f01000 (4/12.0/PHB) CPU/0-ffffffffffffff (2/12.0/PHB) NET/0-4 (4/12.0/PHB) NET/0-5 (2/25.0/LOC) GIN/0-0 (4/12.0/PHB) GIN/0-1 (4/12.0/PHB) GIN/0-2 (0/5000.0/LOC) GIN/0-3 (2/25.0/LOC) RMA/0-0 (4/12.0/PHB) RMA/0-1 (4/12.0/PHB) RMA/0-2 (2/25.0/LOC) RMA/0-3 (2/25.0/LOC) DEV/0-f01000 (3/12.0/PHB) 
spark-5fa1:62:62 [0] NCCL INFO GIN/0-3 :GPU/0-f01000 (4/12.0/PHB) CPU/0-ffffffffffffff (2/12.0/PHB) NET/0-4 (4/12.0/PHB) NET/0-5 (2/25.0/LOC) GIN/0-0 (4/12.0/PHB) GIN/0-1 (4/12.0/PHB) GIN/0-2 (2/25.0/LOC) GIN/0-3 (0/5000.0/LOC) RMA/0-0 (4/12.0/PHB) RMA/0-1 (4/12.0/PHB) RMA/0-2 (2/25.0/LOC) RMA/0-3 (2/25.0/LOC) DEV/0-f01000 (3/12.0/PHB) 
spark-5fa1:62:62 [0] NCCL INFO RMA/0-0 :GPU/0-f01000 (4/12.0/PHB) CPU/0-ffffffffffffff (2/12.0/PHB) NET/0-4 (2/25.0/LOC) NET/0-5 (4/12.0/PHB) GIN/0-0 (2/25.0/LOC) GIN/0-1 (2/25.0/LOC) GIN/0-2 (4/12.0/PHB) GIN/0-3 (4/12.0/PHB) RMA/0-0 (0/5000.0/LOC) RMA/0-1 (2/25.0/LOC) RMA/0-2 (4/12.0/PHB) RMA/0-3 (4/12.0/PHB) DEV/0-f01000 (3/12.0/PHB) 
spark-5fa1:62:62 [0] NCCL INFO RMA/0-1 :GPU/0-f01000 (4/12.0/PHB) CPU/0-ffffffffffffff (2/12.0/PHB) NET/0-4 (2/25.0/LOC) NET/0-5 (4/12.0/PHB) GIN/0-0 (2/25.0/LOC) GIN/0-1 (2/25.0/LOC) GIN/0-2 (4/12.0/PHB) GIN/0-3 (4/12.0/PHB) RMA/0-0 (2/25.0/LOC) RMA/0-1 (0/5000.0/LOC) RMA/0-2 (4/12.0/PHB) RMA/0-3 (4/12.0/PHB) DEV/0-f01000 (3/12.0/PHB) 
spark-5fa1:62:62 [0] NCCL INFO RMA/0-2 :GPU/0-f01000 (4/12.0/PHB) CPU/0-ffffffffffffff (2/12.0/PHB) NET/0-4 (4/12.0/PHB) NET/0-5 (2/25.0/LOC) GIN/0-0 (4/12.0/PHB) GIN/0-1 (4/12.0/PHB) GIN/0-2 (2/25.0/LOC) GIN/0-3 (2/25.0/LOC) RMA/0-0 (4/12.0/PHB) RMA/0-1 (4/12.0/PHB) RMA/0-2 (0/5000.0/LOC) RMA/0-3 (2/25.0/LOC) DEV/0-f01000 (3/12.0/PHB) 
spark-5fa1:62:62 [0] NCCL INFO RMA/0-3 :GPU/0-f01000 (4/12.0/PHB) CPU/0-ffffffffffffff (2/12.0/PHB) NET/0-4 (4/12.0/PHB) NET/0-5 (2/25.0/LOC) GIN/0-0 (4/12.0/PHB) GIN/0-1 (4/12.0/PHB) GIN/0-2 (2/25.0/LOC) GIN/0-3 (2/25.0/LOC) RMA/0-0 (4/12.0/PHB) RMA/0-1 (4/12.0/PHB) RMA/0-2 (2/25.0/LOC) RMA/0-3 (0/5000.0/LOC) DEV/0-f01000 (3/12.0/PHB) 
spark-5fa1:62:62 [0] NCCL INFO ncclTopoGetCpuAffinity: Affinity for GPU 0 is empty, ignoring. (GPU affinity =  ; CPU affinity = 0-19).
spark-5fa1:62:62 [0] NCCL INFO Pattern 4, crossNic 0, nChannels 32, bw 0.240000/0.240000, type LOC/P2C, sameChannels 1
spark-5fa1:62:62 [0] NCCL INFO  0 : NET/0-4 GPU/0-f01000 NET/0-4
spark-5fa1:62:62 [0] NCCL INFO  1 : NET/0-5 GPU/0-f01000 NET/0-4
spark-5fa1:62:62 [0] NCCL INFO  2 : NET/0-4 GPU/0-f01000 NET/0-4
spark-5fa1:62:62 [0] NCCL INFO  3 : NET/0-5 GPU/0-f01000 NET/0-4
spark-5fa1:62:62 [0] NCCL INFO  4 : NET/0-4 GPU/0-f01000 NET/0-4
spark-5fa1:62:62 [0] NCCL INFO  5 : NET/0-5 GPU/0-f01000 NET/0-4
spark-5fa1:62:62 [0] NCCL INFO  6 : NET/0-4 GPU/0-f01000 NET/0-4
spark-5fa1:62:62 [0] NCCL INFO  7 : NET/0-5 GPU/0-f01000 NET/0-4
spark-5fa1:62:62 [0] NCCL INFO  8 : NET/0-4 GPU/0-f01000 NET/0-4
spark-5fa1:62:62 [0] NCCL INFO  9 : NET/0-5 GPU/0-f01000 NET/0-4
spark-5fa1:62:62 [0] NCCL INFO 10 : NET/0-4 GPU/0-f01000 NET/0-4
spark-5fa1:62:62 [0] NCCL INFO 11 : NET/0-5 GPU/0-f01000 NET/0-4
spark-5fa1:62:62 [0] NCCL INFO 12 : NET/0-4 GPU/0-f01000 NET/0-4
spark-5fa1:62:62 [0] NCCL INFO 13 : NET/0-5 GPU/0-f01000 NET/0-4
spark-5fa1:62:62 [0] NCCL INFO 14 : NET/0-4 GPU/0-f01000 NET/0-4
spark-5fa1:62:62 [0] NCCL INFO 15 : NET/0-5 GPU/0-f01000 NET/0-4
spark-5fa1:62:62 [0] NCCL INFO 16 : NET/0-4 GPU/0-f01000 NET/0-4
spark-5fa1:62:62 [0] NCCL INFO 17 : NET/0-5 GPU/0-f01000 NET/0-4
spark-5fa1:62:62 [0] NCCL INFO 18 : NET/0-4 GPU/0-f01000 NET/0-4
spark-5fa1:62:62 [0] NCCL INFO 19 : NET/0-5 GPU/0-f01000 NET/0-4
spark-5fa1:62:62 [0] NCCL INFO 20 : NET/0-4 GPU/0-f01000 NET/0-4
spark-5fa1:62:62 [0] NCCL INFO 21 : NET/0-5 GPU/0-f01000 NET/0-4
spark-5fa1:62:62 [0] NCCL INFO 22 : NET/0-4 GPU/0-f01000 NET/0-4
spark-5fa1:62:62 [0] NCCL INFO 23 : NET/0-5 GPU/0-f01000 NET/0-4
spark-5fa1:62:62 [0] NCCL INFO 24 : NET/0-4 GPU/0-f01000 NET/0-4
spark-5fa1:62:62 [0] NCCL INFO 25 : NET/0-5 GPU/0-f01000 NET/0-4
spark-5fa1:62:62 [0] NCCL INFO 26 : NET/0-4 GPU/0-f01000 NET/0-4
spark-5fa1:62:62 [0] NCCL INFO 27 : NET/0-5 GPU/0-f01000 NET/0-4
spark-5fa1:62:62 [0] NCCL INFO 28 : NET/0-4 GPU/0-f01000 NET/0-4
spark-5fa1:62:62 [0] NCCL INFO 29 : NET/0-5 GPU/0-f01000 NET/0-4
spark-5fa1:62:62 [0] NCCL INFO 30 : NET/0-4 GPU/0-f01000 NET/0-4
spark-5fa1:62:62 [0] NCCL INFO 31 : NET/0-5 GPU/0-f01000 NET/0-4
spark-5fa1:62:62 [0] NCCL INFO Pattern 3, crossNic 0, nChannels 32, bw 0.240000/0.120000, type LOC/P2C, sameChannels 1
spark-5fa1:62:62 [0] NCCL INFO  0 : NET/0-4 GPU/0-f01000 NET/0-4
spark-5fa1:62:62 [0] NCCL INFO  1 : NET/0-5 GPU/0-f01000 NET/0-5
spark-5fa1:62:62 [0] NCCL INFO  2 : NET/0-4 GPU/0-f01000 NET/0-4
spark-5fa1:62:62 [0] NCCL INFO  3 : NET/0-5 GPU/0-f01000 NET/0-5
spark-5fa1:62:62 [0] NCCL INFO  4 : NET/0-4 GPU/0-f01000 NET/0-4
spark-5fa1:62:62 [0] NCCL INFO  5 : NET/0-5 GPU/0-f01000 NET/0-5
spark-5fa1:62:62 [0] NCCL INFO  6 : NET/0-4 GPU/0-f01000 NET/0-4
spark-5fa1:62:62 [0] NCCL INFO  7 : NET/0-5 GPU/0-f01000 NET/0-5
spark-5fa1:62:62 [0] NCCL INFO  8 : NET/0-4 GPU/0-f01000 NET/0-4
spark-5fa1:62:62 [0] NCCL INFO  9 : NET/0-5 GPU/0-f01000 NET/0-5
spark-5fa1:62:62 [0] NCCL INFO 10 : NET/0-4 GPU/0-f01000 NET/0-4
spark-5fa1:62:62 [0] NCCL INFO 11 : NET/0-5 GPU/0-f01000 NET/0-5
spark-5fa1:62:62 [0] NCCL INFO 12 : NET/0-4 GPU/0-f01000 NET/0-4
spark-5fa1:62:62 [0] NCCL INFO 13 : NET/0-5 GPU/0-f01000 NET/0-5
spark-5fa1:62:62 [0] NCCL INFO 14 : NET/0-4 GPU/0-f01000 NET/0-4
spark-5fa1:62:62 [0] NCCL INFO 15 : NET/0-5 GPU/0-f01000 NET/0-5
spark-5fa1:62:62 [0] NCCL INFO 16 : NET/0-4 GPU/0-f01000 NET/0-4
spark-5fa1:62:62 [0] NCCL INFO 17 : NET/0-5 GPU/0-f01000 NET/0-5
spark-5fa1:62:62 [0] NCCL INFO 18 : NET/0-4 GPU/0-f01000 NET/0-4
spark-5fa1:62:62 [0] NCCL INFO 19 : NET/0-5 GPU/0-f01000 NET/0-5
spark-5fa1:62:62 [0] NCCL INFO 20 : NET/0-4 GPU/0-f01000 NET/0-4
spark-5fa1:62:62 [0] NCCL INFO 21 : NET/0-5 GPU/0-f01000 NET/0-5
spark-5fa1:62:62 [0] NCCL INFO 22 : NET/0-4 GPU/0-f01000 NET/0-4
spark-5fa1:62:62 [0] NCCL INFO 23 : NET/0-5 GPU/0-f01000 NET/0-5
spark-5fa1:62:62 [0] NCCL INFO 24 : NET/0-4 GPU/0-f01000 NET/0-4
spark-5fa1:62:62 [0] NCCL INFO 25 : NET/0-5 GPU/0-f01000 NET/0-5
spark-5fa1:62:62 [0] NCCL INFO 26 : NET/0-4 GPU/0-f01000 NET/0-4
spark-5fa1:62:62 [0] NCCL INFO 27 : NET/0-5 GPU/0-f01000 NET/0-5
spark-5fa1:62:62 [0] NCCL INFO 28 : NET/0-4 GPU/0-f01000 NET/0-4
spark-5fa1:62:62 [0] NCCL INFO 29 : NET/0-5 GPU/0-f01000 NET/0-5
spark-5fa1:62:62 [0] NCCL INFO 30 : NET/0-4 GPU/0-f01000 NET/0-4
spark-5fa1:62:62 [0] NCCL INFO 31 : NET/0-5 GPU/0-f01000 NET/0-5
spark-5fa1:62:62 [0] NCCL INFO Rank 0: 6 Net devices
spark-5fa1:62:62 [0] NCCL INFO Rank 0: 0 CollNet devices
spark-5fa1:62:62 [0] NCCL INFO Local Net device counts across ranks: min 6 max 6
spark-5fa1:62:62 [0] NCCL INFO Local CollNet device counts across ranks: min 0 max 0
spark-5fa1:62:62 [0] NCCL INFO comm 0xc21e8e627110 rank 0 nRanks 3 nNodes 3 localRanks 1 localRank 0 MNNVL 0
spark-5fa1:62:62 [0] NCCL INFO Tree 0 : -1 -> 0 -> 2/-1/-1
spark-5fa1:62:62 [0] NCCL INFO Tree 32 : 1 -> 0 -> 2/-1/-1
spark-5fa1:62:62 [0] NCCL INFO Tree 1 : -1 -> 0 -> 2/-1/-1
spark-5fa1:62:62 [0] NCCL INFO Tree 33 : 1 -> 0 -> 2/-1/-1
spark-5fa1:62:62 [0] NCCL INFO Tree 2 : -1 -> 0 -> 2/-1/-1
spark-5fa1:62:62 [0] NCCL INFO Tree 34 : 1 -> 0 -> 2/-1/-1
spark-5fa1:62:62 [0] NCCL INFO Tree 3 : -1 -> 0 -> 2/-1/-1
spark-5fa1:62:62 [0] NCCL INFO Tree 35 : 1 -> 0 -> 2/-1/-1
spark-5fa1:62:62 [0] NCCL INFO Tree 4 : -1 -> 0 -> 2/-1/-1
spark-5fa1:62:62 [0] NCCL INFO Tree 36 : 1 -> 0 -> 2/-1/-1
spark-5fa1:62:62 [0] NCCL INFO Tree 5 : -1 -> 0 -> 2/-1/-1
spark-5fa1:62:62 [0] NCCL INFO Tree 37 : 1 -> 0 -> 2/-1/-1
spark-5fa1:62:62 [0] NCCL INFO Tree 6 : -1 -> 0 -> 2/-1/-1
spark-5fa1:62:62 [0] NCCL INFO Tree 38 : 1 -> 0 -> 2/-1/-1
spark-5fa1:62:62 [0] NCCL INFO Tree 7 : -1 -> 0 -> 2/-1/-1
spark-5fa1:62:62 [0] NCCL INFO Tree 39 : 1 -> 0 -> 2/-1/-1
spark-5fa1:62:62 [0] NCCL INFO Tree 8 : -1 -> 0 -> 2/-1/-1
spark-5fa1:62:62 [0] NCCL INFO Tree 40 : 1 -> 0 -> 2/-1/-1
spark-5fa1:62:62 [0] NCCL INFO Tree 9 : -1 -> 0 -> 2/-1/-1
spark-5fa1:62:62 [0] NCCL INFO Tree 41 : 1 -> 0 -> 2/-1/-1
spark-5fa1:62:62 [0] NCCL INFO Tree 10 : -1 -> 0 -> 2/-1/-1
spark-5fa1:62:62 [0] NCCL INFO Tree 42 : 1 -> 0 -> 2/-1/-1
spark-5fa1:62:62 [0] NCCL INFO Tree 11 : -1 -> 0 -> 2/-1/-1
spark-5fa1:62:62 [0] NCCL INFO Tree 43 : 1 -> 0 -> 2/-1/-1
spark-5fa1:62:62 [0] NCCL INFO Tree 12 : -1 -> 0 -> 2/-1/-1
spark-5fa1:62:62 [0] NCCL INFO Tree 44 : 1 -> 0 -> 2/-1/-1
spark-5fa1:62:62 [0] NCCL INFO Tree 13 : -1 -> 0 -> 2/-1/-1
spark-5fa1:62:62 [0] NCCL INFO Tree 45 : 1 -> 0 -> 2/-1/-1
spark-5fa1:62:62 [0] NCCL INFO Tree 14 : -1 -> 0 -> 2/-1/-1
spark-5fa1:62:62 [0] NCCL INFO Tree 46 : 1 -> 0 -> 2/-1/-1
spark-5fa1:62:62 [0] NCCL INFO Tree 15 : -1 -> 0 -> 2/-1/-1
spark-5fa1:62:62 [0] NCCL INFO Tree 47 : 1 -> 0 -> 2/-1/-1
spark-5fa1:62:62 [0] NCCL INFO Tree 16 : -1 -> 0 -> 2/-1/-1
spark-5fa1:62:62 [0] NCCL INFO Tree 48 : 1 -> 0 -> 2/-1/-1
spark-5fa1:62:62 [0] NCCL INFO Tree 17 : -1 -> 0 -> 2/-1/-1
spark-5fa1:62:62 [0] NCCL INFO Tree 49 : 1 -> 0 -> 2/-1/-1
spark-5fa1:62:62 [0] NCCL INFO Tree 18 : -1 -> 0 -> 2/-1/-1
spark-5fa1:62:62 [0] NCCL INFO Tree 50 : 1 -> 0 -> 2/-1/-1
spark-5fa1:62:62 [0] NCCL INFO Tree 19 : -1 -> 0 -> 2/-1/-1
spark-5fa1:62:62 [0] NCCL INFO Tree 51 : 1 -> 0 -> 2/-1/-1
spark-5fa1:62:62 [0] NCCL INFO Tree 20 : -1 -> 0 -> 2/-1/-1
spark-5fa1:62:62 [0] NCCL INFO Tree 52 : 1 -> 0 -> 2/-1/-1
spark-5fa1:62:62 [0] NCCL INFO Tree 21 : -1 -> 0 -> 2/-1/-1
spark-5fa1:62:62 [0] NCCL INFO Tree 53 : 1 -> 0 -> 2/-1/-1
spark-5fa1:62:62 [0] NCCL INFO Tree 22 : -1 -> 0 -> 2/-1/-1
spark-5fa1:62:62 [0] NCCL INFO Tree 54 : 1 -> 0 -> 2/-1/-1
spark-5fa1:62:62 [0] NCCL INFO Tree 23 : -1 -> 0 -> 2/-1/-1
spark-5fa1:62:62 [0] NCCL INFO Tree 55 : 1 -> 0 -> 2/-1/-1
spark-5fa1:62:62 [0] NCCL INFO Tree 24 : -1 -> 0 -> 2/-1/-1
spark-5fa1:62:62 [0] NCCL INFO Tree 56 : 1 -> 0 -> 2/-1/-1
spark-5fa1:62:62 [0] NCCL INFO Tree 25 : -1 -> 0 -> 2/-1/-1
spark-5fa1:62:62 [0] NCCL INFO Tree 57 : 1 -> 0 -> 2/-1/-1
spark-5fa1:62:62 [0] NCCL INFO Tree 26 : -1 -> 0 -> 2/-1/-1
spark-5fa1:62:62 [0] NCCL INFO Tree 58 : 1 -> 0 -> 2/-1/-1
spark-5fa1:62:62 [0] NCCL INFO Tree 27 : -1 -> 0 -> 2/-1/-1
spark-5fa1:62:62 [0] NCCL INFO Tree 59 : 1 -> 0 -> 2/-1/-1
spark-5fa1:62:62 [0] NCCL INFO Tree 28 : -1 -> 0 -> 2/-1/-1
spark-5fa1:62:62 [0] NCCL INFO Tree 60 : 1 -> 0 -> 2/-1/-1
spark-5fa1:62:62 [0] NCCL INFO Tree 29 : -1 -> 0 -> 2/-1/-1
spark-5fa1:62:62 [0] NCCL INFO Tree 61 : 1 -> 0 -> 2/-1/-1
spark-5fa1:62:62 [0] NCCL INFO Tree 30 : -1 -> 0 -> 2/-1/-1
spark-5fa1:62:62 [0] NCCL INFO Tree 62 : 1 -> 0 -> 2/-1/-1
spark-5fa1:62:62 [0] NCCL INFO Tree 31 : -1 -> 0 -> 2/-1/-1
spark-5fa1:62:62 [0] NCCL INFO Tree 63 : 1 -> 0 -> 2/-1/-1
spark-5fa1:62:62 [0] NCCL INFO Channel 00/64 : 0 1 2
spark-5fa1:62:62 [0] NCCL INFO Channel 01/64 : 0 1 2
spark-5fa1:62:62 [0] NCCL INFO Channel 02/64 : 0 1 2
spark-5fa1:62:62 [0] NCCL INFO Channel 03/64 : 0 1 2
spark-5fa1:62:62 [0] NCCL INFO Channel 04/64 : 0 1 2
spark-5fa1:62:62 [0] NCCL INFO Channel 05/64 : 0 1 2
spark-5fa1:62:62 [0] NCCL INFO Channel 06/64 : 0 1 2
spark-5fa1:62:62 [0] NCCL INFO Channel 07/64 : 0 1 2
spark-5fa1:62:62 [0] NCCL INFO Channel 08/64 : 0 1 2
spark-5fa1:62:62 [0] NCCL INFO Channel 09/64 : 0 1 2
spark-5fa1:62:62 [0] NCCL INFO Channel 10/64 : 0 1 2
spark-5fa1:62:62 [0] NCCL INFO Channel 11/64 : 0 1 2
spark-5fa1:62:62 [0] NCCL INFO Channel 12/64 : 0 1 2
spark-5fa1:62:62 [0] NCCL INFO Channel 13/64 : 0 1 2
spark-5fa1:62:62 [0] NCCL INFO Channel 14/64 : 0 1 2
spark-5fa1:62:62 [0] NCCL INFO Channel 15/64 : 0 1 2
spark-5fa1:62:62 [0] NCCL INFO Channel 16/64 : 0 1 2
spark-5fa1:62:62 [0] NCCL INFO Channel 17/64 : 0 1 2
spark-5fa1:62:62 [0] NCCL INFO Channel 18/64 : 0 1 2
spark-5fa1:62:62 [0] NCCL INFO Channel 19/64 : 0 1 2
spark-5fa1:62:62 [0] NCCL INFO Channel 20/64 : 0 1 2
spark-5fa1:62:62 [0] NCCL INFO Channel 21/64 : 0 1 2
spark-5fa1:62:62 [0] NCCL INFO Channel 22/64 : 0 1 2
spark-5fa1:62:62 [0] NCCL INFO Channel 23/64 : 0 1 2
spark-5fa1:62:62 [0] NCCL INFO Channel 24/64 : 0 1 2
spark-5fa1:62:62 [0] NCCL INFO Channel 25/64 : 0 1 2
spark-5fa1:62:62 [0] NCCL INFO Channel 26/64 : 0 1 2
spark-5fa1:62:62 [0] NCCL INFO Channel 27/64 : 0 1 2
spark-5fa1:62:62 [0] NCCL INFO Channel 28/64 : 0 1 2
spark-5fa1:62:62 [0] NCCL INFO Channel 29/64 : 0 1 2
spark-5fa1:62:62 [0] NCCL INFO Channel 30/64 : 0 1 2
spark-5fa1:62:62 [0] NCCL INFO Channel 31/64 : 0 1 2
spark-5fa1:62:62 [0] NCCL INFO Channel 32/64 : 0 1 2
spark-5fa1:62:62 [0] NCCL INFO Channel 33/64 : 0 1 2
spark-5fa1:62:62 [0] NCCL INFO Channel 34/64 : 0 1 2
spark-5fa1:62:62 [0] NCCL INFO Channel 35/64 : 0 1 2
spark-5fa1:62:62 [0] NCCL INFO Channel 36/64 : 0 1 2
spark-5fa1:62:62 [0] NCCL INFO Channel 37/64 : 0 1 2
spark-5fa1:62:62 [0] NCCL INFO Channel 38/64 : 0 1 2
spark-5fa1:62:62 [0] NCCL INFO Channel 39/64 : 0 1 2
spark-5fa1:62:62 [0] NCCL INFO Channel 40/64 : 0 1 2
spark-5fa1:62:62 [0] NCCL INFO Channel 41/64 : 0 1 2
spark-5fa1:62:62 [0] NCCL INFO Channel 42/64 : 0 1 2
spark-5fa1:62:62 [0] NCCL INFO Channel 43/64 : 0 1 2
spark-5fa1:62:62 [0] NCCL INFO Channel 44/64 : 0 1 2
spark-5fa1:62:62 [0] NCCL INFO Channel 45/64 : 0 1 2
spark-5fa1:62:62 [0] NCCL INFO Channel 46/64 : 0 1 2
spark-5fa1:62:62 [0] NCCL INFO Channel 47/64 : 0 1 2
spark-5fa1:62:62 [0] NCCL INFO Channel 48/64 : 0 1 2
spark-5fa1:62:62 [0] NCCL INFO Channel 49/64 : 0 1 2
spark-5fa1:62:62 [0] NCCL INFO Channel 50/64 : 0 1 2
spark-5fa1:62:62 [0] NCCL INFO Channel 51/64 : 0 1 2
spark-5fa1:62:62 [0] NCCL INFO Channel 52/64 : 0 1 2
spark-5fa1:62:62 [0] NCCL INFO Channel 53/64 : 0 1 2
spark-5fa1:62:62 [0] NCCL INFO Channel 54/64 : 0 1 2
spark-5fa1:62:62 [0] NCCL INFO Channel 55/64 : 0 1 2
spark-5fa1:62:62 [0] NCCL INFO Channel 56/64 : 0 1 2
spark-5fa1:62:62 [0] NCCL INFO Channel 57/64 : 0 1 2
spark-5fa1:62:62 [0] NCCL INFO Channel 58/64 : 0 1 2
spark-5fa1:62:62 [0] NCCL INFO Channel 59/64 : 0 1 2
spark-5fa1:62:62 [0] NCCL INFO Channel 60/64 : 0 1 2
spark-5fa1:62:62 [0] NCCL INFO Channel 61/64 : 0 1 2
spark-5fa1:62:62 [0] NCCL INFO Channel 62/64 : 0 1 2
spark-5fa1:62:62 [0] NCCL INFO Channel 63/64 : 0 1 2
spark-5fa1:62:62 [0] NCCL INFO Ring 00 : 2 -> 0 -> 1
spark-5fa1:62:62 [0] NCCL INFO Ring 01 : 2 -> 0 -> 1
spark-5fa1:62:62 [0] NCCL INFO Ring 02 : 2 -> 0 -> 1
spark-5fa1:62:62 [0] NCCL INFO Ring 03 : 2 -> 0 -> 1
spark-5fa1:62:62 [0] NCCL INFO Ring 04 : 2 -> 0 -> 1
spark-5fa1:62:62 [0] NCCL INFO Ring 05 : 2 -> 0 -> 1
spark-5fa1:62:62 [0] NCCL INFO Ring 06 : 2 -> 0 -> 1
spark-5fa1:62:62 [0] NCCL INFO Ring 07 : 2 -> 0 -> 1
spark-5fa1:62:62 [0] NCCL INFO Ring 08 : 2 -> 0 -> 1
spark-5fa1:62:62 [0] NCCL INFO Ring 09 : 2 -> 0 -> 1
spark-5fa1:62:62 [0] NCCL INFO Ring 10 : 2 -> 0 -> 1
spark-5fa1:62:62 [0] NCCL INFO Ring 11 : 2 -> 0 -> 1
spark-5fa1:62:62 [0] NCCL INFO Ring 12 : 2 -> 0 -> 1
spark-5fa1:62:62 [0] NCCL INFO Ring 13 : 2 -> 0 -> 1
spark-5fa1:62:62 [0] NCCL INFO Ring 14 : 2 -> 0 -> 1
spark-5fa1:62:62 [0] NCCL INFO Ring 15 : 2 -> 0 -> 1
spark-5fa1:62:62 [0] NCCL INFO Ring 16 : 2 -> 0 -> 1
spark-5fa1:62:62 [0] NCCL INFO Ring 17 : 2 -> 0 -> 1
spark-5fa1:62:62 [0] NCCL INFO Ring 18 : 2 -> 0 -> 1
spark-5fa1:62:62 [0] NCCL INFO Ring 19 : 2 -> 0 -> 1
spark-5fa1:62:62 [0] NCCL INFO Ring 20 : 2 -> 0 -> 1
spark-5fa1:62:62 [0] NCCL INFO Ring 21 : 2 -> 0 -> 1
spark-5fa1:62:62 [0] NCCL INFO Ring 22 : 2 -> 0 -> 1
spark-5fa1:62:62 [0] NCCL INFO Ring 23 : 2 -> 0 -> 1
spark-5fa1:62:62 [0] NCCL INFO Ring 24 : 2 -> 0 -> 1
spark-5fa1:62:62 [0] NCCL INFO Ring 25 : 2 -> 0 -> 1
spark-5fa1:62:62 [0] NCCL INFO Ring 26 : 2 -> 0 -> 1
spark-5fa1:62:62 [0] NCCL INFO Ring 27 : 2 -> 0 -> 1
spark-5fa1:62:62 [0] NCCL INFO Ring 28 : 2 -> 0 -> 1
spark-5fa1:62:62 [0] NCCL INFO Ring 29 : 2 -> 0 -> 1
spark-5fa1:62:62 [0] NCCL INFO Ring 30 : 2 -> 0 -> 1
spark-5fa1:62:62 [0] NCCL INFO Ring 31 : 2 -> 0 -> 1
spark-5fa1:62:62 [0] NCCL INFO Ring 32 : 2 -> 0 -> 1
spark-5fa1:62:62 [0] NCCL INFO Ring 33 : 2 -> 0 -> 1
spark-5fa1:62:62 [0] NCCL INFO Ring 34 : 2 -> 0 -> 1
spark-5fa1:62:62 [0] NCCL INFO Ring 35 : 2 -> 0 -> 1
spark-5fa1:62:62 [0] NCCL INFO Ring 36 : 2 -> 0 -> 1
spark-5fa1:62:62 [0] NCCL INFO Ring 37 : 2 -> 0 -> 1
spark-5fa1:62:62 [0] NCCL INFO Ring 38 : 2 -> 0 -> 1
spark-5fa1:62:62 [0] NCCL INFO Ring 39 : 2 -> 0 -> 1
spark-5fa1:62:62 [0] NCCL INFO Ring 40 : 2 -> 0 -> 1
spark-5fa1:62:62 [0] NCCL INFO Ring 41 : 2 -> 0 -> 1
spark-5fa1:62:62 [0] NCCL INFO Ring 42 : 2 -> 0 -> 1
spark-5fa1:62:62 [0] NCCL INFO Ring 43 : 2 -> 0 -> 1
spark-5fa1:62:62 [0] NCCL INFO Ring 44 : 2 -> 0 -> 1
spark-5fa1:62:62 [0] NCCL INFO Ring 45 : 2 -> 0 -> 1
spark-5fa1:62:62 [0] NCCL INFO Ring 46 : 2 -> 0 -> 1
spark-5fa1:62:62 [0] NCCL INFO Ring 47 : 2 -> 0 -> 1
spark-5fa1:62:62 [0] NCCL INFO Ring 48 : 2 -> 0 -> 1
spark-5fa1:62:62 [0] NCCL INFO Ring 49 : 2 -> 0 -> 1
spark-5fa1:62:62 [0] NCCL INFO Ring 50 : 2 -> 0 -> 1
spark-5fa1:62:62 [0] NCCL INFO Ring 51 : 2 -> 0 -> 1
spark-5fa1:62:62 [0] NCCL INFO Ring 52 : 2 -> 0 -> 1
spark-5fa1:62:62 [0] NCCL INFO Ring 53 : 2 -> 0 -> 1
spark-5fa1:62:62 [0] NCCL INFO Ring 54 : 2 -> 0 -> 1
spark-5fa1:62:62 [0] NCCL INFO Ring 55 : 2 -> 0 -> 1
spark-5fa1:62:62 [0] NCCL INFO Ring 56 : 2 -> 0 -> 1
spark-5fa1:62:62 [0] NCCL INFO Ring 57 : 2 -> 0 -> 1
spark-5fa1:62:62 [0] NCCL INFO Ring 58 : 2 -> 0 -> 1
spark-5fa1:62:62 [0] NCCL INFO Ring 59 : 2 -> 0 -> 1
spark-5fa1:62:62 [0] NCCL INFO Ring 60 : 2 -> 0 -> 1
spark-5fa1:62:62 [0] NCCL INFO Ring 61 : 2 -> 0 -> 1
spark-5fa1:62:62 [0] NCCL INFO Ring 62 : 2 -> 0 -> 1
spark-5fa1:62:62 [0] NCCL INFO Ring 63 : 2 -> 0 -> 1
spark-5fa1:62:62 [0] NCCL INFO Trees [0] 2/-1/-1->0->-1 [1] 2/-1/-1->0->-1 [2] 2/-1/-1->0->-1 [3] 2/-1/-1->0->-1 [4] 2/-1/-1->0->-1 [5] 2/-1/-1->0->-1 [6] 2/-1/-1->0->-1 [7] 2/-1/-1->0->-1 [8] 2/-1/-1->0->-1 [9] 2/-1/-1->0->-1 [10] 2/-1/-1->0->-1 [11] 2/-1/-1->0->-1 [12] 2/-1/-1->0->-1 [13] 2/-1/-1->0->-1 [14] 2/-1/-1->0->-1 [15] 2/-1/-1->0->-1 [16] 2/-1/-1->0->-1 [17] 2/-1/-1->0->-1 [18] 2/-1/-1->0->-1 [19] 2/-1/-1->0->-1 [20] 2/-1/-1->0->-1 [21] 2/-1/-1->0->-1 [22] 2/-1/-1->0->-1 [23] 2/-1/-1->0->-1 [24] 2/-1/-1->0->-1 [25] 2/-1/-1->0->-1 [26] 2/-1/-1->0->-1 [27] 2/-1/-1->0->-1 [28] 2/-1/-1->0->-1 [29] 2/-1/-1->0->-1 [30] 2/-1/-1->0->-1 [31] 2/-1/-1->0->-1 [32] 2/-1/-1->0->1 [33] 2/-1/-1->0->1 [34] 2/-1/-1->0->1 [35] 2/-1/-1->0->1 [36] 2/-1/-1->0->1 [37] 2/-1/-1->0->1 [38] 2/-1/-1->0->1 [39] 2/-1/-1->0->1 [40] 2/-1/-1->0->1 [41] 2/-1/-1->0->1 [42] 2/-1/-1->0->1 [43] 2/-1/-1->0->1 [44] 2/-1/-1->0->1 [45] 2/-1/-1->0->1 [46] 2/-1/-1->0->1 [47] 2/-1/-1->0->1 [48] 2/-1/-1->0->1 [49] 2/-1/-1->0->1 [50] 2/-1/-1->0->1 [51] 2/-1/-1->0->1 [52] 2/-1/-
spark-5fa1:62:62 [0] NCCL INFO P2P Chunksize set to 262144
spark-5fa1:62:62 [0] NCCL INFO Tuning P2P operations with maxP2pPeers = 3
spark-5fa1:62:62 [0] NCCL INFO ncclOsDlopen(libnccl-profiler.so) failed: libnccl-profiler.so: cannot open shared object file: No such file or directory
spark-5fa1:62:62 [0] NCCL INFO PROFILER/Plugin: Could not find: libnccl-profiler.so
spark-5fa1:62:62 [0] NCCL INFO Check P2P Type isAllDirectP2p 1 directMode 0 isAllCudaP2p 1
spark-5fa1:62:62 [0] NCCL INFO ncclP2pSchedule: group size used is 1
spark-5fa1:62:73 [0] NCCL INFO [Proxy Service] Device 0 CPU core 11
spark-5fa1:62:73 [0] NCCL INFO proxy listening socket at 192.168.1.223<44409>
spark-5fa1:62:74 [0] NCCL INFO [Proxy Service UDS] Device 0 CPU core 7
spark-5fa1:62:62 [0] NCCL INFO ncclOsDlopen(libnccl-tuner.so) failed: libnccl-tuner.so: cannot open shared object file: No such file or directory
spark-5fa1:62:62 [0] NCCL INFO TUNER/Plugin: Could not find: libnccl-tuner.so
spark-5fa1:62:62 [0] NCCL INFO   Algorithm   |                            Tree                  |                            Ring                  |                   CollNetDirect                  |
spark-5fa1:62:62 [0] NCCL INFO   Protocol    |             LL |          LL128 |         Simple |             LL |          LL128 |         Simple |             LL |          LL128 |         Simple |
spark-5fa1:62:62 [0] NCCL INFO  Max NThreads |            512 |            640 |            512 |            512 |            640 |            256 |              0 |              0 |            640 |
spark-5fa1:62:62 [0] NCCL INFO     Broadcast |     0.0/   0.0 |     0.0/   0.0 |     0.0/   0.0 |     9.3/   3.8 |    18.0/   7.1 |    22.4/   7.7 |     0.0/   0.0 |     0.0/   0.0 |     0.0/   0.0 |
spark-5fa1:62:62 [0] NCCL INFO        Reduce |     0.0/   0.0 |     0.0/   0.0 |     0.0/   0.0 |     9.3/   3.8 |    18.0/   7.1 |    22.4/   7.7 |     0.0/   0.0 |     0.0/   0.0 |     0.0/   0.0 |
spark-5fa1:62:62 [0] NCCL INFO     AllGather |     0.0/   0.0 |     0.0/   0.0 |     0.0/   0.0 |    16.6/   5.8 |    31.0/  10.6 |    36.4/  11.5 |     5.0/   0.0 |     8.5/   0.0 |    14.0/   0.0 |
spark-5fa1:62:62 [0] NCCL INFO ReduceScatter |     0.0/   0.0 |     0.0/   0.0 |     0.0/   0.0 |    16.6/   5.8 |    31.0/  10.6 |    36.4/  11.5 |     5.0/   0.0 |     8.5/   0.0 |    14.0/   0.0 |
spark-5fa1:62:62 [0] NCCL INFO     AllReduce |    16.8/   0.4 |    31.0/   1.4 |    36.4/   1.5 |    26.6/   2.9 |    48.0/   5.3 |    64.4/   5.8 |     5.0/   0.0 |     8.5/   0.0 |    14.0/   0.0 |
spark-5fa1:62:62 [0] NCCL INFO   Algorithm   |                    CollNetChain                  |                            NVLS                  |                        NVLSTree                  |
spark-5fa1:62:62 [0] NCCL INFO   Protocol    |             LL |          LL128 |         Simple |             LL |          LL128 |         Simple |             LL |          LL128 |         Simple |
spark-5fa1:62:62 [0] NCCL INFO  Max NThreads |              0 |              0 |            640 |              0 |              0 |            640 |              0 |              0 |            640 |
spark-5fa1:62:62 [0] NCCL INFO     Broadcast |     0.0/   0.0 |     0.0/   0.0 |     0.0/   0.0 |     0.0/   0.0 |     0.0/   0.0 |     0.0/   0.0 |     0.0/   0.0 |     0.0/   0.0 |     0.0/   0.0 |
spark-5fa1:62:62 [0] NCCL INFO        Reduce |     0.0/   0.0 |     0.0/   0.0 |     0.0/   0.0 |     0.0/   0.0 |     0.0/   0.0 |     0.0/   0.0 |     0.0/   0.0 |     0.0/   0.0 |     0.0/   0.0 |
spark-5fa1:62:62 [0] NCCL INFO     AllGather |     0.0/   0.0 |     0.0/   0.0 |     0.0/   0.0 |     0.0/   0.0 |     0.0/   0.0 |     0.0/   0.0 |     0.0/   0.0 |     0.0/   0.0 |     0.0/   0.0 |
spark-5fa1:62:62 [0] NCCL INFO ReduceScatter |     0.0/   0.0 |     0.0/   0.0 |     0.0/   0.0 |     0.0/   0.0 |     0.0/   0.0 |     0.0/   0.0 |     0.0/   0.0 |     0.0/   0.0 |     0.0/   0.0 |
spark-5fa1:62:62 [0] NCCL INFO     AllReduce |     5.0/   0.0 |     8.5/   0.0 |    14.0/   0.0 |     0.0/   0.0 |     0.0/   0.0 |     0.0/   0.0 |     0.0/   0.0 |     0.0/   0.0 |     0.0/   0.0 |
spark-5fa1:62:62 [0] NCCL INFO   Algorithm   |                             PAT                  |
spark-5fa1:62:62 [0] NCCL INFO   Protocol    |             LL |          LL128 |         Simple |             LL |          LL128 |         Simple |             LL |          LL128 |         Simple |
spark-5fa1:62:62 [0] NCCL INFO  Max NThreads |              0 |              0 |              0 |
spark-5fa1:62:62 [0] NCCL INFO     Broadcast |     0.0/   0.0 |     0.0/   0.0 |     0.0/   0.0 |
spark-5fa1:62:62 [0] NCCL INFO        Reduce |     0.0/   0.0 |     0.0/   0.0 |     0.0/   0.0 |
spark-5fa1:62:62 [0] NCCL INFO     AllGather |     0.0/   0.0 |     0.0/   0.0 |    20.4/   2.9 |
spark-5fa1:62:62 [0] NCCL INFO ReduceScatter |     0.0/   0.0 |     0.0/   0.0 |    20.4/   2.9 |
spark-5fa1:62:62 [0] NCCL INFO     AllReduce |     0.0/   0.0 |     0.0/   0.0 |     0.0/   0.0 |
spark-5fa1:62:62 [0] NCCL INFO threadThresholds 8/8/64 | 24/8/64 | 512 | 512
spark-5fa1:62:62 [0] NCCL INFO 64 coll channels, 64 collnet channels, 0 nvls channels, 64 p2p channels, 2 p2p channels per peer
spark-5fa1:62:62 [0] NCCL INFO Symmetric memory is not supported. cuMemEnable 1, globalGinSupport 0, cuMemGdrSupport 0
spark-5fa1:62:62 [0] NCCL INFO CC Off, workFifoBytes 1048576
spark-5fa1:62:62 [0] NCCL INFO ncclCommInitRankConfig comm 0xc21e8e627110 rank 0 nranks 3 cudaDev 0 nvmlDev 0 busId f01000 commId 0x1c2c2532b3c9695e - Init COMPLETE
spark-5fa1:62:62 [0] NCCL INFO Init timings - ncclCommInitRankConfig: rank 0 nranks 3 total 0.33 (kernels 0.18, alloc 0.06, bootstrap 0.03, allgathers 0.01, topo 0.01, graphs 0.00, connections 0.03, rest 0.00)
spark-5fa1:62:62 [0] NCCL INFO Symmetric VA size=124GB
spark-5fa1:62:75 [0] NCCL INFO [Proxy Progress] Device 0 CPU core 11
spark-5fa1:62:73 [0] NCCL INFO NCCL_IB_SUBNET_AWARE_ROUTING set by environment to 1.
spark-5fa1:62:62 [0] NCCL INFO Channel 00/0 : 2[0] -> 0[0] [receive] via NET/IB/4
spark-5fa1:62:62 [0] NCCL INFO Channel 01/0 : 2[0] -> 0[0] [receive] via NET/IB/5
spark-5fa1:62:62 [0] NCCL INFO Channel 02/0 : 2[0] -> 0[0] [receive] via NET/IB/4
spark-5fa1:62:62 [0] NCCL INFO Channel 03/0 : 2[0] -> 0[0] [receive] via NET/IB/5
spark-5fa1:62:62 [0] NCCL INFO Channel 04/0 : 2[0] -> 0[0] [receive] via NET/IB/4
spark-5fa1:62:62 [0] NCCL INFO Channel 05/0 : 2[0] -> 0[0] [receive] via NET/IB/5
spark-5fa1:62:62 [0] NCCL INFO Channel 06/0 : 2[0] -> 0[0] [receive] via NET/IB/4
spark-5fa1:62:62 [0] NCCL INFO Channel 07/0 : 2[0] -> 0[0] [receive] via NET/IB/5
spark-5fa1:62:62 [0] NCCL INFO Channel 08/0 : 2[0] -> 0[0] [receive] via NET/IB/4
spark-5fa1:62:62 [0] NCCL INFO Channel 09/0 : 2[0] -> 0[0] [receive] via NET/IB/5
spark-5fa1:62:62 [0] NCCL INFO Channel 10/0 : 2[0] -> 0[0] [receive] via NET/IB/4
spark-5fa1:62:62 [0] NCCL INFO Channel 11/0 : 2[0] -> 0[0] [receive] via NET/IB/5
spark-5fa1:62:62 [0] NCCL INFO Channel 12/0 : 2[0] -> 0[0] [receive] via NET/IB/4
spark-5fa1:62:62 [0] NCCL INFO Channel 13/0 : 2[0] -> 0[0] [receive] via NET/IB/5
spark-5fa1:62:62 [0] NCCL INFO Channel 14/0 : 2[0] -> 0[0] [receive] via NET/IB/4
spark-5fa1:62:62 [0] NCCL INFO Channel 15/0 : 2[0] -> 0[0] [receive] via NET/IB/5
spark-5fa1:62:62 [0] NCCL INFO Channel 16/0 : 2[0] -> 0[0] [receive] via NET/IB/4
spark-5fa1:62:62 [0] NCCL INFO Channel 17/0 : 2[0] -> 0[0] [receive] via NET/IB/5
spark-5fa1:62:62 [0] NCCL INFO Channel 18/0 : 2[0] -> 0[0] [receive] via NET/IB/4
spark-5fa1:62:62 [0] NCCL INFO Channel 19/0 : 2[0] -> 0[0] [receive] via NET/IB/5
spark-5fa1:62:62 [0] NCCL INFO Channel 20/0 : 2[0] -> 0[0] [receive] via NET/IB/4
spark-5fa1:62:62 [0] NCCL INFO Channel 21/0 : 2[0] -> 0[0] [receive] via NET/IB/5
spark-5fa1:62:62 [0] NCCL INFO Channel 22/0 : 2[0] -> 0[0] [receive] via NET/IB/4
spark-5fa1:62:62 [0] NCCL INFO Channel 23/0 : 2[0] -> 0[0] [receive] via NET/IB/5
spark-5fa1:62:62 [0] NCCL INFO Channel 24/0 : 2[0] -> 0[0] [receive] via NET/IB/4
spark-5fa1:62:62 [0] NCCL INFO Channel 25/0 : 2[0] -> 0[0] [receive] via NET/IB/5
spark-5fa1:62:62 [0] NCCL INFO Channel 26/0 : 2[0] -> 0[0] [receive] via NET/IB/4
spark-5fa1:62:62 [0] NCCL INFO Channel 27/0 : 2[0] -> 0[0] [receive] via NET/IB/5
spark-5fa1:62:62 [0] NCCL INFO Channel 28/0 : 2[0] -> 0[0] [receive] via NET/IB/4
spark-5fa1:62:62 [0] NCCL INFO Channel 29/0 : 2[0] -> 0[0] [receive] via NET/IB/5
spark-5fa1:62:62 [0] NCCL INFO Channel 30/0 : 2[0] -> 0[0] [receive] via NET/IB/4
spark-5fa1:62:62 [0] NCCL INFO Channel 31/0 : 2[0] -> 0[0] [receive] via NET/IB/5
spark-5fa1:62:62 [0] NCCL INFO Channel 32/0 : 2[0] -> 0[0] [receive] via NET/IB/4
spark-5fa1:62:62 [0] NCCL INFO Channel 33/0 : 2[0] -> 0[0] [receive] via NET/IB/5
spark-5fa1:62:62 [0] NCCL INFO Channel 34/0 : 2[0] -> 0[0] [receive] via NET/IB/4
spark-5fa1:62:62 [0] NCCL INFO Channel 35/0 : 2[0] -> 0[0] [receive] via NET/IB/5
spark-5fa1:62:62 [0] NCCL INFO Channel 36/0 : 2[0] -> 0[0] [receive] via NET/IB/4
spark-5fa1:62:62 [0] NCCL INFO Channel 37/0 : 2[0] -> 0[0] [receive] via NET/IB/5
spark-5fa1:62:62 [0] NCCL INFO Channel 38/0 : 2[0] -> 0[0] [receive] via NET/IB/4
spark-5fa1:62:62 [0] NCCL INFO Channel 39/0 : 2[0] -> 0[0] [receive] via NET/IB/5
spark-5fa1:62:62 [0] NCCL INFO Channel 40/0 : 2[0] -> 0[0] [receive] via NET/IB/4
spark-5fa1:62:62 [0] NCCL INFO Channel 41/0 : 2[0] -> 0[0] [receive] via NET/IB/5
spark-5fa1:62:62 [0] NCCL INFO Channel 42/0 : 2[0] -> 0[0] [receive] via NET/IB/4
spark-5fa1:62:62 [0] NCCL INFO Channel 43/0 : 2[0] -> 0[0] [receive] via NET/IB/5
spark-5fa1:62:62 [0] NCCL INFO Channel 44/0 : 2[0] -> 0[0] [receive] via NET/IB/4
spark-5fa1:62:62 [0] NCCL INFO Channel 45/0 : 2[0] -> 0[0] [receive] via NET/IB/5
spark-5fa1:62:62 [0] NCCL INFO Channel 46/0 : 2[0] -> 0[0] [receive] via NET/IB/4
spark-5fa1:62:62 [0] NCCL INFO Channel 47/0 : 2[0] -> 0[0] [receive] via NET/IB/5
spark-5fa1:62:62 [0] NCCL INFO Channel 48/0 : 2[0] -> 0[0] [receive] via NET/IB/4
spark-5fa1:62:62 [0] NCCL INFO Channel 49/0 : 2[0] -> 0[0] [receive] via NET/IB/5
spark-5fa1:62:62 [0] NCCL INFO Channel 50/0 : 2[0] -> 0[0] [receive] via NET/IB/4
spark-5fa1:62:62 [0] NCCL INFO Channel 51/0 : 2[0] -> 0[0] [receive] via NET/IB/5
spark-5fa1:62:62 [0] NCCL INFO Channel 52/0 : 2[0] -> 0[0] [receive] via NET/IB/4
spark-5fa1:62:62 [0] NCCL INFO Channel 53/0 : 2[0] -> 0[0] [receive] via NET/IB/5
spark-5fa1:62:62 [0] NCCL INFO Channel 54/0 : 2[0] -> 0[0] [receive] via NET/IB/4
spark-5fa1:62:62 [0] NCCL INFO Channel 55/0 : 2[0] -> 0[0] [receive] via NET/IB/5
spark-5fa1:62:62 [0] NCCL INFO Channel 56/0 : 2[0] -> 0[0] [receive] via NET/IB/4
spark-5fa1:62:62 [0] NCCL INFO Channel 57/0 : 2[0] -> 0[0] [receive] via NET/IB/5
spark-5fa1:62:62 [0] NCCL INFO Channel 58/0 : 2[0] -> 0[0] [receive] via NET/IB/4
spark-5fa1:62:62 [0] NCCL INFO Channel 59/0 : 2[0] -> 0[0] [receive] via NET/IB/5
spark-5fa1:62:62 [0] NCCL INFO Channel 60/0 : 2[0] -> 0[0] [receive] via NET/IB/4
spark-5fa1:62:62 [0] NCCL INFO Channel 61/0 : 2[0] -> 0[0] [receive] via NET/IB/5
spark-5fa1:62:62 [0] NCCL INFO Channel 62/0 : 2[0] -> 0[0] [receive] via NET/IB/4
spark-5fa1:62:62 [0] NCCL INFO Channel 63/0 : 2[0] -> 0[0] [receive] via NET/IB/5
spark-5fa1:62:62 [0] NCCL INFO Channel 00/0 : 0[0] -> 1[0] [send] via NET/IB/4
spark-5fa1:62:62 [0] NCCL INFO Channel 01/0 : 0[0] -> 1[0] [send] via NET/IB/5
spark-5fa1:62:62 [0] NCCL INFO Channel 02/0 : 0[0] -> 1[0] [send] via NET/IB/4
spark-5fa1:62:62 [0] NCCL INFO Channel 03/0 : 0[0] -> 1[0] [send] via NET/IB/5
spark-5fa1:62:62 [0] NCCL INFO Channel 04/0 : 0[0] -> 1[0] [send] via NET/IB/4
spark-5fa1:62:62 [0] NCCL INFO Channel 05/0 : 0[0] -> 1[0] [send] via NET/IB/5
spark-5fa1:62:62 [0] NCCL INFO Channel 06/0 : 0[0] -> 1[0] [send] via NET/IB/4
spark-5fa1:62:62 [0] NCCL INFO Channel 07/0 : 0[0] -> 1[0] [send] via NET/IB/5
spark-5fa1:62:62 [0] NCCL INFO Channel 08/0 : 0[0] -> 1[0] [send] via NET/IB/4
spark-5fa1:62:62 [0] NCCL INFO Channel 09/0 : 0[0] -> 1[0] [send] via NET/IB/5
spark-5fa1:62:62 [0] NCCL INFO Channel 10/0 : 0[0] -> 1[0] [send] via NET/IB/4
spark-5fa1:62:62 [0] NCCL INFO Channel 11/0 : 0[0] -> 1[0] [send] via NET/IB/5
spark-5fa1:62:62 [0] NCCL INFO Channel 12/0 : 0[0] -> 1[0] [send] via NET/IB/4
spark-5fa1:62:62 [0] NCCL INFO Channel 13/0 : 0[0] -> 1[0] [send] via NET/IB/5
spark-5fa1:62:62 [0] NCCL INFO Channel 14/0 : 0[0] -> 1[0] [send] via NET/IB/4
spark-5fa1:62:62 [0] NCCL INFO Channel 15/0 : 0[0] -> 1[0] [send] via NET/IB/5
spark-5fa1:62:62 [0] NCCL INFO Channel 16/0 : 0[0] -> 1[0] [send] via NET/IB/4
spark-5fa1:62:62 [0] NCCL INFO Channel 17/0 : 0[0] -> 1[0] [send] via NET/IB/5
spark-5fa1:62:62 [0] NCCL INFO Channel 18/0 : 0[0] -> 1[0] [send] via NET/IB/4
spark-5fa1:62:62 [0] NCCL INFO Channel 19/0 : 0[0] -> 1[0] [send] via NET/IB/5
spark-5fa1:62:62 [0] NCCL INFO Channel 20/0 : 0[0] -> 1[0] [send] via NET/IB/4
spark-5fa1:62:62 [0] NCCL INFO Channel 21/0 : 0[0] -> 1[0] [send] via NET/IB/5
spark-5fa1:62:62 [0] NCCL INFO Channel 22/0 : 0[0] -> 1[0] [send] via NET/IB/4
spark-5fa1:62:62 [0] NCCL INFO Channel 23/0 : 0[0] -> 1[0] [send] via NET/IB/5
spark-5fa1:62:62 [0] NCCL INFO Channel 24/0 : 0[0] -> 1[0] [send] via NET/IB/4
spark-5fa1:62:62 [0] NCCL INFO Channel 25/0 : 0[0] -> 1[0] [send] via NET/IB/5
spark-5fa1:62:62 [0] NCCL INFO Channel 26/0 : 0[0] -> 1[0] [send] via NET/IB/4
spark-5fa1:62:62 [0] NCCL INFO Channel 27/0 : 0[0] -> 1[0] [send] via NET/IB/5
spark-5fa1:62:62 [0] NCCL INFO Channel 28/0 : 0[0] -> 1[0] [send] via NET/IB/4
spark-5fa1:62:62 [0] NCCL INFO Channel 29/0 : 0[0] -> 1[0] [send] via NET/IB/5
spark-5fa1:62:62 [0] NCCL INFO Channel 30/0 : 0[0] -> 1[0] [send] via NET/IB/4
spark-5fa1:62:62 [0] NCCL INFO Channel 31/0 : 0[0] -> 1[0] [send] via NET/IB/5
spark-5fa1:62:62 [0] NCCL INFO Channel 32/0 : 0[0] -> 1[0] [send] via NET/IB/4
spark-5fa1:62:62 [0] NCCL INFO Channel 33/0 : 0[0] -> 1[0] [send] via NET/IB/5
spark-5fa1:62:62 [0] NCCL INFO Channel 34/0 : 0[0] -> 1[0] [send] via NET/IB/4
spark-5fa1:62:62 [0] NCCL INFO Channel 35/0 : 0[0] -> 1[0] [send] via NET/IB/5
spark-5fa1:62:62 [0] NCCL INFO Channel 36/0 : 0[0] -> 1[0] [send] via NET/IB/4
spark-5fa1:62:62 [0] NCCL INFO Channel 37/0 : 0[0] -> 1[0] [send] via NET/IB/5
spark-5fa1:62:62 [0] NCCL INFO Channel 38/0 : 0[0] -> 1[0] [send] via NET/IB/4
spark-5fa1:62:62 [0] NCCL INFO Channel 39/0 : 0[0] -> 1[0] [send] via NET/IB/5
spark-5fa1:62:62 [0] NCCL INFO Channel 40/0 : 0[0] -> 1[0] [send] via NET/IB/4
spark-5fa1:62:62 [0] NCCL INFO Channel 41/0 : 0[0] -> 1[0] [send] via NET/IB/5
spark-5fa1:62:62 [0] NCCL INFO Channel 42/0 : 0[0] -> 1[0] [send] via NET/IB/4
spark-5fa1:62:62 [0] NCCL INFO Channel 43/0 : 0[0] -> 1[0] [send] via NET/IB/5
spark-5fa1:62:62 [0] NCCL INFO Channel 44/0 : 0[0] -> 1[0] [send] via NET/IB/4
spark-5fa1:62:62 [0] NCCL INFO Channel 45/0 : 0[0] -> 1[0] [send] via NET/IB/5
spark-5fa1:62:62 [0] NCCL INFO Channel 46/0 : 0[0] -> 1[0] [send] via NET/IB/4
spark-5fa1:62:62 [0] NCCL INFO Channel 47/0 : 0[0] -> 1[0] [send] via NET/IB/5
spark-5fa1:62:62 [0] NCCL INFO Channel 48/0 : 0[0] -> 1[0] [send] via NET/IB/4
spark-5fa1:62:62 [0] NCCL INFO Channel 49/0 : 0[0] -> 1[0] [send] via NET/IB/5
spark-5fa1:62:62 [0] NCCL INFO Channel 50/0 : 0[0] -> 1[0] [send] via NET/IB/4
spark-5fa1:62:62 [0] NCCL INFO Channel 51/0 : 0[0] -> 1[0] [send] via NET/IB/5
spark-5fa1:62:62 [0] NCCL INFO Channel 52/0 : 0[0] -> 1[0] [send] via NET/IB/4
spark-5fa1:62:62 [0] NCCL INFO Channel 53/0 : 0[0] -> 1[0] [send] via NET/IB/5
spark-5fa1:62:62 [0] NCCL INFO Channel 54/0 : 0[0] -> 1[0] [send] via NET/IB/4
spark-5fa1:62:62 [0] NCCL INFO Channel 55/0 : 0[0] -> 1[0] [send] via NET/IB/5
spark-5fa1:62:62 [0] NCCL INFO Channel 56/0 : 0[0] -> 1[0] [send] via NET/IB/4
spark-5fa1:62:62 [0] NCCL INFO Channel 57/0 : 0[0] -> 1[0] [send] via NET/IB/5
spark-5fa1:62:62 [0] NCCL INFO Channel 58/0 : 0[0] -> 1[0] [send] via NET/IB/4
spark-5fa1:62:62 [0] NCCL INFO Channel 59/0 : 0[0] -> 1[0] [send] via NET/IB/5
spark-5fa1:62:62 [0] NCCL INFO Channel 60/0 : 0[0] -> 1[0] [send] via NET/IB/4
spark-5fa1:62:62 [0] NCCL INFO Channel 61/0 : 0[0] -> 1[0] [send] via NET/IB/5
spark-5fa1:62:62 [0] NCCL INFO Channel 62/0 : 0[0] -> 1[0] [send] via NET/IB/4
spark-5fa1:62:62 [0] NCCL INFO Channel 63/0 : 0[0] -> 1[0] [send] via NET/IB/5
spark-5fa1:62:73 [0] NCCL INFO NET/IB: Subnet-aware routing: overriding dev 4 with dev 0
spark-5fa1:62:73 [0] NCCL INFO NET/IB: ncclIbResiliencyInit: Resiliency is disabled on the send communicator (comm=0xff4a3c03d000)
spark-5fa1:62:73 [0] NCCL INFO NET/IB: Subnet-aware routing: overriding dev 4 with dev 0
spark-5fa1:62:73 [0] NCCL INFO NET/IB: ncclIbResiliencyInit: Resiliency is disabled on the recv communicator (comm=0xff4a3c07e000)
spark-5fa1:62:73 [0] NCCL INFO NET/IB: ncclIbRecvCommInit: Receive work requests will be posted on-demand
spark-5fa1:62:73 [0] NCCL INFO NET/IB: Subnet-aware routing: overriding dev 4 with dev 0
spark-5fa1:62:73 [0] NCCL INFO NET/IB: Subnet-aware routing: overriding dev 5 with dev 2
spark-5fa1:62:73 [0] NCCL INFO NET/IB: ncclIbResiliencyInit: Resiliency is disabled on the send communicator (comm=0xff4a3c0c9000)
spark-5fa1:62:73 [0] NCCL INFO NET/IB: Subnet-aware routing: overriding dev 4 with dev 0
spark-5fa1:62:73 [0] NCCL INFO NET/IB: Subnet-aware routing: overriding dev 5 with dev 2
spark-5fa1:62:73 [0] NCCL INFO NET/IB: ncclIbResiliencyInit: Resiliency is disabled on the recv communicator (comm=0xff4a3c10a000)
spark-5fa1:62:73 [0] NCCL INFO NET/IB: ncclIbRecvCommInit: Receive work requests will be posted on-demand
spark-5fa1:62:73 [0] NCCL INFO NET/IB: Subnet-aware routing: overriding dev 4 with dev 0
spark-5fa1:62:73 [0] NCCL INFO NET/IB: Subnet-aware routing: overriding dev 5 with dev 2
spark-5fa1:62:73 [0] NCCL INFO NET/IB: Subnet-aware routing: overriding dev 4 with dev 0
spark-5fa1:62:73 [0] NCCL INFO NET/IB: ncclIbResiliencyInit: Resiliency is disabled on the send communicator (comm=0xff4a3c152000)
spark-5fa1:62:73 [0] NCCL INFO NET/IB: Subnet-aware routing: overriding dev 4 with dev 0
spark-5fa1:62:73 [0] NCCL INFO NET/IB: ncclIbSenderQpsCreate: QP created: port=1 dev=0 devName=rocep1s0f0 ndevs=4 nmdevs=6 qp_num=46074 pkey=0 pd=0xff4a3c07dd30 oooRq=0
spark-5fa1:62:73 [0] NCCL INFO NET/IB: ncclIbSenderQpsCreate: QP created: port=1 dev=0 devName=rocep1s0f0 ndevs=4 nmdevs=6 qp_num=46075 pkey=0 pd=0xff4a3c07dd30 oooRq=0
spark-5fa1:62:73 [0] NCCL INFO NET/IB: ncclIbConnectImpl: NCCL Dev 0 IbDev 0 Port 1 qp_num 46074 mtu 5 GID 6 (0/164A8C0FFFF0000) ctsFifoRkey=0x2243b2 ctsFifoLkey=0x2243b2
spark-5fa1:62:73 [0] NCCL INFO NET/IB: ncclIbConnectImpl: IbDev 0 Port 1 qp_num 46074 query_ece={supported=1, vendor_id=0x15b3, options=0x30000002, comp_mask=0x0}
spark-5fa1:62:73 [0] NCCL INFO NET/IB: ncclIbConnectImpl: NCCL Dev 0 IbDev 0 Port 1 qp_num 46075 mtu 5 GID 6 (0/164A8C0FFFF0000) ctsFifoRkey=0x2243b2 ctsFifoLkey=0x2243b2
spark-5fa1:62:73 [0] NCCL INFO NET/IB: ncclIbConnectImpl: IbDev 0 Port 1 qp_num 46075 query_ece={supported=1, vendor_id=0x15b3, options=0x30000002, comp_mask=0x0}
spark-5fa1:62:73 [0] NCCL INFO NET/IB: Subnet-aware routing: overriding dev 5 with dev 2
spark-5fa1:62:73 [0] NCCL INFO NET/IB: Subnet-aware routing: overriding dev 4 with dev 0
spark-5fa1:62:73 [0] NCCL INFO NET/IB: ncclIbResiliencyInit: Resiliency is disabled on the recv communicator (comm=0xff4a3c1fe000)
spark-5fa1:62:73 [0] NCCL INFO NET/IB: ncclIbRecvCommInit: Receive work requests will be posted on-demand
spark-5fa1:62:73 [0] NCCL INFO NET/IB: Subnet-aware routing: overriding dev 4 with dev 0
spark-5fa1:62:73 [0] NCCL INFO NET/IB: Subnet-aware routing: overriding dev 5 with dev 2
spark-5fa1:62:73 [0] NCCL INFO NET/IB: Subnet-aware routing: overriding dev 4 with dev 0
spark-5fa1:62:73 [0] NCCL INFO NET/IB: Subnet-aware routing: overriding dev 5 with dev 2
spark-5fa1:62:73 [0] NCCL INFO NET/IB: ncclIbResiliencyInit: Resiliency is disabled on the send communicator (comm=0xff4a3c246000)
spark-5fa1:62:73 [0] NCCL INFO NET/IB: Subnet-aware routing: overriding dev 4 with dev 0
spark-5fa1:62:73 [0] NCCL INFO NET/IB: Subnet-aware routing: overriding dev 5 with dev 2
spark-5fa1:62:73 [0] NCCL INFO NET/IB: ncclIbSenderQpsCreate: QP created: port=1 dev=2 devName=roceP2p1s0f0 ndevs=4 nmdevs=6 qp_num=2296 pkey=0 pd=0xff4a3c242900 oooRq=0
spark-5fa1:62:73 [0] NCCL INFO NET/IB: ncclIbSenderQpsCreate: QP created: port=1 dev=2 devName=roceP2p1s0f0 ndevs=4 nmdevs=6 qp_num=2297 pkey=0 pd=0xff4a3c242900 oooRq=0
spark-5fa1:62:73 [0] NCCL INFO NET/IB: ncclIbConnectImpl: NCCL Dev 2 IbDev 2 Port 1 qp_num 2296 mtu 5 GID 3 (0/16EA8C0FFFF0000) ctsFifoRkey=0x17302e ctsFifoLkey=0x17302e
spark-5fa1:62:73 [0] NCCL INFO NET/IB: ncclIbConnectImpl: IbDev 2 Port 1 qp_num 2296 query_ece={supported=1, vendor_id=0x15b3, options=0x30000002, comp_mask=0x0}
spark-5fa1:62:73 [0] NCCL INFO NET/IB: ncclIbConnectImpl: NCCL Dev 2 IbDev 2 Port 1 qp_num 2297 mtu 5 GID 3 (0/16EA8C0FFFF0000) ctsFifoRkey=0x17302e ctsFifoLkey=0x17302e
spark-5fa1:62:73 [0] NCCL INFO NET/IB: ncclIbConnectImpl: IbDev 2 Port 1 qp_num 2297 query_ece={supported=1, vendor_id=0x15b3, options=0x30000002, comp_mask=0x0}
spark-5fa1:62:73 [0] NCCL INFO NET/IB: Subnet-aware routing: overriding dev 4 with dev 0
spark-5fa1:62:73 [0] NCCL INFO NET/IB: ncclIbSenderQpsCreate: QP created: port=1 dev=0 devName=rocep1s0f0 ndevs=4 nmdevs=6 qp_num=46076 pkey=0 pd=0xff4a3c07dd30 oooRq=0
spark-5fa1:62:73 [0] NCCL INFO NET/IB: ncclIbSenderQpsCreate: QP created: port=1 dev=0 devName=rocep1s0f0 ndevs=4 nmdevs=6 qp_num=46077 pkey=0 pd=0xff4a3c07dd30 oooRq=0
spark-5fa1:62:73 [0] NCCL INFO NET/IB: ncclIbConnectImpl: NCCL Dev 0 IbDev 0 Port 1 qp_num 46076 mtu 5 GID 6 (0/164A8C0FFFF0000) ctsFifoRkey=0x178c49 ctsFifoLkey=0x178c49
spark-5fa1:62:73 [0] NCCL INFO NET/IB: ncclIbConnectImpl: IbDev 0 Port 1 qp_num 46076 query_ece={supported=1, vendor_id=0x15b3, options=0x30000002, comp_mask=0x0}
spark-5fa1:62:73 [0] NCCL INFO NET/IB: ncclIbConnectImpl: NCCL Dev 0 IbDev 0 Port 1 qp_num 46077 mtu 5 GID 6 (0/164A8C0FFFF0000) ctsFifoRkey=0x178c49 ctsFifoLkey=0x178c49
spark-5fa1:62:73 [0] NCCL INFO NET/IB: ncclIbConnectImpl: IbDev 0 Port 1 qp_num 46077 query_ece={supported=1, vendor_id=0x15b3, options=0x30000002, comp_mask=0x0}
spark-5fa1:62:73 [0] NCCL INFO NET/IB: Subnet-aware routing: overriding dev 5 with dev 2
spark-5fa1:62:73 [0] NCCL INFO NET/IB: ncclIbResiliencyInit: Resiliency is disabled on the recv communicator (comm=0xff4a3c34a000)
spark-5fa1:62:73 [0] NCCL INFO NET/IB: ncclIbRecvCommInit: Receive work requests will be posted on-demand
spark-5fa1:62:73 [0] NCCL INFO NET/IB: Subnet-aware routing: overriding dev 4 with dev 0
spark-5fa1:62:73 [0] NCCL INFO NET/IB: Subnet-aware routing: overriding dev 4 with dev 1
spark-5fa1:62:73 [0] NCCL INFO NET/IB: ncclIbReceiverQpsCreateToRts: QP created: port=1 dev=1 devName=rocep1s0f1 ndevs=4 nmdevs=6 qp_num=40966 pkey=0 pd=0xff4a3c245f40 oooRq=0
spark-5fa1:62:73 [0] NCCL INFO NET/IB: ncclIbReceiverQpsCreateToRts: QP created: port=1 dev=1 devName=rocep1s0f1 ndevs=4 nmdevs=6 qp_num=40967 pkey=0 pd=0xff4a3c245f40 oooRq=0
spark-5fa1:62:73 [0] NCCL INFO NET/IB: ncclIbReceiverQpsCreateToRts: Flush QP created: port=1 dev=1 devName=rocep1s0f1 ndevs=4 nmdevs=6 qp_num=40968 pkey=0 pd=0xff4a3c245f40
spark-5fa1:62:73 [0] NCCL INFO NET/IB: Subnet-aware routing: overriding dev 5 with dev 2
spark-5fa1:62:73 [0] NCCL INFO NET/IB: Subnet-aware routing: overriding dev 5 with dev 3
spark-5fa1:62:73 [0] NCCL INFO NET/IB: ncclIbReceiverQpsCreateToRts: QP created: port=1 dev=3 devName=roceP2p1s0f1 ndevs=4 nmdevs=6 qp_num=2248 pkey=0 pd=0xff4a3c3de9d0 oooRq=0
spark-5fa1:62:73 [0] NCCL INFO NET/IB: ncclIbReceiverQpsCreateToRts: QP created: port=1 dev=3 devName=roceP2p1s0f1 ndevs=4 nmdevs=6 qp_num=2249 pkey=0 pd=0xff4a3c3de9d0 oooRq=0
spark-5fa1:62:73 [0] NCCL INFO NET/IB: ncclIbReceiverQpsCreateToRts: Flush QP created: port=1 dev=3 devName=roceP2p1s0f1 ndevs=4 nmdevs=6 qp_num=2250 pkey=0 pd=0xff4a3c3de9d0
spark-5fa1:62:73 [0] NCCL INFO NET/IB: Subnet-aware routing: overriding dev 4 with dev 0
spark-5fa1:62:73 [0] NCCL INFO NET/IB: Subnet-aware routing: overriding dev 4 with dev 1
spark-5fa1:62:73 [0] NCCL INFO NET/IB: ncclIbReceiverQpsCreateToRts: QP created: port=1 dev=1 devName=rocep1s0f1 ndevs=4 nmdevs=6 qp_num=40969 pkey=0 pd=0xff4a3c245f40 oooRq=0
spark-5fa1:62:73 [0] NCCL INFO NET/IB: ncclIbReceiverQpsCreateToRts: QP created: port=1 dev=1 devName=rocep1s0f1 ndevs=4 nmdevs=6 qp_num=40970 pkey=0 pd=0xff4a3c245f40 oooRq=0
spark-5fa1:62:73 [0] NCCL INFO NET/IB: ncclIbReceiverQpsCreateToRts: Flush QP created: port=1 dev=1 devName=rocep1s0f1 ndevs=4 nmdevs=6 qp_num=40971 pkey=0 pd=0xff4a3c245f40
spark-5fa1:62:73 [0] NCCL INFO NET/IB: Subnet-aware routing: overriding dev 5 with dev 2
spark-5fa1:62:73 [0] NCCL INFO NET/IB: Subnet-aware routing: overriding dev 4 with dev 0
spark-5fa1:62:73 [0] NCCL INFO NET/IB: ncclIbResiliencyInit: Resiliency is disabled on the send communicator (comm=0xff4a3c518000)
spark-5fa1:62:73 [0] NCCL INFO NET/IB: Subnet-aware routing: overriding dev 4 with dev 0
spark-5fa1:62:73 [0] NCCL INFO NET/IB: ncclIbSenderQpsToRts: Set ECE: IbDev 0 Port 1 qp_num 46074 set_ece={supported=1, vendor_id=0x15b3, options=0x30000002, comp_mask=0x0}
spark-5fa1:62:73 [0] NCCL INFO NET/IB: ncclIbSenderQpsToRts: Set ECE: IbDev 0 Port 1 qp_num 46075 set_ece={supported=1, vendor_id=0x15b3, options=0x30000002, comp_mask=0x0}
spark-5fa1:62:73 [0] NCCL INFO NET/IB: Subnet-aware routing: overriding dev 5 with dev 2
spark-5fa1:62:73 [0] NCCL INFO NET/IB: ncclIbSenderQpsToRts: Set ECE: IbDev 2 Port 1 qp_num 2296 set_ece={supported=1, vendor_id=0x15b3, options=0x30000002, comp_mask=0x0}
spark-5fa1:62:73 [0] NCCL INFO NET/IB: ncclIbSenderQpsToRts: Set ECE: IbDev 2 Port 1 qp_num 2297 set_ece={supported=1, vendor_id=0x15b3, options=0x30000002, comp_mask=0x0}
spark-5fa1:62:73 [0] NCCL INFO NET/IB: Subnet-aware routing: overriding dev 4 with dev 0
spark-5fa1:62:73 [0] NCCL INFO NET/IB: ncclIbSenderQpsToRts: Set ECE: IbDev 0 Port 1 qp_num 46076 set_ece={supported=1, vendor_id=0x15b3, options=0x30000002, comp_mask=0x0}
spark-5fa1:62:73 [0] NCCL INFO NET/IB: ncclIbSenderQpsToRts: Set ECE: IbDev 0 Port 1 qp_num 46077 set_ece={supported=1, vendor_id=0x15b3, options=0x30000002, comp_mask=0x0}
spark-5fa1:62:73 [0] NCCL INFO NET/IB: Subnet-aware routing: overriding dev 5 with dev 2
spark-5fa1:62:73 [0] NCCL INFO NET/IB: ncclIbSenderQpsCreate: QP created: port=1 dev=2 devName=roceP2p1s0f0 ndevs=4 nmdevs=6 qp_num=2298 pkey=0 pd=0xff4a3c242900 oooRq=0
spark-5fa1:62:73 [0] NCCL INFO NET/IB: ncclIbSenderQpsCreate: QP created: port=1 dev=2 devName=roceP2p1s0f0 ndevs=4 nmdevs=6 qp_num=2299 pkey=0 pd=0xff4a3c242900 oooRq=0
spark-5fa1:62:73 [0] NCCL INFO NET/IB: ncclIbConnectImpl: NCCL Dev 2 IbDev 2 Port 1 qp_num 2298 mtu 5 GID 3 (0/16EA8C0FFFF0000) ctsFifoRkey=0x183c39 ctsFifoLkey=0x183c39
spark-5fa1:62:73 [0] NCCL INFO NET/IB: ncclIbConnectImpl: IbDev 2 Port 1 qp_num 2298 query_ece={supported=1, vendor_id=0x15b3, options=0x30000002, comp_mask=0x0}
spark-5fa1:62:73 [0] NCCL INFO NET/IB: ncclIbConnectImpl: NCCL Dev 2 IbDev 2 Port 1 qp_num 2299 mtu 5 GID 3 (0/16EA8C0FFFF0000) ctsFifoRkey=0x183c39 ctsFifoLkey=0x183c39
spark-5fa1:62:73 [0] NCCL INFO NET/IB: ncclIbConnectImpl: IbDev 2 Port 1 qp_num 2299 query_ece={supported=1, vendor_id=0x15b3, options=0x30000002, comp_mask=0x0}
spark-5fa1:62:73 [0] NCCL INFO NET/IB: Subnet-aware routing: overriding dev 5 with dev 3
spark-5fa1:62:73 [0] NCCL INFO NET/IB: ncclIbReceiverQpsCreateToRts: QP created: port=1 dev=3 devName=roceP2p1s0f1 ndevs=4 nmdevs=6 qp_num=2251 pkey=0 pd=0xff4a3c3de9d0 oooRq=0
spark-5fa1:62:73 [0] NCCL INFO NET/IB: ncclIbReceiverQpsCreateToRts: QP created: port=1 dev=3 devName=roceP2p1s0f1 ndevs=4 nmdevs=6 qp_num=2252 pkey=0 pd=0xff4a3c3de9d0 oooRq=0
spark-5fa1:62:73 [0] NCCL INFO NET/IB: ncclIbReceiverQpsCreateToRts: Flush QP created: port=1 dev=3 devName=roceP2p1s0f1 ndevs=4 nmdevs=6 qp_num=2253 pkey=0 pd=0xff4a3c3de9d0
spark-5fa1:62:73 [0] NCCL INFO NET/IB: Subnet-aware routing: overriding dev 4 with dev 0
spark-5fa1:62:73 [0] NCCL INFO NET/IB: ncclIbResiliencyInit: Resiliency is disabled on the recv communicator (comm=0xff4a3c626000)
spark-5fa1:62:73 [0] NCCL INFO NET/IB: ncclIbRecvCommInit: Receive work requests will be posted on-demand
spark-5fa1:62:73 [0] NCCL INFO NET/IB: Subnet-aware routing: overriding dev 5 with dev 2
spark-5fa1:62:73 [0] NCCL INFO NET/IB: Subnet-aware routing: overriding dev 4 with dev 0
spark-5fa1:62:73 [0] NCCL INFO NET/IB: Subnet-aware routing: overriding dev 5 with dev 2
spark-5fa1:62:73 [0] NCCL INFO NET/IB: ncclIbResiliencyInit: Resiliency is disabled on the send communicator (comm=0xff4a3c66e000)
spark-5fa1:62:73 [0] NCCL INFO NET/IB: Subnet-aware routing: overriding dev 5 with dev 2
spark-5fa1:62:73 [0] NCCL INFO NET/IB: Subnet-aware routing: overriding dev 4 with dev 0
spark-5fa1:62:73 [0] NCCL INFO NET/IB: Subnet-aware routing: overriding dev 5 with dev 2
spark-5fa1:62:73 [0] NCCL INFO NET/IB: ncclIbResiliencyInit: Resiliency is disabled on the recv communicator (comm=0xff4a3c6b2000)
spark-5fa1:62:73 [0] NCCL INFO NET/IB: ncclIbRecvCommInit: Receive work requests will be posted on-demand
spark-5fa1:62:73 [0] NCCL INFO NET/IB: Subnet-aware routing: overriding dev 5 with dev 2
spark-5fa1:62:73 [0] NCCL INFO NET/IB: Subnet-aware routing: overriding dev 4 with dev 0
spark-5fa1:62:73 [0] NCCL INFO NET/IB: Subnet-aware routing: overriding dev 5 with dev 2
spark-5fa1:62:73 [0] NCCL INFO NET/IB: Subnet-aware routing: overriding dev 4 with dev 0
spark-5fa1:62:73 [0] NCCL INFO NET/IB: ncclIbResiliencyInit: Resiliency is disabled on the send communicator (comm=0xff4a3c6fa000)
spark-5fa1:62:73 [0] NCCL INFO NET/IB: Subnet-aware routing: overriding dev 5 with dev 2
spark-5fa1:62:73 [0] NCCL INFO NET/IB: Subnet-aware routing: overriding dev 4 with dev 0
spark-5fa1:62:73 [0] NCCL INFO NET/IB: Subnet-aware routing: overriding dev 5 with dev 2
spark-5fa1:62:73 [0] NCCL INFO NET/IB: Subnet-aware routing: overriding dev 4 with dev 0
spark-5fa1:62:73 [0] NCCL INFO NET/IB: ncclIbResiliencyInit: Resiliency is disabled on the recv communicator (comm=0xff4a3c73e000)
spark-5fa1:62:73 [0] NCCL INFO NET/IB: ncclIbRecvCommInit: Receive work requests will be posted on-demand
spark-5fa1:62:73 [0] NCCL INFO NET/IB: Subnet-aware routing: overriding dev 5 with dev 2
spark-5fa1:62:73 [0] NCCL INFO NET/IB: ncclIbSenderQpsToRts: Set ECE: IbDev 2 Port 1 qp_num 2298 set_ece={supported=1, vendor_id=0x15b3, options=0x30000002, comp_mask=0x0}
spark-5fa1:62:73 [0] NCCL INFO NET/IB: ncclIbSenderQpsToRts: Set ECE: IbDev 2 Port 1 qp_num 2299 set_ece={supported=1, vendor_id=0x15b3, options=0x30000002, comp_mask=0x0}
spark-5fa1:62:73 [0] NCCL INFO NET/IB: Subnet-aware routing: overriding dev 4 with dev 0
spark-5fa1:62:73 [0] NCCL INFO NET/IB: ncclIbSenderQpsCreate: QP created: port=1 dev=0 devName=rocep1s0f0 ndevs=4 nmdevs=6 qp_num=46078 pkey=0 pd=0xff4a3c07dd30 oooRq=0
spark-5fa1:62:73 [0] NCCL INFO NET/IB: ncclIbSenderQpsCreate: QP created: port=1 dev=0 devName=rocep1s0f0 ndevs=4 nmdevs=6 qp_num=46079 pkey=0 pd=0xff4a3c07dd30 oooRq=0
spark-5fa1:62:73 [0] NCCL INFO NET/IB: ncclIbConnectImpl: NCCL Dev 0 IbDev 0 Port 1 qp_num 46078 mtu 5 GID 6 (0/164A8C0FFFF0000) ctsFifoRkey=0x18b8a3 ctsFifoLkey=0x18b8a3
spark-5fa1:62:73 [0] NCCL INFO NET/IB: ncclIbConnectImpl: IbDev 0 Port 1 qp_num 46078 query_ece={supported=1, vendor_id=0x15b3, options=0x30000002, comp_mask=0x0}
spark-5fa1:62:73 [0] NCCL INFO NET/IB: ncclIbConnectImpl: NCCL Dev 0 IbDev 0 Port 1 qp_num 46079 mtu 5 GID 6 (0/164A8C0FFFF0000) ctsFifoRkey=0x18b8a3 ctsFifoLkey=0x18b8a3
spark-5fa1:62:73 [0] NCCL INFO NET/IB: ncclIbConnectImpl: IbDev 0 Port 1 qp_num 46079 query_ece={supported=1, vendor_id=0x15b3, options=0x30000002, comp_mask=0x0}
spark-5fa1:62:73 [0] NCCL INFO NET/IB: Subnet-aware routing: overriding dev 4 with dev 1
spark-5fa1:62:73 [0] NCCL INFO NET/IB: ncclIbReceiverQpsCreateToRts: QP created: port=1 dev=1 devName=rocep1s0f1 ndevs=4 nmdevs=6 qp_num=40972 pkey=0 pd=0xff4a3c245f40 oooRq=0
spark-5fa1:62:73 [0] NCCL INFO NET/IB: ncclIbReceiverQpsCreateToRts: QP created: port=1 dev=1 devName=rocep1s0f1 ndevs=4 nmdevs=6 qp_num=40973 pkey=0 pd=0xff4a3c245f40 oooRq=0
spark-5fa1:62:73 [0] NCCL INFO NET/IB: ncclIbReceiverQpsCreateToRts: Flush QP created: port=1 dev=1 devName=rocep1s0f1 ndevs=4 nmdevs=6 qp_num=40974 pkey=0 pd=0xff4a3c245f40
spark-5fa1:62:73 [0] NCCL INFO NET/IB: Subnet-aware routing: overriding dev 5 with dev 2
spark-5fa1:62:73 [0] NCCL INFO NET/IB: Subnet-aware routing: overriding dev 5 with dev 3
spark-5fa1:62:73 [0] NCCL INFO NET/IB: ncclIbReceiverQpsCreateToRts: QP created: port=1 dev=3 devName=roceP2p1s0f1 ndevs=4 nmdevs=6 qp_num=2254 pkey=0 pd=0xff4a3c3de9d0 oooRq=0
spark-5fa1:62:73 [0] NCCL INFO NET/IB: ncclIbReceiverQpsCreateToRts: QP created: port=1 dev=3 devName=roceP2p1s0f1 ndevs=4 nmdevs=6 qp_num=2255 pkey=0 pd=0xff4a3c3de9d0 oooRq=0
spark-5fa1:62:73 [0] NCCL INFO NET/IB: ncclIbReceiverQpsCreateToRts: Flush QP created: port=1 dev=3 devName=roceP2p1s0f1 ndevs=4 nmdevs=6 qp_num=2256 pkey=0 pd=0xff4a3c3de9d0
spark-5fa1:62:73 [0] NCCL INFO NET/IB: Subnet-aware routing: overriding dev 4 with dev 0
spark-5fa1:62:73 [0] NCCL INFO NET/IB: Subnet-aware routing: overriding dev 5 with dev 2
spark-5fa1:62:73 [0] NCCL INFO NET/IB: ncclIbResiliencyInit: Resiliency is disabled on the send communicator (comm=0xff4a3c8d3000)
spark-5fa1:62:73 [0] NCCL INFO NET/IB: Subnet-aware routing: overriding dev 4 with dev 0
spark-5fa1:62:73 [0] NCCL INFO NET/IB: ncclIbSenderQpsToRts: Set ECE: IbDev 0 Port 1 qp_num 46078 set_ece={supported=1, vendor_id=0x15b3, options=0x30000002, comp_mask=0x0}
spark-5fa1:62:73 [0] NCCL INFO NET/IB: ncclIbSenderQpsToRts: Set ECE: IbDev 0 Port 1 qp_num 46079 set_ece={supported=1, vendor_id=0x15b3, options=0x30000002, comp_mask=0x0}
spark-5fa1:62:73 [0] NCCL INFO NET/IB: Subnet-aware routing: overriding dev 5 with dev 2
spark-5fa1:62:73 [0] NCCL INFO NET/IB: ncclIbSenderQpsCreate: QP created: port=1 dev=2 devName=roceP2p1s0f0 ndevs=4 nmdevs=6 qp_num=2300 pkey=0 pd=0xff4a3c242900 oooRq=0
spark-5fa1:62:73 [0] NCCL INFO NET/IB: ncclIbSenderQpsCreate: QP created: port=1 dev=2 devName=roceP2p1s0f0 ndevs=4 nmdevs=6 qp_num=2301 pkey=0 pd=0xff4a3c242900 oooRq=0
spark-5fa1:62:73 [0] NCCL INFO NET/IB: ncclIbConnectImpl: NCCL Dev 2 IbDev 2 Port 1 qp_num 2300 mtu 5 GID 3 (0/16EA8C0FFFF0000) ctsFifoRkey=0x18a5a3 ctsFifoLkey=0x18a5a3
spark-5fa1:62:73 [0] NCCL INFO NET/IB: ncclIbConnectImpl: IbDev 2 Port 1 qp_num 2300 query_ece={supported=1, vendor_id=0x15b3, options=0x30000002, comp_mask=0x0}
spark-5fa1:62:73 [0] NCCL INFO NET/IB: ncclIbConnectImpl: NCCL Dev 2 IbDev 2 Port 1 qp_num 2301 mtu 5 GID 3 (0/16EA8C0FFFF0000) ctsFifoRkey=0x18a5a3 ctsFifoLkey=0x18a5a3
spark-5fa1:62:73 [0] NCCL INFO NET/IB: ncclIbConnectImpl: IbDev 2 Port 1 qp_num 2301 query_ece={supported=1, vendor_id=0x15b3, options=0x30000002, comp_mask=0x0}
spark-5fa1:62:73 [0] NCCL INFO NET/IB: Subnet-aware routing: overriding dev 4 with dev 0
spark-5fa1:62:73 [0] NCCL INFO NET/IB: ncclIbSenderQpsCreate: QP created: port=1 dev=0 devName=rocep1s0f0 ndevs=4 nmdevs=6 qp_num=46080 pkey=0 pd=0xff4a3c07dd30 oooRq=0
spark-5fa1:62:73 [0] NCCL INFO NET/IB: ncclIbSenderQpsCreate: QP created: port=1 dev=0 devName=rocep1s0f0 ndevs=4 nmdevs=6 qp_num=46081 pkey=0 pd=0xff4a3c07dd30 oooRq=0
spark-5fa1:62:73 [0] NCCL INFO NET/IB: ncclIbConnectImpl: NCCL Dev 0 IbDev 0 Port 1 qp_num 46080 mtu 5 GID 6 (0/164A8C0FFFF0000) ctsFifoRkey=0x170bc9 ctsFifoLkey=0x170bc9
spark-5fa1:62:73 [0] NCCL INFO NET/IB: ncclIbConnectImpl: IbDev 0 Port 1 qp_num 46080 query_ece={supported=1, vendor_id=0x15b3, options=0x30000002, comp_mask=0x0}
spark-5fa1:62:73 [0] NCCL INFO NET/IB: ncclIbConnectImpl: NCCL Dev 0 IbDev 0 Port 1 qp_num 46081 mtu 5 GID 6 (0/164A8C0FFFF0000) ctsFifoRkey=0x170bc9 ctsFifoLkey=0x170bc9
spark-5fa1:62:73 [0] NCCL INFO NET/IB: ncclIbConnectImpl: IbDev 0 Port 1 qp_num 46081 query_ece={supported=1, vendor_id=0x15b3, options=0x30000002, comp_mask=0x0}
spark-5fa1:62:73 [0] NCCL INFO NET/IB: Subnet-aware routing: overriding dev 4 with dev 1
spark-5fa1:62:73 [0] NCCL INFO NET/IB: ncclIbReceiverQpsCreateToRts: QP created: port=1 dev=1 devName=rocep1s0f1 ndevs=4 nmdevs=6 qp_num=40975 pkey=0 pd=0xff4a3c245f40 oooRq=0
spark-5fa1:62:73 [0] NCCL INFO NET/IB: ncclIbReceiverQpsCreateToRts: QP created: port=1 dev=1 devName=rocep1s0f1 ndevs=4 nmdevs=6 qp_num=40976 pkey=0 pd=0xff4a3c245f40 oooRq=0
spark-5fa1:62:73 [0] NCCL INFO NET/IB: ncclIbReceiverQpsCreateToRts: Flush QP created: port=1 dev=1 devName=rocep1s0f1 ndevs=4 nmdevs=6 qp_num=40977 pkey=0 pd=0xff4a3c245f40
spark-5fa1:62:73 [0] NCCL INFO NET/IB: Subnet-aware routing: overriding dev 5 with dev 2
spark-5fa1:62:73 [0] NCCL INFO NET/IB: ncclIbResiliencyInit: Resiliency is disabled on the recv communicator (comm=0xff4a3ca42000)
spark-5fa1:62:73 [0] NCCL INFO NET/IB: ncclIbRecvCommInit: Receive work requests will be posted on-demand
spark-5fa1:62:73 [0] NCCL INFO NET/IB: Subnet-aware routing: overriding dev 5 with dev 2
spark-5fa1:62:73 [0] NCCL INFO NET/IB: Subnet-aware routing: overriding dev 4 with dev 0
spark-5fa1:62:73 [0] NCCL INFO NET/IB: Subnet-aware routing: overriding dev 5 with dev 2
spark-5fa1:62:73 [0] NCCL INFO NET/IB: Subnet-aware routing: overriding dev 4 with dev 0
spark-5fa1:62:73 [0] NCCL INFO NET/IB: ncclIbResiliencyInit: Resiliency is disabled on the send communicator (comm=0xff4a3ca8a000)
spark-5fa1:62:73 [0] NCCL INFO NET/IB: Subnet-aware routing: overriding dev 5 with dev 2
spark-5fa1:62:73 [0] NCCL INFO NET/IB: ncclIbSenderQpsToRts: Set ECE: IbDev 2 Port 1 qp_num 2300 set_ece={supported=1, vendor_id=0x15b3, options=0x30000002, comp_mask=0x0}
spark-5fa1:62:73 [0] NCCL INFO NET/IB: ncclIbSenderQpsToRts: Set ECE: IbDev 2 Port 1 qp_num 2301 set_ece={supported=1, vendor_id=0x15b3, options=0x30000002, comp_mask=0x0}
spark-5fa1:62:73 [0] NCCL INFO NET/IB: Subnet-aware routing: overriding dev 4 with dev 0
spark-5fa1:62:73 [0] NCCL INFO NET/IB: ncclIbSenderQpsToRts: Set ECE: IbDev 0 Port 1 qp_num 46080 set_ece={supported=1, vendor_id=0x15b3, options=0x30000002, comp_mask=0x0}
spark-5fa1:62:73 [0] NCCL INFO NET/IB: ncclIbSenderQpsToRts: Set ECE: IbDev 0 Port 1 qp_num 46081 set_ece={supported=1, vendor_id=0x15b3, options=0x30000002, comp_mask=0x0}
spark-5fa1:62:73 [0] NCCL INFO NET/IB: Subnet-aware routing: overriding dev 5 with dev 2
spark-5fa1:62:73 [0] NCCL INFO NET/IB: ncclIbSenderQpsCreate: QP created: port=1 dev=2 devName=roceP2p1s0f0 ndevs=4 nmdevs=6 qp_num=2302 pkey=0 pd=0xff4a3c242900 oooRq=0
spark-5fa1:62:73 [0] NCCL INFO NET/IB: ncclIbSenderQpsCreate: QP created: port=1 dev=2 devName=roceP2p1s0f0 ndevs=4 nmdevs=6 qp_num=2303 pkey=0 pd=0xff4a3c242900 oooRq=0
spark-5fa1:62:73 [0] NCCL INFO NET/IB: ncclIbConnectImpl: NCCL Dev 2 IbDev 2 Port 1 qp_num 2302 mtu 5 GID 3 (0/16EA8C0FFFF0000) ctsFifoRkey=0x171919 ctsFifoLkey=0x171919
spark-5fa1:62:73 [0] NCCL INFO NET/IB: ncclIbConnectImpl: IbDev 2 Port 1 qp_num 2302 query_ece={supported=1, vendor_id=0x15b3, options=0x30000002, comp_mask=0x0}
spark-5fa1:62:73 [0] NCCL INFO NET/IB: ncclIbConnectImpl: NCCL Dev 2 IbDev 2 Port 1 qp_num 2303 mtu 5 GID 3 (0/16EA8C0FFFF0000) ctsFifoRkey=0x171919 ctsFifoLkey=0x171919
spark-5fa1:62:73 [0] NCCL INFO NET/IB: ncclIbConnectImpl: IbDev 2 Port 1 qp_num 2303 query_ece={supported=1, vendor_id=0x15b3, options=0x30000002, comp_mask=0x0}
spark-5fa1:62:73 [0] NCCL INFO NET/IB: Subnet-aware routing: overriding dev 5 with dev 3
spark-5fa1:62:73 [0] NCCL INFO NET/IB: ncclIbReceiverQpsCreateToRts: QP created: port=1 dev=3 devName=roceP2p1s0f1 ndevs=4 nmdevs=6 qp_num=2257 pkey=0 pd=0xff4a3c3de9d0 oooRq=0
spark-5fa1:62:73 [0] NCCL INFO NET/IB: ncclIbReceiverQpsCreateToRts: QP created: port=1 dev=3 devName=roceP2p1s0f1 ndevs=4 nmdevs=6 qp_num=2258 pkey=0 pd=0xff4a3c3de9d0 oooRq=0
spark-5fa1:62:73 [0] NCCL INFO NET/IB: ncclIbReceiverQpsCreateToRts: Flush QP created: port=1 dev=3 devName=roceP2p1s0f1 ndevs=4 nmdevs=6 qp_num=2259 pkey=0 pd=0xff4a3c3de9d0
spark-5fa1:62:73 [0] NCCL INFO NET/IB: Subnet-aware routing: overriding dev 4 with dev 0
spark-5fa1:62:73 [0] NCCL INFO NET/IB: ncclIbResiliencyInit: Resiliency is disabled on the recv communicator (comm=0xff4a3cb9e000)
spark-5fa1:62:73 [0] NCCL INFO NET/IB: ncclIbRecvCommInit: Receive work requests will be posted on-demand
spark-5fa1:62:73 [0] NCCL INFO NET/IB: Subnet-aware routing: overriding dev 5 with dev 2
spark-5fa1:62:73 [0] NCCL INFO NET/IB: Subnet-aware routing: overriding dev 4 with dev 0
spark-5fa1:62:73 [0] NCCL INFO NET/IB: Subnet-aware routing: overriding dev 5 with dev 2
spark-5fa1:62:73 [0] NCCL INFO NET/IB: ncclIbResiliencyInit: Resiliency is disabled on the send communicator (comm=0xff4a3cbe6000)
spark-5fa1:62:73 [0] NCCL INFO NET/IB: Subnet-aware routing: overriding dev 5 with dev 2
spark-5fa1:62:73 [0] NCCL INFO NET/IB: Subnet-aware routing: overriding dev 4 with dev 0
spark-5fa1:62:73 [0] NCCL INFO NET/IB: Subnet-aware routing: overriding dev 5 with dev 2
spark-5fa1:62:73 [0] NCCL INFO NET/IB: ncclIbResiliencyInit: Resiliency is disabled on the recv communicator (comm=0xff4a3cc2a000)
spark-5fa1:62:73 [0] NCCL INFO NET/IB: ncclIbRecvCommInit: Receive work requests will be posted on-demand
spark-5fa1:62:73 [0] NCCL INFO NET/IB: Subnet-aware routing: overriding dev 5 with dev 2
spark-5fa1:62:73 [0] NCCL INFO NET/IB: Subnet-aware routing: overriding dev 4 with dev 0
spark-5fa1:62:73 [0] NCCL INFO NET/IB: Subnet-aware routing: overriding dev 5 with dev 2
spark-5fa1:62:73 [0] NCCL INFO NET/IB: Subnet-aware routing: overriding dev 4 with dev 0
spark-5fa1:62:73 [0] NCCL INFO NET/IB: ncclIbResiliencyInit: Resiliency is disabled on the send communicator (comm=0xff4a3cc72000)
spark-5fa1:62:73 [0] NCCL INFO NET/IB: Subnet-aware routing: overriding dev 5 with dev 2
spark-5fa1:62:73 [0] NCCL INFO NET/IB: Subnet-aware routing: overriding dev 4 with dev 0
spark-5fa1:62:73 [0] NCCL INFO NET/IB: ncclIbSenderQpsCreate: QP created: port=1 dev=0 devName=rocep1s0f0 ndevs=4 nmdevs=6 qp_num=46082 pkey=0 pd=0xff4a3c07dd30 oooRq=0
spark-5fa1:62:73 [0] NCCL INFO NET/IB: ncclIbSenderQpsCreate: QP created: port=1 dev=0 devName=rocep1s0f0 ndevs=4 nmdevs=6 qp_num=46083 pkey=0 pd=0xff4a3c07dd30 oooRq=0
spark-5fa1:62:73 [0] NCCL INFO NET/IB: ncclIbConnectImpl: NCCL Dev 0 IbDev 0 Port 1 qp_num 46082 mtu 5 GID 6 (0/164A8C0FFFF0000) ctsFifoRkey=0x160eca ctsFifoLkey=0x160eca
spark-5fa1:62:73 [0] NCCL INFO NET/IB: ncclIbConnectImpl: IbDev 0 Port 1 qp_num 46082 query_ece={supported=1, vendor_id=0x15b3, options=0x30000002, comp_mask=0x0}
spark-5fa1:62:73 [0] NCCL INFO NET/IB: ncclIbConnectImpl: NCCL Dev 0 IbDev 0 Port 1 qp_num 46083 mtu 5 GID 6 (0/164A8C0FFFF0000) ctsFifoRkey=0x160eca ctsFifoLkey=0x160eca
spark-5fa1:62:73 [0] NCCL INFO NET/IB: ncclIbConnectImpl: IbDev 0 Port 1 qp_num 46083 query_ece={supported=1, vendor_id=0x15b3, options=0x30000002, comp_mask=0x0}
spark-5fa1:62:73 [0] NCCL INFO NET/IB: Subnet-aware routing: overriding dev 5 with dev 2
spark-5fa1:62:73 [0] NCCL INFO NET/IB: Subnet-aware routing: overriding dev 4 with dev 0
spark-5fa1:62:73 [0] NCCL INFO NET/IB: ncclIbResiliencyInit: Resiliency is disabled on the recv communicator (comm=0xff4a3cd0d000)
spark-5fa1:62:73 [0] NCCL INFO NET/IB: ncclIbRecvCommInit: Receive work requests will be posted on-demand
spark-5fa1:62:73 [0] NCCL INFO NET/IB: Subnet-aware routing: overriding dev 5 with dev 2
spark-5fa1:62:73 [0] NCCL INFO NET/IB: ncclIbSenderQpsToRts: Set ECE: IbDev 2 Port 1 qp_num 2302 set_ece={supported=1, vendor_id=0x15b3, options=0x30000002, comp_mask=0x0}
spark-5fa1:62:73 [0] NCCL INFO NET/IB: ncclIbSenderQpsToRts: Set ECE: IbDev 2 Port 1 qp_num 2303 set_ece={supported=1, vendor_id=0x15b3, options=0x30000002, comp_mask=0x0}
spark-5fa1:62:73 [0] NCCL INFO NET/IB: Subnet-aware routing: overriding dev 4 with dev 0
spark-5fa1:62:73 [0] NCCL INFO NET/IB: Subnet-aware routing: overriding dev 4 with dev 1
spark-5fa1:62:73 [0] NCCL INFO NET/IB: ncclIbReceiverQpsCreateToRts: QP created: port=1 dev=1 devName=rocep1s0f1 ndevs=4 nmdevs=6 qp_num=40978 pkey=0 pd=0xff4a3c245f40 oooRq=0
spark-5fa1:62:73 [0] NCCL INFO NET/IB: ncclIbReceiverQpsCreateToRts: QP created: port=1 dev=1 devName=rocep1s0f1 ndevs=4 nmdevs=6 qp_num=40979 pkey=0 pd=0xff4a3c245f40 oooRq=0
spark-5fa1:62:73 [0] NCCL INFO NET/IB: ncclIbReceiverQpsCreateToRts: Flush QP created: port=1 dev=1 devName=rocep1s0f1 ndevs=4 nmdevs=6 qp_num=40980 pkey=0 pd=0xff4a3c245f40
spark-5fa1:62:73 [0] NCCL INFO NET/IB: Subnet-aware routing: overriding dev 5 with dev 2
spark-5fa1:62:73 [0] NCCL INFO NET/IB: ncclIbSenderQpsCreate: QP created: port=1 dev=2 devName=roceP2p1s0f0 ndevs=4 nmdevs=6 qp_num=2304 pkey=0 pd=0xff4a3c242900 oooRq=0
spark-5fa1:62:73 [0] NCCL INFO NET/IB: ncclIbSenderQpsCreate: QP created: port=1 dev=2 devName=roceP2p1s0f0 ndevs=4 nmdevs=6 qp_num=2305 pkey=0 pd=0xff4a3c242900 oooRq=0
spark-5fa1:62:73 [0] NCCL INFO NET/IB: ncclIbConnectImpl: NCCL Dev 2 IbDev 2 Port 1 qp_num 2304 mtu 5 GID 3 (0/16EA8C0FFFF0000) ctsFifoRkey=0x18dfdc ctsFifoLkey=0x18dfdc
spark-5fa1:62:73 [0] NCCL INFO NET/IB: ncclIbConnectImpl: IbDev 2 Port 1 qp_num 2304 query_ece={supported=1, vendor_id=0x15b3, options=0x30000002, comp_mask=0x0}
spark-5fa1:62:73 [0] NCCL INFO NET/IB: ncclIbConnectImpl: NCCL Dev 2 IbDev 2 Port 1 qp_num 2305 mtu 5 GID 3 (0/16EA8C0FFFF0000) ctsFifoRkey=0x18dfdc ctsFifoLkey=0x18dfdc
spark-5fa1:62:73 [0] NCCL INFO NET/IB: ncclIbConnectImpl: IbDev 2 Port 1 qp_num 2305 query_ece={supported=1, vendor_id=0x15b3, options=0x30000002, comp_mask=0x0}
spark-5fa1:62:73 [0] NCCL INFO NET/IB: Subnet-aware routing: overriding dev 5 with dev 3
spark-5fa1:62:73 [0] NCCL INFO NET/IB: ncclIbReceiverQpsCreateToRts: QP created: port=1 dev=3 devName=roceP2p1s0f1 ndevs=4 nmdevs=6 qp_num=2260 pkey=0 pd=0xff4a3c3de9d0 oooRq=0
spark-5fa1:62:73 [0] NCCL INFO NET/IB: ncclIbReceiverQpsCreateToRts: QP created: port=1 dev=3 devName=roceP2p1s0f1 ndevs=4 nmdevs=6 qp_num=2261 pkey=0 pd=0xff4a3c3de9d0 oooRq=0
spark-5fa1:62:73 [0] NCCL INFO NET/IB: ncclIbReceiverQpsCreateToRts: Flush QP created: port=1 dev=3 devName=roceP2p1s0f1 ndevs=4 nmdevs=6 qp_num=2262 pkey=0 pd=0xff4a3c3de9d0
spark-5fa1:62:73 [0] NCCL INFO NET/IB: Subnet-aware routing: overriding dev 4 with dev 0
spark-5fa1:62:73 [0] NCCL INFO NET/IB: Subnet-aware routing: overriding dev 5 with dev 2
spark-5fa1:62:73 [0] NCCL INFO NET/IB: ncclIbResiliencyInit: Resiliency is disabled on the send communicator (comm=0xff4a3cea6000)
spark-5fa1:62:73 [0] NCCL INFO NET/IB: Subnet-aware routing: overriding dev 4 with dev 0
spark-5fa1:62:73 [0] NCCL INFO NET/IB: ncclIbSenderQpsToRts: Set ECE: IbDev 0 Port 1 qp_num 46082 set_ece={supported=1, vendor_id=0x15b3, options=0x30000002, comp_mask=0x0}
spark-5fa1:62:73 [0] NCCL INFO NET/IB: ncclIbSenderQpsToRts: Set ECE: IbDev 0 Port 1 qp_num 46083 set_ece={supported=1, vendor_id=0x15b3, options=0x30000002, comp_mask=0x0}
spark-5fa1:62:73 [0] NCCL INFO NET/IB: Subnet-aware routing: overriding dev 5 with dev 2
spark-5fa1:62:73 [0] NCCL INFO NET/IB: Subnet-aware routing: overriding dev 4 with dev 0
spark-5fa1:62:73 [0] NCCL INFO NET/IB: Subnet-aware routing: overriding dev 5 with dev 2
spark-5fa1:62:73 [0] NCCL INFO NET/IB: ncclIbResiliencyInit: Resiliency is disabled on the recv communicator (comm=0xff4a3ceea000)
spark-5fa1:62:73 [0] NCCL INFO NET/IB: ncclIbRecvCommInit: Receive work requests will be posted on-demand
spark-5fa1:62:73 [0] NCCL INFO NET/IB: Subnet-aware routing: overriding dev 5 with dev 2
spark-5fa1:62:73 [0] NCCL INFO NET/IB: ncclIbSenderQpsToRts: Set ECE: IbDev 2 Port 1 qp_num 2304 set_ece={supported=1, vendor_id=0x15b3, options=0x30000002, comp_mask=0x0}
spark-5fa1:62:73 [0] NCCL INFO NET/IB: ncclIbSenderQpsToRts: Set ECE: IbDev 2 Port 1 qp_num 2305 set_ece={supported=1, vendor_id=0x15b3, options=0x30000002, comp_mask=0x0}
spark-5fa1:62:73 [0] NCCL INFO NET/IB: Subnet-aware routing: overriding dev 4 with dev 0
spark-5fa1:62:73 [0] NCCL INFO NET/IB: Subnet-aware routing: overriding dev 4 with dev 1
spark-5fa1:62:73 [0] NCCL INFO NET/IB: ncclIbReceiverQpsCreateToRts: QP created: port=1 dev=1 devName=rocep1s0f1 ndevs=4 nmdevs=6 qp_num=40981 pkey=0 pd=0xff4a3c245f40 oooRq=0
spark-5fa1:62:73 [0] NCCL INFO NET/IB: ncclIbReceiverQpsCreateToRts: QP created: port=1 dev=1 devName=rocep1s0f1 ndevs=4 nmdevs=6 qp_num=40982 pkey=0 pd=0xff4a3c245f40 oooRq=0
spark-5fa1:62:73 [0] NCCL INFO NET/IB: ncclIbReceiverQpsCreateToRts: Flush QP created: port=1 dev=1 devName=rocep1s0f1 ndevs=4 nmdevs=6 qp_num=40983 pkey=0 pd=0xff4a3c245f40
spark-5fa1:62:73 [0] NCCL INFO NET/IB: Subnet-aware routing: overriding dev 5 with dev 2
spark-5fa1:62:73 [0] NCCL INFO NET/IB: Subnet-aware routing: overriding dev 4 with dev 0
spark-5fa1:62:73 [0] NCCL INFO NET/IB: ncclIbResiliencyInit: Resiliency is disabled on the send communicator (comm=0xff4a3cfa5000)
spark-5fa1:62:73 [0] NCCL INFO NET/IB: Subnet-aware routing: overriding dev 4 with dev 0
spark-5fa1:62:73 [0] NCCL INFO NET/IB: Subnet-aware routing: overriding dev 5 with dev 2
spark-5fa1:62:73 [0] NCCL INFO NET/IB: Subnet-aware routing: overriding dev 4 with dev 0
spark-5fa1:62:73 [0] NCCL INFO NET/IB: ncclIbResiliencyInit: Resiliency is disabled on the recv communicator (comm=0xff4a3cfe9000)
spark-5fa1:62:73 [0] NCCL INFO NET/IB: ncclIbRecvCommInit: Receive work requests will be posted on-demand
spark-5fa1:62:73 [0] NCCL INFO NET/IB: Subnet-aware routing: overriding dev 4 with dev 0
spark-5fa1:62:73 [0] NCCL INFO NET/IB: ncclIbSenderQpsCreate: QP created: port=1 dev=0 devName=rocep1s0f0 ndevs=4 nmdevs=6 qp_num=46084 pkey=0 pd=0xff4a3c07dd30 oooRq=0
spark-5fa1:62:73 [0] NCCL INFO NET/IB: ncclIbSenderQpsCreate: QP created: port=1 dev=0 devName=rocep1s0f0 ndevs=4 nmdevs=6 qp_num=46085 pkey=0 pd=0xff4a3c07dd30 oooRq=0
spark-5fa1:62:73 [0] NCCL INFO NET/IB: ncclIbConnectImpl: NCCL Dev 0 IbDev 0 Port 1 qp_num 46084 mtu 5 GID 6 (0/164A8C0FFFF0000) ctsFifoRkey=0x169d5d ctsFifoLkey=0x169d5d
spark-5fa1:62:73 [0] NCCL INFO NET/IB: ncclIbConnectImpl: IbDev 0 Port 1 qp_num 46084 query_ece={supported=1, vendor_id=0x15b3, options=0x30000002, comp_mask=0x0}
spark-5fa1:62:73 [0] NCCL INFO NET/IB: ncclIbConnectImpl: NCCL Dev 0 IbDev 0 Port 1 qp_num 46085 mtu 5 GID 6 (0/164A8C0FFFF0000) ctsFifoRkey=0x169d5d ctsFifoLkey=0x169d5d
spark-5fa1:62:73 [0] NCCL INFO NET/IB: ncclIbConnectImpl: IbDev 0 Port 1 qp_num 46085 query_ece={supported=1, vendor_id=0x15b3, options=0x30000002, comp_mask=0x0}
spark-5fa1:62:73 [0] NCCL INFO NET/IB: Subnet-aware routing: overriding dev 5 with dev 2
spark-5fa1:62:73 [0] NCCL INFO NET/IB: ncclIbSenderQpsCreate: QP created: port=1 dev=2 devName=roceP2p1s0f0 ndevs=4 nmdevs=6 qp_num=2306 pkey=0 pd=0xff4a3c242900 oooRq=0
spark-5fa1:62:73 [0] NCCL INFO NET/IB: ncclIbSenderQpsCreate: QP created: port=1 dev=2 devName=roceP2p1s0f0 ndevs=4 nmdevs=6 qp_num=2307 pkey=0 pd=0xff4a3c242900 oooRq=0
spark-5fa1:62:73 [0] NCCL INFO NET/IB: ncclIbConnectImpl: NCCL Dev 2 IbDev 2 Port 1 qp_num 2306 mtu 5 GID 3 (0/16EA8C0FFFF0000) ctsFifoRkey=0x187976 ctsFifoLkey=0x187976
spark-5fa1:62:73 [0] NCCL INFO NET/IB: ncclIbConnectImpl: IbDev 2 Port 1 qp_num 2306 query_ece={supported=1, vendor_id=0x15b3, options=0x30000002, comp_mask=0x0}
spark-5fa1:62:73 [0] NCCL INFO NET/IB: ncclIbConnectImpl: NCCL Dev 2 IbDev 2 Port 1 qp_num 2307 mtu 5 GID 3 (0/16EA8C0FFFF0000) ctsFifoRkey=0x187976 ctsFifoLkey=0x187976
spark-5fa1:62:73 [0] NCCL INFO NET/IB: ncclIbConnectImpl: IbDev 2 Port 1 qp_num 2307 query_ece={supported=1, vendor_id=0x15b3, options=0x30000002, comp_mask=0x0}
spark-5fa1:62:73 [0] NCCL INFO NET/IB: Subnet-aware routing: overriding dev 5 with dev 3
spark-5fa1:62:73 [0] NCCL INFO NET/IB: ncclIbReceiverQpsCreateToRts: QP created: port=1 dev=3 devName=roceP2p1s0f1 ndevs=4 nmdevs=6 qp_num=2263 pkey=0 pd=0xff4a3c3de9d0 oooRq=0
spark-5fa1:62:73 [0] NCCL INFO NET/IB: ncclIbReceiverQpsCreateToRts: QP created: port=1 dev=3 devName=roceP2p1s0f1 ndevs=4 nmdevs=6 qp_num=2264 pkey=0 pd=0xff4a3c3de9d0 oooRq=0
spark-5fa1:62:73 [0] NCCL INFO NET/IB: ncclIbReceiverQpsCreateToRts: Flush QP created: port=1 dev=3 devName=roceP2p1s0f1 ndevs=4 nmdevs=6 qp_num=2265 pkey=0 pd=0xff4a3c3de9d0
spark-5fa1:62:73 [0] NCCL INFO NET/IB: Subnet-aware routing: overriding dev 4 with dev 0
spark-5fa1:62:73 [0] NCCL INFO NET/IB: Subnet-aware routing: overriding dev 5 with dev 2
spark-5fa1:62:73 [0] NCCL INFO NET/IB: ncclIbResiliencyInit: Resiliency is disabled on the send communicator (comm=0xff4a3d160000)
spark-5fa1:62:73 [0] NCCL INFO NET/IB: Subnet-aware routing: overriding dev 4 with dev 0
spark-5fa1:62:73 [0] NCCL INFO NET/IB: ncclIbSenderQpsToRts: Set ECE: IbDev 0 Port 1 qp_num 46084 set_ece={supported=1, vendor_id=0x15b3, options=0x30000002, comp_mask=0x0}
spark-5fa1:62:73 [0] NCCL INFO NET/IB: ncclIbSenderQpsToRts: Set ECE: IbDev 0 Port 1 qp_num 46085 set_ece={supported=1, vendor_id=0x15b3, options=0x30000002, comp_mask=0x0}
spark-5fa1:62:73 [0] NCCL INFO NET/IB: Subnet-aware routing: overriding dev 5 with dev 2
spark-5fa1:62:73 [0] NCCL INFO NET/IB: Subnet-aware routing: overriding dev 4 with dev 0
spark-5fa1:62:73 [0] NCCL INFO NET/IB: ncclIbSenderQpsCreate: QP created: port=1 dev=0 devName=rocep1s0f0 ndevs=4 nmdevs=6 qp_num=46086 pkey=0 pd=0xff4a3c07dd30 oooRq=0
spark-5fa1:62:73 [0] NCCL INFO NET/IB: ncclIbSenderQpsCreate: QP created: port=1 dev=0 devName=rocep1s0f0 ndevs=4 nmdevs=6 qp_num=46087 pkey=0 pd=0xff4a3c07dd30 oooRq=0
spark-5fa1:62:73 [0] NCCL INFO NET/IB: ncclIbConnectImpl: NCCL Dev 0 IbDev 0 Port 1 qp_num 46086 mtu 5 GID 6 (0/164A8C0FFFF0000) ctsFifoRkey=0x221c8b ctsFifoLkey=0x221c8b
spark-5fa1:62:73 [0] NCCL INFO NET/IB: ncclIbConnectImpl: IbDev 0 Port 1 qp_num 46086 query_ece={supported=1, vendor_id=0x15b3, options=0x30000002, comp_mask=0x0}
spark-5fa1:62:73 [0] NCCL INFO NET/IB: ncclIbConnectImpl: NCCL Dev 0 IbDev 0 Port 1 qp_num 46087 mtu 5 GID 6 (0/164A8C0FFFF0000) ctsFifoRkey=0x221c8b ctsFifoLkey=0x221c8b
spark-5fa1:62:73 [0] NCCL INFO NET/IB: ncclIbConnectImpl: IbDev 0 Port 1 qp_num 46087 query_ece={supported=1, vendor_id=0x15b3, options=0x30000002, comp_mask=0x0}
spark-5fa1:62:73 [0] NCCL INFO NET/IB: Subnet-aware routing: overriding dev 5 with dev 2
spark-5fa1:62:73 [0] NCCL INFO NET/IB: ncclIbResiliencyInit: Resiliency is disabled on the recv communicator (comm=0xff4a3d1f9000)
spark-5fa1:62:73 [0] NCCL INFO NET/IB: ncclIbRecvCommInit: Receive work requests will be posted on-demand
spark-5fa1:62:73 [0] NCCL INFO NET/IB: Subnet-aware routing: overriding dev 5 with dev 2
spark-5fa1:62:73 [0] NCCL INFO NET/IB: ncclIbSenderQpsToRts: Set ECE: IbDev 2 Port 1 qp_num 2306 set_ece={supported=1, vendor_id=0x15b3, options=0x30000002, comp_mask=0x0}
spark-5fa1:62:73 [0] NCCL INFO NET/IB: ncclIbSenderQpsToRts: Set ECE: IbDev 2 Port 1 qp_num 2307 set_ece={supported=1, vendor_id=0x15b3, options=0x30000002, comp_mask=0x0}
spark-5fa1:62:73 [0] NCCL INFO NET/IB: Subnet-aware routing: overriding dev 4 with dev 0
spark-5fa1:62:73 [0] NCCL INFO NET/IB: Subnet-aware routing: overriding dev 4 with dev 1
spark-5fa1:62:73 [0] NCCL INFO NET/IB: ncclIbReceiverQpsCreateToRts: QP created: port=1 dev=1 devName=rocep1s0f1 ndevs=4 nmdevs=6 qp_num=40984 pkey=0 pd=0xff4a3c245f40 oooRq=0
spark-5fa1:62:73 [0] NCCL INFO NET/IB: ncclIbReceiverQpsCreateToRts: QP created: port=1 dev=1 devName=rocep1s0f1 ndevs=4 nmdevs=6 qp_num=40985 pkey=0 pd=0xff4a3c245f40 oooRq=0
spark-5fa1:62:73 [0] NCCL INFO NET/IB: ncclIbReceiverQpsCreateToRts: Flush QP created: port=1 dev=1 devName=rocep1s0f1 ndevs=4 nmdevs=6 qp_num=40986 pkey=0 pd=0xff4a3c245f40
spark-5fa1:62:73 [0] NCCL INFO NET/IB: Subnet-aware routing: overriding dev 5 with dev 2
spark-5fa1:62:73 [0] NCCL INFO NET/IB: Subnet-aware routing: overriding dev 4 with dev 0
spark-5fa1:62:73 [0] NCCL INFO NET/IB: ncclIbResiliencyInit: Resiliency is disabled on the send communicator (comm=0xff4a3d2bc000)
spark-5fa1:62:73 [0] NCCL INFO NET/IB: Subnet-aware routing: overriding dev 4 with dev 0
spark-5fa1:62:73 [0] NCCL INFO NET/IB: Subnet-aware routing: overriding dev 5 with dev 2
spark-5fa1:62:73 [0] NCCL INFO NET/IB: Subnet-aware routing: overriding dev 4 with dev 0
spark-5fa1:62:73 [0] NCCL INFO NET/IB: ncclIbResiliencyInit: Resiliency is disabled on the recv communicator (comm=0xff4a3d300000)
spark-5fa1:62:73 [0] NCCL INFO NET/IB: ncclIbRecvCommInit: Receive work requests will be posted on-demand
spark-5fa1:62:73 [0] NCCL INFO NET/IB: Subnet-aware routing: overriding dev 4 with dev 0
spark-5fa1:62:73 [0] NCCL INFO NET/IB: Subnet-aware routing: overriding dev 5 with dev 2
spark-5fa1:62:73 [0] NCCL INFO NET/IB: Subnet-aware routing: overriding dev 4 with dev 0
spark-5fa1:62:73 [0] NCCL INFO NET/IB: Subnet-aware routing: overriding dev 5 with dev 2
spark-5fa1:62:73 [0] NCCL INFO NET/IB: ncclIbResiliencyInit: Resiliency is disabled on the send communicator (comm=0xff4a3d348000)
spark-5fa1:62:73 [0] NCCL INFO NET/IB: Subnet-aware routing: overriding dev 4 with dev 0
spark-5fa1:62:73 [0] NCCL INFO NET/IB: ncclIbSenderQpsToRts: Set ECE: IbDev 0 Port 1 qp_num 46086 set_ece={supported=1, vendor_id=0x15b3, options=0x30000002, comp_mask=0x0}
spark-5fa1:62:73 [0] NCCL INFO NET/IB: ncclIbSenderQpsToRts: Set ECE: IbDev 0 Port 1 qp_num 46087 set_ece={supported=1, vendor_id=0x15b3, options=0x30000002, comp_mask=0x0}
spark-5fa1:62:73 [0] NCCL INFO NET/IB: Subnet-aware routing: overriding dev 5 with dev 2
spark-5fa1:62:73 [0] NCCL INFO NET/IB: ncclIbSenderQpsCreate: QP created: port=1 dev=2 devName=roceP2p1s0f0 ndevs=4 nmdevs=6 qp_num=2308 pkey=0 pd=0xff4a3c242900 oooRq=0
spark-5fa1:62:73 [0] NCCL INFO NET/IB: ncclIbSenderQpsCreate: QP created: port=1 dev=2 devName=roceP2p1s0f0 ndevs=4 nmdevs=6 qp_num=2309 pkey=0 pd=0xff4a3c242900 oooRq=0
spark-5fa1:62:73 [0] NCCL INFO NET/IB: ncclIbConnectImpl: NCCL Dev 2 IbDev 2 Port 1 qp_num 2308 mtu 5 GID 3 (0/16EA8C0FFFF0000) ctsFifoRkey=0x19938e ctsFifoLkey=0x19938e
spark-5fa1:62:73 [0] NCCL INFO NET/IB: ncclIbConnectImpl: IbDev 2 Port 1 qp_num 2308 query_ece={supported=1, vendor_id=0x15b3, options=0x30000002, comp_mask=0x0}
spark-5fa1:62:73 [0] NCCL INFO NET/IB: ncclIbConnectImpl: NCCL Dev 2 IbDev 2 Port 1 qp_num 2309 mtu 5 GID 3 (0/16EA8C0FFFF0000) ctsFifoRkey=0x19938e ctsFifoLkey=0x19938e
spark-5fa1:62:73 [0] NCCL INFO NET/IB: ncclIbConnectImpl: IbDev 2 Port 1 qp_num 2309 query_ece={supported=1, vendor_id=0x15b3, options=0x30000002, comp_mask=0x0}
spark-5fa1:62:73 [0] NCCL INFO NET/IB: Subnet-aware routing: overriding dev 5 with dev 3
spark-5fa1:62:73 [0] NCCL INFO NET/IB: ncclIbReceiverQpsCreateToRts: QP created: port=1 dev=3 devName=roceP2p1s0f1 ndevs=4 nmdevs=6 qp_num=2266 pkey=0 pd=0xff4a3c3de9d0 oooRq=0
spark-5fa1:62:73 [0] NCCL INFO NET/IB: ncclIbReceiverQpsCreateToRts: QP created: port=1 dev=3 devName=roceP2p1s0f1 ndevs=4 nmdevs=6 qp_num=2267 pkey=0 pd=0xff4a3c3de9d0 oooRq=0
spark-5fa1:62:73 [0] NCCL INFO NET/IB: ncclIbReceiverQpsCreateToRts: Flush QP created: port=1 dev=3 devName=roceP2p1s0f1 ndevs=4 nmdevs=6 qp_num=2268 pkey=0 pd=0xff4a3c3de9d0
spark-5fa1:62:73 [0] NCCL INFO NET/IB: Subnet-aware routing: overriding dev 4 with dev 0
spark-5fa1:62:73 [0] NCCL INFO NET/IB: Subnet-aware routing: overriding dev 5 with dev 2
spark-5fa1:62:73 [0] NCCL INFO NET/IB: ncclIbResiliencyInit: Resiliency is disabled on the recv communicator (comm=0xff4a3d45e000)
spark-5fa1:62:73 [0] NCCL INFO NET/IB: ncclIbRecvCommInit: Receive work requests will be posted on-demand
spark-5fa1:62:73 [0] NCCL INFO NET/IB: Subnet-aware routing: overriding dev 5 with dev 2
spark-5fa1:62:73 [0] NCCL INFO NET/IB: Subnet-aware routing: overriding dev 4 with dev 0
spark-5fa1:62:73 [0] NCCL INFO NET/IB: Subnet-aware routing: overriding dev 5 with dev 2
spark-5fa1:62:73 [0] NCCL INFO NET/IB: Subnet-aware routing: overriding dev 4 with dev 0
spark-5fa1:62:73 [0] NCCL INFO NET/IB: ncclIbResiliencyInit: Resiliency is disabled on the send communicator (comm=0xff4a3d4a6000)
spark-5fa1:62:73 [0] NCCL INFO NET/IB: Subnet-aware routing: overriding dev 5 with dev 2
spark-5fa1:62:73 [0] NCCL INFO NET/IB: Subnet-aware routing: overriding dev 4 with dev 0
spark-5fa1:62:73 [0] NCCL INFO NET/IB: Subnet-aware routing: overriding dev 5 with dev 2
spark-5fa1:62:73 [0] NCCL INFO NET/IB: Subnet-aware routing: overriding dev 4 with dev 0
spark-5fa1:62:73 [0] NCCL INFO NET/IB: ncclIbResiliencyInit: Resiliency is disabled on the recv communicator (comm=0xff4a3d4ea000)
spark-5fa1:62:73 [0] NCCL INFO NET/IB: ncclIbRecvCommInit: Receive work requests will be posted on-demand
spark-5fa1:62:73 [0] NCCL INFO NET/IB: Subnet-aware routing: overriding dev 5 with dev 2
spark-5fa1:62:73 [0] NCCL INFO NET/IB: ncclIbSenderQpsToRts: Set ECE: IbDev 2 Port 1 qp_num 2308 set_ece={supported=1, vendor_id=0x15b3, options=0x30000002, comp_mask=0x0}
spark-5fa1:62:73 [0] NCCL INFO NET/IB: ncclIbSenderQpsToRts: Set ECE: IbDev 2 Port 1 qp_num 2309 set_ece={supported=1, vendor_id=0x15b3, options=0x30000002, comp_mask=0x0}
spark-5fa1:62:73 [0] NCCL INFO NET/IB: Subnet-aware routing: overriding dev 4 with dev 0
spark-5fa1:62:73 [0] NCCL INFO NET/IB: ncclIbSenderQpsCreate: QP created: port=1 dev=0 devName=rocep1s0f0 ndevs=4 nmdevs=6 qp_num=46088 pkey=0 pd=0xff4a3c07dd30 oooRq=0
spark-5fa1:62:73 [0] NCCL INFO NET/IB: ncclIbSenderQpsCreate: QP created: port=1 dev=0 devName=rocep1s0f0 ndevs=4 nmdevs=6 qp_num=46089 pkey=0 pd=0xff4a3c07dd30 oooRq=0
spark-5fa1:62:73 [0] NCCL INFO NET/IB: ncclIbConnectImpl: NCCL Dev 0 IbDev 0 Port 1 qp_num 46088 mtu 5 GID 6 (0/164A8C0FFFF0000) ctsFifoRkey=0x17cd8a ctsFifoLkey=0x17cd8a
spark-5fa1:62:73 [0] NCCL INFO NET/IB: ncclIbConnectImpl: IbDev 0 Port 1 qp_num 46088 query_ece={supported=1, vendor_id=0x15b3, options=0x30000002, comp_mask=0x0}
spark-5fa1:62:73 [0] NCCL INFO NET/IB: ncclIbConnectImpl: NCCL Dev 0 IbDev 0 Port 1 qp_num 46089 mtu 5 GID 6 (0/164A8C0FFFF0000) ctsFifoRkey=0x17cd8a ctsFifoLkey=0x17cd8a
spark-5fa1:62:73 [0] NCCL INFO NET/IB: ncclIbConnectImpl: IbDev 0 Port 1 qp_num 46089 query_ece={supported=1, vendor_id=0x15b3, options=0x30000002, comp_mask=0x0}
spark-5fa1:62:73 [0] NCCL INFO NET/IB: Subnet-aware routing: overriding dev 4 with dev 1
spark-5fa1:62:73 [0] NCCL INFO NET/IB: ncclIbReceiverQpsCreateToRts: QP created: port=1 dev=1 devName=rocep1s0f1 ndevs=4 nmdevs=6 qp_num=40987 pkey=0 pd=0xff4a3c245f40 oooRq=0
spark-5fa1:62:73 [0] NCCL INFO NET/IB: ncclIbReceiverQpsCreateToRts: QP created: port=1 dev=1 devName=rocep1s0f1 ndevs=4 nmdevs=6 qp_num=40988 pkey=0 pd=0xff4a3c245f40 oooRq=0
spark-5fa1:62:73 [0] NCCL INFO NET/IB: ncclIbReceiverQpsCreateToRts: Flush QP created: port=1 dev=1 devName=rocep1s0f1 ndevs=4 nmdevs=6 qp_num=40989 pkey=0 pd=0xff4a3c245f40
spark-5fa1:62:73 [0] NCCL INFO NET/IB: Subnet-aware routing: overriding dev 5 with dev 2
spark-5fa1:62:73 [0] NCCL INFO NET/IB: ncclIbSenderQpsCreate: QP created: port=1 dev=2 devName=roceP2p1s0f0 ndevs=4 nmdevs=6 qp_num=2310 pkey=0 pd=0xff4a3c242900 oooRq=0
spark-5fa1:62:73 [0] NCCL INFO NET/IB: ncclIbSenderQpsCreate: QP created: port=1 dev=2 devName=roceP2p1s0f0 ndevs=4 nmdevs=6 qp_num=2311 pkey=0 pd=0xff4a3c242900 oooRq=0
spark-5fa1:62:73 [0] NCCL INFO NET/IB: ncclIbConnectImpl: NCCL Dev 2 IbDev 2 Port 1 qp_num 2310 mtu 5 GID 3 (0/16EA8C0FFFF0000) ctsFifoRkey=0x1cc45f ctsFifoLkey=0x1cc45f
spark-5fa1:62:73 [0] NCCL INFO NET/IB: ncclIbConnectImpl: IbDev 2 Port 1 qp_num 2310 query_ece={supported=1, vendor_id=0x15b3, options=0x30000002, comp_mask=0x0}
spark-5fa1:62:73 [0] NCCL INFO NET/IB: ncclIbConnectImpl: NCCL Dev 2 IbDev 2 Port 1 qp_num 2311 mtu 5 GID 3 (0/16EA8C0FFFF0000) ctsFifoRkey=0x1cc45f ctsFifoLkey=0x1cc45f
spark-5fa1:62:73 [0] NCCL INFO NET/IB: ncclIbConnectImpl: IbDev 2 Port 1 qp_num 2311 query_ece={supported=1, vendor_id=0x15b3, options=0x30000002, comp_mask=0x0}
spark-5fa1:62:73 [0] NCCL INFO NET/IB: Subnet-aware routing: overriding dev 5 with dev 3
spark-5fa1:62:73 [0] NCCL INFO NET/IB: ncclIbReceiverQpsCreateToRts: QP created: port=1 dev=3 devName=roceP2p1s0f1 ndevs=4 nmdevs=6 qp_num=2269 pkey=0 pd=0xff4a3c3de9d0 oooRq=0
spark-5fa1:62:73 [0] NCCL INFO NET/IB: ncclIbReceiverQpsCreateToRts: QP created: port=1 dev=3 devName=roceP2p1s0f1 ndevs=4 nmdevs=6 qp_num=2270 pkey=0 pd=0xff4a3c3de9d0 oooRq=0
spark-5fa1:62:73 [0] NCCL INFO NET/IB: ncclIbReceiverQpsCreateToRts: Flush QP created: port=1 dev=3 devName=roceP2p1s0f1 ndevs=4 nmdevs=6 qp_num=2271 pkey=0 pd=0xff4a3c3de9d0
spark-5fa1:62:73 [0] NCCL INFO NET/IB: Subnet-aware routing: overriding dev 4 with dev 0
spark-5fa1:62:73 [0] NCCL INFO NET/IB: Subnet-aware routing: overriding dev 5 with dev 2
spark-5fa1:62:73 [0] NCCL INFO NET/IB: ncclIbResiliencyInit: Resiliency is disabled on the send communicator (comm=0xff4a3d6da000)
spark-5fa1:62:73 [0] NCCL INFO NET/IB: Subnet-aware routing: overriding dev 4 with dev 0
spark-5fa1:62:73 [0] NCCL INFO NET/IB: ncclIbSenderQpsToRts: Set ECE: IbDev 0 Port 1 qp_num 46088 set_ece={supported=1, vendor_id=0x15b3, options=0x30000002, comp_mask=0x0}
spark-5fa1:62:73 [0] NCCL INFO NET/IB: ncclIbSenderQpsToRts: Set ECE: IbDev 0 Port 1 qp_num 46089 set_ece={supported=1, vendor_id=0x15b3, options=0x30000002, comp_mask=0x0}
spark-5fa1:62:73 [0] NCCL INFO NET/IB: Subnet-aware routing: overriding dev 5 with dev 2
spark-5fa1:62:73 [0] NCCL INFO NET/IB: ncclIbSenderQpsToRts: Set ECE: IbDev 2 Port 1 qp_num 2310 set_ece={supported=1, vendor_id=0x15b3, options=0x30000002, comp_mask=0x0}
spark-5fa1:62:73 [0] NCCL INFO NET/IB: ncclIbSenderQpsToRts: Set ECE: IbDev 2 Port 1 qp_num 2311 set_ece={supported=1, vendor_id=0x15b3, options=0x30000002, comp_mask=0x0}
spark-5fa1:62:73 [0] NCCL INFO NET/IB: Subnet-aware routing: overriding dev 4 with dev 0
spark-5fa1:62:73 [0] NCCL INFO NET/IB: ncclIbSenderQpsCreate: QP created: port=1 dev=0 devName=rocep1s0f0 ndevs=4 nmdevs=6 qp_num=46090 pkey=0 pd=0xff4a3c07dd30 oooRq=0
spark-5fa1:62:73 [0] NCCL INFO NET/IB: ncclIbSenderQpsCreate: QP created: port=1 dev=0 devName=rocep1s0f0 ndevs=4 nmdevs=6 qp_num=46091 pkey=0 pd=0xff4a3c07dd30 oooRq=0
spark-5fa1:62:73 [0] NCCL INFO NET/IB: ncclIbConnectImpl: NCCL Dev 0 IbDev 0 Port 1 qp_num 46090 mtu 5 GID 6 (0/164A8C0FFFF0000) ctsFifoRkey=0x16c987 ctsFifoLkey=0x16c987
spark-5fa1:62:73 [0] NCCL INFO NET/IB: ncclIbConnectImpl: IbDev 0 Port 1 qp_num 46090 query_ece={supported=1, vendor_id=0x15b3, options=0x30000002, comp_mask=0x0}
spark-5fa1:62:73 [0] NCCL INFO NET/IB: ncclIbConnectImpl: NCCL Dev 0 IbDev 0 Port 1 qp_num 46091 mtu 5 GID 6 (0/164A8C0FFFF0000) ctsFifoRkey=0x16c987 ctsFifoLkey=0x16c987
spark-5fa1:62:73 [0] NCCL INFO NET/IB: ncclIbConnectImpl: IbDev 0 Port 1 qp_num 46091 query_ece={supported=1, vendor_id=0x15b3, options=0x30000002, comp_mask=0x0}
spark-5fa1:62:73 [0] NCCL INFO NET/IB: Subnet-aware routing: overriding dev 4 with dev 1
spark-5fa1:62:73 [0] NCCL INFO NET/IB: ncclIbReceiverQpsCreateToRts: QP created: port=1 dev=1 devName=rocep1s0f1 ndevs=4 nmdevs=6 qp_num=40990 pkey=0 pd=0xff4a3c245f40 oooRq=0
spark-5fa1:62:73 [0] NCCL INFO NET/IB: ncclIbReceiverQpsCreateToRts: QP created: port=1 dev=1 devName=rocep1s0f1 ndevs=4 nmdevs=6 qp_num=40991 pkey=0 pd=0xff4a3c245f40 oooRq=0
spark-5fa1:62:73 [0] NCCL INFO NET/IB: ncclIbReceiverQpsCreateToRts: Flush QP created: port=1 dev=1 devName=rocep1s0f1 ndevs=4 nmdevs=6 qp_num=40992 pkey=0 pd=0xff4a3c245f40
spark-5fa1:62:73 [0] NCCL INFO NET/IB: Subnet-aware routing: overriding dev 5 with dev 2
spark-5fa1:62:73 [0] NCCL INFO NET/IB: ncclIbResiliencyInit: Resiliency is disabled on the recv communicator (comm=0xff4a3d7ec000)
spark-5fa1:62:73 [0] NCCL INFO NET/IB: ncclIbRecvCommInit: Receive work requests will be posted on-demand
spark-5fa1:62:73 [0] NCCL INFO NET/IB: Subnet-aware routing: overriding dev 4 with dev 0
spark-5fa1:62:73 [0] NCCL INFO NET/IB: Subnet-aware routing: overriding dev 5 with dev 2
spark-5fa1:62:73 [0] NCCL INFO NET/IB: Subnet-aware routing: overriding dev 4 with dev 0
spark-5fa1:62:73 [0] NCCL INFO NET/IB: ncclIbResiliencyInit: Resiliency is disabled on the send communicator (comm=0xff4a3d834000)
spark-5fa1:62:73 [0] NCCL INFO NET/IB: Subnet-aware routing: overriding dev 4 with dev 0
spark-5fa1:62:73 [0] NCCL INFO NET/IB: Subnet-aware routing: overriding dev 5 with dev 2
spark-5fa1:62:73 [0] NCCL INFO NET/IB: Subnet-aware routing: overriding dev 4 with dev 0
spark-5fa1:62:73 [0] NCCL INFO NET/IB: ncclIbResiliencyInit: Resiliency is disabled on the recv communicator (comm=0xff4a3d878000)
spark-5fa1:62:73 [0] NCCL INFO NET/IB: ncclIbRecvCommInit: Receive work requests will be posted on-demand
spark-5fa1:62:73 [0] NCCL INFO NET/IB: Subnet-aware routing: overriding dev 4 with dev 0
spark-5fa1:62:73 [0] NCCL INFO NET/IB: Subnet-aware routing: overriding dev 5 with dev 2
spark-5fa1:62:73 [0] NCCL INFO NET/IB: Subnet-aware routing: overriding dev 4 with dev 0
spark-5fa1:62:73 [0] NCCL INFO NET/IB: Subnet-aware routing: overriding dev 5 with dev 2
spark-5fa1:62:73 [0] NCCL INFO NET/IB: ncclIbResiliencyInit: Resiliency is disabled on the send communicator (comm=0xff4a3d8c0000)
spark-5fa1:62:73 [0] NCCL INFO NET/IB: Subnet-aware routing: overriding dev 4 with dev 0
spark-5fa1:62:73 [0] NCCL INFO NET/IB: ncclIbSenderQpsToRts: Set ECE: IbDev 0 Port 1 qp_num 46090 set_ece={supported=1, vendor_id=0x15b3, options=0x30000002, comp_mask=0x0}
spark-5fa1:62:73 [0] NCCL INFO NET/IB: ncclIbSenderQpsToRts: Set ECE: IbDev 0 Port 1 qp_num 46091 set_ece={supported=1, vendor_id=0x15b3, options=0x30000002, comp_mask=0x0}
spark-5fa1:62:73 [0] NCCL INFO NET/IB: Subnet-aware routing: overriding dev 5 with dev 2
spark-5fa1:62:73 [0] NCCL INFO NET/IB: ncclIbSenderQpsCreate: QP created: port=1 dev=2 devName=roceP2p1s0f0 ndevs=4 nmdevs=6 qp_num=2312 pkey=0 pd=0xff4a3c242900 oooRq=0
spark-5fa1:62:73 [0] NCCL INFO NET/IB: ncclIbSenderQpsCreate: QP created: port=1 dev=2 devName=roceP2p1s0f0 ndevs=4 nmdevs=6 qp_num=2313 pkey=0 pd=0xff4a3c242900 oooRq=0
spark-5fa1:62:73 [0] NCCL INFO NET/IB: ncclIbConnectImpl: NCCL Dev 2 IbDev 2 Port 1 qp_num 2312 mtu 5 GID 3 (0/16EA8C0FFFF0000) ctsFifoRkey=0x184744 ctsFifoLkey=0x184744
spark-5fa1:62:73 [0] NCCL INFO NET/IB: ncclIbConnectImpl: IbDev 2 Port 1 qp_num 2312 query_ece={supported=1, vendor_id=0x15b3, options=0x30000002, comp_mask=0x0}
spark-5fa1:62:73 [0] NCCL INFO NET/IB: ncclIbConnectImpl: NCCL Dev 2 IbDev 2 Port 1 qp_num 2313 mtu 5 GID 3 (0/16EA8C0FFFF0000) ctsFifoRkey=0x184744 ctsFifoLkey=0x184744
spark-5fa1:62:73 [0] NCCL INFO NET/IB: ncclIbConnectImpl: IbDev 2 Port 1 qp_num 2313 query_ece={supported=1, vendor_id=0x15b3, options=0x30000002, comp_mask=0x0}
spark-5fa1:62:73 [0] NCCL INFO NET/IB: Subnet-aware routing: overriding dev 5 with dev 3
spark-5fa1:62:73 [0] NCCL INFO NET/IB: ncclIbReceiverQpsCreateToRts: QP created: port=1 dev=3 devName=roceP2p1s0f1 ndevs=4 nmdevs=6 qp_num=2272 pkey=0 pd=0xff4a3c3de9d0 oooRq=0
spark-5fa1:62:73 [0] NCCL INFO NET/IB: ncclIbReceiverQpsCreateToRts: QP created: port=1 dev=3 devName=roceP2p1s0f1 ndevs=4 nmdevs=6 qp_num=2273 pkey=0 pd=0xff4a3c3de9d0 oooRq=0
spark-5fa1:62:73 [0] NCCL INFO NET/IB: ncclIbReceiverQpsCreateToRts: Flush QP created: port=1 dev=3 devName=roceP2p1s0f1 ndevs=4 nmdevs=6 qp_num=2274 pkey=0 pd=0xff4a3c3de9d0
spark-5fa1:62:73 [0] NCCL INFO NET/IB: Subnet-aware routing: overriding dev 4 with dev 0
spark-5fa1:62:73 [0] NCCL INFO NET/IB: ncclIbSenderQpsCreate: QP created: port=1 dev=0 devName=rocep1s0f0 ndevs=4 nmdevs=6 qp_num=46092 pkey=0 pd=0xff4a3c07dd30 oooRq=0
spark-5fa1:62:73 [0] NCCL INFO NET/IB: ncclIbSenderQpsCreate: QP created: port=1 dev=0 devName=rocep1s0f0 ndevs=4 nmdevs=6 qp_num=46093 pkey=0 pd=0xff4a3c07dd30 oooRq=0
spark-5fa1:62:73 [0] NCCL INFO NET/IB: ncclIbConnectImpl: NCCL Dev 0 IbDev 0 Port 1 qp_num 46092 mtu 5 GID 6 (0/164A8C0FFFF0000) ctsFifoRkey=0x1808c5 ctsFifoLkey=0x1808c5
spark-5fa1:62:73 [0] NCCL INFO NET/IB: ncclIbConnectImpl: IbDev 0 Port 1 qp_num 46092 query_ece={supported=1, vendor_id=0x15b3, options=0x30000002, comp_mask=0x0}
spark-5fa1:62:73 [0] NCCL INFO NET/IB: ncclIbConnectImpl: NCCL Dev 0 IbDev 0 Port 1 qp_num 46093 mtu 5 GID 6 (0/164A8C0FFFF0000) ctsFifoRkey=0x1808c5 ctsFifoLkey=0x1808c5
spark-5fa1:62:73 [0] NCCL INFO NET/IB: ncclIbConnectImpl: IbDev 0 Port 1 qp_num 46093 query_ece={supported=1, vendor_id=0x15b3, options=0x30000002, comp_mask=0x0}
spark-5fa1:62:73 [0] NCCL INFO NET/IB: Subnet-aware routing: overriding dev 5 with dev 2
spark-5fa1:62:73 [0] NCCL INFO NET/IB: ncclIbResiliencyInit: Resiliency is disabled on the recv communicator (comm=0xff4a3da2f000)
spark-5fa1:62:73 [0] NCCL INFO NET/IB: ncclIbRecvCommInit: Receive work requests will be posted on-demand
spark-5fa1:62:73 [0] NCCL INFO NET/IB: Subnet-aware routing: overriding dev 5 with dev 2
spark-5fa1:62:73 [0] NCCL INFO NET/IB: Subnet-aware routing: overriding dev 4 with dev 0
spark-5fa1:62:73 [0] NCCL INFO NET/IB: Subnet-aware routing: overriding dev 5 with dev 2
spark-5fa1:62:73 [0] NCCL INFO NET/IB: Subnet-aware routing: overriding dev 4 with dev 0
spark-5fa1:62:73 [0] NCCL INFO NET/IB: ncclIbResiliencyInit: Resiliency is disabled on the send communicator (comm=0xff4a3da77000)
spark-5fa1:62:73 [0] NCCL INFO NET/IB: Subnet-aware routing: overriding dev 5 with dev 2
spark-5fa1:62:73 [0] NCCL INFO NET/IB: Subnet-aware routing: overriding dev 4 with dev 0
spark-5fa1:62:73 [0] NCCL INFO NET/IB: Subnet-aware routing: overriding dev 5 with dev 2
spark-5fa1:62:73 [0] NCCL INFO NET/IB: Subnet-aware routing: overriding dev 4 with dev 0
spark-5fa1:62:73 [0] NCCL INFO NET/IB: ncclIbResiliencyInit: Resiliency is disabled on the recv communicator (comm=0xff4a3dabb000)
spark-5fa1:62:73 [0] NCCL INFO NET/IB: ncclIbRecvCommInit: Receive work requests will be posted on-demand
spark-5fa1:62:73 [0] NCCL INFO NET/IB: Subnet-aware routing: overriding dev 5 with dev 2
spark-5fa1:62:73 [0] NCCL INFO NET/IB: ncclIbSenderQpsToRts: Set ECE: IbDev 2 Port 1 qp_num 2312 set_ece={supported=1, vendor_id=0x15b3, options=0x30000002, comp_mask=0x0}
spark-5fa1:62:73 [0] NCCL INFO NET/IB: ncclIbSenderQpsToRts: Set ECE: IbDev 2 Port 1 qp_num 2313 set_ece={supported=1, vendor_id=0x15b3, options=0x30000002, comp_mask=0x0}
spark-5fa1:62:73 [0] NCCL INFO NET/IB: Subnet-aware routing: overriding dev 4 with dev 0
spark-5fa1:62:73 [0] NCCL INFO NET/IB: ncclIbSenderQpsToRts: Set ECE: IbDev 0 Port 1 qp_num 46092 set_ece={supported=1, vendor_id=0x15b3, options=0x30000002, comp_mask=0x0}
spark-5fa1:62:73 [0] NCCL INFO NET/IB: ncclIbSenderQpsToRts: Set ECE: IbDev 0 Port 1 qp_num 46093 set_ece={supported=1, vendor_id=0x15b3, options=0x30000002, comp_mask=0x0}
spark-5fa1:62:73 [0] NCCL INFO NET/IB: Subnet-aware routing: overriding dev 4 with dev 1
spark-5fa1:62:73 [0] NCCL INFO NET/IB: ncclIbReceiverQpsCreateToRts: QP created: port=1 dev=1 devName=rocep1s0f1 ndevs=4 nmdevs=6 qp_num=40993 pkey=0 pd=0xff4a3c245f40 oooRq=0
spark-5fa1:62:73 [0] NCCL INFO NET/IB: ncclIbReceiverQpsCreateToRts: QP created: port=1 dev=1 devName=rocep1s0f1 ndevs=4 nmdevs=6 qp_num=40994 pkey=0 pd=0xff4a3c245f40 oooRq=0
spark-5fa1:62:73 [0] NCCL INFO NET/IB: ncclIbReceiverQpsCreateToRts: Flush QP created: port=1 dev=1 devName=rocep1s0f1 ndevs=4 nmdevs=6 qp_num=40995 pkey=0 pd=0xff4a3c245f40
spark-5fa1:62:73 [0] NCCL INFO NET/IB: Subnet-aware routing: overriding dev 5 with dev 2
spark-5fa1:62:73 [0] NCCL INFO NET/IB: ncclIbSenderQpsCreate: QP created: port=1 dev=2 devName=roceP2p1s0f0 ndevs=4 nmdevs=6 qp_num=2314 pkey=0 pd=0xff4a3c242900 oooRq=0
spark-5fa1:62:73 [0] NCCL INFO NET/IB: ncclIbSenderQpsCreate: QP created: port=1 dev=2 devName=roceP2p1s0f0 ndevs=4 nmdevs=6 qp_num=2315 pkey=0 pd=0xff4a3c242900 oooRq=0
spark-5fa1:62:73 [0] NCCL INFO NET/IB: ncclIbConnectImpl: NCCL Dev 2 IbDev 2 Port 1 qp_num 2314 mtu 5 GID 3 (0/16EA8C0FFFF0000) ctsFifoRkey=0x19989a ctsFifoLkey=0x19989a
spark-5fa1:62:73 [0] NCCL INFO NET/IB: ncclIbConnectImpl: IbDev 2 Port 1 qp_num 2314 query_ece={supported=1, vendor_id=0x15b3, options=0x30000002, comp_mask=0x0}
spark-5fa1:62:73 [0] NCCL INFO NET/IB: ncclIbConnectImpl: NCCL Dev 2 IbDev 2 Port 1 qp_num 2315 mtu 5 GID 3 (0/16EA8C0FFFF0000) ctsFifoRkey=0x19989a ctsFifoLkey=0x19989a
spark-5fa1:62:73 [0] NCCL INFO NET/IB: ncclIbConnectImpl: IbDev 2 Port 1 qp_num 2315 query_ece={supported=1, vendor_id=0x15b3, options=0x30000002, comp_mask=0x0}
spark-5fa1:62:73 [0] NCCL INFO NET/IB: Subnet-aware routing: overriding dev 4 with dev 0
spark-5fa1:62:73 [0] NCCL INFO NET/IB: Subnet-aware routing: overriding dev 5 with dev 2
spark-5fa1:62:73 [0] NCCL INFO NET/IB: ncclIbResiliencyInit: Resiliency is disabled on the send communicator (comm=0xff4a3dbd3000)
spark-5fa1:62:73 [0] NCCL INFO NET/IB: Subnet-aware routing: overriding dev 5 with dev 2
spark-5fa1:62:73 [0] NCCL INFO NET/IB: Subnet-aware routing: overriding dev 4 with dev 0
spark-5fa1:62:73 [0] NCCL INFO NET/IB: Subnet-aware routing: overriding dev 5 with dev 2
spark-5fa1:62:73 [0] NCCL INFO NET/IB: ncclIbResiliencyInit: Resiliency is disabled on the recv communicator (comm=0xff4a3dc17000)
spark-5fa1:62:73 [0] NCCL INFO NET/IB: ncclIbRecvCommInit: Receive work requests will be posted on-demand
spark-5fa1:62:73 [0] NCCL INFO NET/IB: Subnet-aware routing: overriding dev 5 with dev 2
spark-5fa1:62:73 [0] NCCL INFO NET/IB: Subnet-aware routing: overriding dev 5 with dev 3
spark-5fa1:62:73 [0] NCCL INFO NET/IB: ncclIbReceiverQpsCreateToRts: QP created: port=1 dev=3 devName=roceP2p1s0f1 ndevs=4 nmdevs=6 qp_num=2275 pkey=0 pd=0xff4a3c3de9d0 oooRq=0
spark-5fa1:62:73 [0] NCCL INFO NET/IB: ncclIbReceiverQpsCreateToRts: QP created: port=1 dev=3 devName=roceP2p1s0f1 ndevs=4 nmdevs=6 qp_num=2276 pkey=0 pd=0xff4a3c3de9d0 oooRq=0
spark-5fa1:62:73 [0] NCCL INFO NET/IB: ncclIbReceiverQpsCreateToRts: Flush QP created: port=1 dev=3 devName=roceP2p1s0f1 ndevs=4 nmdevs=6 qp_num=2277 pkey=0 pd=0xff4a3c3de9d0
spark-5fa1:62:73 [0] NCCL INFO NET/IB: Subnet-aware routing: overriding dev 4 with dev 0
spark-5fa1:62:73 [0] NCCL INFO NET/IB: Subnet-aware routing: overriding dev 5 with dev 2
spark-5fa1:62:73 [0] NCCL INFO NET/IB: Subnet-aware routing: overriding dev 4 with dev 0
spark-5fa1:62:73 [0] NCCL INFO NET/IB: ncclIbResiliencyInit: Resiliency is disabled on the send communicator (comm=0xff4a3dcdc000)
spark-5fa1:62:73 [0] NCCL INFO NET/IB: Subnet-aware routing: overriding dev 5 with dev 2
spark-5fa1:62:73 [0] NCCL INFO NET/IB: ncclIbSenderQpsToRts: Set ECE: IbDev 2 Port 1 qp_num 2314 set_ece={supported=1, vendor_id=0x15b3, options=0x30000002, comp_mask=0x0}
spark-5fa1:62:73 [0] NCCL INFO NET/IB: ncclIbSenderQpsToRts: Set ECE: IbDev 2 Port 1 qp_num 2315 set_ece={supported=1, vendor_id=0x15b3, options=0x30000002, comp_mask=0x0}
spark-5fa1:62:73 [0] NCCL INFO NET/IB: Subnet-aware routing: overriding dev 4 with dev 0
spark-5fa1:62:73 [0] NCCL INFO NET/IB: ncclIbSenderQpsCreate: QP created: port=1 dev=0 devName=rocep1s0f0 ndevs=4 nmdevs=6 qp_num=46094 pkey=0 pd=0xff4a3c07dd30 oooRq=0
spark-5fa1:62:73 [0] NCCL INFO NET/IB: ncclIbSenderQpsCreate: QP created: port=1 dev=0 devName=rocep1s0f0 ndevs=4 nmdevs=6 qp_num=46095 pkey=0 pd=0xff4a3c07dd30 oooRq=0
spark-5fa1:62:73 [0] NCCL INFO NET/IB: ncclIbConnectImpl: NCCL Dev 0 IbDev 0 Port 1 qp_num 46094 mtu 5 GID 6 (0/164A8C0FFFF0000) ctsFifoRkey=0x221b8a ctsFifoLkey=0x221b8a
spark-5fa1:62:73 [0] NCCL INFO NET/IB: ncclIbConnectImpl: IbDev 0 Port 1 qp_num 46094 query_ece={supported=1, vendor_id=0x15b3, options=0x30000002, comp_mask=0x0}
spark-5fa1:62:73 [0] NCCL INFO NET/IB: ncclIbConnectImpl: NCCL Dev 0 IbDev 0 Port 1 qp_num 46095 mtu 5 GID 6 (0/164A8C0FFFF0000) ctsFifoRkey=0x221b8a ctsFifoLkey=0x221b8a
spark-5fa1:62:73 [0] NCCL INFO NET/IB: ncclIbConnectImpl: IbDev 0 Port 1 qp_num 46095 query_ece={supported=1, vendor_id=0x15b3, options=0x30000002, comp_mask=0x0}
spark-5fa1:62:73 [0] NCCL INFO NET/IB: Subnet-aware routing: overriding dev 4 with dev 1
spark-5fa1:62:73 [0] NCCL INFO NET/IB: ncclIbReceiverQpsCreateToRts: QP created: port=1 dev=1 devName=rocep1s0f1 ndevs=4 nmdevs=6 qp_num=40996 pkey=0 pd=0xff4a3c245f40 oooRq=0
spark-5fa1:62:73 [0] NCCL INFO NET/IB: ncclIbReceiverQpsCreateToRts: QP created: port=1 dev=1 devName=rocep1s0f1 ndevs=4 nmdevs=6 qp_num=40997 pkey=0 pd=0xff4a3c245f40 oooRq=0
spark-5fa1:62:73 [0] NCCL INFO NET/IB: ncclIbReceiverQpsCreateToRts: Flush QP created: port=1 dev=1 devName=rocep1s0f1 ndevs=4 nmdevs=6 qp_num=40998 pkey=0 pd=0xff4a3c245f40
spark-5fa1:62:73 [0] NCCL INFO NET/IB: Subnet-aware routing: overriding dev 5 with dev 2
spark-5fa1:62:73 [0] NCCL INFO NET/IB: ncclIbSenderQpsCreate: QP created: port=1 dev=2 devName=roceP2p1s0f0 ndevs=4 nmdevs=6 qp_num=2316 pkey=0 pd=0xff4a3c242900 oooRq=0
spark-5fa1:62:73 [0] NCCL INFO NET/IB: ncclIbSenderQpsCreate: QP created: port=1 dev=2 devName=roceP2p1s0f0 ndevs=4 nmdevs=6 qp_num=2317 pkey=0 pd=0xff4a3c242900 oooRq=0
spark-5fa1:62:73 [0] NCCL INFO NET/IB: ncclIbConnectImpl: NCCL Dev 2 IbDev 2 Port 1 qp_num 2316 mtu 5 GID 3 (0/16EA8C0FFFF0000) ctsFifoRkey=0x194947 ctsFifoLkey=0x194947
spark-5fa1:62:73 [0] NCCL INFO NET/IB: ncclIbConnectImpl: IbDev 2 Port 1 qp_num 2316 query_ece={supported=1, vendor_id=0x15b3, options=0x30000002, comp_mask=0x0}
spark-5fa1:62:73 [0] NCCL INFO NET/IB: ncclIbConnectImpl: NCCL Dev 2 IbDev 2 Port 1 qp_num 2317 mtu 5 GID 3 (0/16EA8C0FFFF0000) ctsFifoRkey=0x194947 ctsFifoLkey=0x194947
spark-5fa1:62:73 [0] NCCL INFO NET/IB: ncclIbConnectImpl: IbDev 2 Port 1 qp_num 2317 query_ece={supported=1, vendor_id=0x15b3, options=0x30000002, comp_mask=0x0}
spark-5fa1:62:73 [0] NCCL INFO NET/IB: Subnet-aware routing: overriding dev 4 with dev 0
spark-5fa1:62:73 [0] NCCL INFO NET/IB: ncclIbResiliencyInit: Resiliency is disabled on the recv communicator (comm=0xff4a3de47000)
spark-5fa1:62:73 [0] NCCL INFO NET/IB: ncclIbRecvCommInit: Receive work requests will be posted on-demand
spark-5fa1:62:73 [0] NCCL INFO NET/IB: Subnet-aware routing: overriding dev 4 with dev 0
spark-5fa1:62:73 [0] NCCL INFO NET/IB: Subnet-aware routing: overriding dev 5 with dev 2
spark-5fa1:62:73 [0] NCCL INFO NET/IB: Subnet-aware routing: overriding dev 4 with dev 0
spark-5fa1:62:73 [0] NCCL INFO NET/IB: Subnet-aware routing: overriding dev 5 with dev 2
spark-5fa1:62:73 [0] NCCL INFO NET/IB: ncclIbResiliencyInit: Resiliency is disabled on the send communicator (comm=0xff4a3de8f000)
spark-5fa1:62:73 [0] NCCL INFO NET/IB: Subnet-aware routing: overriding dev 4 with dev 0
spark-5fa1:62:73 [0] NCCL INFO NET/IB: ncclIbSenderQpsToRts: Set ECE: IbDev 0 Port 1 qp_num 46094 set_ece={supported=1, vendor_id=0x15b3, options=0x30000002, comp_mask=0x0}
spark-5fa1:62:73 [0] NCCL INFO NET/IB: ncclIbSenderQpsToRts: Set ECE: IbDev 0 Port 1 qp_num 46095 set_ece={supported=1, vendor_id=0x15b3, options=0x30000002, comp_mask=0x0}
spark-5fa1:62:73 [0] NCCL INFO NET/IB: Subnet-aware routing: overriding dev 5 with dev 2
spark-5fa1:62:73 [0] NCCL INFO NET/IB: ncclIbSenderQpsToRts: Set ECE: IbDev 2 Port 1 qp_num 2316 set_ece={supported=1, vendor_id=0x15b3, options=0x30000002, comp_mask=0x0}
spark-5fa1:62:73 [0] NCCL INFO NET/IB: ncclIbSenderQpsToRts: Set ECE: IbDev 2 Port 1 qp_num 2317 set_ece={supported=1, vendor_id=0x15b3, options=0x30000002, comp_mask=0x0}
spark-5fa1:62:73 [0] NCCL INFO NET/IB: Subnet-aware routing: overriding dev 5 with dev 3
spark-5fa1:62:73 [0] NCCL INFO NET/IB: ncclIbReceiverQpsCreateToRts: QP created: port=1 dev=3 devName=roceP2p1s0f1 ndevs=4 nmdevs=6 qp_num=2278 pkey=0 pd=0xff4a3c3de9d0 oooRq=0
spark-5fa1:62:73 [0] NCCL INFO NET/IB: ncclIbReceiverQpsCreateToRts: QP created: port=1 dev=3 devName=roceP2p1s0f1 ndevs=4 nmdevs=6 qp_num=2279 pkey=0 pd=0xff4a3c3de9d0 oooRq=0
spark-5fa1:62:73 [0] NCCL INFO NET/IB: ncclIbReceiverQpsCreateToRts: Flush QP created: port=1 dev=3 devName=roceP2p1s0f1 ndevs=4 nmdevs=6 qp_num=2280 pkey=0 pd=0xff4a3c3de9d0
spark-5fa1:62:73 [0] NCCL INFO NET/IB: Subnet-aware routing: overriding dev 4 with dev 0
spark-5fa1:62:73 [0] NCCL INFO NET/IB: ncclIbSenderQpsCreate: QP created: port=1 dev=0 devName=rocep1s0f0 ndevs=4 nmdevs=6 qp_num=46096 pkey=0 pd=0xff4a3c07dd30 oooRq=0
spark-5fa1:62:73 [0] NCCL INFO NET/IB: ncclIbSenderQpsCreate: QP created: port=1 dev=0 devName=rocep1s0f0 ndevs=4 nmdevs=6 qp_num=46097 pkey=0 pd=0xff4a3c07dd30 oooRq=0
spark-5fa1:62:73 [0] NCCL INFO NET/IB: ncclIbConnectImpl: NCCL Dev 0 IbDev 0 Port 1 qp_num 46096 mtu 5 GID 6 (0/164A8C0FFFF0000) ctsFifoRkey=0x182be8 ctsFifoLkey=0x182be8
spark-5fa1:62:73 [0] NCCL INFO NET/IB: ncclIbConnectImpl: IbDev 0 Port 1 qp_num 46096 query_ece={supported=1, vendor_id=0x15b3, options=0x30000002, comp_mask=0x0}
spark-5fa1:62:73 [0] NCCL INFO NET/IB: ncclIbConnectImpl: NCCL Dev 0 IbDev 0 Port 1 qp_num 46097 mtu 5 GID 6 (0/164A8C0FFFF0000) ctsFifoRkey=0x182be8 ctsFifoLkey=0x182be8
spark-5fa1:62:73 [0] NCCL INFO NET/IB: ncclIbConnectImpl: IbDev 0 Port 1 qp_num 46097 query_ece={supported=1, vendor_id=0x15b3, options=0x30000002, comp_mask=0x0}
spark-5fa1:62:73 [0] NCCL INFO NET/IB: Subnet-aware routing: overriding dev 5 with dev 2
spark-5fa1:62:73 [0] NCCL INFO NET/IB: ncclIbResiliencyInit: Resiliency is disabled on the recv communicator (comm=0xff4a3dfa2000)
spark-5fa1:62:73 [0] NCCL INFO NET/IB: ncclIbRecvCommInit: Receive work requests will be posted on-demand
spark-5fa1:62:73 [0] NCCL INFO NET/IB: Subnet-aware routing: overriding dev 4 with dev 0
spark-5fa1:62:73 [0] NCCL INFO NET/IB: Subnet-aware routing: overriding dev 5 with dev 2
spark-5fa1:62:73 [0] NCCL INFO NET/IB: Subnet-aware routing: overriding dev 4 with dev 0
spark-5fa1:62:73 [0] NCCL INFO NET/IB: ncclIbResiliencyInit: Resiliency is disabled on the send communicator (comm=0xff4a3dfea000)
spark-5fa1:62:73 [0] NCCL INFO NET/IB: Subnet-aware routing: overriding dev 4 with dev 0
spark-5fa1:62:73 [0] NCCL INFO NET/IB: Subnet-aware routing: overriding dev 5 with dev 2
spark-5fa1:62:73 [0] NCCL INFO NET/IB: Subnet-aware routing: overriding dev 4 with dev 0
spark-5fa1:62:73 [0] NCCL INFO NET/IB: ncclIbResiliencyInit: Resiliency is disabled on the recv communicator (comm=0xff4a3e02e000)
spark-5fa1:62:73 [0] NCCL INFO NET/IB: ncclIbRecvCommInit: Receive work requests will be posted on-demand
spark-5fa1:62:73 [0] NCCL INFO NET/IB: Subnet-aware routing: overriding dev 4 with dev 0
spark-5fa1:62:73 [0] NCCL INFO NET/IB: Subnet-aware routing: overriding dev 5 with dev 2
spark-5fa1:62:73 [0] NCCL INFO NET/IB: Subnet-aware routing: overriding dev 4 with dev 0
spark-5fa1:62:73 [0] NCCL INFO NET/IB: Subnet-aware routing: overriding dev 5 with dev 2
spark-5fa1:62:73 [0] NCCL INFO NET/IB: ncclIbResiliencyInit: Resiliency is disabled on the send communicator (comm=0xff4a3e076000)
spark-5fa1:62:73 [0] NCCL INFO NET/IB: Subnet-aware routing: overriding dev 4 with dev 0
spark-5fa1:62:73 [0] NCCL INFO NET/IB: Subnet-aware routing: overriding dev 5 with dev 2
spark-5fa1:62:73 [0] NCCL INFO NET/IB: Subnet-aware routing: overriding dev 4 with dev 0
spark-5fa1:62:73 [0] NCCL INFO NET/IB: Subnet-aware routing: overriding dev 5 with dev 2
spark-5fa1:62:73 [0] NCCL INFO NET/IB: ncclIbResiliencyInit: Resiliency is disabled on the recv communicator (comm=0xff4a3e0ba000)
spark-5fa1:62:73 [0] NCCL INFO NET/IB: ncclIbRecvCommInit: Receive work requests will be posted on-demand
spark-5fa1:62:73 [0] NCCL INFO NET/IB: Subnet-aware routing: overriding dev 4 with dev 0
spark-5fa1:62:73 [0] NCCL INFO NET/IB: ncclIbSenderQpsToRts: Set ECE: IbDev 0 Port 1 qp_num 46096 set_ece={supported=1, vendor_id=0x15b3, options=0x30000002, comp_mask=0x0}
spark-5fa1:62:73 [0] NCCL INFO NET/IB: ncclIbSenderQpsToRts: Set ECE: IbDev 0 Port 1 qp_num 46097 set_ece={supported=1, vendor_id=0x15b3, options=0x30000002, comp_mask=0x0}
spark-5fa1:62:73 [0] NCCL INFO NET/IB: Subnet-aware routing: overriding dev 4 with dev 1
spark-5fa1:62:73 [0] NCCL INFO NET/IB: ncclIbReceiverQpsCreateToRts: QP created: port=1 dev=1 devName=rocep1s0f1 ndevs=4 nmdevs=6 qp_num=40999 pkey=0 pd=0xff4a3c245f40 oooRq=0
spark-5fa1:62:73 [0] NCCL INFO NET/IB: ncclIbReceiverQpsCreateToRts: QP created: port=1 dev=1 devName=rocep1s0f1 ndevs=4 nmdevs=6 qp_num=41000 pkey=0 pd=0xff4a3c245f40 oooRq=0
spark-5fa1:62:73 [0] NCCL INFO NET/IB: ncclIbReceiverQpsCreateToRts: Flush QP created: port=1 dev=1 devName=rocep1s0f1 ndevs=4 nmdevs=6 qp_num=41001 pkey=0 pd=0xff4a3c245f40
spark-5fa1:62:73 [0] NCCL INFO NET/IB: Subnet-aware routing: overriding dev 5 with dev 2
spark-5fa1:62:73 [0] NCCL INFO NET/IB: ncclIbSenderQpsCreate: QP created: port=1 dev=2 devName=roceP2p1s0f0 ndevs=4 nmdevs=6 qp_num=2318 pkey=0 pd=0xff4a3c242900 oooRq=0
spark-5fa1:62:73 [0] NCCL INFO NET/IB: ncclIbSenderQpsCreate: QP created: port=1 dev=2 devName=roceP2p1s0f0 ndevs=4 nmdevs=6 qp_num=2319 pkey=0 pd=0xff4a3c242900 oooRq=0
spark-5fa1:62:73 [0] NCCL INFO NET/IB: ncclIbConnectImpl: NCCL Dev 2 IbDev 2 Port 1 qp_num 2318 mtu 5 GID 3 (0/16EA8C0FFFF0000) ctsFifoRkey=0x18c0bf ctsFifoLkey=0x18c0bf
spark-5fa1:62:73 [0] NCCL INFO NET/IB: ncclIbConnectImpl: IbDev 2 Port 1 qp_num 2318 query_ece={supported=1, vendor_id=0x15b3, options=0x30000002, comp_mask=0x0}
spark-5fa1:62:73 [0] NCCL INFO NET/IB: ncclIbConnectImpl: NCCL Dev 2 IbDev 2 Port 1 qp_num 2319 mtu 5 GID 3 (0/16EA8C0FFFF0000) ctsFifoRkey=0x18c0bf ctsFifoLkey=0x18c0bf
spark-5fa1:62:73 [0] NCCL INFO NET/IB: ncclIbConnectImpl: IbDev 2 Port 1 qp_num 2319 query_ece={supported=1, vendor_id=0x15b3, options=0x30000002, comp_mask=0x0}
spark-5fa1:62:73 [0] NCCL INFO NET/IB: Subnet-aware routing: overriding dev 5 with dev 3
spark-5fa1:62:73 [0] NCCL INFO NET/IB: ncclIbReceiverQpsCreateToRts: QP created: port=1 dev=3 devName=roceP2p1s0f1 ndevs=4 nmdevs=6 qp_num=2281 pkey=0 pd=0xff4a3c3de9d0 oooRq=0
spark-5fa1:62:73 [0] NCCL INFO NET/IB: ncclIbReceiverQpsCreateToRts: QP created: port=1 dev=3 devName=roceP2p1s0f1 ndevs=4 nmdevs=6 qp_num=2282 pkey=0 pd=0xff4a3c3de9d0 oooRq=0
spark-5fa1:62:73 [0] NCCL INFO NET/IB: ncclIbReceiverQpsCreateToRts: Flush QP created: port=1 dev=3 devName=roceP2p1s0f1 ndevs=4 nmdevs=6 qp_num=2283 pkey=0 pd=0xff4a3c3de9d0
spark-5fa1:62:73 [0] NCCL INFO NET/IB: Subnet-aware routing: overriding dev 4 with dev 0
spark-5fa1:62:73 [0] NCCL INFO NET/IB: ncclIbSenderQpsCreate: QP created: port=1 dev=0 devName=rocep1s0f0 ndevs=4 nmdevs=6 qp_num=46098 pkey=0 pd=0xff4a3c07dd30 oooRq=0
spark-5fa1:62:73 [0] NCCL INFO NET/IB: ncclIbSenderQpsCreate: QP created: port=1 dev=0 devName=rocep1s0f0 ndevs=4 nmdevs=6 qp_num=46099 pkey=0 pd=0xff4a3c07dd30 oooRq=0
spark-5fa1:62:73 [0] NCCL INFO NET/IB: ncclIbConnectImpl: NCCL Dev 0 IbDev 0 Port 1 qp_num 46098 mtu 5 GID 6 (0/164A8C0FFFF0000) ctsFifoRkey=0x175916 ctsFifoLkey=0x175916
spark-5fa1:62:73 [0] NCCL INFO NET/IB: ncclIbConnectImpl: IbDev 0 Port 1 qp_num 46098 query_ece={supported=1, vendor_id=0x15b3, options=0x30000002, comp_mask=0x0}
spark-5fa1:62:73 [0] NCCL INFO NET/IB: ncclIbConnectImpl: NCCL Dev 0 IbDev 0 Port 1 qp_num 46099 mtu 5 GID 6 (0/164A8C0FFFF0000) ctsFifoRkey=0x175916 ctsFifoLkey=0x175916
spark-5fa1:62:73 [0] NCCL INFO NET/IB: ncclIbConnectImpl: IbDev 0 Port 1 qp_num 46099 query_ece={supported=1, vendor_id=0x15b3, options=0x30000002, comp_mask=0x0}
spark-5fa1:62:73 [0] NCCL INFO NET/IB: Subnet-aware routing: overriding dev 5 with dev 2
spark-5fa1:62:73 [0] NCCL INFO NET/IB: Subnet-aware routing: overriding dev 4 with dev 0
spark-5fa1:62:73 [0] NCCL INFO NET/IB: ncclIbResiliencyInit: Resiliency is disabled on the send communicator (comm=0xff4a3e2aa000)
spark-5fa1:62:73 [0] NCCL INFO NET/IB: Subnet-aware routing: overriding dev 5 with dev 2
spark-5fa1:62:73 [0] NCCL INFO NET/IB: ncclIbSenderQpsToRts: Set ECE: IbDev 2 Port 1 qp_num 2318 set_ece={supported=1, vendor_id=0x15b3, options=0x30000002, comp_mask=0x0}
spark-5fa1:62:73 [0] NCCL INFO NET/IB: ncclIbSenderQpsToRts: Set ECE: IbDev 2 Port 1 qp_num 2319 set_ece={supported=1, vendor_id=0x15b3, options=0x30000002, comp_mask=0x0}
spark-5fa1:62:73 [0] NCCL INFO NET/IB: Subnet-aware routing: overriding dev 4 with dev 0
spark-5fa1:62:73 [0] NCCL INFO NET/IB: ncclIbSenderQpsToRts: Set ECE: IbDev 0 Port 1 qp_num 46098 set_ece={supported=1, vendor_id=0x15b3, options=0x30000002, comp_mask=0x0}
spark-5fa1:62:73 [0] NCCL INFO NET/IB: ncclIbSenderQpsToRts: Set ECE: IbDev 0 Port 1 qp_num 46099 set_ece={supported=1, vendor_id=0x15b3, options=0x30000002, comp_mask=0x0}
spark-5fa1:62:73 [0] NCCL INFO NET/IB: Subnet-aware routing: overriding dev 4 with dev 1
spark-5fa1:62:73 [0] NCCL INFO NET/IB: ncclIbReceiverQpsCreateToRts: QP created: port=1 dev=1 devName=rocep1s0f1 ndevs=4 nmdevs=6 qp_num=41002 pkey=0 pd=0xff4a3c245f40 oooRq=0
spark-5fa1:62:73 [0] NCCL INFO NET/IB: ncclIbReceiverQpsCreateToRts: QP created: port=1 dev=1 devName=rocep1s0f1 ndevs=4 nmdevs=6 qp_num=41003 pkey=0 pd=0xff4a3c245f40 oooRq=0
spark-5fa1:62:73 [0] NCCL INFO NET/IB: ncclIbReceiverQpsCreateToRts: Flush QP created: port=1 dev=1 devName=rocep1s0f1 ndevs=4 nmdevs=6 qp_num=41004 pkey=0 pd=0xff4a3c245f40
spark-5fa1:62:73 [0] NCCL INFO NET/IB: Subnet-aware routing: overriding dev 5 with dev 2
spark-5fa1:62:73 [0] NCCL INFO NET/IB: ncclIbSenderQpsCreate: QP created: port=1 dev=2 devName=roceP2p1s0f0 ndevs=4 nmdevs=6 qp_num=2320 pkey=0 pd=0xff4a3c242900 oooRq=0
spark-5fa1:62:73 [0] NCCL INFO NET/IB: ncclIbSenderQpsCreate: QP created: port=1 dev=2 devName=roceP2p1s0f0 ndevs=4 nmdevs=6 qp_num=2321 pkey=0 pd=0xff4a3c242900 oooRq=0
spark-5fa1:62:73 [0] NCCL INFO NET/IB: ncclIbConnectImpl: NCCL Dev 2 IbDev 2 Port 1 qp_num 2320 mtu 5 GID 3 (0/16EA8C0FFFF0000) ctsFifoRkey=0x18c8c6 ctsFifoLkey=0x18c8c6
spark-5fa1:62:73 [0] NCCL INFO NET/IB: ncclIbConnectImpl: IbDev 2 Port 1 qp_num 2320 query_ece={supported=1, vendor_id=0x15b3, options=0x30000002, comp_mask=0x0}
spark-5fa1:62:73 [0] NCCL INFO NET/IB: ncclIbConnectImpl: NCCL Dev 2 IbDev 2 Port 1 qp_num 2321 mtu 5 GID 3 (0/16EA8C0FFFF0000) ctsFifoRkey=0x18c8c6 ctsFifoLkey=0x18c8c6
spark-5fa1:62:73 [0] NCCL INFO NET/IB: ncclIbConnectImpl: IbDev 2 Port 1 qp_num 2321 query_ece={supported=1, vendor_id=0x15b3, options=0x30000002, comp_mask=0x0}
spark-5fa1:62:73 [0] NCCL INFO NET/IB: Subnet-aware routing: overriding dev 5 with dev 3
spark-5fa1:62:73 [0] NCCL INFO NET/IB: ncclIbReceiverQpsCreateToRts: QP created: port=1 dev=3 devName=roceP2p1s0f1 ndevs=4 nmdevs=6 qp_num=2284 pkey=0 pd=0xff4a3c3de9d0 oooRq=0
spark-5fa1:62:73 [0] NCCL INFO NET/IB: ncclIbReceiverQpsCreateToRts: QP created: port=1 dev=3 devName=roceP2p1s0f1 ndevs=4 nmdevs=6 qp_num=2285 pkey=0 pd=0xff4a3c3de9d0 oooRq=0
spark-5fa1:62:73 [0] NCCL INFO NET/IB: ncclIbReceiverQpsCreateToRts: Flush QP created: port=1 dev=3 devName=roceP2p1s0f1 ndevs=4 nmdevs=6 qp_num=2286 pkey=0 pd=0xff4a3c3de9d0
spark-5fa1:62:73 [0] NCCL INFO NET/IB: Subnet-aware routing: overriding dev 4 with dev 0
spark-5fa1:62:73 [0] NCCL INFO NET/IB: ncclIbResiliencyInit: Resiliency is disabled on the recv communicator (comm=0xff4a3e439000)
spark-5fa1:62:73 [0] NCCL INFO NET/IB: ncclIbRecvCommInit: Receive work requests will be posted on-demand
spark-5fa1:62:73 [0] NCCL INFO NET/IB: Subnet-aware routing: overriding dev 5 with dev 2
spark-5fa1:62:73 [0] NCCL INFO NET/IB: Subnet-aware routing: overriding dev 4 with dev 0
spark-5fa1:62:73 [0] NCCL INFO NET/IB: Subnet-aware routing: overriding dev 5 with dev 2
spark-5fa1:62:73 [0] NCCL INFO NET/IB: ncclIbResiliencyInit: Resiliency is disabled on the send communicator (comm=0xff4a3e481000)
spark-5fa1:62:73 [0] NCCL INFO NET/IB: Subnet-aware routing: overriding dev 5 with dev 2
spark-5fa1:62:73 [0] NCCL INFO NET/IB: Subnet-aware routing: overriding dev 4 with dev 0
spark-5fa1:62:73 [0] NCCL INFO NET/IB: Subnet-aware routing: overriding dev 5 with dev 2
spark-5fa1:62:73 [0] NCCL INFO NET/IB: ncclIbResiliencyInit: Resiliency is disabled on the recv communicator (comm=0xff4a3e4c5000)
spark-5fa1:62:73 [0] NCCL INFO NET/IB: ncclIbRecvCommInit: Receive work requests will be posted on-demand
spark-5fa1:62:73 [0] NCCL INFO NET/IB: Subnet-aware routing: overriding dev 5 with dev 2
spark-5fa1:62:73 [0] NCCL INFO NET/IB: ncclIbSenderQpsToRts: Set ECE: IbDev 2 Port 1 qp_num 2320 set_ece={supported=1, vendor_id=0x15b3, options=0x30000002, comp_mask=0x0}
spark-5fa1:62:73 [0] NCCL INFO NET/IB: ncclIbSenderQpsToRts: Set ECE: IbDev 2 Port 1 qp_num 2321 set_ece={supported=1, vendor_id=0x15b3, options=0x30000002, comp_mask=0x0}
spark-5fa1:62:73 [0] NCCL INFO NET/IB: Subnet-aware routing: overriding dev 4 with dev 0
spark-5fa1:62:73 [0] NCCL INFO NET/IB: Subnet-aware routing: overriding dev 5 with dev 2
spark-5fa1:62:73 [0] NCCL INFO NET/IB: Subnet-aware routing: overriding dev 4 with dev 0
spark-5fa1:62:73 [0] NCCL INFO NET/IB: ncclIbResiliencyInit: Resiliency is disabled on the send communicator (comm=0xff4a3e50d000)
spark-5fa1:62:73 [0] NCCL INFO NET/IB: Subnet-aware routing: overriding dev 4 with dev 0
spark-5fa1:62:73 [0] NCCL INFO NET/IB: ncclIbSenderQpsCreate: QP created: port=1 dev=0 devName=rocep1s0f0 ndevs=4 nmdevs=6 qp_num=46100 pkey=0 pd=0xff4a3c07dd30 oooRq=0
spark-5fa1:62:73 [0] NCCL INFO NET/IB: ncclIbSenderQpsCreate: QP created: port=1 dev=0 devName=rocep1s0f0 ndevs=4 nmdevs=6 qp_num=46101 pkey=0 pd=0xff4a3c07dd30 oooRq=0
spark-5fa1:62:73 [0] NCCL INFO NET/IB: ncclIbConnectImpl: NCCL Dev 0 IbDev 0 Port 1 qp_num 46100 mtu 5 GID 6 (0/164A8C0FFFF0000) ctsFifoRkey=0x167432 ctsFifoLkey=0x167432
spark-5fa1:62:73 [0] NCCL INFO NET/IB: ncclIbConnectImpl: IbDev 0 Port 1 qp_num 46100 query_ece={supported=1, vendor_id=0x15b3, options=0x30000002, comp_mask=0x0}
spark-5fa1:62:73 [0] NCCL INFO NET/IB: ncclIbConnectImpl: NCCL Dev 0 IbDev 0 Port 1 qp_num 46101 mtu 5 GID 6 (0/164A8C0FFFF0000) ctsFifoRkey=0x167432 ctsFifoLkey=0x167432
spark-5fa1:62:73 [0] NCCL INFO NET/IB: ncclIbConnectImpl: IbDev 0 Port 1 qp_num 46101 query_ece={supported=1, vendor_id=0x15b3, options=0x30000002, comp_mask=0x0}
spark-5fa1:62:73 [0] NCCL INFO NET/IB: Subnet-aware routing: overriding dev 5 with dev 2
spark-5fa1:62:73 [0] NCCL INFO NET/IB: ncclIbSenderQpsCreate: QP created: port=1 dev=2 devName=roceP2p1s0f0 ndevs=4 nmdevs=6 qp_num=2322 pkey=0 pd=0xff4a3c242900 oooRq=0
spark-5fa1:62:73 [0] NCCL INFO NET/IB: ncclIbSenderQpsCreate: QP created: port=1 dev=2 devName=roceP2p1s0f0 ndevs=4 nmdevs=6 qp_num=2323 pkey=0 pd=0xff4a3c242900 oooRq=0
spark-5fa1:62:73 [0] NCCL INFO NET/IB: ncclIbConnectImpl: NCCL Dev 2 IbDev 2 Port 1 qp_num 2322 mtu 5 GID 3 (0/16EA8C0FFFF0000) ctsFifoRkey=0x18dcd9 ctsFifoLkey=0x18dcd9
spark-5fa1:62:73 [0] NCCL INFO NET/IB: ncclIbConnectImpl: IbDev 2 Port 1 qp_num 2322 query_ece={supported=1, vendor_id=0x15b3, options=0x30000002, comp_mask=0x0}
spark-5fa1:62:73 [0] NCCL INFO NET/IB: ncclIbConnectImpl: NCCL Dev 2 IbDev 2 Port 1 qp_num 2323 mtu 5 GID 3 (0/16EA8C0FFFF0000) ctsFifoRkey=0x18dcd9 ctsFifoLkey=0x18dcd9
spark-5fa1:62:73 [0] NCCL INFO NET/IB: ncclIbConnectImpl: IbDev 2 Port 1 qp_num 2323 query_ece={supported=1, vendor_id=0x15b3, options=0x30000002, comp_mask=0x0}
spark-5fa1:62:73 [0] NCCL INFO NET/IB: Subnet-aware routing: overriding dev 4 with dev 0
spark-5fa1:62:73 [0] NCCL INFO NET/IB: ncclIbResiliencyInit: Resiliency is disabled on the recv communicator (comm=0xff4a3e5ff000)
spark-5fa1:62:73 [0] NCCL INFO NET/IB: ncclIbRecvCommInit: Receive work requests will be posted on-demand
spark-5fa1:62:73 [0] NCCL INFO NET/IB: Subnet-aware routing: overriding dev 4 with dev 0
spark-5fa1:62:73 [0] NCCL INFO NET/IB: Subnet-aware routing: overriding dev 4 with dev 1
spark-5fa1:62:73 [0] NCCL INFO NET/IB: ncclIbReceiverQpsCreateToRts: QP created: port=1 dev=1 devName=rocep1s0f1 ndevs=4 nmdevs=6 qp_num=41005 pkey=0 pd=0xff4a3c245f40 oooRq=0
spark-5fa1:62:73 [0] NCCL INFO NET/IB: ncclIbReceiverQpsCreateToRts: QP created: port=1 dev=1 devName=rocep1s0f1 ndevs=4 nmdevs=6 qp_num=41006 pkey=0 pd=0xff4a3c245f40 oooRq=0
spark-5fa1:62:73 [0] NCCL INFO NET/IB: ncclIbReceiverQpsCreateToRts: Flush QP created: port=1 dev=1 devName=rocep1s0f1 ndevs=4 nmdevs=6 qp_num=41007 pkey=0 pd=0xff4a3c245f40
spark-5fa1:62:73 [0] NCCL INFO NET/IB: Subnet-aware routing: overriding dev 5 with dev 2
spark-5fa1:62:73 [0] NCCL INFO NET/IB: Subnet-aware routing: overriding dev 4 with dev 0
spark-5fa1:62:73 [0] NCCL INFO NET/IB: Subnet-aware routing: overriding dev 5 with dev 2
spark-5fa1:62:73 [0] NCCL INFO NET/IB: ncclIbResiliencyInit: Resiliency is disabled on the send communicator (comm=0xff4a3e6c1000)
spark-5fa1:62:73 [0] NCCL INFO NET/IB: Subnet-aware routing: overriding dev 4 with dev 0
spark-5fa1:62:73 [0] NCCL INFO NET/IB: Subnet-aware routing: overriding dev 5 with dev 2
spark-5fa1:62:73 [0] NCCL INFO NET/IB: Subnet-aware routing: overriding dev 4 with dev 0
spark-5fa1:62:73 [0] NCCL INFO NET/IB: Subnet-aware routing: overriding dev 5 with dev 2
spark-5fa1:62:73 [0] NCCL INFO NET/IB: ncclIbResiliencyInit: Resiliency is disabled on the recv communicator (comm=0xff4a3e705000)
spark-5fa1:62:73 [0] NCCL INFO NET/IB: ncclIbRecvCommInit: Receive work requests will be posted on-demand
spark-5fa1:62:73 [0] NCCL INFO NET/IB: Subnet-aware routing: overriding dev 4 with dev 0
spark-5fa1:62:73 [0] NCCL INFO NET/IB: Subnet-aware routing: overriding dev 5 with dev 2
spark-5fa1:62:73 [0] NCCL INFO NET/IB: Subnet-aware routing: overriding dev 4 with dev 0
spark-5fa1:62:73 [0] NCCL INFO NET/IB: Subnet-aware routing: overriding dev 5 with dev 2
spark-5fa1:62:73 [0] NCCL INFO NET/IB: Subnet-aware routing: overriding dev 4 with dev 0
spark-5fa1:62:73 [0] NCCL INFO NET/IB: ncclIbResiliencyInit: Resiliency is disabled on the send communicator (comm=0xff4a3e74d000)
spark-5fa1:62:73 [0] NCCL INFO NET/IB: Subnet-aware routing: overriding dev 4 with dev 0
spark-5fa1:62:73 [0] NCCL INFO NET/IB: ncclIbSenderQpsToRts: Set ECE: IbDev 0 Port 1 qp_num 46100 set_ece={supported=1, vendor_id=0x15b3, options=0x30000002, comp_mask=0x0}
spark-5fa1:62:73 [0] NCCL INFO NET/IB: ncclIbSenderQpsToRts: Set ECE: IbDev 0 Port 1 qp_num 46101 set_ece={supported=1, vendor_id=0x15b3, options=0x30000002, comp_mask=0x0}
spark-5fa1:62:73 [0] NCCL INFO NET/IB: Subnet-aware routing: overriding dev 5 with dev 2
spark-5fa1:62:73 [0] NCCL INFO NET/IB: ncclIbSenderQpsToRts: Set ECE: IbDev 2 Port 1 qp_num 2322 set_ece={supported=1, vendor_id=0x15b3, options=0x30000002, comp_mask=0x0}
spark-5fa1:62:73 [0] NCCL INFO NET/IB: ncclIbSenderQpsToRts: Set ECE: IbDev 2 Port 1 qp_num 2323 set_ece={supported=1, vendor_id=0x15b3, options=0x30000002, comp_mask=0x0}
spark-5fa1:62:73 [0] NCCL INFO NET/IB: Subnet-aware routing: overriding dev 5 with dev 3
spark-5fa1:62:73 [0] NCCL INFO NET/IB: ncclIbReceiverQpsCreateToRts: QP created: port=1 dev=3 devName=roceP2p1s0f1 ndevs=4 nmdevs=6 qp_num=2287 pkey=0 pd=0xff4a3c3de9d0 oooRq=0
spark-5fa1:62:73 [0] NCCL INFO NET/IB: ncclIbReceiverQpsCreateToRts: QP created: port=1 dev=3 devName=roceP2p1s0f1 ndevs=4 nmdevs=6 qp_num=2288 pkey=0 pd=0xff4a3c3de9d0 oooRq=0
spark-5fa1:62:73 [0] NCCL INFO NET/IB: ncclIbReceiverQpsCreateToRts: Flush QP created: port=1 dev=3 devName=roceP2p1s0f1 ndevs=4 nmdevs=6 qp_num=2289 pkey=0 pd=0xff4a3c3de9d0
spark-5fa1:62:73 [0] NCCL INFO NET/IB: Subnet-aware routing: overriding dev 4 with dev 0
spark-5fa1:62:73 [0] NCCL INFO NET/IB: ncclIbSenderQpsCreate: QP created: port=1 dev=0 devName=rocep1s0f0 ndevs=4 nmdevs=6 qp_num=46102 pkey=0 pd=0xff4a3c07dd30 oooRq=0
spark-5fa1:62:73 [0] NCCL INFO NET/IB: ncclIbSenderQpsCreate: QP created: port=1 dev=0 devName=rocep1s0f0 ndevs=4 nmdevs=6 qp_num=46103 pkey=0 pd=0xff4a3c07dd30 oooRq=0
spark-5fa1:62:73 [0] NCCL INFO NET/IB: ncclIbConnectImpl: NCCL Dev 0 IbDev 0 Port 1 qp_num 46102 mtu 5 GID 6 (0/164A8C0FFFF0000) ctsFifoRkey=0x222594 ctsFifoLkey=0x222594
spark-5fa1:62:73 [0] NCCL INFO NET/IB: ncclIbConnectImpl: IbDev 0 Port 1 qp_num 46102 query_ece={supported=1, vendor_id=0x15b3, options=0x30000002, comp_mask=0x0}
spark-5fa1:62:73 [0] NCCL INFO NET/IB: ncclIbConnectImpl: NCCL Dev 0 IbDev 0 Port 1 qp_num 46103 mtu 5 GID 6 (0/164A8C0FFFF0000) ctsFifoRkey=0x222594 ctsFifoLkey=0x222594
spark-5fa1:62:73 [0] NCCL INFO NET/IB: ncclIbConnectImpl: IbDev 0 Port 1 qp_num 46103 query_ece={supported=1, vendor_id=0x15b3, options=0x30000002, comp_mask=0x0}
spark-5fa1:62:73 [0] NCCL INFO NET/IB: Subnet-aware routing: overriding dev 4 with dev 1
spark-5fa1:62:73 [0] NCCL INFO NET/IB: ncclIbReceiverQpsCreateToRts: QP created: port=1 dev=1 devName=rocep1s0f1 ndevs=4 nmdevs=6 qp_num=41008 pkey=0 pd=0xff4a3c245f40 oooRq=0
spark-5fa1:62:73 [0] NCCL INFO NET/IB: ncclIbReceiverQpsCreateToRts: QP created: port=1 dev=1 devName=rocep1s0f1 ndevs=4 nmdevs=6 qp_num=41009 pkey=0 pd=0xff4a3c245f40 oooRq=0
spark-5fa1:62:73 [0] NCCL INFO NET/IB: ncclIbReceiverQpsCreateToRts: Flush QP created: port=1 dev=1 devName=rocep1s0f1 ndevs=4 nmdevs=6 qp_num=41010 pkey=0 pd=0xff4a3c245f40
spark-5fa1:62:73 [0] NCCL INFO NET/IB: Subnet-aware routing: overriding dev 5 with dev 2
spark-5fa1:62:73 [0] NCCL INFO NET/IB: ncclIbSenderQpsCreate: QP created: port=1 dev=2 devName=roceP2p1s0f0 ndevs=4 nmdevs=6 qp_num=2324 pkey=0 pd=0xff4a3c242900 oooRq=0
spark-5fa1:62:73 [0] NCCL INFO NET/IB: ncclIbSenderQpsCreate: QP created: port=1 dev=2 devName=roceP2p1s0f0 ndevs=4 nmdevs=6 qp_num=2325 pkey=0 pd=0xff4a3c242900 oooRq=0
spark-5fa1:62:73 [0] NCCL INFO NET/IB: ncclIbConnectImpl: NCCL Dev 2 IbDev 2 Port 1 qp_num 2324 mtu 5 GID 3 (0/16EA8C0FFFF0000) ctsFifoRkey=0x191e1c ctsFifoLkey=0x191e1c
spark-5fa1:62:73 [0] NCCL INFO NET/IB: ncclIbConnectImpl: IbDev 2 Port 1 qp_num 2324 query_ece={supported=1, vendor_id=0x15b3, options=0x30000002, comp_mask=0x0}
spark-5fa1:62:73 [0] NCCL INFO NET/IB: ncclIbConnectImpl: NCCL Dev 2 IbDev 2 Port 1 qp_num 2325 mtu 5 GID 3 (0/16EA8C0FFFF0000) ctsFifoRkey=0x191e1c ctsFifoLkey=0x191e1c
spark-5fa1:62:73 [0] NCCL INFO NET/IB: ncclIbConnectImpl: IbDev 2 Port 1 qp_num 2325 query_ece={supported=1, vendor_id=0x15b3, options=0x30000002, comp_mask=0x0}
spark-5fa1:62:73 [0] NCCL INFO NET/IB: Subnet-aware routing: overriding dev 4 with dev 0
spark-5fa1:62:73 [0] NCCL INFO NET/IB: ncclIbResiliencyInit: Resiliency is disabled on the recv communicator (comm=0xff4a3e933000)
spark-5fa1:62:73 [0] NCCL INFO NET/IB: ncclIbRecvCommInit: Receive work requests will be posted on-demand
spark-5fa1:62:73 [0] NCCL INFO NET/IB: Subnet-aware routing: overriding dev 4 with dev 0
spark-5fa1:62:73 [0] NCCL INFO NET/IB: Subnet-aware routing: overriding dev 5 with dev 2
spark-5fa1:62:73 [0] NCCL INFO NET/IB: Subnet-aware routing: overriding dev 4 with dev 0
spark-5fa1:62:73 [0] NCCL INFO NET/IB: Subnet-aware routing: overriding dev 5 with dev 2
spark-5fa1:62:73 [0] NCCL INFO NET/IB: ncclIbResiliencyInit: Resiliency is disabled on the send communicator (comm=0xff4a3e97b000)
spark-5fa1:62:73 [0] NCCL INFO NET/IB: Subnet-aware routing: overriding dev 4 with dev 0
spark-5fa1:62:73 [0] NCCL INFO NET/IB: Subnet-aware routing: overriding dev 5 with dev 2
spark-5fa1:62:73 [0] NCCL INFO NET/IB: Subnet-aware routing: overriding dev 4 with dev 0
spark-5fa1:62:73 [0] NCCL INFO NET/IB: Subnet-aware routing: overriding dev 5 with dev 2
spark-5fa1:62:73 [0] NCCL INFO NET/IB: ncclIbResiliencyInit: Resiliency is disabled on the recv communicator (comm=0xff4a3e9bc000)
spark-5fa1:62:73 [0] NCCL INFO NET/IB: ncclIbRecvCommInit: Receive work requests will be posted on-demand
spark-5fa1:62:73 [0] NCCL INFO NET/IB: Subnet-aware routing: overriding dev 4 with dev 0
spark-5fa1:62:73 [0] NCCL INFO NET/IB: ncclIbSenderQpsToRts: Set ECE: IbDev 0 Port 1 qp_num 46102 set_ece={supported=1, vendor_id=0x15b3, options=0x30000002, comp_mask=0x0}
spark-5fa1:62:73 [0] NCCL INFO NET/IB: ncclIbSenderQpsToRts: Set ECE: IbDev 0 Port 1 qp_num 46103 set_ece={supported=1, vendor_id=0x15b3, options=0x30000002, comp_mask=0x0}
spark-5fa1:62:73 [0] NCCL INFO NET/IB: Subnet-aware routing: overriding dev 5 with dev 2
spark-5fa1:62:73 [0] NCCL INFO NET/IB: ncclIbSenderQpsToRts: Set ECE: IbDev 2 Port 1 qp_num 2324 set_ece={supported=1, vendor_id=0x15b3, options=0x30000002, comp_mask=0x0}
spark-5fa1:62:73 [0] NCCL INFO NET/IB: ncclIbSenderQpsToRts: Set ECE: IbDev 2 Port 1 qp_num 2325 set_ece={supported=1, vendor_id=0x15b3, options=0x30000002, comp_mask=0x0}
spark-5fa1:62:73 [0] NCCL INFO NET/IB: Subnet-aware routing: overriding dev 5 with dev 3
spark-5fa1:62:73 [0] NCCL INFO NET/IB: ncclIbReceiverQpsCreateToRts: QP created: port=1 dev=3 devName=roceP2p1s0f1 ndevs=4 nmdevs=6 qp_num=2290 pkey=0 pd=0xff4a3c3de9d0 oooRq=0
spark-5fa1:62:73 [0] NCCL INFO NET/IB: ncclIbReceiverQpsCreateToRts: QP created: port=1 dev=3 devName=roceP2p1s0f1 ndevs=4 nmdevs=6 qp_num=2291 pkey=0 pd=0xff4a3c3de9d0 oooRq=0
spark-5fa1:62:73 [0] NCCL INFO NET/IB: ncclIbReceiverQpsCreateToRts: Flush QP created: port=1 dev=3 devName=roceP2p1s0f1 ndevs=4 nmdevs=6 qp_num=2292 pkey=0 pd=0xff4a3c3de9d0
spark-5fa1:62:73 [0] NCCL INFO NET/IB: Subnet-aware routing: overriding dev 4 with dev 0
spark-5fa1:62:73 [0] NCCL INFO NET/IB: ncclIbSenderQpsCreate: QP created: port=1 dev=0 devName=rocep1s0f0 ndevs=4 nmdevs=6 qp_num=46104 pkey=0 pd=0xff4a3c07dd30 oooRq=0
spark-5fa1:62:73 [0] NCCL INFO NET/IB: ncclIbSenderQpsCreate: QP created: port=1 dev=0 devName=rocep1s0f0 ndevs=4 nmdevs=6 qp_num=46105 pkey=0 pd=0xff4a3c07dd30 oooRq=0
spark-5fa1:62:73 [0] NCCL INFO NET/IB: ncclIbConnectImpl: NCCL Dev 0 IbDev 0 Port 1 qp_num 46104 mtu 5 GID 6 (0/164A8C0FFFF0000) ctsFifoRkey=0x2239a8 ctsFifoLkey=0x2239a8
spark-5fa1:62:73 [0] NCCL INFO NET/IB: ncclIbConnectImpl: IbDev 0 Port 1 qp_num 46104 query_ece={supported=1, vendor_id=0x15b3, options=0x30000002, comp_mask=0x0}
spark-5fa1:62:73 [0] NCCL INFO NET/IB: ncclIbConnectImpl: NCCL Dev 0 IbDev 0 Port 1 qp_num 46105 mtu 5 GID 6 (0/164A8C0FFFF0000) ctsFifoRkey=0x2239a8 ctsFifoLkey=0x2239a8
spark-5fa1:62:73 [0] NCCL INFO NET/IB: ncclIbConnectImpl: IbDev 0 Port 1 qp_num 46105 query_ece={supported=1, vendor_id=0x15b3, options=0x30000002, comp_mask=0x0}
spark-5fa1:62:73 [0] NCCL INFO NET/IB: Subnet-aware routing: overriding dev 4 with dev 1
spark-5fa1:62:73 [0] NCCL INFO NET/IB: ncclIbReceiverQpsCreateToRts: QP created: port=1 dev=1 devName=rocep1s0f1 ndevs=4 nmdevs=6 qp_num=41011 pkey=0 pd=0xff4a3c245f40 oooRq=0
spark-5fa1:62:73 [0] NCCL INFO NET/IB: ncclIbReceiverQpsCreateToRts: QP created: port=1 dev=1 devName=rocep1s0f1 ndevs=4 nmdevs=6 qp_num=41012 pkey=0 pd=0xff4a3c245f40 oooRq=0
spark-5fa1:62:73 [0] NCCL INFO NET/IB: ncclIbReceiverQpsCreateToRts: Flush QP created: port=1 dev=1 devName=rocep1s0f1 ndevs=4 nmdevs=6 qp_num=41013 pkey=0 pd=0xff4a3c245f40
spark-5fa1:62:73 [0] NCCL INFO NET/IB: Subnet-aware routing: overriding dev 5 with dev 2
spark-5fa1:62:73 [0] NCCL INFO NET/IB: Subnet-aware routing: overriding dev 4 with dev 0
spark-5fa1:62:73 [0] NCCL INFO NET/IB: ncclIbResiliencyInit: Resiliency is disabled on the send communicator (comm=0xff4a3eb4f000)
spark-5fa1:62:73 [0] NCCL INFO NET/IB: Subnet-aware routing: overriding dev 4 with dev 0
spark-5fa1:62:73 [0] NCCL INFO NET/IB: Subnet-aware routing: overriding dev 5 with dev 2
spark-5fa1:62:73 [0] NCCL INFO NET/IB: Subnet-aware routing: overriding dev 4 with dev 0
spark-5fa1:62:73 [0] NCCL INFO NET/IB: ncclIbResiliencyInit: Resiliency is disabled on the recv communicator (comm=0xff4a3eb90000)
spark-5fa1:62:73 [0] NCCL INFO NET/IB: ncclIbRecvCommInit: Receive work requests will be posted on-demand
spark-5fa1:62:73 [0] NCCL INFO NET/IB: Subnet-aware routing: overriding dev 4 with dev 0
spark-5fa1:62:73 [0] NCCL INFO NET/IB: ncclIbSenderQpsToRts: Set ECE: IbDev 0 Port 1 qp_num 46104 set_ece={supported=1, vendor_id=0x15b3, options=0x30000002, comp_mask=0x0}
spark-5fa1:62:73 [0] NCCL INFO NET/IB: ncclIbSenderQpsToRts: Set ECE: IbDev 0 Port 1 qp_num 46105 set_ece={supported=1, vendor_id=0x15b3, options=0x30000002, comp_mask=0x0}
spark-5fa1:62:73 [0] NCCL INFO NET/IB: Subnet-aware routing: overriding dev 5 with dev 2
spark-5fa1:62:73 [0] NCCL INFO NET/IB: ncclIbSenderQpsCreate: QP created: port=1 dev=2 devName=roceP2p1s0f0 ndevs=4 nmdevs=6 qp_num=2326 pkey=0 pd=0xff4a3c242900 oooRq=0
spark-5fa1:62:73 [0] NCCL INFO NET/IB: ncclIbSenderQpsCreate: QP created: port=1 dev=2 devName=roceP2p1s0f0 ndevs=4 nmdevs=6 qp_num=2327 pkey=0 pd=0xff4a3c242900 oooRq=0
spark-5fa1:62:73 [0] NCCL INFO NET/IB: ncclIbConnectImpl: NCCL Dev 2 IbDev 2 Port 1 qp_num 2326 mtu 5 GID 3 (0/16EA8C0FFFF0000) ctsFifoRkey=0x174846 ctsFifoLkey=0x174846
spark-5fa1:62:73 [0] NCCL INFO NET/IB: ncclIbConnectImpl: IbDev 2 Port 1 qp_num 2326 query_ece={supported=1, vendor_id=0x15b3, options=0x30000002, comp_mask=0x0}
spark-5fa1:62:73 [0] NCCL INFO NET/IB: ncclIbConnectImpl: NCCL Dev 2 IbDev 2 Port 1 qp_num 2327 mtu 5 GID 3 (0/16EA8C0FFFF0000) ctsFifoRkey=0x174846 ctsFifoLkey=0x174846
spark-5fa1:62:73 [0] NCCL INFO NET/IB: ncclIbConnectImpl: IbDev 2 Port 1 qp_num 2327 query_ece={supported=1, vendor_id=0x15b3, options=0x30000002, comp_mask=0x0}
spark-5fa1:62:73 [0] NCCL INFO NET/IB: Subnet-aware routing: overriding dev 4 with dev 0
spark-5fa1:62:73 [0] NCCL INFO NET/IB: ncclIbSenderQpsCreate: QP created: port=1 dev=0 devName=rocep1s0f0 ndevs=4 nmdevs=6 qp_num=46106 pkey=0 pd=0xff4a3c07dd30 oooRq=0
spark-5fa1:62:73 [0] NCCL INFO NET/IB: ncclIbSenderQpsCreate: QP created: port=1 dev=0 devName=rocep1s0f0 ndevs=4 nmdevs=6 qp_num=46107 pkey=0 pd=0xff4a3c07dd30 oooRq=0
spark-5fa1:62:73 [0] NCCL INFO NET/IB: ncclIbConnectImpl: NCCL Dev 0 IbDev 0 Port 1 qp_num 46106 mtu 5 GID 6 (0/164A8C0FFFF0000) ctsFifoRkey=0x22208f ctsFifoLkey=0x22208f
spark-5fa1:62:73 [0] NCCL INFO NET/IB: ncclIbConnectImpl: IbDev 0 Port 1 qp_num 46106 query_ece={supported=1, vendor_id=0x15b3, options=0x30000002, comp_mask=0x0}
spark-5fa1:62:73 [0] NCCL INFO NET/IB: ncclIbConnectImpl: NCCL Dev 0 IbDev 0 Port 1 qp_num 46107 mtu 5 GID 6 (0/164A8C0FFFF0000) ctsFifoRkey=0x22208f ctsFifoLkey=0x22208f
spark-5fa1:62:73 [0] NCCL INFO NET/IB: ncclIbConnectImpl: IbDev 0 Port 1 qp_num 46107 query_ece={supported=1, vendor_id=0x15b3, options=0x30000002, comp_mask=0x0}
spark-5fa1:62:73 [0] NCCL INFO NET/IB: Subnet-aware routing: overriding dev 5 with dev 2
spark-5fa1:62:73 [0] NCCL INFO NET/IB: ncclIbResiliencyInit: Resiliency is disabled on the send communicator (comm=0xff4a3ec88000)
spark-5fa1:62:73 [0] NCCL INFO NET/IB: Subnet-aware routing: overriding dev 5 with dev 2
spark-5fa1:62:73 [0] NCCL INFO NET/IB: Subnet-aware routing: overriding dev 4 with dev 0
spark-5fa1:62:73 [0] NCCL INFO NET/IB: Subnet-aware routing: overriding dev 5 with dev 2
spark-5fa1:62:73 [0] NCCL INFO NET/IB: ncclIbResiliencyInit: Resiliency is disabled on the recv communicator (comm=0xff4a3eccc000)
spark-5fa1:62:73 [0] NCCL INFO NET/IB: ncclIbRecvCommInit: Receive work requests will be posted on-demand
spark-5fa1:62:73 [0] NCCL INFO NET/IB: Subnet-aware routing: overriding dev 5 with dev 2
spark-5fa1:62:73 [0] NCCL INFO NET/IB: Subnet-aware routing: overriding dev 4 with dev 0
spark-5fa1:62:73 [0] NCCL INFO NET/IB: Subnet-aware routing: overriding dev 5 with dev 2
spark-5fa1:62:73 [0] NCCL INFO NET/IB: Subnet-aware routing: overriding dev 4 with dev 0
spark-5fa1:62:73 [0] NCCL INFO NET/IB: ncclIbResiliencyInit: Resiliency is disabled on the send communicator (comm=0xff4a3ed14000)
spark-5fa1:62:73 [0] NCCL INFO NET/IB: Subnet-aware routing: overriding dev 5 with dev 2
spark-5fa1:62:73 [0] NCCL INFO NET/IB: Subnet-aware routing: overriding dev 4 with dev 0
spark-5fa1:62:73 [0] NCCL INFO NET/IB: Subnet-aware routing: overriding dev 5 with dev 2
spark-5fa1:62:73 [0] NCCL INFO NET/IB: Subnet-aware routing: overriding dev 4 with dev 0
spark-5fa1:62:73 [0] NCCL INFO NET/IB: ncclIbResiliencyInit: Resiliency is disabled on the recv communicator (comm=0xff4a3ed58000)
spark-5fa1:62:73 [0] NCCL INFO NET/IB: ncclIbRecvCommInit: Receive work requests will be posted on-demand
spark-5fa1:62:73 [0] NCCL INFO NET/IB: Subnet-aware routing: overriding dev 5 with dev 2
spark-5fa1:62:73 [0] NCCL INFO NET/IB: ncclIbSenderQpsToRts: Set ECE: IbDev 2 Port 1 qp_num 2326 set_ece={supported=1, vendor_id=0x15b3, options=0x30000002, comp_mask=0x0}
spark-5fa1:62:73 [0] NCCL INFO NET/IB: ncclIbSenderQpsToRts: Set ECE: IbDev 2 Port 1 qp_num 2327 set_ece={supported=1, vendor_id=0x15b3, options=0x30000002, comp_mask=0x0}
spark-5fa1:62:73 [0] NCCL INFO NET/IB: Subnet-aware routing: overriding dev 5 with dev 3
spark-5fa1:62:73 [0] NCCL INFO NET/IB: ncclIbReceiverQpsCreateToRts: QP created: port=1 dev=3 devName=roceP2p1s0f1 ndevs=4 nmdevs=6 qp_num=2293 pkey=0 pd=0xff4a3c3de9d0 oooRq=0
spark-5fa1:62:73 [0] NCCL INFO NET/IB: ncclIbReceiverQpsCreateToRts: QP created: port=1 dev=3 devName=roceP2p1s0f1 ndevs=4 nmdevs=6 qp_num=2294 pkey=0 pd=0xff4a3c3de9d0 oooRq=0
spark-5fa1:62:73 [0] NCCL INFO NET/IB: ncclIbReceiverQpsCreateToRts: Flush QP created: port=1 dev=3 devName=roceP2p1s0f1 ndevs=4 nmdevs=6 qp_num=2295 pkey=0 pd=0xff4a3c3de9d0
spark-5fa1:62:73 [0] NCCL INFO NET/IB: Subnet-aware routing: overriding dev 4 with dev 0
spark-5fa1:62:73 [0] NCCL INFO NET/IB: ncclIbSenderQpsToRts: Set ECE: IbDev 0 Port 1 qp_num 46106 set_ece={supported=1, vendor_id=0x15b3, options=0x30000002, comp_mask=0x0}
spark-5fa1:62:73 [0] NCCL INFO NET/IB: ncclIbSenderQpsToRts: Set ECE: IbDev 0 Port 1 qp_num 46107 set_ece={supported=1, vendor_id=0x15b3, options=0x30000002, comp_mask=0x0}
spark-5fa1:62:73 [0] NCCL INFO NET/IB: Subnet-aware routing: overriding dev 4 with dev 1
spark-5fa1:62:73 [0] NCCL INFO NET/IB: ncclIbReceiverQpsCreateToRts: QP created: port=1 dev=1 devName=rocep1s0f1 ndevs=4 nmdevs=6 qp_num=41014 pkey=0 pd=0xff4a3c245f40 oooRq=0
spark-5fa1:62:73 [0] NCCL INFO NET/IB: ncclIbReceiverQpsCreateToRts: QP created: port=1 dev=1 devName=rocep1s0f1 ndevs=4 nmdevs=6 qp_num=41015 pkey=0 pd=0xff4a3c245f40 oooRq=0
spark-5fa1:62:73 [0] NCCL INFO NET/IB: ncclIbReceiverQpsCreateToRts: Flush QP created: port=1 dev=1 devName=rocep1s0f1 ndevs=4 nmdevs=6 qp_num=41016 pkey=0 pd=0xff4a3c245f40
spark-5fa1:62:73 [0] NCCL INFO NET/IB: Subnet-aware routing: overriding dev 5 with dev 2
spark-5fa1:62:73 [0] NCCL INFO NET/IB: ncclIbSenderQpsCreate: QP created: port=1 dev=2 devName=roceP2p1s0f0 ndevs=4 nmdevs=6 qp_num=2328 pkey=0 pd=0xff4a3c242900 oooRq=0
spark-5fa1:62:73 [0] NCCL INFO NET/IB: ncclIbSenderQpsCreate: QP created: port=1 dev=2 devName=roceP2p1s0f0 ndevs=4 nmdevs=6 qp_num=2329 pkey=0 pd=0xff4a3c242900 oooRq=0
spark-5fa1:62:73 [0] NCCL INFO NET/IB: ncclIbConnectImpl: NCCL Dev 2 IbDev 2 Port 1 qp_num 2328 mtu 5 GID 3 (0/16EA8C0FFFF0000) ctsFifoRkey=0x1cb34e ctsFifoLkey=0x1cb34e
spark-5fa1:62:73 [0] NCCL INFO NET/IB: ncclIbConnectImpl: IbDev 2 Port 1 qp_num 2328 query_ece={supported=1, vendor_id=0x15b3, options=0x30000002, comp_mask=0x0}
spark-5fa1:62:73 [0] NCCL INFO NET/IB: ncclIbConnectImpl: NCCL Dev 2 IbDev 2 Port 1 qp_num 2329 mtu 5 GID 3 (0/16EA8C0FFFF0000) ctsFifoRkey=0x1cb34e ctsFifoLkey=0x1cb34e
spark-5fa1:62:73 [0] NCCL INFO NET/IB: ncclIbConnectImpl: IbDev 2 Port 1 qp_num 2329 query_ece={supported=1, vendor_id=0x15b3, options=0x30000002, comp_mask=0x0}
spark-5fa1:62:73 [0] NCCL INFO NET/IB: Subnet-aware routing: overriding dev 4 with dev 0
spark-5fa1:62:73 [0] NCCL INFO NET/IB: Subnet-aware routing: overriding dev 5 with dev 2
spark-5fa1:62:73 [0] NCCL INFO NET/IB: ncclIbResiliencyInit: Resiliency is disabled on the send communicator (comm=0xff4a3eeeb000)
spark-5fa1:62:73 [0] NCCL INFO NET/IB: Subnet-aware routing: overriding dev 5 with dev 2
spark-5fa1:62:73 [0] NCCL INFO NET/IB: Subnet-aware routing: overriding dev 4 with dev 0
spark-5fa1:62:73 [0] NCCL INFO NET/IB: Subnet-aware routing: overriding dev 5 with dev 2
spark-5fa1:62:73 [0] NCCL INFO NET/IB: ncclIbResiliencyInit: Resiliency is disabled on the recv communicator (comm=0xff4a3ef2c000)
spark-5fa1:62:73 [0] NCCL INFO NET/IB: ncclIbRecvCommInit: Receive work requests will be posted on-demand
spark-5fa1:62:73 [0] NCCL INFO NET/IB: Subnet-aware routing: overriding dev 5 with dev 2
spark-5fa1:62:73 [0] NCCL INFO NET/IB: Subnet-aware routing: overriding dev 4 with dev 0
spark-5fa1:62:73 [0] NCCL INFO NET/IB: Subnet-aware routing: overriding dev 5 with dev 2
spark-5fa1:62:73 [0] NCCL INFO NET/IB: Subnet-aware routing: overriding dev 4 with dev 0
spark-5fa1:62:73 [0] NCCL INFO NET/IB: ncclIbResiliencyInit: Resiliency is disabled on the send communicator (comm=0xff4a3ef71000)
spark-5fa1:62:73 [0] NCCL INFO NET/IB: Subnet-aware routing: overriding dev 5 with dev 2
spark-5fa1:62:73 [0] NCCL INFO NET/IB: Subnet-aware routing: overriding dev 5 with dev 3
spark-5fa1:62:73 [0] NCCL INFO NET/IB: ncclIbReceiverQpsCreateToRts: QP created: port=1 dev=3 devName=roceP2p1s0f1 ndevs=4 nmdevs=6 qp_num=2296 pkey=0 pd=0xff4a3c3de9d0 oooRq=0
spark-5fa1:62:73 [0] NCCL INFO NET/IB: ncclIbReceiverQpsCreateToRts: QP created: port=1 dev=3 devName=roceP2p1s0f1 ndevs=4 nmdevs=6 qp_num=2297 pkey=0 pd=0xff4a3c3de9d0 oooRq=0
spark-5fa1:62:73 [0] NCCL INFO NET/IB: ncclIbReceiverQpsCreateToRts: Flush QP created: port=1 dev=3 devName=roceP2p1s0f1 ndevs=4 nmdevs=6 qp_num=2298 pkey=0 pd=0xff4a3c3de9d0
spark-5fa1:62:73 [0] NCCL INFO NET/IB: Subnet-aware routing: overriding dev 4 with dev 0
spark-5fa1:62:73 [0] NCCL INFO NET/IB: Subnet-aware routing: overriding dev 5 with dev 2
spark-5fa1:62:73 [0] NCCL INFO NET/IB: Subnet-aware routing: overriding dev 4 with dev 0
spark-5fa1:62:73 [0] NCCL INFO NET/IB: ncclIbResiliencyInit: Resiliency is disabled on the recv communicator (comm=0xff4a3f031000)
spark-5fa1:62:73 [0] NCCL INFO NET/IB: ncclIbRecvCommInit: Receive work requests will be posted on-demand
spark-5fa1:62:73 [0] NCCL INFO NET/IB: Subnet-aware routing: overriding dev 5 with dev 2
spark-5fa1:62:73 [0] NCCL INFO NET/IB: ncclIbSenderQpsToRts: Set ECE: IbDev 2 Port 1 qp_num 2328 set_ece={supported=1, vendor_id=0x15b3, options=0x30000002, comp_mask=0x0}
spark-5fa1:62:73 [0] NCCL INFO NET/IB: ncclIbSenderQpsToRts: Set ECE: IbDev 2 Port 1 qp_num 2329 set_ece={supported=1, vendor_id=0x15b3, options=0x30000002, comp_mask=0x0}
spark-5fa1:62:73 [0] NCCL INFO NET/IB: Subnet-aware routing: overriding dev 4 with dev 0
spark-5fa1:62:73 [0] NCCL INFO NET/IB: ncclIbSenderQpsCreate: QP created: port=1 dev=0 devName=rocep1s0f0 ndevs=4 nmdevs=6 qp_num=46108 pkey=0 pd=0xff4a3c07dd30 oooRq=0
spark-5fa1:62:73 [0] NCCL INFO NET/IB: ncclIbSenderQpsCreate: QP created: port=1 dev=0 devName=rocep1s0f0 ndevs=4 nmdevs=6 qp_num=46109 pkey=0 pd=0xff4a3c07dd30 oooRq=0
spark-5fa1:62:73 [0] NCCL INFO NET/IB: ncclIbConnectImpl: NCCL Dev 0 IbDev 0 Port 1 qp_num 46108 mtu 5 GID 6 (0/164A8C0FFFF0000) ctsFifoRkey=0x181bd8 ctsFifoLkey=0x181bd8
spark-5fa1:62:73 [0] NCCL INFO NET/IB: ncclIbConnectImpl: IbDev 0 Port 1 qp_num 46108 query_ece={supported=1, vendor_id=0x15b3, options=0x30000002, comp_mask=0x0}
spark-5fa1:62:73 [0] NCCL INFO NET/IB: ncclIbConnectImpl: NCCL Dev 0 IbDev 0 Port 1 qp_num 46109 mtu 5 GID 6 (0/164A8C0FFFF0000) ctsFifoRkey=0x181bd8 ctsFifoLkey=0x181bd8
spark-5fa1:62:73 [0] NCCL INFO NET/IB: ncclIbConnectImpl: IbDev 0 Port 1 qp_num 46109 query_ece={supported=1, vendor_id=0x15b3, options=0x30000002, comp_mask=0x0}
spark-5fa1:62:73 [0] NCCL INFO NET/IB: Subnet-aware routing: overriding dev 5 with dev 2
spark-5fa1:62:73 [0] NCCL INFO NET/IB: Subnet-aware routing: overriding dev 4 with dev 0
spark-5fa1:62:73 [0] NCCL INFO NET/IB: Subnet-aware routing: overriding dev 5 with dev 2
spark-5fa1:62:73 [0] NCCL INFO NET/IB: ncclIbResiliencyInit: Resiliency is disabled on the send communicator (comm=0xff4a3f0d2000)
spark-5fa1:62:73 [0] NCCL INFO NET/IB: Subnet-aware routing: overriding dev 4 with dev 0
spark-5fa1:62:73 [0] NCCL INFO NET/IB: Subnet-aware routing: overriding dev 5 with dev 2
spark-5fa1:62:73 [0] NCCL INFO NET/IB: Subnet-aware routing: overriding dev 4 with dev 0
spark-5fa1:62:73 [0] NCCL INFO NET/IB: Subnet-aware routing: overriding dev 5 with dev 2
spark-5fa1:62:73 [0] NCCL INFO NET/IB: ncclIbResiliencyInit: Resiliency is disabled on the recv communicator (comm=0xff4a3f113000)
spark-5fa1:62:73 [0] NCCL INFO NET/IB: ncclIbRecvCommInit: Receive work requests will be posted on-demand
spark-5fa1:62:73 [0] NCCL INFO NET/IB: Subnet-aware routing: overriding dev 4 with dev 0
spark-5fa1:62:73 [0] NCCL INFO NET/IB: Subnet-aware routing: overriding dev 5 with dev 2
spark-5fa1:62:73 [0] NCCL INFO NET/IB: Subnet-aware routing: overriding dev 4 with dev 0
spark-5fa1:62:73 [0] NCCL INFO NET/IB: Subnet-aware routing: overriding dev 5 with dev 2
spark-5fa1:62:73 [0] NCCL INFO NET/IB: Subnet-aware routing: overriding dev 4 with dev 0
spark-5fa1:62:73 [0] NCCL INFO NET/IB: ncclIbResiliencyInit: Resiliency is disabled on the send communicator (comm=0xff4a3f15b000)
spark-5fa1:62:73 [0] NCCL INFO NET/IB: Subnet-aware routing: overriding dev 4 with dev 0
spark-5fa1:62:73 [0] NCCL INFO NET/IB: ncclIbSenderQpsToRts: Set ECE: IbDev 0 Port 1 qp_num 46108 set_ece={supported=1, vendor_id=0x15b3, options=0x30000002, comp_mask=0x0}
spark-5fa1:62:73 [0] NCCL INFO NET/IB: ncclIbSenderQpsToRts: Set ECE: IbDev 0 Port 1 qp_num 46109 set_ece={supported=1, vendor_id=0x15b3, options=0x30000002, comp_mask=0x0}
spark-5fa1:62:73 [0] NCCL INFO NET/IB: Subnet-aware routing: overriding dev 4 with dev 1
spark-5fa1:62:73 [0] NCCL INFO NET/IB: ncclIbReceiverQpsCreateToRts: QP created: port=1 dev=1 devName=rocep1s0f1 ndevs=4 nmdevs=6 qp_num=41017 pkey=0 pd=0xff4a3c245f40 oooRq=0
spark-5fa1:62:73 [0] NCCL INFO NET/IB: ncclIbReceiverQpsCreateToRts: QP created: port=1 dev=1 devName=rocep1s0f1 ndevs=4 nmdevs=6 qp_num=41018 pkey=0 pd=0xff4a3c245f40 oooRq=0
spark-5fa1:62:73 [0] NCCL INFO NET/IB: ncclIbReceiverQpsCreateToRts: Flush QP created: port=1 dev=1 devName=rocep1s0f1 ndevs=4 nmdevs=6 qp_num=41019 pkey=0 pd=0xff4a3c245f40
spark-5fa1:62:73 [0] NCCL INFO NET/IB: Subnet-aware routing: overriding dev 5 with dev 2
spark-5fa1:62:73 [0] NCCL INFO NET/IB: ncclIbSenderQpsCreate: QP created: port=1 dev=2 devName=roceP2p1s0f0 ndevs=4 nmdevs=6 qp_num=2330 pkey=0 pd=0xff4a3c242900 oooRq=0
spark-5fa1:62:73 [0] NCCL INFO NET/IB: ncclIbSenderQpsCreate: QP created: port=1 dev=2 devName=roceP2p1s0f0 ndevs=4 nmdevs=6 qp_num=2331 pkey=0 pd=0xff4a3c242900 oooRq=0
spark-5fa1:62:73 [0] NCCL INFO NET/IB: ncclIbConnectImpl: NCCL Dev 2 IbDev 2 Port 1 qp_num 2330 mtu 5 GID 3 (0/16EA8C0FFFF0000) ctsFifoRkey=0x190906 ctsFifoLkey=0x190906
spark-5fa1:62:73 [0] NCCL INFO NET/IB: ncclIbConnectImpl: IbDev 2 Port 1 qp_num 2330 query_ece={supported=1, vendor_id=0x15b3, options=0x30000002, comp_mask=0x0}
spark-5fa1:62:73 [0] NCCL INFO NET/IB: ncclIbConnectImpl: NCCL Dev 2 IbDev 2 Port 1 qp_num 2331 mtu 5 GID 3 (0/16EA8C0FFFF0000) ctsFifoRkey=0x190906 ctsFifoLkey=0x190906
spark-5fa1:62:73 [0] NCCL INFO NET/IB: ncclIbConnectImpl: IbDev 2 Port 1 qp_num 2331 query_ece={supported=1, vendor_id=0x15b3, options=0x30000002, comp_mask=0x0}
spark-5fa1:62:73 [0] NCCL INFO NET/IB: Subnet-aware routing: overriding dev 4 with dev 0
spark-5fa1:62:73 [0] NCCL INFO NET/IB: ncclIbSenderQpsCreate: QP created: port=1 dev=0 devName=rocep1s0f0 ndevs=4 nmdevs=6 qp_num=46110 pkey=0 pd=0xff4a3c07dd30 oooRq=0
spark-5fa1:62:73 [0] NCCL INFO NET/IB: ncclIbSenderQpsCreate: QP created: port=1 dev=0 devName=rocep1s0f0 ndevs=4 nmdevs=6 qp_num=46111 pkey=0 pd=0xff4a3c07dd30 oooRq=0
spark-5fa1:62:73 [0] NCCL INFO NET/IB: ncclIbConnectImpl: NCCL Dev 0 IbDev 0 Port 1 qp_num 46110 mtu 5 GID 6 (0/164A8C0FFFF0000) ctsFifoRkey=0x221081 ctsFifoLkey=0x221081
spark-5fa1:62:73 [0] NCCL INFO NET/IB: ncclIbConnectImpl: IbDev 0 Port 1 qp_num 46110 query_ece={supported=1, vendor_id=0x15b3, options=0x30000002, comp_mask=0x0}
spark-5fa1:62:73 [0] NCCL INFO NET/IB: ncclIbConnectImpl: NCCL Dev 0 IbDev 0 Port 1 qp_num 46111 mtu 5 GID 6 (0/164A8C0FFFF0000) ctsFifoRkey=0x221081 ctsFifoLkey=0x221081
spark-5fa1:62:73 [0] NCCL INFO NET/IB: ncclIbConnectImpl: IbDev 0 Port 1 qp_num 46111 query_ece={supported=1, vendor_id=0x15b3, options=0x30000002, comp_mask=0x0}
spark-5fa1:62:73 [0] NCCL INFO NET/IB: Subnet-aware routing: overriding dev 5 with dev 2
spark-5fa1:62:73 [0] NCCL INFO NET/IB: Subnet-aware routing: overriding dev 4 with dev 0
spark-5fa1:62:73 [0] NCCL INFO NET/IB: ncclIbResiliencyInit: Resiliency is disabled on the recv communicator (comm=0xff4a3f2cb000)
spark-5fa1:62:73 [0] NCCL INFO NET/IB: ncclIbRecvCommInit: Receive work requests will be posted on-demand
spark-5fa1:62:73 [0] NCCL INFO NET/IB: Subnet-aware routing: overriding dev 5 with dev 2
spark-5fa1:62:73 [0] NCCL INFO NET/IB: Subnet-aware routing: overriding dev 4 with dev 0
spark-5fa1:62:73 [0] NCCL INFO NET/IB: Subnet-aware routing: overriding dev 5 with dev 2
spark-5fa1:62:73 [0] NCCL INFO NET/IB: Subnet-aware routing: overriding dev 4 with dev 0
spark-5fa1:62:73 [0] NCCL INFO NET/IB: Subnet-aware routing: overriding dev 5 with dev 2
spark-5fa1:62:73 [0] NCCL INFO NET/IB: ncclIbResiliencyInit: Resiliency is disabled on the send communicator (comm=0xff4a3f313000)
spark-5fa1:62:73 [0] NCCL INFO NET/IB: Subnet-aware routing: overriding dev 5 with dev 2
spark-5fa1:62:73 [0] NCCL INFO NET/IB: Subnet-aware routing: overriding dev 5 with dev 3
spark-5fa1:62:73 [0] NCCL INFO NET/IB: ncclIbReceiverQpsCreateToRts: QP created: port=1 dev=3 devName=roceP2p1s0f1 ndevs=4 nmdevs=6 qp_num=2299 pkey=0 pd=0xff4a3c3de9d0 oooRq=0
spark-5fa1:62:73 [0] NCCL INFO NET/IB: ncclIbReceiverQpsCreateToRts: QP created: port=1 dev=3 devName=roceP2p1s0f1 ndevs=4 nmdevs=6 qp_num=2300 pkey=0 pd=0xff4a3c3de9d0 oooRq=0
spark-5fa1:62:73 [0] NCCL INFO NET/IB: ncclIbReceiverQpsCreateToRts: Flush QP created: port=1 dev=3 devName=roceP2p1s0f1 ndevs=4 nmdevs=6 qp_num=2301 pkey=0 pd=0xff4a3c3de9d0
spark-5fa1:62:73 [0] NCCL INFO NET/IB: Subnet-aware routing: overriding dev 4 with dev 0
spark-5fa1:62:73 [0] NCCL INFO NET/IB: Subnet-aware routing: overriding dev 4 with dev 1
spark-5fa1:62:73 [0] NCCL INFO NET/IB: ncclIbReceiverQpsCreateToRts: QP created: port=1 dev=1 devName=rocep1s0f1 ndevs=4 nmdevs=6 qp_num=41020 pkey=0 pd=0xff4a3c245f40 oooRq=0
spark-5fa1:62:73 [0] NCCL INFO NET/IB: ncclIbReceiverQpsCreateToRts: QP created: port=1 dev=1 devName=rocep1s0f1 ndevs=4 nmdevs=6 qp_num=41021 pkey=0 pd=0xff4a3c245f40 oooRq=0
spark-5fa1:62:73 [0] NCCL INFO NET/IB: ncclIbReceiverQpsCreateToRts: Flush QP created: port=1 dev=1 devName=rocep1s0f1 ndevs=4 nmdevs=6 qp_num=41022 pkey=0 pd=0xff4a3c245f40
spark-5fa1:62:73 [0] NCCL INFO NET/IB: Subnet-aware routing: overriding dev 5 with dev 2
spark-5fa1:62:73 [0] NCCL INFO NET/IB: Subnet-aware routing: overriding dev 4 with dev 0
spark-5fa1:62:73 [0] NCCL INFO NET/IB: Subnet-aware routing: overriding dev 5 with dev 2
spark-5fa1:62:73 [0] NCCL INFO NET/IB: ncclIbResiliencyInit: Resiliency is disabled on the recv communicator (comm=0xff4a3f44e000)
spark-5fa1:62:73 [0] NCCL INFO NET/IB: ncclIbRecvCommInit: Receive work requests will be posted on-demand
spark-5fa1:62:73 [0] NCCL INFO NET/IB: Subnet-aware routing: overriding dev 5 with dev 2
spark-5fa1:62:73 [0] NCCL INFO NET/IB: ncclIbSenderQpsToRts: Set ECE: IbDev 2 Port 1 qp_num 2330 set_ece={supported=1, vendor_id=0x15b3, options=0x30000002, comp_mask=0x0}
spark-5fa1:62:73 [0] NCCL INFO NET/IB: ncclIbSenderQpsToRts: Set ECE: IbDev 2 Port 1 qp_num 2331 set_ece={supported=1, vendor_id=0x15b3, options=0x30000002, comp_mask=0x0}
spark-5fa1:62:73 [0] NCCL INFO NET/IB: Subnet-aware routing: overriding dev 4 with dev 0
spark-5fa1:62:73 [0] NCCL INFO NET/IB: ncclIbSenderQpsToRts: Set ECE: IbDev 0 Port 1 qp_num 46110 set_ece={supported=1, vendor_id=0x15b3, options=0x30000002, comp_mask=0x0}
spark-5fa1:62:73 [0] NCCL INFO NET/IB: ncclIbSenderQpsToRts: Set ECE: IbDev 0 Port 1 qp_num 46111 set_ece={supported=1, vendor_id=0x15b3, options=0x30000002, comp_mask=0x0}
spark-5fa1:62:73 [0] NCCL INFO NET/IB: Subnet-aware routing: overriding dev 5 with dev 2
spark-5fa1:62:73 [0] NCCL INFO NET/IB: ncclIbSenderQpsCreate: QP created: port=1 dev=2 devName=roceP2p1s0f0 ndevs=4 nmdevs=6 qp_num=2332 pkey=0 pd=0xff4a3c242900 oooRq=0
spark-5fa1:62:73 [0] NCCL INFO NET/IB: ncclIbSenderQpsCreate: QP created: port=1 dev=2 devName=roceP2p1s0f0 ndevs=4 nmdevs=6 qp_num=2333 pkey=0 pd=0xff4a3c242900 oooRq=0
spark-5fa1:62:73 [0] NCCL INFO NET/IB: ncclIbConnectImpl: NCCL Dev 2 IbDev 2 Port 1 qp_num 2332 mtu 5 GID 3 (0/16EA8C0FFFF0000) ctsFifoRkey=0x18f2f2 ctsFifoLkey=0x18f2f2
spark-5fa1:62:73 [0] NCCL INFO NET/IB: ncclIbConnectImpl: IbDev 2 Port 1 qp_num 2332 query_ece={supported=1, vendor_id=0x15b3, options=0x30000002, comp_mask=0x0}
spark-5fa1:62:73 [0] NCCL INFO NET/IB: ncclIbConnectImpl: NCCL Dev 2 IbDev 2 Port 1 qp_num 2333 mtu 5 GID 3 (0/16EA8C0FFFF0000) ctsFifoRkey=0x18f2f2 ctsFifoLkey=0x18f2f2
spark-5fa1:62:73 [0] NCCL INFO NET/IB: ncclIbConnectImpl: IbDev 2 Port 1 qp_num 2333 query_ece={supported=1, vendor_id=0x15b3, options=0x30000002, comp_mask=0x0}
spark-5fa1:62:73 [0] NCCL INFO NET/IB: Subnet-aware routing: overriding dev 5 with dev 3
spark-5fa1:62:73 [0] NCCL INFO NET/IB: ncclIbReceiverQpsCreateToRts: QP created: port=1 dev=3 devName=roceP2p1s0f1 ndevs=4 nmdevs=6 qp_num=2302 pkey=0 pd=0xff4a3c3de9d0 oooRq=0
spark-5fa1:62:73 [0] NCCL INFO NET/IB: ncclIbReceiverQpsCreateToRts: QP created: port=1 dev=3 devName=roceP2p1s0f1 ndevs=4 nmdevs=6 qp_num=2303 pkey=0 pd=0xff4a3c3de9d0 oooRq=0
spark-5fa1:62:73 [0] NCCL INFO NET/IB: ncclIbReceiverQpsCreateToRts: Flush QP created: port=1 dev=3 devName=roceP2p1s0f1 ndevs=4 nmdevs=6 qp_num=2304 pkey=0 pd=0xff4a3c3de9d0
spark-5fa1:62:73 [0] NCCL INFO NET/IB: Subnet-aware routing: overriding dev 4 with dev 0
spark-5fa1:62:73 [0] NCCL INFO NET/IB: ncclIbSenderQpsCreate: QP created: port=1 dev=0 devName=rocep1s0f0 ndevs=4 nmdevs=6 qp_num=46112 pkey=0 pd=0xff4a3c07dd30 oooRq=0
spark-5fa1:62:73 [0] NCCL INFO NET/IB: ncclIbSenderQpsCreate: QP created: port=1 dev=0 devName=rocep1s0f0 ndevs=4 nmdevs=6 qp_num=46113 pkey=0 pd=0xff4a3c07dd30 oooRq=0
spark-5fa1:62:73 [0] NCCL INFO NET/IB: ncclIbConnectImpl: NCCL Dev 0 IbDev 0 Port 1 qp_num 46112 mtu 5 GID 6 (0/164A8C0FFFF0000) ctsFifoRkey=0x220577 ctsFifoLkey=0x220577
spark-5fa1:62:73 [0] NCCL INFO NET/IB: ncclIbConnectImpl: IbDev 0 Port 1 qp_num 46112 query_ece={supported=1, vendor_id=0x15b3, options=0x30000002, comp_mask=0x0}
spark-5fa1:62:73 [0] NCCL INFO NET/IB: ncclIbConnectImpl: NCCL Dev 0 IbDev 0 Port 1 qp_num 46113 mtu 5 GID 6 (0/164A8C0FFFF0000) ctsFifoRkey=0x220577 ctsFifoLkey=0x220577
spark-5fa1:62:73 [0] NCCL INFO NET/IB: ncclIbConnectImpl: IbDev 0 Port 1 qp_num 46113 query_ece={supported=1, vendor_id=0x15b3, options=0x30000002, comp_mask=0x0}
spark-5fa1:62:73 [0] NCCL INFO NET/IB: Subnet-aware routing: overriding dev 5 with dev 2
spark-5fa1:62:73 [0] NCCL INFO NET/IB: Subnet-aware routing: overriding dev 4 with dev 0
spark-5fa1:62:73 [0] NCCL INFO NET/IB: ncclIbResiliencyInit: Resiliency is disabled on the send communicator (comm=0xff4a3f5b9000)
spark-5fa1:62:73 [0] NCCL INFO NET/IB: Subnet-aware routing: overriding dev 5 with dev 2
spark-5fa1:62:73 [0] NCCL INFO NET/IB: Subnet-aware routing: overriding dev 4 with dev 0
spark-5fa1:62:73 [0] NCCL INFO NET/IB: Subnet-aware routing: overriding dev 5 with dev 2
spark-5fa1:62:73 [0] NCCL INFO NET/IB: ncclIbSenderQpsCreate: QP created: port=1 dev=2 devName=roceP2p1s0f0 ndevs=4 nmdevs=6 qp_num=2334 pkey=0 pd=0xff4a3c242900 oooRq=0
spark-5fa1:62:73 [0] NCCL INFO NET/IB: ncclIbSenderQpsCreate: QP created: port=1 dev=2 devName=roceP2p1s0f0 ndevs=4 nmdevs=6 qp_num=2335 pkey=0 pd=0xff4a3c242900 oooRq=0
spark-5fa1:62:73 [0] NCCL INFO NET/IB: ncclIbConnectImpl: NCCL Dev 2 IbDev 2 Port 1 qp_num 2334 mtu 5 GID 3 (0/16EA8C0FFFF0000) ctsFifoRkey=0x18e6e3 ctsFifoLkey=0x18e6e3
spark-5fa1:62:73 [0] NCCL INFO NET/IB: ncclIbConnectImpl: IbDev 2 Port 1 qp_num 2334 query_ece={supported=1, vendor_id=0x15b3, options=0x30000002, comp_mask=0x0}
spark-5fa1:62:73 [0] NCCL INFO NET/IB: ncclIbConnectImpl: NCCL Dev 2 IbDev 2 Port 1 qp_num 2335 mtu 5 GID 3 (0/16EA8C0FFFF0000) ctsFifoRkey=0x18e6e3 ctsFifoLkey=0x18e6e3
spark-5fa1:62:73 [0] NCCL INFO NET/IB: ncclIbConnectImpl: IbDev 2 Port 1 qp_num 2335 query_ece={supported=1, vendor_id=0x15b3, options=0x30000002, comp_mask=0x0}
spark-5fa1:62:73 [0] NCCL INFO NET/IB: Subnet-aware routing: overriding dev 4 with dev 0
spark-5fa1:62:73 [0] NCCL INFO NET/IB: ncclIbResiliencyInit: Resiliency is disabled on the recv communicator (comm=0xff4a3f658000)
spark-5fa1:62:73 [0] NCCL INFO NET/IB: ncclIbRecvCommInit: Receive work requests will be posted on-demand
spark-5fa1:62:73 [0] NCCL INFO NET/IB: Subnet-aware routing: overriding dev 5 with dev 2
spark-5fa1:62:73 [0] NCCL INFO NET/IB: Subnet-aware routing: overriding dev 4 with dev 0
spark-5fa1:62:73 [0] NCCL INFO NET/IB: Subnet-aware routing: overriding dev 5 with dev 2
spark-5fa1:62:73 [0] NCCL INFO NET/IB: Subnet-aware routing: overriding dev 4 with dev 0
spark-5fa1:62:73 [0] NCCL INFO NET/IB: Subnet-aware routing: overriding dev 5 with dev 2
spark-5fa1:62:73 [0] NCCL INFO NET/IB: ncclIbResiliencyInit: Resiliency is disabled on the send communicator (comm=0xff4a3f6a0000)
spark-5fa1:62:73 [0] NCCL INFO NET/IB: Subnet-aware routing: overriding dev 5 with dev 2
spark-5fa1:62:73 [0] NCCL INFO NET/IB: Subnet-aware routing: overriding dev 4 with dev 0
spark-5fa1:62:73 [0] NCCL INFO NET/IB: Subnet-aware routing: overriding dev 5 with dev 2
spark-5fa1:62:73 [0] NCCL INFO NET/IB: Subnet-aware routing: overriding dev 4 with dev 0
spark-5fa1:62:73 [0] NCCL INFO NET/IB: Subnet-aware routing: overriding dev 5 with dev 2
spark-5fa1:62:73 [0] NCCL INFO NET/IB: ncclIbResiliencyInit: Resiliency is disabled on the recv communicator (comm=0xff4a3f6e4000)
spark-5fa1:62:73 [0] NCCL INFO NET/IB: ncclIbRecvCommInit: Receive work requests will be posted on-demand
spark-5fa1:62:73 [0] NCCL INFO NET/IB: Subnet-aware routing: overriding dev 5 with dev 2
spark-5fa1:62:73 [0] NCCL INFO NET/IB: Subnet-aware routing: overriding dev 4 with dev 0
spark-5fa1:62:73 [0] NCCL INFO NET/IB: Subnet-aware routing: overriding dev 5 with dev 2
spark-5fa1:62:73 [0] NCCL INFO NET/IB: Subnet-aware routing: overriding dev 4 with dev 0
spark-5fa1:62:73 [0] NCCL INFO NET/IB: Subnet-aware routing: overriding dev 5 with dev 2
spark-5fa1:62:73 [0] NCCL INFO NET/IB: Subnet-aware routing: overriding dev 4 with dev 0
spark-5fa1:62:73 [0] NCCL INFO NET/IB: ncclIbResiliencyInit: Resiliency is disabled on the send communicator (comm=0xff4a3f72c000)
spark-5fa1:62:73 [0] NCCL INFO NET/IB: Subnet-aware routing: overriding dev 5 with dev 2
spark-5fa1:62:73 [0] NCCL INFO NET/IB: ncclIbSenderQpsToRts: Set ECE: IbDev 2 Port 1 qp_num 2332 set_ece={supported=1, vendor_id=0x15b3, options=0x30000002, comp_mask=0x0}
spark-5fa1:62:73 [0] NCCL INFO NET/IB: ncclIbSenderQpsToRts: Set ECE: IbDev 2 Port 1 qp_num 2333 set_ece={supported=1, vendor_id=0x15b3, options=0x30000002, comp_mask=0x0}
spark-5fa1:62:73 [0] NCCL INFO NET/IB: Subnet-aware routing: overriding dev 4 with dev 0
spark-5fa1:62:73 [0] NCCL INFO NET/IB: ncclIbSenderQpsToRts: Set ECE: IbDev 0 Port 1 qp_num 46112 set_ece={supported=1, vendor_id=0x15b3, options=0x30000002, comp_mask=0x0}
spark-5fa1:62:73 [0] NCCL INFO NET/IB: ncclIbSenderQpsToRts: Set ECE: IbDev 0 Port 1 qp_num 46113 set_ece={supported=1, vendor_id=0x15b3, options=0x30000002, comp_mask=0x0}
spark-5fa1:62:73 [0] NCCL INFO NET/IB: Subnet-aware routing: overriding dev 4 with dev 1
spark-5fa1:62:73 [0] NCCL INFO NET/IB: ncclIbReceiverQpsCreateToRts: QP created: port=1 dev=1 devName=rocep1s0f1 ndevs=4 nmdevs=6 qp_num=41023 pkey=0 pd=0xff4a3c245f40 oooRq=0
spark-5fa1:62:73 [0] NCCL INFO NET/IB: ncclIbReceiverQpsCreateToRts: QP created: port=1 dev=1 devName=rocep1s0f1 ndevs=4 nmdevs=6 qp_num=41024 pkey=0 pd=0xff4a3c245f40 oooRq=0
spark-5fa1:62:73 [0] NCCL INFO NET/IB: ncclIbReceiverQpsCreateToRts: Flush QP created: port=1 dev=1 devName=rocep1s0f1 ndevs=4 nmdevs=6 qp_num=41025 pkey=0 pd=0xff4a3c245f40
spark-5fa1:62:73 [0] NCCL INFO NET/IB: Subnet-aware routing: overriding dev 5 with dev 2
spark-5fa1:62:73 [0] NCCL INFO NET/IB: ncclIbSenderQpsToRts: Set ECE: IbDev 2 Port 1 qp_num 2334 set_ece={supported=1, vendor_id=0x15b3, options=0x30000002, comp_mask=0x0}
spark-5fa1:62:73 [0] NCCL INFO NET/IB: ncclIbSenderQpsToRts: Set ECE: IbDev 2 Port 1 qp_num 2335 set_ece={supported=1, vendor_id=0x15b3, options=0x30000002, comp_mask=0x0}
spark-5fa1:62:73 [0] NCCL INFO NET/IB: Subnet-aware routing: overriding dev 5 with dev 3
spark-5fa1:62:73 [0] NCCL INFO NET/IB: ncclIbReceiverQpsCreateToRts: QP created: port=1 dev=3 devName=roceP2p1s0f1 ndevs=4 nmdevs=6 qp_num=2305 pkey=0 pd=0xff4a3c3de9d0 oooRq=0
spark-5fa1:62:73 [0] NCCL INFO NET/IB: ncclIbReceiverQpsCreateToRts: QP created: port=1 dev=3 devName=roceP2p1s0f1 ndevs=4 nmdevs=6 qp_num=2306 pkey=0 pd=0xff4a3c3de9d0 oooRq=0
spark-5fa1:62:73 [0] NCCL INFO NET/IB: ncclIbReceiverQpsCreateToRts: Flush QP created: port=1 dev=3 devName=roceP2p1s0f1 ndevs=4 nmdevs=6 qp_num=2307 pkey=0 pd=0xff4a3c3de9d0
spark-5fa1:62:73 [0] NCCL INFO NET/IB: Subnet-aware routing: overriding dev 4 with dev 0
spark-5fa1:62:73 [0] NCCL INFO NET/IB: Subnet-aware routing: overriding dev 5 with dev 2
spark-5fa1:62:73 [0] NCCL INFO NET/IB: Subnet-aware routing: overriding dev 4 with dev 0
spark-5fa1:62:73 [0] NCCL INFO NET/IB: ncclIbResiliencyInit: Resiliency is disabled on the recv communicator (comm=0xff4a3f859000)
spark-5fa1:62:73 [0] NCCL INFO NET/IB: ncclIbRecvCommInit: Receive work requests will be posted on-demand
spark-5fa1:62:73 [0] NCCL INFO NET/IB: Subnet-aware routing: overriding dev 4 with dev 0
spark-5fa1:62:73 [0] NCCL INFO NET/IB: ncclIbSenderQpsCreate: QP created: port=1 dev=0 devName=rocep1s0f0 ndevs=4 nmdevs=6 qp_num=46114 pkey=0 pd=0xff4a3c07dd30 oooRq=0
spark-5fa1:62:73 [0] NCCL INFO NET/IB: ncclIbSenderQpsCreate: QP created: port=1 dev=0 devName=rocep1s0f0 ndevs=4 nmdevs=6 qp_num=46115 pkey=0 pd=0xff4a3c07dd30 oooRq=0
spark-5fa1:62:73 [0] NCCL INFO NET/IB: ncclIbConnectImpl: NCCL Dev 0 IbDev 0 Port 1 qp_num 46114 mtu 5 GID 6 (0/164A8C0FFFF0000) ctsFifoRkey=0x2242b1 ctsFifoLkey=0x2242b1
spark-5fa1:62:73 [0] NCCL INFO NET/IB: ncclIbConnectImpl: IbDev 0 Port 1 qp_num 46114 query_ece={supported=1, vendor_id=0x15b3, options=0x30000002, comp_mask=0x0}
spark-5fa1:62:73 [0] NCCL INFO NET/IB: ncclIbConnectImpl: NCCL Dev 0 IbDev 0 Port 1 qp_num 46115 mtu 5 GID 6 (0/164A8C0FFFF0000) ctsFifoRkey=0x2242b1 ctsFifoLkey=0x2242b1
spark-5fa1:62:73 [0] NCCL INFO NET/IB: ncclIbConnectImpl: IbDev 0 Port 1 qp_num 46115 query_ece={supported=1, vendor_id=0x15b3, options=0x30000002, comp_mask=0x0}
spark-5fa1:62:73 [0] NCCL INFO NET/IB: Subnet-aware routing: overriding dev 5 with dev 2
spark-5fa1:62:73 [0] NCCL INFO NET/IB: Subnet-aware routing: overriding dev 4 with dev 0
spark-5fa1:62:73 [0] NCCL INFO NET/IB: Subnet-aware routing: overriding dev 5 with dev 2
spark-5fa1:62:73 [0] NCCL INFO NET/IB: ncclIbResiliencyInit: Resiliency is disabled on the send communicator (comm=0xff4a3f8fa000)
spark-5fa1:62:73 [0] NCCL INFO NET/IB: Subnet-aware routing: overriding dev 4 with dev 0
spark-5fa1:62:73 [0] NCCL INFO NET/IB: ncclIbSenderQpsToRts: Set ECE: IbDev 0 Port 1 qp_num 46114 set_ece={supported=1, vendor_id=0x15b3, options=0x30000002, comp_mask=0x0}
spark-5fa1:62:73 [0] NCCL INFO NET/IB: ncclIbSenderQpsToRts: Set ECE: IbDev 0 Port 1 qp_num 46115 set_ece={supported=1, vendor_id=0x15b3, options=0x30000002, comp_mask=0x0}
spark-5fa1:62:73 [0] NCCL INFO NET/IB: Subnet-aware routing: overriding dev 4 with dev 1
spark-5fa1:62:73 [0] NCCL INFO NET/IB: ncclIbReceiverQpsCreateToRts: QP created: port=1 dev=1 devName=rocep1s0f1 ndevs=4 nmdevs=6 qp_num=41026 pkey=0 pd=0xff4a3c245f40 oooRq=0
spark-5fa1:62:73 [0] NCCL INFO NET/IB: ncclIbReceiverQpsCreateToRts: QP created: port=1 dev=1 devName=rocep1s0f1 ndevs=4 nmdevs=6 qp_num=41027 pkey=0 pd=0xff4a3c245f40 oooRq=0
spark-5fa1:62:73 [0] NCCL INFO NET/IB: ncclIbReceiverQpsCreateToRts: Flush QP created: port=1 dev=1 devName=rocep1s0f1 ndevs=4 nmdevs=6 qp_num=41028 pkey=0 pd=0xff4a3c245f40
spark-5fa1:62:73 [0] NCCL INFO NET/IB: Subnet-aware routing: overriding dev 5 with dev 2
spark-5fa1:62:73 [0] NCCL INFO NET/IB: ncclIbSenderQpsCreate: QP created: port=1 dev=2 devName=roceP2p1s0f0 ndevs=4 nmdevs=6 qp_num=2336 pkey=0 pd=0xff4a3c242900 oooRq=0
spark-5fa1:62:73 [0] NCCL INFO NET/IB: ncclIbSenderQpsCreate: QP created: port=1 dev=2 devName=roceP2p1s0f0 ndevs=4 nmdevs=6 qp_num=2337 pkey=0 pd=0xff4a3c242900 oooRq=0
spark-5fa1:62:73 [0] NCCL INFO NET/IB: ncclIbConnectImpl: NCCL Dev 2 IbDev 2 Port 1 qp_num 2336 mtu 5 GID 3 (0/16EA8C0FFFF0000) ctsFifoRkey=0x192221 ctsFifoLkey=0x192221
spark-5fa1:62:73 [0] NCCL INFO NET/IB: ncclIbConnectImpl: IbDev 2 Port 1 qp_num 2336 query_ece={supported=1, vendor_id=0x15b3, options=0x30000002, comp_mask=0x0}
spark-5fa1:62:73 [0] NCCL INFO NET/IB: ncclIbConnectImpl: NCCL Dev 2 IbDev 2 Port 1 qp_num 2337 mtu 5 GID 3 (0/16EA8C0FFFF0000) ctsFifoRkey=0x192221 ctsFifoLkey=0x192221
spark-5fa1:62:73 [0] NCCL INFO NET/IB: ncclIbConnectImpl: IbDev 2 Port 1 qp_num 2337 query_ece={supported=1, vendor_id=0x15b3, options=0x30000002, comp_mask=0x0}
spark-5fa1:62:73 [0] NCCL INFO NET/IB: Subnet-aware routing: overriding dev 4 with dev 0
spark-5fa1:62:73 [0] NCCL INFO NET/IB: ncclIbSenderQpsCreate: QP created: port=1 dev=0 devName=rocep1s0f0 ndevs=4 nmdevs=6 qp_num=46116 pkey=0 pd=0xff4a3c07dd30 oooRq=0
spark-5fa1:62:73 [0] NCCL INFO NET/IB: ncclIbSenderQpsCreate: QP created: port=1 dev=0 devName=rocep1s0f0 ndevs=4 nmdevs=6 qp_num=46117 pkey=0 pd=0xff4a3c07dd30 oooRq=0
spark-5fa1:62:73 [0] NCCL INFO NET/IB: ncclIbConnectImpl: NCCL Dev 0 IbDev 0 Port 1 qp_num 46116 mtu 5 GID 6 (0/164A8C0FFFF0000) ctsFifoRkey=0x181dda ctsFifoLkey=0x181dda
spark-5fa1:62:73 [0] NCCL INFO NET/IB: ncclIbConnectImpl: IbDev 0 Port 1 qp_num 46116 query_ece={supported=1, vendor_id=0x15b3, options=0x30000002, comp_mask=0x0}
spark-5fa1:62:73 [0] NCCL INFO NET/IB: ncclIbConnectImpl: NCCL Dev 0 IbDev 0 Port 1 qp_num 46117 mtu 5 GID 6 (0/164A8C0FFFF0000) ctsFifoRkey=0x181dda ctsFifoLkey=0x181dda
spark-5fa1:62:73 [0] NCCL INFO NET/IB: ncclIbConnectImpl: IbDev 0 Port 1 qp_num 46117 query_ece={supported=1, vendor_id=0x15b3, options=0x30000002, comp_mask=0x0}
spark-5fa1:62:73 [0] NCCL INFO NET/IB: Subnet-aware routing: overriding dev 5 with dev 2
spark-5fa1:62:73 [0] NCCL INFO NET/IB: ncclIbResiliencyInit: Resiliency is disabled on the recv communicator (comm=0xff4a3fa6b000)
spark-5fa1:62:73 [0] NCCL INFO NET/IB: ncclIbRecvCommInit: Receive work requests will be posted on-demand
spark-5fa1:62:73 [0] NCCL INFO NET/IB: Subnet-aware routing: overriding dev 5 with dev 2
spark-5fa1:62:73 [0] NCCL INFO NET/IB: Subnet-aware routing: overriding dev 4 with dev 0
spark-5fa1:62:73 [0] NCCL INFO NET/IB: Subnet-aware routing: overriding dev 5 with dev 2
spark-5fa1:62:73 [0] NCCL INFO NET/IB: Subnet-aware routing: overriding dev 4 with dev 0
spark-5fa1:62:73 [0] NCCL INFO NET/IB: ncclIbResiliencyInit: Resiliency is disabled on the send communicator (comm=0xff4a3fab3000)
spark-5fa1:62:73 [0] NCCL INFO NET/IB: Subnet-aware routing: overriding dev 5 with dev 2
spark-5fa1:62:73 [0] NCCL INFO NET/IB: ncclIbSenderQpsToRts: Set ECE: IbDev 2 Port 1 qp_num 2336 set_ece={supported=1, vendor_id=0x15b3, options=0x30000002, comp_mask=0x0}
spark-5fa1:62:73 [0] NCCL INFO NET/IB: ncclIbSenderQpsToRts: Set ECE: IbDev 2 Port 1 qp_num 2337 set_ece={supported=1, vendor_id=0x15b3, options=0x30000002, comp_mask=0x0}
spark-5fa1:62:73 [0] NCCL INFO NET/IB: Subnet-aware routing: overriding dev 5 with dev 3
spark-5fa1:62:73 [0] NCCL INFO NET/IB: ncclIbReceiverQpsCreateToRts: QP created: port=1 dev=3 devName=roceP2p1s0f1 ndevs=4 nmdevs=6 qp_num=2308 pkey=0 pd=0xff4a3c3de9d0 oooRq=0
spark-5fa1:62:73 [0] NCCL INFO NET/IB: ncclIbReceiverQpsCreateToRts: QP created: port=1 dev=3 devName=roceP2p1s0f1 ndevs=4 nmdevs=6 qp_num=2309 pkey=0 pd=0xff4a3c3de9d0 oooRq=0
spark-5fa1:62:73 [0] NCCL INFO NET/IB: ncclIbReceiverQpsCreateToRts: Flush QP created: port=1 dev=3 devName=roceP2p1s0f1 ndevs=4 nmdevs=6 qp_num=2310 pkey=0 pd=0xff4a3c3de9d0
spark-5fa1:62:73 [0] NCCL INFO NET/IB: Subnet-aware routing: overriding dev 4 with dev 0
spark-5fa1:62:73 [0] NCCL INFO NET/IB: ncclIbSenderQpsToRts: Set ECE: IbDev 0 Port 1 qp_num 46116 set_ece={supported=1, vendor_id=0x15b3, options=0x30000002, comp_mask=0x0}
spark-5fa1:62:73 [0] NCCL INFO NET/IB: ncclIbSenderQpsToRts: Set ECE: IbDev 0 Port 1 qp_num 46117 set_ece={supported=1, vendor_id=0x15b3, options=0x30000002, comp_mask=0x0}
spark-5fa1:62:73 [0] NCCL INFO NET/IB: Subnet-aware routing: overriding dev 4 with dev 1
spark-5fa1:62:73 [0] NCCL INFO NET/IB: ncclIbReceiverQpsCreateToRts: QP created: port=1 dev=1 devName=rocep1s0f1 ndevs=4 nmdevs=6 qp_num=41029 pkey=0 pd=0xff4a3c245f40 oooRq=0
spark-5fa1:62:73 [0] NCCL INFO NET/IB: ncclIbReceiverQpsCreateToRts: QP created: port=1 dev=1 devName=rocep1s0f1 ndevs=4 nmdevs=6 qp_num=41030 pkey=0 pd=0xff4a3c245f40 oooRq=0
spark-5fa1:62:73 [0] NCCL INFO NET/IB: ncclIbReceiverQpsCreateToRts: Flush QP created: port=1 dev=1 devName=rocep1s0f1 ndevs=4 nmdevs=6 qp_num=41031 pkey=0 pd=0xff4a3c245f40
spark-5fa1:62:73 [0] NCCL INFO NET/IB: Subnet-aware routing: overriding dev 5 with dev 2
spark-5fa1:62:73 [0] NCCL INFO NET/IB: Subnet-aware routing: overriding dev 4 with dev 0
spark-5fa1:62:73 [0] NCCL INFO NET/IB: ncclIbResiliencyInit: Resiliency is disabled on the recv communicator (comm=0xff4a3fbe5000)
spark-5fa1:62:73 [0] NCCL INFO NET/IB: ncclIbRecvCommInit: Receive work requests will be posted on-demand
spark-5fa1:62:73 [0] NCCL INFO NET/IB: Subnet-aware routing: overriding dev 5 with dev 2
spark-5fa1:62:73 [0] NCCL INFO NET/IB: ncclIbSenderQpsCreate: QP created: port=1 dev=2 devName=roceP2p1s0f0 ndevs=4 nmdevs=6 qp_num=2338 pkey=0 pd=0xff4a3c242900 oooRq=0
spark-5fa1:62:73 [0] NCCL INFO NET/IB: ncclIbSenderQpsCreate: QP created: port=1 dev=2 devName=roceP2p1s0f0 ndevs=4 nmdevs=6 qp_num=2339 pkey=0 pd=0xff4a3c242900 oooRq=0
spark-5fa1:62:73 [0] NCCL INFO NET/IB: ncclIbConnectImpl: NCCL Dev 2 IbDev 2 Port 1 qp_num 2338 mtu 5 GID 3 (0/16EA8C0FFFF0000) ctsFifoRkey=0x18bdbb ctsFifoLkey=0x18bdbb
spark-5fa1:62:73 [0] NCCL INFO NET/IB: ncclIbConnectImpl: IbDev 2 Port 1 qp_num 2338 query_ece={supported=1, vendor_id=0x15b3, options=0x30000002, comp_mask=0x0}
spark-5fa1:62:73 [0] NCCL INFO NET/IB: ncclIbConnectImpl: NCCL Dev 2 IbDev 2 Port 1 qp_num 2339 mtu 5 GID 3 (0/16EA8C0FFFF0000) ctsFifoRkey=0x18bdbb ctsFifoLkey=0x18bdbb
spark-5fa1:62:73 [0] NCCL INFO NET/IB: ncclIbConnectImpl: IbDev 2 Port 1 qp_num 2339 query_ece={supported=1, vendor_id=0x15b3, options=0x30000002, comp_mask=0x0}
spark-5fa1:62:73 [0] NCCL INFO NET/IB: Subnet-aware routing: overriding dev 4 with dev 0
spark-5fa1:62:73 [0] NCCL INFO NET/IB: Subnet-aware routing: overriding dev 5 with dev 2
spark-5fa1:62:73 [0] NCCL INFO NET/IB: ncclIbResiliencyInit: Resiliency is disabled on the send communicator (comm=0xff4a3fc88000)
spark-5fa1:62:73 [0] NCCL INFO NET/IB: Subnet-aware routing: overriding dev 5 with dev 2
spark-5fa1:62:73 [0] NCCL INFO NET/IB: Subnet-aware routing: overriding dev 4 with dev 0
spark-5fa1:62:73 [0] NCCL INFO NET/IB: ncclIbSenderQpsCreate: QP created: port=1 dev=0 devName=rocep1s0f0 ndevs=4 nmdevs=6 qp_num=46118 pkey=0 pd=0xff4a3c07dd30 oooRq=0
spark-5fa1:62:73 [0] NCCL INFO NET/IB: ncclIbSenderQpsCreate: QP created: port=1 dev=0 devName=rocep1s0f0 ndevs=4 nmdevs=6 qp_num=46119 pkey=0 pd=0xff4a3c07dd30 oooRq=0
spark-5fa1:62:73 [0] NCCL INFO NET/IB: ncclIbConnectImpl: NCCL Dev 0 IbDev 0 Port 1 qp_num 46118 mtu 5 GID 6 (0/164A8C0FFFF0000) ctsFifoRkey=0x222291 ctsFifoLkey=0x222291
spark-5fa1:62:73 [0] NCCL INFO NET/IB: ncclIbConnectImpl: IbDev 0 Port 1 qp_num 46118 query_ece={supported=1, vendor_id=0x15b3, options=0x30000002, comp_mask=0x0}
spark-5fa1:62:73 [0] NCCL INFO NET/IB: ncclIbConnectImpl: NCCL Dev 0 IbDev 0 Port 1 qp_num 46119 mtu 5 GID 6 (0/164A8C0FFFF0000) ctsFifoRkey=0x222291 ctsFifoLkey=0x222291
spark-5fa1:62:73 [0] NCCL INFO NET/IB: ncclIbConnectImpl: IbDev 0 Port 1 qp_num 46119 query_ece={supported=1, vendor_id=0x15b3, options=0x30000002, comp_mask=0x0}
spark-5fa1:62:73 [0] NCCL INFO NET/IB: Subnet-aware routing: overriding dev 5 with dev 2
spark-5fa1:62:73 [0] NCCL INFO NET/IB: ncclIbResiliencyInit: Resiliency is disabled on the recv communicator (comm=0xff4a3fd25000)
spark-5fa1:62:73 [0] NCCL INFO NET/IB: ncclIbRecvCommInit: Receive work requests will be posted on-demand
spark-5fa1:62:73 [0] NCCL INFO NET/IB: Subnet-aware routing: overriding dev 5 with dev 2
spark-5fa1:62:73 [0] NCCL INFO NET/IB: ncclIbSenderQpsToRts: Set ECE: IbDev 2 Port 1 qp_num 2338 set_ece={supported=1, vendor_id=0x15b3, options=0x30000002, comp_mask=0x0}
spark-5fa1:62:73 [0] NCCL INFO NET/IB: ncclIbSenderQpsToRts: Set ECE: IbDev 2 Port 1 qp_num 2339 set_ece={supported=1, vendor_id=0x15b3, options=0x30000002, comp_mask=0x0}
spark-5fa1:62:73 [0] NCCL INFO NET/IB: Subnet-aware routing: overriding dev 5 with dev 3
spark-5fa1:62:73 [0] NCCL INFO NET/IB: ncclIbReceiverQpsCreateToRts: QP created: port=1 dev=3 devName=roceP2p1s0f1 ndevs=4 nmdevs=6 qp_num=2311 pkey=0 pd=0xff4a3c3de9d0 oooRq=0
spark-5fa1:62:73 [0] NCCL INFO NET/IB: ncclIbReceiverQpsCreateToRts: QP created: port=1 dev=3 devName=roceP2p1s0f1 ndevs=4 nmdevs=6 qp_num=2312 pkey=0 pd=0xff4a3c3de9d0 oooRq=0
spark-5fa1:62:73 [0] NCCL INFO NET/IB: ncclIbReceiverQpsCreateToRts: Flush QP created: port=1 dev=3 devName=roceP2p1s0f1 ndevs=4 nmdevs=6 qp_num=2313 pkey=0 pd=0xff4a3c3de9d0
spark-5fa1:62:73 [0] NCCL INFO NET/IB: Subnet-aware routing: overriding dev 4 with dev 0
spark-5fa1:62:73 [0] NCCL INFO NET/IB: ncclIbSenderQpsToRts: Set ECE: IbDev 0 Port 1 qp_num 46118 set_ece={supported=1, vendor_id=0x15b3, options=0x30000002, comp_mask=0x0}
spark-5fa1:62:73 [0] NCCL INFO NET/IB: ncclIbSenderQpsToRts: Set ECE: IbDev 0 Port 1 qp_num 46119 set_ece={supported=1, vendor_id=0x15b3, options=0x30000002, comp_mask=0x0}
spark-5fa1:62:73 [0] NCCL INFO NET/IB: Subnet-aware routing: overriding dev 5 with dev 2
spark-5fa1:62:73 [0] NCCL INFO NET/IB: ncclIbSenderQpsCreate: QP created: port=1 dev=2 devName=roceP2p1s0f0 ndevs=4 nmdevs=6 qp_num=2340 pkey=0 pd=0xff4a3c242900 oooRq=0
spark-5fa1:62:73 [0] NCCL INFO NET/IB: ncclIbSenderQpsCreate: QP created: port=1 dev=2 devName=roceP2p1s0f0 ndevs=4 nmdevs=6 qp_num=2341 pkey=0 pd=0xff4a3c242900 oooRq=0
spark-5fa1:62:73 [0] NCCL INFO NET/IB: ncclIbConnectImpl: NCCL Dev 2 IbDev 2 Port 1 qp_num 2340 mtu 5 GID 3 (0/16EA8C0FFFF0000) ctsFifoRkey=0x1ca23d ctsFifoLkey=0x1ca23d
spark-5fa1:62:73 [0] NCCL INFO NET/IB: ncclIbConnectImpl: IbDev 2 Port 1 qp_num 2340 query_ece={supported=1, vendor_id=0x15b3, options=0x30000002, comp_mask=0x0}
spark-5fa1:62:73 [0] NCCL INFO NET/IB: ncclIbConnectImpl: NCCL Dev 2 IbDev 2 Port 1 qp_num 2341 mtu 5 GID 3 (0/16EA8C0FFFF0000) ctsFifoRkey=0x1ca23d ctsFifoLkey=0x1ca23d
spark-5fa1:62:73 [0] NCCL INFO NET/IB: ncclIbConnectImpl: IbDev 2 Port 1 qp_num 2341 query_ece={supported=1, vendor_id=0x15b3, options=0x30000002, comp_mask=0x0}
spark-5fa1:62:73 [0] NCCL INFO NET/IB: Subnet-aware routing: overriding dev 4 with dev 0
spark-5fa1:62:73 [0] NCCL INFO NET/IB: ncclIbResiliencyInit: Resiliency is disabled on the send communicator (comm=0xff4a3fe40000)
spark-5fa1:62:73 [0] NCCL INFO NET/IB: Subnet-aware routing: overriding dev 4 with dev 1
spark-5fa1:62:73 [0] NCCL INFO NET/IB: ncclIbReceiverQpsCreateToRts: QP created: port=1 dev=1 devName=rocep1s0f1 ndevs=4 nmdevs=6 qp_num=41032 pkey=0 pd=0xff4a3c245f40 oooRq=0
spark-5fa1:62:73 [0] NCCL INFO NET/IB: ncclIbReceiverQpsCreateToRts: QP created: port=1 dev=1 devName=rocep1s0f1 ndevs=4 nmdevs=6 qp_num=41033 pkey=0 pd=0xff4a3c245f40 oooRq=0
spark-5fa1:62:73 [0] NCCL INFO NET/IB: ncclIbReceiverQpsCreateToRts: Flush QP created: port=1 dev=1 devName=rocep1s0f1 ndevs=4 nmdevs=6 qp_num=41034 pkey=0 pd=0xff4a3c245f40
spark-5fa1:62:73 [0] NCCL INFO NET/IB: Subnet-aware routing: overriding dev 5 with dev 2
spark-5fa1:62:73 [0] NCCL INFO NET/IB: ncclIbSenderQpsToRts: Set ECE: IbDev 2 Port 1 qp_num 2340 set_ece={supported=1, vendor_id=0x15b3, options=0x30000002, comp_mask=0x0}
spark-5fa1:62:73 [0] NCCL INFO NET/IB: ncclIbSenderQpsToRts: Set ECE: IbDev 2 Port 1 qp_num 2341 set_ece={supported=1, vendor_id=0x15b3, options=0x30000002, comp_mask=0x0}
spark-5fa1:62:73 [0] NCCL INFO NET/IB: Subnet-aware routing: overriding dev 5 with dev 3
spark-5fa1:62:73 [0] NCCL INFO NET/IB: ncclIbReceiverQpsCreateToRts: QP created: port=1 dev=3 devName=roceP2p1s0f1 ndevs=4 nmdevs=6 qp_num=2314 pkey=0 pd=0xff4a3c3de9d0 oooRq=0
spark-5fa1:62:73 [0] NCCL INFO NET/IB: ncclIbReceiverQpsCreateToRts: QP created: port=1 dev=3 devName=roceP2p1s0f1 ndevs=4 nmdevs=6 qp_num=2315 pkey=0 pd=0xff4a3c3de9d0 oooRq=0
spark-5fa1:62:73 [0] NCCL INFO NET/IB: ncclIbReceiverQpsCreateToRts: Flush QP created: port=1 dev=3 devName=roceP2p1s0f1 ndevs=4 nmdevs=6 qp_num=2316 pkey=0 pd=0xff4a3c3de9d0
spark-5fa1:62:73 [0] NCCL INFO NET/IB: Subnet-aware routing: overriding dev 4 with dev 0
spark-5fa1:62:73 [0] NCCL INFO NET/IB: ncclIbResiliencyInit: Resiliency is disabled on the recv communicator (comm=0xff4a3ff73000)
spark-5fa1:62:73 [0] NCCL INFO NET/IB: ncclIbRecvCommInit: Receive work requests will be posted on-demand
spark-5fa1:62:73 [0] NCCL INFO NET/IB: Subnet-aware routing: overriding dev 4 with dev 0
spark-5fa1:62:73 [0] NCCL INFO NET/IB: Subnet-aware routing: overriding dev 5 with dev 2
spark-5fa1:62:73 [0] NCCL INFO NET/IB: ncclIbResiliencyInit: Resiliency is disabled on the send communicator (comm=0xff4a3ffbb000)
spark-5fa1:62:73 [0] NCCL INFO NET/IB: Subnet-aware routing: overriding dev 4 with dev 0
spark-5fa1:62:73 [0] NCCL INFO NET/IB: Subnet-aware routing: overriding dev 5 with dev 2
spark-5fa1:62:73 [0] NCCL INFO NET/IB: ncclIbResiliencyInit: Resiliency is disabled on the recv communicator (comm=0xff4a2c001000)
spark-5fa1:62:73 [0] NCCL INFO NET/IB: ncclIbRecvCommInit: Receive work requests will be posted on-demand
spark-5fa1:62:73 [0] NCCL INFO NET/IB: Subnet-aware routing: overriding dev 4 with dev 0
spark-5fa1:62:73 [0] NCCL INFO NET/IB: ncclIbSenderQpsCreate: QP created: port=1 dev=0 devName=rocep1s0f0 ndevs=4 nmdevs=6 qp_num=46120 pkey=0 pd=0xff4a3c07dd30 oooRq=0
spark-5fa1:62:73 [0] NCCL INFO NET/IB: ncclIbSenderQpsCreate: QP created: port=1 dev=0 devName=rocep1s0f0 ndevs=4 nmdevs=6 qp_num=46121 pkey=0 pd=0xff4a3c07dd30 oooRq=0
spark-5fa1:62:73 [0] NCCL INFO NET/IB: ncclIbConnectImpl: NCCL Dev 0 IbDev 0 Port 1 qp_num 46120 mtu 5 GID 6 (0/164A8C0FFFF0000) ctsFifoRkey=0x179956 ctsFifoLkey=0x179956
spark-5fa1:62:73 [0] NCCL INFO NET/IB: ncclIbConnectImpl: IbDev 0 Port 1 qp_num 46120 query_ece={supported=1, vendor_id=0x15b3, options=0x30000002, comp_mask=0x0}
spark-5fa1:62:73 [0] NCCL INFO NET/IB: ncclIbConnectImpl: NCCL Dev 0 IbDev 0 Port 1 qp_num 46121 mtu 5 GID 6 (0/164A8C0FFFF0000) ctsFifoRkey=0x179956 ctsFifoLkey=0x179956
spark-5fa1:62:73 [0] NCCL INFO NET/IB: ncclIbConnectImpl: IbDev 0 Port 1 qp_num 46121 query_ece={supported=1, vendor_id=0x15b3, options=0x30000002, comp_mask=0x0}
spark-5fa1:62:73 [0] NCCL INFO NET/IB: Subnet-aware routing: overriding dev 5 with dev 2
spark-5fa1:62:73 [0] NCCL INFO NET/IB: Subnet-aware routing: overriding dev 4 with dev 0
spark-5fa1:62:73 [0] NCCL INFO NET/IB: ncclIbResiliencyInit: Resiliency is disabled on the send communicator (comm=0xff4a2c0a4000)
spark-5fa1:62:73 [0] NCCL INFO NET/IB: Subnet-aware routing: overriding dev 4 with dev 0
spark-5fa1:62:73 [0] NCCL INFO NET/IB: Subnet-aware routing: overriding dev 5 with dev 2
spark-5fa1:62:73 [0] NCCL INFO NET/IB: ncclIbSenderQpsCreate: QP created: port=1 dev=2 devName=roceP2p1s0f0 ndevs=4 nmdevs=6 qp_num=2342 pkey=0 pd=0xff4a3c242900 oooRq=0
spark-5fa1:62:73 [0] NCCL INFO NET/IB: ncclIbSenderQpsCreate: QP created: port=1 dev=2 devName=roceP2p1s0f0 ndevs=4 nmdevs=6 qp_num=2343 pkey=0 pd=0xff4a3c242900 oooRq=0
spark-5fa1:62:73 [0] NCCL INFO NET/IB: ncclIbConnectImpl: NCCL Dev 2 IbDev 2 Port 1 qp_num 2342 mtu 5 GID 3 (0/16EA8C0FFFF0000) ctsFifoRkey=0x170f0d ctsFifoLkey=0x170f0d
spark-5fa1:62:73 [0] NCCL INFO NET/IB: ncclIbConnectImpl: IbDev 2 Port 1 qp_num 2342 query_ece={supported=1, vendor_id=0x15b3, options=0x30000002, comp_mask=0x0}
spark-5fa1:62:73 [0] NCCL INFO NET/IB: ncclIbConnectImpl: NCCL Dev 2 IbDev 2 Port 1 qp_num 2343 mtu 5 GID 3 (0/16EA8C0FFFF0000) ctsFifoRkey=0x170f0d ctsFifoLkey=0x170f0d
spark-5fa1:62:73 [0] NCCL INFO NET/IB: ncclIbConnectImpl: IbDev 2 Port 1 qp_num 2343 query_ece={supported=1, vendor_id=0x15b3, options=0x30000002, comp_mask=0x0}
spark-5fa1:62:73 [0] NCCL INFO NET/IB: Subnet-aware routing: overriding dev 4 with dev 0
spark-5fa1:62:73 [0] NCCL INFO NET/IB: ncclIbResiliencyInit: Resiliency is disabled on the recv communicator (comm=0xff4a2c141000)
spark-5fa1:62:73 [0] NCCL INFO NET/IB: ncclIbRecvCommInit: Receive work requests will be posted on-demand
spark-5fa1:62:73 [0] NCCL INFO NET/IB: Subnet-aware routing: overriding dev 4 with dev 0
spark-5fa1:62:73 [0] NCCL INFO NET/IB: ncclIbSenderQpsToRts: Set ECE: IbDev 0 Port 1 qp_num 46120 set_ece={supported=1, vendor_id=0x15b3, options=0x30000002, comp_mask=0x0}
spark-5fa1:62:73 [0] NCCL INFO NET/IB: ncclIbSenderQpsToRts: Set ECE: IbDev 0 Port 1 qp_num 46121 set_ece={supported=1, vendor_id=0x15b3, options=0x30000002, comp_mask=0x0}
spark-5fa1:62:73 [0] NCCL INFO NET/IB: Subnet-aware routing: overriding dev 5 with dev 2
spark-5fa1:62:73 [0] NCCL INFO NET/IB: Subnet-aware routing: overriding dev 4 with dev 0
spark-5fa1:62:73 [0] NCCL INFO NET/IB: Subnet-aware routing: overriding dev 5 with dev 2
spark-5fa1:62:73 [0] NCCL INFO NET/IB: ncclIbResiliencyInit: Resiliency is disabled on the send communicator (comm=0xff4a2c189000)
spark-5fa1:62:73 [0] NCCL INFO NET/IB: Subnet-aware routing: overriding dev 5 with dev 2
spark-5fa1:62:73 [0] NCCL INFO NET/IB: ncclIbSenderQpsToRts: Set ECE: IbDev 2 Port 1 qp_num 2342 set_ece={supported=1, vendor_id=0x15b3, options=0x30000002, comp_mask=0x0}
spark-5fa1:62:73 [0] NCCL INFO NET/IB: ncclIbSenderQpsToRts: Set ECE: IbDev 2 Port 1 qp_num 2343 set_ece={supported=1, vendor_id=0x15b3, options=0x30000002, comp_mask=0x0}
spark-5fa1:62:73 [0] NCCL INFO NET/IB: Subnet-aware routing: overriding dev 5 with dev 3
spark-5fa1:62:73 [0] NCCL INFO NET/IB: ncclIbReceiverQpsCreateToRts: QP created: port=1 dev=3 devName=roceP2p1s0f1 ndevs=4 nmdevs=6 qp_num=2317 pkey=0 pd=0xff4a3c3de9d0 oooRq=0
spark-5fa1:62:73 [0] NCCL INFO NET/IB: ncclIbReceiverQpsCreateToRts: QP created: port=1 dev=3 devName=roceP2p1s0f1 ndevs=4 nmdevs=6 qp_num=2318 pkey=0 pd=0xff4a3c3de9d0 oooRq=0
spark-5fa1:62:73 [0] NCCL INFO NET/IB: ncclIbReceiverQpsCreateToRts: Flush QP created: port=1 dev=3 devName=roceP2p1s0f1 ndevs=4 nmdevs=6 qp_num=2319 pkey=0 pd=0xff4a3c3de9d0
spark-5fa1:62:73 [0] NCCL INFO NET/IB: Subnet-aware routing: overriding dev 4 with dev 0
spark-5fa1:62:73 [0] NCCL INFO NET/IB: ncclIbSenderQpsCreate: QP created: port=1 dev=0 devName=rocep1s0f0 ndevs=4 nmdevs=6 qp_num=46122 pkey=0 pd=0xff4a3c07dd30 oooRq=0
spark-5fa1:62:73 [0] NCCL INFO NET/IB: ncclIbSenderQpsCreate: QP created: port=1 dev=0 devName=rocep1s0f0 ndevs=4 nmdevs=6 qp_num=46123 pkey=0 pd=0xff4a3c07dd30 oooRq=0
spark-5fa1:62:73 [0] NCCL INFO NET/IB: ncclIbConnectImpl: NCCL Dev 0 IbDev 0 Port 1 qp_num 46122 mtu 5 GID 6 (0/164A8C0FFFF0000) ctsFifoRkey=0x17f2af ctsFifoLkey=0x17f2af
spark-5fa1:62:73 [0] NCCL INFO NET/IB: ncclIbConnectImpl: IbDev 0 Port 1 qp_num 46122 query_ece={supported=1, vendor_id=0x15b3, options=0x30000002, comp_mask=0x0}
spark-5fa1:62:73 [0] NCCL INFO NET/IB: ncclIbConnectImpl: NCCL Dev 0 IbDev 0 Port 1 qp_num 46123 mtu 5 GID 6 (0/164A8C0FFFF0000) ctsFifoRkey=0x17f2af ctsFifoLkey=0x17f2af
spark-5fa1:62:73 [0] NCCL INFO NET/IB: ncclIbConnectImpl: IbDev 0 Port 1 qp_num 46123 query_ece={supported=1, vendor_id=0x15b3, options=0x30000002, comp_mask=0x0}
spark-5fa1:62:73 [0] NCCL INFO NET/IB: Subnet-aware routing: overriding dev 5 with dev 2
spark-5fa1:62:73 [0] NCCL INFO NET/IB: ncclIbResiliencyInit: Resiliency is disabled on the recv communicator (comm=0xff4a2c29d000)
spark-5fa1:62:73 [0] NCCL INFO NET/IB: ncclIbRecvCommInit: Receive work requests will be posted on-demand
spark-5fa1:62:73 [0] NCCL INFO NET/IB: Subnet-aware routing: overriding dev 4 with dev 1
spark-5fa1:62:73 [0] NCCL INFO NET/IB: ncclIbReceiverQpsCreateToRts: QP created: port=1 dev=1 devName=rocep1s0f1 ndevs=4 nmdevs=6 qp_num=41035 pkey=0 pd=0xff4a3c245f40 oooRq=0
spark-5fa1:62:73 [0] NCCL INFO NET/IB: ncclIbReceiverQpsCreateToRts: QP created: port=1 dev=1 devName=rocep1s0f1 ndevs=4 nmdevs=6 qp_num=41036 pkey=0 pd=0xff4a3c245f40 oooRq=0
spark-5fa1:62:73 [0] NCCL INFO NET/IB: ncclIbReceiverQpsCreateToRts: Flush QP created: port=1 dev=1 devName=rocep1s0f1 ndevs=4 nmdevs=6 qp_num=41037 pkey=0 pd=0xff4a3c245f40
spark-5fa1:62:73 [0] NCCL INFO NET/IB: Subnet-aware routing: overriding dev 4 with dev 0
spark-5fa1:62:73 [0] NCCL INFO NET/IB: Subnet-aware routing: overriding dev 5 with dev 2
spark-5fa1:62:73 [0] NCCL INFO NET/IB: Subnet-aware routing: overriding dev 4 with dev 0
spark-5fa1:62:73 [0] NCCL INFO NET/IB: ncclIbResiliencyInit: Resiliency is disabled on the send communicator (comm=0xff4a2c362000)
spark-5fa1:62:73 [0] NCCL INFO NET/IB: Subnet-aware routing: overriding dev 4 with dev 0
spark-5fa1:62:73 [0] NCCL INFO NET/IB: Subnet-aware routing: overriding dev 5 with dev 2
spark-5fa1:62:73 [0] NCCL INFO NET/IB: Subnet-aware routing: overriding dev 4 with dev 0
spark-5fa1:62:73 [0] NCCL INFO NET/IB: ncclIbResiliencyInit: Resiliency is disabled on the recv communicator (comm=0xff4a2c3a6000)
spark-5fa1:62:73 [0] NCCL INFO NET/IB: ncclIbRecvCommInit: Receive work requests will be posted on-demand
spark-5fa1:62:73 [0] NCCL INFO NET/IB: Subnet-aware routing: overriding dev 4 with dev 0
spark-5fa1:62:73 [0] NCCL INFO NET/IB: Subnet-aware routing: overriding dev 5 with dev 2
spark-5fa1:62:73 [0] NCCL INFO NET/IB: Subnet-aware routing: overriding dev 4 with dev 0
spark-5fa1:62:73 [0] NCCL INFO NET/IB: Subnet-aware routing: overriding dev 5 with dev 2
spark-5fa1:62:73 [0] NCCL INFO NET/IB: ncclIbResiliencyInit: Resiliency is disabled on the send communicator (comm=0xff4a2c3ee000)
spark-5fa1:62:73 [0] NCCL INFO NET/IB: Subnet-aware routing: overriding dev 4 with dev 0
spark-5fa1:62:73 [0] NCCL INFO NET/IB: Subnet-aware routing: overriding dev 5 with dev 2
spark-5fa1:62:73 [0] NCCL INFO NET/IB: ncclIbSenderQpsCreate: QP created: port=1 dev=2 devName=roceP2p1s0f0 ndevs=4 nmdevs=6 qp_num=2344 pkey=0 pd=0xff4a3c242900 oooRq=0
spark-5fa1:62:73 [0] NCCL INFO NET/IB: ncclIbSenderQpsCreate: QP created: port=1 dev=2 devName=roceP2p1s0f0 ndevs=4 nmdevs=6 qp_num=2345 pkey=0 pd=0xff4a3c242900 oooRq=0
spark-5fa1:62:73 [0] NCCL INFO NET/IB: ncclIbConnectImpl: NCCL Dev 2 IbDev 2 Port 1 qp_num 2344 mtu 5 GID 3 (0/16EA8C0FFFF0000) ctsFifoRkey=0x198381 ctsFifoLkey=0x198381
spark-5fa1:62:73 [0] NCCL INFO NET/IB: ncclIbConnectImpl: IbDev 2 Port 1 qp_num 2344 query_ece={supported=1, vendor_id=0x15b3, options=0x30000002, comp_mask=0x0}
spark-5fa1:62:73 [0] NCCL INFO NET/IB: ncclIbConnectImpl: NCCL Dev 2 IbDev 2 Port 1 qp_num 2345 mtu 5 GID 3 (0/16EA8C0FFFF0000) ctsFifoRkey=0x198381 ctsFifoLkey=0x198381
spark-5fa1:62:73 [0] NCCL INFO NET/IB: ncclIbConnectImpl: IbDev 2 Port 1 qp_num 2345 query_ece={supported=1, vendor_id=0x15b3, options=0x30000002, comp_mask=0x0}
spark-5fa1:62:73 [0] NCCL INFO NET/IB: Subnet-aware routing: overriding dev 4 with dev 0
spark-5fa1:62:73 [0] NCCL INFO NET/IB: Subnet-aware routing: overriding dev 5 with dev 2
spark-5fa1:62:73 [0] NCCL INFO NET/IB: ncclIbResiliencyInit: Resiliency is disabled on the recv communicator (comm=0xff4a2c489000)
spark-5fa1:62:73 [0] NCCL INFO NET/IB: ncclIbRecvCommInit: Receive work requests will be posted on-demand
spark-5fa1:62:73 [0] NCCL INFO NET/IB: Subnet-aware routing: overriding dev 4 with dev 0
spark-5fa1:62:73 [0] NCCL INFO NET/IB: ncclIbSenderQpsToRts: Set ECE: IbDev 0 Port 1 qp_num 46122 set_ece={supported=1, vendor_id=0x15b3, options=0x30000002, comp_mask=0x0}
spark-5fa1:62:73 [0] NCCL INFO NET/IB: ncclIbSenderQpsToRts: Set ECE: IbDev 0 Port 1 qp_num 46123 set_ece={supported=1, vendor_id=0x15b3, options=0x30000002, comp_mask=0x0}
spark-5fa1:62:73 [0] NCCL INFO NET/IB: Subnet-aware routing: overriding dev 4 with dev 1
spark-5fa1:62:73 [0] NCCL INFO NET/IB: ncclIbReceiverQpsCreateToRts: QP created: port=1 dev=1 devName=rocep1s0f1 ndevs=4 nmdevs=6 qp_num=41038 pkey=0 pd=0xff4a3c245f40 oooRq=0
spark-5fa1:62:73 [0] NCCL INFO NET/IB: ncclIbReceiverQpsCreateToRts: QP created: port=1 dev=1 devName=rocep1s0f1 ndevs=4 nmdevs=6 qp_num=41039 pkey=0 pd=0xff4a3c245f40 oooRq=0
spark-5fa1:62:73 [0] NCCL INFO NET/IB: ncclIbReceiverQpsCreateToRts: Flush QP created: port=1 dev=1 devName=rocep1s0f1 ndevs=4 nmdevs=6 qp_num=41040 pkey=0 pd=0xff4a3c245f40
spark-5fa1:62:73 [0] NCCL INFO NET/IB: Subnet-aware routing: overriding dev 5 with dev 2
spark-5fa1:62:73 [0] NCCL INFO NET/IB: ncclIbSenderQpsToRts: Set ECE: IbDev 2 Port 1 qp_num 2344 set_ece={supported=1, vendor_id=0x15b3, options=0x30000002, comp_mask=0x0}
spark-5fa1:62:73 [0] NCCL INFO NET/IB: ncclIbSenderQpsToRts: Set ECE: IbDev 2 Port 1 qp_num 2345 set_ece={supported=1, vendor_id=0x15b3, options=0x30000002, comp_mask=0x0}
spark-5fa1:62:73 [0] NCCL INFO NET/IB: Subnet-aware routing: overriding dev 4 with dev 0
spark-5fa1:62:73 [0] NCCL INFO NET/IB: ncclIbSenderQpsCreate: QP created: port=1 dev=0 devName=rocep1s0f0 ndevs=4 nmdevs=6 qp_num=46124 pkey=0 pd=0xff4a3c07dd30 oooRq=0
spark-5fa1:62:73 [0] NCCL INFO NET/IB: ncclIbSenderQpsCreate: QP created: port=1 dev=0 devName=rocep1s0f0 ndevs=4 nmdevs=6 qp_num=46125 pkey=0 pd=0xff4a3c07dd30 oooRq=0
spark-5fa1:62:73 [0] NCCL INFO NET/IB: ncclIbConnectImpl: NCCL Dev 0 IbDev 0 Port 1 qp_num 46124 mtu 5 GID 6 (0/164A8C0FFFF0000) ctsFifoRkey=0x1601bf ctsFifoLkey=0x1601bf
spark-5fa1:62:73 [0] NCCL INFO NET/IB: ncclIbConnectImpl: IbDev 0 Port 1 qp_num 46124 query_ece={supported=1, vendor_id=0x15b3, options=0x30000002, comp_mask=0x0}
spark-5fa1:62:73 [0] NCCL INFO NET/IB: ncclIbConnectImpl: NCCL Dev 0 IbDev 0 Port 1 qp_num 46125 mtu 5 GID 6 (0/164A8C0FFFF0000) ctsFifoRkey=0x1601bf ctsFifoLkey=0x1601bf
spark-5fa1:62:73 [0] NCCL INFO NET/IB: ncclIbConnectImpl: IbDev 0 Port 1 qp_num 46125 query_ece={supported=1, vendor_id=0x15b3, options=0x30000002, comp_mask=0x0}
spark-5fa1:62:73 [0] NCCL INFO NET/IB: Subnet-aware routing: overriding dev 5 with dev 2
spark-5fa1:62:73 [0] NCCL INFO NET/IB: Subnet-aware routing: overriding dev 4 with dev 0
spark-5fa1:62:73 [0] NCCL INFO NET/IB: ncclIbResiliencyInit: Resiliency is disabled on the send communicator (comm=0xff4a2c5a2000)
spark-5fa1:62:73 [0] NCCL INFO NET/IB: Subnet-aware routing: overriding dev 5 with dev 3
spark-5fa1:62:73 [0] NCCL INFO NET/IB: ncclIbReceiverQpsCreateToRts: QP created: port=1 dev=3 devName=roceP2p1s0f1 ndevs=4 nmdevs=6 qp_num=2320 pkey=0 pd=0xff4a3c3de9d0 oooRq=0
spark-5fa1:62:73 [0] NCCL INFO NET/IB: ncclIbReceiverQpsCreateToRts: QP created: port=1 dev=3 devName=roceP2p1s0f1 ndevs=4 nmdevs=6 qp_num=2321 pkey=0 pd=0xff4a3c3de9d0 oooRq=0
spark-5fa1:62:73 [0] NCCL INFO NET/IB: ncclIbReceiverQpsCreateToRts: Flush QP created: port=1 dev=3 devName=roceP2p1s0f1 ndevs=4 nmdevs=6 qp_num=2322 pkey=0 pd=0xff4a3c3de9d0
spark-5fa1:62:73 [0] NCCL INFO NET/IB: Subnet-aware routing: overriding dev 4 with dev 0
spark-5fa1:62:73 [0] NCCL INFO NET/IB: ncclIbSenderQpsToRts: Set ECE: IbDev 0 Port 1 qp_num 46124 set_ece={supported=1, vendor_id=0x15b3, options=0x30000002, comp_mask=0x0}
spark-5fa1:62:73 [0] NCCL INFO NET/IB: ncclIbSenderQpsToRts: Set ECE: IbDev 0 Port 1 qp_num 46125 set_ece={supported=1, vendor_id=0x15b3, options=0x30000002, comp_mask=0x0}
spark-5fa1:62:73 [0] NCCL INFO NET/IB: Subnet-aware routing: overriding dev 5 with dev 2
spark-5fa1:62:73 [0] NCCL INFO NET/IB: ncclIbSenderQpsCreate: QP created: port=1 dev=2 devName=roceP2p1s0f0 ndevs=4 nmdevs=6 qp_num=2346 pkey=0 pd=0xff4a3c242900 oooRq=0
spark-5fa1:62:73 [0] NCCL INFO NET/IB: ncclIbSenderQpsCreate: QP created: port=1 dev=2 devName=roceP2p1s0f0 ndevs=4 nmdevs=6 qp_num=2347 pkey=0 pd=0xff4a3c242900 oooRq=0
spark-5fa1:62:73 [0] NCCL INFO NET/IB: ncclIbConnectImpl: NCCL Dev 2 IbDev 2 Port 1 qp_num 2346 mtu 5 GID 3 (0/16EA8C0FFFF0000) ctsFifoRkey=0x188e8c ctsFifoLkey=0x188e8c
spark-5fa1:62:73 [0] NCCL INFO NET/IB: ncclIbConnectImpl: IbDev 2 Port 1 qp_num 2346 query_ece={supported=1, vendor_id=0x15b3, options=0x30000002, comp_mask=0x0}
spark-5fa1:62:73 [0] NCCL INFO NET/IB: ncclIbConnectImpl: NCCL Dev 2 IbDev 2 Port 1 qp_num 2347 mtu 5 GID 3 (0/16EA8C0FFFF0000) ctsFifoRkey=0x188e8c ctsFifoLkey=0x188e8c
spark-5fa1:62:73 [0] NCCL INFO NET/IB: ncclIbConnectImpl: IbDev 2 Port 1 qp_num 2347 query_ece={supported=1, vendor_id=0x15b3, options=0x30000002, comp_mask=0x0}
spark-5fa1:62:73 [0] NCCL INFO NET/IB: Subnet-aware routing: overriding dev 4 with dev 0
spark-5fa1:62:73 [0] NCCL INFO NET/IB: ncclIbResiliencyInit: Resiliency is disabled on the recv communicator (comm=0xff4a2c6b6000)
spark-5fa1:62:73 [0] NCCL INFO NET/IB: ncclIbRecvCommInit: Receive work requests will be posted on-demand
spark-5fa1:62:73 [0] NCCL INFO NET/IB: Subnet-aware routing: overriding dev 5 with dev 2
spark-5fa1:62:73 [0] NCCL INFO NET/IB: Subnet-aware routing: overriding dev 4 with dev 0
spark-5fa1:62:73 [0] NCCL INFO NET/IB: Subnet-aware routing: overriding dev 5 with dev 2
spark-5fa1:62:73 [0] NCCL INFO NET/IB: ncclIbResiliencyInit: Resiliency is disabled on the send communicator (comm=0xff4a2c6fe000)
spark-5fa1:62:73 [0] NCCL INFO NET/IB: Subnet-aware routing: overriding dev 5 with dev 2
spark-5fa1:62:73 [0] NCCL INFO NET/IB: Subnet-aware routing: overriding dev 4 with dev 0
spark-5fa1:62:73 [0] NCCL INFO NET/IB: Subnet-aware routing: overriding dev 5 with dev 2
spark-5fa1:62:73 [0] NCCL INFO NET/IB: ncclIbResiliencyInit: Resiliency is disabled on the recv communicator (comm=0xff4a2c742000)
spark-5fa1:62:73 [0] NCCL INFO NET/IB: ncclIbRecvCommInit: Receive work requests will be posted on-demand
spark-5fa1:62:73 [0] NCCL INFO NET/IB: Subnet-aware routing: overriding dev 5 with dev 2
spark-5fa1:62:73 [0] NCCL INFO NET/IB: Subnet-aware routing: overriding dev 4 with dev 0
spark-5fa1:62:73 [0] NCCL INFO NET/IB: Subnet-aware routing: overriding dev 5 with dev 2
spark-5fa1:62:73 [0] NCCL INFO NET/IB: Subnet-aware routing: overriding dev 4 with dev 0
spark-5fa1:62:73 [0] NCCL INFO NET/IB: ncclIbResiliencyInit: Resiliency is disabled on the send communicator (comm=0xff4a2c78a000)
spark-5fa1:62:73 [0] NCCL INFO NET/IB: Subnet-aware routing: overriding dev 4 with dev 1
spark-5fa1:62:73 [0] NCCL INFO NET/IB: ncclIbReceiverQpsCreateToRts: QP created: port=1 dev=1 devName=rocep1s0f1 ndevs=4 nmdevs=6 qp_num=41041 pkey=0 pd=0xff4a3c245f40 oooRq=0
spark-5fa1:62:73 [0] NCCL INFO NET/IB: ncclIbReceiverQpsCreateToRts: QP created: port=1 dev=1 devName=rocep1s0f1 ndevs=4 nmdevs=6 qp_num=41042 pkey=0 pd=0xff4a3c245f40 oooRq=0
spark-5fa1:62:73 [0] NCCL INFO NET/IB: ncclIbReceiverQpsCreateToRts: Flush QP created: port=1 dev=1 devName=rocep1s0f1 ndevs=4 nmdevs=6 qp_num=41043 pkey=0 pd=0xff4a3c245f40
spark-5fa1:62:73 [0] NCCL INFO NET/IB: Subnet-aware routing: overriding dev 5 with dev 2
spark-5fa1:62:73 [0] NCCL INFO NET/IB: ncclIbSenderQpsToRts: Set ECE: IbDev 2 Port 1 qp_num 2346 set_ece={supported=1, vendor_id=0x15b3, options=0x30000002, comp_mask=0x0}
spark-5fa1:62:73 [0] NCCL INFO NET/IB: ncclIbSenderQpsToRts: Set ECE: IbDev 2 Port 1 qp_num 2347 set_ece={supported=1, vendor_id=0x15b3, options=0x30000002, comp_mask=0x0}
spark-5fa1:62:73 [0] NCCL INFO NET/IB: Subnet-aware routing: overriding dev 5 with dev 3
spark-5fa1:62:73 [0] NCCL INFO NET/IB: ncclIbReceiverQpsCreateToRts: QP created: port=1 dev=3 devName=roceP2p1s0f1 ndevs=4 nmdevs=6 qp_num=2323 pkey=0 pd=0xff4a3c3de9d0 oooRq=0
spark-5fa1:62:73 [0] NCCL INFO NET/IB: ncclIbReceiverQpsCreateToRts: QP created: port=1 dev=3 devName=roceP2p1s0f1 ndevs=4 nmdevs=6 qp_num=2324 pkey=0 pd=0xff4a3c3de9d0 oooRq=0
spark-5fa1:62:73 [0] NCCL INFO NET/IB: ncclIbReceiverQpsCreateToRts: Flush QP created: port=1 dev=3 devName=roceP2p1s0f1 ndevs=4 nmdevs=6 qp_num=2325 pkey=0 pd=0xff4a3c3de9d0
spark-5fa1:62:73 [0] NCCL INFO NET/IB: Subnet-aware routing: overriding dev 4 with dev 0
spark-5fa1:62:73 [0] NCCL INFO NET/IB: ncclIbSenderQpsCreate: QP created: port=1 dev=0 devName=rocep1s0f0 ndevs=4 nmdevs=6 qp_num=46126 pkey=0 pd=0xff4a3c07dd30 oooRq=0
spark-5fa1:62:73 [0] NCCL INFO NET/IB: ncclIbSenderQpsCreate: QP created: port=1 dev=0 devName=rocep1s0f0 ndevs=4 nmdevs=6 qp_num=46127 pkey=0 pd=0xff4a3c07dd30 oooRq=0
spark-5fa1:62:73 [0] NCCL INFO NET/IB: ncclIbConnectImpl: NCCL Dev 0 IbDev 0 Port 1 qp_num 46126 mtu 5 GID 6 (0/164A8C0FFFF0000) ctsFifoRkey=0x1730ed ctsFifoLkey=0x1730ed
spark-5fa1:62:73 [0] NCCL INFO NET/IB: ncclIbConnectImpl: IbDev 0 Port 1 qp_num 46126 query_ece={supported=1, vendor_id=0x15b3, options=0x30000002, comp_mask=0x0}
spark-5fa1:62:73 [0] NCCL INFO NET/IB: ncclIbConnectImpl: NCCL Dev 0 IbDev 0 Port 1 qp_num 46127 mtu 5 GID 6 (0/164A8C0FFFF0000) ctsFifoRkey=0x1730ed ctsFifoLkey=0x1730ed
spark-5fa1:62:73 [0] NCCL INFO NET/IB: ncclIbConnectImpl: IbDev 0 Port 1 qp_num 46127 query_ece={supported=1, vendor_id=0x15b3, options=0x30000002, comp_mask=0x0}
spark-5fa1:62:73 [0] NCCL INFO NET/IB: Subnet-aware routing: overriding dev 5 with dev 2
spark-5fa1:62:73 [0] NCCL INFO NET/IB: ncclIbSenderQpsCreate: QP created: port=1 dev=2 devName=roceP2p1s0f0 ndevs=4 nmdevs=6 qp_num=2348 pkey=0 pd=0xff4a3c242900 oooRq=0
spark-5fa1:62:73 [0] NCCL INFO NET/IB: ncclIbSenderQpsCreate: QP created: port=1 dev=2 devName=roceP2p1s0f0 ndevs=4 nmdevs=6 qp_num=2349 pkey=0 pd=0xff4a3c242900 oooRq=0
spark-5fa1:62:73 [0] NCCL INFO NET/IB: ncclIbConnectImpl: NCCL Dev 2 IbDev 2 Port 1 qp_num 2348 mtu 5 GID 3 (0/16EA8C0FFFF0000) ctsFifoRkey=0x189a98 ctsFifoLkey=0x189a98
spark-5fa1:62:73 [0] NCCL INFO NET/IB: ncclIbConnectImpl: IbDev 2 Port 1 qp_num 2348 query_ece={supported=1, vendor_id=0x15b3, options=0x30000002, comp_mask=0x0}
spark-5fa1:62:73 [0] NCCL INFO NET/IB: ncclIbConnectImpl: NCCL Dev 2 IbDev 2 Port 1 qp_num 2349 mtu 5 GID 3 (0/16EA8C0FFFF0000) ctsFifoRkey=0x189a98 ctsFifoLkey=0x189a98
spark-5fa1:62:73 [0] NCCL INFO NET/IB: ncclIbConnectImpl: IbDev 2 Port 1 qp_num 2349 query_ece={supported=1, vendor_id=0x15b3, options=0x30000002, comp_mask=0x0}
spark-5fa1:62:73 [0] NCCL INFO NET/IB: Subnet-aware routing: overriding dev 4 with dev 0
spark-5fa1:62:73 [0] NCCL INFO NET/IB: ncclIbResiliencyInit: Resiliency is disabled on the recv communicator (comm=0xff4a2c976000)
spark-5fa1:62:73 [0] NCCL INFO NET/IB: ncclIbRecvCommInit: Receive work requests will be posted on-demand
spark-5fa1:62:73 [0] NCCL INFO NET/IB: Subnet-aware routing: overriding dev 4 with dev 0
spark-5fa1:62:73 [0] NCCL INFO NET/IB: Subnet-aware routing: overriding dev 5 with dev 2
spark-5fa1:62:73 [0] NCCL INFO NET/IB: Subnet-aware routing: overriding dev 4 with dev 0
spark-5fa1:62:73 [0] NCCL INFO NET/IB: Subnet-aware routing: overriding dev 5 with dev 2
spark-5fa1:62:73 [0] NCCL INFO NET/IB: ncclIbResiliencyInit: Resiliency is disabled on the send communicator (comm=0xff4a2c9be000)
spark-5fa1:62:73 [0] NCCL INFO NET/IB: Subnet-aware routing: overriding dev 4 with dev 0
spark-5fa1:62:73 [0] NCCL INFO NET/IB: ncclIbSenderQpsToRts: Set ECE: IbDev 0 Port 1 qp_num 46126 set_ece={supported=1, vendor_id=0x15b3, options=0x30000002, comp_mask=0x0}
spark-5fa1:62:73 [0] NCCL INFO NET/IB: ncclIbSenderQpsToRts: Set ECE: IbDev 0 Port 1 qp_num 46127 set_ece={supported=1, vendor_id=0x15b3, options=0x30000002, comp_mask=0x0}
spark-5fa1:62:73 [0] NCCL INFO NET/IB: Subnet-aware routing: overriding dev 5 with dev 2
spark-5fa1:62:73 [0] NCCL INFO NET/IB: ncclIbSenderQpsToRts: Set ECE: IbDev 2 Port 1 qp_num 2348 set_ece={supported=1, vendor_id=0x15b3, options=0x30000002, comp_mask=0x0}
spark-5fa1:62:73 [0] NCCL INFO NET/IB: ncclIbSenderQpsToRts: Set ECE: IbDev 2 Port 1 qp_num 2349 set_ece={supported=1, vendor_id=0x15b3, options=0x30000002, comp_mask=0x0}
spark-5fa1:62:73 [0] NCCL INFO NET/IB: Subnet-aware routing: overriding dev 4 with dev 0
spark-5fa1:62:73 [0] NCCL INFO NET/IB: Subnet-aware routing: overriding dev 5 with dev 2
spark-5fa1:62:73 [0] NCCL INFO NET/IB: ncclIbResiliencyInit: Resiliency is disabled on the recv communicator (comm=0xff4a2ca02000)
spark-5fa1:62:73 [0] NCCL INFO NET/IB: ncclIbRecvCommInit: Receive work requests will be posted on-demand
spark-5fa1:62:73 [0] NCCL INFO NET/IB: Subnet-aware routing: overriding dev 4 with dev 1
spark-5fa1:62:73 [0] NCCL INFO NET/IB: ncclIbReceiverQpsCreateToRts: QP created: port=1 dev=1 devName=rocep1s0f1 ndevs=4 nmdevs=6 qp_num=41044 pkey=0 pd=0xff4a3c245f40 oooRq=0
spark-5fa1:62:73 [0] NCCL INFO NET/IB: ncclIbReceiverQpsCreateToRts: QP created: port=1 dev=1 devName=rocep1s0f1 ndevs=4 nmdevs=6 qp_num=41045 pkey=0 pd=0xff4a3c245f40 oooRq=0
spark-5fa1:62:73 [0] NCCL INFO NET/IB: ncclIbReceiverQpsCreateToRts: Flush QP created: port=1 dev=1 devName=rocep1s0f1 ndevs=4 nmdevs=6 qp_num=41046 pkey=0 pd=0xff4a3c245f40
spark-5fa1:62:73 [0] NCCL INFO NET/IB: Subnet-aware routing: overriding dev 4 with dev 0
spark-5fa1:62:73 [0] NCCL INFO NET/IB: Subnet-aware routing: overriding dev 5 with dev 2
spark-5fa1:62:73 [0] NCCL INFO NET/IB: Subnet-aware routing: overriding dev 4 with dev 0
spark-5fa1:62:73 [0] NCCL INFO NET/IB: ncclIbResiliencyInit: Resiliency is disabled on the send communicator (comm=0xff4a2cabf000)
spark-5fa1:62:73 [0] NCCL INFO NET/IB: Subnet-aware routing: overriding dev 4 with dev 0
spark-5fa1:62:73 [0] NCCL INFO NET/IB: ncclIbSenderQpsCreate: QP created: port=1 dev=0 devName=rocep1s0f0 ndevs=4 nmdevs=6 qp_num=46128 pkey=0 pd=0xff4a3c07dd30 oooRq=0
spark-5fa1:62:73 [0] NCCL INFO NET/IB: ncclIbSenderQpsCreate: QP created: port=1 dev=0 devName=rocep1s0f0 ndevs=4 nmdevs=6 qp_num=46129 pkey=0 pd=0xff4a3c07dd30 oooRq=0
spark-5fa1:62:73 [0] NCCL INFO NET/IB: ncclIbConnectImpl: NCCL Dev 0 IbDev 0 Port 1 qp_num 46128 mtu 5 GID 6 (0/164A8C0FFFF0000) ctsFifoRkey=0x1727e4 ctsFifoLkey=0x1727e4
spark-5fa1:62:73 [0] NCCL INFO NET/IB: ncclIbConnectImpl: IbDev 0 Port 1 qp_num 46128 query_ece={supported=1, vendor_id=0x15b3, options=0x30000002, comp_mask=0x0}
spark-5fa1:62:73 [0] NCCL INFO NET/IB: ncclIbConnectImpl: NCCL Dev 0 IbDev 0 Port 1 qp_num 46129 mtu 5 GID 6 (0/164A8C0FFFF0000) ctsFifoRkey=0x1727e4 ctsFifoLkey=0x1727e4
spark-5fa1:62:73 [0] NCCL INFO NET/IB: ncclIbConnectImpl: IbDev 0 Port 1 qp_num 46129 query_ece={supported=1, vendor_id=0x15b3, options=0x30000002, comp_mask=0x0}
spark-5fa1:62:73 [0] NCCL INFO NET/IB: Subnet-aware routing: overriding dev 5 with dev 2
spark-5fa1:62:73 [0] NCCL INFO NET/IB: Subnet-aware routing: overriding dev 4 with dev 0
spark-5fa1:62:73 [0] NCCL INFO NET/IB: ncclIbResiliencyInit: Resiliency is disabled on the recv communicator (comm=0xff4a2cb5c000)
spark-5fa1:62:73 [0] NCCL INFO NET/IB: ncclIbRecvCommInit: Receive work requests will be posted on-demand
spark-5fa1:62:73 [0] NCCL INFO NET/IB: Subnet-aware routing: overriding dev 5 with dev 3
spark-5fa1:62:73 [0] NCCL INFO NET/IB: ncclIbReceiverQpsCreateToRts: QP created: port=1 dev=3 devName=roceP2p1s0f1 ndevs=4 nmdevs=6 qp_num=2326 pkey=0 pd=0xff4a3c3de9d0 oooRq=0
spark-5fa1:62:73 [0] NCCL INFO NET/IB: ncclIbReceiverQpsCreateToRts: QP created: port=1 dev=3 devName=roceP2p1s0f1 ndevs=4 nmdevs=6 qp_num=2327 pkey=0 pd=0xff4a3c3de9d0 oooRq=0
spark-5fa1:62:73 [0] NCCL INFO NET/IB: ncclIbReceiverQpsCreateToRts: Flush QP created: port=1 dev=3 devName=roceP2p1s0f1 ndevs=4 nmdevs=6 qp_num=2328 pkey=0 pd=0xff4a3c3de9d0
spark-5fa1:62:73 [0] NCCL INFO NET/IB: Subnet-aware routing: overriding dev 4 with dev 0
spark-5fa1:62:73 [0] NCCL INFO NET/IB: Subnet-aware routing: overriding dev 5 with dev 2
spark-5fa1:62:73 [0] NCCL INFO NET/IB: Subnet-aware routing: overriding dev 4 with dev 0
spark-5fa1:62:73 [0] NCCL INFO NET/IB: Subnet-aware routing: overriding dev 5 with dev 2
spark-5fa1:62:73 [0] NCCL INFO NET/IB: ncclIbResiliencyInit: Resiliency is disabled on the send communicator (comm=0xff4a2cc21000)
spark-5fa1:62:73 [0] NCCL INFO NET/IB: Subnet-aware routing: overriding dev 4 with dev 0
spark-5fa1:62:73 [0] NCCL INFO NET/IB: Subnet-aware routing: overriding dev 5 with dev 2
spark-5fa1:62:73 [0] NCCL INFO NET/IB: Subnet-aware routing: overriding dev 4 with dev 0
spark-5fa1:62:73 [0] NCCL INFO NET/IB: Subnet-aware routing: overriding dev 5 with dev 2
spark-5fa1:62:73 [0] NCCL INFO NET/IB: ncclIbResiliencyInit: Resiliency is disabled on the recv communicator (comm=0xff4a2cc65000)
spark-5fa1:62:73 [0] NCCL INFO NET/IB: ncclIbRecvCommInit: Receive work requests will be posted on-demand
spark-5fa1:62:73 [0] NCCL INFO NET/IB: Subnet-aware routing: overriding dev 4 with dev 0
spark-5fa1:62:73 [0] NCCL INFO NET/IB: Subnet-aware routing: overriding dev 5 with dev 2
spark-5fa1:62:73 [0] NCCL INFO NET/IB: Subnet-aware routing: overriding dev 4 with dev 0
spark-5fa1:62:73 [0] NCCL INFO NET/IB: Subnet-aware routing: overriding dev 5 with dev 2
spark-5fa1:62:73 [0] NCCL INFO NET/IB: Subnet-aware routing: overriding dev 4 with dev 0
spark-5fa1:62:73 [0] NCCL INFO NET/IB: ncclIbResiliencyInit: Resiliency is disabled on the send communicator (comm=0xff4a2ccad000)
spark-5fa1:62:73 [0] NCCL INFO NET/IB: Subnet-aware routing: overriding dev 4 with dev 0
spark-5fa1:62:73 [0] NCCL INFO NET/IB: ncclIbSenderQpsToRts: Set ECE: IbDev 0 Port 1 qp_num 46128 set_ece={supported=1, vendor_id=0x15b3, options=0x30000002, comp_mask=0x0}
spark-5fa1:62:73 [0] NCCL INFO NET/IB: ncclIbSenderQpsToRts: Set ECE: IbDev 0 Port 1 qp_num 46129 set_ece={supported=1, vendor_id=0x15b3, options=0x30000002, comp_mask=0x0}
spark-5fa1:62:73 [0] NCCL INFO NET/IB: Subnet-aware routing: overriding dev 4 with dev 1
spark-5fa1:62:73 [0] NCCL INFO NET/IB: ncclIbReceiverQpsCreateToRts: QP created: port=1 dev=1 devName=rocep1s0f1 ndevs=4 nmdevs=6 qp_num=41047 pkey=0 pd=0xff4a3c245f40 oooRq=0
spark-5fa1:62:73 [0] NCCL INFO NET/IB: ncclIbReceiverQpsCreateToRts: QP created: port=1 dev=1 devName=rocep1s0f1 ndevs=4 nmdevs=6 qp_num=41048 pkey=0 pd=0xff4a3c245f40 oooRq=0
spark-5fa1:62:73 [0] NCCL INFO NET/IB: ncclIbReceiverQpsCreateToRts: Flush QP created: port=1 dev=1 devName=rocep1s0f1 ndevs=4 nmdevs=6 qp_num=41049 pkey=0 pd=0xff4a3c245f40
spark-5fa1:62:73 [0] NCCL INFO NET/IB: Subnet-aware routing: overriding dev 5 with dev 2
spark-5fa1:62:73 [0] NCCL INFO NET/IB: ncclIbSenderQpsCreate: QP created: port=1 dev=2 devName=roceP2p1s0f0 ndevs=4 nmdevs=6 qp_num=2350 pkey=0 pd=0xff4a3c242900 oooRq=0
spark-5fa1:62:73 [0] NCCL INFO NET/IB: ncclIbSenderQpsCreate: QP created: port=1 dev=2 devName=roceP2p1s0f0 ndevs=4 nmdevs=6 qp_num=2351 pkey=0 pd=0xff4a3c242900 oooRq=0
spark-5fa1:62:73 [0] NCCL INFO NET/IB: ncclIbConnectImpl: NCCL Dev 2 IbDev 2 Port 1 qp_num 2350 mtu 5 GID 3 (0/16EA8C0FFFF0000) ctsFifoRkey=0x182e2d ctsFifoLkey=0x182e2d
spark-5fa1:62:73 [0] NCCL INFO NET/IB: ncclIbConnectImpl: IbDev 2 Port 1 qp_num 2350 query_ece={supported=1, vendor_id=0x15b3, options=0x30000002, comp_mask=0x0}
spark-5fa1:62:73 [0] NCCL INFO NET/IB: ncclIbConnectImpl: NCCL Dev 2 IbDev 2 Port 1 qp_num 2351 mtu 5 GID 3 (0/16EA8C0FFFF0000) ctsFifoRkey=0x182e2d ctsFifoLkey=0x182e2d
spark-5fa1:62:73 [0] NCCL INFO NET/IB: ncclIbConnectImpl: IbDev 2 Port 1 qp_num 2351 query_ece={supported=1, vendor_id=0x15b3, options=0x30000002, comp_mask=0x0}
spark-5fa1:62:73 [0] NCCL INFO NET/IB: Subnet-aware routing: overriding dev 4 with dev 0
spark-5fa1:62:73 [0] NCCL INFO NET/IB: ncclIbSenderQpsCreate: QP created: port=1 dev=0 devName=rocep1s0f0 ndevs=4 nmdevs=6 qp_num=46130 pkey=0 pd=0xff4a3c07dd30 oooRq=0
spark-5fa1:62:73 [0] NCCL INFO NET/IB: ncclIbSenderQpsCreate: QP created: port=1 dev=0 devName=rocep1s0f0 ndevs=4 nmdevs=6 qp_num=46131 pkey=0 pd=0xff4a3c07dd30 oooRq=0
spark-5fa1:62:73 [0] NCCL INFO NET/IB: ncclIbConnectImpl: NCCL Dev 0 IbDev 0 Port 1 qp_num 46130 mtu 5 GID 6 (0/164A8C0FFFF0000) ctsFifoRkey=0x222c9b ctsFifoLkey=0x222c9b
spark-5fa1:62:73 [0] NCCL INFO NET/IB: ncclIbConnectImpl: IbDev 0 Port 1 qp_num 46130 query_ece={supported=1, vendor_id=0x15b3, options=0x30000002, comp_mask=0x0}
spark-5fa1:62:73 [0] NCCL INFO NET/IB: ncclIbConnectImpl: NCCL Dev 0 IbDev 0 Port 1 qp_num 46131 mtu 5 GID 6 (0/164A8C0FFFF0000) ctsFifoRkey=0x222c9b ctsFifoLkey=0x222c9b
spark-5fa1:62:73 [0] NCCL INFO NET/IB: ncclIbConnectImpl: IbDev 0 Port 1 qp_num 46131 query_ece={supported=1, vendor_id=0x15b3, options=0x30000002, comp_mask=0x0}
spark-5fa1:62:73 [0] NCCL INFO NET/IB: Subnet-aware routing: overriding dev 5 with dev 2
spark-5fa1:62:73 [0] NCCL INFO NET/IB: ncclIbSenderQpsCreate: QP created: port=1 dev=2 devName=roceP2p1s0f0 ndevs=4 nmdevs=6 qp_num=2352 pkey=0 pd=0xff4a3c242900 oooRq=0
spark-5fa1:62:73 [0] NCCL INFO NET/IB: ncclIbSenderQpsCreate: QP created: port=1 dev=2 devName=roceP2p1s0f0 ndevs=4 nmdevs=6 qp_num=2353 pkey=0 pd=0xff4a3c242900 oooRq=0
spark-5fa1:62:73 [0] NCCL INFO NET/IB: ncclIbConnectImpl: NCCL Dev 2 IbDev 2 Port 1 qp_num 2352 mtu 5 GID 3 (0/16EA8C0FFFF0000) ctsFifoRkey=0x198c8b ctsFifoLkey=0x198c8b
spark-5fa1:62:73 [0] NCCL INFO NET/IB: ncclIbConnectImpl: IbDev 2 Port 1 qp_num 2352 query_ece={supported=1, vendor_id=0x15b3, options=0x30000002, comp_mask=0x0}
spark-5fa1:62:73 [0] NCCL INFO NET/IB: ncclIbConnectImpl: NCCL Dev 2 IbDev 2 Port 1 qp_num 2353 mtu 5 GID 3 (0/16EA8C0FFFF0000) ctsFifoRkey=0x198c8b ctsFifoLkey=0x198c8b
spark-5fa1:62:73 [0] NCCL INFO NET/IB: ncclIbConnectImpl: IbDev 2 Port 1 qp_num 2353 query_ece={supported=1, vendor_id=0x15b3, options=0x30000002, comp_mask=0x0}
spark-5fa1:62:73 [0] NCCL INFO NET/IB: Subnet-aware routing: overriding dev 4 with dev 0
spark-5fa1:62:73 [0] NCCL INFO NET/IB: ncclIbResiliencyInit: Resiliency is disabled on the recv communicator (comm=0xff4a2ce75000)
spark-5fa1:62:73 [0] NCCL INFO NET/IB: ncclIbRecvCommInit: Receive work requests will be posted on-demand
spark-5fa1:62:73 [0] NCCL INFO NET/IB: Subnet-aware routing: overriding dev 5 with dev 2
spark-5fa1:62:73 [0] NCCL INFO NET/IB: Subnet-aware routing: overriding dev 4 with dev 0
spark-5fa1:62:73 [0] NCCL INFO NET/IB: Subnet-aware routing: overriding dev 5 with dev 2
spark-5fa1:62:73 [0] NCCL INFO NET/IB: Subnet-aware routing: overriding dev 4 with dev 0
spark-5fa1:62:73 [0] NCCL INFO NET/IB: Subnet-aware routing: overriding dev 5 with dev 2
spark-5fa1:62:73 [0] NCCL INFO NET/IB: ncclIbResiliencyInit: Resiliency is disabled on the send communicator (comm=0xff4a2cebd000)
spark-5fa1:62:73 [0] NCCL INFO NET/IB: Subnet-aware routing: overriding dev 5 with dev 2
spark-5fa1:62:73 [0] NCCL INFO NET/IB: ncclIbSenderQpsToRts: Set ECE: IbDev 2 Port 1 qp_num 2350 set_ece={supported=1, vendor_id=0x15b3, options=0x30000002, comp_mask=0x0}
spark-5fa1:62:73 [0] NCCL INFO NET/IB: ncclIbSenderQpsToRts: Set ECE: IbDev 2 Port 1 qp_num 2351 set_ece={supported=1, vendor_id=0x15b3, options=0x30000002, comp_mask=0x0}
spark-5fa1:62:73 [0] NCCL INFO NET/IB: Subnet-aware routing: overriding dev 5 with dev 3
spark-5fa1:62:73 [0] NCCL INFO NET/IB: ncclIbReceiverQpsCreateToRts: QP created: port=1 dev=3 devName=roceP2p1s0f1 ndevs=4 nmdevs=6 qp_num=2329 pkey=0 pd=0xff4a3c3de9d0 oooRq=0
spark-5fa1:62:73 [0] NCCL INFO NET/IB: ncclIbReceiverQpsCreateToRts: QP created: port=1 dev=3 devName=roceP2p1s0f1 ndevs=4 nmdevs=6 qp_num=2330 pkey=0 pd=0xff4a3c3de9d0 oooRq=0
spark-5fa1:62:73 [0] NCCL INFO NET/IB: ncclIbReceiverQpsCreateToRts: Flush QP created: port=1 dev=3 devName=roceP2p1s0f1 ndevs=4 nmdevs=6 qp_num=2331 pkey=0 pd=0xff4a3c3de9d0
spark-5fa1:62:73 [0] NCCL INFO NET/IB: Subnet-aware routing: overriding dev 4 with dev 0
spark-5fa1:62:73 [0] NCCL INFO NET/IB: ncclIbSenderQpsToRts: Set ECE: IbDev 0 Port 1 qp_num 46130 set_ece={supported=1, vendor_id=0x15b3, options=0x30000002, comp_mask=0x0}
spark-5fa1:62:73 [0] NCCL INFO NET/IB: ncclIbSenderQpsToRts: Set ECE: IbDev 0 Port 1 qp_num 46131 set_ece={supported=1, vendor_id=0x15b3, options=0x30000002, comp_mask=0x0}
spark-5fa1:62:73 [0] NCCL INFO NET/IB: Subnet-aware routing: overriding dev 5 with dev 2
spark-5fa1:62:73 [0] NCCL INFO NET/IB: ncclIbSenderQpsToRts: Set ECE: IbDev 2 Port 1 qp_num 2352 set_ece={supported=1, vendor_id=0x15b3, options=0x30000002, comp_mask=0x0}
spark-5fa1:62:73 [0] NCCL INFO NET/IB: ncclIbSenderQpsToRts: Set ECE: IbDev 2 Port 1 qp_num 2353 set_ece={supported=1, vendor_id=0x15b3, options=0x30000002, comp_mask=0x0}
spark-5fa1:62:73 [0] NCCL INFO NET/IB: Subnet-aware routing: overriding dev 4 with dev 0
spark-5fa1:62:73 [0] NCCL INFO NET/IB: ncclIbSenderQpsCreate: QP created: port=1 dev=0 devName=rocep1s0f0 ndevs=4 nmdevs=6 qp_num=46132 pkey=0 pd=0xff4a3c07dd30 oooRq=0
spark-5fa1:62:73 [0] NCCL INFO NET/IB: ncclIbSenderQpsCreate: QP created: port=1 dev=0 devName=rocep1s0f0 ndevs=4 nmdevs=6 qp_num=46133 pkey=0 pd=0xff4a3c07dd30 oooRq=0
spark-5fa1:62:73 [0] NCCL INFO NET/IB: ncclIbConnectImpl: NCCL Dev 0 IbDev 0 Port 1 qp_num 46132 mtu 5 GID 6 (0/164A8C0FFFF0000) ctsFifoRkey=0x221f8e ctsFifoLkey=0x221f8e
spark-5fa1:62:73 [0] NCCL INFO NET/IB: ncclIbConnectImpl: IbDev 0 Port 1 qp_num 46132 query_ece={supported=1, vendor_id=0x15b3, options=0x30000002, comp_mask=0x0}
spark-5fa1:62:73 [0] NCCL INFO NET/IB: ncclIbConnectImpl: NCCL Dev 0 IbDev 0 Port 1 qp_num 46133 mtu 5 GID 6 (0/164A8C0FFFF0000) ctsFifoRkey=0x221f8e ctsFifoLkey=0x221f8e
spark-5fa1:62:73 [0] NCCL INFO NET/IB: ncclIbConnectImpl: IbDev 0 Port 1 qp_num 46133 query_ece={supported=1, vendor_id=0x15b3, options=0x30000002, comp_mask=0x0}
spark-5fa1:62:73 [0] NCCL INFO NET/IB: Subnet-aware routing: overriding dev 5 with dev 2
spark-5fa1:62:73 [0] NCCL INFO NET/IB: ncclIbResiliencyInit: Resiliency is disabled on the recv communicator (comm=0xff4a2cfcf000)
spark-5fa1:62:73 [0] NCCL INFO NET/IB: ncclIbRecvCommInit: Receive work requests will be posted on-demand
spark-5fa1:62:73 [0] NCCL INFO NET/IB: Subnet-aware routing: overriding dev 4 with dev 0
spark-5fa1:62:73 [0] NCCL INFO NET/IB: Subnet-aware routing: overriding dev 5 with dev 2
spark-5fa1:62:73 [0] NCCL INFO NET/IB: Subnet-aware routing: overriding dev 4 with dev 0
spark-5fa1:62:73 [0] NCCL INFO NET/IB: ncclIbResiliencyInit: Resiliency is disabled on the send communicator (comm=0xff4a2d017000)
spark-5fa1:62:73 [0] NCCL INFO NET/IB: Subnet-aware routing: overriding dev 4 with dev 1
spark-5fa1:62:73 [0] NCCL INFO NET/IB: ncclIbReceiverQpsCreateToRts: QP created: port=1 dev=1 devName=rocep1s0f1 ndevs=4 nmdevs=6 qp_num=41050 pkey=0 pd=0xff4a3c245f40 oooRq=0
spark-5fa1:62:73 [0] NCCL INFO NET/IB: ncclIbReceiverQpsCreateToRts: QP created: port=1 dev=1 devName=rocep1s0f1 ndevs=4 nmdevs=6 qp_num=41051 pkey=0 pd=0xff4a3c245f40 oooRq=0
spark-5fa1:62:73 [0] NCCL INFO NET/IB: ncclIbReceiverQpsCreateToRts: Flush QP created: port=1 dev=1 devName=rocep1s0f1 ndevs=4 nmdevs=6 qp_num=41052 pkey=0 pd=0xff4a3c245f40
spark-5fa1:62:73 [0] NCCL INFO NET/IB: Subnet-aware routing: overriding dev 5 with dev 3
spark-5fa1:62:73 [0] NCCL INFO NET/IB: ncclIbReceiverQpsCreateToRts: QP created: port=1 dev=3 devName=roceP2p1s0f1 ndevs=4 nmdevs=6 qp_num=2332 pkey=0 pd=0xff4a3c3de9d0 oooRq=0
spark-5fa1:62:73 [0] NCCL INFO NET/IB: ncclIbReceiverQpsCreateToRts: QP created: port=1 dev=3 devName=roceP2p1s0f1 ndevs=4 nmdevs=6 qp_num=2333 pkey=0 pd=0xff4a3c3de9d0 oooRq=0
spark-5fa1:62:73 [0] NCCL INFO NET/IB: ncclIbReceiverQpsCreateToRts: Flush QP created: port=1 dev=3 devName=roceP2p1s0f1 ndevs=4 nmdevs=6 qp_num=2334 pkey=0 pd=0xff4a3c3de9d0
spark-5fa1:62:73 [0] NCCL INFO NET/IB: Subnet-aware routing: overriding dev 4 with dev 0
spark-5fa1:62:73 [0] NCCL INFO NET/IB: ncclIbSenderQpsToRts: Set ECE: IbDev 0 Port 1 qp_num 46132 set_ece={supported=1, vendor_id=0x15b3, options=0x30000002, comp_mask=0x0}
spark-5fa1:62:73 [0] NCCL INFO NET/IB: ncclIbSenderQpsToRts: Set ECE: IbDev 0 Port 1 qp_num 46133 set_ece={supported=1, vendor_id=0x15b3, options=0x30000002, comp_mask=0x0}
spark-5fa1:62:73 [0] NCCL INFO NET/IB: Subnet-aware routing: overriding dev 5 with dev 2
spark-5fa1:62:73 [0] NCCL INFO NET/IB: Subnet-aware routing: overriding dev 4 with dev 0
spark-5fa1:62:73 [0] NCCL INFO NET/IB: ncclIbResiliencyInit: Resiliency is disabled on the recv communicator (comm=0xff4a2d151000)
spark-5fa1:62:73 [0] NCCL INFO NET/IB: ncclIbRecvCommInit: Receive work requests will be posted on-demand
spark-5fa1:62:73 [0] NCCL INFO NET/IB: Subnet-aware routing: overriding dev 5 with dev 2
spark-5fa1:62:73 [0] NCCL INFO NET/IB: Subnet-aware routing: overriding dev 4 with dev 0
spark-5fa1:62:73 [0] NCCL INFO NET/IB: Subnet-aware routing: overriding dev 5 with dev 2
spark-5fa1:62:73 [0] NCCL INFO NET/IB: ncclIbResiliencyInit: Resiliency is disabled on the send communicator (comm=0xff4a2d199000)
spark-5fa1:62:73 [0] NCCL INFO NET/IB: Subnet-aware routing: overriding dev 5 with dev 2
spark-5fa1:62:73 [0] NCCL INFO NET/IB: ncclIbSenderQpsCreate: QP created: port=1 dev=2 devName=roceP2p1s0f0 ndevs=4 nmdevs=6 qp_num=2354 pkey=0 pd=0xff4a3c242900 oooRq=0
spark-5fa1:62:73 [0] NCCL INFO NET/IB: ncclIbSenderQpsCreate: QP created: port=1 dev=2 devName=roceP2p1s0f0 ndevs=4 nmdevs=6 qp_num=2355 pkey=0 pd=0xff4a3c242900 oooRq=0
spark-5fa1:62:73 [0] NCCL INFO NET/IB: ncclIbConnectImpl: NCCL Dev 2 IbDev 2 Port 1 qp_num 2354 mtu 5 GID 3 (0/16EA8C0FFFF0000) ctsFifoRkey=0x19716f ctsFifoLkey=0x19716f
spark-5fa1:62:73 [0] NCCL INFO NET/IB: ncclIbConnectImpl: IbDev 2 Port 1 qp_num 2354 query_ece={supported=1, vendor_id=0x15b3, options=0x30000002, comp_mask=0x0}
spark-5fa1:62:73 [0] NCCL INFO NET/IB: ncclIbConnectImpl: NCCL Dev 2 IbDev 2 Port 1 qp_num 2355 mtu 5 GID 3 (0/16EA8C0FFFF0000) ctsFifoRkey=0x19716f ctsFifoLkey=0x19716f
spark-5fa1:62:73 [0] NCCL INFO NET/IB: ncclIbConnectImpl: IbDev 2 Port 1 qp_num 2355 query_ece={supported=1, vendor_id=0x15b3, options=0x30000002, comp_mask=0x0}
spark-5fa1:62:73 [0] NCCL INFO NET/IB: Subnet-aware routing: overriding dev 4 with dev 0
spark-5fa1:62:73 [0] NCCL INFO NET/IB: ncclIbSenderQpsCreate: QP created: port=1 dev=0 devName=rocep1s0f0 ndevs=4 nmdevs=6 qp_num=46134 pkey=0 pd=0xff4a3c07dd30 oooRq=0
spark-5fa1:62:73 [0] NCCL INFO NET/IB: ncclIbSenderQpsCreate: QP created: port=1 dev=0 devName=rocep1s0f0 ndevs=4 nmdevs=6 qp_num=46135 pkey=0 pd=0xff4a3c07dd30 oooRq=0
spark-5fa1:62:73 [0] NCCL INFO NET/IB: ncclIbConnectImpl: NCCL Dev 0 IbDev 0 Port 1 qp_num 46134 mtu 5 GID 6 (0/164A8C0FFFF0000) ctsFifoRkey=0x221383 ctsFifoLkey=0x221383
spark-5fa1:62:73 [0] NCCL INFO NET/IB: ncclIbConnectImpl: IbDev 0 Port 1 qp_num 46134 query_ece={supported=1, vendor_id=0x15b3, options=0x30000002, comp_mask=0x0}
spark-5fa1:62:73 [0] NCCL INFO NET/IB: ncclIbConnectImpl: NCCL Dev 0 IbDev 0 Port 1 qp_num 46135 mtu 5 GID 6 (0/164A8C0FFFF0000) ctsFifoRkey=0x221383 ctsFifoLkey=0x221383
spark-5fa1:62:73 [0] NCCL INFO NET/IB: ncclIbConnectImpl: IbDev 0 Port 1 qp_num 46135 query_ece={supported=1, vendor_id=0x15b3, options=0x30000002, comp_mask=0x0}
spark-5fa1:62:73 [0] NCCL INFO NET/IB: Subnet-aware routing: overriding dev 5 with dev 2
spark-5fa1:62:73 [0] NCCL INFO NET/IB: ncclIbResiliencyInit: Resiliency is disabled on the recv communicator (comm=0xff4a2d28b000)
spark-5fa1:62:73 [0] NCCL INFO NET/IB: ncclIbRecvCommInit: Receive work requests will be posted on-demand
spark-5fa1:62:73 [0] NCCL INFO NET/IB: Subnet-aware routing: overriding dev 4 with dev 1
spark-5fa1:62:73 [0] NCCL INFO NET/IB: ncclIbReceiverQpsCreateToRts: QP created: port=1 dev=1 devName=rocep1s0f1 ndevs=4 nmdevs=6 qp_num=41053 pkey=0 pd=0xff4a3c245f40 oooRq=0
spark-5fa1:62:73 [0] NCCL INFO NET/IB: ncclIbReceiverQpsCreateToRts: QP created: port=1 dev=1 devName=rocep1s0f1 ndevs=4 nmdevs=6 qp_num=41054 pkey=0 pd=0xff4a3c245f40 oooRq=0
spark-5fa1:62:73 [0] NCCL INFO NET/IB: ncclIbReceiverQpsCreateToRts: Flush QP created: port=1 dev=1 devName=rocep1s0f1 ndevs=4 nmdevs=6 qp_num=41055 pkey=0 pd=0xff4a3c245f40
spark-5fa1:62:73 [0] NCCL INFO NET/IB: Subnet-aware routing: overriding dev 5 with dev 2
spark-5fa1:62:73 [0] NCCL INFO NET/IB: Subnet-aware routing: overriding dev 4 with dev 0
spark-5fa1:62:73 [0] NCCL INFO NET/IB: Subnet-aware routing: overriding dev 5 with dev 2
spark-5fa1:62:73 [0] NCCL INFO NET/IB: Subnet-aware routing: overriding dev 4 with dev 0
spark-5fa1:62:73 [0] NCCL INFO NET/IB: ncclIbResiliencyInit: Resiliency is disabled on the send communicator (comm=0xff4a2d350000)
spark-5fa1:62:73 [0] NCCL INFO NET/IB: Subnet-aware routing: overriding dev 5 with dev 2
spark-5fa1:62:73 [0] NCCL INFO NET/IB: ncclIbSenderQpsToRts: Set ECE: IbDev 2 Port 1 qp_num 2354 set_ece={supported=1, vendor_id=0x15b3, options=0x30000002, comp_mask=0x0}
spark-5fa1:62:73 [0] NCCL INFO NET/IB: ncclIbSenderQpsToRts: Set ECE: IbDev 2 Port 1 qp_num 2355 set_ece={supported=1, vendor_id=0x15b3, options=0x30000002, comp_mask=0x0}
spark-5fa1:62:73 [0] NCCL INFO NET/IB: Subnet-aware routing: overriding dev 4 with dev 0
spark-5fa1:62:73 [0] NCCL INFO NET/IB: ncclIbSenderQpsToRts: Set ECE: IbDev 0 Port 1 qp_num 46134 set_ece={supported=1, vendor_id=0x15b3, options=0x30000002, comp_mask=0x0}
spark-5fa1:62:73 [0] NCCL INFO NET/IB: ncclIbSenderQpsToRts: Set ECE: IbDev 0 Port 1 qp_num 46135 set_ece={supported=1, vendor_id=0x15b3, options=0x30000002, comp_mask=0x0}
spark-5fa1:62:73 [0] NCCL INFO NET/IB: Subnet-aware routing: overriding dev 5 with dev 2
spark-5fa1:62:73 [0] NCCL INFO NET/IB: ncclIbSenderQpsCreate: QP created: port=1 dev=2 devName=roceP2p1s0f0 ndevs=4 nmdevs=6 qp_num=2356 pkey=0 pd=0xff4a3c242900 oooRq=0
spark-5fa1:62:73 [0] NCCL INFO NET/IB: ncclIbSenderQpsCreate: QP created: port=1 dev=2 devName=roceP2p1s0f0 ndevs=4 nmdevs=6 qp_num=2357 pkey=0 pd=0xff4a3c242900 oooRq=0
spark-5fa1:62:73 [0] NCCL INFO NET/IB: ncclIbConnectImpl: NCCL Dev 2 IbDev 2 Port 1 qp_num 2356 mtu 5 GID 3 (0/16EA8C0FFFF0000) ctsFifoRkey=0x18f6ef ctsFifoLkey=0x18f6ef
spark-5fa1:62:73 [0] NCCL INFO NET/IB: ncclIbConnectImpl: IbDev 2 Port 1 qp_num 2356 query_ece={supported=1, vendor_id=0x15b3, options=0x30000002, comp_mask=0x0}
spark-5fa1:62:73 [0] NCCL INFO NET/IB: ncclIbConnectImpl: NCCL Dev 2 IbDev 2 Port 1 qp_num 2357 mtu 5 GID 3 (0/16EA8C0FFFF0000) ctsFifoRkey=0x18f6ef ctsFifoLkey=0x18f6ef
spark-5fa1:62:73 [0] NCCL INFO NET/IB: ncclIbConnectImpl: IbDev 2 Port 1 qp_num 2357 query_ece={supported=1, vendor_id=0x15b3, options=0x30000002, comp_mask=0x0}
spark-5fa1:62:73 [0] NCCL INFO NET/IB: Subnet-aware routing: overriding dev 4 with dev 0
spark-5fa1:62:73 [0] NCCL INFO NET/IB: ncclIbResiliencyInit: Resiliency is disabled on the recv communicator (comm=0xff4a2d3e9000)
spark-5fa1:62:73 [0] NCCL INFO NET/IB: ncclIbRecvCommInit: Receive work requests will be posted on-demand
spark-5fa1:62:73 [0] NCCL INFO NET/IB: Subnet-aware routing: overriding dev 5 with dev 2
spark-5fa1:62:73 [0] NCCL INFO NET/IB: Subnet-aware routing: overriding dev 4 with dev 0
spark-5fa1:62:73 [0] NCCL INFO NET/IB: Subnet-aware routing: overriding dev 5 with dev 2
spark-5fa1:62:73 [0] NCCL INFO NET/IB: ncclIbResiliencyInit: Resiliency is disabled on the send communicator (comm=0xff4a2d431000)
spark-5fa1:62:73 [0] NCCL INFO NET/IB: Subnet-aware routing: overriding dev 5 with dev 2
spark-5fa1:62:73 [0] NCCL INFO NET/IB: Subnet-aware routing: overriding dev 4 with dev 0
spark-5fa1:62:73 [0] NCCL INFO NET/IB: Subnet-aware routing: overriding dev 5 with dev 2
spark-5fa1:62:73 [0] NCCL INFO NET/IB: ncclIbResiliencyInit: Resiliency is disabled on the recv communicator (comm=0xff4a2d475000)
spark-5fa1:62:73 [0] NCCL INFO NET/IB: ncclIbRecvCommInit: Receive work requests will be posted on-demand
spark-5fa1:62:73 [0] NCCL INFO NET/IB: Subnet-aware routing: overriding dev 4 with dev 1
spark-5fa1:62:73 [0] NCCL INFO NET/IB: ncclIbReceiverQpsCreateToRts: QP created: port=1 dev=1 devName=rocep1s0f1 ndevs=4 nmdevs=6 qp_num=41056 pkey=0 pd=0xff4a3c245f40 oooRq=0
spark-5fa1:62:73 [0] NCCL INFO NET/IB: ncclIbReceiverQpsCreateToRts: QP created: port=1 dev=1 devName=rocep1s0f1 ndevs=4 nmdevs=6 qp_num=41057 pkey=0 pd=0xff4a3c245f40 oooRq=0
spark-5fa1:62:73 [0] NCCL INFO NET/IB: ncclIbReceiverQpsCreateToRts: Flush QP created: port=1 dev=1 devName=rocep1s0f1 ndevs=4 nmdevs=6 qp_num=41058 pkey=0 pd=0xff4a3c245f40
spark-5fa1:62:73 [0] NCCL INFO NET/IB: Subnet-aware routing: overriding dev 5 with dev 2
spark-5fa1:62:73 [0] NCCL INFO NET/IB: Subnet-aware routing: overriding dev 4 with dev 0
spark-5fa1:62:73 [0] NCCL INFO NET/IB: Subnet-aware routing: overriding dev 5 with dev 2
spark-5fa1:62:73 [0] NCCL INFO NET/IB: Subnet-aware routing: overriding dev 5 with dev 2
spark-5fa1:62:73 [0] NCCL INFO NET/IB: Subnet-aware routing: overriding dev 4 with dev 0
spark-5fa1:62:73 [0] NCCL INFO NET/IB: Subnet-aware routing: overriding dev 5 with dev 2
spark-5fa1:62:73 [0] NCCL INFO NET/IB: Subnet-aware routing: overriding dev 5 with dev 2
spark-5fa1:62:73 [0] NCCL INFO NET/IB: ncclIbSenderQpsToRts: Set ECE: IbDev 2 Port 1 qp_num 2356 set_ece={supported=1, vendor_id=0x15b3, options=0x30000002, comp_mask=0x0}
spark-5fa1:62:73 [0] NCCL INFO NET/IB: ncclIbSenderQpsToRts: Set ECE: IbDev 2 Port 1 qp_num 2357 set_ece={supported=1, vendor_id=0x15b3, options=0x30000002, comp_mask=0x0}
spark-5fa1:62:73 [0] NCCL INFO NET/IB: Subnet-aware routing: overriding dev 4 with dev 0
spark-5fa1:62:73 [0] NCCL INFO NET/IB: Subnet-aware routing: overriding dev 5 with dev 2
spark-5fa1:62:73 [0] NCCL INFO NET/IB: Subnet-aware routing: overriding dev 5 with dev 3
spark-5fa1:62:73 [0] NCCL INFO NET/IB: ncclIbReceiverQpsCreateToRts: QP created: port=1 dev=3 devName=roceP2p1s0f1 ndevs=4 nmdevs=6 qp_num=2335 pkey=0 pd=0xff4a3c3de9d0 oooRq=0
spark-5fa1:62:73 [0] NCCL INFO NET/IB: ncclIbReceiverQpsCreateToRts: QP created: port=1 dev=3 devName=roceP2p1s0f1 ndevs=4 nmdevs=6 qp_num=2336 pkey=0 pd=0xff4a3c3de9d0 oooRq=0
spark-5fa1:62:73 [0] NCCL INFO NET/IB: ncclIbReceiverQpsCreateToRts: Flush QP created: port=1 dev=3 devName=roceP2p1s0f1 ndevs=4 nmdevs=6 qp_num=2337 pkey=0 pd=0xff4a3c3de9d0
spark-5fa1:62:73 [0] NCCL INFO NET/IB: Subnet-aware routing: overriding dev 4 with dev 0
spark-5fa1:62:73 [0] NCCL INFO NET/IB: Subnet-aware routing: overriding dev 5 with dev 2
spark-5fa1:62:73 [0] NCCL INFO NET/IB: Subnet-aware routing: overriding dev 4 with dev 0
spark-5fa1:62:73 [0] NCCL INFO NET/IB: Subnet-aware routing: overriding dev 5 with dev 2
spark-5fa1:62:73 [0] NCCL INFO NET/IB: Subnet-aware routing: overriding dev 4 with dev 0
spark-5fa1:62:73 [0] NCCL INFO NET/IB: Subnet-aware routing: overriding dev 5 with dev 2
spark-5fa1:62:73 [0] NCCL INFO NET/IB: Subnet-aware routing: overriding dev 4 with dev 0
spark-5fa1:62:73 [0] NCCL INFO NET/IB: Subnet-aware routing: overriding dev 5 with dev 2
spark-5fa1:62:73 [0] NCCL INFO NET/IB: Subnet-aware routing: overriding dev 4 with dev 0
spark-5fa1:62:73 [0] NCCL INFO NET/IB: Subnet-aware routing: overriding dev 5 with dev 2
spark-5fa1:62:73 [0] NCCL INFO NET/IB: Subnet-aware routing: overriding dev 5 with dev 3
spark-5fa1:62:73 [0] NCCL INFO NET/IB: ncclIbReceiverQpsCreateToRts: QP created: port=1 dev=3 devName=roceP2p1s0f1 ndevs=4 nmdevs=6 qp_num=2338 pkey=0 pd=0xff4a3c3de9d0 oooRq=0
spark-5fa1:62:73 [0] NCCL INFO NET/IB: ncclIbReceiverQpsCreateToRts: QP created: port=1 dev=3 devName=roceP2p1s0f1 ndevs=4 nmdevs=6 qp_num=2339 pkey=0 pd=0xff4a3c3de9d0 oooRq=0
spark-5fa1:62:73 [0] NCCL INFO NET/IB: ncclIbReceiverQpsCreateToRts: Flush QP created: port=1 dev=3 devName=roceP2p1s0f1 ndevs=4 nmdevs=6 qp_num=2340 pkey=0 pd=0xff4a3c3de9d0
spark-5fa1:62:73 [0] NCCL INFO NET/IB: Subnet-aware routing: overriding dev 4 with dev 0
spark-5fa1:62:73 [0] NCCL INFO NET/IB: ncclIbSenderQpsCreate: QP created: port=1 dev=0 devName=rocep1s0f0 ndevs=4 nmdevs=6 qp_num=46136 pkey=0 pd=0xff4a3c07dd30 oooRq=0
spark-5fa1:62:73 [0] NCCL INFO NET/IB: ncclIbSenderQpsCreate: QP created: port=1 dev=0 devName=rocep1s0f0 ndevs=4 nmdevs=6 qp_num=46137 pkey=0 pd=0xff4a3c07dd30 oooRq=0
spark-5fa1:62:73 [0] NCCL INFO NET/IB: ncclIbConnectImpl: NCCL Dev 0 IbDev 0 Port 1 qp_num 46136 mtu 5 GID 6 (0/164A8C0FFFF0000) ctsFifoRkey=0x1738f5 ctsFifoLkey=0x1738f5
spark-5fa1:62:73 [0] NCCL INFO NET/IB: ncclIbConnectImpl: IbDev 0 Port 1 qp_num 46136 query_ece={supported=1, vendor_id=0x15b3, options=0x30000002, comp_mask=0x0}
spark-5fa1:62:73 [0] NCCL INFO NET/IB: ncclIbConnectImpl: NCCL Dev 0 IbDev 0 Port 1 qp_num 46137 mtu 5 GID 6 (0/164A8C0FFFF0000) ctsFifoRkey=0x1738f5 ctsFifoLkey=0x1738f5
spark-5fa1:62:73 [0] NCCL INFO NET/IB: ncclIbConnectImpl: IbDev 0 Port 1 qp_num 46137 query_ece={supported=1, vendor_id=0x15b3, options=0x30000002, comp_mask=0x0}
spark-5fa1:62:73 [0] NCCL INFO NET/IB: Subnet-aware routing: overriding dev 5 with dev 2
spark-5fa1:62:73 [0] NCCL INFO NET/IB: ncclIbSenderQpsCreate: QP created: port=1 dev=2 devName=roceP2p1s0f0 ndevs=4 nmdevs=6 qp_num=2358 pkey=0 pd=0xff4a3c242900 oooRq=0
spark-5fa1:62:73 [0] NCCL INFO NET/IB: ncclIbSenderQpsCreate: QP created: port=1 dev=2 devName=roceP2p1s0f0 ndevs=4 nmdevs=6 qp_num=2359 pkey=0 pd=0xff4a3c242900 oooRq=0
spark-5fa1:62:73 [0] NCCL INFO NET/IB: ncclIbConnectImpl: NCCL Dev 2 IbDev 2 Port 1 qp_num 2358 mtu 5 GID 3 (0/16EA8C0FFFF0000) ctsFifoRkey=0x172924 ctsFifoLkey=0x172924
spark-5fa1:62:73 [0] NCCL INFO NET/IB: ncclIbConnectImpl: IbDev 2 Port 1 qp_num 2358 query_ece={supported=1, vendor_id=0x15b3, options=0x30000002, comp_mask=0x0}
spark-5fa1:62:73 [0] NCCL INFO NET/IB: ncclIbConnectImpl: NCCL Dev 2 IbDev 2 Port 1 qp_num 2359 mtu 5 GID 3 (0/16EA8C0FFFF0000) ctsFifoRkey=0x172924 ctsFifoLkey=0x172924
spark-5fa1:62:73 [0] NCCL INFO NET/IB: ncclIbConnectImpl: IbDev 2 Port 1 qp_num 2359 query_ece={supported=1, vendor_id=0x15b3, options=0x30000002, comp_mask=0x0}
spark-5fa1:62:73 [0] NCCL INFO NET/IB: Subnet-aware routing: overriding dev 4 with dev 0
spark-5fa1:62:73 [0] NCCL INFO NET/IB: Subnet-aware routing: overriding dev 5 with dev 2
spark-5fa1:62:73 [0] NCCL INFO NET/IB: Subnet-aware routing: overriding dev 4 with dev 0
spark-5fa1:62:73 [0] NCCL INFO NET/IB: Subnet-aware routing: overriding dev 5 with dev 2
spark-5fa1:62:73 [0] NCCL INFO NET/IB: Subnet-aware routing: overriding dev 4 with dev 0
spark-5fa1:62:73 [0] NCCL INFO NET/IB: ncclIbSenderQpsToRts: Set ECE: IbDev 0 Port 1 qp_num 46136 set_ece={supported=1, vendor_id=0x15b3, options=0x30000002, comp_mask=0x0}
spark-5fa1:62:73 [0] NCCL INFO NET/IB: ncclIbSenderQpsToRts: Set ECE: IbDev 0 Port 1 qp_num 46137 set_ece={supported=1, vendor_id=0x15b3, options=0x30000002, comp_mask=0x0}
spark-5fa1:62:73 [0] NCCL INFO NET/IB: Subnet-aware routing: overriding dev 5 with dev 2
spark-5fa1:62:73 [0] NCCL INFO NET/IB: ncclIbSenderQpsToRts: Set ECE: IbDev 2 Port 1 qp_num 2358 set_ece={supported=1, vendor_id=0x15b3, options=0x30000002, comp_mask=0x0}
spark-5fa1:62:73 [0] NCCL INFO NET/IB: ncclIbSenderQpsToRts: Set ECE: IbDev 2 Port 1 qp_num 2359 set_ece={supported=1, vendor_id=0x15b3, options=0x30000002, comp_mask=0x0}
spark-5fa1:62:73 [0] NCCL INFO NET/IB: Subnet-aware routing: overriding dev 5 with dev 3
spark-5fa1:62:73 [0] NCCL INFO NET/IB: ncclIbReceiverQpsCreateToRts: QP created: port=1 dev=3 devName=roceP2p1s0f1 ndevs=4 nmdevs=6 qp_num=2341 pkey=0 pd=0xff4a3c3de9d0 oooRq=0
spark-5fa1:62:73 [0] NCCL INFO NET/IB: ncclIbReceiverQpsCreateToRts: QP created: port=1 dev=3 devName=roceP2p1s0f1 ndevs=4 nmdevs=6 qp_num=2342 pkey=0 pd=0xff4a3c3de9d0 oooRq=0
spark-5fa1:62:73 [0] NCCL INFO NET/IB: ncclIbReceiverQpsCreateToRts: Flush QP created: port=1 dev=3 devName=roceP2p1s0f1 ndevs=4 nmdevs=6 qp_num=2343 pkey=0 pd=0xff4a3c3de9d0
spark-5fa1:62:73 [0] NCCL INFO NET/IB: Subnet-aware routing: overriding dev 4 with dev 1
spark-5fa1:62:73 [0] NCCL INFO NET/IB: ncclIbReceiverQpsCreateToRts: QP created: port=1 dev=1 devName=rocep1s0f1 ndevs=4 nmdevs=6 qp_num=41059 pkey=0 pd=0xff4a3c245f40 oooRq=0
spark-5fa1:62:73 [0] NCCL INFO NET/IB: ncclIbReceiverQpsCreateToRts: QP created: port=1 dev=1 devName=rocep1s0f1 ndevs=4 nmdevs=6 qp_num=41060 pkey=0 pd=0xff4a3c245f40 oooRq=0
spark-5fa1:62:73 [0] NCCL INFO NET/IB: ncclIbReceiverQpsCreateToRts: Flush QP created: port=1 dev=1 devName=rocep1s0f1 ndevs=4 nmdevs=6 qp_num=41061 pkey=0 pd=0xff4a3c245f40
spark-5fa1:62:62 [0] NCCL INFO Connected all rings, use ring PXN 0 GDR 0
spark-5fa1:62:62 [0] NCCL INFO AllGather: 5726623056 Bytes -> Algo RING proto SIMPLE channel{Lo..Hi}={0..63}
spark-5fa1:62:62 [0] NCCL INFO AllGather: 5726623056 Bytes -> Algo RING proto SIMPLE channel{Lo..Hi}={0..63}
spark-5fa1:62:62 [0] NCCL INFO AllGather: 5726623056 Bytes -> Algo RING proto SIMPLE channel{Lo..Hi}={0..63}
spark-5fa1:62:62 [0] NCCL INFO AllGather: 5726623056 Bytes -> Algo RING proto SIMPLE channel{Lo..Hi}={0..63}
spark-5fa1:62:62 [0] NCCL INFO AllGather: 5726623056 Bytes -> Algo RING proto SIMPLE channel{Lo..Hi}={0..63}
spark-5fa1:62:62 [0] NCCL INFO AllGather: 5726623056 Bytes -> Algo RING proto SIMPLE channel{Lo..Hi}={0..63}
spark-5fa1:62:62 [0] NCCL INFO AllGather: 5726623056 Bytes -> Algo RING proto SIMPLE channel{Lo..Hi}={0..63}
spark-5fa1:62:62 [0] NCCL INFO AllGather: 5726623056 Bytes -> Algo RING proto SIMPLE channel{Lo..Hi}={0..63}
spark-5fa1:62:62 [0] NCCL INFO AllGather: 5726623056 Bytes -> Algo RING proto SIMPLE channel{Lo..Hi}={0..63}
spark-5fa1:62:62 [0] NCCL INFO AllGather: 5726623056 Bytes -> Algo RING proto SIMPLE channel{Lo..Hi}={0..63}
spark-5fa1:62:62 [0] NCCL INFO AllGather: 5726623056 Bytes -> Algo RING proto SIMPLE channel{Lo..Hi}={0..63}
spark-5fa1:62:62 [0] NCCL INFO AllGather: 5726623056 Bytes -> Algo RING proto SIMPLE channel{Lo..Hi}={0..63}
spark-5fa1:62:62 [0] NCCL INFO AllGather: 5726623056 Bytes -> Algo RING proto SIMPLE channel{Lo..Hi}={0..63}
spark-5fa1:62:62 [0] NCCL INFO AllGather: 5726623056 Bytes -> Algo RING proto SIMPLE channel{Lo..Hi}={0..63}
spark-5fa1:62:62 [0] NCCL INFO AllGather: 5726623056 Bytes -> Algo RING proto SIMPLE channel{Lo..Hi}={0..63}
spark-5fa1:62:62 [0] NCCL INFO AllGather: 5726623056 Bytes -> Algo RING proto SIMPLE channel{Lo..Hi}={0..63}
spark-5fa1:62:62 [0] NCCL INFO AllGather: 5726623056 Bytes -> Algo RING proto SIMPLE channel{Lo..Hi}={0..63}
spark-5fa1:62:62 [0] NCCL INFO AllGather: 5726623056 Bytes -> Algo RING proto SIMPLE channel{Lo..Hi}={0..63}
spark-5fa1:62:62 [0] NCCL INFO AllGather: 5726623056 Bytes -> Algo RING proto SIMPLE channel{Lo..Hi}={0..63}
spark-5fa1:62:62 [0] NCCL INFO AllGather: 5726623056 Bytes -> Algo RING proto SIMPLE channel{Lo..Hi}={0..63}
spark-5fa1:62:62 [0] NCCL INFO AllGather: 5726623056 Bytes -> Algo RING proto SIMPLE channel{Lo..Hi}={0..63}
spark-5fa1:62:62 [0] NCCL INFO AllGather: 5726623056 Bytes -> Algo RING proto SIMPLE channel{Lo..Hi}={0..63}
spark-5fa1:62:62 [0] NCCL INFO AllGather: 5726623056 Bytes -> Algo RING proto SIMPLE channel{Lo..Hi}={0..63}
spark-5fa1:62:62 [0] NCCL INFO AllGather: 5726623056 Bytes -> Algo RING proto SIMPLE channel{Lo..Hi}={0..63}
spark-5fa1:62:62 [0] NCCL INFO AllGather: 5726623056 Bytes -> Algo RING proto SIMPLE channel{Lo..Hi}={0..63}
spark-5fa1:62:62 [0] NCCL INFO AllGather: 5726623056 Bytes -> Algo RING proto SIMPLE channel{Lo..Hi}={0..63}
spark-5fa1:62:62 [0] NCCL INFO AllGather: 5726623056 Bytes -> Algo RING proto SIMPLE channel{Lo..Hi}={0..63}
spark-5fa1:62:62 [0] NCCL INFO AllGather: 5726623056 Bytes -> Algo RING proto SIMPLE channel{Lo..Hi}={0..63}
spark-5fa1:62:62 [0] NCCL INFO AllGather: 5726623056 Bytes -> Algo RING proto SIMPLE channel{Lo..Hi}={0..63}
spark-5fa1:62:62 [0] NCCL INFO AllGather: 5726623056 Bytes -> Algo RING proto SIMPLE channel{Lo..Hi}={0..63}
spark-5fa1:62:62 [0] NCCL INFO AllGather: 5726623056 Bytes -> Algo RING proto SIMPLE channel{Lo..Hi}={0..63}
spark-5fa1:62:62 [0] NCCL INFO AllGather: 5726623056 Bytes -> Algo RING proto SIMPLE channel{Lo..Hi}={0..63}
spark-5fa1:62:62 [0] NCCL INFO AllGather: 5726623056 Bytes -> Algo RING proto SIMPLE channel{Lo..Hi}={0..63}
spark-5fa1:62:62 [0] NCCL INFO AllGather: 5726623056 Bytes -> Algo RING proto SIMPLE channel{Lo..Hi}={0..63}
spark-5fa1:62:62 [0] NCCL INFO AllGather: 5726623056 Bytes -> Algo RING proto SIMPLE channel{Lo..Hi}={0..63}
spark-5fa1:62:62 [0] NCCL INFO AllGather: 5726623056 Bytes -> Algo RING proto SIMPLE channel{Lo..Hi}={0..63}
spark-5fa1:62:62 [0] NCCL INFO AllGather: 5726623056 Bytes -> Algo RING proto SIMPLE channel{Lo..Hi}={0..63}
spark-5fa1:62:62 [0] NCCL INFO AllGather: 5726623056 Bytes -> Algo RING proto SIMPLE channel{Lo..Hi}={0..63}
spark-5fa1:62:62 [0] NCCL INFO AllGather: 5726623056 Bytes -> Algo RING proto SIMPLE channel{Lo..Hi}={0..63}
spark-5fa1:62:62 [0] NCCL INFO AllGather: 5726623056 Bytes -> Algo RING proto SIMPLE channel{Lo..Hi}={0..63}
spark-5fa1:62:62 [0] NCCL INFO AllGather: 5726623056 Bytes -> Algo RING proto SIMPLE channel{Lo..Hi}={0..63}
spark-5fa1:62:62 [0] NCCL INFO AllGather: 5726623056 Bytes -> Algo RING proto SIMPLE channel{Lo..Hi}={0..63}
spark-5fa1:62:62 [0] NCCL INFO AllGather: 5726623056 Bytes -> Algo RING proto SIMPLE channel{Lo..Hi}={0..63}
spark-5fa1:62:62 [0] NCCL INFO AllGather: 5726623056 Bytes -> Algo RING proto SIMPLE channel{Lo..Hi}={0..63}
spark-5fa1:62:62 [0] NCCL INFO AllGather: 5726623056 Bytes -> Algo RING proto SIMPLE channel{Lo..Hi}={0..63}
spark-5fa1:62:62 [0] NCCL INFO AllGather: 5726623056 Bytes -> Algo RING proto SIMPLE channel{Lo..Hi}={0..63}
spark-5fa1:62:62 [0] NCCL INFO AllGather: 5726623056 Bytes -> Algo RING proto SIMPLE channel{Lo..Hi}={0..63}
spark-5fa1:62:62 [0] NCCL INFO AllGather: 5726623056 Bytes -> Algo RING proto SIMPLE channel{Lo..Hi}={0..63}
spark-5fa1:62:62 [0] NCCL INFO AllGather: 5726623056 Bytes -> Algo RING proto SIMPLE channel{Lo..Hi}={0..63}
########## NCCL_DEBUG from spark1 ##########
gx10-e146:63:63 [0] NCCL INFO ncclOsDlopen(libnccl-env.so) failed: libnccl-env.so: cannot open shared object file: No such file or directory
gx10-e146:63:63 [0] NCCL INFO ENV/Plugin: Could not find: libnccl-env.so
gx10-e146:63:63 [0] NCCL INFO cudaDriverVersion 13000
gx10-e146:63:63 [0] NCCL INFO NCCL_SOCKET_IFNAME set by environment to wlP9s9
gx10-e146:63:63 [0] NCCL INFO NCCL_SOCKET_IFNAME set to wlP9s9
gx10-e146:63:63 [0] NCCL INFO NCCL version 2.30.7+cuda13.3
gx10-e146:63:63 [0] NCCL INFO NCCL git version HEAD a5187fa2e
gx10-e146:63:63 [0] NCCL INFO Comm config nvlinkCentricSched set to 1
gx10-e146:63:63 [0] NCCL INFO NCCL_NET_PLUGIN set by environment to none
gx10-e146:63:63 [0] NCCL INFO NCCL_IB_DISABLE set by environment to 0.
gx10-e146:63:63 [0] NCCL INFO dlvsym failed on mlx5dv_get_data_direct_sysfs_path - /lib/aarch64-linux-gnu/libmlx5.so: undefined symbol: mlx5dv_get_data_direct_sysfs_path, version MLX5_1.25 version MLX5_1.25
gx10-e146:63:63 [0] NCCL INFO dlvsym failed on mlx5dv_reg_dmabuf_mr - /lib/aarch64-linux-gnu/libmlx5.so: undefined symbol: mlx5dv_reg_dmabuf_mr, version MLX5_1.25 version MLX5_1.25
gx10-e146:63:63 [0] NCCL INFO NCCL_SOCKET_IFNAME set by environment to wlP9s9
gx10-e146:63:63 [0] NCCL INFO NCCL_IB_HCA set to =rocep1s0f0,roceP2p1s0f0,rocep1s0f1,roceP2p1s0f1
gx10-e146:63:63 [0] NCCL INFO NET/IB: [0] rocep1s0f0:uverbs0:1/RoCE provider=Mlx5 speed=200000 context=0xb403ccc23070 pciPath=/sys/devices/pci0000:00/0000:00:00.0/0000:01:00.0 ar=0 oooRqSize=0
gx10-e146:63:63 [0] NCCL INFO NET/IB: [1] rocep1s0f1:uverbs1:1/RoCE provider=Mlx5 speed=200000 context=0xb403ccc646c0 pciPath=/sys/devices/pci0000:00/0000:00:00.0/0000:01:00.0 ar=0 oooRqSize=0
gx10-e146:63:63 [0] NCCL INFO NET/IB: [2] roceP2p1s0f0:uverbs2:1/RoCE provider=Mlx5 speed=200000 context=0xb403ccca5d10 pciPath=/sys/devices/pci0002:00/0002:00:00.0/0002:01:00.0 ar=0 oooRqSize=0
gx10-e146:63:63 [0] NCCL INFO NET/IB: [3] roceP2p1s0f1:uverbs3:1/RoCE provider=Mlx5 speed=200000 context=0xb403ccce7360 pciPath=/sys/devices/pci0002:00/0002:00:00.0/0002:01:00.0 ar=0 oooRqSize=0
gx10-e146:63:63 [0] NCCL INFO NET/IB : Made virtual device [0] name=rocep1s0f0 speed=200000 ndevs=1 rail=-1 plane=-1
gx10-e146:63:63 [0] NCCL INFO NET/IB : Made virtual device [1] name=rocep1s0f1 speed=200000 ndevs=1 rail=-1 plane=-1
gx10-e146:63:63 [0] NCCL INFO NET/IB : Made virtual device [2] name=roceP2p1s0f0 speed=200000 ndevs=1 rail=-1 plane=-1
gx10-e146:63:63 [0] NCCL INFO NET/IB : Made virtual device [3] name=roceP2p1s0f1 speed=200000 ndevs=1 rail=-1 plane=-1
gx10-e146:63:63 [0] NCCL INFO NET/IB : Using [0]rocep1s0f0:1/RoCE [1]rocep1s0f1:1/RoCE [2]roceP2p1s0f0:1/RoCE [3]roceP2p1s0f1:1/RoCE [RO]; OOB wlP9s9:192.168.1.50<0>
gx10-e146:63:63 [0] NCCL INFO Initialized NET plugin IB
gx10-e146:63:63 [0] NCCL INFO Assigned NET plugin IB to comm
gx10-e146:63:63 [0] NCCL INFO ncclOsDlopen(libnccl-rma.so) failed: libnccl-rma.so: cannot open shared object file: No such file or directory
gx10-e146:63:63 [0] NCCL INFO RMA/Plugin: Could not find: libnccl-rma.so
gx10-e146:63:63 [0] NCCL INFO RMA/Plugin: Failed to load external plugin libnccl-rma.so, dlHandle: (nil), ncclRma: (nil)
gx10-e146:63:63 [0] NCCL INFO RMA/Plugin: Assigned plugin RMA_IB_PROXY to comm
gx10-e146:63:63 [0] NCCL INFO ncclOsDlopen(libnccl-gin.so) failed: libnccl-gin.so: cannot open shared object file: No such file or directory
gx10-e146:63:63 [0] NCCL INFO GIN/Plugin: Could not find: libnccl-gin.so
gx10-e146:63:63 [0] NCCL INFO GIN/Plugin: Failed to load external plugin libnccl-gin.so, dlHandle: (nil), ncclGin: (nil)
gx10-e146:63:63 [0] NCCL INFO GIN/Plugin: Assigned plugin GIN_IB_GDAKI type 3 to comm
gx10-e146:63:63 [0] NCCL INFO Using network IB
gx10-e146:63:63 [0] NCCL INFO Loaded NVML from libnvidia-ml.so.1
gx10-e146:63:63 [0] NCCL INFO [Rank 1] ncclCommInitRankConfig comm 0xb403ca161c90 rank 1 nranks 3 cudaDev 0 nvmlDev 0 busId f01000 commId 0x1c2c2532b3c9695e - Init START
gx10-e146:63:63 [0] NCCL INFO Socket handshake magic 0x564ab9f2fc4b9d6c (built-in default)
gx10-e146:63:63 [0] NCCL INFO RAS client listening socket at 127.0.0.1<28028>
gx10-e146:63:63 [0] NCCL INFO Topology detection: could not read /sys/devices/system/node/node4294967295/cpumap, using empty affinity
gx10-e146:63:63 [0] NCCL INFO TOPO/NET : Importing network plugins to topology
gx10-e146:63:63 [0] NCCL INFO NET/GIN_IB_GDAKI : GPU Direct RDMA Disabled for HCA 0 'rocep1s0f0'
gx10-e146:63:63 [0] NCCL INFO ncclTopoPopulateNics : Filled rocep1s0f0 in topo with pciPath=/sys/devices/pci0000:00/0000:00:00.0/0000:01:00.0 net=0 gin=1 rma=(null) keep=1 coll=(null) rail=-1 plane=-1
gx10-e146:63:63 [0] NCCL INFO NET/GIN_IB_GDAKI : GPU Direct RDMA Disabled for HCA 1 'rocep1s0f1'
gx10-e146:63:63 [0] NCCL INFO ncclTopoPopulateNics : Filled rocep1s0f1 in topo with pciPath=/sys/devices/pci0000:00/0000:00:00.0/0000:01:00.0 net=0 gin=1 rma=(null) keep=1 coll=(null) rail=-1 plane=-1
gx10-e146:63:63 [0] NCCL INFO NET/GIN_IB_GDAKI : GPU Direct RDMA Disabled for HCA 2 'roceP2p1s0f0'
gx10-e146:63:63 [0] NCCL INFO ncclTopoPopulateNics : Filled roceP2p1s0f0 in topo with pciPath=/sys/devices/pci0002:00/0002:00:00.0/0002:01:00.0 net=0 gin=1 rma=(null) keep=1 coll=(null) rail=-1 plane=-1
gx10-e146:63:63 [0] NCCL INFO NET/GIN_IB_GDAKI : GPU Direct RDMA Disabled for HCA 3 'roceP2p1s0f1'
gx10-e146:63:63 [0] NCCL INFO ncclTopoPopulateNics : Filled roceP2p1s0f1 in topo with pciPath=/sys/devices/pci0002:00/0002:00:00.0/0002:01:00.0 net=0 gin=1 rma=(null) keep=1 coll=(null) rail=-1 plane=-1
gx10-e146:63:63 [0] NCCL INFO NET/RMA_IB_PROXY : GPU Direct RDMA Disabled for HCA 0 'rocep1s0f0'
gx10-e146:63:63 [0] NCCL INFO ncclTopoPopulateNics : Filled rocep1s0f0 in topo with pciPath=/sys/devices/pci0000:00/0000:00:00.0/0000:01:00.0 net=0 gin=1 rma=1 keep=1 coll=(null) rail=-1 plane=-1
gx10-e146:63:63 [0] NCCL INFO NET/RMA_IB_PROXY : GPU Direct RDMA Disabled for HCA 1 'rocep1s0f1'
gx10-e146:63:63 [0] NCCL INFO ncclTopoPopulateNics : Filled rocep1s0f1 in topo with pciPath=/sys/devices/pci0000:00/0000:00:00.0/0000:01:00.0 net=0 gin=1 rma=1 keep=1 coll=(null) rail=-1 plane=-1
gx10-e146:63:63 [0] NCCL INFO NET/RMA_IB_PROXY : GPU Direct RDMA Disabled for HCA 2 'roceP2p1s0f0'
gx10-e146:63:63 [0] NCCL INFO ncclTopoPopulateNics : Filled roceP2p1s0f0 in topo with pciPath=/sys/devices/pci0002:00/0002:00:00.0/0002:01:00.0 net=0 gin=1 rma=1 keep=1 coll=(null) rail=-1 plane=-1
gx10-e146:63:63 [0] NCCL INFO NET/RMA_IB_PROXY : GPU Direct RDMA Disabled for HCA 3 'roceP2p1s0f1'
gx10-e146:63:63 [0] NCCL INFO ncclTopoPopulateNics : Filled roceP2p1s0f1 in topo with pciPath=/sys/devices/pci0002:00/0002:00:00.0/0002:01:00.0 net=0 gin=1 rma=1 keep=1 coll=(null) rail=-1 plane=-1
gx10-e146:63:63 [0] NCCL INFO NET/IB : GPU Direct RDMA Disabled for HCA 0 'rocep1s0f0'
gx10-e146:63:63 [0] NCCL INFO ncclTopoPopulateNics : Filled rocep1s0f0 in topo with pciPath=/sys/devices/pci0000:00/0000:00:00.0/0000:01:00.0 net=1 gin=1 rma=1 keep=1 coll=(null) rail=-1 plane=-1
gx10-e146:63:63 [0] NCCL INFO NET/IB : GPU Direct RDMA Disabled for HCA 1 'rocep1s0f1'
gx10-e146:63:63 [0] NCCL INFO ncclTopoPopulateNics : Filled rocep1s0f1 in topo with pciPath=/sys/devices/pci0000:00/0000:00:00.0/0000:01:00.0 net=1 gin=1 rma=1 keep=1 coll=(null) rail=-1 plane=-1
gx10-e146:63:63 [0] NCCL INFO NET/IB : GPU Direct RDMA Disabled for HCA 2 'roceP2p1s0f0'
gx10-e146:63:63 [0] NCCL INFO ncclTopoPopulateNics : Filled roceP2p1s0f0 in topo with pciPath=/sys/devices/pci0002:00/0002:00:00.0/0002:01:00.0 net=1 gin=1 rma=1 keep=1 coll=(null) rail=-1 plane=-1
gx10-e146:63:63 [0] NCCL INFO NET/IB : GPU Direct RDMA Disabled for HCA 3 'roceP2p1s0f1'
gx10-e146:63:63 [0] NCCL INFO ncclTopoPopulateNics : Filled roceP2p1s0f1 in topo with pciPath=/sys/devices/pci0002:00/0002:00:00.0/0002:01:00.0 net=1 gin=1 rma=1 keep=1 coll=(null) rail=-1 plane=-1
gx10-e146:63:63 [0] NCCL INFO NET/IB : Made virtual device [4] name=rocep1s0f0+rocep1s0f1 speed=400000 ndevs=2 rail=-1 plane=16385
gx10-e146:63:63 [0] NCCL INFO TOPO/NET : Made vNic 4
gx10-e146:63:63 [0] NCCL INFO NET/IB : Made virtual device [5] name=roceP2p1s0f0+roceP2p1s0f1 speed=400000 ndevs=2 rail=-1 plane=16385
gx10-e146:63:63 [0] NCCL INFO TOPO/NET : Made vNic 5
gx10-e146:63:63 [0] NCCL INFO NET/IB : GPU Direct RDMA Disabled for HCA 4 'rocep1s0f0+rocep1s0f1'
gx10-e146:63:63 [0] NCCL INFO ncclTopoPopulateNics : Filled rocep1s0f0+rocep1s0f1 in topo with pciPath=/sys/devices/pci0000:00/0000:00:00.0/0000:01:00.0 net=1 gin=(null) rma=(null) keep=1 coll=(null) rail=-1 plane=16385
gx10-e146:63:63 [0] NCCL INFO NET/IB : GPU Direct RDMA Disabled for HCA 5 'roceP2p1s0f0+roceP2p1s0f1'
gx10-e146:63:63 [0] NCCL INFO ncclTopoPopulateNics : Filled roceP2p1s0f0+roceP2p1s0f1 in topo with pciPath=/sys/devices/pci0002:00/0002:00:00.0/0002:01:00.0 net=1 gin=(null) rma=(null) keep=1 coll=(null) rail=-1 plane=16385
gx10-e146:63:63 [0] NCCL INFO === System : maxBw 12.0 totalBw 0.2 ===
gx10-e146:63:63 [0] NCCL INFO CPU/0-ffffffffffffff (3/-1/-1)
gx10-e146:63:63 [0] NCCL INFO + C2C[345.0] - DEV/0-f01000
gx10-e146:63:63 [0] NCCL INFO + PCI[12.0] - NIC/0-1000
gx10-e146:63:63 [0] NCCL INFO               + NET[50.0] - NET/0-4 (0/47e1bf000399c530/1/50.000000)
gx10-e146:63:63 [0] NCCL INFO               + NET[25.0] - GIN/0-0
gx10-e146:63:63 [0] NCCL INFO               + NET[25.0] - RMA/0-0
gx10-e146:63:63 [0] NCCL INFO               + NET[25.0] - GIN/0-1
gx10-e146:63:63 [0] NCCL INFO               + NET[25.0] - RMA/0-1
gx10-e146:63:63 [0] NCCL INFO + PCI[12.0] - NIC/0-201000
gx10-e146:63:63 [0] NCCL INFO               + NET[50.0] - NET/0-5 (0/47e1bf000399c530/1/50.000000)
gx10-e146:63:63 [0] NCCL INFO               + NET[25.0] - GIN/0-2
gx10-e146:63:63 [0] NCCL INFO               + NET[25.0] - RMA/0-2
gx10-e146:63:63 [0] NCCL INFO               + NET[25.0] - GIN/0-3
gx10-e146:63:63 [0] NCCL INFO               + NET[25.0] - RMA/0-3
gx10-e146:63:63 [0] NCCL INFO + PCI[0.2] - DEV/0-f01000 (10de2e1210de0000)
gx10-e146:63:63 [0] NCCL INFO              + LOC[5000.0] - GPU/0-f01000
gx10-e146:63:63 [0] NCCL INFO              + C2C[345.0] - CPU/0-ffffffffffffff
gx10-e146:63:63 [0] NCCL INFO ==========================================
gx10-e146:63:63 [0] NCCL INFO GPU/0-f01000 :GPU/0-f01000 (0/5000.0/LOC) CPU/0-ffffffffffffff (2/345.0/C2C) NET/0-4 (4/12.0/P2C) NET/0-5 (4/12.0/P2C) GIN/0-0 (4/12.0/PHB) GIN/0-1 (4/12.0/PHB) GIN/0-2 (4/12.0/PHB) GIN/0-3 (4/12.0/PHB) RMA/0-0 (4/12.0/PHB) RMA/0-1 (4/12.0/PHB) RMA/0-2 (4/12.0/PHB) RMA/0-3 (4/12.0/PHB) DEV/0-f01000 (1/5000.0/LOC) 
gx10-e146:63:63 [0] NCCL INFO NET/0-4 :GPU/0-f01000 (4/12.0/P2C) CPU/0-ffffffffffffff (2/12.0/PHB) NET/0-4 (0/5000.0/LOC) NET/0-5 (4/12.0/PHB) GIN/0-0 (2/25.0/LOC) GIN/0-1 (2/25.0/LOC) GIN/0-2 (4/12.0/PHB) GIN/0-3 (4/12.0/PHB) RMA/0-0 (2/25.0/LOC) RMA/0-1 (2/25.0/LOC) RMA/0-2 (4/12.0/PHB) RMA/0-3 (4/12.0/PHB) DEV/0-f01000 (3/12.0/PHB) 
gx10-e146:63:63 [0] NCCL INFO NET/0-5 :GPU/0-f01000 (4/12.0/P2C) CPU/0-ffffffffffffff (2/12.0/PHB) NET/0-4 (4/12.0/PHB) NET/0-5 (0/5000.0/LOC) GIN/0-0 (4/12.0/PHB) GIN/0-1 (4/12.0/PHB) GIN/0-2 (2/25.0/LOC) GIN/0-3 (2/25.0/LOC) RMA/0-0 (4/12.0/PHB) RMA/0-1 (4/12.0/PHB) RMA/0-2 (2/25.0/LOC) RMA/0-3 (2/25.0/LOC) DEV/0-f01000 (3/12.0/PHB) 
gx10-e146:63:63 [0] NCCL INFO GIN/0-0 :GPU/0-f01000 (4/12.0/PHB) CPU/0-ffffffffffffff (2/12.0/PHB) NET/0-4 (2/25.0/LOC) NET/0-5 (4/12.0/PHB) GIN/0-0 (0/5000.0/LOC) GIN/0-1 (2/25.0/LOC) GIN/0-2 (4/12.0/PHB) GIN/0-3 (4/12.0/PHB) RMA/0-0 (2/25.0/LOC) RMA/0-1 (2/25.0/LOC) RMA/0-2 (4/12.0/PHB) RMA/0-3 (4/12.0/PHB) DEV/0-f01000 (3/12.0/PHB) 
gx10-e146:63:63 [0] NCCL INFO GIN/0-1 :GPU/0-f01000 (4/12.0/PHB) CPU/0-ffffffffffffff (2/12.0/PHB) NET/0-4 (2/25.0/LOC) NET/0-5 (4/12.0/PHB) GIN/0-0 (2/25.0/LOC) GIN/0-1 (0/5000.0/LOC) GIN/0-2 (4/12.0/PHB) GIN/0-3 (4/12.0/PHB) RMA/0-0 (2/25.0/LOC) RMA/0-1 (2/25.0/LOC) RMA/0-2 (4/12.0/PHB) RMA/0-3 (4/12.0/PHB) DEV/0-f01000 (3/12.0/PHB) 
gx10-e146:63:63 [0] NCCL INFO GIN/0-2 :GPU/0-f01000 (4/12.0/PHB) CPU/0-ffffffffffffff (2/12.0/PHB) NET/0-4 (4/12.0/PHB) NET/0-5 (2/25.0/LOC) GIN/0-0 (4/12.0/PHB) GIN/0-1 (4/12.0/PHB) GIN/0-2 (0/5000.0/LOC) GIN/0-3 (2/25.0/LOC) RMA/0-0 (4/12.0/PHB) RMA/0-1 (4/12.0/PHB) RMA/0-2 (2/25.0/LOC) RMA/0-3 (2/25.0/LOC) DEV/0-f01000 (3/12.0/PHB) 
gx10-e146:63:63 [0] NCCL INFO GIN/0-3 :GPU/0-f01000 (4/12.0/PHB) CPU/0-ffffffffffffff (2/12.0/PHB) NET/0-4 (4/12.0/PHB) NET/0-5 (2/25.0/LOC) GIN/0-0 (4/12.0/PHB) GIN/0-1 (4/12.0/PHB) GIN/0-2 (2/25.0/LOC) GIN/0-3 (0/5000.0/LOC) RMA/0-0 (4/12.0/PHB) RMA/0-1 (4/12.0/PHB) RMA/0-2 (2/25.0/LOC) RMA/0-3 (2/25.0/LOC) DEV/0-f01000 (3/12.0/PHB) 
gx10-e146:63:63 [0] NCCL INFO RMA/0-0 :GPU/0-f01000 (4/12.0/PHB) CPU/0-ffffffffffffff (2/12.0/PHB) NET/0-4 (2/25.0/LOC) NET/0-5 (4/12.0/PHB) GIN/0-0 (2/25.0/LOC) GIN/0-1 (2/25.0/LOC) GIN/0-2 (4/12.0/PHB) GIN/0-3 (4/12.0/PHB) RMA/0-0 (0/5000.0/LOC) RMA/0-1 (2/25.0/LOC) RMA/0-2 (4/12.0/PHB) RMA/0-3 (4/12.0/PHB) DEV/0-f01000 (3/12.0/PHB) 
gx10-e146:63:63 [0] NCCL INFO RMA/0-1 :GPU/0-f01000 (4/12.0/PHB) CPU/0-ffffffffffffff (2/12.0/PHB) NET/0-4 (2/25.0/LOC) NET/0-5 (4/12.0/PHB) GIN/0-0 (2/25.0/LOC) GIN/0-1 (2/25.0/LOC) GIN/0-2 (4/12.0/PHB) GIN/0-3 (4/12.0/PHB) RMA/0-0 (2/25.0/LOC) RMA/0-1 (0/5000.0/LOC) RMA/0-2 (4/12.0/PHB) RMA/0-3 (4/12.0/PHB) DEV/0-f01000 (3/12.0/PHB) 
gx10-e146:63:63 [0] NCCL INFO RMA/0-2 :GPU/0-f01000 (4/12.0/PHB) CPU/0-ffffffffffffff (2/12.0/PHB) NET/0-4 (4/12.0/PHB) NET/0-5 (2/25.0/LOC) GIN/0-0 (4/12.0/PHB) GIN/0-1 (4/12.0/PHB) GIN/0-2 (2/25.0/LOC) GIN/0-3 (2/25.0/LOC) RMA/0-0 (4/12.0/PHB) RMA/0-1 (4/12.0/PHB) RMA/0-2 (0/5000.0/LOC) RMA/0-3 (2/25.0/LOC) DEV/0-f01000 (3/12.0/PHB) 
gx10-e146:63:63 [0] NCCL INFO RMA/0-3 :GPU/0-f01000 (4/12.0/PHB) CPU/0-ffffffffffffff (2/12.0/PHB) NET/0-4 (4/12.0/PHB) NET/0-5 (2/25.0/LOC) GIN/0-0 (4/12.0/PHB) GIN/0-1 (4/12.0/PHB) GIN/0-2 (2/25.0/LOC) GIN/0-3 (2/25.0/LOC) RMA/0-0 (4/12.0/PHB) RMA/0-1 (4/12.0/PHB) RMA/0-2 (2/25.0/LOC) RMA/0-3 (0/5000.0/LOC) DEV/0-f01000 (3/12.0/PHB) 
gx10-e146:63:63 [0] NCCL INFO ncclTopoGetCpuAffinity: Affinity for GPU 0 is empty, ignoring. (GPU affinity =  ; CPU affinity = 0-19).
gx10-e146:63:63 [0] NCCL INFO Pattern 4, crossNic 0, nChannels 32, bw 0.240000/0.240000, type LOC/P2C, sameChannels 1
gx10-e146:63:63 [0] NCCL INFO  0 : NET/0-4 GPU/0-f01000 NET/0-4
gx10-e146:63:63 [0] NCCL INFO  1 : NET/0-5 GPU/0-f01000 NET/0-4
gx10-e146:63:63 [0] NCCL INFO  2 : NET/0-4 GPU/0-f01000 NET/0-4
gx10-e146:63:63 [0] NCCL INFO  3 : NET/0-5 GPU/0-f01000 NET/0-4
gx10-e146:63:63 [0] NCCL INFO  4 : NET/0-4 GPU/0-f01000 NET/0-4
gx10-e146:63:63 [0] NCCL INFO  5 : NET/0-5 GPU/0-f01000 NET/0-4
gx10-e146:63:63 [0] NCCL INFO  6 : NET/0-4 GPU/0-f01000 NET/0-4
gx10-e146:63:63 [0] NCCL INFO  7 : NET/0-5 GPU/0-f01000 NET/0-4
gx10-e146:63:63 [0] NCCL INFO  8 : NET/0-4 GPU/0-f01000 NET/0-4
gx10-e146:63:63 [0] NCCL INFO  9 : NET/0-5 GPU/0-f01000 NET/0-4
gx10-e146:63:63 [0] NCCL INFO 10 : NET/0-4 GPU/0-f01000 NET/0-4
gx10-e146:63:63 [0] NCCL INFO 11 : NET/0-5 GPU/0-f01000 NET/0-4
gx10-e146:63:63 [0] NCCL INFO 12 : NET/0-4 GPU/0-f01000 NET/0-4
gx10-e146:63:63 [0] NCCL INFO 13 : NET/0-5 GPU/0-f01000 NET/0-4
gx10-e146:63:63 [0] NCCL INFO 14 : NET/0-4 GPU/0-f01000 NET/0-4
gx10-e146:63:63 [0] NCCL INFO 15 : NET/0-5 GPU/0-f01000 NET/0-4
gx10-e146:63:63 [0] NCCL INFO 16 : NET/0-4 GPU/0-f01000 NET/0-4
gx10-e146:63:63 [0] NCCL INFO 17 : NET/0-5 GPU/0-f01000 NET/0-4
gx10-e146:63:63 [0] NCCL INFO 18 : NET/0-4 GPU/0-f01000 NET/0-4
gx10-e146:63:63 [0] NCCL INFO 19 : NET/0-5 GPU/0-f01000 NET/0-4
gx10-e146:63:63 [0] NCCL INFO 20 : NET/0-4 GPU/0-f01000 NET/0-4
gx10-e146:63:63 [0] NCCL INFO 21 : NET/0-5 GPU/0-f01000 NET/0-4
gx10-e146:63:63 [0] NCCL INFO 22 : NET/0-4 GPU/0-f01000 NET/0-4
gx10-e146:63:63 [0] NCCL INFO 23 : NET/0-5 GPU/0-f01000 NET/0-4
gx10-e146:63:63 [0] NCCL INFO 24 : NET/0-4 GPU/0-f01000 NET/0-4
gx10-e146:63:63 [0] NCCL INFO 25 : NET/0-5 GPU/0-f01000 NET/0-4
gx10-e146:63:63 [0] NCCL INFO 26 : NET/0-4 GPU/0-f01000 NET/0-4
gx10-e146:63:63 [0] NCCL INFO 27 : NET/0-5 GPU/0-f01000 NET/0-4
gx10-e146:63:63 [0] NCCL INFO 28 : NET/0-4 GPU/0-f01000 NET/0-4
gx10-e146:63:63 [0] NCCL INFO 29 : NET/0-5 GPU/0-f01000 NET/0-4
gx10-e146:63:63 [0] NCCL INFO 30 : NET/0-4 GPU/0-f01000 NET/0-4
gx10-e146:63:63 [0] NCCL INFO 31 : NET/0-5 GPU/0-f01000 NET/0-4
gx10-e146:63:63 [0] NCCL INFO Pattern 3, crossNic 0, nChannels 32, bw 0.240000/0.120000, type LOC/P2C, sameChannels 1
gx10-e146:63:63 [0] NCCL INFO  0 : NET/0-4 GPU/0-f01000 NET/0-4
gx10-e146:63:63 [0] NCCL INFO  1 : NET/0-5 GPU/0-f01000 NET/0-5
gx10-e146:63:63 [0] NCCL INFO  2 : NET/0-4 GPU/0-f01000 NET/0-4
gx10-e146:63:63 [0] NCCL INFO  3 : NET/0-5 GPU/0-f01000 NET/0-5
gx10-e146:63:63 [0] NCCL INFO  4 : NET/0-4 GPU/0-f01000 NET/0-4
gx10-e146:63:63 [0] NCCL INFO  5 : NET/0-5 GPU/0-f01000 NET/0-5
gx10-e146:63:63 [0] NCCL INFO  6 : NET/0-4 GPU/0-f01000 NET/0-4
gx10-e146:63:63 [0] NCCL INFO  7 : NET/0-5 GPU/0-f01000 NET/0-5
gx10-e146:63:63 [0] NCCL INFO  8 : NET/0-4 GPU/0-f01000 NET/0-4
gx10-e146:63:63 [0] NCCL INFO  9 : NET/0-5 GPU/0-f01000 NET/0-5
gx10-e146:63:63 [0] NCCL INFO 10 : NET/0-4 GPU/0-f01000 NET/0-4
gx10-e146:63:63 [0] NCCL INFO 11 : NET/0-5 GPU/0-f01000 NET/0-5
gx10-e146:63:63 [0] NCCL INFO 12 : NET/0-4 GPU/0-f01000 NET/0-4
gx10-e146:63:63 [0] NCCL INFO 13 : NET/0-5 GPU/0-f01000 NET/0-5
gx10-e146:63:63 [0] NCCL INFO 14 : NET/0-4 GPU/0-f01000 NET/0-4
gx10-e146:63:63 [0] NCCL INFO 15 : NET/0-5 GPU/0-f01000 NET/0-5
gx10-e146:63:63 [0] NCCL INFO 16 : NET/0-4 GPU/0-f01000 NET/0-4
gx10-e146:63:63 [0] NCCL INFO 17 : NET/0-5 GPU/0-f01000 NET/0-5
gx10-e146:63:63 [0] NCCL INFO 18 : NET/0-4 GPU/0-f01000 NET/0-4
gx10-e146:63:63 [0] NCCL INFO 19 : NET/0-5 GPU/0-f01000 NET/0-5
gx10-e146:63:63 [0] NCCL INFO 20 : NET/0-4 GPU/0-f01000 NET/0-4
gx10-e146:63:63 [0] NCCL INFO 21 : NET/0-5 GPU/0-f01000 NET/0-5
gx10-e146:63:63 [0] NCCL INFO 22 : NET/0-4 GPU/0-f01000 NET/0-4
gx10-e146:63:63 [0] NCCL INFO 23 : NET/0-5 GPU/0-f01000 NET/0-5
gx10-e146:63:63 [0] NCCL INFO 24 : NET/0-4 GPU/0-f01000 NET/0-4
gx10-e146:63:63 [0] NCCL INFO 25 : NET/0-5 GPU/0-f01000 NET/0-5
gx10-e146:63:63 [0] NCCL INFO 26 : NET/0-4 GPU/0-f01000 NET/0-4
gx10-e146:63:63 [0] NCCL INFO 27 : NET/0-5 GPU/0-f01000 NET/0-5
gx10-e146:63:63 [0] NCCL INFO 28 : NET/0-4 GPU/0-f01000 NET/0-4
gx10-e146:63:63 [0] NCCL INFO 29 : NET/0-5 GPU/0-f01000 NET/0-5
gx10-e146:63:63 [0] NCCL INFO 30 : NET/0-4 GPU/0-f01000 NET/0-4
gx10-e146:63:63 [0] NCCL INFO 31 : NET/0-5 GPU/0-f01000 NET/0-5
gx10-e146:63:63 [0] NCCL INFO Rank 1: 6 Net devices
gx10-e146:63:63 [0] NCCL INFO Rank 1: 0 CollNet devices
gx10-e146:63:63 [0] NCCL INFO comm 0xb403ca161c90 rank 1 nRanks 3 nNodes 3 localRanks 1 localRank 0 MNNVL 0
gx10-e146:63:63 [0] NCCL INFO Tree 0 : 2 -> 1 -> -1/-1/-1
gx10-e146:63:63 [0] NCCL INFO Tree 32 : -1 -> 1 -> 0/-1/-1
gx10-e146:63:63 [0] NCCL INFO Tree 1 : 2 -> 1 -> -1/-1/-1
gx10-e146:63:63 [0] NCCL INFO Tree 33 : -1 -> 1 -> 0/-1/-1
gx10-e146:63:63 [0] NCCL INFO Tree 2 : 2 -> 1 -> -1/-1/-1
gx10-e146:63:63 [0] NCCL INFO Tree 34 : -1 -> 1 -> 0/-1/-1
gx10-e146:63:63 [0] NCCL INFO Tree 3 : 2 -> 1 -> -1/-1/-1
gx10-e146:63:63 [0] NCCL INFO Tree 35 : -1 -> 1 -> 0/-1/-1
gx10-e146:63:63 [0] NCCL INFO Tree 4 : 2 -> 1 -> -1/-1/-1
gx10-e146:63:63 [0] NCCL INFO Tree 36 : -1 -> 1 -> 0/-1/-1
gx10-e146:63:63 [0] NCCL INFO Tree 5 : 2 -> 1 -> -1/-1/-1
gx10-e146:63:63 [0] NCCL INFO Tree 37 : -1 -> 1 -> 0/-1/-1
gx10-e146:63:63 [0] NCCL INFO Tree 6 : 2 -> 1 -> -1/-1/-1
gx10-e146:63:63 [0] NCCL INFO Tree 38 : -1 -> 1 -> 0/-1/-1
gx10-e146:63:63 [0] NCCL INFO Tree 7 : 2 -> 1 -> -1/-1/-1
gx10-e146:63:63 [0] NCCL INFO Tree 39 : -1 -> 1 -> 0/-1/-1
gx10-e146:63:63 [0] NCCL INFO Tree 8 : 2 -> 1 -> -1/-1/-1
gx10-e146:63:63 [0] NCCL INFO Tree 40 : -1 -> 1 -> 0/-1/-1
gx10-e146:63:63 [0] NCCL INFO Tree 9 : 2 -> 1 -> -1/-1/-1
gx10-e146:63:63 [0] NCCL INFO Tree 41 : -1 -> 1 -> 0/-1/-1
gx10-e146:63:63 [0] NCCL INFO Tree 10 : 2 -> 1 -> -1/-1/-1
gx10-e146:63:63 [0] NCCL INFO Tree 42 : -1 -> 1 -> 0/-1/-1
gx10-e146:63:63 [0] NCCL INFO Tree 11 : 2 -> 1 -> -1/-1/-1
gx10-e146:63:63 [0] NCCL INFO Tree 43 : -1 -> 1 -> 0/-1/-1
gx10-e146:63:63 [0] NCCL INFO Tree 12 : 2 -> 1 -> -1/-1/-1
gx10-e146:63:63 [0] NCCL INFO Tree 44 : -1 -> 1 -> 0/-1/-1
gx10-e146:63:63 [0] NCCL INFO Tree 13 : 2 -> 1 -> -1/-1/-1
gx10-e146:63:63 [0] NCCL INFO Tree 45 : -1 -> 1 -> 0/-1/-1
gx10-e146:63:63 [0] NCCL INFO Tree 14 : 2 -> 1 -> -1/-1/-1
gx10-e146:63:63 [0] NCCL INFO Tree 46 : -1 -> 1 -> 0/-1/-1
gx10-e146:63:63 [0] NCCL INFO Tree 15 : 2 -> 1 -> -1/-1/-1
gx10-e146:63:63 [0] NCCL INFO Tree 47 : -1 -> 1 -> 0/-1/-1
gx10-e146:63:63 [0] NCCL INFO Tree 16 : 2 -> 1 -> -1/-1/-1
gx10-e146:63:63 [0] NCCL INFO Tree 48 : -1 -> 1 -> 0/-1/-1
gx10-e146:63:63 [0] NCCL INFO Tree 17 : 2 -> 1 -> -1/-1/-1
gx10-e146:63:63 [0] NCCL INFO Tree 49 : -1 -> 1 -> 0/-1/-1
gx10-e146:63:63 [0] NCCL INFO Tree 18 : 2 -> 1 -> -1/-1/-1
gx10-e146:63:63 [0] NCCL INFO Tree 50 : -1 -> 1 -> 0/-1/-1
gx10-e146:63:63 [0] NCCL INFO Tree 19 : 2 -> 1 -> -1/-1/-1
gx10-e146:63:63 [0] NCCL INFO Tree 51 : -1 -> 1 -> 0/-1/-1
gx10-e146:63:63 [0] NCCL INFO Tree 20 : 2 -> 1 -> -1/-1/-1
gx10-e146:63:63 [0] NCCL INFO Tree 52 : -1 -> 1 -> 0/-1/-1
gx10-e146:63:63 [0] NCCL INFO Tree 21 : 2 -> 1 -> -1/-1/-1
gx10-e146:63:63 [0] NCCL INFO Tree 53 : -1 -> 1 -> 0/-1/-1
gx10-e146:63:63 [0] NCCL INFO Tree 22 : 2 -> 1 -> -1/-1/-1
gx10-e146:63:63 [0] NCCL INFO Tree 54 : -1 -> 1 -> 0/-1/-1
gx10-e146:63:63 [0] NCCL INFO Tree 23 : 2 -> 1 -> -1/-1/-1
gx10-e146:63:63 [0] NCCL INFO Tree 55 : -1 -> 1 -> 0/-1/-1
gx10-e146:63:63 [0] NCCL INFO Tree 24 : 2 -> 1 -> -1/-1/-1
gx10-e146:63:63 [0] NCCL INFO Tree 56 : -1 -> 1 -> 0/-1/-1
gx10-e146:63:63 [0] NCCL INFO Tree 25 : 2 -> 1 -> -1/-1/-1
gx10-e146:63:63 [0] NCCL INFO Tree 57 : -1 -> 1 -> 0/-1/-1
gx10-e146:63:63 [0] NCCL INFO Tree 26 : 2 -> 1 -> -1/-1/-1
gx10-e146:63:63 [0] NCCL INFO Tree 58 : -1 -> 1 -> 0/-1/-1
gx10-e146:63:63 [0] NCCL INFO Tree 27 : 2 -> 1 -> -1/-1/-1
gx10-e146:63:63 [0] NCCL INFO Tree 59 : -1 -> 1 -> 0/-1/-1
gx10-e146:63:63 [0] NCCL INFO Tree 28 : 2 -> 1 -> -1/-1/-1
gx10-e146:63:63 [0] NCCL INFO Tree 60 : -1 -> 1 -> 0/-1/-1
gx10-e146:63:63 [0] NCCL INFO Tree 29 : 2 -> 1 -> -1/-1/-1
gx10-e146:63:63 [0] NCCL INFO Tree 61 : -1 -> 1 -> 0/-1/-1
gx10-e146:63:63 [0] NCCL INFO Tree 30 : 2 -> 1 -> -1/-1/-1
gx10-e146:63:63 [0] NCCL INFO Tree 62 : -1 -> 1 -> 0/-1/-1
gx10-e146:63:63 [0] NCCL INFO Tree 31 : 2 -> 1 -> -1/-1/-1
gx10-e146:63:63 [0] NCCL INFO Tree 63 : -1 -> 1 -> 0/-1/-1
gx10-e146:63:63 [0] NCCL INFO Ring 00 : 0 -> 1 -> 2
gx10-e146:63:63 [0] NCCL INFO Ring 01 : 0 -> 1 -> 2
gx10-e146:63:63 [0] NCCL INFO Ring 02 : 0 -> 1 -> 2
gx10-e146:63:63 [0] NCCL INFO Ring 03 : 0 -> 1 -> 2
gx10-e146:63:63 [0] NCCL INFO Ring 04 : 0 -> 1 -> 2
gx10-e146:63:63 [0] NCCL INFO Ring 05 : 0 -> 1 -> 2
gx10-e146:63:63 [0] NCCL INFO Ring 06 : 0 -> 1 -> 2
gx10-e146:63:63 [0] NCCL INFO Ring 07 : 0 -> 1 -> 2
gx10-e146:63:63 [0] NCCL INFO Ring 08 : 0 -> 1 -> 2
gx10-e146:63:63 [0] NCCL INFO Ring 09 : 0 -> 1 -> 2
gx10-e146:63:63 [0] NCCL INFO Ring 10 : 0 -> 1 -> 2
gx10-e146:63:63 [0] NCCL INFO Ring 11 : 0 -> 1 -> 2
gx10-e146:63:63 [0] NCCL INFO Ring 12 : 0 -> 1 -> 2
gx10-e146:63:63 [0] NCCL INFO Ring 13 : 0 -> 1 -> 2
gx10-e146:63:63 [0] NCCL INFO Ring 14 : 0 -> 1 -> 2
gx10-e146:63:63 [0] NCCL INFO Ring 15 : 0 -> 1 -> 2
gx10-e146:63:63 [0] NCCL INFO Ring 16 : 0 -> 1 -> 2
gx10-e146:63:63 [0] NCCL INFO Ring 17 : 0 -> 1 -> 2
gx10-e146:63:63 [0] NCCL INFO Ring 18 : 0 -> 1 -> 2
gx10-e146:63:63 [0] NCCL INFO Ring 19 : 0 -> 1 -> 2
gx10-e146:63:63 [0] NCCL INFO Ring 20 : 0 -> 1 -> 2
gx10-e146:63:63 [0] NCCL INFO Ring 21 : 0 -> 1 -> 2
gx10-e146:63:63 [0] NCCL INFO Ring 22 : 0 -> 1 -> 2
gx10-e146:63:63 [0] NCCL INFO Ring 23 : 0 -> 1 -> 2
gx10-e146:63:63 [0] NCCL INFO Ring 24 : 0 -> 1 -> 2
gx10-e146:63:63 [0] NCCL INFO Ring 25 : 0 -> 1 -> 2
gx10-e146:63:63 [0] NCCL INFO Ring 26 : 0 -> 1 -> 2
gx10-e146:63:63 [0] NCCL INFO Ring 27 : 0 -> 1 -> 2
gx10-e146:63:63 [0] NCCL INFO Ring 28 : 0 -> 1 -> 2
gx10-e146:63:63 [0] NCCL INFO Ring 29 : 0 -> 1 -> 2
gx10-e146:63:63 [0] NCCL INFO Ring 30 : 0 -> 1 -> 2
gx10-e146:63:63 [0] NCCL INFO Ring 31 : 0 -> 1 -> 2
gx10-e146:63:63 [0] NCCL INFO Ring 32 : 0 -> 1 -> 2
gx10-e146:63:63 [0] NCCL INFO Ring 33 : 0 -> 1 -> 2
gx10-e146:63:63 [0] NCCL INFO Ring 34 : 0 -> 1 -> 2
gx10-e146:63:63 [0] NCCL INFO Ring 35 : 0 -> 1 -> 2
gx10-e146:63:63 [0] NCCL INFO Ring 36 : 0 -> 1 -> 2
gx10-e146:63:63 [0] NCCL INFO Ring 37 : 0 -> 1 -> 2
gx10-e146:63:63 [0] NCCL INFO Ring 38 : 0 -> 1 -> 2
gx10-e146:63:63 [0] NCCL INFO Ring 39 : 0 -> 1 -> 2
gx10-e146:63:63 [0] NCCL INFO Ring 40 : 0 -> 1 -> 2
gx10-e146:63:63 [0] NCCL INFO Ring 41 : 0 -> 1 -> 2
gx10-e146:63:63 [0] NCCL INFO Ring 42 : 0 -> 1 -> 2
gx10-e146:63:63 [0] NCCL INFO Ring 43 : 0 -> 1 -> 2
gx10-e146:63:63 [0] NCCL INFO Ring 44 : 0 -> 1 -> 2
gx10-e146:63:63 [0] NCCL INFO Ring 45 : 0 -> 1 -> 2
gx10-e146:63:63 [0] NCCL INFO Ring 46 : 0 -> 1 -> 2
gx10-e146:63:63 [0] NCCL INFO Ring 47 : 0 -> 1 -> 2
gx10-e146:63:63 [0] NCCL INFO Ring 48 : 0 -> 1 -> 2
gx10-e146:63:63 [0] NCCL INFO Ring 49 : 0 -> 1 -> 2
gx10-e146:63:63 [0] NCCL INFO Ring 50 : 0 -> 1 -> 2
gx10-e146:63:63 [0] NCCL INFO Ring 51 : 0 -> 1 -> 2
gx10-e146:63:63 [0] NCCL INFO Ring 52 : 0 -> 1 -> 2
gx10-e146:63:63 [0] NCCL INFO Ring 53 : 0 -> 1 -> 2
gx10-e146:63:63 [0] NCCL INFO Ring 54 : 0 -> 1 -> 2
gx10-e146:63:63 [0] NCCL INFO Ring 55 : 0 -> 1 -> 2
gx10-e146:63:63 [0] NCCL INFO Ring 56 : 0 -> 1 -> 2
gx10-e146:63:63 [0] NCCL INFO Ring 57 : 0 -> 1 -> 2
gx10-e146:63:63 [0] NCCL INFO Ring 58 : 0 -> 1 -> 2
gx10-e146:63:63 [0] NCCL INFO Ring 59 : 0 -> 1 -> 2
gx10-e146:63:63 [0] NCCL INFO Ring 60 : 0 -> 1 -> 2
gx10-e146:63:63 [0] NCCL INFO Ring 61 : 0 -> 1 -> 2
gx10-e146:63:63 [0] NCCL INFO Ring 62 : 0 -> 1 -> 2
gx10-e146:63:63 [0] NCCL INFO Ring 63 : 0 -> 1 -> 2
gx10-e146:63:63 [0] NCCL INFO Trees [0] -1/-1/-1->1->2 [1] -1/-1/-1->1->2 [2] -1/-1/-1->1->2 [3] -1/-1/-1->1->2 [4] -1/-1/-1->1->2 [5] -1/-1/-1->1->2 [6] -1/-1/-1->1->2 [7] -1/-1/-1->1->2 [8] -1/-1/-1->1->2 [9] -1/-1/-1->1->2 [10] -1/-1/-1->1->2 [11] -1/-1/-1->1->2 [12] -1/-1/-1->1->2 [13] -1/-1/-1->1->2 [14] -1/-1/-1->1->2 [15] -1/-1/-1->1->2 [16] -1/-1/-1->1->2 [17] -1/-1/-1->1->2 [18] -1/-1/-1->1->2 [19] -1/-1/-1->1->2 [20] -1/-1/-1->1->2 [21] -1/-1/-1->1->2 [22] -1/-1/-1->1->2 [23] -1/-1/-1->1->2 [24] -1/-1/-1->1->2 [25] -1/-1/-1->1->2 [26] -1/-1/-1->1->2 [27] -1/-1/-1->1->2 [28] -1/-1/-1->1->2 [29] -1/-1/-1->1->2 [30] -1/-1/-1->1->2 [31] -1/-1/-1->1->2 [32] 0/-1/-1->1->-1 [33] 0/-1/-1->1->-1 [34] 0/-1/-1->1->-1 [35] 0/-1/-1->1->-1 [36] 0/-1/-1->1->-1 [37] 0/-1/-1->1->-1 [38] 0/-1/-1->1->-1 [39] 0/-1/-1->1->-1 [40] 0/-1/-1->1->-1 [41] 0/-1/-1->1->-1 [42] 0/-1/-1->1->-1 [43] 0/-1/-1->1->-1 [44] 0/-1/-1->1->-1 [45] 0/-1/-1->1->-1 [46] 0/-1/-1->1->-1 [47] 0/-1/-1->1->-1 [48] 0/-1/-1->1->-1 [49] 0/-1/-1->1->-1 [50] 0/-1/-1->1->-1 [51] 0/-1/-
gx10-e146:63:63 [0] NCCL INFO P2P Chunksize set to 262144
gx10-e146:63:63 [0] NCCL INFO Tuning P2P operations with maxP2pPeers = 3
gx10-e146:63:63 [0] NCCL INFO ncclOsDlopen(libnccl-profiler.so) failed: libnccl-profiler.so: cannot open shared object file: No such file or directory
gx10-e146:63:63 [0] NCCL INFO PROFILER/Plugin: Could not find: libnccl-profiler.so
gx10-e146:63:63 [0] NCCL INFO Check P2P Type isAllDirectP2p 1 directMode 0 isAllCudaP2p 1
gx10-e146:63:63 [0] NCCL INFO ncclP2pSchedule: group size used is 1
gx10-e146:63:74 [0] NCCL INFO [Proxy Service UDS] Device 0 CPU core 18
gx10-e146:63:73 [0] NCCL INFO [Proxy Service] Device 0 CPU core 9
gx10-e146:63:73 [0] NCCL INFO proxy listening socket at 192.168.1.50<43595>
gx10-e146:63:63 [0] NCCL INFO ncclOsDlopen(libnccl-tuner.so) failed: libnccl-tuner.so: cannot open shared object file: No such file or directory
gx10-e146:63:63 [0] NCCL INFO TUNER/Plugin: Could not find: libnccl-tuner.so
gx10-e146:63:63 [0] NCCL INFO threadThresholds 8/8/64 | 24/8/64 | 512 | 512
gx10-e146:63:63 [0] NCCL INFO 64 coll channels, 64 collnet channels, 0 nvls channels, 64 p2p channels, 2 p2p channels per peer
gx10-e146:63:63 [0] NCCL INFO Symmetric memory is not supported. cuMemEnable 1, globalGinSupport 0, cuMemGdrSupport 0
gx10-e146:63:63 [0] NCCL INFO ncclCommInitRankConfig comm 0xb403ca161c90 rank 1 nranks 3 cudaDev 0 nvmlDev 0 busId f01000 commId 0x1c2c2532b3c9695e - Init COMPLETE
gx10-e146:63:63 [0] NCCL INFO Init timings - ncclCommInitRankConfig: rank 1 nranks 3 total 0.33 (kernels 0.17, alloc 0.05, bootstrap 0.05, allgathers 0.02, topo 0.01, graphs 0.00, connections 0.02, rest 0.00)
gx10-e146:63:63 [0] NCCL INFO Symmetric VA size=124GB
gx10-e146:63:73 [0] NCCL INFO NCCL_IB_SUBNET_AWARE_ROUTING set by environment to 1.
gx10-e146:63:63 [0] NCCL INFO Channel 00/0 : 0[0] -> 1[0] [receive] via NET/IB/4
gx10-e146:63:75 [0] NCCL INFO [Proxy Progress] Device 0 CPU core 0
gx10-e146:63:63 [0] NCCL INFO Channel 01/0 : 0[0] -> 1[0] [receive] via NET/IB/5
gx10-e146:63:63 [0] NCCL INFO Channel 02/0 : 0[0] -> 1[0] [receive] via NET/IB/4
gx10-e146:63:63 [0] NCCL INFO Channel 03/0 : 0[0] -> 1[0] [receive] via NET/IB/5
gx10-e146:63:63 [0] NCCL INFO Channel 04/0 : 0[0] -> 1[0] [receive] via NET/IB/4
gx10-e146:63:63 [0] NCCL INFO Channel 05/0 : 0[0] -> 1[0] [receive] via NET/IB/5
gx10-e146:63:63 [0] NCCL INFO Channel 06/0 : 0[0] -> 1[0] [receive] via NET/IB/4
gx10-e146:63:63 [0] NCCL INFO Channel 07/0 : 0[0] -> 1[0] [receive] via NET/IB/5
gx10-e146:63:63 [0] NCCL INFO Channel 08/0 : 0[0] -> 1[0] [receive] via NET/IB/4
gx10-e146:63:63 [0] NCCL INFO Channel 09/0 : 0[0] -> 1[0] [receive] via NET/IB/5
gx10-e146:63:63 [0] NCCL INFO Channel 10/0 : 0[0] -> 1[0] [receive] via NET/IB/4
gx10-e146:63:63 [0] NCCL INFO Channel 11/0 : 0[0] -> 1[0] [receive] via NET/IB/5
gx10-e146:63:63 [0] NCCL INFO Channel 12/0 : 0[0] -> 1[0] [receive] via NET/IB/4
gx10-e146:63:63 [0] NCCL INFO Channel 13/0 : 0[0] -> 1[0] [receive] via NET/IB/5
gx10-e146:63:63 [0] NCCL INFO Channel 14/0 : 0[0] -> 1[0] [receive] via NET/IB/4
gx10-e146:63:63 [0] NCCL INFO Channel 15/0 : 0[0] -> 1[0] [receive] via NET/IB/5
gx10-e146:63:63 [0] NCCL INFO Channel 16/0 : 0[0] -> 1[0] [receive] via NET/IB/4
gx10-e146:63:63 [0] NCCL INFO Channel 17/0 : 0[0] -> 1[0] [receive] via NET/IB/5
gx10-e146:63:63 [0] NCCL INFO Channel 18/0 : 0[0] -> 1[0] [receive] via NET/IB/4
gx10-e146:63:63 [0] NCCL INFO Channel 19/0 : 0[0] -> 1[0] [receive] via NET/IB/5
gx10-e146:63:63 [0] NCCL INFO Channel 20/0 : 0[0] -> 1[0] [receive] via NET/IB/4
gx10-e146:63:63 [0] NCCL INFO Channel 21/0 : 0[0] -> 1[0] [receive] via NET/IB/5
gx10-e146:63:63 [0] NCCL INFO Channel 22/0 : 0[0] -> 1[0] [receive] via NET/IB/4
gx10-e146:63:63 [0] NCCL INFO Channel 23/0 : 0[0] -> 1[0] [receive] via NET/IB/5
gx10-e146:63:63 [0] NCCL INFO Channel 24/0 : 0[0] -> 1[0] [receive] via NET/IB/4
gx10-e146:63:63 [0] NCCL INFO Channel 25/0 : 0[0] -> 1[0] [receive] via NET/IB/5
gx10-e146:63:63 [0] NCCL INFO Channel 26/0 : 0[0] -> 1[0] [receive] via NET/IB/4
gx10-e146:63:63 [0] NCCL INFO Channel 27/0 : 0[0] -> 1[0] [receive] via NET/IB/5
gx10-e146:63:63 [0] NCCL INFO Channel 28/0 : 0[0] -> 1[0] [receive] via NET/IB/4
gx10-e146:63:63 [0] NCCL INFO Channel 29/0 : 0[0] -> 1[0] [receive] via NET/IB/5
gx10-e146:63:63 [0] NCCL INFO Channel 30/0 : 0[0] -> 1[0] [receive] via NET/IB/4
gx10-e146:63:63 [0] NCCL INFO Channel 31/0 : 0[0] -> 1[0] [receive] via NET/IB/5
gx10-e146:63:63 [0] NCCL INFO Channel 32/0 : 0[0] -> 1[0] [receive] via NET/IB/4
gx10-e146:63:63 [0] NCCL INFO Channel 33/0 : 0[0] -> 1[0] [receive] via NET/IB/5
gx10-e146:63:63 [0] NCCL INFO Channel 34/0 : 0[0] -> 1[0] [receive] via NET/IB/4
gx10-e146:63:63 [0] NCCL INFO Channel 35/0 : 0[0] -> 1[0] [receive] via NET/IB/5
gx10-e146:63:63 [0] NCCL INFO Channel 36/0 : 0[0] -> 1[0] [receive] via NET/IB/4
gx10-e146:63:63 [0] NCCL INFO Channel 37/0 : 0[0] -> 1[0] [receive] via NET/IB/5
gx10-e146:63:63 [0] NCCL INFO Channel 38/0 : 0[0] -> 1[0] [receive] via NET/IB/4
gx10-e146:63:63 [0] NCCL INFO Channel 39/0 : 0[0] -> 1[0] [receive] via NET/IB/5
gx10-e146:63:63 [0] NCCL INFO Channel 40/0 : 0[0] -> 1[0] [receive] via NET/IB/4
gx10-e146:63:63 [0] NCCL INFO Channel 41/0 : 0[0] -> 1[0] [receive] via NET/IB/5
gx10-e146:63:63 [0] NCCL INFO Channel 42/0 : 0[0] -> 1[0] [receive] via NET/IB/4
gx10-e146:63:63 [0] NCCL INFO Channel 43/0 : 0[0] -> 1[0] [receive] via NET/IB/5
gx10-e146:63:63 [0] NCCL INFO Channel 44/0 : 0[0] -> 1[0] [receive] via NET/IB/4
gx10-e146:63:63 [0] NCCL INFO Channel 45/0 : 0[0] -> 1[0] [receive] via NET/IB/5
gx10-e146:63:63 [0] NCCL INFO Channel 46/0 : 0[0] -> 1[0] [receive] via NET/IB/4
gx10-e146:63:63 [0] NCCL INFO Channel 47/0 : 0[0] -> 1[0] [receive] via NET/IB/5
gx10-e146:63:63 [0] NCCL INFO Channel 48/0 : 0[0] -> 1[0] [receive] via NET/IB/4
gx10-e146:63:63 [0] NCCL INFO Channel 49/0 : 0[0] -> 1[0] [receive] via NET/IB/5
gx10-e146:63:63 [0] NCCL INFO Channel 50/0 : 0[0] -> 1[0] [receive] via NET/IB/4
gx10-e146:63:63 [0] NCCL INFO Channel 51/0 : 0[0] -> 1[0] [receive] via NET/IB/5
gx10-e146:63:63 [0] NCCL INFO Channel 52/0 : 0[0] -> 1[0] [receive] via NET/IB/4
gx10-e146:63:63 [0] NCCL INFO Channel 53/0 : 0[0] -> 1[0] [receive] via NET/IB/5
gx10-e146:63:63 [0] NCCL INFO Channel 54/0 : 0[0] -> 1[0] [receive] via NET/IB/4
gx10-e146:63:63 [0] NCCL INFO Channel 55/0 : 0[0] -> 1[0] [receive] via NET/IB/5
gx10-e146:63:63 [0] NCCL INFO Channel 56/0 : 0[0] -> 1[0] [receive] via NET/IB/4
gx10-e146:63:63 [0] NCCL INFO Channel 57/0 : 0[0] -> 1[0] [receive] via NET/IB/5
gx10-e146:63:63 [0] NCCL INFO Channel 58/0 : 0[0] -> 1[0] [receive] via NET/IB/4
gx10-e146:63:63 [0] NCCL INFO Channel 59/0 : 0[0] -> 1[0] [receive] via NET/IB/5
gx10-e146:63:63 [0] NCCL INFO Channel 60/0 : 0[0] -> 1[0] [receive] via NET/IB/4
gx10-e146:63:63 [0] NCCL INFO Channel 61/0 : 0[0] -> 1[0] [receive] via NET/IB/5
gx10-e146:63:63 [0] NCCL INFO Channel 62/0 : 0[0] -> 1[0] [receive] via NET/IB/4
gx10-e146:63:63 [0] NCCL INFO Channel 63/0 : 0[0] -> 1[0] [receive] via NET/IB/5
gx10-e146:63:63 [0] NCCL INFO Channel 00/0 : 1[0] -> 2[0] [send] via NET/IB/4
gx10-e146:63:63 [0] NCCL INFO Channel 01/0 : 1[0] -> 2[0] [send] via NET/IB/5
gx10-e146:63:63 [0] NCCL INFO Channel 02/0 : 1[0] -> 2[0] [send] via NET/IB/4
gx10-e146:63:63 [0] NCCL INFO Channel 03/0 : 1[0] -> 2[0] [send] via NET/IB/5
gx10-e146:63:63 [0] NCCL INFO Channel 04/0 : 1[0] -> 2[0] [send] via NET/IB/4
gx10-e146:63:63 [0] NCCL INFO Channel 05/0 : 1[0] -> 2[0] [send] via NET/IB/5
gx10-e146:63:63 [0] NCCL INFO Channel 06/0 : 1[0] -> 2[0] [send] via NET/IB/4
gx10-e146:63:63 [0] NCCL INFO Channel 07/0 : 1[0] -> 2[0] [send] via NET/IB/5
gx10-e146:63:63 [0] NCCL INFO Channel 08/0 : 1[0] -> 2[0] [send] via NET/IB/4
gx10-e146:63:63 [0] NCCL INFO Channel 09/0 : 1[0] -> 2[0] [send] via NET/IB/5
gx10-e146:63:63 [0] NCCL INFO Channel 10/0 : 1[0] -> 2[0] [send] via NET/IB/4
gx10-e146:63:63 [0] NCCL INFO Channel 11/0 : 1[0] -> 2[0] [send] via NET/IB/5
gx10-e146:63:63 [0] NCCL INFO Channel 12/0 : 1[0] -> 2[0] [send] via NET/IB/4
gx10-e146:63:63 [0] NCCL INFO Channel 13/0 : 1[0] -> 2[0] [send] via NET/IB/5
gx10-e146:63:63 [0] NCCL INFO Channel 14/0 : 1[0] -> 2[0] [send] via NET/IB/4
gx10-e146:63:63 [0] NCCL INFO Channel 15/0 : 1[0] -> 2[0] [send] via NET/IB/5
gx10-e146:63:63 [0] NCCL INFO Channel 16/0 : 1[0] -> 2[0] [send] via NET/IB/4
gx10-e146:63:63 [0] NCCL INFO Channel 17/0 : 1[0] -> 2[0] [send] via NET/IB/5
gx10-e146:63:63 [0] NCCL INFO Channel 18/0 : 1[0] -> 2[0] [send] via NET/IB/4
gx10-e146:63:63 [0] NCCL INFO Channel 19/0 : 1[0] -> 2[0] [send] via NET/IB/5
gx10-e146:63:63 [0] NCCL INFO Channel 20/0 : 1[0] -> 2[0] [send] via NET/IB/4
gx10-e146:63:63 [0] NCCL INFO Channel 21/0 : 1[0] -> 2[0] [send] via NET/IB/5
gx10-e146:63:63 [0] NCCL INFO Channel 22/0 : 1[0] -> 2[0] [send] via NET/IB/4
gx10-e146:63:63 [0] NCCL INFO Channel 23/0 : 1[0] -> 2[0] [send] via NET/IB/5
gx10-e146:63:63 [0] NCCL INFO Channel 24/0 : 1[0] -> 2[0] [send] via NET/IB/4
gx10-e146:63:63 [0] NCCL INFO Channel 25/0 : 1[0] -> 2[0] [send] via NET/IB/5
gx10-e146:63:63 [0] NCCL INFO Channel 26/0 : 1[0] -> 2[0] [send] via NET/IB/4
gx10-e146:63:63 [0] NCCL INFO Channel 27/0 : 1[0] -> 2[0] [send] via NET/IB/5
gx10-e146:63:63 [0] NCCL INFO Channel 28/0 : 1[0] -> 2[0] [send] via NET/IB/4
gx10-e146:63:63 [0] NCCL INFO Channel 29/0 : 1[0] -> 2[0] [send] via NET/IB/5
gx10-e146:63:63 [0] NCCL INFO Channel 30/0 : 1[0] -> 2[0] [send] via NET/IB/4
gx10-e146:63:63 [0] NCCL INFO Channel 31/0 : 1[0] -> 2[0] [send] via NET/IB/5
gx10-e146:63:63 [0] NCCL INFO Channel 32/0 : 1[0] -> 2[0] [send] via NET/IB/4
gx10-e146:63:63 [0] NCCL INFO Channel 33/0 : 1[0] -> 2[0] [send] via NET/IB/5
gx10-e146:63:63 [0] NCCL INFO Channel 34/0 : 1[0] -> 2[0] [send] via NET/IB/4
gx10-e146:63:63 [0] NCCL INFO Channel 35/0 : 1[0] -> 2[0] [send] via NET/IB/5
gx10-e146:63:63 [0] NCCL INFO Channel 36/0 : 1[0] -> 2[0] [send] via NET/IB/4
gx10-e146:63:63 [0] NCCL INFO Channel 37/0 : 1[0] -> 2[0] [send] via NET/IB/5
gx10-e146:63:63 [0] NCCL INFO Channel 38/0 : 1[0] -> 2[0] [send] via NET/IB/4
gx10-e146:63:63 [0] NCCL INFO Channel 39/0 : 1[0] -> 2[0] [send] via NET/IB/5
gx10-e146:63:63 [0] NCCL INFO Channel 40/0 : 1[0] -> 2[0] [send] via NET/IB/4
gx10-e146:63:63 [0] NCCL INFO Channel 41/0 : 1[0] -> 2[0] [send] via NET/IB/5
gx10-e146:63:63 [0] NCCL INFO Channel 42/0 : 1[0] -> 2[0] [send] via NET/IB/4
gx10-e146:63:63 [0] NCCL INFO Channel 43/0 : 1[0] -> 2[0] [send] via NET/IB/5
gx10-e146:63:63 [0] NCCL INFO Channel 44/0 : 1[0] -> 2[0] [send] via NET/IB/4
gx10-e146:63:63 [0] NCCL INFO Channel 45/0 : 1[0] -> 2[0] [send] via NET/IB/5
gx10-e146:63:63 [0] NCCL INFO Channel 46/0 : 1[0] -> 2[0] [send] via NET/IB/4
gx10-e146:63:63 [0] NCCL INFO Channel 47/0 : 1[0] -> 2[0] [send] via NET/IB/5
gx10-e146:63:63 [0] NCCL INFO Channel 48/0 : 1[0] -> 2[0] [send] via NET/IB/4
gx10-e146:63:63 [0] NCCL INFO Channel 49/0 : 1[0] -> 2[0] [send] via NET/IB/5
gx10-e146:63:63 [0] NCCL INFO Channel 50/0 : 1[0] -> 2[0] [send] via NET/IB/4
gx10-e146:63:63 [0] NCCL INFO Channel 51/0 : 1[0] -> 2[0] [send] via NET/IB/5
gx10-e146:63:63 [0] NCCL INFO Channel 52/0 : 1[0] -> 2[0] [send] via NET/IB/4
gx10-e146:63:63 [0] NCCL INFO Channel 53/0 : 1[0] -> 2[0] [send] via NET/IB/5
gx10-e146:63:63 [0] NCCL INFO Channel 54/0 : 1[0] -> 2[0] [send] via NET/IB/4
gx10-e146:63:63 [0] NCCL INFO Channel 55/0 : 1[0] -> 2[0] [send] via NET/IB/5
gx10-e146:63:63 [0] NCCL INFO Channel 56/0 : 1[0] -> 2[0] [send] via NET/IB/4
gx10-e146:63:63 [0] NCCL INFO Channel 57/0 : 1[0] -> 2[0] [send] via NET/IB/5
gx10-e146:63:63 [0] NCCL INFO Channel 58/0 : 1[0] -> 2[0] [send] via NET/IB/4
gx10-e146:63:63 [0] NCCL INFO Channel 59/0 : 1[0] -> 2[0] [send] via NET/IB/5
gx10-e146:63:63 [0] NCCL INFO Channel 60/0 : 1[0] -> 2[0] [send] via NET/IB/4
gx10-e146:63:63 [0] NCCL INFO Channel 61/0 : 1[0] -> 2[0] [send] via NET/IB/5
gx10-e146:63:63 [0] NCCL INFO Channel 62/0 : 1[0] -> 2[0] [send] via NET/IB/4
gx10-e146:63:63 [0] NCCL INFO Channel 63/0 : 1[0] -> 2[0] [send] via NET/IB/5
gx10-e146:63:73 [0] NCCL INFO NET/IB: Subnet-aware routing: overriding dev 4 with dev 0
gx10-e146:63:73 [0] NCCL INFO NET/IB: ncclIbResiliencyInit: Resiliency is disabled on the send communicator (comm=0xe7b8c003d000)
gx10-e146:63:73 [0] NCCL INFO NET/IB: Subnet-aware routing: overriding dev 4 with dev 0
gx10-e146:63:73 [0] NCCL INFO NET/IB: ncclIbResiliencyInit: Resiliency is disabled on the recv communicator (comm=0xe7b8c0081000)
gx10-e146:63:73 [0] NCCL INFO NET/IB: ncclIbRecvCommInit: Receive work requests will be posted on-demand
gx10-e146:63:73 [0] NCCL INFO NET/IB: Subnet-aware routing: overriding dev 4 with dev 0
gx10-e146:63:73 [0] NCCL INFO NET/IB: Subnet-aware routing: overriding dev 5 with dev 2
gx10-e146:63:73 [0] NCCL INFO NET/IB: ncclIbResiliencyInit: Resiliency is disabled on the send communicator (comm=0xe7b8c00c9000)
gx10-e146:63:73 [0] NCCL INFO NET/IB: Subnet-aware routing: overriding dev 4 with dev 0
gx10-e146:63:73 [0] NCCL INFO NET/IB: Subnet-aware routing: overriding dev 5 with dev 2
gx10-e146:63:73 [0] NCCL INFO NET/IB: ncclIbResiliencyInit: Resiliency is disabled on the recv communicator (comm=0xe7b8c010a000)
gx10-e146:63:73 [0] NCCL INFO NET/IB: ncclIbRecvCommInit: Receive work requests will be posted on-demand
gx10-e146:63:73 [0] NCCL INFO NET/IB: Subnet-aware routing: overriding dev 4 with dev 0
gx10-e146:63:73 [0] NCCL INFO NET/IB: Subnet-aware routing: overriding dev 5 with dev 2
gx10-e146:63:73 [0] NCCL INFO NET/IB: Subnet-aware routing: overriding dev 4 with dev 0
gx10-e146:63:73 [0] NCCL INFO NET/IB: ncclIbResiliencyInit: Resiliency is disabled on the send communicator (comm=0xe7b8c0155000)
gx10-e146:63:73 [0] NCCL INFO NET/IB: Subnet-aware routing: overriding dev 4 with dev 0
gx10-e146:63:73 [0] NCCL INFO NET/IB: ncclIbSenderQpsCreate: QP created: port=1 dev=0 devName=rocep1s0f0 ndevs=4 nmdevs=6 qp_num=12152 pkey=0 pd=0xe7b8c007dd30 oooRq=0
gx10-e146:63:73 [0] NCCL INFO NET/IB: ncclIbSenderQpsCreate: QP created: port=1 dev=0 devName=rocep1s0f0 ndevs=4 nmdevs=6 qp_num=12153 pkey=0 pd=0xe7b8c007dd30 oooRq=0
gx10-e146:63:73 [0] NCCL INFO NET/IB: ncclIbConnectImpl: NCCL Dev 0 IbDev 0 Port 1 qp_num 12152 mtu 5 GID 6 (0/166A8C0FFFF0000) ctsFifoRkey=0x15f9b6 ctsFifoLkey=0x15f9b6
gx10-e146:63:73 [0] NCCL INFO NET/IB: ncclIbConnectImpl: IbDev 0 Port 1 qp_num 12152 query_ece={supported=1, vendor_id=0x15b3, options=0x30000002, comp_mask=0x0}
gx10-e146:63:73 [0] NCCL INFO NET/IB: ncclIbConnectImpl: NCCL Dev 0 IbDev 0 Port 1 qp_num 12153 mtu 5 GID 6 (0/166A8C0FFFF0000) ctsFifoRkey=0x15f9b6 ctsFifoLkey=0x15f9b6
gx10-e146:63:73 [0] NCCL INFO NET/IB: ncclIbConnectImpl: IbDev 0 Port 1 qp_num 12153 query_ece={supported=1, vendor_id=0x15b3, options=0x30000002, comp_mask=0x0}
gx10-e146:63:73 [0] NCCL INFO NET/IB: Subnet-aware routing: overriding dev 5 with dev 2
gx10-e146:63:73 [0] NCCL INFO NET/IB: ncclIbSenderQpsCreate: QP created: port=1 dev=2 devName=roceP2p1s0f0 ndevs=4 nmdevs=6 qp_num=1816 pkey=0 pd=0xe7b8c00c8f60 oooRq=0
gx10-e146:63:73 [0] NCCL INFO NET/IB: ncclIbSenderQpsCreate: QP created: port=1 dev=2 devName=roceP2p1s0f0 ndevs=4 nmdevs=6 qp_num=1817 pkey=0 pd=0xe7b8c00c8f60 oooRq=0
gx10-e146:63:73 [0] NCCL INFO NET/IB: ncclIbConnectImpl: NCCL Dev 2 IbDev 2 Port 1 qp_num 1816 mtu 5 GID 3 (0/170A8C0FFFF0000) ctsFifoRkey=0x190e0a ctsFifoLkey=0x190e0a
gx10-e146:63:73 [0] NCCL INFO NET/IB: ncclIbConnectImpl: IbDev 2 Port 1 qp_num 1816 query_ece={supported=1, vendor_id=0x15b3, options=0x30000002, comp_mask=0x0}
gx10-e146:63:73 [0] NCCL INFO NET/IB: ncclIbConnectImpl: NCCL Dev 2 IbDev 2 Port 1 qp_num 1817 mtu 5 GID 3 (0/170A8C0FFFF0000) ctsFifoRkey=0x190e0a ctsFifoLkey=0x190e0a
gx10-e146:63:73 [0] NCCL INFO NET/IB: ncclIbConnectImpl: IbDev 2 Port 1 qp_num 1817 query_ece={supported=1, vendor_id=0x15b3, options=0x30000002, comp_mask=0x0}
gx10-e146:63:73 [0] NCCL INFO NET/IB: Subnet-aware routing: overriding dev 4 with dev 0
gx10-e146:63:73 [0] NCCL INFO NET/IB: ncclIbResiliencyInit: Resiliency is disabled on the recv communicator (comm=0xe7b8c0263000)
gx10-e146:63:73 [0] NCCL INFO NET/IB: ncclIbRecvCommInit: Receive work requests will be posted on-demand
gx10-e146:63:73 [0] NCCL INFO NET/IB: Subnet-aware routing: overriding dev 4 with dev 0
gx10-e146:63:73 [0] NCCL INFO NET/IB: Subnet-aware routing: overriding dev 4 with dev 1
gx10-e146:63:73 [0] NCCL INFO NET/IB: ncclIbReceiverQpsCreateToRts: QP created: port=1 dev=1 devName=rocep1s0f1 ndevs=4 nmdevs=6 qp_num=15426 pkey=0 pd=0xe7b8c0203d80 oooRq=0
gx10-e146:63:73 [0] NCCL INFO NET/IB: ncclIbReceiverQpsCreateToRts: QP created: port=1 dev=1 devName=rocep1s0f1 ndevs=4 nmdevs=6 qp_num=15427 pkey=0 pd=0xe7b8c0203d80 oooRq=0
gx10-e146:63:73 [0] NCCL INFO NET/IB: ncclIbReceiverQpsCreateToRts: Flush QP created: port=1 dev=1 devName=rocep1s0f1 ndevs=4 nmdevs=6 qp_num=15428 pkey=0 pd=0xe7b8c0203d80
gx10-e146:63:73 [0] NCCL INFO NET/IB: Subnet-aware routing: overriding dev 5 with dev 2
gx10-e146:63:73 [0] NCCL INFO NET/IB: Subnet-aware routing: overriding dev 5 with dev 3
gx10-e146:63:73 [0] NCCL INFO NET/IB: ncclIbReceiverQpsCreateToRts: QP created: port=1 dev=3 devName=roceP2p1s0f1 ndevs=4 nmdevs=6 qp_num=2504 pkey=0 pd=0xe7b8c01a8720 oooRq=0
gx10-e146:63:73 [0] NCCL INFO NET/IB: ncclIbReceiverQpsCreateToRts: QP created: port=1 dev=3 devName=roceP2p1s0f1 ndevs=4 nmdevs=6 qp_num=2505 pkey=0 pd=0xe7b8c01a8720 oooRq=0
gx10-e146:63:73 [0] NCCL INFO NET/IB: ncclIbReceiverQpsCreateToRts: Flush QP created: port=1 dev=3 devName=roceP2p1s0f1 ndevs=4 nmdevs=6 qp_num=2506 pkey=0 pd=0xe7b8c01a8720
gx10-e146:63:73 [0] NCCL INFO NET/IB: Subnet-aware routing: overriding dev 4 with dev 0
gx10-e146:63:73 [0] NCCL INFO NET/IB: Subnet-aware routing: overriding dev 4 with dev 1
gx10-e146:63:73 [0] NCCL INFO NET/IB: ncclIbReceiverQpsCreateToRts: QP created: port=1 dev=1 devName=rocep1s0f1 ndevs=4 nmdevs=6 qp_num=15429 pkey=0 pd=0xe7b8c0203d80 oooRq=0
gx10-e146:63:73 [0] NCCL INFO NET/IB: ncclIbReceiverQpsCreateToRts: QP created: port=1 dev=1 devName=rocep1s0f1 ndevs=4 nmdevs=6 qp_num=15430 pkey=0 pd=0xe7b8c0203d80 oooRq=0
gx10-e146:63:73 [0] NCCL INFO NET/IB: ncclIbReceiverQpsCreateToRts: Flush QP created: port=1 dev=1 devName=rocep1s0f1 ndevs=4 nmdevs=6 qp_num=15431 pkey=0 pd=0xe7b8c0203d80
gx10-e146:63:73 [0] NCCL INFO NET/IB: Subnet-aware routing: overriding dev 5 with dev 2
gx10-e146:63:73 [0] NCCL INFO NET/IB: ncclIbResiliencyInit: Resiliency is disabled on the send communicator (comm=0xe7b8c0432000)
gx10-e146:63:73 [0] NCCL INFO NET/IB: Subnet-aware routing: overriding dev 4 with dev 0
gx10-e146:63:73 [0] NCCL INFO NET/IB: ncclIbSenderQpsToRts: Set ECE: IbDev 0 Port 1 qp_num 12152 set_ece={supported=1, vendor_id=0x15b3, options=0x30000002, comp_mask=0x0}
gx10-e146:63:73 [0] NCCL INFO NET/IB: ncclIbSenderQpsToRts: Set ECE: IbDev 0 Port 1 qp_num 12153 set_ece={supported=1, vendor_id=0x15b3, options=0x30000002, comp_mask=0x0}
gx10-e146:63:73 [0] NCCL INFO NET/IB: Subnet-aware routing: overriding dev 5 with dev 2
gx10-e146:63:73 [0] NCCL INFO NET/IB: ncclIbSenderQpsToRts: Set ECE: IbDev 2 Port 1 qp_num 1816 set_ece={supported=1, vendor_id=0x15b3, options=0x30000002, comp_mask=0x0}
gx10-e146:63:73 [0] NCCL INFO NET/IB: ncclIbSenderQpsToRts: Set ECE: IbDev 2 Port 1 qp_num 1817 set_ece={supported=1, vendor_id=0x15b3, options=0x30000002, comp_mask=0x0}
gx10-e146:63:73 [0] NCCL INFO NET/IB: Subnet-aware routing: overriding dev 4 with dev 0
gx10-e146:63:73 [0] NCCL INFO NET/IB: ncclIbSenderQpsCreate: QP created: port=1 dev=0 devName=rocep1s0f0 ndevs=4 nmdevs=6 qp_num=12154 pkey=0 pd=0xe7b8c007dd30 oooRq=0
gx10-e146:63:73 [0] NCCL INFO NET/IB: ncclIbSenderQpsCreate: QP created: port=1 dev=0 devName=rocep1s0f0 ndevs=4 nmdevs=6 qp_num=12155 pkey=0 pd=0xe7b8c007dd30 oooRq=0
gx10-e146:63:73 [0] NCCL INFO NET/IB: ncclIbConnectImpl: NCCL Dev 0 IbDev 0 Port 1 qp_num 12154 mtu 5 GID 6 (0/166A8C0FFFF0000) ctsFifoRkey=0x17d592 ctsFifoLkey=0x17d592
gx10-e146:63:73 [0] NCCL INFO NET/IB: ncclIbConnectImpl: IbDev 0 Port 1 qp_num 12154 query_ece={supported=1, vendor_id=0x15b3, options=0x30000002, comp_mask=0x0}
gx10-e146:63:73 [0] NCCL INFO NET/IB: ncclIbConnectImpl: NCCL Dev 0 IbDev 0 Port 1 qp_num 12155 mtu 5 GID 6 (0/166A8C0FFFF0000) ctsFifoRkey=0x17d592 ctsFifoLkey=0x17d592
gx10-e146:63:73 [0] NCCL INFO NET/IB: ncclIbConnectImpl: IbDev 0 Port 1 qp_num 12155 query_ece={supported=1, vendor_id=0x15b3, options=0x30000002, comp_mask=0x0}
gx10-e146:63:73 [0] NCCL INFO NET/IB: Subnet-aware routing: overriding dev 5 with dev 2
gx10-e146:63:73 [0] NCCL INFO NET/IB: ncclIbResiliencyInit: Resiliency is disabled on the recv communicator (comm=0xe7b8c04c9000)
gx10-e146:63:73 [0] NCCL INFO NET/IB: ncclIbRecvCommInit: Receive work requests will be posted on-demand
gx10-e146:63:73 [0] NCCL INFO NET/IB: Subnet-aware routing: overriding dev 4 with dev 0
gx10-e146:63:73 [0] NCCL INFO NET/IB: Subnet-aware routing: overriding dev 5 with dev 2
gx10-e146:63:73 [0] NCCL INFO NET/IB: ncclIbSenderQpsCreate: QP created: port=1 dev=2 devName=roceP2p1s0f0 ndevs=4 nmdevs=6 qp_num=1818 pkey=0 pd=0xe7b8c00c8f60 oooRq=0
gx10-e146:63:73 [0] NCCL INFO NET/IB: ncclIbSenderQpsCreate: QP created: port=1 dev=2 devName=roceP2p1s0f0 ndevs=4 nmdevs=6 qp_num=1819 pkey=0 pd=0xe7b8c00c8f60 oooRq=0
gx10-e146:63:73 [0] NCCL INFO NET/IB: ncclIbConnectImpl: NCCL Dev 2 IbDev 2 Port 1 qp_num 1818 mtu 5 GID 3 (0/170A8C0FFFF0000) ctsFifoRkey=0x18eeed ctsFifoLkey=0x18eeed
gx10-e146:63:73 [0] NCCL INFO NET/IB: ncclIbConnectImpl: IbDev 2 Port 1 qp_num 1818 query_ece={supported=1, vendor_id=0x15b3, options=0x30000002, comp_mask=0x0}
gx10-e146:63:73 [0] NCCL INFO NET/IB: ncclIbConnectImpl: NCCL Dev 2 IbDev 2 Port 1 qp_num 1819 mtu 5 GID 3 (0/170A8C0FFFF0000) ctsFifoRkey=0x18eeed ctsFifoLkey=0x18eeed
gx10-e146:63:73 [0] NCCL INFO NET/IB: ncclIbConnectImpl: IbDev 2 Port 1 qp_num 1819 query_ece={supported=1, vendor_id=0x15b3, options=0x30000002, comp_mask=0x0}
gx10-e146:63:73 [0] NCCL INFO NET/IB: Subnet-aware routing: overriding dev 4 with dev 0
gx10-e146:63:73 [0] NCCL INFO NET/IB: ncclIbResiliencyInit: Resiliency is disabled on the send communicator (comm=0xe7b8c0568000)
gx10-e146:63:73 [0] NCCL INFO NET/IB: Subnet-aware routing: overriding dev 4 with dev 0
gx10-e146:63:73 [0] NCCL INFO NET/IB: Subnet-aware routing: overriding dev 5 with dev 2
gx10-e146:63:73 [0] NCCL INFO NET/IB: Subnet-aware routing: overriding dev 4 with dev 0
gx10-e146:63:73 [0] NCCL INFO NET/IB: ncclIbResiliencyInit: Resiliency is disabled on the recv communicator (comm=0xe7b8c05ac000)
gx10-e146:63:73 [0] NCCL INFO NET/IB: ncclIbRecvCommInit: Receive work requests will be posted on-demand
gx10-e146:63:73 [0] NCCL INFO NET/IB: Subnet-aware routing: overriding dev 4 with dev 0
gx10-e146:63:73 [0] NCCL INFO NET/IB: ncclIbSenderQpsToRts: Set ECE: IbDev 0 Port 1 qp_num 12154 set_ece={supported=1, vendor_id=0x15b3, options=0x30000002, comp_mask=0x0}
gx10-e146:63:73 [0] NCCL INFO NET/IB: ncclIbSenderQpsToRts: Set ECE: IbDev 0 Port 1 qp_num 12155 set_ece={supported=1, vendor_id=0x15b3, options=0x30000002, comp_mask=0x0}
gx10-e146:63:73 [0] NCCL INFO NET/IB: Subnet-aware routing: overriding dev 5 with dev 2
gx10-e146:63:73 [0] NCCL INFO NET/IB: ncclIbSenderQpsToRts: Set ECE: IbDev 2 Port 1 qp_num 1818 set_ece={supported=1, vendor_id=0x15b3, options=0x30000002, comp_mask=0x0}
gx10-e146:63:73 [0] NCCL INFO NET/IB: ncclIbSenderQpsToRts: Set ECE: IbDev 2 Port 1 qp_num 1819 set_ece={supported=1, vendor_id=0x15b3, options=0x30000002, comp_mask=0x0}
gx10-e146:63:73 [0] NCCL INFO NET/IB: Subnet-aware routing: overriding dev 5 with dev 3
gx10-e146:63:73 [0] NCCL INFO NET/IB: ncclIbReceiverQpsCreateToRts: QP created: port=1 dev=3 devName=roceP2p1s0f1 ndevs=4 nmdevs=6 qp_num=2507 pkey=0 pd=0xe7b8c01a8720 oooRq=0
gx10-e146:63:73 [0] NCCL INFO NET/IB: ncclIbReceiverQpsCreateToRts: QP created: port=1 dev=3 devName=roceP2p1s0f1 ndevs=4 nmdevs=6 qp_num=2508 pkey=0 pd=0xe7b8c01a8720 oooRq=0
gx10-e146:63:73 [0] NCCL INFO NET/IB: ncclIbReceiverQpsCreateToRts: Flush QP created: port=1 dev=3 devName=roceP2p1s0f1 ndevs=4 nmdevs=6 qp_num=2509 pkey=0 pd=0xe7b8c01a8720
gx10-e146:63:73 [0] NCCL INFO NET/IB: Subnet-aware routing: overriding dev 4 with dev 0
gx10-e146:63:73 [0] NCCL INFO NET/IB: ncclIbSenderQpsCreate: QP created: port=1 dev=0 devName=rocep1s0f0 ndevs=4 nmdevs=6 qp_num=12156 pkey=0 pd=0xe7b8c007dd30 oooRq=0
gx10-e146:63:73 [0] NCCL INFO NET/IB: ncclIbSenderQpsCreate: QP created: port=1 dev=0 devName=rocep1s0f0 ndevs=4 nmdevs=6 qp_num=12157 pkey=0 pd=0xe7b8c007dd30 oooRq=0
gx10-e146:63:73 [0] NCCL INFO NET/IB: ncclIbConnectImpl: NCCL Dev 0 IbDev 0 Port 1 qp_num 12156 mtu 5 GID 6 (0/166A8C0FFFF0000) ctsFifoRkey=0x1c7269 ctsFifoLkey=0x1c7269
gx10-e146:63:73 [0] NCCL INFO NET/IB: ncclIbConnectImpl: IbDev 0 Port 1 qp_num 12156 query_ece={supported=1, vendor_id=0x15b3, options=0x30000002, comp_mask=0x0}
gx10-e146:63:73 [0] NCCL INFO NET/IB: ncclIbConnectImpl: NCCL Dev 0 IbDev 0 Port 1 qp_num 12157 mtu 5 GID 6 (0/166A8C0FFFF0000) ctsFifoRkey=0x1c7269 ctsFifoLkey=0x1c7269
gx10-e146:63:73 [0] NCCL INFO NET/IB: ncclIbConnectImpl: IbDev 0 Port 1 qp_num 12157 query_ece={supported=1, vendor_id=0x15b3, options=0x30000002, comp_mask=0x0}
gx10-e146:63:73 [0] NCCL INFO NET/IB: Subnet-aware routing: overriding dev 5 with dev 2
gx10-e146:63:73 [0] NCCL INFO NET/IB: ncclIbResiliencyInit: Resiliency is disabled on the send communicator (comm=0xe7b8c06c6000)
gx10-e146:63:73 [0] NCCL INFO NET/IB: Subnet-aware routing: overriding dev 4 with dev 0
gx10-e146:63:73 [0] NCCL INFO NET/IB: Subnet-aware routing: overriding dev 4 with dev 1
gx10-e146:63:73 [0] NCCL INFO NET/IB: ncclIbReceiverQpsCreateToRts: QP created: port=1 dev=1 devName=rocep1s0f1 ndevs=4 nmdevs=6 qp_num=15432 pkey=0 pd=0xe7b8c0203d80 oooRq=0
gx10-e146:63:73 [0] NCCL INFO NET/IB: ncclIbReceiverQpsCreateToRts: QP created: port=1 dev=1 devName=rocep1s0f1 ndevs=4 nmdevs=6 qp_num=15433 pkey=0 pd=0xe7b8c0203d80 oooRq=0
gx10-e146:63:73 [0] NCCL INFO NET/IB: ncclIbReceiverQpsCreateToRts: Flush QP created: port=1 dev=1 devName=rocep1s0f1 ndevs=4 nmdevs=6 qp_num=15434 pkey=0 pd=0xe7b8c0203d80
gx10-e146:63:73 [0] NCCL INFO NET/IB: Subnet-aware routing: overriding dev 5 with dev 2
gx10-e146:63:73 [0] NCCL INFO NET/IB: ncclIbResiliencyInit: Resiliency is disabled on the recv communicator (comm=0xe7b8c0785000)
gx10-e146:63:73 [0] NCCL INFO NET/IB: ncclIbRecvCommInit: Receive work requests will be posted on-demand
gx10-e146:63:73 [0] NCCL INFO NET/IB: Subnet-aware routing: overriding dev 4 with dev 0
gx10-e146:63:73 [0] NCCL INFO NET/IB: ncclIbSenderQpsToRts: Set ECE: IbDev 0 Port 1 qp_num 12156 set_ece={supported=1, vendor_id=0x15b3, options=0x30000002, comp_mask=0x0}
gx10-e146:63:73 [0] NCCL INFO NET/IB: ncclIbSenderQpsToRts: Set ECE: IbDev 0 Port 1 qp_num 12157 set_ece={supported=1, vendor_id=0x15b3, options=0x30000002, comp_mask=0x0}
gx10-e146:63:73 [0] NCCL INFO NET/IB: Subnet-aware routing: overriding dev 5 with dev 2
gx10-e146:63:73 [0] NCCL INFO NET/IB: Subnet-aware routing: overriding dev 4 with dev 0
gx10-e146:63:73 [0] NCCL INFO NET/IB: ncclIbResiliencyInit: Resiliency is disabled on the send communicator (comm=0xe7b8c07cd000)
gx10-e146:63:73 [0] NCCL INFO NET/IB: Subnet-aware routing: overriding dev 5 with dev 2
gx10-e146:63:73 [0] NCCL INFO NET/IB: Subnet-aware routing: overriding dev 4 with dev 0
gx10-e146:63:73 [0] NCCL INFO NET/IB: ncclIbResiliencyInit: Resiliency is disabled on the recv communicator (comm=0xe7b8c0811000)
gx10-e146:63:73 [0] NCCL INFO NET/IB: ncclIbRecvCommInit: Receive work requests will be posted on-demand
gx10-e146:63:73 [0] NCCL INFO NET/IB: Subnet-aware routing: overriding dev 5 with dev 2
gx10-e146:63:73 [0] NCCL INFO NET/IB: Subnet-aware routing: overriding dev 4 with dev 0
gx10-e146:63:73 [0] NCCL INFO NET/IB: Subnet-aware routing: overriding dev 5 with dev 2
gx10-e146:63:73 [0] NCCL INFO NET/IB: ncclIbResiliencyInit: Resiliency is disabled on the send communicator (comm=0xe7b8c0859000)
gx10-e146:63:73 [0] NCCL INFO NET/IB: Subnet-aware routing: overriding dev 5 with dev 2
gx10-e146:63:73 [0] NCCL INFO NET/IB: ncclIbSenderQpsCreate: QP created: port=1 dev=2 devName=roceP2p1s0f0 ndevs=4 nmdevs=6 qp_num=1820 pkey=0 pd=0xe7b8c00c8f60 oooRq=0
gx10-e146:63:73 [0] NCCL INFO NET/IB: ncclIbSenderQpsCreate: QP created: port=1 dev=2 devName=roceP2p1s0f0 ndevs=4 nmdevs=6 qp_num=1821 pkey=0 pd=0xe7b8c00c8f60 oooRq=0
gx10-e146:63:73 [0] NCCL INFO NET/IB: ncclIbConnectImpl: NCCL Dev 2 IbDev 2 Port 1 qp_num 1820 mtu 5 GID 3 (0/170A8C0FFFF0000) ctsFifoRkey=0x191412 ctsFifoLkey=0x191412
gx10-e146:63:73 [0] NCCL INFO NET/IB: ncclIbConnectImpl: IbDev 2 Port 1 qp_num 1820 query_ece={supported=1, vendor_id=0x15b3, options=0x30000002, comp_mask=0x0}
gx10-e146:63:73 [0] NCCL INFO NET/IB: ncclIbConnectImpl: NCCL Dev 2 IbDev 2 Port 1 qp_num 1821 mtu 5 GID 3 (0/170A8C0FFFF0000) ctsFifoRkey=0x191412 ctsFifoLkey=0x191412
gx10-e146:63:73 [0] NCCL INFO NET/IB: ncclIbConnectImpl: IbDev 2 Port 1 qp_num 1821 query_ece={supported=1, vendor_id=0x15b3, options=0x30000002, comp_mask=0x0}
gx10-e146:63:73 [0] NCCL INFO NET/IB: Subnet-aware routing: overriding dev 5 with dev 3
gx10-e146:63:73 [0] NCCL INFO NET/IB: ncclIbReceiverQpsCreateToRts: QP created: port=1 dev=3 devName=roceP2p1s0f1 ndevs=4 nmdevs=6 qp_num=2510 pkey=0 pd=0xe7b8c01a8720 oooRq=0
gx10-e146:63:73 [0] NCCL INFO NET/IB: ncclIbReceiverQpsCreateToRts: QP created: port=1 dev=3 devName=roceP2p1s0f1 ndevs=4 nmdevs=6 qp_num=2511 pkey=0 pd=0xe7b8c01a8720 oooRq=0
gx10-e146:63:73 [0] NCCL INFO NET/IB: ncclIbReceiverQpsCreateToRts: Flush QP created: port=1 dev=3 devName=roceP2p1s0f1 ndevs=4 nmdevs=6 qp_num=2512 pkey=0 pd=0xe7b8c01a8720
gx10-e146:63:73 [0] NCCL INFO NET/IB: Subnet-aware routing: overriding dev 4 with dev 0
gx10-e146:63:73 [0] NCCL INFO NET/IB: ncclIbSenderQpsCreate: QP created: port=1 dev=0 devName=rocep1s0f0 ndevs=4 nmdevs=6 qp_num=12158 pkey=0 pd=0xe7b8c007dd30 oooRq=0
gx10-e146:63:73 [0] NCCL INFO NET/IB: ncclIbSenderQpsCreate: QP created: port=1 dev=0 devName=rocep1s0f0 ndevs=4 nmdevs=6 qp_num=12159 pkey=0 pd=0xe7b8c007dd30 oooRq=0
gx10-e146:63:73 [0] NCCL INFO NET/IB: ncclIbConnectImpl: NCCL Dev 0 IbDev 0 Port 1 qp_num 12158 mtu 5 GID 6 (0/166A8C0FFFF0000) ctsFifoRkey=0x15b673 ctsFifoLkey=0x15b673
gx10-e146:63:73 [0] NCCL INFO NET/IB: ncclIbConnectImpl: IbDev 0 Port 1 qp_num 12158 query_ece={supported=1, vendor_id=0x15b3, options=0x30000002, comp_mask=0x0}
gx10-e146:63:73 [0] NCCL INFO NET/IB: ncclIbConnectImpl: NCCL Dev 0 IbDev 0 Port 1 qp_num 12159 mtu 5 GID 6 (0/166A8C0FFFF0000) ctsFifoRkey=0x15b673 ctsFifoLkey=0x15b673
gx10-e146:63:73 [0] NCCL INFO NET/IB: ncclIbConnectImpl: IbDev 0 Port 1 qp_num 12159 query_ece={supported=1, vendor_id=0x15b3, options=0x30000002, comp_mask=0x0}
gx10-e146:63:73 [0] NCCL INFO NET/IB: Subnet-aware routing: overriding dev 4 with dev 1
gx10-e146:63:73 [0] NCCL INFO NET/IB: ncclIbReceiverQpsCreateToRts: QP created: port=1 dev=1 devName=rocep1s0f1 ndevs=4 nmdevs=6 qp_num=15435 pkey=0 pd=0xe7b8c0203d80 oooRq=0
gx10-e146:63:73 [0] NCCL INFO NET/IB: ncclIbReceiverQpsCreateToRts: QP created: port=1 dev=1 devName=rocep1s0f1 ndevs=4 nmdevs=6 qp_num=15436 pkey=0 pd=0xe7b8c0203d80 oooRq=0
gx10-e146:63:73 [0] NCCL INFO NET/IB: ncclIbReceiverQpsCreateToRts: Flush QP created: port=1 dev=1 devName=rocep1s0f1 ndevs=4 nmdevs=6 qp_num=15437 pkey=0 pd=0xe7b8c0203d80
gx10-e146:63:73 [0] NCCL INFO NET/IB: Subnet-aware routing: overriding dev 5 with dev 2
gx10-e146:63:73 [0] NCCL INFO NET/IB: ncclIbResiliencyInit: Resiliency is disabled on the recv communicator (comm=0xe7b8c0a45000)
gx10-e146:63:73 [0] NCCL INFO NET/IB: ncclIbRecvCommInit: Receive work requests will be posted on-demand
gx10-e146:63:73 [0] NCCL INFO NET/IB: Subnet-aware routing: overriding dev 5 with dev 2
gx10-e146:63:73 [0] NCCL INFO NET/IB: ncclIbSenderQpsToRts: Set ECE: IbDev 2 Port 1 qp_num 1820 set_ece={supported=1, vendor_id=0x15b3, options=0x30000002, comp_mask=0x0}
gx10-e146:63:73 [0] NCCL INFO NET/IB: ncclIbSenderQpsToRts: Set ECE: IbDev 2 Port 1 qp_num 1821 set_ece={supported=1, vendor_id=0x15b3, options=0x30000002, comp_mask=0x0}
gx10-e146:63:73 [0] NCCL INFO NET/IB: Subnet-aware routing: overriding dev 4 with dev 0
gx10-e146:63:73 [0] NCCL INFO NET/IB: ncclIbSenderQpsToRts: Set ECE: IbDev 0 Port 1 qp_num 12158 set_ece={supported=1, vendor_id=0x15b3, options=0x30000002, comp_mask=0x0}
gx10-e146:63:73 [0] NCCL INFO NET/IB: ncclIbSenderQpsToRts: Set ECE: IbDev 0 Port 1 qp_num 12159 set_ece={supported=1, vendor_id=0x15b3, options=0x30000002, comp_mask=0x0}
gx10-e146:63:73 [0] NCCL INFO NET/IB: Subnet-aware routing: overriding dev 5 with dev 2
gx10-e146:63:73 [0] NCCL INFO NET/IB: ncclIbSenderQpsCreate: QP created: port=1 dev=2 devName=roceP2p1s0f0 ndevs=4 nmdevs=6 qp_num=1822 pkey=0 pd=0xe7b8c00c8f60 oooRq=0
gx10-e146:63:73 [0] NCCL INFO NET/IB: ncclIbSenderQpsCreate: QP created: port=1 dev=2 devName=roceP2p1s0f0 ndevs=4 nmdevs=6 qp_num=1823 pkey=0 pd=0xe7b8c00c8f60 oooRq=0
gx10-e146:63:73 [0] NCCL INFO NET/IB: ncclIbConnectImpl: NCCL Dev 2 IbDev 2 Port 1 qp_num 1822 mtu 5 GID 3 (0/170A8C0FFFF0000) ctsFifoRkey=0x1906fc ctsFifoLkey=0x1906fc
gx10-e146:63:73 [0] NCCL INFO NET/IB: ncclIbConnectImpl: IbDev 2 Port 1 qp_num 1822 query_ece={supported=1, vendor_id=0x15b3, options=0x30000002, comp_mask=0x0}
gx10-e146:63:73 [0] NCCL INFO NET/IB: ncclIbConnectImpl: NCCL Dev 2 IbDev 2 Port 1 qp_num 1823 mtu 5 GID 3 (0/170A8C0FFFF0000) ctsFifoRkey=0x1906fc ctsFifoLkey=0x1906fc
gx10-e146:63:73 [0] NCCL INFO NET/IB: ncclIbConnectImpl: IbDev 2 Port 1 qp_num 1823 query_ece={supported=1, vendor_id=0x15b3, options=0x30000002, comp_mask=0x0}
gx10-e146:63:73 [0] NCCL INFO NET/IB: Subnet-aware routing: overriding dev 5 with dev 3
gx10-e146:63:73 [0] NCCL INFO NET/IB: ncclIbReceiverQpsCreateToRts: QP created: port=1 dev=3 devName=roceP2p1s0f1 ndevs=4 nmdevs=6 qp_num=2513 pkey=0 pd=0xe7b8c01a8720 oooRq=0
gx10-e146:63:73 [0] NCCL INFO NET/IB: ncclIbReceiverQpsCreateToRts: QP created: port=1 dev=3 devName=roceP2p1s0f1 ndevs=4 nmdevs=6 qp_num=2514 pkey=0 pd=0xe7b8c01a8720 oooRq=0
gx10-e146:63:73 [0] NCCL INFO NET/IB: ncclIbReceiverQpsCreateToRts: Flush QP created: port=1 dev=3 devName=roceP2p1s0f1 ndevs=4 nmdevs=6 qp_num=2515 pkey=0 pd=0xe7b8c01a8720
gx10-e146:63:73 [0] NCCL INFO NET/IB: Subnet-aware routing: overriding dev 4 with dev 0
gx10-e146:63:73 [0] NCCL INFO NET/IB: ncclIbResiliencyInit: Resiliency is disabled on the send communicator (comm=0xe7b8c0b5c000)
gx10-e146:63:73 [0] NCCL INFO NET/IB: Subnet-aware routing: overriding dev 5 with dev 2
gx10-e146:63:73 [0] NCCL INFO NET/IB: Subnet-aware routing: overriding dev 4 with dev 0
gx10-e146:63:73 [0] NCCL INFO NET/IB: ncclIbResiliencyInit: Resiliency is disabled on the recv communicator (comm=0xe7b8c0ba0000)
gx10-e146:63:73 [0] NCCL INFO NET/IB: ncclIbRecvCommInit: Receive work requests will be posted on-demand
gx10-e146:63:73 [0] NCCL INFO NET/IB: Subnet-aware routing: overriding dev 5 with dev 2
gx10-e146:63:73 [0] NCCL INFO NET/IB: Subnet-aware routing: overriding dev 4 with dev 0
gx10-e146:63:73 [0] NCCL INFO NET/IB: Subnet-aware routing: overriding dev 5 with dev 2
gx10-e146:63:73 [0] NCCL INFO NET/IB: ncclIbResiliencyInit: Resiliency is disabled on the send communicator (comm=0xe7b8c0be8000)
gx10-e146:63:73 [0] NCCL INFO NET/IB: Subnet-aware routing: overriding dev 5 with dev 2
gx10-e146:63:73 [0] NCCL INFO NET/IB: Subnet-aware routing: overriding dev 4 with dev 0
gx10-e146:63:73 [0] NCCL INFO NET/IB: Subnet-aware routing: overriding dev 5 with dev 2
gx10-e146:63:73 [0] NCCL INFO NET/IB: ncclIbResiliencyInit: Resiliency is disabled on the recv communicator (comm=0xe7b8c0c2c000)
gx10-e146:63:73 [0] NCCL INFO NET/IB: ncclIbRecvCommInit: Receive work requests will be posted on-demand
gx10-e146:63:73 [0] NCCL INFO NET/IB: Subnet-aware routing: overriding dev 5 with dev 2
gx10-e146:63:73 [0] NCCL INFO NET/IB: ncclIbSenderQpsToRts: Set ECE: IbDev 2 Port 1 qp_num 1822 set_ece={supported=1, vendor_id=0x15b3, options=0x30000002, comp_mask=0x0}
gx10-e146:63:73 [0] NCCL INFO NET/IB: ncclIbSenderQpsToRts: Set ECE: IbDev 2 Port 1 qp_num 1823 set_ece={supported=1, vendor_id=0x15b3, options=0x30000002, comp_mask=0x0}
gx10-e146:63:73 [0] NCCL INFO NET/IB: Subnet-aware routing: overriding dev 4 with dev 0
gx10-e146:63:73 [0] NCCL INFO NET/IB: ncclIbSenderQpsCreate: QP created: port=1 dev=0 devName=rocep1s0f0 ndevs=4 nmdevs=6 qp_num=12160 pkey=0 pd=0xe7b8c007dd30 oooRq=0
gx10-e146:63:73 [0] NCCL INFO NET/IB: ncclIbSenderQpsCreate: QP created: port=1 dev=0 devName=rocep1s0f0 ndevs=4 nmdevs=6 qp_num=12161 pkey=0 pd=0xe7b8c007dd30 oooRq=0
gx10-e146:63:73 [0] NCCL INFO NET/IB: ncclIbConnectImpl: NCCL Dev 0 IbDev 0 Port 1 qp_num 12160 mtu 5 GID 6 (0/166A8C0FFFF0000) ctsFifoRkey=0x1721de ctsFifoLkey=0x1721de
gx10-e146:63:73 [0] NCCL INFO NET/IB: ncclIbConnectImpl: IbDev 0 Port 1 qp_num 12160 query_ece={supported=1, vendor_id=0x15b3, options=0x30000002, comp_mask=0x0}
gx10-e146:63:73 [0] NCCL INFO NET/IB: ncclIbConnectImpl: NCCL Dev 0 IbDev 0 Port 1 qp_num 12161 mtu 5 GID 6 (0/166A8C0FFFF0000) ctsFifoRkey=0x1721de ctsFifoLkey=0x1721de
gx10-e146:63:73 [0] NCCL INFO NET/IB: ncclIbConnectImpl: IbDev 0 Port 1 qp_num 12161 query_ece={supported=1, vendor_id=0x15b3, options=0x30000002, comp_mask=0x0}
gx10-e146:63:73 [0] NCCL INFO NET/IB: Subnet-aware routing: overriding dev 4 with dev 1
gx10-e146:63:73 [0] NCCL INFO NET/IB: ncclIbReceiverQpsCreateToRts: QP created: port=1 dev=1 devName=rocep1s0f1 ndevs=4 nmdevs=6 qp_num=15438 pkey=0 pd=0xe7b8c0203d80 oooRq=0
gx10-e146:63:73 [0] NCCL INFO NET/IB: ncclIbReceiverQpsCreateToRts: QP created: port=1 dev=1 devName=rocep1s0f1 ndevs=4 nmdevs=6 qp_num=15439 pkey=0 pd=0xe7b8c0203d80 oooRq=0
gx10-e146:63:73 [0] NCCL INFO NET/IB: ncclIbReceiverQpsCreateToRts: Flush QP created: port=1 dev=1 devName=rocep1s0f1 ndevs=4 nmdevs=6 qp_num=15440 pkey=0 pd=0xe7b8c0203d80
gx10-e146:63:73 [0] NCCL INFO NET/IB: Subnet-aware routing: overriding dev 5 with dev 2
gx10-e146:63:73 [0] NCCL INFO NET/IB: ncclIbSenderQpsCreate: QP created: port=1 dev=2 devName=roceP2p1s0f0 ndevs=4 nmdevs=6 qp_num=1824 pkey=0 pd=0xe7b8c00c8f60 oooRq=0
gx10-e146:63:73 [0] NCCL INFO NET/IB: ncclIbSenderQpsCreate: QP created: port=1 dev=2 devName=roceP2p1s0f0 ndevs=4 nmdevs=6 qp_num=1825 pkey=0 pd=0xe7b8c00c8f60 oooRq=0
gx10-e146:63:73 [0] NCCL INFO NET/IB: ncclIbConnectImpl: NCCL Dev 2 IbDev 2 Port 1 qp_num 1824 mtu 5 GID 3 (0/170A8C0FFFF0000) ctsFifoRkey=0x1cd9c2 ctsFifoLkey=0x1cd9c2
gx10-e146:63:73 [0] NCCL INFO NET/IB: ncclIbConnectImpl: IbDev 2 Port 1 qp_num 1824 query_ece={supported=1, vendor_id=0x15b3, options=0x30000002, comp_mask=0x0}
gx10-e146:63:73 [0] NCCL INFO NET/IB: ncclIbConnectImpl: NCCL Dev 2 IbDev 2 Port 1 qp_num 1825 mtu 5 GID 3 (0/170A8C0FFFF0000) ctsFifoRkey=0x1cd9c2 ctsFifoLkey=0x1cd9c2
gx10-e146:63:73 [0] NCCL INFO NET/IB: ncclIbConnectImpl: IbDev 2 Port 1 qp_num 1825 query_ece={supported=1, vendor_id=0x15b3, options=0x30000002, comp_mask=0x0}
gx10-e146:63:73 [0] NCCL INFO NET/IB: Subnet-aware routing: overriding dev 5 with dev 3
gx10-e146:63:73 [0] NCCL INFO NET/IB: ncclIbReceiverQpsCreateToRts: QP created: port=1 dev=3 devName=roceP2p1s0f1 ndevs=4 nmdevs=6 qp_num=2516 pkey=0 pd=0xe7b8c01a8720 oooRq=0
gx10-e146:63:73 [0] NCCL INFO NET/IB: ncclIbReceiverQpsCreateToRts: QP created: port=1 dev=3 devName=roceP2p1s0f1 ndevs=4 nmdevs=6 qp_num=2517 pkey=0 pd=0xe7b8c01a8720 oooRq=0
gx10-e146:63:73 [0] NCCL INFO NET/IB: ncclIbReceiverQpsCreateToRts: Flush QP created: port=1 dev=3 devName=roceP2p1s0f1 ndevs=4 nmdevs=6 qp_num=2518 pkey=0 pd=0xe7b8c01a8720
gx10-e146:63:73 [0] NCCL INFO NET/IB: Subnet-aware routing: overriding dev 4 with dev 0
gx10-e146:63:73 [0] NCCL INFO NET/IB: ncclIbResiliencyInit: Resiliency is disabled on the send communicator (comm=0xe7b8c0e1c000)
gx10-e146:63:73 [0] NCCL INFO NET/IB: Subnet-aware routing: overriding dev 4 with dev 0
gx10-e146:63:73 [0] NCCL INFO NET/IB: ncclIbSenderQpsToRts: Set ECE: IbDev 0 Port 1 qp_num 12160 set_ece={supported=1, vendor_id=0x15b3, options=0x30000002, comp_mask=0x0}
gx10-e146:63:73 [0] NCCL INFO NET/IB: ncclIbSenderQpsToRts: Set ECE: IbDev 0 Port 1 qp_num 12161 set_ece={supported=1, vendor_id=0x15b3, options=0x30000002, comp_mask=0x0}
gx10-e146:63:73 [0] NCCL INFO NET/IB: Subnet-aware routing: overriding dev 5 with dev 2
gx10-e146:63:73 [0] NCCL INFO NET/IB: ncclIbSenderQpsToRts: Set ECE: IbDev 2 Port 1 qp_num 1824 set_ece={supported=1, vendor_id=0x15b3, options=0x30000002, comp_mask=0x0}
gx10-e146:63:73 [0] NCCL INFO NET/IB: ncclIbSenderQpsToRts: Set ECE: IbDev 2 Port 1 qp_num 1825 set_ece={supported=1, vendor_id=0x15b3, options=0x30000002, comp_mask=0x0}
gx10-e146:63:73 [0] NCCL INFO NET/IB: Subnet-aware routing: overriding dev 4 with dev 0
gx10-e146:63:73 [0] NCCL INFO NET/IB: ncclIbResiliencyInit: Resiliency is disabled on the recv communicator (comm=0xe7b8c0e60000)
gx10-e146:63:73 [0] NCCL INFO NET/IB: ncclIbRecvCommInit: Receive work requests will be posted on-demand
gx10-e146:63:73 [0] NCCL INFO NET/IB: Subnet-aware routing: overriding dev 4 with dev 0
gx10-e146:63:73 [0] NCCL INFO NET/IB: Subnet-aware routing: overriding dev 5 with dev 2
gx10-e146:63:73 [0] NCCL INFO NET/IB: ncclIbResiliencyInit: Resiliency is disabled on the send communicator (comm=0xe7b8c0ea8000)
gx10-e146:63:73 [0] NCCL INFO NET/IB: Subnet-aware routing: overriding dev 4 with dev 0
gx10-e146:63:73 [0] NCCL INFO NET/IB: Subnet-aware routing: overriding dev 5 with dev 2
gx10-e146:63:73 [0] NCCL INFO NET/IB: ncclIbResiliencyInit: Resiliency is disabled on the recv communicator (comm=0xe7b8c0eec000)
gx10-e146:63:73 [0] NCCL INFO NET/IB: ncclIbRecvCommInit: Receive work requests will be posted on-demand
gx10-e146:63:73 [0] NCCL INFO NET/IB: Subnet-aware routing: overriding dev 4 with dev 0
gx10-e146:63:73 [0] NCCL INFO NET/IB: Subnet-aware routing: overriding dev 5 with dev 2
gx10-e146:63:73 [0] NCCL INFO NET/IB: Subnet-aware routing: overriding dev 4 with dev 0
gx10-e146:63:73 [0] NCCL INFO NET/IB: ncclIbResiliencyInit: Resiliency is disabled on the send communicator (comm=0xe7b8c0f34000)
gx10-e146:63:73 [0] NCCL INFO NET/IB: Subnet-aware routing: overriding dev 4 with dev 0
gx10-e146:63:73 [0] NCCL INFO NET/IB: ncclIbSenderQpsCreate: QP created: port=1 dev=0 devName=rocep1s0f0 ndevs=4 nmdevs=6 qp_num=12162 pkey=0 pd=0xe7b8c007dd30 oooRq=0
gx10-e146:63:73 [0] NCCL INFO NET/IB: ncclIbSenderQpsCreate: QP created: port=1 dev=0 devName=rocep1s0f0 ndevs=4 nmdevs=6 qp_num=12163 pkey=0 pd=0xe7b8c007dd30 oooRq=0
gx10-e146:63:73 [0] NCCL INFO NET/IB: ncclIbConnectImpl: NCCL Dev 0 IbDev 0 Port 1 qp_num 12162 mtu 5 GID 6 (0/166A8C0FFFF0000) ctsFifoRkey=0x16eaa4 ctsFifoLkey=0x16eaa4
gx10-e146:63:73 [0] NCCL INFO NET/IB: ncclIbConnectImpl: IbDev 0 Port 1 qp_num 12162 query_ece={supported=1, vendor_id=0x15b3, options=0x30000002, comp_mask=0x0}
gx10-e146:63:73 [0] NCCL INFO NET/IB: ncclIbConnectImpl: NCCL Dev 0 IbDev 0 Port 1 qp_num 12163 mtu 5 GID 6 (0/166A8C0FFFF0000) ctsFifoRkey=0x16eaa4 ctsFifoLkey=0x16eaa4
gx10-e146:63:73 [0] NCCL INFO NET/IB: ncclIbConnectImpl: IbDev 0 Port 1 qp_num 12163 query_ece={supported=1, vendor_id=0x15b3, options=0x30000002, comp_mask=0x0}
gx10-e146:63:73 [0] NCCL INFO NET/IB: Subnet-aware routing: overriding dev 4 with dev 1
gx10-e146:63:73 [0] NCCL INFO NET/IB: ncclIbReceiverQpsCreateToRts: QP created: port=1 dev=1 devName=rocep1s0f1 ndevs=4 nmdevs=6 qp_num=15441 pkey=0 pd=0xe7b8c0203d80 oooRq=0
gx10-e146:63:73 [0] NCCL INFO NET/IB: ncclIbReceiverQpsCreateToRts: QP created: port=1 dev=1 devName=rocep1s0f1 ndevs=4 nmdevs=6 qp_num=15442 pkey=0 pd=0xe7b8c0203d80 oooRq=0
gx10-e146:63:73 [0] NCCL INFO NET/IB: ncclIbReceiverQpsCreateToRts: Flush QP created: port=1 dev=1 devName=rocep1s0f1 ndevs=4 nmdevs=6 qp_num=15443 pkey=0 pd=0xe7b8c0203d80
gx10-e146:63:73 [0] NCCL INFO NET/IB: Subnet-aware routing: overriding dev 5 with dev 2
gx10-e146:63:73 [0] NCCL INFO NET/IB: ncclIbSenderQpsCreate: QP created: port=1 dev=2 devName=roceP2p1s0f0 ndevs=4 nmdevs=6 qp_num=1826 pkey=0 pd=0xe7b8c00c8f60 oooRq=0
gx10-e146:63:73 [0] NCCL INFO NET/IB: ncclIbSenderQpsCreate: QP created: port=1 dev=2 devName=roceP2p1s0f0 ndevs=4 nmdevs=6 qp_num=1827 pkey=0 pd=0xe7b8c00c8f60 oooRq=0
gx10-e146:63:73 [0] NCCL INFO NET/IB: ncclIbConnectImpl: NCCL Dev 2 IbDev 2 Port 1 qp_num 1826 mtu 5 GID 3 (0/170A8C0FFFF0000) ctsFifoRkey=0x1cd5be ctsFifoLkey=0x1cd5be
gx10-e146:63:73 [0] NCCL INFO NET/IB: ncclIbConnectImpl: IbDev 2 Port 1 qp_num 1826 query_ece={supported=1, vendor_id=0x15b3, options=0x30000002, comp_mask=0x0}
gx10-e146:63:73 [0] NCCL INFO NET/IB: ncclIbConnectImpl: NCCL Dev 2 IbDev 2 Port 1 qp_num 1827 mtu 5 GID 3 (0/170A8C0FFFF0000) ctsFifoRkey=0x1cd5be ctsFifoLkey=0x1cd5be
gx10-e146:63:73 [0] NCCL INFO NET/IB: ncclIbConnectImpl: IbDev 2 Port 1 qp_num 1827 query_ece={supported=1, vendor_id=0x15b3, options=0x30000002, comp_mask=0x0}
gx10-e146:63:73 [0] NCCL INFO NET/IB: Subnet-aware routing: overriding dev 5 with dev 3
gx10-e146:63:73 [0] NCCL INFO NET/IB: ncclIbReceiverQpsCreateToRts: QP created: port=1 dev=3 devName=roceP2p1s0f1 ndevs=4 nmdevs=6 qp_num=2519 pkey=0 pd=0xe7b8c01a8720 oooRq=0
gx10-e146:63:73 [0] NCCL INFO NET/IB: ncclIbReceiverQpsCreateToRts: QP created: port=1 dev=3 devName=roceP2p1s0f1 ndevs=4 nmdevs=6 qp_num=2520 pkey=0 pd=0xe7b8c01a8720 oooRq=0
gx10-e146:63:73 [0] NCCL INFO NET/IB: ncclIbReceiverQpsCreateToRts: Flush QP created: port=1 dev=3 devName=roceP2p1s0f1 ndevs=4 nmdevs=6 qp_num=2521 pkey=0 pd=0xe7b8c01a8720
gx10-e146:63:73 [0] NCCL INFO NET/IB: Subnet-aware routing: overriding dev 4 with dev 0
gx10-e146:63:73 [0] NCCL INFO NET/IB: ncclIbResiliencyInit: Resiliency is disabled on the recv communicator (comm=0xe7b8c111d000)
gx10-e146:63:73 [0] NCCL INFO NET/IB: ncclIbRecvCommInit: Receive work requests will be posted on-demand
gx10-e146:63:73 [0] NCCL INFO NET/IB: Subnet-aware routing: overriding dev 4 with dev 0
gx10-e146:63:73 [0] NCCL INFO NET/IB: ncclIbSenderQpsToRts: Set ECE: IbDev 0 Port 1 qp_num 12162 set_ece={supported=1, vendor_id=0x15b3, options=0x30000002, comp_mask=0x0}
gx10-e146:63:73 [0] NCCL INFO NET/IB: ncclIbSenderQpsToRts: Set ECE: IbDev 0 Port 1 qp_num 12163 set_ece={supported=1, vendor_id=0x15b3, options=0x30000002, comp_mask=0x0}
gx10-e146:63:73 [0] NCCL INFO NET/IB: Subnet-aware routing: overriding dev 5 with dev 2
gx10-e146:63:73 [0] NCCL INFO NET/IB: ncclIbSenderQpsToRts: Set ECE: IbDev 2 Port 1 qp_num 1826 set_ece={supported=1, vendor_id=0x15b3, options=0x30000002, comp_mask=0x0}
gx10-e146:63:73 [0] NCCL INFO NET/IB: ncclIbSenderQpsToRts: Set ECE: IbDev 2 Port 1 qp_num 1827 set_ece={supported=1, vendor_id=0x15b3, options=0x30000002, comp_mask=0x0}
gx10-e146:63:73 [0] NCCL INFO NET/IB: Subnet-aware routing: overriding dev 4 with dev 0
gx10-e146:63:73 [0] NCCL INFO NET/IB: ncclIbSenderQpsCreate: QP created: port=1 dev=0 devName=rocep1s0f0 ndevs=4 nmdevs=6 qp_num=12164 pkey=0 pd=0xe7b8c007dd30 oooRq=0
gx10-e146:63:73 [0] NCCL INFO NET/IB: ncclIbSenderQpsCreate: QP created: port=1 dev=0 devName=rocep1s0f0 ndevs=4 nmdevs=6 qp_num=12165 pkey=0 pd=0xe7b8c007dd30 oooRq=0
gx10-e146:63:73 [0] NCCL INFO NET/IB: ncclIbConnectImpl: NCCL Dev 0 IbDev 0 Port 1 qp_num 12164 mtu 5 GID 6 (0/166A8C0FFFF0000) ctsFifoRkey=0x160bc8 ctsFifoLkey=0x160bc8
gx10-e146:63:73 [0] NCCL INFO NET/IB: ncclIbConnectImpl: IbDev 0 Port 1 qp_num 12164 query_ece={supported=1, vendor_id=0x15b3, options=0x30000002, comp_mask=0x0}
gx10-e146:63:73 [0] NCCL INFO NET/IB: ncclIbConnectImpl: NCCL Dev 0 IbDev 0 Port 1 qp_num 12165 mtu 5 GID 6 (0/166A8C0FFFF0000) ctsFifoRkey=0x160bc8 ctsFifoLkey=0x160bc8
gx10-e146:63:73 [0] NCCL INFO NET/IB: ncclIbConnectImpl: IbDev 0 Port 1 qp_num 12165 query_ece={supported=1, vendor_id=0x15b3, options=0x30000002, comp_mask=0x0}
gx10-e146:63:73 [0] NCCL INFO NET/IB: Subnet-aware routing: overriding dev 4 with dev 1
gx10-e146:63:73 [0] NCCL INFO NET/IB: ncclIbReceiverQpsCreateToRts: QP created: port=1 dev=1 devName=rocep1s0f1 ndevs=4 nmdevs=6 qp_num=15444 pkey=0 pd=0xe7b8c0203d80 oooRq=0
gx10-e146:63:73 [0] NCCL INFO NET/IB: ncclIbReceiverQpsCreateToRts: QP created: port=1 dev=1 devName=rocep1s0f1 ndevs=4 nmdevs=6 qp_num=15445 pkey=0 pd=0xe7b8c0203d80 oooRq=0
gx10-e146:63:73 [0] NCCL INFO NET/IB: ncclIbReceiverQpsCreateToRts: Flush QP created: port=1 dev=1 devName=rocep1s0f1 ndevs=4 nmdevs=6 qp_num=15446 pkey=0 pd=0xe7b8c0203d80
gx10-e146:63:73 [0] NCCL INFO NET/IB: Subnet-aware routing: overriding dev 5 with dev 2
gx10-e146:63:73 [0] NCCL INFO NET/IB: ncclIbResiliencyInit: Resiliency is disabled on the send communicator (comm=0xe7b8c1230000)
gx10-e146:63:73 [0] NCCL INFO NET/IB: Subnet-aware routing: overriding dev 4 with dev 0
gx10-e146:63:73 [0] NCCL INFO NET/IB: Subnet-aware routing: overriding dev 5 with dev 2
gx10-e146:63:73 [0] NCCL INFO NET/IB: ncclIbResiliencyInit: Resiliency is disabled on the recv communicator (comm=0xe7b8c1274000)
gx10-e146:63:73 [0] NCCL INFO NET/IB: ncclIbRecvCommInit: Receive work requests will be posted on-demand
gx10-e146:63:73 [0] NCCL INFO NET/IB: Subnet-aware routing: overriding dev 4 with dev 0
gx10-e146:63:73 [0] NCCL INFO NET/IB: Subnet-aware routing: overriding dev 5 with dev 2
gx10-e146:63:73 [0] NCCL INFO NET/IB: Subnet-aware routing: overriding dev 4 with dev 0
gx10-e146:63:73 [0] NCCL INFO NET/IB: ncclIbResiliencyInit: Resiliency is disabled on the send communicator (comm=0xe7b8c12bc000)
gx10-e146:63:73 [0] NCCL INFO NET/IB: Subnet-aware routing: overriding dev 4 with dev 0
gx10-e146:63:73 [0] NCCL INFO NET/IB: ncclIbSenderQpsToRts: Set ECE: IbDev 0 Port 1 qp_num 12164 set_ece={supported=1, vendor_id=0x15b3, options=0x30000002, comp_mask=0x0}
gx10-e146:63:73 [0] NCCL INFO NET/IB: ncclIbSenderQpsToRts: Set ECE: IbDev 0 Port 1 qp_num 12165 set_ece={supported=1, vendor_id=0x15b3, options=0x30000002, comp_mask=0x0}
gx10-e146:63:73 [0] NCCL INFO NET/IB: Subnet-aware routing: overriding dev 5 with dev 2
gx10-e146:63:73 [0] NCCL INFO NET/IB: ncclIbSenderQpsCreate: QP created: port=1 dev=2 devName=roceP2p1s0f0 ndevs=4 nmdevs=6 qp_num=1828 pkey=0 pd=0xe7b8c00c8f60 oooRq=0
gx10-e146:63:73 [0] NCCL INFO NET/IB: ncclIbSenderQpsCreate: QP created: port=1 dev=2 devName=roceP2p1s0f0 ndevs=4 nmdevs=6 qp_num=1829 pkey=0 pd=0xe7b8c00c8f60 oooRq=0
gx10-e146:63:73 [0] NCCL INFO NET/IB: ncclIbConnectImpl: NCCL Dev 2 IbDev 2 Port 1 qp_num 1828 mtu 5 GID 3 (0/170A8C0FFFF0000) ctsFifoRkey=0x18dad4 ctsFifoLkey=0x18dad4
gx10-e146:63:73 [0] NCCL INFO NET/IB: ncclIbConnectImpl: IbDev 2 Port 1 qp_num 1828 query_ece={supported=1, vendor_id=0x15b3, options=0x30000002, comp_mask=0x0}
gx10-e146:63:73 [0] NCCL INFO NET/IB: ncclIbConnectImpl: NCCL Dev 2 IbDev 2 Port 1 qp_num 1829 mtu 5 GID 3 (0/170A8C0FFFF0000) ctsFifoRkey=0x18dad4 ctsFifoLkey=0x18dad4
gx10-e146:63:73 [0] NCCL INFO NET/IB: ncclIbConnectImpl: IbDev 2 Port 1 qp_num 1829 query_ece={supported=1, vendor_id=0x15b3, options=0x30000002, comp_mask=0x0}
gx10-e146:63:73 [0] NCCL INFO NET/IB: Subnet-aware routing: overriding dev 5 with dev 3
gx10-e146:63:73 [0] NCCL INFO NET/IB: ncclIbReceiverQpsCreateToRts: QP created: port=1 dev=3 devName=roceP2p1s0f1 ndevs=4 nmdevs=6 qp_num=2522 pkey=0 pd=0xe7b8c01a8720 oooRq=0
gx10-e146:63:73 [0] NCCL INFO NET/IB: ncclIbReceiverQpsCreateToRts: QP created: port=1 dev=3 devName=roceP2p1s0f1 ndevs=4 nmdevs=6 qp_num=2523 pkey=0 pd=0xe7b8c01a8720 oooRq=0
gx10-e146:63:73 [0] NCCL INFO NET/IB: ncclIbReceiverQpsCreateToRts: Flush QP created: port=1 dev=3 devName=roceP2p1s0f1 ndevs=4 nmdevs=6 qp_num=2524 pkey=0 pd=0xe7b8c01a8720
gx10-e146:63:73 [0] NCCL INFO NET/IB: Subnet-aware routing: overriding dev 4 with dev 0
gx10-e146:63:73 [0] NCCL INFO NET/IB: ncclIbResiliencyInit: Resiliency is disabled on the recv communicator (comm=0xe7b8c13d2000)
gx10-e146:63:73 [0] NCCL INFO NET/IB: ncclIbRecvCommInit: Receive work requests will be posted on-demand
gx10-e146:63:73 [0] NCCL INFO NET/IB: Subnet-aware routing: overriding dev 5 with dev 2
gx10-e146:63:73 [0] NCCL INFO NET/IB: Subnet-aware routing: overriding dev 4 with dev 0
gx10-e146:63:73 [0] NCCL INFO NET/IB: Subnet-aware routing: overriding dev 5 with dev 2
gx10-e146:63:73 [0] NCCL INFO NET/IB: ncclIbResiliencyInit: Resiliency is disabled on the send communicator (comm=0xe7b8c141a000)
gx10-e146:63:73 [0] NCCL INFO NET/IB: Subnet-aware routing: overriding dev 5 with dev 2
gx10-e146:63:73 [0] NCCL INFO NET/IB: Subnet-aware routing: overriding dev 4 with dev 0
gx10-e146:63:73 [0] NCCL INFO NET/IB: Subnet-aware routing: overriding dev 5 with dev 2
gx10-e146:63:73 [0] NCCL INFO NET/IB: ncclIbResiliencyInit: Resiliency is disabled on the recv communicator (comm=0xe7b8c145e000)
gx10-e146:63:73 [0] NCCL INFO NET/IB: ncclIbRecvCommInit: Receive work requests will be posted on-demand
gx10-e146:63:73 [0] NCCL INFO NET/IB: Subnet-aware routing: overriding dev 5 with dev 2
gx10-e146:63:73 [0] NCCL INFO NET/IB: Subnet-aware routing: overriding dev 4 with dev 0
gx10-e146:63:73 [0] NCCL INFO NET/IB: Subnet-aware routing: overriding dev 5 with dev 2
gx10-e146:63:73 [0] NCCL INFO NET/IB: Subnet-aware routing: overriding dev 4 with dev 0
gx10-e146:63:73 [0] NCCL INFO NET/IB: ncclIbResiliencyInit: Resiliency is disabled on the send communicator (comm=0xe7b8c14a6000)
gx10-e146:63:73 [0] NCCL INFO NET/IB: Subnet-aware routing: overriding dev 5 with dev 2
gx10-e146:63:73 [0] NCCL INFO NET/IB: ncclIbSenderQpsToRts: Set ECE: IbDev 2 Port 1 qp_num 1828 set_ece={supported=1, vendor_id=0x15b3, options=0x30000002, comp_mask=0x0}
gx10-e146:63:73 [0] NCCL INFO NET/IB: ncclIbSenderQpsToRts: Set ECE: IbDev 2 Port 1 qp_num 1829 set_ece={supported=1, vendor_id=0x15b3, options=0x30000002, comp_mask=0x0}
gx10-e146:63:73 [0] NCCL INFO NET/IB: Subnet-aware routing: overriding dev 4 with dev 0
gx10-e146:63:73 [0] NCCL INFO NET/IB: ncclIbSenderQpsCreate: QP created: port=1 dev=0 devName=rocep1s0f0 ndevs=4 nmdevs=6 qp_num=12166 pkey=0 pd=0xe7b8c007dd30 oooRq=0
gx10-e146:63:73 [0] NCCL INFO NET/IB: ncclIbSenderQpsCreate: QP created: port=1 dev=0 devName=rocep1s0f0 ndevs=4 nmdevs=6 qp_num=12167 pkey=0 pd=0xe7b8c007dd30 oooRq=0
gx10-e146:63:73 [0] NCCL INFO NET/IB: ncclIbConnectImpl: NCCL Dev 0 IbDev 0 Port 1 qp_num 12166 mtu 5 GID 6 (0/166A8C0FFFF0000) ctsFifoRkey=0x1636e9 ctsFifoLkey=0x1636e9
gx10-e146:63:73 [0] NCCL INFO NET/IB: ncclIbConnectImpl: IbDev 0 Port 1 qp_num 12166 query_ece={supported=1, vendor_id=0x15b3, options=0x30000002, comp_mask=0x0}
gx10-e146:63:73 [0] NCCL INFO NET/IB: ncclIbConnectImpl: NCCL Dev 0 IbDev 0 Port 1 qp_num 12167 mtu 5 GID 6 (0/166A8C0FFFF0000) ctsFifoRkey=0x1636e9 ctsFifoLkey=0x1636e9
gx10-e146:63:73 [0] NCCL INFO NET/IB: ncclIbConnectImpl: IbDev 0 Port 1 qp_num 12167 query_ece={supported=1, vendor_id=0x15b3, options=0x30000002, comp_mask=0x0}
gx10-e146:63:73 [0] NCCL INFO NET/IB: Subnet-aware routing: overriding dev 4 with dev 1
gx10-e146:63:73 [0] NCCL INFO NET/IB: ncclIbReceiverQpsCreateToRts: QP created: port=1 dev=1 devName=rocep1s0f1 ndevs=4 nmdevs=6 qp_num=15447 pkey=0 pd=0xe7b8c0203d80 oooRq=0
gx10-e146:63:73 [0] NCCL INFO NET/IB: ncclIbReceiverQpsCreateToRts: QP created: port=1 dev=1 devName=rocep1s0f1 ndevs=4 nmdevs=6 qp_num=15448 pkey=0 pd=0xe7b8c0203d80 oooRq=0
gx10-e146:63:73 [0] NCCL INFO NET/IB: ncclIbReceiverQpsCreateToRts: Flush QP created: port=1 dev=1 devName=rocep1s0f1 ndevs=4 nmdevs=6 qp_num=15449 pkey=0 pd=0xe7b8c0203d80
gx10-e146:63:73 [0] NCCL INFO NET/IB: Subnet-aware routing: overriding dev 5 with dev 2
gx10-e146:63:73 [0] NCCL INFO NET/IB: ncclIbSenderQpsCreate: QP created: port=1 dev=2 devName=roceP2p1s0f0 ndevs=4 nmdevs=6 qp_num=1830 pkey=0 pd=0xe7b8c00c8f60 oooRq=0
gx10-e146:63:73 [0] NCCL INFO NET/IB: ncclIbSenderQpsCreate: QP created: port=1 dev=2 devName=roceP2p1s0f0 ndevs=4 nmdevs=6 qp_num=1831 pkey=0 pd=0xe7b8c00c8f60 oooRq=0
gx10-e146:63:73 [0] NCCL INFO NET/IB: ncclIbConnectImpl: NCCL Dev 2 IbDev 2 Port 1 qp_num 1830 mtu 5 GID 3 (0/170A8C0FFFF0000) ctsFifoRkey=0x18e4de ctsFifoLkey=0x18e4de
gx10-e146:63:73 [0] NCCL INFO NET/IB: ncclIbConnectImpl: IbDev 2 Port 1 qp_num 1830 query_ece={supported=1, vendor_id=0x15b3, options=0x30000002, comp_mask=0x0}
gx10-e146:63:73 [0] NCCL INFO NET/IB: ncclIbConnectImpl: NCCL Dev 2 IbDev 2 Port 1 qp_num 1831 mtu 5 GID 3 (0/170A8C0FFFF0000) ctsFifoRkey=0x18e4de ctsFifoLkey=0x18e4de
gx10-e146:63:73 [0] NCCL INFO NET/IB: ncclIbConnectImpl: IbDev 2 Port 1 qp_num 1831 query_ece={supported=1, vendor_id=0x15b3, options=0x30000002, comp_mask=0x0}
gx10-e146:63:73 [0] NCCL INFO NET/IB: Subnet-aware routing: overriding dev 5 with dev 3
gx10-e146:63:73 [0] NCCL INFO NET/IB: ncclIbReceiverQpsCreateToRts: QP created: port=1 dev=3 devName=roceP2p1s0f1 ndevs=4 nmdevs=6 qp_num=2525 pkey=0 pd=0xe7b8c01a8720 oooRq=0
gx10-e146:63:73 [0] NCCL INFO NET/IB: ncclIbReceiverQpsCreateToRts: QP created: port=1 dev=3 devName=roceP2p1s0f1 ndevs=4 nmdevs=6 qp_num=2526 pkey=0 pd=0xe7b8c01a8720 oooRq=0
gx10-e146:63:73 [0] NCCL INFO NET/IB: ncclIbReceiverQpsCreateToRts: Flush QP created: port=1 dev=3 devName=roceP2p1s0f1 ndevs=4 nmdevs=6 qp_num=2527 pkey=0 pd=0xe7b8c01a8720
gx10-e146:63:73 [0] NCCL INFO NET/IB: Subnet-aware routing: overriding dev 4 with dev 0
gx10-e146:63:73 [0] NCCL INFO NET/IB: ncclIbResiliencyInit: Resiliency is disabled on the recv communicator (comm=0xe7b8c168e000)
gx10-e146:63:73 [0] NCCL INFO NET/IB: ncclIbRecvCommInit: Receive work requests will be posted on-demand
gx10-e146:63:73 [0] NCCL INFO NET/IB: Subnet-aware routing: overriding dev 4 with dev 0
gx10-e146:63:73 [0] NCCL INFO NET/IB: Subnet-aware routing: overriding dev 5 with dev 2
gx10-e146:63:73 [0] NCCL INFO NET/IB: Subnet-aware routing: overriding dev 4 with dev 0
gx10-e146:63:73 [0] NCCL INFO NET/IB: Subnet-aware routing: overriding dev 5 with dev 2
gx10-e146:63:73 [0] NCCL INFO NET/IB: ncclIbResiliencyInit: Resiliency is disabled on the send communicator (comm=0xe7b8c16d6000)
gx10-e146:63:73 [0] NCCL INFO NET/IB: Subnet-aware routing: overriding dev 4 with dev 0
gx10-e146:63:73 [0] NCCL INFO NET/IB: ncclIbSenderQpsToRts: Set ECE: IbDev 0 Port 1 qp_num 12166 set_ece={supported=1, vendor_id=0x15b3, options=0x30000002, comp_mask=0x0}
gx10-e146:63:73 [0] NCCL INFO NET/IB: ncclIbSenderQpsToRts: Set ECE: IbDev 0 Port 1 qp_num 12167 set_ece={supported=1, vendor_id=0x15b3, options=0x30000002, comp_mask=0x0}
gx10-e146:63:73 [0] NCCL INFO NET/IB: Subnet-aware routing: overriding dev 5 with dev 2
gx10-e146:63:73 [0] NCCL INFO NET/IB: Subnet-aware routing: overriding dev 4 with dev 0
gx10-e146:63:73 [0] NCCL INFO NET/IB: ncclIbSenderQpsCreate: QP created: port=1 dev=0 devName=rocep1s0f0 ndevs=4 nmdevs=6 qp_num=12168 pkey=0 pd=0xe7b8c007dd30 oooRq=0
gx10-e146:63:73 [0] NCCL INFO NET/IB: ncclIbSenderQpsCreate: QP created: port=1 dev=0 devName=rocep1s0f0 ndevs=4 nmdevs=6 qp_num=12169 pkey=0 pd=0xe7b8c007dd30 oooRq=0
gx10-e146:63:73 [0] NCCL INFO NET/IB: ncclIbConnectImpl: NCCL Dev 0 IbDev 0 Port 1 qp_num 12168 mtu 5 GID 6 (0/166A8C0FFFF0000) ctsFifoRkey=0x17b975 ctsFifoLkey=0x17b975
gx10-e146:63:73 [0] NCCL INFO NET/IB: ncclIbConnectImpl: IbDev 0 Port 1 qp_num 12168 query_ece={supported=1, vendor_id=0x15b3, options=0x30000002, comp_mask=0x0}
gx10-e146:63:73 [0] NCCL INFO NET/IB: ncclIbConnectImpl: NCCL Dev 0 IbDev 0 Port 1 qp_num 12169 mtu 5 GID 6 (0/166A8C0FFFF0000) ctsFifoRkey=0x17b975 ctsFifoLkey=0x17b975
gx10-e146:63:73 [0] NCCL INFO NET/IB: ncclIbConnectImpl: IbDev 0 Port 1 qp_num 12169 query_ece={supported=1, vendor_id=0x15b3, options=0x30000002, comp_mask=0x0}
gx10-e146:63:73 [0] NCCL INFO NET/IB: Subnet-aware routing: overriding dev 5 with dev 2
gx10-e146:63:73 [0] NCCL INFO NET/IB: ncclIbResiliencyInit: Resiliency is disabled on the recv communicator (comm=0xe7b8c176f000)
gx10-e146:63:73 [0] NCCL INFO NET/IB: ncclIbRecvCommInit: Receive work requests will be posted on-demand
gx10-e146:63:73 [0] NCCL INFO NET/IB: Subnet-aware routing: overriding dev 5 with dev 2
gx10-e146:63:73 [0] NCCL INFO NET/IB: ncclIbSenderQpsToRts: Set ECE: IbDev 2 Port 1 qp_num 1830 set_ece={supported=1, vendor_id=0x15b3, options=0x30000002, comp_mask=0x0}
gx10-e146:63:73 [0] NCCL INFO NET/IB: ncclIbSenderQpsToRts: Set ECE: IbDev 2 Port 1 qp_num 1831 set_ece={supported=1, vendor_id=0x15b3, options=0x30000002, comp_mask=0x0}
gx10-e146:63:73 [0] NCCL INFO NET/IB: Subnet-aware routing: overriding dev 4 with dev 0
gx10-e146:63:73 [0] NCCL INFO NET/IB: Subnet-aware routing: overriding dev 4 with dev 1
gx10-e146:63:73 [0] NCCL INFO NET/IB: ncclIbReceiverQpsCreateToRts: QP created: port=1 dev=1 devName=rocep1s0f1 ndevs=4 nmdevs=6 qp_num=15450 pkey=0 pd=0xe7b8c0203d80 oooRq=0
gx10-e146:63:73 [0] NCCL INFO NET/IB: ncclIbReceiverQpsCreateToRts: QP created: port=1 dev=1 devName=rocep1s0f1 ndevs=4 nmdevs=6 qp_num=15451 pkey=0 pd=0xe7b8c0203d80 oooRq=0
gx10-e146:63:73 [0] NCCL INFO NET/IB: ncclIbReceiverQpsCreateToRts: Flush QP created: port=1 dev=1 devName=rocep1s0f1 ndevs=4 nmdevs=6 qp_num=15452 pkey=0 pd=0xe7b8c0203d80
gx10-e146:63:73 [0] NCCL INFO NET/IB: Subnet-aware routing: overriding dev 5 with dev 2
gx10-e146:63:73 [0] NCCL INFO NET/IB: Subnet-aware routing: overriding dev 4 with dev 0
gx10-e146:63:73 [0] NCCL INFO NET/IB: ncclIbResiliencyInit: Resiliency is disabled on the send communicator (comm=0xe7b8c1830000)
gx10-e146:63:73 [0] NCCL INFO NET/IB: Subnet-aware routing: overriding dev 4 with dev 0
gx10-e146:63:73 [0] NCCL INFO NET/IB: Subnet-aware routing: overriding dev 5 with dev 2
gx10-e146:63:73 [0] NCCL INFO NET/IB: Subnet-aware routing: overriding dev 4 with dev 0
gx10-e146:63:73 [0] NCCL INFO NET/IB: ncclIbResiliencyInit: Resiliency is disabled on the recv communicator (comm=0xe7b8c1874000)
gx10-e146:63:73 [0] NCCL INFO NET/IB: ncclIbRecvCommInit: Receive work requests will be posted on-demand
gx10-e146:63:73 [0] NCCL INFO NET/IB: Subnet-aware routing: overriding dev 4 with dev 0
gx10-e146:63:73 [0] NCCL INFO NET/IB: Subnet-aware routing: overriding dev 5 with dev 2
gx10-e146:63:73 [0] NCCL INFO NET/IB: Subnet-aware routing: overriding dev 4 with dev 0
gx10-e146:63:73 [0] NCCL INFO NET/IB: Subnet-aware routing: overriding dev 5 with dev 2
gx10-e146:63:73 [0] NCCL INFO NET/IB: ncclIbResiliencyInit: Resiliency is disabled on the send communicator (comm=0xe7b8c18bc000)
gx10-e146:63:73 [0] NCCL INFO NET/IB: Subnet-aware routing: overriding dev 4 with dev 0
gx10-e146:63:73 [0] NCCL INFO NET/IB: ncclIbSenderQpsToRts: Set ECE: IbDev 0 Port 1 qp_num 12168 set_ece={supported=1, vendor_id=0x15b3, options=0x30000002, comp_mask=0x0}
gx10-e146:63:73 [0] NCCL INFO NET/IB: ncclIbSenderQpsToRts: Set ECE: IbDev 0 Port 1 qp_num 12169 set_ece={supported=1, vendor_id=0x15b3, options=0x30000002, comp_mask=0x0}
gx10-e146:63:73 [0] NCCL INFO NET/IB: Subnet-aware routing: overriding dev 5 with dev 2
gx10-e146:63:73 [0] NCCL INFO NET/IB: ncclIbSenderQpsCreate: QP created: port=1 dev=2 devName=roceP2p1s0f0 ndevs=4 nmdevs=6 qp_num=1832 pkey=0 pd=0xe7b8c00c8f60 oooRq=0
gx10-e146:63:73 [0] NCCL INFO NET/IB: ncclIbSenderQpsCreate: QP created: port=1 dev=2 devName=roceP2p1s0f0 ndevs=4 nmdevs=6 qp_num=1833 pkey=0 pd=0xe7b8c00c8f60 oooRq=0
gx10-e146:63:73 [0] NCCL INFO NET/IB: ncclIbConnectImpl: NCCL Dev 2 IbDev 2 Port 1 qp_num 1832 mtu 5 GID 3 (0/170A8C0FFFF0000) ctsFifoRkey=0x199e9b ctsFifoLkey=0x199e9b
gx10-e146:63:73 [0] NCCL INFO NET/IB: ncclIbConnectImpl: IbDev 2 Port 1 qp_num 1832 query_ece={supported=1, vendor_id=0x15b3, options=0x30000002, comp_mask=0x0}
gx10-e146:63:73 [0] NCCL INFO NET/IB: ncclIbConnectImpl: NCCL Dev 2 IbDev 2 Port 1 qp_num 1833 mtu 5 GID 3 (0/170A8C0FFFF0000) ctsFifoRkey=0x199e9b ctsFifoLkey=0x199e9b
gx10-e146:63:73 [0] NCCL INFO NET/IB: ncclIbConnectImpl: IbDev 2 Port 1 qp_num 1833 query_ece={supported=1, vendor_id=0x15b3, options=0x30000002, comp_mask=0x0}
gx10-e146:63:73 [0] NCCL INFO NET/IB: Subnet-aware routing: overriding dev 5 with dev 3
gx10-e146:63:73 [0] NCCL INFO NET/IB: ncclIbReceiverQpsCreateToRts: QP created: port=1 dev=3 devName=roceP2p1s0f1 ndevs=4 nmdevs=6 qp_num=2528 pkey=0 pd=0xe7b8c01a8720 oooRq=0
gx10-e146:63:73 [0] NCCL INFO NET/IB: ncclIbReceiverQpsCreateToRts: QP created: port=1 dev=3 devName=roceP2p1s0f1 ndevs=4 nmdevs=6 qp_num=2529 pkey=0 pd=0xe7b8c01a8720 oooRq=0
gx10-e146:63:73 [0] NCCL INFO NET/IB: ncclIbReceiverQpsCreateToRts: Flush QP created: port=1 dev=3 devName=roceP2p1s0f1 ndevs=4 nmdevs=6 qp_num=2530 pkey=0 pd=0xe7b8c01a8720
gx10-e146:63:73 [0] NCCL INFO NET/IB: Subnet-aware routing: overriding dev 4 with dev 0
gx10-e146:63:73 [0] NCCL INFO NET/IB: ncclIbSenderQpsCreate: QP created: port=1 dev=0 devName=rocep1s0f0 ndevs=4 nmdevs=6 qp_num=12170 pkey=0 pd=0xe7b8c007dd30 oooRq=0
gx10-e146:63:73 [0] NCCL INFO NET/IB: ncclIbSenderQpsCreate: QP created: port=1 dev=0 devName=rocep1s0f0 ndevs=4 nmdevs=6 qp_num=12171 pkey=0 pd=0xe7b8c007dd30 oooRq=0
gx10-e146:63:73 [0] NCCL INFO NET/IB: ncclIbConnectImpl: NCCL Dev 0 IbDev 0 Port 1 qp_num 12170 mtu 5 GID 6 (0/166A8C0FFFF0000) ctsFifoRkey=0x17b673 ctsFifoLkey=0x17b673
gx10-e146:63:73 [0] NCCL INFO NET/IB: ncclIbConnectImpl: IbDev 0 Port 1 qp_num 12170 query_ece={supported=1, vendor_id=0x15b3, options=0x30000002, comp_mask=0x0}
gx10-e146:63:73 [0] NCCL INFO NET/IB: ncclIbConnectImpl: NCCL Dev 0 IbDev 0 Port 1 qp_num 12171 mtu 5 GID 6 (0/166A8C0FFFF0000) ctsFifoRkey=0x17b673 ctsFifoLkey=0x17b673
gx10-e146:63:73 [0] NCCL INFO NET/IB: ncclIbConnectImpl: IbDev 0 Port 1 qp_num 12171 query_ece={supported=1, vendor_id=0x15b3, options=0x30000002, comp_mask=0x0}
gx10-e146:63:73 [0] NCCL INFO NET/IB: Subnet-aware routing: overriding dev 4 with dev 1
gx10-e146:63:73 [0] NCCL INFO NET/IB: ncclIbReceiverQpsCreateToRts: QP created: port=1 dev=1 devName=rocep1s0f1 ndevs=4 nmdevs=6 qp_num=15453 pkey=0 pd=0xe7b8c0203d80 oooRq=0
gx10-e146:63:73 [0] NCCL INFO NET/IB: ncclIbReceiverQpsCreateToRts: QP created: port=1 dev=1 devName=rocep1s0f1 ndevs=4 nmdevs=6 qp_num=15454 pkey=0 pd=0xe7b8c0203d80 oooRq=0
gx10-e146:63:73 [0] NCCL INFO NET/IB: ncclIbReceiverQpsCreateToRts: Flush QP created: port=1 dev=1 devName=rocep1s0f1 ndevs=4 nmdevs=6 qp_num=15455 pkey=0 pd=0xe7b8c0203d80
gx10-e146:63:73 [0] NCCL INFO NET/IB: Subnet-aware routing: overriding dev 5 with dev 2
gx10-e146:63:73 [0] NCCL INFO NET/IB: ncclIbResiliencyInit: Resiliency is disabled on the recv communicator (comm=0xe7b8c1aa2000)
gx10-e146:63:73 [0] NCCL INFO NET/IB: ncclIbRecvCommInit: Receive work requests will be posted on-demand
gx10-e146:63:73 [0] NCCL INFO NET/IB: Subnet-aware routing: overriding dev 5 with dev 2
gx10-e146:63:73 [0] NCCL INFO NET/IB: ncclIbSenderQpsToRts: Set ECE: IbDev 2 Port 1 qp_num 1832 set_ece={supported=1, vendor_id=0x15b3, options=0x30000002, comp_mask=0x0}
gx10-e146:63:73 [0] NCCL INFO NET/IB: ncclIbSenderQpsToRts: Set ECE: IbDev 2 Port 1 qp_num 1833 set_ece={supported=1, vendor_id=0x15b3, options=0x30000002, comp_mask=0x0}
gx10-e146:63:73 [0] NCCL INFO NET/IB: Subnet-aware routing: overriding dev 4 with dev 0
gx10-e146:63:73 [0] NCCL INFO NET/IB: ncclIbSenderQpsToRts: Set ECE: IbDev 0 Port 1 qp_num 12170 set_ece={supported=1, vendor_id=0x15b3, options=0x30000002, comp_mask=0x0}
gx10-e146:63:73 [0] NCCL INFO NET/IB: ncclIbSenderQpsToRts: Set ECE: IbDev 0 Port 1 qp_num 12171 set_ece={supported=1, vendor_id=0x15b3, options=0x30000002, comp_mask=0x0}
gx10-e146:63:73 [0] NCCL INFO NET/IB: Subnet-aware routing: overriding dev 5 with dev 2
gx10-e146:63:73 [0] NCCL INFO NET/IB: ncclIbSenderQpsCreate: QP created: port=1 dev=2 devName=roceP2p1s0f0 ndevs=4 nmdevs=6 qp_num=1834 pkey=0 pd=0xe7b8c00c8f60 oooRq=0
gx10-e146:63:73 [0] NCCL INFO NET/IB: ncclIbSenderQpsCreate: QP created: port=1 dev=2 devName=roceP2p1s0f0 ndevs=4 nmdevs=6 qp_num=1835 pkey=0 pd=0xe7b8c00c8f60 oooRq=0
gx10-e146:63:73 [0] NCCL INFO NET/IB: ncclIbConnectImpl: NCCL Dev 2 IbDev 2 Port 1 qp_num 1834 mtu 5 GID 3 (0/170A8C0FFFF0000) ctsFifoRkey=0x188584 ctsFifoLkey=0x188584
gx10-e146:63:73 [0] NCCL INFO NET/IB: ncclIbConnectImpl: IbDev 2 Port 1 qp_num 1834 query_ece={supported=1, vendor_id=0x15b3, options=0x30000002, comp_mask=0x0}
gx10-e146:63:73 [0] NCCL INFO NET/IB: ncclIbConnectImpl: NCCL Dev 2 IbDev 2 Port 1 qp_num 1835 mtu 5 GID 3 (0/170A8C0FFFF0000) ctsFifoRkey=0x188584 ctsFifoLkey=0x188584
gx10-e146:63:73 [0] NCCL INFO NET/IB: ncclIbConnectImpl: IbDev 2 Port 1 qp_num 1835 query_ece={supported=1, vendor_id=0x15b3, options=0x30000002, comp_mask=0x0}
gx10-e146:63:73 [0] NCCL INFO NET/IB: Subnet-aware routing: overriding dev 5 with dev 3
gx10-e146:63:73 [0] NCCL INFO NET/IB: ncclIbReceiverQpsCreateToRts: QP created: port=1 dev=3 devName=roceP2p1s0f1 ndevs=4 nmdevs=6 qp_num=2531 pkey=0 pd=0xe7b8c01a8720 oooRq=0
gx10-e146:63:73 [0] NCCL INFO NET/IB: ncclIbReceiverQpsCreateToRts: QP created: port=1 dev=3 devName=roceP2p1s0f1 ndevs=4 nmdevs=6 qp_num=2532 pkey=0 pd=0xe7b8c01a8720 oooRq=0
gx10-e146:63:73 [0] NCCL INFO NET/IB: ncclIbReceiverQpsCreateToRts: Flush QP created: port=1 dev=3 devName=roceP2p1s0f1 ndevs=4 nmdevs=6 qp_num=2533 pkey=0 pd=0xe7b8c01a8720
gx10-e146:63:73 [0] NCCL INFO NET/IB: Subnet-aware routing: overriding dev 4 with dev 0
gx10-e146:63:73 [0] NCCL INFO NET/IB: ncclIbResiliencyInit: Resiliency is disabled on the send communicator (comm=0xe7b8c1bb8000)
gx10-e146:63:73 [0] NCCL INFO NET/IB: Subnet-aware routing: overriding dev 5 with dev 2
gx10-e146:63:73 [0] NCCL INFO NET/IB: Subnet-aware routing: overriding dev 4 with dev 0
gx10-e146:63:73 [0] NCCL INFO NET/IB: ncclIbResiliencyInit: Resiliency is disabled on the recv communicator (comm=0xe7b8c1bfc000)
gx10-e146:63:73 [0] NCCL INFO NET/IB: ncclIbRecvCommInit: Receive work requests will be posted on-demand
gx10-e146:63:73 [0] NCCL INFO NET/IB: Subnet-aware routing: overriding dev 5 with dev 2
gx10-e146:63:73 [0] NCCL INFO NET/IB: ncclIbSenderQpsToRts: Set ECE: IbDev 2 Port 1 qp_num 1834 set_ece={supported=1, vendor_id=0x15b3, options=0x30000002, comp_mask=0x0}
gx10-e146:63:73 [0] NCCL INFO NET/IB: ncclIbSenderQpsToRts: Set ECE: IbDev 2 Port 1 qp_num 1835 set_ece={supported=1, vendor_id=0x15b3, options=0x30000002, comp_mask=0x0}
gx10-e146:63:73 [0] NCCL INFO NET/IB: Subnet-aware routing: overriding dev 4 with dev 0
gx10-e146:63:73 [0] NCCL INFO NET/IB: Subnet-aware routing: overriding dev 5 with dev 2
gx10-e146:63:73 [0] NCCL INFO NET/IB: ncclIbResiliencyInit: Resiliency is disabled on the send communicator (comm=0xe7b8c1c44000)
gx10-e146:63:73 [0] NCCL INFO NET/IB: Subnet-aware routing: overriding dev 4 with dev 0
gx10-e146:63:73 [0] NCCL INFO NET/IB: Subnet-aware routing: overriding dev 5 with dev 2
gx10-e146:63:73 [0] NCCL INFO NET/IB: ncclIbResiliencyInit: Resiliency is disabled on the recv communicator (comm=0xe7b8c1c85000)
gx10-e146:63:73 [0] NCCL INFO NET/IB: ncclIbRecvCommInit: Receive work requests will be posted on-demand
gx10-e146:63:73 [0] NCCL INFO NET/IB: Subnet-aware routing: overriding dev 4 with dev 0
gx10-e146:63:73 [0] NCCL INFO NET/IB: ncclIbSenderQpsCreate: QP created: port=1 dev=0 devName=rocep1s0f0 ndevs=4 nmdevs=6 qp_num=12172 pkey=0 pd=0xe7b8c007dd30 oooRq=0
gx10-e146:63:73 [0] NCCL INFO NET/IB: ncclIbSenderQpsCreate: QP created: port=1 dev=0 devName=rocep1s0f0 ndevs=4 nmdevs=6 qp_num=12173 pkey=0 pd=0xe7b8c007dd30 oooRq=0
gx10-e146:63:73 [0] NCCL INFO NET/IB: ncclIbConnectImpl: NCCL Dev 0 IbDev 0 Port 1 qp_num 12172 mtu 5 GID 6 (0/166A8C0FFFF0000) ctsFifoRkey=0x1c3a34 ctsFifoLkey=0x1c3a34
gx10-e146:63:73 [0] NCCL INFO NET/IB: ncclIbConnectImpl: IbDev 0 Port 1 qp_num 12172 query_ece={supported=1, vendor_id=0x15b3, options=0x30000002, comp_mask=0x0}
gx10-e146:63:73 [0] NCCL INFO NET/IB: ncclIbConnectImpl: NCCL Dev 0 IbDev 0 Port 1 qp_num 12173 mtu 5 GID 6 (0/166A8C0FFFF0000) ctsFifoRkey=0x1c3a34 ctsFifoLkey=0x1c3a34
gx10-e146:63:73 [0] NCCL INFO NET/IB: ncclIbConnectImpl: IbDev 0 Port 1 qp_num 12173 query_ece={supported=1, vendor_id=0x15b3, options=0x30000002, comp_mask=0x0}
gx10-e146:63:73 [0] NCCL INFO NET/IB: Subnet-aware routing: overriding dev 4 with dev 1
gx10-e146:63:73 [0] NCCL INFO NET/IB: ncclIbReceiverQpsCreateToRts: QP created: port=1 dev=1 devName=rocep1s0f1 ndevs=4 nmdevs=6 qp_num=15456 pkey=0 pd=0xe7b8c0203d80 oooRq=0
gx10-e146:63:73 [0] NCCL INFO NET/IB: ncclIbReceiverQpsCreateToRts: QP created: port=1 dev=1 devName=rocep1s0f1 ndevs=4 nmdevs=6 qp_num=15457 pkey=0 pd=0xe7b8c0203d80 oooRq=0
gx10-e146:63:73 [0] NCCL INFO NET/IB: ncclIbReceiverQpsCreateToRts: Flush QP created: port=1 dev=1 devName=rocep1s0f1 ndevs=4 nmdevs=6 qp_num=15458 pkey=0 pd=0xe7b8c0203d80
gx10-e146:63:73 [0] NCCL INFO NET/IB: Subnet-aware routing: overriding dev 5 with dev 2
gx10-e146:63:73 [0] NCCL INFO NET/IB: ncclIbSenderQpsCreate: QP created: port=1 dev=2 devName=roceP2p1s0f0 ndevs=4 nmdevs=6 qp_num=1836 pkey=0 pd=0xe7b8c00c8f60 oooRq=0
gx10-e146:63:73 [0] NCCL INFO NET/IB: ncclIbSenderQpsCreate: QP created: port=1 dev=2 devName=roceP2p1s0f0 ndevs=4 nmdevs=6 qp_num=1837 pkey=0 pd=0xe7b8c00c8f60 oooRq=0
gx10-e146:63:73 [0] NCCL INFO NET/IB: ncclIbConnectImpl: NCCL Dev 2 IbDev 2 Port 1 qp_num 1836 mtu 5 GID 3 (0/170A8C0FFFF0000) ctsFifoRkey=0x187978 ctsFifoLkey=0x187978
gx10-e146:63:73 [0] NCCL INFO NET/IB: ncclIbConnectImpl: IbDev 2 Port 1 qp_num 1836 query_ece={supported=1, vendor_id=0x15b3, options=0x30000002, comp_mask=0x0}
gx10-e146:63:73 [0] NCCL INFO NET/IB: ncclIbConnectImpl: NCCL Dev 2 IbDev 2 Port 1 qp_num 1837 mtu 5 GID 3 (0/170A8C0FFFF0000) ctsFifoRkey=0x187978 ctsFifoLkey=0x187978
gx10-e146:63:73 [0] NCCL INFO NET/IB: ncclIbConnectImpl: IbDev 2 Port 1 qp_num 1837 query_ece={supported=1, vendor_id=0x15b3, options=0x30000002, comp_mask=0x0}
gx10-e146:63:73 [0] NCCL INFO NET/IB: Subnet-aware routing: overriding dev 5 with dev 3
gx10-e146:63:73 [0] NCCL INFO NET/IB: ncclIbReceiverQpsCreateToRts: QP created: port=1 dev=3 devName=roceP2p1s0f1 ndevs=4 nmdevs=6 qp_num=2534 pkey=0 pd=0xe7b8c01a8720 oooRq=0
gx10-e146:63:73 [0] NCCL INFO NET/IB: ncclIbReceiverQpsCreateToRts: QP created: port=1 dev=3 devName=roceP2p1s0f1 ndevs=4 nmdevs=6 qp_num=2535 pkey=0 pd=0xe7b8c01a8720 oooRq=0
gx10-e146:63:73 [0] NCCL INFO NET/IB: ncclIbReceiverQpsCreateToRts: Flush QP created: port=1 dev=3 devName=roceP2p1s0f1 ndevs=4 nmdevs=6 qp_num=2536 pkey=0 pd=0xe7b8c01a8720
gx10-e146:63:73 [0] NCCL INFO NET/IB: Subnet-aware routing: overriding dev 4 with dev 0
gx10-e146:63:73 [0] NCCL INFO NET/IB: ncclIbResiliencyInit: Resiliency is disabled on the send communicator (comm=0xe7b8c1e76000)
gx10-e146:63:73 [0] NCCL INFO NET/IB: Subnet-aware routing: overriding dev 4 with dev 0
gx10-e146:63:73 [0] NCCL INFO NET/IB: Subnet-aware routing: overriding dev 5 with dev 2
gx10-e146:63:73 [0] NCCL INFO NET/IB: Subnet-aware routing: overriding dev 4 with dev 0
gx10-e146:63:73 [0] NCCL INFO NET/IB: ncclIbResiliencyInit: Resiliency is disabled on the recv communicator (comm=0xe7b8c1eb7000)
gx10-e146:63:73 [0] NCCL INFO NET/IB: ncclIbRecvCommInit: Receive work requests will be posted on-demand
gx10-e146:63:73 [0] NCCL INFO NET/IB: Subnet-aware routing: overriding dev 4 with dev 0
gx10-e146:63:73 [0] NCCL INFO NET/IB: ncclIbSenderQpsToRts: Set ECE: IbDev 0 Port 1 qp_num 12172 set_ece={supported=1, vendor_id=0x15b3, options=0x30000002, comp_mask=0x0}
gx10-e146:63:73 [0] NCCL INFO NET/IB: ncclIbSenderQpsToRts: Set ECE: IbDev 0 Port 1 qp_num 12173 set_ece={supported=1, vendor_id=0x15b3, options=0x30000002, comp_mask=0x0}
gx10-e146:63:73 [0] NCCL INFO NET/IB: Subnet-aware routing: overriding dev 5 with dev 2
gx10-e146:63:73 [0] NCCL INFO NET/IB: ncclIbSenderQpsToRts: Set ECE: IbDev 2 Port 1 qp_num 1836 set_ece={supported=1, vendor_id=0x15b3, options=0x30000002, comp_mask=0x0}
gx10-e146:63:73 [0] NCCL INFO NET/IB: ncclIbSenderQpsToRts: Set ECE: IbDev 2 Port 1 qp_num 1837 set_ece={supported=1, vendor_id=0x15b3, options=0x30000002, comp_mask=0x0}
gx10-e146:63:73 [0] NCCL INFO NET/IB: Subnet-aware routing: overriding dev 4 with dev 0
gx10-e146:63:73 [0] NCCL INFO NET/IB: ncclIbSenderQpsCreate: QP created: port=1 dev=0 devName=rocep1s0f0 ndevs=4 nmdevs=6 qp_num=12174 pkey=0 pd=0xe7b8c007dd30 oooRq=0
gx10-e146:63:73 [0] NCCL INFO NET/IB: ncclIbSenderQpsCreate: QP created: port=1 dev=0 devName=rocep1s0f0 ndevs=4 nmdevs=6 qp_num=12175 pkey=0 pd=0xe7b8c007dd30 oooRq=0
gx10-e146:63:73 [0] NCCL INFO NET/IB: ncclIbConnectImpl: NCCL Dev 0 IbDev 0 Port 1 qp_num 12174 mtu 5 GID 6 (0/166A8C0FFFF0000) ctsFifoRkey=0x179956 ctsFifoLkey=0x179956
gx10-e146:63:73 [0] NCCL INFO NET/IB: ncclIbConnectImpl: IbDev 0 Port 1 qp_num 12174 query_ece={supported=1, vendor_id=0x15b3, options=0x30000002, comp_mask=0x0}
gx10-e146:63:73 [0] NCCL INFO NET/IB: ncclIbConnectImpl: NCCL Dev 0 IbDev 0 Port 1 qp_num 12175 mtu 5 GID 6 (0/166A8C0FFFF0000) ctsFifoRkey=0x179956 ctsFifoLkey=0x179956
gx10-e146:63:73 [0] NCCL INFO NET/IB: ncclIbConnectImpl: IbDev 0 Port 1 qp_num 12175 query_ece={supported=1, vendor_id=0x15b3, options=0x30000002, comp_mask=0x0}
gx10-e146:63:73 [0] NCCL INFO NET/IB: Subnet-aware routing: overriding dev 4 with dev 1
gx10-e146:63:73 [0] NCCL INFO NET/IB: ncclIbReceiverQpsCreateToRts: QP created: port=1 dev=1 devName=rocep1s0f1 ndevs=4 nmdevs=6 qp_num=15459 pkey=0 pd=0xe7b8c0203d80 oooRq=0
gx10-e146:63:73 [0] NCCL INFO NET/IB: ncclIbReceiverQpsCreateToRts: QP created: port=1 dev=1 devName=rocep1s0f1 ndevs=4 nmdevs=6 qp_num=15460 pkey=0 pd=0xe7b8c0203d80 oooRq=0
gx10-e146:63:73 [0] NCCL INFO NET/IB: ncclIbReceiverQpsCreateToRts: Flush QP created: port=1 dev=1 devName=rocep1s0f1 ndevs=4 nmdevs=6 qp_num=15461 pkey=0 pd=0xe7b8c0203d80
gx10-e146:63:73 [0] NCCL INFO NET/IB: Subnet-aware routing: overriding dev 5 with dev 2
gx10-e146:63:73 [0] NCCL INFO NET/IB: ncclIbResiliencyInit: Resiliency is disabled on the send communicator (comm=0xe7b8c1fca000)
gx10-e146:63:73 [0] NCCL INFO NET/IB: Subnet-aware routing: overriding dev 4 with dev 0
gx10-e146:63:73 [0] NCCL INFO NET/IB: Subnet-aware routing: overriding dev 5 with dev 2
gx10-e146:63:73 [0] NCCL INFO NET/IB: ncclIbResiliencyInit: Resiliency is disabled on the recv communicator (comm=0xe7b8c200e000)
gx10-e146:63:73 [0] NCCL INFO NET/IB: ncclIbRecvCommInit: Receive work requests will be posted on-demand
gx10-e146:63:73 [0] NCCL INFO NET/IB: Subnet-aware routing: overriding dev 4 with dev 0
gx10-e146:63:73 [0] NCCL INFO NET/IB: Subnet-aware routing: overriding dev 5 with dev 2
gx10-e146:63:73 [0] NCCL INFO NET/IB: Subnet-aware routing: overriding dev 4 with dev 0
gx10-e146:63:73 [0] NCCL INFO NET/IB: ncclIbResiliencyInit: Resiliency is disabled on the send communicator (comm=0xe7b8c2056000)
gx10-e146:63:73 [0] NCCL INFO NET/IB: Subnet-aware routing: overriding dev 4 with dev 0
gx10-e146:63:73 [0] NCCL INFO NET/IB: Subnet-aware routing: overriding dev 5 with dev 2
gx10-e146:63:73 [0] NCCL INFO NET/IB: ncclIbSenderQpsCreate: QP created: port=1 dev=2 devName=roceP2p1s0f0 ndevs=4 nmdevs=6 qp_num=1838 pkey=0 pd=0xe7b8c00c8f60 oooRq=0
gx10-e146:63:73 [0] NCCL INFO NET/IB: ncclIbSenderQpsCreate: QP created: port=1 dev=2 devName=roceP2p1s0f0 ndevs=4 nmdevs=6 qp_num=1839 pkey=0 pd=0xe7b8c00c8f60 oooRq=0
gx10-e146:63:73 [0] NCCL INFO NET/IB: ncclIbConnectImpl: NCCL Dev 2 IbDev 2 Port 1 qp_num 1838 mtu 5 GID 3 (0/170A8C0FFFF0000) ctsFifoRkey=0x199794 ctsFifoLkey=0x199794
gx10-e146:63:73 [0] NCCL INFO NET/IB: ncclIbConnectImpl: IbDev 2 Port 1 qp_num 1838 query_ece={supported=1, vendor_id=0x15b3, options=0x30000002, comp_mask=0x0}
gx10-e146:63:73 [0] NCCL INFO NET/IB: ncclIbConnectImpl: NCCL Dev 2 IbDev 2 Port 1 qp_num 1839 mtu 5 GID 3 (0/170A8C0FFFF0000) ctsFifoRkey=0x199794 ctsFifoLkey=0x199794
gx10-e146:63:73 [0] NCCL INFO NET/IB: ncclIbConnectImpl: IbDev 2 Port 1 qp_num 1839 query_ece={supported=1, vendor_id=0x15b3, options=0x30000002, comp_mask=0x0}
gx10-e146:63:73 [0] NCCL INFO NET/IB: Subnet-aware routing: overriding dev 4 with dev 0
gx10-e146:63:73 [0] NCCL INFO NET/IB: ncclIbResiliencyInit: Resiliency is disabled on the recv communicator (comm=0xe7b8c20f3000)
gx10-e146:63:73 [0] NCCL INFO NET/IB: ncclIbRecvCommInit: Receive work requests will be posted on-demand
gx10-e146:63:73 [0] NCCL INFO NET/IB: Subnet-aware routing: overriding dev 4 with dev 0
gx10-e146:63:73 [0] NCCL INFO NET/IB: ncclIbSenderQpsToRts: Set ECE: IbDev 0 Port 1 qp_num 12174 set_ece={supported=1, vendor_id=0x15b3, options=0x30000002, comp_mask=0x0}
gx10-e146:63:73 [0] NCCL INFO NET/IB: ncclIbSenderQpsToRts: Set ECE: IbDev 0 Port 1 qp_num 12175 set_ece={supported=1, vendor_id=0x15b3, options=0x30000002, comp_mask=0x0}
gx10-e146:63:73 [0] NCCL INFO NET/IB: Subnet-aware routing: overriding dev 5 with dev 2
gx10-e146:63:73 [0] NCCL INFO NET/IB: Subnet-aware routing: overriding dev 5 with dev 3
gx10-e146:63:73 [0] NCCL INFO NET/IB: ncclIbReceiverQpsCreateToRts: QP created: port=1 dev=3 devName=roceP2p1s0f1 ndevs=4 nmdevs=6 qp_num=2537 pkey=0 pd=0xe7b8c01a8720 oooRq=0
gx10-e146:63:73 [0] NCCL INFO NET/IB: ncclIbReceiverQpsCreateToRts: QP created: port=1 dev=3 devName=roceP2p1s0f1 ndevs=4 nmdevs=6 qp_num=2538 pkey=0 pd=0xe7b8c01a8720 oooRq=0
gx10-e146:63:73 [0] NCCL INFO NET/IB: ncclIbReceiverQpsCreateToRts: Flush QP created: port=1 dev=3 devName=roceP2p1s0f1 ndevs=4 nmdevs=6 qp_num=2539 pkey=0 pd=0xe7b8c01a8720
gx10-e146:63:73 [0] NCCL INFO NET/IB: Subnet-aware routing: overriding dev 4 with dev 0
gx10-e146:63:73 [0] NCCL INFO NET/IB: Subnet-aware routing: overriding dev 4 with dev 1
gx10-e146:63:73 [0] NCCL INFO NET/IB: ncclIbReceiverQpsCreateToRts: QP created: port=1 dev=1 devName=rocep1s0f1 ndevs=4 nmdevs=6 qp_num=15462 pkey=0 pd=0xe7b8c0203d80 oooRq=0
gx10-e146:63:73 [0] NCCL INFO NET/IB: ncclIbReceiverQpsCreateToRts: QP created: port=1 dev=1 devName=rocep1s0f1 ndevs=4 nmdevs=6 qp_num=15463 pkey=0 pd=0xe7b8c0203d80 oooRq=0
gx10-e146:63:73 [0] NCCL INFO NET/IB: ncclIbReceiverQpsCreateToRts: Flush QP created: port=1 dev=1 devName=rocep1s0f1 ndevs=4 nmdevs=6 qp_num=15464 pkey=0 pd=0xe7b8c0203d80
gx10-e146:63:73 [0] NCCL INFO NET/IB: Subnet-aware routing: overriding dev 5 with dev 2
gx10-e146:63:73 [0] NCCL INFO NET/IB: ncclIbResiliencyInit: Resiliency is disabled on the send communicator (comm=0xe7b8c222f000)
gx10-e146:63:73 [0] NCCL INFO NET/IB: Subnet-aware routing: overriding dev 5 with dev 2
gx10-e146:63:73 [0] NCCL INFO NET/IB: Subnet-aware routing: overriding dev 4 with dev 0
gx10-e146:63:73 [0] NCCL INFO NET/IB: Subnet-aware routing: overriding dev 5 with dev 2
gx10-e146:63:73 [0] NCCL INFO NET/IB: ncclIbResiliencyInit: Resiliency is disabled on the recv communicator (comm=0xe7b8c2273000)
gx10-e146:63:73 [0] NCCL INFO NET/IB: ncclIbRecvCommInit: Receive work requests will be posted on-demand
gx10-e146:63:73 [0] NCCL INFO NET/IB: Subnet-aware routing: overriding dev 5 with dev 2
gx10-e146:63:73 [0] NCCL INFO NET/IB: ncclIbSenderQpsToRts: Set ECE: IbDev 2 Port 1 qp_num 1838 set_ece={supported=1, vendor_id=0x15b3, options=0x30000002, comp_mask=0x0}
gx10-e146:63:73 [0] NCCL INFO NET/IB: ncclIbSenderQpsToRts: Set ECE: IbDev 2 Port 1 qp_num 1839 set_ece={supported=1, vendor_id=0x15b3, options=0x30000002, comp_mask=0x0}
gx10-e146:63:73 [0] NCCL INFO NET/IB: Subnet-aware routing: overriding dev 4 with dev 0
gx10-e146:63:73 [0] NCCL INFO NET/IB: ncclIbSenderQpsCreate: QP created: port=1 dev=0 devName=rocep1s0f0 ndevs=4 nmdevs=6 qp_num=12176 pkey=0 pd=0xe7b8c007dd30 oooRq=0
gx10-e146:63:73 [0] NCCL INFO NET/IB: ncclIbSenderQpsCreate: QP created: port=1 dev=0 devName=rocep1s0f0 ndevs=4 nmdevs=6 qp_num=12177 pkey=0 pd=0xe7b8c007dd30 oooRq=0
gx10-e146:63:73 [0] NCCL INFO NET/IB: ncclIbConnectImpl: NCCL Dev 0 IbDev 0 Port 1 qp_num 12176 mtu 5 GID 6 (0/166A8C0FFFF0000) ctsFifoRkey=0x182ae7 ctsFifoLkey=0x182ae7
gx10-e146:63:73 [0] NCCL INFO NET/IB: ncclIbConnectImpl: IbDev 0 Port 1 qp_num 12176 query_ece={supported=1, vendor_id=0x15b3, options=0x30000002, comp_mask=0x0}
gx10-e146:63:73 [0] NCCL INFO NET/IB: ncclIbConnectImpl: NCCL Dev 0 IbDev 0 Port 1 qp_num 12177 mtu 5 GID 6 (0/166A8C0FFFF0000) ctsFifoRkey=0x182ae7 ctsFifoLkey=0x182ae7
gx10-e146:63:73 [0] NCCL INFO NET/IB: ncclIbConnectImpl: IbDev 0 Port 1 qp_num 12177 query_ece={supported=1, vendor_id=0x15b3, options=0x30000002, comp_mask=0x0}
gx10-e146:63:73 [0] NCCL INFO NET/IB: Subnet-aware routing: overriding dev 5 with dev 2
gx10-e146:63:73 [0] NCCL INFO NET/IB: ncclIbSenderQpsCreate: QP created: port=1 dev=2 devName=roceP2p1s0f0 ndevs=4 nmdevs=6 qp_num=1840 pkey=0 pd=0xe7b8c00c8f60 oooRq=0
gx10-e146:63:73 [0] NCCL INFO NET/IB: ncclIbSenderQpsCreate: QP created: port=1 dev=2 devName=roceP2p1s0f0 ndevs=4 nmdevs=6 qp_num=1841 pkey=0 pd=0xe7b8c00c8f60 oooRq=0
gx10-e146:63:73 [0] NCCL INFO NET/IB: ncclIbConnectImpl: NCCL Dev 2 IbDev 2 Port 1 qp_num 1840 mtu 5 GID 3 (0/170A8C0FFFF0000) ctsFifoRkey=0x18e1da ctsFifoLkey=0x18e1da
gx10-e146:63:73 [0] NCCL INFO NET/IB: ncclIbConnectImpl: IbDev 2 Port 1 qp_num 1840 query_ece={supported=1, vendor_id=0x15b3, options=0x30000002, comp_mask=0x0}
gx10-e146:63:73 [0] NCCL INFO NET/IB: ncclIbConnectImpl: NCCL Dev 2 IbDev 2 Port 1 qp_num 1841 mtu 5 GID 3 (0/170A8C0FFFF0000) ctsFifoRkey=0x18e1da ctsFifoLkey=0x18e1da
gx10-e146:63:73 [0] NCCL INFO NET/IB: ncclIbConnectImpl: IbDev 2 Port 1 qp_num 1841 query_ece={supported=1, vendor_id=0x15b3, options=0x30000002, comp_mask=0x0}
gx10-e146:63:73 [0] NCCL INFO NET/IB: Subnet-aware routing: overriding dev 5 with dev 3
gx10-e146:63:73 [0] NCCL INFO NET/IB: ncclIbReceiverQpsCreateToRts: QP created: port=1 dev=3 devName=roceP2p1s0f1 ndevs=4 nmdevs=6 qp_num=2540 pkey=0 pd=0xe7b8c01a8720 oooRq=0
gx10-e146:63:73 [0] NCCL INFO NET/IB: ncclIbReceiverQpsCreateToRts: QP created: port=1 dev=3 devName=roceP2p1s0f1 ndevs=4 nmdevs=6 qp_num=2541 pkey=0 pd=0xe7b8c01a8720 oooRq=0
gx10-e146:63:73 [0] NCCL INFO NET/IB: ncclIbReceiverQpsCreateToRts: Flush QP created: port=1 dev=3 devName=roceP2p1s0f1 ndevs=4 nmdevs=6 qp_num=2542 pkey=0 pd=0xe7b8c01a8720
gx10-e146:63:73 [0] NCCL INFO NET/IB: Subnet-aware routing: overriding dev 4 with dev 0
gx10-e146:63:73 [0] NCCL INFO NET/IB: ncclIbResiliencyInit: Resiliency is disabled on the send communicator (comm=0xe7b8c23e7000)
gx10-e146:63:73 [0] NCCL INFO NET/IB: Subnet-aware routing: overriding dev 4 with dev 0
gx10-e146:63:73 [0] NCCL INFO NET/IB: ncclIbSenderQpsToRts: Set ECE: IbDev 0 Port 1 qp_num 12176 set_ece={supported=1, vendor_id=0x15b3, options=0x30000002, comp_mask=0x0}
gx10-e146:63:73 [0] NCCL INFO NET/IB: ncclIbSenderQpsToRts: Set ECE: IbDev 0 Port 1 qp_num 12177 set_ece={supported=1, vendor_id=0x15b3, options=0x30000002, comp_mask=0x0}
gx10-e146:63:73 [0] NCCL INFO NET/IB: Subnet-aware routing: overriding dev 5 with dev 2
gx10-e146:63:73 [0] NCCL INFO NET/IB: Subnet-aware routing: overriding dev 4 with dev 0
gx10-e146:63:73 [0] NCCL INFO NET/IB: ncclIbResiliencyInit: Resiliency is disabled on the recv communicator (comm=0xe7b8c242b000)
gx10-e146:63:73 [0] NCCL INFO NET/IB: ncclIbRecvCommInit: Receive work requests will be posted on-demand
gx10-e146:63:73 [0] NCCL INFO NET/IB: Subnet-aware routing: overriding dev 5 with dev 2
gx10-e146:63:73 [0] NCCL INFO NET/IB: Subnet-aware routing: overriding dev 4 with dev 0
gx10-e146:63:73 [0] NCCL INFO NET/IB: Subnet-aware routing: overriding dev 5 with dev 2
gx10-e146:63:73 [0] NCCL INFO NET/IB: ncclIbResiliencyInit: Resiliency is disabled on the send communicator (comm=0xe7b8c2473000)
gx10-e146:63:73 [0] NCCL INFO NET/IB: Subnet-aware routing: overriding dev 5 with dev 2
gx10-e146:63:73 [0] NCCL INFO NET/IB: Subnet-aware routing: overriding dev 4 with dev 0
gx10-e146:63:73 [0] NCCL INFO NET/IB: Subnet-aware routing: overriding dev 5 with dev 2
gx10-e146:63:73 [0] NCCL INFO NET/IB: ncclIbResiliencyInit: Resiliency is disabled on the recv communicator (comm=0xe7b8c24b7000)
gx10-e146:63:73 [0] NCCL INFO NET/IB: ncclIbRecvCommInit: Receive work requests will be posted on-demand
gx10-e146:63:73 [0] NCCL INFO NET/IB: Subnet-aware routing: overriding dev 5 with dev 2
gx10-e146:63:73 [0] NCCL INFO NET/IB: Subnet-aware routing: overriding dev 4 with dev 0
gx10-e146:63:73 [0] NCCL INFO NET/IB: Subnet-aware routing: overriding dev 5 with dev 2
gx10-e146:63:73 [0] NCCL INFO NET/IB: Subnet-aware routing: overriding dev 4 with dev 0
gx10-e146:63:73 [0] NCCL INFO NET/IB: ncclIbResiliencyInit: Resiliency is disabled on the send communicator (comm=0xe7b8c24ff000)
gx10-e146:63:73 [0] NCCL INFO NET/IB: Subnet-aware routing: overriding dev 5 with dev 2
gx10-e146:63:73 [0] NCCL INFO NET/IB: ncclIbSenderQpsToRts: Set ECE: IbDev 2 Port 1 qp_num 1840 set_ece={supported=1, vendor_id=0x15b3, options=0x30000002, comp_mask=0x0}
gx10-e146:63:73 [0] NCCL INFO NET/IB: ncclIbSenderQpsToRts: Set ECE: IbDev 2 Port 1 qp_num 1841 set_ece={supported=1, vendor_id=0x15b3, options=0x30000002, comp_mask=0x0}
gx10-e146:63:73 [0] NCCL INFO NET/IB: Subnet-aware routing: overriding dev 4 with dev 0
gx10-e146:63:73 [0] NCCL INFO NET/IB: ncclIbSenderQpsCreate: QP created: port=1 dev=0 devName=rocep1s0f0 ndevs=4 nmdevs=6 qp_num=12178 pkey=0 pd=0xe7b8c007dd30 oooRq=0
gx10-e146:63:73 [0] NCCL INFO NET/IB: ncclIbSenderQpsCreate: QP created: port=1 dev=0 devName=rocep1s0f0 ndevs=4 nmdevs=6 qp_num=12179 pkey=0 pd=0xe7b8c007dd30 oooRq=0
gx10-e146:63:73 [0] NCCL INFO NET/IB: ncclIbConnectImpl: NCCL Dev 0 IbDev 0 Port 1 qp_num 12178 mtu 5 GID 6 (0/166A8C0FFFF0000) ctsFifoRkey=0x178f4d ctsFifoLkey=0x178f4d
gx10-e146:63:73 [0] NCCL INFO NET/IB: ncclIbConnectImpl: IbDev 0 Port 1 qp_num 12178 query_ece={supported=1, vendor_id=0x15b3, options=0x30000002, comp_mask=0x0}
gx10-e146:63:73 [0] NCCL INFO NET/IB: ncclIbConnectImpl: NCCL Dev 0 IbDev 0 Port 1 qp_num 12179 mtu 5 GID 6 (0/166A8C0FFFF0000) ctsFifoRkey=0x178f4d ctsFifoLkey=0x178f4d
gx10-e146:63:73 [0] NCCL INFO NET/IB: ncclIbConnectImpl: IbDev 0 Port 1 qp_num 12179 query_ece={supported=1, vendor_id=0x15b3, options=0x30000002, comp_mask=0x0}
gx10-e146:63:73 [0] NCCL INFO NET/IB: Subnet-aware routing: overriding dev 4 with dev 1
gx10-e146:63:73 [0] NCCL INFO NET/IB: ncclIbReceiverQpsCreateToRts: QP created: port=1 dev=1 devName=rocep1s0f1 ndevs=4 nmdevs=6 qp_num=15465 pkey=0 pd=0xe7b8c0203d80 oooRq=0
gx10-e146:63:73 [0] NCCL INFO NET/IB: ncclIbReceiverQpsCreateToRts: QP created: port=1 dev=1 devName=rocep1s0f1 ndevs=4 nmdevs=6 qp_num=15466 pkey=0 pd=0xe7b8c0203d80 oooRq=0
gx10-e146:63:73 [0] NCCL INFO NET/IB: ncclIbReceiverQpsCreateToRts: Flush QP created: port=1 dev=1 devName=rocep1s0f1 ndevs=4 nmdevs=6 qp_num=15467 pkey=0 pd=0xe7b8c0203d80
gx10-e146:63:73 [0] NCCL INFO NET/IB: Subnet-aware routing: overriding dev 5 with dev 2
gx10-e146:63:73 [0] NCCL INFO NET/IB: ncclIbSenderQpsCreate: QP created: port=1 dev=2 devName=roceP2p1s0f0 ndevs=4 nmdevs=6 qp_num=1842 pkey=0 pd=0xe7b8c00c8f60 oooRq=0
gx10-e146:63:73 [0] NCCL INFO NET/IB: ncclIbSenderQpsCreate: QP created: port=1 dev=2 devName=roceP2p1s0f0 ndevs=4 nmdevs=6 qp_num=1843 pkey=0 pd=0xe7b8c00c8f60 oooRq=0
gx10-e146:63:73 [0] NCCL INFO NET/IB: ncclIbConnectImpl: NCCL Dev 2 IbDev 2 Port 1 qp_num 1842 mtu 5 GID 3 (0/170A8C0FFFF0000) ctsFifoRkey=0x18c4c2 ctsFifoLkey=0x18c4c2
gx10-e146:63:73 [0] NCCL INFO NET/IB: ncclIbConnectImpl: IbDev 2 Port 1 qp_num 1842 query_ece={supported=1, vendor_id=0x15b3, options=0x30000002, comp_mask=0x0}
gx10-e146:63:73 [0] NCCL INFO NET/IB: ncclIbConnectImpl: NCCL Dev 2 IbDev 2 Port 1 qp_num 1843 mtu 5 GID 3 (0/170A8C0FFFF0000) ctsFifoRkey=0x18c4c2 ctsFifoLkey=0x18c4c2
gx10-e146:63:73 [0] NCCL INFO NET/IB: ncclIbConnectImpl: IbDev 2 Port 1 qp_num 1843 query_ece={supported=1, vendor_id=0x15b3, options=0x30000002, comp_mask=0x0}
gx10-e146:63:73 [0] NCCL INFO NET/IB: Subnet-aware routing: overriding dev 5 with dev 3
gx10-e146:63:73 [0] NCCL INFO NET/IB: ncclIbReceiverQpsCreateToRts: QP created: port=1 dev=3 devName=roceP2p1s0f1 ndevs=4 nmdevs=6 qp_num=2543 pkey=0 pd=0xe7b8c01a8720 oooRq=0
gx10-e146:63:73 [0] NCCL INFO NET/IB: ncclIbReceiverQpsCreateToRts: QP created: port=1 dev=3 devName=roceP2p1s0f1 ndevs=4 nmdevs=6 qp_num=2544 pkey=0 pd=0xe7b8c01a8720 oooRq=0
gx10-e146:63:73 [0] NCCL INFO NET/IB: ncclIbReceiverQpsCreateToRts: Flush QP created: port=1 dev=3 devName=roceP2p1s0f1 ndevs=4 nmdevs=6 qp_num=2545 pkey=0 pd=0xe7b8c01a8720
gx10-e146:63:73 [0] NCCL INFO NET/IB: Subnet-aware routing: overriding dev 4 with dev 0
gx10-e146:63:73 [0] NCCL INFO NET/IB: ncclIbResiliencyInit: Resiliency is disabled on the recv communicator (comm=0xe7b8c26ea000)
gx10-e146:63:73 [0] NCCL INFO NET/IB: ncclIbRecvCommInit: Receive work requests will be posted on-demand
gx10-e146:63:73 [0] NCCL INFO NET/IB: Subnet-aware routing: overriding dev 4 with dev 0
gx10-e146:63:73 [0] NCCL INFO NET/IB: Subnet-aware routing: overriding dev 5 with dev 2
gx10-e146:63:73 [0] NCCL INFO NET/IB: Subnet-aware routing: overriding dev 4 with dev 0
gx10-e146:63:73 [0] NCCL INFO NET/IB: Subnet-aware routing: overriding dev 5 with dev 2
gx10-e146:63:73 [0] NCCL INFO NET/IB: ncclIbResiliencyInit: Resiliency is disabled on the send communicator (comm=0xe7b8c2732000)
gx10-e146:63:73 [0] NCCL INFO NET/IB: Subnet-aware routing: overriding dev 4 with dev 0
gx10-e146:63:73 [0] NCCL INFO NET/IB: Subnet-aware routing: overriding dev 5 with dev 2
gx10-e146:63:73 [0] NCCL INFO NET/IB: Subnet-aware routing: overriding dev 4 with dev 0
gx10-e146:63:73 [0] NCCL INFO NET/IB: Subnet-aware routing: overriding dev 5 with dev 2
gx10-e146:63:73 [0] NCCL INFO NET/IB: ncclIbResiliencyInit: Resiliency is disabled on the recv communicator (comm=0xe7b8c2776000)
gx10-e146:63:73 [0] NCCL INFO NET/IB: ncclIbRecvCommInit: Receive work requests will be posted on-demand
gx10-e146:63:73 [0] NCCL INFO NET/IB: Subnet-aware routing: overriding dev 4 with dev 0
gx10-e146:63:73 [0] NCCL INFO NET/IB: ncclIbSenderQpsToRts: Set ECE: IbDev 0 Port 1 qp_num 12178 set_ece={supported=1, vendor_id=0x15b3, options=0x30000002, comp_mask=0x0}
gx10-e146:63:73 [0] NCCL INFO NET/IB: ncclIbSenderQpsToRts: Set ECE: IbDev 0 Port 1 qp_num 12179 set_ece={supported=1, vendor_id=0x15b3, options=0x30000002, comp_mask=0x0}
gx10-e146:63:73 [0] NCCL INFO NET/IB: Subnet-aware routing: overriding dev 5 with dev 2
gx10-e146:63:73 [0] NCCL INFO NET/IB: ncclIbSenderQpsToRts: Set ECE: IbDev 2 Port 1 qp_num 1842 set_ece={supported=1, vendor_id=0x15b3, options=0x30000002, comp_mask=0x0}
gx10-e146:63:73 [0] NCCL INFO NET/IB: ncclIbSenderQpsToRts: Set ECE: IbDev 2 Port 1 qp_num 1843 set_ece={supported=1, vendor_id=0x15b3, options=0x30000002, comp_mask=0x0}
gx10-e146:63:73 [0] NCCL INFO NET/IB: Subnet-aware routing: overriding dev 4 with dev 0
gx10-e146:63:73 [0] NCCL INFO NET/IB: ncclIbSenderQpsCreate: QP created: port=1 dev=0 devName=rocep1s0f0 ndevs=4 nmdevs=6 qp_num=12180 pkey=0 pd=0xe7b8c007dd30 oooRq=0
gx10-e146:63:73 [0] NCCL INFO NET/IB: ncclIbSenderQpsCreate: QP created: port=1 dev=0 devName=rocep1s0f0 ndevs=4 nmdevs=6 qp_num=12181 pkey=0 pd=0xe7b8c007dd30 oooRq=0
gx10-e146:63:73 [0] NCCL INFO NET/IB: ncclIbConnectImpl: NCCL Dev 0 IbDev 0 Port 1 qp_num 12180 mtu 5 GID 6 (0/166A8C0FFFF0000) ctsFifoRkey=0x153dfb ctsFifoLkey=0x153dfb
gx10-e146:63:73 [0] NCCL INFO NET/IB: ncclIbConnectImpl: IbDev 0 Port 1 qp_num 12180 query_ece={supported=1, vendor_id=0x15b3, options=0x30000002, comp_mask=0x0}
gx10-e146:63:73 [0] NCCL INFO NET/IB: ncclIbConnectImpl: NCCL Dev 0 IbDev 0 Port 1 qp_num 12181 mtu 5 GID 6 (0/166A8C0FFFF0000) ctsFifoRkey=0x153dfb ctsFifoLkey=0x153dfb
gx10-e146:63:73 [0] NCCL INFO NET/IB: ncclIbConnectImpl: IbDev 0 Port 1 qp_num 12181 query_ece={supported=1, vendor_id=0x15b3, options=0x30000002, comp_mask=0x0}
gx10-e146:63:73 [0] NCCL INFO NET/IB: Subnet-aware routing: overriding dev 4 with dev 1
gx10-e146:63:73 [0] NCCL INFO NET/IB: ncclIbReceiverQpsCreateToRts: QP created: port=1 dev=1 devName=rocep1s0f1 ndevs=4 nmdevs=6 qp_num=15468 pkey=0 pd=0xe7b8c0203d80 oooRq=0
gx10-e146:63:73 [0] NCCL INFO NET/IB: ncclIbReceiverQpsCreateToRts: QP created: port=1 dev=1 devName=rocep1s0f1 ndevs=4 nmdevs=6 qp_num=15469 pkey=0 pd=0xe7b8c0203d80 oooRq=0
gx10-e146:63:73 [0] NCCL INFO NET/IB: ncclIbReceiverQpsCreateToRts: Flush QP created: port=1 dev=1 devName=rocep1s0f1 ndevs=4 nmdevs=6 qp_num=15470 pkey=0 pd=0xe7b8c0203d80
gx10-e146:63:73 [0] NCCL INFO NET/IB: Subnet-aware routing: overriding dev 5 with dev 2
gx10-e146:63:73 [0] NCCL INFO NET/IB: ncclIbSenderQpsCreate: QP created: port=1 dev=2 devName=roceP2p1s0f0 ndevs=4 nmdevs=6 qp_num=1844 pkey=0 pd=0xe7b8c00c8f60 oooRq=0
gx10-e146:63:73 [0] NCCL INFO NET/IB: ncclIbSenderQpsCreate: QP created: port=1 dev=2 devName=roceP2p1s0f0 ndevs=4 nmdevs=6 qp_num=1845 pkey=0 pd=0xe7b8c00c8f60 oooRq=0
gx10-e146:63:73 [0] NCCL INFO NET/IB: ncclIbConnectImpl: NCCL Dev 2 IbDev 2 Port 1 qp_num 1844 mtu 5 GID 3 (0/170A8C0FFFF0000) ctsFifoRkey=0x19605e ctsFifoLkey=0x19605e
gx10-e146:63:73 [0] NCCL INFO NET/IB: ncclIbConnectImpl: IbDev 2 Port 1 qp_num 1844 query_ece={supported=1, vendor_id=0x15b3, options=0x30000002, comp_mask=0x0}
gx10-e146:63:73 [0] NCCL INFO NET/IB: ncclIbConnectImpl: NCCL Dev 2 IbDev 2 Port 1 qp_num 1845 mtu 5 GID 3 (0/170A8C0FFFF0000) ctsFifoRkey=0x19605e ctsFifoLkey=0x19605e
gx10-e146:63:73 [0] NCCL INFO NET/IB: ncclIbConnectImpl: IbDev 2 Port 1 qp_num 1845 query_ece={supported=1, vendor_id=0x15b3, options=0x30000002, comp_mask=0x0}
gx10-e146:63:73 [0] NCCL INFO NET/IB: Subnet-aware routing: overriding dev 5 with dev 3
gx10-e146:63:73 [0] NCCL INFO NET/IB: ncclIbReceiverQpsCreateToRts: QP created: port=1 dev=3 devName=roceP2p1s0f1 ndevs=4 nmdevs=6 qp_num=2546 pkey=0 pd=0xe7b8c01a8720 oooRq=0
gx10-e146:63:73 [0] NCCL INFO NET/IB: ncclIbReceiverQpsCreateToRts: QP created: port=1 dev=3 devName=roceP2p1s0f1 ndevs=4 nmdevs=6 qp_num=2547 pkey=0 pd=0xe7b8c01a8720 oooRq=0
gx10-e146:63:73 [0] NCCL INFO NET/IB: ncclIbReceiverQpsCreateToRts: Flush QP created: port=1 dev=3 devName=roceP2p1s0f1 ndevs=4 nmdevs=6 qp_num=2548 pkey=0 pd=0xe7b8c01a8720
gx10-e146:63:73 [0] NCCL INFO NET/IB: Subnet-aware routing: overriding dev 4 with dev 0
gx10-e146:63:73 [0] NCCL INFO NET/IB: ncclIbResiliencyInit: Resiliency is disabled on the send communicator (comm=0xe7b8c295e000)
gx10-e146:63:73 [0] NCCL INFO NET/IB: Subnet-aware routing: overriding dev 4 with dev 0
gx10-e146:63:73 [0] NCCL INFO NET/IB: Subnet-aware routing: overriding dev 5 with dev 2
gx10-e146:63:73 [0] NCCL INFO NET/IB: Subnet-aware routing: overriding dev 4 with dev 0
gx10-e146:63:73 [0] NCCL INFO NET/IB: ncclIbResiliencyInit: Resiliency is disabled on the recv communicator (comm=0xe7b8c299f000)
gx10-e146:63:73 [0] NCCL INFO NET/IB: ncclIbRecvCommInit: Receive work requests will be posted on-demand
gx10-e146:63:73 [0] NCCL INFO NET/IB: Subnet-aware routing: overriding dev 4 with dev 0
gx10-e146:63:73 [0] NCCL INFO NET/IB: ncclIbSenderQpsToRts: Set ECE: IbDev 0 Port 1 qp_num 12180 set_ece={supported=1, vendor_id=0x15b3, options=0x30000002, comp_mask=0x0}
gx10-e146:63:73 [0] NCCL INFO NET/IB: ncclIbSenderQpsToRts: Set ECE: IbDev 0 Port 1 qp_num 12181 set_ece={supported=1, vendor_id=0x15b3, options=0x30000002, comp_mask=0x0}
gx10-e146:63:73 [0] NCCL INFO NET/IB: Subnet-aware routing: overriding dev 5 with dev 2
gx10-e146:63:73 [0] NCCL INFO NET/IB: ncclIbSenderQpsToRts: Set ECE: IbDev 2 Port 1 qp_num 1844 set_ece={supported=1, vendor_id=0x15b3, options=0x30000002, comp_mask=0x0}
gx10-e146:63:73 [0] NCCL INFO NET/IB: ncclIbSenderQpsToRts: Set ECE: IbDev 2 Port 1 qp_num 1845 set_ece={supported=1, vendor_id=0x15b3, options=0x30000002, comp_mask=0x0}
gx10-e146:63:73 [0] NCCL INFO NET/IB: Subnet-aware routing: overriding dev 4 with dev 0
gx10-e146:63:73 [0] NCCL INFO NET/IB: ncclIbSenderQpsCreate: QP created: port=1 dev=0 devName=rocep1s0f0 ndevs=4 nmdevs=6 qp_num=12182 pkey=0 pd=0xe7b8c007dd30 oooRq=0
gx10-e146:63:73 [0] NCCL INFO NET/IB: ncclIbSenderQpsCreate: QP created: port=1 dev=0 devName=rocep1s0f0 ndevs=4 nmdevs=6 qp_num=12183 pkey=0 pd=0xe7b8c007dd30 oooRq=0
gx10-e146:63:73 [0] NCCL INFO NET/IB: ncclIbConnectImpl: NCCL Dev 0 IbDev 0 Port 1 qp_num 12182 mtu 5 GID 6 (0/166A8C0FFFF0000) ctsFifoRkey=0x17f2af ctsFifoLkey=0x17f2af
gx10-e146:63:73 [0] NCCL INFO NET/IB: ncclIbConnectImpl: IbDev 0 Port 1 qp_num 12182 query_ece={supported=1, vendor_id=0x15b3, options=0x30000002, comp_mask=0x0}
gx10-e146:63:73 [0] NCCL INFO NET/IB: ncclIbConnectImpl: NCCL Dev 0 IbDev 0 Port 1 qp_num 12183 mtu 5 GID 6 (0/166A8C0FFFF0000) ctsFifoRkey=0x17f2af ctsFifoLkey=0x17f2af
gx10-e146:63:73 [0] NCCL INFO NET/IB: ncclIbConnectImpl: IbDev 0 Port 1 qp_num 12183 query_ece={supported=1, vendor_id=0x15b3, options=0x30000002, comp_mask=0x0}
gx10-e146:63:73 [0] NCCL INFO NET/IB: Subnet-aware routing: overriding dev 4 with dev 1
gx10-e146:63:73 [0] NCCL INFO NET/IB: ncclIbReceiverQpsCreateToRts: QP created: port=1 dev=1 devName=rocep1s0f1 ndevs=4 nmdevs=6 qp_num=15471 pkey=0 pd=0xe7b8c0203d80 oooRq=0
gx10-e146:63:73 [0] NCCL INFO NET/IB: ncclIbReceiverQpsCreateToRts: QP created: port=1 dev=1 devName=rocep1s0f1 ndevs=4 nmdevs=6 qp_num=15472 pkey=0 pd=0xe7b8c0203d80 oooRq=0
gx10-e146:63:73 [0] NCCL INFO NET/IB: ncclIbReceiverQpsCreateToRts: Flush QP created: port=1 dev=1 devName=rocep1s0f1 ndevs=4 nmdevs=6 qp_num=15473 pkey=0 pd=0xe7b8c0203d80
gx10-e146:63:73 [0] NCCL INFO NET/IB: Subnet-aware routing: overriding dev 5 with dev 2
gx10-e146:63:73 [0] NCCL INFO NET/IB: ncclIbResiliencyInit: Resiliency is disabled on the send communicator (comm=0xe7b8c2ab4000)
gx10-e146:63:73 [0] NCCL INFO NET/IB: Subnet-aware routing: overriding dev 4 with dev 0
gx10-e146:63:73 [0] NCCL INFO NET/IB: Subnet-aware routing: overriding dev 5 with dev 2
gx10-e146:63:73 [0] NCCL INFO NET/IB: ncclIbResiliencyInit: Resiliency is disabled on the recv communicator (comm=0xe7b8c2af8000)
gx10-e146:63:73 [0] NCCL INFO NET/IB: ncclIbRecvCommInit: Receive work requests will be posted on-demand
gx10-e146:63:73 [0] NCCL INFO NET/IB: Subnet-aware routing: overriding dev 4 with dev 0
gx10-e146:63:73 [0] NCCL INFO NET/IB: Subnet-aware routing: overriding dev 5 with dev 2
gx10-e146:63:73 [0] NCCL INFO NET/IB: Subnet-aware routing: overriding dev 4 with dev 0
gx10-e146:63:73 [0] NCCL INFO NET/IB: ncclIbResiliencyInit: Resiliency is disabled on the send communicator (comm=0xe7b8c2b40000)
gx10-e146:63:73 [0] NCCL INFO NET/IB: Subnet-aware routing: overriding dev 4 with dev 0
gx10-e146:63:73 [0] NCCL INFO NET/IB: Subnet-aware routing: overriding dev 5 with dev 2
gx10-e146:63:73 [0] NCCL INFO NET/IB: Subnet-aware routing: overriding dev 4 with dev 0
gx10-e146:63:73 [0] NCCL INFO NET/IB: ncclIbResiliencyInit: Resiliency is disabled on the recv communicator (comm=0xe7b8c2b81000)
gx10-e146:63:73 [0] NCCL INFO NET/IB: ncclIbRecvCommInit: Receive work requests will be posted on-demand
gx10-e146:63:73 [0] NCCL INFO NET/IB: Subnet-aware routing: overriding dev 4 with dev 0
gx10-e146:63:73 [0] NCCL INFO NET/IB: Subnet-aware routing: overriding dev 5 with dev 2
gx10-e146:63:73 [0] NCCL INFO NET/IB: Subnet-aware routing: overriding dev 4 with dev 0
gx10-e146:63:73 [0] NCCL INFO NET/IB: Subnet-aware routing: overriding dev 5 with dev 2
gx10-e146:63:73 [0] NCCL INFO NET/IB: ncclIbResiliencyInit: Resiliency is disabled on the send communicator (comm=0xe7b8c2bc9000)
gx10-e146:63:73 [0] NCCL INFO NET/IB: Subnet-aware routing: overriding dev 4 with dev 0
gx10-e146:63:73 [0] NCCL INFO NET/IB: Subnet-aware routing: overriding dev 5 with dev 2
gx10-e146:63:73 [0] NCCL INFO NET/IB: ncclIbSenderQpsCreate: QP created: port=1 dev=2 devName=roceP2p1s0f0 ndevs=4 nmdevs=6 qp_num=1846 pkey=0 pd=0xe7b8c00c8f60 oooRq=0
gx10-e146:63:73 [0] NCCL INFO NET/IB: ncclIbSenderQpsCreate: QP created: port=1 dev=2 devName=roceP2p1s0f0 ndevs=4 nmdevs=6 qp_num=1847 pkey=0 pd=0xe7b8c00c8f60 oooRq=0
gx10-e146:63:73 [0] NCCL INFO NET/IB: ncclIbConnectImpl: NCCL Dev 2 IbDev 2 Port 1 qp_num 1846 mtu 5 GID 3 (0/170A8C0FFFF0000) ctsFifoRkey=0x18706f ctsFifoLkey=0x18706f
gx10-e146:63:73 [0] NCCL INFO NET/IB: ncclIbConnectImpl: IbDev 2 Port 1 qp_num 1846 query_ece={supported=1, vendor_id=0x15b3, options=0x30000002, comp_mask=0x0}
gx10-e146:63:73 [0] NCCL INFO NET/IB: ncclIbConnectImpl: NCCL Dev 2 IbDev 2 Port 1 qp_num 1847 mtu 5 GID 3 (0/170A8C0FFFF0000) ctsFifoRkey=0x18706f ctsFifoLkey=0x18706f
gx10-e146:63:73 [0] NCCL INFO NET/IB: ncclIbConnectImpl: IbDev 2 Port 1 qp_num 1847 query_ece={supported=1, vendor_id=0x15b3, options=0x30000002, comp_mask=0x0}
gx10-e146:63:73 [0] NCCL INFO NET/IB: Subnet-aware routing: overriding dev 5 with dev 3
gx10-e146:63:73 [0] NCCL INFO NET/IB: ncclIbReceiverQpsCreateToRts: QP created: port=1 dev=3 devName=roceP2p1s0f1 ndevs=4 nmdevs=6 qp_num=2549 pkey=0 pd=0xe7b8c01a8720 oooRq=0
gx10-e146:63:73 [0] NCCL INFO NET/IB: ncclIbReceiverQpsCreateToRts: QP created: port=1 dev=3 devName=roceP2p1s0f1 ndevs=4 nmdevs=6 qp_num=2550 pkey=0 pd=0xe7b8c01a8720 oooRq=0
gx10-e146:63:73 [0] NCCL INFO NET/IB: ncclIbReceiverQpsCreateToRts: Flush QP created: port=1 dev=3 devName=roceP2p1s0f1 ndevs=4 nmdevs=6 qp_num=2551 pkey=0 pd=0xe7b8c01a8720
gx10-e146:63:73 [0] NCCL INFO NET/IB: Subnet-aware routing: overriding dev 4 with dev 0
gx10-e146:63:73 [0] NCCL INFO NET/IB: ncclIbSenderQpsCreate: QP created: port=1 dev=0 devName=rocep1s0f0 ndevs=4 nmdevs=6 qp_num=12184 pkey=0 pd=0xe7b8c007dd30 oooRq=0
gx10-e146:63:73 [0] NCCL INFO NET/IB: ncclIbSenderQpsCreate: QP created: port=1 dev=0 devName=rocep1s0f0 ndevs=4 nmdevs=6 qp_num=12185 pkey=0 pd=0xe7b8c007dd30 oooRq=0
gx10-e146:63:73 [0] NCCL INFO NET/IB: ncclIbConnectImpl: NCCL Dev 0 IbDev 0 Port 1 qp_num 12184 mtu 5 GID 6 (0/166A8C0FFFF0000) ctsFifoRkey=0x179852 ctsFifoLkey=0x179852
gx10-e146:63:73 [0] NCCL INFO NET/IB: ncclIbConnectImpl: IbDev 0 Port 1 qp_num 12184 query_ece={supported=1, vendor_id=0x15b3, options=0x30000002, comp_mask=0x0}
gx10-e146:63:73 [0] NCCL INFO NET/IB: ncclIbConnectImpl: NCCL Dev 0 IbDev 0 Port 1 qp_num 12185 mtu 5 GID 6 (0/166A8C0FFFF0000) ctsFifoRkey=0x179852 ctsFifoLkey=0x179852
gx10-e146:63:73 [0] NCCL INFO NET/IB: ncclIbConnectImpl: IbDev 0 Port 1 qp_num 12185 query_ece={supported=1, vendor_id=0x15b3, options=0x30000002, comp_mask=0x0}
gx10-e146:63:73 [0] NCCL INFO NET/IB: Subnet-aware routing: overriding dev 4 with dev 1
gx10-e146:63:73 [0] NCCL INFO NET/IB: ncclIbReceiverQpsCreateToRts: QP created: port=1 dev=1 devName=rocep1s0f1 ndevs=4 nmdevs=6 qp_num=15474 pkey=0 pd=0xe7b8c0203d80 oooRq=0
gx10-e146:63:73 [0] NCCL INFO NET/IB: ncclIbReceiverQpsCreateToRts: QP created: port=1 dev=1 devName=rocep1s0f1 ndevs=4 nmdevs=6 qp_num=15475 pkey=0 pd=0xe7b8c0203d80 oooRq=0
gx10-e146:63:73 [0] NCCL INFO NET/IB: ncclIbReceiverQpsCreateToRts: Flush QP created: port=1 dev=1 devName=rocep1s0f1 ndevs=4 nmdevs=6 qp_num=15476 pkey=0 pd=0xe7b8c0203d80
gx10-e146:63:73 [0] NCCL INFO NET/IB: Subnet-aware routing: overriding dev 5 with dev 2
gx10-e146:63:73 [0] NCCL INFO NET/IB: ncclIbResiliencyInit: Resiliency is disabled on the recv communicator (comm=0xe7b8c2db9000)
gx10-e146:63:73 [0] NCCL INFO NET/IB: ncclIbRecvCommInit: Receive work requests will be posted on-demand
gx10-e146:63:73 [0] NCCL INFO NET/IB: Subnet-aware routing: overriding dev 4 with dev 0
gx10-e146:63:73 [0] NCCL INFO NET/IB: ncclIbSenderQpsToRts: Set ECE: IbDev 0 Port 1 qp_num 12182 set_ece={supported=1, vendor_id=0x15b3, options=0x30000002, comp_mask=0x0}
gx10-e146:63:73 [0] NCCL INFO NET/IB: ncclIbSenderQpsToRts: Set ECE: IbDev 0 Port 1 qp_num 12183 set_ece={supported=1, vendor_id=0x15b3, options=0x30000002, comp_mask=0x0}
gx10-e146:63:73 [0] NCCL INFO NET/IB: Subnet-aware routing: overriding dev 5 with dev 2
gx10-e146:63:73 [0] NCCL INFO NET/IB: ncclIbSenderQpsToRts: Set ECE: IbDev 2 Port 1 qp_num 1846 set_ece={supported=1, vendor_id=0x15b3, options=0x30000002, comp_mask=0x0}
gx10-e146:63:73 [0] NCCL INFO NET/IB: ncclIbSenderQpsToRts: Set ECE: IbDev 2 Port 1 qp_num 1847 set_ece={supported=1, vendor_id=0x15b3, options=0x30000002, comp_mask=0x0}
gx10-e146:63:73 [0] NCCL INFO NET/IB: Subnet-aware routing: overriding dev 4 with dev 0
gx10-e146:63:73 [0] NCCL INFO NET/IB: ncclIbSenderQpsToRts: Set ECE: IbDev 0 Port 1 qp_num 12184 set_ece={supported=1, vendor_id=0x15b3, options=0x30000002, comp_mask=0x0}
gx10-e146:63:73 [0] NCCL INFO NET/IB: ncclIbSenderQpsToRts: Set ECE: IbDev 0 Port 1 qp_num 12185 set_ece={supported=1, vendor_id=0x15b3, options=0x30000002, comp_mask=0x0}
gx10-e146:63:73 [0] NCCL INFO NET/IB: Subnet-aware routing: overriding dev 5 with dev 2
gx10-e146:63:73 [0] NCCL INFO NET/IB: ncclIbSenderQpsCreate: QP created: port=1 dev=2 devName=roceP2p1s0f0 ndevs=4 nmdevs=6 qp_num=1848 pkey=0 pd=0xe7b8c00c8f60 oooRq=0
gx10-e146:63:73 [0] NCCL INFO NET/IB: ncclIbSenderQpsCreate: QP created: port=1 dev=2 devName=roceP2p1s0f0 ndevs=4 nmdevs=6 qp_num=1849 pkey=0 pd=0xe7b8c00c8f60 oooRq=0
gx10-e146:63:73 [0] NCCL INFO NET/IB: ncclIbConnectImpl: NCCL Dev 2 IbDev 2 Port 1 qp_num 1848 mtu 5 GID 3 (0/170A8C0FFFF0000) ctsFifoRkey=0x18958f ctsFifoLkey=0x18958f
gx10-e146:63:73 [0] NCCL INFO NET/IB: ncclIbConnectImpl: IbDev 2 Port 1 qp_num 1848 query_ece={supported=1, vendor_id=0x15b3, options=0x30000002, comp_mask=0x0}
gx10-e146:63:73 [0] NCCL INFO NET/IB: ncclIbConnectImpl: NCCL Dev 2 IbDev 2 Port 1 qp_num 1849 mtu 5 GID 3 (0/170A8C0FFFF0000) ctsFifoRkey=0x18958f ctsFifoLkey=0x18958f
gx10-e146:63:73 [0] NCCL INFO NET/IB: ncclIbConnectImpl: IbDev 2 Port 1 qp_num 1849 query_ece={supported=1, vendor_id=0x15b3, options=0x30000002, comp_mask=0x0}
gx10-e146:63:73 [0] NCCL INFO NET/IB: Subnet-aware routing: overriding dev 5 with dev 3
gx10-e146:63:73 [0] NCCL INFO NET/IB: ncclIbReceiverQpsCreateToRts: QP created: port=1 dev=3 devName=roceP2p1s0f1 ndevs=4 nmdevs=6 qp_num=2552 pkey=0 pd=0xe7b8c01a8720 oooRq=0
gx10-e146:63:73 [0] NCCL INFO NET/IB: ncclIbReceiverQpsCreateToRts: QP created: port=1 dev=3 devName=roceP2p1s0f1 ndevs=4 nmdevs=6 qp_num=2553 pkey=0 pd=0xe7b8c01a8720 oooRq=0
gx10-e146:63:73 [0] NCCL INFO NET/IB: ncclIbReceiverQpsCreateToRts: Flush QP created: port=1 dev=3 devName=roceP2p1s0f1 ndevs=4 nmdevs=6 qp_num=2554 pkey=0 pd=0xe7b8c01a8720
gx10-e146:63:73 [0] NCCL INFO NET/IB: Subnet-aware routing: overriding dev 4 with dev 0
gx10-e146:63:73 [0] NCCL INFO NET/IB: ncclIbResiliencyInit: Resiliency is disabled on the send communicator (comm=0xe7b8c2ecf000)
gx10-e146:63:73 [0] NCCL INFO NET/IB: Subnet-aware routing: overriding dev 5 with dev 2
gx10-e146:63:73 [0] NCCL INFO NET/IB: Subnet-aware routing: overriding dev 4 with dev 0
gx10-e146:63:73 [0] NCCL INFO NET/IB: ncclIbResiliencyInit: Resiliency is disabled on the recv communicator (comm=0xe7b8c2f13000)
gx10-e146:63:73 [0] NCCL INFO NET/IB: ncclIbRecvCommInit: Receive work requests will be posted on-demand
gx10-e146:63:73 [0] NCCL INFO NET/IB: Subnet-aware routing: overriding dev 5 with dev 2
gx10-e146:63:73 [0] NCCL INFO NET/IB: Subnet-aware routing: overriding dev 4 with dev 0
gx10-e146:63:73 [0] NCCL INFO NET/IB: Subnet-aware routing: overriding dev 5 with dev 2
gx10-e146:63:73 [0] NCCL INFO NET/IB: ncclIbResiliencyInit: Resiliency is disabled on the send communicator (comm=0xe7b8c2f5b000)
gx10-e146:63:73 [0] NCCL INFO NET/IB: Subnet-aware routing: overriding dev 5 with dev 2
gx10-e146:63:73 [0] NCCL INFO NET/IB: ncclIbSenderQpsToRts: Set ECE: IbDev 2 Port 1 qp_num 1848 set_ece={supported=1, vendor_id=0x15b3, options=0x30000002, comp_mask=0x0}
gx10-e146:63:73 [0] NCCL INFO NET/IB: ncclIbSenderQpsToRts: Set ECE: IbDev 2 Port 1 qp_num 1849 set_ece={supported=1, vendor_id=0x15b3, options=0x30000002, comp_mask=0x0}
gx10-e146:63:73 [0] NCCL INFO NET/IB: Subnet-aware routing: overriding dev 4 with dev 0
gx10-e146:63:73 [0] NCCL INFO NET/IB: ncclIbSenderQpsCreate: QP created: port=1 dev=0 devName=rocep1s0f0 ndevs=4 nmdevs=6 qp_num=12186 pkey=0 pd=0xe7b8c007dd30 oooRq=0
gx10-e146:63:73 [0] NCCL INFO NET/IB: ncclIbSenderQpsCreate: QP created: port=1 dev=0 devName=rocep1s0f0 ndevs=4 nmdevs=6 qp_num=12187 pkey=0 pd=0xe7b8c007dd30 oooRq=0
gx10-e146:63:73 [0] NCCL INFO NET/IB: ncclIbConnectImpl: NCCL Dev 0 IbDev 0 Port 1 qp_num 12186 mtu 5 GID 6 (0/166A8C0FFFF0000) ctsFifoRkey=0x17b06e ctsFifoLkey=0x17b06e
gx10-e146:63:73 [0] NCCL INFO NET/IB: ncclIbConnectImpl: IbDev 0 Port 1 qp_num 12186 query_ece={supported=1, vendor_id=0x15b3, options=0x30000002, comp_mask=0x0}
gx10-e146:63:73 [0] NCCL INFO NET/IB: ncclIbConnectImpl: NCCL Dev 0 IbDev 0 Port 1 qp_num 12187 mtu 5 GID 6 (0/166A8C0FFFF0000) ctsFifoRkey=0x17b06e ctsFifoLkey=0x17b06e
gx10-e146:63:73 [0] NCCL INFO NET/IB: ncclIbConnectImpl: IbDev 0 Port 1 qp_num 12187 query_ece={supported=1, vendor_id=0x15b3, options=0x30000002, comp_mask=0x0}
gx10-e146:63:73 [0] NCCL INFO NET/IB: Subnet-aware routing: overriding dev 4 with dev 1
gx10-e146:63:73 [0] NCCL INFO NET/IB: ncclIbReceiverQpsCreateToRts: QP created: port=1 dev=1 devName=rocep1s0f1 ndevs=4 nmdevs=6 qp_num=15477 pkey=0 pd=0xe7b8c0203d80 oooRq=0
gx10-e146:63:73 [0] NCCL INFO NET/IB: ncclIbReceiverQpsCreateToRts: QP created: port=1 dev=1 devName=rocep1s0f1 ndevs=4 nmdevs=6 qp_num=15478 pkey=0 pd=0xe7b8c0203d80 oooRq=0
gx10-e146:63:73 [0] NCCL INFO NET/IB: ncclIbReceiverQpsCreateToRts: Flush QP created: port=1 dev=1 devName=rocep1s0f1 ndevs=4 nmdevs=6 qp_num=15479 pkey=0 pd=0xe7b8c0203d80
gx10-e146:63:73 [0] NCCL INFO NET/IB: Subnet-aware routing: overriding dev 5 with dev 2
gx10-e146:63:73 [0] NCCL INFO NET/IB: ncclIbResiliencyInit: Resiliency is disabled on the recv communicator (comm=0xe7b8c3070000)
gx10-e146:63:73 [0] NCCL INFO NET/IB: ncclIbRecvCommInit: Receive work requests will be posted on-demand
gx10-e146:63:73 [0] NCCL INFO NET/IB: Subnet-aware routing: overriding dev 4 with dev 0
gx10-e146:63:73 [0] NCCL INFO NET/IB: Subnet-aware routing: overriding dev 5 with dev 2
gx10-e146:63:73 [0] NCCL INFO NET/IB: Subnet-aware routing: overriding dev 4 with dev 0
gx10-e146:63:73 [0] NCCL INFO NET/IB: ncclIbResiliencyInit: Resiliency is disabled on the send communicator (comm=0xe7b8c30b8000)
gx10-e146:63:73 [0] NCCL INFO NET/IB: Subnet-aware routing: overriding dev 4 with dev 0
gx10-e146:63:73 [0] NCCL INFO NET/IB: Subnet-aware routing: overriding dev 5 with dev 2
gx10-e146:63:73 [0] NCCL INFO NET/IB: Subnet-aware routing: overriding dev 4 with dev 0
gx10-e146:63:73 [0] NCCL INFO NET/IB: ncclIbResiliencyInit: Resiliency is disabled on the recv communicator (comm=0xe7b8c30f9000)
gx10-e146:63:73 [0] NCCL INFO NET/IB: ncclIbRecvCommInit: Receive work requests will be posted on-demand
gx10-e146:63:73 [0] NCCL INFO NET/IB: Subnet-aware routing: overriding dev 4 with dev 0
gx10-e146:63:73 [0] NCCL INFO NET/IB: ncclIbSenderQpsToRts: Set ECE: IbDev 0 Port 1 qp_num 12186 set_ece={supported=1, vendor_id=0x15b3, options=0x30000002, comp_mask=0x0}
gx10-e146:63:73 [0] NCCL INFO NET/IB: ncclIbSenderQpsToRts: Set ECE: IbDev 0 Port 1 qp_num 12187 set_ece={supported=1, vendor_id=0x15b3, options=0x30000002, comp_mask=0x0}
gx10-e146:63:73 [0] NCCL INFO NET/IB: Subnet-aware routing: overriding dev 5 with dev 2
gx10-e146:63:73 [0] NCCL INFO NET/IB: ncclIbSenderQpsCreate: QP created: port=1 dev=2 devName=roceP2p1s0f0 ndevs=4 nmdevs=6 qp_num=1850 pkey=0 pd=0xe7b8c00c8f60 oooRq=0
gx10-e146:63:73 [0] NCCL INFO NET/IB: ncclIbSenderQpsCreate: QP created: port=1 dev=2 devName=roceP2p1s0f0 ndevs=4 nmdevs=6 qp_num=1851 pkey=0 pd=0xe7b8c00c8f60 oooRq=0
gx10-e146:63:73 [0] NCCL INFO NET/IB: ncclIbConnectImpl: NCCL Dev 2 IbDev 2 Port 1 qp_num 1850 mtu 5 GID 3 (0/170A8C0FFFF0000) ctsFifoRkey=0x18acaa ctsFifoLkey=0x18acaa
gx10-e146:63:73 [0] NCCL INFO NET/IB: ncclIbConnectImpl: IbDev 2 Port 1 qp_num 1850 query_ece={supported=1, vendor_id=0x15b3, options=0x30000002, comp_mask=0x0}
gx10-e146:63:73 [0] NCCL INFO NET/IB: ncclIbConnectImpl: NCCL Dev 2 IbDev 2 Port 1 qp_num 1851 mtu 5 GID 3 (0/170A8C0FFFF0000) ctsFifoRkey=0x18acaa ctsFifoLkey=0x18acaa
gx10-e146:63:73 [0] NCCL INFO NET/IB: ncclIbConnectImpl: IbDev 2 Port 1 qp_num 1851 query_ece={supported=1, vendor_id=0x15b3, options=0x30000002, comp_mask=0x0}
gx10-e146:63:73 [0] NCCL INFO NET/IB: Subnet-aware routing: overriding dev 5 with dev 3
gx10-e146:63:73 [0] NCCL INFO NET/IB: ncclIbReceiverQpsCreateToRts: QP created: port=1 dev=3 devName=roceP2p1s0f1 ndevs=4 nmdevs=6 qp_num=2555 pkey=0 pd=0xe7b8c01a8720 oooRq=0
gx10-e146:63:73 [0] NCCL INFO NET/IB: ncclIbReceiverQpsCreateToRts: QP created: port=1 dev=3 devName=roceP2p1s0f1 ndevs=4 nmdevs=6 qp_num=2556 pkey=0 pd=0xe7b8c01a8720 oooRq=0
gx10-e146:63:73 [0] NCCL INFO NET/IB: ncclIbReceiverQpsCreateToRts: Flush QP created: port=1 dev=3 devName=roceP2p1s0f1 ndevs=4 nmdevs=6 qp_num=2557 pkey=0 pd=0xe7b8c01a8720
gx10-e146:63:73 [0] NCCL INFO NET/IB: Subnet-aware routing: overriding dev 4 with dev 0
gx10-e146:63:73 [0] NCCL INFO NET/IB: Subnet-aware routing: overriding dev 4 with dev 1
gx10-e146:63:73 [0] NCCL INFO NET/IB: ncclIbReceiverQpsCreateToRts: QP created: port=1 dev=1 devName=rocep1s0f1 ndevs=4 nmdevs=6 qp_num=15480 pkey=0 pd=0xe7b8c0203d80 oooRq=0
gx10-e146:63:73 [0] NCCL INFO NET/IB: ncclIbReceiverQpsCreateToRts: QP created: port=1 dev=1 devName=rocep1s0f1 ndevs=4 nmdevs=6 qp_num=15481 pkey=0 pd=0xe7b8c0203d80 oooRq=0
gx10-e146:63:73 [0] NCCL INFO NET/IB: ncclIbReceiverQpsCreateToRts: Flush QP created: port=1 dev=1 devName=rocep1s0f1 ndevs=4 nmdevs=6 qp_num=15482 pkey=0 pd=0xe7b8c0203d80
gx10-e146:63:73 [0] NCCL INFO NET/IB: Subnet-aware routing: overriding dev 5 with dev 2
gx10-e146:63:73 [0] NCCL INFO NET/IB: ncclIbResiliencyInit: Resiliency is disabled on the send communicator (comm=0xe7b8c3291000)
gx10-e146:63:73 [0] NCCL INFO NET/IB: Subnet-aware routing: overriding dev 5 with dev 2
gx10-e146:63:73 [0] NCCL INFO NET/IB: Subnet-aware routing: overriding dev 4 with dev 0
gx10-e146:63:73 [0] NCCL INFO NET/IB: Subnet-aware routing: overriding dev 5 with dev 2
gx10-e146:63:73 [0] NCCL INFO NET/IB: ncclIbResiliencyInit: Resiliency is disabled on the recv communicator (comm=0xe7b8c32d5000)
gx10-e146:63:73 [0] NCCL INFO NET/IB: ncclIbRecvCommInit: Receive work requests will be posted on-demand
gx10-e146:63:73 [0] NCCL INFO NET/IB: Subnet-aware routing: overriding dev 5 with dev 2
gx10-e146:63:73 [0] NCCL INFO NET/IB: Subnet-aware routing: overriding dev 4 with dev 0
gx10-e146:63:73 [0] NCCL INFO NET/IB: Subnet-aware routing: overriding dev 5 with dev 2
gx10-e146:63:73 [0] NCCL INFO NET/IB: Subnet-aware routing: overriding dev 4 with dev 0
gx10-e146:63:73 [0] NCCL INFO NET/IB: ncclIbResiliencyInit: Resiliency is disabled on the send communicator (comm=0xe7b8c331d000)
gx10-e146:63:73 [0] NCCL INFO NET/IB: Subnet-aware routing: overriding dev 5 with dev 2
gx10-e146:63:73 [0] NCCL INFO NET/IB: Subnet-aware routing: overriding dev 4 with dev 0
gx10-e146:63:73 [0] NCCL INFO NET/IB: Subnet-aware routing: overriding dev 5 with dev 2
gx10-e146:63:73 [0] NCCL INFO NET/IB: Subnet-aware routing: overriding dev 4 with dev 0
gx10-e146:63:73 [0] NCCL INFO NET/IB: ncclIbResiliencyInit: Resiliency is disabled on the recv communicator (comm=0xe7b8c3361000)
gx10-e146:63:73 [0] NCCL INFO NET/IB: ncclIbRecvCommInit: Receive work requests will be posted on-demand
gx10-e146:63:73 [0] NCCL INFO NET/IB: Subnet-aware routing: overriding dev 5 with dev 2
gx10-e146:63:73 [0] NCCL INFO NET/IB: ncclIbSenderQpsToRts: Set ECE: IbDev 2 Port 1 qp_num 1850 set_ece={supported=1, vendor_id=0x15b3, options=0x30000002, comp_mask=0x0}
gx10-e146:63:73 [0] NCCL INFO NET/IB: ncclIbSenderQpsToRts: Set ECE: IbDev 2 Port 1 qp_num 1851 set_ece={supported=1, vendor_id=0x15b3, options=0x30000002, comp_mask=0x0}
gx10-e146:63:73 [0] NCCL INFO NET/IB: Subnet-aware routing: overriding dev 4 with dev 0
gx10-e146:63:73 [0] NCCL INFO NET/IB: ncclIbSenderQpsCreate: QP created: port=1 dev=0 devName=rocep1s0f0 ndevs=4 nmdevs=6 qp_num=12188 pkey=0 pd=0xe7b8c007dd30 oooRq=0
gx10-e146:63:73 [0] NCCL INFO NET/IB: ncclIbSenderQpsCreate: QP created: port=1 dev=0 devName=rocep1s0f0 ndevs=4 nmdevs=6 qp_num=12189 pkey=0 pd=0xe7b8c007dd30 oooRq=0
gx10-e146:63:73 [0] NCCL INFO NET/IB: ncclIbConnectImpl: NCCL Dev 0 IbDev 0 Port 1 qp_num 12188 mtu 5 GID 6 (0/166A8C0FFFF0000) ctsFifoRkey=0x19e8c1 ctsFifoLkey=0x19e8c1
gx10-e146:63:73 [0] NCCL INFO NET/IB: ncclIbConnectImpl: IbDev 0 Port 1 qp_num 12188 query_ece={supported=1, vendor_id=0x15b3, options=0x30000002, comp_mask=0x0}
gx10-e146:63:73 [0] NCCL INFO NET/IB: ncclIbConnectImpl: NCCL Dev 0 IbDev 0 Port 1 qp_num 12189 mtu 5 GID 6 (0/166A8C0FFFF0000) ctsFifoRkey=0x19e8c1 ctsFifoLkey=0x19e8c1
gx10-e146:63:73 [0] NCCL INFO NET/IB: ncclIbConnectImpl: IbDev 0 Port 1 qp_num 12189 query_ece={supported=1, vendor_id=0x15b3, options=0x30000002, comp_mask=0x0}
gx10-e146:63:73 [0] NCCL INFO NET/IB: Subnet-aware routing: overriding dev 5 with dev 2
gx10-e146:63:73 [0] NCCL INFO NET/IB: ncclIbSenderQpsCreate: QP created: port=1 dev=2 devName=roceP2p1s0f0 ndevs=4 nmdevs=6 qp_num=1852 pkey=0 pd=0xe7b8c00c8f60 oooRq=0
gx10-e146:63:73 [0] NCCL INFO NET/IB: ncclIbSenderQpsCreate: QP created: port=1 dev=2 devName=roceP2p1s0f0 ndevs=4 nmdevs=6 qp_num=1853 pkey=0 pd=0xe7b8c00c8f60 oooRq=0
gx10-e146:63:73 [0] NCCL INFO NET/IB: ncclIbConnectImpl: NCCL Dev 2 IbDev 2 Port 1 qp_num 1852 mtu 5 GID 3 (0/170A8C0FFFF0000) ctsFifoRkey=0x18bbb6 ctsFifoLkey=0x18bbb6
gx10-e146:63:73 [0] NCCL INFO NET/IB: ncclIbConnectImpl: IbDev 2 Port 1 qp_num 1852 query_ece={supported=1, vendor_id=0x15b3, options=0x30000002, comp_mask=0x0}
gx10-e146:63:73 [0] NCCL INFO NET/IB: ncclIbConnectImpl: NCCL Dev 2 IbDev 2 Port 1 qp_num 1853 mtu 5 GID 3 (0/170A8C0FFFF0000) ctsFifoRkey=0x18bbb6 ctsFifoLkey=0x18bbb6
gx10-e146:63:73 [0] NCCL INFO NET/IB: ncclIbConnectImpl: IbDev 2 Port 1 qp_num 1853 query_ece={supported=1, vendor_id=0x15b3, options=0x30000002, comp_mask=0x0}
gx10-e146:63:73 [0] NCCL INFO NET/IB: Subnet-aware routing: overriding dev 4 with dev 0
gx10-e146:63:73 [0] NCCL INFO NET/IB: ncclIbSenderQpsCreate: QP created: port=1 dev=0 devName=rocep1s0f0 ndevs=4 nmdevs=6 qp_num=12190 pkey=0 pd=0xe7b8c007dd30 oooRq=0
gx10-e146:63:73 [0] NCCL INFO NET/IB: ncclIbSenderQpsCreate: QP created: port=1 dev=0 devName=rocep1s0f0 ndevs=4 nmdevs=6 qp_num=12191 pkey=0 pd=0xe7b8c007dd30 oooRq=0
gx10-e146:63:73 [0] NCCL INFO NET/IB: ncclIbConnectImpl: NCCL Dev 0 IbDev 0 Port 1 qp_num 12190 mtu 5 GID 6 (0/166A8C0FFFF0000) ctsFifoRkey=0x1606c3 ctsFifoLkey=0x1606c3
gx10-e146:63:73 [0] NCCL INFO NET/IB: ncclIbConnectImpl: IbDev 0 Port 1 qp_num 12190 query_ece={supported=1, vendor_id=0x15b3, options=0x30000002, comp_mask=0x0}
gx10-e146:63:73 [0] NCCL INFO NET/IB: ncclIbConnectImpl: NCCL Dev 0 IbDev 0 Port 1 qp_num 12191 mtu 5 GID 6 (0/166A8C0FFFF0000) ctsFifoRkey=0x1606c3 ctsFifoLkey=0x1606c3
gx10-e146:63:73 [0] NCCL INFO NET/IB: ncclIbConnectImpl: IbDev 0 Port 1 qp_num 12191 query_ece={supported=1, vendor_id=0x15b3, options=0x30000002, comp_mask=0x0}
gx10-e146:63:73 [0] NCCL INFO NET/IB: Subnet-aware routing: overriding dev 5 with dev 2
gx10-e146:63:73 [0] NCCL INFO NET/IB: ncclIbResiliencyInit: Resiliency is disabled on the send communicator (comm=0xe7b8c34b2000)
gx10-e146:63:73 [0] NCCL INFO NET/IB: Subnet-aware routing: overriding dev 4 with dev 0
gx10-e146:63:73 [0] NCCL INFO NET/IB: Subnet-aware routing: overriding dev 5 with dev 2
gx10-e146:63:73 [0] NCCL INFO NET/IB: Subnet-aware routing: overriding dev 4 with dev 0
gx10-e146:63:73 [0] NCCL INFO NET/IB: Subnet-aware routing: overriding dev 5 with dev 2
gx10-e146:63:73 [0] NCCL INFO NET/IB: ncclIbResiliencyInit: Resiliency is disabled on the recv communicator (comm=0xe7b8c34f6000)
gx10-e146:63:73 [0] NCCL INFO NET/IB: ncclIbRecvCommInit: Receive work requests will be posted on-demand
gx10-e146:63:73 [0] NCCL INFO NET/IB: Subnet-aware routing: overriding dev 4 with dev 0
gx10-e146:63:73 [0] NCCL INFO NET/IB: ncclIbSenderQpsToRts: Set ECE: IbDev 0 Port 1 qp_num 12188 set_ece={supported=1, vendor_id=0x15b3, options=0x30000002, comp_mask=0x0}
gx10-e146:63:73 [0] NCCL INFO NET/IB: ncclIbSenderQpsToRts: Set ECE: IbDev 0 Port 1 qp_num 12189 set_ece={supported=1, vendor_id=0x15b3, options=0x30000002, comp_mask=0x0}
gx10-e146:63:73 [0] NCCL INFO NET/IB: Subnet-aware routing: overriding dev 5 with dev 2
gx10-e146:63:73 [0] NCCL INFO NET/IB: ncclIbSenderQpsToRts: Set ECE: IbDev 2 Port 1 qp_num 1852 set_ece={supported=1, vendor_id=0x15b3, options=0x30000002, comp_mask=0x0}
gx10-e146:63:73 [0] NCCL INFO NET/IB: ncclIbSenderQpsToRts: Set ECE: IbDev 2 Port 1 qp_num 1853 set_ece={supported=1, vendor_id=0x15b3, options=0x30000002, comp_mask=0x0}
gx10-e146:63:73 [0] NCCL INFO NET/IB: Subnet-aware routing: overriding dev 5 with dev 3
gx10-e146:63:73 [0] NCCL INFO NET/IB: ncclIbReceiverQpsCreateToRts: QP created: port=1 dev=3 devName=roceP2p1s0f1 ndevs=4 nmdevs=6 qp_num=2558 pkey=0 pd=0xe7b8c01a8720 oooRq=0
gx10-e146:63:73 [0] NCCL INFO NET/IB: ncclIbReceiverQpsCreateToRts: QP created: port=1 dev=3 devName=roceP2p1s0f1 ndevs=4 nmdevs=6 qp_num=2559 pkey=0 pd=0xe7b8c01a8720 oooRq=0
gx10-e146:63:73 [0] NCCL INFO NET/IB: ncclIbReceiverQpsCreateToRts: Flush QP created: port=1 dev=3 devName=roceP2p1s0f1 ndevs=4 nmdevs=6 qp_num=2560 pkey=0 pd=0xe7b8c01a8720
gx10-e146:63:73 [0] NCCL INFO NET/IB: Subnet-aware routing: overriding dev 4 with dev 0
gx10-e146:63:73 [0] NCCL INFO NET/IB: ncclIbSenderQpsToRts: Set ECE: IbDev 0 Port 1 qp_num 12190 set_ece={supported=1, vendor_id=0x15b3, options=0x30000002, comp_mask=0x0}
gx10-e146:63:73 [0] NCCL INFO NET/IB: ncclIbSenderQpsToRts: Set ECE: IbDev 0 Port 1 qp_num 12191 set_ece={supported=1, vendor_id=0x15b3, options=0x30000002, comp_mask=0x0}
gx10-e146:63:73 [0] NCCL INFO NET/IB: Subnet-aware routing: overriding dev 4 with dev 1
gx10-e146:63:73 [0] NCCL INFO NET/IB: ncclIbReceiverQpsCreateToRts: QP created: port=1 dev=1 devName=rocep1s0f1 ndevs=4 nmdevs=6 qp_num=15483 pkey=0 pd=0xe7b8c0203d80 oooRq=0
gx10-e146:63:73 [0] NCCL INFO NET/IB: ncclIbReceiverQpsCreateToRts: QP created: port=1 dev=1 devName=rocep1s0f1 ndevs=4 nmdevs=6 qp_num=15484 pkey=0 pd=0xe7b8c0203d80 oooRq=0
gx10-e146:63:73 [0] NCCL INFO NET/IB: ncclIbReceiverQpsCreateToRts: Flush QP created: port=1 dev=1 devName=rocep1s0f1 ndevs=4 nmdevs=6 qp_num=15485 pkey=0 pd=0xe7b8c0203d80
gx10-e146:63:73 [0] NCCL INFO NET/IB: Subnet-aware routing: overriding dev 5 with dev 2
gx10-e146:63:73 [0] NCCL INFO NET/IB: ncclIbSenderQpsCreate: QP created: port=1 dev=2 devName=roceP2p1s0f0 ndevs=4 nmdevs=6 qp_num=1854 pkey=0 pd=0xe7b8c00c8f60 oooRq=0
gx10-e146:63:73 [0] NCCL INFO NET/IB: ncclIbSenderQpsCreate: QP created: port=1 dev=2 devName=roceP2p1s0f0 ndevs=4 nmdevs=6 qp_num=1855 pkey=0 pd=0xe7b8c00c8f60 oooRq=0
gx10-e146:63:73 [0] NCCL INFO NET/IB: ncclIbConnectImpl: NCCL Dev 2 IbDev 2 Port 1 qp_num 1854 mtu 5 GID 3 (0/170A8C0FFFF0000) ctsFifoRkey=0x195452 ctsFifoLkey=0x195452
gx10-e146:63:73 [0] NCCL INFO NET/IB: ncclIbConnectImpl: IbDev 2 Port 1 qp_num 1854 query_ece={supported=1, vendor_id=0x15b3, options=0x30000002, comp_mask=0x0}
gx10-e146:63:73 [0] NCCL INFO NET/IB: ncclIbConnectImpl: NCCL Dev 2 IbDev 2 Port 1 qp_num 1855 mtu 5 GID 3 (0/170A8C0FFFF0000) ctsFifoRkey=0x195452 ctsFifoLkey=0x195452
gx10-e146:63:73 [0] NCCL INFO NET/IB: ncclIbConnectImpl: IbDev 2 Port 1 qp_num 1855 query_ece={supported=1, vendor_id=0x15b3, options=0x30000002, comp_mask=0x0}
gx10-e146:63:73 [0] NCCL INFO NET/IB: Subnet-aware routing: overriding dev 5 with dev 3
gx10-e146:63:73 [0] NCCL INFO NET/IB: ncclIbReceiverQpsCreateToRts: QP created: port=1 dev=3 devName=roceP2p1s0f1 ndevs=4 nmdevs=6 qp_num=2561 pkey=0 pd=0xe7b8c01a8720 oooRq=0
gx10-e146:63:73 [0] NCCL INFO NET/IB: ncclIbReceiverQpsCreateToRts: QP created: port=1 dev=3 devName=roceP2p1s0f1 ndevs=4 nmdevs=6 qp_num=2562 pkey=0 pd=0xe7b8c01a8720 oooRq=0
gx10-e146:63:73 [0] NCCL INFO NET/IB: ncclIbReceiverQpsCreateToRts: Flush QP created: port=1 dev=3 devName=roceP2p1s0f1 ndevs=4 nmdevs=6 qp_num=2563 pkey=0 pd=0xe7b8c01a8720
gx10-e146:63:73 [0] NCCL INFO NET/IB: Subnet-aware routing: overriding dev 4 with dev 0
gx10-e146:63:73 [0] NCCL INFO NET/IB: ncclIbResiliencyInit: Resiliency is disabled on the send communicator (comm=0xe7b8c3702000)
gx10-e146:63:73 [0] NCCL INFO NET/IB: Subnet-aware routing: overriding dev 5 with dev 2
gx10-e146:63:73 [0] NCCL INFO NET/IB: ncclIbSenderQpsToRts: Set ECE: IbDev 2 Port 1 qp_num 1854 set_ece={supported=1, vendor_id=0x15b3, options=0x30000002, comp_mask=0x0}
gx10-e146:63:73 [0] NCCL INFO NET/IB: ncclIbSenderQpsToRts: Set ECE: IbDev 2 Port 1 qp_num 1855 set_ece={supported=1, vendor_id=0x15b3, options=0x30000002, comp_mask=0x0}
gx10-e146:63:73 [0] NCCL INFO NET/IB: Subnet-aware routing: overriding dev 4 with dev 0
gx10-e146:63:73 [0] NCCL INFO NET/IB: ncclIbResiliencyInit: Resiliency is disabled on the recv communicator (comm=0xe7b8c3743000)
gx10-e146:63:73 [0] NCCL INFO NET/IB: ncclIbRecvCommInit: Receive work requests will be posted on-demand
gx10-e146:63:73 [0] NCCL INFO NET/IB: Subnet-aware routing: overriding dev 4 with dev 0
gx10-e146:63:73 [0] NCCL INFO NET/IB: Subnet-aware routing: overriding dev 5 with dev 2
gx10-e146:63:73 [0] NCCL INFO NET/IB: ncclIbResiliencyInit: Resiliency is disabled on the send communicator (comm=0xe7b8c3788000)
gx10-e146:63:73 [0] NCCL INFO NET/IB: Subnet-aware routing: overriding dev 4 with dev 0
gx10-e146:63:73 [0] NCCL INFO NET/IB: ncclIbSenderQpsCreate: QP created: port=1 dev=0 devName=rocep1s0f0 ndevs=4 nmdevs=6 qp_num=12192 pkey=0 pd=0xe7b8c007dd30 oooRq=0
gx10-e146:63:73 [0] NCCL INFO NET/IB: ncclIbSenderQpsCreate: QP created: port=1 dev=0 devName=rocep1s0f0 ndevs=4 nmdevs=6 qp_num=12193 pkey=0 pd=0xe7b8c007dd30 oooRq=0
gx10-e146:63:73 [0] NCCL INFO NET/IB: ncclIbConnectImpl: NCCL Dev 0 IbDev 0 Port 1 qp_num 12192 mtu 5 GID 6 (0/166A8C0FFFF0000) ctsFifoRkey=0x176c2a ctsFifoLkey=0x176c2a
gx10-e146:63:73 [0] NCCL INFO NET/IB: ncclIbConnectImpl: IbDev 0 Port 1 qp_num 12192 query_ece={supported=1, vendor_id=0x15b3, options=0x30000002, comp_mask=0x0}
gx10-e146:63:73 [0] NCCL INFO NET/IB: ncclIbConnectImpl: NCCL Dev 0 IbDev 0 Port 1 qp_num 12193 mtu 5 GID 6 (0/166A8C0FFFF0000) ctsFifoRkey=0x176c2a ctsFifoLkey=0x176c2a
gx10-e146:63:73 [0] NCCL INFO NET/IB: ncclIbConnectImpl: IbDev 0 Port 1 qp_num 12193 query_ece={supported=1, vendor_id=0x15b3, options=0x30000002, comp_mask=0x0}
gx10-e146:63:73 [0] NCCL INFO NET/IB: Subnet-aware routing: overriding dev 4 with dev 1
gx10-e146:63:73 [0] NCCL INFO NET/IB: ncclIbReceiverQpsCreateToRts: QP created: port=1 dev=1 devName=rocep1s0f1 ndevs=4 nmdevs=6 qp_num=15486 pkey=0 pd=0xe7b8c0203d80 oooRq=0
gx10-e146:63:73 [0] NCCL INFO NET/IB: ncclIbReceiverQpsCreateToRts: QP created: port=1 dev=1 devName=rocep1s0f1 ndevs=4 nmdevs=6 qp_num=15487 pkey=0 pd=0xe7b8c0203d80 oooRq=0
gx10-e146:63:73 [0] NCCL INFO NET/IB: ncclIbReceiverQpsCreateToRts: Flush QP created: port=1 dev=1 devName=rocep1s0f1 ndevs=4 nmdevs=6 qp_num=15488 pkey=0 pd=0xe7b8c0203d80
gx10-e146:63:73 [0] NCCL INFO NET/IB: Subnet-aware routing: overriding dev 5 with dev 2
gx10-e146:63:73 [0] NCCL INFO NET/IB: ncclIbResiliencyInit: Resiliency is disabled on the recv communicator (comm=0xe7b8c389c000)
gx10-e146:63:73 [0] NCCL INFO NET/IB: ncclIbRecvCommInit: Receive work requests will be posted on-demand
gx10-e146:63:73 [0] NCCL INFO NET/IB: Subnet-aware routing: overriding dev 4 with dev 0
gx10-e146:63:73 [0] NCCL INFO NET/IB: Subnet-aware routing: overriding dev 5 with dev 2
gx10-e146:63:73 [0] NCCL INFO NET/IB: Subnet-aware routing: overriding dev 4 with dev 0
gx10-e146:63:73 [0] NCCL INFO NET/IB: ncclIbResiliencyInit: Resiliency is disabled on the send communicator (comm=0xe7b8c38e4000)
gx10-e146:63:73 [0] NCCL INFO NET/IB: Subnet-aware routing: overriding dev 4 with dev 0
gx10-e146:63:73 [0] NCCL INFO NET/IB: Subnet-aware routing: overriding dev 5 with dev 2
gx10-e146:63:73 [0] NCCL INFO NET/IB: Subnet-aware routing: overriding dev 4 with dev 0
gx10-e146:63:73 [0] NCCL INFO NET/IB: ncclIbResiliencyInit: Resiliency is disabled on the recv communicator (comm=0xe7b8c3928000)
gx10-e146:63:73 [0] NCCL INFO NET/IB: ncclIbRecvCommInit: Receive work requests will be posted on-demand
gx10-e146:63:73 [0] NCCL INFO NET/IB: Subnet-aware routing: overriding dev 4 with dev 0
gx10-e146:63:73 [0] NCCL INFO NET/IB: ncclIbSenderQpsToRts: Set ECE: IbDev 0 Port 1 qp_num 12192 set_ece={supported=1, vendor_id=0x15b3, options=0x30000002, comp_mask=0x0}
gx10-e146:63:73 [0] NCCL INFO NET/IB: ncclIbSenderQpsToRts: Set ECE: IbDev 0 Port 1 qp_num 12193 set_ece={supported=1, vendor_id=0x15b3, options=0x30000002, comp_mask=0x0}
gx10-e146:63:73 [0] NCCL INFO NET/IB: Subnet-aware routing: overriding dev 5 with dev 2
gx10-e146:63:73 [0] NCCL INFO NET/IB: ncclIbSenderQpsCreate: QP created: port=1 dev=2 devName=roceP2p1s0f0 ndevs=4 nmdevs=6 qp_num=1856 pkey=0 pd=0xe7b8c00c8f60 oooRq=0
gx10-e146:63:73 [0] NCCL INFO NET/IB: ncclIbSenderQpsCreate: QP created: port=1 dev=2 devName=roceP2p1s0f0 ndevs=4 nmdevs=6 qp_num=1857 pkey=0 pd=0xe7b8c00c8f60 oooRq=0
gx10-e146:63:73 [0] NCCL INFO NET/IB: ncclIbConnectImpl: NCCL Dev 2 IbDev 2 Port 1 qp_num 1856 mtu 5 GID 3 (0/170A8C0FFFF0000) ctsFifoRkey=0x1cb9a2 ctsFifoLkey=0x1cb9a2
gx10-e146:63:73 [0] NCCL INFO NET/IB: ncclIbConnectImpl: IbDev 2 Port 1 qp_num 1856 query_ece={supported=1, vendor_id=0x15b3, options=0x30000002, comp_mask=0x0}
gx10-e146:63:73 [0] NCCL INFO NET/IB: ncclIbConnectImpl: NCCL Dev 2 IbDev 2 Port 1 qp_num 1857 mtu 5 GID 3 (0/170A8C0FFFF0000) ctsFifoRkey=0x1cb9a2 ctsFifoLkey=0x1cb9a2
gx10-e146:63:73 [0] NCCL INFO NET/IB: ncclIbConnectImpl: IbDev 2 Port 1 qp_num 1857 query_ece={supported=1, vendor_id=0x15b3, options=0x30000002, comp_mask=0x0}
gx10-e146:63:73 [0] NCCL INFO NET/IB: Subnet-aware routing: overriding dev 5 with dev 3
gx10-e146:63:73 [0] NCCL INFO NET/IB: ncclIbReceiverQpsCreateToRts: QP created: port=1 dev=3 devName=roceP2p1s0f1 ndevs=4 nmdevs=6 qp_num=2564 pkey=0 pd=0xe7b8c01a8720 oooRq=0
gx10-e146:63:73 [0] NCCL INFO NET/IB: ncclIbReceiverQpsCreateToRts: QP created: port=1 dev=3 devName=roceP2p1s0f1 ndevs=4 nmdevs=6 qp_num=2565 pkey=0 pd=0xe7b8c01a8720 oooRq=0
gx10-e146:63:73 [0] NCCL INFO NET/IB: ncclIbReceiverQpsCreateToRts: Flush QP created: port=1 dev=3 devName=roceP2p1s0f1 ndevs=4 nmdevs=6 qp_num=2566 pkey=0 pd=0xe7b8c01a8720
gx10-e146:63:73 [0] NCCL INFO NET/IB: Subnet-aware routing: overriding dev 4 with dev 0
gx10-e146:63:73 [0] NCCL INFO NET/IB: ncclIbSenderQpsCreate: QP created: port=1 dev=0 devName=rocep1s0f0 ndevs=4 nmdevs=6 qp_num=12194 pkey=0 pd=0xe7b8c007dd30 oooRq=0
gx10-e146:63:73 [0] NCCL INFO NET/IB: ncclIbSenderQpsCreate: QP created: port=1 dev=0 devName=rocep1s0f0 ndevs=4 nmdevs=6 qp_num=12195 pkey=0 pd=0xe7b8c007dd30 oooRq=0
gx10-e146:63:73 [0] NCCL INFO NET/IB: ncclIbConnectImpl: NCCL Dev 0 IbDev 0 Port 1 qp_num 12194 mtu 5 GID 6 (0/166A8C0FFFF0000) ctsFifoRkey=0x15ca87 ctsFifoLkey=0x15ca87
gx10-e146:63:73 [0] NCCL INFO NET/IB: ncclIbConnectImpl: IbDev 0 Port 1 qp_num 12194 query_ece={supported=1, vendor_id=0x15b3, options=0x30000002, comp_mask=0x0}
gx10-e146:63:73 [0] NCCL INFO NET/IB: ncclIbConnectImpl: NCCL Dev 0 IbDev 0 Port 1 qp_num 12195 mtu 5 GID 6 (0/166A8C0FFFF0000) ctsFifoRkey=0x15ca87 ctsFifoLkey=0x15ca87
gx10-e146:63:73 [0] NCCL INFO NET/IB: ncclIbConnectImpl: IbDev 0 Port 1 qp_num 12195 query_ece={supported=1, vendor_id=0x15b3, options=0x30000002, comp_mask=0x0}
gx10-e146:63:73 [0] NCCL INFO NET/IB: Subnet-aware routing: overriding dev 4 with dev 1
gx10-e146:63:73 [0] NCCL INFO NET/IB: ncclIbReceiverQpsCreateToRts: QP created: port=1 dev=1 devName=rocep1s0f1 ndevs=4 nmdevs=6 qp_num=15489 pkey=0 pd=0xe7b8c0203d80 oooRq=0
gx10-e146:63:73 [0] NCCL INFO NET/IB: ncclIbReceiverQpsCreateToRts: QP created: port=1 dev=1 devName=rocep1s0f1 ndevs=4 nmdevs=6 qp_num=15490 pkey=0 pd=0xe7b8c0203d80 oooRq=0
gx10-e146:63:73 [0] NCCL INFO NET/IB: ncclIbReceiverQpsCreateToRts: Flush QP created: port=1 dev=1 devName=rocep1s0f1 ndevs=4 nmdevs=6 qp_num=15491 pkey=0 pd=0xe7b8c0203d80
gx10-e146:63:73 [0] NCCL INFO NET/IB: Subnet-aware routing: overriding dev 5 with dev 2
gx10-e146:63:73 [0] NCCL INFO NET/IB: ncclIbResiliencyInit: Resiliency is disabled on the send communicator (comm=0xe7b8c3b1a000)
gx10-e146:63:73 [0] NCCL INFO NET/IB: Subnet-aware routing: overriding dev 5 with dev 2
gx10-e146:63:73 [0] NCCL INFO NET/IB: ncclIbSenderQpsToRts: Set ECE: IbDev 2 Port 1 qp_num 1856 set_ece={supported=1, vendor_id=0x15b3, options=0x30000002, comp_mask=0x0}
gx10-e146:63:73 [0] NCCL INFO NET/IB: ncclIbSenderQpsToRts: Set ECE: IbDev 2 Port 1 qp_num 1857 set_ece={supported=1, vendor_id=0x15b3, options=0x30000002, comp_mask=0x0}
gx10-e146:63:73 [0] NCCL INFO NET/IB: Subnet-aware routing: overriding dev 4 with dev 0
gx10-e146:63:73 [0] NCCL INFO NET/IB: ncclIbSenderQpsToRts: Set ECE: IbDev 0 Port 1 qp_num 12194 set_ece={supported=1, vendor_id=0x15b3, options=0x30000002, comp_mask=0x0}
gx10-e146:63:73 [0] NCCL INFO NET/IB: ncclIbSenderQpsToRts: Set ECE: IbDev 0 Port 1 qp_num 12195 set_ece={supported=1, vendor_id=0x15b3, options=0x30000002, comp_mask=0x0}
gx10-e146:63:73 [0] NCCL INFO NET/IB: Subnet-aware routing: overriding dev 5 with dev 2
gx10-e146:63:73 [0] NCCL INFO NET/IB: ncclIbResiliencyInit: Resiliency is disabled on the recv communicator (comm=0xe7b8c3b5b000)
gx10-e146:63:73 [0] NCCL INFO NET/IB: ncclIbRecvCommInit: Receive work requests will be posted on-demand
gx10-e146:63:73 [0] NCCL INFO NET/IB: Subnet-aware routing: overriding dev 5 with dev 2
gx10-e146:63:73 [0] NCCL INFO NET/IB: Subnet-aware routing: overriding dev 4 with dev 0
gx10-e146:63:73 [0] NCCL INFO NET/IB: ncclIbResiliencyInit: Resiliency is disabled on the send communicator (comm=0xe7b8c3ba3000)
gx10-e146:63:73 [0] NCCL INFO NET/IB: Subnet-aware routing: overriding dev 5 with dev 2
gx10-e146:63:73 [0] NCCL INFO NET/IB: Subnet-aware routing: overriding dev 4 with dev 0
gx10-e146:63:73 [0] NCCL INFO NET/IB: ncclIbResiliencyInit: Resiliency is disabled on the recv communicator (comm=0xe7b8c3be7000)
gx10-e146:63:73 [0] NCCL INFO NET/IB: ncclIbRecvCommInit: Receive work requests will be posted on-demand
gx10-e146:63:73 [0] NCCL INFO NET/IB: Subnet-aware routing: overriding dev 5 with dev 2
gx10-e146:63:73 [0] NCCL INFO NET/IB: Subnet-aware routing: overriding dev 4 with dev 0
gx10-e146:63:73 [0] NCCL INFO NET/IB: Subnet-aware routing: overriding dev 5 with dev 2
gx10-e146:63:73 [0] NCCL INFO NET/IB: ncclIbResiliencyInit: Resiliency is disabled on the send communicator (comm=0xe7b8c3c2f000)
gx10-e146:63:73 [0] NCCL INFO NET/IB: Subnet-aware routing: overriding dev 5 with dev 2
gx10-e146:63:73 [0] NCCL INFO NET/IB: Subnet-aware routing: overriding dev 5 with dev 3
gx10-e146:63:73 [0] NCCL INFO NET/IB: ncclIbReceiverQpsCreateToRts: QP created: port=1 dev=3 devName=roceP2p1s0f1 ndevs=4 nmdevs=6 qp_num=2567 pkey=0 pd=0xe7b8c01a8720 oooRq=0
gx10-e146:63:73 [0] NCCL INFO NET/IB: ncclIbReceiverQpsCreateToRts: QP created: port=1 dev=3 devName=roceP2p1s0f1 ndevs=4 nmdevs=6 qp_num=2568 pkey=0 pd=0xe7b8c01a8720 oooRq=0
gx10-e146:63:73 [0] NCCL INFO NET/IB: ncclIbReceiverQpsCreateToRts: Flush QP created: port=1 dev=3 devName=roceP2p1s0f1 ndevs=4 nmdevs=6 qp_num=2569 pkey=0 pd=0xe7b8c01a8720
gx10-e146:63:73 [0] NCCL INFO NET/IB: Subnet-aware routing: overriding dev 4 with dev 0
gx10-e146:63:73 [0] NCCL INFO NET/IB: Subnet-aware routing: overriding dev 5 with dev 2
gx10-e146:63:73 [0] NCCL INFO NET/IB: ncclIbResiliencyInit: Resiliency is disabled on the recv communicator (comm=0xe7b8c3cea000)
gx10-e146:63:73 [0] NCCL INFO NET/IB: ncclIbRecvCommInit: Receive work requests will be posted on-demand
gx10-e146:63:73 [0] NCCL INFO NET/IB: Subnet-aware routing: overriding dev 5 with dev 2
gx10-e146:63:73 [0] NCCL INFO NET/IB: ncclIbSenderQpsCreate: QP created: port=1 dev=2 devName=roceP2p1s0f0 ndevs=4 nmdevs=6 qp_num=1858 pkey=0 pd=0xe7b8c00c8f60 oooRq=0
gx10-e146:63:73 [0] NCCL INFO NET/IB: ncclIbSenderQpsCreate: QP created: port=1 dev=2 devName=roceP2p1s0f0 ndevs=4 nmdevs=6 qp_num=1859 pkey=0 pd=0xe7b8c00c8f60 oooRq=0
gx10-e146:63:73 [0] NCCL INFO NET/IB: ncclIbConnectImpl: NCCL Dev 2 IbDev 2 Port 1 qp_num 1858 mtu 5 GID 3 (0/170A8C0FFFF0000) ctsFifoRkey=0x19332f ctsFifoLkey=0x19332f
gx10-e146:63:73 [0] NCCL INFO NET/IB: ncclIbConnectImpl: IbDev 2 Port 1 qp_num 1858 query_ece={supported=1, vendor_id=0x15b3, options=0x30000002, comp_mask=0x0}
gx10-e146:63:73 [0] NCCL INFO NET/IB: ncclIbConnectImpl: NCCL Dev 2 IbDev 2 Port 1 qp_num 1859 mtu 5 GID 3 (0/170A8C0FFFF0000) ctsFifoRkey=0x19332f ctsFifoLkey=0x19332f
gx10-e146:63:73 [0] NCCL INFO NET/IB: ncclIbConnectImpl: IbDev 2 Port 1 qp_num 1859 query_ece={supported=1, vendor_id=0x15b3, options=0x30000002, comp_mask=0x0}
gx10-e146:63:73 [0] NCCL INFO NET/IB: Subnet-aware routing: overriding dev 4 with dev 0
gx10-e146:63:73 [0] NCCL INFO NET/IB: Subnet-aware routing: overriding dev 4 with dev 1
gx10-e146:63:73 [0] NCCL INFO NET/IB: ncclIbReceiverQpsCreateToRts: QP created: port=1 dev=1 devName=rocep1s0f1 ndevs=4 nmdevs=6 qp_num=15492 pkey=0 pd=0xe7b8c0203d80 oooRq=0
gx10-e146:63:73 [0] NCCL INFO NET/IB: ncclIbReceiverQpsCreateToRts: QP created: port=1 dev=1 devName=rocep1s0f1 ndevs=4 nmdevs=6 qp_num=15493 pkey=0 pd=0xe7b8c0203d80 oooRq=0
gx10-e146:63:73 [0] NCCL INFO NET/IB: ncclIbReceiverQpsCreateToRts: Flush QP created: port=1 dev=1 devName=rocep1s0f1 ndevs=4 nmdevs=6 qp_num=15494 pkey=0 pd=0xe7b8c0203d80
gx10-e146:63:73 [0] NCCL INFO NET/IB: Subnet-aware routing: overriding dev 5 with dev 2
gx10-e146:63:73 [0] NCCL INFO NET/IB: Subnet-aware routing: overriding dev 4 with dev 0
gx10-e146:63:73 [0] NCCL INFO NET/IB: ncclIbResiliencyInit: Resiliency is disabled on the send communicator (comm=0xe7b8c3e0a000)
gx10-e146:63:73 [0] NCCL INFO NET/IB: Subnet-aware routing: overriding dev 5 with dev 2
gx10-e146:63:73 [0] NCCL INFO NET/IB: Subnet-aware routing: overriding dev 4 with dev 0
gx10-e146:63:73 [0] NCCL INFO NET/IB: ncclIbSenderQpsCreate: QP created: port=1 dev=0 devName=rocep1s0f0 ndevs=4 nmdevs=6 qp_num=12196 pkey=0 pd=0xe7b8c007dd30 oooRq=0
gx10-e146:63:73 [0] NCCL INFO NET/IB: ncclIbSenderQpsCreate: QP created: port=1 dev=0 devName=rocep1s0f0 ndevs=4 nmdevs=6 qp_num=12197 pkey=0 pd=0xe7b8c007dd30 oooRq=0
gx10-e146:63:73 [0] NCCL INFO NET/IB: ncclIbConnectImpl: NCCL Dev 0 IbDev 0 Port 1 qp_num 12196 mtu 5 GID 6 (0/166A8C0FFFF0000) ctsFifoRkey=0x163dfb ctsFifoLkey=0x163dfb
gx10-e146:63:73 [0] NCCL INFO NET/IB: ncclIbConnectImpl: IbDev 0 Port 1 qp_num 12196 query_ece={supported=1, vendor_id=0x15b3, options=0x30000002, comp_mask=0x0}
gx10-e146:63:73 [0] NCCL INFO NET/IB: ncclIbConnectImpl: NCCL Dev 0 IbDev 0 Port 1 qp_num 12197 mtu 5 GID 6 (0/166A8C0FFFF0000) ctsFifoRkey=0x163dfb ctsFifoLkey=0x163dfb
gx10-e146:63:73 [0] NCCL INFO NET/IB: ncclIbConnectImpl: IbDev 0 Port 1 qp_num 12197 query_ece={supported=1, vendor_id=0x15b3, options=0x30000002, comp_mask=0x0}
gx10-e146:63:73 [0] NCCL INFO NET/IB: Subnet-aware routing: overriding dev 5 with dev 2
gx10-e146:63:73 [0] NCCL INFO NET/IB: ncclIbSenderQpsCreate: QP created: port=1 dev=2 devName=roceP2p1s0f0 ndevs=4 nmdevs=6 qp_num=1860 pkey=0 pd=0xe7b8c00c8f60 oooRq=0
gx10-e146:63:73 [0] NCCL INFO NET/IB: ncclIbSenderQpsCreate: QP created: port=1 dev=2 devName=roceP2p1s0f0 ndevs=4 nmdevs=6 qp_num=1861 pkey=0 pd=0xe7b8c00c8f60 oooRq=0
gx10-e146:63:73 [0] NCCL INFO NET/IB: ncclIbConnectImpl: NCCL Dev 2 IbDev 2 Port 1 qp_num 1860 mtu 5 GID 3 (0/170A8C0FFFF0000) ctsFifoRkey=0x18d1ce ctsFifoLkey=0x18d1ce
gx10-e146:63:73 [0] NCCL INFO NET/IB: ncclIbConnectImpl: IbDev 2 Port 1 qp_num 1860 query_ece={supported=1, vendor_id=0x15b3, options=0x30000002, comp_mask=0x0}
gx10-e146:63:73 [0] NCCL INFO NET/IB: ncclIbConnectImpl: NCCL Dev 2 IbDev 2 Port 1 qp_num 1861 mtu 5 GID 3 (0/170A8C0FFFF0000) ctsFifoRkey=0x18d1ce ctsFifoLkey=0x18d1ce
gx10-e146:63:73 [0] NCCL INFO NET/IB: ncclIbConnectImpl: IbDev 2 Port 1 qp_num 1861 query_ece={supported=1, vendor_id=0x15b3, options=0x30000002, comp_mask=0x0}
gx10-e146:63:73 [0] NCCL INFO NET/IB: Subnet-aware routing: overriding dev 5 with dev 3
gx10-e146:63:73 [0] NCCL INFO NET/IB: ncclIbReceiverQpsCreateToRts: QP created: port=1 dev=3 devName=roceP2p1s0f1 ndevs=4 nmdevs=6 qp_num=2570 pkey=0 pd=0xe7b8c01a8720 oooRq=0
gx10-e146:63:73 [0] NCCL INFO NET/IB: ncclIbReceiverQpsCreateToRts: QP created: port=1 dev=3 devName=roceP2p1s0f1 ndevs=4 nmdevs=6 qp_num=2571 pkey=0 pd=0xe7b8c01a8720 oooRq=0
gx10-e146:63:73 [0] NCCL INFO NET/IB: ncclIbReceiverQpsCreateToRts: Flush QP created: port=1 dev=3 devName=roceP2p1s0f1 ndevs=4 nmdevs=6 qp_num=2572 pkey=0 pd=0xe7b8c01a8720
gx10-e146:63:73 [0] NCCL INFO NET/IB: Subnet-aware routing: overriding dev 4 with dev 0
gx10-e146:63:73 [0] NCCL INFO NET/IB: ncclIbResiliencyInit: Resiliency is disabled on the recv communicator (comm=0xe7b8c3f7a000)
gx10-e146:63:73 [0] NCCL INFO NET/IB: ncclIbRecvCommInit: Receive work requests will be posted on-demand
gx10-e146:63:73 [0] NCCL INFO NET/IB: Subnet-aware routing: overriding dev 5 with dev 2
gx10-e146:63:73 [0] NCCL INFO NET/IB: ncclIbSenderQpsToRts: Set ECE: IbDev 2 Port 1 qp_num 1858 set_ece={supported=1, vendor_id=0x15b3, options=0x30000002, comp_mask=0x0}
gx10-e146:63:73 [0] NCCL INFO NET/IB: ncclIbSenderQpsToRts: Set ECE: IbDev 2 Port 1 qp_num 1859 set_ece={supported=1, vendor_id=0x15b3, options=0x30000002, comp_mask=0x0}
gx10-e146:63:73 [0] NCCL INFO NET/IB: Subnet-aware routing: overriding dev 4 with dev 0
gx10-e146:63:73 [0] NCCL INFO NET/IB: ncclIbSenderQpsToRts: Set ECE: IbDev 0 Port 1 qp_num 12196 set_ece={supported=1, vendor_id=0x15b3, options=0x30000002, comp_mask=0x0}
gx10-e146:63:73 [0] NCCL INFO NET/IB: ncclIbSenderQpsToRts: Set ECE: IbDev 0 Port 1 qp_num 12197 set_ece={supported=1, vendor_id=0x15b3, options=0x30000002, comp_mask=0x0}
gx10-e146:63:73 [0] NCCL INFO NET/IB: Subnet-aware routing: overriding dev 5 with dev 2
gx10-e146:63:73 [0] NCCL INFO NET/IB: ncclIbSenderQpsToRts: Set ECE: IbDev 2 Port 1 qp_num 1860 set_ece={supported=1, vendor_id=0x15b3, options=0x30000002, comp_mask=0x0}
gx10-e146:63:73 [0] NCCL INFO NET/IB: ncclIbSenderQpsToRts: Set ECE: IbDev 2 Port 1 qp_num 1861 set_ece={supported=1, vendor_id=0x15b3, options=0x30000002, comp_mask=0x0}
gx10-e146:63:73 [0] NCCL INFO NET/IB: Subnet-aware routing: overriding dev 4 with dev 0
gx10-e146:63:73 [0] NCCL INFO NET/IB: Subnet-aware routing: overriding dev 5 with dev 2
gx10-e146:63:73 [0] NCCL INFO NET/IB: ncclIbResiliencyInit: Resiliency is disabled on the send communicator (comm=0xe7b8b0001000)
gx10-e146:63:73 [0] NCCL INFO NET/IB: Subnet-aware routing: overriding dev 4 with dev 0
gx10-e146:63:73 [0] NCCL INFO NET/IB: Subnet-aware routing: overriding dev 5 with dev 2
gx10-e146:63:73 [0] NCCL INFO NET/IB: ncclIbResiliencyInit: Resiliency is disabled on the recv communicator (comm=0xe7b8b0042000)
gx10-e146:63:73 [0] NCCL INFO NET/IB: ncclIbRecvCommInit: Receive work requests will be posted on-demand
gx10-e146:63:73 [0] NCCL INFO NET/IB: Subnet-aware routing: overriding dev 4 with dev 0
gx10-e146:63:73 [0] NCCL INFO NET/IB: Subnet-aware routing: overriding dev 5 with dev 2
gx10-e146:63:73 [0] NCCL INFO NET/IB: Subnet-aware routing: overriding dev 4 with dev 0
gx10-e146:63:73 [0] NCCL INFO NET/IB: ncclIbResiliencyInit: Resiliency is disabled on the send communicator (comm=0xe7b8b0087000)
gx10-e146:63:73 [0] NCCL INFO NET/IB: Subnet-aware routing: overriding dev 4 with dev 0
gx10-e146:63:73 [0] NCCL INFO NET/IB: Subnet-aware routing: overriding dev 4 with dev 1
gx10-e146:63:73 [0] NCCL INFO NET/IB: ncclIbReceiverQpsCreateToRts: QP created: port=1 dev=1 devName=rocep1s0f1 ndevs=4 nmdevs=6 qp_num=15495 pkey=0 pd=0xe7b8c0203d80 oooRq=0
gx10-e146:63:73 [0] NCCL INFO NET/IB: ncclIbReceiverQpsCreateToRts: QP created: port=1 dev=1 devName=rocep1s0f1 ndevs=4 nmdevs=6 qp_num=15496 pkey=0 pd=0xe7b8c0203d80 oooRq=0
gx10-e146:63:73 [0] NCCL INFO NET/IB: ncclIbReceiverQpsCreateToRts: Flush QP created: port=1 dev=1 devName=rocep1s0f1 ndevs=4 nmdevs=6 qp_num=15497 pkey=0 pd=0xe7b8c0203d80
gx10-e146:63:73 [0] NCCL INFO NET/IB: Subnet-aware routing: overriding dev 5 with dev 2
gx10-e146:63:73 [0] NCCL INFO NET/IB: Subnet-aware routing: overriding dev 4 with dev 0
gx10-e146:63:73 [0] NCCL INFO NET/IB: ncclIbResiliencyInit: Resiliency is disabled on the recv communicator (comm=0xe7b8b0144000)
gx10-e146:63:73 [0] NCCL INFO NET/IB: ncclIbRecvCommInit: Receive work requests will be posted on-demand
gx10-e146:63:73 [0] NCCL INFO NET/IB: Subnet-aware routing: overriding dev 4 with dev 0
gx10-e146:63:73 [0] NCCL INFO NET/IB: Subnet-aware routing: overriding dev 5 with dev 2
gx10-e146:63:73 [0] NCCL INFO NET/IB: Subnet-aware routing: overriding dev 5 with dev 3
gx10-e146:63:73 [0] NCCL INFO NET/IB: ncclIbReceiverQpsCreateToRts: QP created: port=1 dev=3 devName=roceP2p1s0f1 ndevs=4 nmdevs=6 qp_num=2573 pkey=0 pd=0xe7b8c01a8720 oooRq=0
gx10-e146:63:73 [0] NCCL INFO NET/IB: ncclIbReceiverQpsCreateToRts: QP created: port=1 dev=3 devName=roceP2p1s0f1 ndevs=4 nmdevs=6 qp_num=2574 pkey=0 pd=0xe7b8c01a8720 oooRq=0
gx10-e146:63:73 [0] NCCL INFO NET/IB: ncclIbReceiverQpsCreateToRts: Flush QP created: port=1 dev=3 devName=roceP2p1s0f1 ndevs=4 nmdevs=6 qp_num=2575 pkey=0 pd=0xe7b8c01a8720
gx10-e146:63:73 [0] NCCL INFO NET/IB: Subnet-aware routing: overriding dev 4 with dev 0
gx10-e146:63:73 [0] NCCL INFO NET/IB: Subnet-aware routing: overriding dev 5 with dev 2
gx10-e146:63:73 [0] NCCL INFO NET/IB: ncclIbResiliencyInit: Resiliency is disabled on the send communicator (comm=0xe7b8b0204000)
gx10-e146:63:73 [0] NCCL INFO NET/IB: Subnet-aware routing: overriding dev 4 with dev 0
gx10-e146:63:73 [0] NCCL INFO NET/IB: ncclIbSenderQpsCreate: QP created: port=1 dev=0 devName=rocep1s0f0 ndevs=4 nmdevs=6 qp_num=12198 pkey=0 pd=0xe7b8c007dd30 oooRq=0
gx10-e146:63:73 [0] NCCL INFO NET/IB: ncclIbSenderQpsCreate: QP created: port=1 dev=0 devName=rocep1s0f0 ndevs=4 nmdevs=6 qp_num=12199 pkey=0 pd=0xe7b8c007dd30 oooRq=0
gx10-e146:63:73 [0] NCCL INFO NET/IB: ncclIbConnectImpl: NCCL Dev 0 IbDev 0 Port 1 qp_num 12198 mtu 5 GID 6 (0/166A8C0FFFF0000) ctsFifoRkey=0x1808c1 ctsFifoLkey=0x1808c1
gx10-e146:63:73 [0] NCCL INFO NET/IB: ncclIbConnectImpl: IbDev 0 Port 1 qp_num 12198 query_ece={supported=1, vendor_id=0x15b3, options=0x30000002, comp_mask=0x0}
gx10-e146:63:73 [0] NCCL INFO NET/IB: ncclIbConnectImpl: NCCL Dev 0 IbDev 0 Port 1 qp_num 12199 mtu 5 GID 6 (0/166A8C0FFFF0000) ctsFifoRkey=0x1808c1 ctsFifoLkey=0x1808c1
gx10-e146:63:73 [0] NCCL INFO NET/IB: ncclIbConnectImpl: IbDev 0 Port 1 qp_num 12199 query_ece={supported=1, vendor_id=0x15b3, options=0x30000002, comp_mask=0x0}
gx10-e146:63:73 [0] NCCL INFO NET/IB: Subnet-aware routing: overriding dev 5 with dev 2
gx10-e146:63:73 [0] NCCL INFO NET/IB: ncclIbSenderQpsCreate: QP created: port=1 dev=2 devName=roceP2p1s0f0 ndevs=4 nmdevs=6 qp_num=1862 pkey=0 pd=0xe7b8c00c8f60 oooRq=0
gx10-e146:63:73 [0] NCCL INFO NET/IB: ncclIbSenderQpsCreate: QP created: port=1 dev=2 devName=roceP2p1s0f0 ndevs=4 nmdevs=6 qp_num=1863 pkey=0 pd=0xe7b8c00c8f60 oooRq=0
gx10-e146:63:73 [0] NCCL INFO NET/IB: ncclIbConnectImpl: NCCL Dev 2 IbDev 2 Port 1 qp_num 1862 mtu 5 GID 3 (0/170A8C0FFFF0000) ctsFifoRkey=0x18a19e ctsFifoLkey=0x18a19e
gx10-e146:63:73 [0] NCCL INFO NET/IB: ncclIbConnectImpl: IbDev 2 Port 1 qp_num 1862 query_ece={supported=1, vendor_id=0x15b3, options=0x30000002, comp_mask=0x0}
gx10-e146:63:73 [0] NCCL INFO NET/IB: ncclIbConnectImpl: NCCL Dev 2 IbDev 2 Port 1 qp_num 1863 mtu 5 GID 3 (0/170A8C0FFFF0000) ctsFifoRkey=0x18a19e ctsFifoLkey=0x18a19e
gx10-e146:63:73 [0] NCCL INFO NET/IB: ncclIbConnectImpl: IbDev 2 Port 1 qp_num 1863 query_ece={supported=1, vendor_id=0x15b3, options=0x30000002, comp_mask=0x0}
gx10-e146:63:73 [0] NCCL INFO NET/IB: Subnet-aware routing: overriding dev 4 with dev 0
gx10-e146:63:73 [0] NCCL INFO NET/IB: ncclIbSenderQpsCreate: QP created: port=1 dev=0 devName=rocep1s0f0 ndevs=4 nmdevs=6 qp_num=12200 pkey=0 pd=0xe7b8c007dd30 oooRq=0
gx10-e146:63:73 [0] NCCL INFO NET/IB: ncclIbSenderQpsCreate: QP created: port=1 dev=0 devName=rocep1s0f0 ndevs=4 nmdevs=6 qp_num=12201 pkey=0 pd=0xe7b8c007dd30 oooRq=0
gx10-e146:63:73 [0] NCCL INFO NET/IB: ncclIbConnectImpl: NCCL Dev 0 IbDev 0 Port 1 qp_num 12200 mtu 5 GID 6 (0/166A8C0FFFF0000) ctsFifoRkey=0x16c96f ctsFifoLkey=0x16c96f
gx10-e146:63:73 [0] NCCL INFO NET/IB: ncclIbConnectImpl: IbDev 0 Port 1 qp_num 12200 query_ece={supported=1, vendor_id=0x15b3, options=0x30000002, comp_mask=0x0}
gx10-e146:63:73 [0] NCCL INFO NET/IB: ncclIbConnectImpl: NCCL Dev 0 IbDev 0 Port 1 qp_num 12201 mtu 5 GID 6 (0/166A8C0FFFF0000) ctsFifoRkey=0x16c96f ctsFifoLkey=0x16c96f
gx10-e146:63:73 [0] NCCL INFO NET/IB: ncclIbConnectImpl: IbDev 0 Port 1 qp_num 12201 query_ece={supported=1, vendor_id=0x15b3, options=0x30000002, comp_mask=0x0}
gx10-e146:63:73 [0] NCCL INFO NET/IB: Subnet-aware routing: overriding dev 5 with dev 2
gx10-e146:63:73 [0] NCCL INFO NET/IB: ncclIbResiliencyInit: Resiliency is disabled on the recv communicator (comm=0xe7b8b0355000)
gx10-e146:63:73 [0] NCCL INFO NET/IB: ncclIbRecvCommInit: Receive work requests will be posted on-demand
gx10-e146:63:73 [0] NCCL INFO NET/IB: Subnet-aware routing: overriding dev 4 with dev 0
gx10-e146:63:73 [0] NCCL INFO NET/IB: ncclIbSenderQpsToRts: Set ECE: IbDev 0 Port 1 qp_num 12198 set_ece={supported=1, vendor_id=0x15b3, options=0x30000002, comp_mask=0x0}
gx10-e146:63:73 [0] NCCL INFO NET/IB: ncclIbSenderQpsToRts: Set ECE: IbDev 0 Port 1 qp_num 12199 set_ece={supported=1, vendor_id=0x15b3, options=0x30000002, comp_mask=0x0}
gx10-e146:63:73 [0] NCCL INFO NET/IB: Subnet-aware routing: overriding dev 5 with dev 2
gx10-e146:63:73 [0] NCCL INFO NET/IB: ncclIbSenderQpsToRts: Set ECE: IbDev 2 Port 1 qp_num 1862 set_ece={supported=1, vendor_id=0x15b3, options=0x30000002, comp_mask=0x0}
gx10-e146:63:73 [0] NCCL INFO NET/IB: ncclIbSenderQpsToRts: Set ECE: IbDev 2 Port 1 qp_num 1863 set_ece={supported=1, vendor_id=0x15b3, options=0x30000002, comp_mask=0x0}
gx10-e146:63:73 [0] NCCL INFO NET/IB: Subnet-aware routing: overriding dev 4 with dev 0
gx10-e146:63:73 [0] NCCL INFO NET/IB: Subnet-aware routing: overriding dev 4 with dev 1
gx10-e146:63:73 [0] NCCL INFO NET/IB: ncclIbReceiverQpsCreateToRts: QP created: port=1 dev=1 devName=rocep1s0f1 ndevs=4 nmdevs=6 qp_num=15498 pkey=0 pd=0xe7b8c0203d80 oooRq=0
gx10-e146:63:73 [0] NCCL INFO NET/IB: ncclIbReceiverQpsCreateToRts: QP created: port=1 dev=1 devName=rocep1s0f1 ndevs=4 nmdevs=6 qp_num=15499 pkey=0 pd=0xe7b8c0203d80 oooRq=0
gx10-e146:63:73 [0] NCCL INFO NET/IB: ncclIbReceiverQpsCreateToRts: Flush QP created: port=1 dev=1 devName=rocep1s0f1 ndevs=4 nmdevs=6 qp_num=15500 pkey=0 pd=0xe7b8c0203d80
gx10-e146:63:73 [0] NCCL INFO NET/IB: Subnet-aware routing: overriding dev 5 with dev 2
gx10-e146:63:73 [0] NCCL INFO NET/IB: Subnet-aware routing: overriding dev 4 with dev 0
gx10-e146:63:73 [0] NCCL INFO NET/IB: ncclIbResiliencyInit: Resiliency is disabled on the send communicator (comm=0xe7b8b0411000)
gx10-e146:63:73 [0] NCCL INFO NET/IB: Subnet-aware routing: overriding dev 4 with dev 0
gx10-e146:63:73 [0] NCCL INFO NET/IB: Subnet-aware routing: overriding dev 5 with dev 2
gx10-e146:63:73 [0] NCCL INFO NET/IB: Subnet-aware routing: overriding dev 4 with dev 0
gx10-e146:63:73 [0] NCCL INFO NET/IB: ncclIbResiliencyInit: Resiliency is disabled on the recv communicator (comm=0xe7b8b0455000)
gx10-e146:63:73 [0] NCCL INFO NET/IB: ncclIbRecvCommInit: Receive work requests will be posted on-demand
gx10-e146:63:73 [0] NCCL INFO NET/IB: Subnet-aware routing: overriding dev 4 with dev 0
gx10-e146:63:73 [0] NCCL INFO NET/IB: Subnet-aware routing: overriding dev 5 with dev 2
gx10-e146:63:73 [0] NCCL INFO NET/IB: Subnet-aware routing: overriding dev 5 with dev 3
gx10-e146:63:73 [0] NCCL INFO NET/IB: ncclIbReceiverQpsCreateToRts: QP created: port=1 dev=3 devName=roceP2p1s0f1 ndevs=4 nmdevs=6 qp_num=2576 pkey=0 pd=0xe7b8c01a8720 oooRq=0
gx10-e146:63:73 [0] NCCL INFO NET/IB: ncclIbReceiverQpsCreateToRts: QP created: port=1 dev=3 devName=roceP2p1s0f1 ndevs=4 nmdevs=6 qp_num=2577 pkey=0 pd=0xe7b8c01a8720 oooRq=0
gx10-e146:63:73 [0] NCCL INFO NET/IB: ncclIbReceiverQpsCreateToRts: Flush QP created: port=1 dev=3 devName=roceP2p1s0f1 ndevs=4 nmdevs=6 qp_num=2578 pkey=0 pd=0xe7b8c01a8720
gx10-e146:63:73 [0] NCCL INFO NET/IB: Subnet-aware routing: overriding dev 4 with dev 0
gx10-e146:63:73 [0] NCCL INFO NET/IB: Subnet-aware routing: overriding dev 5 with dev 2
gx10-e146:63:73 [0] NCCL INFO NET/IB: ncclIbResiliencyInit: Resiliency is disabled on the send communicator (comm=0xe7b8b051a000)
gx10-e146:63:73 [0] NCCL INFO NET/IB: Subnet-aware routing: overriding dev 4 with dev 0
gx10-e146:63:73 [0] NCCL INFO NET/IB: ncclIbSenderQpsToRts: Set ECE: IbDev 0 Port 1 qp_num 12200 set_ece={supported=1, vendor_id=0x15b3, options=0x30000002, comp_mask=0x0}
gx10-e146:63:73 [0] NCCL INFO NET/IB: ncclIbSenderQpsToRts: Set ECE: IbDev 0 Port 1 qp_num 12201 set_ece={supported=1, vendor_id=0x15b3, options=0x30000002, comp_mask=0x0}
gx10-e146:63:73 [0] NCCL INFO NET/IB: Subnet-aware routing: overriding dev 5 with dev 2
gx10-e146:63:73 [0] NCCL INFO NET/IB: ncclIbSenderQpsCreate: QP created: port=1 dev=2 devName=roceP2p1s0f0 ndevs=4 nmdevs=6 qp_num=1864 pkey=0 pd=0xe7b8c00c8f60 oooRq=0
gx10-e146:63:73 [0] NCCL INFO NET/IB: ncclIbSenderQpsCreate: QP created: port=1 dev=2 devName=roceP2p1s0f0 ndevs=4 nmdevs=6 qp_num=1865 pkey=0 pd=0xe7b8c00c8f60 oooRq=0
gx10-e146:63:73 [0] NCCL INFO NET/IB: ncclIbConnectImpl: NCCL Dev 2 IbDev 2 Port 1 qp_num 1864 mtu 5 GID 3 (0/170A8C0FFFF0000) ctsFifoRkey=0x185250 ctsFifoLkey=0x185250
gx10-e146:63:73 [0] NCCL INFO NET/IB: ncclIbConnectImpl: IbDev 2 Port 1 qp_num 1864 query_ece={supported=1, vendor_id=0x15b3, options=0x30000002, comp_mask=0x0}
gx10-e146:63:73 [0] NCCL INFO NET/IB: ncclIbConnectImpl: NCCL Dev 2 IbDev 2 Port 1 qp_num 1865 mtu 5 GID 3 (0/170A8C0FFFF0000) ctsFifoRkey=0x185250 ctsFifoLkey=0x185250
gx10-e146:63:73 [0] NCCL INFO NET/IB: ncclIbConnectImpl: IbDev 2 Port 1 qp_num 1865 query_ece={supported=1, vendor_id=0x15b3, options=0x30000002, comp_mask=0x0}
gx10-e146:63:73 [0] NCCL INFO NET/IB: Subnet-aware routing: overriding dev 4 with dev 0
gx10-e146:63:73 [0] NCCL INFO NET/IB: Subnet-aware routing: overriding dev 4 with dev 1
gx10-e146:63:73 [0] NCCL INFO NET/IB: ncclIbReceiverQpsCreateToRts: QP created: port=1 dev=1 devName=rocep1s0f1 ndevs=4 nmdevs=6 qp_num=15501 pkey=0 pd=0xe7b8c0203d80 oooRq=0
gx10-e146:63:73 [0] NCCL INFO NET/IB: ncclIbReceiverQpsCreateToRts: QP created: port=1 dev=1 devName=rocep1s0f1 ndevs=4 nmdevs=6 qp_num=15502 pkey=0 pd=0xe7b8c0203d80 oooRq=0
gx10-e146:63:73 [0] NCCL INFO NET/IB: ncclIbReceiverQpsCreateToRts: Flush QP created: port=1 dev=1 devName=rocep1s0f1 ndevs=4 nmdevs=6 qp_num=15503 pkey=0 pd=0xe7b8c0203d80
gx10-e146:63:73 [0] NCCL INFO NET/IB: Subnet-aware routing: overriding dev 5 with dev 2
gx10-e146:63:73 [0] NCCL INFO NET/IB: ncclIbResiliencyInit: Resiliency is disabled on the recv communicator (comm=0xe7b8b062c000)
gx10-e146:63:73 [0] NCCL INFO NET/IB: ncclIbRecvCommInit: Receive work requests will be posted on-demand
gx10-e146:63:73 [0] NCCL INFO NET/IB: Subnet-aware routing: overriding dev 5 with dev 2
gx10-e146:63:73 [0] NCCL INFO NET/IB: Subnet-aware routing: overriding dev 4 with dev 0
gx10-e146:63:73 [0] NCCL INFO NET/IB: Subnet-aware routing: overriding dev 5 with dev 2
gx10-e146:63:73 [0] NCCL INFO NET/IB: Subnet-aware routing: overriding dev 4 with dev 0
gx10-e146:63:73 [0] NCCL INFO NET/IB: ncclIbResiliencyInit: Resiliency is disabled on the send communicator (comm=0xe7b8b0674000)
gx10-e146:63:73 [0] NCCL INFO NET/IB: Subnet-aware routing: overriding dev 5 with dev 2
gx10-e146:63:73 [0] NCCL INFO NET/IB: ncclIbSenderQpsToRts: Set ECE: IbDev 2 Port 1 qp_num 1864 set_ece={supported=1, vendor_id=0x15b3, options=0x30000002, comp_mask=0x0}
gx10-e146:63:73 [0] NCCL INFO NET/IB: ncclIbSenderQpsToRts: Set ECE: IbDev 2 Port 1 qp_num 1865 set_ece={supported=1, vendor_id=0x15b3, options=0x30000002, comp_mask=0x0}
gx10-e146:63:73 [0] NCCL INFO NET/IB: Subnet-aware routing: overriding dev 4 with dev 0
gx10-e146:63:73 [0] NCCL INFO NET/IB: ncclIbSenderQpsCreate: QP created: port=1 dev=0 devName=rocep1s0f0 ndevs=4 nmdevs=6 qp_num=12202 pkey=0 pd=0xe7b8c007dd30 oooRq=0
gx10-e146:63:73 [0] NCCL INFO NET/IB: ncclIbSenderQpsCreate: QP created: port=1 dev=0 devName=rocep1s0f0 ndevs=4 nmdevs=6 qp_num=12203 pkey=0 pd=0xe7b8c007dd30 oooRq=0
gx10-e146:63:73 [0] NCCL INFO NET/IB: ncclIbConnectImpl: NCCL Dev 0 IbDev 0 Port 1 qp_num 12202 mtu 5 GID 6 (0/166A8C0FFFF0000) ctsFifoRkey=0x161fdb ctsFifoLkey=0x161fdb
gx10-e146:63:73 [0] NCCL INFO NET/IB: ncclIbConnectImpl: IbDev 0 Port 1 qp_num 12202 query_ece={supported=1, vendor_id=0x15b3, options=0x30000002, comp_mask=0x0}
gx10-e146:63:73 [0] NCCL INFO NET/IB: ncclIbConnectImpl: NCCL Dev 0 IbDev 0 Port 1 qp_num 12203 mtu 5 GID 6 (0/166A8C0FFFF0000) ctsFifoRkey=0x161fdb ctsFifoLkey=0x161fdb
gx10-e146:63:73 [0] NCCL INFO NET/IB: ncclIbConnectImpl: IbDev 0 Port 1 qp_num 12203 query_ece={supported=1, vendor_id=0x15b3, options=0x30000002, comp_mask=0x0}
gx10-e146:63:73 [0] NCCL INFO NET/IB: Subnet-aware routing: overriding dev 5 with dev 2
gx10-e146:63:73 [0] NCCL INFO NET/IB: ncclIbSenderQpsCreate: QP created: port=1 dev=2 devName=roceP2p1s0f0 ndevs=4 nmdevs=6 qp_num=1866 pkey=0 pd=0xe7b8c00c8f60 oooRq=0
gx10-e146:63:73 [0] NCCL INFO NET/IB: ncclIbSenderQpsCreate: QP created: port=1 dev=2 devName=roceP2p1s0f0 ndevs=4 nmdevs=6 qp_num=1867 pkey=0 pd=0xe7b8c00c8f60 oooRq=0
gx10-e146:63:73 [0] NCCL INFO NET/IB: ncclIbConnectImpl: NCCL Dev 2 IbDev 2 Port 1 qp_num 1866 mtu 5 GID 3 (0/170A8C0FFFF0000) ctsFifoRkey=0x19b5b0 ctsFifoLkey=0x19b5b0
gx10-e146:63:73 [0] NCCL INFO NET/IB: ncclIbConnectImpl: IbDev 2 Port 1 qp_num 1866 query_ece={supported=1, vendor_id=0x15b3, options=0x30000002, comp_mask=0x0}
gx10-e146:63:73 [0] NCCL INFO NET/IB: ncclIbConnectImpl: NCCL Dev 2 IbDev 2 Port 1 qp_num 1867 mtu 5 GID 3 (0/170A8C0FFFF0000) ctsFifoRkey=0x19b5b0 ctsFifoLkey=0x19b5b0
gx10-e146:63:73 [0] NCCL INFO NET/IB: ncclIbConnectImpl: IbDev 2 Port 1 qp_num 1867 query_ece={supported=1, vendor_id=0x15b3, options=0x30000002, comp_mask=0x0}
gx10-e146:63:73 [0] NCCL INFO NET/IB: Subnet-aware routing: overriding dev 5 with dev 3
gx10-e146:63:73 [0] NCCL INFO NET/IB: ncclIbReceiverQpsCreateToRts: QP created: port=1 dev=3 devName=roceP2p1s0f1 ndevs=4 nmdevs=6 qp_num=2579 pkey=0 pd=0xe7b8c01a8720 oooRq=0
gx10-e146:63:73 [0] NCCL INFO NET/IB: ncclIbReceiverQpsCreateToRts: QP created: port=1 dev=3 devName=roceP2p1s0f1 ndevs=4 nmdevs=6 qp_num=2580 pkey=0 pd=0xe7b8c01a8720 oooRq=0
gx10-e146:63:73 [0] NCCL INFO NET/IB: ncclIbReceiverQpsCreateToRts: Flush QP created: port=1 dev=3 devName=roceP2p1s0f1 ndevs=4 nmdevs=6 qp_num=2581 pkey=0 pd=0xe7b8c01a8720
gx10-e146:63:73 [0] NCCL INFO NET/IB: Subnet-aware routing: overriding dev 4 with dev 0
gx10-e146:63:73 [0] NCCL INFO NET/IB: ncclIbResiliencyInit: Resiliency is disabled on the recv communicator (comm=0xe7b8b07e4000)
gx10-e146:63:73 [0] NCCL INFO NET/IB: ncclIbRecvCommInit: Receive work requests will be posted on-demand
gx10-e146:63:73 [0] NCCL INFO NET/IB: Subnet-aware routing: overriding dev 4 with dev 0
gx10-e146:63:73 [0] NCCL INFO NET/IB: Subnet-aware routing: overriding dev 5 with dev 2
gx10-e146:63:73 [0] NCCL INFO NET/IB: Subnet-aware routing: overriding dev 4 with dev 0
gx10-e146:63:73 [0] NCCL INFO NET/IB: Subnet-aware routing: overriding dev 5 with dev 2
gx10-e146:63:73 [0] NCCL INFO NET/IB: ncclIbResiliencyInit: Resiliency is disabled on the send communicator (comm=0xe7b8b082c000)
gx10-e146:63:73 [0] NCCL INFO NET/IB: Subnet-aware routing: overriding dev 4 with dev 0
gx10-e146:63:73 [0] NCCL INFO NET/IB: Subnet-aware routing: overriding dev 5 with dev 2
gx10-e146:63:73 [0] NCCL INFO NET/IB: Subnet-aware routing: overriding dev 4 with dev 0
gx10-e146:63:73 [0] NCCL INFO NET/IB: Subnet-aware routing: overriding dev 5 with dev 2
gx10-e146:63:73 [0] NCCL INFO NET/IB: ncclIbResiliencyInit: Resiliency is disabled on the recv communicator (comm=0xe7b8b0870000)
gx10-e146:63:73 [0] NCCL INFO NET/IB: ncclIbRecvCommInit: Receive work requests will be posted on-demand
gx10-e146:63:73 [0] NCCL INFO NET/IB: Subnet-aware routing: overriding dev 4 with dev 0
gx10-e146:63:73 [0] NCCL INFO NET/IB: ncclIbSenderQpsToRts: Set ECE: IbDev 0 Port 1 qp_num 12202 set_ece={supported=1, vendor_id=0x15b3, options=0x30000002, comp_mask=0x0}
gx10-e146:63:73 [0] NCCL INFO NET/IB: ncclIbSenderQpsToRts: Set ECE: IbDev 0 Port 1 qp_num 12203 set_ece={supported=1, vendor_id=0x15b3, options=0x30000002, comp_mask=0x0}
gx10-e146:63:73 [0] NCCL INFO NET/IB: Subnet-aware routing: overriding dev 5 with dev 2
gx10-e146:63:73 [0] NCCL INFO NET/IB: ncclIbSenderQpsToRts: Set ECE: IbDev 2 Port 1 qp_num 1866 set_ece={supported=1, vendor_id=0x15b3, options=0x30000002, comp_mask=0x0}
gx10-e146:63:73 [0] NCCL INFO NET/IB: ncclIbSenderQpsToRts: Set ECE: IbDev 2 Port 1 qp_num 1867 set_ece={supported=1, vendor_id=0x15b3, options=0x30000002, comp_mask=0x0}
gx10-e146:63:73 [0] NCCL INFO NET/IB: Subnet-aware routing: overriding dev 4 with dev 0
gx10-e146:63:73 [0] NCCL INFO NET/IB: Subnet-aware routing: overriding dev 4 with dev 1
gx10-e146:63:73 [0] NCCL INFO NET/IB: ncclIbReceiverQpsCreateToRts: QP created: port=1 dev=1 devName=rocep1s0f1 ndevs=4 nmdevs=6 qp_num=15504 pkey=0 pd=0xe7b8c0203d80 oooRq=0
gx10-e146:63:73 [0] NCCL INFO NET/IB: ncclIbReceiverQpsCreateToRts: QP created: port=1 dev=1 devName=rocep1s0f1 ndevs=4 nmdevs=6 qp_num=15505 pkey=0 pd=0xe7b8c0203d80 oooRq=0
gx10-e146:63:73 [0] NCCL INFO NET/IB: ncclIbReceiverQpsCreateToRts: Flush QP created: port=1 dev=1 devName=rocep1s0f1 ndevs=4 nmdevs=6 qp_num=15506 pkey=0 pd=0xe7b8c0203d80
gx10-e146:63:73 [0] NCCL INFO NET/IB: Subnet-aware routing: overriding dev 5 with dev 2
gx10-e146:63:73 [0] NCCL INFO NET/IB: Subnet-aware routing: overriding dev 5 with dev 3
gx10-e146:63:73 [0] NCCL INFO NET/IB: ncclIbReceiverQpsCreateToRts: QP created: port=1 dev=3 devName=roceP2p1s0f1 ndevs=4 nmdevs=6 qp_num=2582 pkey=0 pd=0xe7b8c01a8720 oooRq=0
gx10-e146:63:73 [0] NCCL INFO NET/IB: ncclIbReceiverQpsCreateToRts: QP created: port=1 dev=3 devName=roceP2p1s0f1 ndevs=4 nmdevs=6 qp_num=2583 pkey=0 pd=0xe7b8c01a8720 oooRq=0
gx10-e146:63:73 [0] NCCL INFO NET/IB: ncclIbReceiverQpsCreateToRts: Flush QP created: port=1 dev=3 devName=roceP2p1s0f1 ndevs=4 nmdevs=6 qp_num=2584 pkey=0 pd=0xe7b8c01a8720
gx10-e146:63:73 [0] NCCL INFO NET/IB: Subnet-aware routing: overriding dev 4 with dev 0
gx10-e146:63:73 [0] NCCL INFO NET/IB: ncclIbResiliencyInit: Resiliency is disabled on the send communicator (comm=0xe7b8b09a4000)
gx10-e146:63:73 [0] NCCL INFO NET/IB: Subnet-aware routing: overriding dev 4 with dev 0
gx10-e146:63:73 [0] NCCL INFO NET/IB: ncclIbSenderQpsCreate: QP created: port=1 dev=0 devName=rocep1s0f0 ndevs=4 nmdevs=6 qp_num=12204 pkey=0 pd=0xe7b8c007dd30 oooRq=0
gx10-e146:63:73 [0] NCCL INFO NET/IB: ncclIbSenderQpsCreate: QP created: port=1 dev=0 devName=rocep1s0f0 ndevs=4 nmdevs=6 qp_num=12205 pkey=0 pd=0xe7b8c007dd30 oooRq=0
gx10-e146:63:73 [0] NCCL INFO NET/IB: ncclIbConnectImpl: NCCL Dev 0 IbDev 0 Port 1 qp_num 12204 mtu 5 GID 6 (0/166A8C0FFFF0000) ctsFifoRkey=0x15be7a ctsFifoLkey=0x15be7a
gx10-e146:63:73 [0] NCCL INFO NET/IB: ncclIbConnectImpl: IbDev 0 Port 1 qp_num 12204 query_ece={supported=1, vendor_id=0x15b3, options=0x30000002, comp_mask=0x0}
gx10-e146:63:73 [0] NCCL INFO NET/IB: ncclIbConnectImpl: NCCL Dev 0 IbDev 0 Port 1 qp_num 12205 mtu 5 GID 6 (0/166A8C0FFFF0000) ctsFifoRkey=0x15be7a ctsFifoLkey=0x15be7a
gx10-e146:63:73 [0] NCCL INFO NET/IB: ncclIbConnectImpl: IbDev 0 Port 1 qp_num 12205 query_ece={supported=1, vendor_id=0x15b3, options=0x30000002, comp_mask=0x0}
gx10-e146:63:73 [0] NCCL INFO NET/IB: Subnet-aware routing: overriding dev 5 with dev 2
gx10-e146:63:73 [0] NCCL INFO NET/IB: ncclIbSenderQpsCreate: QP created: port=1 dev=2 devName=roceP2p1s0f0 ndevs=4 nmdevs=6 qp_num=1868 pkey=0 pd=0xe7b8c00c8f60 oooRq=0
gx10-e146:63:73 [0] NCCL INFO NET/IB: ncclIbSenderQpsCreate: QP created: port=1 dev=2 devName=roceP2p1s0f0 ndevs=4 nmdevs=6 qp_num=1869 pkey=0 pd=0xe7b8c00c8f60 oooRq=0
gx10-e146:63:73 [0] NCCL INFO NET/IB: ncclIbConnectImpl: NCCL Dev 2 IbDev 2 Port 1 qp_num 1868 mtu 5 GID 3 (0/170A8C0FFFF0000) ctsFifoRkey=0x185e5c ctsFifoLkey=0x185e5c
gx10-e146:63:73 [0] NCCL INFO NET/IB: ncclIbConnectImpl: IbDev 2 Port 1 qp_num 1868 query_ece={supported=1, vendor_id=0x15b3, options=0x30000002, comp_mask=0x0}
gx10-e146:63:73 [0] NCCL INFO NET/IB: ncclIbConnectImpl: NCCL Dev 2 IbDev 2 Port 1 qp_num 1869 mtu 5 GID 3 (0/170A8C0FFFF0000) ctsFifoRkey=0x185e5c ctsFifoLkey=0x185e5c
gx10-e146:63:73 [0] NCCL INFO NET/IB: ncclIbConnectImpl: IbDev 2 Port 1 qp_num 1869 query_ece={supported=1, vendor_id=0x15b3, options=0x30000002, comp_mask=0x0}
gx10-e146:63:73 [0] NCCL INFO NET/IB: Subnet-aware routing: overriding dev 4 with dev 0
gx10-e146:63:73 [0] NCCL INFO NET/IB: ncclIbResiliencyInit: Resiliency is disabled on the recv communicator (comm=0xe7b8b0a99000)
gx10-e146:63:73 [0] NCCL INFO NET/IB: ncclIbRecvCommInit: Receive work requests will be posted on-demand
gx10-e146:63:73 [0] NCCL INFO NET/IB: Subnet-aware routing: overriding dev 4 with dev 0
gx10-e146:63:73 [0] NCCL INFO NET/IB: Subnet-aware routing: overriding dev 5 with dev 2
gx10-e146:63:73 [0] NCCL INFO NET/IB: Subnet-aware routing: overriding dev 4 with dev 0
gx10-e146:63:73 [0] NCCL INFO NET/IB: Subnet-aware routing: overriding dev 5 with dev 2
gx10-e146:63:73 [0] NCCL INFO NET/IB: ncclIbResiliencyInit: Resiliency is disabled on the send communicator (comm=0xe7b8b0ae1000)
gx10-e146:63:73 [0] NCCL INFO NET/IB: Subnet-aware routing: overriding dev 4 with dev 0
gx10-e146:63:73 [0] NCCL INFO NET/IB: ncclIbSenderQpsToRts: Set ECE: IbDev 0 Port 1 qp_num 12204 set_ece={supported=1, vendor_id=0x15b3, options=0x30000002, comp_mask=0x0}
gx10-e146:63:73 [0] NCCL INFO NET/IB: ncclIbSenderQpsToRts: Set ECE: IbDev 0 Port 1 qp_num 12205 set_ece={supported=1, vendor_id=0x15b3, options=0x30000002, comp_mask=0x0}
gx10-e146:63:73 [0] NCCL INFO NET/IB: Subnet-aware routing: overriding dev 5 with dev 2
gx10-e146:63:73 [0] NCCL INFO NET/IB: ncclIbSenderQpsToRts: Set ECE: IbDev 2 Port 1 qp_num 1868 set_ece={supported=1, vendor_id=0x15b3, options=0x30000002, comp_mask=0x0}
gx10-e146:63:73 [0] NCCL INFO NET/IB: ncclIbSenderQpsToRts: Set ECE: IbDev 2 Port 1 qp_num 1869 set_ece={supported=1, vendor_id=0x15b3, options=0x30000002, comp_mask=0x0}
gx10-e146:63:73 [0] NCCL INFO NET/IB: Subnet-aware routing: overriding dev 4 with dev 0
gx10-e146:63:73 [0] NCCL INFO NET/IB: ncclIbSenderQpsCreate: QP created: port=1 dev=0 devName=rocep1s0f0 ndevs=4 nmdevs=6 qp_num=12206 pkey=0 pd=0xe7b8c007dd30 oooRq=0
gx10-e146:63:73 [0] NCCL INFO NET/IB: ncclIbSenderQpsCreate: QP created: port=1 dev=0 devName=rocep1s0f0 ndevs=4 nmdevs=6 qp_num=12207 pkey=0 pd=0xe7b8c007dd30 oooRq=0
gx10-e146:63:73 [0] NCCL INFO NET/IB: ncclIbConnectImpl: NCCL Dev 0 IbDev 0 Port 1 qp_num 12206 mtu 5 GID 6 (0/166A8C0FFFF0000) ctsFifoRkey=0x179753 ctsFifoLkey=0x179753
gx10-e146:63:73 [0] NCCL INFO NET/IB: ncclIbConnectImpl: IbDev 0 Port 1 qp_num 12206 query_ece={supported=1, vendor_id=0x15b3, options=0x30000002, comp_mask=0x0}
gx10-e146:63:73 [0] NCCL INFO NET/IB: ncclIbConnectImpl: NCCL Dev 0 IbDev 0 Port 1 qp_num 12207 mtu 5 GID 6 (0/166A8C0FFFF0000) ctsFifoRkey=0x179753 ctsFifoLkey=0x179753
gx10-e146:63:73 [0] NCCL INFO NET/IB: ncclIbConnectImpl: IbDev 0 Port 1 qp_num 12207 query_ece={supported=1, vendor_id=0x15b3, options=0x30000002, comp_mask=0x0}
gx10-e146:63:73 [0] NCCL INFO NET/IB: Subnet-aware routing: overriding dev 4 with dev 1
gx10-e146:63:73 [0] NCCL INFO NET/IB: ncclIbReceiverQpsCreateToRts: QP created: port=1 dev=1 devName=rocep1s0f1 ndevs=4 nmdevs=6 qp_num=15507 pkey=0 pd=0xe7b8c0203d80 oooRq=0
gx10-e146:63:73 [0] NCCL INFO NET/IB: ncclIbReceiverQpsCreateToRts: QP created: port=1 dev=1 devName=rocep1s0f1 ndevs=4 nmdevs=6 qp_num=15508 pkey=0 pd=0xe7b8c0203d80 oooRq=0
gx10-e146:63:73 [0] NCCL INFO NET/IB: ncclIbReceiverQpsCreateToRts: Flush QP created: port=1 dev=1 devName=rocep1s0f1 ndevs=4 nmdevs=6 qp_num=15509 pkey=0 pd=0xe7b8c0203d80
gx10-e146:63:73 [0] NCCL INFO NET/IB: Subnet-aware routing: overriding dev 5 with dev 2
gx10-e146:63:73 [0] NCCL INFO NET/IB: ncclIbResiliencyInit: Resiliency is disabled on the recv communicator (comm=0xe7b8b0bf4000)
gx10-e146:63:73 [0] NCCL INFO NET/IB: ncclIbRecvCommInit: Receive work requests will be posted on-demand
gx10-e146:63:73 [0] NCCL INFO NET/IB: Subnet-aware routing: overriding dev 4 with dev 0
gx10-e146:63:73 [0] NCCL INFO NET/IB: Subnet-aware routing: overriding dev 5 with dev 2
gx10-e146:63:73 [0] NCCL INFO NET/IB: Subnet-aware routing: overriding dev 4 with dev 0
gx10-e146:63:73 [0] NCCL INFO NET/IB: ncclIbResiliencyInit: Resiliency is disabled on the send communicator (comm=0xe7b8b0c3c000)
gx10-e146:63:73 [0] NCCL INFO NET/IB: Subnet-aware routing: overriding dev 4 with dev 0
gx10-e146:63:73 [0] NCCL INFO NET/IB: Subnet-aware routing: overriding dev 5 with dev 2
gx10-e146:63:73 [0] NCCL INFO NET/IB: Subnet-aware routing: overriding dev 4 with dev 0
gx10-e146:63:73 [0] NCCL INFO NET/IB: ncclIbResiliencyInit: Resiliency is disabled on the recv communicator (comm=0xe7b8b0c80000)
gx10-e146:63:73 [0] NCCL INFO NET/IB: ncclIbRecvCommInit: Receive work requests will be posted on-demand
gx10-e146:63:73 [0] NCCL INFO NET/IB: Subnet-aware routing: overriding dev 4 with dev 0
gx10-e146:63:73 [0] NCCL INFO NET/IB: Subnet-aware routing: overriding dev 5 with dev 2
gx10-e146:63:73 [0] NCCL INFO NET/IB: Subnet-aware routing: overriding dev 4 with dev 0
gx10-e146:63:73 [0] NCCL INFO NET/IB: Subnet-aware routing: overriding dev 5 with dev 2
gx10-e146:63:73 [0] NCCL INFO NET/IB: ncclIbResiliencyInit: Resiliency is disabled on the send communicator (comm=0xe7b8b0cc8000)
gx10-e146:63:73 [0] NCCL INFO NET/IB: Subnet-aware routing: overriding dev 4 with dev 0
gx10-e146:63:73 [0] NCCL INFO NET/IB: Subnet-aware routing: overriding dev 5 with dev 2
gx10-e146:63:73 [0] NCCL INFO NET/IB: Subnet-aware routing: overriding dev 4 with dev 0
gx10-e146:63:73 [0] NCCL INFO NET/IB: Subnet-aware routing: overriding dev 5 with dev 2
gx10-e146:63:73 [0] NCCL INFO NET/IB: ncclIbResiliencyInit: Resiliency is disabled on the recv communicator (comm=0xe7b8b0d0c000)
gx10-e146:63:73 [0] NCCL INFO NET/IB: ncclIbRecvCommInit: Receive work requests will be posted on-demand
gx10-e146:63:73 [0] NCCL INFO NET/IB: Subnet-aware routing: overriding dev 4 with dev 0
gx10-e146:63:73 [0] NCCL INFO NET/IB: Subnet-aware routing: overriding dev 5 with dev 2
gx10-e146:63:73 [0] NCCL INFO NET/IB: Subnet-aware routing: overriding dev 4 with dev 0
gx10-e146:63:73 [0] NCCL INFO NET/IB: Subnet-aware routing: overriding dev 5 with dev 2
gx10-e146:63:73 [0] NCCL INFO NET/IB: Subnet-aware routing: overriding dev 4 with dev 0
gx10-e146:63:73 [0] NCCL INFO NET/IB: ncclIbResiliencyInit: Resiliency is disabled on the send communicator (comm=0xe7b8b0d54000)
gx10-e146:63:73 [0] NCCL INFO NET/IB: Subnet-aware routing: overriding dev 4 with dev 0
gx10-e146:63:73 [0] NCCL INFO NET/IB: ncclIbSenderQpsToRts: Set ECE: IbDev 0 Port 1 qp_num 12206 set_ece={supported=1, vendor_id=0x15b3, options=0x30000002, comp_mask=0x0}
gx10-e146:63:73 [0] NCCL INFO NET/IB: ncclIbSenderQpsToRts: Set ECE: IbDev 0 Port 1 qp_num 12207 set_ece={supported=1, vendor_id=0x15b3, options=0x30000002, comp_mask=0x0}
gx10-e146:63:73 [0] NCCL INFO NET/IB: Subnet-aware routing: overriding dev 5 with dev 2
gx10-e146:63:73 [0] NCCL INFO NET/IB: ncclIbSenderQpsCreate: QP created: port=1 dev=2 devName=roceP2p1s0f0 ndevs=4 nmdevs=6 qp_num=1870 pkey=0 pd=0xe7b8c00c8f60 oooRq=0
gx10-e146:63:73 [0] NCCL INFO NET/IB: ncclIbSenderQpsCreate: QP created: port=1 dev=2 devName=roceP2p1s0f0 ndevs=4 nmdevs=6 qp_num=1871 pkey=0 pd=0xe7b8c00c8f60 oooRq=0
gx10-e146:63:73 [0] NCCL INFO NET/IB: ncclIbConnectImpl: NCCL Dev 2 IbDev 2 Port 1 qp_num 1870 mtu 5 GID 3 (0/170A8C0FFFF0000) ctsFifoRkey=0x187777 ctsFifoLkey=0x187777
gx10-e146:63:73 [0] NCCL INFO NET/IB: ncclIbConnectImpl: IbDev 2 Port 1 qp_num 1870 query_ece={supported=1, vendor_id=0x15b3, options=0x30000002, comp_mask=0x0}
gx10-e146:63:73 [0] NCCL INFO NET/IB: ncclIbConnectImpl: NCCL Dev 2 IbDev 2 Port 1 qp_num 1871 mtu 5 GID 3 (0/170A8C0FFFF0000) ctsFifoRkey=0x187777 ctsFifoLkey=0x187777
gx10-e146:63:73 [0] NCCL INFO NET/IB: ncclIbConnectImpl: IbDev 2 Port 1 qp_num 1871 query_ece={supported=1, vendor_id=0x15b3, options=0x30000002, comp_mask=0x0}
gx10-e146:63:73 [0] NCCL INFO NET/IB: Subnet-aware routing: overriding dev 5 with dev 3
gx10-e146:63:73 [0] NCCL INFO NET/IB: ncclIbReceiverQpsCreateToRts: QP created: port=1 dev=3 devName=roceP2p1s0f1 ndevs=4 nmdevs=6 qp_num=2585 pkey=0 pd=0xe7b8c01a8720 oooRq=0
gx10-e146:63:73 [0] NCCL INFO NET/IB: ncclIbReceiverQpsCreateToRts: QP created: port=1 dev=3 devName=roceP2p1s0f1 ndevs=4 nmdevs=6 qp_num=2586 pkey=0 pd=0xe7b8c01a8720 oooRq=0
gx10-e146:63:73 [0] NCCL INFO NET/IB: ncclIbReceiverQpsCreateToRts: Flush QP created: port=1 dev=3 devName=roceP2p1s0f1 ndevs=4 nmdevs=6 qp_num=2587 pkey=0 pd=0xe7b8c01a8720
gx10-e146:63:73 [0] NCCL INFO NET/IB: Subnet-aware routing: overriding dev 4 with dev 0
gx10-e146:63:73 [0] NCCL INFO NET/IB: Subnet-aware routing: overriding dev 4 with dev 1
gx10-e146:63:73 [0] NCCL INFO NET/IB: ncclIbReceiverQpsCreateToRts: QP created: port=1 dev=1 devName=rocep1s0f1 ndevs=4 nmdevs=6 qp_num=15510 pkey=0 pd=0xe7b8c0203d80 oooRq=0
gx10-e146:63:73 [0] NCCL INFO NET/IB: ncclIbReceiverQpsCreateToRts: QP created: port=1 dev=1 devName=rocep1s0f1 ndevs=4 nmdevs=6 qp_num=15511 pkey=0 pd=0xe7b8c0203d80 oooRq=0
gx10-e146:63:73 [0] NCCL INFO NET/IB: ncclIbReceiverQpsCreateToRts: Flush QP created: port=1 dev=1 devName=rocep1s0f1 ndevs=4 nmdevs=6 qp_num=15512 pkey=0 pd=0xe7b8c0203d80
gx10-e146:63:73 [0] NCCL INFO NET/IB: Subnet-aware routing: overriding dev 5 with dev 2
gx10-e146:63:73 [0] NCCL INFO NET/IB: Subnet-aware routing: overriding dev 5 with dev 3
gx10-e146:63:73 [0] NCCL INFO NET/IB: ncclIbReceiverQpsCreateToRts: QP created: port=1 dev=3 devName=roceP2p1s0f1 ndevs=4 nmdevs=6 qp_num=2588 pkey=0 pd=0xe7b8c01a8720 oooRq=0
gx10-e146:63:73 [0] NCCL INFO NET/IB: ncclIbReceiverQpsCreateToRts: QP created: port=1 dev=3 devName=roceP2p1s0f1 ndevs=4 nmdevs=6 qp_num=2589 pkey=0 pd=0xe7b8c01a8720 oooRq=0
gx10-e146:63:73 [0] NCCL INFO NET/IB: ncclIbReceiverQpsCreateToRts: Flush QP created: port=1 dev=3 devName=roceP2p1s0f1 ndevs=4 nmdevs=6 qp_num=2590 pkey=0 pd=0xe7b8c01a8720
gx10-e146:63:73 [0] NCCL INFO NET/IB: Subnet-aware routing: overriding dev 4 with dev 0
gx10-e146:63:73 [0] NCCL INFO NET/IB: ncclIbResiliencyInit: Resiliency is disabled on the recv communicator (comm=0xe7b8b0f5a000)
gx10-e146:63:73 [0] NCCL INFO NET/IB: ncclIbRecvCommInit: Receive work requests will be posted on-demand
gx10-e146:63:73 [0] NCCL INFO NET/IB: Subnet-aware routing: overriding dev 5 with dev 2
gx10-e146:63:73 [0] NCCL INFO NET/IB: ncclIbSenderQpsToRts: Set ECE: IbDev 2 Port 1 qp_num 1870 set_ece={supported=1, vendor_id=0x15b3, options=0x30000002, comp_mask=0x0}
gx10-e146:63:73 [0] NCCL INFO NET/IB: ncclIbSenderQpsToRts: Set ECE: IbDev 2 Port 1 qp_num 1871 set_ece={supported=1, vendor_id=0x15b3, options=0x30000002, comp_mask=0x0}
gx10-e146:63:73 [0] NCCL INFO NET/IB: Subnet-aware routing: overriding dev 4 with dev 0
gx10-e146:63:73 [0] NCCL INFO NET/IB: ncclIbSenderQpsCreate: QP created: port=1 dev=0 devName=rocep1s0f0 ndevs=4 nmdevs=6 qp_num=12208 pkey=0 pd=0xe7b8c007dd30 oooRq=0
gx10-e146:63:73 [0] NCCL INFO NET/IB: ncclIbSenderQpsCreate: QP created: port=1 dev=0 devName=rocep1s0f0 ndevs=4 nmdevs=6 qp_num=12209 pkey=0 pd=0xe7b8c007dd30 oooRq=0
gx10-e146:63:73 [0] NCCL INFO NET/IB: ncclIbConnectImpl: NCCL Dev 0 IbDev 0 Port 1 qp_num 12208 mtu 5 GID 6 (0/166A8C0FFFF0000) ctsFifoRkey=0x172aea ctsFifoLkey=0x172aea
gx10-e146:63:73 [0] NCCL INFO NET/IB: ncclIbConnectImpl: IbDev 0 Port 1 qp_num 12208 query_ece={supported=1, vendor_id=0x15b3, options=0x30000002, comp_mask=0x0}
gx10-e146:63:73 [0] NCCL INFO NET/IB: ncclIbConnectImpl: NCCL Dev 0 IbDev 0 Port 1 qp_num 12209 mtu 5 GID 6 (0/166A8C0FFFF0000) ctsFifoRkey=0x172aea ctsFifoLkey=0x172aea
gx10-e146:63:73 [0] NCCL INFO NET/IB: ncclIbConnectImpl: IbDev 0 Port 1 qp_num 12209 query_ece={supported=1, vendor_id=0x15b3, options=0x30000002, comp_mask=0x0}
gx10-e146:63:73 [0] NCCL INFO NET/IB: Subnet-aware routing: overriding dev 5 with dev 2
gx10-e146:63:73 [0] NCCL INFO NET/IB: ncclIbSenderQpsCreate: QP created: port=1 dev=2 devName=roceP2p1s0f0 ndevs=4 nmdevs=6 qp_num=1872 pkey=0 pd=0xe7b8c00c8f60 oooRq=0
gx10-e146:63:73 [0] NCCL INFO NET/IB: ncclIbSenderQpsCreate: QP created: port=1 dev=2 devName=roceP2p1s0f0 ndevs=4 nmdevs=6 qp_num=1873 pkey=0 pd=0xe7b8c00c8f60 oooRq=0
gx10-e146:63:73 [0] NCCL INFO NET/IB: ncclIbConnectImpl: NCCL Dev 2 IbDev 2 Port 1 qp_num 1872 mtu 5 GID 3 (0/170A8C0FFFF0000) ctsFifoRkey=0x1cac95 ctsFifoLkey=0x1cac95
gx10-e146:63:73 [0] NCCL INFO NET/IB: ncclIbConnectImpl: IbDev 2 Port 1 qp_num 1872 query_ece={supported=1, vendor_id=0x15b3, options=0x30000002, comp_mask=0x0}
gx10-e146:63:73 [0] NCCL INFO NET/IB: ncclIbConnectImpl: NCCL Dev 2 IbDev 2 Port 1 qp_num 1873 mtu 5 GID 3 (0/170A8C0FFFF0000) ctsFifoRkey=0x1cac95 ctsFifoLkey=0x1cac95
gx10-e146:63:73 [0] NCCL INFO NET/IB: ncclIbConnectImpl: IbDev 2 Port 1 qp_num 1873 query_ece={supported=1, vendor_id=0x15b3, options=0x30000002, comp_mask=0x0}
gx10-e146:63:73 [0] NCCL INFO NET/IB: Subnet-aware routing: overriding dev 4 with dev 0
gx10-e146:63:73 [0] NCCL INFO NET/IB: Subnet-aware routing: overriding dev 4 with dev 1
gx10-e146:63:73 [0] NCCL INFO NET/IB: ncclIbReceiverQpsCreateToRts: QP created: port=1 dev=1 devName=rocep1s0f1 ndevs=4 nmdevs=6 qp_num=15513 pkey=0 pd=0xe7b8c0203d80 oooRq=0
gx10-e146:63:73 [0] NCCL INFO NET/IB: ncclIbReceiverQpsCreateToRts: QP created: port=1 dev=1 devName=rocep1s0f1 ndevs=4 nmdevs=6 qp_num=15514 pkey=0 pd=0xe7b8c0203d80 oooRq=0
gx10-e146:63:73 [0] NCCL INFO NET/IB: ncclIbReceiverQpsCreateToRts: Flush QP created: port=1 dev=1 devName=rocep1s0f1 ndevs=4 nmdevs=6 qp_num=15515 pkey=0 pd=0xe7b8c0203d80
gx10-e146:63:73 [0] NCCL INFO NET/IB: Subnet-aware routing: overriding dev 5 with dev 2
gx10-e146:63:73 [0] NCCL INFO NET/IB: ncclIbResiliencyInit: Resiliency is disabled on the send communicator (comm=0xe7b8b10cb000)
gx10-e146:63:73 [0] NCCL INFO NET/IB: Subnet-aware routing: overriding dev 4 with dev 0
gx10-e146:63:73 [0] NCCL INFO NET/IB: ncclIbSenderQpsToRts: Set ECE: IbDev 0 Port 1 qp_num 12208 set_ece={supported=1, vendor_id=0x15b3, options=0x30000002, comp_mask=0x0}
gx10-e146:63:73 [0] NCCL INFO NET/IB: ncclIbSenderQpsToRts: Set ECE: IbDev 0 Port 1 qp_num 12209 set_ece={supported=1, vendor_id=0x15b3, options=0x30000002, comp_mask=0x0}
gx10-e146:63:73 [0] NCCL INFO NET/IB: Subnet-aware routing: overriding dev 5 with dev 2
gx10-e146:63:73 [0] NCCL INFO NET/IB: ncclIbSenderQpsToRts: Set ECE: IbDev 2 Port 1 qp_num 1872 set_ece={supported=1, vendor_id=0x15b3, options=0x30000002, comp_mask=0x0}
gx10-e146:63:73 [0] NCCL INFO NET/IB: ncclIbSenderQpsToRts: Set ECE: IbDev 2 Port 1 qp_num 1873 set_ece={supported=1, vendor_id=0x15b3, options=0x30000002, comp_mask=0x0}
gx10-e146:63:73 [0] NCCL INFO NET/IB: Subnet-aware routing: overriding dev 4 with dev 0
gx10-e146:63:73 [0] NCCL INFO NET/IB: ncclIbSenderQpsCreate: QP created: port=1 dev=0 devName=rocep1s0f0 ndevs=4 nmdevs=6 qp_num=12210 pkey=0 pd=0xe7b8c007dd30 oooRq=0
gx10-e146:63:73 [0] NCCL INFO NET/IB: ncclIbSenderQpsCreate: QP created: port=1 dev=0 devName=rocep1s0f0 ndevs=4 nmdevs=6 qp_num=12211 pkey=0 pd=0xe7b8c007dd30 oooRq=0
gx10-e146:63:73 [0] NCCL INFO NET/IB: ncclIbConnectImpl: NCCL Dev 0 IbDev 0 Port 1 qp_num 12210 mtu 5 GID 6 (0/166A8C0FFFF0000) ctsFifoRkey=0x167021 ctsFifoLkey=0x167021
gx10-e146:63:73 [0] NCCL INFO NET/IB: ncclIbConnectImpl: IbDev 0 Port 1 qp_num 12210 query_ece={supported=1, vendor_id=0x15b3, options=0x30000002, comp_mask=0x0}
gx10-e146:63:73 [0] NCCL INFO NET/IB: ncclIbConnectImpl: NCCL Dev 0 IbDev 0 Port 1 qp_num 12211 mtu 5 GID 6 (0/166A8C0FFFF0000) ctsFifoRkey=0x167021 ctsFifoLkey=0x167021
gx10-e146:63:73 [0] NCCL INFO NET/IB: ncclIbConnectImpl: IbDev 0 Port 1 qp_num 12211 query_ece={supported=1, vendor_id=0x15b3, options=0x30000002, comp_mask=0x0}
gx10-e146:63:73 [0] NCCL INFO NET/IB: Subnet-aware routing: overriding dev 5 with dev 2
gx10-e146:63:73 [0] NCCL INFO NET/IB: ncclIbResiliencyInit: Resiliency is disabled on the recv communicator (comm=0xe7b8b1161000)
gx10-e146:63:73 [0] NCCL INFO NET/IB: ncclIbRecvCommInit: Receive work requests will be posted on-demand
gx10-e146:63:73 [0] NCCL INFO NET/IB: Subnet-aware routing: overriding dev 4 with dev 0
gx10-e146:63:73 [0] NCCL INFO NET/IB: Subnet-aware routing: overriding dev 5 with dev 2
gx10-e146:63:73 [0] NCCL INFO NET/IB: Subnet-aware routing: overriding dev 4 with dev 0
gx10-e146:63:73 [0] NCCL INFO NET/IB: ncclIbResiliencyInit: Resiliency is disabled on the send communicator (comm=0xe7b8b11a9000)
gx10-e146:63:73 [0] NCCL INFO NET/IB: Subnet-aware routing: overriding dev 4 with dev 0
gx10-e146:63:73 [0] NCCL INFO NET/IB: Subnet-aware routing: overriding dev 5 with dev 2
gx10-e146:63:73 [0] NCCL INFO NET/IB: Subnet-aware routing: overriding dev 4 with dev 0
gx10-e146:63:73 [0] NCCL INFO NET/IB: ncclIbResiliencyInit: Resiliency is disabled on the recv communicator (comm=0xe7b8b11ed000)
gx10-e146:63:73 [0] NCCL INFO NET/IB: ncclIbRecvCommInit: Receive work requests will be posted on-demand
gx10-e146:63:73 [0] NCCL INFO NET/IB: Subnet-aware routing: overriding dev 4 with dev 0
gx10-e146:63:73 [0] NCCL INFO NET/IB: Subnet-aware routing: overriding dev 5 with dev 2
gx10-e146:63:73 [0] NCCL INFO NET/IB: Subnet-aware routing: overriding dev 4 with dev 0
gx10-e146:63:73 [0] NCCL INFO NET/IB: Subnet-aware routing: overriding dev 5 with dev 2
gx10-e146:63:73 [0] NCCL INFO NET/IB: ncclIbResiliencyInit: Resiliency is disabled on the send communicator (comm=0xe7b8b1235000)
gx10-e146:63:73 [0] NCCL INFO NET/IB: Subnet-aware routing: overriding dev 4 with dev 0
gx10-e146:63:73 [0] NCCL INFO NET/IB: Subnet-aware routing: overriding dev 5 with dev 2
gx10-e146:63:73 [0] NCCL INFO NET/IB: Subnet-aware routing: overriding dev 5 with dev 3
gx10-e146:63:73 [0] NCCL INFO NET/IB: ncclIbReceiverQpsCreateToRts: QP created: port=1 dev=3 devName=roceP2p1s0f1 ndevs=4 nmdevs=6 qp_num=2591 pkey=0 pd=0xe7b8c01a8720 oooRq=0
gx10-e146:63:73 [0] NCCL INFO NET/IB: ncclIbReceiverQpsCreateToRts: QP created: port=1 dev=3 devName=roceP2p1s0f1 ndevs=4 nmdevs=6 qp_num=2592 pkey=0 pd=0xe7b8c01a8720 oooRq=0
gx10-e146:63:73 [0] NCCL INFO NET/IB: ncclIbReceiverQpsCreateToRts: Flush QP created: port=1 dev=3 devName=roceP2p1s0f1 ndevs=4 nmdevs=6 qp_num=2593 pkey=0 pd=0xe7b8c01a8720
gx10-e146:63:73 [0] NCCL INFO NET/IB: Subnet-aware routing: overriding dev 4 with dev 0
gx10-e146:63:73 [0] NCCL INFO NET/IB: Subnet-aware routing: overriding dev 4 with dev 1
gx10-e146:63:73 [0] NCCL INFO NET/IB: ncclIbReceiverQpsCreateToRts: QP created: port=1 dev=1 devName=rocep1s0f1 ndevs=4 nmdevs=6 qp_num=15516 pkey=0 pd=0xe7b8c0203d80 oooRq=0
gx10-e146:63:73 [0] NCCL INFO NET/IB: ncclIbReceiverQpsCreateToRts: QP created: port=1 dev=1 devName=rocep1s0f1 ndevs=4 nmdevs=6 qp_num=15517 pkey=0 pd=0xe7b8c0203d80 oooRq=0
gx10-e146:63:73 [0] NCCL INFO NET/IB: ncclIbReceiverQpsCreateToRts: Flush QP created: port=1 dev=1 devName=rocep1s0f1 ndevs=4 nmdevs=6 qp_num=15518 pkey=0 pd=0xe7b8c0203d80
gx10-e146:63:73 [0] NCCL INFO NET/IB: Subnet-aware routing: overriding dev 5 with dev 2
gx10-e146:63:73 [0] NCCL INFO NET/IB: ncclIbResiliencyInit: Resiliency is disabled on the recv communicator (comm=0xe7b8b1369000)
gx10-e146:63:73 [0] NCCL INFO NET/IB: ncclIbRecvCommInit: Receive work requests will be posted on-demand
gx10-e146:63:73 [0] NCCL INFO NET/IB: Subnet-aware routing: overriding dev 4 with dev 0
gx10-e146:63:73 [0] NCCL INFO NET/IB: ncclIbSenderQpsToRts: Set ECE: IbDev 0 Port 1 qp_num 12210 set_ece={supported=1, vendor_id=0x15b3, options=0x30000002, comp_mask=0x0}
gx10-e146:63:73 [0] NCCL INFO NET/IB: ncclIbSenderQpsToRts: Set ECE: IbDev 0 Port 1 qp_num 12211 set_ece={supported=1, vendor_id=0x15b3, options=0x30000002, comp_mask=0x0}
gx10-e146:63:73 [0] NCCL INFO NET/IB: Subnet-aware routing: overriding dev 5 with dev 2
gx10-e146:63:73 [0] NCCL INFO NET/IB: ncclIbSenderQpsCreate: QP created: port=1 dev=2 devName=roceP2p1s0f0 ndevs=4 nmdevs=6 qp_num=1874 pkey=0 pd=0xe7b8c00c8f60 oooRq=0
gx10-e146:63:73 [0] NCCL INFO NET/IB: ncclIbSenderQpsCreate: QP created: port=1 dev=2 devName=roceP2p1s0f0 ndevs=4 nmdevs=6 qp_num=1875 pkey=0 pd=0xe7b8c00c8f60 oooRq=0
gx10-e146:63:73 [0] NCCL INFO NET/IB: ncclIbConnectImpl: NCCL Dev 2 IbDev 2 Port 1 qp_num 1874 mtu 5 GID 3 (0/170A8C0FFFF0000) ctsFifoRkey=0x188481 ctsFifoLkey=0x188481
gx10-e146:63:73 [0] NCCL INFO NET/IB: ncclIbConnectImpl: IbDev 2 Port 1 qp_num 1874 query_ece={supported=1, vendor_id=0x15b3, options=0x30000002, comp_mask=0x0}
gx10-e146:63:73 [0] NCCL INFO NET/IB: ncclIbConnectImpl: NCCL Dev 2 IbDev 2 Port 1 qp_num 1875 mtu 5 GID 3 (0/170A8C0FFFF0000) ctsFifoRkey=0x188481 ctsFifoLkey=0x188481
gx10-e146:63:73 [0] NCCL INFO NET/IB: ncclIbConnectImpl: IbDev 2 Port 1 qp_num 1875 query_ece={supported=1, vendor_id=0x15b3, options=0x30000002, comp_mask=0x0}
gx10-e146:63:73 [0] NCCL INFO NET/IB: Subnet-aware routing: overriding dev 4 with dev 0
gx10-e146:63:73 [0] NCCL INFO NET/IB: ncclIbSenderQpsCreate: QP created: port=1 dev=0 devName=rocep1s0f0 ndevs=4 nmdevs=6 qp_num=12212 pkey=0 pd=0xe7b8c007dd30 oooRq=0
gx10-e146:63:73 [0] NCCL INFO NET/IB: ncclIbSenderQpsCreate: QP created: port=1 dev=0 devName=rocep1s0f0 ndevs=4 nmdevs=6 qp_num=12213 pkey=0 pd=0xe7b8c007dd30 oooRq=0
gx10-e146:63:73 [0] NCCL INFO NET/IB: ncclIbConnectImpl: NCCL Dev 0 IbDev 0 Port 1 qp_num 12212 mtu 5 GID 6 (0/166A8C0FFFF0000) ctsFifoRkey=0x157434 ctsFifoLkey=0x157434
gx10-e146:63:73 [0] NCCL INFO NET/IB: ncclIbConnectImpl: IbDev 0 Port 1 qp_num 12212 query_ece={supported=1, vendor_id=0x15b3, options=0x30000002, comp_mask=0x0}
gx10-e146:63:73 [0] NCCL INFO NET/IB: ncclIbConnectImpl: NCCL Dev 0 IbDev 0 Port 1 qp_num 12213 mtu 5 GID 6 (0/166A8C0FFFF0000) ctsFifoRkey=0x157434 ctsFifoLkey=0x157434
gx10-e146:63:73 [0] NCCL INFO NET/IB: ncclIbConnectImpl: IbDev 0 Port 1 qp_num 12213 query_ece={supported=1, vendor_id=0x15b3, options=0x30000002, comp_mask=0x0}
gx10-e146:63:73 [0] NCCL INFO NET/IB: Subnet-aware routing: overriding dev 5 with dev 2
gx10-e146:63:73 [0] NCCL INFO NET/IB: Subnet-aware routing: overriding dev 5 with dev 3
gx10-e146:63:73 [0] NCCL INFO NET/IB: ncclIbReceiverQpsCreateToRts: QP created: port=1 dev=3 devName=roceP2p1s0f1 ndevs=4 nmdevs=6 qp_num=2594 pkey=0 pd=0xe7b8c01a8720 oooRq=0
gx10-e146:63:73 [0] NCCL INFO NET/IB: ncclIbReceiverQpsCreateToRts: QP created: port=1 dev=3 devName=roceP2p1s0f1 ndevs=4 nmdevs=6 qp_num=2595 pkey=0 pd=0xe7b8c01a8720 oooRq=0
gx10-e146:63:73 [0] NCCL INFO NET/IB: ncclIbReceiverQpsCreateToRts: Flush QP created: port=1 dev=3 devName=roceP2p1s0f1 ndevs=4 nmdevs=6 qp_num=2596 pkey=0 pd=0xe7b8c01a8720
gx10-e146:63:73 [0] NCCL INFO NET/IB: Subnet-aware routing: overriding dev 4 with dev 0
gx10-e146:63:73 [0] NCCL INFO NET/IB: ncclIbResiliencyInit: Resiliency is disabled on the send communicator (comm=0xe7b8b14d9000)
gx10-e146:63:73 [0] NCCL INFO NET/IB: Subnet-aware routing: overriding dev 5 with dev 2
gx10-e146:63:73 [0] NCCL INFO NET/IB: ncclIbSenderQpsToRts: Set ECE: IbDev 2 Port 1 qp_num 1874 set_ece={supported=1, vendor_id=0x15b3, options=0x30000002, comp_mask=0x0}
gx10-e146:63:73 [0] NCCL INFO NET/IB: ncclIbSenderQpsToRts: Set ECE: IbDev 2 Port 1 qp_num 1875 set_ece={supported=1, vendor_id=0x15b3, options=0x30000002, comp_mask=0x0}
gx10-e146:63:73 [0] NCCL INFO NET/IB: Subnet-aware routing: overriding dev 4 with dev 0
gx10-e146:63:73 [0] NCCL INFO NET/IB: ncclIbSenderQpsToRts: Set ECE: IbDev 0 Port 1 qp_num 12212 set_ece={supported=1, vendor_id=0x15b3, options=0x30000002, comp_mask=0x0}
gx10-e146:63:73 [0] NCCL INFO NET/IB: ncclIbSenderQpsToRts: Set ECE: IbDev 0 Port 1 qp_num 12213 set_ece={supported=1, vendor_id=0x15b3, options=0x30000002, comp_mask=0x0}
gx10-e146:63:73 [0] NCCL INFO NET/IB: Subnet-aware routing: overriding dev 5 with dev 2
gx10-e146:63:73 [0] NCCL INFO NET/IB: ncclIbSenderQpsCreate: QP created: port=1 dev=2 devName=roceP2p1s0f0 ndevs=4 nmdevs=6 qp_num=1876 pkey=0 pd=0xe7b8c00c8f60 oooRq=0
gx10-e146:63:73 [0] NCCL INFO NET/IB: ncclIbSenderQpsCreate: QP created: port=1 dev=2 devName=roceP2p1s0f0 ndevs=4 nmdevs=6 qp_num=1877 pkey=0 pd=0xe7b8c00c8f60 oooRq=0
gx10-e146:63:73 [0] NCCL INFO NET/IB: ncclIbConnectImpl: NCCL Dev 2 IbDev 2 Port 1 qp_num 1876 mtu 5 GID 3 (0/170A8C0FFFF0000) ctsFifoRkey=0x19adaa ctsFifoLkey=0x19adaa
gx10-e146:63:73 [0] NCCL INFO NET/IB: ncclIbConnectImpl: IbDev 2 Port 1 qp_num 1876 query_ece={supported=1, vendor_id=0x15b3, options=0x30000002, comp_mask=0x0}
gx10-e146:63:73 [0] NCCL INFO NET/IB: ncclIbConnectImpl: NCCL Dev 2 IbDev 2 Port 1 qp_num 1877 mtu 5 GID 3 (0/170A8C0FFFF0000) ctsFifoRkey=0x19adaa ctsFifoLkey=0x19adaa
gx10-e146:63:73 [0] NCCL INFO NET/IB: ncclIbConnectImpl: IbDev 2 Port 1 qp_num 1877 query_ece={supported=1, vendor_id=0x15b3, options=0x30000002, comp_mask=0x0}
gx10-e146:63:73 [0] NCCL INFO NET/IB: Subnet-aware routing: overriding dev 4 with dev 0
gx10-e146:63:73 [0] NCCL INFO NET/IB: ncclIbResiliencyInit: Resiliency is disabled on the recv communicator (comm=0xe7b8b1571000)
gx10-e146:63:73 [0] NCCL INFO NET/IB: ncclIbRecvCommInit: Receive work requests will be posted on-demand
gx10-e146:63:73 [0] NCCL INFO NET/IB: Subnet-aware routing: overriding dev 5 with dev 2
gx10-e146:63:73 [0] NCCL INFO NET/IB: Subnet-aware routing: overriding dev 4 with dev 0
gx10-e146:63:73 [0] NCCL INFO NET/IB: Subnet-aware routing: overriding dev 5 with dev 2
gx10-e146:63:73 [0] NCCL INFO NET/IB: ncclIbResiliencyInit: Resiliency is disabled on the send communicator (comm=0xe7b8b15b9000)
gx10-e146:63:73 [0] NCCL INFO NET/IB: Subnet-aware routing: overriding dev 5 with dev 2
gx10-e146:63:73 [0] NCCL INFO NET/IB: Subnet-aware routing: overriding dev 4 with dev 0
gx10-e146:63:73 [0] NCCL INFO NET/IB: Subnet-aware routing: overriding dev 5 with dev 2
gx10-e146:63:73 [0] NCCL INFO NET/IB: ncclIbResiliencyInit: Resiliency is disabled on the recv communicator (comm=0xe7b8b15fd000)
gx10-e146:63:73 [0] NCCL INFO NET/IB: ncclIbRecvCommInit: Receive work requests will be posted on-demand
gx10-e146:63:73 [0] NCCL INFO NET/IB: Subnet-aware routing: overriding dev 5 with dev 2
gx10-e146:63:73 [0] NCCL INFO NET/IB: Subnet-aware routing: overriding dev 4 with dev 0
gx10-e146:63:73 [0] NCCL INFO NET/IB: Subnet-aware routing: overriding dev 5 with dev 2
gx10-e146:63:73 [0] NCCL INFO NET/IB: Subnet-aware routing: overriding dev 5 with dev 2
gx10-e146:63:73 [0] NCCL INFO NET/IB: ncclIbSenderQpsToRts: Set ECE: IbDev 2 Port 1 qp_num 1876 set_ece={supported=1, vendor_id=0x15b3, options=0x30000002, comp_mask=0x0}
gx10-e146:63:73 [0] NCCL INFO NET/IB: ncclIbSenderQpsToRts: Set ECE: IbDev 2 Port 1 qp_num 1877 set_ece={supported=1, vendor_id=0x15b3, options=0x30000002, comp_mask=0x0}
gx10-e146:63:73 [0] NCCL INFO NET/IB: Subnet-aware routing: overriding dev 4 with dev 0
gx10-e146:63:73 [0] NCCL INFO NET/IB: Subnet-aware routing: overriding dev 4 with dev 1
gx10-e146:63:73 [0] NCCL INFO NET/IB: ncclIbReceiverQpsCreateToRts: QP created: port=1 dev=1 devName=rocep1s0f1 ndevs=4 nmdevs=6 qp_num=15519 pkey=0 pd=0xe7b8c0203d80 oooRq=0
gx10-e146:63:73 [0] NCCL INFO NET/IB: ncclIbReceiverQpsCreateToRts: QP created: port=1 dev=1 devName=rocep1s0f1 ndevs=4 nmdevs=6 qp_num=15520 pkey=0 pd=0xe7b8c0203d80 oooRq=0
gx10-e146:63:73 [0] NCCL INFO NET/IB: ncclIbReceiverQpsCreateToRts: Flush QP created: port=1 dev=1 devName=rocep1s0f1 ndevs=4 nmdevs=6 qp_num=15521 pkey=0 pd=0xe7b8c0203d80
gx10-e146:63:73 [0] NCCL INFO NET/IB: Subnet-aware routing: overriding dev 5 with dev 2
gx10-e146:63:73 [0] NCCL INFO NET/IB: Subnet-aware routing: overriding dev 5 with dev 3
gx10-e146:63:73 [0] NCCL INFO NET/IB: ncclIbReceiverQpsCreateToRts: QP created: port=1 dev=3 devName=roceP2p1s0f1 ndevs=4 nmdevs=6 qp_num=2597 pkey=0 pd=0xe7b8c01a8720 oooRq=0
gx10-e146:63:73 [0] NCCL INFO NET/IB: ncclIbReceiverQpsCreateToRts: QP created: port=1 dev=3 devName=roceP2p1s0f1 ndevs=4 nmdevs=6 qp_num=2598 pkey=0 pd=0xe7b8c01a8720 oooRq=0
gx10-e146:63:73 [0] NCCL INFO NET/IB: ncclIbReceiverQpsCreateToRts: Flush QP created: port=1 dev=3 devName=roceP2p1s0f1 ndevs=4 nmdevs=6 qp_num=2599 pkey=0 pd=0xe7b8c01a8720
gx10-e146:63:73 [0] NCCL INFO NET/IB: Subnet-aware routing: overriding dev 4 with dev 0
gx10-e146:63:73 [0] NCCL INFO NET/IB: Subnet-aware routing: overriding dev 5 with dev 2
gx10-e146:63:73 [0] NCCL INFO NET/IB: Subnet-aware routing: overriding dev 4 with dev 0
gx10-e146:63:73 [0] NCCL INFO NET/IB: ncclIbSenderQpsCreate: QP created: port=1 dev=0 devName=rocep1s0f0 ndevs=4 nmdevs=6 qp_num=12214 pkey=0 pd=0xe7b8c007dd30 oooRq=0
gx10-e146:63:73 [0] NCCL INFO NET/IB: ncclIbSenderQpsCreate: QP created: port=1 dev=0 devName=rocep1s0f0 ndevs=4 nmdevs=6 qp_num=12215 pkey=0 pd=0xe7b8c007dd30 oooRq=0
gx10-e146:63:73 [0] NCCL INFO NET/IB: ncclIbConnectImpl: NCCL Dev 0 IbDev 0 Port 1 qp_num 12214 mtu 5 GID 6 (0/166A8C0FFFF0000) ctsFifoRkey=0x176622 ctsFifoLkey=0x176622
gx10-e146:63:73 [0] NCCL INFO NET/IB: ncclIbConnectImpl: IbDev 0 Port 1 qp_num 12214 query_ece={supported=1, vendor_id=0x15b3, options=0x30000002, comp_mask=0x0}
gx10-e146:63:73 [0] NCCL INFO NET/IB: ncclIbConnectImpl: NCCL Dev 0 IbDev 0 Port 1 qp_num 12215 mtu 5 GID 6 (0/166A8C0FFFF0000) ctsFifoRkey=0x176622 ctsFifoLkey=0x176622
gx10-e146:63:73 [0] NCCL INFO NET/IB: ncclIbConnectImpl: IbDev 0 Port 1 qp_num 12215 query_ece={supported=1, vendor_id=0x15b3, options=0x30000002, comp_mask=0x0}
gx10-e146:63:73 [0] NCCL INFO NET/IB: Subnet-aware routing: overriding dev 5 with dev 2
gx10-e146:63:73 [0] NCCL INFO NET/IB: ncclIbSenderQpsCreate: QP created: port=1 dev=2 devName=roceP2p1s0f0 ndevs=4 nmdevs=6 qp_num=1878 pkey=0 pd=0xe7b8c00c8f60 oooRq=0
gx10-e146:63:73 [0] NCCL INFO NET/IB: ncclIbSenderQpsCreate: QP created: port=1 dev=2 devName=roceP2p1s0f0 ndevs=4 nmdevs=6 qp_num=1879 pkey=0 pd=0xe7b8c00c8f60 oooRq=0
gx10-e146:63:73 [0] NCCL INFO NET/IB: ncclIbConnectImpl: NCCL Dev 2 IbDev 2 Port 1 qp_num 1878 mtu 5 GID 3 (0/170A8C0FFFF0000) ctsFifoRkey=0x19a6a3 ctsFifoLkey=0x19a6a3
gx10-e146:63:73 [0] NCCL INFO NET/IB: ncclIbConnectImpl: IbDev 2 Port 1 qp_num 1878 query_ece={supported=1, vendor_id=0x15b3, options=0x30000002, comp_mask=0x0}
gx10-e146:63:73 [0] NCCL INFO NET/IB: ncclIbConnectImpl: NCCL Dev 2 IbDev 2 Port 1 qp_num 1879 mtu 5 GID 3 (0/170A8C0FFFF0000) ctsFifoRkey=0x19a6a3 ctsFifoLkey=0x19a6a3
gx10-e146:63:73 [0] NCCL INFO NET/IB: ncclIbConnectImpl: IbDev 2 Port 1 qp_num 1879 query_ece={supported=1, vendor_id=0x15b3, options=0x30000002, comp_mask=0x0}
gx10-e146:63:73 [0] NCCL INFO NET/IB: Subnet-aware routing: overriding dev 4 with dev 0
gx10-e146:63:73 [0] NCCL INFO NET/IB: Subnet-aware routing: overriding dev 5 with dev 2
gx10-e146:63:73 [0] NCCL INFO NET/IB: Subnet-aware routing: overriding dev 4 with dev 0
gx10-e146:63:73 [0] NCCL INFO NET/IB: Subnet-aware routing: overriding dev 5 with dev 2
gx10-e146:63:73 [0] NCCL INFO NET/IB: Subnet-aware routing: overriding dev 4 with dev 0
gx10-e146:63:73 [0] NCCL INFO NET/IB: Subnet-aware routing: overriding dev 5 with dev 2
gx10-e146:63:73 [0] NCCL INFO NET/IB: Subnet-aware routing: overriding dev 4 with dev 0
gx10-e146:63:73 [0] NCCL INFO NET/IB: Subnet-aware routing: overriding dev 5 with dev 2
gx10-e146:63:73 [0] NCCL INFO NET/IB: Subnet-aware routing: overriding dev 4 with dev 0
gx10-e146:63:73 [0] NCCL INFO NET/IB: ncclIbSenderQpsToRts: Set ECE: IbDev 0 Port 1 qp_num 12214 set_ece={supported=1, vendor_id=0x15b3, options=0x30000002, comp_mask=0x0}
gx10-e146:63:73 [0] NCCL INFO NET/IB: ncclIbSenderQpsToRts: Set ECE: IbDev 0 Port 1 qp_num 12215 set_ece={supported=1, vendor_id=0x15b3, options=0x30000002, comp_mask=0x0}
gx10-e146:63:73 [0] NCCL INFO NET/IB: Subnet-aware routing: overriding dev 5 with dev 2
gx10-e146:63:73 [0] NCCL INFO NET/IB: Subnet-aware routing: overriding dev 5 with dev 2
gx10-e146:63:73 [0] NCCL INFO NET/IB: Subnet-aware routing: overriding dev 5 with dev 2
gx10-e146:63:73 [0] NCCL INFO NET/IB: Subnet-aware routing: overriding dev 5 with dev 2
gx10-e146:63:73 [0] NCCL INFO NET/IB: Subnet-aware routing: overriding dev 5 with dev 2
gx10-e146:63:73 [0] NCCL INFO NET/IB: Subnet-aware routing: overriding dev 5 with dev 2
gx10-e146:63:73 [0] NCCL INFO NET/IB: Subnet-aware routing: overriding dev 5 with dev 2
gx10-e146:63:73 [0] NCCL INFO NET/IB: Subnet-aware routing: overriding dev 5 with dev 2
gx10-e146:63:73 [0] NCCL INFO NET/IB: ncclIbSenderQpsToRts: Set ECE: IbDev 2 Port 1 qp_num 1878 set_ece={supported=1, vendor_id=0x15b3, options=0x30000002, comp_mask=0x0}
gx10-e146:63:73 [0] NCCL INFO NET/IB: ncclIbSenderQpsToRts: Set ECE: IbDev 2 Port 1 qp_num 1879 set_ece={supported=1, vendor_id=0x15b3, options=0x30000002, comp_mask=0x0}
gx10-e146:63:63 [0] NCCL INFO Connected all rings, use ring PXN 0 GDR 0
########## NCCL_DEBUG from spark2 ##########
gx10-6b41:65:65 [0] NCCL INFO ncclOsDlopen(libnccl-env.so) failed: libnccl-env.so: cannot open shared object file: No such file or directory
gx10-6b41:65:65 [0] NCCL INFO ENV/Plugin: Could not find: libnccl-env.so
gx10-6b41:65:65 [0] NCCL INFO cudaDriverVersion 13000
gx10-6b41:65:65 [0] NCCL INFO NCCL_SOCKET_IFNAME set by environment to wlP9s9
gx10-6b41:65:65 [0] NCCL INFO NCCL_SOCKET_IFNAME set to wlP9s9
gx10-6b41:65:65 [0] NCCL INFO NCCL version 2.30.7+cuda13.3
gx10-6b41:65:65 [0] NCCL INFO NCCL git version HEAD a5187fa2e
gx10-6b41:65:65 [0] NCCL INFO Comm config nvlinkCentricSched set to 1
gx10-6b41:65:65 [0] NCCL INFO NCCL_NET_PLUGIN set by environment to none
gx10-6b41:65:65 [0] NCCL INFO NCCL_IB_DISABLE set by environment to 0.
gx10-6b41:65:65 [0] NCCL INFO dlvsym failed on mlx5dv_get_data_direct_sysfs_path - /lib/aarch64-linux-gnu/libmlx5.so: undefined symbol: mlx5dv_get_data_direct_sysfs_path, version MLX5_1.25 version MLX5_1.25
gx10-6b41:65:65 [0] NCCL INFO dlvsym failed on mlx5dv_reg_dmabuf_mr - /lib/aarch64-linux-gnu/libmlx5.so: undefined symbol: mlx5dv_reg_dmabuf_mr, version MLX5_1.25 version MLX5_1.25
gx10-6b41:65:65 [0] NCCL INFO NCCL_SOCKET_IFNAME set by environment to wlP9s9
gx10-6b41:65:65 [0] NCCL INFO NCCL_IB_HCA set to =rocep1s0f0,roceP2p1s0f0,rocep1s0f1,roceP2p1s0f1
gx10-6b41:65:65 [0] NCCL INFO NET/IB: [0] rocep1s0f0:uverbs0:1/RoCE provider=Mlx5 speed=200000 context=0xbdceba87c070 pciPath=/sys/devices/pci0000:00/0000:00:00.0/0000:01:00.0 ar=0 oooRqSize=0
gx10-6b41:65:65 [0] NCCL INFO NET/IB: [1] rocep1s0f1:uverbs1:1/RoCE provider=Mlx5 speed=200000 context=0xbdceba8bd6c0 pciPath=/sys/devices/pci0000:00/0000:00:00.0/0000:01:00.0 ar=0 oooRqSize=0
gx10-6b41:65:65 [0] NCCL INFO NET/IB: [2] roceP2p1s0f0:uverbs2:1/RoCE provider=Mlx5 speed=200000 context=0xbdceba8fed10 pciPath=/sys/devices/pci0002:00/0002:00:00.0/0002:01:00.0 ar=0 oooRqSize=0
gx10-6b41:65:65 [0] NCCL INFO NET/IB: [3] roceP2p1s0f1:uverbs3:1/RoCE provider=Mlx5 speed=200000 context=0xbdceba940360 pciPath=/sys/devices/pci0002:00/0002:00:00.0/0002:01:00.0 ar=0 oooRqSize=0
gx10-6b41:65:65 [0] NCCL INFO NET/IB : Made virtual device [0] name=rocep1s0f0 speed=200000 ndevs=1 rail=-1 plane=-1
gx10-6b41:65:65 [0] NCCL INFO NET/IB : Made virtual device [1] name=rocep1s0f1 speed=200000 ndevs=1 rail=-1 plane=-1
gx10-6b41:65:65 [0] NCCL INFO NET/IB : Made virtual device [2] name=roceP2p1s0f0 speed=200000 ndevs=1 rail=-1 plane=-1
gx10-6b41:65:65 [0] NCCL INFO NET/IB : Made virtual device [3] name=roceP2p1s0f1 speed=200000 ndevs=1 rail=-1 plane=-1
gx10-6b41:65:65 [0] NCCL INFO NET/IB : Using [0]rocep1s0f0:1/RoCE [1]rocep1s0f1:1/RoCE [2]roceP2p1s0f0:1/RoCE [3]roceP2p1s0f1:1/RoCE [RO]; OOB wlP9s9:192.168.1.27<0>
gx10-6b41:65:65 [0] NCCL INFO Initialized NET plugin IB
gx10-6b41:65:65 [0] NCCL INFO Assigned NET plugin IB to comm
gx10-6b41:65:65 [0] NCCL INFO ncclOsDlopen(libnccl-rma.so) failed: libnccl-rma.so: cannot open shared object file: No such file or directory
gx10-6b41:65:65 [0] NCCL INFO RMA/Plugin: Could not find: libnccl-rma.so
gx10-6b41:65:65 [0] NCCL INFO RMA/Plugin: Failed to load external plugin libnccl-rma.so, dlHandle: (nil), ncclRma: (nil)
gx10-6b41:65:65 [0] NCCL INFO RMA/Plugin: Assigned plugin RMA_IB_PROXY to comm
gx10-6b41:65:65 [0] NCCL INFO ncclOsDlopen(libnccl-gin.so) failed: libnccl-gin.so: cannot open shared object file: No such file or directory
gx10-6b41:65:65 [0] NCCL INFO GIN/Plugin: Could not find: libnccl-gin.so
gx10-6b41:65:65 [0] NCCL INFO GIN/Plugin: Failed to load external plugin libnccl-gin.so, dlHandle: (nil), ncclGin: (nil)
gx10-6b41:65:65 [0] NCCL INFO GIN/Plugin: Assigned plugin GIN_IB_GDAKI type 3 to comm
gx10-6b41:65:65 [0] NCCL INFO Using network IB
gx10-6b41:65:65 [0] NCCL INFO Loaded NVML from libnvidia-ml.so.1
gx10-6b41:65:65 [0] NCCL INFO [Rank 2] ncclCommInitRankConfig comm 0xbdceb7dbab60 rank 2 nranks 3 cudaDev 0 nvmlDev 0 busId f01000 commId 0x1c2c2532b3c9695e - Init START
gx10-6b41:65:65 [0] NCCL INFO Socket handshake magic 0x564ab9f2fc4b9d6c (built-in default)
gx10-6b41:65:65 [0] NCCL INFO RAS client listening socket at 127.0.0.1<28028>
gx10-6b41:65:65 [0] NCCL INFO Topology detection: could not read /sys/devices/system/node/node4294967295/cpumap, using empty affinity
gx10-6b41:65:65 [0] NCCL INFO TOPO/NET : Importing network plugins to topology
gx10-6b41:65:65 [0] NCCL INFO NET/GIN_IB_GDAKI : GPU Direct RDMA Disabled for HCA 0 'rocep1s0f0'
gx10-6b41:65:65 [0] NCCL INFO ncclTopoPopulateNics : Filled rocep1s0f0 in topo with pciPath=/sys/devices/pci0000:00/0000:00:00.0/0000:01:00.0 net=0 gin=1 rma=(null) keep=1 coll=(null) rail=-1 plane=-1
gx10-6b41:65:65 [0] NCCL INFO NET/GIN_IB_GDAKI : GPU Direct RDMA Disabled for HCA 1 'rocep1s0f1'
gx10-6b41:65:65 [0] NCCL INFO ncclTopoPopulateNics : Filled rocep1s0f1 in topo with pciPath=/sys/devices/pci0000:00/0000:00:00.0/0000:01:00.0 net=0 gin=1 rma=(null) keep=1 coll=(null) rail=-1 plane=-1
gx10-6b41:65:65 [0] NCCL INFO NET/GIN_IB_GDAKI : GPU Direct RDMA Disabled for HCA 2 'roceP2p1s0f0'
gx10-6b41:65:65 [0] NCCL INFO ncclTopoPopulateNics : Filled roceP2p1s0f0 in topo with pciPath=/sys/devices/pci0002:00/0002:00:00.0/0002:01:00.0 net=0 gin=1 rma=(null) keep=1 coll=(null) rail=-1 plane=-1
gx10-6b41:65:65 [0] NCCL INFO NET/GIN_IB_GDAKI : GPU Direct RDMA Disabled for HCA 3 'roceP2p1s0f1'
gx10-6b41:65:65 [0] NCCL INFO ncclTopoPopulateNics : Filled roceP2p1s0f1 in topo with pciPath=/sys/devices/pci0002:00/0002:00:00.0/0002:01:00.0 net=0 gin=1 rma=(null) keep=1 coll=(null) rail=-1 plane=-1
gx10-6b41:65:65 [0] NCCL INFO NET/RMA_IB_PROXY : GPU Direct RDMA Disabled for HCA 0 'rocep1s0f0'
gx10-6b41:65:65 [0] NCCL INFO ncclTopoPopulateNics : Filled rocep1s0f0 in topo with pciPath=/sys/devices/pci0000:00/0000:00:00.0/0000:01:00.0 net=0 gin=1 rma=1 keep=1 coll=(null) rail=-1 plane=-1
gx10-6b41:65:65 [0] NCCL INFO NET/RMA_IB_PROXY : GPU Direct RDMA Disabled for HCA 1 'rocep1s0f1'
gx10-6b41:65:65 [0] NCCL INFO ncclTopoPopulateNics : Filled rocep1s0f1 in topo with pciPath=/sys/devices/pci0000:00/0000:00:00.0/0000:01:00.0 net=0 gin=1 rma=1 keep=1 coll=(null) rail=-1 plane=-1
gx10-6b41:65:65 [0] NCCL INFO NET/RMA_IB_PROXY : GPU Direct RDMA Disabled for HCA 2 'roceP2p1s0f0'
gx10-6b41:65:65 [0] NCCL INFO ncclTopoPopulateNics : Filled roceP2p1s0f0 in topo with pciPath=/sys/devices/pci0002:00/0002:00:00.0/0002:01:00.0 net=0 gin=1 rma=1 keep=1 coll=(null) rail=-1 plane=-1
gx10-6b41:65:65 [0] NCCL INFO NET/RMA_IB_PROXY : GPU Direct RDMA Disabled for HCA 3 'roceP2p1s0f1'
gx10-6b41:65:65 [0] NCCL INFO ncclTopoPopulateNics : Filled roceP2p1s0f1 in topo with pciPath=/sys/devices/pci0002:00/0002:00:00.0/0002:01:00.0 net=0 gin=1 rma=1 keep=1 coll=(null) rail=-1 plane=-1
gx10-6b41:65:65 [0] NCCL INFO NET/IB : GPU Direct RDMA Disabled for HCA 0 'rocep1s0f0'
gx10-6b41:65:65 [0] NCCL INFO ncclTopoPopulateNics : Filled rocep1s0f0 in topo with pciPath=/sys/devices/pci0000:00/0000:00:00.0/0000:01:00.0 net=1 gin=1 rma=1 keep=1 coll=(null) rail=-1 plane=-1
gx10-6b41:65:65 [0] NCCL INFO NET/IB : GPU Direct RDMA Disabled for HCA 1 'rocep1s0f1'
gx10-6b41:65:65 [0] NCCL INFO ncclTopoPopulateNics : Filled rocep1s0f1 in topo with pciPath=/sys/devices/pci0000:00/0000:00:00.0/0000:01:00.0 net=1 gin=1 rma=1 keep=1 coll=(null) rail=-1 plane=-1
gx10-6b41:65:65 [0] NCCL INFO NET/IB : GPU Direct RDMA Disabled for HCA 2 'roceP2p1s0f0'
gx10-6b41:65:65 [0] NCCL INFO ncclTopoPopulateNics : Filled roceP2p1s0f0 in topo with pciPath=/sys/devices/pci0002:00/0002:00:00.0/0002:01:00.0 net=1 gin=1 rma=1 keep=1 coll=(null) rail=-1 plane=-1
gx10-6b41:65:65 [0] NCCL INFO NET/IB : GPU Direct RDMA Disabled for HCA 3 'roceP2p1s0f1'
gx10-6b41:65:65 [0] NCCL INFO ncclTopoPopulateNics : Filled roceP2p1s0f1 in topo with pciPath=/sys/devices/pci0002:00/0002:00:00.0/0002:01:00.0 net=1 gin=1 rma=1 keep=1 coll=(null) rail=-1 plane=-1
gx10-6b41:65:65 [0] NCCL INFO NET/IB : Made virtual device [4] name=rocep1s0f0+rocep1s0f1 speed=400000 ndevs=2 rail=-1 plane=16385
gx10-6b41:65:65 [0] NCCL INFO TOPO/NET : Made vNic 4
gx10-6b41:65:65 [0] NCCL INFO NET/IB : Made virtual device [5] name=roceP2p1s0f0+roceP2p1s0f1 speed=400000 ndevs=2 rail=-1 plane=16385
gx10-6b41:65:65 [0] NCCL INFO TOPO/NET : Made vNic 5
gx10-6b41:65:65 [0] NCCL INFO NET/IB : GPU Direct RDMA Disabled for HCA 4 'rocep1s0f0+rocep1s0f1'
gx10-6b41:65:65 [0] NCCL INFO ncclTopoPopulateNics : Filled rocep1s0f0+rocep1s0f1 in topo with pciPath=/sys/devices/pci0000:00/0000:00:00.0/0000:01:00.0 net=1 gin=(null) rma=(null) keep=1 coll=(null) rail=-1 plane=16385
gx10-6b41:65:65 [0] NCCL INFO NET/IB : GPU Direct RDMA Disabled for HCA 5 'roceP2p1s0f0+roceP2p1s0f1'
gx10-6b41:65:65 [0] NCCL INFO ncclTopoPopulateNics : Filled roceP2p1s0f0+roceP2p1s0f1 in topo with pciPath=/sys/devices/pci0002:00/0002:00:00.0/0002:01:00.0 net=1 gin=(null) rma=(null) keep=1 coll=(null) rail=-1 plane=16385
gx10-6b41:65:65 [0] NCCL INFO === System : maxBw 12.0 totalBw 0.2 ===
gx10-6b41:65:65 [0] NCCL INFO CPU/0-ffffffffffffff (3/-1/-1)
gx10-6b41:65:65 [0] NCCL INFO + C2C[345.0] - DEV/0-f01000
gx10-6b41:65:65 [0] NCCL INFO + PCI[12.0] - NIC/0-1000
gx10-6b41:65:65 [0] NCCL INFO               + NET[50.0] - NET/0-4 (0/426bbe000399c530/1/50.000000)
gx10-6b41:65:65 [0] NCCL INFO               + NET[25.0] - GIN/0-0
gx10-6b41:65:65 [0] NCCL INFO               + NET[25.0] - RMA/0-0
gx10-6b41:65:65 [0] NCCL INFO               + NET[25.0] - GIN/0-1
gx10-6b41:65:65 [0] NCCL INFO               + NET[25.0] - RMA/0-1
gx10-6b41:65:65 [0] NCCL INFO + PCI[12.0] - NIC/0-201000
gx10-6b41:65:65 [0] NCCL INFO               + NET[50.0] - NET/0-5 (0/426bbe000399c530/1/50.000000)
gx10-6b41:65:65 [0] NCCL INFO               + NET[25.0] - GIN/0-2
gx10-6b41:65:65 [0] NCCL INFO               + NET[25.0] - RMA/0-2
gx10-6b41:65:65 [0] NCCL INFO               + NET[25.0] - GIN/0-3
gx10-6b41:65:65 [0] NCCL INFO               + NET[25.0] - RMA/0-3
gx10-6b41:65:65 [0] NCCL INFO + PCI[0.2] - DEV/0-f01000 (10de2e1210de0000)
gx10-6b41:65:65 [0] NCCL INFO              + LOC[5000.0] - GPU/0-f01000
gx10-6b41:65:65 [0] NCCL INFO              + C2C[345.0] - CPU/0-ffffffffffffff
gx10-6b41:65:65 [0] NCCL INFO ==========================================
gx10-6b41:65:65 [0] NCCL INFO GPU/0-f01000 :GPU/0-f01000 (0/5000.0/LOC) CPU/0-ffffffffffffff (2/345.0/C2C) NET/0-4 (4/12.0/P2C) NET/0-5 (4/12.0/P2C) GIN/0-0 (4/12.0/PHB) GIN/0-1 (4/12.0/PHB) GIN/0-2 (4/12.0/PHB) GIN/0-3 (4/12.0/PHB) RMA/0-0 (4/12.0/PHB) RMA/0-1 (4/12.0/PHB) RMA/0-2 (4/12.0/PHB) RMA/0-3 (4/12.0/PHB) DEV/0-f01000 (1/5000.0/LOC) 
gx10-6b41:65:65 [0] NCCL INFO NET/0-4 :GPU/0-f01000 (4/12.0/P2C) CPU/0-ffffffffffffff (2/12.0/PHB) NET/0-4 (0/5000.0/LOC) NET/0-5 (4/12.0/PHB) GIN/0-0 (2/25.0/LOC) GIN/0-1 (2/25.0/LOC) GIN/0-2 (4/12.0/PHB) GIN/0-3 (4/12.0/PHB) RMA/0-0 (2/25.0/LOC) RMA/0-1 (2/25.0/LOC) RMA/0-2 (4/12.0/PHB) RMA/0-3 (4/12.0/PHB) DEV/0-f01000 (3/12.0/PHB) 
gx10-6b41:65:65 [0] NCCL INFO NET/0-5 :GPU/0-f01000 (4/12.0/P2C) CPU/0-ffffffffffffff (2/12.0/PHB) NET/0-4 (4/12.0/PHB) NET/0-5 (0/5000.0/LOC) GIN/0-0 (4/12.0/PHB) GIN/0-1 (4/12.0/PHB) GIN/0-2 (2/25.0/LOC) GIN/0-3 (2/25.0/LOC) RMA/0-0 (4/12.0/PHB) RMA/0-1 (4/12.0/PHB) RMA/0-2 (2/25.0/LOC) RMA/0-3 (2/25.0/LOC) DEV/0-f01000 (3/12.0/PHB) 
gx10-6b41:65:65 [0] NCCL INFO GIN/0-0 :GPU/0-f01000 (4/12.0/PHB) CPU/0-ffffffffffffff (2/12.0/PHB) NET/0-4 (2/25.0/LOC) NET/0-5 (4/12.0/PHB) GIN/0-0 (0/5000.0/LOC) GIN/0-1 (2/25.0/LOC) GIN/0-2 (4/12.0/PHB) GIN/0-3 (4/12.0/PHB) RMA/0-0 (2/25.0/LOC) RMA/0-1 (2/25.0/LOC) RMA/0-2 (4/12.0/PHB) RMA/0-3 (4/12.0/PHB) DEV/0-f01000 (3/12.0/PHB) 
gx10-6b41:65:65 [0] NCCL INFO GIN/0-1 :GPU/0-f01000 (4/12.0/PHB) CPU/0-ffffffffffffff (2/12.0/PHB) NET/0-4 (2/25.0/LOC) NET/0-5 (4/12.0/PHB) GIN/0-0 (2/25.0/LOC) GIN/0-1 (0/5000.0/LOC) GIN/0-2 (4/12.0/PHB) GIN/0-3 (4/12.0/PHB) RMA/0-0 (2/25.0/LOC) RMA/0-1 (2/25.0/LOC) RMA/0-2 (4/12.0/PHB) RMA/0-3 (4/12.0/PHB) DEV/0-f01000 (3/12.0/PHB) 
gx10-6b41:65:65 [0] NCCL INFO GIN/0-2 :GPU/0-f01000 (4/12.0/PHB) CPU/0-ffffffffffffff (2/12.0/PHB) NET/0-4 (4/12.0/PHB) NET/0-5 (2/25.0/LOC) GIN/0-0 (4/12.0/PHB) GIN/0-1 (4/12.0/PHB) GIN/0-2 (0/5000.0/LOC) GIN/0-3 (2/25.0/LOC) RMA/0-0 (4/12.0/PHB) RMA/0-1 (4/12.0/PHB) RMA/0-2 (2/25.0/LOC) RMA/0-3 (2/25.0/LOC) DEV/0-f01000 (3/12.0/PHB) 
gx10-6b41:65:65 [0] NCCL INFO GIN/0-3 :GPU/0-f01000 (4/12.0/PHB) CPU/0-ffffffffffffff (2/12.0/PHB) NET/0-4 (4/12.0/PHB) NET/0-5 (2/25.0/LOC) GIN/0-0 (4/12.0/PHB) GIN/0-1 (4/12.0/PHB) GIN/0-2 (2/25.0/LOC) GIN/0-3 (0/5000.0/LOC) RMA/0-0 (4/12.0/PHB) RMA/0-1 (4/12.0/PHB) RMA/0-2 (2/25.0/LOC) RMA/0-3 (2/25.0/LOC) DEV/0-f01000 (3/12.0/PHB) 
gx10-6b41:65:65 [0] NCCL INFO RMA/0-0 :GPU/0-f01000 (4/12.0/PHB) CPU/0-ffffffffffffff (2/12.0/PHB) NET/0-4 (2/25.0/LOC) NET/0-5 (4/12.0/PHB) GIN/0-0 (2/25.0/LOC) GIN/0-1 (2/25.0/LOC) GIN/0-2 (4/12.0/PHB) GIN/0-3 (4/12.0/PHB) RMA/0-0 (0/5000.0/LOC) RMA/0-1 (2/25.0/LOC) RMA/0-2 (4/12.0/PHB) RMA/0-3 (4/12.0/PHB) DEV/0-f01000 (3/12.0/PHB) 
gx10-6b41:65:65 [0] NCCL INFO RMA/0-1 :GPU/0-f01000 (4/12.0/PHB) CPU/0-ffffffffffffff (2/12.0/PHB) NET/0-4 (2/25.0/LOC) NET/0-5 (4/12.0/PHB) GIN/0-0 (2/25.0/LOC) GIN/0-1 (2/25.0/LOC) GIN/0-2 (4/12.0/PHB) GIN/0-3 (4/12.0/PHB) RMA/0-0 (2/25.0/LOC) RMA/0-1 (0/5000.0/LOC) RMA/0-2 (4/12.0/PHB) RMA/0-3 (4/12.0/PHB) DEV/0-f01000 (3/12.0/PHB) 
gx10-6b41:65:65 [0] NCCL INFO RMA/0-2 :GPU/0-f01000 (4/12.0/PHB) CPU/0-ffffffffffffff (2/12.0/PHB) NET/0-4 (4/12.0/PHB) NET/0-5 (2/25.0/LOC) GIN/0-0 (4/12.0/PHB) GIN/0-1 (4/12.0/PHB) GIN/0-2 (2/25.0/LOC) GIN/0-3 (2/25.0/LOC) RMA/0-0 (4/12.0/PHB) RMA/0-1 (4/12.0/PHB) RMA/0-2 (0/5000.0/LOC) RMA/0-3 (2/25.0/LOC) DEV/0-f01000 (3/12.0/PHB) 
gx10-6b41:65:65 [0] NCCL INFO RMA/0-3 :GPU/0-f01000 (4/12.0/PHB) CPU/0-ffffffffffffff (2/12.0/PHB) NET/0-4 (4/12.0/PHB) NET/0-5 (2/25.0/LOC) GIN/0-0 (4/12.0/PHB) GIN/0-1 (4/12.0/PHB) GIN/0-2 (2/25.0/LOC) GIN/0-3 (2/25.0/LOC) RMA/0-0 (4/12.0/PHB) RMA/0-1 (4/12.0/PHB) RMA/0-2 (2/25.0/LOC) RMA/0-3 (0/5000.0/LOC) DEV/0-f01000 (3/12.0/PHB) 
gx10-6b41:65:65 [0] NCCL INFO ncclTopoGetCpuAffinity: Affinity for GPU 0 is empty, ignoring. (GPU affinity =  ; CPU affinity = 0-19).
gx10-6b41:65:65 [0] NCCL INFO Pattern 4, crossNic 0, nChannels 32, bw 0.240000/0.240000, type LOC/P2C, sameChannels 1
gx10-6b41:65:65 [0] NCCL INFO  0 : NET/0-4 GPU/0-f01000 NET/0-4
gx10-6b41:65:65 [0] NCCL INFO  1 : NET/0-5 GPU/0-f01000 NET/0-4
gx10-6b41:65:65 [0] NCCL INFO  2 : NET/0-4 GPU/0-f01000 NET/0-4
gx10-6b41:65:65 [0] NCCL INFO  3 : NET/0-5 GPU/0-f01000 NET/0-4
gx10-6b41:65:65 [0] NCCL INFO  4 : NET/0-4 GPU/0-f01000 NET/0-4
gx10-6b41:65:65 [0] NCCL INFO  5 : NET/0-5 GPU/0-f01000 NET/0-4
gx10-6b41:65:65 [0] NCCL INFO  6 : NET/0-4 GPU/0-f01000 NET/0-4
gx10-6b41:65:65 [0] NCCL INFO  7 : NET/0-5 GPU/0-f01000 NET/0-4
gx10-6b41:65:65 [0] NCCL INFO  8 : NET/0-4 GPU/0-f01000 NET/0-4
gx10-6b41:65:65 [0] NCCL INFO  9 : NET/0-5 GPU/0-f01000 NET/0-4
gx10-6b41:65:65 [0] NCCL INFO 10 : NET/0-4 GPU/0-f01000 NET/0-4
gx10-6b41:65:65 [0] NCCL INFO 11 : NET/0-5 GPU/0-f01000 NET/0-4
gx10-6b41:65:65 [0] NCCL INFO 12 : NET/0-4 GPU/0-f01000 NET/0-4
gx10-6b41:65:65 [0] NCCL INFO 13 : NET/0-5 GPU/0-f01000 NET/0-4
gx10-6b41:65:65 [0] NCCL INFO 14 : NET/0-4 GPU/0-f01000 NET/0-4
gx10-6b41:65:65 [0] NCCL INFO 15 : NET/0-5 GPU/0-f01000 NET/0-4
gx10-6b41:65:65 [0] NCCL INFO 16 : NET/0-4 GPU/0-f01000 NET/0-4
gx10-6b41:65:65 [0] NCCL INFO 17 : NET/0-5 GPU/0-f01000 NET/0-4
gx10-6b41:65:65 [0] NCCL INFO 18 : NET/0-4 GPU/0-f01000 NET/0-4
gx10-6b41:65:65 [0] NCCL INFO 19 : NET/0-5 GPU/0-f01000 NET/0-4
gx10-6b41:65:65 [0] NCCL INFO 20 : NET/0-4 GPU/0-f01000 NET/0-4
gx10-6b41:65:65 [0] NCCL INFO 21 : NET/0-5 GPU/0-f01000 NET/0-4
gx10-6b41:65:65 [0] NCCL INFO 22 : NET/0-4 GPU/0-f01000 NET/0-4
gx10-6b41:65:65 [0] NCCL INFO 23 : NET/0-5 GPU/0-f01000 NET/0-4
gx10-6b41:65:65 [0] NCCL INFO 24 : NET/0-4 GPU/0-f01000 NET/0-4
gx10-6b41:65:65 [0] NCCL INFO 25 : NET/0-5 GPU/0-f01000 NET/0-4
gx10-6b41:65:65 [0] NCCL INFO 26 : NET/0-4 GPU/0-f01000 NET/0-4
gx10-6b41:65:65 [0] NCCL INFO 27 : NET/0-5 GPU/0-f01000 NET/0-4
gx10-6b41:65:65 [0] NCCL INFO 28 : NET/0-4 GPU/0-f01000 NET/0-4
gx10-6b41:65:65 [0] NCCL INFO 29 : NET/0-5 GPU/0-f01000 NET/0-4
gx10-6b41:65:65 [0] NCCL INFO 30 : NET/0-4 GPU/0-f01000 NET/0-4
gx10-6b41:65:65 [0] NCCL INFO 31 : NET/0-5 GPU/0-f01000 NET/0-4
gx10-6b41:65:65 [0] NCCL INFO Pattern 3, crossNic 0, nChannels 32, bw 0.240000/0.120000, type LOC/P2C, sameChannels 1
gx10-6b41:65:65 [0] NCCL INFO  0 : NET/0-4 GPU/0-f01000 NET/0-4
gx10-6b41:65:65 [0] NCCL INFO  1 : NET/0-5 GPU/0-f01000 NET/0-5
gx10-6b41:65:65 [0] NCCL INFO  2 : NET/0-4 GPU/0-f01000 NET/0-4
gx10-6b41:65:65 [0] NCCL INFO  3 : NET/0-5 GPU/0-f01000 NET/0-5
gx10-6b41:65:65 [0] NCCL INFO  4 : NET/0-4 GPU/0-f01000 NET/0-4
gx10-6b41:65:65 [0] NCCL INFO  5 : NET/0-5 GPU/0-f01000 NET/0-5
gx10-6b41:65:65 [0] NCCL INFO  6 : NET/0-4 GPU/0-f01000 NET/0-4
gx10-6b41:65:65 [0] NCCL INFO  7 : NET/0-5 GPU/0-f01000 NET/0-5
gx10-6b41:65:65 [0] NCCL INFO  8 : NET/0-4 GPU/0-f01000 NET/0-4
gx10-6b41:65:65 [0] NCCL INFO  9 : NET/0-5 GPU/0-f01000 NET/0-5
gx10-6b41:65:65 [0] NCCL INFO 10 : NET/0-4 GPU/0-f01000 NET/0-4
gx10-6b41:65:65 [0] NCCL INFO 11 : NET/0-5 GPU/0-f01000 NET/0-5
gx10-6b41:65:65 [0] NCCL INFO 12 : NET/0-4 GPU/0-f01000 NET/0-4
gx10-6b41:65:65 [0] NCCL INFO 13 : NET/0-5 GPU/0-f01000 NET/0-5
gx10-6b41:65:65 [0] NCCL INFO 14 : NET/0-4 GPU/0-f01000 NET/0-4
gx10-6b41:65:65 [0] NCCL INFO 15 : NET/0-5 GPU/0-f01000 NET/0-5
gx10-6b41:65:65 [0] NCCL INFO 16 : NET/0-4 GPU/0-f01000 NET/0-4
gx10-6b41:65:65 [0] NCCL INFO 17 : NET/0-5 GPU/0-f01000 NET/0-5
gx10-6b41:65:65 [0] NCCL INFO 18 : NET/0-4 GPU/0-f01000 NET/0-4
gx10-6b41:65:65 [0] NCCL INFO 19 : NET/0-5 GPU/0-f01000 NET/0-5
gx10-6b41:65:65 [0] NCCL INFO 20 : NET/0-4 GPU/0-f01000 NET/0-4
gx10-6b41:65:65 [0] NCCL INFO 21 : NET/0-5 GPU/0-f01000 NET/0-5
gx10-6b41:65:65 [0] NCCL INFO 22 : NET/0-4 GPU/0-f01000 NET/0-4
gx10-6b41:65:65 [0] NCCL INFO 23 : NET/0-5 GPU/0-f01000 NET/0-5
gx10-6b41:65:65 [0] NCCL INFO 24 : NET/0-4 GPU/0-f01000 NET/0-4
gx10-6b41:65:65 [0] NCCL INFO 25 : NET/0-5 GPU/0-f01000 NET/0-5
gx10-6b41:65:65 [0] NCCL INFO 26 : NET/0-4 GPU/0-f01000 NET/0-4
gx10-6b41:65:65 [0] NCCL INFO 27 : NET/0-5 GPU/0-f01000 NET/0-5
gx10-6b41:65:65 [0] NCCL INFO 28 : NET/0-4 GPU/0-f01000 NET/0-4
gx10-6b41:65:65 [0] NCCL INFO 29 : NET/0-5 GPU/0-f01000 NET/0-5
gx10-6b41:65:65 [0] NCCL INFO 30 : NET/0-4 GPU/0-f01000 NET/0-4
gx10-6b41:65:65 [0] NCCL INFO 31 : NET/0-5 GPU/0-f01000 NET/0-5
gx10-6b41:65:65 [0] NCCL INFO Rank 2: 6 Net devices
gx10-6b41:65:65 [0] NCCL INFO Rank 2: 0 CollNet devices
gx10-6b41:65:65 [0] NCCL INFO comm 0xbdceb7dbab60 rank 2 nRanks 3 nNodes 3 localRanks 1 localRank 0 MNNVL 0
gx10-6b41:65:65 [0] NCCL INFO Tree 0 : 0 -> 2 -> 1/-1/-1
gx10-6b41:65:65 [0] NCCL INFO Tree 32 : 0 -> 2 -> -1/-1/-1
gx10-6b41:65:65 [0] NCCL INFO Tree 1 : 0 -> 2 -> 1/-1/-1
gx10-6b41:65:65 [0] NCCL INFO Tree 33 : 0 -> 2 -> -1/-1/-1
gx10-6b41:65:65 [0] NCCL INFO Tree 2 : 0 -> 2 -> 1/-1/-1
gx10-6b41:65:65 [0] NCCL INFO Tree 34 : 0 -> 2 -> -1/-1/-1
gx10-6b41:65:65 [0] NCCL INFO Tree 3 : 0 -> 2 -> 1/-1/-1
gx10-6b41:65:65 [0] NCCL INFO Tree 35 : 0 -> 2 -> -1/-1/-1
gx10-6b41:65:65 [0] NCCL INFO Tree 4 : 0 -> 2 -> 1/-1/-1
gx10-6b41:65:65 [0] NCCL INFO Tree 36 : 0 -> 2 -> -1/-1/-1
gx10-6b41:65:65 [0] NCCL INFO Tree 5 : 0 -> 2 -> 1/-1/-1
gx10-6b41:65:65 [0] NCCL INFO Tree 37 : 0 -> 2 -> -1/-1/-1
gx10-6b41:65:65 [0] NCCL INFO Tree 6 : 0 -> 2 -> 1/-1/-1
gx10-6b41:65:65 [0] NCCL INFO Tree 38 : 0 -> 2 -> -1/-1/-1
gx10-6b41:65:65 [0] NCCL INFO Tree 7 : 0 -> 2 -> 1/-1/-1
gx10-6b41:65:65 [0] NCCL INFO Tree 39 : 0 -> 2 -> -1/-1/-1
gx10-6b41:65:65 [0] NCCL INFO Tree 8 : 0 -> 2 -> 1/-1/-1
gx10-6b41:65:65 [0] NCCL INFO Tree 40 : 0 -> 2 -> -1/-1/-1
gx10-6b41:65:65 [0] NCCL INFO Tree 9 : 0 -> 2 -> 1/-1/-1
gx10-6b41:65:65 [0] NCCL INFO Tree 41 : 0 -> 2 -> -1/-1/-1
gx10-6b41:65:65 [0] NCCL INFO Tree 10 : 0 -> 2 -> 1/-1/-1
gx10-6b41:65:65 [0] NCCL INFO Tree 42 : 0 -> 2 -> -1/-1/-1
gx10-6b41:65:65 [0] NCCL INFO Tree 11 : 0 -> 2 -> 1/-1/-1
gx10-6b41:65:65 [0] NCCL INFO Tree 43 : 0 -> 2 -> -1/-1/-1
gx10-6b41:65:65 [0] NCCL INFO Tree 12 : 0 -> 2 -> 1/-1/-1
gx10-6b41:65:65 [0] NCCL INFO Tree 44 : 0 -> 2 -> -1/-1/-1
gx10-6b41:65:65 [0] NCCL INFO Tree 13 : 0 -> 2 -> 1/-1/-1
gx10-6b41:65:65 [0] NCCL INFO Tree 45 : 0 -> 2 -> -1/-1/-1
gx10-6b41:65:65 [0] NCCL INFO Tree 14 : 0 -> 2 -> 1/-1/-1
gx10-6b41:65:65 [0] NCCL INFO Tree 46 : 0 -> 2 -> -1/-1/-1
gx10-6b41:65:65 [0] NCCL INFO Tree 15 : 0 -> 2 -> 1/-1/-1
gx10-6b41:65:65 [0] NCCL INFO Tree 47 : 0 -> 2 -> -1/-1/-1
gx10-6b41:65:65 [0] NCCL INFO Tree 16 : 0 -> 2 -> 1/-1/-1
gx10-6b41:65:65 [0] NCCL INFO Tree 48 : 0 -> 2 -> -1/-1/-1
gx10-6b41:65:65 [0] NCCL INFO Tree 17 : 0 -> 2 -> 1/-1/-1
gx10-6b41:65:65 [0] NCCL INFO Tree 49 : 0 -> 2 -> -1/-1/-1
gx10-6b41:65:65 [0] NCCL INFO Tree 18 : 0 -> 2 -> 1/-1/-1
gx10-6b41:65:65 [0] NCCL INFO Tree 50 : 0 -> 2 -> -1/-1/-1
gx10-6b41:65:65 [0] NCCL INFO Tree 19 : 0 -> 2 -> 1/-1/-1
gx10-6b41:65:65 [0] NCCL INFO Tree 51 : 0 -> 2 -> -1/-1/-1
gx10-6b41:65:65 [0] NCCL INFO Tree 20 : 0 -> 2 -> 1/-1/-1
gx10-6b41:65:65 [0] NCCL INFO Tree 52 : 0 -> 2 -> -1/-1/-1
gx10-6b41:65:65 [0] NCCL INFO Tree 21 : 0 -> 2 -> 1/-1/-1
gx10-6b41:65:65 [0] NCCL INFO Tree 53 : 0 -> 2 -> -1/-1/-1
gx10-6b41:65:65 [0] NCCL INFO Tree 22 : 0 -> 2 -> 1/-1/-1
gx10-6b41:65:65 [0] NCCL INFO Tree 54 : 0 -> 2 -> -1/-1/-1
gx10-6b41:65:65 [0] NCCL INFO Tree 23 : 0 -> 2 -> 1/-1/-1
gx10-6b41:65:65 [0] NCCL INFO Tree 55 : 0 -> 2 -> -1/-1/-1
gx10-6b41:65:65 [0] NCCL INFO Tree 24 : 0 -> 2 -> 1/-1/-1
gx10-6b41:65:65 [0] NCCL INFO Tree 56 : 0 -> 2 -> -1/-1/-1
gx10-6b41:65:65 [0] NCCL INFO Tree 25 : 0 -> 2 -> 1/-1/-1
gx10-6b41:65:65 [0] NCCL INFO Tree 57 : 0 -> 2 -> -1/-1/-1
gx10-6b41:65:65 [0] NCCL INFO Tree 26 : 0 -> 2 -> 1/-1/-1
gx10-6b41:65:65 [0] NCCL INFO Tree 58 : 0 -> 2 -> -1/-1/-1
gx10-6b41:65:65 [0] NCCL INFO Tree 27 : 0 -> 2 -> 1/-1/-1
gx10-6b41:65:65 [0] NCCL INFO Tree 59 : 0 -> 2 -> -1/-1/-1
gx10-6b41:65:65 [0] NCCL INFO Tree 28 : 0 -> 2 -> 1/-1/-1
gx10-6b41:65:65 [0] NCCL INFO Tree 60 : 0 -> 2 -> -1/-1/-1
gx10-6b41:65:65 [0] NCCL INFO Tree 29 : 0 -> 2 -> 1/-1/-1
gx10-6b41:65:65 [0] NCCL INFO Tree 61 : 0 -> 2 -> -1/-1/-1
gx10-6b41:65:65 [0] NCCL INFO Tree 30 : 0 -> 2 -> 1/-1/-1
gx10-6b41:65:65 [0] NCCL INFO Tree 62 : 0 -> 2 -> -1/-1/-1
gx10-6b41:65:65 [0] NCCL INFO Tree 31 : 0 -> 2 -> 1/-1/-1
gx10-6b41:65:65 [0] NCCL INFO Tree 63 : 0 -> 2 -> -1/-1/-1
gx10-6b41:65:65 [0] NCCL INFO Ring 00 : 1 -> 2 -> 0
gx10-6b41:65:65 [0] NCCL INFO Ring 01 : 1 -> 2 -> 0
gx10-6b41:65:65 [0] NCCL INFO Ring 02 : 1 -> 2 -> 0
gx10-6b41:65:65 [0] NCCL INFO Ring 03 : 1 -> 2 -> 0
gx10-6b41:65:65 [0] NCCL INFO Ring 04 : 1 -> 2 -> 0
gx10-6b41:65:65 [0] NCCL INFO Ring 05 : 1 -> 2 -> 0
gx10-6b41:65:65 [0] NCCL INFO Ring 06 : 1 -> 2 -> 0
gx10-6b41:65:65 [0] NCCL INFO Ring 07 : 1 -> 2 -> 0
gx10-6b41:65:65 [0] NCCL INFO Ring 08 : 1 -> 2 -> 0
gx10-6b41:65:65 [0] NCCL INFO Ring 09 : 1 -> 2 -> 0
gx10-6b41:65:65 [0] NCCL INFO Ring 10 : 1 -> 2 -> 0
gx10-6b41:65:65 [0] NCCL INFO Ring 11 : 1 -> 2 -> 0
gx10-6b41:65:65 [0] NCCL INFO Ring 12 : 1 -> 2 -> 0
gx10-6b41:65:65 [0] NCCL INFO Ring 13 : 1 -> 2 -> 0
gx10-6b41:65:65 [0] NCCL INFO Ring 14 : 1 -> 2 -> 0
gx10-6b41:65:65 [0] NCCL INFO Ring 15 : 1 -> 2 -> 0
gx10-6b41:65:65 [0] NCCL INFO Ring 16 : 1 -> 2 -> 0
gx10-6b41:65:65 [0] NCCL INFO Ring 17 : 1 -> 2 -> 0
gx10-6b41:65:65 [0] NCCL INFO Ring 18 : 1 -> 2 -> 0
gx10-6b41:65:65 [0] NCCL INFO Ring 19 : 1 -> 2 -> 0
gx10-6b41:65:65 [0] NCCL INFO Ring 20 : 1 -> 2 -> 0
gx10-6b41:65:65 [0] NCCL INFO Ring 21 : 1 -> 2 -> 0
gx10-6b41:65:65 [0] NCCL INFO Ring 22 : 1 -> 2 -> 0
gx10-6b41:65:65 [0] NCCL INFO Ring 23 : 1 -> 2 -> 0
gx10-6b41:65:65 [0] NCCL INFO Ring 24 : 1 -> 2 -> 0
gx10-6b41:65:65 [0] NCCL INFO Ring 25 : 1 -> 2 -> 0
gx10-6b41:65:65 [0] NCCL INFO Ring 26 : 1 -> 2 -> 0
gx10-6b41:65:65 [0] NCCL INFO Ring 27 : 1 -> 2 -> 0
gx10-6b41:65:65 [0] NCCL INFO Ring 28 : 1 -> 2 -> 0
gx10-6b41:65:65 [0] NCCL INFO Ring 29 : 1 -> 2 -> 0
gx10-6b41:65:65 [0] NCCL INFO Ring 30 : 1 -> 2 -> 0
gx10-6b41:65:65 [0] NCCL INFO Ring 31 : 1 -> 2 -> 0
gx10-6b41:65:65 [0] NCCL INFO Ring 32 : 1 -> 2 -> 0
gx10-6b41:65:65 [0] NCCL INFO Ring 33 : 1 -> 2 -> 0
gx10-6b41:65:65 [0] NCCL INFO Ring 34 : 1 -> 2 -> 0
gx10-6b41:65:65 [0] NCCL INFO Ring 35 : 1 -> 2 -> 0
gx10-6b41:65:65 [0] NCCL INFO Ring 36 : 1 -> 2 -> 0
gx10-6b41:65:65 [0] NCCL INFO Ring 37 : 1 -> 2 -> 0
gx10-6b41:65:65 [0] NCCL INFO Ring 38 : 1 -> 2 -> 0
gx10-6b41:65:65 [0] NCCL INFO Ring 39 : 1 -> 2 -> 0
gx10-6b41:65:65 [0] NCCL INFO Ring 40 : 1 -> 2 -> 0
gx10-6b41:65:65 [0] NCCL INFO Ring 41 : 1 -> 2 -> 0
gx10-6b41:65:65 [0] NCCL INFO Ring 42 : 1 -> 2 -> 0
gx10-6b41:65:65 [0] NCCL INFO Ring 43 : 1 -> 2 -> 0
gx10-6b41:65:65 [0] NCCL INFO Ring 44 : 1 -> 2 -> 0
gx10-6b41:65:65 [0] NCCL INFO Ring 45 : 1 -> 2 -> 0
gx10-6b41:65:65 [0] NCCL INFO Ring 46 : 1 -> 2 -> 0
gx10-6b41:65:65 [0] NCCL INFO Ring 47 : 1 -> 2 -> 0
gx10-6b41:65:65 [0] NCCL INFO Ring 48 : 1 -> 2 -> 0
gx10-6b41:65:65 [0] NCCL INFO Ring 49 : 1 -> 2 -> 0
gx10-6b41:65:65 [0] NCCL INFO Ring 50 : 1 -> 2 -> 0
gx10-6b41:65:65 [0] NCCL INFO Ring 51 : 1 -> 2 -> 0
gx10-6b41:65:65 [0] NCCL INFO Ring 52 : 1 -> 2 -> 0
gx10-6b41:65:65 [0] NCCL INFO Ring 53 : 1 -> 2 -> 0
gx10-6b41:65:65 [0] NCCL INFO Ring 54 : 1 -> 2 -> 0
gx10-6b41:65:65 [0] NCCL INFO Ring 55 : 1 -> 2 -> 0
gx10-6b41:65:65 [0] NCCL INFO Ring 56 : 1 -> 2 -> 0
gx10-6b41:65:65 [0] NCCL INFO Ring 57 : 1 -> 2 -> 0
gx10-6b41:65:65 [0] NCCL INFO Ring 58 : 1 -> 2 -> 0
gx10-6b41:65:65 [0] NCCL INFO Ring 59 : 1 -> 2 -> 0
gx10-6b41:65:65 [0] NCCL INFO Ring 60 : 1 -> 2 -> 0
gx10-6b41:65:65 [0] NCCL INFO Ring 61 : 1 -> 2 -> 0
gx10-6b41:65:65 [0] NCCL INFO Ring 62 : 1 -> 2 -> 0
gx10-6b41:65:65 [0] NCCL INFO Ring 63 : 1 -> 2 -> 0
gx10-6b41:65:65 [0] NCCL INFO Trees [0] 1/-1/-1->2->0 [1] 1/-1/-1->2->0 [2] 1/-1/-1->2->0 [3] 1/-1/-1->2->0 [4] 1/-1/-1->2->0 [5] 1/-1/-1->2->0 [6] 1/-1/-1->2->0 [7] 1/-1/-1->2->0 [8] 1/-1/-1->2->0 [9] 1/-1/-1->2->0 [10] 1/-1/-1->2->0 [11] 1/-1/-1->2->0 [12] 1/-1/-1->2->0 [13] 1/-1/-1->2->0 [14] 1/-1/-1->2->0 [15] 1/-1/-1->2->0 [16] 1/-1/-1->2->0 [17] 1/-1/-1->2->0 [18] 1/-1/-1->2->0 [19] 1/-1/-1->2->0 [20] 1/-1/-1->2->0 [21] 1/-1/-1->2->0 [22] 1/-1/-1->2->0 [23] 1/-1/-1->2->0 [24] 1/-1/-1->2->0 [25] 1/-1/-1->2->0 [26] 1/-1/-1->2->0 [27] 1/-1/-1->2->0 [28] 1/-1/-1->2->0 [29] 1/-1/-1->2->0 [30] 1/-1/-1->2->0 [31] 1/-1/-1->2->0 [32] -1/-1/-1->2->0 [33] -1/-1/-1->2->0 [34] -1/-1/-1->2->0 [35] -1/-1/-1->2->0 [36] -1/-1/-1->2->0 [37] -1/-1/-1->2->0 [38] -1/-1/-1->2->0 [39] -1/-1/-1->2->0 [40] -1/-1/-1->2->0 [41] -1/-1/-1->2->0 [42] -1/-1/-1->2->0 [43] -1/-1/-1->2->0 [44] -1/-1/-1->2->0 [45] -1/-1/-1->2->0 [46] -1/-1/-1->2->0 [47] -1/-1/-1->2->0 [48] -1/-1/-1->2->0 [49] -1/-1/-1->2->0 [50] -1/-1/-1->2->0 [51] -1/-1/-1->2->0 [52] -1/-1/-1->2->0 [53
gx10-6b41:65:65 [0] NCCL INFO P2P Chunksize set to 262144
gx10-6b41:65:65 [0] NCCL INFO Tuning P2P operations with maxP2pPeers = 3
gx10-6b41:65:65 [0] NCCL INFO ncclOsDlopen(libnccl-profiler.so) failed: libnccl-profiler.so: cannot open shared object file: No such file or directory
gx10-6b41:65:65 [0] NCCL INFO PROFILER/Plugin: Could not find: libnccl-profiler.so
gx10-6b41:65:65 [0] NCCL INFO Check P2P Type isAllDirectP2p 1 directMode 0 isAllCudaP2p 1
gx10-6b41:65:65 [0] NCCL INFO ncclP2pSchedule: group size used is 1
gx10-6b41:65:75 [0] NCCL INFO [Proxy Service] Device 0 CPU core 9
gx10-6b41:65:75 [0] NCCL INFO proxy listening socket at 192.168.1.27<51253>
gx10-6b41:65:76 [0] NCCL INFO [Proxy Service UDS] Device 0 CPU core 17
gx10-6b41:65:65 [0] NCCL INFO ncclOsDlopen(libnccl-tuner.so) failed: libnccl-tuner.so: cannot open shared object file: No such file or directory
gx10-6b41:65:65 [0] NCCL INFO TUNER/Plugin: Could not find: libnccl-tuner.so
gx10-6b41:65:65 [0] NCCL INFO threadThresholds 8/8/64 | 24/8/64 | 512 | 512
gx10-6b41:65:65 [0] NCCL INFO 64 coll channels, 64 collnet channels, 0 nvls channels, 64 p2p channels, 2 p2p channels per peer
gx10-6b41:65:65 [0] NCCL INFO Symmetric memory is not supported. cuMemEnable 1, globalGinSupport 0, cuMemGdrSupport 0
gx10-6b41:65:65 [0] NCCL INFO ncclCommInitRankConfig comm 0xbdceb7dbab60 rank 2 nranks 3 cudaDev 0 nvmlDev 0 busId f01000 commId 0x1c2c2532b3c9695e - Init COMPLETE
gx10-6b41:65:65 [0] NCCL INFO Init timings - ncclCommInitRankConfig: rank 2 nranks 3 total 0.33 (kernels 0.16, alloc 0.06, bootstrap 0.06, allgathers 0.02, topo 0.01, graphs 0.00, connections 0.02, rest 0.00)
gx10-6b41:65:65 [0] NCCL INFO Symmetric VA size=124GB
gx10-6b41:65:77 [0] NCCL INFO [Proxy Progress] Device 0 CPU core 4
gx10-6b41:65:75 [0] NCCL INFO NCCL_IB_SUBNET_AWARE_ROUTING set by environment to 1.
gx10-6b41:65:65 [0] NCCL INFO Channel 00/0 : 1[0] -> 2[0] [receive] via NET/IB/4
gx10-6b41:65:65 [0] NCCL INFO Channel 01/0 : 1[0] -> 2[0] [receive] via NET/IB/5
gx10-6b41:65:65 [0] NCCL INFO Channel 02/0 : 1[0] -> 2[0] [receive] via NET/IB/4
gx10-6b41:65:65 [0] NCCL INFO Channel 03/0 : 1[0] -> 2[0] [receive] via NET/IB/5
gx10-6b41:65:65 [0] NCCL INFO Channel 04/0 : 1[0] -> 2[0] [receive] via NET/IB/4
gx10-6b41:65:65 [0] NCCL INFO Channel 05/0 : 1[0] -> 2[0] [receive] via NET/IB/5
gx10-6b41:65:65 [0] NCCL INFO Channel 06/0 : 1[0] -> 2[0] [receive] via NET/IB/4
gx10-6b41:65:65 [0] NCCL INFO Channel 07/0 : 1[0] -> 2[0] [receive] via NET/IB/5
gx10-6b41:65:65 [0] NCCL INFO Channel 08/0 : 1[0] -> 2[0] [receive] via NET/IB/4
gx10-6b41:65:65 [0] NCCL INFO Channel 09/0 : 1[0] -> 2[0] [receive] via NET/IB/5
gx10-6b41:65:65 [0] NCCL INFO Channel 10/0 : 1[0] -> 2[0] [receive] via NET/IB/4
gx10-6b41:65:65 [0] NCCL INFO Channel 11/0 : 1[0] -> 2[0] [receive] via NET/IB/5
gx10-6b41:65:65 [0] NCCL INFO Channel 12/0 : 1[0] -> 2[0] [receive] via NET/IB/4
gx10-6b41:65:65 [0] NCCL INFO Channel 13/0 : 1[0] -> 2[0] [receive] via NET/IB/5
gx10-6b41:65:65 [0] NCCL INFO Channel 14/0 : 1[0] -> 2[0] [receive] via NET/IB/4
gx10-6b41:65:65 [0] NCCL INFO Channel 15/0 : 1[0] -> 2[0] [receive] via NET/IB/5
gx10-6b41:65:65 [0] NCCL INFO Channel 16/0 : 1[0] -> 2[0] [receive] via NET/IB/4
gx10-6b41:65:65 [0] NCCL INFO Channel 17/0 : 1[0] -> 2[0] [receive] via NET/IB/5
gx10-6b41:65:65 [0] NCCL INFO Channel 18/0 : 1[0] -> 2[0] [receive] via NET/IB/4
gx10-6b41:65:65 [0] NCCL INFO Channel 19/0 : 1[0] -> 2[0] [receive] via NET/IB/5
gx10-6b41:65:65 [0] NCCL INFO Channel 20/0 : 1[0] -> 2[0] [receive] via NET/IB/4
gx10-6b41:65:65 [0] NCCL INFO Channel 21/0 : 1[0] -> 2[0] [receive] via NET/IB/5
gx10-6b41:65:65 [0] NCCL INFO Channel 22/0 : 1[0] -> 2[0] [receive] via NET/IB/4
gx10-6b41:65:65 [0] NCCL INFO Channel 23/0 : 1[0] -> 2[0] [receive] via NET/IB/5
gx10-6b41:65:65 [0] NCCL INFO Channel 24/0 : 1[0] -> 2[0] [receive] via NET/IB/4
gx10-6b41:65:65 [0] NCCL INFO Channel 25/0 : 1[0] -> 2[0] [receive] via NET/IB/5
gx10-6b41:65:65 [0] NCCL INFO Channel 26/0 : 1[0] -> 2[0] [receive] via NET/IB/4
gx10-6b41:65:65 [0] NCCL INFO Channel 27/0 : 1[0] -> 2[0] [receive] via NET/IB/5
gx10-6b41:65:65 [0] NCCL INFO Channel 28/0 : 1[0] -> 2[0] [receive] via NET/IB/4
gx10-6b41:65:65 [0] NCCL INFO Channel 29/0 : 1[0] -> 2[0] [receive] via NET/IB/5
gx10-6b41:65:65 [0] NCCL INFO Channel 30/0 : 1[0] -> 2[0] [receive] via NET/IB/4
gx10-6b41:65:65 [0] NCCL INFO Channel 31/0 : 1[0] -> 2[0] [receive] via NET/IB/5
gx10-6b41:65:65 [0] NCCL INFO Channel 32/0 : 1[0] -> 2[0] [receive] via NET/IB/4
gx10-6b41:65:65 [0] NCCL INFO Channel 33/0 : 1[0] -> 2[0] [receive] via NET/IB/5
gx10-6b41:65:65 [0] NCCL INFO Channel 34/0 : 1[0] -> 2[0] [receive] via NET/IB/4
gx10-6b41:65:65 [0] NCCL INFO Channel 35/0 : 1[0] -> 2[0] [receive] via NET/IB/5
gx10-6b41:65:65 [0] NCCL INFO Channel 36/0 : 1[0] -> 2[0] [receive] via NET/IB/4
gx10-6b41:65:65 [0] NCCL INFO Channel 37/0 : 1[0] -> 2[0] [receive] via NET/IB/5
gx10-6b41:65:65 [0] NCCL INFO Channel 38/0 : 1[0] -> 2[0] [receive] via NET/IB/4
gx10-6b41:65:65 [0] NCCL INFO Channel 39/0 : 1[0] -> 2[0] [receive] via NET/IB/5
gx10-6b41:65:65 [0] NCCL INFO Channel 40/0 : 1[0] -> 2[0] [receive] via NET/IB/4
gx10-6b41:65:65 [0] NCCL INFO Channel 41/0 : 1[0] -> 2[0] [receive] via NET/IB/5
gx10-6b41:65:65 [0] NCCL INFO Channel 42/0 : 1[0] -> 2[0] [receive] via NET/IB/4
gx10-6b41:65:65 [0] NCCL INFO Channel 43/0 : 1[0] -> 2[0] [receive] via NET/IB/5
gx10-6b41:65:65 [0] NCCL INFO Channel 44/0 : 1[0] -> 2[0] [receive] via NET/IB/4
gx10-6b41:65:65 [0] NCCL INFO Channel 45/0 : 1[0] -> 2[0] [receive] via NET/IB/5
gx10-6b41:65:65 [0] NCCL INFO Channel 46/0 : 1[0] -> 2[0] [receive] via NET/IB/4
gx10-6b41:65:65 [0] NCCL INFO Channel 47/0 : 1[0] -> 2[0] [receive] via NET/IB/5
gx10-6b41:65:65 [0] NCCL INFO Channel 48/0 : 1[0] -> 2[0] [receive] via NET/IB/4
gx10-6b41:65:65 [0] NCCL INFO Channel 49/0 : 1[0] -> 2[0] [receive] via NET/IB/5
gx10-6b41:65:65 [0] NCCL INFO Channel 50/0 : 1[0] -> 2[0] [receive] via NET/IB/4
gx10-6b41:65:65 [0] NCCL INFO Channel 51/0 : 1[0] -> 2[0] [receive] via NET/IB/5
gx10-6b41:65:65 [0] NCCL INFO Channel 52/0 : 1[0] -> 2[0] [receive] via NET/IB/4
gx10-6b41:65:65 [0] NCCL INFO Channel 53/0 : 1[0] -> 2[0] [receive] via NET/IB/5
gx10-6b41:65:65 [0] NCCL INFO Channel 54/0 : 1[0] -> 2[0] [receive] via NET/IB/4
gx10-6b41:65:65 [0] NCCL INFO Channel 55/0 : 1[0] -> 2[0] [receive] via NET/IB/5
gx10-6b41:65:65 [0] NCCL INFO Channel 56/0 : 1[0] -> 2[0] [receive] via NET/IB/4
gx10-6b41:65:65 [0] NCCL INFO Channel 57/0 : 1[0] -> 2[0] [receive] via NET/IB/5
gx10-6b41:65:65 [0] NCCL INFO Channel 58/0 : 1[0] -> 2[0] [receive] via NET/IB/4
gx10-6b41:65:65 [0] NCCL INFO Channel 59/0 : 1[0] -> 2[0] [receive] via NET/IB/5
gx10-6b41:65:65 [0] NCCL INFO Channel 60/0 : 1[0] -> 2[0] [receive] via NET/IB/4
gx10-6b41:65:65 [0] NCCL INFO Channel 61/0 : 1[0] -> 2[0] [receive] via NET/IB/5
gx10-6b41:65:65 [0] NCCL INFO Channel 62/0 : 1[0] -> 2[0] [receive] via NET/IB/4
gx10-6b41:65:65 [0] NCCL INFO Channel 63/0 : 1[0] -> 2[0] [receive] via NET/IB/5
gx10-6b41:65:65 [0] NCCL INFO Channel 00/0 : 2[0] -> 0[0] [send] via NET/IB/4
gx10-6b41:65:65 [0] NCCL INFO Channel 01/0 : 2[0] -> 0[0] [send] via NET/IB/5
gx10-6b41:65:65 [0] NCCL INFO Channel 02/0 : 2[0] -> 0[0] [send] via NET/IB/4
gx10-6b41:65:65 [0] NCCL INFO Channel 03/0 : 2[0] -> 0[0] [send] via NET/IB/5
gx10-6b41:65:65 [0] NCCL INFO Channel 04/0 : 2[0] -> 0[0] [send] via NET/IB/4
gx10-6b41:65:65 [0] NCCL INFO Channel 05/0 : 2[0] -> 0[0] [send] via NET/IB/5
gx10-6b41:65:65 [0] NCCL INFO Channel 06/0 : 2[0] -> 0[0] [send] via NET/IB/4
gx10-6b41:65:65 [0] NCCL INFO Channel 07/0 : 2[0] -> 0[0] [send] via NET/IB/5
gx10-6b41:65:65 [0] NCCL INFO Channel 08/0 : 2[0] -> 0[0] [send] via NET/IB/4
gx10-6b41:65:65 [0] NCCL INFO Channel 09/0 : 2[0] -> 0[0] [send] via NET/IB/5
gx10-6b41:65:65 [0] NCCL INFO Channel 10/0 : 2[0] -> 0[0] [send] via NET/IB/4
gx10-6b41:65:65 [0] NCCL INFO Channel 11/0 : 2[0] -> 0[0] [send] via NET/IB/5
gx10-6b41:65:65 [0] NCCL INFO Channel 12/0 : 2[0] -> 0[0] [send] via NET/IB/4
gx10-6b41:65:65 [0] NCCL INFO Channel 13/0 : 2[0] -> 0[0] [send] via NET/IB/5
gx10-6b41:65:65 [0] NCCL INFO Channel 14/0 : 2[0] -> 0[0] [send] via NET/IB/4
gx10-6b41:65:65 [0] NCCL INFO Channel 15/0 : 2[0] -> 0[0] [send] via NET/IB/5
gx10-6b41:65:65 [0] NCCL INFO Channel 16/0 : 2[0] -> 0[0] [send] via NET/IB/4
gx10-6b41:65:65 [0] NCCL INFO Channel 17/0 : 2[0] -> 0[0] [send] via NET/IB/5
gx10-6b41:65:65 [0] NCCL INFO Channel 18/0 : 2[0] -> 0[0] [send] via NET/IB/4
gx10-6b41:65:65 [0] NCCL INFO Channel 19/0 : 2[0] -> 0[0] [send] via NET/IB/5
gx10-6b41:65:65 [0] NCCL INFO Channel 20/0 : 2[0] -> 0[0] [send] via NET/IB/4
gx10-6b41:65:65 [0] NCCL INFO Channel 21/0 : 2[0] -> 0[0] [send] via NET/IB/5
gx10-6b41:65:65 [0] NCCL INFO Channel 22/0 : 2[0] -> 0[0] [send] via NET/IB/4
gx10-6b41:65:65 [0] NCCL INFO Channel 23/0 : 2[0] -> 0[0] [send] via NET/IB/5
gx10-6b41:65:65 [0] NCCL INFO Channel 24/0 : 2[0] -> 0[0] [send] via NET/IB/4
gx10-6b41:65:65 [0] NCCL INFO Channel 25/0 : 2[0] -> 0[0] [send] via NET/IB/5
gx10-6b41:65:65 [0] NCCL INFO Channel 26/0 : 2[0] -> 0[0] [send] via NET/IB/4
gx10-6b41:65:65 [0] NCCL INFO Channel 27/0 : 2[0] -> 0[0] [send] via NET/IB/5
gx10-6b41:65:65 [0] NCCL INFO Channel 28/0 : 2[0] -> 0[0] [send] via NET/IB/4
gx10-6b41:65:65 [0] NCCL INFO Channel 29/0 : 2[0] -> 0[0] [send] via NET/IB/5
gx10-6b41:65:65 [0] NCCL INFO Channel 30/0 : 2[0] -> 0[0] [send] via NET/IB/4
gx10-6b41:65:65 [0] NCCL INFO Channel 31/0 : 2[0] -> 0[0] [send] via NET/IB/5
gx10-6b41:65:65 [0] NCCL INFO Channel 32/0 : 2[0] -> 0[0] [send] via NET/IB/4
gx10-6b41:65:65 [0] NCCL INFO Channel 33/0 : 2[0] -> 0[0] [send] via NET/IB/5
gx10-6b41:65:65 [0] NCCL INFO Channel 34/0 : 2[0] -> 0[0] [send] via NET/IB/4
gx10-6b41:65:65 [0] NCCL INFO Channel 35/0 : 2[0] -> 0[0] [send] via NET/IB/5
gx10-6b41:65:65 [0] NCCL INFO Channel 36/0 : 2[0] -> 0[0] [send] via NET/IB/4
gx10-6b41:65:65 [0] NCCL INFO Channel 37/0 : 2[0] -> 0[0] [send] via NET/IB/5
gx10-6b41:65:65 [0] NCCL INFO Channel 38/0 : 2[0] -> 0[0] [send] via NET/IB/4
gx10-6b41:65:65 [0] NCCL INFO Channel 39/0 : 2[0] -> 0[0] [send] via NET/IB/5
gx10-6b41:65:65 [0] NCCL INFO Channel 40/0 : 2[0] -> 0[0] [send] via NET/IB/4
gx10-6b41:65:65 [0] NCCL INFO Channel 41/0 : 2[0] -> 0[0] [send] via NET/IB/5
gx10-6b41:65:65 [0] NCCL INFO Channel 42/0 : 2[0] -> 0[0] [send] via NET/IB/4
gx10-6b41:65:65 [0] NCCL INFO Channel 43/0 : 2[0] -> 0[0] [send] via NET/IB/5
gx10-6b41:65:65 [0] NCCL INFO Channel 44/0 : 2[0] -> 0[0] [send] via NET/IB/4
gx10-6b41:65:65 [0] NCCL INFO Channel 45/0 : 2[0] -> 0[0] [send] via NET/IB/5
gx10-6b41:65:65 [0] NCCL INFO Channel 46/0 : 2[0] -> 0[0] [send] via NET/IB/4
gx10-6b41:65:65 [0] NCCL INFO Channel 47/0 : 2[0] -> 0[0] [send] via NET/IB/5
gx10-6b41:65:65 [0] NCCL INFO Channel 48/0 : 2[0] -> 0[0] [send] via NET/IB/4
gx10-6b41:65:65 [0] NCCL INFO Channel 49/0 : 2[0] -> 0[0] [send] via NET/IB/5
gx10-6b41:65:65 [0] NCCL INFO Channel 50/0 : 2[0] -> 0[0] [send] via NET/IB/4
gx10-6b41:65:65 [0] NCCL INFO Channel 51/0 : 2[0] -> 0[0] [send] via NET/IB/5
gx10-6b41:65:65 [0] NCCL INFO Channel 52/0 : 2[0] -> 0[0] [send] via NET/IB/4
gx10-6b41:65:65 [0] NCCL INFO Channel 53/0 : 2[0] -> 0[0] [send] via NET/IB/5
gx10-6b41:65:65 [0] NCCL INFO Channel 54/0 : 2[0] -> 0[0] [send] via NET/IB/4
gx10-6b41:65:65 [0] NCCL INFO Channel 55/0 : 2[0] -> 0[0] [send] via NET/IB/5
gx10-6b41:65:65 [0] NCCL INFO Channel 56/0 : 2[0] -> 0[0] [send] via NET/IB/4
gx10-6b41:65:65 [0] NCCL INFO Channel 57/0 : 2[0] -> 0[0] [send] via NET/IB/5
gx10-6b41:65:65 [0] NCCL INFO Channel 58/0 : 2[0] -> 0[0] [send] via NET/IB/4
gx10-6b41:65:65 [0] NCCL INFO Channel 59/0 : 2[0] -> 0[0] [send] via NET/IB/5
gx10-6b41:65:65 [0] NCCL INFO Channel 60/0 : 2[0] -> 0[0] [send] via NET/IB/4
gx10-6b41:65:65 [0] NCCL INFO Channel 61/0 : 2[0] -> 0[0] [send] via NET/IB/5
gx10-6b41:65:65 [0] NCCL INFO Channel 62/0 : 2[0] -> 0[0] [send] via NET/IB/4
gx10-6b41:65:65 [0] NCCL INFO Channel 63/0 : 2[0] -> 0[0] [send] via NET/IB/5
gx10-6b41:65:75 [0] NCCL INFO NET/IB: Subnet-aware routing: overriding dev 4 with dev 0
gx10-6b41:65:75 [0] NCCL INFO NET/IB: ncclIbResiliencyInit: Resiliency is disabled on the send communicator (comm=0xff88d003d000)
gx10-6b41:65:75 [0] NCCL INFO NET/IB: Subnet-aware routing: overriding dev 4 with dev 0
gx10-6b41:65:75 [0] NCCL INFO NET/IB: ncclIbResiliencyInit: Resiliency is disabled on the recv communicator (comm=0xff88d007e000)
gx10-6b41:65:75 [0] NCCL INFO NET/IB: ncclIbRecvCommInit: Receive work requests will be posted on-demand
gx10-6b41:65:75 [0] NCCL INFO NET/IB: Subnet-aware routing: overriding dev 4 with dev 0
gx10-6b41:65:75 [0] NCCL INFO NET/IB: Subnet-aware routing: overriding dev 5 with dev 2
gx10-6b41:65:75 [0] NCCL INFO NET/IB: ncclIbResiliencyInit: Resiliency is disabled on the send communicator (comm=0xff88d00c6000)
gx10-6b41:65:75 [0] NCCL INFO NET/IB: Subnet-aware routing: overriding dev 4 with dev 0
gx10-6b41:65:75 [0] NCCL INFO NET/IB: Subnet-aware routing: overriding dev 5 with dev 2
gx10-6b41:65:75 [0] NCCL INFO NET/IB: ncclIbResiliencyInit: Resiliency is disabled on the recv communicator (comm=0xff88d010a000)
gx10-6b41:65:75 [0] NCCL INFO NET/IB: ncclIbRecvCommInit: Receive work requests will be posted on-demand
gx10-6b41:65:75 [0] NCCL INFO NET/IB: Subnet-aware routing: overriding dev 4 with dev 0
gx10-6b41:65:75 [0] NCCL INFO NET/IB: Subnet-aware routing: overriding dev 5 with dev 2
gx10-6b41:65:75 [0] NCCL INFO NET/IB: Subnet-aware routing: overriding dev 4 with dev 0
gx10-6b41:65:75 [0] NCCL INFO NET/IB: ncclIbResiliencyInit: Resiliency is disabled on the send communicator (comm=0xff88d0152000)
gx10-6b41:65:75 [0] NCCL INFO NET/IB: Subnet-aware routing: overriding dev 4 with dev 0
gx10-6b41:65:75 [0] NCCL INFO NET/IB: Subnet-aware routing: overriding dev 5 with dev 2
gx10-6b41:65:75 [0] NCCL INFO NET/IB: Subnet-aware routing: overriding dev 4 with dev 0
gx10-6b41:65:75 [0] NCCL INFO NET/IB: ncclIbResiliencyInit: Resiliency is disabled on the recv communicator (comm=0xff88d0199000)
gx10-6b41:65:75 [0] NCCL INFO NET/IB: ncclIbRecvCommInit: Receive work requests will be posted on-demand
gx10-6b41:65:75 [0] NCCL INFO NET/IB: Subnet-aware routing: overriding dev 4 with dev 0
gx10-6b41:65:75 [0] NCCL INFO NET/IB: Subnet-aware routing: overriding dev 5 with dev 2
gx10-6b41:65:75 [0] NCCL INFO NET/IB: Subnet-aware routing: overriding dev 4 with dev 0
gx10-6b41:65:75 [0] NCCL INFO NET/IB: Subnet-aware routing: overriding dev 5 with dev 2
gx10-6b41:65:75 [0] NCCL INFO NET/IB: ncclIbResiliencyInit: Resiliency is disabled on the send communicator (comm=0xff88d01e1000)
gx10-6b41:65:75 [0] NCCL INFO NET/IB: Subnet-aware routing: overriding dev 4 with dev 0
gx10-6b41:65:75 [0] NCCL INFO NET/IB: ncclIbSenderQpsCreate: QP created: port=1 dev=0 devName=rocep1s0f0 ndevs=4 nmdevs=6 qp_num=40630 pkey=0 pd=0xff88d007ded0 oooRq=0
gx10-6b41:65:75 [0] NCCL INFO NET/IB: ncclIbSenderQpsCreate: QP created: port=1 dev=0 devName=rocep1s0f0 ndevs=4 nmdevs=6 qp_num=40631 pkey=0 pd=0xff88d007ded0 oooRq=0
gx10-6b41:65:75 [0] NCCL INFO NET/IB: ncclIbConnectImpl: NCCL Dev 0 IbDev 0 Port 1 qp_num 40630 mtu 5 GID 6 (0/265A8C0FFFF0000) ctsFifoRkey=0x1513ce ctsFifoLkey=0x1513ce
gx10-6b41:65:75 [0] NCCL INFO NET/IB: ncclIbConnectImpl: IbDev 0 Port 1 qp_num 40630 query_ece={supported=1, vendor_id=0x15b3, options=0x30000002, comp_mask=0x0}
gx10-6b41:65:75 [0] NCCL INFO NET/IB: ncclIbConnectImpl: NCCL Dev 0 IbDev 0 Port 1 qp_num 40631 mtu 5 GID 6 (0/265A8C0FFFF0000) ctsFifoRkey=0x1513ce ctsFifoLkey=0x1513ce
gx10-6b41:65:75 [0] NCCL INFO NET/IB: ncclIbConnectImpl: IbDev 0 Port 1 qp_num 40631 query_ece={supported=1, vendor_id=0x15b3, options=0x30000002, comp_mask=0x0}
gx10-6b41:65:75 [0] NCCL INFO NET/IB: Subnet-aware routing: overriding dev 4 with dev 1
gx10-6b41:65:75 [0] NCCL INFO NET/IB: ncclIbReceiverQpsCreateToRts: QP created: port=1 dev=1 devName=rocep1s0f1 ndevs=4 nmdevs=6 qp_num=39618 pkey=0 pd=0xff88d02348f0 oooRq=0
gx10-6b41:65:75 [0] NCCL INFO NET/IB: ncclIbReceiverQpsCreateToRts: QP created: port=1 dev=1 devName=rocep1s0f1 ndevs=4 nmdevs=6 qp_num=39619 pkey=0 pd=0xff88d02348f0 oooRq=0
gx10-6b41:65:75 [0] NCCL INFO NET/IB: ncclIbReceiverQpsCreateToRts: Flush QP created: port=1 dev=1 devName=rocep1s0f1 ndevs=4 nmdevs=6 qp_num=39620 pkey=0 pd=0xff88d02348f0
gx10-6b41:65:75 [0] NCCL INFO NET/IB: Subnet-aware routing: overriding dev 5 with dev 2
gx10-6b41:65:75 [0] NCCL INFO NET/IB: ncclIbSenderQpsCreate: QP created: port=1 dev=2 devName=roceP2p1s0f0 ndevs=4 nmdevs=6 qp_num=1868 pkey=0 pd=0xff88d02218d0 oooRq=0
gx10-6b41:65:75 [0] NCCL INFO NET/IB: ncclIbSenderQpsCreate: QP created: port=1 dev=2 devName=roceP2p1s0f0 ndevs=4 nmdevs=6 qp_num=1869 pkey=0 pd=0xff88d02218d0 oooRq=0
gx10-6b41:65:75 [0] NCCL INFO NET/IB: ncclIbConnectImpl: NCCL Dev 2 IbDev 2 Port 1 qp_num 1868 mtu 5 GID 3 (0/26FA8C0FFFF0000) ctsFifoRkey=0x194241 ctsFifoLkey=0x194241
gx10-6b41:65:75 [0] NCCL INFO NET/IB: ncclIbConnectImpl: IbDev 2 Port 1 qp_num 1868 query_ece={supported=1, vendor_id=0x15b3, options=0x30000002, comp_mask=0x0}
gx10-6b41:65:75 [0] NCCL INFO NET/IB: ncclIbConnectImpl: NCCL Dev 2 IbDev 2 Port 1 qp_num 1869 mtu 5 GID 3 (0/26FA8C0FFFF0000) ctsFifoRkey=0x194241 ctsFifoLkey=0x194241
gx10-6b41:65:75 [0] NCCL INFO NET/IB: ncclIbConnectImpl: IbDev 2 Port 1 qp_num 1869 query_ece={supported=1, vendor_id=0x15b3, options=0x30000002, comp_mask=0x0}
gx10-6b41:65:75 [0] NCCL INFO NET/IB: Subnet-aware routing: overriding dev 5 with dev 3
gx10-6b41:65:75 [0] NCCL INFO NET/IB: ncclIbReceiverQpsCreateToRts: QP created: port=1 dev=3 devName=roceP2p1s0f1 ndevs=4 nmdevs=6 qp_num=2219 pkey=0 pd=0xff88d01e0b00 oooRq=0
gx10-6b41:65:75 [0] NCCL INFO NET/IB: ncclIbReceiverQpsCreateToRts: QP created: port=1 dev=3 devName=roceP2p1s0f1 ndevs=4 nmdevs=6 qp_num=2220 pkey=0 pd=0xff88d01e0b00 oooRq=0
gx10-6b41:65:75 [0] NCCL INFO NET/IB: ncclIbReceiverQpsCreateToRts: Flush QP created: port=1 dev=3 devName=roceP2p1s0f1 ndevs=4 nmdevs=6 qp_num=2221 pkey=0 pd=0xff88d01e0b00
gx10-6b41:65:75 [0] NCCL INFO NET/IB: Subnet-aware routing: overriding dev 4 with dev 0
gx10-6b41:65:75 [0] NCCL INFO NET/IB: ncclIbSenderQpsCreate: QP created: port=1 dev=0 devName=rocep1s0f0 ndevs=4 nmdevs=6 qp_num=40632 pkey=0 pd=0xff88d007ded0 oooRq=0
gx10-6b41:65:75 [0] NCCL INFO NET/IB: ncclIbSenderQpsCreate: QP created: port=1 dev=0 devName=rocep1s0f0 ndevs=4 nmdevs=6 qp_num=40633 pkey=0 pd=0xff88d007ded0 oooRq=0
gx10-6b41:65:75 [0] NCCL INFO NET/IB: ncclIbConnectImpl: NCCL Dev 0 IbDev 0 Port 1 qp_num 40632 mtu 5 GID 6 (0/265A8C0FFFF0000) ctsFifoRkey=0x174e09 ctsFifoLkey=0x174e09
gx10-6b41:65:75 [0] NCCL INFO NET/IB: ncclIbConnectImpl: IbDev 0 Port 1 qp_num 40632 query_ece={supported=1, vendor_id=0x15b3, options=0x30000002, comp_mask=0x0}
gx10-6b41:65:75 [0] NCCL INFO NET/IB: ncclIbConnectImpl: NCCL Dev 0 IbDev 0 Port 1 qp_num 40633 mtu 5 GID 6 (0/265A8C0FFFF0000) ctsFifoRkey=0x174e09 ctsFifoLkey=0x174e09
gx10-6b41:65:75 [0] NCCL INFO NET/IB: ncclIbConnectImpl: IbDev 0 Port 1 qp_num 40633 query_ece={supported=1, vendor_id=0x15b3, options=0x30000002, comp_mask=0x0}
gx10-6b41:65:75 [0] NCCL INFO NET/IB: Subnet-aware routing: overriding dev 5 with dev 2
gx10-6b41:65:75 [0] NCCL INFO NET/IB: ncclIbResiliencyInit: Resiliency is disabled on the recv communicator (comm=0xff88d0454000)
gx10-6b41:65:75 [0] NCCL INFO NET/IB: ncclIbRecvCommInit: Receive work requests will be posted on-demand
gx10-6b41:65:75 [0] NCCL INFO NET/IB: Subnet-aware routing: overriding dev 4 with dev 0
gx10-6b41:65:75 [0] NCCL INFO NET/IB: ncclIbSenderQpsToRts: Set ECE: IbDev 0 Port 1 qp_num 40630 set_ece={supported=1, vendor_id=0x15b3, options=0x30000002, comp_mask=0x0}
gx10-6b41:65:75 [0] NCCL INFO NET/IB: ncclIbSenderQpsToRts: Set ECE: IbDev 0 Port 1 qp_num 40631 set_ece={supported=1, vendor_id=0x15b3, options=0x30000002, comp_mask=0x0}
gx10-6b41:65:75 [0] NCCL INFO NET/IB: Subnet-aware routing: overriding dev 5 with dev 2
gx10-6b41:65:75 [0] NCCL INFO NET/IB: ncclIbSenderQpsToRts: Set ECE: IbDev 2 Port 1 qp_num 1868 set_ece={supported=1, vendor_id=0x15b3, options=0x30000002, comp_mask=0x0}
gx10-6b41:65:75 [0] NCCL INFO NET/IB: ncclIbSenderQpsToRts: Set ECE: IbDev 2 Port 1 qp_num 1869 set_ece={supported=1, vendor_id=0x15b3, options=0x30000002, comp_mask=0x0}
gx10-6b41:65:75 [0] NCCL INFO NET/IB: Subnet-aware routing: overriding dev 4 with dev 0
gx10-6b41:65:75 [0] NCCL INFO NET/IB: ncclIbSenderQpsToRts: Set ECE: IbDev 0 Port 1 qp_num 40632 set_ece={supported=1, vendor_id=0x15b3, options=0x30000002, comp_mask=0x0}
gx10-6b41:65:75 [0] NCCL INFO NET/IB: ncclIbSenderQpsToRts: Set ECE: IbDev 0 Port 1 qp_num 40633 set_ece={supported=1, vendor_id=0x15b3, options=0x30000002, comp_mask=0x0}
gx10-6b41:65:75 [0] NCCL INFO NET/IB: Subnet-aware routing: overriding dev 5 with dev 2
gx10-6b41:65:75 [0] NCCL INFO NET/IB: ncclIbSenderQpsCreate: QP created: port=1 dev=2 devName=roceP2p1s0f0 ndevs=4 nmdevs=6 qp_num=1870 pkey=0 pd=0xff88d02218d0 oooRq=0
gx10-6b41:65:75 [0] NCCL INFO NET/IB: ncclIbSenderQpsCreate: QP created: port=1 dev=2 devName=roceP2p1s0f0 ndevs=4 nmdevs=6 qp_num=1871 pkey=0 pd=0xff88d02218d0 oooRq=0
gx10-6b41:65:75 [0] NCCL INFO NET/IB: ncclIbConnectImpl: NCCL Dev 2 IbDev 2 Port 1 qp_num 1870 mtu 5 GID 3 (0/26FA8C0FFFF0000) ctsFifoRkey=0x19c4c2 ctsFifoLkey=0x19c4c2
gx10-6b41:65:75 [0] NCCL INFO NET/IB: ncclIbConnectImpl: IbDev 2 Port 1 qp_num 1870 query_ece={supported=1, vendor_id=0x15b3, options=0x30000002, comp_mask=0x0}
gx10-6b41:65:75 [0] NCCL INFO NET/IB: ncclIbConnectImpl: NCCL Dev 2 IbDev 2 Port 1 qp_num 1871 mtu 5 GID 3 (0/26FA8C0FFFF0000) ctsFifoRkey=0x19c4c2 ctsFifoLkey=0x19c4c2
gx10-6b41:65:75 [0] NCCL INFO NET/IB: ncclIbConnectImpl: IbDev 2 Port 1 qp_num 1871 query_ece={supported=1, vendor_id=0x15b3, options=0x30000002, comp_mask=0x0}
gx10-6b41:65:75 [0] NCCL INFO NET/IB: Subnet-aware routing: overriding dev 4 with dev 0
gx10-6b41:65:75 [0] NCCL INFO NET/IB: ncclIbResiliencyInit: Resiliency is disabled on the send communicator (comm=0xff88d04f1000)
gx10-6b41:65:75 [0] NCCL INFO NET/IB: Subnet-aware routing: overriding dev 5 with dev 2
gx10-6b41:65:75 [0] NCCL INFO NET/IB: Subnet-aware routing: overriding dev 4 with dev 0
gx10-6b41:65:75 [0] NCCL INFO NET/IB: ncclIbResiliencyInit: Resiliency is disabled on the recv communicator (comm=0xff88d0535000)
gx10-6b41:65:75 [0] NCCL INFO NET/IB: ncclIbRecvCommInit: Receive work requests will be posted on-demand
gx10-6b41:65:75 [0] NCCL INFO NET/IB: Subnet-aware routing: overriding dev 5 with dev 2
gx10-6b41:65:75 [0] NCCL INFO NET/IB: Subnet-aware routing: overriding dev 4 with dev 0
gx10-6b41:65:75 [0] NCCL INFO NET/IB: Subnet-aware routing: overriding dev 5 with dev 2
gx10-6b41:65:75 [0] NCCL INFO NET/IB: ncclIbResiliencyInit: Resiliency is disabled on the send communicator (comm=0xff88d057d000)
gx10-6b41:65:75 [0] NCCL INFO NET/IB: Subnet-aware routing: overriding dev 4 with dev 1
gx10-6b41:65:75 [0] NCCL INFO NET/IB: ncclIbReceiverQpsCreateToRts: QP created: port=1 dev=1 devName=rocep1s0f1 ndevs=4 nmdevs=6 qp_num=39621 pkey=0 pd=0xff88d02348f0 oooRq=0
gx10-6b41:65:75 [0] NCCL INFO NET/IB: ncclIbReceiverQpsCreateToRts: QP created: port=1 dev=1 devName=rocep1s0f1 ndevs=4 nmdevs=6 qp_num=39622 pkey=0 pd=0xff88d02348f0 oooRq=0
gx10-6b41:65:75 [0] NCCL INFO NET/IB: ncclIbReceiverQpsCreateToRts: Flush QP created: port=1 dev=1 devName=rocep1s0f1 ndevs=4 nmdevs=6 qp_num=39623 pkey=0 pd=0xff88d02348f0
gx10-6b41:65:75 [0] NCCL INFO NET/IB: Subnet-aware routing: overriding dev 5 with dev 2
gx10-6b41:65:75 [0] NCCL INFO NET/IB: Subnet-aware routing: overriding dev 5 with dev 3
gx10-6b41:65:75 [0] NCCL INFO NET/IB: ncclIbReceiverQpsCreateToRts: QP created: port=1 dev=3 devName=roceP2p1s0f1 ndevs=4 nmdevs=6 qp_num=2222 pkey=0 pd=0xff88d01e0b00 oooRq=0
gx10-6b41:65:75 [0] NCCL INFO NET/IB: ncclIbReceiverQpsCreateToRts: QP created: port=1 dev=3 devName=roceP2p1s0f1 ndevs=4 nmdevs=6 qp_num=2223 pkey=0 pd=0xff88d01e0b00 oooRq=0
gx10-6b41:65:75 [0] NCCL INFO NET/IB: ncclIbReceiverQpsCreateToRts: Flush QP created: port=1 dev=3 devName=roceP2p1s0f1 ndevs=4 nmdevs=6 qp_num=2224 pkey=0 pd=0xff88d01e0b00
gx10-6b41:65:75 [0] NCCL INFO NET/IB: Subnet-aware routing: overriding dev 4 with dev 0
gx10-6b41:65:75 [0] NCCL INFO NET/IB: Subnet-aware routing: overriding dev 5 with dev 2
gx10-6b41:65:75 [0] NCCL INFO NET/IB: ncclIbResiliencyInit: Resiliency is disabled on the recv communicator (comm=0xff88d06b5000)
gx10-6b41:65:75 [0] NCCL INFO NET/IB: ncclIbRecvCommInit: Receive work requests will be posted on-demand
gx10-6b41:65:75 [0] NCCL INFO NET/IB: Subnet-aware routing: overriding dev 5 with dev 2
gx10-6b41:65:75 [0] NCCL INFO NET/IB: ncclIbSenderQpsToRts: Set ECE: IbDev 2 Port 1 qp_num 1870 set_ece={supported=1, vendor_id=0x15b3, options=0x30000002, comp_mask=0x0}
gx10-6b41:65:75 [0] NCCL INFO NET/IB: ncclIbSenderQpsToRts: Set ECE: IbDev 2 Port 1 qp_num 1871 set_ece={supported=1, vendor_id=0x15b3, options=0x30000002, comp_mask=0x0}
gx10-6b41:65:75 [0] NCCL INFO NET/IB: Subnet-aware routing: overriding dev 4 with dev 0
gx10-6b41:65:75 [0] NCCL INFO NET/IB: ncclIbSenderQpsCreate: QP created: port=1 dev=0 devName=rocep1s0f0 ndevs=4 nmdevs=6 qp_num=40634 pkey=0 pd=0xff88d007ded0 oooRq=0
gx10-6b41:65:75 [0] NCCL INFO NET/IB: ncclIbSenderQpsCreate: QP created: port=1 dev=0 devName=rocep1s0f0 ndevs=4 nmdevs=6 qp_num=40635 pkey=0 pd=0xff88d007ded0 oooRq=0
gx10-6b41:65:75 [0] NCCL INFO NET/IB: ncclIbConnectImpl: NCCL Dev 0 IbDev 0 Port 1 qp_num 40634 mtu 5 GID 6 (0/265A8C0FFFF0000) ctsFifoRkey=0x147633 ctsFifoLkey=0x147633
gx10-6b41:65:75 [0] NCCL INFO NET/IB: ncclIbConnectImpl: IbDev 0 Port 1 qp_num 40634 query_ece={supported=1, vendor_id=0x15b3, options=0x30000002, comp_mask=0x0}
gx10-6b41:65:75 [0] NCCL INFO NET/IB: ncclIbConnectImpl: NCCL Dev 0 IbDev 0 Port 1 qp_num 40635 mtu 5 GID 6 (0/265A8C0FFFF0000) ctsFifoRkey=0x147633 ctsFifoLkey=0x147633
gx10-6b41:65:75 [0] NCCL INFO NET/IB: ncclIbConnectImpl: IbDev 0 Port 1 qp_num 40635 query_ece={supported=1, vendor_id=0x15b3, options=0x30000002, comp_mask=0x0}
gx10-6b41:65:75 [0] NCCL INFO NET/IB: Subnet-aware routing: overriding dev 5 with dev 2
gx10-6b41:65:75 [0] NCCL INFO NET/IB: ncclIbSenderQpsCreate: QP created: port=1 dev=2 devName=roceP2p1s0f0 ndevs=4 nmdevs=6 qp_num=1872 pkey=0 pd=0xff88d02218d0 oooRq=0
gx10-6b41:65:75 [0] NCCL INFO NET/IB: ncclIbSenderQpsCreate: QP created: port=1 dev=2 devName=roceP2p1s0f0 ndevs=4 nmdevs=6 qp_num=1873 pkey=0 pd=0xff88d02218d0 oooRq=0
gx10-6b41:65:75 [0] NCCL INFO NET/IB: ncclIbConnectImpl: NCCL Dev 2 IbDev 2 Port 1 qp_num 1872 mtu 5 GID 3 (0/26FA8C0FFFF0000) ctsFifoRkey=0x19bbb9 ctsFifoLkey=0x19bbb9
gx10-6b41:65:75 [0] NCCL INFO NET/IB: ncclIbConnectImpl: IbDev 2 Port 1 qp_num 1872 query_ece={supported=1, vendor_id=0x15b3, options=0x30000002, comp_mask=0x0}
gx10-6b41:65:75 [0] NCCL INFO NET/IB: ncclIbConnectImpl: NCCL Dev 2 IbDev 2 Port 1 qp_num 1873 mtu 5 GID 3 (0/26FA8C0FFFF0000) ctsFifoRkey=0x19bbb9 ctsFifoLkey=0x19bbb9
gx10-6b41:65:75 [0] NCCL INFO NET/IB: ncclIbConnectImpl: IbDev 2 Port 1 qp_num 1873 query_ece={supported=1, vendor_id=0x15b3, options=0x30000002, comp_mask=0x0}
gx10-6b41:65:75 [0] NCCL INFO NET/IB: Subnet-aware routing: overriding dev 4 with dev 0
gx10-6b41:65:75 [0] NCCL INFO NET/IB: ncclIbResiliencyInit: Resiliency is disabled on the send communicator (comm=0xff88d07ab000)
gx10-6b41:65:75 [0] NCCL INFO NET/IB: Subnet-aware routing: overriding dev 4 with dev 0
gx10-6b41:65:75 [0] NCCL INFO NET/IB: Subnet-aware routing: overriding dev 4 with dev 1
gx10-6b41:65:75 [0] NCCL INFO NET/IB: ncclIbReceiverQpsCreateToRts: QP created: port=1 dev=1 devName=rocep1s0f1 ndevs=4 nmdevs=6 qp_num=39624 pkey=0 pd=0xff88d02348f0 oooRq=0
gx10-6b41:65:75 [0] NCCL INFO NET/IB: ncclIbReceiverQpsCreateToRts: QP created: port=1 dev=1 devName=rocep1s0f1 ndevs=4 nmdevs=6 qp_num=39625 pkey=0 pd=0xff88d02348f0 oooRq=0
gx10-6b41:65:75 [0] NCCL INFO NET/IB: ncclIbReceiverQpsCreateToRts: Flush QP created: port=1 dev=1 devName=rocep1s0f1 ndevs=4 nmdevs=6 qp_num=39626 pkey=0 pd=0xff88d02348f0
gx10-6b41:65:75 [0] NCCL INFO NET/IB: Subnet-aware routing: overriding dev 5 with dev 2
gx10-6b41:65:75 [0] NCCL INFO NET/IB: Subnet-aware routing: overriding dev 4 with dev 0
gx10-6b41:65:75 [0] NCCL INFO NET/IB: ncclIbResiliencyInit: Resiliency is disabled on the recv communicator (comm=0xff88d086c000)
gx10-6b41:65:75 [0] NCCL INFO NET/IB: ncclIbRecvCommInit: Receive work requests will be posted on-demand
gx10-6b41:65:75 [0] NCCL INFO NET/IB: Subnet-aware routing: overriding dev 4 with dev 0
gx10-6b41:65:75 [0] NCCL INFO NET/IB: Subnet-aware routing: overriding dev 5 with dev 2
gx10-6b41:65:75 [0] NCCL INFO NET/IB: Subnet-aware routing: overriding dev 4 with dev 0
gx10-6b41:65:75 [0] NCCL INFO NET/IB: Subnet-aware routing: overriding dev 5 with dev 2
gx10-6b41:65:75 [0] NCCL INFO NET/IB: ncclIbResiliencyInit: Resiliency is disabled on the send communicator (comm=0xff88d08b4000)
gx10-6b41:65:75 [0] NCCL INFO NET/IB: Subnet-aware routing: overriding dev 4 with dev 0
gx10-6b41:65:75 [0] NCCL INFO NET/IB: ncclIbSenderQpsToRts: Set ECE: IbDev 0 Port 1 qp_num 40634 set_ece={supported=1, vendor_id=0x15b3, options=0x30000002, comp_mask=0x0}
gx10-6b41:65:75 [0] NCCL INFO NET/IB: ncclIbSenderQpsToRts: Set ECE: IbDev 0 Port 1 qp_num 40635 set_ece={supported=1, vendor_id=0x15b3, options=0x30000002, comp_mask=0x0}
gx10-6b41:65:75 [0] NCCL INFO NET/IB: Subnet-aware routing: overriding dev 5 with dev 2
gx10-6b41:65:75 [0] NCCL INFO NET/IB: ncclIbSenderQpsToRts: Set ECE: IbDev 2 Port 1 qp_num 1872 set_ece={supported=1, vendor_id=0x15b3, options=0x30000002, comp_mask=0x0}
gx10-6b41:65:75 [0] NCCL INFO NET/IB: ncclIbSenderQpsToRts: Set ECE: IbDev 2 Port 1 qp_num 1873 set_ece={supported=1, vendor_id=0x15b3, options=0x30000002, comp_mask=0x0}
gx10-6b41:65:75 [0] NCCL INFO NET/IB: Subnet-aware routing: overriding dev 4 with dev 0
gx10-6b41:65:75 [0] NCCL INFO NET/IB: ncclIbSenderQpsCreate: QP created: port=1 dev=0 devName=rocep1s0f0 ndevs=4 nmdevs=6 qp_num=40636 pkey=0 pd=0xff88d007ded0 oooRq=0
gx10-6b41:65:75 [0] NCCL INFO NET/IB: ncclIbSenderQpsCreate: QP created: port=1 dev=0 devName=rocep1s0f0 ndevs=4 nmdevs=6 qp_num=40637 pkey=0 pd=0xff88d007ded0 oooRq=0
gx10-6b41:65:75 [0] NCCL INFO NET/IB: ncclIbConnectImpl: NCCL Dev 0 IbDev 0 Port 1 qp_num 40636 mtu 5 GID 6 (0/265A8C0FFFF0000) ctsFifoRkey=0x16cd8b ctsFifoLkey=0x16cd8b
gx10-6b41:65:75 [0] NCCL INFO NET/IB: ncclIbConnectImpl: IbDev 0 Port 1 qp_num 40636 query_ece={supported=1, vendor_id=0x15b3, options=0x30000002, comp_mask=0x0}
gx10-6b41:65:75 [0] NCCL INFO NET/IB: ncclIbConnectImpl: NCCL Dev 0 IbDev 0 Port 1 qp_num 40637 mtu 5 GID 6 (0/265A8C0FFFF0000) ctsFifoRkey=0x16cd8b ctsFifoLkey=0x16cd8b
gx10-6b41:65:75 [0] NCCL INFO NET/IB: ncclIbConnectImpl: IbDev 0 Port 1 qp_num 40637 query_ece={supported=1, vendor_id=0x15b3, options=0x30000002, comp_mask=0x0}
gx10-6b41:65:75 [0] NCCL INFO NET/IB: Subnet-aware routing: overriding dev 5 with dev 2
gx10-6b41:65:75 [0] NCCL INFO NET/IB: ncclIbResiliencyInit: Resiliency is disabled on the recv communicator (comm=0xff88d094b000)
gx10-6b41:65:75 [0] NCCL INFO NET/IB: ncclIbRecvCommInit: Receive work requests will be posted on-demand
gx10-6b41:65:75 [0] NCCL INFO NET/IB: Subnet-aware routing: overriding dev 4 with dev 0
gx10-6b41:65:75 [0] NCCL INFO NET/IB: Subnet-aware routing: overriding dev 5 with dev 2
gx10-6b41:65:75 [0] NCCL INFO NET/IB: Subnet-aware routing: overriding dev 4 with dev 0
gx10-6b41:65:75 [0] NCCL INFO NET/IB: ncclIbResiliencyInit: Resiliency is disabled on the send communicator (comm=0xff88d0993000)
gx10-6b41:65:75 [0] NCCL INFO NET/IB: Subnet-aware routing: overriding dev 5 with dev 3
gx10-6b41:65:75 [0] NCCL INFO NET/IB: ncclIbReceiverQpsCreateToRts: QP created: port=1 dev=3 devName=roceP2p1s0f1 ndevs=4 nmdevs=6 qp_num=2225 pkey=0 pd=0xff88d01e0b00 oooRq=0
gx10-6b41:65:75 [0] NCCL INFO NET/IB: ncclIbReceiverQpsCreateToRts: QP created: port=1 dev=3 devName=roceP2p1s0f1 ndevs=4 nmdevs=6 qp_num=2226 pkey=0 pd=0xff88d01e0b00 oooRq=0
gx10-6b41:65:75 [0] NCCL INFO NET/IB: ncclIbReceiverQpsCreateToRts: Flush QP created: port=1 dev=3 devName=roceP2p1s0f1 ndevs=4 nmdevs=6 qp_num=2227 pkey=0 pd=0xff88d01e0b00
gx10-6b41:65:75 [0] NCCL INFO NET/IB: Subnet-aware routing: overriding dev 4 with dev 0
gx10-6b41:65:75 [0] NCCL INFO NET/IB: Subnet-aware routing: overriding dev 5 with dev 2
gx10-6b41:65:75 [0] NCCL INFO NET/IB: Subnet-aware routing: overriding dev 4 with dev 0
gx10-6b41:65:75 [0] NCCL INFO NET/IB: ncclIbResiliencyInit: Resiliency is disabled on the recv communicator (comm=0xff88d0a54000)
gx10-6b41:65:75 [0] NCCL INFO NET/IB: ncclIbRecvCommInit: Receive work requests will be posted on-demand
gx10-6b41:65:75 [0] NCCL INFO NET/IB: Subnet-aware routing: overriding dev 4 with dev 0
gx10-6b41:65:75 [0] NCCL INFO NET/IB: Subnet-aware routing: overriding dev 5 with dev 2
gx10-6b41:65:75 [0] NCCL INFO NET/IB: Subnet-aware routing: overriding dev 4 with dev 0
gx10-6b41:65:75 [0] NCCL INFO NET/IB: Subnet-aware routing: overriding dev 5 with dev 2
gx10-6b41:65:75 [0] NCCL INFO NET/IB: ncclIbResiliencyInit: Resiliency is disabled on the send communicator (comm=0xff88d0a9c000)
gx10-6b41:65:75 [0] NCCL INFO NET/IB: Subnet-aware routing: overriding dev 4 with dev 0
gx10-6b41:65:75 [0] NCCL INFO NET/IB: ncclIbSenderQpsToRts: Set ECE: IbDev 0 Port 1 qp_num 40636 set_ece={supported=1, vendor_id=0x15b3, options=0x30000002, comp_mask=0x0}
gx10-6b41:65:75 [0] NCCL INFO NET/IB: ncclIbSenderQpsToRts: Set ECE: IbDev 0 Port 1 qp_num 40637 set_ece={supported=1, vendor_id=0x15b3, options=0x30000002, comp_mask=0x0}
gx10-6b41:65:75 [0] NCCL INFO NET/IB: Subnet-aware routing: overriding dev 4 with dev 1
gx10-6b41:65:75 [0] NCCL INFO NET/IB: ncclIbReceiverQpsCreateToRts: QP created: port=1 dev=1 devName=rocep1s0f1 ndevs=4 nmdevs=6 qp_num=39627 pkey=0 pd=0xff88d02348f0 oooRq=0
gx10-6b41:65:75 [0] NCCL INFO NET/IB: ncclIbReceiverQpsCreateToRts: QP created: port=1 dev=1 devName=rocep1s0f1 ndevs=4 nmdevs=6 qp_num=39628 pkey=0 pd=0xff88d02348f0 oooRq=0
gx10-6b41:65:75 [0] NCCL INFO NET/IB: ncclIbReceiverQpsCreateToRts: Flush QP created: port=1 dev=1 devName=rocep1s0f1 ndevs=4 nmdevs=6 qp_num=39629 pkey=0 pd=0xff88d02348f0
gx10-6b41:65:75 [0] NCCL INFO NET/IB: Subnet-aware routing: overriding dev 5 with dev 2
gx10-6b41:65:75 [0] NCCL INFO NET/IB: ncclIbSenderQpsCreate: QP created: port=1 dev=2 devName=roceP2p1s0f0 ndevs=4 nmdevs=6 qp_num=1874 pkey=0 pd=0xff88d02218d0 oooRq=0
gx10-6b41:65:75 [0] NCCL INFO NET/IB: ncclIbSenderQpsCreate: QP created: port=1 dev=2 devName=roceP2p1s0f0 ndevs=4 nmdevs=6 qp_num=1875 pkey=0 pd=0xff88d02218d0 oooRq=0
gx10-6b41:65:75 [0] NCCL INFO NET/IB: ncclIbConnectImpl: NCCL Dev 2 IbDev 2 Port 1 qp_num 1874 mtu 5 GID 3 (0/26FA8C0FFFF0000) ctsFifoRkey=0x18b1af ctsFifoLkey=0x18b1af
gx10-6b41:65:75 [0] NCCL INFO NET/IB: ncclIbConnectImpl: IbDev 2 Port 1 qp_num 1874 query_ece={supported=1, vendor_id=0x15b3, options=0x30000002, comp_mask=0x0}
gx10-6b41:65:75 [0] NCCL INFO NET/IB: ncclIbConnectImpl: NCCL Dev 2 IbDev 2 Port 1 qp_num 1875 mtu 5 GID 3 (0/26FA8C0FFFF0000) ctsFifoRkey=0x18b1af ctsFifoLkey=0x18b1af
gx10-6b41:65:75 [0] NCCL INFO NET/IB: ncclIbConnectImpl: IbDev 2 Port 1 qp_num 1875 query_ece={supported=1, vendor_id=0x15b3, options=0x30000002, comp_mask=0x0}
gx10-6b41:65:75 [0] NCCL INFO NET/IB: Subnet-aware routing: overriding dev 4 with dev 0
gx10-6b41:65:75 [0] NCCL INFO NET/IB: Subnet-aware routing: overriding dev 5 with dev 2
gx10-6b41:65:75 [0] NCCL INFO NET/IB: ncclIbResiliencyInit: Resiliency is disabled on the recv communicator (comm=0xff88d0bb2000)
gx10-6b41:65:75 [0] NCCL INFO NET/IB: ncclIbRecvCommInit: Receive work requests will be posted on-demand
gx10-6b41:65:75 [0] NCCL INFO NET/IB: Subnet-aware routing: overriding dev 5 with dev 2
gx10-6b41:65:75 [0] NCCL INFO NET/IB: Subnet-aware routing: overriding dev 4 with dev 0
gx10-6b41:65:75 [0] NCCL INFO NET/IB: Subnet-aware routing: overriding dev 5 with dev 2
gx10-6b41:65:75 [0] NCCL INFO NET/IB: Subnet-aware routing: overriding dev 4 with dev 0
gx10-6b41:65:75 [0] NCCL INFO NET/IB: ncclIbResiliencyInit: Resiliency is disabled on the send communicator (comm=0xff88d0bfa000)
gx10-6b41:65:75 [0] NCCL INFO NET/IB: Subnet-aware routing: overriding dev 5 with dev 2
gx10-6b41:65:75 [0] NCCL INFO NET/IB: ncclIbSenderQpsToRts: Set ECE: IbDev 2 Port 1 qp_num 1874 set_ece={supported=1, vendor_id=0x15b3, options=0x30000002, comp_mask=0x0}
gx10-6b41:65:75 [0] NCCL INFO NET/IB: ncclIbSenderQpsToRts: Set ECE: IbDev 2 Port 1 qp_num 1875 set_ece={supported=1, vendor_id=0x15b3, options=0x30000002, comp_mask=0x0}
gx10-6b41:65:75 [0] NCCL INFO NET/IB: Subnet-aware routing: overriding dev 5 with dev 3
gx10-6b41:65:75 [0] NCCL INFO NET/IB: ncclIbReceiverQpsCreateToRts: QP created: port=1 dev=3 devName=roceP2p1s0f1 ndevs=4 nmdevs=6 qp_num=2228 pkey=0 pd=0xff88d01e0b00 oooRq=0
gx10-6b41:65:75 [0] NCCL INFO NET/IB: ncclIbReceiverQpsCreateToRts: QP created: port=1 dev=3 devName=roceP2p1s0f1 ndevs=4 nmdevs=6 qp_num=2229 pkey=0 pd=0xff88d01e0b00 oooRq=0
gx10-6b41:65:75 [0] NCCL INFO NET/IB: ncclIbReceiverQpsCreateToRts: Flush QP created: port=1 dev=3 devName=roceP2p1s0f1 ndevs=4 nmdevs=6 qp_num=2230 pkey=0 pd=0xff88d01e0b00
gx10-6b41:65:75 [0] NCCL INFO NET/IB: Subnet-aware routing: overriding dev 4 with dev 0
gx10-6b41:65:75 [0] NCCL INFO NET/IB: ncclIbSenderQpsCreate: QP created: port=1 dev=0 devName=rocep1s0f0 ndevs=4 nmdevs=6 qp_num=40638 pkey=0 pd=0xff88d007ded0 oooRq=0
gx10-6b41:65:75 [0] NCCL INFO NET/IB: ncclIbSenderQpsCreate: QP created: port=1 dev=0 devName=rocep1s0f0 ndevs=4 nmdevs=6 qp_num=40639 pkey=0 pd=0xff88d007ded0 oooRq=0
gx10-6b41:65:75 [0] NCCL INFO NET/IB: ncclIbConnectImpl: NCCL Dev 0 IbDev 0 Port 1 qp_num 40638 mtu 5 GID 6 (0/265A8C0FFFF0000) ctsFifoRkey=0x1541fe ctsFifoLkey=0x1541fe
gx10-6b41:65:75 [0] NCCL INFO NET/IB: ncclIbConnectImpl: IbDev 0 Port 1 qp_num 40638 query_ece={supported=1, vendor_id=0x15b3, options=0x30000002, comp_mask=0x0}
gx10-6b41:65:75 [0] NCCL INFO NET/IB: ncclIbConnectImpl: NCCL Dev 0 IbDev 0 Port 1 qp_num 40639 mtu 5 GID 6 (0/265A8C0FFFF0000) ctsFifoRkey=0x1541fe ctsFifoLkey=0x1541fe
gx10-6b41:65:75 [0] NCCL INFO NET/IB: ncclIbConnectImpl: IbDev 0 Port 1 qp_num 40639 query_ece={supported=1, vendor_id=0x15b3, options=0x30000002, comp_mask=0x0}
gx10-6b41:65:75 [0] NCCL INFO NET/IB: Subnet-aware routing: overriding dev 5 with dev 2
gx10-6b41:65:75 [0] NCCL INFO NET/IB: ncclIbSenderQpsCreate: QP created: port=1 dev=2 devName=roceP2p1s0f0 ndevs=4 nmdevs=6 qp_num=1876 pkey=0 pd=0xff88d02218d0 oooRq=0
gx10-6b41:65:75 [0] NCCL INFO NET/IB: ncclIbSenderQpsCreate: QP created: port=1 dev=2 devName=roceP2p1s0f0 ndevs=4 nmdevs=6 qp_num=1877 pkey=0 pd=0xff88d02218d0 oooRq=0
gx10-6b41:65:75 [0] NCCL INFO NET/IB: ncclIbConnectImpl: NCCL Dev 2 IbDev 2 Port 1 qp_num 1876 mtu 5 GID 3 (0/26FA8C0FFFF0000) ctsFifoRkey=0x18bcbb ctsFifoLkey=0x18bcbb
gx10-6b41:65:75 [0] NCCL INFO NET/IB: ncclIbConnectImpl: IbDev 2 Port 1 qp_num 1876 query_ece={supported=1, vendor_id=0x15b3, options=0x30000002, comp_mask=0x0}
gx10-6b41:65:75 [0] NCCL INFO NET/IB: ncclIbConnectImpl: NCCL Dev 2 IbDev 2 Port 1 qp_num 1877 mtu 5 GID 3 (0/26FA8C0FFFF0000) ctsFifoRkey=0x18bcbb ctsFifoLkey=0x18bcbb
gx10-6b41:65:75 [0] NCCL INFO NET/IB: ncclIbConnectImpl: IbDev 2 Port 1 qp_num 1877 query_ece={supported=1, vendor_id=0x15b3, options=0x30000002, comp_mask=0x0}
gx10-6b41:65:75 [0] NCCL INFO NET/IB: Subnet-aware routing: overriding dev 4 with dev 0
gx10-6b41:65:75 [0] NCCL INFO NET/IB: ncclIbResiliencyInit: Resiliency is disabled on the recv communicator (comm=0xff88d0d6a000)
gx10-6b41:65:75 [0] NCCL INFO NET/IB: ncclIbRecvCommInit: Receive work requests will be posted on-demand
gx10-6b41:65:75 [0] NCCL INFO NET/IB: Subnet-aware routing: overriding dev 4 with dev 0
gx10-6b41:65:75 [0] NCCL INFO NET/IB: Subnet-aware routing: overriding dev 5 with dev 2
gx10-6b41:65:75 [0] NCCL INFO NET/IB: Subnet-aware routing: overriding dev 4 with dev 0
gx10-6b41:65:75 [0] NCCL INFO NET/IB: Subnet-aware routing: overriding dev 5 with dev 2
gx10-6b41:65:75 [0] NCCL INFO NET/IB: ncclIbResiliencyInit: Resiliency is disabled on the send communicator (comm=0xff88d0db2000)
gx10-6b41:65:75 [0] NCCL INFO NET/IB: Subnet-aware routing: overriding dev 4 with dev 0
gx10-6b41:65:75 [0] NCCL INFO NET/IB: Subnet-aware routing: overriding dev 5 with dev 2
gx10-6b41:65:75 [0] NCCL INFO NET/IB: Subnet-aware routing: overriding dev 4 with dev 0
gx10-6b41:65:75 [0] NCCL INFO NET/IB: Subnet-aware routing: overriding dev 5 with dev 2
gx10-6b41:65:75 [0] NCCL INFO NET/IB: ncclIbResiliencyInit: Resiliency is disabled on the recv communicator (comm=0xff88d0df6000)
gx10-6b41:65:75 [0] NCCL INFO NET/IB: ncclIbRecvCommInit: Receive work requests will be posted on-demand
gx10-6b41:65:75 [0] NCCL INFO NET/IB: Subnet-aware routing: overriding dev 4 with dev 0
gx10-6b41:65:75 [0] NCCL INFO NET/IB: ncclIbSenderQpsToRts: Set ECE: IbDev 0 Port 1 qp_num 40638 set_ece={supported=1, vendor_id=0x15b3, options=0x30000002, comp_mask=0x0}
gx10-6b41:65:75 [0] NCCL INFO NET/IB: ncclIbSenderQpsToRts: Set ECE: IbDev 0 Port 1 qp_num 40639 set_ece={supported=1, vendor_id=0x15b3, options=0x30000002, comp_mask=0x0}
gx10-6b41:65:75 [0] NCCL INFO NET/IB: Subnet-aware routing: overriding dev 4 with dev 1
gx10-6b41:65:75 [0] NCCL INFO NET/IB: ncclIbReceiverQpsCreateToRts: QP created: port=1 dev=1 devName=rocep1s0f1 ndevs=4 nmdevs=6 qp_num=39630 pkey=0 pd=0xff88d02348f0 oooRq=0
gx10-6b41:65:75 [0] NCCL INFO NET/IB: ncclIbReceiverQpsCreateToRts: QP created: port=1 dev=1 devName=rocep1s0f1 ndevs=4 nmdevs=6 qp_num=39631 pkey=0 pd=0xff88d02348f0 oooRq=0
gx10-6b41:65:75 [0] NCCL INFO NET/IB: ncclIbReceiverQpsCreateToRts: Flush QP created: port=1 dev=1 devName=rocep1s0f1 ndevs=4 nmdevs=6 qp_num=39632 pkey=0 pd=0xff88d02348f0
gx10-6b41:65:75 [0] NCCL INFO NET/IB: Subnet-aware routing: overriding dev 5 with dev 2
gx10-6b41:65:75 [0] NCCL INFO NET/IB: ncclIbSenderQpsToRts: Set ECE: IbDev 2 Port 1 qp_num 1876 set_ece={supported=1, vendor_id=0x15b3, options=0x30000002, comp_mask=0x0}
gx10-6b41:65:75 [0] NCCL INFO NET/IB: ncclIbSenderQpsToRts: Set ECE: IbDev 2 Port 1 qp_num 1877 set_ece={supported=1, vendor_id=0x15b3, options=0x30000002, comp_mask=0x0}
gx10-6b41:65:75 [0] NCCL INFO NET/IB: Subnet-aware routing: overriding dev 5 with dev 3
gx10-6b41:65:75 [0] NCCL INFO NET/IB: ncclIbReceiverQpsCreateToRts: QP created: port=1 dev=3 devName=roceP2p1s0f1 ndevs=4 nmdevs=6 qp_num=2231 pkey=0 pd=0xff88d01e0b00 oooRq=0
gx10-6b41:65:75 [0] NCCL INFO NET/IB: ncclIbReceiverQpsCreateToRts: QP created: port=1 dev=3 devName=roceP2p1s0f1 ndevs=4 nmdevs=6 qp_num=2232 pkey=0 pd=0xff88d01e0b00 oooRq=0
gx10-6b41:65:75 [0] NCCL INFO NET/IB: ncclIbReceiverQpsCreateToRts: Flush QP created: port=1 dev=3 devName=roceP2p1s0f1 ndevs=4 nmdevs=6 qp_num=2233 pkey=0 pd=0xff88d01e0b00
gx10-6b41:65:75 [0] NCCL INFO NET/IB: Subnet-aware routing: overriding dev 4 with dev 0
gx10-6b41:65:75 [0] NCCL INFO NET/IB: ncclIbSenderQpsCreate: QP created: port=1 dev=0 devName=rocep1s0f0 ndevs=4 nmdevs=6 qp_num=40640 pkey=0 pd=0xff88d007ded0 oooRq=0
gx10-6b41:65:75 [0] NCCL INFO NET/IB: ncclIbSenderQpsCreate: QP created: port=1 dev=0 devName=rocep1s0f0 ndevs=4 nmdevs=6 qp_num=40641 pkey=0 pd=0xff88d007ded0 oooRq=0
gx10-6b41:65:75 [0] NCCL INFO NET/IB: ncclIbConnectImpl: NCCL Dev 0 IbDev 0 Port 1 qp_num 40640 mtu 5 GID 6 (0/265A8C0FFFF0000) ctsFifoRkey=0x15c57b ctsFifoLkey=0x15c57b
gx10-6b41:65:75 [0] NCCL INFO NET/IB: ncclIbConnectImpl: IbDev 0 Port 1 qp_num 40640 query_ece={supported=1, vendor_id=0x15b3, options=0x30000002, comp_mask=0x0}
gx10-6b41:65:75 [0] NCCL INFO NET/IB: ncclIbConnectImpl: NCCL Dev 0 IbDev 0 Port 1 qp_num 40641 mtu 5 GID 6 (0/265A8C0FFFF0000) ctsFifoRkey=0x15c57b ctsFifoLkey=0x15c57b
gx10-6b41:65:75 [0] NCCL INFO NET/IB: ncclIbConnectImpl: IbDev 0 Port 1 qp_num 40641 query_ece={supported=1, vendor_id=0x15b3, options=0x30000002, comp_mask=0x0}
gx10-6b41:65:75 [0] NCCL INFO NET/IB: Subnet-aware routing: overriding dev 5 with dev 2
gx10-6b41:65:75 [0] NCCL INFO NET/IB: Subnet-aware routing: overriding dev 4 with dev 0
gx10-6b41:65:75 [0] NCCL INFO NET/IB: ncclIbResiliencyInit: Resiliency is disabled on the send communicator (comm=0xff88d0f89000)
gx10-6b41:65:75 [0] NCCL INFO NET/IB: Subnet-aware routing: overriding dev 4 with dev 0
gx10-6b41:65:75 [0] NCCL INFO NET/IB: ncclIbSenderQpsToRts: Set ECE: IbDev 0 Port 1 qp_num 40640 set_ece={supported=1, vendor_id=0x15b3, options=0x30000002, comp_mask=0x0}
gx10-6b41:65:75 [0] NCCL INFO NET/IB: ncclIbSenderQpsToRts: Set ECE: IbDev 0 Port 1 qp_num 40641 set_ece={supported=1, vendor_id=0x15b3, options=0x30000002, comp_mask=0x0}
gx10-6b41:65:75 [0] NCCL INFO NET/IB: Subnet-aware routing: overriding dev 5 with dev 2
gx10-6b41:65:75 [0] NCCL INFO NET/IB: ncclIbSenderQpsCreate: QP created: port=1 dev=2 devName=roceP2p1s0f0 ndevs=4 nmdevs=6 qp_num=1878 pkey=0 pd=0xff88d02218d0 oooRq=0
gx10-6b41:65:75 [0] NCCL INFO NET/IB: ncclIbSenderQpsCreate: QP created: port=1 dev=2 devName=roceP2p1s0f0 ndevs=4 nmdevs=6 qp_num=1879 pkey=0 pd=0xff88d02218d0 oooRq=0
gx10-6b41:65:75 [0] NCCL INFO NET/IB: ncclIbConnectImpl: NCCL Dev 2 IbDev 2 Port 1 qp_num 1878 mtu 5 GID 3 (0/26FA8C0FFFF0000) ctsFifoRkey=0x193d36 ctsFifoLkey=0x193d36
gx10-6b41:65:75 [0] NCCL INFO NET/IB: ncclIbConnectImpl: IbDev 2 Port 1 qp_num 1878 query_ece={supported=1, vendor_id=0x15b3, options=0x30000002, comp_mask=0x0}
gx10-6b41:65:75 [0] NCCL INFO NET/IB: ncclIbConnectImpl: NCCL Dev 2 IbDev 2 Port 1 qp_num 1879 mtu 5 GID 3 (0/26FA8C0FFFF0000) ctsFifoRkey=0x193d36 ctsFifoLkey=0x193d36
gx10-6b41:65:75 [0] NCCL INFO NET/IB: ncclIbConnectImpl: IbDev 2 Port 1 qp_num 1879 query_ece={supported=1, vendor_id=0x15b3, options=0x30000002, comp_mask=0x0}
gx10-6b41:65:75 [0] NCCL INFO NET/IB: Subnet-aware routing: overriding dev 4 with dev 0
gx10-6b41:65:75 [0] NCCL INFO NET/IB: ncclIbResiliencyInit: Resiliency is disabled on the recv communicator (comm=0xff88d1022000)
gx10-6b41:65:75 [0] NCCL INFO NET/IB: ncclIbRecvCommInit: Receive work requests will be posted on-demand
gx10-6b41:65:75 [0] NCCL INFO NET/IB: Subnet-aware routing: overriding dev 5 with dev 2
gx10-6b41:65:75 [0] NCCL INFO NET/IB: Subnet-aware routing: overriding dev 4 with dev 0
gx10-6b41:65:75 [0] NCCL INFO NET/IB: Subnet-aware routing: overriding dev 5 with dev 2
gx10-6b41:65:75 [0] NCCL INFO NET/IB: ncclIbResiliencyInit: Resiliency is disabled on the send communicator (comm=0xff88d106a000)
gx10-6b41:65:75 [0] NCCL INFO NET/IB: Subnet-aware routing: overriding dev 4 with dev 1
gx10-6b41:65:75 [0] NCCL INFO NET/IB: ncclIbReceiverQpsCreateToRts: QP created: port=1 dev=1 devName=rocep1s0f1 ndevs=4 nmdevs=6 qp_num=39633 pkey=0 pd=0xff88d02348f0 oooRq=0
gx10-6b41:65:75 [0] NCCL INFO NET/IB: ncclIbReceiverQpsCreateToRts: QP created: port=1 dev=1 devName=rocep1s0f1 ndevs=4 nmdevs=6 qp_num=39634 pkey=0 pd=0xff88d02348f0 oooRq=0
gx10-6b41:65:75 [0] NCCL INFO NET/IB: ncclIbReceiverQpsCreateToRts: Flush QP created: port=1 dev=1 devName=rocep1s0f1 ndevs=4 nmdevs=6 qp_num=39635 pkey=0 pd=0xff88d02348f0
gx10-6b41:65:75 [0] NCCL INFO NET/IB: Subnet-aware routing: overriding dev 5 with dev 2
gx10-6b41:65:75 [0] NCCL INFO NET/IB: ncclIbSenderQpsToRts: Set ECE: IbDev 2 Port 1 qp_num 1878 set_ece={supported=1, vendor_id=0x15b3, options=0x30000002, comp_mask=0x0}
gx10-6b41:65:75 [0] NCCL INFO NET/IB: ncclIbSenderQpsToRts: Set ECE: IbDev 2 Port 1 qp_num 1879 set_ece={supported=1, vendor_id=0x15b3, options=0x30000002, comp_mask=0x0}
gx10-6b41:65:75 [0] NCCL INFO NET/IB: Subnet-aware routing: overriding dev 5 with dev 3
gx10-6b41:65:75 [0] NCCL INFO NET/IB: ncclIbReceiverQpsCreateToRts: QP created: port=1 dev=3 devName=roceP2p1s0f1 ndevs=4 nmdevs=6 qp_num=2234 pkey=0 pd=0xff88d01e0b00 oooRq=0
gx10-6b41:65:75 [0] NCCL INFO NET/IB: ncclIbReceiverQpsCreateToRts: QP created: port=1 dev=3 devName=roceP2p1s0f1 ndevs=4 nmdevs=6 qp_num=2235 pkey=0 pd=0xff88d01e0b00 oooRq=0
gx10-6b41:65:75 [0] NCCL INFO NET/IB: ncclIbReceiverQpsCreateToRts: Flush QP created: port=1 dev=3 devName=roceP2p1s0f1 ndevs=4 nmdevs=6 qp_num=2236 pkey=0 pd=0xff88d01e0b00
gx10-6b41:65:75 [0] NCCL INFO NET/IB: Subnet-aware routing: overriding dev 4 with dev 0
gx10-6b41:65:75 [0] NCCL INFO NET/IB: ncclIbSenderQpsCreate: QP created: port=1 dev=0 devName=rocep1s0f0 ndevs=4 nmdevs=6 qp_num=40642 pkey=0 pd=0xff88d007ded0 oooRq=0
gx10-6b41:65:75 [0] NCCL INFO NET/IB: ncclIbSenderQpsCreate: QP created: port=1 dev=0 devName=rocep1s0f0 ndevs=4 nmdevs=6 qp_num=40643 pkey=0 pd=0xff88d007ded0 oooRq=0
gx10-6b41:65:75 [0] NCCL INFO NET/IB: ncclIbConnectImpl: NCCL Dev 0 IbDev 0 Port 1 qp_num 40642 mtu 5 GID 6 (0/265A8C0FFFF0000) ctsFifoRkey=0x155714 ctsFifoLkey=0x155714
gx10-6b41:65:75 [0] NCCL INFO NET/IB: ncclIbConnectImpl: IbDev 0 Port 1 qp_num 40642 query_ece={supported=1, vendor_id=0x15b3, options=0x30000002, comp_mask=0x0}
gx10-6b41:65:75 [0] NCCL INFO NET/IB: ncclIbConnectImpl: NCCL Dev 0 IbDev 0 Port 1 qp_num 40643 mtu 5 GID 6 (0/265A8C0FFFF0000) ctsFifoRkey=0x155714 ctsFifoLkey=0x155714
gx10-6b41:65:75 [0] NCCL INFO NET/IB: ncclIbConnectImpl: IbDev 0 Port 1 qp_num 40643 query_ece={supported=1, vendor_id=0x15b3, options=0x30000002, comp_mask=0x0}
gx10-6b41:65:75 [0] NCCL INFO NET/IB: Subnet-aware routing: overriding dev 5 with dev 2
gx10-6b41:65:75 [0] NCCL INFO NET/IB: ncclIbResiliencyInit: Resiliency is disabled on the recv communicator (comm=0xff88d11fd000)
gx10-6b41:65:75 [0] NCCL INFO NET/IB: ncclIbRecvCommInit: Receive work requests will be posted on-demand
gx10-6b41:65:75 [0] NCCL INFO NET/IB: Subnet-aware routing: overriding dev 4 with dev 0
gx10-6b41:65:75 [0] NCCL INFO NET/IB: Subnet-aware routing: overriding dev 5 with dev 2
gx10-6b41:65:75 [0] NCCL INFO NET/IB: Subnet-aware routing: overriding dev 4 with dev 0
gx10-6b41:65:75 [0] NCCL INFO NET/IB: ncclIbResiliencyInit: Resiliency is disabled on the send communicator (comm=0xff88d1245000)
gx10-6b41:65:75 [0] NCCL INFO NET/IB: Subnet-aware routing: overriding dev 4 with dev 0
gx10-6b41:65:75 [0] NCCL INFO NET/IB: ncclIbSenderQpsToRts: Set ECE: IbDev 0 Port 1 qp_num 40642 set_ece={supported=1, vendor_id=0x15b3, options=0x30000002, comp_mask=0x0}
gx10-6b41:65:75 [0] NCCL INFO NET/IB: ncclIbSenderQpsToRts: Set ECE: IbDev 0 Port 1 qp_num 40643 set_ece={supported=1, vendor_id=0x15b3, options=0x30000002, comp_mask=0x0}
gx10-6b41:65:75 [0] NCCL INFO NET/IB: Subnet-aware routing: overriding dev 4 with dev 1
gx10-6b41:65:75 [0] NCCL INFO NET/IB: ncclIbReceiverQpsCreateToRts: QP created: port=1 dev=1 devName=rocep1s0f1 ndevs=4 nmdevs=6 qp_num=39636 pkey=0 pd=0xff88d02348f0 oooRq=0
gx10-6b41:65:75 [0] NCCL INFO NET/IB: ncclIbReceiverQpsCreateToRts: QP created: port=1 dev=1 devName=rocep1s0f1 ndevs=4 nmdevs=6 qp_num=39637 pkey=0 pd=0xff88d02348f0 oooRq=0
gx10-6b41:65:75 [0] NCCL INFO NET/IB: ncclIbReceiverQpsCreateToRts: Flush QP created: port=1 dev=1 devName=rocep1s0f1 ndevs=4 nmdevs=6 qp_num=39638 pkey=0 pd=0xff88d02348f0
gx10-6b41:65:75 [0] NCCL INFO NET/IB: Subnet-aware routing: overriding dev 5 with dev 2
gx10-6b41:65:75 [0] NCCL INFO NET/IB: ncclIbSenderQpsCreate: QP created: port=1 dev=2 devName=roceP2p1s0f0 ndevs=4 nmdevs=6 qp_num=1880 pkey=0 pd=0xff88d02218d0 oooRq=0
gx10-6b41:65:75 [0] NCCL INFO NET/IB: ncclIbSenderQpsCreate: QP created: port=1 dev=2 devName=roceP2p1s0f0 ndevs=4 nmdevs=6 qp_num=1881 pkey=0 pd=0xff88d02218d0 oooRq=0
gx10-6b41:65:75 [0] NCCL INFO NET/IB: ncclIbConnectImpl: NCCL Dev 2 IbDev 2 Port 1 qp_num 1880 mtu 5 GID 3 (0/26FA8C0FFFF0000) ctsFifoRkey=0x19c5c4 ctsFifoLkey=0x19c5c4
gx10-6b41:65:75 [0] NCCL INFO NET/IB: ncclIbConnectImpl: IbDev 2 Port 1 qp_num 1880 query_ece={supported=1, vendor_id=0x15b3, options=0x30000002, comp_mask=0x0}
gx10-6b41:65:75 [0] NCCL INFO NET/IB: ncclIbConnectImpl: NCCL Dev 2 IbDev 2 Port 1 qp_num 1881 mtu 5 GID 3 (0/26FA8C0FFFF0000) ctsFifoRkey=0x19c5c4 ctsFifoLkey=0x19c5c4
gx10-6b41:65:75 [0] NCCL INFO NET/IB: ncclIbConnectImpl: IbDev 2 Port 1 qp_num 1881 query_ece={supported=1, vendor_id=0x15b3, options=0x30000002, comp_mask=0x0}
gx10-6b41:65:75 [0] NCCL INFO NET/IB: Subnet-aware routing: overriding dev 4 with dev 0
gx10-6b41:65:75 [0] NCCL INFO NET/IB: ncclIbResiliencyInit: Resiliency is disabled on the recv communicator (comm=0xff88d1359000)
gx10-6b41:65:75 [0] NCCL INFO NET/IB: ncclIbRecvCommInit: Receive work requests will be posted on-demand
gx10-6b41:65:75 [0] NCCL INFO NET/IB: Subnet-aware routing: overriding dev 5 with dev 2
gx10-6b41:65:75 [0] NCCL INFO NET/IB: Subnet-aware routing: overriding dev 4 with dev 0
gx10-6b41:65:75 [0] NCCL INFO NET/IB: Subnet-aware routing: overriding dev 5 with dev 2
gx10-6b41:65:75 [0] NCCL INFO NET/IB: ncclIbResiliencyInit: Resiliency is disabled on the send communicator (comm=0xff88d13a1000)
gx10-6b41:65:75 [0] NCCL INFO NET/IB: Subnet-aware routing: overriding dev 5 with dev 2
gx10-6b41:65:75 [0] NCCL INFO NET/IB: Subnet-aware routing: overriding dev 4 with dev 0
gx10-6b41:65:75 [0] NCCL INFO NET/IB: Subnet-aware routing: overriding dev 5 with dev 2
gx10-6b41:65:75 [0] NCCL INFO NET/IB: ncclIbResiliencyInit: Resiliency is disabled on the recv communicator (comm=0xff88d13e5000)
gx10-6b41:65:75 [0] NCCL INFO NET/IB: ncclIbRecvCommInit: Receive work requests will be posted on-demand
gx10-6b41:65:75 [0] NCCL INFO NET/IB: Subnet-aware routing: overriding dev 5 with dev 2
gx10-6b41:65:75 [0] NCCL INFO NET/IB: Subnet-aware routing: overriding dev 4 with dev 0
gx10-6b41:65:75 [0] NCCL INFO NET/IB: Subnet-aware routing: overriding dev 5 with dev 2
gx10-6b41:65:75 [0] NCCL INFO NET/IB: Subnet-aware routing: overriding dev 4 with dev 0
gx10-6b41:65:75 [0] NCCL INFO NET/IB: ncclIbResiliencyInit: Resiliency is disabled on the send communicator (comm=0xff88d142d000)
gx10-6b41:65:75 [0] NCCL INFO NET/IB: Subnet-aware routing: overriding dev 5 with dev 2
gx10-6b41:65:75 [0] NCCL INFO NET/IB: ncclIbSenderQpsToRts: Set ECE: IbDev 2 Port 1 qp_num 1880 set_ece={supported=1, vendor_id=0x15b3, options=0x30000002, comp_mask=0x0}
gx10-6b41:65:75 [0] NCCL INFO NET/IB: ncclIbSenderQpsToRts: Set ECE: IbDev 2 Port 1 qp_num 1881 set_ece={supported=1, vendor_id=0x15b3, options=0x30000002, comp_mask=0x0}
gx10-6b41:65:75 [0] NCCL INFO NET/IB: Subnet-aware routing: overriding dev 5 with dev 3
gx10-6b41:65:75 [0] NCCL INFO NET/IB: ncclIbReceiverQpsCreateToRts: QP created: port=1 dev=3 devName=roceP2p1s0f1 ndevs=4 nmdevs=6 qp_num=2237 pkey=0 pd=0xff88d01e0b00 oooRq=0
gx10-6b41:65:75 [0] NCCL INFO NET/IB: ncclIbReceiverQpsCreateToRts: QP created: port=1 dev=3 devName=roceP2p1s0f1 ndevs=4 nmdevs=6 qp_num=2238 pkey=0 pd=0xff88d01e0b00 oooRq=0
gx10-6b41:65:75 [0] NCCL INFO NET/IB: ncclIbReceiverQpsCreateToRts: Flush QP created: port=1 dev=3 devName=roceP2p1s0f1 ndevs=4 nmdevs=6 qp_num=2239 pkey=0 pd=0xff88d01e0b00
gx10-6b41:65:75 [0] NCCL INFO NET/IB: Subnet-aware routing: overriding dev 4 with dev 0
gx10-6b41:65:75 [0] NCCL INFO NET/IB: ncclIbSenderQpsCreate: QP created: port=1 dev=0 devName=rocep1s0f0 ndevs=4 nmdevs=6 qp_num=40644 pkey=0 pd=0xff88d007ded0 oooRq=0
gx10-6b41:65:75 [0] NCCL INFO NET/IB: ncclIbSenderQpsCreate: QP created: port=1 dev=0 devName=rocep1s0f0 ndevs=4 nmdevs=6 qp_num=40645 pkey=0 pd=0xff88d007ded0 oooRq=0
gx10-6b41:65:75 [0] NCCL INFO NET/IB: ncclIbConnectImpl: NCCL Dev 0 IbDev 0 Port 1 qp_num 40644 mtu 5 GID 6 (0/265A8C0FFFF0000) ctsFifoRkey=0x14cf8c ctsFifoLkey=0x14cf8c
gx10-6b41:65:75 [0] NCCL INFO NET/IB: ncclIbConnectImpl: IbDev 0 Port 1 qp_num 40644 query_ece={supported=1, vendor_id=0x15b3, options=0x30000002, comp_mask=0x0}
gx10-6b41:65:75 [0] NCCL INFO NET/IB: ncclIbConnectImpl: NCCL Dev 0 IbDev 0 Port 1 qp_num 40645 mtu 5 GID 6 (0/265A8C0FFFF0000) ctsFifoRkey=0x14cf8c ctsFifoLkey=0x14cf8c
gx10-6b41:65:75 [0] NCCL INFO NET/IB: ncclIbConnectImpl: IbDev 0 Port 1 qp_num 40645 query_ece={supported=1, vendor_id=0x15b3, options=0x30000002, comp_mask=0x0}
gx10-6b41:65:75 [0] NCCL INFO NET/IB: Subnet-aware routing: overriding dev 5 with dev 2
gx10-6b41:65:75 [0] NCCL INFO NET/IB: ncclIbSenderQpsCreate: QP created: port=1 dev=2 devName=roceP2p1s0f0 ndevs=4 nmdevs=6 qp_num=1882 pkey=0 pd=0xff88d02218d0 oooRq=0
gx10-6b41:65:75 [0] NCCL INFO NET/IB: ncclIbSenderQpsCreate: QP created: port=1 dev=2 devName=roceP2p1s0f0 ndevs=4 nmdevs=6 qp_num=1883 pkey=0 pd=0xff88d02218d0 oooRq=0
gx10-6b41:65:75 [0] NCCL INFO NET/IB: ncclIbConnectImpl: NCCL Dev 2 IbDev 2 Port 1 qp_num 1882 mtu 5 GID 3 (0/26FA8C0FFFF0000) ctsFifoRkey=0x197f76 ctsFifoLkey=0x197f76
gx10-6b41:65:75 [0] NCCL INFO NET/IB: ncclIbConnectImpl: IbDev 2 Port 1 qp_num 1882 query_ece={supported=1, vendor_id=0x15b3, options=0x30000002, comp_mask=0x0}
gx10-6b41:65:75 [0] NCCL INFO NET/IB: ncclIbConnectImpl: NCCL Dev 2 IbDev 2 Port 1 qp_num 1883 mtu 5 GID 3 (0/26FA8C0FFFF0000) ctsFifoRkey=0x197f76 ctsFifoLkey=0x197f76
gx10-6b41:65:75 [0] NCCL INFO NET/IB: ncclIbConnectImpl: IbDev 2 Port 1 qp_num 1883 query_ece={supported=1, vendor_id=0x15b3, options=0x30000002, comp_mask=0x0}
gx10-6b41:65:75 [0] NCCL INFO NET/IB: Subnet-aware routing: overriding dev 4 with dev 0
gx10-6b41:65:75 [0] NCCL INFO NET/IB: ncclIbResiliencyInit: Resiliency is disabled on the recv communicator (comm=0xff88d159e000)
gx10-6b41:65:75 [0] NCCL INFO NET/IB: ncclIbRecvCommInit: Receive work requests will be posted on-demand
gx10-6b41:65:75 [0] NCCL INFO NET/IB: Subnet-aware routing: overriding dev 4 with dev 0
gx10-6b41:65:75 [0] NCCL INFO NET/IB: Subnet-aware routing: overriding dev 5 with dev 2
gx10-6b41:65:75 [0] NCCL INFO NET/IB: Subnet-aware routing: overriding dev 4 with dev 0
gx10-6b41:65:75 [0] NCCL INFO NET/IB: Subnet-aware routing: overriding dev 5 with dev 2
gx10-6b41:65:75 [0] NCCL INFO NET/IB: ncclIbResiliencyInit: Resiliency is disabled on the send communicator (comm=0xff88d15e6000)
gx10-6b41:65:75 [0] NCCL INFO NET/IB: Subnet-aware routing: overriding dev 4 with dev 0
gx10-6b41:65:75 [0] NCCL INFO NET/IB: ncclIbSenderQpsToRts: Set ECE: IbDev 0 Port 1 qp_num 40644 set_ece={supported=1, vendor_id=0x15b3, options=0x30000002, comp_mask=0x0}
gx10-6b41:65:75 [0] NCCL INFO NET/IB: ncclIbSenderQpsToRts: Set ECE: IbDev 0 Port 1 qp_num 40645 set_ece={supported=1, vendor_id=0x15b3, options=0x30000002, comp_mask=0x0}
gx10-6b41:65:75 [0] NCCL INFO NET/IB: Subnet-aware routing: overriding dev 4 with dev 1
gx10-6b41:65:75 [0] NCCL INFO NET/IB: ncclIbReceiverQpsCreateToRts: QP created: port=1 dev=1 devName=rocep1s0f1 ndevs=4 nmdevs=6 qp_num=39639 pkey=0 pd=0xff88d02348f0 oooRq=0
gx10-6b41:65:75 [0] NCCL INFO NET/IB: ncclIbReceiverQpsCreateToRts: QP created: port=1 dev=1 devName=rocep1s0f1 ndevs=4 nmdevs=6 qp_num=39640 pkey=0 pd=0xff88d02348f0 oooRq=0
gx10-6b41:65:75 [0] NCCL INFO NET/IB: ncclIbReceiverQpsCreateToRts: Flush QP created: port=1 dev=1 devName=rocep1s0f1 ndevs=4 nmdevs=6 qp_num=39641 pkey=0 pd=0xff88d02348f0
gx10-6b41:65:75 [0] NCCL INFO NET/IB: Subnet-aware routing: overriding dev 5 with dev 2
gx10-6b41:65:75 [0] NCCL INFO NET/IB: ncclIbSenderQpsToRts: Set ECE: IbDev 2 Port 1 qp_num 1882 set_ece={supported=1, vendor_id=0x15b3, options=0x30000002, comp_mask=0x0}
gx10-6b41:65:75 [0] NCCL INFO NET/IB: ncclIbSenderQpsToRts: Set ECE: IbDev 2 Port 1 qp_num 1883 set_ece={supported=1, vendor_id=0x15b3, options=0x30000002, comp_mask=0x0}
gx10-6b41:65:75 [0] NCCL INFO NET/IB: Subnet-aware routing: overriding dev 5 with dev 3
gx10-6b41:65:75 [0] NCCL INFO NET/IB: ncclIbReceiverQpsCreateToRts: QP created: port=1 dev=3 devName=roceP2p1s0f1 ndevs=4 nmdevs=6 qp_num=2240 pkey=0 pd=0xff88d01e0b00 oooRq=0
gx10-6b41:65:75 [0] NCCL INFO NET/IB: ncclIbReceiverQpsCreateToRts: QP created: port=1 dev=3 devName=roceP2p1s0f1 ndevs=4 nmdevs=6 qp_num=2241 pkey=0 pd=0xff88d01e0b00 oooRq=0
gx10-6b41:65:75 [0] NCCL INFO NET/IB: ncclIbReceiverQpsCreateToRts: Flush QP created: port=1 dev=3 devName=roceP2p1s0f1 ndevs=4 nmdevs=6 qp_num=2242 pkey=0 pd=0xff88d01e0b00
gx10-6b41:65:75 [0] NCCL INFO NET/IB: Subnet-aware routing: overriding dev 4 with dev 0
gx10-6b41:65:75 [0] NCCL INFO NET/IB: ncclIbSenderQpsCreate: QP created: port=1 dev=0 devName=rocep1s0f0 ndevs=4 nmdevs=6 qp_num=40646 pkey=0 pd=0xff88d007ded0 oooRq=0
gx10-6b41:65:75 [0] NCCL INFO NET/IB: ncclIbSenderQpsCreate: QP created: port=1 dev=0 devName=rocep1s0f0 ndevs=4 nmdevs=6 qp_num=40647 pkey=0 pd=0xff88d007ded0 oooRq=0
gx10-6b41:65:75 [0] NCCL INFO NET/IB: ncclIbConnectImpl: NCCL Dev 0 IbDev 0 Port 1 qp_num 40646 mtu 5 GID 6 (0/265A8C0FFFF0000) ctsFifoRkey=0x16a969 ctsFifoLkey=0x16a969
gx10-6b41:65:75 [0] NCCL INFO NET/IB: ncclIbConnectImpl: IbDev 0 Port 1 qp_num 40646 query_ece={supported=1, vendor_id=0x15b3, options=0x30000002, comp_mask=0x0}
gx10-6b41:65:75 [0] NCCL INFO NET/IB: ncclIbConnectImpl: NCCL Dev 0 IbDev 0 Port 1 qp_num 40647 mtu 5 GID 6 (0/265A8C0FFFF0000) ctsFifoRkey=0x16a969 ctsFifoLkey=0x16a969
gx10-6b41:65:75 [0] NCCL INFO NET/IB: ncclIbConnectImpl: IbDev 0 Port 1 qp_num 40647 query_ece={supported=1, vendor_id=0x15b3, options=0x30000002, comp_mask=0x0}
gx10-6b41:65:75 [0] NCCL INFO NET/IB: Subnet-aware routing: overriding dev 5 with dev 2
gx10-6b41:65:75 [0] NCCL INFO NET/IB: ncclIbResiliencyInit: Resiliency is disabled on the recv communicator (comm=0xff88d1775000)
gx10-6b41:65:75 [0] NCCL INFO NET/IB: ncclIbRecvCommInit: Receive work requests will be posted on-demand
gx10-6b41:65:75 [0] NCCL INFO NET/IB: Subnet-aware routing: overriding dev 4 with dev 0
gx10-6b41:65:75 [0] NCCL INFO NET/IB: Subnet-aware routing: overriding dev 5 with dev 2
gx10-6b41:65:75 [0] NCCL INFO NET/IB: Subnet-aware routing: overriding dev 4 with dev 0
gx10-6b41:65:75 [0] NCCL INFO NET/IB: ncclIbResiliencyInit: Resiliency is disabled on the send communicator (comm=0xff88d17bd000)
gx10-6b41:65:75 [0] NCCL INFO NET/IB: Subnet-aware routing: overriding dev 4 with dev 0
gx10-6b41:65:75 [0] NCCL INFO NET/IB: ncclIbSenderQpsToRts: Set ECE: IbDev 0 Port 1 qp_num 40646 set_ece={supported=1, vendor_id=0x15b3, options=0x30000002, comp_mask=0x0}
gx10-6b41:65:75 [0] NCCL INFO NET/IB: ncclIbSenderQpsToRts: Set ECE: IbDev 0 Port 1 qp_num 40647 set_ece={supported=1, vendor_id=0x15b3, options=0x30000002, comp_mask=0x0}
gx10-6b41:65:75 [0] NCCL INFO NET/IB: Subnet-aware routing: overriding dev 4 with dev 1
gx10-6b41:65:75 [0] NCCL INFO NET/IB: ncclIbReceiverQpsCreateToRts: QP created: port=1 dev=1 devName=rocep1s0f1 ndevs=4 nmdevs=6 qp_num=39642 pkey=0 pd=0xff88d02348f0 oooRq=0
gx10-6b41:65:75 [0] NCCL INFO NET/IB: ncclIbReceiverQpsCreateToRts: QP created: port=1 dev=1 devName=rocep1s0f1 ndevs=4 nmdevs=6 qp_num=39643 pkey=0 pd=0xff88d02348f0 oooRq=0
gx10-6b41:65:75 [0] NCCL INFO NET/IB: ncclIbReceiverQpsCreateToRts: Flush QP created: port=1 dev=1 devName=rocep1s0f1 ndevs=4 nmdevs=6 qp_num=39644 pkey=0 pd=0xff88d02348f0
gx10-6b41:65:75 [0] NCCL INFO NET/IB: Subnet-aware routing: overriding dev 5 with dev 2
gx10-6b41:65:75 [0] NCCL INFO NET/IB: ncclIbSenderQpsCreate: QP created: port=1 dev=2 devName=roceP2p1s0f0 ndevs=4 nmdevs=6 qp_num=1884 pkey=0 pd=0xff88d02218d0 oooRq=0
gx10-6b41:65:75 [0] NCCL INFO NET/IB: ncclIbSenderQpsCreate: QP created: port=1 dev=2 devName=roceP2p1s0f0 ndevs=4 nmdevs=6 qp_num=1885 pkey=0 pd=0xff88d02218d0 oooRq=0
gx10-6b41:65:75 [0] NCCL INFO NET/IB: ncclIbConnectImpl: NCCL Dev 2 IbDev 2 Port 1 qp_num 1884 mtu 5 GID 3 (0/26FA8C0FFFF0000) ctsFifoRkey=0x19716e ctsFifoLkey=0x19716e
gx10-6b41:65:75 [0] NCCL INFO NET/IB: ncclIbConnectImpl: IbDev 2 Port 1 qp_num 1884 query_ece={supported=1, vendor_id=0x15b3, options=0x30000002, comp_mask=0x0}
gx10-6b41:65:75 [0] NCCL INFO NET/IB: ncclIbConnectImpl: NCCL Dev 2 IbDev 2 Port 1 qp_num 1885 mtu 5 GID 3 (0/26FA8C0FFFF0000) ctsFifoRkey=0x19716e ctsFifoLkey=0x19716e
gx10-6b41:65:75 [0] NCCL INFO NET/IB: ncclIbConnectImpl: IbDev 2 Port 1 qp_num 1885 query_ece={supported=1, vendor_id=0x15b3, options=0x30000002, comp_mask=0x0}
gx10-6b41:65:75 [0] NCCL INFO NET/IB: Subnet-aware routing: overriding dev 4 with dev 0
gx10-6b41:65:75 [0] NCCL INFO NET/IB: ncclIbResiliencyInit: Resiliency is disabled on the recv communicator (comm=0xff88d18d1000)
gx10-6b41:65:75 [0] NCCL INFO NET/IB: ncclIbRecvCommInit: Receive work requests will be posted on-demand
gx10-6b41:65:75 [0] NCCL INFO NET/IB: Subnet-aware routing: overriding dev 5 with dev 2
gx10-6b41:65:75 [0] NCCL INFO NET/IB: Subnet-aware routing: overriding dev 4 with dev 0
gx10-6b41:65:75 [0] NCCL INFO NET/IB: Subnet-aware routing: overriding dev 5 with dev 2
gx10-6b41:65:75 [0] NCCL INFO NET/IB: ncclIbResiliencyInit: Resiliency is disabled on the send communicator (comm=0xff88d1919000)
gx10-6b41:65:75 [0] NCCL INFO NET/IB: Subnet-aware routing: overriding dev 5 with dev 2
gx10-6b41:65:75 [0] NCCL INFO NET/IB: ncclIbSenderQpsToRts: Set ECE: IbDev 2 Port 1 qp_num 1884 set_ece={supported=1, vendor_id=0x15b3, options=0x30000002, comp_mask=0x0}
gx10-6b41:65:75 [0] NCCL INFO NET/IB: ncclIbSenderQpsToRts: Set ECE: IbDev 2 Port 1 qp_num 1885 set_ece={supported=1, vendor_id=0x15b3, options=0x30000002, comp_mask=0x0}
gx10-6b41:65:75 [0] NCCL INFO NET/IB: Subnet-aware routing: overriding dev 5 with dev 3
gx10-6b41:65:75 [0] NCCL INFO NET/IB: ncclIbReceiverQpsCreateToRts: QP created: port=1 dev=3 devName=roceP2p1s0f1 ndevs=4 nmdevs=6 qp_num=2243 pkey=0 pd=0xff88d01e0b00 oooRq=0
gx10-6b41:65:75 [0] NCCL INFO NET/IB: ncclIbReceiverQpsCreateToRts: QP created: port=1 dev=3 devName=roceP2p1s0f1 ndevs=4 nmdevs=6 qp_num=2244 pkey=0 pd=0xff88d01e0b00 oooRq=0
gx10-6b41:65:75 [0] NCCL INFO NET/IB: ncclIbReceiverQpsCreateToRts: Flush QP created: port=1 dev=3 devName=roceP2p1s0f1 ndevs=4 nmdevs=6 qp_num=2245 pkey=0 pd=0xff88d01e0b00
gx10-6b41:65:75 [0] NCCL INFO NET/IB: Subnet-aware routing: overriding dev 4 with dev 0
gx10-6b41:65:75 [0] NCCL INFO NET/IB: ncclIbSenderQpsCreate: QP created: port=1 dev=0 devName=rocep1s0f0 ndevs=4 nmdevs=6 qp_num=40648 pkey=0 pd=0xff88d007ded0 oooRq=0
gx10-6b41:65:75 [0] NCCL INFO NET/IB: ncclIbSenderQpsCreate: QP created: port=1 dev=0 devName=rocep1s0f0 ndevs=4 nmdevs=6 qp_num=40649 pkey=0 pd=0xff88d007ded0 oooRq=0
gx10-6b41:65:75 [0] NCCL INFO NET/IB: ncclIbConnectImpl: NCCL Dev 0 IbDev 0 Port 1 qp_num 40648 mtu 5 GID 6 (0/265A8C0FFFF0000) ctsFifoRkey=0x152be8 ctsFifoLkey=0x152be8
gx10-6b41:65:75 [0] NCCL INFO NET/IB: ncclIbConnectImpl: IbDev 0 Port 1 qp_num 40648 query_ece={supported=1, vendor_id=0x15b3, options=0x30000002, comp_mask=0x0}
gx10-6b41:65:75 [0] NCCL INFO NET/IB: ncclIbConnectImpl: NCCL Dev 0 IbDev 0 Port 1 qp_num 40649 mtu 5 GID 6 (0/265A8C0FFFF0000) ctsFifoRkey=0x152be8 ctsFifoLkey=0x152be8
gx10-6b41:65:75 [0] NCCL INFO NET/IB: ncclIbConnectImpl: IbDev 0 Port 1 qp_num 40649 query_ece={supported=1, vendor_id=0x15b3, options=0x30000002, comp_mask=0x0}
gx10-6b41:65:75 [0] NCCL INFO NET/IB: Subnet-aware routing: overriding dev 4 with dev 1
gx10-6b41:65:75 [0] NCCL INFO NET/IB: ncclIbReceiverQpsCreateToRts: QP created: port=1 dev=1 devName=rocep1s0f1 ndevs=4 nmdevs=6 qp_num=39645 pkey=0 pd=0xff88d02348f0 oooRq=0
gx10-6b41:65:75 [0] NCCL INFO NET/IB: ncclIbReceiverQpsCreateToRts: QP created: port=1 dev=1 devName=rocep1s0f1 ndevs=4 nmdevs=6 qp_num=39646 pkey=0 pd=0xff88d02348f0 oooRq=0
gx10-6b41:65:75 [0] NCCL INFO NET/IB: ncclIbReceiverQpsCreateToRts: Flush QP created: port=1 dev=1 devName=rocep1s0f1 ndevs=4 nmdevs=6 qp_num=39647 pkey=0 pd=0xff88d02348f0
gx10-6b41:65:75 [0] NCCL INFO NET/IB: Subnet-aware routing: overriding dev 5 with dev 2
gx10-6b41:65:75 [0] NCCL INFO NET/IB: ncclIbResiliencyInit: Resiliency is disabled on the recv communicator (comm=0xff88d1aab000)
gx10-6b41:65:75 [0] NCCL INFO NET/IB: ncclIbRecvCommInit: Receive work requests will be posted on-demand
gx10-6b41:65:75 [0] NCCL INFO NET/IB: Subnet-aware routing: overriding dev 4 with dev 0
gx10-6b41:65:75 [0] NCCL INFO NET/IB: Subnet-aware routing: overriding dev 5 with dev 2
gx10-6b41:65:75 [0] NCCL INFO NET/IB: Subnet-aware routing: overriding dev 4 with dev 0
gx10-6b41:65:75 [0] NCCL INFO NET/IB: ncclIbResiliencyInit: Resiliency is disabled on the send communicator (comm=0xff88d1af3000)
gx10-6b41:65:75 [0] NCCL INFO NET/IB: Subnet-aware routing: overriding dev 4 with dev 0
gx10-6b41:65:75 [0] NCCL INFO NET/IB: Subnet-aware routing: overriding dev 5 with dev 2
gx10-6b41:65:75 [0] NCCL INFO NET/IB: ncclIbSenderQpsCreate: QP created: port=1 dev=2 devName=roceP2p1s0f0 ndevs=4 nmdevs=6 qp_num=1886 pkey=0 pd=0xff88d02218d0 oooRq=0
gx10-6b41:65:75 [0] NCCL INFO NET/IB: ncclIbSenderQpsCreate: QP created: port=1 dev=2 devName=roceP2p1s0f0 ndevs=4 nmdevs=6 qp_num=1887 pkey=0 pd=0xff88d02218d0 oooRq=0
gx10-6b41:65:75 [0] NCCL INFO NET/IB: ncclIbConnectImpl: NCCL Dev 2 IbDev 2 Port 1 qp_num 1886 mtu 5 GID 3 (0/26FA8C0FFFF0000) ctsFifoRkey=0x195653 ctsFifoLkey=0x195653
gx10-6b41:65:75 [0] NCCL INFO NET/IB: ncclIbConnectImpl: IbDev 2 Port 1 qp_num 1886 query_ece={supported=1, vendor_id=0x15b3, options=0x30000002, comp_mask=0x0}
gx10-6b41:65:75 [0] NCCL INFO NET/IB: ncclIbConnectImpl: NCCL Dev 2 IbDev 2 Port 1 qp_num 1887 mtu 5 GID 3 (0/26FA8C0FFFF0000) ctsFifoRkey=0x195653 ctsFifoLkey=0x195653
gx10-6b41:65:75 [0] NCCL INFO NET/IB: ncclIbConnectImpl: IbDev 2 Port 1 qp_num 1887 query_ece={supported=1, vendor_id=0x15b3, options=0x30000002, comp_mask=0x0}
gx10-6b41:65:75 [0] NCCL INFO NET/IB: Subnet-aware routing: overriding dev 4 with dev 0
gx10-6b41:65:75 [0] NCCL INFO NET/IB: ncclIbResiliencyInit: Resiliency is disabled on the recv communicator (comm=0xff88d1b8c000)
gx10-6b41:65:75 [0] NCCL INFO NET/IB: ncclIbRecvCommInit: Receive work requests will be posted on-demand
gx10-6b41:65:75 [0] NCCL INFO NET/IB: Subnet-aware routing: overriding dev 4 with dev 0
gx10-6b41:65:75 [0] NCCL INFO NET/IB: ncclIbSenderQpsToRts: Set ECE: IbDev 0 Port 1 qp_num 40648 set_ece={supported=1, vendor_id=0x15b3, options=0x30000002, comp_mask=0x0}
gx10-6b41:65:75 [0] NCCL INFO NET/IB: ncclIbSenderQpsToRts: Set ECE: IbDev 0 Port 1 qp_num 40649 set_ece={supported=1, vendor_id=0x15b3, options=0x30000002, comp_mask=0x0}
gx10-6b41:65:75 [0] NCCL INFO NET/IB: Subnet-aware routing: overriding dev 5 with dev 2
gx10-6b41:65:75 [0] NCCL INFO NET/IB: Subnet-aware routing: overriding dev 5 with dev 3
gx10-6b41:65:75 [0] NCCL INFO NET/IB: ncclIbReceiverQpsCreateToRts: QP created: port=1 dev=3 devName=roceP2p1s0f1 ndevs=4 nmdevs=6 qp_num=2246 pkey=0 pd=0xff88d01e0b00 oooRq=0
gx10-6b41:65:75 [0] NCCL INFO NET/IB: ncclIbReceiverQpsCreateToRts: QP created: port=1 dev=3 devName=roceP2p1s0f1 ndevs=4 nmdevs=6 qp_num=2247 pkey=0 pd=0xff88d01e0b00 oooRq=0
gx10-6b41:65:75 [0] NCCL INFO NET/IB: ncclIbReceiverQpsCreateToRts: Flush QP created: port=1 dev=3 devName=roceP2p1s0f1 ndevs=4 nmdevs=6 qp_num=2248 pkey=0 pd=0xff88d01e0b00
gx10-6b41:65:75 [0] NCCL INFO NET/IB: Subnet-aware routing: overriding dev 4 with dev 0
gx10-6b41:65:75 [0] NCCL INFO NET/IB: ncclIbSenderQpsCreate: QP created: port=1 dev=0 devName=rocep1s0f0 ndevs=4 nmdevs=6 qp_num=40650 pkey=0 pd=0xff88d007ded0 oooRq=0
gx10-6b41:65:75 [0] NCCL INFO NET/IB: ncclIbSenderQpsCreate: QP created: port=1 dev=0 devName=rocep1s0f0 ndevs=4 nmdevs=6 qp_num=40651 pkey=0 pd=0xff88d007ded0 oooRq=0
gx10-6b41:65:75 [0] NCCL INFO NET/IB: ncclIbConnectImpl: NCCL Dev 0 IbDev 0 Port 1 qp_num 40650 mtu 5 GID 6 (0/265A8C0FFFF0000) ctsFifoRkey=0x16f4ae ctsFifoLkey=0x16f4ae
gx10-6b41:65:75 [0] NCCL INFO NET/IB: ncclIbConnectImpl: IbDev 0 Port 1 qp_num 40650 query_ece={supported=1, vendor_id=0x15b3, options=0x30000002, comp_mask=0x0}
gx10-6b41:65:75 [0] NCCL INFO NET/IB: ncclIbConnectImpl: NCCL Dev 0 IbDev 0 Port 1 qp_num 40651 mtu 5 GID 6 (0/265A8C0FFFF0000) ctsFifoRkey=0x16f4ae ctsFifoLkey=0x16f4ae
gx10-6b41:65:75 [0] NCCL INFO NET/IB: ncclIbConnectImpl: IbDev 0 Port 1 qp_num 40651 query_ece={supported=1, vendor_id=0x15b3, options=0x30000002, comp_mask=0x0}
gx10-6b41:65:75 [0] NCCL INFO NET/IB: Subnet-aware routing: overriding dev 5 with dev 2
gx10-6b41:65:75 [0] NCCL INFO NET/IB: ncclIbResiliencyInit: Resiliency is disabled on the send communicator (comm=0xff88d1ca7000)
gx10-6b41:65:75 [0] NCCL INFO NET/IB: Subnet-aware routing: overriding dev 5 with dev 2
gx10-6b41:65:75 [0] NCCL INFO NET/IB: ncclIbSenderQpsToRts: Set ECE: IbDev 2 Port 1 qp_num 1886 set_ece={supported=1, vendor_id=0x15b3, options=0x30000002, comp_mask=0x0}
gx10-6b41:65:75 [0] NCCL INFO NET/IB: ncclIbSenderQpsToRts: Set ECE: IbDev 2 Port 1 qp_num 1887 set_ece={supported=1, vendor_id=0x15b3, options=0x30000002, comp_mask=0x0}
gx10-6b41:65:75 [0] NCCL INFO NET/IB: Subnet-aware routing: overriding dev 4 with dev 0
gx10-6b41:65:75 [0] NCCL INFO NET/IB: Subnet-aware routing: overriding dev 5 with dev 2
gx10-6b41:65:75 [0] NCCL INFO NET/IB: ncclIbResiliencyInit: Resiliency is disabled on the recv communicator (comm=0xff88d1ceb000)
gx10-6b41:65:75 [0] NCCL INFO NET/IB: ncclIbRecvCommInit: Receive work requests will be posted on-demand
gx10-6b41:65:75 [0] NCCL INFO NET/IB: Subnet-aware routing: overriding dev 4 with dev 0
gx10-6b41:65:75 [0] NCCL INFO NET/IB: Subnet-aware routing: overriding dev 5 with dev 2
gx10-6b41:65:75 [0] NCCL INFO NET/IB: Subnet-aware routing: overriding dev 4 with dev 0
gx10-6b41:65:75 [0] NCCL INFO NET/IB: ncclIbResiliencyInit: Resiliency is disabled on the send communicator (comm=0xff88d1d33000)
gx10-6b41:65:75 [0] NCCL INFO NET/IB: Subnet-aware routing: overriding dev 4 with dev 0
gx10-6b41:65:75 [0] NCCL INFO NET/IB: Subnet-aware routing: overriding dev 5 with dev 2
gx10-6b41:65:75 [0] NCCL INFO NET/IB: Subnet-aware routing: overriding dev 4 with dev 0
gx10-6b41:65:75 [0] NCCL INFO NET/IB: ncclIbResiliencyInit: Resiliency is disabled on the recv communicator (comm=0xff88d1d74000)
gx10-6b41:65:75 [0] NCCL INFO NET/IB: ncclIbRecvCommInit: Receive work requests will be posted on-demand
gx10-6b41:65:75 [0] NCCL INFO NET/IB: Subnet-aware routing: overriding dev 4 with dev 0
gx10-6b41:65:75 [0] NCCL INFO NET/IB: Subnet-aware routing: overriding dev 5 with dev 2
gx10-6b41:65:75 [0] NCCL INFO NET/IB: Subnet-aware routing: overriding dev 4 with dev 0
gx10-6b41:65:75 [0] NCCL INFO NET/IB: Subnet-aware routing: overriding dev 5 with dev 2
gx10-6b41:65:75 [0] NCCL INFO NET/IB: ncclIbResiliencyInit: Resiliency is disabled on the send communicator (comm=0xff88d1dbf000)
gx10-6b41:65:75 [0] NCCL INFO NET/IB: Subnet-aware routing: overriding dev 4 with dev 0
gx10-6b41:65:75 [0] NCCL INFO NET/IB: ncclIbSenderQpsToRts: Set ECE: IbDev 0 Port 1 qp_num 40650 set_ece={supported=1, vendor_id=0x15b3, options=0x30000002, comp_mask=0x0}
gx10-6b41:65:75 [0] NCCL INFO NET/IB: ncclIbSenderQpsToRts: Set ECE: IbDev 0 Port 1 qp_num 40651 set_ece={supported=1, vendor_id=0x15b3, options=0x30000002, comp_mask=0x0}
gx10-6b41:65:75 [0] NCCL INFO NET/IB: Subnet-aware routing: overriding dev 4 with dev 1
gx10-6b41:65:75 [0] NCCL INFO NET/IB: ncclIbReceiverQpsCreateToRts: QP created: port=1 dev=1 devName=rocep1s0f1 ndevs=4 nmdevs=6 qp_num=39648 pkey=0 pd=0xff88d02348f0 oooRq=0
gx10-6b41:65:75 [0] NCCL INFO NET/IB: ncclIbReceiverQpsCreateToRts: QP created: port=1 dev=1 devName=rocep1s0f1 ndevs=4 nmdevs=6 qp_num=39649 pkey=0 pd=0xff88d02348f0 oooRq=0
gx10-6b41:65:75 [0] NCCL INFO NET/IB: ncclIbReceiverQpsCreateToRts: Flush QP created: port=1 dev=1 devName=rocep1s0f1 ndevs=4 nmdevs=6 qp_num=39650 pkey=0 pd=0xff88d02348f0
gx10-6b41:65:75 [0] NCCL INFO NET/IB: Subnet-aware routing: overriding dev 5 with dev 2
gx10-6b41:65:75 [0] NCCL INFO NET/IB: ncclIbSenderQpsCreate: QP created: port=1 dev=2 devName=roceP2p1s0f0 ndevs=4 nmdevs=6 qp_num=1888 pkey=0 pd=0xff88d02218d0 oooRq=0
gx10-6b41:65:75 [0] NCCL INFO NET/IB: ncclIbSenderQpsCreate: QP created: port=1 dev=2 devName=roceP2p1s0f0 ndevs=4 nmdevs=6 qp_num=1889 pkey=0 pd=0xff88d02218d0 oooRq=0
gx10-6b41:65:75 [0] NCCL INFO NET/IB: ncclIbConnectImpl: NCCL Dev 2 IbDev 2 Port 1 qp_num 1888 mtu 5 GID 3 (0/26FA8C0FFFF0000) ctsFifoRkey=0x194848 ctsFifoLkey=0x194848
gx10-6b41:65:75 [0] NCCL INFO NET/IB: ncclIbConnectImpl: IbDev 2 Port 1 qp_num 1888 query_ece={supported=1, vendor_id=0x15b3, options=0x30000002, comp_mask=0x0}
gx10-6b41:65:75 [0] NCCL INFO NET/IB: ncclIbConnectImpl: NCCL Dev 2 IbDev 2 Port 1 qp_num 1889 mtu 5 GID 3 (0/26FA8C0FFFF0000) ctsFifoRkey=0x194848 ctsFifoLkey=0x194848
gx10-6b41:65:75 [0] NCCL INFO NET/IB: ncclIbConnectImpl: IbDev 2 Port 1 qp_num 1889 query_ece={supported=1, vendor_id=0x15b3, options=0x30000002, comp_mask=0x0}
gx10-6b41:65:75 [0] NCCL INFO NET/IB: Subnet-aware routing: overriding dev 5 with dev 3
gx10-6b41:65:75 [0] NCCL INFO NET/IB: ncclIbReceiverQpsCreateToRts: QP created: port=1 dev=3 devName=roceP2p1s0f1 ndevs=4 nmdevs=6 qp_num=2249 pkey=0 pd=0xff88d01e0b00 oooRq=0
gx10-6b41:65:75 [0] NCCL INFO NET/IB: ncclIbReceiverQpsCreateToRts: QP created: port=1 dev=3 devName=roceP2p1s0f1 ndevs=4 nmdevs=6 qp_num=2250 pkey=0 pd=0xff88d01e0b00 oooRq=0
gx10-6b41:65:75 [0] NCCL INFO NET/IB: ncclIbReceiverQpsCreateToRts: Flush QP created: port=1 dev=3 devName=roceP2p1s0f1 ndevs=4 nmdevs=6 qp_num=2251 pkey=0 pd=0xff88d01e0b00
gx10-6b41:65:75 [0] NCCL INFO NET/IB: Subnet-aware routing: overriding dev 4 with dev 0
gx10-6b41:65:75 [0] NCCL INFO NET/IB: Subnet-aware routing: overriding dev 5 with dev 2
gx10-6b41:65:75 [0] NCCL INFO NET/IB: ncclIbResiliencyInit: Resiliency is disabled on the recv communicator (comm=0xff88d1f4d000)
gx10-6b41:65:75 [0] NCCL INFO NET/IB: ncclIbRecvCommInit: Receive work requests will be posted on-demand
gx10-6b41:65:75 [0] NCCL INFO NET/IB: Subnet-aware routing: overriding dev 5 with dev 2
gx10-6b41:65:75 [0] NCCL INFO NET/IB: Subnet-aware routing: overriding dev 4 with dev 0
gx10-6b41:65:75 [0] NCCL INFO NET/IB: Subnet-aware routing: overriding dev 5 with dev 2
gx10-6b41:65:75 [0] NCCL INFO NET/IB: Subnet-aware routing: overriding dev 4 with dev 0
gx10-6b41:65:75 [0] NCCL INFO NET/IB: ncclIbResiliencyInit: Resiliency is disabled on the send communicator (comm=0xff88d1f95000)
gx10-6b41:65:75 [0] NCCL INFO NET/IB: Subnet-aware routing: overriding dev 5 with dev 2
gx10-6b41:65:75 [0] NCCL INFO NET/IB: ncclIbSenderQpsToRts: Set ECE: IbDev 2 Port 1 qp_num 1888 set_ece={supported=1, vendor_id=0x15b3, options=0x30000002, comp_mask=0x0}
gx10-6b41:65:75 [0] NCCL INFO NET/IB: ncclIbSenderQpsToRts: Set ECE: IbDev 2 Port 1 qp_num 1889 set_ece={supported=1, vendor_id=0x15b3, options=0x30000002, comp_mask=0x0}
gx10-6b41:65:75 [0] NCCL INFO NET/IB: Subnet-aware routing: overriding dev 4 with dev 0
gx10-6b41:65:75 [0] NCCL INFO NET/IB: ncclIbSenderQpsCreate: QP created: port=1 dev=0 devName=rocep1s0f0 ndevs=4 nmdevs=6 qp_num=40652 pkey=0 pd=0xff88d007ded0 oooRq=0
gx10-6b41:65:75 [0] NCCL INFO NET/IB: ncclIbSenderQpsCreate: QP created: port=1 dev=0 devName=rocep1s0f0 ndevs=4 nmdevs=6 qp_num=40653 pkey=0 pd=0xff88d007ded0 oooRq=0
gx10-6b41:65:75 [0] NCCL INFO NET/IB: ncclIbConnectImpl: NCCL Dev 0 IbDev 0 Port 1 qp_num 40652 mtu 5 GID 6 (0/265A8C0FFFF0000) ctsFifoRkey=0x14a262 ctsFifoLkey=0x14a262
gx10-6b41:65:75 [0] NCCL INFO NET/IB: ncclIbConnectImpl: IbDev 0 Port 1 qp_num 40652 query_ece={supported=1, vendor_id=0x15b3, options=0x30000002, comp_mask=0x0}
gx10-6b41:65:75 [0] NCCL INFO NET/IB: ncclIbConnectImpl: NCCL Dev 0 IbDev 0 Port 1 qp_num 40653 mtu 5 GID 6 (0/265A8C0FFFF0000) ctsFifoRkey=0x14a262 ctsFifoLkey=0x14a262
gx10-6b41:65:75 [0] NCCL INFO NET/IB: ncclIbConnectImpl: IbDev 0 Port 1 qp_num 40653 query_ece={supported=1, vendor_id=0x15b3, options=0x30000002, comp_mask=0x0}
gx10-6b41:65:75 [0] NCCL INFO NET/IB: Subnet-aware routing: overriding dev 4 with dev 1
gx10-6b41:65:75 [0] NCCL INFO NET/IB: ncclIbReceiverQpsCreateToRts: QP created: port=1 dev=1 devName=rocep1s0f1 ndevs=4 nmdevs=6 qp_num=39651 pkey=0 pd=0xff88d02348f0 oooRq=0
gx10-6b41:65:75 [0] NCCL INFO NET/IB: ncclIbReceiverQpsCreateToRts: QP created: port=1 dev=1 devName=rocep1s0f1 ndevs=4 nmdevs=6 qp_num=39652 pkey=0 pd=0xff88d02348f0 oooRq=0
gx10-6b41:65:75 [0] NCCL INFO NET/IB: ncclIbReceiverQpsCreateToRts: Flush QP created: port=1 dev=1 devName=rocep1s0f1 ndevs=4 nmdevs=6 qp_num=39653 pkey=0 pd=0xff88d02348f0
gx10-6b41:65:75 [0] NCCL INFO NET/IB: Subnet-aware routing: overriding dev 5 with dev 2
gx10-6b41:65:75 [0] NCCL INFO NET/IB: ncclIbSenderQpsCreate: QP created: port=1 dev=2 devName=roceP2p1s0f0 ndevs=4 nmdevs=6 qp_num=1890 pkey=0 pd=0xff88d02218d0 oooRq=0
gx10-6b41:65:75 [0] NCCL INFO NET/IB: ncclIbSenderQpsCreate: QP created: port=1 dev=2 devName=roceP2p1s0f0 ndevs=4 nmdevs=6 qp_num=1891 pkey=0 pd=0xff88d02218d0 oooRq=0
gx10-6b41:65:75 [0] NCCL INFO NET/IB: ncclIbConnectImpl: NCCL Dev 2 IbDev 2 Port 1 qp_num 1890 mtu 5 GID 3 (0/26FA8C0FFFF0000) ctsFifoRkey=0x193f3c ctsFifoLkey=0x193f3c
gx10-6b41:65:75 [0] NCCL INFO NET/IB: ncclIbConnectImpl: IbDev 2 Port 1 qp_num 1890 query_ece={supported=1, vendor_id=0x15b3, options=0x30000002, comp_mask=0x0}
gx10-6b41:65:75 [0] NCCL INFO NET/IB: ncclIbConnectImpl: NCCL Dev 2 IbDev 2 Port 1 qp_num 1891 mtu 5 GID 3 (0/26FA8C0FFFF0000) ctsFifoRkey=0x193f3c ctsFifoLkey=0x193f3c
gx10-6b41:65:75 [0] NCCL INFO NET/IB: ncclIbConnectImpl: IbDev 2 Port 1 qp_num 1891 query_ece={supported=1, vendor_id=0x15b3, options=0x30000002, comp_mask=0x0}
gx10-6b41:65:75 [0] NCCL INFO NET/IB: Subnet-aware routing: overriding dev 4 with dev 0
gx10-6b41:65:75 [0] NCCL INFO NET/IB: ncclIbResiliencyInit: Resiliency is disabled on the recv communicator (comm=0xff88d2102000)
gx10-6b41:65:75 [0] NCCL INFO NET/IB: ncclIbRecvCommInit: Receive work requests will be posted on-demand
gx10-6b41:65:75 [0] NCCL INFO NET/IB: Subnet-aware routing: overriding dev 4 with dev 0
gx10-6b41:65:75 [0] NCCL INFO NET/IB: Subnet-aware routing: overriding dev 5 with dev 2
gx10-6b41:65:75 [0] NCCL INFO NET/IB: Subnet-aware routing: overriding dev 4 with dev 0
gx10-6b41:65:75 [0] NCCL INFO NET/IB: Subnet-aware routing: overriding dev 5 with dev 2
gx10-6b41:65:75 [0] NCCL INFO NET/IB: ncclIbResiliencyInit: Resiliency is disabled on the send communicator (comm=0xff88d214a000)
gx10-6b41:65:75 [0] NCCL INFO NET/IB: Subnet-aware routing: overriding dev 4 with dev 0
gx10-6b41:65:75 [0] NCCL INFO NET/IB: Subnet-aware routing: overriding dev 5 with dev 2
gx10-6b41:65:75 [0] NCCL INFO NET/IB: Subnet-aware routing: overriding dev 4 with dev 0
gx10-6b41:65:75 [0] NCCL INFO NET/IB: Subnet-aware routing: overriding dev 5 with dev 2
gx10-6b41:65:75 [0] NCCL INFO NET/IB: ncclIbResiliencyInit: Resiliency is disabled on the recv communicator (comm=0xff88d218e000)
gx10-6b41:65:75 [0] NCCL INFO NET/IB: ncclIbRecvCommInit: Receive work requests will be posted on-demand
gx10-6b41:65:75 [0] NCCL INFO NET/IB: Subnet-aware routing: overriding dev 4 with dev 0
gx10-6b41:65:75 [0] NCCL INFO NET/IB: ncclIbSenderQpsToRts: Set ECE: IbDev 0 Port 1 qp_num 40652 set_ece={supported=1, vendor_id=0x15b3, options=0x30000002, comp_mask=0x0}
gx10-6b41:65:75 [0] NCCL INFO NET/IB: ncclIbSenderQpsToRts: Set ECE: IbDev 0 Port 1 qp_num 40653 set_ece={supported=1, vendor_id=0x15b3, options=0x30000002, comp_mask=0x0}
gx10-6b41:65:75 [0] NCCL INFO NET/IB: Subnet-aware routing: overriding dev 5 with dev 2
gx10-6b41:65:75 [0] NCCL INFO NET/IB: ncclIbSenderQpsToRts: Set ECE: IbDev 2 Port 1 qp_num 1890 set_ece={supported=1, vendor_id=0x15b3, options=0x30000002, comp_mask=0x0}
gx10-6b41:65:75 [0] NCCL INFO NET/IB: ncclIbSenderQpsToRts: Set ECE: IbDev 2 Port 1 qp_num 1891 set_ece={supported=1, vendor_id=0x15b3, options=0x30000002, comp_mask=0x0}
gx10-6b41:65:75 [0] NCCL INFO NET/IB: Subnet-aware routing: overriding dev 5 with dev 3
gx10-6b41:65:75 [0] NCCL INFO NET/IB: ncclIbReceiverQpsCreateToRts: QP created: port=1 dev=3 devName=roceP2p1s0f1 ndevs=4 nmdevs=6 qp_num=2252 pkey=0 pd=0xff88d01e0b00 oooRq=0
gx10-6b41:65:75 [0] NCCL INFO NET/IB: ncclIbReceiverQpsCreateToRts: QP created: port=1 dev=3 devName=roceP2p1s0f1 ndevs=4 nmdevs=6 qp_num=2253 pkey=0 pd=0xff88d01e0b00 oooRq=0
gx10-6b41:65:75 [0] NCCL INFO NET/IB: ncclIbReceiverQpsCreateToRts: Flush QP created: port=1 dev=3 devName=roceP2p1s0f1 ndevs=4 nmdevs=6 qp_num=2254 pkey=0 pd=0xff88d01e0b00
gx10-6b41:65:75 [0] NCCL INFO NET/IB: Subnet-aware routing: overriding dev 4 with dev 0
gx10-6b41:65:75 [0] NCCL INFO NET/IB: ncclIbSenderQpsCreate: QP created: port=1 dev=0 devName=rocep1s0f0 ndevs=4 nmdevs=6 qp_num=40654 pkey=0 pd=0xff88d007ded0 oooRq=0
gx10-6b41:65:75 [0] NCCL INFO NET/IB: ncclIbSenderQpsCreate: QP created: port=1 dev=0 devName=rocep1s0f0 ndevs=4 nmdevs=6 qp_num=40655 pkey=0 pd=0xff88d007ded0 oooRq=0
gx10-6b41:65:75 [0] NCCL INFO NET/IB: ncclIbConnectImpl: NCCL Dev 0 IbDev 0 Port 1 qp_num 40654 mtu 5 GID 6 (0/265A8C0FFFF0000) ctsFifoRkey=0x168a48 ctsFifoLkey=0x168a48
gx10-6b41:65:75 [0] NCCL INFO NET/IB: ncclIbConnectImpl: IbDev 0 Port 1 qp_num 40654 query_ece={supported=1, vendor_id=0x15b3, options=0x30000002, comp_mask=0x0}
gx10-6b41:65:75 [0] NCCL INFO NET/IB: ncclIbConnectImpl: NCCL Dev 0 IbDev 0 Port 1 qp_num 40655 mtu 5 GID 6 (0/265A8C0FFFF0000) ctsFifoRkey=0x168a48 ctsFifoLkey=0x168a48
gx10-6b41:65:75 [0] NCCL INFO NET/IB: ncclIbConnectImpl: IbDev 0 Port 1 qp_num 40655 query_ece={supported=1, vendor_id=0x15b3, options=0x30000002, comp_mask=0x0}
gx10-6b41:65:75 [0] NCCL INFO NET/IB: Subnet-aware routing: overriding dev 5 with dev 2
gx10-6b41:65:75 [0] NCCL INFO NET/IB: ncclIbSenderQpsCreate: QP created: port=1 dev=2 devName=roceP2p1s0f0 ndevs=4 nmdevs=6 qp_num=1892 pkey=0 pd=0xff88d02218d0 oooRq=0
gx10-6b41:65:75 [0] NCCL INFO NET/IB: ncclIbSenderQpsCreate: QP created: port=1 dev=2 devName=roceP2p1s0f0 ndevs=4 nmdevs=6 qp_num=1893 pkey=0 pd=0xff88d02218d0 oooRq=0
gx10-6b41:65:75 [0] NCCL INFO NET/IB: ncclIbConnectImpl: NCCL Dev 2 IbDev 2 Port 1 qp_num 1892 mtu 5 GID 3 (0/26FA8C0FFFF0000) ctsFifoRkey=0x194f4c ctsFifoLkey=0x194f4c
gx10-6b41:65:75 [0] NCCL INFO NET/IB: ncclIbConnectImpl: IbDev 2 Port 1 qp_num 1892 query_ece={supported=1, vendor_id=0x15b3, options=0x30000002, comp_mask=0x0}
gx10-6b41:65:75 [0] NCCL INFO NET/IB: ncclIbConnectImpl: NCCL Dev 2 IbDev 2 Port 1 qp_num 1893 mtu 5 GID 3 (0/26FA8C0FFFF0000) ctsFifoRkey=0x194f4c ctsFifoLkey=0x194f4c
gx10-6b41:65:75 [0] NCCL INFO NET/IB: ncclIbConnectImpl: IbDev 2 Port 1 qp_num 1893 query_ece={supported=1, vendor_id=0x15b3, options=0x30000002, comp_mask=0x0}
gx10-6b41:65:75 [0] NCCL INFO NET/IB: Subnet-aware routing: overriding dev 4 with dev 0
gx10-6b41:65:75 [0] NCCL INFO NET/IB: ncclIbResiliencyInit: Resiliency is disabled on the send communicator (comm=0xff88d22ff000)
gx10-6b41:65:75 [0] NCCL INFO NET/IB: Subnet-aware routing: overriding dev 4 with dev 0
gx10-6b41:65:75 [0] NCCL INFO NET/IB: Subnet-aware routing: overriding dev 5 with dev 2
gx10-6b41:65:75 [0] NCCL INFO NET/IB: Subnet-aware routing: overriding dev 4 with dev 0
gx10-6b41:65:75 [0] NCCL INFO NET/IB: ncclIbResiliencyInit: Resiliency is disabled on the recv communicator (comm=0xff88d2343000)
gx10-6b41:65:75 [0] NCCL INFO NET/IB: ncclIbRecvCommInit: Receive work requests will be posted on-demand
gx10-6b41:65:75 [0] NCCL INFO NET/IB: Subnet-aware routing: overriding dev 4 with dev 0
gx10-6b41:65:75 [0] NCCL INFO NET/IB: Subnet-aware routing: overriding dev 4 with dev 1
gx10-6b41:65:75 [0] NCCL INFO NET/IB: ncclIbReceiverQpsCreateToRts: QP created: port=1 dev=1 devName=rocep1s0f1 ndevs=4 nmdevs=6 qp_num=39654 pkey=0 pd=0xff88d02348f0 oooRq=0
gx10-6b41:65:75 [0] NCCL INFO NET/IB: ncclIbReceiverQpsCreateToRts: QP created: port=1 dev=1 devName=rocep1s0f1 ndevs=4 nmdevs=6 qp_num=39655 pkey=0 pd=0xff88d02348f0 oooRq=0
gx10-6b41:65:75 [0] NCCL INFO NET/IB: ncclIbReceiverQpsCreateToRts: Flush QP created: port=1 dev=1 devName=rocep1s0f1 ndevs=4 nmdevs=6 qp_num=39656 pkey=0 pd=0xff88d02348f0
gx10-6b41:65:75 [0] NCCL INFO NET/IB: Subnet-aware routing: overriding dev 5 with dev 2
gx10-6b41:65:75 [0] NCCL INFO NET/IB: Subnet-aware routing: overriding dev 4 with dev 0
gx10-6b41:65:75 [0] NCCL INFO NET/IB: Subnet-aware routing: overriding dev 5 with dev 2
gx10-6b41:65:75 [0] NCCL INFO NET/IB: ncclIbResiliencyInit: Resiliency is disabled on the send communicator (comm=0xff88d2406000)
gx10-6b41:65:75 [0] NCCL INFO NET/IB: Subnet-aware routing: overriding dev 4 with dev 0
gx10-6b41:65:75 [0] NCCL INFO NET/IB: ncclIbSenderQpsToRts: Set ECE: IbDev 0 Port 1 qp_num 40654 set_ece={supported=1, vendor_id=0x15b3, options=0x30000002, comp_mask=0x0}
gx10-6b41:65:75 [0] NCCL INFO NET/IB: ncclIbSenderQpsToRts: Set ECE: IbDev 0 Port 1 qp_num 40655 set_ece={supported=1, vendor_id=0x15b3, options=0x30000002, comp_mask=0x0}
gx10-6b41:65:75 [0] NCCL INFO NET/IB: Subnet-aware routing: overriding dev 5 with dev 2
gx10-6b41:65:75 [0] NCCL INFO NET/IB: ncclIbSenderQpsToRts: Set ECE: IbDev 2 Port 1 qp_num 1892 set_ece={supported=1, vendor_id=0x15b3, options=0x30000002, comp_mask=0x0}
gx10-6b41:65:75 [0] NCCL INFO NET/IB: ncclIbSenderQpsToRts: Set ECE: IbDev 2 Port 1 qp_num 1893 set_ece={supported=1, vendor_id=0x15b3, options=0x30000002, comp_mask=0x0}
gx10-6b41:65:75 [0] NCCL INFO NET/IB: Subnet-aware routing: overriding dev 5 with dev 3
gx10-6b41:65:75 [0] NCCL INFO NET/IB: ncclIbReceiverQpsCreateToRts: QP created: port=1 dev=3 devName=roceP2p1s0f1 ndevs=4 nmdevs=6 qp_num=2255 pkey=0 pd=0xff88d01e0b00 oooRq=0
gx10-6b41:65:75 [0] NCCL INFO NET/IB: ncclIbReceiverQpsCreateToRts: QP created: port=1 dev=3 devName=roceP2p1s0f1 ndevs=4 nmdevs=6 qp_num=2256 pkey=0 pd=0xff88d01e0b00 oooRq=0
gx10-6b41:65:75 [0] NCCL INFO NET/IB: ncclIbReceiverQpsCreateToRts: Flush QP created: port=1 dev=3 devName=roceP2p1s0f1 ndevs=4 nmdevs=6 qp_num=2257 pkey=0 pd=0xff88d01e0b00
gx10-6b41:65:75 [0] NCCL INFO NET/IB: Subnet-aware routing: overriding dev 4 with dev 0
gx10-6b41:65:75 [0] NCCL INFO NET/IB: ncclIbSenderQpsCreate: QP created: port=1 dev=0 devName=rocep1s0f0 ndevs=4 nmdevs=6 qp_num=40656 pkey=0 pd=0xff88d007ded0 oooRq=0
gx10-6b41:65:75 [0] NCCL INFO NET/IB: ncclIbSenderQpsCreate: QP created: port=1 dev=0 devName=rocep1s0f0 ndevs=4 nmdevs=6 qp_num=40657 pkey=0 pd=0xff88d007ded0 oooRq=0
gx10-6b41:65:75 [0] NCCL INFO NET/IB: ncclIbConnectImpl: NCCL Dev 0 IbDev 0 Port 1 qp_num 40656 mtu 5 GID 6 (0/265A8C0FFFF0000) ctsFifoRkey=0x16c382 ctsFifoLkey=0x16c382
gx10-6b41:65:75 [0] NCCL INFO NET/IB: ncclIbConnectImpl: IbDev 0 Port 1 qp_num 40656 query_ece={supported=1, vendor_id=0x15b3, options=0x30000002, comp_mask=0x0}
gx10-6b41:65:75 [0] NCCL INFO NET/IB: ncclIbConnectImpl: NCCL Dev 0 IbDev 0 Port 1 qp_num 40657 mtu 5 GID 6 (0/265A8C0FFFF0000) ctsFifoRkey=0x16c382 ctsFifoLkey=0x16c382
gx10-6b41:65:75 [0] NCCL INFO NET/IB: ncclIbConnectImpl: IbDev 0 Port 1 qp_num 40657 query_ece={supported=1, vendor_id=0x15b3, options=0x30000002, comp_mask=0x0}
gx10-6b41:65:75 [0] NCCL INFO NET/IB: Subnet-aware routing: overriding dev 5 with dev 2
gx10-6b41:65:75 [0] NCCL INFO NET/IB: ncclIbResiliencyInit: Resiliency is disabled on the recv communicator (comm=0xff88d2518000)
gx10-6b41:65:75 [0] NCCL INFO NET/IB: ncclIbRecvCommInit: Receive work requests will be posted on-demand
gx10-6b41:65:75 [0] NCCL INFO NET/IB: Subnet-aware routing: overriding dev 4 with dev 0
gx10-6b41:65:75 [0] NCCL INFO NET/IB: Subnet-aware routing: overriding dev 5 with dev 2
gx10-6b41:65:75 [0] NCCL INFO NET/IB: Subnet-aware routing: overriding dev 4 with dev 0
gx10-6b41:65:75 [0] NCCL INFO NET/IB: ncclIbResiliencyInit: Resiliency is disabled on the send communicator (comm=0xff88d2560000)
gx10-6b41:65:75 [0] NCCL INFO NET/IB: Subnet-aware routing: overriding dev 4 with dev 0
gx10-6b41:65:75 [0] NCCL INFO NET/IB: Subnet-aware routing: overriding dev 5 with dev 2
gx10-6b41:65:75 [0] NCCL INFO NET/IB: Subnet-aware routing: overriding dev 4 with dev 0
gx10-6b41:65:75 [0] NCCL INFO NET/IB: ncclIbResiliencyInit: Resiliency is disabled on the recv communicator (comm=0xff88d25a4000)
gx10-6b41:65:75 [0] NCCL INFO NET/IB: ncclIbRecvCommInit: Receive work requests will be posted on-demand
gx10-6b41:65:75 [0] NCCL INFO NET/IB: Subnet-aware routing: overriding dev 4 with dev 0
gx10-6b41:65:75 [0] NCCL INFO NET/IB: Subnet-aware routing: overriding dev 5 with dev 2
gx10-6b41:65:75 [0] NCCL INFO NET/IB: Subnet-aware routing: overriding dev 4 with dev 0
gx10-6b41:65:75 [0] NCCL INFO NET/IB: Subnet-aware routing: overriding dev 5 with dev 2
gx10-6b41:65:75 [0] NCCL INFO NET/IB: ncclIbResiliencyInit: Resiliency is disabled on the send communicator (comm=0xff88d25ec000)
gx10-6b41:65:75 [0] NCCL INFO NET/IB: Subnet-aware routing: overriding dev 4 with dev 0
gx10-6b41:65:75 [0] NCCL INFO NET/IB: Subnet-aware routing: overriding dev 5 with dev 2
gx10-6b41:65:75 [0] NCCL INFO NET/IB: ncclIbSenderQpsCreate: QP created: port=1 dev=2 devName=roceP2p1s0f0 ndevs=4 nmdevs=6 qp_num=1894 pkey=0 pd=0xff88d02218d0 oooRq=0
gx10-6b41:65:75 [0] NCCL INFO NET/IB: ncclIbSenderQpsCreate: QP created: port=1 dev=2 devName=roceP2p1s0f0 ndevs=4 nmdevs=6 qp_num=1895 pkey=0 pd=0xff88d02218d0 oooRq=0
gx10-6b41:65:75 [0] NCCL INFO NET/IB: ncclIbConnectImpl: NCCL Dev 2 IbDev 2 Port 1 qp_num 1894 mtu 5 GID 3 (0/26FA8C0FFFF0000) ctsFifoRkey=0x192b28 ctsFifoLkey=0x192b28
gx10-6b41:65:75 [0] NCCL INFO NET/IB: ncclIbConnectImpl: IbDev 2 Port 1 qp_num 1894 query_ece={supported=1, vendor_id=0x15b3, options=0x30000002, comp_mask=0x0}
gx10-6b41:65:75 [0] NCCL INFO NET/IB: ncclIbConnectImpl: NCCL Dev 2 IbDev 2 Port 1 qp_num 1895 mtu 5 GID 3 (0/26FA8C0FFFF0000) ctsFifoRkey=0x192b28 ctsFifoLkey=0x192b28
gx10-6b41:65:75 [0] NCCL INFO NET/IB: ncclIbConnectImpl: IbDev 2 Port 1 qp_num 1895 query_ece={supported=1, vendor_id=0x15b3, options=0x30000002, comp_mask=0x0}
gx10-6b41:65:75 [0] NCCL INFO NET/IB: Subnet-aware routing: overriding dev 4 with dev 0
gx10-6b41:65:75 [0] NCCL INFO NET/IB: ncclIbSenderQpsCreate: QP created: port=1 dev=0 devName=rocep1s0f0 ndevs=4 nmdevs=6 qp_num=40658 pkey=0 pd=0xff88d007ded0 oooRq=0
gx10-6b41:65:75 [0] NCCL INFO NET/IB: ncclIbSenderQpsCreate: QP created: port=1 dev=0 devName=rocep1s0f0 ndevs=4 nmdevs=6 qp_num=40659 pkey=0 pd=0xff88d007ded0 oooRq=0
gx10-6b41:65:75 [0] NCCL INFO NET/IB: ncclIbConnectImpl: NCCL Dev 0 IbDev 0 Port 1 qp_num 40658 mtu 5 GID 6 (0/265A8C0FFFF0000) ctsFifoRkey=0x17c07e ctsFifoLkey=0x17c07e
gx10-6b41:65:75 [0] NCCL INFO NET/IB: ncclIbConnectImpl: IbDev 0 Port 1 qp_num 40658 query_ece={supported=1, vendor_id=0x15b3, options=0x30000002, comp_mask=0x0}
gx10-6b41:65:75 [0] NCCL INFO NET/IB: ncclIbConnectImpl: NCCL Dev 0 IbDev 0 Port 1 qp_num 40659 mtu 5 GID 6 (0/265A8C0FFFF0000) ctsFifoRkey=0x17c07e ctsFifoLkey=0x17c07e
gx10-6b41:65:75 [0] NCCL INFO NET/IB: ncclIbConnectImpl: IbDev 0 Port 1 qp_num 40659 query_ece={supported=1, vendor_id=0x15b3, options=0x30000002, comp_mask=0x0}
gx10-6b41:65:75 [0] NCCL INFO NET/IB: Subnet-aware routing: overriding dev 5 with dev 2
gx10-6b41:65:75 [0] NCCL INFO NET/IB: ncclIbResiliencyInit: Resiliency is disabled on the recv communicator (comm=0xff88d26e4000)
gx10-6b41:65:75 [0] NCCL INFO NET/IB: ncclIbRecvCommInit: Receive work requests will be posted on-demand
gx10-6b41:65:75 [0] NCCL INFO NET/IB: Subnet-aware routing: overriding dev 4 with dev 0
gx10-6b41:65:75 [0] NCCL INFO NET/IB: ncclIbSenderQpsToRts: Set ECE: IbDev 0 Port 1 qp_num 40656 set_ece={supported=1, vendor_id=0x15b3, options=0x30000002, comp_mask=0x0}
gx10-6b41:65:75 [0] NCCL INFO NET/IB: ncclIbSenderQpsToRts: Set ECE: IbDev 0 Port 1 qp_num 40657 set_ece={supported=1, vendor_id=0x15b3, options=0x30000002, comp_mask=0x0}
gx10-6b41:65:75 [0] NCCL INFO NET/IB: Subnet-aware routing: overriding dev 4 with dev 1
gx10-6b41:65:75 [0] NCCL INFO NET/IB: ncclIbReceiverQpsCreateToRts: QP created: port=1 dev=1 devName=rocep1s0f1 ndevs=4 nmdevs=6 qp_num=39657 pkey=0 pd=0xff88d02348f0 oooRq=0
gx10-6b41:65:75 [0] NCCL INFO NET/IB: ncclIbReceiverQpsCreateToRts: QP created: port=1 dev=1 devName=rocep1s0f1 ndevs=4 nmdevs=6 qp_num=39658 pkey=0 pd=0xff88d02348f0 oooRq=0
gx10-6b41:65:75 [0] NCCL INFO NET/IB: ncclIbReceiverQpsCreateToRts: Flush QP created: port=1 dev=1 devName=rocep1s0f1 ndevs=4 nmdevs=6 qp_num=39659 pkey=0 pd=0xff88d02348f0
gx10-6b41:65:75 [0] NCCL INFO NET/IB: Subnet-aware routing: overriding dev 5 with dev 2
gx10-6b41:65:75 [0] NCCL INFO NET/IB: Subnet-aware routing: overriding dev 5 with dev 3
gx10-6b41:65:75 [0] NCCL INFO NET/IB: ncclIbReceiverQpsCreateToRts: QP created: port=1 dev=3 devName=roceP2p1s0f1 ndevs=4 nmdevs=6 qp_num=2258 pkey=0 pd=0xff88d01e0b00 oooRq=0
gx10-6b41:65:75 [0] NCCL INFO NET/IB: ncclIbReceiverQpsCreateToRts: QP created: port=1 dev=3 devName=roceP2p1s0f1 ndevs=4 nmdevs=6 qp_num=2259 pkey=0 pd=0xff88d01e0b00 oooRq=0
gx10-6b41:65:75 [0] NCCL INFO NET/IB: ncclIbReceiverQpsCreateToRts: Flush QP created: port=1 dev=3 devName=roceP2p1s0f1 ndevs=4 nmdevs=6 qp_num=2260 pkey=0 pd=0xff88d01e0b00
gx10-6b41:65:75 [0] NCCL INFO NET/IB: Subnet-aware routing: overriding dev 4 with dev 0
gx10-6b41:65:75 [0] NCCL INFO NET/IB: Subnet-aware routing: overriding dev 5 with dev 2
gx10-6b41:65:75 [0] NCCL INFO NET/IB: Subnet-aware routing: overriding dev 4 with dev 0
gx10-6b41:65:75 [0] NCCL INFO NET/IB: ncclIbResiliencyInit: Resiliency is disabled on the send communicator (comm=0xff88d2822000)
gx10-6b41:65:75 [0] NCCL INFO NET/IB: Subnet-aware routing: overriding dev 5 with dev 2
gx10-6b41:65:75 [0] NCCL INFO NET/IB: Subnet-aware routing: overriding dev 4 with dev 0
gx10-6b41:65:75 [0] NCCL INFO NET/IB: Subnet-aware routing: overriding dev 5 with dev 2
gx10-6b41:65:75 [0] NCCL INFO NET/IB: Subnet-aware routing: overriding dev 4 with dev 0
gx10-6b41:65:75 [0] NCCL INFO NET/IB: ncclIbResiliencyInit: Resiliency is disabled on the recv communicator (comm=0xff88d2866000)
gx10-6b41:65:75 [0] NCCL INFO NET/IB: ncclIbRecvCommInit: Receive work requests will be posted on-demand
gx10-6b41:65:75 [0] NCCL INFO NET/IB: Subnet-aware routing: overriding dev 5 with dev 2
gx10-6b41:65:75 [0] NCCL INFO NET/IB: ncclIbSenderQpsToRts: Set ECE: IbDev 2 Port 1 qp_num 1894 set_ece={supported=1, vendor_id=0x15b3, options=0x30000002, comp_mask=0x0}
gx10-6b41:65:75 [0] NCCL INFO NET/IB: ncclIbSenderQpsToRts: Set ECE: IbDev 2 Port 1 qp_num 1895 set_ece={supported=1, vendor_id=0x15b3, options=0x30000002, comp_mask=0x0}
gx10-6b41:65:75 [0] NCCL INFO NET/IB: Subnet-aware routing: overriding dev 4 with dev 0
gx10-6b41:65:75 [0] NCCL INFO NET/IB: ncclIbSenderQpsToRts: Set ECE: IbDev 0 Port 1 qp_num 40658 set_ece={supported=1, vendor_id=0x15b3, options=0x30000002, comp_mask=0x0}
gx10-6b41:65:75 [0] NCCL INFO NET/IB: ncclIbSenderQpsToRts: Set ECE: IbDev 0 Port 1 qp_num 40659 set_ece={supported=1, vendor_id=0x15b3, options=0x30000002, comp_mask=0x0}
gx10-6b41:65:75 [0] NCCL INFO NET/IB: Subnet-aware routing: overriding dev 4 with dev 1
gx10-6b41:65:75 [0] NCCL INFO NET/IB: ncclIbReceiverQpsCreateToRts: QP created: port=1 dev=1 devName=rocep1s0f1 ndevs=4 nmdevs=6 qp_num=39660 pkey=0 pd=0xff88d02348f0 oooRq=0
gx10-6b41:65:75 [0] NCCL INFO NET/IB: ncclIbReceiverQpsCreateToRts: QP created: port=1 dev=1 devName=rocep1s0f1 ndevs=4 nmdevs=6 qp_num=39661 pkey=0 pd=0xff88d02348f0 oooRq=0
gx10-6b41:65:75 [0] NCCL INFO NET/IB: ncclIbReceiverQpsCreateToRts: Flush QP created: port=1 dev=1 devName=rocep1s0f1 ndevs=4 nmdevs=6 qp_num=39662 pkey=0 pd=0xff88d02348f0
gx10-6b41:65:75 [0] NCCL INFO NET/IB: Subnet-aware routing: overriding dev 5 with dev 2
gx10-6b41:65:75 [0] NCCL INFO NET/IB: ncclIbSenderQpsCreate: QP created: port=1 dev=2 devName=roceP2p1s0f0 ndevs=4 nmdevs=6 qp_num=1896 pkey=0 pd=0xff88d02218d0 oooRq=0
gx10-6b41:65:75 [0] NCCL INFO NET/IB: ncclIbSenderQpsCreate: QP created: port=1 dev=2 devName=roceP2p1s0f0 ndevs=4 nmdevs=6 qp_num=1897 pkey=0 pd=0xff88d02218d0 oooRq=0
gx10-6b41:65:75 [0] NCCL INFO NET/IB: ncclIbConnectImpl: NCCL Dev 2 IbDev 2 Port 1 qp_num 1896 mtu 5 GID 3 (0/26FA8C0FFFF0000) ctsFifoRkey=0x18c9c7 ctsFifoLkey=0x18c9c7
gx10-6b41:65:75 [0] NCCL INFO NET/IB: ncclIbConnectImpl: IbDev 2 Port 1 qp_num 1896 query_ece={supported=1, vendor_id=0x15b3, options=0x30000002, comp_mask=0x0}
gx10-6b41:65:75 [0] NCCL INFO NET/IB: ncclIbConnectImpl: NCCL Dev 2 IbDev 2 Port 1 qp_num 1897 mtu 5 GID 3 (0/26FA8C0FFFF0000) ctsFifoRkey=0x18c9c7 ctsFifoLkey=0x18c9c7
gx10-6b41:65:75 [0] NCCL INFO NET/IB: ncclIbConnectImpl: IbDev 2 Port 1 qp_num 1897 query_ece={supported=1, vendor_id=0x15b3, options=0x30000002, comp_mask=0x0}
gx10-6b41:65:75 [0] NCCL INFO NET/IB: Subnet-aware routing: overriding dev 5 with dev 3
gx10-6b41:65:75 [0] NCCL INFO NET/IB: ncclIbReceiverQpsCreateToRts: QP created: port=1 dev=3 devName=roceP2p1s0f1 ndevs=4 nmdevs=6 qp_num=2261 pkey=0 pd=0xff88d01e0b00 oooRq=0
gx10-6b41:65:75 [0] NCCL INFO NET/IB: ncclIbReceiverQpsCreateToRts: QP created: port=1 dev=3 devName=roceP2p1s0f1 ndevs=4 nmdevs=6 qp_num=2262 pkey=0 pd=0xff88d01e0b00 oooRq=0
gx10-6b41:65:75 [0] NCCL INFO NET/IB: ncclIbReceiverQpsCreateToRts: Flush QP created: port=1 dev=3 devName=roceP2p1s0f1 ndevs=4 nmdevs=6 qp_num=2263 pkey=0 pd=0xff88d01e0b00
gx10-6b41:65:75 [0] NCCL INFO NET/IB: Subnet-aware routing: overriding dev 4 with dev 0
gx10-6b41:65:75 [0] NCCL INFO NET/IB: ncclIbSenderQpsCreate: QP created: port=1 dev=0 devName=rocep1s0f0 ndevs=4 nmdevs=6 qp_num=40660 pkey=0 pd=0xff88d007ded0 oooRq=0
gx10-6b41:65:75 [0] NCCL INFO NET/IB: ncclIbSenderQpsCreate: QP created: port=1 dev=0 devName=rocep1s0f0 ndevs=4 nmdevs=6 qp_num=40661 pkey=0 pd=0xff88d007ded0 oooRq=0
gx10-6b41:65:75 [0] NCCL INFO NET/IB: ncclIbConnectImpl: NCCL Dev 0 IbDev 0 Port 1 qp_num 40660 mtu 5 GID 6 (0/265A8C0FFFF0000) ctsFifoRkey=0x1717d7 ctsFifoLkey=0x1717d7
gx10-6b41:65:75 [0] NCCL INFO NET/IB: ncclIbConnectImpl: IbDev 0 Port 1 qp_num 40660 query_ece={supported=1, vendor_id=0x15b3, options=0x30000002, comp_mask=0x0}
gx10-6b41:65:75 [0] NCCL INFO NET/IB: ncclIbConnectImpl: NCCL Dev 0 IbDev 0 Port 1 qp_num 40661 mtu 5 GID 6 (0/265A8C0FFFF0000) ctsFifoRkey=0x1717d7 ctsFifoLkey=0x1717d7
gx10-6b41:65:75 [0] NCCL INFO NET/IB: ncclIbConnectImpl: IbDev 0 Port 1 qp_num 40661 query_ece={supported=1, vendor_id=0x15b3, options=0x30000002, comp_mask=0x0}
gx10-6b41:65:75 [0] NCCL INFO NET/IB: Subnet-aware routing: overriding dev 5 with dev 2
gx10-6b41:65:75 [0] NCCL INFO NET/IB: ncclIbResiliencyInit: Resiliency is disabled on the send communicator (comm=0xff88d2a50000)
gx10-6b41:65:75 [0] NCCL INFO NET/IB: Subnet-aware routing: overriding dev 5 with dev 2
gx10-6b41:65:75 [0] NCCL INFO NET/IB: ncclIbSenderQpsToRts: Set ECE: IbDev 2 Port 1 qp_num 1896 set_ece={supported=1, vendor_id=0x15b3, options=0x30000002, comp_mask=0x0}
gx10-6b41:65:75 [0] NCCL INFO NET/IB: ncclIbSenderQpsToRts: Set ECE: IbDev 2 Port 1 qp_num 1897 set_ece={supported=1, vendor_id=0x15b3, options=0x30000002, comp_mask=0x0}
gx10-6b41:65:75 [0] NCCL INFO NET/IB: Subnet-aware routing: overriding dev 4 with dev 0
gx10-6b41:65:75 [0] NCCL INFO NET/IB: ncclIbSenderQpsToRts: Set ECE: IbDev 0 Port 1 qp_num 40660 set_ece={supported=1, vendor_id=0x15b3, options=0x30000002, comp_mask=0x0}
gx10-6b41:65:75 [0] NCCL INFO NET/IB: ncclIbSenderQpsToRts: Set ECE: IbDev 0 Port 1 qp_num 40661 set_ece={supported=1, vendor_id=0x15b3, options=0x30000002, comp_mask=0x0}
gx10-6b41:65:75 [0] NCCL INFO NET/IB: Subnet-aware routing: overriding dev 4 with dev 1
gx10-6b41:65:75 [0] NCCL INFO NET/IB: ncclIbReceiverQpsCreateToRts: QP created: port=1 dev=1 devName=rocep1s0f1 ndevs=4 nmdevs=6 qp_num=39663 pkey=0 pd=0xff88d02348f0 oooRq=0
gx10-6b41:65:75 [0] NCCL INFO NET/IB: ncclIbReceiverQpsCreateToRts: QP created: port=1 dev=1 devName=rocep1s0f1 ndevs=4 nmdevs=6 qp_num=39664 pkey=0 pd=0xff88d02348f0 oooRq=0
gx10-6b41:65:75 [0] NCCL INFO NET/IB: ncclIbReceiverQpsCreateToRts: Flush QP created: port=1 dev=1 devName=rocep1s0f1 ndevs=4 nmdevs=6 qp_num=39665 pkey=0 pd=0xff88d02348f0
gx10-6b41:65:75 [0] NCCL INFO NET/IB: Subnet-aware routing: overriding dev 5 with dev 2
gx10-6b41:65:75 [0] NCCL INFO NET/IB: ncclIbResiliencyInit: Resiliency is disabled on the recv communicator (comm=0xff88d2b09000)
gx10-6b41:65:75 [0] NCCL INFO NET/IB: ncclIbRecvCommInit: Receive work requests will be posted on-demand
gx10-6b41:65:75 [0] NCCL INFO NET/IB: Subnet-aware routing: overriding dev 5 with dev 2
gx10-6b41:65:75 [0] NCCL INFO NET/IB: Subnet-aware routing: overriding dev 4 with dev 0
gx10-6b41:65:75 [0] NCCL INFO NET/IB: ncclIbResiliencyInit: Resiliency is disabled on the send communicator (comm=0xff88d2b51000)
gx10-6b41:65:75 [0] NCCL INFO NET/IB: Subnet-aware routing: overriding dev 5 with dev 2
gx10-6b41:65:75 [0] NCCL INFO NET/IB: Subnet-aware routing: overriding dev 4 with dev 0
gx10-6b41:65:75 [0] NCCL INFO NET/IB: ncclIbResiliencyInit: Resiliency is disabled on the recv communicator (comm=0xff88d2b95000)
gx10-6b41:65:75 [0] NCCL INFO NET/IB: ncclIbRecvCommInit: Receive work requests will be posted on-demand
gx10-6b41:65:75 [0] NCCL INFO NET/IB: Subnet-aware routing: overriding dev 5 with dev 2
gx10-6b41:65:75 [0] NCCL INFO NET/IB: Subnet-aware routing: overriding dev 4 with dev 0
gx10-6b41:65:75 [0] NCCL INFO NET/IB: Subnet-aware routing: overriding dev 5 with dev 2
gx10-6b41:65:75 [0] NCCL INFO NET/IB: ncclIbResiliencyInit: Resiliency is disabled on the send communicator (comm=0xff88d2bdd000)
gx10-6b41:65:75 [0] NCCL INFO NET/IB: Subnet-aware routing: overriding dev 5 with dev 2
gx10-6b41:65:75 [0] NCCL INFO NET/IB: ncclIbSenderQpsCreate: QP created: port=1 dev=2 devName=roceP2p1s0f0 ndevs=4 nmdevs=6 qp_num=1898 pkey=0 pd=0xff88d02218d0 oooRq=0
gx10-6b41:65:75 [0] NCCL INFO NET/IB: ncclIbSenderQpsCreate: QP created: port=1 dev=2 devName=roceP2p1s0f0 ndevs=4 nmdevs=6 qp_num=1899 pkey=0 pd=0xff88d02218d0 oooRq=0
gx10-6b41:65:75 [0] NCCL INFO NET/IB: ncclIbConnectImpl: NCCL Dev 2 IbDev 2 Port 1 qp_num 1898 mtu 5 GID 3 (0/26FA8C0FFFF0000) ctsFifoRkey=0x190704 ctsFifoLkey=0x190704
gx10-6b41:65:75 [0] NCCL INFO NET/IB: ncclIbConnectImpl: IbDev 2 Port 1 qp_num 1898 query_ece={supported=1, vendor_id=0x15b3, options=0x30000002, comp_mask=0x0}
gx10-6b41:65:75 [0] NCCL INFO NET/IB: ncclIbConnectImpl: NCCL Dev 2 IbDev 2 Port 1 qp_num 1899 mtu 5 GID 3 (0/26FA8C0FFFF0000) ctsFifoRkey=0x190704 ctsFifoLkey=0x190704
gx10-6b41:65:75 [0] NCCL INFO NET/IB: ncclIbConnectImpl: IbDev 2 Port 1 qp_num 1899 query_ece={supported=1, vendor_id=0x15b3, options=0x30000002, comp_mask=0x0}
gx10-6b41:65:75 [0] NCCL INFO NET/IB: Subnet-aware routing: overriding dev 5 with dev 3
gx10-6b41:65:75 [0] NCCL INFO NET/IB: ncclIbReceiverQpsCreateToRts: QP created: port=1 dev=3 devName=roceP2p1s0f1 ndevs=4 nmdevs=6 qp_num=2264 pkey=0 pd=0xff88d01e0b00 oooRq=0
gx10-6b41:65:75 [0] NCCL INFO NET/IB: ncclIbReceiverQpsCreateToRts: QP created: port=1 dev=3 devName=roceP2p1s0f1 ndevs=4 nmdevs=6 qp_num=2265 pkey=0 pd=0xff88d01e0b00 oooRq=0
gx10-6b41:65:75 [0] NCCL INFO NET/IB: ncclIbReceiverQpsCreateToRts: Flush QP created: port=1 dev=3 devName=roceP2p1s0f1 ndevs=4 nmdevs=6 qp_num=2266 pkey=0 pd=0xff88d01e0b00
gx10-6b41:65:75 [0] NCCL INFO NET/IB: Subnet-aware routing: overriding dev 4 with dev 0
gx10-6b41:65:75 [0] NCCL INFO NET/IB: ncclIbSenderQpsCreate: QP created: port=1 dev=0 devName=rocep1s0f0 ndevs=4 nmdevs=6 qp_num=40662 pkey=0 pd=0xff88d007ded0 oooRq=0
gx10-6b41:65:75 [0] NCCL INFO NET/IB: ncclIbSenderQpsCreate: QP created: port=1 dev=0 devName=rocep1s0f0 ndevs=4 nmdevs=6 qp_num=40663 pkey=0 pd=0xff88d007ded0 oooRq=0
gx10-6b41:65:75 [0] NCCL INFO NET/IB: ncclIbConnectImpl: NCCL Dev 0 IbDev 0 Port 1 qp_num 40662 mtu 5 GID 6 (0/265A8C0FFFF0000) ctsFifoRkey=0x1410cd ctsFifoLkey=0x1410cd
gx10-6b41:65:75 [0] NCCL INFO NET/IB: ncclIbConnectImpl: IbDev 0 Port 1 qp_num 40662 query_ece={supported=1, vendor_id=0x15b3, options=0x30000002, comp_mask=0x0}
gx10-6b41:65:75 [0] NCCL INFO NET/IB: ncclIbConnectImpl: NCCL Dev 0 IbDev 0 Port 1 qp_num 40663 mtu 5 GID 6 (0/265A8C0FFFF0000) ctsFifoRkey=0x1410cd ctsFifoLkey=0x1410cd
gx10-6b41:65:75 [0] NCCL INFO NET/IB: ncclIbConnectImpl: IbDev 0 Port 1 qp_num 40663 query_ece={supported=1, vendor_id=0x15b3, options=0x30000002, comp_mask=0x0}
gx10-6b41:65:75 [0] NCCL INFO NET/IB: Subnet-aware routing: overriding dev 4 with dev 1
gx10-6b41:65:75 [0] NCCL INFO NET/IB: ncclIbReceiverQpsCreateToRts: QP created: port=1 dev=1 devName=rocep1s0f1 ndevs=4 nmdevs=6 qp_num=39666 pkey=0 pd=0xff88d02348f0 oooRq=0
gx10-6b41:65:75 [0] NCCL INFO NET/IB: ncclIbReceiverQpsCreateToRts: QP created: port=1 dev=1 devName=rocep1s0f1 ndevs=4 nmdevs=6 qp_num=39667 pkey=0 pd=0xff88d02348f0 oooRq=0
gx10-6b41:65:75 [0] NCCL INFO NET/IB: ncclIbReceiverQpsCreateToRts: Flush QP created: port=1 dev=1 devName=rocep1s0f1 ndevs=4 nmdevs=6 qp_num=39668 pkey=0 pd=0xff88d02348f0
gx10-6b41:65:75 [0] NCCL INFO NET/IB: Subnet-aware routing: overriding dev 5 with dev 2
gx10-6b41:65:75 [0] NCCL INFO NET/IB: ncclIbResiliencyInit: Resiliency is disabled on the recv communicator (comm=0xff88d2dcf000)
gx10-6b41:65:75 [0] NCCL INFO NET/IB: ncclIbRecvCommInit: Receive work requests will be posted on-demand
gx10-6b41:65:75 [0] NCCL INFO NET/IB: Subnet-aware routing: overriding dev 5 with dev 2
gx10-6b41:65:75 [0] NCCL INFO NET/IB: ncclIbSenderQpsToRts: Set ECE: IbDev 2 Port 1 qp_num 1898 set_ece={supported=1, vendor_id=0x15b3, options=0x30000002, comp_mask=0x0}
gx10-6b41:65:75 [0] NCCL INFO NET/IB: ncclIbSenderQpsToRts: Set ECE: IbDev 2 Port 1 qp_num 1899 set_ece={supported=1, vendor_id=0x15b3, options=0x30000002, comp_mask=0x0}
gx10-6b41:65:75 [0] NCCL INFO NET/IB: Subnet-aware routing: overriding dev 4 with dev 0
gx10-6b41:65:75 [0] NCCL INFO NET/IB: ncclIbSenderQpsToRts: Set ECE: IbDev 0 Port 1 qp_num 40662 set_ece={supported=1, vendor_id=0x15b3, options=0x30000002, comp_mask=0x0}
gx10-6b41:65:75 [0] NCCL INFO NET/IB: ncclIbSenderQpsToRts: Set ECE: IbDev 0 Port 1 qp_num 40663 set_ece={supported=1, vendor_id=0x15b3, options=0x30000002, comp_mask=0x0}
gx10-6b41:65:75 [0] NCCL INFO NET/IB: Subnet-aware routing: overriding dev 5 with dev 2
gx10-6b41:65:75 [0] NCCL INFO NET/IB: ncclIbSenderQpsCreate: QP created: port=1 dev=2 devName=roceP2p1s0f0 ndevs=4 nmdevs=6 qp_num=1900 pkey=0 pd=0xff88d02218d0 oooRq=0
gx10-6b41:65:75 [0] NCCL INFO NET/IB: ncclIbSenderQpsCreate: QP created: port=1 dev=2 devName=roceP2p1s0f0 ndevs=4 nmdevs=6 qp_num=1901 pkey=0 pd=0xff88d02218d0 oooRq=0
gx10-6b41:65:75 [0] NCCL INFO NET/IB: ncclIbConnectImpl: NCCL Dev 2 IbDev 2 Port 1 qp_num 1900 mtu 5 GID 3 (0/26FA8C0FFFF0000) ctsFifoRkey=0x18f3f3 ctsFifoLkey=0x18f3f3
gx10-6b41:65:75 [0] NCCL INFO NET/IB: ncclIbConnectImpl: IbDev 2 Port 1 qp_num 1900 query_ece={supported=1, vendor_id=0x15b3, options=0x30000002, comp_mask=0x0}
gx10-6b41:65:75 [0] NCCL INFO NET/IB: ncclIbConnectImpl: NCCL Dev 2 IbDev 2 Port 1 qp_num 1901 mtu 5 GID 3 (0/26FA8C0FFFF0000) ctsFifoRkey=0x18f3f3 ctsFifoLkey=0x18f3f3
gx10-6b41:65:75 [0] NCCL INFO NET/IB: ncclIbConnectImpl: IbDev 2 Port 1 qp_num 1901 query_ece={supported=1, vendor_id=0x15b3, options=0x30000002, comp_mask=0x0}
gx10-6b41:65:75 [0] NCCL INFO NET/IB: Subnet-aware routing: overriding dev 4 with dev 0
gx10-6b41:65:75 [0] NCCL INFO NET/IB: ncclIbResiliencyInit: Resiliency is disabled on the send communicator (comm=0xff88d2e6a000)
gx10-6b41:65:75 [0] NCCL INFO NET/IB: Subnet-aware routing: overriding dev 5 with dev 2
gx10-6b41:65:75 [0] NCCL INFO NET/IB: Subnet-aware routing: overriding dev 5 with dev 3
gx10-6b41:65:75 [0] NCCL INFO NET/IB: ncclIbReceiverQpsCreateToRts: QP created: port=1 dev=3 devName=roceP2p1s0f1 ndevs=4 nmdevs=6 qp_num=2267 pkey=0 pd=0xff88d01e0b00 oooRq=0
gx10-6b41:65:75 [0] NCCL INFO NET/IB: ncclIbReceiverQpsCreateToRts: QP created: port=1 dev=3 devName=roceP2p1s0f1 ndevs=4 nmdevs=6 qp_num=2268 pkey=0 pd=0xff88d01e0b00 oooRq=0
gx10-6b41:65:75 [0] NCCL INFO NET/IB: ncclIbReceiverQpsCreateToRts: Flush QP created: port=1 dev=3 devName=roceP2p1s0f1 ndevs=4 nmdevs=6 qp_num=2269 pkey=0 pd=0xff88d01e0b00
gx10-6b41:65:75 [0] NCCL INFO NET/IB: Subnet-aware routing: overriding dev 4 with dev 0
gx10-6b41:65:75 [0] NCCL INFO NET/IB: ncclIbResiliencyInit: Resiliency is disabled on the recv communicator (comm=0xff88d2f26000)
gx10-6b41:65:75 [0] NCCL INFO NET/IB: ncclIbRecvCommInit: Receive work requests will be posted on-demand
gx10-6b41:65:75 [0] NCCL INFO NET/IB: Subnet-aware routing: overriding dev 5 with dev 2
gx10-6b41:65:75 [0] NCCL INFO NET/IB: Subnet-aware routing: overriding dev 4 with dev 0
gx10-6b41:65:75 [0] NCCL INFO NET/IB: Subnet-aware routing: overriding dev 5 with dev 2
gx10-6b41:65:75 [0] NCCL INFO NET/IB: ncclIbResiliencyInit: Resiliency is disabled on the send communicator (comm=0xff88d2f6e000)
gx10-6b41:65:75 [0] NCCL INFO NET/IB: Subnet-aware routing: overriding dev 5 with dev 2
gx10-6b41:65:75 [0] NCCL INFO NET/IB: Subnet-aware routing: overriding dev 4 with dev 0
gx10-6b41:65:75 [0] NCCL INFO NET/IB: Subnet-aware routing: overriding dev 5 with dev 2
gx10-6b41:65:75 [0] NCCL INFO NET/IB: ncclIbResiliencyInit: Resiliency is disabled on the recv communicator (comm=0xff88d2faf000)
gx10-6b41:65:75 [0] NCCL INFO NET/IB: ncclIbRecvCommInit: Receive work requests will be posted on-demand
gx10-6b41:65:75 [0] NCCL INFO NET/IB: Subnet-aware routing: overriding dev 5 with dev 2
gx10-6b41:65:75 [0] NCCL INFO NET/IB: ncclIbSenderQpsToRts: Set ECE: IbDev 2 Port 1 qp_num 1900 set_ece={supported=1, vendor_id=0x15b3, options=0x30000002, comp_mask=0x0}
gx10-6b41:65:75 [0] NCCL INFO NET/IB: ncclIbSenderQpsToRts: Set ECE: IbDev 2 Port 1 qp_num 1901 set_ece={supported=1, vendor_id=0x15b3, options=0x30000002, comp_mask=0x0}
gx10-6b41:65:75 [0] NCCL INFO NET/IB: Subnet-aware routing: overriding dev 4 with dev 0
gx10-6b41:65:75 [0] NCCL INFO NET/IB: ncclIbSenderQpsCreate: QP created: port=1 dev=0 devName=rocep1s0f0 ndevs=4 nmdevs=6 qp_num=40664 pkey=0 pd=0xff88d007ded0 oooRq=0
gx10-6b41:65:75 [0] NCCL INFO NET/IB: ncclIbSenderQpsCreate: QP created: port=1 dev=0 devName=rocep1s0f0 ndevs=4 nmdevs=6 qp_num=40665 pkey=0 pd=0xff88d007ded0 oooRq=0
gx10-6b41:65:75 [0] NCCL INFO NET/IB: ncclIbConnectImpl: NCCL Dev 0 IbDev 0 Port 1 qp_num 40664 mtu 5 GID 6 (0/265A8C0FFFF0000) ctsFifoRkey=0x15914c ctsFifoLkey=0x15914c
gx10-6b41:65:75 [0] NCCL INFO NET/IB: ncclIbConnectImpl: IbDev 0 Port 1 qp_num 40664 query_ece={supported=1, vendor_id=0x15b3, options=0x30000002, comp_mask=0x0}
gx10-6b41:65:75 [0] NCCL INFO NET/IB: ncclIbConnectImpl: NCCL Dev 0 IbDev 0 Port 1 qp_num 40665 mtu 5 GID 6 (0/265A8C0FFFF0000) ctsFifoRkey=0x15914c ctsFifoLkey=0x15914c
gx10-6b41:65:75 [0] NCCL INFO NET/IB: ncclIbConnectImpl: IbDev 0 Port 1 qp_num 40665 query_ece={supported=1, vendor_id=0x15b3, options=0x30000002, comp_mask=0x0}
gx10-6b41:65:75 [0] NCCL INFO NET/IB: Subnet-aware routing: overriding dev 4 with dev 1
gx10-6b41:65:75 [0] NCCL INFO NET/IB: ncclIbReceiverQpsCreateToRts: QP created: port=1 dev=1 devName=rocep1s0f1 ndevs=4 nmdevs=6 qp_num=39669 pkey=0 pd=0xff88d02348f0 oooRq=0
gx10-6b41:65:75 [0] NCCL INFO NET/IB: ncclIbReceiverQpsCreateToRts: QP created: port=1 dev=1 devName=rocep1s0f1 ndevs=4 nmdevs=6 qp_num=39670 pkey=0 pd=0xff88d02348f0 oooRq=0
gx10-6b41:65:75 [0] NCCL INFO NET/IB: ncclIbReceiverQpsCreateToRts: Flush QP created: port=1 dev=1 devName=rocep1s0f1 ndevs=4 nmdevs=6 qp_num=39671 pkey=0 pd=0xff88d02348f0
gx10-6b41:65:75 [0] NCCL INFO NET/IB: Subnet-aware routing: overriding dev 5 with dev 2
gx10-6b41:65:75 [0] NCCL INFO NET/IB: Subnet-aware routing: overriding dev 4 with dev 0
gx10-6b41:65:75 [0] NCCL INFO NET/IB: ncclIbResiliencyInit: Resiliency is disabled on the send communicator (comm=0xff88d30c9000)
gx10-6b41:65:75 [0] NCCL INFO NET/IB: Subnet-aware routing: overriding dev 4 with dev 0
gx10-6b41:65:75 [0] NCCL INFO NET/IB: Subnet-aware routing: overriding dev 5 with dev 2
gx10-6b41:65:75 [0] NCCL INFO NET/IB: Subnet-aware routing: overriding dev 4 with dev 0
gx10-6b41:65:75 [0] NCCL INFO NET/IB: ncclIbResiliencyInit: Resiliency is disabled on the recv communicator (comm=0xff88d310d000)
gx10-6b41:65:75 [0] NCCL INFO NET/IB: ncclIbRecvCommInit: Receive work requests will be posted on-demand
gx10-6b41:65:75 [0] NCCL INFO NET/IB: Subnet-aware routing: overriding dev 4 with dev 0
gx10-6b41:65:75 [0] NCCL INFO NET/IB: Subnet-aware routing: overriding dev 5 with dev 2
gx10-6b41:65:75 [0] NCCL INFO NET/IB: Subnet-aware routing: overriding dev 4 with dev 0
gx10-6b41:65:75 [0] NCCL INFO NET/IB: Subnet-aware routing: overriding dev 5 with dev 2
gx10-6b41:65:75 [0] NCCL INFO NET/IB: ncclIbResiliencyInit: Resiliency is disabled on the send communicator (comm=0xff88d3155000)
gx10-6b41:65:75 [0] NCCL INFO NET/IB: Subnet-aware routing: overriding dev 4 with dev 0
gx10-6b41:65:75 [0] NCCL INFO NET/IB: Subnet-aware routing: overriding dev 5 with dev 2
gx10-6b41:65:75 [0] NCCL INFO NET/IB: ncclIbSenderQpsCreate: QP created: port=1 dev=2 devName=roceP2p1s0f0 ndevs=4 nmdevs=6 qp_num=1902 pkey=0 pd=0xff88d02218d0 oooRq=0
gx10-6b41:65:75 [0] NCCL INFO NET/IB: ncclIbSenderQpsCreate: QP created: port=1 dev=2 devName=roceP2p1s0f0 ndevs=4 nmdevs=6 qp_num=1903 pkey=0 pd=0xff88d02218d0 oooRq=0
gx10-6b41:65:75 [0] NCCL INFO NET/IB: ncclIbConnectImpl: NCCL Dev 2 IbDev 2 Port 1 qp_num 1902 mtu 5 GID 3 (0/26FA8C0FFFF0000) ctsFifoRkey=0x19201f ctsFifoLkey=0x19201f
gx10-6b41:65:75 [0] NCCL INFO NET/IB: ncclIbConnectImpl: IbDev 2 Port 1 qp_num 1902 query_ece={supported=1, vendor_id=0x15b3, options=0x30000002, comp_mask=0x0}
gx10-6b41:65:75 [0] NCCL INFO NET/IB: ncclIbConnectImpl: NCCL Dev 2 IbDev 2 Port 1 qp_num 1903 mtu 5 GID 3 (0/26FA8C0FFFF0000) ctsFifoRkey=0x19201f ctsFifoLkey=0x19201f
gx10-6b41:65:75 [0] NCCL INFO NET/IB: ncclIbConnectImpl: IbDev 2 Port 1 qp_num 1903 query_ece={supported=1, vendor_id=0x15b3, options=0x30000002, comp_mask=0x0}
gx10-6b41:65:75 [0] NCCL INFO NET/IB: Subnet-aware routing: overriding dev 4 with dev 0
gx10-6b41:65:75 [0] NCCL INFO NET/IB: ncclIbSenderQpsCreate: QP created: port=1 dev=0 devName=rocep1s0f0 ndevs=4 nmdevs=6 qp_num=40666 pkey=0 pd=0xff88d007ded0 oooRq=0
gx10-6b41:65:75 [0] NCCL INFO NET/IB: ncclIbSenderQpsCreate: QP created: port=1 dev=0 devName=rocep1s0f0 ndevs=4 nmdevs=6 qp_num=40667 pkey=0 pd=0xff88d007ded0 oooRq=0
gx10-6b41:65:75 [0] NCCL INFO NET/IB: ncclIbConnectImpl: NCCL Dev 0 IbDev 0 Port 1 qp_num 40666 mtu 5 GID 6 (0/265A8C0FFFF0000) ctsFifoRkey=0x15c278 ctsFifoLkey=0x15c278
gx10-6b41:65:75 [0] NCCL INFO NET/IB: ncclIbConnectImpl: IbDev 0 Port 1 qp_num 40666 query_ece={supported=1, vendor_id=0x15b3, options=0x30000002, comp_mask=0x0}
gx10-6b41:65:75 [0] NCCL INFO NET/IB: ncclIbConnectImpl: NCCL Dev 0 IbDev 0 Port 1 qp_num 40667 mtu 5 GID 6 (0/265A8C0FFFF0000) ctsFifoRkey=0x15c278 ctsFifoLkey=0x15c278
gx10-6b41:65:75 [0] NCCL INFO NET/IB: ncclIbConnectImpl: IbDev 0 Port 1 qp_num 40667 query_ece={supported=1, vendor_id=0x15b3, options=0x30000002, comp_mask=0x0}
gx10-6b41:65:75 [0] NCCL INFO NET/IB: Subnet-aware routing: overriding dev 5 with dev 2
gx10-6b41:65:75 [0] NCCL INFO NET/IB: ncclIbResiliencyInit: Resiliency is disabled on the recv communicator (comm=0xff88d324d000)
gx10-6b41:65:75 [0] NCCL INFO NET/IB: ncclIbRecvCommInit: Receive work requests will be posted on-demand
gx10-6b41:65:75 [0] NCCL INFO NET/IB: Subnet-aware routing: overriding dev 4 with dev 0
gx10-6b41:65:75 [0] NCCL INFO NET/IB: ncclIbSenderQpsToRts: Set ECE: IbDev 0 Port 1 qp_num 40664 set_ece={supported=1, vendor_id=0x15b3, options=0x30000002, comp_mask=0x0}
gx10-6b41:65:75 [0] NCCL INFO NET/IB: ncclIbSenderQpsToRts: Set ECE: IbDev 0 Port 1 qp_num 40665 set_ece={supported=1, vendor_id=0x15b3, options=0x30000002, comp_mask=0x0}
gx10-6b41:65:75 [0] NCCL INFO NET/IB: Subnet-aware routing: overriding dev 5 with dev 2
gx10-6b41:65:75 [0] NCCL INFO NET/IB: Subnet-aware routing: overriding dev 5 with dev 3
gx10-6b41:65:75 [0] NCCL INFO NET/IB: ncclIbReceiverQpsCreateToRts: QP created: port=1 dev=3 devName=roceP2p1s0f1 ndevs=4 nmdevs=6 qp_num=2270 pkey=0 pd=0xff88d01e0b00 oooRq=0
gx10-6b41:65:75 [0] NCCL INFO NET/IB: ncclIbReceiverQpsCreateToRts: QP created: port=1 dev=3 devName=roceP2p1s0f1 ndevs=4 nmdevs=6 qp_num=2271 pkey=0 pd=0xff88d01e0b00 oooRq=0
gx10-6b41:65:75 [0] NCCL INFO NET/IB: ncclIbReceiverQpsCreateToRts: Flush QP created: port=1 dev=3 devName=roceP2p1s0f1 ndevs=4 nmdevs=6 qp_num=2272 pkey=0 pd=0xff88d01e0b00
gx10-6b41:65:75 [0] NCCL INFO NET/IB: Subnet-aware routing: overriding dev 4 with dev 0
gx10-6b41:65:75 [0] NCCL INFO NET/IB: Subnet-aware routing: overriding dev 5 with dev 2
gx10-6b41:65:75 [0] NCCL INFO NET/IB: Subnet-aware routing: overriding dev 4 with dev 0
gx10-6b41:65:75 [0] NCCL INFO NET/IB: ncclIbResiliencyInit: Resiliency is disabled on the send communicator (comm=0xff88d330e000)
gx10-6b41:65:75 [0] NCCL INFO NET/IB: Subnet-aware routing: overriding dev 5 with dev 2
gx10-6b41:65:75 [0] NCCL INFO NET/IB: ncclIbSenderQpsToRts: Set ECE: IbDev 2 Port 1 qp_num 1902 set_ece={supported=1, vendor_id=0x15b3, options=0x30000002, comp_mask=0x0}
gx10-6b41:65:75 [0] NCCL INFO NET/IB: ncclIbSenderQpsToRts: Set ECE: IbDev 2 Port 1 qp_num 1903 set_ece={supported=1, vendor_id=0x15b3, options=0x30000002, comp_mask=0x0}
gx10-6b41:65:75 [0] NCCL INFO NET/IB: Subnet-aware routing: overriding dev 4 with dev 0
gx10-6b41:65:75 [0] NCCL INFO NET/IB: ncclIbSenderQpsToRts: Set ECE: IbDev 0 Port 1 qp_num 40666 set_ece={supported=1, vendor_id=0x15b3, options=0x30000002, comp_mask=0x0}
gx10-6b41:65:75 [0] NCCL INFO NET/IB: ncclIbSenderQpsToRts: Set ECE: IbDev 0 Port 1 qp_num 40667 set_ece={supported=1, vendor_id=0x15b3, options=0x30000002, comp_mask=0x0}
gx10-6b41:65:75 [0] NCCL INFO NET/IB: Subnet-aware routing: overriding dev 5 with dev 2
gx10-6b41:65:75 [0] NCCL INFO NET/IB: ncclIbSenderQpsCreate: QP created: port=1 dev=2 devName=roceP2p1s0f0 ndevs=4 nmdevs=6 qp_num=1904 pkey=0 pd=0xff88d02218d0 oooRq=0
gx10-6b41:65:75 [0] NCCL INFO NET/IB: ncclIbSenderQpsCreate: QP created: port=1 dev=2 devName=roceP2p1s0f0 ndevs=4 nmdevs=6 qp_num=1905 pkey=0 pd=0xff88d02218d0 oooRq=0
gx10-6b41:65:75 [0] NCCL INFO NET/IB: ncclIbConnectImpl: NCCL Dev 2 IbDev 2 Port 1 qp_num 1904 mtu 5 GID 3 (0/26FA8C0FFFF0000) ctsFifoRkey=0x18dedd ctsFifoLkey=0x18dedd
gx10-6b41:65:75 [0] NCCL INFO NET/IB: ncclIbConnectImpl: IbDev 2 Port 1 qp_num 1904 query_ece={supported=1, vendor_id=0x15b3, options=0x30000002, comp_mask=0x0}
gx10-6b41:65:75 [0] NCCL INFO NET/IB: ncclIbConnectImpl: NCCL Dev 2 IbDev 2 Port 1 qp_num 1905 mtu 5 GID 3 (0/26FA8C0FFFF0000) ctsFifoRkey=0x18dedd ctsFifoLkey=0x18dedd
gx10-6b41:65:75 [0] NCCL INFO NET/IB: ncclIbConnectImpl: IbDev 2 Port 1 qp_num 1905 query_ece={supported=1, vendor_id=0x15b3, options=0x30000002, comp_mask=0x0}
gx10-6b41:65:75 [0] NCCL INFO NET/IB: Subnet-aware routing: overriding dev 4 with dev 0
gx10-6b41:65:75 [0] NCCL INFO NET/IB: ncclIbResiliencyInit: Resiliency is disabled on the recv communicator (comm=0xff88d33a7000)
gx10-6b41:65:75 [0] NCCL INFO NET/IB: ncclIbRecvCommInit: Receive work requests will be posted on-demand
gx10-6b41:65:75 [0] NCCL INFO NET/IB: Subnet-aware routing: overriding dev 5 with dev 2
gx10-6b41:65:75 [0] NCCL INFO NET/IB: Subnet-aware routing: overriding dev 4 with dev 0
gx10-6b41:65:75 [0] NCCL INFO NET/IB: Subnet-aware routing: overriding dev 5 with dev 2
gx10-6b41:65:75 [0] NCCL INFO NET/IB: ncclIbResiliencyInit: Resiliency is disabled on the send communicator (comm=0xff88d33ef000)
gx10-6b41:65:75 [0] NCCL INFO NET/IB: Subnet-aware routing: overriding dev 4 with dev 1
gx10-6b41:65:75 [0] NCCL INFO NET/IB: ncclIbReceiverQpsCreateToRts: QP created: port=1 dev=1 devName=rocep1s0f1 ndevs=4 nmdevs=6 qp_num=39672 pkey=0 pd=0xff88d02348f0 oooRq=0
gx10-6b41:65:75 [0] NCCL INFO NET/IB: ncclIbReceiverQpsCreateToRts: QP created: port=1 dev=1 devName=rocep1s0f1 ndevs=4 nmdevs=6 qp_num=39673 pkey=0 pd=0xff88d02348f0 oooRq=0
gx10-6b41:65:75 [0] NCCL INFO NET/IB: ncclIbReceiverQpsCreateToRts: Flush QP created: port=1 dev=1 devName=rocep1s0f1 ndevs=4 nmdevs=6 qp_num=39674 pkey=0 pd=0xff88d02348f0
gx10-6b41:65:75 [0] NCCL INFO NET/IB: Subnet-aware routing: overriding dev 5 with dev 2
gx10-6b41:65:75 [0] NCCL INFO NET/IB: Subnet-aware routing: overriding dev 5 with dev 3
gx10-6b41:65:75 [0] NCCL INFO NET/IB: ncclIbReceiverQpsCreateToRts: QP created: port=1 dev=3 devName=roceP2p1s0f1 ndevs=4 nmdevs=6 qp_num=2273 pkey=0 pd=0xff88d01e0b00 oooRq=0
gx10-6b41:65:75 [0] NCCL INFO NET/IB: ncclIbReceiverQpsCreateToRts: QP created: port=1 dev=3 devName=roceP2p1s0f1 ndevs=4 nmdevs=6 qp_num=2274 pkey=0 pd=0xff88d01e0b00 oooRq=0
gx10-6b41:65:75 [0] NCCL INFO NET/IB: ncclIbReceiverQpsCreateToRts: Flush QP created: port=1 dev=3 devName=roceP2p1s0f1 ndevs=4 nmdevs=6 qp_num=2275 pkey=0 pd=0xff88d01e0b00
gx10-6b41:65:75 [0] NCCL INFO NET/IB: Subnet-aware routing: overriding dev 4 with dev 0
gx10-6b41:65:75 [0] NCCL INFO NET/IB: Subnet-aware routing: overriding dev 4 with dev 1
gx10-6b41:65:75 [0] NCCL INFO NET/IB: ncclIbReceiverQpsCreateToRts: QP created: port=1 dev=1 devName=rocep1s0f1 ndevs=4 nmdevs=6 qp_num=39675 pkey=0 pd=0xff88d02348f0 oooRq=0
gx10-6b41:65:75 [0] NCCL INFO NET/IB: ncclIbReceiverQpsCreateToRts: QP created: port=1 dev=1 devName=rocep1s0f1 ndevs=4 nmdevs=6 qp_num=39676 pkey=0 pd=0xff88d02348f0 oooRq=0
gx10-6b41:65:75 [0] NCCL INFO NET/IB: ncclIbReceiverQpsCreateToRts: Flush QP created: port=1 dev=1 devName=rocep1s0f1 ndevs=4 nmdevs=6 qp_num=39677 pkey=0 pd=0xff88d02348f0
gx10-6b41:65:75 [0] NCCL INFO NET/IB: Subnet-aware routing: overriding dev 5 with dev 2
gx10-6b41:65:75 [0] NCCL INFO NET/IB: ncclIbResiliencyInit: Resiliency is disabled on the recv communicator (comm=0xff88d35a0000)
gx10-6b41:65:75 [0] NCCL INFO NET/IB: ncclIbRecvCommInit: Receive work requests will be posted on-demand
gx10-6b41:65:75 [0] NCCL INFO NET/IB: Subnet-aware routing: overriding dev 5 with dev 2
gx10-6b41:65:75 [0] NCCL INFO NET/IB: ncclIbSenderQpsToRts: Set ECE: IbDev 2 Port 1 qp_num 1904 set_ece={supported=1, vendor_id=0x15b3, options=0x30000002, comp_mask=0x0}
gx10-6b41:65:75 [0] NCCL INFO NET/IB: ncclIbSenderQpsToRts: Set ECE: IbDev 2 Port 1 qp_num 1905 set_ece={supported=1, vendor_id=0x15b3, options=0x30000002, comp_mask=0x0}
gx10-6b41:65:75 [0] NCCL INFO NET/IB: Subnet-aware routing: overriding dev 4 with dev 0
gx10-6b41:65:75 [0] NCCL INFO NET/IB: ncclIbSenderQpsCreate: QP created: port=1 dev=0 devName=rocep1s0f0 ndevs=4 nmdevs=6 qp_num=40668 pkey=0 pd=0xff88d007ded0 oooRq=0
gx10-6b41:65:75 [0] NCCL INFO NET/IB: ncclIbSenderQpsCreate: QP created: port=1 dev=0 devName=rocep1s0f0 ndevs=4 nmdevs=6 qp_num=40669 pkey=0 pd=0xff88d007ded0 oooRq=0
gx10-6b41:65:75 [0] NCCL INFO NET/IB: ncclIbConnectImpl: NCCL Dev 0 IbDev 0 Port 1 qp_num 40668 mtu 5 GID 6 (0/265A8C0FFFF0000) ctsFifoRkey=0x1619d5 ctsFifoLkey=0x1619d5
gx10-6b41:65:75 [0] NCCL INFO NET/IB: ncclIbConnectImpl: IbDev 0 Port 1 qp_num 40668 query_ece={supported=1, vendor_id=0x15b3, options=0x30000002, comp_mask=0x0}
gx10-6b41:65:75 [0] NCCL INFO NET/IB: ncclIbConnectImpl: NCCL Dev 0 IbDev 0 Port 1 qp_num 40669 mtu 5 GID 6 (0/265A8C0FFFF0000) ctsFifoRkey=0x1619d5 ctsFifoLkey=0x1619d5
gx10-6b41:65:75 [0] NCCL INFO NET/IB: ncclIbConnectImpl: IbDev 0 Port 1 qp_num 40669 query_ece={supported=1, vendor_id=0x15b3, options=0x30000002, comp_mask=0x0}
gx10-6b41:65:75 [0] NCCL INFO NET/IB: Subnet-aware routing: overriding dev 5 with dev 2
gx10-6b41:65:75 [0] NCCL INFO NET/IB: ncclIbSenderQpsCreate: QP created: port=1 dev=2 devName=roceP2p1s0f0 ndevs=4 nmdevs=6 qp_num=1906 pkey=0 pd=0xff88d02218d0 oooRq=0
gx10-6b41:65:75 [0] NCCL INFO NET/IB: ncclIbSenderQpsCreate: QP created: port=1 dev=2 devName=roceP2p1s0f0 ndevs=4 nmdevs=6 qp_num=1907 pkey=0 pd=0xff88d02218d0 oooRq=0
gx10-6b41:65:75 [0] NCCL INFO NET/IB: ncclIbConnectImpl: NCCL Dev 2 IbDev 2 Port 1 qp_num 1906 mtu 5 GID 3 (0/26FA8C0FFFF0000) ctsFifoRkey=0x18d4d1 ctsFifoLkey=0x18d4d1
gx10-6b41:65:75 [0] NCCL INFO NET/IB: ncclIbConnectImpl: IbDev 2 Port 1 qp_num 1906 query_ece={supported=1, vendor_id=0x15b3, options=0x30000002, comp_mask=0x0}
gx10-6b41:65:75 [0] NCCL INFO NET/IB: ncclIbConnectImpl: NCCL Dev 2 IbDev 2 Port 1 qp_num 1907 mtu 5 GID 3 (0/26FA8C0FFFF0000) ctsFifoRkey=0x18d4d1 ctsFifoLkey=0x18d4d1
gx10-6b41:65:75 [0] NCCL INFO NET/IB: ncclIbConnectImpl: IbDev 2 Port 1 qp_num 1907 query_ece={supported=1, vendor_id=0x15b3, options=0x30000002, comp_mask=0x0}
gx10-6b41:65:75 [0] NCCL INFO NET/IB: Subnet-aware routing: overriding dev 4 with dev 0
gx10-6b41:65:75 [0] NCCL INFO NET/IB: ncclIbResiliencyInit: Resiliency is disabled on the send communicator (comm=0xff88d3694000)
gx10-6b41:65:75 [0] NCCL INFO NET/IB: Subnet-aware routing: overriding dev 4 with dev 0
gx10-6b41:65:75 [0] NCCL INFO NET/IB: Subnet-aware routing: overriding dev 5 with dev 2
gx10-6b41:65:75 [0] NCCL INFO NET/IB: Subnet-aware routing: overriding dev 5 with dev 3
gx10-6b41:65:75 [0] NCCL INFO NET/IB: ncclIbReceiverQpsCreateToRts: QP created: port=1 dev=3 devName=roceP2p1s0f1 ndevs=4 nmdevs=6 qp_num=2276 pkey=0 pd=0xff88d01e0b00 oooRq=0
gx10-6b41:65:75 [0] NCCL INFO NET/IB: ncclIbReceiverQpsCreateToRts: QP created: port=1 dev=3 devName=roceP2p1s0f1 ndevs=4 nmdevs=6 qp_num=2277 pkey=0 pd=0xff88d01e0b00 oooRq=0
gx10-6b41:65:75 [0] NCCL INFO NET/IB: ncclIbReceiverQpsCreateToRts: Flush QP created: port=1 dev=3 devName=roceP2p1s0f1 ndevs=4 nmdevs=6 qp_num=2278 pkey=0 pd=0xff88d01e0b00
gx10-6b41:65:75 [0] NCCL INFO NET/IB: Subnet-aware routing: overriding dev 4 with dev 0
gx10-6b41:65:75 [0] NCCL INFO NET/IB: ncclIbResiliencyInit: Resiliency is disabled on the recv communicator (comm=0xff88d3751000)
gx10-6b41:65:75 [0] NCCL INFO NET/IB: ncclIbRecvCommInit: Receive work requests will be posted on-demand
gx10-6b41:65:75 [0] NCCL INFO NET/IB: Subnet-aware routing: overriding dev 4 with dev 0
gx10-6b41:65:75 [0] NCCL INFO NET/IB: Subnet-aware routing: overriding dev 5 with dev 2
gx10-6b41:65:75 [0] NCCL INFO NET/IB: Subnet-aware routing: overriding dev 4 with dev 0
gx10-6b41:65:75 [0] NCCL INFO NET/IB: Subnet-aware routing: overriding dev 5 with dev 2
gx10-6b41:65:75 [0] NCCL INFO NET/IB: ncclIbResiliencyInit: Resiliency is disabled on the send communicator (comm=0xff88d3799000)
gx10-6b41:65:75 [0] NCCL INFO NET/IB: Subnet-aware routing: overriding dev 4 with dev 0
gx10-6b41:65:75 [0] NCCL INFO NET/IB: ncclIbSenderQpsToRts: Set ECE: IbDev 0 Port 1 qp_num 40668 set_ece={supported=1, vendor_id=0x15b3, options=0x30000002, comp_mask=0x0}
gx10-6b41:65:75 [0] NCCL INFO NET/IB: ncclIbSenderQpsToRts: Set ECE: IbDev 0 Port 1 qp_num 40669 set_ece={supported=1, vendor_id=0x15b3, options=0x30000002, comp_mask=0x0}
gx10-6b41:65:75 [0] NCCL INFO NET/IB: Subnet-aware routing: overriding dev 5 with dev 2
gx10-6b41:65:75 [0] NCCL INFO NET/IB: Subnet-aware routing: overriding dev 4 with dev 0
gx10-6b41:65:75 [0] NCCL INFO NET/IB: ncclIbSenderQpsCreate: QP created: port=1 dev=0 devName=rocep1s0f0 ndevs=4 nmdevs=6 qp_num=40670 pkey=0 pd=0xff88d007ded0 oooRq=0
gx10-6b41:65:75 [0] NCCL INFO NET/IB: ncclIbSenderQpsCreate: QP created: port=1 dev=0 devName=rocep1s0f0 ndevs=4 nmdevs=6 qp_num=40671 pkey=0 pd=0xff88d007ded0 oooRq=0
gx10-6b41:65:75 [0] NCCL INFO NET/IB: ncclIbConnectImpl: NCCL Dev 0 IbDev 0 Port 1 qp_num 40670 mtu 5 GID 6 (0/265A8C0FFFF0000) ctsFifoRkey=0x17f0ad ctsFifoLkey=0x17f0ad
gx10-6b41:65:75 [0] NCCL INFO NET/IB: ncclIbConnectImpl: IbDev 0 Port 1 qp_num 40670 query_ece={supported=1, vendor_id=0x15b3, options=0x30000002, comp_mask=0x0}
gx10-6b41:65:75 [0] NCCL INFO NET/IB: ncclIbConnectImpl: NCCL Dev 0 IbDev 0 Port 1 qp_num 40671 mtu 5 GID 6 (0/265A8C0FFFF0000) ctsFifoRkey=0x17f0ad ctsFifoLkey=0x17f0ad
gx10-6b41:65:75 [0] NCCL INFO NET/IB: ncclIbConnectImpl: IbDev 0 Port 1 qp_num 40671 query_ece={supported=1, vendor_id=0x15b3, options=0x30000002, comp_mask=0x0}
gx10-6b41:65:75 [0] NCCL INFO NET/IB: Subnet-aware routing: overriding dev 5 with dev 2
gx10-6b41:65:75 [0] NCCL INFO NET/IB: ncclIbResiliencyInit: Resiliency is disabled on the recv communicator (comm=0xff88d3834000)
gx10-6b41:65:75 [0] NCCL INFO NET/IB: ncclIbRecvCommInit: Receive work requests will be posted on-demand
gx10-6b41:65:75 [0] NCCL INFO NET/IB: Subnet-aware routing: overriding dev 5 with dev 2
gx10-6b41:65:75 [0] NCCL INFO NET/IB: ncclIbSenderQpsToRts: Set ECE: IbDev 2 Port 1 qp_num 1906 set_ece={supported=1, vendor_id=0x15b3, options=0x30000002, comp_mask=0x0}
gx10-6b41:65:75 [0] NCCL INFO NET/IB: ncclIbSenderQpsToRts: Set ECE: IbDev 2 Port 1 qp_num 1907 set_ece={supported=1, vendor_id=0x15b3, options=0x30000002, comp_mask=0x0}
gx10-6b41:65:75 [0] NCCL INFO NET/IB: Subnet-aware routing: overriding dev 4 with dev 0
gx10-6b41:65:75 [0] NCCL INFO NET/IB: Subnet-aware routing: overriding dev 4 with dev 1
gx10-6b41:65:75 [0] NCCL INFO NET/IB: ncclIbReceiverQpsCreateToRts: QP created: port=1 dev=1 devName=rocep1s0f1 ndevs=4 nmdevs=6 qp_num=39678 pkey=0 pd=0xff88d02348f0 oooRq=0
gx10-6b41:65:75 [0] NCCL INFO NET/IB: ncclIbReceiverQpsCreateToRts: QP created: port=1 dev=1 devName=rocep1s0f1 ndevs=4 nmdevs=6 qp_num=39679 pkey=0 pd=0xff88d02348f0 oooRq=0
gx10-6b41:65:75 [0] NCCL INFO NET/IB: ncclIbReceiverQpsCreateToRts: Flush QP created: port=1 dev=1 devName=rocep1s0f1 ndevs=4 nmdevs=6 qp_num=39680 pkey=0 pd=0xff88d02348f0
gx10-6b41:65:75 [0] NCCL INFO NET/IB: Subnet-aware routing: overriding dev 5 with dev 2
gx10-6b41:65:75 [0] NCCL INFO NET/IB: Subnet-aware routing: overriding dev 4 with dev 0
gx10-6b41:65:75 [0] NCCL INFO NET/IB: ncclIbResiliencyInit: Resiliency is disabled on the send communicator (comm=0xff88d38f5000)
gx10-6b41:65:75 [0] NCCL INFO NET/IB: Subnet-aware routing: overriding dev 4 with dev 0
gx10-6b41:65:75 [0] NCCL INFO NET/IB: Subnet-aware routing: overriding dev 5 with dev 2
gx10-6b41:65:75 [0] NCCL INFO NET/IB: Subnet-aware routing: overriding dev 4 with dev 0
gx10-6b41:65:75 [0] NCCL INFO NET/IB: ncclIbResiliencyInit: Resiliency is disabled on the recv communicator (comm=0xff88d3939000)
gx10-6b41:65:75 [0] NCCL INFO NET/IB: ncclIbRecvCommInit: Receive work requests will be posted on-demand
gx10-6b41:65:75 [0] NCCL INFO NET/IB: Subnet-aware routing: overriding dev 4 with dev 0
gx10-6b41:65:75 [0] NCCL INFO NET/IB: Subnet-aware routing: overriding dev 5 with dev 2
gx10-6b41:65:75 [0] NCCL INFO NET/IB: Subnet-aware routing: overriding dev 4 with dev 0
gx10-6b41:65:75 [0] NCCL INFO NET/IB: Subnet-aware routing: overriding dev 5 with dev 2
gx10-6b41:65:75 [0] NCCL INFO NET/IB: ncclIbResiliencyInit: Resiliency is disabled on the send communicator (comm=0xff88d3981000)
gx10-6b41:65:75 [0] NCCL INFO NET/IB: Subnet-aware routing: overriding dev 4 with dev 0
gx10-6b41:65:75 [0] NCCL INFO NET/IB: ncclIbSenderQpsToRts: Set ECE: IbDev 0 Port 1 qp_num 40670 set_ece={supported=1, vendor_id=0x15b3, options=0x30000002, comp_mask=0x0}
gx10-6b41:65:75 [0] NCCL INFO NET/IB: ncclIbSenderQpsToRts: Set ECE: IbDev 0 Port 1 qp_num 40671 set_ece={supported=1, vendor_id=0x15b3, options=0x30000002, comp_mask=0x0}
gx10-6b41:65:75 [0] NCCL INFO NET/IB: Subnet-aware routing: overriding dev 5 with dev 2
gx10-6b41:65:75 [0] NCCL INFO NET/IB: ncclIbSenderQpsCreate: QP created: port=1 dev=2 devName=roceP2p1s0f0 ndevs=4 nmdevs=6 qp_num=1908 pkey=0 pd=0xff88d02218d0 oooRq=0
gx10-6b41:65:75 [0] NCCL INFO NET/IB: ncclIbSenderQpsCreate: QP created: port=1 dev=2 devName=roceP2p1s0f0 ndevs=4 nmdevs=6 qp_num=1909 pkey=0 pd=0xff88d02218d0 oooRq=0
gx10-6b41:65:75 [0] NCCL INFO NET/IB: ncclIbConnectImpl: NCCL Dev 2 IbDev 2 Port 1 qp_num 1908 mtu 5 GID 3 (0/26FA8C0FFFF0000) ctsFifoRkey=0x18c7c2 ctsFifoLkey=0x18c7c2
gx10-6b41:65:75 [0] NCCL INFO NET/IB: ncclIbConnectImpl: IbDev 2 Port 1 qp_num 1908 query_ece={supported=1, vendor_id=0x15b3, options=0x30000002, comp_mask=0x0}
gx10-6b41:65:75 [0] NCCL INFO NET/IB: ncclIbConnectImpl: NCCL Dev 2 IbDev 2 Port 1 qp_num 1909 mtu 5 GID 3 (0/26FA8C0FFFF0000) ctsFifoRkey=0x18c7c2 ctsFifoLkey=0x18c7c2
gx10-6b41:65:75 [0] NCCL INFO NET/IB: ncclIbConnectImpl: IbDev 2 Port 1 qp_num 1909 query_ece={supported=1, vendor_id=0x15b3, options=0x30000002, comp_mask=0x0}
gx10-6b41:65:75 [0] NCCL INFO NET/IB: Subnet-aware routing: overriding dev 5 with dev 3
gx10-6b41:65:75 [0] NCCL INFO NET/IB: ncclIbReceiverQpsCreateToRts: QP created: port=1 dev=3 devName=roceP2p1s0f1 ndevs=4 nmdevs=6 qp_num=2279 pkey=0 pd=0xff88d01e0b00 oooRq=0
gx10-6b41:65:75 [0] NCCL INFO NET/IB: ncclIbReceiverQpsCreateToRts: QP created: port=1 dev=3 devName=roceP2p1s0f1 ndevs=4 nmdevs=6 qp_num=2280 pkey=0 pd=0xff88d01e0b00 oooRq=0
gx10-6b41:65:75 [0] NCCL INFO NET/IB: ncclIbReceiverQpsCreateToRts: Flush QP created: port=1 dev=3 devName=roceP2p1s0f1 ndevs=4 nmdevs=6 qp_num=2281 pkey=0 pd=0xff88d01e0b00
gx10-6b41:65:75 [0] NCCL INFO NET/IB: Subnet-aware routing: overriding dev 4 with dev 0
gx10-6b41:65:75 [0] NCCL INFO NET/IB: ncclIbSenderQpsCreate: QP created: port=1 dev=0 devName=rocep1s0f0 ndevs=4 nmdevs=6 qp_num=40672 pkey=0 pd=0xff88d007ded0 oooRq=0
gx10-6b41:65:75 [0] NCCL INFO NET/IB: ncclIbSenderQpsCreate: QP created: port=1 dev=0 devName=rocep1s0f0 ndevs=4 nmdevs=6 qp_num=40673 pkey=0 pd=0xff88d007ded0 oooRq=0
gx10-6b41:65:75 [0] NCCL INFO NET/IB: ncclIbConnectImpl: NCCL Dev 0 IbDev 0 Port 1 qp_num 40672 mtu 5 GID 6 (0/265A8C0FFFF0000) ctsFifoRkey=0x173cf0 ctsFifoLkey=0x173cf0
gx10-6b41:65:75 [0] NCCL INFO NET/IB: ncclIbConnectImpl: IbDev 0 Port 1 qp_num 40672 query_ece={supported=1, vendor_id=0x15b3, options=0x30000002, comp_mask=0x0}
gx10-6b41:65:75 [0] NCCL INFO NET/IB: ncclIbConnectImpl: NCCL Dev 0 IbDev 0 Port 1 qp_num 40673 mtu 5 GID 6 (0/265A8C0FFFF0000) ctsFifoRkey=0x173cf0 ctsFifoLkey=0x173cf0
gx10-6b41:65:75 [0] NCCL INFO NET/IB: ncclIbConnectImpl: IbDev 0 Port 1 qp_num 40673 query_ece={supported=1, vendor_id=0x15b3, options=0x30000002, comp_mask=0x0}
gx10-6b41:65:75 [0] NCCL INFO NET/IB: Subnet-aware routing: overriding dev 4 with dev 1
gx10-6b41:65:75 [0] NCCL INFO NET/IB: ncclIbReceiverQpsCreateToRts: QP created: port=1 dev=1 devName=rocep1s0f1 ndevs=4 nmdevs=6 qp_num=39681 pkey=0 pd=0xff88d02348f0 oooRq=0
gx10-6b41:65:75 [0] NCCL INFO NET/IB: ncclIbReceiverQpsCreateToRts: QP created: port=1 dev=1 devName=rocep1s0f1 ndevs=4 nmdevs=6 qp_num=39682 pkey=0 pd=0xff88d02348f0 oooRq=0
gx10-6b41:65:75 [0] NCCL INFO NET/IB: ncclIbReceiverQpsCreateToRts: Flush QP created: port=1 dev=1 devName=rocep1s0f1 ndevs=4 nmdevs=6 qp_num=39683 pkey=0 pd=0xff88d02348f0
gx10-6b41:65:75 [0] NCCL INFO NET/IB: Subnet-aware routing: overriding dev 5 with dev 2
gx10-6b41:65:75 [0] NCCL INFO NET/IB: ncclIbResiliencyInit: Resiliency is disabled on the recv communicator (comm=0xff88d3b6b000)
gx10-6b41:65:75 [0] NCCL INFO NET/IB: ncclIbRecvCommInit: Receive work requests will be posted on-demand
gx10-6b41:65:75 [0] NCCL INFO NET/IB: Subnet-aware routing: overriding dev 5 with dev 2
gx10-6b41:65:75 [0] NCCL INFO NET/IB: ncclIbSenderQpsToRts: Set ECE: IbDev 2 Port 1 qp_num 1908 set_ece={supported=1, vendor_id=0x15b3, options=0x30000002, comp_mask=0x0}
gx10-6b41:65:75 [0] NCCL INFO NET/IB: ncclIbSenderQpsToRts: Set ECE: IbDev 2 Port 1 qp_num 1909 set_ece={supported=1, vendor_id=0x15b3, options=0x30000002, comp_mask=0x0}
gx10-6b41:65:75 [0] NCCL INFO NET/IB: Subnet-aware routing: overriding dev 4 with dev 0
gx10-6b41:65:75 [0] NCCL INFO NET/IB: ncclIbSenderQpsToRts: Set ECE: IbDev 0 Port 1 qp_num 40672 set_ece={supported=1, vendor_id=0x15b3, options=0x30000002, comp_mask=0x0}
gx10-6b41:65:75 [0] NCCL INFO NET/IB: ncclIbSenderQpsToRts: Set ECE: IbDev 0 Port 1 qp_num 40673 set_ece={supported=1, vendor_id=0x15b3, options=0x30000002, comp_mask=0x0}
gx10-6b41:65:75 [0] NCCL INFO NET/IB: Subnet-aware routing: overriding dev 5 with dev 2
gx10-6b41:65:75 [0] NCCL INFO NET/IB: ncclIbSenderQpsCreate: QP created: port=1 dev=2 devName=roceP2p1s0f0 ndevs=4 nmdevs=6 qp_num=1910 pkey=0 pd=0xff88d02218d0 oooRq=0
gx10-6b41:65:75 [0] NCCL INFO NET/IB: ncclIbSenderQpsCreate: QP created: port=1 dev=2 devName=roceP2p1s0f0 ndevs=4 nmdevs=6 qp_num=1911 pkey=0 pd=0xff88d02218d0 oooRq=0
gx10-6b41:65:75 [0] NCCL INFO NET/IB: ncclIbConnectImpl: NCCL Dev 2 IbDev 2 Port 1 qp_num 1910 mtu 5 GID 3 (0/26FA8C0FFFF0000) ctsFifoRkey=0x18a09b ctsFifoLkey=0x18a09b
gx10-6b41:65:75 [0] NCCL INFO NET/IB: ncclIbConnectImpl: IbDev 2 Port 1 qp_num 1910 query_ece={supported=1, vendor_id=0x15b3, options=0x30000002, comp_mask=0x0}
gx10-6b41:65:75 [0] NCCL INFO NET/IB: ncclIbConnectImpl: NCCL Dev 2 IbDev 2 Port 1 qp_num 1911 mtu 5 GID 3 (0/26FA8C0FFFF0000) ctsFifoRkey=0x18a09b ctsFifoLkey=0x18a09b
gx10-6b41:65:75 [0] NCCL INFO NET/IB: ncclIbConnectImpl: IbDev 2 Port 1 qp_num 1911 query_ece={supported=1, vendor_id=0x15b3, options=0x30000002, comp_mask=0x0}
gx10-6b41:65:75 [0] NCCL INFO NET/IB: Subnet-aware routing: overriding dev 4 with dev 0
gx10-6b41:65:75 [0] NCCL INFO NET/IB: ncclIbResiliencyInit: Resiliency is disabled on the send communicator (comm=0xff88d3c0a000)
gx10-6b41:65:75 [0] NCCL INFO NET/IB: Subnet-aware routing: overriding dev 5 with dev 2
gx10-6b41:65:75 [0] NCCL INFO NET/IB: Subnet-aware routing: overriding dev 4 with dev 0
gx10-6b41:65:75 [0] NCCL INFO NET/IB: ncclIbResiliencyInit: Resiliency is disabled on the recv communicator (comm=0xff88d3c4b000)
gx10-6b41:65:75 [0] NCCL INFO NET/IB: ncclIbRecvCommInit: Receive work requests will be posted on-demand
gx10-6b41:65:75 [0] NCCL INFO NET/IB: Subnet-aware routing: overriding dev 5 with dev 2
gx10-6b41:65:75 [0] NCCL INFO NET/IB: Subnet-aware routing: overriding dev 4 with dev 0
gx10-6b41:65:75 [0] NCCL INFO NET/IB: Subnet-aware routing: overriding dev 5 with dev 2
gx10-6b41:65:75 [0] NCCL INFO NET/IB: ncclIbResiliencyInit: Resiliency is disabled on the send communicator (comm=0xff88d3c96000)
gx10-6b41:65:75 [0] NCCL INFO NET/IB: Subnet-aware routing: overriding dev 5 with dev 2
gx10-6b41:65:75 [0] NCCL INFO NET/IB: Subnet-aware routing: overriding dev 5 with dev 3
gx10-6b41:65:75 [0] NCCL INFO NET/IB: ncclIbReceiverQpsCreateToRts: QP created: port=1 dev=3 devName=roceP2p1s0f1 ndevs=4 nmdevs=6 qp_num=2282 pkey=0 pd=0xff88d01e0b00 oooRq=0
gx10-6b41:65:75 [0] NCCL INFO NET/IB: ncclIbReceiverQpsCreateToRts: QP created: port=1 dev=3 devName=roceP2p1s0f1 ndevs=4 nmdevs=6 qp_num=2283 pkey=0 pd=0xff88d01e0b00 oooRq=0
gx10-6b41:65:75 [0] NCCL INFO NET/IB: ncclIbReceiverQpsCreateToRts: Flush QP created: port=1 dev=3 devName=roceP2p1s0f1 ndevs=4 nmdevs=6 qp_num=2284 pkey=0 pd=0xff88d01e0b00
gx10-6b41:65:75 [0] NCCL INFO NET/IB: Subnet-aware routing: overriding dev 4 with dev 0
gx10-6b41:65:75 [0] NCCL INFO NET/IB: Subnet-aware routing: overriding dev 5 with dev 2
gx10-6b41:65:75 [0] NCCL INFO NET/IB: ncclIbResiliencyInit: Resiliency is disabled on the recv communicator (comm=0xff88d3d55000)
gx10-6b41:65:75 [0] NCCL INFO NET/IB: ncclIbRecvCommInit: Receive work requests will be posted on-demand
gx10-6b41:65:75 [0] NCCL INFO NET/IB: Subnet-aware routing: overriding dev 5 with dev 2
gx10-6b41:65:75 [0] NCCL INFO NET/IB: ncclIbSenderQpsToRts: Set ECE: IbDev 2 Port 1 qp_num 1910 set_ece={supported=1, vendor_id=0x15b3, options=0x30000002, comp_mask=0x0}
gx10-6b41:65:75 [0] NCCL INFO NET/IB: ncclIbSenderQpsToRts: Set ECE: IbDev 2 Port 1 qp_num 1911 set_ece={supported=1, vendor_id=0x15b3, options=0x30000002, comp_mask=0x0}
gx10-6b41:65:75 [0] NCCL INFO NET/IB: Subnet-aware routing: overriding dev 4 with dev 0
gx10-6b41:65:75 [0] NCCL INFO NET/IB: ncclIbSenderQpsCreate: QP created: port=1 dev=0 devName=rocep1s0f0 ndevs=4 nmdevs=6 qp_num=40674 pkey=0 pd=0xff88d007ded0 oooRq=0
gx10-6b41:65:75 [0] NCCL INFO NET/IB: ncclIbSenderQpsCreate: QP created: port=1 dev=0 devName=rocep1s0f0 ndevs=4 nmdevs=6 qp_num=40675 pkey=0 pd=0xff88d007ded0 oooRq=0
gx10-6b41:65:75 [0] NCCL INFO NET/IB: ncclIbConnectImpl: NCCL Dev 0 IbDev 0 Port 1 qp_num 40674 mtu 5 GID 6 (0/265A8C0FFFF0000) ctsFifoRkey=0x169f5c ctsFifoLkey=0x169f5c
gx10-6b41:65:75 [0] NCCL INFO NET/IB: ncclIbConnectImpl: IbDev 0 Port 1 qp_num 40674 query_ece={supported=1, vendor_id=0x15b3, options=0x30000002, comp_mask=0x0}
gx10-6b41:65:75 [0] NCCL INFO NET/IB: ncclIbConnectImpl: NCCL Dev 0 IbDev 0 Port 1 qp_num 40675 mtu 5 GID 6 (0/265A8C0FFFF0000) ctsFifoRkey=0x169f5c ctsFifoLkey=0x169f5c
gx10-6b41:65:75 [0] NCCL INFO NET/IB: ncclIbConnectImpl: IbDev 0 Port 1 qp_num 40675 query_ece={supported=1, vendor_id=0x15b3, options=0x30000002, comp_mask=0x0}
gx10-6b41:65:75 [0] NCCL INFO NET/IB: Subnet-aware routing: overriding dev 4 with dev 1
gx10-6b41:65:75 [0] NCCL INFO NET/IB: ncclIbReceiverQpsCreateToRts: QP created: port=1 dev=1 devName=rocep1s0f1 ndevs=4 nmdevs=6 qp_num=39684 pkey=0 pd=0xff88d02348f0 oooRq=0
gx10-6b41:65:75 [0] NCCL INFO NET/IB: ncclIbReceiverQpsCreateToRts: QP created: port=1 dev=1 devName=rocep1s0f1 ndevs=4 nmdevs=6 qp_num=39685 pkey=0 pd=0xff88d02348f0 oooRq=0
gx10-6b41:65:75 [0] NCCL INFO NET/IB: ncclIbReceiverQpsCreateToRts: Flush QP created: port=1 dev=1 devName=rocep1s0f1 ndevs=4 nmdevs=6 qp_num=39686 pkey=0 pd=0xff88d02348f0
gx10-6b41:65:75 [0] NCCL INFO NET/IB: Subnet-aware routing: overriding dev 5 with dev 2
gx10-6b41:65:75 [0] NCCL INFO NET/IB: ncclIbSenderQpsCreate: QP created: port=1 dev=2 devName=roceP2p1s0f0 ndevs=4 nmdevs=6 qp_num=1912 pkey=0 pd=0xff88d02218d0 oooRq=0
gx10-6b41:65:75 [0] NCCL INFO NET/IB: ncclIbSenderQpsCreate: QP created: port=1 dev=2 devName=roceP2p1s0f0 ndevs=4 nmdevs=6 qp_num=1913 pkey=0 pd=0xff88d02218d0 oooRq=0
gx10-6b41:65:75 [0] NCCL INFO NET/IB: ncclIbConnectImpl: NCCL Dev 2 IbDev 2 Port 1 qp_num 1912 mtu 5 GID 3 (0/26FA8C0FFFF0000) ctsFifoRkey=0x19797b ctsFifoLkey=0x19797b
gx10-6b41:65:75 [0] NCCL INFO NET/IB: ncclIbConnectImpl: IbDev 2 Port 1 qp_num 1912 query_ece={supported=1, vendor_id=0x15b3, options=0x30000002, comp_mask=0x0}
gx10-6b41:65:75 [0] NCCL INFO NET/IB: ncclIbConnectImpl: NCCL Dev 2 IbDev 2 Port 1 qp_num 1913 mtu 5 GID 3 (0/26FA8C0FFFF0000) ctsFifoRkey=0x19797b ctsFifoLkey=0x19797b
gx10-6b41:65:75 [0] NCCL INFO NET/IB: ncclIbConnectImpl: IbDev 2 Port 1 qp_num 1913 query_ece={supported=1, vendor_id=0x15b3, options=0x30000002, comp_mask=0x0}
gx10-6b41:65:75 [0] NCCL INFO NET/IB: Subnet-aware routing: overriding dev 5 with dev 3
gx10-6b41:65:75 [0] NCCL INFO NET/IB: ncclIbReceiverQpsCreateToRts: QP created: port=1 dev=3 devName=roceP2p1s0f1 ndevs=4 nmdevs=6 qp_num=2285 pkey=0 pd=0xff88d01e0b00 oooRq=0
gx10-6b41:65:75 [0] NCCL INFO NET/IB: ncclIbReceiverQpsCreateToRts: QP created: port=1 dev=3 devName=roceP2p1s0f1 ndevs=4 nmdevs=6 qp_num=2286 pkey=0 pd=0xff88d01e0b00 oooRq=0
gx10-6b41:65:75 [0] NCCL INFO NET/IB: ncclIbReceiverQpsCreateToRts: Flush QP created: port=1 dev=3 devName=roceP2p1s0f1 ndevs=4 nmdevs=6 qp_num=2287 pkey=0 pd=0xff88d01e0b00
gx10-6b41:65:75 [0] NCCL INFO NET/IB: Subnet-aware routing: overriding dev 4 with dev 0
gx10-6b41:65:75 [0] NCCL INFO NET/IB: ncclIbResiliencyInit: Resiliency is disabled on the send communicator (comm=0xff88d3f49000)
gx10-6b41:65:75 [0] NCCL INFO NET/IB: Subnet-aware routing: overriding dev 4 with dev 0
gx10-6b41:65:75 [0] NCCL INFO NET/IB: ncclIbSenderQpsToRts: Set ECE: IbDev 0 Port 1 qp_num 40674 set_ece={supported=1, vendor_id=0x15b3, options=0x30000002, comp_mask=0x0}
gx10-6b41:65:75 [0] NCCL INFO NET/IB: ncclIbSenderQpsToRts: Set ECE: IbDev 0 Port 1 qp_num 40675 set_ece={supported=1, vendor_id=0x15b3, options=0x30000002, comp_mask=0x0}
gx10-6b41:65:75 [0] NCCL INFO NET/IB: Subnet-aware routing: overriding dev 5 with dev 2
gx10-6b41:65:75 [0] NCCL INFO NET/IB: ncclIbSenderQpsToRts: Set ECE: IbDev 2 Port 1 qp_num 1912 set_ece={supported=1, vendor_id=0x15b3, options=0x30000002, comp_mask=0x0}
gx10-6b41:65:75 [0] NCCL INFO NET/IB: ncclIbSenderQpsToRts: Set ECE: IbDev 2 Port 1 qp_num 1913 set_ece={supported=1, vendor_id=0x15b3, options=0x30000002, comp_mask=0x0}
gx10-6b41:65:75 [0] NCCL INFO NET/IB: Subnet-aware routing: overriding dev 4 with dev 0
gx10-6b41:65:75 [0] NCCL INFO NET/IB: ncclIbResiliencyInit: Resiliency is disabled on the recv communicator (comm=0xff88d3f8d000)
gx10-6b41:65:75 [0] NCCL INFO NET/IB: ncclIbRecvCommInit: Receive work requests will be posted on-demand
gx10-6b41:65:75 [0] NCCL INFO NET/IB: Subnet-aware routing: overriding dev 4 with dev 0
gx10-6b41:65:75 [0] NCCL INFO NET/IB: Subnet-aware routing: overriding dev 5 with dev 2
gx10-6b41:65:75 [0] NCCL INFO NET/IB: ncclIbResiliencyInit: Resiliency is disabled on the send communicator (comm=0xff8878001000)
gx10-6b41:65:75 [0] NCCL INFO NET/IB: Subnet-aware routing: overriding dev 4 with dev 0
gx10-6b41:65:75 [0] NCCL INFO NET/IB: Subnet-aware routing: overriding dev 5 with dev 2
gx10-6b41:65:75 [0] NCCL INFO NET/IB: ncclIbResiliencyInit: Resiliency is disabled on the recv communicator (comm=0xff8878045000)
gx10-6b41:65:75 [0] NCCL INFO NET/IB: ncclIbRecvCommInit: Receive work requests will be posted on-demand
gx10-6b41:65:75 [0] NCCL INFO NET/IB: Subnet-aware routing: overriding dev 4 with dev 0
gx10-6b41:65:75 [0] NCCL INFO NET/IB: Subnet-aware routing: overriding dev 5 with dev 2
gx10-6b41:65:75 [0] NCCL INFO NET/IB: Subnet-aware routing: overriding dev 4 with dev 0
gx10-6b41:65:75 [0] NCCL INFO NET/IB: ncclIbResiliencyInit: Resiliency is disabled on the send communicator (comm=0xff887808d000)
gx10-6b41:65:75 [0] NCCL INFO NET/IB: Subnet-aware routing: overriding dev 4 with dev 0
gx10-6b41:65:75 [0] NCCL INFO NET/IB: ncclIbSenderQpsCreate: QP created: port=1 dev=0 devName=rocep1s0f0 ndevs=4 nmdevs=6 qp_num=40676 pkey=0 pd=0xff88d007ded0 oooRq=0
gx10-6b41:65:75 [0] NCCL INFO NET/IB: ncclIbSenderQpsCreate: QP created: port=1 dev=0 devName=rocep1s0f0 ndevs=4 nmdevs=6 qp_num=40677 pkey=0 pd=0xff88d007ded0 oooRq=0
gx10-6b41:65:75 [0] NCCL INFO NET/IB: ncclIbConnectImpl: NCCL Dev 0 IbDev 0 Port 1 qp_num 40676 mtu 5 GID 6 (0/265A8C0FFFF0000) ctsFifoRkey=0x1624e4 ctsFifoLkey=0x1624e4
gx10-6b41:65:75 [0] NCCL INFO NET/IB: ncclIbConnectImpl: IbDev 0 Port 1 qp_num 40676 query_ece={supported=1, vendor_id=0x15b3, options=0x30000002, comp_mask=0x0}
gx10-6b41:65:75 [0] NCCL INFO NET/IB: ncclIbConnectImpl: NCCL Dev 0 IbDev 0 Port 1 qp_num 40677 mtu 5 GID 6 (0/265A8C0FFFF0000) ctsFifoRkey=0x1624e4 ctsFifoLkey=0x1624e4
gx10-6b41:65:75 [0] NCCL INFO NET/IB: ncclIbConnectImpl: IbDev 0 Port 1 qp_num 40677 query_ece={supported=1, vendor_id=0x15b3, options=0x30000002, comp_mask=0x0}
gx10-6b41:65:75 [0] NCCL INFO NET/IB: Subnet-aware routing: overriding dev 5 with dev 2
gx10-6b41:65:75 [0] NCCL INFO NET/IB: ncclIbSenderQpsCreate: QP created: port=1 dev=2 devName=roceP2p1s0f0 ndevs=4 nmdevs=6 qp_num=1914 pkey=0 pd=0xff88d02218d0 oooRq=0
gx10-6b41:65:75 [0] NCCL INFO NET/IB: ncclIbSenderQpsCreate: QP created: port=1 dev=2 devName=roceP2p1s0f0 ndevs=4 nmdevs=6 qp_num=1915 pkey=0 pd=0xff88d02218d0 oooRq=0
gx10-6b41:65:75 [0] NCCL INFO NET/IB: ncclIbConnectImpl: NCCL Dev 2 IbDev 2 Port 1 qp_num 1914 mtu 5 GID 3 (0/26FA8C0FFFF0000) ctsFifoRkey=0x18aeab ctsFifoLkey=0x18aeab
gx10-6b41:65:75 [0] NCCL INFO NET/IB: ncclIbConnectImpl: IbDev 2 Port 1 qp_num 1914 query_ece={supported=1, vendor_id=0x15b3, options=0x30000002, comp_mask=0x0}
gx10-6b41:65:75 [0] NCCL INFO NET/IB: ncclIbConnectImpl: NCCL Dev 2 IbDev 2 Port 1 qp_num 1915 mtu 5 GID 3 (0/26FA8C0FFFF0000) ctsFifoRkey=0x18aeab ctsFifoLkey=0x18aeab
gx10-6b41:65:75 [0] NCCL INFO NET/IB: ncclIbConnectImpl: IbDev 2 Port 1 qp_num 1915 query_ece={supported=1, vendor_id=0x15b3, options=0x30000002, comp_mask=0x0}
gx10-6b41:65:75 [0] NCCL INFO NET/IB: Subnet-aware routing: overriding dev 4 with dev 0
gx10-6b41:65:75 [0] NCCL INFO NET/IB: ncclIbResiliencyInit: Resiliency is disabled on the recv communicator (comm=0xff887817d000)
gx10-6b41:65:75 [0] NCCL INFO NET/IB: ncclIbRecvCommInit: Receive work requests will be posted on-demand
gx10-6b41:65:75 [0] NCCL INFO NET/IB: Subnet-aware routing: overriding dev 4 with dev 0
gx10-6b41:65:75 [0] NCCL INFO NET/IB: Subnet-aware routing: overriding dev 4 with dev 1
gx10-6b41:65:75 [0] NCCL INFO NET/IB: ncclIbReceiverQpsCreateToRts: QP created: port=1 dev=1 devName=rocep1s0f1 ndevs=4 nmdevs=6 qp_num=39687 pkey=0 pd=0xff88d02348f0 oooRq=0
gx10-6b41:65:75 [0] NCCL INFO NET/IB: ncclIbReceiverQpsCreateToRts: QP created: port=1 dev=1 devName=rocep1s0f1 ndevs=4 nmdevs=6 qp_num=39688 pkey=0 pd=0xff88d02348f0 oooRq=0
gx10-6b41:65:75 [0] NCCL INFO NET/IB: ncclIbReceiverQpsCreateToRts: Flush QP created: port=1 dev=1 devName=rocep1s0f1 ndevs=4 nmdevs=6 qp_num=39689 pkey=0 pd=0xff88d02348f0
gx10-6b41:65:75 [0] NCCL INFO NET/IB: Subnet-aware routing: overriding dev 5 with dev 2
gx10-6b41:65:75 [0] NCCL INFO NET/IB: Subnet-aware routing: overriding dev 5 with dev 3
gx10-6b41:65:75 [0] NCCL INFO NET/IB: ncclIbReceiverQpsCreateToRts: QP created: port=1 dev=3 devName=roceP2p1s0f1 ndevs=4 nmdevs=6 qp_num=2288 pkey=0 pd=0xff88d01e0b00 oooRq=0
gx10-6b41:65:75 [0] NCCL INFO NET/IB: ncclIbReceiverQpsCreateToRts: QP created: port=1 dev=3 devName=roceP2p1s0f1 ndevs=4 nmdevs=6 qp_num=2289 pkey=0 pd=0xff88d01e0b00 oooRq=0
gx10-6b41:65:75 [0] NCCL INFO NET/IB: ncclIbReceiverQpsCreateToRts: Flush QP created: port=1 dev=3 devName=roceP2p1s0f1 ndevs=4 nmdevs=6 qp_num=2290 pkey=0 pd=0xff88d01e0b00
gx10-6b41:65:75 [0] NCCL INFO NET/IB: Subnet-aware routing: overriding dev 4 with dev 0
gx10-6b41:65:75 [0] NCCL INFO NET/IB: Subnet-aware routing: overriding dev 5 with dev 2
gx10-6b41:65:75 [0] NCCL INFO NET/IB: ncclIbResiliencyInit: Resiliency is disabled on the send communicator (comm=0xff88782bc000)
gx10-6b41:65:75 [0] NCCL INFO NET/IB: Subnet-aware routing: overriding dev 4 with dev 0
gx10-6b41:65:75 [0] NCCL INFO NET/IB: Subnet-aware routing: overriding dev 5 with dev 2
gx10-6b41:65:75 [0] NCCL INFO NET/IB: ncclIbSenderQpsToRts: Set ECE: IbDev 2 Port 1 qp_num 1914 set_ece={supported=1, vendor_id=0x15b3, options=0x30000002, comp_mask=0x0}
gx10-6b41:65:75 [0] NCCL INFO NET/IB: ncclIbSenderQpsToRts: Set ECE: IbDev 2 Port 1 qp_num 1915 set_ece={supported=1, vendor_id=0x15b3, options=0x30000002, comp_mask=0x0}
gx10-6b41:65:75 [0] NCCL INFO NET/IB: Subnet-aware routing: overriding dev 4 with dev 0
gx10-6b41:65:75 [0] NCCL INFO NET/IB: ncclIbSenderQpsCreate: QP created: port=1 dev=0 devName=rocep1s0f0 ndevs=4 nmdevs=6 qp_num=40678 pkey=0 pd=0xff88d007ded0 oooRq=0
gx10-6b41:65:75 [0] NCCL INFO NET/IB: ncclIbSenderQpsCreate: QP created: port=1 dev=0 devName=rocep1s0f0 ndevs=4 nmdevs=6 qp_num=40679 pkey=0 pd=0xff88d007ded0 oooRq=0
gx10-6b41:65:75 [0] NCCL INFO NET/IB: ncclIbConnectImpl: NCCL Dev 0 IbDev 0 Port 1 qp_num 40678 mtu 5 GID 6 (0/265A8C0FFFF0000) ctsFifoRkey=0x15a463 ctsFifoLkey=0x15a463
gx10-6b41:65:75 [0] NCCL INFO NET/IB: ncclIbConnectImpl: IbDev 0 Port 1 qp_num 40678 query_ece={supported=1, vendor_id=0x15b3, options=0x30000002, comp_mask=0x0}
gx10-6b41:65:75 [0] NCCL INFO NET/IB: ncclIbConnectImpl: NCCL Dev 0 IbDev 0 Port 1 qp_num 40679 mtu 5 GID 6 (0/265A8C0FFFF0000) ctsFifoRkey=0x15a463 ctsFifoLkey=0x15a463
gx10-6b41:65:75 [0] NCCL INFO NET/IB: ncclIbConnectImpl: IbDev 0 Port 1 qp_num 40679 query_ece={supported=1, vendor_id=0x15b3, options=0x30000002, comp_mask=0x0}
gx10-6b41:65:75 [0] NCCL INFO NET/IB: Subnet-aware routing: overriding dev 4 with dev 1
gx10-6b41:65:75 [0] NCCL INFO NET/IB: ncclIbReceiverQpsCreateToRts: QP created: port=1 dev=1 devName=rocep1s0f1 ndevs=4 nmdevs=6 qp_num=39690 pkey=0 pd=0xff88d02348f0 oooRq=0
gx10-6b41:65:75 [0] NCCL INFO NET/IB: ncclIbReceiverQpsCreateToRts: QP created: port=1 dev=1 devName=rocep1s0f1 ndevs=4 nmdevs=6 qp_num=39691 pkey=0 pd=0xff88d02348f0 oooRq=0
gx10-6b41:65:75 [0] NCCL INFO NET/IB: ncclIbReceiverQpsCreateToRts: Flush QP created: port=1 dev=1 devName=rocep1s0f1 ndevs=4 nmdevs=6 qp_num=39692 pkey=0 pd=0xff88d02348f0
gx10-6b41:65:75 [0] NCCL INFO NET/IB: Subnet-aware routing: overriding dev 5 with dev 2
gx10-6b41:65:75 [0] NCCL INFO NET/IB: ncclIbResiliencyInit: Resiliency is disabled on the recv communicator (comm=0xff88783d0000)
gx10-6b41:65:75 [0] NCCL INFO NET/IB: ncclIbRecvCommInit: Receive work requests will be posted on-demand
gx10-6b41:65:75 [0] NCCL INFO NET/IB: Subnet-aware routing: overriding dev 4 with dev 0
gx10-6b41:65:75 [0] NCCL INFO NET/IB: ncclIbSenderQpsToRts: Set ECE: IbDev 0 Port 1 qp_num 40676 set_ece={supported=1, vendor_id=0x15b3, options=0x30000002, comp_mask=0x0}
gx10-6b41:65:75 [0] NCCL INFO NET/IB: ncclIbSenderQpsToRts: Set ECE: IbDev 0 Port 1 qp_num 40677 set_ece={supported=1, vendor_id=0x15b3, options=0x30000002, comp_mask=0x0}
gx10-6b41:65:75 [0] NCCL INFO NET/IB: Subnet-aware routing: overriding dev 4 with dev 0
gx10-6b41:65:75 [0] NCCL INFO NET/IB: ncclIbSenderQpsToRts: Set ECE: IbDev 0 Port 1 qp_num 40678 set_ece={supported=1, vendor_id=0x15b3, options=0x30000002, comp_mask=0x0}
gx10-6b41:65:75 [0] NCCL INFO NET/IB: ncclIbSenderQpsToRts: Set ECE: IbDev 0 Port 1 qp_num 40679 set_ece={supported=1, vendor_id=0x15b3, options=0x30000002, comp_mask=0x0}
gx10-6b41:65:75 [0] NCCL INFO NET/IB: Subnet-aware routing: overriding dev 5 with dev 2
gx10-6b41:65:75 [0] NCCL INFO NET/IB: ncclIbSenderQpsCreate: QP created: port=1 dev=2 devName=roceP2p1s0f0 ndevs=4 nmdevs=6 qp_num=1916 pkey=0 pd=0xff88d02218d0 oooRq=0
gx10-6b41:65:75 [0] NCCL INFO NET/IB: ncclIbSenderQpsCreate: QP created: port=1 dev=2 devName=roceP2p1s0f0 ndevs=4 nmdevs=6 qp_num=1917 pkey=0 pd=0xff88d02218d0 oooRq=0
gx10-6b41:65:75 [0] NCCL INFO NET/IB: ncclIbConnectImpl: NCCL Dev 2 IbDev 2 Port 1 qp_num 1916 mtu 5 GID 3 (0/26FA8C0FFFF0000) ctsFifoRkey=0x18a69d ctsFifoLkey=0x18a69d
gx10-6b41:65:75 [0] NCCL INFO NET/IB: ncclIbConnectImpl: IbDev 2 Port 1 qp_num 1916 query_ece={supported=1, vendor_id=0x15b3, options=0x30000002, comp_mask=0x0}
gx10-6b41:65:75 [0] NCCL INFO NET/IB: ncclIbConnectImpl: NCCL Dev 2 IbDev 2 Port 1 qp_num 1917 mtu 5 GID 3 (0/26FA8C0FFFF0000) ctsFifoRkey=0x18a69d ctsFifoLkey=0x18a69d
gx10-6b41:65:75 [0] NCCL INFO NET/IB: ncclIbConnectImpl: IbDev 2 Port 1 qp_num 1917 query_ece={supported=1, vendor_id=0x15b3, options=0x30000002, comp_mask=0x0}
gx10-6b41:65:75 [0] NCCL INFO NET/IB: Subnet-aware routing: overriding dev 5 with dev 3
gx10-6b41:65:75 [0] NCCL INFO NET/IB: ncclIbReceiverQpsCreateToRts: QP created: port=1 dev=3 devName=roceP2p1s0f1 ndevs=4 nmdevs=6 qp_num=2291 pkey=0 pd=0xff88d01e0b00 oooRq=0
gx10-6b41:65:75 [0] NCCL INFO NET/IB: ncclIbReceiverQpsCreateToRts: QP created: port=1 dev=3 devName=roceP2p1s0f1 ndevs=4 nmdevs=6 qp_num=2292 pkey=0 pd=0xff88d01e0b00 oooRq=0
gx10-6b41:65:75 [0] NCCL INFO NET/IB: ncclIbReceiverQpsCreateToRts: Flush QP created: port=1 dev=3 devName=roceP2p1s0f1 ndevs=4 nmdevs=6 qp_num=2293 pkey=0 pd=0xff88d01e0b00
gx10-6b41:65:75 [0] NCCL INFO NET/IB: Subnet-aware routing: overriding dev 4 with dev 0
gx10-6b41:65:75 [0] NCCL INFO NET/IB: ncclIbResiliencyInit: Resiliency is disabled on the send communicator (comm=0xff88784e5000)
gx10-6b41:65:75 [0] NCCL INFO NET/IB: Subnet-aware routing: overriding dev 5 with dev 2
gx10-6b41:65:75 [0] NCCL INFO NET/IB: Subnet-aware routing: overriding dev 4 with dev 0
gx10-6b41:65:75 [0] NCCL INFO NET/IB: ncclIbResiliencyInit: Resiliency is disabled on the recv communicator (comm=0xff8878529000)
gx10-6b41:65:75 [0] NCCL INFO NET/IB: ncclIbRecvCommInit: Receive work requests will be posted on-demand
gx10-6b41:65:75 [0] NCCL INFO NET/IB: Subnet-aware routing: overriding dev 5 with dev 2
gx10-6b41:65:75 [0] NCCL INFO NET/IB: Subnet-aware routing: overriding dev 4 with dev 0
gx10-6b41:65:75 [0] NCCL INFO NET/IB: Subnet-aware routing: overriding dev 5 with dev 2
gx10-6b41:65:75 [0] NCCL INFO NET/IB: ncclIbResiliencyInit: Resiliency is disabled on the send communicator (comm=0xff8878571000)
gx10-6b41:65:75 [0] NCCL INFO NET/IB: Subnet-aware routing: overriding dev 5 with dev 2
gx10-6b41:65:75 [0] NCCL INFO NET/IB: Subnet-aware routing: overriding dev 4 with dev 0
gx10-6b41:65:75 [0] NCCL INFO NET/IB: Subnet-aware routing: overriding dev 5 with dev 2
gx10-6b41:65:75 [0] NCCL INFO NET/IB: ncclIbResiliencyInit: Resiliency is disabled on the recv communicator (comm=0xff88785b5000)
gx10-6b41:65:75 [0] NCCL INFO NET/IB: ncclIbRecvCommInit: Receive work requests will be posted on-demand
gx10-6b41:65:75 [0] NCCL INFO NET/IB: Subnet-aware routing: overriding dev 5 with dev 2
gx10-6b41:65:75 [0] NCCL INFO NET/IB: ncclIbSenderQpsToRts: Set ECE: IbDev 2 Port 1 qp_num 1916 set_ece={supported=1, vendor_id=0x15b3, options=0x30000002, comp_mask=0x0}
gx10-6b41:65:75 [0] NCCL INFO NET/IB: ncclIbSenderQpsToRts: Set ECE: IbDev 2 Port 1 qp_num 1917 set_ece={supported=1, vendor_id=0x15b3, options=0x30000002, comp_mask=0x0}
gx10-6b41:65:75 [0] NCCL INFO NET/IB: Subnet-aware routing: overriding dev 4 with dev 0
gx10-6b41:65:75 [0] NCCL INFO NET/IB: ncclIbSenderQpsCreate: QP created: port=1 dev=0 devName=rocep1s0f0 ndevs=4 nmdevs=6 qp_num=40680 pkey=0 pd=0xff88d007ded0 oooRq=0
gx10-6b41:65:75 [0] NCCL INFO NET/IB: ncclIbSenderQpsCreate: QP created: port=1 dev=0 devName=rocep1s0f0 ndevs=4 nmdevs=6 qp_num=40681 pkey=0 pd=0xff88d007ded0 oooRq=0
gx10-6b41:65:75 [0] NCCL INFO NET/IB: ncclIbConnectImpl: NCCL Dev 0 IbDev 0 Port 1 qp_num 40680 mtu 5 GID 6 (0/265A8C0FFFF0000) ctsFifoRkey=0x164f0c ctsFifoLkey=0x164f0c
gx10-6b41:65:75 [0] NCCL INFO NET/IB: ncclIbConnectImpl: IbDev 0 Port 1 qp_num 40680 query_ece={supported=1, vendor_id=0x15b3, options=0x30000002, comp_mask=0x0}
gx10-6b41:65:75 [0] NCCL INFO NET/IB: ncclIbConnectImpl: NCCL Dev 0 IbDev 0 Port 1 qp_num 40681 mtu 5 GID 6 (0/265A8C0FFFF0000) ctsFifoRkey=0x164f0c ctsFifoLkey=0x164f0c
gx10-6b41:65:75 [0] NCCL INFO NET/IB: ncclIbConnectImpl: IbDev 0 Port 1 qp_num 40681 query_ece={supported=1, vendor_id=0x15b3, options=0x30000002, comp_mask=0x0}
gx10-6b41:65:75 [0] NCCL INFO NET/IB: Subnet-aware routing: overriding dev 4 with dev 1
gx10-6b41:65:75 [0] NCCL INFO NET/IB: ncclIbReceiverQpsCreateToRts: QP created: port=1 dev=1 devName=rocep1s0f1 ndevs=4 nmdevs=6 qp_num=39693 pkey=0 pd=0xff88d02348f0 oooRq=0
gx10-6b41:65:75 [0] NCCL INFO NET/IB: ncclIbReceiverQpsCreateToRts: QP created: port=1 dev=1 devName=rocep1s0f1 ndevs=4 nmdevs=6 qp_num=39694 pkey=0 pd=0xff88d02348f0 oooRq=0
gx10-6b41:65:75 [0] NCCL INFO NET/IB: ncclIbReceiverQpsCreateToRts: Flush QP created: port=1 dev=1 devName=rocep1s0f1 ndevs=4 nmdevs=6 qp_num=39695 pkey=0 pd=0xff88d02348f0
gx10-6b41:65:75 [0] NCCL INFO NET/IB: Subnet-aware routing: overriding dev 5 with dev 2
gx10-6b41:65:75 [0] NCCL INFO NET/IB: ncclIbSenderQpsCreate: QP created: port=1 dev=2 devName=roceP2p1s0f0 ndevs=4 nmdevs=6 qp_num=1918 pkey=0 pd=0xff88d02218d0 oooRq=0
gx10-6b41:65:75 [0] NCCL INFO NET/IB: ncclIbSenderQpsCreate: QP created: port=1 dev=2 devName=roceP2p1s0f0 ndevs=4 nmdevs=6 qp_num=1919 pkey=0 pd=0xff88d02218d0 oooRq=0
gx10-6b41:65:75 [0] NCCL INFO NET/IB: ncclIbConnectImpl: NCCL Dev 2 IbDev 2 Port 1 qp_num 1918 mtu 5 GID 3 (0/26FA8C0FFFF0000) ctsFifoRkey=0x189290 ctsFifoLkey=0x189290
gx10-6b41:65:75 [0] NCCL INFO NET/IB: ncclIbConnectImpl: IbDev 2 Port 1 qp_num 1918 query_ece={supported=1, vendor_id=0x15b3, options=0x30000002, comp_mask=0x0}
gx10-6b41:65:75 [0] NCCL INFO NET/IB: ncclIbConnectImpl: NCCL Dev 2 IbDev 2 Port 1 qp_num 1919 mtu 5 GID 3 (0/26FA8C0FFFF0000) ctsFifoRkey=0x189290 ctsFifoLkey=0x189290
gx10-6b41:65:75 [0] NCCL INFO NET/IB: ncclIbConnectImpl: IbDev 2 Port 1 qp_num 1919 query_ece={supported=1, vendor_id=0x15b3, options=0x30000002, comp_mask=0x0}
gx10-6b41:65:75 [0] NCCL INFO NET/IB: Subnet-aware routing: overriding dev 5 with dev 3
gx10-6b41:65:75 [0] NCCL INFO NET/IB: ncclIbReceiverQpsCreateToRts: QP created: port=1 dev=3 devName=roceP2p1s0f1 ndevs=4 nmdevs=6 qp_num=2294 pkey=0 pd=0xff88d01e0b00 oooRq=0
gx10-6b41:65:75 [0] NCCL INFO NET/IB: ncclIbReceiverQpsCreateToRts: QP created: port=1 dev=3 devName=roceP2p1s0f1 ndevs=4 nmdevs=6 qp_num=2295 pkey=0 pd=0xff88d01e0b00 oooRq=0
gx10-6b41:65:75 [0] NCCL INFO NET/IB: ncclIbReceiverQpsCreateToRts: Flush QP created: port=1 dev=3 devName=roceP2p1s0f1 ndevs=4 nmdevs=6 qp_num=2296 pkey=0 pd=0xff88d01e0b00
gx10-6b41:65:75 [0] NCCL INFO NET/IB: Subnet-aware routing: overriding dev 4 with dev 0
gx10-6b41:65:75 [0] NCCL INFO NET/IB: ncclIbResiliencyInit: Resiliency is disabled on the send communicator (comm=0xff88787a1000)
gx10-6b41:65:75 [0] NCCL INFO NET/IB: Subnet-aware routing: overriding dev 4 with dev 0
gx10-6b41:65:75 [0] NCCL INFO NET/IB: ncclIbSenderQpsToRts: Set ECE: IbDev 0 Port 1 qp_num 40680 set_ece={supported=1, vendor_id=0x15b3, options=0x30000002, comp_mask=0x0}
gx10-6b41:65:75 [0] NCCL INFO NET/IB: ncclIbSenderQpsToRts: Set ECE: IbDev 0 Port 1 qp_num 40681 set_ece={supported=1, vendor_id=0x15b3, options=0x30000002, comp_mask=0x0}
gx10-6b41:65:75 [0] NCCL INFO NET/IB: Subnet-aware routing: overriding dev 5 with dev 2
gx10-6b41:65:75 [0] NCCL INFO NET/IB: ncclIbSenderQpsToRts: Set ECE: IbDev 2 Port 1 qp_num 1918 set_ece={supported=1, vendor_id=0x15b3, options=0x30000002, comp_mask=0x0}
gx10-6b41:65:75 [0] NCCL INFO NET/IB: ncclIbSenderQpsToRts: Set ECE: IbDev 2 Port 1 qp_num 1919 set_ece={supported=1, vendor_id=0x15b3, options=0x30000002, comp_mask=0x0}
gx10-6b41:65:75 [0] NCCL INFO NET/IB: Subnet-aware routing: overriding dev 4 with dev 0
gx10-6b41:65:75 [0] NCCL INFO NET/IB: ncclIbResiliencyInit: Resiliency is disabled on the recv communicator (comm=0xff88787e2000)
gx10-6b41:65:75 [0] NCCL INFO NET/IB: ncclIbRecvCommInit: Receive work requests will be posted on-demand
gx10-6b41:65:75 [0] NCCL INFO NET/IB: Subnet-aware routing: overriding dev 4 with dev 0
gx10-6b41:65:75 [0] NCCL INFO NET/IB: Subnet-aware routing: overriding dev 5 with dev 2
gx10-6b41:65:75 [0] NCCL INFO NET/IB: ncclIbResiliencyInit: Resiliency is disabled on the send communicator (comm=0xff8878827000)
gx10-6b41:65:75 [0] NCCL INFO NET/IB: Subnet-aware routing: overriding dev 4 with dev 0
gx10-6b41:65:75 [0] NCCL INFO NET/IB: Subnet-aware routing: overriding dev 5 with dev 2
gx10-6b41:65:75 [0] NCCL INFO NET/IB: ncclIbResiliencyInit: Resiliency is disabled on the recv communicator (comm=0xff8878868000)
gx10-6b41:65:75 [0] NCCL INFO NET/IB: ncclIbRecvCommInit: Receive work requests will be posted on-demand
gx10-6b41:65:75 [0] NCCL INFO NET/IB: Subnet-aware routing: overriding dev 4 with dev 0
gx10-6b41:65:75 [0] NCCL INFO NET/IB: Subnet-aware routing: overriding dev 5 with dev 2
gx10-6b41:65:75 [0] NCCL INFO NET/IB: Subnet-aware routing: overriding dev 4 with dev 0
gx10-6b41:65:75 [0] NCCL INFO NET/IB: ncclIbResiliencyInit: Resiliency is disabled on the send communicator (comm=0xff88788ad000)
gx10-6b41:65:75 [0] NCCL INFO NET/IB: Subnet-aware routing: overriding dev 4 with dev 0
gx10-6b41:65:75 [0] NCCL INFO NET/IB: Subnet-aware routing: overriding dev 5 with dev 2
gx10-6b41:65:75 [0] NCCL INFO NET/IB: Subnet-aware routing: overriding dev 4 with dev 0
gx10-6b41:65:75 [0] NCCL INFO NET/IB: ncclIbResiliencyInit: Resiliency is disabled on the recv communicator (comm=0xff88788ee000)
gx10-6b41:65:75 [0] NCCL INFO NET/IB: ncclIbRecvCommInit: Receive work requests will be posted on-demand
gx10-6b41:65:75 [0] NCCL INFO NET/IB: Subnet-aware routing: overriding dev 4 with dev 0
gx10-6b41:65:75 [0] NCCL INFO NET/IB: ncclIbSenderQpsCreate: QP created: port=1 dev=0 devName=rocep1s0f0 ndevs=4 nmdevs=6 qp_num=40682 pkey=0 pd=0xff88d007ded0 oooRq=0
gx10-6b41:65:75 [0] NCCL INFO NET/IB: ncclIbSenderQpsCreate: QP created: port=1 dev=0 devName=rocep1s0f0 ndevs=4 nmdevs=6 qp_num=40683 pkey=0 pd=0xff88d007ded0 oooRq=0
gx10-6b41:65:75 [0] NCCL INFO NET/IB: ncclIbConnectImpl: NCCL Dev 0 IbDev 0 Port 1 qp_num 40682 mtu 5 GID 6 (0/265A8C0FFFF0000) ctsFifoRkey=0x1606c6 ctsFifoLkey=0x1606c6
gx10-6b41:65:75 [0] NCCL INFO NET/IB: ncclIbConnectImpl: IbDev 0 Port 1 qp_num 40682 query_ece={supported=1, vendor_id=0x15b3, options=0x30000002, comp_mask=0x0}
gx10-6b41:65:75 [0] NCCL INFO NET/IB: ncclIbConnectImpl: NCCL Dev 0 IbDev 0 Port 1 qp_num 40683 mtu 5 GID 6 (0/265A8C0FFFF0000) ctsFifoRkey=0x1606c6 ctsFifoLkey=0x1606c6
gx10-6b41:65:75 [0] NCCL INFO NET/IB: ncclIbConnectImpl: IbDev 0 Port 1 qp_num 40683 query_ece={supported=1, vendor_id=0x15b3, options=0x30000002, comp_mask=0x0}
gx10-6b41:65:75 [0] NCCL INFO NET/IB: Subnet-aware routing: overriding dev 4 with dev 1
gx10-6b41:65:75 [0] NCCL INFO NET/IB: ncclIbReceiverQpsCreateToRts: QP created: port=1 dev=1 devName=rocep1s0f1 ndevs=4 nmdevs=6 qp_num=39696 pkey=0 pd=0xff88d02348f0 oooRq=0
gx10-6b41:65:75 [0] NCCL INFO NET/IB: ncclIbReceiverQpsCreateToRts: QP created: port=1 dev=1 devName=rocep1s0f1 ndevs=4 nmdevs=6 qp_num=39697 pkey=0 pd=0xff88d02348f0 oooRq=0
gx10-6b41:65:75 [0] NCCL INFO NET/IB: ncclIbReceiverQpsCreateToRts: Flush QP created: port=1 dev=1 devName=rocep1s0f1 ndevs=4 nmdevs=6 qp_num=39698 pkey=0 pd=0xff88d02348f0
gx10-6b41:65:75 [0] NCCL INFO NET/IB: Subnet-aware routing: overriding dev 5 with dev 2
gx10-6b41:65:75 [0] NCCL INFO NET/IB: ncclIbSenderQpsCreate: QP created: port=1 dev=2 devName=roceP2p1s0f0 ndevs=4 nmdevs=6 qp_num=1920 pkey=0 pd=0xff88d02218d0 oooRq=0
gx10-6b41:65:75 [0] NCCL INFO NET/IB: ncclIbSenderQpsCreate: QP created: port=1 dev=2 devName=roceP2p1s0f0 ndevs=4 nmdevs=6 qp_num=1921 pkey=0 pd=0xff88d02218d0 oooRq=0
gx10-6b41:65:75 [0] NCCL INFO NET/IB: ncclIbConnectImpl: NCCL Dev 2 IbDev 2 Port 1 qp_num 1920 mtu 5 GID 3 (0/26FA8C0FFFF0000) ctsFifoRkey=0x19a7a4 ctsFifoLkey=0x19a7a4
gx10-6b41:65:75 [0] NCCL INFO NET/IB: ncclIbConnectImpl: IbDev 2 Port 1 qp_num 1920 query_ece={supported=1, vendor_id=0x15b3, options=0x30000002, comp_mask=0x0}
gx10-6b41:65:75 [0] NCCL INFO NET/IB: ncclIbConnectImpl: NCCL Dev 2 IbDev 2 Port 1 qp_num 1921 mtu 5 GID 3 (0/26FA8C0FFFF0000) ctsFifoRkey=0x19a7a4 ctsFifoLkey=0x19a7a4
gx10-6b41:65:75 [0] NCCL INFO NET/IB: ncclIbConnectImpl: IbDev 2 Port 1 qp_num 1921 query_ece={supported=1, vendor_id=0x15b3, options=0x30000002, comp_mask=0x0}
gx10-6b41:65:75 [0] NCCL INFO NET/IB: Subnet-aware routing: overriding dev 5 with dev 3
gx10-6b41:65:75 [0] NCCL INFO NET/IB: ncclIbReceiverQpsCreateToRts: QP created: port=1 dev=3 devName=roceP2p1s0f1 ndevs=4 nmdevs=6 qp_num=2297 pkey=0 pd=0xff88d01e0b00 oooRq=0
gx10-6b41:65:75 [0] NCCL INFO NET/IB: ncclIbReceiverQpsCreateToRts: QP created: port=1 dev=3 devName=roceP2p1s0f1 ndevs=4 nmdevs=6 qp_num=2298 pkey=0 pd=0xff88d01e0b00 oooRq=0
gx10-6b41:65:75 [0] NCCL INFO NET/IB: ncclIbReceiverQpsCreateToRts: Flush QP created: port=1 dev=3 devName=roceP2p1s0f1 ndevs=4 nmdevs=6 qp_num=2299 pkey=0 pd=0xff88d01e0b00
gx10-6b41:65:75 [0] NCCL INFO NET/IB: Subnet-aware routing: overriding dev 4 with dev 0
gx10-6b41:65:75 [0] NCCL INFO NET/IB: Subnet-aware routing: overriding dev 5 with dev 2
gx10-6b41:65:75 [0] NCCL INFO NET/IB: ncclIbResiliencyInit: Resiliency is disabled on the send communicator (comm=0xff8878ae3000)
gx10-6b41:65:75 [0] NCCL INFO NET/IB: Subnet-aware routing: overriding dev 4 with dev 0
gx10-6b41:65:75 [0] NCCL INFO NET/IB: ncclIbSenderQpsToRts: Set ECE: IbDev 0 Port 1 qp_num 40682 set_ece={supported=1, vendor_id=0x15b3, options=0x30000002, comp_mask=0x0}
gx10-6b41:65:75 [0] NCCL INFO NET/IB: ncclIbSenderQpsToRts: Set ECE: IbDev 0 Port 1 qp_num 40683 set_ece={supported=1, vendor_id=0x15b3, options=0x30000002, comp_mask=0x0}
gx10-6b41:65:75 [0] NCCL INFO NET/IB: Subnet-aware routing: overriding dev 5 with dev 2
gx10-6b41:65:75 [0] NCCL INFO NET/IB: ncclIbSenderQpsToRts: Set ECE: IbDev 2 Port 1 qp_num 1920 set_ece={supported=1, vendor_id=0x15b3, options=0x30000002, comp_mask=0x0}
gx10-6b41:65:75 [0] NCCL INFO NET/IB: ncclIbSenderQpsToRts: Set ECE: IbDev 2 Port 1 qp_num 1921 set_ece={supported=1, vendor_id=0x15b3, options=0x30000002, comp_mask=0x0}
gx10-6b41:65:75 [0] NCCL INFO NET/IB: Subnet-aware routing: overriding dev 4 with dev 0
gx10-6b41:65:75 [0] NCCL INFO NET/IB: ncclIbSenderQpsCreate: QP created: port=1 dev=0 devName=rocep1s0f0 ndevs=4 nmdevs=6 qp_num=40684 pkey=0 pd=0xff88d007ded0 oooRq=0
gx10-6b41:65:75 [0] NCCL INFO NET/IB: ncclIbSenderQpsCreate: QP created: port=1 dev=0 devName=rocep1s0f0 ndevs=4 nmdevs=6 qp_num=40685 pkey=0 pd=0xff88d007ded0 oooRq=0
gx10-6b41:65:75 [0] NCCL INFO NET/IB: ncclIbConnectImpl: NCCL Dev 0 IbDev 0 Port 1 qp_num 40684 mtu 5 GID 6 (0/265A8C0FFFF0000) ctsFifoRkey=0x168642 ctsFifoLkey=0x168642
gx10-6b41:65:75 [0] NCCL INFO NET/IB: ncclIbConnectImpl: IbDev 0 Port 1 qp_num 40684 query_ece={supported=1, vendor_id=0x15b3, options=0x30000002, comp_mask=0x0}
gx10-6b41:65:75 [0] NCCL INFO NET/IB: ncclIbConnectImpl: NCCL Dev 0 IbDev 0 Port 1 qp_num 40685 mtu 5 GID 6 (0/265A8C0FFFF0000) ctsFifoRkey=0x168642 ctsFifoLkey=0x168642
gx10-6b41:65:75 [0] NCCL INFO NET/IB: ncclIbConnectImpl: IbDev 0 Port 1 qp_num 40685 query_ece={supported=1, vendor_id=0x15b3, options=0x30000002, comp_mask=0x0}
gx10-6b41:65:75 [0] NCCL INFO NET/IB: Subnet-aware routing: overriding dev 4 with dev 1
gx10-6b41:65:75 [0] NCCL INFO NET/IB: ncclIbReceiverQpsCreateToRts: QP created: port=1 dev=1 devName=rocep1s0f1 ndevs=4 nmdevs=6 qp_num=39699 pkey=0 pd=0xff88d02348f0 oooRq=0
gx10-6b41:65:75 [0] NCCL INFO NET/IB: ncclIbReceiverQpsCreateToRts: QP created: port=1 dev=1 devName=rocep1s0f1 ndevs=4 nmdevs=6 qp_num=39700 pkey=0 pd=0xff88d02348f0 oooRq=0
gx10-6b41:65:75 [0] NCCL INFO NET/IB: ncclIbReceiverQpsCreateToRts: Flush QP created: port=1 dev=1 devName=rocep1s0f1 ndevs=4 nmdevs=6 qp_num=39701 pkey=0 pd=0xff88d02348f0
gx10-6b41:65:75 [0] NCCL INFO NET/IB: Subnet-aware routing: overriding dev 5 with dev 2
gx10-6b41:65:75 [0] NCCL INFO NET/IB: ncclIbResiliencyInit: Resiliency is disabled on the recv communicator (comm=0xff8878bf5000)
gx10-6b41:65:75 [0] NCCL INFO NET/IB: ncclIbRecvCommInit: Receive work requests will be posted on-demand
gx10-6b41:65:75 [0] NCCL INFO NET/IB: Subnet-aware routing: overriding dev 4 with dev 0
gx10-6b41:65:75 [0] NCCL INFO NET/IB: Subnet-aware routing: overriding dev 5 with dev 2
gx10-6b41:65:75 [0] NCCL INFO NET/IB: Subnet-aware routing: overriding dev 4 with dev 0
gx10-6b41:65:75 [0] NCCL INFO NET/IB: ncclIbResiliencyInit: Resiliency is disabled on the send communicator (comm=0xff8878c3d000)
gx10-6b41:65:75 [0] NCCL INFO NET/IB: Subnet-aware routing: overriding dev 4 with dev 0
gx10-6b41:65:75 [0] NCCL INFO NET/IB: ncclIbSenderQpsToRts: Set ECE: IbDev 0 Port 1 qp_num 40684 set_ece={supported=1, vendor_id=0x15b3, options=0x30000002, comp_mask=0x0}
gx10-6b41:65:75 [0] NCCL INFO NET/IB: ncclIbSenderQpsToRts: Set ECE: IbDev 0 Port 1 qp_num 40685 set_ece={supported=1, vendor_id=0x15b3, options=0x30000002, comp_mask=0x0}
gx10-6b41:65:75 [0] NCCL INFO NET/IB: Subnet-aware routing: overriding dev 5 with dev 2
gx10-6b41:65:75 [0] NCCL INFO NET/IB: ncclIbSenderQpsCreate: QP created: port=1 dev=2 devName=roceP2p1s0f0 ndevs=4 nmdevs=6 qp_num=1922 pkey=0 pd=0xff88d02218d0 oooRq=0
gx10-6b41:65:75 [0] NCCL INFO NET/IB: ncclIbSenderQpsCreate: QP created: port=1 dev=2 devName=roceP2p1s0f0 ndevs=4 nmdevs=6 qp_num=1923 pkey=0 pd=0xff88d02218d0 oooRq=0
gx10-6b41:65:75 [0] NCCL INFO NET/IB: ncclIbConnectImpl: NCCL Dev 2 IbDev 2 Port 1 qp_num 1922 mtu 5 GID 3 (0/26FA8C0FFFF0000) ctsFifoRkey=0x199d9b ctsFifoLkey=0x199d9b
gx10-6b41:65:75 [0] NCCL INFO NET/IB: ncclIbConnectImpl: IbDev 2 Port 1 qp_num 1922 query_ece={supported=1, vendor_id=0x15b3, options=0x30000002, comp_mask=0x0}
gx10-6b41:65:75 [0] NCCL INFO NET/IB: ncclIbConnectImpl: NCCL Dev 2 IbDev 2 Port 1 qp_num 1923 mtu 5 GID 3 (0/26FA8C0FFFF0000) ctsFifoRkey=0x199d9b ctsFifoLkey=0x199d9b
gx10-6b41:65:75 [0] NCCL INFO NET/IB: ncclIbConnectImpl: IbDev 2 Port 1 qp_num 1923 query_ece={supported=1, vendor_id=0x15b3, options=0x30000002, comp_mask=0x0}
gx10-6b41:65:75 [0] NCCL INFO NET/IB: Subnet-aware routing: overriding dev 5 with dev 3
gx10-6b41:65:75 [0] NCCL INFO NET/IB: ncclIbReceiverQpsCreateToRts: QP created: port=1 dev=3 devName=roceP2p1s0f1 ndevs=4 nmdevs=6 qp_num=2300 pkey=0 pd=0xff88d01e0b00 oooRq=0
gx10-6b41:65:75 [0] NCCL INFO NET/IB: ncclIbReceiverQpsCreateToRts: QP created: port=1 dev=3 devName=roceP2p1s0f1 ndevs=4 nmdevs=6 qp_num=2301 pkey=0 pd=0xff88d01e0b00 oooRq=0
gx10-6b41:65:75 [0] NCCL INFO NET/IB: ncclIbReceiverQpsCreateToRts: Flush QP created: port=1 dev=3 devName=roceP2p1s0f1 ndevs=4 nmdevs=6 qp_num=2302 pkey=0 pd=0xff88d01e0b00
gx10-6b41:65:75 [0] NCCL INFO NET/IB: Subnet-aware routing: overriding dev 4 with dev 0
gx10-6b41:65:75 [0] NCCL INFO NET/IB: ncclIbResiliencyInit: Resiliency is disabled on the recv communicator (comm=0xff8878d51000)
gx10-6b41:65:75 [0] NCCL INFO NET/IB: ncclIbRecvCommInit: Receive work requests will be posted on-demand
gx10-6b41:65:75 [0] NCCL INFO NET/IB: Subnet-aware routing: overriding dev 5 with dev 2
gx10-6b41:65:75 [0] NCCL INFO NET/IB: Subnet-aware routing: overriding dev 4 with dev 0
gx10-6b41:65:75 [0] NCCL INFO NET/IB: Subnet-aware routing: overriding dev 5 with dev 2
gx10-6b41:65:75 [0] NCCL INFO NET/IB: ncclIbResiliencyInit: Resiliency is disabled on the send communicator (comm=0xff8878d99000)
gx10-6b41:65:75 [0] NCCL INFO NET/IB: Subnet-aware routing: overriding dev 5 with dev 2
gx10-6b41:65:75 [0] NCCL INFO NET/IB: Subnet-aware routing: overriding dev 4 with dev 0
gx10-6b41:65:75 [0] NCCL INFO NET/IB: Subnet-aware routing: overriding dev 5 with dev 2
gx10-6b41:65:75 [0] NCCL INFO NET/IB: ncclIbResiliencyInit: Resiliency is disabled on the recv communicator (comm=0xff8878ddd000)
gx10-6b41:65:75 [0] NCCL INFO NET/IB: ncclIbRecvCommInit: Receive work requests will be posted on-demand
gx10-6b41:65:75 [0] NCCL INFO NET/IB: Subnet-aware routing: overriding dev 5 with dev 2
gx10-6b41:65:75 [0] NCCL INFO NET/IB: Subnet-aware routing: overriding dev 4 with dev 0
gx10-6b41:65:75 [0] NCCL INFO NET/IB: Subnet-aware routing: overriding dev 5 with dev 2
gx10-6b41:65:75 [0] NCCL INFO NET/IB: Subnet-aware routing: overriding dev 4 with dev 0
gx10-6b41:65:75 [0] NCCL INFO NET/IB: ncclIbResiliencyInit: Resiliency is disabled on the send communicator (comm=0xff8878e25000)
gx10-6b41:65:75 [0] NCCL INFO NET/IB: Subnet-aware routing: overriding dev 5 with dev 2
gx10-6b41:65:75 [0] NCCL INFO NET/IB: ncclIbSenderQpsToRts: Set ECE: IbDev 2 Port 1 qp_num 1922 set_ece={supported=1, vendor_id=0x15b3, options=0x30000002, comp_mask=0x0}
gx10-6b41:65:75 [0] NCCL INFO NET/IB: ncclIbSenderQpsToRts: Set ECE: IbDev 2 Port 1 qp_num 1923 set_ece={supported=1, vendor_id=0x15b3, options=0x30000002, comp_mask=0x0}
gx10-6b41:65:75 [0] NCCL INFO NET/IB: Subnet-aware routing: overriding dev 4 with dev 0
gx10-6b41:65:75 [0] NCCL INFO NET/IB: ncclIbSenderQpsCreate: QP created: port=1 dev=0 devName=rocep1s0f0 ndevs=4 nmdevs=6 qp_num=40686 pkey=0 pd=0xff88d007ded0 oooRq=0
gx10-6b41:65:75 [0] NCCL INFO NET/IB: ncclIbSenderQpsCreate: QP created: port=1 dev=0 devName=rocep1s0f0 ndevs=4 nmdevs=6 qp_num=40687 pkey=0 pd=0xff88d007ded0 oooRq=0
gx10-6b41:65:75 [0] NCCL INFO NET/IB: ncclIbConnectImpl: NCCL Dev 0 IbDev 0 Port 1 qp_num 40686 mtu 5 GID 6 (0/265A8C0FFFF0000) ctsFifoRkey=0x13c381 ctsFifoLkey=0x13c381
gx10-6b41:65:75 [0] NCCL INFO NET/IB: ncclIbConnectImpl: IbDev 0 Port 1 qp_num 40686 query_ece={supported=1, vendor_id=0x15b3, options=0x30000002, comp_mask=0x0}
gx10-6b41:65:75 [0] NCCL INFO NET/IB: ncclIbConnectImpl: NCCL Dev 0 IbDev 0 Port 1 qp_num 40687 mtu 5 GID 6 (0/265A8C0FFFF0000) ctsFifoRkey=0x13c381 ctsFifoLkey=0x13c381
gx10-6b41:65:75 [0] NCCL INFO NET/IB: ncclIbConnectImpl: IbDev 0 Port 1 qp_num 40687 query_ece={supported=1, vendor_id=0x15b3, options=0x30000002, comp_mask=0x0}
gx10-6b41:65:75 [0] NCCL INFO NET/IB: Subnet-aware routing: overriding dev 4 with dev 1
gx10-6b41:65:75 [0] NCCL INFO NET/IB: ncclIbReceiverQpsCreateToRts: QP created: port=1 dev=1 devName=rocep1s0f1 ndevs=4 nmdevs=6 qp_num=39702 pkey=0 pd=0xff88d02348f0 oooRq=0
gx10-6b41:65:75 [0] NCCL INFO NET/IB: ncclIbReceiverQpsCreateToRts: QP created: port=1 dev=1 devName=rocep1s0f1 ndevs=4 nmdevs=6 qp_num=39703 pkey=0 pd=0xff88d02348f0 oooRq=0
gx10-6b41:65:75 [0] NCCL INFO NET/IB: ncclIbReceiverQpsCreateToRts: Flush QP created: port=1 dev=1 devName=rocep1s0f1 ndevs=4 nmdevs=6 qp_num=39704 pkey=0 pd=0xff88d02348f0
gx10-6b41:65:75 [0] NCCL INFO NET/IB: Subnet-aware routing: overriding dev 5 with dev 2
gx10-6b41:65:75 [0] NCCL INFO NET/IB: ncclIbSenderQpsCreate: QP created: port=1 dev=2 devName=roceP2p1s0f0 ndevs=4 nmdevs=6 qp_num=1924 pkey=0 pd=0xff88d02218d0 oooRq=0
gx10-6b41:65:75 [0] NCCL INFO NET/IB: ncclIbSenderQpsCreate: QP created: port=1 dev=2 devName=roceP2p1s0f0 ndevs=4 nmdevs=6 qp_num=1925 pkey=0 pd=0xff88d02218d0 oooRq=0
gx10-6b41:65:75 [0] NCCL INFO NET/IB: ncclIbConnectImpl: NCCL Dev 2 IbDev 2 Port 1 qp_num 1924 mtu 5 GID 3 (0/26FA8C0FFFF0000) ctsFifoRkey=0x199492 ctsFifoLkey=0x199492
gx10-6b41:65:75 [0] NCCL INFO NET/IB: ncclIbConnectImpl: IbDev 2 Port 1 qp_num 1924 query_ece={supported=1, vendor_id=0x15b3, options=0x30000002, comp_mask=0x0}
gx10-6b41:65:75 [0] NCCL INFO NET/IB: ncclIbConnectImpl: NCCL Dev 2 IbDev 2 Port 1 qp_num 1925 mtu 5 GID 3 (0/26FA8C0FFFF0000) ctsFifoRkey=0x199492 ctsFifoLkey=0x199492
gx10-6b41:65:75 [0] NCCL INFO NET/IB: ncclIbConnectImpl: IbDev 2 Port 1 qp_num 1925 query_ece={supported=1, vendor_id=0x15b3, options=0x30000002, comp_mask=0x0}
gx10-6b41:65:75 [0] NCCL INFO NET/IB: Subnet-aware routing: overriding dev 5 with dev 3
gx10-6b41:65:75 [0] NCCL INFO NET/IB: ncclIbReceiverQpsCreateToRts: QP created: port=1 dev=3 devName=roceP2p1s0f1 ndevs=4 nmdevs=6 qp_num=2303 pkey=0 pd=0xff88d01e0b00 oooRq=0
gx10-6b41:65:75 [0] NCCL INFO NET/IB: ncclIbReceiverQpsCreateToRts: QP created: port=1 dev=3 devName=roceP2p1s0f1 ndevs=4 nmdevs=6 qp_num=2304 pkey=0 pd=0xff88d01e0b00 oooRq=0
gx10-6b41:65:75 [0] NCCL INFO NET/IB: ncclIbReceiverQpsCreateToRts: Flush QP created: port=1 dev=3 devName=roceP2p1s0f1 ndevs=4 nmdevs=6 qp_num=2305 pkey=0 pd=0xff88d01e0b00
gx10-6b41:65:75 [0] NCCL INFO NET/IB: Subnet-aware routing: overriding dev 4 with dev 0
gx10-6b41:65:75 [0] NCCL INFO NET/IB: ncclIbResiliencyInit: Resiliency is disabled on the recv communicator (comm=0xff887900f000)
gx10-6b41:65:75 [0] NCCL INFO NET/IB: ncclIbRecvCommInit: Receive work requests will be posted on-demand
gx10-6b41:65:75 [0] NCCL INFO NET/IB: Subnet-aware routing: overriding dev 4 with dev 0
gx10-6b41:65:75 [0] NCCL INFO NET/IB: ncclIbSenderQpsToRts: Set ECE: IbDev 0 Port 1 qp_num 40686 set_ece={supported=1, vendor_id=0x15b3, options=0x30000002, comp_mask=0x0}
gx10-6b41:65:75 [0] NCCL INFO NET/IB: ncclIbSenderQpsToRts: Set ECE: IbDev 0 Port 1 qp_num 40687 set_ece={supported=1, vendor_id=0x15b3, options=0x30000002, comp_mask=0x0}
gx10-6b41:65:75 [0] NCCL INFO NET/IB: Subnet-aware routing: overriding dev 5 with dev 2
gx10-6b41:65:75 [0] NCCL INFO NET/IB: ncclIbSenderQpsToRts: Set ECE: IbDev 2 Port 1 qp_num 1924 set_ece={supported=1, vendor_id=0x15b3, options=0x30000002, comp_mask=0x0}
gx10-6b41:65:75 [0] NCCL INFO NET/IB: ncclIbSenderQpsToRts: Set ECE: IbDev 2 Port 1 qp_num 1925 set_ece={supported=1, vendor_id=0x15b3, options=0x30000002, comp_mask=0x0}
gx10-6b41:65:75 [0] NCCL INFO NET/IB: Subnet-aware routing: overriding dev 4 with dev 0
gx10-6b41:65:75 [0] NCCL INFO NET/IB: ncclIbSenderQpsCreate: QP created: port=1 dev=0 devName=rocep1s0f0 ndevs=4 nmdevs=6 qp_num=40688 pkey=0 pd=0xff88d007ded0 oooRq=0
gx10-6b41:65:75 [0] NCCL INFO NET/IB: ncclIbSenderQpsCreate: QP created: port=1 dev=0 devName=rocep1s0f0 ndevs=4 nmdevs=6 qp_num=40689 pkey=0 pd=0xff88d007ded0 oooRq=0
gx10-6b41:65:75 [0] NCCL INFO NET/IB: ncclIbConnectImpl: NCCL Dev 0 IbDev 0 Port 1 qp_num 40688 mtu 5 GID 6 (0/265A8C0FFFF0000) ctsFifoRkey=0x16db96 ctsFifoLkey=0x16db96
gx10-6b41:65:75 [0] NCCL INFO NET/IB: ncclIbConnectImpl: IbDev 0 Port 1 qp_num 40688 query_ece={supported=1, vendor_id=0x15b3, options=0x30000002, comp_mask=0x0}
gx10-6b41:65:75 [0] NCCL INFO NET/IB: ncclIbConnectImpl: NCCL Dev 0 IbDev 0 Port 1 qp_num 40689 mtu 5 GID 6 (0/265A8C0FFFF0000) ctsFifoRkey=0x16db96 ctsFifoLkey=0x16db96
gx10-6b41:65:75 [0] NCCL INFO NET/IB: ncclIbConnectImpl: IbDev 0 Port 1 qp_num 40689 query_ece={supported=1, vendor_id=0x15b3, options=0x30000002, comp_mask=0x0}
gx10-6b41:65:75 [0] NCCL INFO NET/IB: Subnet-aware routing: overriding dev 4 with dev 1
gx10-6b41:65:75 [0] NCCL INFO NET/IB: ncclIbReceiverQpsCreateToRts: QP created: port=1 dev=1 devName=rocep1s0f1 ndevs=4 nmdevs=6 qp_num=39705 pkey=0 pd=0xff88d02348f0 oooRq=0
gx10-6b41:65:75 [0] NCCL INFO NET/IB: ncclIbReceiverQpsCreateToRts: QP created: port=1 dev=1 devName=rocep1s0f1 ndevs=4 nmdevs=6 qp_num=39706 pkey=0 pd=0xff88d02348f0 oooRq=0
gx10-6b41:65:75 [0] NCCL INFO NET/IB: ncclIbReceiverQpsCreateToRts: Flush QP created: port=1 dev=1 devName=rocep1s0f1 ndevs=4 nmdevs=6 qp_num=39707 pkey=0 pd=0xff88d02348f0
gx10-6b41:65:75 [0] NCCL INFO NET/IB: Subnet-aware routing: overriding dev 5 with dev 2
gx10-6b41:65:75 [0] NCCL INFO NET/IB: ncclIbResiliencyInit: Resiliency is disabled on the send communicator (comm=0xff8879121000)
gx10-6b41:65:75 [0] NCCL INFO NET/IB: Subnet-aware routing: overriding dev 4 with dev 0
gx10-6b41:65:75 [0] NCCL INFO NET/IB: ncclIbSenderQpsToRts: Set ECE: IbDev 0 Port 1 qp_num 40688 set_ece={supported=1, vendor_id=0x15b3, options=0x30000002, comp_mask=0x0}
gx10-6b41:65:75 [0] NCCL INFO NET/IB: ncclIbSenderQpsToRts: Set ECE: IbDev 0 Port 1 qp_num 40689 set_ece={supported=1, vendor_id=0x15b3, options=0x30000002, comp_mask=0x0}
gx10-6b41:65:75 [0] NCCL INFO NET/IB: Subnet-aware routing: overriding dev 5 with dev 2
gx10-6b41:65:75 [0] NCCL INFO NET/IB: ncclIbResiliencyInit: Resiliency is disabled on the recv communicator (comm=0xff8879162000)
gx10-6b41:65:75 [0] NCCL INFO NET/IB: ncclIbRecvCommInit: Receive work requests will be posted on-demand
gx10-6b41:65:75 [0] NCCL INFO NET/IB: Subnet-aware routing: overriding dev 5 with dev 2
gx10-6b41:65:75 [0] NCCL INFO NET/IB: Subnet-aware routing: overriding dev 4 with dev 0
gx10-6b41:65:75 [0] NCCL INFO NET/IB: ncclIbResiliencyInit: Resiliency is disabled on the send communicator (comm=0xff88791aa000)
gx10-6b41:65:75 [0] NCCL INFO NET/IB: Subnet-aware routing: overriding dev 5 with dev 2
gx10-6b41:65:75 [0] NCCL INFO NET/IB: Subnet-aware routing: overriding dev 4 with dev 0
gx10-6b41:65:75 [0] NCCL INFO NET/IB: ncclIbResiliencyInit: Resiliency is disabled on the recv communicator (comm=0xff88791eb000)
gx10-6b41:65:75 [0] NCCL INFO NET/IB: ncclIbRecvCommInit: Receive work requests will be posted on-demand
gx10-6b41:65:75 [0] NCCL INFO NET/IB: Subnet-aware routing: overriding dev 5 with dev 2
gx10-6b41:65:75 [0] NCCL INFO NET/IB: Subnet-aware routing: overriding dev 5 with dev 3
gx10-6b41:65:75 [0] NCCL INFO NET/IB: ncclIbReceiverQpsCreateToRts: QP created: port=1 dev=3 devName=roceP2p1s0f1 ndevs=4 nmdevs=6 qp_num=2306 pkey=0 pd=0xff88d01e0b00 oooRq=0
gx10-6b41:65:75 [0] NCCL INFO NET/IB: ncclIbReceiverQpsCreateToRts: QP created: port=1 dev=3 devName=roceP2p1s0f1 ndevs=4 nmdevs=6 qp_num=2307 pkey=0 pd=0xff88d01e0b00 oooRq=0
gx10-6b41:65:75 [0] NCCL INFO NET/IB: ncclIbReceiverQpsCreateToRts: Flush QP created: port=1 dev=3 devName=roceP2p1s0f1 ndevs=4 nmdevs=6 qp_num=2308 pkey=0 pd=0xff88d01e0b00
gx10-6b41:65:75 [0] NCCL INFO NET/IB: Subnet-aware routing: overriding dev 4 with dev 0
gx10-6b41:65:75 [0] NCCL INFO NET/IB: ncclIbSenderQpsCreate: QP created: port=1 dev=0 devName=rocep1s0f0 ndevs=4 nmdevs=6 qp_num=40690 pkey=0 pd=0xff88d007ded0 oooRq=0
gx10-6b41:65:75 [0] NCCL INFO NET/IB: ncclIbSenderQpsCreate: QP created: port=1 dev=0 devName=rocep1s0f0 ndevs=4 nmdevs=6 qp_num=40691 pkey=0 pd=0xff88d007ded0 oooRq=0
gx10-6b41:65:75 [0] NCCL INFO NET/IB: ncclIbConnectImpl: NCCL Dev 0 IbDev 0 Port 1 qp_num 40690 mtu 5 GID 6 (0/265A8C0FFFF0000) ctsFifoRkey=0x152ff0 ctsFifoLkey=0x152ff0
gx10-6b41:65:75 [0] NCCL INFO NET/IB: ncclIbConnectImpl: IbDev 0 Port 1 qp_num 40690 query_ece={supported=1, vendor_id=0x15b3, options=0x30000002, comp_mask=0x0}
gx10-6b41:65:75 [0] NCCL INFO NET/IB: ncclIbConnectImpl: NCCL Dev 0 IbDev 0 Port 1 qp_num 40691 mtu 5 GID 6 (0/265A8C0FFFF0000) ctsFifoRkey=0x152ff0 ctsFifoLkey=0x152ff0
gx10-6b41:65:75 [0] NCCL INFO NET/IB: ncclIbConnectImpl: IbDev 0 Port 1 qp_num 40691 query_ece={supported=1, vendor_id=0x15b3, options=0x30000002, comp_mask=0x0}
gx10-6b41:65:75 [0] NCCL INFO NET/IB: Subnet-aware routing: overriding dev 4 with dev 1
gx10-6b41:65:75 [0] NCCL INFO NET/IB: ncclIbReceiverQpsCreateToRts: QP created: port=1 dev=1 devName=rocep1s0f1 ndevs=4 nmdevs=6 qp_num=39708 pkey=0 pd=0xff88d02348f0 oooRq=0
gx10-6b41:65:75 [0] NCCL INFO NET/IB: ncclIbReceiverQpsCreateToRts: QP created: port=1 dev=1 devName=rocep1s0f1 ndevs=4 nmdevs=6 qp_num=39709 pkey=0 pd=0xff88d02348f0 oooRq=0
gx10-6b41:65:75 [0] NCCL INFO NET/IB: ncclIbReceiverQpsCreateToRts: Flush QP created: port=1 dev=1 devName=rocep1s0f1 ndevs=4 nmdevs=6 qp_num=39710 pkey=0 pd=0xff88d02348f0
gx10-6b41:65:75 [0] NCCL INFO NET/IB: Subnet-aware routing: overriding dev 5 with dev 2
gx10-6b41:65:75 [0] NCCL INFO NET/IB: ncclIbResiliencyInit: Resiliency is disabled on the send communicator (comm=0xff8879383000)
gx10-6b41:65:75 [0] NCCL INFO NET/IB: Subnet-aware routing: overriding dev 5 with dev 2
gx10-6b41:65:75 [0] NCCL INFO NET/IB: ncclIbSenderQpsCreate: QP created: port=1 dev=2 devName=roceP2p1s0f0 ndevs=4 nmdevs=6 qp_num=1926 pkey=0 pd=0xff88d02218d0 oooRq=0
gx10-6b41:65:75 [0] NCCL INFO NET/IB: ncclIbSenderQpsCreate: QP created: port=1 dev=2 devName=roceP2p1s0f0 ndevs=4 nmdevs=6 qp_num=1927 pkey=0 pd=0xff88d02218d0 oooRq=0
gx10-6b41:65:75 [0] NCCL INFO NET/IB: ncclIbConnectImpl: NCCL Dev 2 IbDev 2 Port 1 qp_num 1926 mtu 5 GID 3 (0/26FA8C0FFFF0000) ctsFifoRkey=0x198b89 ctsFifoLkey=0x198b89
gx10-6b41:65:75 [0] NCCL INFO NET/IB: ncclIbConnectImpl: IbDev 2 Port 1 qp_num 1926 query_ece={supported=1, vendor_id=0x15b3, options=0x30000002, comp_mask=0x0}
gx10-6b41:65:75 [0] NCCL INFO NET/IB: ncclIbConnectImpl: NCCL Dev 2 IbDev 2 Port 1 qp_num 1927 mtu 5 GID 3 (0/26FA8C0FFFF0000) ctsFifoRkey=0x198b89 ctsFifoLkey=0x198b89
gx10-6b41:65:75 [0] NCCL INFO NET/IB: ncclIbConnectImpl: IbDev 2 Port 1 qp_num 1927 query_ece={supported=1, vendor_id=0x15b3, options=0x30000002, comp_mask=0x0}
gx10-6b41:65:75 [0] NCCL INFO NET/IB: Subnet-aware routing: overriding dev 4 with dev 0
gx10-6b41:65:75 [0] NCCL INFO NET/IB: ncclIbSenderQpsToRts: Set ECE: IbDev 0 Port 1 qp_num 40690 set_ece={supported=1, vendor_id=0x15b3, options=0x30000002, comp_mask=0x0}
gx10-6b41:65:75 [0] NCCL INFO NET/IB: ncclIbSenderQpsToRts: Set ECE: IbDev 0 Port 1 qp_num 40691 set_ece={supported=1, vendor_id=0x15b3, options=0x30000002, comp_mask=0x0}
gx10-6b41:65:75 [0] NCCL INFO NET/IB: Subnet-aware routing: overriding dev 5 with dev 2
gx10-6b41:65:75 [0] NCCL INFO NET/IB: ncclIbResiliencyInit: Resiliency is disabled on the recv communicator (comm=0xff887941f000)
gx10-6b41:65:75 [0] NCCL INFO NET/IB: ncclIbRecvCommInit: Receive work requests will be posted on-demand
gx10-6b41:65:75 [0] NCCL INFO NET/IB: Subnet-aware routing: overriding dev 5 with dev 2
gx10-6b41:65:75 [0] NCCL INFO NET/IB: Subnet-aware routing: overriding dev 5 with dev 2
gx10-6b41:65:75 [0] NCCL INFO NET/IB: ncclIbSenderQpsCreate: QP created: port=1 dev=2 devName=roceP2p1s0f0 ndevs=4 nmdevs=6 qp_num=1928 pkey=0 pd=0xff88d02218d0 oooRq=0
gx10-6b41:65:75 [0] NCCL INFO NET/IB: ncclIbSenderQpsCreate: QP created: port=1 dev=2 devName=roceP2p1s0f0 ndevs=4 nmdevs=6 qp_num=1929 pkey=0 pd=0xff88d02218d0 oooRq=0
gx10-6b41:65:75 [0] NCCL INFO NET/IB: ncclIbConnectImpl: NCCL Dev 2 IbDev 2 Port 1 qp_num 1928 mtu 5 GID 3 (0/26FA8C0FFFF0000) ctsFifoRkey=0x19d8d0 ctsFifoLkey=0x19d8d0
gx10-6b41:65:75 [0] NCCL INFO NET/IB: ncclIbConnectImpl: IbDev 2 Port 1 qp_num 1928 query_ece={supported=1, vendor_id=0x15b3, options=0x30000002, comp_mask=0x0}
gx10-6b41:65:75 [0] NCCL INFO NET/IB: ncclIbConnectImpl: NCCL Dev 2 IbDev 2 Port 1 qp_num 1929 mtu 5 GID 3 (0/26FA8C0FFFF0000) ctsFifoRkey=0x19d8d0 ctsFifoLkey=0x19d8d0
gx10-6b41:65:75 [0] NCCL INFO NET/IB: ncclIbConnectImpl: IbDev 2 Port 1 qp_num 1929 query_ece={supported=1, vendor_id=0x15b3, options=0x30000002, comp_mask=0x0}
gx10-6b41:65:75 [0] NCCL INFO NET/IB: Subnet-aware routing: overriding dev 5 with dev 3
gx10-6b41:65:75 [0] NCCL INFO NET/IB: ncclIbReceiverQpsCreateToRts: QP created: port=1 dev=3 devName=roceP2p1s0f1 ndevs=4 nmdevs=6 qp_num=2309 pkey=0 pd=0xff88d01e0b00 oooRq=0
gx10-6b41:65:75 [0] NCCL INFO NET/IB: ncclIbReceiverQpsCreateToRts: QP created: port=1 dev=3 devName=roceP2p1s0f1 ndevs=4 nmdevs=6 qp_num=2310 pkey=0 pd=0xff88d01e0b00 oooRq=0
gx10-6b41:65:75 [0] NCCL INFO NET/IB: ncclIbReceiverQpsCreateToRts: Flush QP created: port=1 dev=3 devName=roceP2p1s0f1 ndevs=4 nmdevs=6 qp_num=2311 pkey=0 pd=0xff88d01e0b00
gx10-6b41:65:75 [0] NCCL INFO NET/IB: Subnet-aware routing: overriding dev 4 with dev 0
gx10-6b41:65:75 [0] NCCL INFO NET/IB: ncclIbResiliencyInit: Resiliency is disabled on the send communicator (comm=0xff8879537000)
gx10-6b41:65:75 [0] NCCL INFO NET/IB: Subnet-aware routing: overriding dev 5 with dev 2
gx10-6b41:65:75 [0] NCCL INFO NET/IB: ncclIbSenderQpsToRts: Set ECE: IbDev 2 Port 1 qp_num 1926 set_ece={supported=1, vendor_id=0x15b3, options=0x30000002, comp_mask=0x0}
gx10-6b41:65:75 [0] NCCL INFO NET/IB: ncclIbSenderQpsToRts: Set ECE: IbDev 2 Port 1 qp_num 1927 set_ece={supported=1, vendor_id=0x15b3, options=0x30000002, comp_mask=0x0}
gx10-6b41:65:75 [0] NCCL INFO NET/IB: Subnet-aware routing: overriding dev 5 with dev 2
gx10-6b41:65:75 [0] NCCL INFO NET/IB: ncclIbSenderQpsToRts: Set ECE: IbDev 2 Port 1 qp_num 1928 set_ece={supported=1, vendor_id=0x15b3, options=0x30000002, comp_mask=0x0}
gx10-6b41:65:75 [0] NCCL INFO NET/IB: ncclIbSenderQpsToRts: Set ECE: IbDev 2 Port 1 qp_num 1929 set_ece={supported=1, vendor_id=0x15b3, options=0x30000002, comp_mask=0x0}
gx10-6b41:65:75 [0] NCCL INFO NET/IB: Subnet-aware routing: overriding dev 4 with dev 0
gx10-6b41:65:75 [0] NCCL INFO NET/IB: ncclIbResiliencyInit: Resiliency is disabled on the recv communicator (comm=0xff8879578000)
gx10-6b41:65:75 [0] NCCL INFO NET/IB: ncclIbRecvCommInit: Receive work requests will be posted on-demand
gx10-6b41:65:75 [0] NCCL INFO NET/IB: Subnet-aware routing: overriding dev 4 with dev 0
gx10-6b41:65:75 [0] NCCL INFO NET/IB: Subnet-aware routing: overriding dev 5 with dev 2
gx10-6b41:65:75 [0] NCCL INFO NET/IB: ncclIbResiliencyInit: Resiliency is disabled on the send communicator (comm=0xff88795bd000)
gx10-6b41:65:75 [0] NCCL INFO NET/IB: Subnet-aware routing: overriding dev 4 with dev 0
gx10-6b41:65:75 [0] NCCL INFO NET/IB: Subnet-aware routing: overriding dev 5 with dev 2
gx10-6b41:65:75 [0] NCCL INFO NET/IB: ncclIbResiliencyInit: Resiliency is disabled on the recv communicator (comm=0xff88795fe000)
gx10-6b41:65:75 [0] NCCL INFO NET/IB: ncclIbRecvCommInit: Receive work requests will be posted on-demand
gx10-6b41:65:75 [0] NCCL INFO NET/IB: Subnet-aware routing: overriding dev 4 with dev 0
gx10-6b41:65:75 [0] NCCL INFO NET/IB: Subnet-aware routing: overriding dev 5 with dev 2
gx10-6b41:65:75 [0] NCCL INFO NET/IB: Subnet-aware routing: overriding dev 4 with dev 0
gx10-6b41:65:75 [0] NCCL INFO NET/IB: Subnet-aware routing: overriding dev 5 with dev 2
gx10-6b41:65:75 [0] NCCL INFO NET/IB: Subnet-aware routing: overriding dev 4 with dev 0
gx10-6b41:65:75 [0] NCCL INFO NET/IB: Subnet-aware routing: overriding dev 5 with dev 2
gx10-6b41:65:75 [0] NCCL INFO NET/IB: Subnet-aware routing: overriding dev 4 with dev 0
gx10-6b41:65:75 [0] NCCL INFO NET/IB: Subnet-aware routing: overriding dev 5 with dev 2
gx10-6b41:65:75 [0] NCCL INFO NET/IB: ncclIbSenderQpsCreate: QP created: port=1 dev=2 devName=roceP2p1s0f0 ndevs=4 nmdevs=6 qp_num=1930 pkey=0 pd=0xff88d02218d0 oooRq=0
gx10-6b41:65:75 [0] NCCL INFO NET/IB: ncclIbSenderQpsCreate: QP created: port=1 dev=2 devName=roceP2p1s0f0 ndevs=4 nmdevs=6 qp_num=1931 pkey=0 pd=0xff88d02218d0 oooRq=0
gx10-6b41:65:75 [0] NCCL INFO NET/IB: ncclIbConnectImpl: NCCL Dev 2 IbDev 2 Port 1 qp_num 1930 mtu 5 GID 3 (0/26FA8C0FFFF0000) ctsFifoRkey=0x19b1ae ctsFifoLkey=0x19b1ae
gx10-6b41:65:75 [0] NCCL INFO NET/IB: ncclIbConnectImpl: IbDev 2 Port 1 qp_num 1930 query_ece={supported=1, vendor_id=0x15b3, options=0x30000002, comp_mask=0x0}
gx10-6b41:65:75 [0] NCCL INFO NET/IB: ncclIbConnectImpl: NCCL Dev 2 IbDev 2 Port 1 qp_num 1931 mtu 5 GID 3 (0/26FA8C0FFFF0000) ctsFifoRkey=0x19b1ae ctsFifoLkey=0x19b1ae
gx10-6b41:65:75 [0] NCCL INFO NET/IB: ncclIbConnectImpl: IbDev 2 Port 1 qp_num 1931 query_ece={supported=1, vendor_id=0x15b3, options=0x30000002, comp_mask=0x0}
gx10-6b41:65:75 [0] NCCL INFO NET/IB: Subnet-aware routing: overriding dev 4 with dev 0
gx10-6b41:65:75 [0] NCCL INFO NET/IB: ncclIbSenderQpsCreate: QP created: port=1 dev=0 devName=rocep1s0f0 ndevs=4 nmdevs=6 qp_num=40692 pkey=0 pd=0xff88d007ded0 oooRq=0
gx10-6b41:65:75 [0] NCCL INFO NET/IB: ncclIbSenderQpsCreate: QP created: port=1 dev=0 devName=rocep1s0f0 ndevs=4 nmdevs=6 qp_num=40693 pkey=0 pd=0xff88d007ded0 oooRq=0
gx10-6b41:65:75 [0] NCCL INFO NET/IB: ncclIbConnectImpl: NCCL Dev 0 IbDev 0 Port 1 qp_num 40692 mtu 5 GID 6 (0/265A8C0FFFF0000) ctsFifoRkey=0x1727e5 ctsFifoLkey=0x1727e5
gx10-6b41:65:75 [0] NCCL INFO NET/IB: ncclIbConnectImpl: IbDev 0 Port 1 qp_num 40692 query_ece={supported=1, vendor_id=0x15b3, options=0x30000002, comp_mask=0x0}
gx10-6b41:65:75 [0] NCCL INFO NET/IB: ncclIbConnectImpl: NCCL Dev 0 IbDev 0 Port 1 qp_num 40693 mtu 5 GID 6 (0/265A8C0FFFF0000) ctsFifoRkey=0x1727e5 ctsFifoLkey=0x1727e5
gx10-6b41:65:75 [0] NCCL INFO NET/IB: ncclIbConnectImpl: IbDev 0 Port 1 qp_num 40693 query_ece={supported=1, vendor_id=0x15b3, options=0x30000002, comp_mask=0x0}
gx10-6b41:65:75 [0] NCCL INFO NET/IB: Subnet-aware routing: overriding dev 5 with dev 2
gx10-6b41:65:75 [0] NCCL INFO NET/IB: Subnet-aware routing: overriding dev 4 with dev 0
gx10-6b41:65:75 [0] NCCL INFO NET/IB: Subnet-aware routing: overriding dev 4 with dev 1
gx10-6b41:65:75 [0] NCCL INFO NET/IB: ncclIbReceiverQpsCreateToRts: QP created: port=1 dev=1 devName=rocep1s0f1 ndevs=4 nmdevs=6 qp_num=39711 pkey=0 pd=0xff88d02348f0 oooRq=0
gx10-6b41:65:75 [0] NCCL INFO NET/IB: ncclIbReceiverQpsCreateToRts: QP created: port=1 dev=1 devName=rocep1s0f1 ndevs=4 nmdevs=6 qp_num=39712 pkey=0 pd=0xff88d02348f0 oooRq=0
gx10-6b41:65:75 [0] NCCL INFO NET/IB: ncclIbReceiverQpsCreateToRts: Flush QP created: port=1 dev=1 devName=rocep1s0f1 ndevs=4 nmdevs=6 qp_num=39713 pkey=0 pd=0xff88d02348f0
gx10-6b41:65:75 [0] NCCL INFO NET/IB: Subnet-aware routing: overriding dev 5 with dev 2
gx10-6b41:65:75 [0] NCCL INFO NET/IB: ncclIbSenderQpsToRts: Set ECE: IbDev 2 Port 1 qp_num 1930 set_ece={supported=1, vendor_id=0x15b3, options=0x30000002, comp_mask=0x0}
gx10-6b41:65:75 [0] NCCL INFO NET/IB: ncclIbSenderQpsToRts: Set ECE: IbDev 2 Port 1 qp_num 1931 set_ece={supported=1, vendor_id=0x15b3, options=0x30000002, comp_mask=0x0}
gx10-6b41:65:75 [0] NCCL INFO NET/IB: Subnet-aware routing: overriding dev 5 with dev 3
gx10-6b41:65:75 [0] NCCL INFO NET/IB: ncclIbReceiverQpsCreateToRts: QP created: port=1 dev=3 devName=roceP2p1s0f1 ndevs=4 nmdevs=6 qp_num=2312 pkey=0 pd=0xff88d01e0b00 oooRq=0
gx10-6b41:65:75 [0] NCCL INFO NET/IB: ncclIbReceiverQpsCreateToRts: QP created: port=1 dev=3 devName=roceP2p1s0f1 ndevs=4 nmdevs=6 qp_num=2313 pkey=0 pd=0xff88d01e0b00 oooRq=0
gx10-6b41:65:75 [0] NCCL INFO NET/IB: ncclIbReceiverQpsCreateToRts: Flush QP created: port=1 dev=3 devName=roceP2p1s0f1 ndevs=4 nmdevs=6 qp_num=2314 pkey=0 pd=0xff88d01e0b00
gx10-6b41:65:75 [0] NCCL INFO NET/IB: Subnet-aware routing: overriding dev 4 with dev 0
gx10-6b41:65:75 [0] NCCL INFO NET/IB: ncclIbSenderQpsToRts: Set ECE: IbDev 0 Port 1 qp_num 40692 set_ece={supported=1, vendor_id=0x15b3, options=0x30000002, comp_mask=0x0}
gx10-6b41:65:75 [0] NCCL INFO NET/IB: ncclIbSenderQpsToRts: Set ECE: IbDev 0 Port 1 qp_num 40693 set_ece={supported=1, vendor_id=0x15b3, options=0x30000002, comp_mask=0x0}
gx10-6b41:65:65 [0] NCCL INFO Connected all rings, use ring PXN 0 GDR 0
