########## NCCL_DEBUG from sparkmain ##########
spark-5fa1:60:60 [0] NCCL INFO ncclOsDlopen(libnccl-env.so) failed: libnccl-env.so: cannot open shared object file: No such file or directory
spark-5fa1:60:60 [0] NCCL INFO ENV/Plugin: Could not find: libnccl-env.so
spark-5fa1:60:60 [0] NCCL INFO NCCL_SOCKET_IFNAME set by environment to wlP9s9
spark-5fa1:60:60 [0] NCCL INFO NCCL_SOCKET_IFNAME set to wlP9s9
spark-5fa1:60:64 [0] NCCL INFO Socket handshake magic 0x564ab9f2fc4b9d6c (built-in default)
spark-5fa1:60:60 [0] NCCL INFO cudaDriverVersion 13000
spark-5fa1:60:60 [0] NCCL INFO NCCL version 2.30.7+cuda13.3
spark-5fa1:60:60 [0] NCCL INFO NCCL git version HEAD a5187fa2e
spark-5fa1:60:60 [0] NCCL INFO Comm config nvlinkCentricSched set to 1
spark-5fa1:60:60 [0] NCCL INFO NCCL_NET_PLUGIN set by environment to none
spark-5fa1:60:60 [0] NCCL INFO NCCL_IB_DISABLE set by environment to 0.
spark-5fa1:60:60 [0] NCCL INFO dlvsym failed on mlx5dv_get_data_direct_sysfs_path - /lib/aarch64-linux-gnu/libmlx5.so: undefined symbol: mlx5dv_get_data_direct_sysfs_path, version MLX5_1.25 version MLX5_1.25
spark-5fa1:60:60 [0] NCCL INFO dlvsym failed on mlx5dv_reg_dmabuf_mr - /lib/aarch64-linux-gnu/libmlx5.so: undefined symbol: mlx5dv_reg_dmabuf_mr, version MLX5_1.25 version MLX5_1.25
spark-5fa1:60:60 [0] NCCL INFO NCCL_SOCKET_IFNAME set by environment to wlP9s9
spark-5fa1:60:60 [0] NCCL INFO NCCL_IB_HCA set to =rocep1s0f0,roceP2p1s0f0,rocep1s0f1,roceP2p1s0f1
spark-5fa1:60:60 [0] NCCL INFO NET/IB: [0] rocep1s0f0:uverbs0:1/RoCE provider=Mlx5 speed=200000 context=0xaf9f1f0b0800 pciPath=/sys/devices/pci0000:00/0000:00:00.0/0000:01:00.0 ar=0 oooRqSize=0
spark-5fa1:60:60 [0] NCCL INFO NET/IB: [1] rocep1s0f1:uverbs1:1/RoCE provider=Mlx5 speed=200000 context=0xaf9f1f0f1e50 pciPath=/sys/devices/pci0000:00/0000:00:00.0/0000:01:00.0 ar=0 oooRqSize=0
spark-5fa1:60:60 [0] NCCL INFO NET/IB: [2] roceP2p1s0f0:uverbs2:1/RoCE provider=Mlx5 speed=200000 context=0xaf9f1f1334a0 pciPath=/sys/devices/pci0002:00/0002:00:00.0/0002:01:00.0 ar=0 oooRqSize=0
spark-5fa1:60:60 [0] NCCL INFO NET/IB: [3] roceP2p1s0f1:uverbs3:1/RoCE provider=Mlx5 speed=200000 context=0xaf9f1f174af0 pciPath=/sys/devices/pci0002:00/0002:00:00.0/0002:01:00.0 ar=0 oooRqSize=0
spark-5fa1:60:60 [0] NCCL INFO NCCL_IB_MERGE_NICS set by environment to 0.
spark-5fa1:60:60 [0] NCCL INFO NET/IB : Made virtual device [0] name=rocep1s0f0 speed=200000 ndevs=1 rail=-1 plane=-1
spark-5fa1:60:60 [0] NCCL INFO NET/IB : Made virtual device [1] name=rocep1s0f1 speed=200000 ndevs=1 rail=-1 plane=-1
spark-5fa1:60:60 [0] NCCL INFO NET/IB : Made virtual device [2] name=roceP2p1s0f0 speed=200000 ndevs=1 rail=-1 plane=-1
spark-5fa1:60:60 [0] NCCL INFO NET/IB : Made virtual device [3] name=roceP2p1s0f1 speed=200000 ndevs=1 rail=-1 plane=-1
spark-5fa1:60:60 [0] NCCL INFO NET/IB : Using [0]rocep1s0f0:1/RoCE [1]rocep1s0f1:1/RoCE [2]roceP2p1s0f0:1/RoCE [3]roceP2p1s0f1:1/RoCE [RO]; OOB wlP9s9:192.168.1.223<0>
spark-5fa1:60:60 [0] NCCL INFO Initialized NET plugin IB
spark-5fa1:60:60 [0] NCCL INFO Assigned NET plugin IB to comm
spark-5fa1:60:60 [0] NCCL INFO ncclOsDlopen(libnccl-rma.so) failed: libnccl-rma.so: cannot open shared object file: No such file or directory
spark-5fa1:60:60 [0] NCCL INFO RMA/Plugin: Could not find: libnccl-rma.so
spark-5fa1:60:60 [0] NCCL INFO RMA/Plugin: Failed to load external plugin libnccl-rma.so, dlHandle: (nil), ncclRma: (nil)
spark-5fa1:60:60 [0] NCCL INFO RMA/Plugin: Assigned plugin RMA_IB_PROXY to comm
spark-5fa1:60:60 [0] NCCL INFO ncclOsDlopen(libnccl-gin.so) failed: libnccl-gin.so: cannot open shared object file: No such file or directory
spark-5fa1:60:60 [0] NCCL INFO GIN/Plugin: Could not find: libnccl-gin.so
spark-5fa1:60:60 [0] NCCL INFO GIN/Plugin: Failed to load external plugin libnccl-gin.so, dlHandle: (nil), ncclGin: (nil)
spark-5fa1:60:60 [0] NCCL INFO GIN/Plugin: Assigned plugin GIN_IB_GDAKI type 3 to comm
spark-5fa1:60:60 [0] NCCL INFO Using network IB
spark-5fa1:60:60 [0] NCCL INFO Loaded NVML from libnvidia-ml.so.1
spark-5fa1:60:60 [0] NCCL INFO [Rank 0] ncclCommInitRankConfig comm 0xaf9f1c5fc330 rank 0 nranks 3 cudaDev 0 nvmlDev 0 busId f01000 commId 0xdb141b70f6210ee8 - Init START
spark-5fa1:60:60 [0] NCCL INFO RAS client listening socket at 127.0.0.1<28028>
spark-5fa1:60:60 [0] NCCL INFO Topology detection: could not read /sys/devices/system/node/node4294967295/cpumap, using empty affinity
spark-5fa1:60:60 [0] NCCL INFO TOPO/NET : Importing network plugins to topology
spark-5fa1:60:60 [0] NCCL INFO NET/GIN_IB_GDAKI : GPU Direct RDMA Disabled for HCA 0 'rocep1s0f0'
spark-5fa1:60:60 [0] NCCL INFO ncclTopoPopulateNics : Filled rocep1s0f0 in topo with pciPath=/sys/devices/pci0000:00/0000:00:00.0/0000:01:00.0 net=0 gin=1 rma=(null) keep=1 coll=(null) rail=-1 plane=-1
spark-5fa1:60:60 [0] NCCL INFO NET/GIN_IB_GDAKI : GPU Direct RDMA Disabled for HCA 1 'rocep1s0f1'
spark-5fa1:60:60 [0] NCCL INFO ncclTopoPopulateNics : Filled rocep1s0f1 in topo with pciPath=/sys/devices/pci0000:00/0000:00:00.0/0000:01:00.0 net=0 gin=1 rma=(null) keep=1 coll=(null) rail=-1 plane=-1
spark-5fa1:60:60 [0] NCCL INFO NET/GIN_IB_GDAKI : GPU Direct RDMA Disabled for HCA 2 'roceP2p1s0f0'
spark-5fa1:60:60 [0] NCCL INFO ncclTopoPopulateNics : Filled roceP2p1s0f0 in topo with pciPath=/sys/devices/pci0002:00/0002:00:00.0/0002:01:00.0 net=0 gin=1 rma=(null) keep=1 coll=(null) rail=-1 plane=-1
spark-5fa1:60:60 [0] NCCL INFO NET/GIN_IB_GDAKI : GPU Direct RDMA Disabled for HCA 3 'roceP2p1s0f1'
spark-5fa1:60:60 [0] NCCL INFO ncclTopoPopulateNics : Filled roceP2p1s0f1 in topo with pciPath=/sys/devices/pci0002:00/0002:00:00.0/0002:01:00.0 net=0 gin=1 rma=(null) keep=1 coll=(null) rail=-1 plane=-1
spark-5fa1:60:60 [0] NCCL INFO NET/RMA_IB_PROXY : GPU Direct RDMA Disabled for HCA 0 'rocep1s0f0'
spark-5fa1:60:60 [0] NCCL INFO ncclTopoPopulateNics : Filled rocep1s0f0 in topo with pciPath=/sys/devices/pci0000:00/0000:00:00.0/0000:01:00.0 net=0 gin=1 rma=1 keep=1 coll=(null) rail=-1 plane=-1
spark-5fa1:60:60 [0] NCCL INFO NET/RMA_IB_PROXY : GPU Direct RDMA Disabled for HCA 1 'rocep1s0f1'
spark-5fa1:60:60 [0] NCCL INFO ncclTopoPopulateNics : Filled rocep1s0f1 in topo with pciPath=/sys/devices/pci0000:00/0000:00:00.0/0000:01:00.0 net=0 gin=1 rma=1 keep=1 coll=(null) rail=-1 plane=-1
spark-5fa1:60:60 [0] NCCL INFO NET/RMA_IB_PROXY : GPU Direct RDMA Disabled for HCA 2 'roceP2p1s0f0'
spark-5fa1:60:60 [0] NCCL INFO ncclTopoPopulateNics : Filled roceP2p1s0f0 in topo with pciPath=/sys/devices/pci0002:00/0002:00:00.0/0002:01:00.0 net=0 gin=1 rma=1 keep=1 coll=(null) rail=-1 plane=-1
spark-5fa1:60:60 [0] NCCL INFO NET/RMA_IB_PROXY : GPU Direct RDMA Disabled for HCA 3 'roceP2p1s0f1'
spark-5fa1:60:60 [0] NCCL INFO ncclTopoPopulateNics : Filled roceP2p1s0f1 in topo with pciPath=/sys/devices/pci0002:00/0002:00:00.0/0002:01:00.0 net=0 gin=1 rma=1 keep=1 coll=(null) rail=-1 plane=-1
spark-5fa1:60:60 [0] NCCL INFO NET/IB : GPU Direct RDMA Disabled for HCA 0 'rocep1s0f0'
spark-5fa1:60:60 [0] NCCL INFO ncclTopoPopulateNics : Filled rocep1s0f0 in topo with pciPath=/sys/devices/pci0000:00/0000:00:00.0/0000:01:00.0 net=1 gin=1 rma=1 keep=1 coll=(null) rail=-1 plane=-1
spark-5fa1:60:60 [0] NCCL INFO NET/IB : GPU Direct RDMA Disabled for HCA 1 'rocep1s0f1'
spark-5fa1:60:60 [0] NCCL INFO ncclTopoPopulateNics : Filled rocep1s0f1 in topo with pciPath=/sys/devices/pci0000:00/0000:00:00.0/0000:01:00.0 net=1 gin=1 rma=1 keep=1 coll=(null) rail=-1 plane=-1
spark-5fa1:60:60 [0] NCCL INFO NET/IB : GPU Direct RDMA Disabled for HCA 2 'roceP2p1s0f0'
spark-5fa1:60:60 [0] NCCL INFO ncclTopoPopulateNics : Filled roceP2p1s0f0 in topo with pciPath=/sys/devices/pci0002:00/0002:00:00.0/0002:01:00.0 net=1 gin=1 rma=1 keep=1 coll=(null) rail=-1 plane=-1
spark-5fa1:60:60 [0] NCCL INFO NET/IB : GPU Direct RDMA Disabled for HCA 3 'roceP2p1s0f1'
spark-5fa1:60:60 [0] NCCL INFO ncclTopoPopulateNics : Filled roceP2p1s0f1 in topo with pciPath=/sys/devices/pci0002:00/0002:00:00.0/0002:01:00.0 net=1 gin=1 rma=1 keep=1 coll=(null) rail=-1 plane=-1
spark-5fa1:60:60 [0] NCCL INFO NET/IB : Skipping makeVDevice, NCCL_IB_MERGE_NICS=0
spark-5fa1:60:60 [0] NCCL INFO TOPO/NET : Tried merging multiple devices together and failed. vProps={ndevs=2, devs=[0 1 0 0]}. Set NCCL_NET_MERGE_LEVEL=LOC to disable NIC fusion.
spark-5fa1:60:60 [0] NCCL INFO Marking physical devices as unplaced, increasing distance and restarting search.
spark-5fa1:60:60 [0] NCCL INFO NET/IB : Skipping makeVDevice, NCCL_IB_MERGE_NICS=0
spark-5fa1:60:60 [0] NCCL INFO TOPO/NET : Tried merging multiple devices together and failed. vProps={ndevs=2, devs=[2 3 0 0]}. Set NCCL_NET_MERGE_LEVEL=LOC to disable NIC fusion.
spark-5fa1:60:60 [0] NCCL INFO Marking physical devices as unplaced, increasing distance and restarting search.
spark-5fa1:60:60 [0] NCCL INFO === System : maxBw 12.0 totalBw 0.2 ===
spark-5fa1:60:60 [0] NCCL INFO CPU/0-ffffffffffffff (3/-1/-1)
spark-5fa1:60:60 [0] NCCL INFO + C2C[345.0] - DEV/0-f01000
spark-5fa1:60:60 [0] NCCL INFO + PCI[12.0] - NIC/0-1000
spark-5fa1:60:60 [0] NCCL INFO               + NET[25.0] - NET/0-0 (0/a25f2e000347bb4c/1/25.000000)
spark-5fa1:60:60 [0] NCCL INFO               + NET[25.0] - GIN/0-0
spark-5fa1:60:60 [0] NCCL INFO               + NET[25.0] - RMA/0-0
spark-5fa1:60:60 [0] NCCL INFO               + NET[25.0] - NET/0-1 (0/a25f2e000347bb4c/2/25.000000)
spark-5fa1:60:60 [0] NCCL INFO               + NET[25.0] - GIN/0-1
spark-5fa1:60:60 [0] NCCL INFO               + NET[25.0] - RMA/0-1
spark-5fa1:60:60 [0] NCCL INFO + PCI[12.0] - NIC/0-201000
spark-5fa1:60:60 [0] NCCL INFO               + NET[25.0] - NET/0-2 (0/a25f2e000347bb4c/1/25.000000)
spark-5fa1:60:60 [0] NCCL INFO               + NET[25.0] - GIN/0-2
spark-5fa1:60:60 [0] NCCL INFO               + NET[25.0] - RMA/0-2
spark-5fa1:60:60 [0] NCCL INFO               + NET[25.0] - NET/0-3 (0/a25f2e000347bb4c/2/25.000000)
spark-5fa1:60:60 [0] NCCL INFO               + NET[25.0] - GIN/0-3
spark-5fa1:60:60 [0] NCCL INFO               + NET[25.0] - RMA/0-3
spark-5fa1:60:60 [0] NCCL INFO + PCI[0.2] - DEV/0-f01000 (10de2e1210de0000)
spark-5fa1:60:60 [0] NCCL INFO              + LOC[5000.0] - GPU/0-f01000
spark-5fa1:60:60 [0] NCCL INFO              + C2C[345.0] - CPU/0-ffffffffffffff
spark-5fa1:60:60 [0] NCCL INFO ==========================================
spark-5fa1:60:60 [0] NCCL INFO GPU/0-f01000 :GPU/0-f01000 (0/5000.0/LOC) CPU/0-ffffffffffffff (2/345.0/C2C) NET/0-0 (4/12.0/P2C) NET/0-1 (4/12.0/P2C) NET/0-2 (4/12.0/P2C) NET/0-3 (4/12.0/P2C) GIN/0-0 (4/12.0/PHB) GIN/0-1 (4/12.0/PHB) GIN/0-2 (4/12.0/PHB) GIN/0-3 (4/12.0/PHB) RMA/0-0 (4/12.0/PHB) RMA/0-1 (4/12.0/PHB) RMA/0-2 (4/12.0/PHB) RMA/0-3 (4/12.0/PHB) DEV/0-f01000 (1/5000.0/LOC) 
spark-5fa1:60:60 [0] NCCL INFO NET/0-0 :GPU/0-f01000 (4/12.0/P2C) CPU/0-ffffffffffffff (2/12.0/PHB) NET/0-0 (0/5000.0/LOC) NET/0-1 (2/25.0/LOC) NET/0-2 (4/12.0/PHB) NET/0-3 (4/12.0/PHB) GIN/0-0 (2/25.0/LOC) GIN/0-1 (2/25.0/LOC) GIN/0-2 (4/12.0/PHB) GIN/0-3 (4/12.0/PHB) RMA/0-0 (2/25.0/LOC) RMA/0-1 (2/25.0/LOC) RMA/0-2 (4/12.0/PHB) RMA/0-3 (4/12.0/PHB) DEV/0-f01000 (3/12.0/PHB) 
spark-5fa1:60:60 [0] NCCL INFO NET/0-1 :GPU/0-f01000 (4/12.0/P2C) CPU/0-ffffffffffffff (2/12.0/PHB) NET/0-0 (2/25.0/LOC) NET/0-1 (0/5000.0/LOC) NET/0-2 (4/12.0/PHB) NET/0-3 (4/12.0/PHB) GIN/0-0 (2/25.0/LOC) GIN/0-1 (2/25.0/LOC) GIN/0-2 (4/12.0/PHB) GIN/0-3 (4/12.0/PHB) RMA/0-0 (2/25.0/LOC) RMA/0-1 (2/25.0/LOC) RMA/0-2 (4/12.0/PHB) RMA/0-3 (4/12.0/PHB) DEV/0-f01000 (3/12.0/PHB) 
spark-5fa1:60:60 [0] NCCL INFO NET/0-2 :GPU/0-f01000 (4/12.0/P2C) CPU/0-ffffffffffffff (2/12.0/PHB) NET/0-0 (4/12.0/PHB) NET/0-1 (4/12.0/PHB) NET/0-2 (0/5000.0/LOC) NET/0-3 (2/25.0/LOC) GIN/0-0 (4/12.0/PHB) GIN/0-1 (4/12.0/PHB) GIN/0-2 (2/25.0/LOC) GIN/0-3 (2/25.0/LOC) RMA/0-0 (4/12.0/PHB) RMA/0-1 (4/12.0/PHB) RMA/0-2 (2/25.0/LOC) RMA/0-3 (2/25.0/LOC) DEV/0-f01000 (3/12.0/PHB) 
spark-5fa1:60:60 [0] NCCL INFO NET/0-3 :GPU/0-f01000 (4/12.0/P2C) CPU/0-ffffffffffffff (2/12.0/PHB) NET/0-0 (4/12.0/PHB) NET/0-1 (4/12.0/PHB) NET/0-2 (2/25.0/LOC) NET/0-3 (0/5000.0/LOC) GIN/0-0 (4/12.0/PHB) GIN/0-1 (4/12.0/PHB) GIN/0-2 (2/25.0/LOC) GIN/0-3 (2/25.0/LOC) RMA/0-0 (4/12.0/PHB) RMA/0-1 (4/12.0/PHB) RMA/0-2 (2/25.0/LOC) RMA/0-3 (2/25.0/LOC) DEV/0-f01000 (3/12.0/PHB) 
spark-5fa1:60:60 [0] NCCL INFO GIN/0-0 :GPU/0-f01000 (4/12.0/PHB) CPU/0-ffffffffffffff (2/12.0/PHB) NET/0-0 (2/25.0/LOC) NET/0-1 (2/25.0/LOC) NET/0-2 (4/12.0/PHB) NET/0-3 (4/12.0/PHB) GIN/0-0 (0/5000.0/LOC) GIN/0-1 (2/25.0/LOC) GIN/0-2 (4/12.0/PHB) GIN/0-3 (4/12.0/PHB) RMA/0-0 (2/25.0/LOC) RMA/0-1 (2/25.0/LOC) RMA/0-2 (4/12.0/PHB) RMA/0-3 (4/12.0/PHB) DEV/0-f01000 (3/12.0/PHB) 
spark-5fa1:60:60 [0] NCCL INFO GIN/0-1 :GPU/0-f01000 (4/12.0/PHB) CPU/0-ffffffffffffff (2/12.0/PHB) NET/0-0 (2/25.0/LOC) NET/0-1 (2/25.0/LOC) NET/0-2 (4/12.0/PHB) NET/0-3 (4/12.0/PHB) GIN/0-0 (2/25.0/LOC) GIN/0-1 (0/5000.0/LOC) GIN/0-2 (4/12.0/PHB) GIN/0-3 (4/12.0/PHB) RMA/0-0 (2/25.0/LOC) RMA/0-1 (2/25.0/LOC) RMA/0-2 (4/12.0/PHB) RMA/0-3 (4/12.0/PHB) DEV/0-f01000 (3/12.0/PHB) 
spark-5fa1:60:60 [0] NCCL INFO GIN/0-2 :GPU/0-f01000 (4/12.0/PHB) CPU/0-ffffffffffffff (2/12.0/PHB) NET/0-0 (4/12.0/PHB) NET/0-1 (4/12.0/PHB) NET/0-2 (2/25.0/LOC) NET/0-3 (2/25.0/LOC) GIN/0-0 (4/12.0/PHB) GIN/0-1 (4/12.0/PHB) GIN/0-2 (0/5000.0/LOC) GIN/0-3 (2/25.0/LOC) RMA/0-0 (4/12.0/PHB) RMA/0-1 (4/12.0/PHB) RMA/0-2 (2/25.0/LOC) RMA/0-3 (2/25.0/LOC) DEV/0-f01000 (3/12.0/PHB) 
spark-5fa1:60:60 [0] NCCL INFO GIN/0-3 :GPU/0-f01000 (4/12.0/PHB) CPU/0-ffffffffffffff (2/12.0/PHB) NET/0-0 (4/12.0/PHB) NET/0-1 (4/12.0/PHB) NET/0-2 (2/25.0/LOC) NET/0-3 (2/25.0/LOC) GIN/0-0 (4/12.0/PHB) GIN/0-1 (4/12.0/PHB) GIN/0-2 (2/25.0/LOC) GIN/0-3 (0/5000.0/LOC) RMA/0-0 (4/12.0/PHB) RMA/0-1 (4/12.0/PHB) RMA/0-2 (2/25.0/LOC) RMA/0-3 (2/25.0/LOC) DEV/0-f01000 (3/12.0/PHB) 
spark-5fa1:60:60 [0] NCCL INFO RMA/0-0 :GPU/0-f01000 (4/12.0/PHB) CPU/0-ffffffffffffff (2/12.0/PHB) NET/0-0 (2/25.0/LOC) NET/0-1 (2/25.0/LOC) NET/0-2 (4/12.0/PHB) NET/0-3 (4/12.0/PHB) GIN/0-0 (2/25.0/LOC) GIN/0-1 (2/25.0/LOC) GIN/0-2 (4/12.0/PHB) GIN/0-3 (4/12.0/PHB) RMA/0-0 (0/5000.0/LOC) RMA/0-1 (2/25.0/LOC) RMA/0-2 (4/12.0/PHB) RMA/0-3 (4/12.0/PHB) DEV/0-f01000 (3/12.0/PHB) 
spark-5fa1:60:60 [0] NCCL INFO RMA/0-1 :GPU/0-f01000 (4/12.0/PHB) CPU/0-ffffffffffffff (2/12.0/PHB) NET/0-0 (2/25.0/LOC) NET/0-1 (2/25.0/LOC) NET/0-2 (4/12.0/PHB) NET/0-3 (4/12.0/PHB) GIN/0-0 (2/25.0/LOC) GIN/0-1 (2/25.0/LOC) GIN/0-2 (4/12.0/PHB) GIN/0-3 (4/12.0/PHB) RMA/0-0 (2/25.0/LOC) RMA/0-1 (0/5000.0/LOC) RMA/0-2 (4/12.0/PHB) RMA/0-3 (4/12.0/PHB) DEV/0-f01000 (3/12.0/PHB) 
spark-5fa1:60:60 [0] NCCL INFO RMA/0-2 :GPU/0-f01000 (4/12.0/PHB) CPU/0-ffffffffffffff (2/12.0/PHB) NET/0-0 (4/12.0/PHB) NET/0-1 (4/12.0/PHB) NET/0-2 (2/25.0/LOC) NET/0-3 (2/25.0/LOC) GIN/0-0 (4/12.0/PHB) GIN/0-1 (4/12.0/PHB) GIN/0-2 (2/25.0/LOC) GIN/0-3 (2/25.0/LOC) RMA/0-0 (4/12.0/PHB) RMA/0-1 (4/12.0/PHB) RMA/0-2 (0/5000.0/LOC) RMA/0-3 (2/25.0/LOC) DEV/0-f01000 (3/12.0/PHB) 
spark-5fa1:60:60 [0] NCCL INFO RMA/0-3 :GPU/0-f01000 (4/12.0/PHB) CPU/0-ffffffffffffff (2/12.0/PHB) NET/0-0 (4/12.0/PHB) NET/0-1 (4/12.0/PHB) NET/0-2 (2/25.0/LOC) NET/0-3 (2/25.0/LOC) GIN/0-0 (4/12.0/PHB) GIN/0-1 (4/12.0/PHB) GIN/0-2 (2/25.0/LOC) GIN/0-3 (2/25.0/LOC) RMA/0-0 (4/12.0/PHB) RMA/0-1 (4/12.0/PHB) RMA/0-2 (2/25.0/LOC) RMA/0-3 (0/5000.0/LOC) DEV/0-f01000 (3/12.0/PHB) 
spark-5fa1:60:60 [0] NCCL INFO ncclTopoGetCpuAffinity: Affinity for GPU 0 is empty, ignoring. (GPU affinity =  ; CPU affinity = 0-19).
spark-5fa1:60:60 [0] NCCL INFO Pattern 4, crossNic 0, nChannels 32, bw 0.240000/0.240000, type LOC/P2C, sameChannels 1
spark-5fa1:60:60 [0] NCCL INFO  0 : NET/0-0 GPU/0-f01000 NET/0-0
spark-5fa1:60:60 [0] NCCL INFO  1 : NET/0-1 GPU/0-f01000 NET/0-1
spark-5fa1:60:60 [0] NCCL INFO  2 : NET/0-2 GPU/0-f01000 NET/0-0
spark-5fa1:60:60 [0] NCCL INFO  3 : NET/0-3 GPU/0-f01000 NET/0-1
spark-5fa1:60:60 [0] NCCL INFO  4 : NET/0-0 GPU/0-f01000 NET/0-0
spark-5fa1:60:60 [0] NCCL INFO  5 : NET/0-1 GPU/0-f01000 NET/0-1
spark-5fa1:60:60 [0] NCCL INFO  6 : NET/0-2 GPU/0-f01000 NET/0-0
spark-5fa1:60:60 [0] NCCL INFO  7 : NET/0-3 GPU/0-f01000 NET/0-1
spark-5fa1:60:60 [0] NCCL INFO  8 : NET/0-0 GPU/0-f01000 NET/0-0
spark-5fa1:60:60 [0] NCCL INFO  9 : NET/0-1 GPU/0-f01000 NET/0-1
spark-5fa1:60:60 [0] NCCL INFO 10 : NET/0-2 GPU/0-f01000 NET/0-0
spark-5fa1:60:60 [0] NCCL INFO 11 : NET/0-3 GPU/0-f01000 NET/0-1
spark-5fa1:60:60 [0] NCCL INFO 12 : NET/0-0 GPU/0-f01000 NET/0-0
spark-5fa1:60:60 [0] NCCL INFO 13 : NET/0-1 GPU/0-f01000 NET/0-1
spark-5fa1:60:60 [0] NCCL INFO 14 : NET/0-2 GPU/0-f01000 NET/0-0
spark-5fa1:60:60 [0] NCCL INFO 15 : NET/0-3 GPU/0-f01000 NET/0-1
spark-5fa1:60:60 [0] NCCL INFO 16 : NET/0-0 GPU/0-f01000 NET/0-0
spark-5fa1:60:60 [0] NCCL INFO 17 : NET/0-1 GPU/0-f01000 NET/0-1
spark-5fa1:60:60 [0] NCCL INFO 18 : NET/0-2 GPU/0-f01000 NET/0-0
spark-5fa1:60:60 [0] NCCL INFO 19 : NET/0-3 GPU/0-f01000 NET/0-1
spark-5fa1:60:60 [0] NCCL INFO 20 : NET/0-0 GPU/0-f01000 NET/0-0
spark-5fa1:60:60 [0] NCCL INFO 21 : NET/0-1 GPU/0-f01000 NET/0-1
spark-5fa1:60:60 [0] NCCL INFO 22 : NET/0-2 GPU/0-f01000 NET/0-0
spark-5fa1:60:60 [0] NCCL INFO 23 : NET/0-3 GPU/0-f01000 NET/0-1
spark-5fa1:60:60 [0] NCCL INFO 24 : NET/0-0 GPU/0-f01000 NET/0-0
spark-5fa1:60:60 [0] NCCL INFO 25 : NET/0-1 GPU/0-f01000 NET/0-1
spark-5fa1:60:60 [0] NCCL INFO 26 : NET/0-2 GPU/0-f01000 NET/0-0
spark-5fa1:60:60 [0] NCCL INFO 27 : NET/0-3 GPU/0-f01000 NET/0-1
spark-5fa1:60:60 [0] NCCL INFO 28 : NET/0-0 GPU/0-f01000 NET/0-0
spark-5fa1:60:60 [0] NCCL INFO 29 : NET/0-1 GPU/0-f01000 NET/0-1
spark-5fa1:60:60 [0] NCCL INFO 30 : NET/0-2 GPU/0-f01000 NET/0-0
spark-5fa1:60:60 [0] NCCL INFO 31 : NET/0-3 GPU/0-f01000 NET/0-1
spark-5fa1:60:60 [0] NCCL INFO Pattern 3, crossNic 0, nChannels 32, bw 0.240000/0.120000, type LOC/P2C, sameChannels 1
spark-5fa1:60:60 [0] NCCL INFO  0 : NET/0-0 GPU/0-f01000 NET/0-0
spark-5fa1:60:60 [0] NCCL INFO  1 : NET/0-1 GPU/0-f01000 NET/0-1
spark-5fa1:60:60 [0] NCCL INFO  2 : NET/0-2 GPU/0-f01000 NET/0-2
spark-5fa1:60:60 [0] NCCL INFO  3 : NET/0-3 GPU/0-f01000 NET/0-3
spark-5fa1:60:60 [0] NCCL INFO  4 : NET/0-0 GPU/0-f01000 NET/0-0
spark-5fa1:60:60 [0] NCCL INFO  5 : NET/0-1 GPU/0-f01000 NET/0-1
spark-5fa1:60:60 [0] NCCL INFO  6 : NET/0-2 GPU/0-f01000 NET/0-2
spark-5fa1:60:60 [0] NCCL INFO  7 : NET/0-3 GPU/0-f01000 NET/0-3
spark-5fa1:60:60 [0] NCCL INFO  8 : NET/0-0 GPU/0-f01000 NET/0-0
spark-5fa1:60:60 [0] NCCL INFO  9 : NET/0-1 GPU/0-f01000 NET/0-1
spark-5fa1:60:60 [0] NCCL INFO 10 : NET/0-2 GPU/0-f01000 NET/0-2
spark-5fa1:60:60 [0] NCCL INFO 11 : NET/0-3 GPU/0-f01000 NET/0-3
spark-5fa1:60:60 [0] NCCL INFO 12 : NET/0-0 GPU/0-f01000 NET/0-0
spark-5fa1:60:60 [0] NCCL INFO 13 : NET/0-1 GPU/0-f01000 NET/0-1
spark-5fa1:60:60 [0] NCCL INFO 14 : NET/0-2 GPU/0-f01000 NET/0-2
spark-5fa1:60:60 [0] NCCL INFO 15 : NET/0-3 GPU/0-f01000 NET/0-3
spark-5fa1:60:60 [0] NCCL INFO 16 : NET/0-0 GPU/0-f01000 NET/0-0
spark-5fa1:60:60 [0] NCCL INFO 17 : NET/0-1 GPU/0-f01000 NET/0-1
spark-5fa1:60:60 [0] NCCL INFO 18 : NET/0-2 GPU/0-f01000 NET/0-2
spark-5fa1:60:60 [0] NCCL INFO 19 : NET/0-3 GPU/0-f01000 NET/0-3
spark-5fa1:60:60 [0] NCCL INFO 20 : NET/0-0 GPU/0-f01000 NET/0-0
spark-5fa1:60:60 [0] NCCL INFO 21 : NET/0-1 GPU/0-f01000 NET/0-1
spark-5fa1:60:60 [0] NCCL INFO 22 : NET/0-2 GPU/0-f01000 NET/0-2
spark-5fa1:60:60 [0] NCCL INFO 23 : NET/0-3 GPU/0-f01000 NET/0-3
spark-5fa1:60:60 [0] NCCL INFO 24 : NET/0-0 GPU/0-f01000 NET/0-0
spark-5fa1:60:60 [0] NCCL INFO 25 : NET/0-1 GPU/0-f01000 NET/0-1
spark-5fa1:60:60 [0] NCCL INFO 26 : NET/0-2 GPU/0-f01000 NET/0-2
spark-5fa1:60:60 [0] NCCL INFO 27 : NET/0-3 GPU/0-f01000 NET/0-3
spark-5fa1:60:60 [0] NCCL INFO 28 : NET/0-0 GPU/0-f01000 NET/0-0
spark-5fa1:60:60 [0] NCCL INFO 29 : NET/0-1 GPU/0-f01000 NET/0-1
spark-5fa1:60:60 [0] NCCL INFO 30 : NET/0-2 GPU/0-f01000 NET/0-2
spark-5fa1:60:60 [0] NCCL INFO 31 : NET/0-3 GPU/0-f01000 NET/0-3
spark-5fa1:60:60 [0] NCCL INFO Rank 0: 4 Net devices
spark-5fa1:60:60 [0] NCCL INFO Rank 0: 0 CollNet devices
spark-5fa1:60:60 [0] NCCL INFO Local Net device counts across ranks: min 4 max 4
spark-5fa1:60:60 [0] NCCL INFO Local CollNet device counts across ranks: min 0 max 0
spark-5fa1:60:60 [0] NCCL INFO comm 0xaf9f1c5fc330 rank 0 nRanks 3 nNodes 3 localRanks 1 localRank 0 MNNVL 0
spark-5fa1:60:60 [0] NCCL INFO Tree 0 : -1 -> 0 -> 2/-1/-1
spark-5fa1:60:60 [0] NCCL INFO Tree 32 : 1 -> 0 -> 2/-1/-1
spark-5fa1:60:60 [0] NCCL INFO Tree 1 : -1 -> 0 -> 2/-1/-1
spark-5fa1:60:60 [0] NCCL INFO Tree 33 : 1 -> 0 -> 2/-1/-1
spark-5fa1:60:60 [0] NCCL INFO Tree 2 : -1 -> 0 -> 2/-1/-1
spark-5fa1:60:60 [0] NCCL INFO Tree 34 : 1 -> 0 -> 2/-1/-1
spark-5fa1:60:60 [0] NCCL INFO Tree 3 : -1 -> 0 -> 2/-1/-1
spark-5fa1:60:60 [0] NCCL INFO Tree 35 : 1 -> 0 -> 2/-1/-1
spark-5fa1:60:60 [0] NCCL INFO Tree 4 : -1 -> 0 -> 2/-1/-1
spark-5fa1:60:60 [0] NCCL INFO Tree 36 : 1 -> 0 -> 2/-1/-1
spark-5fa1:60:60 [0] NCCL INFO Tree 5 : -1 -> 0 -> 2/-1/-1
spark-5fa1:60:60 [0] NCCL INFO Tree 37 : 1 -> 0 -> 2/-1/-1
spark-5fa1:60:60 [0] NCCL INFO Tree 6 : -1 -> 0 -> 2/-1/-1
spark-5fa1:60:60 [0] NCCL INFO Tree 38 : 1 -> 0 -> 2/-1/-1
spark-5fa1:60:60 [0] NCCL INFO Tree 7 : -1 -> 0 -> 2/-1/-1
spark-5fa1:60:60 [0] NCCL INFO Tree 39 : 1 -> 0 -> 2/-1/-1
spark-5fa1:60:60 [0] NCCL INFO Tree 8 : -1 -> 0 -> 2/-1/-1
spark-5fa1:60:60 [0] NCCL INFO Tree 40 : 1 -> 0 -> 2/-1/-1
spark-5fa1:60:60 [0] NCCL INFO Tree 9 : -1 -> 0 -> 2/-1/-1
spark-5fa1:60:60 [0] NCCL INFO Tree 41 : 1 -> 0 -> 2/-1/-1
spark-5fa1:60:60 [0] NCCL INFO Tree 10 : -1 -> 0 -> 2/-1/-1
spark-5fa1:60:60 [0] NCCL INFO Tree 42 : 1 -> 0 -> 2/-1/-1
spark-5fa1:60:60 [0] NCCL INFO Tree 11 : -1 -> 0 -> 2/-1/-1
spark-5fa1:60:60 [0] NCCL INFO Tree 43 : 1 -> 0 -> 2/-1/-1
spark-5fa1:60:60 [0] NCCL INFO Tree 12 : -1 -> 0 -> 2/-1/-1
spark-5fa1:60:60 [0] NCCL INFO Tree 44 : 1 -> 0 -> 2/-1/-1
spark-5fa1:60:60 [0] NCCL INFO Tree 13 : -1 -> 0 -> 2/-1/-1
spark-5fa1:60:60 [0] NCCL INFO Tree 45 : 1 -> 0 -> 2/-1/-1
spark-5fa1:60:60 [0] NCCL INFO Tree 14 : -1 -> 0 -> 2/-1/-1
spark-5fa1:60:60 [0] NCCL INFO Tree 46 : 1 -> 0 -> 2/-1/-1
spark-5fa1:60:60 [0] NCCL INFO Tree 15 : -1 -> 0 -> 2/-1/-1
spark-5fa1:60:60 [0] NCCL INFO Tree 47 : 1 -> 0 -> 2/-1/-1
spark-5fa1:60:60 [0] NCCL INFO Tree 16 : -1 -> 0 -> 2/-1/-1
spark-5fa1:60:60 [0] NCCL INFO Tree 48 : 1 -> 0 -> 2/-1/-1
spark-5fa1:60:60 [0] NCCL INFO Tree 17 : -1 -> 0 -> 2/-1/-1
spark-5fa1:60:60 [0] NCCL INFO Tree 49 : 1 -> 0 -> 2/-1/-1
spark-5fa1:60:60 [0] NCCL INFO Tree 18 : -1 -> 0 -> 2/-1/-1
spark-5fa1:60:60 [0] NCCL INFO Tree 50 : 1 -> 0 -> 2/-1/-1
spark-5fa1:60:60 [0] NCCL INFO Tree 19 : -1 -> 0 -> 2/-1/-1
spark-5fa1:60:60 [0] NCCL INFO Tree 51 : 1 -> 0 -> 2/-1/-1
spark-5fa1:60:60 [0] NCCL INFO Tree 20 : -1 -> 0 -> 2/-1/-1
spark-5fa1:60:60 [0] NCCL INFO Tree 52 : 1 -> 0 -> 2/-1/-1
spark-5fa1:60:60 [0] NCCL INFO Tree 21 : -1 -> 0 -> 2/-1/-1
spark-5fa1:60:60 [0] NCCL INFO Tree 53 : 1 -> 0 -> 2/-1/-1
spark-5fa1:60:60 [0] NCCL INFO Tree 22 : -1 -> 0 -> 2/-1/-1
spark-5fa1:60:60 [0] NCCL INFO Tree 54 : 1 -> 0 -> 2/-1/-1
spark-5fa1:60:60 [0] NCCL INFO Tree 23 : -1 -> 0 -> 2/-1/-1
spark-5fa1:60:60 [0] NCCL INFO Tree 55 : 1 -> 0 -> 2/-1/-1
spark-5fa1:60:60 [0] NCCL INFO Tree 24 : -1 -> 0 -> 2/-1/-1
spark-5fa1:60:60 [0] NCCL INFO Tree 56 : 1 -> 0 -> 2/-1/-1
spark-5fa1:60:60 [0] NCCL INFO Tree 25 : -1 -> 0 -> 2/-1/-1
spark-5fa1:60:60 [0] NCCL INFO Tree 57 : 1 -> 0 -> 2/-1/-1
spark-5fa1:60:60 [0] NCCL INFO Tree 26 : -1 -> 0 -> 2/-1/-1
spark-5fa1:60:60 [0] NCCL INFO Tree 58 : 1 -> 0 -> 2/-1/-1
spark-5fa1:60:60 [0] NCCL INFO Tree 27 : -1 -> 0 -> 2/-1/-1
spark-5fa1:60:60 [0] NCCL INFO Tree 59 : 1 -> 0 -> 2/-1/-1
spark-5fa1:60:60 [0] NCCL INFO Tree 28 : -1 -> 0 -> 2/-1/-1
spark-5fa1:60:60 [0] NCCL INFO Tree 60 : 1 -> 0 -> 2/-1/-1
spark-5fa1:60:60 [0] NCCL INFO Tree 29 : -1 -> 0 -> 2/-1/-1
spark-5fa1:60:60 [0] NCCL INFO Tree 61 : 1 -> 0 -> 2/-1/-1
spark-5fa1:60:60 [0] NCCL INFO Tree 30 : -1 -> 0 -> 2/-1/-1
spark-5fa1:60:60 [0] NCCL INFO Tree 62 : 1 -> 0 -> 2/-1/-1
spark-5fa1:60:60 [0] NCCL INFO Tree 31 : -1 -> 0 -> 2/-1/-1
spark-5fa1:60:60 [0] NCCL INFO Tree 63 : 1 -> 0 -> 2/-1/-1
spark-5fa1:60:60 [0] NCCL INFO Channel 00/64 : 0 1 2
spark-5fa1:60:60 [0] NCCL INFO Channel 01/64 : 0 1 2
spark-5fa1:60:60 [0] NCCL INFO Channel 02/64 : 0 1 2
spark-5fa1:60:60 [0] NCCL INFO Channel 03/64 : 0 1 2
spark-5fa1:60:60 [0] NCCL INFO Channel 04/64 : 0 1 2
spark-5fa1:60:60 [0] NCCL INFO Channel 05/64 : 0 1 2
spark-5fa1:60:60 [0] NCCL INFO Channel 06/64 : 0 1 2
spark-5fa1:60:60 [0] NCCL INFO Channel 07/64 : 0 1 2
spark-5fa1:60:60 [0] NCCL INFO Channel 08/64 : 0 1 2
spark-5fa1:60:60 [0] NCCL INFO Channel 09/64 : 0 1 2
spark-5fa1:60:60 [0] NCCL INFO Channel 10/64 : 0 1 2
spark-5fa1:60:60 [0] NCCL INFO Channel 11/64 : 0 1 2
spark-5fa1:60:60 [0] NCCL INFO Channel 12/64 : 0 1 2
spark-5fa1:60:60 [0] NCCL INFO Channel 13/64 : 0 1 2
spark-5fa1:60:60 [0] NCCL INFO Channel 14/64 : 0 1 2
spark-5fa1:60:60 [0] NCCL INFO Channel 15/64 : 0 1 2
spark-5fa1:60:60 [0] NCCL INFO Channel 16/64 : 0 1 2
spark-5fa1:60:60 [0] NCCL INFO Channel 17/64 : 0 1 2
spark-5fa1:60:60 [0] NCCL INFO Channel 18/64 : 0 1 2
spark-5fa1:60:60 [0] NCCL INFO Channel 19/64 : 0 1 2
spark-5fa1:60:60 [0] NCCL INFO Channel 20/64 : 0 1 2
spark-5fa1:60:60 [0] NCCL INFO Channel 21/64 : 0 1 2
spark-5fa1:60:60 [0] NCCL INFO Channel 22/64 : 0 1 2
spark-5fa1:60:60 [0] NCCL INFO Channel 23/64 : 0 1 2
spark-5fa1:60:60 [0] NCCL INFO Channel 24/64 : 0 1 2
spark-5fa1:60:60 [0] NCCL INFO Channel 25/64 : 0 1 2
spark-5fa1:60:60 [0] NCCL INFO Channel 26/64 : 0 1 2
spark-5fa1:60:60 [0] NCCL INFO Channel 27/64 : 0 1 2
spark-5fa1:60:60 [0] NCCL INFO Channel 28/64 : 0 1 2
spark-5fa1:60:60 [0] NCCL INFO Channel 29/64 : 0 1 2
spark-5fa1:60:60 [0] NCCL INFO Channel 30/64 : 0 1 2
spark-5fa1:60:60 [0] NCCL INFO Channel 31/64 : 0 1 2
spark-5fa1:60:60 [0] NCCL INFO Channel 32/64 : 0 1 2
spark-5fa1:60:60 [0] NCCL INFO Channel 33/64 : 0 1 2
spark-5fa1:60:60 [0] NCCL INFO Channel 34/64 : 0 1 2
spark-5fa1:60:60 [0] NCCL INFO Channel 35/64 : 0 1 2
spark-5fa1:60:60 [0] NCCL INFO Channel 36/64 : 0 1 2
spark-5fa1:60:60 [0] NCCL INFO Channel 37/64 : 0 1 2
spark-5fa1:60:60 [0] NCCL INFO Channel 38/64 : 0 1 2
spark-5fa1:60:60 [0] NCCL INFO Channel 39/64 : 0 1 2
spark-5fa1:60:60 [0] NCCL INFO Channel 40/64 : 0 1 2
spark-5fa1:60:60 [0] NCCL INFO Channel 41/64 : 0 1 2
spark-5fa1:60:60 [0] NCCL INFO Channel 42/64 : 0 1 2
spark-5fa1:60:60 [0] NCCL INFO Channel 43/64 : 0 1 2
spark-5fa1:60:60 [0] NCCL INFO Channel 44/64 : 0 1 2
spark-5fa1:60:60 [0] NCCL INFO Channel 45/64 : 0 1 2
spark-5fa1:60:60 [0] NCCL INFO Channel 46/64 : 0 1 2
spark-5fa1:60:60 [0] NCCL INFO Channel 47/64 : 0 1 2
spark-5fa1:60:60 [0] NCCL INFO Channel 48/64 : 0 1 2
spark-5fa1:60:60 [0] NCCL INFO Channel 49/64 : 0 1 2
spark-5fa1:60:60 [0] NCCL INFO Channel 50/64 : 0 1 2
spark-5fa1:60:60 [0] NCCL INFO Channel 51/64 : 0 1 2
spark-5fa1:60:60 [0] NCCL INFO Channel 52/64 : 0 1 2
spark-5fa1:60:60 [0] NCCL INFO Channel 53/64 : 0 1 2
spark-5fa1:60:60 [0] NCCL INFO Channel 54/64 : 0 1 2
spark-5fa1:60:60 [0] NCCL INFO Channel 55/64 : 0 1 2
spark-5fa1:60:60 [0] NCCL INFO Channel 56/64 : 0 1 2
spark-5fa1:60:60 [0] NCCL INFO Channel 57/64 : 0 1 2
spark-5fa1:60:60 [0] NCCL INFO Channel 58/64 : 0 1 2
spark-5fa1:60:60 [0] NCCL INFO Channel 59/64 : 0 1 2
spark-5fa1:60:60 [0] NCCL INFO Channel 60/64 : 0 1 2
spark-5fa1:60:60 [0] NCCL INFO Channel 61/64 : 0 1 2
spark-5fa1:60:60 [0] NCCL INFO Channel 62/64 : 0 1 2
spark-5fa1:60:60 [0] NCCL INFO Channel 63/64 : 0 1 2
spark-5fa1:60:60 [0] NCCL INFO Ring 00 : 2 -> 0 -> 1
spark-5fa1:60:60 [0] NCCL INFO Ring 01 : 2 -> 0 -> 1
spark-5fa1:60:60 [0] NCCL INFO Ring 02 : 2 -> 0 -> 1
spark-5fa1:60:60 [0] NCCL INFO Ring 03 : 2 -> 0 -> 1
spark-5fa1:60:60 [0] NCCL INFO Ring 04 : 2 -> 0 -> 1
spark-5fa1:60:60 [0] NCCL INFO Ring 05 : 2 -> 0 -> 1
spark-5fa1:60:60 [0] NCCL INFO Ring 06 : 2 -> 0 -> 1
spark-5fa1:60:60 [0] NCCL INFO Ring 07 : 2 -> 0 -> 1
spark-5fa1:60:60 [0] NCCL INFO Ring 08 : 2 -> 0 -> 1
spark-5fa1:60:60 [0] NCCL INFO Ring 09 : 2 -> 0 -> 1
spark-5fa1:60:60 [0] NCCL INFO Ring 10 : 2 -> 0 -> 1
spark-5fa1:60:60 [0] NCCL INFO Ring 11 : 2 -> 0 -> 1
spark-5fa1:60:60 [0] NCCL INFO Ring 12 : 2 -> 0 -> 1
spark-5fa1:60:60 [0] NCCL INFO Ring 13 : 2 -> 0 -> 1
spark-5fa1:60:60 [0] NCCL INFO Ring 14 : 2 -> 0 -> 1
spark-5fa1:60:60 [0] NCCL INFO Ring 15 : 2 -> 0 -> 1
spark-5fa1:60:60 [0] NCCL INFO Ring 16 : 2 -> 0 -> 1
spark-5fa1:60:60 [0] NCCL INFO Ring 17 : 2 -> 0 -> 1
spark-5fa1:60:60 [0] NCCL INFO Ring 18 : 2 -> 0 -> 1
spark-5fa1:60:60 [0] NCCL INFO Ring 19 : 2 -> 0 -> 1
spark-5fa1:60:60 [0] NCCL INFO Ring 20 : 2 -> 0 -> 1
spark-5fa1:60:60 [0] NCCL INFO Ring 21 : 2 -> 0 -> 1
spark-5fa1:60:60 [0] NCCL INFO Ring 22 : 2 -> 0 -> 1
spark-5fa1:60:60 [0] NCCL INFO Ring 23 : 2 -> 0 -> 1
spark-5fa1:60:60 [0] NCCL INFO Ring 24 : 2 -> 0 -> 1
spark-5fa1:60:60 [0] NCCL INFO Ring 25 : 2 -> 0 -> 1
spark-5fa1:60:60 [0] NCCL INFO Ring 26 : 2 -> 0 -> 1
spark-5fa1:60:60 [0] NCCL INFO Ring 27 : 2 -> 0 -> 1
spark-5fa1:60:60 [0] NCCL INFO Ring 28 : 2 -> 0 -> 1
spark-5fa1:60:60 [0] NCCL INFO Ring 29 : 2 -> 0 -> 1
spark-5fa1:60:60 [0] NCCL INFO Ring 30 : 2 -> 0 -> 1
spark-5fa1:60:60 [0] NCCL INFO Ring 31 : 2 -> 0 -> 1
spark-5fa1:60:60 [0] NCCL INFO Ring 32 : 2 -> 0 -> 1
spark-5fa1:60:60 [0] NCCL INFO Ring 33 : 2 -> 0 -> 1
spark-5fa1:60:60 [0] NCCL INFO Ring 34 : 2 -> 0 -> 1
spark-5fa1:60:60 [0] NCCL INFO Ring 35 : 2 -> 0 -> 1
spark-5fa1:60:60 [0] NCCL INFO Ring 36 : 2 -> 0 -> 1
spark-5fa1:60:60 [0] NCCL INFO Ring 37 : 2 -> 0 -> 1
spark-5fa1:60:60 [0] NCCL INFO Ring 38 : 2 -> 0 -> 1
spark-5fa1:60:60 [0] NCCL INFO Ring 39 : 2 -> 0 -> 1
spark-5fa1:60:60 [0] NCCL INFO Ring 40 : 2 -> 0 -> 1
spark-5fa1:60:60 [0] NCCL INFO Ring 41 : 2 -> 0 -> 1
spark-5fa1:60:60 [0] NCCL INFO Ring 42 : 2 -> 0 -> 1
spark-5fa1:60:60 [0] NCCL INFO Ring 43 : 2 -> 0 -> 1
spark-5fa1:60:60 [0] NCCL INFO Ring 44 : 2 -> 0 -> 1
spark-5fa1:60:60 [0] NCCL INFO Ring 45 : 2 -> 0 -> 1
spark-5fa1:60:60 [0] NCCL INFO Ring 46 : 2 -> 0 -> 1
spark-5fa1:60:60 [0] NCCL INFO Ring 47 : 2 -> 0 -> 1
spark-5fa1:60:60 [0] NCCL INFO Ring 48 : 2 -> 0 -> 1
spark-5fa1:60:60 [0] NCCL INFO Ring 49 : 2 -> 0 -> 1
spark-5fa1:60:60 [0] NCCL INFO Ring 50 : 2 -> 0 -> 1
spark-5fa1:60:60 [0] NCCL INFO Ring 51 : 2 -> 0 -> 1
spark-5fa1:60:60 [0] NCCL INFO Ring 52 : 2 -> 0 -> 1
spark-5fa1:60:60 [0] NCCL INFO Ring 53 : 2 -> 0 -> 1
spark-5fa1:60:60 [0] NCCL INFO Ring 54 : 2 -> 0 -> 1
spark-5fa1:60:60 [0] NCCL INFO Ring 55 : 2 -> 0 -> 1
spark-5fa1:60:60 [0] NCCL INFO Ring 56 : 2 -> 0 -> 1
spark-5fa1:60:60 [0] NCCL INFO Ring 57 : 2 -> 0 -> 1
spark-5fa1:60:60 [0] NCCL INFO Ring 58 : 2 -> 0 -> 1
spark-5fa1:60:60 [0] NCCL INFO Ring 59 : 2 -> 0 -> 1
spark-5fa1:60:60 [0] NCCL INFO Ring 60 : 2 -> 0 -> 1
spark-5fa1:60:60 [0] NCCL INFO Ring 61 : 2 -> 0 -> 1
spark-5fa1:60:60 [0] NCCL INFO Ring 62 : 2 -> 0 -> 1
spark-5fa1:60:60 [0] NCCL INFO Ring 63 : 2 -> 0 -> 1
spark-5fa1:60:60 [0] NCCL INFO Trees [0] 2/-1/-1->0->-1 [1] 2/-1/-1->0->-1 [2] 2/-1/-1->0->-1 [3] 2/-1/-1->0->-1 [4] 2/-1/-1->0->-1 [5] 2/-1/-1->0->-1 [6] 2/-1/-1->0->-1 [7] 2/-1/-1->0->-1 [8] 2/-1/-1->0->-1 [9] 2/-1/-1->0->-1 [10] 2/-1/-1->0->-1 [11] 2/-1/-1->0->-1 [12] 2/-1/-1->0->-1 [13] 2/-1/-1->0->-1 [14] 2/-1/-1->0->-1 [15] 2/-1/-1->0->-1 [16] 2/-1/-1->0->-1 [17] 2/-1/-1->0->-1 [18] 2/-1/-1->0->-1 [19] 2/-1/-1->0->-1 [20] 2/-1/-1->0->-1 [21] 2/-1/-1->0->-1 [22] 2/-1/-1->0->-1 [23] 2/-1/-1->0->-1 [24] 2/-1/-1->0->-1 [25] 2/-1/-1->0->-1 [26] 2/-1/-1->0->-1 [27] 2/-1/-1->0->-1 [28] 2/-1/-1->0->-1 [29] 2/-1/-1->0->-1 [30] 2/-1/-1->0->-1 [31] 2/-1/-1->0->-1 [32] 2/-1/-1->0->1 [33] 2/-1/-1->0->1 [34] 2/-1/-1->0->1 [35] 2/-1/-1->0->1 [36] 2/-1/-1->0->1 [37] 2/-1/-1->0->1 [38] 2/-1/-1->0->1 [39] 2/-1/-1->0->1 [40] 2/-1/-1->0->1 [41] 2/-1/-1->0->1 [42] 2/-1/-1->0->1 [43] 2/-1/-1->0->1 [44] 2/-1/-1->0->1 [45] 2/-1/-1->0->1 [46] 2/-1/-1->0->1 [47] 2/-1/-1->0->1 [48] 2/-1/-1->0->1 [49] 2/-1/-1->0->1 [50] 2/-1/-1->0->1 [51] 2/-1/-1->0->1 [52] 2/-1/-
spark-5fa1:60:60 [0] NCCL INFO P2P Chunksize set to 262144
spark-5fa1:60:60 [0] NCCL INFO Tuning P2P operations with maxP2pPeers = 3
spark-5fa1:60:60 [0] NCCL INFO ncclOsDlopen(libnccl-profiler.so) failed: libnccl-profiler.so: cannot open shared object file: No such file or directory
spark-5fa1:60:60 [0] NCCL INFO PROFILER/Plugin: Could not find: libnccl-profiler.so
spark-5fa1:60:60 [0] NCCL INFO Check P2P Type isAllDirectP2p 1 directMode 0 isAllCudaP2p 1
spark-5fa1:60:60 [0] NCCL INFO ncclP2pSchedule: group size used is 1
spark-5fa1:60:72 [0] NCCL INFO [Proxy Service UDS] Device 0 CPU core 7
spark-5fa1:60:71 [0] NCCL INFO [Proxy Service] Device 0 CPU core 19
spark-5fa1:60:71 [0] NCCL INFO proxy listening socket at 192.168.1.223<59491>
spark-5fa1:60:60 [0] NCCL INFO ncclOsDlopen(libnccl-tuner.so) failed: libnccl-tuner.so: cannot open shared object file: No such file or directory
spark-5fa1:60:60 [0] NCCL INFO TUNER/Plugin: Could not find: libnccl-tuner.so
spark-5fa1:60:60 [0] NCCL INFO   Algorithm   |                            Tree                  |                            Ring                  |                   CollNetDirect                  |
spark-5fa1:60:60 [0] NCCL INFO   Protocol    |             LL |          LL128 |         Simple |             LL |          LL128 |         Simple |             LL |          LL128 |         Simple |
spark-5fa1:60:60 [0] NCCL INFO  Max NThreads |            512 |            640 |            512 |            512 |            640 |            256 |              0 |              0 |            640 |
spark-5fa1:60:60 [0] NCCL INFO     Broadcast |     0.0/   0.0 |     0.0/   0.0 |     0.0/   0.0 |     9.3/   3.8 |    18.0/   7.1 |    22.4/   7.7 |     0.0/   0.0 |     0.0/   0.0 |     0.0/   0.0 |
spark-5fa1:60:60 [0] NCCL INFO        Reduce |     0.0/   0.0 |     0.0/   0.0 |     0.0/   0.0 |     9.3/   3.8 |    18.0/   7.1 |    22.4/   7.7 |     0.0/   0.0 |     0.0/   0.0 |     0.0/   0.0 |
spark-5fa1:60:60 [0] NCCL INFO     AllGather |     0.0/   0.0 |     0.0/   0.0 |     0.0/   0.0 |    16.6/   5.8 |    31.0/  10.6 |    36.4/  11.5 |     5.0/   0.0 |     8.5/   0.0 |    14.0/   0.0 |
spark-5fa1:60:60 [0] NCCL INFO ReduceScatter |     0.0/   0.0 |     0.0/   0.0 |     0.0/   0.0 |    16.6/   5.8 |    31.0/  10.6 |    36.4/  11.5 |     5.0/   0.0 |     8.5/   0.0 |    14.0/   0.0 |
spark-5fa1:60:60 [0] NCCL INFO     AllReduce |    16.8/   0.4 |    31.0/   1.4 |    36.4/   1.5 |    26.6/   2.9 |    48.0/   5.3 |    64.4/   5.8 |     5.0/   0.0 |     8.5/   0.0 |    14.0/   0.0 |
spark-5fa1:60:60 [0] NCCL INFO   Algorithm   |                    CollNetChain                  |                            NVLS                  |                        NVLSTree                  |
spark-5fa1:60:60 [0] NCCL INFO   Protocol    |             LL |          LL128 |         Simple |             LL |          LL128 |         Simple |             LL |          LL128 |         Simple |
spark-5fa1:60:60 [0] NCCL INFO  Max NThreads |              0 |              0 |            640 |              0 |              0 |            640 |              0 |              0 |            640 |
spark-5fa1:60:60 [0] NCCL INFO     Broadcast |     0.0/   0.0 |     0.0/   0.0 |     0.0/   0.0 |     0.0/   0.0 |     0.0/   0.0 |     0.0/   0.0 |     0.0/   0.0 |     0.0/   0.0 |     0.0/   0.0 |
spark-5fa1:60:60 [0] NCCL INFO        Reduce |     0.0/   0.0 |     0.0/   0.0 |     0.0/   0.0 |     0.0/   0.0 |     0.0/   0.0 |     0.0/   0.0 |     0.0/   0.0 |     0.0/   0.0 |     0.0/   0.0 |
spark-5fa1:60:60 [0] NCCL INFO     AllGather |     0.0/   0.0 |     0.0/   0.0 |     0.0/   0.0 |     0.0/   0.0 |     0.0/   0.0 |     0.0/   0.0 |     0.0/   0.0 |     0.0/   0.0 |     0.0/   0.0 |
spark-5fa1:60:60 [0] NCCL INFO ReduceScatter |     0.0/   0.0 |     0.0/   0.0 |     0.0/   0.0 |     0.0/   0.0 |     0.0/   0.0 |     0.0/   0.0 |     0.0/   0.0 |     0.0/   0.0 |     0.0/   0.0 |
spark-5fa1:60:60 [0] NCCL INFO     AllReduce |     5.0/   0.0 |     8.5/   0.0 |    14.0/   0.0 |     0.0/   0.0 |     0.0/   0.0 |     0.0/   0.0 |     0.0/   0.0 |     0.0/   0.0 |     0.0/   0.0 |
spark-5fa1:60:60 [0] NCCL INFO   Algorithm   |                             PAT                  |
spark-5fa1:60:60 [0] NCCL INFO   Protocol    |             LL |          LL128 |         Simple |             LL |          LL128 |         Simple |             LL |          LL128 |         Simple |
spark-5fa1:60:60 [0] NCCL INFO  Max NThreads |              0 |              0 |              0 |
spark-5fa1:60:60 [0] NCCL INFO     Broadcast |     0.0/   0.0 |     0.0/   0.0 |     0.0/   0.0 |
spark-5fa1:60:60 [0] NCCL INFO        Reduce |     0.0/   0.0 |     0.0/   0.0 |     0.0/   0.0 |
spark-5fa1:60:60 [0] NCCL INFO     AllGather |     0.0/   0.0 |     0.0/   0.0 |    20.4/   2.9 |
spark-5fa1:60:60 [0] NCCL INFO ReduceScatter |     0.0/   0.0 |     0.0/   0.0 |    20.4/   2.9 |
spark-5fa1:60:60 [0] NCCL INFO     AllReduce |     0.0/   0.0 |     0.0/   0.0 |     0.0/   0.0 |
spark-5fa1:60:60 [0] NCCL INFO threadThresholds 8/8/64 | 24/8/64 | 512 | 512
spark-5fa1:60:60 [0] NCCL INFO 64 coll channels, 64 collnet channels, 0 nvls channels, 64 p2p channels, 4 p2p channels per peer
spark-5fa1:60:60 [0] NCCL INFO Symmetric memory is not supported. cuMemEnable 1, globalGinSupport 0, cuMemGdrSupport 0
spark-5fa1:60:60 [0] NCCL INFO CC Off, workFifoBytes 1048576
spark-5fa1:60:60 [0] NCCL INFO ncclCommInitRankConfig comm 0xaf9f1c5fc330 rank 0 nranks 3 cudaDev 0 nvmlDev 0 busId f01000 commId 0xdb141b70f6210ee8 - Init COMPLETE
spark-5fa1:60:60 [0] NCCL INFO Init timings - ncclCommInitRankConfig: rank 0 nranks 3 total 0.35 (kernels 0.16, alloc 0.06, bootstrap 0.07, allgathers 0.02, topo 0.01, graphs 0.00, connections 0.03, rest 0.00)
spark-5fa1:60:60 [0] NCCL INFO Symmetric VA size=124GB
spark-5fa1:60:71 [0] NCCL INFO NCCL_IB_SUBNET_AWARE_ROUTING set by environment to 1.
spark-5fa1:60:60 [0] NCCL INFO Channel 00/0 : 2[0] -> 0[0] [receive] via NET/IB/0
spark-5fa1:60:60 [0] NCCL INFO Channel 01/0 : 2[0] -> 0[0] [receive] via NET/IB/1
spark-5fa1:60:73 [0] NCCL INFO [Proxy Progress] Device 0 CPU core 14
spark-5fa1:60:60 [0] NCCL INFO Channel 02/0 : 2[0] -> 0[0] [receive] via NET/IB/2
spark-5fa1:60:60 [0] NCCL INFO Channel 03/0 : 2[0] -> 0[0] [receive] via NET/IB/3
spark-5fa1:60:60 [0] NCCL INFO Channel 04/0 : 2[0] -> 0[0] [receive] via NET/IB/0
spark-5fa1:60:60 [0] NCCL INFO Channel 05/0 : 2[0] -> 0[0] [receive] via NET/IB/1
spark-5fa1:60:60 [0] NCCL INFO Channel 06/0 : 2[0] -> 0[0] [receive] via NET/IB/2
spark-5fa1:60:60 [0] NCCL INFO Channel 07/0 : 2[0] -> 0[0] [receive] via NET/IB/3
spark-5fa1:60:60 [0] NCCL INFO Channel 08/0 : 2[0] -> 0[0] [receive] via NET/IB/0
spark-5fa1:60:60 [0] NCCL INFO Channel 09/0 : 2[0] -> 0[0] [receive] via NET/IB/1
spark-5fa1:60:60 [0] NCCL INFO Channel 10/0 : 2[0] -> 0[0] [receive] via NET/IB/2
spark-5fa1:60:60 [0] NCCL INFO Channel 11/0 : 2[0] -> 0[0] [receive] via NET/IB/3
spark-5fa1:60:60 [0] NCCL INFO Channel 12/0 : 2[0] -> 0[0] [receive] via NET/IB/0
spark-5fa1:60:60 [0] NCCL INFO Channel 13/0 : 2[0] -> 0[0] [receive] via NET/IB/1
spark-5fa1:60:60 [0] NCCL INFO Channel 14/0 : 2[0] -> 0[0] [receive] via NET/IB/2
spark-5fa1:60:60 [0] NCCL INFO Channel 15/0 : 2[0] -> 0[0] [receive] via NET/IB/3
spark-5fa1:60:60 [0] NCCL INFO Channel 16/0 : 2[0] -> 0[0] [receive] via NET/IB/0
spark-5fa1:60:60 [0] NCCL INFO Channel 17/0 : 2[0] -> 0[0] [receive] via NET/IB/1
spark-5fa1:60:60 [0] NCCL INFO Channel 18/0 : 2[0] -> 0[0] [receive] via NET/IB/2
spark-5fa1:60:60 [0] NCCL INFO Channel 19/0 : 2[0] -> 0[0] [receive] via NET/IB/3
spark-5fa1:60:60 [0] NCCL INFO Channel 20/0 : 2[0] -> 0[0] [receive] via NET/IB/0
spark-5fa1:60:60 [0] NCCL INFO Channel 21/0 : 2[0] -> 0[0] [receive] via NET/IB/1
spark-5fa1:60:60 [0] NCCL INFO Channel 22/0 : 2[0] -> 0[0] [receive] via NET/IB/2
spark-5fa1:60:60 [0] NCCL INFO Channel 23/0 : 2[0] -> 0[0] [receive] via NET/IB/3
spark-5fa1:60:60 [0] NCCL INFO Channel 24/0 : 2[0] -> 0[0] [receive] via NET/IB/0
spark-5fa1:60:60 [0] NCCL INFO Channel 25/0 : 2[0] -> 0[0] [receive] via NET/IB/1
spark-5fa1:60:60 [0] NCCL INFO Channel 26/0 : 2[0] -> 0[0] [receive] via NET/IB/2
spark-5fa1:60:60 [0] NCCL INFO Channel 27/0 : 2[0] -> 0[0] [receive] via NET/IB/3
spark-5fa1:60:60 [0] NCCL INFO Channel 28/0 : 2[0] -> 0[0] [receive] via NET/IB/0
spark-5fa1:60:60 [0] NCCL INFO Channel 29/0 : 2[0] -> 0[0] [receive] via NET/IB/1
spark-5fa1:60:60 [0] NCCL INFO Channel 30/0 : 2[0] -> 0[0] [receive] via NET/IB/2
spark-5fa1:60:60 [0] NCCL INFO Channel 31/0 : 2[0] -> 0[0] [receive] via NET/IB/3
spark-5fa1:60:60 [0] NCCL INFO Channel 32/0 : 2[0] -> 0[0] [receive] via NET/IB/0
spark-5fa1:60:60 [0] NCCL INFO Channel 33/0 : 2[0] -> 0[0] [receive] via NET/IB/1
spark-5fa1:60:60 [0] NCCL INFO Channel 34/0 : 2[0] -> 0[0] [receive] via NET/IB/2
spark-5fa1:60:60 [0] NCCL INFO Channel 35/0 : 2[0] -> 0[0] [receive] via NET/IB/3
spark-5fa1:60:60 [0] NCCL INFO Channel 36/0 : 2[0] -> 0[0] [receive] via NET/IB/0
spark-5fa1:60:60 [0] NCCL INFO Channel 37/0 : 2[0] -> 0[0] [receive] via NET/IB/1
spark-5fa1:60:60 [0] NCCL INFO Channel 38/0 : 2[0] -> 0[0] [receive] via NET/IB/2
spark-5fa1:60:60 [0] NCCL INFO Channel 39/0 : 2[0] -> 0[0] [receive] via NET/IB/3
spark-5fa1:60:60 [0] NCCL INFO Channel 40/0 : 2[0] -> 0[0] [receive] via NET/IB/0
spark-5fa1:60:60 [0] NCCL INFO Channel 41/0 : 2[0] -> 0[0] [receive] via NET/IB/1
spark-5fa1:60:60 [0] NCCL INFO Channel 42/0 : 2[0] -> 0[0] [receive] via NET/IB/2
spark-5fa1:60:60 [0] NCCL INFO Channel 43/0 : 2[0] -> 0[0] [receive] via NET/IB/3
spark-5fa1:60:60 [0] NCCL INFO Channel 44/0 : 2[0] -> 0[0] [receive] via NET/IB/0
spark-5fa1:60:60 [0] NCCL INFO Channel 45/0 : 2[0] -> 0[0] [receive] via NET/IB/1
spark-5fa1:60:60 [0] NCCL INFO Channel 46/0 : 2[0] -> 0[0] [receive] via NET/IB/2
spark-5fa1:60:60 [0] NCCL INFO Channel 47/0 : 2[0] -> 0[0] [receive] via NET/IB/3
spark-5fa1:60:60 [0] NCCL INFO Channel 48/0 : 2[0] -> 0[0] [receive] via NET/IB/0
spark-5fa1:60:60 [0] NCCL INFO Channel 49/0 : 2[0] -> 0[0] [receive] via NET/IB/1
spark-5fa1:60:60 [0] NCCL INFO Channel 50/0 : 2[0] -> 0[0] [receive] via NET/IB/2
spark-5fa1:60:60 [0] NCCL INFO Channel 51/0 : 2[0] -> 0[0] [receive] via NET/IB/3
spark-5fa1:60:60 [0] NCCL INFO Channel 52/0 : 2[0] -> 0[0] [receive] via NET/IB/0
spark-5fa1:60:60 [0] NCCL INFO Channel 53/0 : 2[0] -> 0[0] [receive] via NET/IB/1
spark-5fa1:60:60 [0] NCCL INFO Channel 54/0 : 2[0] -> 0[0] [receive] via NET/IB/2
spark-5fa1:60:60 [0] NCCL INFO Channel 55/0 : 2[0] -> 0[0] [receive] via NET/IB/3
spark-5fa1:60:60 [0] NCCL INFO Channel 56/0 : 2[0] -> 0[0] [receive] via NET/IB/0
spark-5fa1:60:60 [0] NCCL INFO Channel 57/0 : 2[0] -> 0[0] [receive] via NET/IB/1
spark-5fa1:60:60 [0] NCCL INFO Channel 58/0 : 2[0] -> 0[0] [receive] via NET/IB/2
spark-5fa1:60:60 [0] NCCL INFO Channel 59/0 : 2[0] -> 0[0] [receive] via NET/IB/3
spark-5fa1:60:60 [0] NCCL INFO Channel 60/0 : 2[0] -> 0[0] [receive] via NET/IB/0
spark-5fa1:60:60 [0] NCCL INFO Channel 61/0 : 2[0] -> 0[0] [receive] via NET/IB/1
spark-5fa1:60:60 [0] NCCL INFO Channel 62/0 : 2[0] -> 0[0] [receive] via NET/IB/2
spark-5fa1:60:60 [0] NCCL INFO Channel 63/0 : 2[0] -> 0[0] [receive] via NET/IB/3
spark-5fa1:60:60 [0] NCCL INFO Channel 00/0 : 0[0] -> 1[0] [send] via NET/IB/0
spark-5fa1:60:60 [0] NCCL INFO Channel 01/0 : 0[0] -> 1[0] [send] via NET/IB/1
spark-5fa1:60:60 [0] NCCL INFO Channel 02/0 : 0[0] -> 1[0] [send] via NET/IB/2
spark-5fa1:60:60 [0] NCCL INFO Channel 03/0 : 0[0] -> 1[0] [send] via NET/IB/3
spark-5fa1:60:60 [0] NCCL INFO Channel 04/0 : 0[0] -> 1[0] [send] via NET/IB/0
spark-5fa1:60:60 [0] NCCL INFO Channel 05/0 : 0[0] -> 1[0] [send] via NET/IB/1
spark-5fa1:60:60 [0] NCCL INFO Channel 06/0 : 0[0] -> 1[0] [send] via NET/IB/2
spark-5fa1:60:60 [0] NCCL INFO Channel 07/0 : 0[0] -> 1[0] [send] via NET/IB/3
spark-5fa1:60:60 [0] NCCL INFO Channel 08/0 : 0[0] -> 1[0] [send] via NET/IB/0
spark-5fa1:60:60 [0] NCCL INFO Channel 09/0 : 0[0] -> 1[0] [send] via NET/IB/1
spark-5fa1:60:60 [0] NCCL INFO Channel 10/0 : 0[0] -> 1[0] [send] via NET/IB/2
spark-5fa1:60:60 [0] NCCL INFO Channel 11/0 : 0[0] -> 1[0] [send] via NET/IB/3
spark-5fa1:60:60 [0] NCCL INFO Channel 12/0 : 0[0] -> 1[0] [send] via NET/IB/0
spark-5fa1:60:60 [0] NCCL INFO Channel 13/0 : 0[0] -> 1[0] [send] via NET/IB/1
spark-5fa1:60:60 [0] NCCL INFO Channel 14/0 : 0[0] -> 1[0] [send] via NET/IB/2
spark-5fa1:60:60 [0] NCCL INFO Channel 15/0 : 0[0] -> 1[0] [send] via NET/IB/3
spark-5fa1:60:60 [0] NCCL INFO Channel 16/0 : 0[0] -> 1[0] [send] via NET/IB/0
spark-5fa1:60:60 [0] NCCL INFO Channel 17/0 : 0[0] -> 1[0] [send] via NET/IB/1
spark-5fa1:60:60 [0] NCCL INFO Channel 18/0 : 0[0] -> 1[0] [send] via NET/IB/2
spark-5fa1:60:60 [0] NCCL INFO Channel 19/0 : 0[0] -> 1[0] [send] via NET/IB/3
spark-5fa1:60:60 [0] NCCL INFO Channel 20/0 : 0[0] -> 1[0] [send] via NET/IB/0
spark-5fa1:60:60 [0] NCCL INFO Channel 21/0 : 0[0] -> 1[0] [send] via NET/IB/1
spark-5fa1:60:60 [0] NCCL INFO Channel 22/0 : 0[0] -> 1[0] [send] via NET/IB/2
spark-5fa1:60:60 [0] NCCL INFO Channel 23/0 : 0[0] -> 1[0] [send] via NET/IB/3
spark-5fa1:60:60 [0] NCCL INFO Channel 24/0 : 0[0] -> 1[0] [send] via NET/IB/0
spark-5fa1:60:60 [0] NCCL INFO Channel 25/0 : 0[0] -> 1[0] [send] via NET/IB/1
spark-5fa1:60:60 [0] NCCL INFO Channel 26/0 : 0[0] -> 1[0] [send] via NET/IB/2
spark-5fa1:60:60 [0] NCCL INFO Channel 27/0 : 0[0] -> 1[0] [send] via NET/IB/3
spark-5fa1:60:60 [0] NCCL INFO Channel 28/0 : 0[0] -> 1[0] [send] via NET/IB/0
spark-5fa1:60:60 [0] NCCL INFO Channel 29/0 : 0[0] -> 1[0] [send] via NET/IB/1
spark-5fa1:60:60 [0] NCCL INFO Channel 30/0 : 0[0] -> 1[0] [send] via NET/IB/2
spark-5fa1:60:60 [0] NCCL INFO Channel 31/0 : 0[0] -> 1[0] [send] via NET/IB/3
spark-5fa1:60:60 [0] NCCL INFO Channel 32/0 : 0[0] -> 1[0] [send] via NET/IB/0
spark-5fa1:60:60 [0] NCCL INFO Channel 33/0 : 0[0] -> 1[0] [send] via NET/IB/1
spark-5fa1:60:60 [0] NCCL INFO Channel 34/0 : 0[0] -> 1[0] [send] via NET/IB/2
spark-5fa1:60:60 [0] NCCL INFO Channel 35/0 : 0[0] -> 1[0] [send] via NET/IB/3
spark-5fa1:60:60 [0] NCCL INFO Channel 36/0 : 0[0] -> 1[0] [send] via NET/IB/0
spark-5fa1:60:60 [0] NCCL INFO Channel 37/0 : 0[0] -> 1[0] [send] via NET/IB/1
spark-5fa1:60:60 [0] NCCL INFO Channel 38/0 : 0[0] -> 1[0] [send] via NET/IB/2
spark-5fa1:60:60 [0] NCCL INFO Channel 39/0 : 0[0] -> 1[0] [send] via NET/IB/3
spark-5fa1:60:60 [0] NCCL INFO Channel 40/0 : 0[0] -> 1[0] [send] via NET/IB/0
spark-5fa1:60:60 [0] NCCL INFO Channel 41/0 : 0[0] -> 1[0] [send] via NET/IB/1
spark-5fa1:60:60 [0] NCCL INFO Channel 42/0 : 0[0] -> 1[0] [send] via NET/IB/2
spark-5fa1:60:60 [0] NCCL INFO Channel 43/0 : 0[0] -> 1[0] [send] via NET/IB/3
spark-5fa1:60:60 [0] NCCL INFO Channel 44/0 : 0[0] -> 1[0] [send] via NET/IB/0
spark-5fa1:60:60 [0] NCCL INFO Channel 45/0 : 0[0] -> 1[0] [send] via NET/IB/1
spark-5fa1:60:60 [0] NCCL INFO Channel 46/0 : 0[0] -> 1[0] [send] via NET/IB/2
spark-5fa1:60:60 [0] NCCL INFO Channel 47/0 : 0[0] -> 1[0] [send] via NET/IB/3
spark-5fa1:60:60 [0] NCCL INFO Channel 48/0 : 0[0] -> 1[0] [send] via NET/IB/0
spark-5fa1:60:60 [0] NCCL INFO Channel 49/0 : 0[0] -> 1[0] [send] via NET/IB/1
spark-5fa1:60:60 [0] NCCL INFO Channel 50/0 : 0[0] -> 1[0] [send] via NET/IB/2
spark-5fa1:60:60 [0] NCCL INFO Channel 51/0 : 0[0] -> 1[0] [send] via NET/IB/3
spark-5fa1:60:60 [0] NCCL INFO Channel 52/0 : 0[0] -> 1[0] [send] via NET/IB/0
spark-5fa1:60:60 [0] NCCL INFO Channel 53/0 : 0[0] -> 1[0] [send] via NET/IB/1
spark-5fa1:60:60 [0] NCCL INFO Channel 54/0 : 0[0] -> 1[0] [send] via NET/IB/2
spark-5fa1:60:60 [0] NCCL INFO Channel 55/0 : 0[0] -> 1[0] [send] via NET/IB/3
spark-5fa1:60:60 [0] NCCL INFO Channel 56/0 : 0[0] -> 1[0] [send] via NET/IB/0
spark-5fa1:60:60 [0] NCCL INFO Channel 57/0 : 0[0] -> 1[0] [send] via NET/IB/1
spark-5fa1:60:60 [0] NCCL INFO Channel 58/0 : 0[0] -> 1[0] [send] via NET/IB/2
spark-5fa1:60:60 [0] NCCL INFO Channel 59/0 : 0[0] -> 1[0] [send] via NET/IB/3
spark-5fa1:60:60 [0] NCCL INFO Channel 60/0 : 0[0] -> 1[0] [send] via NET/IB/0
spark-5fa1:60:60 [0] NCCL INFO Channel 61/0 : 0[0] -> 1[0] [send] via NET/IB/1
spark-5fa1:60:60 [0] NCCL INFO Channel 62/0 : 0[0] -> 1[0] [send] via NET/IB/2
spark-5fa1:60:60 [0] NCCL INFO Channel 63/0 : 0[0] -> 1[0] [send] via NET/IB/3
spark-5fa1:60:71 [0] NCCL INFO NET/IB: ncclIbResiliencyInit: Resiliency is disabled on the send communicator (comm=0xe07cac03d000)
spark-5fa1:60:71 [0] NCCL INFO NET/IB: ncclIbResiliencyInit: Resiliency is disabled on the recv communicator (comm=0xe07cac07e000)
spark-5fa1:60:71 [0] NCCL INFO NET/IB: ncclIbRecvCommInit: Receive work requests will be posted on-demand
spark-5fa1:60:71 [0] NCCL INFO NET/IB: Subnet-aware routing: overriding dev 1 with dev 0
spark-5fa1:60:71 [0] NCCL INFO NET/IB: ncclIbResiliencyInit: Resiliency is disabled on the send communicator (comm=0xe07cac0c9000)
spark-5fa1:60:71 [0] NCCL INFO NET/IB: Subnet-aware routing: overriding dev 1 with dev 0
spark-5fa1:60:71 [0] NCCL INFO NET/IB: ncclIbResiliencyInit: Resiliency is disabled on the recv communicator (comm=0xe07cac10d000)
spark-5fa1:60:71 [0] NCCL INFO NET/IB: ncclIbRecvCommInit: Receive work requests will be posted on-demand
spark-5fa1:60:71 [0] NCCL INFO NET/IB: Subnet-aware routing: overriding dev 1 with dev 0
spark-5fa1:60:71 [0] NCCL INFO NET/IB: ncclIbResiliencyInit: Resiliency is disabled on the send communicator (comm=0xe07cac155000)
spark-5fa1:60:71 [0] NCCL INFO NET/IB: ncclIbSenderQpsCreate: QP created: port=1 dev=0 devName=rocep1s0f0 ndevs=4 nmdevs=4 qp_num=46138 pkey=0 pd=0xe07cac07dd30 oooRq=0
spark-5fa1:60:71 [0] NCCL INFO NET/IB: ncclIbConnectImpl: NCCL Dev 0 IbDev 0 Port 1 qp_num 46138 mtu 5 GID 6 (0/164A8C0FFFF0000) ctsFifoRkey=0x221383 ctsFifoLkey=0x221383
spark-5fa1:60:71 [0] NCCL INFO NET/IB: ncclIbConnectImpl: IbDev 0 Port 1 qp_num 46138 query_ece={supported=1, vendor_id=0x15b3, options=0x30000002, comp_mask=0x0}
spark-5fa1:60:71 [0] NCCL INFO NET/IB: Subnet-aware routing: overriding dev 1 with dev 0
spark-5fa1:60:71 [0] NCCL INFO NET/IB: ncclIbResiliencyInit: Resiliency is disabled on the recv communicator (comm=0xe07cac1d5000)
spark-5fa1:60:71 [0] NCCL INFO NET/IB: ncclIbRecvCommInit: Receive work requests will be posted on-demand
spark-5fa1:60:71 [0] NCCL INFO NET/IB: Subnet-aware routing: overriding dev 1 with dev 0
spark-5fa1:60:71 [0] NCCL INFO NET/IB: ncclIbSenderQpsCreate: QP created: port=1 dev=0 devName=rocep1s0f0 ndevs=4 nmdevs=4 qp_num=46139 pkey=0 pd=0xe07cac07dd30 oooRq=0
spark-5fa1:60:71 [0] NCCL INFO NET/IB: ncclIbConnectImpl: NCCL Dev 0 IbDev 0 Port 1 qp_num 46139 mtu 5 GID 6 (0/164A8C0FFFF0000) ctsFifoRkey=0x221f8e ctsFifoLkey=0x221f8e
spark-5fa1:60:71 [0] NCCL INFO NET/IB: ncclIbConnectImpl: IbDev 0 Port 1 qp_num 46139 query_ece={supported=1, vendor_id=0x15b3, options=0x30000002, comp_mask=0x0}
spark-5fa1:60:71 [0] NCCL INFO NET/IB: Subnet-aware routing: overriding dev 3 with dev 2
spark-5fa1:60:71 [0] NCCL INFO NET/IB: ncclIbResiliencyInit: Resiliency is disabled on the send communicator (comm=0xe07cac24f000)
spark-5fa1:60:71 [0] NCCL INFO NET/IB: Subnet-aware routing: overriding dev 1 with dev 0
spark-5fa1:60:71 [0] NCCL INFO NET/IB: Subnet-aware routing: overriding dev 3 with dev 2
spark-5fa1:60:71 [0] NCCL INFO NET/IB: ncclIbResiliencyInit: Resiliency is disabled on the recv communicator (comm=0xe07cac293000)
spark-5fa1:60:71 [0] NCCL INFO NET/IB: ncclIbRecvCommInit: Receive work requests will be posted on-demand
spark-5fa1:60:71 [0] NCCL INFO NET/IB: Subnet-aware routing: overriding dev 1 with dev 0
spark-5fa1:60:71 [0] NCCL INFO NET/IB: Subnet-aware routing: overriding dev 3 with dev 2
spark-5fa1:60:71 [0] NCCL INFO NET/IB: ncclIbResiliencyInit: Resiliency is disabled on the send communicator (comm=0xe07cac2db000)
spark-5fa1:60:71 [0] NCCL INFO NET/IB: ncclIbSenderQpsToRts: Set ECE: IbDev 0 Port 1 qp_num 46138 set_ece={supported=1, vendor_id=0x15b3, options=0x30000002, comp_mask=0x0}
spark-5fa1:60:71 [0] NCCL INFO NET/IB: Subnet-aware routing: overriding dev 0 with dev 1
spark-5fa1:60:71 [0] NCCL INFO NET/IB: ncclIbReceiverQpsCreateToRts: QP created: port=1 dev=1 devName=rocep1s0f1 ndevs=4 nmdevs=4 qp_num=41062 pkey=0 pd=0xe07cac03c970 oooRq=0
spark-5fa1:60:71 [0] NCCL INFO NET/IB: ncclIbReceiverQpsCreateToRts: Flush QP created: port=1 dev=1 devName=rocep1s0f1 ndevs=4 nmdevs=4 qp_num=41063 pkey=0 pd=0xe07cac03c970
spark-5fa1:60:71 [0] NCCL INFO NET/IB: Subnet-aware routing: overriding dev 1 with dev 0
spark-5fa1:60:71 [0] NCCL INFO NET/IB: ncclIbSenderQpsToRts: Set ECE: IbDev 0 Port 1 qp_num 46139 set_ece={supported=1, vendor_id=0x15b3, options=0x30000002, comp_mask=0x0}
spark-5fa1:60:71 [0] NCCL INFO NET/IB: ncclIbReceiverQpsCreateToRts: QP created: port=1 dev=1 devName=rocep1s0f1 ndevs=4 nmdevs=4 qp_num=41064 pkey=0 pd=0xe07cac03c970 oooRq=0
spark-5fa1:60:71 [0] NCCL INFO NET/IB: ncclIbReceiverQpsCreateToRts: Flush QP created: port=1 dev=1 devName=rocep1s0f1 ndevs=4 nmdevs=4 qp_num=41065 pkey=0 pd=0xe07cac03c970
spark-5fa1:60:71 [0] NCCL INFO NET/IB: ncclIbSenderQpsCreate: QP created: port=1 dev=2 devName=roceP2p1s0f0 ndevs=4 nmdevs=4 qp_num=2360 pkey=0 pd=0xe07cac362a10 oooRq=0
spark-5fa1:60:71 [0] NCCL INFO NET/IB: ncclIbConnectImpl: NCCL Dev 2 IbDev 2 Port 1 qp_num 2360 mtu 5 GID 3 (0/16EA8C0FFFF0000) ctsFifoRkey=0x172924 ctsFifoLkey=0x172924
spark-5fa1:60:71 [0] NCCL INFO NET/IB: ncclIbConnectImpl: IbDev 2 Port 1 qp_num 2360 query_ece={supported=1, vendor_id=0x15b3, options=0x30000002, comp_mask=0x0}
spark-5fa1:60:71 [0] NCCL INFO NET/IB: Subnet-aware routing: overriding dev 3 with dev 2
spark-5fa1:60:71 [0] NCCL INFO NET/IB: ncclIbResiliencyInit: Resiliency is disabled on the recv communicator (comm=0xe07cac402000)
spark-5fa1:60:71 [0] NCCL INFO NET/IB: ncclIbRecvCommInit: Receive work requests will be posted on-demand
spark-5fa1:60:71 [0] NCCL INFO NET/IB: Subnet-aware routing: overriding dev 3 with dev 2
spark-5fa1:60:71 [0] NCCL INFO NET/IB: Subnet-aware routing: overriding dev 1 with dev 0
spark-5fa1:60:71 [0] NCCL INFO NET/IB: ncclIbResiliencyInit: Resiliency is disabled on the send communicator (comm=0xe07cac44a000)
spark-5fa1:60:71 [0] NCCL INFO NET/IB: ncclIbSenderQpsToRts: Set ECE: IbDev 2 Port 1 qp_num 2360 set_ece={supported=1, vendor_id=0x15b3, options=0x30000002, comp_mask=0x0}
spark-5fa1:60:71 [0] NCCL INFO NET/IB: Subnet-aware routing: overriding dev 2 with dev 3
spark-5fa1:60:71 [0] NCCL INFO NET/IB: ncclIbReceiverQpsCreateToRts: QP created: port=1 dev=3 devName=roceP2p1s0f1 ndevs=4 nmdevs=4 qp_num=2344 pkey=0 pd=0xe07cac1095e0 oooRq=0
spark-5fa1:60:71 [0] NCCL INFO NET/IB: ncclIbReceiverQpsCreateToRts: Flush QP created: port=1 dev=3 devName=roceP2p1s0f1 ndevs=4 nmdevs=4 qp_num=2345 pkey=0 pd=0xe07cac1095e0
spark-5fa1:60:71 [0] NCCL INFO NET/IB: Subnet-aware routing: overriding dev 3 with dev 2
spark-5fa1:60:71 [0] NCCL INFO NET/IB: ncclIbSenderQpsCreate: QP created: port=1 dev=2 devName=roceP2p1s0f0 ndevs=4 nmdevs=4 qp_num=2361 pkey=0 pd=0xe07cac362a10 oooRq=0
spark-5fa1:60:71 [0] NCCL INFO NET/IB: ncclIbConnectImpl: NCCL Dev 2 IbDev 2 Port 1 qp_num 2361 mtu 5 GID 3 (0/16EA8C0FFFF0000) ctsFifoRkey=0x18f6ef ctsFifoLkey=0x18f6ef
spark-5fa1:60:71 [0] NCCL INFO NET/IB: ncclIbConnectImpl: IbDev 2 Port 1 qp_num 2361 query_ece={supported=1, vendor_id=0x15b3, options=0x30000002, comp_mask=0x0}
spark-5fa1:60:71 [0] NCCL INFO NET/IB: ncclIbReceiverQpsCreateToRts: QP created: port=1 dev=3 devName=roceP2p1s0f1 ndevs=4 nmdevs=4 qp_num=2346 pkey=0 pd=0xe07cac1095e0 oooRq=0
spark-5fa1:60:71 [0] NCCL INFO NET/IB: ncclIbReceiverQpsCreateToRts: Flush QP created: port=1 dev=3 devName=roceP2p1s0f1 ndevs=4 nmdevs=4 qp_num=2347 pkey=0 pd=0xe07cac1095e0
spark-5fa1:60:71 [0] NCCL INFO NET/IB: ncclIbSenderQpsCreate: QP created: port=1 dev=0 devName=rocep1s0f0 ndevs=4 nmdevs=4 qp_num=46140 pkey=0 pd=0xe07cac07dd30 oooRq=0
spark-5fa1:60:71 [0] NCCL INFO NET/IB: ncclIbConnectImpl: NCCL Dev 0 IbDev 0 Port 1 qp_num 46140 mtu 5 GID 6 (0/164A8C0FFFF0000) ctsFifoRkey=0x222c9b ctsFifoLkey=0x222c9b
spark-5fa1:60:71 [0] NCCL INFO NET/IB: ncclIbConnectImpl: IbDev 0 Port 1 qp_num 46140 query_ece={supported=1, vendor_id=0x15b3, options=0x30000002, comp_mask=0x0}
spark-5fa1:60:71 [0] NCCL INFO NET/IB: Subnet-aware routing: overriding dev 1 with dev 0
spark-5fa1:60:71 [0] NCCL INFO NET/IB: ncclIbResiliencyInit: Resiliency is disabled on the recv communicator (comm=0xe07cac599000)
spark-5fa1:60:71 [0] NCCL INFO NET/IB: ncclIbRecvCommInit: Receive work requests will be posted on-demand
spark-5fa1:60:71 [0] NCCL INFO NET/IB: Subnet-aware routing: overriding dev 3 with dev 2
spark-5fa1:60:71 [0] NCCL INFO NET/IB: Subnet-aware routing: overriding dev 1 with dev 0
spark-5fa1:60:71 [0] NCCL INFO NET/IB: ncclIbResiliencyInit: Resiliency is disabled on the send communicator (comm=0xe07cac5e1000)
spark-5fa1:60:71 [0] NCCL INFO NET/IB: Subnet-aware routing: overriding dev 3 with dev 2
spark-5fa1:60:71 [0] NCCL INFO NET/IB: ncclIbSenderQpsToRts: Set ECE: IbDev 2 Port 1 qp_num 2361 set_ece={supported=1, vendor_id=0x15b3, options=0x30000002, comp_mask=0x0}
spark-5fa1:60:71 [0] NCCL INFO NET/IB: ncclIbSenderQpsToRts: Set ECE: IbDev 0 Port 1 qp_num 46140 set_ece={supported=1, vendor_id=0x15b3, options=0x30000002, comp_mask=0x0}
spark-5fa1:60:71 [0] NCCL INFO NET/IB: Subnet-aware routing: overriding dev 0 with dev 1
spark-5fa1:60:71 [0] NCCL INFO NET/IB: ncclIbReceiverQpsCreateToRts: QP created: port=1 dev=1 devName=rocep1s0f1 ndevs=4 nmdevs=4 qp_num=41066 pkey=0 pd=0xe07cac03c970 oooRq=0
spark-5fa1:60:71 [0] NCCL INFO NET/IB: ncclIbReceiverQpsCreateToRts: Flush QP created: port=1 dev=1 devName=rocep1s0f1 ndevs=4 nmdevs=4 qp_num=41067 pkey=0 pd=0xe07cac03c970
spark-5fa1:60:71 [0] NCCL INFO NET/IB: Subnet-aware routing: overriding dev 1 with dev 0
spark-5fa1:60:71 [0] NCCL INFO NET/IB: ncclIbSenderQpsCreate: QP created: port=1 dev=0 devName=rocep1s0f0 ndevs=4 nmdevs=4 qp_num=46141 pkey=0 pd=0xe07cac07dd30 oooRq=0
spark-5fa1:60:71 [0] NCCL INFO NET/IB: ncclIbConnectImpl: NCCL Dev 0 IbDev 0 Port 1 qp_num 46141 mtu 5 GID 6 (0/164A8C0FFFF0000) ctsFifoRkey=0x1727e4 ctsFifoLkey=0x1727e4
spark-5fa1:60:71 [0] NCCL INFO NET/IB: ncclIbConnectImpl: IbDev 0 Port 1 qp_num 46141 query_ece={supported=1, vendor_id=0x15b3, options=0x30000002, comp_mask=0x0}
spark-5fa1:60:71 [0] NCCL INFO NET/IB: ncclIbReceiverQpsCreateToRts: QP created: port=1 dev=1 devName=rocep1s0f1 ndevs=4 nmdevs=4 qp_num=41068 pkey=0 pd=0xe07cac03c970 oooRq=0
spark-5fa1:60:71 [0] NCCL INFO NET/IB: ncclIbReceiverQpsCreateToRts: Flush QP created: port=1 dev=1 devName=rocep1s0f1 ndevs=4 nmdevs=4 qp_num=41069 pkey=0 pd=0xe07cac03c970
spark-5fa1:60:71 [0] NCCL INFO NET/IB: ncclIbResiliencyInit: Resiliency is disabled on the recv communicator (comm=0xe07cac6f3000)
spark-5fa1:60:71 [0] NCCL INFO NET/IB: ncclIbRecvCommInit: Receive work requests will be posted on-demand
spark-5fa1:60:71 [0] NCCL INFO NET/IB: Subnet-aware routing: overriding dev 1 with dev 0
spark-5fa1:60:71 [0] NCCL INFO NET/IB: Subnet-aware routing: overriding dev 3 with dev 2
spark-5fa1:60:71 [0] NCCL INFO NET/IB: ncclIbResiliencyInit: Resiliency is disabled on the send communicator (comm=0xe07cac73b000)
spark-5fa1:60:71 [0] NCCL INFO NET/IB: Subnet-aware routing: overriding dev 1 with dev 0
spark-5fa1:60:71 [0] NCCL INFO NET/IB: ncclIbSenderQpsToRts: Set ECE: IbDev 0 Port 1 qp_num 46141 set_ece={supported=1, vendor_id=0x15b3, options=0x30000002, comp_mask=0x0}
spark-5fa1:60:71 [0] NCCL INFO NET/IB: ncclIbSenderQpsCreate: QP created: port=1 dev=2 devName=roceP2p1s0f0 ndevs=4 nmdevs=4 qp_num=2362 pkey=0 pd=0xe07cac362a10 oooRq=0
spark-5fa1:60:71 [0] NCCL INFO NET/IB: ncclIbConnectImpl: NCCL Dev 2 IbDev 2 Port 1 qp_num 2362 mtu 5 GID 3 (0/16EA8C0FFFF0000) ctsFifoRkey=0x19716f ctsFifoLkey=0x19716f
spark-5fa1:60:71 [0] NCCL INFO NET/IB: ncclIbConnectImpl: IbDev 2 Port 1 qp_num 2362 query_ece={supported=1, vendor_id=0x15b3, options=0x30000002, comp_mask=0x0}
spark-5fa1:60:71 [0] NCCL INFO NET/IB: Subnet-aware routing: overriding dev 3 with dev 2
spark-5fa1:60:71 [0] NCCL INFO NET/IB: ncclIbResiliencyInit: Resiliency is disabled on the recv communicator (comm=0xe07cac7ad000)
spark-5fa1:60:71 [0] NCCL INFO NET/IB: ncclIbRecvCommInit: Receive work requests will be posted on-demand
spark-5fa1:60:71 [0] NCCL INFO NET/IB: Subnet-aware routing: overriding dev 3 with dev 2
spark-5fa1:60:71 [0] NCCL INFO NET/IB: ncclIbResiliencyInit: Resiliency is disabled on the send communicator (comm=0xe07cac7f5000)
spark-5fa1:60:71 [0] NCCL INFO NET/IB: Subnet-aware routing: overriding dev 2 with dev 3
spark-5fa1:60:71 [0] NCCL INFO NET/IB: ncclIbReceiverQpsCreateToRts: QP created: port=1 dev=3 devName=roceP2p1s0f1 ndevs=4 nmdevs=4 qp_num=2348 pkey=0 pd=0xe07cac1095e0 oooRq=0
spark-5fa1:60:71 [0] NCCL INFO NET/IB: ncclIbReceiverQpsCreateToRts: Flush QP created: port=1 dev=3 devName=roceP2p1s0f1 ndevs=4 nmdevs=4 qp_num=2349 pkey=0 pd=0xe07cac1095e0
spark-5fa1:60:71 [0] NCCL INFO NET/IB: Subnet-aware routing: overriding dev 3 with dev 2
spark-5fa1:60:71 [0] NCCL INFO NET/IB: ncclIbResiliencyInit: Resiliency is disabled on the recv communicator (comm=0xe07cac885000)
spark-5fa1:60:71 [0] NCCL INFO NET/IB: ncclIbRecvCommInit: Receive work requests will be posted on-demand
spark-5fa1:60:71 [0] NCCL INFO NET/IB: Subnet-aware routing: overriding dev 3 with dev 2
spark-5fa1:60:71 [0] NCCL INFO NET/IB: Subnet-aware routing: overriding dev 1 with dev 0
spark-5fa1:60:71 [0] NCCL INFO NET/IB: ncclIbResiliencyInit: Resiliency is disabled on the send communicator (comm=0xe07cac8cd000)
spark-5fa1:60:71 [0] NCCL INFO NET/IB: Subnet-aware routing: overriding dev 3 with dev 2
spark-5fa1:60:71 [0] NCCL INFO NET/IB: Subnet-aware routing: overriding dev 1 with dev 0
spark-5fa1:60:71 [0] NCCL INFO NET/IB: ncclIbResiliencyInit: Resiliency is disabled on the recv communicator (comm=0xe07cac911000)
spark-5fa1:60:71 [0] NCCL INFO NET/IB: ncclIbRecvCommInit: Receive work requests will be posted on-demand
spark-5fa1:60:71 [0] NCCL INFO NET/IB: Subnet-aware routing: overriding dev 3 with dev 2
spark-5fa1:60:71 [0] NCCL INFO NET/IB: Subnet-aware routing: overriding dev 1 with dev 0
spark-5fa1:60:71 [0] NCCL INFO NET/IB: ncclIbResiliencyInit: Resiliency is disabled on the send communicator (comm=0xe07cac959000)
spark-5fa1:60:71 [0] NCCL INFO NET/IB: ncclIbSenderQpsToRts: Set ECE: IbDev 2 Port 1 qp_num 2362 set_ece={supported=1, vendor_id=0x15b3, options=0x30000002, comp_mask=0x0}
spark-5fa1:60:71 [0] NCCL INFO NET/IB: Subnet-aware routing: overriding dev 3 with dev 2
spark-5fa1:60:71 [0] NCCL INFO NET/IB: ncclIbSenderQpsCreate: QP created: port=1 dev=2 devName=roceP2p1s0f0 ndevs=4 nmdevs=4 qp_num=2363 pkey=0 pd=0xe07cac362a10 oooRq=0
spark-5fa1:60:71 [0] NCCL INFO NET/IB: ncclIbConnectImpl: NCCL Dev 2 IbDev 2 Port 1 qp_num 2363 mtu 5 GID 3 (0/16EA8C0FFFF0000) ctsFifoRkey=0x198c8b ctsFifoLkey=0x198c8b
spark-5fa1:60:71 [0] NCCL INFO NET/IB: ncclIbConnectImpl: IbDev 2 Port 1 qp_num 2363 query_ece={supported=1, vendor_id=0x15b3, options=0x30000002, comp_mask=0x0}
spark-5fa1:60:71 [0] NCCL INFO NET/IB: ncclIbSenderQpsCreate: QP created: port=1 dev=0 devName=rocep1s0f0 ndevs=4 nmdevs=4 qp_num=46142 pkey=0 pd=0xe07cac07dd30 oooRq=0
spark-5fa1:60:71 [0] NCCL INFO NET/IB: ncclIbConnectImpl: NCCL Dev 0 IbDev 0 Port 1 qp_num 46142 mtu 5 GID 6 (0/164A8C0FFFF0000) ctsFifoRkey=0x222291 ctsFifoLkey=0x222291
spark-5fa1:60:71 [0] NCCL INFO NET/IB: ncclIbConnectImpl: IbDev 0 Port 1 qp_num 46142 query_ece={supported=1, vendor_id=0x15b3, options=0x30000002, comp_mask=0x0}
spark-5fa1:60:71 [0] NCCL INFO NET/IB: Subnet-aware routing: overriding dev 1 with dev 0
spark-5fa1:60:71 [0] NCCL INFO NET/IB: ncclIbSenderQpsCreate: QP created: port=1 dev=0 devName=rocep1s0f0 ndevs=4 nmdevs=4 qp_num=46143 pkey=0 pd=0xe07cac07dd30 oooRq=0
spark-5fa1:60:71 [0] NCCL INFO NET/IB: ncclIbConnectImpl: NCCL Dev 0 IbDev 0 Port 1 qp_num 46143 mtu 5 GID 6 (0/164A8C0FFFF0000) ctsFifoRkey=0x2242b1 ctsFifoLkey=0x2242b1
spark-5fa1:60:71 [0] NCCL INFO NET/IB: ncclIbConnectImpl: IbDev 0 Port 1 qp_num 46143 query_ece={supported=1, vendor_id=0x15b3, options=0x30000002, comp_mask=0x0}
spark-5fa1:60:71 [0] NCCL INFO NET/IB: ncclIbResiliencyInit: Resiliency is disabled on the recv communicator (comm=0xe07caca2f000)
spark-5fa1:60:71 [0] NCCL INFO NET/IB: ncclIbRecvCommInit: Receive work requests will be posted on-demand
spark-5fa1:60:71 [0] NCCL INFO NET/IB: Subnet-aware routing: overriding dev 3 with dev 2
spark-5fa1:60:71 [0] NCCL INFO NET/IB: Subnet-aware routing: overriding dev 1 with dev 0
spark-5fa1:60:71 [0] NCCL INFO NET/IB: Subnet-aware routing: overriding dev 3 with dev 2
spark-5fa1:60:71 [0] NCCL INFO NET/IB: ncclIbResiliencyInit: Resiliency is disabled on the send communicator (comm=0xe07caca77000)
spark-5fa1:60:71 [0] NCCL INFO NET/IB: Subnet-aware routing: overriding dev 3 with dev 2
spark-5fa1:60:71 [0] NCCL INFO NET/IB: ncclIbReceiverQpsCreateToRts: QP created: port=1 dev=3 devName=roceP2p1s0f1 ndevs=4 nmdevs=4 qp_num=2350 pkey=0 pd=0xe07cac1095e0 oooRq=0
spark-5fa1:60:71 [0] NCCL INFO NET/IB: ncclIbReceiverQpsCreateToRts: Flush QP created: port=1 dev=3 devName=roceP2p1s0f1 ndevs=4 nmdevs=4 qp_num=2351 pkey=0 pd=0xe07cac1095e0
spark-5fa1:60:71 [0] NCCL INFO NET/IB: Subnet-aware routing: overriding dev 1 with dev 0
spark-5fa1:60:71 [0] NCCL INFO NET/IB: Subnet-aware routing: overriding dev 3 with dev 2
spark-5fa1:60:71 [0] NCCL INFO NET/IB: ncclIbResiliencyInit: Resiliency is disabled on the recv communicator (comm=0xe07cacb0a000)
spark-5fa1:60:71 [0] NCCL INFO NET/IB: ncclIbRecvCommInit: Receive work requests will be posted on-demand
spark-5fa1:60:71 [0] NCCL INFO NET/IB: Subnet-aware routing: overriding dev 3 with dev 2
spark-5fa1:60:71 [0] NCCL INFO NET/IB: ncclIbSenderQpsToRts: Set ECE: IbDev 2 Port 1 qp_num 2363 set_ece={supported=1, vendor_id=0x15b3, options=0x30000002, comp_mask=0x0}
spark-5fa1:60:71 [0] NCCL INFO NET/IB: ncclIbSenderQpsToRts: Set ECE: IbDev 0 Port 1 qp_num 46142 set_ece={supported=1, vendor_id=0x15b3, options=0x30000002, comp_mask=0x0}
spark-5fa1:60:71 [0] NCCL INFO NET/IB: Subnet-aware routing: overriding dev 0 with dev 1
spark-5fa1:60:71 [0] NCCL INFO NET/IB: ncclIbReceiverQpsCreateToRts: QP created: port=1 dev=1 devName=rocep1s0f1 ndevs=4 nmdevs=4 qp_num=41070 pkey=0 pd=0xe07cac03c970 oooRq=0
spark-5fa1:60:71 [0] NCCL INFO NET/IB: ncclIbReceiverQpsCreateToRts: Flush QP created: port=1 dev=1 devName=rocep1s0f1 ndevs=4 nmdevs=4 qp_num=41071 pkey=0 pd=0xe07cac03c970
spark-5fa1:60:71 [0] NCCL INFO NET/IB: Subnet-aware routing: overriding dev 1 with dev 0
spark-5fa1:60:71 [0] NCCL INFO NET/IB: ncclIbSenderQpsToRts: Set ECE: IbDev 0 Port 1 qp_num 46143 set_ece={supported=1, vendor_id=0x15b3, options=0x30000002, comp_mask=0x0}
spark-5fa1:60:71 [0] NCCL INFO NET/IB: ncclIbSenderQpsCreate: QP created: port=1 dev=2 devName=roceP2p1s0f0 ndevs=4 nmdevs=4 qp_num=2364 pkey=0 pd=0xe07cac362a10 oooRq=0
spark-5fa1:60:71 [0] NCCL INFO NET/IB: ncclIbConnectImpl: NCCL Dev 2 IbDev 2 Port 1 qp_num 2364 mtu 5 GID 3 (0/16EA8C0FFFF0000) ctsFifoRkey=0x198381 ctsFifoLkey=0x198381
spark-5fa1:60:71 [0] NCCL INFO NET/IB: ncclIbConnectImpl: IbDev 2 Port 1 qp_num 2364 query_ece={supported=1, vendor_id=0x15b3, options=0x30000002, comp_mask=0x0}
spark-5fa1:60:71 [0] NCCL INFO NET/IB: Subnet-aware routing: overriding dev 3 with dev 2
spark-5fa1:60:71 [0] NCCL INFO NET/IB: ncclIbResiliencyInit: Resiliency is disabled on the send communicator (comm=0xe07cacbcb000)
spark-5fa1:60:71 [0] NCCL INFO NET/IB: Subnet-aware routing: overriding dev 3 with dev 2
spark-5fa1:60:71 [0] NCCL INFO NET/IB: ncclIbSenderQpsCreate: QP created: port=1 dev=2 devName=roceP2p1s0f0 ndevs=4 nmdevs=4 qp_num=2365 pkey=0 pd=0xe07cac362a10 oooRq=0
spark-5fa1:60:71 [0] NCCL INFO NET/IB: ncclIbConnectImpl: NCCL Dev 2 IbDev 2 Port 1 qp_num 2365 mtu 5 GID 3 (0/16EA8C0FFFF0000) ctsFifoRkey=0x170f0d ctsFifoLkey=0x170f0d
spark-5fa1:60:71 [0] NCCL INFO NET/IB: ncclIbConnectImpl: IbDev 2 Port 1 qp_num 2365 query_ece={supported=1, vendor_id=0x15b3, options=0x30000002, comp_mask=0x0}
spark-5fa1:60:71 [0] NCCL INFO NET/IB: ncclIbResiliencyInit: Resiliency is disabled on the recv communicator (comm=0xe07cacc3f000)
spark-5fa1:60:71 [0] NCCL INFO NET/IB: ncclIbRecvCommInit: Receive work requests will be posted on-demand
spark-5fa1:60:71 [0] NCCL INFO NET/IB: ncclIbReceiverQpsCreateToRts: QP created: port=1 dev=1 devName=rocep1s0f1 ndevs=4 nmdevs=4 qp_num=41072 pkey=0 pd=0xe07cac03c970 oooRq=0
spark-5fa1:60:71 [0] NCCL INFO NET/IB: ncclIbReceiverQpsCreateToRts: Flush QP created: port=1 dev=1 devName=rocep1s0f1 ndevs=4 nmdevs=4 qp_num=41073 pkey=0 pd=0xe07cac03c970
spark-5fa1:60:71 [0] NCCL INFO NET/IB: Subnet-aware routing: overriding dev 2 with dev 3
spark-5fa1:60:71 [0] NCCL INFO NET/IB: ncclIbReceiverQpsCreateToRts: QP created: port=1 dev=3 devName=roceP2p1s0f1 ndevs=4 nmdevs=4 qp_num=2352 pkey=0 pd=0xe07cac1095e0 oooRq=0
spark-5fa1:60:71 [0] NCCL INFO NET/IB: ncclIbReceiverQpsCreateToRts: Flush QP created: port=1 dev=3 devName=roceP2p1s0f1 ndevs=4 nmdevs=4 qp_num=2353 pkey=0 pd=0xe07cac1095e0
spark-5fa1:60:71 [0] NCCL INFO NET/IB: Subnet-aware routing: overriding dev 3 with dev 2
spark-5fa1:60:71 [0] NCCL INFO NET/IB: Subnet-aware routing: overriding dev 1 with dev 0
spark-5fa1:60:71 [0] NCCL INFO NET/IB: ncclIbResiliencyInit: Resiliency is disabled on the send communicator (comm=0xe07cacd2a000)
spark-5fa1:60:71 [0] NCCL INFO NET/IB: ncclIbSenderQpsToRts: Set ECE: IbDev 2 Port 1 qp_num 2364 set_ece={supported=1, vendor_id=0x15b3, options=0x30000002, comp_mask=0x0}
spark-5fa1:60:71 [0] NCCL INFO NET/IB: Subnet-aware routing: overriding dev 3 with dev 2
spark-5fa1:60:71 [0] NCCL INFO NET/IB: ncclIbSenderQpsToRts: Set ECE: IbDev 2 Port 1 qp_num 2365 set_ece={supported=1, vendor_id=0x15b3, options=0x30000002, comp_mask=0x0}
spark-5fa1:60:71 [0] NCCL INFO NET/IB: ncclIbReceiverQpsCreateToRts: QP created: port=1 dev=3 devName=roceP2p1s0f1 ndevs=4 nmdevs=4 qp_num=2354 pkey=0 pd=0xe07cac1095e0 oooRq=0
spark-5fa1:60:71 [0] NCCL INFO NET/IB: ncclIbReceiverQpsCreateToRts: Flush QP created: port=1 dev=3 devName=roceP2p1s0f1 ndevs=4 nmdevs=4 qp_num=2355 pkey=0 pd=0xe07cac1095e0
spark-5fa1:60:71 [0] NCCL INFO NET/IB: ncclIbSenderQpsCreate: QP created: port=1 dev=0 devName=rocep1s0f0 ndevs=4 nmdevs=4 qp_num=46144 pkey=0 pd=0xe07cac07dd30 oooRq=0
spark-5fa1:60:71 [0] NCCL INFO NET/IB: ncclIbConnectImpl: NCCL Dev 0 IbDev 0 Port 1 qp_num 46144 mtu 5 GID 6 (0/164A8C0FFFF0000) ctsFifoRkey=0x220577 ctsFifoLkey=0x220577
spark-5fa1:60:71 [0] NCCL INFO NET/IB: ncclIbConnectImpl: IbDev 0 Port 1 qp_num 46144 query_ece={supported=1, vendor_id=0x15b3, options=0x30000002, comp_mask=0x0}
spark-5fa1:60:71 [0] NCCL INFO NET/IB: Subnet-aware routing: overriding dev 1 with dev 0
spark-5fa1:60:71 [0] NCCL INFO NET/IB: ncclIbResiliencyInit: Resiliency is disabled on the recv communicator (comm=0xe07cacdeb000)
spark-5fa1:60:71 [0] NCCL INFO NET/IB: ncclIbRecvCommInit: Receive work requests will be posted on-demand
spark-5fa1:60:71 [0] NCCL INFO NET/IB: Subnet-aware routing: overriding dev 1 with dev 0
spark-5fa1:60:71 [0] NCCL INFO NET/IB: ncclIbResiliencyInit: Resiliency is disabled on the send communicator (comm=0xe07cace33000)
spark-5fa1:60:71 [0] NCCL INFO NET/IB: Subnet-aware routing: overriding dev 1 with dev 0
spark-5fa1:60:71 [0] NCCL INFO NET/IB: ncclIbResiliencyInit: Resiliency is disabled on the recv communicator (comm=0xe07cace77000)
spark-5fa1:60:71 [0] NCCL INFO NET/IB: ncclIbRecvCommInit: Receive work requests will be posted on-demand
spark-5fa1:60:71 [0] NCCL INFO NET/IB: ncclIbSenderQpsToRts: Set ECE: IbDev 0 Port 1 qp_num 46144 set_ece={supported=1, vendor_id=0x15b3, options=0x30000002, comp_mask=0x0}
spark-5fa1:60:71 [0] NCCL INFO NET/IB: Subnet-aware routing: overriding dev 0 with dev 1
spark-5fa1:60:71 [0] NCCL INFO NET/IB: ncclIbReceiverQpsCreateToRts: QP created: port=1 dev=1 devName=rocep1s0f1 ndevs=4 nmdevs=4 qp_num=41074 pkey=0 pd=0xe07cac03c970 oooRq=0
spark-5fa1:60:71 [0] NCCL INFO NET/IB: ncclIbReceiverQpsCreateToRts: Flush QP created: port=1 dev=1 devName=rocep1s0f1 ndevs=4 nmdevs=4 qp_num=41075 pkey=0 pd=0xe07cac03c970
spark-5fa1:60:71 [0] NCCL INFO NET/IB: Subnet-aware routing: overriding dev 1 with dev 0
spark-5fa1:60:71 [0] NCCL INFO NET/IB: ncclIbSenderQpsCreate: QP created: port=1 dev=0 devName=rocep1s0f0 ndevs=4 nmdevs=4 qp_num=46145 pkey=0 pd=0xe07cac07dd30 oooRq=0
spark-5fa1:60:71 [0] NCCL INFO NET/IB: ncclIbConnectImpl: NCCL Dev 0 IbDev 0 Port 1 qp_num 46145 mtu 5 GID 6 (0/164A8C0FFFF0000) ctsFifoRkey=0x1730ed ctsFifoLkey=0x1730ed
spark-5fa1:60:71 [0] NCCL INFO NET/IB: ncclIbConnectImpl: IbDev 0 Port 1 qp_num 46145 query_ece={supported=1, vendor_id=0x15b3, options=0x30000002, comp_mask=0x0}
spark-5fa1:60:71 [0] NCCL INFO NET/IB: Subnet-aware routing: overriding dev 3 with dev 2
spark-5fa1:60:71 [0] NCCL INFO NET/IB: ncclIbResiliencyInit: Resiliency is disabled on the send communicator (comm=0xe07cacf3a000)
spark-5fa1:60:71 [0] NCCL INFO NET/IB: Subnet-aware routing: overriding dev 1 with dev 0
spark-5fa1:60:71 [0] NCCL INFO NET/IB: Subnet-aware routing: overriding dev 3 with dev 2
spark-5fa1:60:71 [0] NCCL INFO NET/IB: ncclIbResiliencyInit: Resiliency is disabled on the recv communicator (comm=0xe07cacf7e000)
spark-5fa1:60:71 [0] NCCL INFO NET/IB: ncclIbRecvCommInit: Receive work requests will be posted on-demand
spark-5fa1:60:71 [0] NCCL INFO NET/IB: Subnet-aware routing: overriding dev 1 with dev 0
spark-5fa1:60:71 [0] NCCL INFO NET/IB: Subnet-aware routing: overriding dev 3 with dev 2
spark-5fa1:60:71 [0] NCCL INFO NET/IB: ncclIbResiliencyInit: Resiliency is disabled on the send communicator (comm=0xe07cacfc6000)
spark-5fa1:60:71 [0] NCCL INFO NET/IB: Subnet-aware routing: overriding dev 1 with dev 0
spark-5fa1:60:71 [0] NCCL INFO NET/IB: ncclIbSenderQpsToRts: Set ECE: IbDev 0 Port 1 qp_num 46145 set_ece={supported=1, vendor_id=0x15b3, options=0x30000002, comp_mask=0x0}
spark-5fa1:60:71 [0] NCCL INFO NET/IB: ncclIbSenderQpsCreate: QP created: port=1 dev=2 devName=roceP2p1s0f0 ndevs=4 nmdevs=4 qp_num=2366 pkey=0 pd=0xe07cac362a10 oooRq=0
spark-5fa1:60:71 [0] NCCL INFO NET/IB: ncclIbConnectImpl: NCCL Dev 2 IbDev 2 Port 1 qp_num 2366 mtu 5 GID 3 (0/16EA8C0FFFF0000) ctsFifoRkey=0x18e6e3 ctsFifoLkey=0x18e6e3
spark-5fa1:60:71 [0] NCCL INFO NET/IB: ncclIbConnectImpl: IbDev 2 Port 1 qp_num 2366 query_ece={supported=1, vendor_id=0x15b3, options=0x30000002, comp_mask=0x0}
spark-5fa1:60:71 [0] NCCL INFO NET/IB: Subnet-aware routing: overriding dev 3 with dev 2
spark-5fa1:60:71 [0] NCCL INFO NET/IB: ncclIbResiliencyInit: Resiliency is disabled on the recv communicator (comm=0xe07cad038000)
spark-5fa1:60:71 [0] NCCL INFO NET/IB: ncclIbRecvCommInit: Receive work requests will be posted on-demand
spark-5fa1:60:71 [0] NCCL INFO NET/IB: Subnet-aware routing: overriding dev 3 with dev 2
spark-5fa1:60:71 [0] NCCL INFO NET/IB: ncclIbSenderQpsCreate: QP created: port=1 dev=2 devName=roceP2p1s0f0 ndevs=4 nmdevs=4 qp_num=2367 pkey=0 pd=0xe07cac362a10 oooRq=0
spark-5fa1:60:71 [0] NCCL INFO NET/IB: ncclIbConnectImpl: NCCL Dev 2 IbDev 2 Port 1 qp_num 2367 mtu 5 GID 3 (0/16EA8C0FFFF0000) ctsFifoRkey=0x182e2d ctsFifoLkey=0x182e2d
spark-5fa1:60:71 [0] NCCL INFO NET/IB: ncclIbConnectImpl: IbDev 2 Port 1 qp_num 2367 query_ece={supported=1, vendor_id=0x15b3, options=0x30000002, comp_mask=0x0}
spark-5fa1:60:71 [0] NCCL INFO NET/IB: Subnet-aware routing: overriding dev 1 with dev 0
spark-5fa1:60:71 [0] NCCL INFO NET/IB: ncclIbResiliencyInit: Resiliency is disabled on the send communicator (comm=0xe07cad0b2000)
spark-5fa1:60:71 [0] NCCL INFO NET/IB: Subnet-aware routing: overriding dev 3 with dev 2
spark-5fa1:60:71 [0] NCCL INFO NET/IB: Subnet-aware routing: overriding dev 1 with dev 0
spark-5fa1:60:71 [0] NCCL INFO NET/IB: ncclIbResiliencyInit: Resiliency is disabled on the recv communicator (comm=0xe07cad0f3000)
spark-5fa1:60:71 [0] NCCL INFO NET/IB: ncclIbRecvCommInit: Receive work requests will be posted on-demand
spark-5fa1:60:71 [0] NCCL INFO NET/IB: Subnet-aware routing: overriding dev 3 with dev 2
spark-5fa1:60:71 [0] NCCL INFO NET/IB: Subnet-aware routing: overriding dev 1 with dev 0
spark-5fa1:60:71 [0] NCCL INFO NET/IB: ncclIbResiliencyInit: Resiliency is disabled on the send communicator (comm=0xe07cad13e000)
spark-5fa1:60:71 [0] NCCL INFO NET/IB: ncclIbReceiverQpsCreateToRts: QP created: port=1 dev=1 devName=rocep1s0f1 ndevs=4 nmdevs=4 qp_num=41076 pkey=0 pd=0xe07cac03c970 oooRq=0
spark-5fa1:60:71 [0] NCCL INFO NET/IB: ncclIbReceiverQpsCreateToRts: Flush QP created: port=1 dev=1 devName=rocep1s0f1 ndevs=4 nmdevs=4 qp_num=41077 pkey=0 pd=0xe07cac03c970
spark-5fa1:60:71 [0] NCCL INFO NET/IB: ncclIbSenderQpsToRts: Set ECE: IbDev 2 Port 1 qp_num 2366 set_ece={supported=1, vendor_id=0x15b3, options=0x30000002, comp_mask=0x0}
spark-5fa1:60:71 [0] NCCL INFO NET/IB: Subnet-aware routing: overriding dev 3 with dev 2
spark-5fa1:60:71 [0] NCCL INFO NET/IB: ncclIbSenderQpsToRts: Set ECE: IbDev 2 Port 1 qp_num 2367 set_ece={supported=1, vendor_id=0x15b3, options=0x30000002, comp_mask=0x0}
spark-5fa1:60:71 [0] NCCL INFO NET/IB: Subnet-aware routing: overriding dev 1 with dev 0
spark-5fa1:60:71 [0] NCCL INFO NET/IB: ncclIbResiliencyInit: Resiliency is disabled on the recv communicator (comm=0xe07cad1d5000)
spark-5fa1:60:71 [0] NCCL INFO NET/IB: ncclIbRecvCommInit: Receive work requests will be posted on-demand
spark-5fa1:60:71 [0] NCCL INFO NET/IB: Subnet-aware routing: overriding dev 1 with dev 0
spark-5fa1:60:71 [0] NCCL INFO NET/IB: Subnet-aware routing: overriding dev 3 with dev 2
spark-5fa1:60:71 [0] NCCL INFO NET/IB: ncclIbResiliencyInit: Resiliency is disabled on the send communicator (comm=0xe07cad21d000)
spark-5fa1:60:71 [0] NCCL INFO NET/IB: ncclIbSenderQpsCreate: QP created: port=1 dev=0 devName=rocep1s0f0 ndevs=4 nmdevs=4 qp_num=46146 pkey=0 pd=0xe07cac07dd30 oooRq=0
spark-5fa1:60:71 [0] NCCL INFO NET/IB: ncclIbConnectImpl: NCCL Dev 0 IbDev 0 Port 1 qp_num 46146 mtu 5 GID 6 (0/164A8C0FFFF0000) ctsFifoRkey=0x1601bf ctsFifoLkey=0x1601bf
spark-5fa1:60:71 [0] NCCL INFO NET/IB: ncclIbConnectImpl: IbDev 0 Port 1 qp_num 46146 query_ece={supported=1, vendor_id=0x15b3, options=0x30000002, comp_mask=0x0}
spark-5fa1:60:71 [0] NCCL INFO NET/IB: Subnet-aware routing: overriding dev 1 with dev 0
spark-5fa1:60:71 [0] NCCL INFO NET/IB: Subnet-aware routing: overriding dev 3 with dev 2
spark-5fa1:60:71 [0] NCCL INFO NET/IB: ncclIbResiliencyInit: Resiliency is disabled on the recv communicator (comm=0xe07cad28f000)
spark-5fa1:60:71 [0] NCCL INFO NET/IB: ncclIbRecvCommInit: Receive work requests will be posted on-demand
spark-5fa1:60:71 [0] NCCL INFO NET/IB: Subnet-aware routing: overriding dev 2 with dev 3
spark-5fa1:60:71 [0] NCCL INFO NET/IB: ncclIbReceiverQpsCreateToRts: QP created: port=1 dev=3 devName=roceP2p1s0f1 ndevs=4 nmdevs=4 qp_num=2356 pkey=0 pd=0xe07cac1095e0 oooRq=0
spark-5fa1:60:71 [0] NCCL INFO NET/IB: ncclIbReceiverQpsCreateToRts: Flush QP created: port=1 dev=3 devName=roceP2p1s0f1 ndevs=4 nmdevs=4 qp_num=2357 pkey=0 pd=0xe07cac1095e0
spark-5fa1:60:71 [0] NCCL INFO NET/IB: ncclIbReceiverQpsCreateToRts: QP created: port=1 dev=3 devName=roceP2p1s0f1 ndevs=4 nmdevs=4 qp_num=2358 pkey=0 pd=0xe07cac1095e0 oooRq=0
spark-5fa1:60:71 [0] NCCL INFO NET/IB: ncclIbReceiverQpsCreateToRts: Flush QP created: port=1 dev=3 devName=roceP2p1s0f1 ndevs=4 nmdevs=4 qp_num=2359 pkey=0 pd=0xe07cac1095e0
spark-5fa1:60:71 [0] NCCL INFO NET/IB: ncclIbSenderQpsToRts: Set ECE: IbDev 0 Port 1 qp_num 46146 set_ece={supported=1, vendor_id=0x15b3, options=0x30000002, comp_mask=0x0}
spark-5fa1:60:71 [0] NCCL INFO NET/IB: Subnet-aware routing: overriding dev 0 with dev 1
spark-5fa1:60:71 [0] NCCL INFO NET/IB: ncclIbReceiverQpsCreateToRts: QP created: port=1 dev=1 devName=rocep1s0f1 ndevs=4 nmdevs=4 qp_num=41078 pkey=0 pd=0xe07cac03c970 oooRq=0
spark-5fa1:60:71 [0] NCCL INFO NET/IB: ncclIbReceiverQpsCreateToRts: Flush QP created: port=1 dev=1 devName=rocep1s0f1 ndevs=4 nmdevs=4 qp_num=41079 pkey=0 pd=0xe07cac03c970
spark-5fa1:60:71 [0] NCCL INFO NET/IB: Subnet-aware routing: overriding dev 1 with dev 0
spark-5fa1:60:71 [0] NCCL INFO NET/IB: ncclIbSenderQpsCreate: QP created: port=1 dev=0 devName=rocep1s0f0 ndevs=4 nmdevs=4 qp_num=46147 pkey=0 pd=0xe07cac07dd30 oooRq=0
spark-5fa1:60:71 [0] NCCL INFO NET/IB: ncclIbConnectImpl: NCCL Dev 0 IbDev 0 Port 1 qp_num 46147 mtu 5 GID 6 (0/164A8C0FFFF0000) ctsFifoRkey=0x167432 ctsFifoLkey=0x167432
spark-5fa1:60:71 [0] NCCL INFO NET/IB: ncclIbConnectImpl: IbDev 0 Port 1 qp_num 46147 query_ece={supported=1, vendor_id=0x15b3, options=0x30000002, comp_mask=0x0}
spark-5fa1:60:71 [0] NCCL INFO NET/IB: ncclIbSenderQpsCreate: QP created: port=1 dev=2 devName=roceP2p1s0f0 ndevs=4 nmdevs=4 qp_num=2368 pkey=0 pd=0xe07cac362a10 oooRq=0
spark-5fa1:60:71 [0] NCCL INFO NET/IB: ncclIbConnectImpl: NCCL Dev 2 IbDev 2 Port 1 qp_num 2368 mtu 5 GID 3 (0/16EA8C0FFFF0000) ctsFifoRkey=0x189a98 ctsFifoLkey=0x189a98
spark-5fa1:60:71 [0] NCCL INFO NET/IB: ncclIbConnectImpl: IbDev 2 Port 1 qp_num 2368 query_ece={supported=1, vendor_id=0x15b3, options=0x30000002, comp_mask=0x0}
spark-5fa1:60:71 [0] NCCL INFO NET/IB: Subnet-aware routing: overriding dev 3 with dev 2
spark-5fa1:60:71 [0] NCCL INFO NET/IB: ncclIbResiliencyInit: Resiliency is disabled on the send communicator (comm=0xe07cad428000)
spark-5fa1:60:71 [0] NCCL INFO NET/IB: Subnet-aware routing: overriding dev 1 with dev 0
spark-5fa1:60:71 [0] NCCL INFO NET/IB: ncclIbSenderQpsToRts: Set ECE: IbDev 0 Port 1 qp_num 46147 set_ece={supported=1, vendor_id=0x15b3, options=0x30000002, comp_mask=0x0}
spark-5fa1:60:71 [0] NCCL INFO NET/IB: ncclIbSenderQpsToRts: Set ECE: IbDev 2 Port 1 qp_num 2368 set_ece={supported=1, vendor_id=0x15b3, options=0x30000002, comp_mask=0x0}
spark-5fa1:60:71 [0] NCCL INFO NET/IB: Subnet-aware routing: overriding dev 3 with dev 2
spark-5fa1:60:71 [0] NCCL INFO NET/IB: ncclIbSenderQpsCreate: QP created: port=1 dev=2 devName=roceP2p1s0f0 ndevs=4 nmdevs=4 qp_num=2369 pkey=0 pd=0xe07cac362a10 oooRq=0
spark-5fa1:60:71 [0] NCCL INFO NET/IB: ncclIbConnectImpl: NCCL Dev 2 IbDev 2 Port 1 qp_num 2369 mtu 5 GID 3 (0/16EA8C0FFFF0000) ctsFifoRkey=0x190906 ctsFifoLkey=0x190906
spark-5fa1:60:71 [0] NCCL INFO NET/IB: ncclIbConnectImpl: IbDev 2 Port 1 qp_num 2369 query_ece={supported=1, vendor_id=0x15b3, options=0x30000002, comp_mask=0x0}
spark-5fa1:60:71 [0] NCCL INFO NET/IB: ncclIbResiliencyInit: Resiliency is disabled on the recv communicator (comm=0xe07cad497000)
spark-5fa1:60:71 [0] NCCL INFO NET/IB: ncclIbRecvCommInit: Receive work requests will be posted on-demand
spark-5fa1:60:71 [0] NCCL INFO NET/IB: ncclIbReceiverQpsCreateToRts: QP created: port=1 dev=1 devName=rocep1s0f1 ndevs=4 nmdevs=4 qp_num=41080 pkey=0 pd=0xe07cac03c970 oooRq=0
spark-5fa1:60:71 [0] NCCL INFO NET/IB: ncclIbReceiverQpsCreateToRts: Flush QP created: port=1 dev=1 devName=rocep1s0f1 ndevs=4 nmdevs=4 qp_num=41081 pkey=0 pd=0xe07cac03c970
spark-5fa1:60:71 [0] NCCL INFO NET/IB: Subnet-aware routing: overriding dev 3 with dev 2
spark-5fa1:60:71 [0] NCCL INFO NET/IB: Subnet-aware routing: overriding dev 1 with dev 0
spark-5fa1:60:71 [0] NCCL INFO NET/IB: ncclIbResiliencyInit: Resiliency is disabled on the send communicator (comm=0xe07cad52e000)
spark-5fa1:60:71 [0] NCCL INFO NET/IB: Subnet-aware routing: overriding dev 2 with dev 3
spark-5fa1:60:71 [0] NCCL INFO NET/IB: ncclIbReceiverQpsCreateToRts: QP created: port=1 dev=3 devName=roceP2p1s0f1 ndevs=4 nmdevs=4 qp_num=2360 pkey=0 pd=0xe07cac1095e0 oooRq=0
spark-5fa1:60:71 [0] NCCL INFO NET/IB: ncclIbReceiverQpsCreateToRts: Flush QP created: port=1 dev=3 devName=roceP2p1s0f1 ndevs=4 nmdevs=4 qp_num=2361 pkey=0 pd=0xe07cac1095e0
spark-5fa1:60:71 [0] NCCL INFO NET/IB: Subnet-aware routing: overriding dev 3 with dev 2
spark-5fa1:60:71 [0] NCCL INFO NET/IB: Subnet-aware routing: overriding dev 1 with dev 0
spark-5fa1:60:71 [0] NCCL INFO NET/IB: ncclIbResiliencyInit: Resiliency is disabled on the recv communicator (comm=0xe07cad5c3000)
spark-5fa1:60:71 [0] NCCL INFO NET/IB: ncclIbRecvCommInit: Receive work requests will be posted on-demand
spark-5fa1:60:71 [0] NCCL INFO NET/IB: Subnet-aware routing: overriding dev 3 with dev 2
spark-5fa1:60:71 [0] NCCL INFO NET/IB: Subnet-aware routing: overriding dev 1 with dev 0
spark-5fa1:60:71 [0] NCCL INFO NET/IB: ncclIbResiliencyInit: Resiliency is disabled on the send communicator (comm=0xe07cad60b000)
spark-5fa1:60:71 [0] NCCL INFO NET/IB: Subnet-aware routing: overriding dev 3 with dev 2
spark-5fa1:60:71 [0] NCCL INFO NET/IB: ncclIbSenderQpsToRts: Set ECE: IbDev 2 Port 1 qp_num 2369 set_ece={supported=1, vendor_id=0x15b3, options=0x30000002, comp_mask=0x0}
spark-5fa1:60:71 [0] NCCL INFO NET/IB: ncclIbReceiverQpsCreateToRts: QP created: port=1 dev=3 devName=roceP2p1s0f1 ndevs=4 nmdevs=4 qp_num=2362 pkey=0 pd=0xe07cac1095e0 oooRq=0
spark-5fa1:60:71 [0] NCCL INFO NET/IB: ncclIbReceiverQpsCreateToRts: Flush QP created: port=1 dev=3 devName=roceP2p1s0f1 ndevs=4 nmdevs=4 qp_num=2363 pkey=0 pd=0xe07cac1095e0
spark-5fa1:60:71 [0] NCCL INFO NET/IB: ncclIbSenderQpsCreate: QP created: port=1 dev=0 devName=rocep1s0f0 ndevs=4 nmdevs=4 qp_num=46148 pkey=0 pd=0xe07cac07dd30 oooRq=0
spark-5fa1:60:71 [0] NCCL INFO NET/IB: ncclIbConnectImpl: NCCL Dev 0 IbDev 0 Port 1 qp_num 46148 mtu 5 GID 6 (0/164A8C0FFFF0000) ctsFifoRkey=0x18907b ctsFifoLkey=0x18907b
spark-5fa1:60:71 [0] NCCL INFO NET/IB: ncclIbConnectImpl: IbDev 0 Port 1 qp_num 46148 query_ece={supported=1, vendor_id=0x15b3, options=0x30000002, comp_mask=0x0}
spark-5fa1:60:71 [0] NCCL INFO NET/IB: Subnet-aware routing: overriding dev 1 with dev 0
spark-5fa1:60:71 [0] NCCL INFO NET/IB: ncclIbSenderQpsCreate: QP created: port=1 dev=0 devName=rocep1s0f0 ndevs=4 nmdevs=4 qp_num=46149 pkey=0 pd=0xe07cac07dd30 oooRq=0
spark-5fa1:60:71 [0] NCCL INFO NET/IB: ncclIbConnectImpl: NCCL Dev 0 IbDev 0 Port 1 qp_num 46149 mtu 5 GID 6 (0/164A8C0FFFF0000) ctsFifoRkey=0x175916 ctsFifoLkey=0x175916
spark-5fa1:60:71 [0] NCCL INFO NET/IB: ncclIbConnectImpl: IbDev 0 Port 1 qp_num 46149 query_ece={supported=1, vendor_id=0x15b3, options=0x30000002, comp_mask=0x0}
spark-5fa1:60:71 [0] NCCL INFO NET/IB: ncclIbResiliencyInit: Resiliency is disabled on the recv communicator (comm=0xe07cad6fc000)
spark-5fa1:60:71 [0] NCCL INFO NET/IB: ncclIbRecvCommInit: Receive work requests will be posted on-demand
spark-5fa1:60:71 [0] NCCL INFO NET/IB: Subnet-aware routing: overriding dev 1 with dev 0
spark-5fa1:60:71 [0] NCCL INFO NET/IB: Subnet-aware routing: overriding dev 3 with dev 2
spark-5fa1:60:71 [0] NCCL INFO NET/IB: ncclIbResiliencyInit: Resiliency is disabled on the send communicator (comm=0xe07cad744000)
spark-5fa1:60:71 [0] NCCL INFO NET/IB: Subnet-aware routing: overriding dev 1 with dev 0
spark-5fa1:60:71 [0] NCCL INFO NET/IB: Subnet-aware routing: overriding dev 3 with dev 2
spark-5fa1:60:71 [0] NCCL INFO NET/IB: ncclIbResiliencyInit: Resiliency is disabled on the recv communicator (comm=0xe07cad788000)
spark-5fa1:60:71 [0] NCCL INFO NET/IB: ncclIbRecvCommInit: Receive work requests will be posted on-demand
spark-5fa1:60:71 [0] NCCL INFO NET/IB: ncclIbSenderQpsToRts: Set ECE: IbDev 0 Port 1 qp_num 46148 set_ece={supported=1, vendor_id=0x15b3, options=0x30000002, comp_mask=0x0}
spark-5fa1:60:71 [0] NCCL INFO NET/IB: Subnet-aware routing: overriding dev 0 with dev 1
spark-5fa1:60:71 [0] NCCL INFO NET/IB: ncclIbReceiverQpsCreateToRts: QP created: port=1 dev=1 devName=rocep1s0f1 ndevs=4 nmdevs=4 qp_num=41082 pkey=0 pd=0xe07cac03c970 oooRq=0
spark-5fa1:60:71 [0] NCCL INFO NET/IB: ncclIbReceiverQpsCreateToRts: Flush QP created: port=1 dev=1 devName=rocep1s0f1 ndevs=4 nmdevs=4 qp_num=41083 pkey=0 pd=0xe07cac03c970
spark-5fa1:60:71 [0] NCCL INFO NET/IB: Subnet-aware routing: overriding dev 1 with dev 0
spark-5fa1:60:71 [0] NCCL INFO NET/IB: ncclIbSenderQpsToRts: Set ECE: IbDev 0 Port 1 qp_num 46149 set_ece={supported=1, vendor_id=0x15b3, options=0x30000002, comp_mask=0x0}
spark-5fa1:60:71 [0] NCCL INFO NET/IB: ncclIbReceiverQpsCreateToRts: QP created: port=1 dev=1 devName=rocep1s0f1 ndevs=4 nmdevs=4 qp_num=41084 pkey=0 pd=0xe07cac03c970 oooRq=0
spark-5fa1:60:71 [0] NCCL INFO NET/IB: ncclIbReceiverQpsCreateToRts: Flush QP created: port=1 dev=1 devName=rocep1s0f1 ndevs=4 nmdevs=4 qp_num=41085 pkey=0 pd=0xe07cac03c970
spark-5fa1:60:71 [0] NCCL INFO NET/IB: ncclIbSenderQpsCreate: QP created: port=1 dev=2 devName=roceP2p1s0f0 ndevs=4 nmdevs=4 qp_num=2370 pkey=0 pd=0xe07cac362a10 oooRq=0
spark-5fa1:60:71 [0] NCCL INFO NET/IB: ncclIbConnectImpl: NCCL Dev 2 IbDev 2 Port 1 qp_num 2370 mtu 5 GID 3 (0/16EA8C0FFFF0000) ctsFifoRkey=0x174846 ctsFifoLkey=0x174846
spark-5fa1:60:71 [0] NCCL INFO NET/IB: ncclIbConnectImpl: IbDev 2 Port 1 qp_num 2370 query_ece={supported=1, vendor_id=0x15b3, options=0x30000002, comp_mask=0x0}
spark-5fa1:60:71 [0] NCCL INFO NET/IB: Subnet-aware routing: overriding dev 2 with dev 3
spark-5fa1:60:71 [0] NCCL INFO NET/IB: ncclIbReceiverQpsCreateToRts: QP created: port=1 dev=3 devName=roceP2p1s0f1 ndevs=4 nmdevs=4 qp_num=2364 pkey=0 pd=0xe07cac1095e0 oooRq=0
spark-5fa1:60:71 [0] NCCL INFO NET/IB: ncclIbReceiverQpsCreateToRts: Flush QP created: port=1 dev=3 devName=roceP2p1s0f1 ndevs=4 nmdevs=4 qp_num=2365 pkey=0 pd=0xe07cac1095e0
spark-5fa1:60:71 [0] NCCL INFO NET/IB: Subnet-aware routing: overriding dev 3 with dev 2
spark-5fa1:60:71 [0] NCCL INFO NET/IB: ncclIbSenderQpsCreate: QP created: port=1 dev=2 devName=roceP2p1s0f0 ndevs=4 nmdevs=4 qp_num=2371 pkey=0 pd=0xe07cac362a10 oooRq=0
spark-5fa1:60:71 [0] NCCL INFO NET/IB: ncclIbConnectImpl: NCCL Dev 2 IbDev 2 Port 1 qp_num 2371 mtu 5 GID 3 (0/16EA8C0FFFF0000) ctsFifoRkey=0x172e2b ctsFifoLkey=0x172e2b
spark-5fa1:60:71 [0] NCCL INFO NET/IB: ncclIbConnectImpl: IbDev 2 Port 1 qp_num 2371 query_ece={supported=1, vendor_id=0x15b3, options=0x30000002, comp_mask=0x0}
spark-5fa1:60:71 [0] NCCL INFO NET/IB: ncclIbResiliencyInit: Resiliency is disabled on the send communicator (comm=0xe07cad920000)
spark-5fa1:60:71 [0] NCCL INFO NET/IB: ncclIbSenderQpsToRts: Set ECE: IbDev 2 Port 1 qp_num 2370 set_ece={supported=1, vendor_id=0x15b3, options=0x30000002, comp_mask=0x0}
spark-5fa1:60:71 [0] NCCL INFO NET/IB: Subnet-aware routing: overriding dev 3 with dev 2
spark-5fa1:60:71 [0] NCCL INFO NET/IB: ncclIbSenderQpsToRts: Set ECE: IbDev 2 Port 1 qp_num 2371 set_ece={supported=1, vendor_id=0x15b3, options=0x30000002, comp_mask=0x0}
spark-5fa1:60:71 [0] NCCL INFO NET/IB: ncclIbResiliencyInit: Resiliency is disabled on the recv communicator (comm=0xe07cad964000)
spark-5fa1:60:71 [0] NCCL INFO NET/IB: ncclIbRecvCommInit: Receive work requests will be posted on-demand
spark-5fa1:60:71 [0] NCCL INFO NET/IB: Subnet-aware routing: overriding dev 1 with dev 0
spark-5fa1:60:71 [0] NCCL INFO NET/IB: ncclIbResiliencyInit: Resiliency is disabled on the send communicator (comm=0xe07cad9ac000)
spark-5fa1:60:71 [0] NCCL INFO NET/IB: Subnet-aware routing: overriding dev 1 with dev 0
spark-5fa1:60:71 [0] NCCL INFO NET/IB: ncclIbResiliencyInit: Resiliency is disabled on the recv communicator (comm=0xe07cad9ed000)
spark-5fa1:60:71 [0] NCCL INFO NET/IB: ncclIbRecvCommInit: Receive work requests will be posted on-demand
spark-5fa1:60:71 [0] NCCL INFO NET/IB: Subnet-aware routing: overriding dev 1 with dev 0
spark-5fa1:60:71 [0] NCCL INFO NET/IB: ncclIbResiliencyInit: Resiliency is disabled on the send communicator (comm=0xe07cada38000)
spark-5fa1:60:71 [0] NCCL INFO NET/IB: ncclIbReceiverQpsCreateToRts: QP created: port=1 dev=3 devName=roceP2p1s0f1 ndevs=4 nmdevs=4 qp_num=2366 pkey=0 pd=0xe07cac1095e0 oooRq=0
spark-5fa1:60:71 [0] NCCL INFO NET/IB: ncclIbReceiverQpsCreateToRts: Flush QP created: port=1 dev=3 devName=roceP2p1s0f1 ndevs=4 nmdevs=4 qp_num=2367 pkey=0 pd=0xe07cac1095e0
spark-5fa1:60:71 [0] NCCL INFO NET/IB: ncclIbSenderQpsCreate: QP created: port=1 dev=0 devName=rocep1s0f0 ndevs=4 nmdevs=4 qp_num=46150 pkey=0 pd=0xe07cac07dd30 oooRq=0
spark-5fa1:60:71 [0] NCCL INFO NET/IB: ncclIbConnectImpl: NCCL Dev 0 IbDev 0 Port 1 qp_num 46150 mtu 5 GID 6 (0/164A8C0FFFF0000) ctsFifoRkey=0x1738f5 ctsFifoLkey=0x1738f5
spark-5fa1:60:71 [0] NCCL INFO NET/IB: ncclIbConnectImpl: IbDev 0 Port 1 qp_num 46150 query_ece={supported=1, vendor_id=0x15b3, options=0x30000002, comp_mask=0x0}
spark-5fa1:60:71 [0] NCCL INFO NET/IB: Subnet-aware routing: overriding dev 0 with dev 1
spark-5fa1:60:71 [0] NCCL INFO NET/IB: ncclIbReceiverQpsCreateToRts: QP created: port=1 dev=1 devName=rocep1s0f1 ndevs=4 nmdevs=4 qp_num=41086 pkey=0 pd=0xe07cac03c970 oooRq=0
spark-5fa1:60:71 [0] NCCL INFO NET/IB: ncclIbReceiverQpsCreateToRts: Flush QP created: port=1 dev=1 devName=rocep1s0f1 ndevs=4 nmdevs=4 qp_num=41087 pkey=0 pd=0xe07cac03c970
spark-5fa1:60:71 [0] NCCL INFO NET/IB: Subnet-aware routing: overriding dev 1 with dev 0
spark-5fa1:60:71 [0] NCCL INFO NET/IB: ncclIbSenderQpsCreate: QP created: port=1 dev=0 devName=rocep1s0f0 ndevs=4 nmdevs=4 qp_num=46151 pkey=0 pd=0xe07cac07dd30 oooRq=0
spark-5fa1:60:71 [0] NCCL INFO NET/IB: ncclIbConnectImpl: NCCL Dev 0 IbDev 0 Port 1 qp_num 46151 mtu 5 GID 6 (0/164A8C0FFFF0000) ctsFifoRkey=0x17f2af ctsFifoLkey=0x17f2af
spark-5fa1:60:71 [0] NCCL INFO NET/IB: ncclIbConnectImpl: IbDev 0 Port 1 qp_num 46151 query_ece={supported=1, vendor_id=0x15b3, options=0x30000002, comp_mask=0x0}
spark-5fa1:60:71 [0] NCCL INFO NET/IB: ncclIbResiliencyInit: Resiliency is disabled on the recv communicator (comm=0xe07cadb78000)
spark-5fa1:60:71 [0] NCCL INFO NET/IB: ncclIbRecvCommInit: Receive work requests will be posted on-demand
spark-5fa1:60:71 [0] NCCL INFO NET/IB: Subnet-aware routing: overriding dev 1 with dev 0
spark-5fa1:60:71 [0] NCCL INFO NET/IB: Subnet-aware routing: overriding dev 3 with dev 2
spark-5fa1:60:71 [0] NCCL INFO NET/IB: ncclIbResiliencyInit: Resiliency is disabled on the send communicator (comm=0xe07cadbc0000)
spark-5fa1:60:71 [0] NCCL INFO NET/IB: Subnet-aware routing: overriding dev 1 with dev 0
spark-5fa1:60:71 [0] NCCL INFO NET/IB: Subnet-aware routing: overriding dev 3 with dev 2
spark-5fa1:60:71 [0] NCCL INFO NET/IB: ncclIbResiliencyInit: Resiliency is disabled on the recv communicator (comm=0xe07cadc01000)
spark-5fa1:60:71 [0] NCCL INFO NET/IB: ncclIbRecvCommInit: Receive work requests will be posted on-demand
spark-5fa1:60:71 [0] NCCL INFO NET/IB: ncclIbSenderQpsToRts: Set ECE: IbDev 0 Port 1 qp_num 46150 set_ece={supported=1, vendor_id=0x15b3, options=0x30000002, comp_mask=0x0}
spark-5fa1:60:71 [0] NCCL INFO NET/IB: Subnet-aware routing: overriding dev 1 with dev 0
spark-5fa1:60:71 [0] NCCL INFO NET/IB: ncclIbSenderQpsToRts: Set ECE: IbDev 0 Port 1 qp_num 46151 set_ece={supported=1, vendor_id=0x15b3, options=0x30000002, comp_mask=0x0}
spark-5fa1:60:71 [0] NCCL INFO NET/IB: ncclIbReceiverQpsCreateToRts: QP created: port=1 dev=1 devName=rocep1s0f1 ndevs=4 nmdevs=4 qp_num=41088 pkey=0 pd=0xe07cac03c970 oooRq=0
spark-5fa1:60:71 [0] NCCL INFO NET/IB: ncclIbReceiverQpsCreateToRts: Flush QP created: port=1 dev=1 devName=rocep1s0f1 ndevs=4 nmdevs=4 qp_num=41089 pkey=0 pd=0xe07cac03c970
spark-5fa1:60:71 [0] NCCL INFO NET/IB: ncclIbSenderQpsCreate: QP created: port=1 dev=2 devName=roceP2p1s0f0 ndevs=4 nmdevs=4 qp_num=2372 pkey=0 pd=0xe07cac362a10 oooRq=0
spark-5fa1:60:71 [0] NCCL INFO NET/IB: ncclIbConnectImpl: NCCL Dev 2 IbDev 2 Port 1 qp_num 2372 mtu 5 GID 3 (0/16EA8C0FFFF0000) ctsFifoRkey=0x1cab46 ctsFifoLkey=0x1cab46
spark-5fa1:60:71 [0] NCCL INFO NET/IB: ncclIbConnectImpl: IbDev 2 Port 1 qp_num 2372 query_ece={supported=1, vendor_id=0x15b3, options=0x30000002, comp_mask=0x0}
spark-5fa1:60:71 [0] NCCL INFO NET/IB: Subnet-aware routing: overriding dev 3 with dev 2
spark-5fa1:60:71 [0] NCCL INFO NET/IB: ncclIbSenderQpsCreate: QP created: port=1 dev=2 devName=roceP2p1s0f0 ndevs=4 nmdevs=4 qp_num=2373 pkey=0 pd=0xe07cac362a10 oooRq=0
spark-5fa1:60:71 [0] NCCL INFO NET/IB: ncclIbConnectImpl: NCCL Dev 2 IbDev 2 Port 1 qp_num 2373 mtu 5 GID 3 (0/16EA8C0FFFF0000) ctsFifoRkey=0x192221 ctsFifoLkey=0x192221
spark-5fa1:60:71 [0] NCCL INFO NET/IB: ncclIbConnectImpl: IbDev 2 Port 1 qp_num 2373 query_ece={supported=1, vendor_id=0x15b3, options=0x30000002, comp_mask=0x0}
spark-5fa1:60:71 [0] NCCL INFO NET/IB: ncclIbResiliencyInit: Resiliency is disabled on the send communicator (comm=0xe07cadcf8000)
spark-5fa1:60:71 [0] NCCL INFO NET/IB: Subnet-aware routing: overriding dev 3 with dev 2
spark-5fa1:60:71 [0] NCCL INFO NET/IB: ncclIbResiliencyInit: Resiliency is disabled on the recv communicator (comm=0xe07cadd3c000)
spark-5fa1:60:71 [0] NCCL INFO NET/IB: ncclIbRecvCommInit: Receive work requests will be posted on-demand
spark-5fa1:60:71 [0] NCCL INFO NET/IB: ncclIbSenderQpsToRts: Set ECE: IbDev 2 Port 1 qp_num 2372 set_ece={supported=1, vendor_id=0x15b3, options=0x30000002, comp_mask=0x0}
spark-5fa1:60:71 [0] NCCL INFO NET/IB: Subnet-aware routing: overriding dev 2 with dev 3
spark-5fa1:60:71 [0] NCCL INFO NET/IB: ncclIbReceiverQpsCreateToRts: QP created: port=1 dev=3 devName=roceP2p1s0f1 ndevs=4 nmdevs=4 qp_num=2368 pkey=0 pd=0xe07cac1095e0 oooRq=0
spark-5fa1:60:71 [0] NCCL INFO NET/IB: ncclIbReceiverQpsCreateToRts: Flush QP created: port=1 dev=3 devName=roceP2p1s0f1 ndevs=4 nmdevs=4 qp_num=2369 pkey=0 pd=0xe07cac1095e0
spark-5fa1:60:71 [0] NCCL INFO NET/IB: Subnet-aware routing: overriding dev 3 with dev 2
spark-5fa1:60:71 [0] NCCL INFO NET/IB: ncclIbSenderQpsToRts: Set ECE: IbDev 2 Port 1 qp_num 2373 set_ece={supported=1, vendor_id=0x15b3, options=0x30000002, comp_mask=0x0}
spark-5fa1:60:71 [0] NCCL INFO NET/IB: ncclIbReceiverQpsCreateToRts: QP created: port=1 dev=3 devName=roceP2p1s0f1 ndevs=4 nmdevs=4 qp_num=2370 pkey=0 pd=0xe07cac1095e0 oooRq=0
spark-5fa1:60:71 [0] NCCL INFO NET/IB: ncclIbReceiverQpsCreateToRts: Flush QP created: port=1 dev=3 devName=roceP2p1s0f1 ndevs=4 nmdevs=4 qp_num=2371 pkey=0 pd=0xe07cac1095e0
spark-5fa1:60:71 [0] NCCL INFO NET/IB: ncclIbSenderQpsCreate: QP created: port=1 dev=0 devName=rocep1s0f0 ndevs=4 nmdevs=4 qp_num=46152 pkey=0 pd=0xe07cac07dd30 oooRq=0
spark-5fa1:60:71 [0] NCCL INFO NET/IB: ncclIbConnectImpl: NCCL Dev 0 IbDev 0 Port 1 qp_num 46152 mtu 5 GID 6 (0/164A8C0FFFF0000) ctsFifoRkey=0x18aa95 ctsFifoLkey=0x18aa95
spark-5fa1:60:71 [0] NCCL INFO NET/IB: ncclIbConnectImpl: IbDev 0 Port 1 qp_num 46152 query_ece={supported=1, vendor_id=0x15b3, options=0x30000002, comp_mask=0x0}
spark-5fa1:60:71 [0] NCCL INFO NET/IB: Subnet-aware routing: overriding dev 1 with dev 0
spark-5fa1:60:71 [0] NCCL INFO NET/IB: ncclIbResiliencyInit: Resiliency is disabled on the send communicator (comm=0xe07cade51000)
spark-5fa1:60:71 [0] NCCL INFO NET/IB: ncclIbSenderQpsToRts: Set ECE: IbDev 0 Port 1 qp_num 46152 set_ece={supported=1, vendor_id=0x15b3, options=0x30000002, comp_mask=0x0}
spark-5fa1:60:71 [0] NCCL INFO NET/IB: Subnet-aware routing: overriding dev 0 with dev 1
spark-5fa1:60:71 [0] NCCL INFO NET/IB: ncclIbReceiverQpsCreateToRts: QP created: port=1 dev=1 devName=rocep1s0f1 ndevs=4 nmdevs=4 qp_num=41090 pkey=0 pd=0xe07cac03c970 oooRq=0
spark-5fa1:60:71 [0] NCCL INFO NET/IB: ncclIbReceiverQpsCreateToRts: Flush QP created: port=1 dev=1 devName=rocep1s0f1 ndevs=4 nmdevs=4 qp_num=41091 pkey=0 pd=0xe07cac03c970
spark-5fa1:60:71 [0] NCCL INFO NET/IB: Subnet-aware routing: overriding dev 1 with dev 0
spark-5fa1:60:71 [0] NCCL INFO NET/IB: ncclIbResiliencyInit: Resiliency is disabled on the recv communicator (comm=0xe07cadee2000)
spark-5fa1:60:71 [0] NCCL INFO NET/IB: ncclIbRecvCommInit: Receive work requests will be posted on-demand
spark-5fa1:60:71 [0] NCCL INFO NET/IB: Subnet-aware routing: overriding dev 1 with dev 0
spark-5fa1:60:71 [0] NCCL INFO NET/IB: ncclIbResiliencyInit: Resiliency is disabled on the send communicator (comm=0xe07cadf2a000)
spark-5fa1:60:71 [0] NCCL INFO NET/IB: Subnet-aware routing: overriding dev 1 with dev 0
spark-5fa1:60:71 [0] NCCL INFO NET/IB: ncclIbResiliencyInit: Resiliency is disabled on the recv communicator (comm=0xe07cadf6b000)
spark-5fa1:60:71 [0] NCCL INFO NET/IB: ncclIbRecvCommInit: Receive work requests will be posted on-demand
spark-5fa1:60:71 [0] NCCL INFO NET/IB: Subnet-aware routing: overriding dev 1 with dev 0
spark-5fa1:60:71 [0] NCCL INFO NET/IB: Subnet-aware routing: overriding dev 3 with dev 2
spark-5fa1:60:71 [0] NCCL INFO NET/IB: ncclIbResiliencyInit: Resiliency is disabled on the send communicator (comm=0xe07cadfb3000)
spark-5fa1:60:71 [0] NCCL INFO NET/IB: Subnet-aware routing: overriding dev 1 with dev 0
spark-5fa1:60:71 [0] NCCL INFO NET/IB: Subnet-aware routing: overriding dev 3 with dev 2
spark-5fa1:60:71 [0] NCCL INFO NET/IB: ncclIbResiliencyInit: Resiliency is disabled on the recv communicator (comm=0xe07cadffa000)
spark-5fa1:60:71 [0] NCCL INFO NET/IB: ncclIbRecvCommInit: Receive work requests will be posted on-demand
spark-5fa1:60:71 [0] NCCL INFO NET/IB: Subnet-aware routing: overriding dev 1 with dev 0
spark-5fa1:60:71 [0] NCCL INFO NET/IB: ncclIbSenderQpsCreate: QP created: port=1 dev=0 devName=rocep1s0f0 ndevs=4 nmdevs=4 qp_num=46153 pkey=0 pd=0xe07cac07dd30 oooRq=0
spark-5fa1:60:71 [0] NCCL INFO NET/IB: ncclIbConnectImpl: NCCL Dev 0 IbDev 0 Port 1 qp_num 46153 mtu 5 GID 6 (0/164A8C0FFFF0000) ctsFifoRkey=0x221081 ctsFifoLkey=0x221081
spark-5fa1:60:71 [0] NCCL INFO NET/IB: ncclIbConnectImpl: IbDev 0 Port 1 qp_num 46153 query_ece={supported=1, vendor_id=0x15b3, options=0x30000002, comp_mask=0x0}
spark-5fa1:60:71 [0] NCCL INFO NET/IB: ncclIbSenderQpsCreate: QP created: port=1 dev=2 devName=roceP2p1s0f0 ndevs=4 nmdevs=4 qp_num=2374 pkey=0 pd=0xe07cac362a10 oooRq=0
spark-5fa1:60:71 [0] NCCL INFO NET/IB: ncclIbConnectImpl: NCCL Dev 2 IbDev 2 Port 1 qp_num 2374 mtu 5 GID 3 (0/16EA8C0FFFF0000) ctsFifoRkey=0x188e8c ctsFifoLkey=0x188e8c
spark-5fa1:60:71 [0] NCCL INFO NET/IB: ncclIbConnectImpl: IbDev 2 Port 1 qp_num 2374 query_ece={supported=1, vendor_id=0x15b3, options=0x30000002, comp_mask=0x0}
spark-5fa1:60:71 [0] NCCL INFO NET/IB: Subnet-aware routing: overriding dev 3 with dev 2
spark-5fa1:60:71 [0] NCCL INFO NET/IB: ncclIbSenderQpsCreate: QP created: port=1 dev=2 devName=roceP2p1s0f0 ndevs=4 nmdevs=4 qp_num=2375 pkey=0 pd=0xe07cac362a10 oooRq=0
spark-5fa1:60:71 [0] NCCL INFO NET/IB: ncclIbConnectImpl: NCCL Dev 2 IbDev 2 Port 1 qp_num 2375 mtu 5 GID 3 (0/16EA8C0FFFF0000) ctsFifoRkey=0x191e1c ctsFifoLkey=0x191e1c
spark-5fa1:60:71 [0] NCCL INFO NET/IB: ncclIbConnectImpl: IbDev 2 Port 1 qp_num 2375 query_ece={supported=1, vendor_id=0x15b3, options=0x30000002, comp_mask=0x0}
spark-5fa1:60:71 [0] NCCL INFO NET/IB: ncclIbResiliencyInit: Resiliency is disabled on the send communicator (comm=0xe07cae0d4000)
spark-5fa1:60:71 [0] NCCL INFO NET/IB: Subnet-aware routing: overriding dev 1 with dev 0
spark-5fa1:60:71 [0] NCCL INFO NET/IB: ncclIbSenderQpsToRts: Set ECE: IbDev 0 Port 1 qp_num 46153 set_ece={supported=1, vendor_id=0x15b3, options=0x30000002, comp_mask=0x0}
spark-5fa1:60:71 [0] NCCL INFO NET/IB: ncclIbReceiverQpsCreateToRts: QP created: port=1 dev=1 devName=rocep1s0f1 ndevs=4 nmdevs=4 qp_num=41092 pkey=0 pd=0xe07cac03c970 oooRq=0
spark-5fa1:60:71 [0] NCCL INFO NET/IB: ncclIbReceiverQpsCreateToRts: Flush QP created: port=1 dev=1 devName=rocep1s0f1 ndevs=4 nmdevs=4 qp_num=41093 pkey=0 pd=0xe07cac03c970
spark-5fa1:60:71 [0] NCCL INFO NET/IB: ncclIbSenderQpsToRts: Set ECE: IbDev 2 Port 1 qp_num 2374 set_ece={supported=1, vendor_id=0x15b3, options=0x30000002, comp_mask=0x0}
spark-5fa1:60:71 [0] NCCL INFO NET/IB: Subnet-aware routing: overriding dev 2 with dev 3
spark-5fa1:60:71 [0] NCCL INFO NET/IB: ncclIbReceiverQpsCreateToRts: QP created: port=1 dev=3 devName=roceP2p1s0f1 ndevs=4 nmdevs=4 qp_num=2372 pkey=0 pd=0xe07cac1095e0 oooRq=0
spark-5fa1:60:71 [0] NCCL INFO NET/IB: ncclIbReceiverQpsCreateToRts: Flush QP created: port=1 dev=3 devName=roceP2p1s0f1 ndevs=4 nmdevs=4 qp_num=2373 pkey=0 pd=0xe07cac1095e0
spark-5fa1:60:71 [0] NCCL INFO NET/IB: Subnet-aware routing: overriding dev 3 with dev 2
spark-5fa1:60:71 [0] NCCL INFO NET/IB: ncclIbSenderQpsToRts: Set ECE: IbDev 2 Port 1 qp_num 2375 set_ece={supported=1, vendor_id=0x15b3, options=0x30000002, comp_mask=0x0}
spark-5fa1:60:71 [0] NCCL INFO NET/IB: ncclIbResiliencyInit: Resiliency is disabled on the recv communicator (comm=0xe07cae1b8000)
spark-5fa1:60:71 [0] NCCL INFO NET/IB: ncclIbRecvCommInit: Receive work requests will be posted on-demand
spark-5fa1:60:71 [0] NCCL INFO NET/IB: ncclIbSenderQpsCreate: QP created: port=1 dev=0 devName=rocep1s0f0 ndevs=4 nmdevs=4 qp_num=46154 pkey=0 pd=0xe07cac07dd30 oooRq=0
spark-5fa1:60:71 [0] NCCL INFO NET/IB: ncclIbConnectImpl: NCCL Dev 0 IbDev 0 Port 1 qp_num 46154 mtu 5 GID 6 (0/164A8C0FFFF0000) ctsFifoRkey=0x181dda ctsFifoLkey=0x181dda
spark-5fa1:60:71 [0] NCCL INFO NET/IB: ncclIbConnectImpl: IbDev 0 Port 1 qp_num 46154 query_ece={supported=1, vendor_id=0x15b3, options=0x30000002, comp_mask=0x0}
spark-5fa1:60:71 [0] NCCL INFO NET/IB: Subnet-aware routing: overriding dev 1 with dev 0
spark-5fa1:60:71 [0] NCCL INFO NET/IB: ncclIbResiliencyInit: Resiliency is disabled on the send communicator (comm=0xe07cae22e000)
spark-5fa1:60:71 [0] NCCL INFO NET/IB: ncclIbReceiverQpsCreateToRts: QP created: port=1 dev=3 devName=roceP2p1s0f1 ndevs=4 nmdevs=4 qp_num=2374 pkey=0 pd=0xe07cac1095e0 oooRq=0
spark-5fa1:60:71 [0] NCCL INFO NET/IB: ncclIbReceiverQpsCreateToRts: Flush QP created: port=1 dev=3 devName=roceP2p1s0f1 ndevs=4 nmdevs=4 qp_num=2375 pkey=0 pd=0xe07cac1095e0
spark-5fa1:60:71 [0] NCCL INFO NET/IB: Subnet-aware routing: overriding dev 0 with dev 1
spark-5fa1:60:71 [0] NCCL INFO NET/IB: ncclIbReceiverQpsCreateToRts: QP created: port=1 dev=1 devName=rocep1s0f1 ndevs=4 nmdevs=4 qp_num=41094 pkey=0 pd=0xe07cac03c970 oooRq=0
spark-5fa1:60:71 [0] NCCL INFO NET/IB: ncclIbReceiverQpsCreateToRts: Flush QP created: port=1 dev=1 devName=rocep1s0f1 ndevs=4 nmdevs=4 qp_num=41095 pkey=0 pd=0xe07cac03c970
spark-5fa1:60:71 [0] NCCL INFO NET/IB: Subnet-aware routing: overriding dev 1 with dev 0
spark-5fa1:60:71 [0] NCCL INFO NET/IB: ncclIbResiliencyInit: Resiliency is disabled on the recv communicator (comm=0xe07cae30f000)
spark-5fa1:60:71 [0] NCCL INFO NET/IB: ncclIbRecvCommInit: Receive work requests will be posted on-demand
spark-5fa1:60:71 [0] NCCL INFO NET/IB: Subnet-aware routing: overriding dev 1 with dev 0
spark-5fa1:60:71 [0] NCCL INFO NET/IB: ncclIbResiliencyInit: Resiliency is disabled on the send communicator (comm=0xe07cae357000)
spark-5fa1:60:71 [0] NCCL INFO NET/IB: ncclIbSenderQpsToRts: Set ECE: IbDev 0 Port 1 qp_num 46154 set_ece={supported=1, vendor_id=0x15b3, options=0x30000002, comp_mask=0x0}
spark-5fa1:60:71 [0] NCCL INFO NET/IB: Subnet-aware routing: overriding dev 1 with dev 0
spark-5fa1:60:71 [0] NCCL INFO NET/IB: ncclIbSenderQpsCreate: QP created: port=1 dev=0 devName=rocep1s0f0 ndevs=4 nmdevs=4 qp_num=46155 pkey=0 pd=0xe07cac07dd30 oooRq=0
spark-5fa1:60:71 [0] NCCL INFO NET/IB: ncclIbConnectImpl: NCCL Dev 0 IbDev 0 Port 1 qp_num 46155 mtu 5 GID 6 (0/164A8C0FFFF0000) ctsFifoRkey=0x16c987 ctsFifoLkey=0x16c987
spark-5fa1:60:71 [0] NCCL INFO NET/IB: ncclIbConnectImpl: IbDev 0 Port 1 qp_num 46155 query_ece={supported=1, vendor_id=0x15b3, options=0x30000002, comp_mask=0x0}
spark-5fa1:60:71 [0] NCCL INFO NET/IB: ncclIbResiliencyInit: Resiliency is disabled on the recv communicator (comm=0xe07cae3cb000)
spark-5fa1:60:71 [0] NCCL INFO NET/IB: ncclIbRecvCommInit: Receive work requests will be posted on-demand
spark-5fa1:60:71 [0] NCCL INFO NET/IB: Subnet-aware routing: overriding dev 1 with dev 0
spark-5fa1:60:71 [0] NCCL INFO NET/IB: ncclIbSenderQpsCreate: QP created: port=1 dev=2 devName=roceP2p1s0f0 ndevs=4 nmdevs=4 qp_num=2376 pkey=0 pd=0xe07cac362a10 oooRq=0
spark-5fa1:60:71 [0] NCCL INFO NET/IB: ncclIbConnectImpl: NCCL Dev 2 IbDev 2 Port 1 qp_num 2376 mtu 5 GID 3 (0/16EA8C0FFFF0000) ctsFifoRkey=0x18dcd9 ctsFifoLkey=0x18dcd9
spark-5fa1:60:71 [0] NCCL INFO NET/IB: ncclIbConnectImpl: IbDev 2 Port 1 qp_num 2376 query_ece={supported=1, vendor_id=0x15b3, options=0x30000002, comp_mask=0x0}
spark-5fa1:60:71 [0] NCCL INFO NET/IB: Subnet-aware routing: overriding dev 3 with dev 2
spark-5fa1:60:71 [0] NCCL INFO NET/IB: ncclIbResiliencyInit: Resiliency is disabled on the send communicator (comm=0xe07cae441000)
spark-5fa1:60:71 [0] NCCL INFO NET/IB: Subnet-aware routing: overriding dev 1 with dev 0
spark-5fa1:60:71 [0] NCCL INFO NET/IB: ncclIbSenderQpsToRts: Set ECE: IbDev 0 Port 1 qp_num 46155 set_ece={supported=1, vendor_id=0x15b3, options=0x30000002, comp_mask=0x0}
spark-5fa1:60:71 [0] NCCL INFO NET/IB: ncclIbReceiverQpsCreateToRts: QP created: port=1 dev=1 devName=rocep1s0f1 ndevs=4 nmdevs=4 qp_num=41096 pkey=0 pd=0xe07cac03c970 oooRq=0
spark-5fa1:60:71 [0] NCCL INFO NET/IB: ncclIbReceiverQpsCreateToRts: Flush QP created: port=1 dev=1 devName=rocep1s0f1 ndevs=4 nmdevs=4 qp_num=41097 pkey=0 pd=0xe07cac03c970
spark-5fa1:60:71 [0] NCCL INFO NET/IB: Subnet-aware routing: overriding dev 3 with dev 2
spark-5fa1:60:71 [0] NCCL INFO NET/IB: ncclIbResiliencyInit: Resiliency is disabled on the recv communicator (comm=0xe07cae4d5000)
spark-5fa1:60:71 [0] NCCL INFO NET/IB: ncclIbRecvCommInit: Receive work requests will be posted on-demand
spark-5fa1:60:71 [0] NCCL INFO NET/IB: ncclIbSenderQpsToRts: Set ECE: IbDev 2 Port 1 qp_num 2376 set_ece={supported=1, vendor_id=0x15b3, options=0x30000002, comp_mask=0x0}
spark-5fa1:60:71 [0] NCCL INFO NET/IB: Subnet-aware routing: overriding dev 3 with dev 2
spark-5fa1:60:71 [0] NCCL INFO NET/IB: ncclIbResiliencyInit: Resiliency is disabled on the send communicator (comm=0xe07cae51d000)
spark-5fa1:60:71 [0] NCCL INFO NET/IB: Subnet-aware routing: overriding dev 3 with dev 2
spark-5fa1:60:71 [0] NCCL INFO NET/IB: ncclIbReceiverQpsCreateToRts: QP created: port=1 dev=3 devName=roceP2p1s0f1 ndevs=4 nmdevs=4 qp_num=2376 pkey=0 pd=0xe07cac1095e0 oooRq=0
spark-5fa1:60:71 [0] NCCL INFO NET/IB: ncclIbReceiverQpsCreateToRts: Flush QP created: port=1 dev=3 devName=roceP2p1s0f1 ndevs=4 nmdevs=4 qp_num=2377 pkey=0 pd=0xe07cac1095e0
spark-5fa1:60:71 [0] NCCL INFO NET/IB: ncclIbResiliencyInit: Resiliency is disabled on the recv communicator (comm=0xe07cae5ad000)
spark-5fa1:60:71 [0] NCCL INFO NET/IB: ncclIbRecvCommInit: Receive work requests will be posted on-demand
spark-5fa1:60:71 [0] NCCL INFO NET/IB: Subnet-aware routing: overriding dev 3 with dev 2
spark-5fa1:60:71 [0] NCCL INFO NET/IB: Subnet-aware routing: overriding dev 1 with dev 0
spark-5fa1:60:71 [0] NCCL INFO NET/IB: ncclIbResiliencyInit: Resiliency is disabled on the send communicator (comm=0xe07cae5f5000)
spark-5fa1:60:71 [0] NCCL INFO NET/IB: Subnet-aware routing: overriding dev 3 with dev 2
spark-5fa1:60:71 [0] NCCL INFO NET/IB: Subnet-aware routing: overriding dev 1 with dev 0
spark-5fa1:60:71 [0] NCCL INFO NET/IB: ncclIbResiliencyInit: Resiliency is disabled on the recv communicator (comm=0xe07cae639000)
spark-5fa1:60:71 [0] NCCL INFO NET/IB: ncclIbRecvCommInit: Receive work requests will be posted on-demand
spark-5fa1:60:71 [0] NCCL INFO NET/IB: Subnet-aware routing: overriding dev 3 with dev 2
spark-5fa1:60:71 [0] NCCL INFO NET/IB: Subnet-aware routing: overriding dev 1 with dev 0
spark-5fa1:60:71 [0] NCCL INFO NET/IB: ncclIbResiliencyInit: Resiliency is disabled on the send communicator (comm=0xe07cae681000)
spark-5fa1:60:71 [0] NCCL INFO NET/IB: Subnet-aware routing: overriding dev 2 with dev 3
spark-5fa1:60:71 [0] NCCL INFO NET/IB: ncclIbReceiverQpsCreateToRts: QP created: port=1 dev=3 devName=roceP2p1s0f1 ndevs=4 nmdevs=4 qp_num=2378 pkey=0 pd=0xe07cac1095e0 oooRq=0
spark-5fa1:60:71 [0] NCCL INFO NET/IB: ncclIbReceiverQpsCreateToRts: Flush QP created: port=1 dev=3 devName=roceP2p1s0f1 ndevs=4 nmdevs=4 qp_num=2379 pkey=0 pd=0xe07cac1095e0
spark-5fa1:60:71 [0] NCCL INFO NET/IB: Subnet-aware routing: overriding dev 3 with dev 2
spark-5fa1:60:71 [0] NCCL INFO NET/IB: ncclIbSenderQpsCreate: QP created: port=1 dev=2 devName=roceP2p1s0f0 ndevs=4 nmdevs=4 qp_num=2377 pkey=0 pd=0xe07cac362a10 oooRq=0
spark-5fa1:60:71 [0] NCCL INFO NET/IB: ncclIbConnectImpl: NCCL Dev 2 IbDev 2 Port 1 qp_num 2377 mtu 5 GID 3 (0/16EA8C0FFFF0000) ctsFifoRkey=0x18c0bf ctsFifoLkey=0x18c0bf
spark-5fa1:60:71 [0] NCCL INFO NET/IB: ncclIbConnectImpl: IbDev 2 Port 1 qp_num 2377 query_ece={supported=1, vendor_id=0x15b3, options=0x30000002, comp_mask=0x0}
spark-5fa1:60:71 [0] NCCL INFO NET/IB: ncclIbSenderQpsCreate: QP created: port=1 dev=0 devName=rocep1s0f0 ndevs=4 nmdevs=4 qp_num=46156 pkey=0 pd=0xe07cac07dd30 oooRq=0
spark-5fa1:60:71 [0] NCCL INFO NET/IB: ncclIbConnectImpl: NCCL Dev 0 IbDev 0 Port 1 qp_num 46156 mtu 5 GID 6 (0/164A8C0FFFF0000) ctsFifoRkey=0x22208f ctsFifoLkey=0x22208f
spark-5fa1:60:71 [0] NCCL INFO NET/IB: ncclIbConnectImpl: IbDev 0 Port 1 qp_num 46156 query_ece={supported=1, vendor_id=0x15b3, options=0x30000002, comp_mask=0x0}
spark-5fa1:60:71 [0] NCCL INFO NET/IB: Subnet-aware routing: overriding dev 1 with dev 0
spark-5fa1:60:71 [0] NCCL INFO NET/IB: ncclIbSenderQpsCreate: QP created: port=1 dev=0 devName=rocep1s0f0 ndevs=4 nmdevs=4 qp_num=46157 pkey=0 pd=0xe07cac07dd30 oooRq=0
spark-5fa1:60:71 [0] NCCL INFO NET/IB: ncclIbConnectImpl: NCCL Dev 0 IbDev 0 Port 1 qp_num 46157 mtu 5 GID 6 (0/164A8C0FFFF0000) ctsFifoRkey=0x2239a8 ctsFifoLkey=0x2239a8
spark-5fa1:60:71 [0] NCCL INFO NET/IB: ncclIbConnectImpl: IbDev 0 Port 1 qp_num 46157 query_ece={supported=1, vendor_id=0x15b3, options=0x30000002, comp_mask=0x0}
spark-5fa1:60:71 [0] NCCL INFO NET/IB: ncclIbResiliencyInit: Resiliency is disabled on the recv communicator (comm=0xe07cae7a8000)
spark-5fa1:60:71 [0] NCCL INFO NET/IB: ncclIbRecvCommInit: Receive work requests will be posted on-demand
spark-5fa1:60:71 [0] NCCL INFO NET/IB: Subnet-aware routing: overriding dev 3 with dev 2
spark-5fa1:60:71 [0] NCCL INFO NET/IB: Subnet-aware routing: overriding dev 0 with dev 1
spark-5fa1:60:71 [0] NCCL INFO NET/IB: ncclIbReceiverQpsCreateToRts: QP created: port=1 dev=1 devName=rocep1s0f1 ndevs=4 nmdevs=4 qp_num=41098 pkey=0 pd=0xe07cac03c970 oooRq=0
spark-5fa1:60:71 [0] NCCL INFO NET/IB: ncclIbReceiverQpsCreateToRts: Flush QP created: port=1 dev=1 devName=rocep1s0f1 ndevs=4 nmdevs=4 qp_num=41099 pkey=0 pd=0xe07cac03c970
spark-5fa1:60:71 [0] NCCL INFO NET/IB: Subnet-aware routing: overriding dev 1 with dev 0
spark-5fa1:60:71 [0] NCCL INFO NET/IB: Subnet-aware routing: overriding dev 3 with dev 2
spark-5fa1:60:71 [0] NCCL INFO NET/IB: ncclIbResiliencyInit: Resiliency is disabled on the send communicator (comm=0xe07cae842000)
spark-5fa1:60:71 [0] NCCL INFO NET/IB: Subnet-aware routing: overriding dev 3 with dev 2
spark-5fa1:60:71 [0] NCCL INFO NET/IB: ncclIbSenderQpsToRts: Set ECE: IbDev 2 Port 1 qp_num 2377 set_ece={supported=1, vendor_id=0x15b3, options=0x30000002, comp_mask=0x0}
spark-5fa1:60:71 [0] NCCL INFO NET/IB: ncclIbSenderQpsToRts: Set ECE: IbDev 0 Port 1 qp_num 46156 set_ece={supported=1, vendor_id=0x15b3, options=0x30000002, comp_mask=0x0}
spark-5fa1:60:71 [0] NCCL INFO NET/IB: Subnet-aware routing: overriding dev 1 with dev 0
spark-5fa1:60:71 [0] NCCL INFO NET/IB: ncclIbSenderQpsToRts: Set ECE: IbDev 0 Port 1 qp_num 46157 set_ece={supported=1, vendor_id=0x15b3, options=0x30000002, comp_mask=0x0}
spark-5fa1:60:71 [0] NCCL INFO NET/IB: ncclIbReceiverQpsCreateToRts: QP created: port=1 dev=1 devName=rocep1s0f1 ndevs=4 nmdevs=4 qp_num=41100 pkey=0 pd=0xe07cac03c970 oooRq=0
spark-5fa1:60:71 [0] NCCL INFO NET/IB: ncclIbReceiverQpsCreateToRts: Flush QP created: port=1 dev=1 devName=rocep1s0f1 ndevs=4 nmdevs=4 qp_num=41101 pkey=0 pd=0xe07cac03c970
spark-5fa1:60:71 [0] NCCL INFO NET/IB: ncclIbSenderQpsCreate: QP created: port=1 dev=2 devName=roceP2p1s0f0 ndevs=4 nmdevs=4 qp_num=2378 pkey=0 pd=0xe07cac362a10 oooRq=0
spark-5fa1:60:71 [0] NCCL INFO NET/IB: ncclIbConnectImpl: NCCL Dev 2 IbDev 2 Port 1 qp_num 2378 mtu 5 GID 3 (0/16EA8C0FFFF0000) ctsFifoRkey=0x194947 ctsFifoLkey=0x194947
spark-5fa1:60:71 [0] NCCL INFO NET/IB: ncclIbConnectImpl: IbDev 2 Port 1 qp_num 2378 query_ece={supported=1, vendor_id=0x15b3, options=0x30000002, comp_mask=0x0}
spark-5fa1:60:71 [0] NCCL INFO NET/IB: Subnet-aware routing: overriding dev 3 with dev 2
spark-5fa1:60:71 [0] NCCL INFO NET/IB: ncclIbResiliencyInit: Resiliency is disabled on the recv communicator (comm=0xe07cae8fc000)
spark-5fa1:60:71 [0] NCCL INFO NET/IB: ncclIbRecvCommInit: Receive work requests will be posted on-demand
spark-5fa1:60:71 [0] NCCL INFO NET/IB: Subnet-aware routing: overriding dev 3 with dev 2
spark-5fa1:60:71 [0] NCCL INFO NET/IB: ncclIbResiliencyInit: Resiliency is disabled on the send communicator (comm=0xe07cae944000)
spark-5fa1:60:71 [0] NCCL INFO NET/IB: Subnet-aware routing: overriding dev 3 with dev 2
spark-5fa1:60:71 [0] NCCL INFO NET/IB: ncclIbResiliencyInit: Resiliency is disabled on the recv communicator (comm=0xe07cae988000)
spark-5fa1:60:71 [0] NCCL INFO NET/IB: ncclIbRecvCommInit: Receive work requests will be posted on-demand
spark-5fa1:60:71 [0] NCCL INFO NET/IB: ncclIbSenderQpsToRts: Set ECE: IbDev 2 Port 1 qp_num 2378 set_ece={supported=1, vendor_id=0x15b3, options=0x30000002, comp_mask=0x0}
spark-5fa1:60:71 [0] NCCL INFO NET/IB: Subnet-aware routing: overriding dev 2 with dev 3
spark-5fa1:60:71 [0] NCCL INFO NET/IB: ncclIbReceiverQpsCreateToRts: QP created: port=1 dev=3 devName=roceP2p1s0f1 ndevs=4 nmdevs=4 qp_num=2380 pkey=0 pd=0xe07cac1095e0 oooRq=0
spark-5fa1:60:71 [0] NCCL INFO NET/IB: ncclIbReceiverQpsCreateToRts: Flush QP created: port=1 dev=3 devName=roceP2p1s0f1 ndevs=4 nmdevs=4 qp_num=2381 pkey=0 pd=0xe07cac1095e0
spark-5fa1:60:71 [0] NCCL INFO NET/IB: Subnet-aware routing: overriding dev 3 with dev 2
spark-5fa1:60:71 [0] NCCL INFO NET/IB: ncclIbSenderQpsCreate: QP created: port=1 dev=2 devName=roceP2p1s0f0 ndevs=4 nmdevs=4 qp_num=2379 pkey=0 pd=0xe07cac362a10 oooRq=0
spark-5fa1:60:71 [0] NCCL INFO NET/IB: ncclIbConnectImpl: NCCL Dev 2 IbDev 2 Port 1 qp_num 2379 mtu 5 GID 3 (0/16EA8C0FFFF0000) ctsFifoRkey=0x18bdbb ctsFifoLkey=0x18bdbb
spark-5fa1:60:71 [0] NCCL INFO NET/IB: ncclIbConnectImpl: IbDev 2 Port 1 qp_num 2379 query_ece={supported=1, vendor_id=0x15b3, options=0x30000002, comp_mask=0x0}
spark-5fa1:60:71 [0] NCCL INFO NET/IB: ncclIbReceiverQpsCreateToRts: QP created: port=1 dev=3 devName=roceP2p1s0f1 ndevs=4 nmdevs=4 qp_num=2382 pkey=0 pd=0xe07cac1095e0 oooRq=0
spark-5fa1:60:71 [0] NCCL INFO NET/IB: ncclIbReceiverQpsCreateToRts: Flush QP created: port=1 dev=3 devName=roceP2p1s0f1 ndevs=4 nmdevs=4 qp_num=2383 pkey=0 pd=0xe07cac1095e0
spark-5fa1:60:71 [0] NCCL INFO NET/IB: ncclIbSenderQpsCreate: QP created: port=1 dev=0 devName=rocep1s0f0 ndevs=4 nmdevs=4 qp_num=46158 pkey=0 pd=0xe07cac07dd30 oooRq=0
spark-5fa1:60:71 [0] NCCL INFO NET/IB: ncclIbConnectImpl: NCCL Dev 0 IbDev 0 Port 1 qp_num 46158 mtu 5 GID 6 (0/164A8C0FFFF0000) ctsFifoRkey=0x181bd8 ctsFifoLkey=0x181bd8
spark-5fa1:60:71 [0] NCCL INFO NET/IB: ncclIbConnectImpl: IbDev 0 Port 1 qp_num 46158 query_ece={supported=1, vendor_id=0x15b3, options=0x30000002, comp_mask=0x0}
spark-5fa1:60:71 [0] NCCL INFO NET/IB: Subnet-aware routing: overriding dev 1 with dev 0
spark-5fa1:60:71 [0] NCCL INFO NET/IB: ncclIbResiliencyInit: Resiliency is disabled on the send communicator (comm=0xe07caead0000)
spark-5fa1:60:71 [0] NCCL INFO NET/IB: Subnet-aware routing: overriding dev 3 with dev 2
spark-5fa1:60:71 [0] NCCL INFO NET/IB: ncclIbSenderQpsToRts: Set ECE: IbDev 2 Port 1 qp_num 2379 set_ece={supported=1, vendor_id=0x15b3, options=0x30000002, comp_mask=0x0}
spark-5fa1:60:71 [0] NCCL INFO NET/IB: ncclIbSenderQpsToRts: Set ECE: IbDev 0 Port 1 qp_num 46158 set_ece={supported=1, vendor_id=0x15b3, options=0x30000002, comp_mask=0x0}
spark-5fa1:60:71 [0] NCCL INFO NET/IB: Subnet-aware routing: overriding dev 0 with dev 1
spark-5fa1:60:71 [0] NCCL INFO NET/IB: ncclIbReceiverQpsCreateToRts: QP created: port=1 dev=1 devName=rocep1s0f1 ndevs=4 nmdevs=4 qp_num=41102 pkey=0 pd=0xe07cac03c970 oooRq=0
spark-5fa1:60:71 [0] NCCL INFO NET/IB: ncclIbReceiverQpsCreateToRts: Flush QP created: port=1 dev=1 devName=rocep1s0f1 ndevs=4 nmdevs=4 qp_num=41103 pkey=0 pd=0xe07cac03c970
spark-5fa1:60:71 [0] NCCL INFO NET/IB: Subnet-aware routing: overriding dev 1 with dev 0
spark-5fa1:60:71 [0] NCCL INFO NET/IB: ncclIbResiliencyInit: Resiliency is disabled on the recv communicator (comm=0xe07caeb59000)
spark-5fa1:60:71 [0] NCCL INFO NET/IB: ncclIbRecvCommInit: Receive work requests will be posted on-demand
spark-5fa1:60:71 [0] NCCL INFO NET/IB: Subnet-aware routing: overriding dev 1 with dev 0
spark-5fa1:60:71 [0] NCCL INFO NET/IB: ncclIbResiliencyInit: Resiliency is disabled on the send communicator (comm=0xe07caeba1000)
spark-5fa1:60:71 [0] NCCL INFO NET/IB: Subnet-aware routing: overriding dev 1 with dev 0
spark-5fa1:60:71 [0] NCCL INFO NET/IB: ncclIbResiliencyInit: Resiliency is disabled on the recv communicator (comm=0xe07caebe2000)
spark-5fa1:60:71 [0] NCCL INFO NET/IB: ncclIbRecvCommInit: Receive work requests will be posted on-demand
spark-5fa1:60:71 [0] NCCL INFO NET/IB: Subnet-aware routing: overriding dev 1 with dev 0
spark-5fa1:60:71 [0] NCCL INFO NET/IB: Subnet-aware routing: overriding dev 3 with dev 2
spark-5fa1:60:71 [0] NCCL INFO NET/IB: ncclIbResiliencyInit: Resiliency is disabled on the send communicator (comm=0xe07caec2d000)
spark-5fa1:60:71 [0] NCCL INFO NET/IB: Subnet-aware routing: overriding dev 1 with dev 0
spark-5fa1:60:71 [0] NCCL INFO NET/IB: ncclIbSenderQpsCreate: QP created: port=1 dev=0 devName=rocep1s0f0 ndevs=4 nmdevs=4 qp_num=46159 pkey=0 pd=0xe07cac07dd30 oooRq=0
spark-5fa1:60:71 [0] NCCL INFO NET/IB: ncclIbConnectImpl: NCCL Dev 0 IbDev 0 Port 1 qp_num 46159 mtu 5 GID 6 (0/164A8C0FFFF0000) ctsFifoRkey=0x179956 ctsFifoLkey=0x179956
spark-5fa1:60:71 [0] NCCL INFO NET/IB: ncclIbConnectImpl: IbDev 0 Port 1 qp_num 46159 query_ece={supported=1, vendor_id=0x15b3, options=0x30000002, comp_mask=0x0}
spark-5fa1:60:71 [0] NCCL INFO NET/IB: Subnet-aware routing: overriding dev 3 with dev 2
spark-5fa1:60:71 [0] NCCL INFO NET/IB: ncclIbResiliencyInit: Resiliency is disabled on the recv communicator (comm=0xe07caeca3000)
spark-5fa1:60:71 [0] NCCL INFO NET/IB: ncclIbRecvCommInit: Receive work requests will be posted on-demand
spark-5fa1:60:71 [0] NCCL INFO NET/IB: Subnet-aware routing: overriding dev 1 with dev 0
spark-5fa1:60:71 [0] NCCL INFO NET/IB: ncclIbReceiverQpsCreateToRts: QP created: port=1 dev=1 devName=rocep1s0f1 ndevs=4 nmdevs=4 qp_num=41104 pkey=0 pd=0xe07cac03c970 oooRq=0
spark-5fa1:60:71 [0] NCCL INFO NET/IB: ncclIbReceiverQpsCreateToRts: Flush QP created: port=1 dev=1 devName=rocep1s0f1 ndevs=4 nmdevs=4 qp_num=41105 pkey=0 pd=0xe07cac03c970
spark-5fa1:60:71 [0] NCCL INFO NET/IB: ncclIbSenderQpsCreate: QP created: port=1 dev=2 devName=roceP2p1s0f0 ndevs=4 nmdevs=4 qp_num=2380 pkey=0 pd=0xe07cac362a10 oooRq=0
spark-5fa1:60:71 [0] NCCL INFO NET/IB: ncclIbConnectImpl: NCCL Dev 2 IbDev 2 Port 1 qp_num 2380 mtu 5 GID 3 (0/16EA8C0FFFF0000) ctsFifoRkey=0x171919 ctsFifoLkey=0x171919
spark-5fa1:60:71 [0] NCCL INFO NET/IB: ncclIbConnectImpl: IbDev 2 Port 1 qp_num 2380 query_ece={supported=1, vendor_id=0x15b3, options=0x30000002, comp_mask=0x0}
spark-5fa1:60:71 [0] NCCL INFO NET/IB: Subnet-aware routing: overriding dev 2 with dev 3
spark-5fa1:60:71 [0] NCCL INFO NET/IB: ncclIbReceiverQpsCreateToRts: QP created: port=1 dev=3 devName=roceP2p1s0f1 ndevs=4 nmdevs=4 qp_num=2384 pkey=0 pd=0xe07cac1095e0 oooRq=0
spark-5fa1:60:71 [0] NCCL INFO NET/IB: ncclIbReceiverQpsCreateToRts: Flush QP created: port=1 dev=3 devName=roceP2p1s0f1 ndevs=4 nmdevs=4 qp_num=2385 pkey=0 pd=0xe07cac1095e0
spark-5fa1:60:71 [0] NCCL INFO NET/IB: Subnet-aware routing: overriding dev 3 with dev 2
spark-5fa1:60:71 [0] NCCL INFO NET/IB: ncclIbSenderQpsCreate: QP created: port=1 dev=2 devName=roceP2p1s0f0 ndevs=4 nmdevs=4 qp_num=2381 pkey=0 pd=0xe07cac362a10 oooRq=0
spark-5fa1:60:71 [0] NCCL INFO NET/IB: ncclIbConnectImpl: NCCL Dev 2 IbDev 2 Port 1 qp_num 2381 mtu 5 GID 3 (0/16EA8C0FFFF0000) ctsFifoRkey=0x17302e ctsFifoLkey=0x17302e
spark-5fa1:60:71 [0] NCCL INFO NET/IB: ncclIbConnectImpl: IbDev 2 Port 1 qp_num 2381 query_ece={supported=1, vendor_id=0x15b3, options=0x30000002, comp_mask=0x0}
spark-5fa1:60:71 [0] NCCL INFO NET/IB: ncclIbResiliencyInit: Resiliency is disabled on the send communicator (comm=0xe07caedef000)
spark-5fa1:60:71 [0] NCCL INFO NET/IB: Subnet-aware routing: overriding dev 1 with dev 0
spark-5fa1:60:71 [0] NCCL INFO NET/IB: ncclIbSenderQpsToRts: Set ECE: IbDev 0 Port 1 qp_num 46159 set_ece={supported=1, vendor_id=0x15b3, options=0x30000002, comp_mask=0x0}
spark-5fa1:60:71 [0] NCCL INFO NET/IB: ncclIbSenderQpsToRts: Set ECE: IbDev 2 Port 1 qp_num 2380 set_ece={supported=1, vendor_id=0x15b3, options=0x30000002, comp_mask=0x0}
spark-5fa1:60:71 [0] NCCL INFO NET/IB: Subnet-aware routing: overriding dev 3 with dev 2
spark-5fa1:60:71 [0] NCCL INFO NET/IB: ncclIbSenderQpsToRts: Set ECE: IbDev 2 Port 1 qp_num 2381 set_ece={supported=1, vendor_id=0x15b3, options=0x30000002, comp_mask=0x0}
spark-5fa1:60:71 [0] NCCL INFO NET/IB: ncclIbReceiverQpsCreateToRts: QP created: port=1 dev=3 devName=roceP2p1s0f1 ndevs=4 nmdevs=4 qp_num=2386 pkey=0 pd=0xe07cac1095e0 oooRq=0
spark-5fa1:60:71 [0] NCCL INFO NET/IB: ncclIbReceiverQpsCreateToRts: Flush QP created: port=1 dev=3 devName=roceP2p1s0f1 ndevs=4 nmdevs=4 qp_num=2387 pkey=0 pd=0xe07cac1095e0
spark-5fa1:60:71 [0] NCCL INFO NET/IB: ncclIbResiliencyInit: Resiliency is disabled on the recv communicator (comm=0xe07caee7f000)
spark-5fa1:60:71 [0] NCCL INFO NET/IB: ncclIbRecvCommInit: Receive work requests will be posted on-demand
spark-5fa1:60:71 [0] NCCL INFO NET/IB: Subnet-aware routing: overriding dev 1 with dev 0
spark-5fa1:60:71 [0] NCCL INFO NET/IB: ncclIbResiliencyInit: Resiliency is disabled on the send communicator (comm=0xe07caeec7000)
spark-5fa1:60:71 [0] NCCL INFO NET/IB: Subnet-aware routing: overriding dev 1 with dev 0
spark-5fa1:60:71 [0] NCCL INFO NET/IB: ncclIbResiliencyInit: Resiliency is disabled on the recv communicator (comm=0xe07caef08000)
spark-5fa1:60:71 [0] NCCL INFO NET/IB: ncclIbRecvCommInit: Receive work requests will be posted on-demand
spark-5fa1:60:71 [0] NCCL INFO NET/IB: Subnet-aware routing: overriding dev 1 with dev 0
spark-5fa1:60:71 [0] NCCL INFO NET/IB: ncclIbResiliencyInit: Resiliency is disabled on the send communicator (comm=0xe07caef53000)
spark-5fa1:60:71 [0] NCCL INFO NET/IB: ncclIbSenderQpsCreate: QP created: port=1 dev=0 devName=rocep1s0f0 ndevs=4 nmdevs=4 qp_num=46160 pkey=0 pd=0xe07cac07dd30 oooRq=0
spark-5fa1:60:71 [0] NCCL INFO NET/IB: ncclIbConnectImpl: NCCL Dev 0 IbDev 0 Port 1 qp_num 46160 mtu 5 GID 6 (0/164A8C0FFFF0000) ctsFifoRkey=0x222594 ctsFifoLkey=0x222594
spark-5fa1:60:71 [0] NCCL INFO NET/IB: ncclIbConnectImpl: IbDev 0 Port 1 qp_num 46160 query_ece={supported=1, vendor_id=0x15b3, options=0x30000002, comp_mask=0x0}
spark-5fa1:60:71 [0] NCCL INFO NET/IB: Subnet-aware routing: overriding dev 0 with dev 1
spark-5fa1:60:71 [0] NCCL INFO NET/IB: ncclIbReceiverQpsCreateToRts: QP created: port=1 dev=1 devName=rocep1s0f1 ndevs=4 nmdevs=4 qp_num=41106 pkey=0 pd=0xe07cac03c970 oooRq=0
spark-5fa1:60:71 [0] NCCL INFO NET/IB: ncclIbReceiverQpsCreateToRts: Flush QP created: port=1 dev=1 devName=rocep1s0f1 ndevs=4 nmdevs=4 qp_num=41107 pkey=0 pd=0xe07cac03c970
spark-5fa1:60:71 [0] NCCL INFO NET/IB: Subnet-aware routing: overriding dev 1 with dev 0
spark-5fa1:60:71 [0] NCCL INFO NET/IB: ncclIbSenderQpsCreate: QP created: port=1 dev=0 devName=rocep1s0f0 ndevs=4 nmdevs=4 qp_num=46161 pkey=0 pd=0xe07cac07dd30 oooRq=0
spark-5fa1:60:71 [0] NCCL INFO NET/IB: ncclIbConnectImpl: NCCL Dev 0 IbDev 0 Port 1 qp_num 46161 mtu 5 GID 6 (0/164A8C0FFFF0000) ctsFifoRkey=0x221b8a ctsFifoLkey=0x221b8a
spark-5fa1:60:71 [0] NCCL INFO NET/IB: ncclIbConnectImpl: IbDev 0 Port 1 qp_num 46161 query_ece={supported=1, vendor_id=0x15b3, options=0x30000002, comp_mask=0x0}
spark-5fa1:60:71 [0] NCCL INFO NET/IB: ncclIbResiliencyInit: Resiliency is disabled on the recv communicator (comm=0xe07caf048000)
spark-5fa1:60:71 [0] NCCL INFO NET/IB: ncclIbRecvCommInit: Receive work requests will be posted on-demand
spark-5fa1:60:71 [0] NCCL INFO NET/IB: Subnet-aware routing: overriding dev 1 with dev 0
spark-5fa1:60:71 [0] NCCL INFO NET/IB: Subnet-aware routing: overriding dev 3 with dev 2
spark-5fa1:60:71 [0] NCCL INFO NET/IB: ncclIbResiliencyInit: Resiliency is disabled on the send communicator (comm=0xe07caf090000)
spark-5fa1:60:71 [0] NCCL INFO NET/IB: ncclIbSenderQpsToRts: Set ECE: IbDev 0 Port 1 qp_num 46160 set_ece={supported=1, vendor_id=0x15b3, options=0x30000002, comp_mask=0x0}
spark-5fa1:60:71 [0] NCCL INFO NET/IB: Subnet-aware routing: overriding dev 1 with dev 0
spark-5fa1:60:71 [0] NCCL INFO NET/IB: Subnet-aware routing: overriding dev 3 with dev 2
spark-5fa1:60:71 [0] NCCL INFO NET/IB: ncclIbResiliencyInit: Resiliency is disabled on the recv communicator (comm=0xe07caf0d1000)
spark-5fa1:60:71 [0] NCCL INFO NET/IB: ncclIbRecvCommInit: Receive work requests will be posted on-demand
spark-5fa1:60:71 [0] NCCL INFO NET/IB: Subnet-aware routing: overriding dev 1 with dev 0
spark-5fa1:60:71 [0] NCCL INFO NET/IB: Subnet-aware routing: overriding dev 3 with dev 2
spark-5fa1:60:71 [0] NCCL INFO NET/IB: ncclIbResiliencyInit: Resiliency is disabled on the send communicator (comm=0xe07caf116000)
spark-5fa1:60:71 [0] NCCL INFO NET/IB: Subnet-aware routing: overriding dev 1 with dev 0
spark-5fa1:60:71 [0] NCCL INFO NET/IB: ncclIbReceiverQpsCreateToRts: QP created: port=1 dev=1 devName=rocep1s0f1 ndevs=4 nmdevs=4 qp_num=41108 pkey=0 pd=0xe07cac03c970 oooRq=0
spark-5fa1:60:71 [0] NCCL INFO NET/IB: ncclIbReceiverQpsCreateToRts: Flush QP created: port=1 dev=1 devName=rocep1s0f1 ndevs=4 nmdevs=4 qp_num=41109 pkey=0 pd=0xe07cac03c970
spark-5fa1:60:71 [0] NCCL INFO NET/IB: Subnet-aware routing: overriding dev 3 with dev 2
spark-5fa1:60:71 [0] NCCL INFO NET/IB: ncclIbResiliencyInit: Resiliency is disabled on the recv communicator (comm=0xe07caf1ad000)
spark-5fa1:60:71 [0] NCCL INFO NET/IB: ncclIbRecvCommInit: Receive work requests will be posted on-demand
spark-5fa1:60:71 [0] NCCL INFO NET/IB: Subnet-aware routing: overriding dev 1 with dev 0
spark-5fa1:60:71 [0] NCCL INFO NET/IB: ncclIbSenderQpsToRts: Set ECE: IbDev 0 Port 1 qp_num 46161 set_ece={supported=1, vendor_id=0x15b3, options=0x30000002, comp_mask=0x0}
spark-5fa1:60:71 [0] NCCL INFO NET/IB: ncclIbSenderQpsCreate: QP created: port=1 dev=2 devName=roceP2p1s0f0 ndevs=4 nmdevs=4 qp_num=2382 pkey=0 pd=0xe07cac362a10 oooRq=0
spark-5fa1:60:71 [0] NCCL INFO NET/IB: ncclIbConnectImpl: NCCL Dev 2 IbDev 2 Port 1 qp_num 2382 mtu 5 GID 3 (0/16EA8C0FFFF0000) ctsFifoRkey=0x19a19f ctsFifoLkey=0x19a19f
spark-5fa1:60:71 [0] NCCL INFO NET/IB: ncclIbConnectImpl: IbDev 2 Port 1 qp_num 2382 query_ece={supported=1, vendor_id=0x15b3, options=0x30000002, comp_mask=0x0}
spark-5fa1:60:71 [0] NCCL INFO NET/IB: Subnet-aware routing: overriding dev 2 with dev 3
spark-5fa1:60:71 [0] NCCL INFO NET/IB: ncclIbReceiverQpsCreateToRts: QP created: port=1 dev=3 devName=roceP2p1s0f1 ndevs=4 nmdevs=4 qp_num=2388 pkey=0 pd=0xe07cac1095e0 oooRq=0
spark-5fa1:60:71 [0] NCCL INFO NET/IB: ncclIbReceiverQpsCreateToRts: Flush QP created: port=1 dev=3 devName=roceP2p1s0f1 ndevs=4 nmdevs=4 qp_num=2389 pkey=0 pd=0xe07cac1095e0
spark-5fa1:60:71 [0] NCCL INFO NET/IB: Subnet-aware routing: overriding dev 3 with dev 2
spark-5fa1:60:71 [0] NCCL INFO NET/IB: ncclIbSenderQpsCreate: QP created: port=1 dev=2 devName=roceP2p1s0f0 ndevs=4 nmdevs=4 qp_num=2383 pkey=0 pd=0xe07cac362a10 oooRq=0
spark-5fa1:60:71 [0] NCCL INFO NET/IB: ncclIbConnectImpl: NCCL Dev 2 IbDev 2 Port 1 qp_num 2383 mtu 5 GID 3 (0/16EA8C0FFFF0000) ctsFifoRkey=0x19989a ctsFifoLkey=0x19989a
spark-5fa1:60:71 [0] NCCL INFO NET/IB: ncclIbConnectImpl: IbDev 2 Port 1 qp_num 2383 query_ece={supported=1, vendor_id=0x15b3, options=0x30000002, comp_mask=0x0}
spark-5fa1:60:71 [0] NCCL INFO NET/IB: ncclIbSenderQpsCreate: QP created: port=1 dev=0 devName=rocep1s0f0 ndevs=4 nmdevs=4 qp_num=46162 pkey=0 pd=0xe07cac07dd30 oooRq=0
spark-5fa1:60:71 [0] NCCL INFO NET/IB: ncclIbConnectImpl: NCCL Dev 0 IbDev 0 Port 1 qp_num 46162 mtu 5 GID 6 (0/164A8C0FFFF0000) ctsFifoRkey=0x169d5d ctsFifoLkey=0x169d5d
spark-5fa1:60:71 [0] NCCL INFO NET/IB: ncclIbConnectImpl: IbDev 0 Port 1 qp_num 46162 query_ece={supported=1, vendor_id=0x15b3, options=0x30000002, comp_mask=0x0}
spark-5fa1:60:71 [0] NCCL INFO NET/IB: Subnet-aware routing: overriding dev 1 with dev 0
spark-5fa1:60:71 [0] NCCL INFO NET/IB: ncclIbResiliencyInit: Resiliency is disabled on the send communicator (comm=0xe07caf2d7000)
spark-5fa1:60:71 [0] NCCL INFO NET/IB: ncclIbSenderQpsToRts: Set ECE: IbDev 2 Port 1 qp_num 2382 set_ece={supported=1, vendor_id=0x15b3, options=0x30000002, comp_mask=0x0}
spark-5fa1:60:71 [0] NCCL INFO NET/IB: Subnet-aware routing: overriding dev 3 with dev 2
spark-5fa1:60:71 [0] NCCL INFO NET/IB: ncclIbSenderQpsToRts: Set ECE: IbDev 2 Port 1 qp_num 2383 set_ece={supported=1, vendor_id=0x15b3, options=0x30000002, comp_mask=0x0}
spark-5fa1:60:71 [0] NCCL INFO NET/IB: ncclIbReceiverQpsCreateToRts: QP created: port=1 dev=3 devName=roceP2p1s0f1 ndevs=4 nmdevs=4 qp_num=2390 pkey=0 pd=0xe07cac1095e0 oooRq=0
spark-5fa1:60:71 [0] NCCL INFO NET/IB: ncclIbReceiverQpsCreateToRts: Flush QP created: port=1 dev=3 devName=roceP2p1s0f1 ndevs=4 nmdevs=4 qp_num=2391 pkey=0 pd=0xe07cac1095e0
spark-5fa1:60:71 [0] NCCL INFO NET/IB: ncclIbSenderQpsToRts: Set ECE: IbDev 0 Port 1 qp_num 46162 set_ece={supported=1, vendor_id=0x15b3, options=0x30000002, comp_mask=0x0}
spark-5fa1:60:71 [0] NCCL INFO NET/IB: Subnet-aware routing: overriding dev 0 with dev 1
spark-5fa1:60:71 [0] NCCL INFO NET/IB: ncclIbReceiverQpsCreateToRts: QP created: port=1 dev=1 devName=rocep1s0f1 ndevs=4 nmdevs=4 qp_num=41110 pkey=0 pd=0xe07cac03c970 oooRq=0
spark-5fa1:60:71 [0] NCCL INFO NET/IB: ncclIbReceiverQpsCreateToRts: Flush QP created: port=1 dev=1 devName=rocep1s0f1 ndevs=4 nmdevs=4 qp_num=41111 pkey=0 pd=0xe07cac03c970
spark-5fa1:60:71 [0] NCCL INFO NET/IB: Subnet-aware routing: overriding dev 1 with dev 0
spark-5fa1:60:71 [0] NCCL INFO NET/IB: ncclIbResiliencyInit: Resiliency is disabled on the recv communicator (comm=0xe07caf3b2000)
spark-5fa1:60:71 [0] NCCL INFO NET/IB: ncclIbRecvCommInit: Receive work requests will be posted on-demand
spark-5fa1:60:71 [0] NCCL INFO NET/IB: Subnet-aware routing: overriding dev 1 with dev 0
spark-5fa1:60:71 [0] NCCL INFO NET/IB: ncclIbResiliencyInit: Resiliency is disabled on the send communicator (comm=0xe07caf3fa000)
spark-5fa1:60:71 [0] NCCL INFO NET/IB: Subnet-aware routing: overriding dev 1 with dev 0
spark-5fa1:60:71 [0] NCCL INFO NET/IB: ncclIbSenderQpsCreate: QP created: port=1 dev=0 devName=rocep1s0f0 ndevs=4 nmdevs=4 qp_num=46163 pkey=0 pd=0xe07cac07dd30 oooRq=0
spark-5fa1:60:71 [0] NCCL INFO NET/IB: ncclIbConnectImpl: NCCL Dev 0 IbDev 0 Port 1 qp_num 46163 mtu 5 GID 6 (0/164A8C0FFFF0000) ctsFifoRkey=0x221c8b ctsFifoLkey=0x221c8b
spark-5fa1:60:71 [0] NCCL INFO NET/IB: ncclIbConnectImpl: IbDev 0 Port 1 qp_num 46163 query_ece={supported=1, vendor_id=0x15b3, options=0x30000002, comp_mask=0x0}
spark-5fa1:60:71 [0] NCCL INFO NET/IB: ncclIbReceiverQpsCreateToRts: QP created: port=1 dev=1 devName=rocep1s0f1 ndevs=4 nmdevs=4 qp_num=41112 pkey=0 pd=0xe07cac03c970 oooRq=0
spark-5fa1:60:71 [0] NCCL INFO NET/IB: ncclIbReceiverQpsCreateToRts: Flush QP created: port=1 dev=1 devName=rocep1s0f1 ndevs=4 nmdevs=4 qp_num=41113 pkey=0 pd=0xe07cac03c970
spark-5fa1:60:71 [0] NCCL INFO NET/IB: ncclIbResiliencyInit: Resiliency is disabled on the recv communicator (comm=0xe07caf4bb000)
spark-5fa1:60:71 [0] NCCL INFO NET/IB: ncclIbRecvCommInit: Receive work requests will be posted on-demand
spark-5fa1:60:71 [0] NCCL INFO NET/IB: Subnet-aware routing: overriding dev 1 with dev 0
spark-5fa1:60:71 [0] NCCL INFO NET/IB: ncclIbSenderQpsToRts: Set ECE: IbDev 0 Port 1 qp_num 46163 set_ece={supported=1, vendor_id=0x15b3, options=0x30000002, comp_mask=0x0}
spark-5fa1:60:71 [0] NCCL INFO NET/IB: ncclIbSenderQpsCreate: QP created: port=1 dev=2 devName=roceP2p1s0f0 ndevs=4 nmdevs=4 qp_num=2384 pkey=0 pd=0xe07cac362a10 oooRq=0
spark-5fa1:60:71 [0] NCCL INFO NET/IB: ncclIbConnectImpl: NCCL Dev 2 IbDev 2 Port 1 qp_num 2384 mtu 5 GID 3 (0/16EA8C0FFFF0000) ctsFifoRkey=0x18f2f2 ctsFifoLkey=0x18f2f2
spark-5fa1:60:71 [0] NCCL INFO NET/IB: ncclIbConnectImpl: IbDev 2 Port 1 qp_num 2384 query_ece={supported=1, vendor_id=0x15b3, options=0x30000002, comp_mask=0x0}
spark-5fa1:60:71 [0] NCCL INFO NET/IB: Subnet-aware routing: overriding dev 3 with dev 2
spark-5fa1:60:71 [0] NCCL INFO NET/IB: ncclIbResiliencyInit: Resiliency is disabled on the send communicator (comm=0xe07caf531000)
spark-5fa1:60:71 [0] NCCL INFO NET/IB: Subnet-aware routing: overriding dev 2 with dev 3
spark-5fa1:60:71 [0] NCCL INFO NET/IB: ncclIbReceiverQpsCreateToRts: QP created: port=1 dev=3 devName=roceP2p1s0f1 ndevs=4 nmdevs=4 qp_num=2392 pkey=0 pd=0xe07cac1095e0 oooRq=0
spark-5fa1:60:71 [0] NCCL INFO NET/IB: ncclIbReceiverQpsCreateToRts: Flush QP created: port=1 dev=3 devName=roceP2p1s0f1 ndevs=4 nmdevs=4 qp_num=2393 pkey=0 pd=0xe07cac1095e0
spark-5fa1:60:71 [0] NCCL INFO NET/IB: Subnet-aware routing: overriding dev 3 with dev 2
spark-5fa1:60:71 [0] NCCL INFO NET/IB: ncclIbResiliencyInit: Resiliency is disabled on the recv communicator (comm=0xe07caf5c4000)
spark-5fa1:60:71 [0] NCCL INFO NET/IB: ncclIbRecvCommInit: Receive work requests will be posted on-demand
spark-5fa1:60:71 [0] NCCL INFO NET/IB: Subnet-aware routing: overriding dev 3 with dev 2
spark-5fa1:60:71 [0] NCCL INFO NET/IB: ncclIbResiliencyInit: Resiliency is disabled on the send communicator (comm=0xe07caf60c000)
spark-5fa1:60:71 [0] NCCL INFO NET/IB: ncclIbSenderQpsToRts: Set ECE: IbDev 2 Port 1 qp_num 2384 set_ece={supported=1, vendor_id=0x15b3, options=0x30000002, comp_mask=0x0}
spark-5fa1:60:71 [0] NCCL INFO NET/IB: Subnet-aware routing: overriding dev 3 with dev 2
spark-5fa1:60:71 [0] NCCL INFO NET/IB: ncclIbSenderQpsCreate: QP created: port=1 dev=2 devName=roceP2p1s0f0 ndevs=4 nmdevs=4 qp_num=2385 pkey=0 pd=0xe07cac362a10 oooRq=0
spark-5fa1:60:71 [0] NCCL INFO NET/IB: ncclIbConnectImpl: NCCL Dev 2 IbDev 2 Port 1 qp_num 2385 mtu 5 GID 3 (0/16EA8C0FFFF0000) ctsFifoRkey=0x197978 ctsFifoLkey=0x197978
spark-5fa1:60:71 [0] NCCL INFO NET/IB: ncclIbConnectImpl: IbDev 2 Port 1 qp_num 2385 query_ece={supported=1, vendor_id=0x15b3, options=0x30000002, comp_mask=0x0}
spark-5fa1:60:71 [0] NCCL INFO NET/IB: ncclIbReceiverQpsCreateToRts: QP created: port=1 dev=3 devName=roceP2p1s0f1 ndevs=4 nmdevs=4 qp_num=2394 pkey=0 pd=0xe07cac1095e0 oooRq=0
spark-5fa1:60:71 [0] NCCL INFO NET/IB: ncclIbReceiverQpsCreateToRts: Flush QP created: port=1 dev=3 devName=roceP2p1s0f1 ndevs=4 nmdevs=4 qp_num=2395 pkey=0 pd=0xe07cac1095e0
spark-5fa1:60:71 [0] NCCL INFO NET/IB: ncclIbResiliencyInit: Resiliency is disabled on the recv communicator (comm=0xe07caf6ce000)
spark-5fa1:60:71 [0] NCCL INFO NET/IB: ncclIbRecvCommInit: Receive work requests will be posted on-demand
spark-5fa1:60:71 [0] NCCL INFO NET/IB: Subnet-aware routing: overriding dev 3 with dev 2
spark-5fa1:60:71 [0] NCCL INFO NET/IB: Subnet-aware routing: overriding dev 1 with dev 0
spark-5fa1:60:71 [0] NCCL INFO NET/IB: ncclIbResiliencyInit: Resiliency is disabled on the send communicator (comm=0xe07caf716000)
spark-5fa1:60:71 [0] NCCL INFO NET/IB: Subnet-aware routing: overriding dev 3 with dev 2
spark-5fa1:60:71 [0] NCCL INFO NET/IB: Subnet-aware routing: overriding dev 1 with dev 0
spark-5fa1:60:71 [0] NCCL INFO NET/IB: ncclIbResiliencyInit: Resiliency is disabled on the recv communicator (comm=0xe07caf75a000)
spark-5fa1:60:71 [0] NCCL INFO NET/IB: ncclIbRecvCommInit: Receive work requests will be posted on-demand
spark-5fa1:60:71 [0] NCCL INFO NET/IB: Subnet-aware routing: overriding dev 3 with dev 2
spark-5fa1:60:71 [0] NCCL INFO NET/IB: Subnet-aware routing: overriding dev 1 with dev 0
spark-5fa1:60:71 [0] NCCL INFO NET/IB: ncclIbResiliencyInit: Resiliency is disabled on the send communicator (comm=0xe07caf7a2000)
spark-5fa1:60:71 [0] NCCL INFO NET/IB: Subnet-aware routing: overriding dev 3 with dev 2
spark-5fa1:60:71 [0] NCCL INFO NET/IB: ncclIbSenderQpsToRts: Set ECE: IbDev 2 Port 1 qp_num 2385 set_ece={supported=1, vendor_id=0x15b3, options=0x30000002, comp_mask=0x0}
spark-5fa1:60:71 [0] NCCL INFO NET/IB: ncclIbSenderQpsCreate: QP created: port=1 dev=0 devName=rocep1s0f0 ndevs=4 nmdevs=4 qp_num=46164 pkey=0 pd=0xe07cac07dd30 oooRq=0
spark-5fa1:60:71 [0] NCCL INFO NET/IB: ncclIbConnectImpl: NCCL Dev 0 IbDev 0 Port 1 qp_num 46164 mtu 5 GID 6 (0/164A8C0FFFF0000) ctsFifoRkey=0x182be8 ctsFifoLkey=0x182be8
spark-5fa1:60:71 [0] NCCL INFO NET/IB: ncclIbConnectImpl: IbDev 0 Port 1 qp_num 46164 query_ece={supported=1, vendor_id=0x15b3, options=0x30000002, comp_mask=0x0}
spark-5fa1:60:71 [0] NCCL INFO NET/IB: Subnet-aware routing: overriding dev 0 with dev 1
spark-5fa1:60:71 [0] NCCL INFO NET/IB: ncclIbReceiverQpsCreateToRts: QP created: port=1 dev=1 devName=rocep1s0f1 ndevs=4 nmdevs=4 qp_num=41114 pkey=0 pd=0xe07cac03c970 oooRq=0
spark-5fa1:60:71 [0] NCCL INFO NET/IB: ncclIbReceiverQpsCreateToRts: Flush QP created: port=1 dev=1 devName=rocep1s0f1 ndevs=4 nmdevs=4 qp_num=41115 pkey=0 pd=0xe07cac03c970
spark-5fa1:60:71 [0] NCCL INFO NET/IB: Subnet-aware routing: overriding dev 1 with dev 0
spark-5fa1:60:71 [0] NCCL INFO NET/IB: ncclIbSenderQpsCreate: QP created: port=1 dev=0 devName=rocep1s0f0 ndevs=4 nmdevs=4 qp_num=46165 pkey=0 pd=0xe07cac07dd30 oooRq=0
spark-5fa1:60:71 [0] NCCL INFO NET/IB: ncclIbConnectImpl: NCCL Dev 0 IbDev 0 Port 1 qp_num 46165 mtu 5 GID 6 (0/164A8C0FFFF0000) ctsFifoRkey=0x160eca ctsFifoLkey=0x160eca
spark-5fa1:60:71 [0] NCCL INFO NET/IB: ncclIbConnectImpl: IbDev 0 Port 1 qp_num 46165 query_ece={supported=1, vendor_id=0x15b3, options=0x30000002, comp_mask=0x0}
spark-5fa1:60:71 [0] NCCL INFO NET/IB: ncclIbReceiverQpsCreateToRts: QP created: port=1 dev=1 devName=rocep1s0f1 ndevs=4 nmdevs=4 qp_num=41116 pkey=0 pd=0xe07cac03c970 oooRq=0
spark-5fa1:60:71 [0] NCCL INFO NET/IB: ncclIbReceiverQpsCreateToRts: Flush QP created: port=1 dev=1 devName=rocep1s0f1 ndevs=4 nmdevs=4 qp_num=41117 pkey=0 pd=0xe07cac03c970
spark-5fa1:60:71 [0] NCCL INFO NET/IB: ncclIbResiliencyInit: Resiliency is disabled on the recv communicator (comm=0xe07caf8e4000)
spark-5fa1:60:71 [0] NCCL INFO NET/IB: ncclIbRecvCommInit: Receive work requests will be posted on-demand
spark-5fa1:60:71 [0] NCCL INFO NET/IB: Subnet-aware routing: overriding dev 1 with dev 0
spark-5fa1:60:71 [0] NCCL INFO NET/IB: Subnet-aware routing: overriding dev 3 with dev 2
spark-5fa1:60:71 [0] NCCL INFO NET/IB: ncclIbResiliencyInit: Resiliency is disabled on the send communicator (comm=0xe07caf92c000)
spark-5fa1:60:71 [0] NCCL INFO NET/IB: ncclIbSenderQpsToRts: Set ECE: IbDev 0 Port 1 qp_num 46164 set_ece={supported=1, vendor_id=0x15b3, options=0x30000002, comp_mask=0x0}
spark-5fa1:60:71 [0] NCCL INFO NET/IB: Subnet-aware routing: overriding dev 1 with dev 0
spark-5fa1:60:71 [0] NCCL INFO NET/IB: ncclIbSenderQpsToRts: Set ECE: IbDev 0 Port 1 qp_num 46165 set_ece={supported=1, vendor_id=0x15b3, options=0x30000002, comp_mask=0x0}
spark-5fa1:60:71 [0] NCCL INFO NET/IB: ncclIbSenderQpsCreate: QP created: port=1 dev=2 devName=roceP2p1s0f0 ndevs=4 nmdevs=4 qp_num=2386 pkey=0 pd=0xe07cac362a10 oooRq=0
spark-5fa1:60:71 [0] NCCL INFO NET/IB: ncclIbConnectImpl: NCCL Dev 2 IbDev 2 Port 1 qp_num 2386 mtu 5 GID 3 (0/16EA8C0FFFF0000) ctsFifoRkey=0x18c8c6 ctsFifoLkey=0x18c8c6
spark-5fa1:60:71 [0] NCCL INFO NET/IB: ncclIbConnectImpl: IbDev 2 Port 1 qp_num 2386 query_ece={supported=1, vendor_id=0x15b3, options=0x30000002, comp_mask=0x0}
spark-5fa1:60:71 [0] NCCL INFO NET/IB: Subnet-aware routing: overriding dev 2 with dev 3
spark-5fa1:60:71 [0] NCCL INFO NET/IB: ncclIbReceiverQpsCreateToRts: QP created: port=1 dev=3 devName=roceP2p1s0f1 ndevs=4 nmdevs=4 qp_num=2396 pkey=0 pd=0xe07cac1095e0 oooRq=0
spark-5fa1:60:71 [0] NCCL INFO NET/IB: ncclIbReceiverQpsCreateToRts: Flush QP created: port=1 dev=3 devName=roceP2p1s0f1 ndevs=4 nmdevs=4 qp_num=2397 pkey=0 pd=0xe07cac1095e0
spark-5fa1:60:71 [0] NCCL INFO NET/IB: Subnet-aware routing: overriding dev 3 with dev 2
spark-5fa1:60:71 [0] NCCL INFO NET/IB: ncclIbResiliencyInit: Resiliency is disabled on the recv communicator (comm=0xe07caf9eb000)
spark-5fa1:60:71 [0] NCCL INFO NET/IB: ncclIbRecvCommInit: Receive work requests will be posted on-demand
spark-5fa1:60:71 [0] NCCL INFO NET/IB: Subnet-aware routing: overriding dev 3 with dev 2
spark-5fa1:60:71 [0] NCCL INFO NET/IB: ncclIbResiliencyInit: Resiliency is disabled on the send communicator (comm=0xe07cafa33000)
spark-5fa1:60:71 [0] NCCL INFO NET/IB: Subnet-aware routing: overriding dev 3 with dev 2
spark-5fa1:60:71 [0] NCCL INFO NET/IB: ncclIbResiliencyInit: Resiliency is disabled on the recv communicator (comm=0xe07cafa77000)
spark-5fa1:60:71 [0] NCCL INFO NET/IB: ncclIbRecvCommInit: Receive work requests will be posted on-demand
spark-5fa1:60:71 [0] NCCL INFO NET/IB: ncclIbSenderQpsToRts: Set ECE: IbDev 2 Port 1 qp_num 2386 set_ece={supported=1, vendor_id=0x15b3, options=0x30000002, comp_mask=0x0}
spark-5fa1:60:71 [0] NCCL INFO NET/IB: Subnet-aware routing: overriding dev 3 with dev 2
spark-5fa1:60:71 [0] NCCL INFO NET/IB: ncclIbSenderQpsCreate: QP created: port=1 dev=2 devName=roceP2p1s0f0 ndevs=4 nmdevs=4 qp_num=2387 pkey=0 pd=0xe07cac362a10 oooRq=0
spark-5fa1:60:71 [0] NCCL INFO NET/IB: ncclIbConnectImpl: NCCL Dev 2 IbDev 2 Port 1 qp_num 2387 mtu 5 GID 3 (0/16EA8C0FFFF0000) ctsFifoRkey=0x17b1af ctsFifoLkey=0x17b1af
spark-5fa1:60:71 [0] NCCL INFO NET/IB: ncclIbConnectImpl: IbDev 2 Port 1 qp_num 2387 query_ece={supported=1, vendor_id=0x15b3, options=0x30000002, comp_mask=0x0}
spark-5fa1:60:71 [0] NCCL INFO NET/IB: ncclIbReceiverQpsCreateToRts: QP created: port=1 dev=3 devName=roceP2p1s0f1 ndevs=4 nmdevs=4 qp_num=2398 pkey=0 pd=0xe07cac1095e0 oooRq=0
spark-5fa1:60:71 [0] NCCL INFO NET/IB: ncclIbReceiverQpsCreateToRts: Flush QP created: port=1 dev=3 devName=roceP2p1s0f1 ndevs=4 nmdevs=4 qp_num=2399 pkey=0 pd=0xe07cac1095e0
spark-5fa1:60:71 [0] NCCL INFO NET/IB: ncclIbSenderQpsCreate: QP created: port=1 dev=0 devName=rocep1s0f0 ndevs=4 nmdevs=4 qp_num=46166 pkey=0 pd=0xe07cac07dd30 oooRq=0
spark-5fa1:60:71 [0] NCCL INFO NET/IB: ncclIbConnectImpl: NCCL Dev 0 IbDev 0 Port 1 qp_num 46166 mtu 5 GID 6 (0/164A8C0FFFF0000) ctsFifoRkey=0x2243b2 ctsFifoLkey=0x2243b2
spark-5fa1:60:71 [0] NCCL INFO NET/IB: ncclIbConnectImpl: IbDev 0 Port 1 qp_num 46166 query_ece={supported=1, vendor_id=0x15b3, options=0x30000002, comp_mask=0x0}
spark-5fa1:60:71 [0] NCCL INFO NET/IB: Subnet-aware routing: overriding dev 0 with dev 1
spark-5fa1:60:71 [0] NCCL INFO NET/IB: ncclIbReceiverQpsCreateToRts: QP created: port=1 dev=1 devName=rocep1s0f1 ndevs=4 nmdevs=4 qp_num=41118 pkey=0 pd=0xe07cac03c970 oooRq=0
spark-5fa1:60:71 [0] NCCL INFO NET/IB: ncclIbReceiverQpsCreateToRts: Flush QP created: port=1 dev=1 devName=rocep1s0f1 ndevs=4 nmdevs=4 qp_num=41119 pkey=0 pd=0xe07cac03c970
spark-5fa1:60:71 [0] NCCL INFO NET/IB: Subnet-aware routing: overriding dev 1 with dev 0
spark-5fa1:60:71 [0] NCCL INFO NET/IB: ncclIbResiliencyInit: Resiliency is disabled on the send communicator (comm=0xe07cafbbe000)
spark-5fa1:60:71 [0] NCCL INFO NET/IB: Subnet-aware routing: overriding dev 3 with dev 2
spark-5fa1:60:71 [0] NCCL INFO NET/IB: ncclIbSenderQpsToRts: Set ECE: IbDev 2 Port 1 qp_num 2387 set_ece={supported=1, vendor_id=0x15b3, options=0x30000002, comp_mask=0x0}
spark-5fa1:60:71 [0] NCCL INFO NET/IB: ncclIbSenderQpsToRts: Set ECE: IbDev 0 Port 1 qp_num 46166 set_ece={supported=1, vendor_id=0x15b3, options=0x30000002, comp_mask=0x0}
spark-5fa1:60:71 [0] NCCL INFO NET/IB: Subnet-aware routing: overriding dev 1 with dev 0
spark-5fa1:60:71 [0] NCCL INFO NET/IB: ncclIbResiliencyInit: Resiliency is disabled on the recv communicator (comm=0xe07cafbff000)
spark-5fa1:60:71 [0] NCCL INFO NET/IB: ncclIbRecvCommInit: Receive work requests will be posted on-demand
spark-5fa1:60:71 [0] NCCL INFO NET/IB: Subnet-aware routing: overriding dev 1 with dev 0
spark-5fa1:60:71 [0] NCCL INFO NET/IB: ncclIbResiliencyInit: Resiliency is disabled on the send communicator (comm=0xe07cafc47000)
spark-5fa1:60:71 [0] NCCL INFO NET/IB: Subnet-aware routing: overriding dev 1 with dev 0
spark-5fa1:60:71 [0] NCCL INFO NET/IB: ncclIbResiliencyInit: Resiliency is disabled on the recv communicator (comm=0xe07cafc88000)
spark-5fa1:60:71 [0] NCCL INFO NET/IB: ncclIbRecvCommInit: Receive work requests will be posted on-demand
spark-5fa1:60:71 [0] NCCL INFO NET/IB: Subnet-aware routing: overriding dev 1 with dev 0
spark-5fa1:60:71 [0] NCCL INFO NET/IB: Subnet-aware routing: overriding dev 3 with dev 2
spark-5fa1:60:71 [0] NCCL INFO NET/IB: ncclIbResiliencyInit: Resiliency is disabled on the send communicator (comm=0xe07cafcd3000)
spark-5fa1:60:71 [0] NCCL INFO NET/IB: Subnet-aware routing: overriding dev 1 with dev 0
spark-5fa1:60:71 [0] NCCL INFO NET/IB: Subnet-aware routing: overriding dev 3 with dev 2
spark-5fa1:60:71 [0] NCCL INFO NET/IB: ncclIbResiliencyInit: Resiliency is disabled on the recv communicator (comm=0xe07cafd14000)
spark-5fa1:60:71 [0] NCCL INFO NET/IB: ncclIbRecvCommInit: Receive work requests will be posted on-demand
spark-5fa1:60:71 [0] NCCL INFO NET/IB: Subnet-aware routing: overriding dev 1 with dev 0
spark-5fa1:60:71 [0] NCCL INFO NET/IB: ncclIbSenderQpsCreate: QP created: port=1 dev=0 devName=rocep1s0f0 ndevs=4 nmdevs=4 qp_num=46167 pkey=0 pd=0xe07cac07dd30 oooRq=0
spark-5fa1:60:71 [0] NCCL INFO NET/IB: ncclIbConnectImpl: NCCL Dev 0 IbDev 0 Port 1 qp_num 46167 mtu 5 GID 6 (0/164A8C0FFFF0000) ctsFifoRkey=0x170bc9 ctsFifoLkey=0x170bc9
spark-5fa1:60:71 [0] NCCL INFO NET/IB: ncclIbConnectImpl: IbDev 0 Port 1 qp_num 46167 query_ece={supported=1, vendor_id=0x15b3, options=0x30000002, comp_mask=0x0}
spark-5fa1:60:71 [0] NCCL INFO NET/IB: ncclIbReceiverQpsCreateToRts: QP created: port=1 dev=1 devName=rocep1s0f1 ndevs=4 nmdevs=4 qp_num=41120 pkey=0 pd=0xe07cac03c970 oooRq=0
spark-5fa1:60:71 [0] NCCL INFO NET/IB: ncclIbReceiverQpsCreateToRts: Flush QP created: port=1 dev=1 devName=rocep1s0f1 ndevs=4 nmdevs=4 qp_num=41121 pkey=0 pd=0xe07cac03c970
spark-5fa1:60:71 [0] NCCL INFO NET/IB: ncclIbSenderQpsCreate: QP created: port=1 dev=2 devName=roceP2p1s0f0 ndevs=4 nmdevs=4 qp_num=2388 pkey=0 pd=0xe07cac362a10 oooRq=0
spark-5fa1:60:71 [0] NCCL INFO NET/IB: ncclIbConnectImpl: NCCL Dev 2 IbDev 2 Port 1 qp_num 2388 mtu 5 GID 3 (0/16EA8C0FFFF0000) ctsFifoRkey=0x177572 ctsFifoLkey=0x177572
spark-5fa1:60:71 [0] NCCL INFO NET/IB: ncclIbConnectImpl: IbDev 2 Port 1 qp_num 2388 query_ece={supported=1, vendor_id=0x15b3, options=0x30000002, comp_mask=0x0}
spark-5fa1:60:71 [0] NCCL INFO NET/IB: Subnet-aware routing: overriding dev 2 with dev 3
spark-5fa1:60:71 [0] NCCL INFO NET/IB: ncclIbReceiverQpsCreateToRts: QP created: port=1 dev=3 devName=roceP2p1s0f1 ndevs=4 nmdevs=4 qp_num=2400 pkey=0 pd=0xe07cac1095e0 oooRq=0
spark-5fa1:60:71 [0] NCCL INFO NET/IB: ncclIbReceiverQpsCreateToRts: Flush QP created: port=1 dev=3 devName=roceP2p1s0f1 ndevs=4 nmdevs=4 qp_num=2401 pkey=0 pd=0xe07cac1095e0
spark-5fa1:60:71 [0] NCCL INFO NET/IB: Subnet-aware routing: overriding dev 3 with dev 2
spark-5fa1:60:71 [0] NCCL INFO NET/IB: ncclIbResiliencyInit: Resiliency is disabled on the send communicator (comm=0xe07cafe5e000)
spark-5fa1:60:71 [0] NCCL INFO NET/IB: Subnet-aware routing: overriding dev 1 with dev 0
spark-5fa1:60:71 [0] NCCL INFO NET/IB: ncclIbSenderQpsToRts: Set ECE: IbDev 0 Port 1 qp_num 46167 set_ece={supported=1, vendor_id=0x15b3, options=0x30000002, comp_mask=0x0}
spark-5fa1:60:71 [0] NCCL INFO NET/IB: ncclIbSenderQpsToRts: Set ECE: IbDev 2 Port 1 qp_num 2388 set_ece={supported=1, vendor_id=0x15b3, options=0x30000002, comp_mask=0x0}
spark-5fa1:60:71 [0] NCCL INFO NET/IB: Subnet-aware routing: overriding dev 3 with dev 2
spark-5fa1:60:71 [0] NCCL INFO NET/IB: ncclIbSenderQpsCreate: QP created: port=1 dev=2 devName=roceP2p1s0f0 ndevs=4 nmdevs=4 qp_num=2389 pkey=0 pd=0xe07cac362a10 oooRq=0
spark-5fa1:60:71 [0] NCCL INFO NET/IB: ncclIbConnectImpl: NCCL Dev 2 IbDev 2 Port 1 qp_num 2389 mtu 5 GID 3 (0/16EA8C0FFFF0000) ctsFifoRkey=0x170201 ctsFifoLkey=0x170201
spark-5fa1:60:71 [0] NCCL INFO NET/IB: ncclIbConnectImpl: IbDev 2 Port 1 qp_num 2389 query_ece={supported=1, vendor_id=0x15b3, options=0x30000002, comp_mask=0x0}
spark-5fa1:60:71 [0] NCCL INFO NET/IB: ncclIbReceiverQpsCreateToRts: QP created: port=1 dev=3 devName=roceP2p1s0f1 ndevs=4 nmdevs=4 qp_num=2402 pkey=0 pd=0xe07cac1095e0 oooRq=0
spark-5fa1:60:71 [0] NCCL INFO NET/IB: ncclIbReceiverQpsCreateToRts: Flush QP created: port=1 dev=3 devName=roceP2p1s0f1 ndevs=4 nmdevs=4 qp_num=2403 pkey=0 pd=0xe07cac1095e0
spark-5fa1:60:71 [0] NCCL INFO NET/IB: ncclIbResiliencyInit: Resiliency is disabled on the recv communicator (comm=0xe07caff1b000)
spark-5fa1:60:71 [0] NCCL INFO NET/IB: ncclIbRecvCommInit: Receive work requests will be posted on-demand
spark-5fa1:60:71 [0] NCCL INFO NET/IB: Subnet-aware routing: overriding dev 3 with dev 2
spark-5fa1:60:71 [0] NCCL INFO NET/IB: Subnet-aware routing: overriding dev 1 with dev 0
spark-5fa1:60:71 [0] NCCL INFO NET/IB: ncclIbResiliencyInit: Resiliency is disabled on the send communicator (comm=0xe07caff63000)
spark-5fa1:60:71 [0] NCCL INFO NET/IB: Subnet-aware routing: overriding dev 3 with dev 2
spark-5fa1:60:71 [0] NCCL INFO NET/IB: ncclIbSenderQpsToRts: Set ECE: IbDev 2 Port 1 qp_num 2389 set_ece={supported=1, vendor_id=0x15b3, options=0x30000002, comp_mask=0x0}
spark-5fa1:60:71 [0] NCCL INFO NET/IB: ncclIbSenderQpsCreate: QP created: port=1 dev=0 devName=rocep1s0f0 ndevs=4 nmdevs=4 qp_num=46168 pkey=0 pd=0xe07cac07dd30 oooRq=0
spark-5fa1:60:71 [0] NCCL INFO NET/IB: ncclIbConnectImpl: NCCL Dev 0 IbDev 0 Port 1 qp_num 46168 mtu 5 GID 6 (0/164A8C0FFFF0000) ctsFifoRkey=0x178c49 ctsFifoLkey=0x178c49
spark-5fa1:60:71 [0] NCCL INFO NET/IB: ncclIbConnectImpl: IbDev 0 Port 1 qp_num 46168 query_ece={supported=1, vendor_id=0x15b3, options=0x30000002, comp_mask=0x0}
spark-5fa1:60:71 [0] NCCL INFO NET/IB: Subnet-aware routing: overriding dev 0 with dev 1
spark-5fa1:60:71 [0] NCCL INFO NET/IB: ncclIbReceiverQpsCreateToRts: QP created: port=1 dev=1 devName=rocep1s0f1 ndevs=4 nmdevs=4 qp_num=41122 pkey=0 pd=0xe07cac03c970 oooRq=0
spark-5fa1:60:71 [0] NCCL INFO NET/IB: ncclIbReceiverQpsCreateToRts: Flush QP created: port=1 dev=1 devName=rocep1s0f1 ndevs=4 nmdevs=4 qp_num=41123 pkey=0 pd=0xe07cac03c970
spark-5fa1:60:71 [0] NCCL INFO NET/IB: Subnet-aware routing: overriding dev 1 with dev 0
spark-5fa1:60:71 [0] NCCL INFO NET/IB: ncclIbResiliencyInit: Resiliency is disabled on the recv communicator (comm=0xe07c58039000)
spark-5fa1:60:71 [0] NCCL INFO NET/IB: ncclIbRecvCommInit: Receive work requests will be posted on-demand
spark-5fa1:60:71 [0] NCCL INFO NET/IB: Subnet-aware routing: overriding dev 1 with dev 0
spark-5fa1:60:71 [0] NCCL INFO NET/IB: ncclIbResiliencyInit: Resiliency is disabled on the send communicator (comm=0xe07c58081000)
spark-5fa1:60:71 [0] NCCL INFO NET/IB: Subnet-aware routing: overriding dev 1 with dev 0
spark-5fa1:60:71 [0] NCCL INFO NET/IB: ncclIbResiliencyInit: Resiliency is disabled on the recv communicator (comm=0xe07c580c5000)
spark-5fa1:60:71 [0] NCCL INFO NET/IB: ncclIbRecvCommInit: Receive work requests will be posted on-demand
spark-5fa1:60:71 [0] NCCL INFO NET/IB: Subnet-aware routing: overriding dev 1 with dev 0
spark-5fa1:60:71 [0] NCCL INFO NET/IB: ncclIbSenderQpsCreate: QP created: port=1 dev=0 devName=rocep1s0f0 ndevs=4 nmdevs=4 qp_num=46169 pkey=0 pd=0xe07cac07dd30 oooRq=0
spark-5fa1:60:71 [0] NCCL INFO NET/IB: ncclIbConnectImpl: NCCL Dev 0 IbDev 0 Port 1 qp_num 46169 mtu 5 GID 6 (0/164A8C0FFFF0000) ctsFifoRkey=0x221182 ctsFifoLkey=0x221182
spark-5fa1:60:71 [0] NCCL INFO NET/IB: ncclIbConnectImpl: IbDev 0 Port 1 qp_num 46169 query_ece={supported=1, vendor_id=0x15b3, options=0x30000002, comp_mask=0x0}
spark-5fa1:60:71 [0] NCCL INFO NET/IB: Subnet-aware routing: overriding dev 3 with dev 2
spark-5fa1:60:71 [0] NCCL INFO NET/IB: ncclIbResiliencyInit: Resiliency is disabled on the send communicator (comm=0xe07c5813f000)
spark-5fa1:60:71 [0] NCCL INFO NET/IB: ncclIbSenderQpsToRts: Set ECE: IbDev 0 Port 1 qp_num 46168 set_ece={supported=1, vendor_id=0x15b3, options=0x30000002, comp_mask=0x0}
spark-5fa1:60:71 [0] NCCL INFO NET/IB: Subnet-aware routing: overriding dev 1 with dev 0
spark-5fa1:60:71 [0] NCCL INFO NET/IB: Subnet-aware routing: overriding dev 3 with dev 2
spark-5fa1:60:71 [0] NCCL INFO NET/IB: ncclIbResiliencyInit: Resiliency is disabled on the recv communicator (comm=0xe07c58180000)
spark-5fa1:60:71 [0] NCCL INFO NET/IB: ncclIbRecvCommInit: Receive work requests will be posted on-demand
spark-5fa1:60:71 [0] NCCL INFO NET/IB: Subnet-aware routing: overriding dev 1 with dev 0
spark-5fa1:60:71 [0] NCCL INFO NET/IB: Subnet-aware routing: overriding dev 3 with dev 2
spark-5fa1:60:71 [0] NCCL INFO NET/IB: Subnet-aware routing: overriding dev 1 with dev 0
spark-5fa1:60:71 [0] NCCL INFO NET/IB: Subnet-aware routing: overriding dev 3 with dev 2
spark-5fa1:60:71 [0] NCCL INFO NET/IB: Subnet-aware routing: overriding dev 1 with dev 0
spark-5fa1:60:71 [0] NCCL INFO NET/IB: ncclIbSenderQpsToRts: Set ECE: IbDev 0 Port 1 qp_num 46169 set_ece={supported=1, vendor_id=0x15b3, options=0x30000002, comp_mask=0x0}
spark-5fa1:60:71 [0] NCCL INFO NET/IB: ncclIbReceiverQpsCreateToRts: QP created: port=1 dev=1 devName=rocep1s0f1 ndevs=4 nmdevs=4 qp_num=41124 pkey=0 pd=0xe07cac03c970 oooRq=0
spark-5fa1:60:71 [0] NCCL INFO NET/IB: ncclIbReceiverQpsCreateToRts: Flush QP created: port=1 dev=1 devName=rocep1s0f1 ndevs=4 nmdevs=4 qp_num=41125 pkey=0 pd=0xe07cac03c970
spark-5fa1:60:71 [0] NCCL INFO NET/IB: ncclIbSenderQpsCreate: QP created: port=1 dev=2 devName=roceP2p1s0f0 ndevs=4 nmdevs=4 qp_num=2390 pkey=0 pd=0xe07cac362a10 oooRq=0
spark-5fa1:60:71 [0] NCCL INFO NET/IB: ncclIbConnectImpl: NCCL Dev 2 IbDev 2 Port 1 qp_num 2390 mtu 5 GID 3 (0/16EA8C0FFFF0000) ctsFifoRkey=0x18b4b3 ctsFifoLkey=0x18b4b3
spark-5fa1:60:71 [0] NCCL INFO NET/IB: ncclIbConnectImpl: IbDev 2 Port 1 qp_num 2390 query_ece={supported=1, vendor_id=0x15b3, options=0x30000002, comp_mask=0x0}
spark-5fa1:60:71 [0] NCCL INFO NET/IB: Subnet-aware routing: overriding dev 2 with dev 3
spark-5fa1:60:71 [0] NCCL INFO NET/IB: ncclIbReceiverQpsCreateToRts: QP created: port=1 dev=3 devName=roceP2p1s0f1 ndevs=4 nmdevs=4 qp_num=2404 pkey=0 pd=0xe07cac1095e0 oooRq=0
spark-5fa1:60:71 [0] NCCL INFO NET/IB: ncclIbReceiverQpsCreateToRts: Flush QP created: port=1 dev=3 devName=roceP2p1s0f1 ndevs=4 nmdevs=4 qp_num=2405 pkey=0 pd=0xe07cac1095e0
spark-5fa1:60:71 [0] NCCL INFO NET/IB: Subnet-aware routing: overriding dev 3 with dev 2
spark-5fa1:60:71 [0] NCCL INFO NET/IB: ncclIbSenderQpsCreate: QP created: port=1 dev=2 devName=roceP2p1s0f0 ndevs=4 nmdevs=4 qp_num=2391 pkey=0 pd=0xe07cac362a10 oooRq=0
spark-5fa1:60:71 [0] NCCL INFO NET/IB: ncclIbConnectImpl: NCCL Dev 2 IbDev 2 Port 1 qp_num 2391 mtu 5 GID 3 (0/16EA8C0FFFF0000) ctsFifoRkey=0x17817e ctsFifoLkey=0x17817e
spark-5fa1:60:71 [0] NCCL INFO NET/IB: ncclIbConnectImpl: IbDev 2 Port 1 qp_num 2391 query_ece={supported=1, vendor_id=0x15b3, options=0x30000002, comp_mask=0x0}
spark-5fa1:60:71 [0] NCCL INFO NET/IB: Subnet-aware routing: overriding dev 3 with dev 2
spark-5fa1:60:71 [0] NCCL INFO NET/IB: Subnet-aware routing: overriding dev 3 with dev 2
spark-5fa1:60:71 [0] NCCL INFO NET/IB: ncclIbSenderQpsToRts: Set ECE: IbDev 2 Port 1 qp_num 2390 set_ece={supported=1, vendor_id=0x15b3, options=0x30000002, comp_mask=0x0}
spark-5fa1:60:71 [0] NCCL INFO NET/IB: Subnet-aware routing: overriding dev 3 with dev 2
spark-5fa1:60:71 [0] NCCL INFO NET/IB: ncclIbSenderQpsToRts: Set ECE: IbDev 2 Port 1 qp_num 2391 set_ece={supported=1, vendor_id=0x15b3, options=0x30000002, comp_mask=0x0}
spark-5fa1:60:71 [0] NCCL INFO NET/IB: ncclIbReceiverQpsCreateToRts: QP created: port=1 dev=3 devName=roceP2p1s0f1 ndevs=4 nmdevs=4 qp_num=2406 pkey=0 pd=0xe07cac1095e0 oooRq=0
spark-5fa1:60:71 [0] NCCL INFO NET/IB: ncclIbReceiverQpsCreateToRts: Flush QP created: port=1 dev=3 devName=roceP2p1s0f1 ndevs=4 nmdevs=4 qp_num=2407 pkey=0 pd=0xe07cac1095e0
spark-5fa1:60:60 [0] NCCL INFO Connected all rings, use ring PXN 0 GDR 0
spark-5fa1:60:60 [0] NCCL INFO AllGather: 11184800 Bytes -> Algo RING proto SIMPLE channel{Lo..Hi}={0..63}
spark-5fa1:60:60 [0] NCCL INFO AllGather: 11184800 Bytes -> Algo RING proto SIMPLE channel{Lo..Hi}={0..63}
spark-5fa1:60:60 [0] NCCL INFO AllGather: 11184800 Bytes -> Algo RING proto SIMPLE channel{Lo..Hi}={0..63}
spark-5fa1:60:60 [0] NCCL INFO AllGather: 11184800 Bytes -> Algo RING proto SIMPLE channel{Lo..Hi}={0..63}
spark-5fa1:60:60 [0] NCCL INFO AllGather: 11184800 Bytes -> Algo RING proto SIMPLE channel{Lo..Hi}={0..63}
spark-5fa1:60:60 [0] NCCL INFO AllGather: 11184800 Bytes -> Algo RING proto SIMPLE channel{Lo..Hi}={0..63}
spark-5fa1:60:60 [0] NCCL INFO AllGather: 11184800 Bytes -> Algo RING proto SIMPLE channel{Lo..Hi}={0..63}
spark-5fa1:60:60 [0] NCCL INFO AllGather: 11184800 Bytes -> Algo RING proto SIMPLE channel{Lo..Hi}={0..63}
spark-5fa1:60:60 [0] NCCL INFO AllGather: 11184800 Bytes -> Algo RING proto SIMPLE channel{Lo..Hi}={0..63}
spark-5fa1:60:60 [0] NCCL INFO AllGather: 11184800 Bytes -> Algo RING proto SIMPLE channel{Lo..Hi}={0..63}
spark-5fa1:60:60 [0] NCCL INFO AllGather: 11184800 Bytes -> Algo RING proto SIMPLE channel{Lo..Hi}={0..63}
spark-5fa1:60:60 [0] NCCL INFO AllGather: 11184800 Bytes -> Algo RING proto SIMPLE channel{Lo..Hi}={0..63}
spark-5fa1:60:60 [0] NCCL INFO AllGather: 11184800 Bytes -> Algo RING proto SIMPLE channel{Lo..Hi}={0..63}
spark-5fa1:60:60 [0] NCCL INFO AllGather: 11184800 Bytes -> Algo RING proto SIMPLE channel{Lo..Hi}={0..63}
spark-5fa1:60:60 [0] NCCL INFO AllGather: 11184800 Bytes -> Algo RING proto SIMPLE channel{Lo..Hi}={0..63}
spark-5fa1:60:60 [0] NCCL INFO AllGather: 11184800 Bytes -> Algo RING proto SIMPLE channel{Lo..Hi}={0..63}
spark-5fa1:60:60 [0] NCCL INFO AllGather: 11184800 Bytes -> Algo RING proto SIMPLE channel{Lo..Hi}={0..63}
spark-5fa1:60:60 [0] NCCL INFO AllGather: 11184800 Bytes -> Algo RING proto SIMPLE channel{Lo..Hi}={0..63}
spark-5fa1:60:60 [0] NCCL INFO AllGather: 11184800 Bytes -> Algo RING proto SIMPLE channel{Lo..Hi}={0..63}
spark-5fa1:60:60 [0] NCCL INFO AllGather: 11184800 Bytes -> Algo RING proto SIMPLE channel{Lo..Hi}={0..63}
spark-5fa1:60:60 [0] NCCL INFO AllGather: 11184800 Bytes -> Algo RING proto SIMPLE channel{Lo..Hi}={0..63}
spark-5fa1:60:60 [0] NCCL INFO AllGather: 11184800 Bytes -> Algo RING proto SIMPLE channel{Lo..Hi}={0..63}
spark-5fa1:60:60 [0] NCCL INFO AllGather: 11184800 Bytes -> Algo RING proto SIMPLE channel{Lo..Hi}={0..63}
spark-5fa1:60:60 [0] NCCL INFO AllGather: 11184800 Bytes -> Algo RING proto SIMPLE channel{Lo..Hi}={0..63}
spark-5fa1:60:60 [0] NCCL INFO AllGather: 11184800 Bytes -> Algo RING proto SIMPLE channel{Lo..Hi}={0..63}
spark-5fa1:60:60 [0] NCCL INFO AllGather: 11184800 Bytes -> Algo RING proto SIMPLE channel{Lo..Hi}={0..63}
spark-5fa1:60:60 [0] NCCL INFO AllGather: 11184800 Bytes -> Algo RING proto SIMPLE channel{Lo..Hi}={0..63}
spark-5fa1:60:60 [0] NCCL INFO AllGather: 11184800 Bytes -> Algo RING proto SIMPLE channel{Lo..Hi}={0..63}
spark-5fa1:60:60 [0] NCCL INFO AllGather: 11184800 Bytes -> Algo RING proto SIMPLE channel{Lo..Hi}={0..63}
spark-5fa1:60:60 [0] NCCL INFO AllGather: 11184800 Bytes -> Algo RING proto SIMPLE channel{Lo..Hi}={0..63}
spark-5fa1:60:60 [0] NCCL INFO AllGather: 11184800 Bytes -> Algo RING proto SIMPLE channel{Lo..Hi}={0..63}
spark-5fa1:60:60 [0] NCCL INFO AllGather: 11184800 Bytes -> Algo RING proto SIMPLE channel{Lo..Hi}={0..63}
spark-5fa1:60:60 [0] NCCL INFO AllGather: 11184800 Bytes -> Algo RING proto SIMPLE channel{Lo..Hi}={0..63}
spark-5fa1:60:60 [0] NCCL INFO AllGather: 11184800 Bytes -> Algo RING proto SIMPLE channel{Lo..Hi}={0..63}
spark-5fa1:60:60 [0] NCCL INFO AllGather: 11184800 Bytes -> Algo RING proto SIMPLE channel{Lo..Hi}={0..63}
spark-5fa1:60:60 [0] NCCL INFO AllGather: 11184800 Bytes -> Algo RING proto SIMPLE channel{Lo..Hi}={0..63}
spark-5fa1:60:60 [0] NCCL INFO AllGather: 11184800 Bytes -> Algo RING proto SIMPLE channel{Lo..Hi}={0..63}
spark-5fa1:60:60 [0] NCCL INFO AllGather: 11184800 Bytes -> Algo RING proto SIMPLE channel{Lo..Hi}={0..63}
spark-5fa1:60:60 [0] NCCL INFO AllGather: 11184800 Bytes -> Algo RING proto SIMPLE channel{Lo..Hi}={0..63}
spark-5fa1:60:60 [0] NCCL INFO AllGather: 11184800 Bytes -> Algo RING proto SIMPLE channel{Lo..Hi}={0..63}
spark-5fa1:60:60 [0] NCCL INFO AllGather: 11184800 Bytes -> Algo RING proto SIMPLE channel{Lo..Hi}={0..63}
spark-5fa1:60:60 [0] NCCL INFO AllGather: 11184800 Bytes -> Algo RING proto SIMPLE channel{Lo..Hi}={0..63}
spark-5fa1:60:60 [0] NCCL INFO AllGather: 11184800 Bytes -> Algo RING proto SIMPLE channel{Lo..Hi}={0..63}
spark-5fa1:60:60 [0] NCCL INFO AllGather: 11184800 Bytes -> Algo RING proto SIMPLE channel{Lo..Hi}={0..63}
spark-5fa1:60:60 [0] NCCL INFO AllGather: 11184800 Bytes -> Algo RING proto SIMPLE channel{Lo..Hi}={0..63}
spark-5fa1:60:60 [0] NCCL INFO AllGather: 11184800 Bytes -> Algo RING proto SIMPLE channel{Lo..Hi}={0..63}
spark-5fa1:60:60 [0] NCCL INFO AllGather: 11184800 Bytes -> Algo RING proto SIMPLE channel{Lo..Hi}={0..63}
spark-5fa1:60:60 [0] NCCL INFO AllGather: 11184800 Bytes -> Algo RING proto SIMPLE channel{Lo..Hi}={0..63}
spark-5fa1:60:60 [0] NCCL INFO AllGather: 11184800 Bytes -> Algo RING proto SIMPLE channel{Lo..Hi}={0..63}
########## NCCL_DEBUG from spark1 ##########
gx10-e146:65:65 [0] NCCL INFO ncclOsDlopen(libnccl-env.so) failed: libnccl-env.so: cannot open shared object file: No such file or directory
gx10-e146:65:65 [0] NCCL INFO ENV/Plugin: Could not find: libnccl-env.so
gx10-e146:65:65 [0] NCCL INFO cudaDriverVersion 13000
gx10-e146:65:65 [0] NCCL INFO NCCL_SOCKET_IFNAME set by environment to wlP9s9
gx10-e146:65:65 [0] NCCL INFO NCCL_SOCKET_IFNAME set to wlP9s9
gx10-e146:65:65 [0] NCCL INFO NCCL version 2.30.7+cuda13.3
gx10-e146:65:65 [0] NCCL INFO NCCL git version HEAD a5187fa2e
gx10-e146:65:65 [0] NCCL INFO Comm config nvlinkCentricSched set to 1
gx10-e146:65:65 [0] NCCL INFO NCCL_NET_PLUGIN set by environment to none
gx10-e146:65:65 [0] NCCL INFO NCCL_IB_DISABLE set by environment to 0.
gx10-e146:65:65 [0] NCCL INFO dlvsym failed on mlx5dv_get_data_direct_sysfs_path - /lib/aarch64-linux-gnu/libmlx5.so: undefined symbol: mlx5dv_get_data_direct_sysfs_path, version MLX5_1.25 version MLX5_1.25
gx10-e146:65:65 [0] NCCL INFO dlvsym failed on mlx5dv_reg_dmabuf_mr - /lib/aarch64-linux-gnu/libmlx5.so: undefined symbol: mlx5dv_reg_dmabuf_mr, version MLX5_1.25 version MLX5_1.25
gx10-e146:65:65 [0] NCCL INFO NCCL_SOCKET_IFNAME set by environment to wlP9s9
gx10-e146:65:65 [0] NCCL INFO NCCL_IB_HCA set to =rocep1s0f0,roceP2p1s0f0,rocep1s0f1,roceP2p1s0f1
gx10-e146:65:65 [0] NCCL INFO NET/IB: [0] rocep1s0f0:uverbs0:1/RoCE provider=Mlx5 speed=200000 context=0xc91de8ace070 pciPath=/sys/devices/pci0000:00/0000:00:00.0/0000:01:00.0 ar=0 oooRqSize=0
gx10-e146:65:65 [0] NCCL INFO NET/IB: [1] rocep1s0f1:uverbs1:1/RoCE provider=Mlx5 speed=200000 context=0xc91de8b0f6c0 pciPath=/sys/devices/pci0000:00/0000:00:00.0/0000:01:00.0 ar=0 oooRqSize=0
gx10-e146:65:65 [0] NCCL INFO NET/IB: [2] roceP2p1s0f0:uverbs2:1/RoCE provider=Mlx5 speed=200000 context=0xc91de8b50d10 pciPath=/sys/devices/pci0002:00/0002:00:00.0/0002:01:00.0 ar=0 oooRqSize=0
gx10-e146:65:65 [0] NCCL INFO NET/IB: [3] roceP2p1s0f1:uverbs3:1/RoCE provider=Mlx5 speed=200000 context=0xc91de8b92360 pciPath=/sys/devices/pci0002:00/0002:00:00.0/0002:01:00.0 ar=0 oooRqSize=0
gx10-e146:65:65 [0] NCCL INFO NCCL_IB_MERGE_NICS set by environment to 0.
gx10-e146:65:65 [0] NCCL INFO NET/IB : Made virtual device [0] name=rocep1s0f0 speed=200000 ndevs=1 rail=-1 plane=-1
gx10-e146:65:65 [0] NCCL INFO NET/IB : Made virtual device [1] name=rocep1s0f1 speed=200000 ndevs=1 rail=-1 plane=-1
gx10-e146:65:65 [0] NCCL INFO NET/IB : Made virtual device [2] name=roceP2p1s0f0 speed=200000 ndevs=1 rail=-1 plane=-1
gx10-e146:65:65 [0] NCCL INFO NET/IB : Made virtual device [3] name=roceP2p1s0f1 speed=200000 ndevs=1 rail=-1 plane=-1
gx10-e146:65:65 [0] NCCL INFO NET/IB : Using [0]rocep1s0f0:1/RoCE [1]rocep1s0f1:1/RoCE [2]roceP2p1s0f0:1/RoCE [3]roceP2p1s0f1:1/RoCE [RO]; OOB wlP9s9:192.168.1.50<0>
gx10-e146:65:65 [0] NCCL INFO Initialized NET plugin IB
gx10-e146:65:65 [0] NCCL INFO Assigned NET plugin IB to comm
gx10-e146:65:65 [0] NCCL INFO ncclOsDlopen(libnccl-rma.so) failed: libnccl-rma.so: cannot open shared object file: No such file or directory
gx10-e146:65:65 [0] NCCL INFO RMA/Plugin: Could not find: libnccl-rma.so
gx10-e146:65:65 [0] NCCL INFO RMA/Plugin: Failed to load external plugin libnccl-rma.so, dlHandle: (nil), ncclRma: (nil)
gx10-e146:65:65 [0] NCCL INFO RMA/Plugin: Assigned plugin RMA_IB_PROXY to comm
gx10-e146:65:65 [0] NCCL INFO ncclOsDlopen(libnccl-gin.so) failed: libnccl-gin.so: cannot open shared object file: No such file or directory
gx10-e146:65:65 [0] NCCL INFO GIN/Plugin: Could not find: libnccl-gin.so
gx10-e146:65:65 [0] NCCL INFO GIN/Plugin: Failed to load external plugin libnccl-gin.so, dlHandle: (nil), ncclGin: (nil)
gx10-e146:65:65 [0] NCCL INFO GIN/Plugin: Assigned plugin GIN_IB_GDAKI type 3 to comm
gx10-e146:65:65 [0] NCCL INFO Using network IB
gx10-e146:65:65 [0] NCCL INFO Loaded NVML from libnvidia-ml.so.1
gx10-e146:65:65 [0] NCCL INFO [Rank 1] ncclCommInitRankConfig comm 0xc91de600ccd0 rank 1 nranks 3 cudaDev 0 nvmlDev 0 busId f01000 commId 0xdb141b70f6210ee8 - Init START
gx10-e146:65:65 [0] NCCL INFO Socket handshake magic 0x564ab9f2fc4b9d6c (built-in default)
gx10-e146:65:65 [0] NCCL INFO RAS client listening socket at 127.0.0.1<28028>
gx10-e146:65:65 [0] NCCL INFO Topology detection: could not read /sys/devices/system/node/node4294967295/cpumap, using empty affinity
gx10-e146:65:65 [0] NCCL INFO TOPO/NET : Importing network plugins to topology
gx10-e146:65:65 [0] NCCL INFO NET/GIN_IB_GDAKI : GPU Direct RDMA Disabled for HCA 0 'rocep1s0f0'
gx10-e146:65:65 [0] NCCL INFO ncclTopoPopulateNics : Filled rocep1s0f0 in topo with pciPath=/sys/devices/pci0000:00/0000:00:00.0/0000:01:00.0 net=0 gin=1 rma=(null) keep=1 coll=(null) rail=-1 plane=-1
gx10-e146:65:65 [0] NCCL INFO NET/GIN_IB_GDAKI : GPU Direct RDMA Disabled for HCA 1 'rocep1s0f1'
gx10-e146:65:65 [0] NCCL INFO ncclTopoPopulateNics : Filled rocep1s0f1 in topo with pciPath=/sys/devices/pci0000:00/0000:00:00.0/0000:01:00.0 net=0 gin=1 rma=(null) keep=1 coll=(null) rail=-1 plane=-1
gx10-e146:65:65 [0] NCCL INFO NET/GIN_IB_GDAKI : GPU Direct RDMA Disabled for HCA 2 'roceP2p1s0f0'
gx10-e146:65:65 [0] NCCL INFO ncclTopoPopulateNics : Filled roceP2p1s0f0 in topo with pciPath=/sys/devices/pci0002:00/0002:00:00.0/0002:01:00.0 net=0 gin=1 rma=(null) keep=1 coll=(null) rail=-1 plane=-1
gx10-e146:65:65 [0] NCCL INFO NET/GIN_IB_GDAKI : GPU Direct RDMA Disabled for HCA 3 'roceP2p1s0f1'
gx10-e146:65:65 [0] NCCL INFO ncclTopoPopulateNics : Filled roceP2p1s0f1 in topo with pciPath=/sys/devices/pci0002:00/0002:00:00.0/0002:01:00.0 net=0 gin=1 rma=(null) keep=1 coll=(null) rail=-1 plane=-1
gx10-e146:65:65 [0] NCCL INFO NET/RMA_IB_PROXY : GPU Direct RDMA Disabled for HCA 0 'rocep1s0f0'
gx10-e146:65:65 [0] NCCL INFO ncclTopoPopulateNics : Filled rocep1s0f0 in topo with pciPath=/sys/devices/pci0000:00/0000:00:00.0/0000:01:00.0 net=0 gin=1 rma=1 keep=1 coll=(null) rail=-1 plane=-1
gx10-e146:65:65 [0] NCCL INFO NET/RMA_IB_PROXY : GPU Direct RDMA Disabled for HCA 1 'rocep1s0f1'
gx10-e146:65:65 [0] NCCL INFO ncclTopoPopulateNics : Filled rocep1s0f1 in topo with pciPath=/sys/devices/pci0000:00/0000:00:00.0/0000:01:00.0 net=0 gin=1 rma=1 keep=1 coll=(null) rail=-1 plane=-1
gx10-e146:65:65 [0] NCCL INFO NET/RMA_IB_PROXY : GPU Direct RDMA Disabled for HCA 2 'roceP2p1s0f0'
gx10-e146:65:65 [0] NCCL INFO ncclTopoPopulateNics : Filled roceP2p1s0f0 in topo with pciPath=/sys/devices/pci0002:00/0002:00:00.0/0002:01:00.0 net=0 gin=1 rma=1 keep=1 coll=(null) rail=-1 plane=-1
gx10-e146:65:65 [0] NCCL INFO NET/RMA_IB_PROXY : GPU Direct RDMA Disabled for HCA 3 'roceP2p1s0f1'
gx10-e146:65:65 [0] NCCL INFO ncclTopoPopulateNics : Filled roceP2p1s0f1 in topo with pciPath=/sys/devices/pci0002:00/0002:00:00.0/0002:01:00.0 net=0 gin=1 rma=1 keep=1 coll=(null) rail=-1 plane=-1
gx10-e146:65:65 [0] NCCL INFO NET/IB : GPU Direct RDMA Disabled for HCA 0 'rocep1s0f0'
gx10-e146:65:65 [0] NCCL INFO ncclTopoPopulateNics : Filled rocep1s0f0 in topo with pciPath=/sys/devices/pci0000:00/0000:00:00.0/0000:01:00.0 net=1 gin=1 rma=1 keep=1 coll=(null) rail=-1 plane=-1
gx10-e146:65:65 [0] NCCL INFO NET/IB : GPU Direct RDMA Disabled for HCA 1 'rocep1s0f1'
gx10-e146:65:65 [0] NCCL INFO ncclTopoPopulateNics : Filled rocep1s0f1 in topo with pciPath=/sys/devices/pci0000:00/0000:00:00.0/0000:01:00.0 net=1 gin=1 rma=1 keep=1 coll=(null) rail=-1 plane=-1
gx10-e146:65:65 [0] NCCL INFO NET/IB : GPU Direct RDMA Disabled for HCA 2 'roceP2p1s0f0'
gx10-e146:65:65 [0] NCCL INFO ncclTopoPopulateNics : Filled roceP2p1s0f0 in topo with pciPath=/sys/devices/pci0002:00/0002:00:00.0/0002:01:00.0 net=1 gin=1 rma=1 keep=1 coll=(null) rail=-1 plane=-1
gx10-e146:65:65 [0] NCCL INFO NET/IB : GPU Direct RDMA Disabled for HCA 3 'roceP2p1s0f1'
gx10-e146:65:65 [0] NCCL INFO ncclTopoPopulateNics : Filled roceP2p1s0f1 in topo with pciPath=/sys/devices/pci0002:00/0002:00:00.0/0002:01:00.0 net=1 gin=1 rma=1 keep=1 coll=(null) rail=-1 plane=-1
gx10-e146:65:65 [0] NCCL INFO NET/IB : Skipping makeVDevice, NCCL_IB_MERGE_NICS=0
gx10-e146:65:65 [0] NCCL INFO TOPO/NET : Tried merging multiple devices together and failed. vProps={ndevs=2, devs=[0 1 0 0]}. Set NCCL_NET_MERGE_LEVEL=LOC to disable NIC fusion.
gx10-e146:65:65 [0] NCCL INFO Marking physical devices as unplaced, increasing distance and restarting search.
gx10-e146:65:65 [0] NCCL INFO NET/IB : Skipping makeVDevice, NCCL_IB_MERGE_NICS=0
gx10-e146:65:65 [0] NCCL INFO TOPO/NET : Tried merging multiple devices together and failed. vProps={ndevs=2, devs=[2 3 0 0]}. Set NCCL_NET_MERGE_LEVEL=LOC to disable NIC fusion.
gx10-e146:65:65 [0] NCCL INFO Marking physical devices as unplaced, increasing distance and restarting search.
gx10-e146:65:65 [0] NCCL INFO === System : maxBw 12.0 totalBw 0.2 ===
gx10-e146:65:65 [0] NCCL INFO CPU/0-ffffffffffffff (3/-1/-1)
gx10-e146:65:65 [0] NCCL INFO + C2C[345.0] - DEV/0-f01000
gx10-e146:65:65 [0] NCCL INFO + PCI[12.0] - NIC/0-1000
gx10-e146:65:65 [0] NCCL INFO               + NET[25.0] - NET/0-0 (0/47e1bf000399c530/1/25.000000)
gx10-e146:65:65 [0] NCCL INFO               + NET[25.0] - GIN/0-0
gx10-e146:65:65 [0] NCCL INFO               + NET[25.0] - RMA/0-0
gx10-e146:65:65 [0] NCCL INFO               + NET[25.0] - NET/0-1 (0/47e1bf000399c530/2/25.000000)
gx10-e146:65:65 [0] NCCL INFO               + NET[25.0] - GIN/0-1
gx10-e146:65:65 [0] NCCL INFO               + NET[25.0] - RMA/0-1
gx10-e146:65:65 [0] NCCL INFO + PCI[12.0] - NIC/0-201000
gx10-e146:65:65 [0] NCCL INFO               + NET[25.0] - NET/0-2 (0/47e1bf000399c530/1/25.000000)
gx10-e146:65:65 [0] NCCL INFO               + NET[25.0] - GIN/0-2
gx10-e146:65:65 [0] NCCL INFO               + NET[25.0] - RMA/0-2
gx10-e146:65:65 [0] NCCL INFO               + NET[25.0] - NET/0-3 (0/47e1bf000399c530/2/25.000000)
gx10-e146:65:65 [0] NCCL INFO               + NET[25.0] - GIN/0-3
gx10-e146:65:65 [0] NCCL INFO               + NET[25.0] - RMA/0-3
gx10-e146:65:65 [0] NCCL INFO + PCI[0.2] - DEV/0-f01000 (10de2e1210de0000)
gx10-e146:65:65 [0] NCCL INFO              + LOC[5000.0] - GPU/0-f01000
gx10-e146:65:65 [0] NCCL INFO              + C2C[345.0] - CPU/0-ffffffffffffff
gx10-e146:65:65 [0] NCCL INFO ==========================================
gx10-e146:65:65 [0] NCCL INFO GPU/0-f01000 :GPU/0-f01000 (0/5000.0/LOC) CPU/0-ffffffffffffff (2/345.0/C2C) NET/0-0 (4/12.0/P2C) NET/0-1 (4/12.0/P2C) NET/0-2 (4/12.0/P2C) NET/0-3 (4/12.0/P2C) GIN/0-0 (4/12.0/PHB) GIN/0-1 (4/12.0/PHB) GIN/0-2 (4/12.0/PHB) GIN/0-3 (4/12.0/PHB) RMA/0-0 (4/12.0/PHB) RMA/0-1 (4/12.0/PHB) RMA/0-2 (4/12.0/PHB) RMA/0-3 (4/12.0/PHB) DEV/0-f01000 (1/5000.0/LOC) 
gx10-e146:65:65 [0] NCCL INFO NET/0-0 :GPU/0-f01000 (4/12.0/P2C) CPU/0-ffffffffffffff (2/12.0/PHB) NET/0-0 (0/5000.0/LOC) NET/0-1 (2/25.0/LOC) NET/0-2 (4/12.0/PHB) NET/0-3 (4/12.0/PHB) GIN/0-0 (2/25.0/LOC) GIN/0-1 (2/25.0/LOC) GIN/0-2 (4/12.0/PHB) GIN/0-3 (4/12.0/PHB) RMA/0-0 (2/25.0/LOC) RMA/0-1 (2/25.0/LOC) RMA/0-2 (4/12.0/PHB) RMA/0-3 (4/12.0/PHB) DEV/0-f01000 (3/12.0/PHB) 
gx10-e146:65:65 [0] NCCL INFO NET/0-1 :GPU/0-f01000 (4/12.0/P2C) CPU/0-ffffffffffffff (2/12.0/PHB) NET/0-0 (2/25.0/LOC) NET/0-1 (0/5000.0/LOC) NET/0-2 (4/12.0/PHB) NET/0-3 (4/12.0/PHB) GIN/0-0 (2/25.0/LOC) GIN/0-1 (2/25.0/LOC) GIN/0-2 (4/12.0/PHB) GIN/0-3 (4/12.0/PHB) RMA/0-0 (2/25.0/LOC) RMA/0-1 (2/25.0/LOC) RMA/0-2 (4/12.0/PHB) RMA/0-3 (4/12.0/PHB) DEV/0-f01000 (3/12.0/PHB) 
gx10-e146:65:65 [0] NCCL INFO NET/0-2 :GPU/0-f01000 (4/12.0/P2C) CPU/0-ffffffffffffff (2/12.0/PHB) NET/0-0 (4/12.0/PHB) NET/0-1 (4/12.0/PHB) NET/0-2 (0/5000.0/LOC) NET/0-3 (2/25.0/LOC) GIN/0-0 (4/12.0/PHB) GIN/0-1 (4/12.0/PHB) GIN/0-2 (2/25.0/LOC) GIN/0-3 (2/25.0/LOC) RMA/0-0 (4/12.0/PHB) RMA/0-1 (4/12.0/PHB) RMA/0-2 (2/25.0/LOC) RMA/0-3 (2/25.0/LOC) DEV/0-f01000 (3/12.0/PHB) 
gx10-e146:65:65 [0] NCCL INFO NET/0-3 :GPU/0-f01000 (4/12.0/P2C) CPU/0-ffffffffffffff (2/12.0/PHB) NET/0-0 (4/12.0/PHB) NET/0-1 (4/12.0/PHB) NET/0-2 (2/25.0/LOC) NET/0-3 (0/5000.0/LOC) GIN/0-0 (4/12.0/PHB) GIN/0-1 (4/12.0/PHB) GIN/0-2 (2/25.0/LOC) GIN/0-3 (2/25.0/LOC) RMA/0-0 (4/12.0/PHB) RMA/0-1 (4/12.0/PHB) RMA/0-2 (2/25.0/LOC) RMA/0-3 (2/25.0/LOC) DEV/0-f01000 (3/12.0/PHB) 
gx10-e146:65:65 [0] NCCL INFO GIN/0-0 :GPU/0-f01000 (4/12.0/PHB) CPU/0-ffffffffffffff (2/12.0/PHB) NET/0-0 (2/25.0/LOC) NET/0-1 (2/25.0/LOC) NET/0-2 (4/12.0/PHB) NET/0-3 (4/12.0/PHB) GIN/0-0 (0/5000.0/LOC) GIN/0-1 (2/25.0/LOC) GIN/0-2 (4/12.0/PHB) GIN/0-3 (4/12.0/PHB) RMA/0-0 (2/25.0/LOC) RMA/0-1 (2/25.0/LOC) RMA/0-2 (4/12.0/PHB) RMA/0-3 (4/12.0/PHB) DEV/0-f01000 (3/12.0/PHB) 
gx10-e146:65:65 [0] NCCL INFO GIN/0-1 :GPU/0-f01000 (4/12.0/PHB) CPU/0-ffffffffffffff (2/12.0/PHB) NET/0-0 (2/25.0/LOC) NET/0-1 (2/25.0/LOC) NET/0-2 (4/12.0/PHB) NET/0-3 (4/12.0/PHB) GIN/0-0 (2/25.0/LOC) GIN/0-1 (0/5000.0/LOC) GIN/0-2 (4/12.0/PHB) GIN/0-3 (4/12.0/PHB) RMA/0-0 (2/25.0/LOC) RMA/0-1 (2/25.0/LOC) RMA/0-2 (4/12.0/PHB) RMA/0-3 (4/12.0/PHB) DEV/0-f01000 (3/12.0/PHB) 
gx10-e146:65:65 [0] NCCL INFO GIN/0-2 :GPU/0-f01000 (4/12.0/PHB) CPU/0-ffffffffffffff (2/12.0/PHB) NET/0-0 (4/12.0/PHB) NET/0-1 (4/12.0/PHB) NET/0-2 (2/25.0/LOC) NET/0-3 (2/25.0/LOC) GIN/0-0 (4/12.0/PHB) GIN/0-1 (4/12.0/PHB) GIN/0-2 (0/5000.0/LOC) GIN/0-3 (2/25.0/LOC) RMA/0-0 (4/12.0/PHB) RMA/0-1 (4/12.0/PHB) RMA/0-2 (2/25.0/LOC) RMA/0-3 (2/25.0/LOC) DEV/0-f01000 (3/12.0/PHB) 
gx10-e146:65:65 [0] NCCL INFO GIN/0-3 :GPU/0-f01000 (4/12.0/PHB) CPU/0-ffffffffffffff (2/12.0/PHB) NET/0-0 (4/12.0/PHB) NET/0-1 (4/12.0/PHB) NET/0-2 (2/25.0/LOC) NET/0-3 (2/25.0/LOC) GIN/0-0 (4/12.0/PHB) GIN/0-1 (4/12.0/PHB) GIN/0-2 (2/25.0/LOC) GIN/0-3 (0/5000.0/LOC) RMA/0-0 (4/12.0/PHB) RMA/0-1 (4/12.0/PHB) RMA/0-2 (2/25.0/LOC) RMA/0-3 (2/25.0/LOC) DEV/0-f01000 (3/12.0/PHB) 
gx10-e146:65:65 [0] NCCL INFO RMA/0-0 :GPU/0-f01000 (4/12.0/PHB) CPU/0-ffffffffffffff (2/12.0/PHB) NET/0-0 (2/25.0/LOC) NET/0-1 (2/25.0/LOC) NET/0-2 (4/12.0/PHB) NET/0-3 (4/12.0/PHB) GIN/0-0 (2/25.0/LOC) GIN/0-1 (2/25.0/LOC) GIN/0-2 (4/12.0/PHB) GIN/0-3 (4/12.0/PHB) RMA/0-0 (0/5000.0/LOC) RMA/0-1 (2/25.0/LOC) RMA/0-2 (4/12.0/PHB) RMA/0-3 (4/12.0/PHB) DEV/0-f01000 (3/12.0/PHB) 
gx10-e146:65:65 [0] NCCL INFO RMA/0-1 :GPU/0-f01000 (4/12.0/PHB) CPU/0-ffffffffffffff (2/12.0/PHB) NET/0-0 (2/25.0/LOC) NET/0-1 (2/25.0/LOC) NET/0-2 (4/12.0/PHB) NET/0-3 (4/12.0/PHB) GIN/0-0 (2/25.0/LOC) GIN/0-1 (2/25.0/LOC) GIN/0-2 (4/12.0/PHB) GIN/0-3 (4/12.0/PHB) RMA/0-0 (2/25.0/LOC) RMA/0-1 (0/5000.0/LOC) RMA/0-2 (4/12.0/PHB) RMA/0-3 (4/12.0/PHB) DEV/0-f01000 (3/12.0/PHB) 
gx10-e146:65:65 [0] NCCL INFO RMA/0-2 :GPU/0-f01000 (4/12.0/PHB) CPU/0-ffffffffffffff (2/12.0/PHB) NET/0-0 (4/12.0/PHB) NET/0-1 (4/12.0/PHB) NET/0-2 (2/25.0/LOC) NET/0-3 (2/25.0/LOC) GIN/0-0 (4/12.0/PHB) GIN/0-1 (4/12.0/PHB) GIN/0-2 (2/25.0/LOC) GIN/0-3 (2/25.0/LOC) RMA/0-0 (4/12.0/PHB) RMA/0-1 (4/12.0/PHB) RMA/0-2 (0/5000.0/LOC) RMA/0-3 (2/25.0/LOC) DEV/0-f01000 (3/12.0/PHB) 
gx10-e146:65:65 [0] NCCL INFO RMA/0-3 :GPU/0-f01000 (4/12.0/PHB) CPU/0-ffffffffffffff (2/12.0/PHB) NET/0-0 (4/12.0/PHB) NET/0-1 (4/12.0/PHB) NET/0-2 (2/25.0/LOC) NET/0-3 (2/25.0/LOC) GIN/0-0 (4/12.0/PHB) GIN/0-1 (4/12.0/PHB) GIN/0-2 (2/25.0/LOC) GIN/0-3 (2/25.0/LOC) RMA/0-0 (4/12.0/PHB) RMA/0-1 (4/12.0/PHB) RMA/0-2 (2/25.0/LOC) RMA/0-3 (0/5000.0/LOC) DEV/0-f01000 (3/12.0/PHB) 
gx10-e146:65:65 [0] NCCL INFO ncclTopoGetCpuAffinity: Affinity for GPU 0 is empty, ignoring. (GPU affinity =  ; CPU affinity = 0-19).
gx10-e146:65:65 [0] NCCL INFO Pattern 4, crossNic 0, nChannels 32, bw 0.240000/0.240000, type LOC/P2C, sameChannels 1
gx10-e146:65:65 [0] NCCL INFO  0 : NET/0-0 GPU/0-f01000 NET/0-0
gx10-e146:65:65 [0] NCCL INFO  1 : NET/0-1 GPU/0-f01000 NET/0-1
gx10-e146:65:65 [0] NCCL INFO  2 : NET/0-2 GPU/0-f01000 NET/0-0
gx10-e146:65:65 [0] NCCL INFO  3 : NET/0-3 GPU/0-f01000 NET/0-1
gx10-e146:65:65 [0] NCCL INFO  4 : NET/0-0 GPU/0-f01000 NET/0-0
gx10-e146:65:65 [0] NCCL INFO  5 : NET/0-1 GPU/0-f01000 NET/0-1
gx10-e146:65:65 [0] NCCL INFO  6 : NET/0-2 GPU/0-f01000 NET/0-0
gx10-e146:65:65 [0] NCCL INFO  7 : NET/0-3 GPU/0-f01000 NET/0-1
gx10-e146:65:65 [0] NCCL INFO  8 : NET/0-0 GPU/0-f01000 NET/0-0
gx10-e146:65:65 [0] NCCL INFO  9 : NET/0-1 GPU/0-f01000 NET/0-1
gx10-e146:65:65 [0] NCCL INFO 10 : NET/0-2 GPU/0-f01000 NET/0-0
gx10-e146:65:65 [0] NCCL INFO 11 : NET/0-3 GPU/0-f01000 NET/0-1
gx10-e146:65:65 [0] NCCL INFO 12 : NET/0-0 GPU/0-f01000 NET/0-0
gx10-e146:65:65 [0] NCCL INFO 13 : NET/0-1 GPU/0-f01000 NET/0-1
gx10-e146:65:65 [0] NCCL INFO 14 : NET/0-2 GPU/0-f01000 NET/0-0
gx10-e146:65:65 [0] NCCL INFO 15 : NET/0-3 GPU/0-f01000 NET/0-1
gx10-e146:65:65 [0] NCCL INFO 16 : NET/0-0 GPU/0-f01000 NET/0-0
gx10-e146:65:65 [0] NCCL INFO 17 : NET/0-1 GPU/0-f01000 NET/0-1
gx10-e146:65:65 [0] NCCL INFO 18 : NET/0-2 GPU/0-f01000 NET/0-0
gx10-e146:65:65 [0] NCCL INFO 19 : NET/0-3 GPU/0-f01000 NET/0-1
gx10-e146:65:65 [0] NCCL INFO 20 : NET/0-0 GPU/0-f01000 NET/0-0
gx10-e146:65:65 [0] NCCL INFO 21 : NET/0-1 GPU/0-f01000 NET/0-1
gx10-e146:65:65 [0] NCCL INFO 22 : NET/0-2 GPU/0-f01000 NET/0-0
gx10-e146:65:65 [0] NCCL INFO 23 : NET/0-3 GPU/0-f01000 NET/0-1
gx10-e146:65:65 [0] NCCL INFO 24 : NET/0-0 GPU/0-f01000 NET/0-0
gx10-e146:65:65 [0] NCCL INFO 25 : NET/0-1 GPU/0-f01000 NET/0-1
gx10-e146:65:65 [0] NCCL INFO 26 : NET/0-2 GPU/0-f01000 NET/0-0
gx10-e146:65:65 [0] NCCL INFO 27 : NET/0-3 GPU/0-f01000 NET/0-1
gx10-e146:65:65 [0] NCCL INFO 28 : NET/0-0 GPU/0-f01000 NET/0-0
gx10-e146:65:65 [0] NCCL INFO 29 : NET/0-1 GPU/0-f01000 NET/0-1
gx10-e146:65:65 [0] NCCL INFO 30 : NET/0-2 GPU/0-f01000 NET/0-0
gx10-e146:65:65 [0] NCCL INFO 31 : NET/0-3 GPU/0-f01000 NET/0-1
gx10-e146:65:65 [0] NCCL INFO Pattern 3, crossNic 0, nChannels 32, bw 0.240000/0.120000, type LOC/P2C, sameChannels 1
gx10-e146:65:65 [0] NCCL INFO  0 : NET/0-0 GPU/0-f01000 NET/0-0
gx10-e146:65:65 [0] NCCL INFO  1 : NET/0-1 GPU/0-f01000 NET/0-1
gx10-e146:65:65 [0] NCCL INFO  2 : NET/0-2 GPU/0-f01000 NET/0-2
gx10-e146:65:65 [0] NCCL INFO  3 : NET/0-3 GPU/0-f01000 NET/0-3
gx10-e146:65:65 [0] NCCL INFO  4 : NET/0-0 GPU/0-f01000 NET/0-0
gx10-e146:65:65 [0] NCCL INFO  5 : NET/0-1 GPU/0-f01000 NET/0-1
gx10-e146:65:65 [0] NCCL INFO  6 : NET/0-2 GPU/0-f01000 NET/0-2
gx10-e146:65:65 [0] NCCL INFO  7 : NET/0-3 GPU/0-f01000 NET/0-3
gx10-e146:65:65 [0] NCCL INFO  8 : NET/0-0 GPU/0-f01000 NET/0-0
gx10-e146:65:65 [0] NCCL INFO  9 : NET/0-1 GPU/0-f01000 NET/0-1
gx10-e146:65:65 [0] NCCL INFO 10 : NET/0-2 GPU/0-f01000 NET/0-2
gx10-e146:65:65 [0] NCCL INFO 11 : NET/0-3 GPU/0-f01000 NET/0-3
gx10-e146:65:65 [0] NCCL INFO 12 : NET/0-0 GPU/0-f01000 NET/0-0
gx10-e146:65:65 [0] NCCL INFO 13 : NET/0-1 GPU/0-f01000 NET/0-1
gx10-e146:65:65 [0] NCCL INFO 14 : NET/0-2 GPU/0-f01000 NET/0-2
gx10-e146:65:65 [0] NCCL INFO 15 : NET/0-3 GPU/0-f01000 NET/0-3
gx10-e146:65:65 [0] NCCL INFO 16 : NET/0-0 GPU/0-f01000 NET/0-0
gx10-e146:65:65 [0] NCCL INFO 17 : NET/0-1 GPU/0-f01000 NET/0-1
gx10-e146:65:65 [0] NCCL INFO 18 : NET/0-2 GPU/0-f01000 NET/0-2
gx10-e146:65:65 [0] NCCL INFO 19 : NET/0-3 GPU/0-f01000 NET/0-3
gx10-e146:65:65 [0] NCCL INFO 20 : NET/0-0 GPU/0-f01000 NET/0-0
gx10-e146:65:65 [0] NCCL INFO 21 : NET/0-1 GPU/0-f01000 NET/0-1
gx10-e146:65:65 [0] NCCL INFO 22 : NET/0-2 GPU/0-f01000 NET/0-2
gx10-e146:65:65 [0] NCCL INFO 23 : NET/0-3 GPU/0-f01000 NET/0-3
gx10-e146:65:65 [0] NCCL INFO 24 : NET/0-0 GPU/0-f01000 NET/0-0
gx10-e146:65:65 [0] NCCL INFO 25 : NET/0-1 GPU/0-f01000 NET/0-1
gx10-e146:65:65 [0] NCCL INFO 26 : NET/0-2 GPU/0-f01000 NET/0-2
gx10-e146:65:65 [0] NCCL INFO 27 : NET/0-3 GPU/0-f01000 NET/0-3
gx10-e146:65:65 [0] NCCL INFO 28 : NET/0-0 GPU/0-f01000 NET/0-0
gx10-e146:65:65 [0] NCCL INFO 29 : NET/0-1 GPU/0-f01000 NET/0-1
gx10-e146:65:65 [0] NCCL INFO 30 : NET/0-2 GPU/0-f01000 NET/0-2
gx10-e146:65:65 [0] NCCL INFO 31 : NET/0-3 GPU/0-f01000 NET/0-3
gx10-e146:65:65 [0] NCCL INFO Rank 1: 4 Net devices
gx10-e146:65:65 [0] NCCL INFO Rank 1: 0 CollNet devices
gx10-e146:65:65 [0] NCCL INFO comm 0xc91de600ccd0 rank 1 nRanks 3 nNodes 3 localRanks 1 localRank 0 MNNVL 0
gx10-e146:65:65 [0] NCCL INFO Tree 0 : 2 -> 1 -> -1/-1/-1
gx10-e146:65:65 [0] NCCL INFO Tree 32 : -1 -> 1 -> 0/-1/-1
gx10-e146:65:65 [0] NCCL INFO Tree 1 : 2 -> 1 -> -1/-1/-1
gx10-e146:65:65 [0] NCCL INFO Tree 33 : -1 -> 1 -> 0/-1/-1
gx10-e146:65:65 [0] NCCL INFO Tree 2 : 2 -> 1 -> -1/-1/-1
gx10-e146:65:65 [0] NCCL INFO Tree 34 : -1 -> 1 -> 0/-1/-1
gx10-e146:65:65 [0] NCCL INFO Tree 3 : 2 -> 1 -> -1/-1/-1
gx10-e146:65:65 [0] NCCL INFO Tree 35 : -1 -> 1 -> 0/-1/-1
gx10-e146:65:65 [0] NCCL INFO Tree 4 : 2 -> 1 -> -1/-1/-1
gx10-e146:65:65 [0] NCCL INFO Tree 36 : -1 -> 1 -> 0/-1/-1
gx10-e146:65:65 [0] NCCL INFO Tree 5 : 2 -> 1 -> -1/-1/-1
gx10-e146:65:65 [0] NCCL INFO Tree 37 : -1 -> 1 -> 0/-1/-1
gx10-e146:65:65 [0] NCCL INFO Tree 6 : 2 -> 1 -> -1/-1/-1
gx10-e146:65:65 [0] NCCL INFO Tree 38 : -1 -> 1 -> 0/-1/-1
gx10-e146:65:65 [0] NCCL INFO Tree 7 : 2 -> 1 -> -1/-1/-1
gx10-e146:65:65 [0] NCCL INFO Tree 39 : -1 -> 1 -> 0/-1/-1
gx10-e146:65:65 [0] NCCL INFO Tree 8 : 2 -> 1 -> -1/-1/-1
gx10-e146:65:65 [0] NCCL INFO Tree 40 : -1 -> 1 -> 0/-1/-1
gx10-e146:65:65 [0] NCCL INFO Tree 9 : 2 -> 1 -> -1/-1/-1
gx10-e146:65:65 [0] NCCL INFO Tree 41 : -1 -> 1 -> 0/-1/-1
gx10-e146:65:65 [0] NCCL INFO Tree 10 : 2 -> 1 -> -1/-1/-1
gx10-e146:65:65 [0] NCCL INFO Tree 42 : -1 -> 1 -> 0/-1/-1
gx10-e146:65:65 [0] NCCL INFO Tree 11 : 2 -> 1 -> -1/-1/-1
gx10-e146:65:65 [0] NCCL INFO Tree 43 : -1 -> 1 -> 0/-1/-1
gx10-e146:65:65 [0] NCCL INFO Tree 12 : 2 -> 1 -> -1/-1/-1
gx10-e146:65:65 [0] NCCL INFO Tree 44 : -1 -> 1 -> 0/-1/-1
gx10-e146:65:65 [0] NCCL INFO Tree 13 : 2 -> 1 -> -1/-1/-1
gx10-e146:65:65 [0] NCCL INFO Tree 45 : -1 -> 1 -> 0/-1/-1
gx10-e146:65:65 [0] NCCL INFO Tree 14 : 2 -> 1 -> -1/-1/-1
gx10-e146:65:65 [0] NCCL INFO Tree 46 : -1 -> 1 -> 0/-1/-1
gx10-e146:65:65 [0] NCCL INFO Tree 15 : 2 -> 1 -> -1/-1/-1
gx10-e146:65:65 [0] NCCL INFO Tree 47 : -1 -> 1 -> 0/-1/-1
gx10-e146:65:65 [0] NCCL INFO Tree 16 : 2 -> 1 -> -1/-1/-1
gx10-e146:65:65 [0] NCCL INFO Tree 48 : -1 -> 1 -> 0/-1/-1
gx10-e146:65:65 [0] NCCL INFO Tree 17 : 2 -> 1 -> -1/-1/-1
gx10-e146:65:65 [0] NCCL INFO Tree 49 : -1 -> 1 -> 0/-1/-1
gx10-e146:65:65 [0] NCCL INFO Tree 18 : 2 -> 1 -> -1/-1/-1
gx10-e146:65:65 [0] NCCL INFO Tree 50 : -1 -> 1 -> 0/-1/-1
gx10-e146:65:65 [0] NCCL INFO Tree 19 : 2 -> 1 -> -1/-1/-1
gx10-e146:65:65 [0] NCCL INFO Tree 51 : -1 -> 1 -> 0/-1/-1
gx10-e146:65:65 [0] NCCL INFO Tree 20 : 2 -> 1 -> -1/-1/-1
gx10-e146:65:65 [0] NCCL INFO Tree 52 : -1 -> 1 -> 0/-1/-1
gx10-e146:65:65 [0] NCCL INFO Tree 21 : 2 -> 1 -> -1/-1/-1
gx10-e146:65:65 [0] NCCL INFO Tree 53 : -1 -> 1 -> 0/-1/-1
gx10-e146:65:65 [0] NCCL INFO Tree 22 : 2 -> 1 -> -1/-1/-1
gx10-e146:65:65 [0] NCCL INFO Tree 54 : -1 -> 1 -> 0/-1/-1
gx10-e146:65:65 [0] NCCL INFO Tree 23 : 2 -> 1 -> -1/-1/-1
gx10-e146:65:65 [0] NCCL INFO Tree 55 : -1 -> 1 -> 0/-1/-1
gx10-e146:65:65 [0] NCCL INFO Tree 24 : 2 -> 1 -> -1/-1/-1
gx10-e146:65:65 [0] NCCL INFO Tree 56 : -1 -> 1 -> 0/-1/-1
gx10-e146:65:65 [0] NCCL INFO Tree 25 : 2 -> 1 -> -1/-1/-1
gx10-e146:65:65 [0] NCCL INFO Tree 57 : -1 -> 1 -> 0/-1/-1
gx10-e146:65:65 [0] NCCL INFO Tree 26 : 2 -> 1 -> -1/-1/-1
gx10-e146:65:65 [0] NCCL INFO Tree 58 : -1 -> 1 -> 0/-1/-1
gx10-e146:65:65 [0] NCCL INFO Tree 27 : 2 -> 1 -> -1/-1/-1
gx10-e146:65:65 [0] NCCL INFO Tree 59 : -1 -> 1 -> 0/-1/-1
gx10-e146:65:65 [0] NCCL INFO Tree 28 : 2 -> 1 -> -1/-1/-1
gx10-e146:65:65 [0] NCCL INFO Tree 60 : -1 -> 1 -> 0/-1/-1
gx10-e146:65:65 [0] NCCL INFO Tree 29 : 2 -> 1 -> -1/-1/-1
gx10-e146:65:65 [0] NCCL INFO Tree 61 : -1 -> 1 -> 0/-1/-1
gx10-e146:65:65 [0] NCCL INFO Tree 30 : 2 -> 1 -> -1/-1/-1
gx10-e146:65:65 [0] NCCL INFO Tree 62 : -1 -> 1 -> 0/-1/-1
gx10-e146:65:65 [0] NCCL INFO Tree 31 : 2 -> 1 -> -1/-1/-1
gx10-e146:65:65 [0] NCCL INFO Tree 63 : -1 -> 1 -> 0/-1/-1
gx10-e146:65:65 [0] NCCL INFO Ring 00 : 0 -> 1 -> 2
gx10-e146:65:65 [0] NCCL INFO Ring 01 : 0 -> 1 -> 2
gx10-e146:65:65 [0] NCCL INFO Ring 02 : 0 -> 1 -> 2
gx10-e146:65:65 [0] NCCL INFO Ring 03 : 0 -> 1 -> 2
gx10-e146:65:65 [0] NCCL INFO Ring 04 : 0 -> 1 -> 2
gx10-e146:65:65 [0] NCCL INFO Ring 05 : 0 -> 1 -> 2
gx10-e146:65:65 [0] NCCL INFO Ring 06 : 0 -> 1 -> 2
gx10-e146:65:65 [0] NCCL INFO Ring 07 : 0 -> 1 -> 2
gx10-e146:65:65 [0] NCCL INFO Ring 08 : 0 -> 1 -> 2
gx10-e146:65:65 [0] NCCL INFO Ring 09 : 0 -> 1 -> 2
gx10-e146:65:65 [0] NCCL INFO Ring 10 : 0 -> 1 -> 2
gx10-e146:65:65 [0] NCCL INFO Ring 11 : 0 -> 1 -> 2
gx10-e146:65:65 [0] NCCL INFO Ring 12 : 0 -> 1 -> 2
gx10-e146:65:65 [0] NCCL INFO Ring 13 : 0 -> 1 -> 2
gx10-e146:65:65 [0] NCCL INFO Ring 14 : 0 -> 1 -> 2
gx10-e146:65:65 [0] NCCL INFO Ring 15 : 0 -> 1 -> 2
gx10-e146:65:65 [0] NCCL INFO Ring 16 : 0 -> 1 -> 2
gx10-e146:65:65 [0] NCCL INFO Ring 17 : 0 -> 1 -> 2
gx10-e146:65:65 [0] NCCL INFO Ring 18 : 0 -> 1 -> 2
gx10-e146:65:65 [0] NCCL INFO Ring 19 : 0 -> 1 -> 2
gx10-e146:65:65 [0] NCCL INFO Ring 20 : 0 -> 1 -> 2
gx10-e146:65:65 [0] NCCL INFO Ring 21 : 0 -> 1 -> 2
gx10-e146:65:65 [0] NCCL INFO Ring 22 : 0 -> 1 -> 2
gx10-e146:65:65 [0] NCCL INFO Ring 23 : 0 -> 1 -> 2
gx10-e146:65:65 [0] NCCL INFO Ring 24 : 0 -> 1 -> 2
gx10-e146:65:65 [0] NCCL INFO Ring 25 : 0 -> 1 -> 2
gx10-e146:65:65 [0] NCCL INFO Ring 26 : 0 -> 1 -> 2
gx10-e146:65:65 [0] NCCL INFO Ring 27 : 0 -> 1 -> 2
gx10-e146:65:65 [0] NCCL INFO Ring 28 : 0 -> 1 -> 2
gx10-e146:65:65 [0] NCCL INFO Ring 29 : 0 -> 1 -> 2
gx10-e146:65:65 [0] NCCL INFO Ring 30 : 0 -> 1 -> 2
gx10-e146:65:65 [0] NCCL INFO Ring 31 : 0 -> 1 -> 2
gx10-e146:65:65 [0] NCCL INFO Ring 32 : 0 -> 1 -> 2
gx10-e146:65:65 [0] NCCL INFO Ring 33 : 0 -> 1 -> 2
gx10-e146:65:65 [0] NCCL INFO Ring 34 : 0 -> 1 -> 2
gx10-e146:65:65 [0] NCCL INFO Ring 35 : 0 -> 1 -> 2
gx10-e146:65:65 [0] NCCL INFO Ring 36 : 0 -> 1 -> 2
gx10-e146:65:65 [0] NCCL INFO Ring 37 : 0 -> 1 -> 2
gx10-e146:65:65 [0] NCCL INFO Ring 38 : 0 -> 1 -> 2
gx10-e146:65:65 [0] NCCL INFO Ring 39 : 0 -> 1 -> 2
gx10-e146:65:65 [0] NCCL INFO Ring 40 : 0 -> 1 -> 2
gx10-e146:65:65 [0] NCCL INFO Ring 41 : 0 -> 1 -> 2
gx10-e146:65:65 [0] NCCL INFO Ring 42 : 0 -> 1 -> 2
gx10-e146:65:65 [0] NCCL INFO Ring 43 : 0 -> 1 -> 2
gx10-e146:65:65 [0] NCCL INFO Ring 44 : 0 -> 1 -> 2
gx10-e146:65:65 [0] NCCL INFO Ring 45 : 0 -> 1 -> 2
gx10-e146:65:65 [0] NCCL INFO Ring 46 : 0 -> 1 -> 2
gx10-e146:65:65 [0] NCCL INFO Ring 47 : 0 -> 1 -> 2
gx10-e146:65:65 [0] NCCL INFO Ring 48 : 0 -> 1 -> 2
gx10-e146:65:65 [0] NCCL INFO Ring 49 : 0 -> 1 -> 2
gx10-e146:65:65 [0] NCCL INFO Ring 50 : 0 -> 1 -> 2
gx10-e146:65:65 [0] NCCL INFO Ring 51 : 0 -> 1 -> 2
gx10-e146:65:65 [0] NCCL INFO Ring 52 : 0 -> 1 -> 2
gx10-e146:65:65 [0] NCCL INFO Ring 53 : 0 -> 1 -> 2
gx10-e146:65:65 [0] NCCL INFO Ring 54 : 0 -> 1 -> 2
gx10-e146:65:65 [0] NCCL INFO Ring 55 : 0 -> 1 -> 2
gx10-e146:65:65 [0] NCCL INFO Ring 56 : 0 -> 1 -> 2
gx10-e146:65:65 [0] NCCL INFO Ring 57 : 0 -> 1 -> 2
gx10-e146:65:65 [0] NCCL INFO Ring 58 : 0 -> 1 -> 2
gx10-e146:65:65 [0] NCCL INFO Ring 59 : 0 -> 1 -> 2
gx10-e146:65:65 [0] NCCL INFO Ring 60 : 0 -> 1 -> 2
gx10-e146:65:65 [0] NCCL INFO Ring 61 : 0 -> 1 -> 2
gx10-e146:65:65 [0] NCCL INFO Ring 62 : 0 -> 1 -> 2
gx10-e146:65:65 [0] NCCL INFO Ring 63 : 0 -> 1 -> 2
gx10-e146:65:65 [0] NCCL INFO Trees [0] -1/-1/-1->1->2 [1] -1/-1/-1->1->2 [2] -1/-1/-1->1->2 [3] -1/-1/-1->1->2 [4] -1/-1/-1->1->2 [5] -1/-1/-1->1->2 [6] -1/-1/-1->1->2 [7] -1/-1/-1->1->2 [8] -1/-1/-1->1->2 [9] -1/-1/-1->1->2 [10] -1/-1/-1->1->2 [11] -1/-1/-1->1->2 [12] -1/-1/-1->1->2 [13] -1/-1/-1->1->2 [14] -1/-1/-1->1->2 [15] -1/-1/-1->1->2 [16] -1/-1/-1->1->2 [17] -1/-1/-1->1->2 [18] -1/-1/-1->1->2 [19] -1/-1/-1->1->2 [20] -1/-1/-1->1->2 [21] -1/-1/-1->1->2 [22] -1/-1/-1->1->2 [23] -1/-1/-1->1->2 [24] -1/-1/-1->1->2 [25] -1/-1/-1->1->2 [26] -1/-1/-1->1->2 [27] -1/-1/-1->1->2 [28] -1/-1/-1->1->2 [29] -1/-1/-1->1->2 [30] -1/-1/-1->1->2 [31] -1/-1/-1->1->2 [32] 0/-1/-1->1->-1 [33] 0/-1/-1->1->-1 [34] 0/-1/-1->1->-1 [35] 0/-1/-1->1->-1 [36] 0/-1/-1->1->-1 [37] 0/-1/-1->1->-1 [38] 0/-1/-1->1->-1 [39] 0/-1/-1->1->-1 [40] 0/-1/-1->1->-1 [41] 0/-1/-1->1->-1 [42] 0/-1/-1->1->-1 [43] 0/-1/-1->1->-1 [44] 0/-1/-1->1->-1 [45] 0/-1/-1->1->-1 [46] 0/-1/-1->1->-1 [47] 0/-1/-1->1->-1 [48] 0/-1/-1->1->-1 [49] 0/-1/-1->1->-1 [50] 0/-1/-1->1->-1 [51] 0/-1/-
gx10-e146:65:65 [0] NCCL INFO P2P Chunksize set to 262144
gx10-e146:65:65 [0] NCCL INFO Tuning P2P operations with maxP2pPeers = 3
gx10-e146:65:65 [0] NCCL INFO ncclOsDlopen(libnccl-profiler.so) failed: libnccl-profiler.so: cannot open shared object file: No such file or directory
gx10-e146:65:65 [0] NCCL INFO PROFILER/Plugin: Could not find: libnccl-profiler.so
gx10-e146:65:65 [0] NCCL INFO Check P2P Type isAllDirectP2p 1 directMode 0 isAllCudaP2p 1
gx10-e146:65:65 [0] NCCL INFO ncclP2pSchedule: group size used is 1
gx10-e146:65:76 [0] NCCL INFO [Proxy Service UDS] Device 0 CPU core 19
gx10-e146:65:75 [0] NCCL INFO [Proxy Service] Device 0 CPU core 1
gx10-e146:65:75 [0] NCCL INFO proxy listening socket at 192.168.1.50<54587>
gx10-e146:65:65 [0] NCCL INFO ncclOsDlopen(libnccl-tuner.so) failed: libnccl-tuner.so: cannot open shared object file: No such file or directory
gx10-e146:65:65 [0] NCCL INFO TUNER/Plugin: Could not find: libnccl-tuner.so
gx10-e146:65:65 [0] NCCL INFO threadThresholds 8/8/64 | 24/8/64 | 512 | 512
gx10-e146:65:65 [0] NCCL INFO 64 coll channels, 64 collnet channels, 0 nvls channels, 64 p2p channels, 4 p2p channels per peer
gx10-e146:65:65 [0] NCCL INFO Symmetric memory is not supported. cuMemEnable 1, globalGinSupport 0, cuMemGdrSupport 0
gx10-e146:65:65 [0] NCCL INFO ncclCommInitRankConfig comm 0xc91de600ccd0 rank 1 nranks 3 cudaDev 0 nvmlDev 0 busId f01000 commId 0xdb141b70f6210ee8 - Init COMPLETE
gx10-e146:65:65 [0] NCCL INFO Init timings - ncclCommInitRankConfig: rank 1 nranks 3 total 0.35 (kernels 0.18, alloc 0.06, bootstrap 0.06, allgathers 0.02, topo 0.02, graphs 0.00, connections 0.02, rest 0.00)
gx10-e146:65:65 [0] NCCL INFO Symmetric VA size=124GB
gx10-e146:65:75 [0] NCCL INFO NCCL_IB_SUBNET_AWARE_ROUTING set by environment to 1.
gx10-e146:65:65 [0] NCCL INFO Channel 00/0 : 0[0] -> 1[0] [receive] via NET/IB/0
gx10-e146:65:77 [0] NCCL INFO [Proxy Progress] Device 0 CPU core 1
gx10-e146:65:65 [0] NCCL INFO Channel 01/0 : 0[0] -> 1[0] [receive] via NET/IB/1
gx10-e146:65:65 [0] NCCL INFO Channel 02/0 : 0[0] -> 1[0] [receive] via NET/IB/2
gx10-e146:65:65 [0] NCCL INFO Channel 03/0 : 0[0] -> 1[0] [receive] via NET/IB/3
gx10-e146:65:65 [0] NCCL INFO Channel 04/0 : 0[0] -> 1[0] [receive] via NET/IB/0
gx10-e146:65:65 [0] NCCL INFO Channel 05/0 : 0[0] -> 1[0] [receive] via NET/IB/1
gx10-e146:65:65 [0] NCCL INFO Channel 06/0 : 0[0] -> 1[0] [receive] via NET/IB/2
gx10-e146:65:65 [0] NCCL INFO Channel 07/0 : 0[0] -> 1[0] [receive] via NET/IB/3
gx10-e146:65:65 [0] NCCL INFO Channel 08/0 : 0[0] -> 1[0] [receive] via NET/IB/0
gx10-e146:65:65 [0] NCCL INFO Channel 09/0 : 0[0] -> 1[0] [receive] via NET/IB/1
gx10-e146:65:65 [0] NCCL INFO Channel 10/0 : 0[0] -> 1[0] [receive] via NET/IB/2
gx10-e146:65:65 [0] NCCL INFO Channel 11/0 : 0[0] -> 1[0] [receive] via NET/IB/3
gx10-e146:65:65 [0] NCCL INFO Channel 12/0 : 0[0] -> 1[0] [receive] via NET/IB/0
gx10-e146:65:65 [0] NCCL INFO Channel 13/0 : 0[0] -> 1[0] [receive] via NET/IB/1
gx10-e146:65:65 [0] NCCL INFO Channel 14/0 : 0[0] -> 1[0] [receive] via NET/IB/2
gx10-e146:65:65 [0] NCCL INFO Channel 15/0 : 0[0] -> 1[0] [receive] via NET/IB/3
gx10-e146:65:65 [0] NCCL INFO Channel 16/0 : 0[0] -> 1[0] [receive] via NET/IB/0
gx10-e146:65:65 [0] NCCL INFO Channel 17/0 : 0[0] -> 1[0] [receive] via NET/IB/1
gx10-e146:65:65 [0] NCCL INFO Channel 18/0 : 0[0] -> 1[0] [receive] via NET/IB/2
gx10-e146:65:65 [0] NCCL INFO Channel 19/0 : 0[0] -> 1[0] [receive] via NET/IB/3
gx10-e146:65:65 [0] NCCL INFO Channel 20/0 : 0[0] -> 1[0] [receive] via NET/IB/0
gx10-e146:65:65 [0] NCCL INFO Channel 21/0 : 0[0] -> 1[0] [receive] via NET/IB/1
gx10-e146:65:65 [0] NCCL INFO Channel 22/0 : 0[0] -> 1[0] [receive] via NET/IB/2
gx10-e146:65:65 [0] NCCL INFO Channel 23/0 : 0[0] -> 1[0] [receive] via NET/IB/3
gx10-e146:65:65 [0] NCCL INFO Channel 24/0 : 0[0] -> 1[0] [receive] via NET/IB/0
gx10-e146:65:65 [0] NCCL INFO Channel 25/0 : 0[0] -> 1[0] [receive] via NET/IB/1
gx10-e146:65:65 [0] NCCL INFO Channel 26/0 : 0[0] -> 1[0] [receive] via NET/IB/2
gx10-e146:65:65 [0] NCCL INFO Channel 27/0 : 0[0] -> 1[0] [receive] via NET/IB/3
gx10-e146:65:65 [0] NCCL INFO Channel 28/0 : 0[0] -> 1[0] [receive] via NET/IB/0
gx10-e146:65:65 [0] NCCL INFO Channel 29/0 : 0[0] -> 1[0] [receive] via NET/IB/1
gx10-e146:65:65 [0] NCCL INFO Channel 30/0 : 0[0] -> 1[0] [receive] via NET/IB/2
gx10-e146:65:65 [0] NCCL INFO Channel 31/0 : 0[0] -> 1[0] [receive] via NET/IB/3
gx10-e146:65:65 [0] NCCL INFO Channel 32/0 : 0[0] -> 1[0] [receive] via NET/IB/0
gx10-e146:65:65 [0] NCCL INFO Channel 33/0 : 0[0] -> 1[0] [receive] via NET/IB/1
gx10-e146:65:65 [0] NCCL INFO Channel 34/0 : 0[0] -> 1[0] [receive] via NET/IB/2
gx10-e146:65:65 [0] NCCL INFO Channel 35/0 : 0[0] -> 1[0] [receive] via NET/IB/3
gx10-e146:65:65 [0] NCCL INFO Channel 36/0 : 0[0] -> 1[0] [receive] via NET/IB/0
gx10-e146:65:65 [0] NCCL INFO Channel 37/0 : 0[0] -> 1[0] [receive] via NET/IB/1
gx10-e146:65:65 [0] NCCL INFO Channel 38/0 : 0[0] -> 1[0] [receive] via NET/IB/2
gx10-e146:65:65 [0] NCCL INFO Channel 39/0 : 0[0] -> 1[0] [receive] via NET/IB/3
gx10-e146:65:65 [0] NCCL INFO Channel 40/0 : 0[0] -> 1[0] [receive] via NET/IB/0
gx10-e146:65:65 [0] NCCL INFO Channel 41/0 : 0[0] -> 1[0] [receive] via NET/IB/1
gx10-e146:65:65 [0] NCCL INFO Channel 42/0 : 0[0] -> 1[0] [receive] via NET/IB/2
gx10-e146:65:65 [0] NCCL INFO Channel 43/0 : 0[0] -> 1[0] [receive] via NET/IB/3
gx10-e146:65:65 [0] NCCL INFO Channel 44/0 : 0[0] -> 1[0] [receive] via NET/IB/0
gx10-e146:65:65 [0] NCCL INFO Channel 45/0 : 0[0] -> 1[0] [receive] via NET/IB/1
gx10-e146:65:65 [0] NCCL INFO Channel 46/0 : 0[0] -> 1[0] [receive] via NET/IB/2
gx10-e146:65:65 [0] NCCL INFO Channel 47/0 : 0[0] -> 1[0] [receive] via NET/IB/3
gx10-e146:65:65 [0] NCCL INFO Channel 48/0 : 0[0] -> 1[0] [receive] via NET/IB/0
gx10-e146:65:65 [0] NCCL INFO Channel 49/0 : 0[0] -> 1[0] [receive] via NET/IB/1
gx10-e146:65:65 [0] NCCL INFO Channel 50/0 : 0[0] -> 1[0] [receive] via NET/IB/2
gx10-e146:65:65 [0] NCCL INFO Channel 51/0 : 0[0] -> 1[0] [receive] via NET/IB/3
gx10-e146:65:65 [0] NCCL INFO Channel 52/0 : 0[0] -> 1[0] [receive] via NET/IB/0
gx10-e146:65:65 [0] NCCL INFO Channel 53/0 : 0[0] -> 1[0] [receive] via NET/IB/1
gx10-e146:65:65 [0] NCCL INFO Channel 54/0 : 0[0] -> 1[0] [receive] via NET/IB/2
gx10-e146:65:65 [0] NCCL INFO Channel 55/0 : 0[0] -> 1[0] [receive] via NET/IB/3
gx10-e146:65:65 [0] NCCL INFO Channel 56/0 : 0[0] -> 1[0] [receive] via NET/IB/0
gx10-e146:65:65 [0] NCCL INFO Channel 57/0 : 0[0] -> 1[0] [receive] via NET/IB/1
gx10-e146:65:65 [0] NCCL INFO Channel 58/0 : 0[0] -> 1[0] [receive] via NET/IB/2
gx10-e146:65:65 [0] NCCL INFO Channel 59/0 : 0[0] -> 1[0] [receive] via NET/IB/3
gx10-e146:65:65 [0] NCCL INFO Channel 60/0 : 0[0] -> 1[0] [receive] via NET/IB/0
gx10-e146:65:65 [0] NCCL INFO Channel 61/0 : 0[0] -> 1[0] [receive] via NET/IB/1
gx10-e146:65:65 [0] NCCL INFO Channel 62/0 : 0[0] -> 1[0] [receive] via NET/IB/2
gx10-e146:65:65 [0] NCCL INFO Channel 63/0 : 0[0] -> 1[0] [receive] via NET/IB/3
gx10-e146:65:65 [0] NCCL INFO Channel 00/0 : 1[0] -> 2[0] [send] via NET/IB/0
gx10-e146:65:65 [0] NCCL INFO Channel 01/0 : 1[0] -> 2[0] [send] via NET/IB/1
gx10-e146:65:65 [0] NCCL INFO Channel 02/0 : 1[0] -> 2[0] [send] via NET/IB/2
gx10-e146:65:65 [0] NCCL INFO Channel 03/0 : 1[0] -> 2[0] [send] via NET/IB/3
gx10-e146:65:65 [0] NCCL INFO Channel 04/0 : 1[0] -> 2[0] [send] via NET/IB/0
gx10-e146:65:65 [0] NCCL INFO Channel 05/0 : 1[0] -> 2[0] [send] via NET/IB/1
gx10-e146:65:65 [0] NCCL INFO Channel 06/0 : 1[0] -> 2[0] [send] via NET/IB/2
gx10-e146:65:65 [0] NCCL INFO Channel 07/0 : 1[0] -> 2[0] [send] via NET/IB/3
gx10-e146:65:65 [0] NCCL INFO Channel 08/0 : 1[0] -> 2[0] [send] via NET/IB/0
gx10-e146:65:65 [0] NCCL INFO Channel 09/0 : 1[0] -> 2[0] [send] via NET/IB/1
gx10-e146:65:65 [0] NCCL INFO Channel 10/0 : 1[0] -> 2[0] [send] via NET/IB/2
gx10-e146:65:65 [0] NCCL INFO Channel 11/0 : 1[0] -> 2[0] [send] via NET/IB/3
gx10-e146:65:65 [0] NCCL INFO Channel 12/0 : 1[0] -> 2[0] [send] via NET/IB/0
gx10-e146:65:65 [0] NCCL INFO Channel 13/0 : 1[0] -> 2[0] [send] via NET/IB/1
gx10-e146:65:65 [0] NCCL INFO Channel 14/0 : 1[0] -> 2[0] [send] via NET/IB/2
gx10-e146:65:65 [0] NCCL INFO Channel 15/0 : 1[0] -> 2[0] [send] via NET/IB/3
gx10-e146:65:65 [0] NCCL INFO Channel 16/0 : 1[0] -> 2[0] [send] via NET/IB/0
gx10-e146:65:65 [0] NCCL INFO Channel 17/0 : 1[0] -> 2[0] [send] via NET/IB/1
gx10-e146:65:65 [0] NCCL INFO Channel 18/0 : 1[0] -> 2[0] [send] via NET/IB/2
gx10-e146:65:65 [0] NCCL INFO Channel 19/0 : 1[0] -> 2[0] [send] via NET/IB/3
gx10-e146:65:65 [0] NCCL INFO Channel 20/0 : 1[0] -> 2[0] [send] via NET/IB/0
gx10-e146:65:65 [0] NCCL INFO Channel 21/0 : 1[0] -> 2[0] [send] via NET/IB/1
gx10-e146:65:65 [0] NCCL INFO Channel 22/0 : 1[0] -> 2[0] [send] via NET/IB/2
gx10-e146:65:65 [0] NCCL INFO Channel 23/0 : 1[0] -> 2[0] [send] via NET/IB/3
gx10-e146:65:65 [0] NCCL INFO Channel 24/0 : 1[0] -> 2[0] [send] via NET/IB/0
gx10-e146:65:65 [0] NCCL INFO Channel 25/0 : 1[0] -> 2[0] [send] via NET/IB/1
gx10-e146:65:65 [0] NCCL INFO Channel 26/0 : 1[0] -> 2[0] [send] via NET/IB/2
gx10-e146:65:65 [0] NCCL INFO Channel 27/0 : 1[0] -> 2[0] [send] via NET/IB/3
gx10-e146:65:65 [0] NCCL INFO Channel 28/0 : 1[0] -> 2[0] [send] via NET/IB/0
gx10-e146:65:65 [0] NCCL INFO Channel 29/0 : 1[0] -> 2[0] [send] via NET/IB/1
gx10-e146:65:65 [0] NCCL INFO Channel 30/0 : 1[0] -> 2[0] [send] via NET/IB/2
gx10-e146:65:65 [0] NCCL INFO Channel 31/0 : 1[0] -> 2[0] [send] via NET/IB/3
gx10-e146:65:65 [0] NCCL INFO Channel 32/0 : 1[0] -> 2[0] [send] via NET/IB/0
gx10-e146:65:65 [0] NCCL INFO Channel 33/0 : 1[0] -> 2[0] [send] via NET/IB/1
gx10-e146:65:65 [0] NCCL INFO Channel 34/0 : 1[0] -> 2[0] [send] via NET/IB/2
gx10-e146:65:65 [0] NCCL INFO Channel 35/0 : 1[0] -> 2[0] [send] via NET/IB/3
gx10-e146:65:65 [0] NCCL INFO Channel 36/0 : 1[0] -> 2[0] [send] via NET/IB/0
gx10-e146:65:65 [0] NCCL INFO Channel 37/0 : 1[0] -> 2[0] [send] via NET/IB/1
gx10-e146:65:65 [0] NCCL INFO Channel 38/0 : 1[0] -> 2[0] [send] via NET/IB/2
gx10-e146:65:65 [0] NCCL INFO Channel 39/0 : 1[0] -> 2[0] [send] via NET/IB/3
gx10-e146:65:65 [0] NCCL INFO Channel 40/0 : 1[0] -> 2[0] [send] via NET/IB/0
gx10-e146:65:65 [0] NCCL INFO Channel 41/0 : 1[0] -> 2[0] [send] via NET/IB/1
gx10-e146:65:65 [0] NCCL INFO Channel 42/0 : 1[0] -> 2[0] [send] via NET/IB/2
gx10-e146:65:65 [0] NCCL INFO Channel 43/0 : 1[0] -> 2[0] [send] via NET/IB/3
gx10-e146:65:65 [0] NCCL INFO Channel 44/0 : 1[0] -> 2[0] [send] via NET/IB/0
gx10-e146:65:65 [0] NCCL INFO Channel 45/0 : 1[0] -> 2[0] [send] via NET/IB/1
gx10-e146:65:65 [0] NCCL INFO Channel 46/0 : 1[0] -> 2[0] [send] via NET/IB/2
gx10-e146:65:65 [0] NCCL INFO Channel 47/0 : 1[0] -> 2[0] [send] via NET/IB/3
gx10-e146:65:65 [0] NCCL INFO Channel 48/0 : 1[0] -> 2[0] [send] via NET/IB/0
gx10-e146:65:65 [0] NCCL INFO Channel 49/0 : 1[0] -> 2[0] [send] via NET/IB/1
gx10-e146:65:65 [0] NCCL INFO Channel 50/0 : 1[0] -> 2[0] [send] via NET/IB/2
gx10-e146:65:65 [0] NCCL INFO Channel 51/0 : 1[0] -> 2[0] [send] via NET/IB/3
gx10-e146:65:65 [0] NCCL INFO Channel 52/0 : 1[0] -> 2[0] [send] via NET/IB/0
gx10-e146:65:65 [0] NCCL INFO Channel 53/0 : 1[0] -> 2[0] [send] via NET/IB/1
gx10-e146:65:65 [0] NCCL INFO Channel 54/0 : 1[0] -> 2[0] [send] via NET/IB/2
gx10-e146:65:65 [0] NCCL INFO Channel 55/0 : 1[0] -> 2[0] [send] via NET/IB/3
gx10-e146:65:65 [0] NCCL INFO Channel 56/0 : 1[0] -> 2[0] [send] via NET/IB/0
gx10-e146:65:65 [0] NCCL INFO Channel 57/0 : 1[0] -> 2[0] [send] via NET/IB/1
gx10-e146:65:65 [0] NCCL INFO Channel 58/0 : 1[0] -> 2[0] [send] via NET/IB/2
gx10-e146:65:65 [0] NCCL INFO Channel 59/0 : 1[0] -> 2[0] [send] via NET/IB/3
gx10-e146:65:65 [0] NCCL INFO Channel 60/0 : 1[0] -> 2[0] [send] via NET/IB/0
gx10-e146:65:65 [0] NCCL INFO Channel 61/0 : 1[0] -> 2[0] [send] via NET/IB/1
gx10-e146:65:65 [0] NCCL INFO Channel 62/0 : 1[0] -> 2[0] [send] via NET/IB/2
gx10-e146:65:65 [0] NCCL INFO Channel 63/0 : 1[0] -> 2[0] [send] via NET/IB/3
gx10-e146:65:75 [0] NCCL INFO NET/IB: ncclIbResiliencyInit: Resiliency is disabled on the send communicator (comm=0xe4192803d000)
gx10-e146:65:75 [0] NCCL INFO NET/IB: ncclIbResiliencyInit: Resiliency is disabled on the recv communicator (comm=0xe4192807e000)
gx10-e146:65:75 [0] NCCL INFO NET/IB: ncclIbRecvCommInit: Receive work requests will be posted on-demand
gx10-e146:65:75 [0] NCCL INFO NET/IB: Subnet-aware routing: overriding dev 1 with dev 0
gx10-e146:65:75 [0] NCCL INFO NET/IB: ncclIbResiliencyInit: Resiliency is disabled on the send communicator (comm=0xe419280c9000)
gx10-e146:65:75 [0] NCCL INFO NET/IB: Subnet-aware routing: overriding dev 1 with dev 0
gx10-e146:65:75 [0] NCCL INFO NET/IB: ncclIbResiliencyInit: Resiliency is disabled on the recv communicator (comm=0xe4192810d000)
gx10-e146:65:75 [0] NCCL INFO NET/IB: ncclIbRecvCommInit: Receive work requests will be posted on-demand
gx10-e146:65:75 [0] NCCL INFO NET/IB: Subnet-aware routing: overriding dev 1 with dev 0
gx10-e146:65:75 [0] NCCL INFO NET/IB: ncclIbResiliencyInit: Resiliency is disabled on the send communicator (comm=0xe41928155000)
gx10-e146:65:75 [0] NCCL INFO NET/IB: Subnet-aware routing: overriding dev 1 with dev 0
gx10-e146:65:75 [0] NCCL INFO NET/IB: ncclIbResiliencyInit: Resiliency is disabled on the recv communicator (comm=0xe41928199000)
gx10-e146:65:75 [0] NCCL INFO NET/IB: ncclIbRecvCommInit: Receive work requests will be posted on-demand
gx10-e146:65:75 [0] NCCL INFO NET/IB: ncclIbSenderQpsCreate: QP created: port=1 dev=0 devName=rocep1s0f0 ndevs=4 nmdevs=4 qp_num=12216 pkey=0 pd=0xe4192807ddd0 oooRq=0
gx10-e146:65:75 [0] NCCL INFO NET/IB: ncclIbConnectImpl: NCCL Dev 0 IbDev 0 Port 1 qp_num 12216 mtu 5 GID 6 (0/166A8C0FFFF0000) ctsFifoRkey=0x176622 ctsFifoLkey=0x176622
gx10-e146:65:75 [0] NCCL INFO NET/IB: ncclIbConnectImpl: IbDev 0 Port 1 qp_num 12216 query_ece={supported=1, vendor_id=0x15b3, options=0x30000002, comp_mask=0x0}
gx10-e146:65:75 [0] NCCL INFO NET/IB: Subnet-aware routing: overriding dev 0 with dev 1
gx10-e146:65:75 [0] NCCL INFO NET/IB: ncclIbReceiverQpsCreateToRts: QP created: port=1 dev=1 devName=rocep1s0f1 ndevs=4 nmdevs=4 qp_num=15522 pkey=0 pd=0xe41928109f50 oooRq=0
gx10-e146:65:75 [0] NCCL INFO NET/IB: ncclIbReceiverQpsCreateToRts: Flush QP created: port=1 dev=1 devName=rocep1s0f1 ndevs=4 nmdevs=4 qp_num=15523 pkey=0 pd=0xe41928109f50
gx10-e146:65:75 [0] NCCL INFO NET/IB: Subnet-aware routing: overriding dev 1 with dev 0
gx10-e146:65:75 [0] NCCL INFO NET/IB: ncclIbSenderQpsCreate: QP created: port=1 dev=0 devName=rocep1s0f0 ndevs=4 nmdevs=4 qp_num=12217 pkey=0 pd=0xe4192807ddd0 oooRq=0
gx10-e146:65:75 [0] NCCL INFO NET/IB: ncclIbConnectImpl: NCCL Dev 0 IbDev 0 Port 1 qp_num 12217 mtu 5 GID 6 (0/166A8C0FFFF0000) ctsFifoRkey=0x157434 ctsFifoLkey=0x157434
gx10-e146:65:75 [0] NCCL INFO NET/IB: ncclIbConnectImpl: IbDev 0 Port 1 qp_num 12217 query_ece={supported=1, vendor_id=0x15b3, options=0x30000002, comp_mask=0x0}
gx10-e146:65:75 [0] NCCL INFO NET/IB: ncclIbReceiverQpsCreateToRts: QP created: port=1 dev=1 devName=rocep1s0f1 ndevs=4 nmdevs=4 qp_num=15524 pkey=0 pd=0xe41928109f50 oooRq=0
gx10-e146:65:75 [0] NCCL INFO NET/IB: ncclIbReceiverQpsCreateToRts: Flush QP created: port=1 dev=1 devName=rocep1s0f1 ndevs=4 nmdevs=4 qp_num=15525 pkey=0 pd=0xe41928109f50
gx10-e146:65:75 [0] NCCL INFO NET/IB: Subnet-aware routing: overriding dev 3 with dev 2
gx10-e146:65:75 [0] NCCL INFO NET/IB: ncclIbResiliencyInit: Resiliency is disabled on the send communicator (comm=0xe419282fc000)
gx10-e146:65:75 [0] NCCL INFO NET/IB: ncclIbSenderQpsToRts: Set ECE: IbDev 0 Port 1 qp_num 12216 set_ece={supported=1, vendor_id=0x15b3, options=0x30000002, comp_mask=0x0}
gx10-e146:65:75 [0] NCCL INFO NET/IB: Subnet-aware routing: overriding dev 1 with dev 0
gx10-e146:65:75 [0] NCCL INFO NET/IB: ncclIbSenderQpsToRts: Set ECE: IbDev 0 Port 1 qp_num 12217 set_ece={supported=1, vendor_id=0x15b3, options=0x30000002, comp_mask=0x0}
gx10-e146:65:75 [0] NCCL INFO NET/IB: ncclIbSenderQpsCreate: QP created: port=1 dev=2 devName=roceP2p1s0f0 ndevs=4 nmdevs=4 qp_num=1880 pkey=0 pd=0xe419281e0f80 oooRq=0
gx10-e146:65:75 [0] NCCL INFO NET/IB: ncclIbConnectImpl: NCCL Dev 2 IbDev 2 Port 1 qp_num 1880 mtu 5 GID 3 (0/170A8C0FFFF0000) ctsFifoRkey=0x19a6a3 ctsFifoLkey=0x19a6a3
gx10-e146:65:75 [0] NCCL INFO NET/IB: ncclIbConnectImpl: IbDev 2 Port 1 qp_num 1880 query_ece={supported=1, vendor_id=0x15b3, options=0x30000002, comp_mask=0x0}
gx10-e146:65:75 [0] NCCL INFO NET/IB: Subnet-aware routing: overriding dev 2 with dev 3
gx10-e146:65:75 [0] NCCL INFO NET/IB: ncclIbReceiverQpsCreateToRts: QP created: port=1 dev=3 devName=roceP2p1s0f1 ndevs=4 nmdevs=4 qp_num=2600 pkey=0 pd=0xe419281dda80 oooRq=0
gx10-e146:65:75 [0] NCCL INFO NET/IB: ncclIbReceiverQpsCreateToRts: Flush QP created: port=1 dev=3 devName=roceP2p1s0f1 ndevs=4 nmdevs=4 qp_num=2601 pkey=0 pd=0xe419281dda80
gx10-e146:65:75 [0] NCCL INFO NET/IB: Subnet-aware routing: overriding dev 3 with dev 2
gx10-e146:65:75 [0] NCCL INFO NET/IB: ncclIbResiliencyInit: Resiliency is disabled on the recv communicator (comm=0xe419283cf000)
gx10-e146:65:75 [0] NCCL INFO NET/IB: ncclIbRecvCommInit: Receive work requests will be posted on-demand
gx10-e146:65:75 [0] NCCL INFO NET/IB: Subnet-aware routing: overriding dev 3 with dev 2
gx10-e146:65:75 [0] NCCL INFO NET/IB: ncclIbResiliencyInit: Resiliency is disabled on the send communicator (comm=0xe41928417000)
gx10-e146:65:75 [0] NCCL INFO NET/IB: Subnet-aware routing: overriding dev 3 with dev 2
gx10-e146:65:75 [0] NCCL INFO NET/IB: ncclIbResiliencyInit: Resiliency is disabled on the recv communicator (comm=0xe41928458000)
gx10-e146:65:75 [0] NCCL INFO NET/IB: ncclIbRecvCommInit: Receive work requests will be posted on-demand
gx10-e146:65:75 [0] NCCL INFO NET/IB: Subnet-aware routing: overriding dev 3 with dev 2
gx10-e146:65:75 [0] NCCL INFO NET/IB: Subnet-aware routing: overriding dev 1 with dev 0
gx10-e146:65:75 [0] NCCL INFO NET/IB: ncclIbResiliencyInit: Resiliency is disabled on the send communicator (comm=0xe419284a3000)
gx10-e146:65:75 [0] NCCL INFO NET/IB: Subnet-aware routing: overriding dev 3 with dev 2
gx10-e146:65:75 [0] NCCL INFO NET/IB: ncclIbSenderQpsCreate: QP created: port=1 dev=2 devName=roceP2p1s0f0 ndevs=4 nmdevs=4 qp_num=1881 pkey=0 pd=0xe419281e0f80 oooRq=0
gx10-e146:65:75 [0] NCCL INFO NET/IB: ncclIbConnectImpl: NCCL Dev 2 IbDev 2 Port 1 qp_num 1881 mtu 5 GID 3 (0/170A8C0FFFF0000) ctsFifoRkey=0x185e5c ctsFifoLkey=0x185e5c
gx10-e146:65:75 [0] NCCL INFO NET/IB: ncclIbConnectImpl: IbDev 2 Port 1 qp_num 1881 query_ece={supported=1, vendor_id=0x15b3, options=0x30000002, comp_mask=0x0}
gx10-e146:65:75 [0] NCCL INFO NET/IB: ncclIbSenderQpsCreate: QP created: port=1 dev=0 devName=rocep1s0f0 ndevs=4 nmdevs=4 qp_num=12218 pkey=0 pd=0xe4192807ddd0 oooRq=0
gx10-e146:65:75 [0] NCCL INFO NET/IB: ncclIbConnectImpl: NCCL Dev 0 IbDev 0 Port 1 qp_num 12218 mtu 5 GID 6 (0/166A8C0FFFF0000) ctsFifoRkey=0x161fdb ctsFifoLkey=0x161fdb
gx10-e146:65:75 [0] NCCL INFO NET/IB: ncclIbConnectImpl: IbDev 0 Port 1 qp_num 12218 query_ece={supported=1, vendor_id=0x15b3, options=0x30000002, comp_mask=0x0}
gx10-e146:65:75 [0] NCCL INFO NET/IB: Subnet-aware routing: overriding dev 1 with dev 0
gx10-e146:65:75 [0] NCCL INFO NET/IB: ncclIbResiliencyInit: Resiliency is disabled on the recv communicator (comm=0xe41928547000)
gx10-e146:65:75 [0] NCCL INFO NET/IB: ncclIbRecvCommInit: Receive work requests will be posted on-demand
gx10-e146:65:75 [0] NCCL INFO NET/IB: ncclIbSenderQpsToRts: Set ECE: IbDev 2 Port 1 qp_num 1880 set_ece={supported=1, vendor_id=0x15b3, options=0x30000002, comp_mask=0x0}
gx10-e146:65:75 [0] NCCL INFO NET/IB: Subnet-aware routing: overriding dev 3 with dev 2
gx10-e146:65:75 [0] NCCL INFO NET/IB: ncclIbReceiverQpsCreateToRts: QP created: port=1 dev=3 devName=roceP2p1s0f1 ndevs=4 nmdevs=4 qp_num=2602 pkey=0 pd=0xe419281dda80 oooRq=0
gx10-e146:65:75 [0] NCCL INFO NET/IB: ncclIbReceiverQpsCreateToRts: Flush QP created: port=1 dev=3 devName=roceP2p1s0f1 ndevs=4 nmdevs=4 qp_num=2603 pkey=0 pd=0xe419281dda80
gx10-e146:65:75 [0] NCCL INFO NET/IB: Subnet-aware routing: overriding dev 0 with dev 1
gx10-e146:65:75 [0] NCCL INFO NET/IB: ncclIbReceiverQpsCreateToRts: QP created: port=1 dev=1 devName=rocep1s0f1 ndevs=4 nmdevs=4 qp_num=15526 pkey=0 pd=0xe41928109f50 oooRq=0
gx10-e146:65:75 [0] NCCL INFO NET/IB: ncclIbReceiverQpsCreateToRts: Flush QP created: port=1 dev=1 devName=rocep1s0f1 ndevs=4 nmdevs=4 qp_num=15527 pkey=0 pd=0xe41928109f50
gx10-e146:65:75 [0] NCCL INFO NET/IB: Subnet-aware routing: overriding dev 1 with dev 0
gx10-e146:65:75 [0] NCCL INFO NET/IB: ncclIbResiliencyInit: Resiliency is disabled on the send communicator (comm=0xe41928631000)
gx10-e146:65:75 [0] NCCL INFO NET/IB: Subnet-aware routing: overriding dev 3 with dev 2
gx10-e146:65:75 [0] NCCL INFO NET/IB: Subnet-aware routing: overriding dev 1 with dev 0
gx10-e146:65:75 [0] NCCL INFO NET/IB: ncclIbResiliencyInit: Resiliency is disabled on the recv communicator (comm=0xe41928675000)
gx10-e146:65:75 [0] NCCL INFO NET/IB: ncclIbRecvCommInit: Receive work requests will be posted on-demand
gx10-e146:65:75 [0] NCCL INFO NET/IB: Subnet-aware routing: overriding dev 3 with dev 2
gx10-e146:65:75 [0] NCCL INFO NET/IB: Subnet-aware routing: overriding dev 1 with dev 0
gx10-e146:65:75 [0] NCCL INFO NET/IB: Subnet-aware routing: overriding dev 3 with dev 2
gx10-e146:65:75 [0] NCCL INFO NET/IB: ncclIbResiliencyInit: Resiliency is disabled on the send communicator (comm=0xe419286bd000)
gx10-e146:65:75 [0] NCCL INFO NET/IB: Subnet-aware routing: overriding dev 3 with dev 2
gx10-e146:65:75 [0] NCCL INFO NET/IB: ncclIbSenderQpsToRts: Set ECE: IbDev 2 Port 1 qp_num 1881 set_ece={supported=1, vendor_id=0x15b3, options=0x30000002, comp_mask=0x0}
gx10-e146:65:75 [0] NCCL INFO NET/IB: ncclIbSenderQpsToRts: Set ECE: IbDev 0 Port 1 qp_num 12218 set_ece={supported=1, vendor_id=0x15b3, options=0x30000002, comp_mask=0x0}
gx10-e146:65:75 [0] NCCL INFO NET/IB: Subnet-aware routing: overriding dev 1 with dev 0
gx10-e146:65:75 [0] NCCL INFO NET/IB: ncclIbSenderQpsCreate: QP created: port=1 dev=0 devName=rocep1s0f0 ndevs=4 nmdevs=4 qp_num=12219 pkey=0 pd=0xe4192807ddd0 oooRq=0
gx10-e146:65:75 [0] NCCL INFO NET/IB: ncclIbConnectImpl: NCCL Dev 0 IbDev 0 Port 1 qp_num 12219 mtu 5 GID 6 (0/166A8C0FFFF0000) ctsFifoRkey=0x16c96f ctsFifoLkey=0x16c96f
gx10-e146:65:75 [0] NCCL INFO NET/IB: ncclIbConnectImpl: IbDev 0 Port 1 qp_num 12219 query_ece={supported=1, vendor_id=0x15b3, options=0x30000002, comp_mask=0x0}
gx10-e146:65:75 [0] NCCL INFO NET/IB: ncclIbReceiverQpsCreateToRts: QP created: port=1 dev=1 devName=rocep1s0f1 ndevs=4 nmdevs=4 qp_num=15528 pkey=0 pd=0xe41928109f50 oooRq=0
gx10-e146:65:75 [0] NCCL INFO NET/IB: ncclIbReceiverQpsCreateToRts: Flush QP created: port=1 dev=1 devName=rocep1s0f1 ndevs=4 nmdevs=4 qp_num=15529 pkey=0 pd=0xe41928109f50
gx10-e146:65:75 [0] NCCL INFO NET/IB: ncclIbSenderQpsCreate: QP created: port=1 dev=2 devName=roceP2p1s0f0 ndevs=4 nmdevs=4 qp_num=1882 pkey=0 pd=0xe419281e0f80 oooRq=0
gx10-e146:65:75 [0] NCCL INFO NET/IB: ncclIbConnectImpl: NCCL Dev 2 IbDev 2 Port 1 qp_num 1882 mtu 5 GID 3 (0/170A8C0FFFF0000) ctsFifoRkey=0x19adaa ctsFifoLkey=0x19adaa
gx10-e146:65:75 [0] NCCL INFO NET/IB: ncclIbConnectImpl: IbDev 2 Port 1 qp_num 1882 query_ece={supported=1, vendor_id=0x15b3, options=0x30000002, comp_mask=0x0}
gx10-e146:65:75 [0] NCCL INFO NET/IB: Subnet-aware routing: overriding dev 3 with dev 2
gx10-e146:65:75 [0] NCCL INFO NET/IB: ncclIbResiliencyInit: Resiliency is disabled on the recv communicator (comm=0xe419287ac000)
gx10-e146:65:75 [0] NCCL INFO NET/IB: ncclIbRecvCommInit: Receive work requests will be posted on-demand
gx10-e146:65:75 [0] NCCL INFO NET/IB: Subnet-aware routing: overriding dev 1 with dev 0
gx10-e146:65:75 [0] NCCL INFO NET/IB: Subnet-aware routing: overriding dev 3 with dev 2
gx10-e146:65:75 [0] NCCL INFO NET/IB: ncclIbResiliencyInit: Resiliency is disabled on the send communicator (comm=0xe419287f4000)
gx10-e146:65:75 [0] NCCL INFO NET/IB: Subnet-aware routing: overriding dev 1 with dev 0
gx10-e146:65:75 [0] NCCL INFO NET/IB: Subnet-aware routing: overriding dev 3 with dev 2
gx10-e146:65:75 [0] NCCL INFO NET/IB: ncclIbResiliencyInit: Resiliency is disabled on the recv communicator (comm=0xe41928838000)
gx10-e146:65:75 [0] NCCL INFO NET/IB: ncclIbRecvCommInit: Receive work requests will be posted on-demand
gx10-e146:65:75 [0] NCCL INFO NET/IB: Subnet-aware routing: overriding dev 1 with dev 0
gx10-e146:65:75 [0] NCCL INFO NET/IB: Subnet-aware routing: overriding dev 3 with dev 2
gx10-e146:65:75 [0] NCCL INFO NET/IB: Subnet-aware routing: overriding dev 1 with dev 0
gx10-e146:65:75 [0] NCCL INFO NET/IB: ncclIbResiliencyInit: Resiliency is disabled on the send communicator (comm=0xe41928880000)
gx10-e146:65:75 [0] NCCL INFO NET/IB: Subnet-aware routing: overriding dev 1 with dev 0
gx10-e146:65:75 [0] NCCL INFO NET/IB: ncclIbSenderQpsToRts: Set ECE: IbDev 0 Port 1 qp_num 12219 set_ece={supported=1, vendor_id=0x15b3, options=0x30000002, comp_mask=0x0}
gx10-e146:65:75 [0] NCCL INFO NET/IB: ncclIbSenderQpsToRts: Set ECE: IbDev 2 Port 1 qp_num 1882 set_ece={supported=1, vendor_id=0x15b3, options=0x30000002, comp_mask=0x0}
gx10-e146:65:75 [0] NCCL INFO NET/IB: Subnet-aware routing: overriding dev 2 with dev 3
gx10-e146:65:75 [0] NCCL INFO NET/IB: ncclIbReceiverQpsCreateToRts: QP created: port=1 dev=3 devName=roceP2p1s0f1 ndevs=4 nmdevs=4 qp_num=2604 pkey=0 pd=0xe419281dda80 oooRq=0
gx10-e146:65:75 [0] NCCL INFO NET/IB: ncclIbReceiverQpsCreateToRts: Flush QP created: port=1 dev=3 devName=roceP2p1s0f1 ndevs=4 nmdevs=4 qp_num=2605 pkey=0 pd=0xe419281dda80
gx10-e146:65:75 [0] NCCL INFO NET/IB: Subnet-aware routing: overriding dev 3 with dev 2
gx10-e146:65:75 [0] NCCL INFO NET/IB: Subnet-aware routing: overriding dev 1 with dev 0
gx10-e146:65:75 [0] NCCL INFO NET/IB: ncclIbResiliencyInit: Resiliency is disabled on the recv communicator (comm=0xe41928911000)
gx10-e146:65:75 [0] NCCL INFO NET/IB: ncclIbRecvCommInit: Receive work requests will be posted on-demand
gx10-e146:65:75 [0] NCCL INFO NET/IB: Subnet-aware routing: overriding dev 3 with dev 2
gx10-e146:65:75 [0] NCCL INFO NET/IB: ncclIbSenderQpsCreate: QP created: port=1 dev=2 devName=roceP2p1s0f0 ndevs=4 nmdevs=4 qp_num=1883 pkey=0 pd=0xe419281e0f80 oooRq=0
gx10-e146:65:75 [0] NCCL INFO NET/IB: ncclIbConnectImpl: NCCL Dev 2 IbDev 2 Port 1 qp_num 1883 mtu 5 GID 3 (0/170A8C0FFFF0000) ctsFifoRkey=0x188481 ctsFifoLkey=0x188481
gx10-e146:65:75 [0] NCCL INFO NET/IB: ncclIbConnectImpl: IbDev 2 Port 1 qp_num 1883 query_ece={supported=1, vendor_id=0x15b3, options=0x30000002, comp_mask=0x0}
gx10-e146:65:75 [0] NCCL INFO NET/IB: Subnet-aware routing: overriding dev 1 with dev 0
gx10-e146:65:75 [0] NCCL INFO NET/IB: ncclIbResiliencyInit: Resiliency is disabled on the send communicator (comm=0xe41928989000)
gx10-e146:65:75 [0] NCCL INFO NET/IB: Subnet-aware routing: overriding dev 3 with dev 2
gx10-e146:65:75 [0] NCCL INFO NET/IB: Subnet-aware routing: overriding dev 1 with dev 0
gx10-e146:65:75 [0] NCCL INFO NET/IB: ncclIbResiliencyInit: Resiliency is disabled on the recv communicator (comm=0xe419289cd000)
gx10-e146:65:75 [0] NCCL INFO NET/IB: ncclIbRecvCommInit: Receive work requests will be posted on-demand
gx10-e146:65:75 [0] NCCL INFO NET/IB: Subnet-aware routing: overriding dev 3 with dev 2
gx10-e146:65:75 [0] NCCL INFO NET/IB: ncclIbSenderQpsToRts: Set ECE: IbDev 2 Port 1 qp_num 1883 set_ece={supported=1, vendor_id=0x15b3, options=0x30000002, comp_mask=0x0}
gx10-e146:65:75 [0] NCCL INFO NET/IB: ncclIbReceiverQpsCreateToRts: QP created: port=1 dev=3 devName=roceP2p1s0f1 ndevs=4 nmdevs=4 qp_num=2606 pkey=0 pd=0xe419281dda80 oooRq=0
gx10-e146:65:75 [0] NCCL INFO NET/IB: ncclIbReceiverQpsCreateToRts: Flush QP created: port=1 dev=3 devName=roceP2p1s0f1 ndevs=4 nmdevs=4 qp_num=2607 pkey=0 pd=0xe419281dda80
gx10-e146:65:75 [0] NCCL INFO NET/IB: ncclIbSenderQpsCreate: QP created: port=1 dev=0 devName=rocep1s0f0 ndevs=4 nmdevs=4 qp_num=12220 pkey=0 pd=0xe4192807ddd0 oooRq=0
gx10-e146:65:75 [0] NCCL INFO NET/IB: ncclIbConnectImpl: NCCL Dev 0 IbDev 0 Port 1 qp_num 12220 mtu 5 GID 6 (0/166A8C0FFFF0000) ctsFifoRkey=0x167021 ctsFifoLkey=0x167021
gx10-e146:65:75 [0] NCCL INFO NET/IB: ncclIbConnectImpl: IbDev 0 Port 1 qp_num 12220 query_ece={supported=1, vendor_id=0x15b3, options=0x30000002, comp_mask=0x0}
gx10-e146:65:75 [0] NCCL INFO NET/IB: Subnet-aware routing: overriding dev 0 with dev 1
gx10-e146:65:75 [0] NCCL INFO NET/IB: ncclIbReceiverQpsCreateToRts: QP created: port=1 dev=1 devName=rocep1s0f1 ndevs=4 nmdevs=4 qp_num=15530 pkey=0 pd=0xe41928109f50 oooRq=0
gx10-e146:65:75 [0] NCCL INFO NET/IB: ncclIbReceiverQpsCreateToRts: Flush QP created: port=1 dev=1 devName=rocep1s0f1 ndevs=4 nmdevs=4 qp_num=15531 pkey=0 pd=0xe41928109f50
gx10-e146:65:75 [0] NCCL INFO NET/IB: Subnet-aware routing: overriding dev 1 with dev 0
gx10-e146:65:75 [0] NCCL INFO NET/IB: ncclIbReceiverQpsCreateToRts: QP created: port=1 dev=1 devName=rocep1s0f1 ndevs=4 nmdevs=4 qp_num=15532 pkey=0 pd=0xe41928109f50 oooRq=0
gx10-e146:65:75 [0] NCCL INFO NET/IB: ncclIbReceiverQpsCreateToRts: Flush QP created: port=1 dev=1 devName=rocep1s0f1 ndevs=4 nmdevs=4 qp_num=15533 pkey=0 pd=0xe41928109f50
gx10-e146:65:75 [0] NCCL INFO NET/IB: Subnet-aware routing: overriding dev 3 with dev 2
gx10-e146:65:75 [0] NCCL INFO NET/IB: ncclIbResiliencyInit: Resiliency is disabled on the send communicator (comm=0xe41928b38000)
gx10-e146:65:75 [0] NCCL INFO NET/IB: ncclIbSenderQpsToRts: Set ECE: IbDev 0 Port 1 qp_num 12220 set_ece={supported=1, vendor_id=0x15b3, options=0x30000002, comp_mask=0x0}
gx10-e146:65:75 [0] NCCL INFO NET/IB: Subnet-aware routing: overriding dev 1 with dev 0
gx10-e146:65:75 [0] NCCL INFO NET/IB: ncclIbSenderQpsCreate: QP created: port=1 dev=0 devName=rocep1s0f0 ndevs=4 nmdevs=4 qp_num=12221 pkey=0 pd=0xe4192807ddd0 oooRq=0
gx10-e146:65:75 [0] NCCL INFO NET/IB: ncclIbConnectImpl: NCCL Dev 0 IbDev 0 Port 1 qp_num 12221 mtu 5 GID 6 (0/166A8C0FFFF0000) ctsFifoRkey=0x179852 ctsFifoLkey=0x179852
gx10-e146:65:75 [0] NCCL INFO NET/IB: ncclIbConnectImpl: IbDev 0 Port 1 qp_num 12221 query_ece={supported=1, vendor_id=0x15b3, options=0x30000002, comp_mask=0x0}
gx10-e146:65:75 [0] NCCL INFO NET/IB: ncclIbSenderQpsCreate: QP created: port=1 dev=2 devName=roceP2p1s0f0 ndevs=4 nmdevs=4 qp_num=1884 pkey=0 pd=0xe419281e0f80 oooRq=0
gx10-e146:65:75 [0] NCCL INFO NET/IB: ncclIbConnectImpl: NCCL Dev 2 IbDev 2 Port 1 qp_num 1884 mtu 5 GID 3 (0/170A8C0FFFF0000) ctsFifoRkey=0x187777 ctsFifoLkey=0x187777
gx10-e146:65:75 [0] NCCL INFO NET/IB: ncclIbConnectImpl: IbDev 2 Port 1 qp_num 1884 query_ece={supported=1, vendor_id=0x15b3, options=0x30000002, comp_mask=0x0}
gx10-e146:65:75 [0] NCCL INFO NET/IB: Subnet-aware routing: overriding dev 3 with dev 2
gx10-e146:65:75 [0] NCCL INFO NET/IB: ncclIbResiliencyInit: Resiliency is disabled on the recv communicator (comm=0xe41928bd8000)
gx10-e146:65:75 [0] NCCL INFO NET/IB: ncclIbRecvCommInit: Receive work requests will be posted on-demand
gx10-e146:65:75 [0] NCCL INFO NET/IB: Subnet-aware routing: overriding dev 1 with dev 0
gx10-e146:65:75 [0] NCCL INFO NET/IB: Subnet-aware routing: overriding dev 3 with dev 2
gx10-e146:65:75 [0] NCCL INFO NET/IB: ncclIbResiliencyInit: Resiliency is disabled on the send communicator (comm=0xe41928c20000)
gx10-e146:65:75 [0] NCCL INFO NET/IB: Subnet-aware routing: overriding dev 1 with dev 0
gx10-e146:65:75 [0] NCCL INFO NET/IB: Subnet-aware routing: overriding dev 3 with dev 2
gx10-e146:65:75 [0] NCCL INFO NET/IB: ncclIbResiliencyInit: Resiliency is disabled on the recv communicator (comm=0xe41928c61000)
gx10-e146:65:75 [0] NCCL INFO NET/IB: ncclIbRecvCommInit: Receive work requests will be posted on-demand
gx10-e146:65:75 [0] NCCL INFO NET/IB: Subnet-aware routing: overriding dev 1 with dev 0
gx10-e146:65:75 [0] NCCL INFO NET/IB: Subnet-aware routing: overriding dev 2 with dev 3
gx10-e146:65:75 [0] NCCL INFO NET/IB: ncclIbReceiverQpsCreateToRts: QP created: port=1 dev=3 devName=roceP2p1s0f1 ndevs=4 nmdevs=4 qp_num=2608 pkey=0 pd=0xe419281dda80 oooRq=0
gx10-e146:65:75 [0] NCCL INFO NET/IB: ncclIbReceiverQpsCreateToRts: Flush QP created: port=1 dev=3 devName=roceP2p1s0f1 ndevs=4 nmdevs=4 qp_num=2609 pkey=0 pd=0xe419281dda80
gx10-e146:65:75 [0] NCCL INFO NET/IB: Subnet-aware routing: overriding dev 3 with dev 2
gx10-e146:65:75 [0] NCCL INFO NET/IB: ncclIbReceiverQpsCreateToRts: QP created: port=1 dev=3 devName=roceP2p1s0f1 ndevs=4 nmdevs=4 qp_num=2610 pkey=0 pd=0xe419281dda80 oooRq=0
gx10-e146:65:75 [0] NCCL INFO NET/IB: ncclIbReceiverQpsCreateToRts: Flush QP created: port=1 dev=3 devName=roceP2p1s0f1 ndevs=4 nmdevs=4 qp_num=2611 pkey=0 pd=0xe419281dda80
gx10-e146:65:75 [0] NCCL INFO NET/IB: Subnet-aware routing: overriding dev 1 with dev 0
gx10-e146:65:75 [0] NCCL INFO NET/IB: ncclIbResiliencyInit: Resiliency is disabled on the send communicator (comm=0xe41928d4d000)
gx10-e146:65:75 [0] NCCL INFO NET/IB: Subnet-aware routing: overriding dev 1 with dev 0
gx10-e146:65:75 [0] NCCL INFO NET/IB: ncclIbSenderQpsToRts: Set ECE: IbDev 0 Port 1 qp_num 12221 set_ece={supported=1, vendor_id=0x15b3, options=0x30000002, comp_mask=0x0}
gx10-e146:65:75 [0] NCCL INFO NET/IB: ncclIbSenderQpsToRts: Set ECE: IbDev 2 Port 1 qp_num 1884 set_ece={supported=1, vendor_id=0x15b3, options=0x30000002, comp_mask=0x0}
gx10-e146:65:75 [0] NCCL INFO NET/IB: Subnet-aware routing: overriding dev 3 with dev 2
gx10-e146:65:75 [0] NCCL INFO NET/IB: ncclIbSenderQpsCreate: QP created: port=1 dev=2 devName=roceP2p1s0f0 ndevs=4 nmdevs=4 qp_num=1885 pkey=0 pd=0xe419281e0f80 oooRq=0
gx10-e146:65:75 [0] NCCL INFO NET/IB: ncclIbConnectImpl: NCCL Dev 2 IbDev 2 Port 1 qp_num 1885 mtu 5 GID 3 (0/170A8C0FFFF0000) ctsFifoRkey=0x1ca790 ctsFifoLkey=0x1ca790
gx10-e146:65:75 [0] NCCL INFO NET/IB: ncclIbConnectImpl: IbDev 2 Port 1 qp_num 1885 query_ece={supported=1, vendor_id=0x15b3, options=0x30000002, comp_mask=0x0}
gx10-e146:65:75 [0] NCCL INFO NET/IB: ncclIbSenderQpsCreate: QP created: port=1 dev=0 devName=rocep1s0f0 ndevs=4 nmdevs=4 qp_num=12222 pkey=0 pd=0xe4192807ddd0 oooRq=0
gx10-e146:65:75 [0] NCCL INFO NET/IB: ncclIbConnectImpl: NCCL Dev 0 IbDev 0 Port 1 qp_num 12222 mtu 5 GID 6 (0/166A8C0FFFF0000) ctsFifoRkey=0x17b673 ctsFifoLkey=0x17b673
gx10-e146:65:75 [0] NCCL INFO NET/IB: ncclIbConnectImpl: IbDev 0 Port 1 qp_num 12222 query_ece={supported=1, vendor_id=0x15b3, options=0x30000002, comp_mask=0x0}
gx10-e146:65:75 [0] NCCL INFO NET/IB: Subnet-aware routing: overriding dev 0 with dev 1
gx10-e146:65:75 [0] NCCL INFO NET/IB: ncclIbReceiverQpsCreateToRts: QP created: port=1 dev=1 devName=rocep1s0f1 ndevs=4 nmdevs=4 qp_num=15534 pkey=0 pd=0xe41928109f50 oooRq=0
gx10-e146:65:75 [0] NCCL INFO NET/IB: ncclIbReceiverQpsCreateToRts: Flush QP created: port=1 dev=1 devName=rocep1s0f1 ndevs=4 nmdevs=4 qp_num=15535 pkey=0 pd=0xe41928109f50
gx10-e146:65:75 [0] NCCL INFO NET/IB: Subnet-aware routing: overriding dev 1 with dev 0
gx10-e146:65:75 [0] NCCL INFO NET/IB: ncclIbResiliencyInit: Resiliency is disabled on the recv communicator (comm=0xe41928e3b000)
gx10-e146:65:75 [0] NCCL INFO NET/IB: ncclIbRecvCommInit: Receive work requests will be posted on-demand
gx10-e146:65:75 [0] NCCL INFO NET/IB: Subnet-aware routing: overriding dev 3 with dev 2
gx10-e146:65:75 [0] NCCL INFO NET/IB: Subnet-aware routing: overriding dev 1 with dev 0
gx10-e146:65:75 [0] NCCL INFO NET/IB: ncclIbResiliencyInit: Resiliency is disabled on the send communicator (comm=0xe41928e83000)
gx10-e146:65:75 [0] NCCL INFO NET/IB: Subnet-aware routing: overriding dev 3 with dev 2
gx10-e146:65:75 [0] NCCL INFO NET/IB: ncclIbSenderQpsToRts: Set ECE: IbDev 2 Port 1 qp_num 1885 set_ece={supported=1, vendor_id=0x15b3, options=0x30000002, comp_mask=0x0}
gx10-e146:65:75 [0] NCCL INFO NET/IB: Subnet-aware routing: overriding dev 1 with dev 0
gx10-e146:65:75 [0] NCCL INFO NET/IB: ncclIbReceiverQpsCreateToRts: QP created: port=1 dev=1 devName=rocep1s0f1 ndevs=4 nmdevs=4 qp_num=15536 pkey=0 pd=0xe41928109f50 oooRq=0
gx10-e146:65:75 [0] NCCL INFO NET/IB: ncclIbReceiverQpsCreateToRts: Flush QP created: port=1 dev=1 devName=rocep1s0f1 ndevs=4 nmdevs=4 qp_num=15537 pkey=0 pd=0xe41928109f50
gx10-e146:65:75 [0] NCCL INFO NET/IB: ncclIbResiliencyInit: Resiliency is disabled on the recv communicator (comm=0xe41928f15000)
gx10-e146:65:75 [0] NCCL INFO NET/IB: ncclIbRecvCommInit: Receive work requests will be posted on-demand
gx10-e146:65:75 [0] NCCL INFO NET/IB: ncclIbSenderQpsToRts: Set ECE: IbDev 0 Port 1 qp_num 12222 set_ece={supported=1, vendor_id=0x15b3, options=0x30000002, comp_mask=0x0}
gx10-e146:65:75 [0] NCCL INFO NET/IB: Subnet-aware routing: overriding dev 1 with dev 0
gx10-e146:65:75 [0] NCCL INFO NET/IB: Subnet-aware routing: overriding dev 3 with dev 2
gx10-e146:65:75 [0] NCCL INFO NET/IB: ncclIbResiliencyInit: Resiliency is disabled on the send communicator (comm=0xe41928f5d000)
gx10-e146:65:75 [0] NCCL INFO NET/IB: Subnet-aware routing: overriding dev 1 with dev 0
gx10-e146:65:75 [0] NCCL INFO NET/IB: Subnet-aware routing: overriding dev 3 with dev 2
gx10-e146:65:75 [0] NCCL INFO NET/IB: ncclIbResiliencyInit: Resiliency is disabled on the recv communicator (comm=0xe41928fa1000)
gx10-e146:65:75 [0] NCCL INFO NET/IB: ncclIbRecvCommInit: Receive work requests will be posted on-demand
gx10-e146:65:75 [0] NCCL INFO NET/IB: Subnet-aware routing: overriding dev 1 with dev 0
gx10-e146:65:75 [0] NCCL INFO NET/IB: ncclIbSenderQpsCreate: QP created: port=1 dev=0 devName=rocep1s0f0 ndevs=4 nmdevs=4 qp_num=12223 pkey=0 pd=0xe4192807ddd0 oooRq=0
gx10-e146:65:75 [0] NCCL INFO NET/IB: ncclIbConnectImpl: NCCL Dev 0 IbDev 0 Port 1 qp_num 12223 mtu 5 GID 6 (0/166A8C0FFFF0000) ctsFifoRkey=0x163dfb ctsFifoLkey=0x163dfb
gx10-e146:65:75 [0] NCCL INFO NET/IB: ncclIbConnectImpl: IbDev 0 Port 1 qp_num 12223 query_ece={supported=1, vendor_id=0x15b3, options=0x30000002, comp_mask=0x0}
gx10-e146:65:75 [0] NCCL INFO NET/IB: ncclIbSenderQpsCreate: QP created: port=1 dev=2 devName=roceP2p1s0f0 ndevs=4 nmdevs=4 qp_num=1886 pkey=0 pd=0xe419281e0f80 oooRq=0
gx10-e146:65:75 [0] NCCL INFO NET/IB: ncclIbConnectImpl: NCCL Dev 2 IbDev 2 Port 1 qp_num 1886 mtu 5 GID 3 (0/170A8C0FFFF0000) ctsFifoRkey=0x18a19e ctsFifoLkey=0x18a19e
gx10-e146:65:75 [0] NCCL INFO NET/IB: ncclIbConnectImpl: IbDev 2 Port 1 qp_num 1886 query_ece={supported=1, vendor_id=0x15b3, options=0x30000002, comp_mask=0x0}
gx10-e146:65:75 [0] NCCL INFO NET/IB: Subnet-aware routing: overriding dev 2 with dev 3
gx10-e146:65:75 [0] NCCL INFO NET/IB: ncclIbReceiverQpsCreateToRts: QP created: port=1 dev=3 devName=roceP2p1s0f1 ndevs=4 nmdevs=4 qp_num=2612 pkey=0 pd=0xe419281dda80 oooRq=0
gx10-e146:65:75 [0] NCCL INFO NET/IB: ncclIbReceiverQpsCreateToRts: Flush QP created: port=1 dev=3 devName=roceP2p1s0f1 ndevs=4 nmdevs=4 qp_num=2613 pkey=0 pd=0xe419281dda80
gx10-e146:65:75 [0] NCCL INFO NET/IB: Subnet-aware routing: overriding dev 3 with dev 2
gx10-e146:65:75 [0] NCCL INFO NET/IB: ncclIbReceiverQpsCreateToRts: QP created: port=1 dev=3 devName=roceP2p1s0f1 ndevs=4 nmdevs=4 qp_num=2614 pkey=0 pd=0xe419281dda80 oooRq=0
gx10-e146:65:75 [0] NCCL INFO NET/IB: ncclIbReceiverQpsCreateToRts: Flush QP created: port=1 dev=3 devName=roceP2p1s0f1 ndevs=4 nmdevs=4 qp_num=2615 pkey=0 pd=0xe419281dda80
gx10-e146:65:75 [0] NCCL INFO NET/IB: ncclIbResiliencyInit: Resiliency is disabled on the send communicator (comm=0xe419290eb000)
gx10-e146:65:75 [0] NCCL INFO NET/IB: Subnet-aware routing: overriding dev 1 with dev 0
gx10-e146:65:75 [0] NCCL INFO NET/IB: ncclIbSenderQpsToRts: Set ECE: IbDev 0 Port 1 qp_num 12223 set_ece={supported=1, vendor_id=0x15b3, options=0x30000002, comp_mask=0x0}
gx10-e146:65:75 [0] NCCL INFO NET/IB: Subnet-aware routing: overriding dev 3 with dev 2
gx10-e146:65:75 [0] NCCL INFO NET/IB: ncclIbSenderQpsCreate: QP created: port=1 dev=2 devName=roceP2p1s0f0 ndevs=4 nmdevs=4 qp_num=1887 pkey=0 pd=0xe419281e0f80 oooRq=0
gx10-e146:65:75 [0] NCCL INFO NET/IB: ncclIbConnectImpl: NCCL Dev 2 IbDev 2 Port 1 qp_num 1887 mtu 5 GID 3 (0/170A8C0FFFF0000) ctsFifoRkey=0x18d1ce ctsFifoLkey=0x18d1ce
gx10-e146:65:75 [0] NCCL INFO NET/IB: ncclIbConnectImpl: IbDev 2 Port 1 qp_num 1887 query_ece={supported=1, vendor_id=0x15b3, options=0x30000002, comp_mask=0x0}
gx10-e146:65:75 [0] NCCL INFO NET/IB: ncclIbResiliencyInit: Resiliency is disabled on the recv communicator (comm=0xe4192915d000)
gx10-e146:65:75 [0] NCCL INFO NET/IB: ncclIbRecvCommInit: Receive work requests will be posted on-demand
gx10-e146:65:75 [0] NCCL INFO NET/IB: ncclIbSenderQpsToRts: Set ECE: IbDev 2 Port 1 qp_num 1886 set_ece={supported=1, vendor_id=0x15b3, options=0x30000002, comp_mask=0x0}
gx10-e146:65:75 [0] NCCL INFO NET/IB: Subnet-aware routing: overriding dev 3 with dev 2
gx10-e146:65:75 [0] NCCL INFO NET/IB: Subnet-aware routing: overriding dev 1 with dev 0
gx10-e146:65:75 [0] NCCL INFO NET/IB: ncclIbResiliencyInit: Resiliency is disabled on the send communicator (comm=0xe419291a5000)
gx10-e146:65:75 [0] NCCL INFO NET/IB: Subnet-aware routing: overriding dev 3 with dev 2
gx10-e146:65:75 [0] NCCL INFO NET/IB: Subnet-aware routing: overriding dev 0 with dev 1
gx10-e146:65:75 [0] NCCL INFO NET/IB: ncclIbReceiverQpsCreateToRts: QP created: port=1 dev=1 devName=rocep1s0f1 ndevs=4 nmdevs=4 qp_num=15538 pkey=0 pd=0xe41928109f50 oooRq=0
gx10-e146:65:75 [0] NCCL INFO NET/IB: ncclIbReceiverQpsCreateToRts: Flush QP created: port=1 dev=1 devName=rocep1s0f1 ndevs=4 nmdevs=4 qp_num=15539 pkey=0 pd=0xe41928109f50
gx10-e146:65:75 [0] NCCL INFO NET/IB: Subnet-aware routing: overriding dev 1 with dev 0
gx10-e146:65:75 [0] NCCL INFO NET/IB: ncclIbResiliencyInit: Resiliency is disabled on the recv communicator (comm=0xe41929233000)
gx10-e146:65:75 [0] NCCL INFO NET/IB: ncclIbRecvCommInit: Receive work requests will be posted on-demand
gx10-e146:65:75 [0] NCCL INFO NET/IB: Subnet-aware routing: overriding dev 3 with dev 2
gx10-e146:65:75 [0] NCCL INFO NET/IB: Subnet-aware routing: overriding dev 1 with dev 0
gx10-e146:65:75 [0] NCCL INFO NET/IB: ncclIbResiliencyInit: Resiliency is disabled on the send communicator (comm=0xe4192927b000)
gx10-e146:65:75 [0] NCCL INFO NET/IB: Subnet-aware routing: overriding dev 3 with dev 2
gx10-e146:65:75 [0] NCCL INFO NET/IB: ncclIbSenderQpsToRts: Set ECE: IbDev 2 Port 1 qp_num 1887 set_ece={supported=1, vendor_id=0x15b3, options=0x30000002, comp_mask=0x0}
gx10-e146:65:75 [0] NCCL INFO NET/IB: ncclIbSenderQpsCreate: QP created: port=1 dev=0 devName=rocep1s0f0 ndevs=4 nmdevs=4 qp_num=12224 pkey=0 pd=0xe4192807ddd0 oooRq=0
gx10-e146:65:75 [0] NCCL INFO NET/IB: ncclIbConnectImpl: NCCL Dev 0 IbDev 0 Port 1 qp_num 12224 mtu 5 GID 6 (0/166A8C0FFFF0000) ctsFifoRkey=0x1606c3 ctsFifoLkey=0x1606c3
gx10-e146:65:75 [0] NCCL INFO NET/IB: ncclIbConnectImpl: IbDev 0 Port 1 qp_num 12224 query_ece={supported=1, vendor_id=0x15b3, options=0x30000002, comp_mask=0x0}
gx10-e146:65:75 [0] NCCL INFO NET/IB: Subnet-aware routing: overriding dev 1 with dev 0
gx10-e146:65:75 [0] NCCL INFO NET/IB: ncclIbResiliencyInit: Resiliency is disabled on the recv communicator (comm=0xe419292ec000)
gx10-e146:65:75 [0] NCCL INFO NET/IB: ncclIbRecvCommInit: Receive work requests will be posted on-demand
gx10-e146:65:75 [0] NCCL INFO NET/IB: Subnet-aware routing: overriding dev 1 with dev 0
gx10-e146:65:75 [0] NCCL INFO NET/IB: Subnet-aware routing: overriding dev 3 with dev 2
gx10-e146:65:75 [0] NCCL INFO NET/IB: ncclIbResiliencyInit: Resiliency is disabled on the send communicator (comm=0xe41929334000)
gx10-e146:65:75 [0] NCCL INFO NET/IB: Subnet-aware routing: overriding dev 1 with dev 0
gx10-e146:65:75 [0] NCCL INFO NET/IB: ncclIbReceiverQpsCreateToRts: QP created: port=1 dev=1 devName=rocep1s0f1 ndevs=4 nmdevs=4 qp_num=15540 pkey=0 pd=0xe41928109f50 oooRq=0
gx10-e146:65:75 [0] NCCL INFO NET/IB: ncclIbReceiverQpsCreateToRts: Flush QP created: port=1 dev=1 devName=rocep1s0f1 ndevs=4 nmdevs=4 qp_num=15541 pkey=0 pd=0xe41928109f50
gx10-e146:65:75 [0] NCCL INFO NET/IB: Subnet-aware routing: overriding dev 2 with dev 3
gx10-e146:65:75 [0] NCCL INFO NET/IB: ncclIbReceiverQpsCreateToRts: QP created: port=1 dev=3 devName=roceP2p1s0f1 ndevs=4 nmdevs=4 qp_num=2616 pkey=0 pd=0xe419281dda80 oooRq=0
gx10-e146:65:75 [0] NCCL INFO NET/IB: ncclIbReceiverQpsCreateToRts: Flush QP created: port=1 dev=3 devName=roceP2p1s0f1 ndevs=4 nmdevs=4 qp_num=2617 pkey=0 pd=0xe419281dda80
gx10-e146:65:75 [0] NCCL INFO NET/IB: Subnet-aware routing: overriding dev 3 with dev 2
gx10-e146:65:75 [0] NCCL INFO NET/IB: ncclIbResiliencyInit: Resiliency is disabled on the recv communicator (comm=0xe4192941c000)
gx10-e146:65:75 [0] NCCL INFO NET/IB: ncclIbRecvCommInit: Receive work requests will be posted on-demand
gx10-e146:65:75 [0] NCCL INFO NET/IB: Subnet-aware routing: overriding dev 1 with dev 0
gx10-e146:65:75 [0] NCCL INFO NET/IB: Subnet-aware routing: overriding dev 3 with dev 2
gx10-e146:65:75 [0] NCCL INFO NET/IB: ncclIbResiliencyInit: Resiliency is disabled on the send communicator (comm=0xe41929464000)
gx10-e146:65:75 [0] NCCL INFO NET/IB: ncclIbSenderQpsToRts: Set ECE: IbDev 0 Port 1 qp_num 12224 set_ece={supported=1, vendor_id=0x15b3, options=0x30000002, comp_mask=0x0}
gx10-e146:65:75 [0] NCCL INFO NET/IB: Subnet-aware routing: overriding dev 1 with dev 0
gx10-e146:65:75 [0] NCCL INFO NET/IB: ncclIbSenderQpsCreate: QP created: port=1 dev=0 devName=rocep1s0f0 ndevs=4 nmdevs=4 qp_num=12225 pkey=0 pd=0xe4192807ddd0 oooRq=0
gx10-e146:65:75 [0] NCCL INFO NET/IB: ncclIbConnectImpl: NCCL Dev 0 IbDev 0 Port 1 qp_num 12225 mtu 5 GID 6 (0/166A8C0FFFF0000) ctsFifoRkey=0x17b06e ctsFifoLkey=0x17b06e
gx10-e146:65:75 [0] NCCL INFO NET/IB: ncclIbConnectImpl: IbDev 0 Port 1 qp_num 12225 query_ece={supported=1, vendor_id=0x15b3, options=0x30000002, comp_mask=0x0}
gx10-e146:65:75 [0] NCCL INFO NET/IB: ncclIbSenderQpsCreate: QP created: port=1 dev=2 devName=roceP2p1s0f0 ndevs=4 nmdevs=4 qp_num=1888 pkey=0 pd=0xe419281e0f80 oooRq=0
gx10-e146:65:75 [0] NCCL INFO NET/IB: ncclIbConnectImpl: NCCL Dev 2 IbDev 2 Port 1 qp_num 1888 mtu 5 GID 3 (0/170A8C0FFFF0000) ctsFifoRkey=0x18bbb6 ctsFifoLkey=0x18bbb6
gx10-e146:65:75 [0] NCCL INFO NET/IB: ncclIbConnectImpl: IbDev 2 Port 1 qp_num 1888 query_ece={supported=1, vendor_id=0x15b3, options=0x30000002, comp_mask=0x0}
gx10-e146:65:75 [0] NCCL INFO NET/IB: Subnet-aware routing: overriding dev 3 with dev 2
gx10-e146:65:75 [0] NCCL INFO NET/IB: ncclIbResiliencyInit: Resiliency is disabled on the recv communicator (comm=0xe41929506000)
gx10-e146:65:75 [0] NCCL INFO NET/IB: ncclIbRecvCommInit: Receive work requests will be posted on-demand
gx10-e146:65:75 [0] NCCL INFO NET/IB: Subnet-aware routing: overriding dev 1 with dev 0
gx10-e146:65:75 [0] NCCL INFO NET/IB: ncclIbSenderQpsToRts: Set ECE: IbDev 0 Port 1 qp_num 12225 set_ece={supported=1, vendor_id=0x15b3, options=0x30000002, comp_mask=0x0}
gx10-e146:65:75 [0] NCCL INFO NET/IB: ncclIbSenderQpsToRts: Set ECE: IbDev 2 Port 1 qp_num 1888 set_ece={supported=1, vendor_id=0x15b3, options=0x30000002, comp_mask=0x0}
gx10-e146:65:75 [0] NCCL INFO NET/IB: Subnet-aware routing: overriding dev 3 with dev 2
gx10-e146:65:75 [0] NCCL INFO NET/IB: ncclIbSenderQpsCreate: QP created: port=1 dev=2 devName=roceP2p1s0f0 ndevs=4 nmdevs=4 qp_num=1889 pkey=0 pd=0xe419281e0f80 oooRq=0
gx10-e146:65:75 [0] NCCL INFO NET/IB: ncclIbConnectImpl: NCCL Dev 2 IbDev 2 Port 1 qp_num 1889 mtu 5 GID 3 (0/170A8C0FFFF0000) ctsFifoRkey=0x185250 ctsFifoLkey=0x185250
gx10-e146:65:75 [0] NCCL INFO NET/IB: ncclIbConnectImpl: IbDev 2 Port 1 qp_num 1889 query_ece={supported=1, vendor_id=0x15b3, options=0x30000002, comp_mask=0x0}
gx10-e146:65:75 [0] NCCL INFO NET/IB: ncclIbReceiverQpsCreateToRts: QP created: port=1 dev=3 devName=roceP2p1s0f1 ndevs=4 nmdevs=4 qp_num=2618 pkey=0 pd=0xe419281dda80 oooRq=0
gx10-e146:65:75 [0] NCCL INFO NET/IB: ncclIbReceiverQpsCreateToRts: Flush QP created: port=1 dev=3 devName=roceP2p1s0f1 ndevs=4 nmdevs=4 qp_num=2619 pkey=0 pd=0xe419281dda80
gx10-e146:65:75 [0] NCCL INFO NET/IB: Subnet-aware routing: overriding dev 1 with dev 0
gx10-e146:65:75 [0] NCCL INFO NET/IB: ncclIbResiliencyInit: Resiliency is disabled on the send communicator (comm=0xe419295cc000)
gx10-e146:65:75 [0] NCCL INFO NET/IB: Subnet-aware routing: overriding dev 3 with dev 2
gx10-e146:65:75 [0] NCCL INFO NET/IB: Subnet-aware routing: overriding dev 1 with dev 0
gx10-e146:65:75 [0] NCCL INFO NET/IB: ncclIbResiliencyInit: Resiliency is disabled on the recv communicator (comm=0xe41929610000)
gx10-e146:65:75 [0] NCCL INFO NET/IB: ncclIbRecvCommInit: Receive work requests will be posted on-demand
gx10-e146:65:75 [0] NCCL INFO NET/IB: Subnet-aware routing: overriding dev 3 with dev 2
gx10-e146:65:75 [0] NCCL INFO NET/IB: Subnet-aware routing: overriding dev 1 with dev 0
gx10-e146:65:75 [0] NCCL INFO NET/IB: ncclIbResiliencyInit: Resiliency is disabled on the send communicator (comm=0xe41929658000)
gx10-e146:65:75 [0] NCCL INFO NET/IB: Subnet-aware routing: overriding dev 3 with dev 2
gx10-e146:65:75 [0] NCCL INFO NET/IB: Subnet-aware routing: overriding dev 1 with dev 0
gx10-e146:65:75 [0] NCCL INFO NET/IB: ncclIbResiliencyInit: Resiliency is disabled on the recv communicator (comm=0xe4192969c000)
gx10-e146:65:75 [0] NCCL INFO NET/IB: ncclIbRecvCommInit: Receive work requests will be posted on-demand
gx10-e146:65:75 [0] NCCL INFO NET/IB: Subnet-aware routing: overriding dev 3 with dev 2
gx10-e146:65:75 [0] NCCL INFO NET/IB: Subnet-aware routing: overriding dev 1 with dev 0
gx10-e146:65:75 [0] NCCL INFO NET/IB: Subnet-aware routing: overriding dev 3 with dev 2
gx10-e146:65:75 [0] NCCL INFO NET/IB: ncclIbResiliencyInit: Resiliency is disabled on the send communicator (comm=0xe419296e4000)
gx10-e146:65:75 [0] NCCL INFO NET/IB: Subnet-aware routing: overriding dev 3 with dev 2
gx10-e146:65:75 [0] NCCL INFO NET/IB: ncclIbSenderQpsToRts: Set ECE: IbDev 2 Port 1 qp_num 1889 set_ece={supported=1, vendor_id=0x15b3, options=0x30000002, comp_mask=0x0}
gx10-e146:65:75 [0] NCCL INFO NET/IB: ncclIbSenderQpsCreate: QP created: port=1 dev=0 devName=rocep1s0f0 ndevs=4 nmdevs=4 qp_num=12226 pkey=0 pd=0xe4192807ddd0 oooRq=0
gx10-e146:65:75 [0] NCCL INFO NET/IB: ncclIbConnectImpl: NCCL Dev 0 IbDev 0 Port 1 qp_num 12226 mtu 5 GID 6 (0/166A8C0FFFF0000) ctsFifoRkey=0x172aea ctsFifoLkey=0x172aea
gx10-e146:65:75 [0] NCCL INFO NET/IB: ncclIbConnectImpl: IbDev 0 Port 1 qp_num 12226 query_ece={supported=1, vendor_id=0x15b3, options=0x30000002, comp_mask=0x0}
gx10-e146:65:75 [0] NCCL INFO NET/IB: Subnet-aware routing: overriding dev 0 with dev 1
gx10-e146:65:75 [0] NCCL INFO NET/IB: ncclIbReceiverQpsCreateToRts: QP created: port=1 dev=1 devName=rocep1s0f1 ndevs=4 nmdevs=4 qp_num=15542 pkey=0 pd=0xe41928109f50 oooRq=0
gx10-e146:65:75 [0] NCCL INFO NET/IB: ncclIbReceiverQpsCreateToRts: Flush QP created: port=1 dev=1 devName=rocep1s0f1 ndevs=4 nmdevs=4 qp_num=15543 pkey=0 pd=0xe41928109f50
gx10-e146:65:75 [0] NCCL INFO NET/IB: Subnet-aware routing: overriding dev 1 with dev 0
gx10-e146:65:75 [0] NCCL INFO NET/IB: ncclIbSenderQpsCreate: QP created: port=1 dev=0 devName=rocep1s0f0 ndevs=4 nmdevs=4 qp_num=12227 pkey=0 pd=0xe4192807ddd0 oooRq=0
gx10-e146:65:75 [0] NCCL INFO NET/IB: ncclIbConnectImpl: NCCL Dev 0 IbDev 0 Port 1 qp_num 12227 mtu 5 GID 6 (0/166A8C0FFFF0000) ctsFifoRkey=0x179753 ctsFifoLkey=0x179753
gx10-e146:65:75 [0] NCCL INFO NET/IB: ncclIbConnectImpl: IbDev 0 Port 1 qp_num 12227 query_ece={supported=1, vendor_id=0x15b3, options=0x30000002, comp_mask=0x0}
gx10-e146:65:75 [0] NCCL INFO NET/IB: ncclIbReceiverQpsCreateToRts: QP created: port=1 dev=1 devName=rocep1s0f1 ndevs=4 nmdevs=4 qp_num=15544 pkey=0 pd=0xe41928109f50 oooRq=0
gx10-e146:65:75 [0] NCCL INFO NET/IB: ncclIbReceiverQpsCreateToRts: Flush QP created: port=1 dev=1 devName=rocep1s0f1 ndevs=4 nmdevs=4 qp_num=15545 pkey=0 pd=0xe41928109f50
gx10-e146:65:75 [0] NCCL INFO NET/IB: ncclIbSenderQpsCreate: QP created: port=1 dev=2 devName=roceP2p1s0f0 ndevs=4 nmdevs=4 qp_num=1890 pkey=0 pd=0xe419281e0f80 oooRq=0
gx10-e146:65:75 [0] NCCL INFO NET/IB: ncclIbConnectImpl: NCCL Dev 2 IbDev 2 Port 1 qp_num 1890 mtu 5 GID 3 (0/170A8C0FFFF0000) ctsFifoRkey=0x1cb49d ctsFifoLkey=0x1cb49d
gx10-e146:65:75 [0] NCCL INFO NET/IB: ncclIbConnectImpl: IbDev 2 Port 1 qp_num 1890 query_ece={supported=1, vendor_id=0x15b3, options=0x30000002, comp_mask=0x0}
gx10-e146:65:75 [0] NCCL INFO NET/IB: Subnet-aware routing: overriding dev 3 with dev 2
gx10-e146:65:75 [0] NCCL INFO NET/IB: ncclIbResiliencyInit: Resiliency is disabled on the recv communicator (comm=0xe4192985a000)
gx10-e146:65:75 [0] NCCL INFO NET/IB: ncclIbRecvCommInit: Receive work requests will be posted on-demand
gx10-e146:65:75 [0] NCCL INFO NET/IB: Subnet-aware routing: overriding dev 1 with dev 0
gx10-e146:65:75 [0] NCCL INFO NET/IB: Subnet-aware routing: overriding dev 3 with dev 2
gx10-e146:65:75 [0] NCCL INFO NET/IB: ncclIbResiliencyInit: Resiliency is disabled on the send communicator (comm=0xe419298a2000)
gx10-e146:65:75 [0] NCCL INFO NET/IB: Subnet-aware routing: overriding dev 1 with dev 0
gx10-e146:65:75 [0] NCCL INFO NET/IB: Subnet-aware routing: overriding dev 3 with dev 2
gx10-e146:65:75 [0] NCCL INFO NET/IB: ncclIbResiliencyInit: Resiliency is disabled on the recv communicator (comm=0xe419298e6000)
gx10-e146:65:75 [0] NCCL INFO NET/IB: ncclIbRecvCommInit: Receive work requests will be posted on-demand
gx10-e146:65:75 [0] NCCL INFO NET/IB: ncclIbSenderQpsToRts: Set ECE: IbDev 0 Port 1 qp_num 12226 set_ece={supported=1, vendor_id=0x15b3, options=0x30000002, comp_mask=0x0}
gx10-e146:65:75 [0] NCCL INFO NET/IB: Subnet-aware routing: overriding dev 1 with dev 0
gx10-e146:65:75 [0] NCCL INFO NET/IB: ncclIbSenderQpsToRts: Set ECE: IbDev 0 Port 1 qp_num 12227 set_ece={supported=1, vendor_id=0x15b3, options=0x30000002, comp_mask=0x0}
gx10-e146:65:75 [0] NCCL INFO NET/IB: ncclIbSenderQpsToRts: Set ECE: IbDev 2 Port 1 qp_num 1890 set_ece={supported=1, vendor_id=0x15b3, options=0x30000002, comp_mask=0x0}
gx10-e146:65:75 [0] NCCL INFO NET/IB: Subnet-aware routing: overriding dev 2 with dev 3
gx10-e146:65:75 [0] NCCL INFO NET/IB: ncclIbReceiverQpsCreateToRts: QP created: port=1 dev=3 devName=roceP2p1s0f1 ndevs=4 nmdevs=4 qp_num=2620 pkey=0 pd=0xe419281dda80 oooRq=0
gx10-e146:65:75 [0] NCCL INFO NET/IB: ncclIbReceiverQpsCreateToRts: Flush QP created: port=1 dev=3 devName=roceP2p1s0f1 ndevs=4 nmdevs=4 qp_num=2621 pkey=0 pd=0xe419281dda80
gx10-e146:65:75 [0] NCCL INFO NET/IB: Subnet-aware routing: overriding dev 3 with dev 2
gx10-e146:65:75 [0] NCCL INFO NET/IB: ncclIbReceiverQpsCreateToRts: QP created: port=1 dev=3 devName=roceP2p1s0f1 ndevs=4 nmdevs=4 qp_num=2622 pkey=0 pd=0xe419281dda80 oooRq=0
gx10-e146:65:75 [0] NCCL INFO NET/IB: ncclIbReceiverQpsCreateToRts: Flush QP created: port=1 dev=3 devName=roceP2p1s0f1 ndevs=4 nmdevs=4 qp_num=2623 pkey=0 pd=0xe419281dda80
gx10-e146:65:75 [0] NCCL INFO NET/IB: Subnet-aware routing: overriding dev 1 with dev 0
gx10-e146:65:75 [0] NCCL INFO NET/IB: ncclIbResiliencyInit: Resiliency is disabled on the send communicator (comm=0xe419299c5000)
gx10-e146:65:75 [0] NCCL INFO NET/IB: Subnet-aware routing: overriding dev 3 with dev 2
gx10-e146:65:75 [0] NCCL INFO NET/IB: Subnet-aware routing: overriding dev 1 with dev 0
gx10-e146:65:75 [0] NCCL INFO NET/IB: ncclIbResiliencyInit: Resiliency is disabled on the recv communicator (comm=0xe41929a06000)
gx10-e146:65:75 [0] NCCL INFO NET/IB: ncclIbRecvCommInit: Receive work requests will be posted on-demand
gx10-e146:65:75 [0] NCCL INFO NET/IB: Subnet-aware routing: overriding dev 3 with dev 2
gx10-e146:65:75 [0] NCCL INFO NET/IB: Subnet-aware routing: overriding dev 1 with dev 0
gx10-e146:65:75 [0] NCCL INFO NET/IB: ncclIbResiliencyInit: Resiliency is disabled on the send communicator (comm=0xe41929a4e000)
gx10-e146:65:75 [0] NCCL INFO NET/IB: Subnet-aware routing: overriding dev 3 with dev 2
gx10-e146:65:75 [0] NCCL INFO NET/IB: ncclIbSenderQpsCreate: QP created: port=1 dev=2 devName=roceP2p1s0f0 ndevs=4 nmdevs=4 qp_num=1891 pkey=0 pd=0xe419281e0f80 oooRq=0
gx10-e146:65:75 [0] NCCL INFO NET/IB: ncclIbConnectImpl: NCCL Dev 2 IbDev 2 Port 1 qp_num 1891 mtu 5 GID 3 (0/170A8C0FFFF0000) ctsFifoRkey=0x18706f ctsFifoLkey=0x18706f
gx10-e146:65:75 [0] NCCL INFO NET/IB: ncclIbConnectImpl: IbDev 2 Port 1 qp_num 1891 query_ece={supported=1, vendor_id=0x15b3, options=0x30000002, comp_mask=0x0}
gx10-e146:65:75 [0] NCCL INFO NET/IB: ncclIbSenderQpsCreate: QP created: port=1 dev=0 devName=rocep1s0f0 ndevs=4 nmdevs=4 qp_num=12228 pkey=0 pd=0xe4192807ddd0 oooRq=0
gx10-e146:65:75 [0] NCCL INFO NET/IB: ncclIbConnectImpl: NCCL Dev 0 IbDev 0 Port 1 qp_num 12228 mtu 5 GID 6 (0/166A8C0FFFF0000) ctsFifoRkey=0x1808c1 ctsFifoLkey=0x1808c1
gx10-e146:65:75 [0] NCCL INFO NET/IB: ncclIbConnectImpl: IbDev 0 Port 1 qp_num 12228 query_ece={supported=1, vendor_id=0x15b3, options=0x30000002, comp_mask=0x0}
gx10-e146:65:75 [0] NCCL INFO NET/IB: Subnet-aware routing: overriding dev 1 with dev 0
gx10-e146:65:75 [0] NCCL INFO NET/IB: ncclIbResiliencyInit: Resiliency is disabled on the recv communicator (comm=0xe41929af4000)
gx10-e146:65:75 [0] NCCL INFO NET/IB: ncclIbRecvCommInit: Receive work requests will be posted on-demand
gx10-e146:65:75 [0] NCCL INFO NET/IB: Subnet-aware routing: overriding dev 3 with dev 2
gx10-e146:65:75 [0] NCCL INFO NET/IB: Subnet-aware routing: overriding dev 1 with dev 0
gx10-e146:65:75 [0] NCCL INFO NET/IB: Subnet-aware routing: overriding dev 3 with dev 2
gx10-e146:65:75 [0] NCCL INFO NET/IB: ncclIbResiliencyInit: Resiliency is disabled on the send communicator (comm=0xe41929b3c000)
gx10-e146:65:75 [0] NCCL INFO NET/IB: Subnet-aware routing: overriding dev 3 with dev 2
gx10-e146:65:75 [0] NCCL INFO NET/IB: Subnet-aware routing: overriding dev 1 with dev 0
gx10-e146:65:75 [0] NCCL INFO NET/IB: Subnet-aware routing: overriding dev 3 with dev 2
gx10-e146:65:75 [0] NCCL INFO NET/IB: ncclIbResiliencyInit: Resiliency is disabled on the recv communicator (comm=0xe41929b7d000)
gx10-e146:65:75 [0] NCCL INFO NET/IB: ncclIbRecvCommInit: Receive work requests will be posted on-demand
gx10-e146:65:75 [0] NCCL INFO NET/IB: Subnet-aware routing: overriding dev 3 with dev 2
gx10-e146:65:75 [0] NCCL INFO NET/IB: ncclIbSenderQpsToRts: Set ECE: IbDev 2 Port 1 qp_num 1891 set_ece={supported=1, vendor_id=0x15b3, options=0x30000002, comp_mask=0x0}
gx10-e146:65:75 [0] NCCL INFO NET/IB: ncclIbSenderQpsToRts: Set ECE: IbDev 0 Port 1 qp_num 12228 set_ece={supported=1, vendor_id=0x15b3, options=0x30000002, comp_mask=0x0}
gx10-e146:65:75 [0] NCCL INFO NET/IB: Subnet-aware routing: overriding dev 0 with dev 1
gx10-e146:65:75 [0] NCCL INFO NET/IB: ncclIbReceiverQpsCreateToRts: QP created: port=1 dev=1 devName=rocep1s0f1 ndevs=4 nmdevs=4 qp_num=15546 pkey=0 pd=0xe41928109f50 oooRq=0
gx10-e146:65:75 [0] NCCL INFO NET/IB: ncclIbReceiverQpsCreateToRts: Flush QP created: port=1 dev=1 devName=rocep1s0f1 ndevs=4 nmdevs=4 qp_num=15547 pkey=0 pd=0xe41928109f50
gx10-e146:65:75 [0] NCCL INFO NET/IB: Subnet-aware routing: overriding dev 1 with dev 0
gx10-e146:65:75 [0] NCCL INFO NET/IB: ncclIbSenderQpsCreate: QP created: port=1 dev=0 devName=rocep1s0f0 ndevs=4 nmdevs=4 qp_num=12229 pkey=0 pd=0xe4192807ddd0 oooRq=0
gx10-e146:65:75 [0] NCCL INFO NET/IB: ncclIbConnectImpl: NCCL Dev 0 IbDev 0 Port 1 qp_num 12229 mtu 5 GID 6 (0/166A8C0FFFF0000) ctsFifoRkey=0x153dfb ctsFifoLkey=0x153dfb
gx10-e146:65:75 [0] NCCL INFO NET/IB: ncclIbConnectImpl: IbDev 0 Port 1 qp_num 12229 query_ece={supported=1, vendor_id=0x15b3, options=0x30000002, comp_mask=0x0}
gx10-e146:65:75 [0] NCCL INFO NET/IB: ncclIbReceiverQpsCreateToRts: QP created: port=1 dev=1 devName=rocep1s0f1 ndevs=4 nmdevs=4 qp_num=15548 pkey=0 pd=0xe41928109f50 oooRq=0
gx10-e146:65:75 [0] NCCL INFO NET/IB: ncclIbReceiverQpsCreateToRts: Flush QP created: port=1 dev=1 devName=rocep1s0f1 ndevs=4 nmdevs=4 qp_num=15549 pkey=0 pd=0xe41928109f50
gx10-e146:65:75 [0] NCCL INFO NET/IB: Subnet-aware routing: overriding dev 3 with dev 2
gx10-e146:65:75 [0] NCCL INFO NET/IB: ncclIbResiliencyInit: Resiliency is disabled on the send communicator (comm=0xe41929c96000)
gx10-e146:65:75 [0] NCCL INFO NET/IB: Subnet-aware routing: overriding dev 1 with dev 0
gx10-e146:65:75 [0] NCCL INFO NET/IB: Subnet-aware routing: overriding dev 3 with dev 2
gx10-e146:65:75 [0] NCCL INFO NET/IB: ncclIbResiliencyInit: Resiliency is disabled on the recv communicator (comm=0xe41929cd7000)
gx10-e146:65:75 [0] NCCL INFO NET/IB: ncclIbRecvCommInit: Receive work requests will be posted on-demand
gx10-e146:65:75 [0] NCCL INFO NET/IB: Subnet-aware routing: overriding dev 1 with dev 0
gx10-e146:65:75 [0] NCCL INFO NET/IB: Subnet-aware routing: overriding dev 3 with dev 2
gx10-e146:65:75 [0] NCCL INFO NET/IB: Subnet-aware routing: overriding dev 1 with dev 0
gx10-e146:65:75 [0] NCCL INFO NET/IB: ncclIbResiliencyInit: Resiliency is disabled on the send communicator (comm=0xe41929d1f000)
gx10-e146:65:75 [0] NCCL INFO NET/IB: Subnet-aware routing: overriding dev 1 with dev 0
gx10-e146:65:75 [0] NCCL INFO NET/IB: ncclIbSenderQpsToRts: Set ECE: IbDev 0 Port 1 qp_num 12229 set_ece={supported=1, vendor_id=0x15b3, options=0x30000002, comp_mask=0x0}
gx10-e146:65:75 [0] NCCL INFO NET/IB: ncclIbSenderQpsCreate: QP created: port=1 dev=2 devName=roceP2p1s0f0 ndevs=4 nmdevs=4 qp_num=1892 pkey=0 pd=0xe419281e0f80 oooRq=0
gx10-e146:65:75 [0] NCCL INFO NET/IB: ncclIbConnectImpl: NCCL Dev 2 IbDev 2 Port 1 qp_num 1892 mtu 5 GID 3 (0/170A8C0FFFF0000) ctsFifoRkey=0x19b5b0 ctsFifoLkey=0x19b5b0
gx10-e146:65:75 [0] NCCL INFO NET/IB: ncclIbConnectImpl: IbDev 2 Port 1 qp_num 1892 query_ece={supported=1, vendor_id=0x15b3, options=0x30000002, comp_mask=0x0}
gx10-e146:65:75 [0] NCCL INFO NET/IB: Subnet-aware routing: overriding dev 3 with dev 2
gx10-e146:65:75 [0] NCCL INFO NET/IB: ncclIbSenderQpsCreate: QP created: port=1 dev=2 devName=roceP2p1s0f0 ndevs=4 nmdevs=4 qp_num=1893 pkey=0 pd=0xe419281e0f80 oooRq=0
gx10-e146:65:75 [0] NCCL INFO NET/IB: ncclIbConnectImpl: NCCL Dev 2 IbDev 2 Port 1 qp_num 1893 mtu 5 GID 3 (0/170A8C0FFFF0000) ctsFifoRkey=0x187978 ctsFifoLkey=0x187978
gx10-e146:65:75 [0] NCCL INFO NET/IB: ncclIbConnectImpl: IbDev 2 Port 1 qp_num 1893 query_ece={supported=1, vendor_id=0x15b3, options=0x30000002, comp_mask=0x0}
gx10-e146:65:75 [0] NCCL INFO NET/IB: Subnet-aware routing: overriding dev 1 with dev 0
gx10-e146:65:75 [0] NCCL INFO NET/IB: ncclIbResiliencyInit: Resiliency is disabled on the recv communicator (comm=0xe41929dc1000)
gx10-e146:65:75 [0] NCCL INFO NET/IB: ncclIbRecvCommInit: Receive work requests will be posted on-demand
gx10-e146:65:75 [0] NCCL INFO NET/IB: Subnet-aware routing: overriding dev 2 with dev 3
gx10-e146:65:75 [0] NCCL INFO NET/IB: ncclIbReceiverQpsCreateToRts: QP created: port=1 dev=3 devName=roceP2p1s0f1 ndevs=4 nmdevs=4 qp_num=2624 pkey=0 pd=0xe419281dda80 oooRq=0
gx10-e146:65:75 [0] NCCL INFO NET/IB: ncclIbReceiverQpsCreateToRts: Flush QP created: port=1 dev=3 devName=roceP2p1s0f1 ndevs=4 nmdevs=4 qp_num=2625 pkey=0 pd=0xe419281dda80
gx10-e146:65:75 [0] NCCL INFO NET/IB: Subnet-aware routing: overriding dev 3 with dev 2
gx10-e146:65:75 [0] NCCL INFO NET/IB: ncclIbReceiverQpsCreateToRts: QP created: port=1 dev=3 devName=roceP2p1s0f1 ndevs=4 nmdevs=4 qp_num=2626 pkey=0 pd=0xe419281dda80 oooRq=0
gx10-e146:65:75 [0] NCCL INFO NET/IB: ncclIbReceiverQpsCreateToRts: Flush QP created: port=1 dev=3 devName=roceP2p1s0f1 ndevs=4 nmdevs=4 qp_num=2627 pkey=0 pd=0xe419281dda80
gx10-e146:65:75 [0] NCCL INFO NET/IB: Subnet-aware routing: overriding dev 1 with dev 0
gx10-e146:65:75 [0] NCCL INFO NET/IB: ncclIbResiliencyInit: Resiliency is disabled on the send communicator (comm=0xe41929eac000)
gx10-e146:65:75 [0] NCCL INFO NET/IB: ncclIbSenderQpsToRts: Set ECE: IbDev 2 Port 1 qp_num 1892 set_ece={supported=1, vendor_id=0x15b3, options=0x30000002, comp_mask=0x0}
gx10-e146:65:75 [0] NCCL INFO NET/IB: Subnet-aware routing: overriding dev 3 with dev 2
gx10-e146:65:75 [0] NCCL INFO NET/IB: ncclIbSenderQpsToRts: Set ECE: IbDev 2 Port 1 qp_num 1893 set_ece={supported=1, vendor_id=0x15b3, options=0x30000002, comp_mask=0x0}
gx10-e146:65:75 [0] NCCL INFO NET/IB: ncclIbSenderQpsCreate: QP created: port=1 dev=0 devName=rocep1s0f0 ndevs=4 nmdevs=4 qp_num=12230 pkey=0 pd=0xe4192807ddd0 oooRq=0
gx10-e146:65:75 [0] NCCL INFO NET/IB: ncclIbConnectImpl: NCCL Dev 0 IbDev 0 Port 1 qp_num 12230 mtu 5 GID 6 (0/166A8C0FFFF0000) ctsFifoRkey=0x176c2a ctsFifoLkey=0x176c2a
gx10-e146:65:75 [0] NCCL INFO NET/IB: ncclIbConnectImpl: IbDev 0 Port 1 qp_num 12230 query_ece={supported=1, vendor_id=0x15b3, options=0x30000002, comp_mask=0x0}
gx10-e146:65:75 [0] NCCL INFO NET/IB: Subnet-aware routing: overriding dev 0 with dev 1
gx10-e146:65:75 [0] NCCL INFO NET/IB: ncclIbReceiverQpsCreateToRts: QP created: port=1 dev=1 devName=rocep1s0f1 ndevs=4 nmdevs=4 qp_num=15550 pkey=0 pd=0xe41928109f50 oooRq=0
gx10-e146:65:75 [0] NCCL INFO NET/IB: ncclIbReceiverQpsCreateToRts: Flush QP created: port=1 dev=1 devName=rocep1s0f1 ndevs=4 nmdevs=4 qp_num=15551 pkey=0 pd=0xe41928109f50
gx10-e146:65:75 [0] NCCL INFO NET/IB: Subnet-aware routing: overriding dev 1 with dev 0
gx10-e146:65:75 [0] NCCL INFO NET/IB: ncclIbResiliencyInit: Resiliency is disabled on the recv communicator (comm=0xe41929f6b000)
gx10-e146:65:75 [0] NCCL INFO NET/IB: ncclIbRecvCommInit: Receive work requests will be posted on-demand
gx10-e146:65:75 [0] NCCL INFO NET/IB: Subnet-aware routing: overriding dev 1 with dev 0
gx10-e146:65:75 [0] NCCL INFO NET/IB: Subnet-aware routing: overriding dev 3 with dev 2
gx10-e146:65:75 [0] NCCL INFO NET/IB: ncclIbResiliencyInit: Resiliency is disabled on the send communicator (comm=0xe41929fb3000)
gx10-e146:65:75 [0] NCCL INFO NET/IB: Subnet-aware routing: overriding dev 1 with dev 0
gx10-e146:65:75 [0] NCCL INFO NET/IB: Subnet-aware routing: overriding dev 3 with dev 2
gx10-e146:65:75 [0] NCCL INFO NET/IB: ncclIbResiliencyInit: Resiliency is disabled on the recv communicator (comm=0xe41929ff7000)
gx10-e146:65:75 [0] NCCL INFO NET/IB: ncclIbRecvCommInit: Receive work requests will be posted on-demand
gx10-e146:65:75 [0] NCCL INFO NET/IB: Subnet-aware routing: overriding dev 1 with dev 0
gx10-e146:65:75 [0] NCCL INFO NET/IB: ncclIbSenderQpsCreate: QP created: port=1 dev=0 devName=rocep1s0f0 ndevs=4 nmdevs=4 qp_num=12231 pkey=0 pd=0xe4192807ddd0 oooRq=0
gx10-e146:65:75 [0] NCCL INFO NET/IB: ncclIbConnectImpl: NCCL Dev 0 IbDev 0 Port 1 qp_num 12231 mtu 5 GID 6 (0/166A8C0FFFF0000) ctsFifoRkey=0x178f4d ctsFifoLkey=0x178f4d
gx10-e146:65:75 [0] NCCL INFO NET/IB: ncclIbConnectImpl: IbDev 0 Port 1 qp_num 12231 query_ece={supported=1, vendor_id=0x15b3, options=0x30000002, comp_mask=0x0}
gx10-e146:65:75 [0] NCCL INFO NET/IB: Subnet-aware routing: overriding dev 3 with dev 2
gx10-e146:65:75 [0] NCCL INFO NET/IB: ncclIbResiliencyInit: Resiliency is disabled on the send communicator (comm=0xe4192a06d000)
gx10-e146:65:75 [0] NCCL INFO NET/IB: ncclIbSenderQpsToRts: Set ECE: IbDev 0 Port 1 qp_num 12230 set_ece={supported=1, vendor_id=0x15b3, options=0x30000002, comp_mask=0x0}
gx10-e146:65:75 [0] NCCL INFO NET/IB: Subnet-aware routing: overriding dev 1 with dev 0
gx10-e146:65:75 [0] NCCL INFO NET/IB: ncclIbSenderQpsToRts: Set ECE: IbDev 0 Port 1 qp_num 12231 set_ece={supported=1, vendor_id=0x15b3, options=0x30000002, comp_mask=0x0}
gx10-e146:65:75 [0] NCCL INFO NET/IB: ncclIbSenderQpsCreate: QP created: port=1 dev=2 devName=roceP2p1s0f0 ndevs=4 nmdevs=4 qp_num=1894 pkey=0 pd=0xe419281e0f80 oooRq=0
gx10-e146:65:75 [0] NCCL INFO NET/IB: ncclIbConnectImpl: NCCL Dev 2 IbDev 2 Port 1 qp_num 1894 mtu 5 GID 3 (0/170A8C0FFFF0000) ctsFifoRkey=0x188584 ctsFifoLkey=0x188584
gx10-e146:65:75 [0] NCCL INFO NET/IB: ncclIbConnectImpl: IbDev 2 Port 1 qp_num 1894 query_ece={supported=1, vendor_id=0x15b3, options=0x30000002, comp_mask=0x0}
gx10-e146:65:75 [0] NCCL INFO NET/IB: Subnet-aware routing: overriding dev 3 with dev 2
gx10-e146:65:75 [0] NCCL INFO NET/IB: ncclIbResiliencyInit: Resiliency is disabled on the recv communicator (comm=0xe4192a0df000)
gx10-e146:65:75 [0] NCCL INFO NET/IB: ncclIbRecvCommInit: Receive work requests will be posted on-demand
gx10-e146:65:75 [0] NCCL INFO NET/IB: Subnet-aware routing: overriding dev 3 with dev 2
gx10-e146:65:75 [0] NCCL INFO NET/IB: Subnet-aware routing: overriding dev 1 with dev 0
gx10-e146:65:75 [0] NCCL INFO NET/IB: ncclIbResiliencyInit: Resiliency is disabled on the send communicator (comm=0xe4192a127000)
gx10-e146:65:75 [0] NCCL INFO NET/IB: ncclIbReceiverQpsCreateToRts: QP created: port=1 dev=1 devName=rocep1s0f1 ndevs=4 nmdevs=4 qp_num=15552 pkey=0 pd=0xe41928109f50 oooRq=0
gx10-e146:65:75 [0] NCCL INFO NET/IB: ncclIbReceiverQpsCreateToRts: Flush QP created: port=1 dev=1 devName=rocep1s0f1 ndevs=4 nmdevs=4 qp_num=15553 pkey=0 pd=0xe41928109f50
gx10-e146:65:75 [0] NCCL INFO NET/IB: Subnet-aware routing: overriding dev 2 with dev 3
gx10-e146:65:75 [0] NCCL INFO NET/IB: ncclIbReceiverQpsCreateToRts: QP created: port=1 dev=3 devName=roceP2p1s0f1 ndevs=4 nmdevs=4 qp_num=2628 pkey=0 pd=0xe419281dda80 oooRq=0
gx10-e146:65:75 [0] NCCL INFO NET/IB: ncclIbReceiverQpsCreateToRts: Flush QP created: port=1 dev=3 devName=roceP2p1s0f1 ndevs=4 nmdevs=4 qp_num=2629 pkey=0 pd=0xe419281dda80
gx10-e146:65:75 [0] NCCL INFO NET/IB: Subnet-aware routing: overriding dev 3 with dev 2
gx10-e146:65:75 [0] NCCL INFO NET/IB: ncclIbReceiverQpsCreateToRts: QP created: port=1 dev=3 devName=roceP2p1s0f1 ndevs=4 nmdevs=4 qp_num=2630 pkey=0 pd=0xe419281dda80 oooRq=0
gx10-e146:65:75 [0] NCCL INFO NET/IB: ncclIbReceiverQpsCreateToRts: Flush QP created: port=1 dev=3 devName=roceP2p1s0f1 ndevs=4 nmdevs=4 qp_num=2631 pkey=0 pd=0xe419281dda80
gx10-e146:65:75 [0] NCCL INFO NET/IB: Subnet-aware routing: overriding dev 1 with dev 0
gx10-e146:65:75 [0] NCCL INFO NET/IB: ncclIbResiliencyInit: Resiliency is disabled on the recv communicator (comm=0xe4192a25b000)
gx10-e146:65:75 [0] NCCL INFO NET/IB: ncclIbRecvCommInit: Receive work requests will be posted on-demand
gx10-e146:65:75 [0] NCCL INFO NET/IB: ncclIbSenderQpsToRts: Set ECE: IbDev 2 Port 1 qp_num 1894 set_ece={supported=1, vendor_id=0x15b3, options=0x30000002, comp_mask=0x0}
gx10-e146:65:75 [0] NCCL INFO NET/IB: Subnet-aware routing: overriding dev 3 with dev 2
gx10-e146:65:75 [0] NCCL INFO NET/IB: ncclIbSenderQpsCreate: QP created: port=1 dev=2 devName=roceP2p1s0f0 ndevs=4 nmdevs=4 qp_num=1895 pkey=0 pd=0xe419281e0f80 oooRq=0
gx10-e146:65:75 [0] NCCL INFO NET/IB: ncclIbConnectImpl: NCCL Dev 2 IbDev 2 Port 1 qp_num 1895 mtu 5 GID 3 (0/170A8C0FFFF0000) ctsFifoRkey=0x18acaa ctsFifoLkey=0x18acaa
gx10-e146:65:75 [0] NCCL INFO NET/IB: ncclIbConnectImpl: IbDev 2 Port 1 qp_num 1895 query_ece={supported=1, vendor_id=0x15b3, options=0x30000002, comp_mask=0x0}
gx10-e146:65:75 [0] NCCL INFO NET/IB: ncclIbSenderQpsCreate: QP created: port=1 dev=0 devName=rocep1s0f0 ndevs=4 nmdevs=4 qp_num=12232 pkey=0 pd=0xe4192807ddd0 oooRq=0
gx10-e146:65:75 [0] NCCL INFO NET/IB: ncclIbConnectImpl: NCCL Dev 0 IbDev 0 Port 1 qp_num 12232 mtu 5 GID 6 (0/166A8C0FFFF0000) ctsFifoRkey=0x15b673 ctsFifoLkey=0x15b673
gx10-e146:65:75 [0] NCCL INFO NET/IB: ncclIbConnectImpl: IbDev 0 Port 1 qp_num 12232 query_ece={supported=1, vendor_id=0x15b3, options=0x30000002, comp_mask=0x0}
gx10-e146:65:75 [0] NCCL INFO NET/IB: Subnet-aware routing: overriding dev 1 with dev 0
gx10-e146:65:75 [0] NCCL INFO NET/IB: ncclIbResiliencyInit: Resiliency is disabled on the send communicator (comm=0xe4192a2ff000)
gx10-e146:65:75 [0] NCCL INFO NET/IB: Subnet-aware routing: overriding dev 3 with dev 2
gx10-e146:65:75 [0] NCCL INFO NET/IB: Subnet-aware routing: overriding dev 1 with dev 0
gx10-e146:65:75 [0] NCCL INFO NET/IB: ncclIbResiliencyInit: Resiliency is disabled on the recv communicator (comm=0xe4192a343000)
gx10-e146:65:75 [0] NCCL INFO NET/IB: ncclIbRecvCommInit: Receive work requests will be posted on-demand
gx10-e146:65:75 [0] NCCL INFO NET/IB: Subnet-aware routing: overriding dev 3 with dev 2
gx10-e146:65:75 [0] NCCL INFO NET/IB: Subnet-aware routing: overriding dev 1 with dev 0
gx10-e146:65:75 [0] NCCL INFO NET/IB: Subnet-aware routing: overriding dev 3 with dev 2
gx10-e146:65:75 [0] NCCL INFO NET/IB: ncclIbResiliencyInit: Resiliency is disabled on the send communicator (comm=0xe4192a38b000)
gx10-e146:65:75 [0] NCCL INFO NET/IB: Subnet-aware routing: overriding dev 3 with dev 2
gx10-e146:65:75 [0] NCCL INFO NET/IB: Subnet-aware routing: overriding dev 1 with dev 0
gx10-e146:65:75 [0] NCCL INFO NET/IB: Subnet-aware routing: overriding dev 3 with dev 2
gx10-e146:65:75 [0] NCCL INFO NET/IB: ncclIbResiliencyInit: Resiliency is disabled on the recv communicator (comm=0xe4192a3cf000)
gx10-e146:65:75 [0] NCCL INFO NET/IB: ncclIbRecvCommInit: Receive work requests will be posted on-demand
gx10-e146:65:75 [0] NCCL INFO NET/IB: Subnet-aware routing: overriding dev 3 with dev 2
gx10-e146:65:75 [0] NCCL INFO NET/IB: ncclIbSenderQpsToRts: Set ECE: IbDev 2 Port 1 qp_num 1895 set_ece={supported=1, vendor_id=0x15b3, options=0x30000002, comp_mask=0x0}
gx10-e146:65:75 [0] NCCL INFO NET/IB: Subnet-aware routing: overriding dev 0 with dev 1
gx10-e146:65:75 [0] NCCL INFO NET/IB: ncclIbReceiverQpsCreateToRts: QP created: port=1 dev=1 devName=rocep1s0f1 ndevs=4 nmdevs=4 qp_num=15554 pkey=0 pd=0xe41928109f50 oooRq=0
gx10-e146:65:75 [0] NCCL INFO NET/IB: ncclIbReceiverQpsCreateToRts: Flush QP created: port=1 dev=1 devName=rocep1s0f1 ndevs=4 nmdevs=4 qp_num=15555 pkey=0 pd=0xe41928109f50
gx10-e146:65:75 [0] NCCL INFO NET/IB: Subnet-aware routing: overriding dev 1 with dev 0
gx10-e146:65:75 [0] NCCL INFO NET/IB: ncclIbSenderQpsCreate: QP created: port=1 dev=0 devName=rocep1s0f0 ndevs=4 nmdevs=4 qp_num=12233 pkey=0 pd=0xe4192807ddd0 oooRq=0
gx10-e146:65:75 [0] NCCL INFO NET/IB: ncclIbConnectImpl: NCCL Dev 0 IbDev 0 Port 1 qp_num 12233 mtu 5 GID 6 (0/166A8C0FFFF0000) ctsFifoRkey=0x17d592 ctsFifoLkey=0x17d592
gx10-e146:65:75 [0] NCCL INFO NET/IB: ncclIbConnectImpl: IbDev 0 Port 1 qp_num 12233 query_ece={supported=1, vendor_id=0x15b3, options=0x30000002, comp_mask=0x0}
gx10-e146:65:75 [0] NCCL INFO NET/IB: Subnet-aware routing: overriding dev 3 with dev 2
gx10-e146:65:75 [0] NCCL INFO NET/IB: ncclIbResiliencyInit: Resiliency is disabled on the send communicator (comm=0xe4192a495000)
gx10-e146:65:75 [0] NCCL INFO NET/IB: ncclIbSenderQpsToRts: Set ECE: IbDev 0 Port 1 qp_num 12232 set_ece={supported=1, vendor_id=0x15b3, options=0x30000002, comp_mask=0x0}
gx10-e146:65:75 [0] NCCL INFO NET/IB: Subnet-aware routing: overriding dev 1 with dev 0
gx10-e146:65:75 [0] NCCL INFO NET/IB: Subnet-aware routing: overriding dev 3 with dev 2
gx10-e146:65:75 [0] NCCL INFO NET/IB: ncclIbResiliencyInit: Resiliency is disabled on the recv communicator (comm=0xe4192a4d6000)
gx10-e146:65:75 [0] NCCL INFO NET/IB: ncclIbRecvCommInit: Receive work requests will be posted on-demand
gx10-e146:65:75 [0] NCCL INFO NET/IB: Subnet-aware routing: overriding dev 1 with dev 0
gx10-e146:65:75 [0] NCCL INFO NET/IB: ncclIbReceiverQpsCreateToRts: QP created: port=1 dev=1 devName=rocep1s0f1 ndevs=4 nmdevs=4 qp_num=15556 pkey=0 pd=0xe41928109f50 oooRq=0
gx10-e146:65:75 [0] NCCL INFO NET/IB: ncclIbReceiverQpsCreateToRts: Flush QP created: port=1 dev=1 devName=rocep1s0f1 ndevs=4 nmdevs=4 qp_num=15557 pkey=0 pd=0xe41928109f50
gx10-e146:65:75 [0] NCCL INFO NET/IB: Subnet-aware routing: overriding dev 3 with dev 2
gx10-e146:65:75 [0] NCCL INFO NET/IB: Subnet-aware routing: overriding dev 1 with dev 0
gx10-e146:65:75 [0] NCCL INFO NET/IB: ncclIbResiliencyInit: Resiliency is disabled on the send communicator (comm=0xe4192a56c000)
gx10-e146:65:75 [0] NCCL INFO NET/IB: Subnet-aware routing: overriding dev 1 with dev 0
gx10-e146:65:75 [0] NCCL INFO NET/IB: Subnet-aware routing: overriding dev 3 with dev 2
gx10-e146:65:75 [0] NCCL INFO NET/IB: Subnet-aware routing: overriding dev 1 with dev 0
gx10-e146:65:75 [0] NCCL INFO NET/IB: ncclIbResiliencyInit: Resiliency is disabled on the recv communicator (comm=0xe4192a5b0000)
gx10-e146:65:75 [0] NCCL INFO NET/IB: ncclIbRecvCommInit: Receive work requests will be posted on-demand
gx10-e146:65:75 [0] NCCL INFO NET/IB: Subnet-aware routing: overriding dev 1 with dev 0
gx10-e146:65:75 [0] NCCL INFO NET/IB: Subnet-aware routing: overriding dev 2 with dev 3
gx10-e146:65:75 [0] NCCL INFO NET/IB: ncclIbReceiverQpsCreateToRts: QP created: port=1 dev=3 devName=roceP2p1s0f1 ndevs=4 nmdevs=4 qp_num=2632 pkey=0 pd=0xe419281dda80 oooRq=0
gx10-e146:65:75 [0] NCCL INFO NET/IB: ncclIbReceiverQpsCreateToRts: Flush QP created: port=1 dev=3 devName=roceP2p1s0f1 ndevs=4 nmdevs=4 qp_num=2633 pkey=0 pd=0xe419281dda80
gx10-e146:65:75 [0] NCCL INFO NET/IB: Subnet-aware routing: overriding dev 3 with dev 2
gx10-e146:65:75 [0] NCCL INFO NET/IB: ncclIbSenderQpsCreate: QP created: port=1 dev=2 devName=roceP2p1s0f0 ndevs=4 nmdevs=4 qp_num=1896 pkey=0 pd=0xe419281e0f80 oooRq=0
gx10-e146:65:75 [0] NCCL INFO NET/IB: ncclIbConnectImpl: NCCL Dev 2 IbDev 2 Port 1 qp_num 1896 mtu 5 GID 3 (0/170A8C0FFFF0000) ctsFifoRkey=0x18958f ctsFifoLkey=0x18958f
gx10-e146:65:75 [0] NCCL INFO NET/IB: ncclIbConnectImpl: IbDev 2 Port 1 qp_num 1896 query_ece={supported=1, vendor_id=0x15b3, options=0x30000002, comp_mask=0x0}
gx10-e146:65:75 [0] NCCL INFO NET/IB: Subnet-aware routing: overriding dev 1 with dev 0
gx10-e146:65:75 [0] NCCL INFO NET/IB: ncclIbResiliencyInit: Resiliency is disabled on the send communicator (comm=0xe4192a678000)
gx10-e146:65:75 [0] NCCL INFO NET/IB: Subnet-aware routing: overriding dev 1 with dev 0
gx10-e146:65:75 [0] NCCL INFO NET/IB: ncclIbSenderQpsToRts: Set ECE: IbDev 0 Port 1 qp_num 12233 set_ece={supported=1, vendor_id=0x15b3, options=0x30000002, comp_mask=0x0}
gx10-e146:65:75 [0] NCCL INFO NET/IB: ncclIbSenderQpsCreate: QP created: port=1 dev=2 devName=roceP2p1s0f0 ndevs=4 nmdevs=4 qp_num=1897 pkey=0 pd=0xe419281e0f80 oooRq=0
gx10-e146:65:75 [0] NCCL INFO NET/IB: ncclIbConnectImpl: NCCL Dev 2 IbDev 2 Port 1 qp_num 1897 mtu 5 GID 3 (0/170A8C0FFFF0000) ctsFifoRkey=0x18c4c2 ctsFifoLkey=0x18c4c2
gx10-e146:65:75 [0] NCCL INFO NET/IB: ncclIbConnectImpl: IbDev 2 Port 1 qp_num 1897 query_ece={supported=1, vendor_id=0x15b3, options=0x30000002, comp_mask=0x0}
gx10-e146:65:75 [0] NCCL INFO NET/IB: Subnet-aware routing: overriding dev 3 with dev 2
gx10-e146:65:75 [0] NCCL INFO NET/IB: ncclIbSenderQpsToRts: Set ECE: IbDev 2 Port 1 qp_num 1896 set_ece={supported=1, vendor_id=0x15b3, options=0x30000002, comp_mask=0x0}
gx10-e146:65:75 [0] NCCL INFO NET/IB: ncclIbSenderQpsCreate: QP created: port=1 dev=0 devName=rocep1s0f0 ndevs=4 nmdevs=4 qp_num=12234 pkey=0 pd=0xe4192807ddd0 oooRq=0
gx10-e146:65:75 [0] NCCL INFO NET/IB: ncclIbConnectImpl: NCCL Dev 0 IbDev 0 Port 1 qp_num 12234 mtu 5 GID 6 (0/166A8C0FFFF0000) ctsFifoRkey=0x15f9b6 ctsFifoLkey=0x15f9b6
gx10-e146:65:75 [0] NCCL INFO NET/IB: ncclIbConnectImpl: IbDev 0 Port 1 qp_num 12234 query_ece={supported=1, vendor_id=0x15b3, options=0x30000002, comp_mask=0x0}
gx10-e146:65:75 [0] NCCL INFO NET/IB: Subnet-aware routing: overriding dev 1 with dev 0
gx10-e146:65:75 [0] NCCL INFO NET/IB: ncclIbResiliencyInit: Resiliency is disabled on the recv communicator (comm=0xe4192a71a000)
gx10-e146:65:75 [0] NCCL INFO NET/IB: ncclIbRecvCommInit: Receive work requests will be posted on-demand
gx10-e146:65:75 [0] NCCL INFO NET/IB: Subnet-aware routing: overriding dev 1 with dev 0
gx10-e146:65:75 [0] NCCL INFO NET/IB: Subnet-aware routing: overriding dev 3 with dev 2
gx10-e146:65:75 [0] NCCL INFO NET/IB: ncclIbResiliencyInit: Resiliency is disabled on the send communicator (comm=0xe4192a762000)
gx10-e146:65:75 [0] NCCL INFO NET/IB: ncclIbSenderQpsToRts: Set ECE: IbDev 2 Port 1 qp_num 1897 set_ece={supported=1, vendor_id=0x15b3, options=0x30000002, comp_mask=0x0}
gx10-e146:65:75 [0] NCCL INFO NET/IB: Subnet-aware routing: overriding dev 1 with dev 0
gx10-e146:65:75 [0] NCCL INFO NET/IB: Subnet-aware routing: overriding dev 3 with dev 2
gx10-e146:65:75 [0] NCCL INFO NET/IB: ncclIbResiliencyInit: Resiliency is disabled on the recv communicator (comm=0xe4192a7a6000)
gx10-e146:65:75 [0] NCCL INFO NET/IB: ncclIbRecvCommInit: Receive work requests will be posted on-demand
gx10-e146:65:75 [0] NCCL INFO NET/IB: Subnet-aware routing: overriding dev 1 with dev 0
gx10-e146:65:75 [0] NCCL INFO NET/IB: Subnet-aware routing: overriding dev 3 with dev 2
gx10-e146:65:75 [0] NCCL INFO NET/IB: ncclIbResiliencyInit: Resiliency is disabled on the send communicator (comm=0xe4192a7ee000)
gx10-e146:65:75 [0] NCCL INFO NET/IB: ncclIbReceiverQpsCreateToRts: QP created: port=1 dev=3 devName=roceP2p1s0f1 ndevs=4 nmdevs=4 qp_num=2634 pkey=0 pd=0xe419281dda80 oooRq=0
gx10-e146:65:75 [0] NCCL INFO NET/IB: ncclIbReceiverQpsCreateToRts: Flush QP created: port=1 dev=3 devName=roceP2p1s0f1 ndevs=4 nmdevs=4 qp_num=2635 pkey=0 pd=0xe419281dda80
gx10-e146:65:75 [0] NCCL INFO NET/IB: ncclIbSenderQpsToRts: Set ECE: IbDev 0 Port 1 qp_num 12234 set_ece={supported=1, vendor_id=0x15b3, options=0x30000002, comp_mask=0x0}
gx10-e146:65:75 [0] NCCL INFO NET/IB: Subnet-aware routing: overriding dev 0 with dev 1
gx10-e146:65:75 [0] NCCL INFO NET/IB: ncclIbReceiverQpsCreateToRts: QP created: port=1 dev=1 devName=rocep1s0f1 ndevs=4 nmdevs=4 qp_num=15558 pkey=0 pd=0xe41928109f50 oooRq=0
gx10-e146:65:75 [0] NCCL INFO NET/IB: ncclIbReceiverQpsCreateToRts: Flush QP created: port=1 dev=1 devName=rocep1s0f1 ndevs=4 nmdevs=4 qp_num=15559 pkey=0 pd=0xe41928109f50
gx10-e146:65:75 [0] NCCL INFO NET/IB: Subnet-aware routing: overriding dev 1 with dev 0
gx10-e146:65:75 [0] NCCL INFO NET/IB: ncclIbSenderQpsCreate: QP created: port=1 dev=0 devName=rocep1s0f0 ndevs=4 nmdevs=4 qp_num=12235 pkey=0 pd=0xe4192807ddd0 oooRq=0
gx10-e146:65:75 [0] NCCL INFO NET/IB: ncclIbConnectImpl: NCCL Dev 0 IbDev 0 Port 1 qp_num 12235 mtu 5 GID 6 (0/166A8C0FFFF0000) ctsFifoRkey=0x15be7a ctsFifoLkey=0x15be7a
gx10-e146:65:75 [0] NCCL INFO NET/IB: ncclIbConnectImpl: IbDev 0 Port 1 qp_num 12235 query_ece={supported=1, vendor_id=0x15b3, options=0x30000002, comp_mask=0x0}
gx10-e146:65:75 [0] NCCL INFO NET/IB: ncclIbReceiverQpsCreateToRts: QP created: port=1 dev=1 devName=rocep1s0f1 ndevs=4 nmdevs=4 qp_num=15560 pkey=0 pd=0xe41928109f50 oooRq=0
gx10-e146:65:75 [0] NCCL INFO NET/IB: ncclIbReceiverQpsCreateToRts: Flush QP created: port=1 dev=1 devName=rocep1s0f1 ndevs=4 nmdevs=4 qp_num=15561 pkey=0 pd=0xe41928109f50
gx10-e146:65:75 [0] NCCL INFO NET/IB: Subnet-aware routing: overriding dev 3 with dev 2
gx10-e146:65:75 [0] NCCL INFO NET/IB: ncclIbResiliencyInit: Resiliency is disabled on the recv communicator (comm=0xe4192a951000)
gx10-e146:65:75 [0] NCCL INFO NET/IB: ncclIbRecvCommInit: Receive work requests will be posted on-demand
gx10-e146:65:75 [0] NCCL INFO NET/IB: Subnet-aware routing: overriding dev 1 with dev 0
gx10-e146:65:75 [0] NCCL INFO NET/IB: ncclIbSenderQpsToRts: Set ECE: IbDev 0 Port 1 qp_num 12235 set_ece={supported=1, vendor_id=0x15b3, options=0x30000002, comp_mask=0x0}
gx10-e146:65:75 [0] NCCL INFO NET/IB: ncclIbSenderQpsCreate: QP created: port=1 dev=2 devName=roceP2p1s0f0 ndevs=4 nmdevs=4 qp_num=1898 pkey=0 pd=0xe419281e0f80 oooRq=0
gx10-e146:65:75 [0] NCCL INFO NET/IB: ncclIbConnectImpl: NCCL Dev 2 IbDev 2 Port 1 qp_num 1898 mtu 5 GID 3 (0/170A8C0FFFF0000) ctsFifoRkey=0x1cc9b2 ctsFifoLkey=0x1cc9b2
gx10-e146:65:75 [0] NCCL INFO NET/IB: ncclIbConnectImpl: IbDev 2 Port 1 qp_num 1898 query_ece={supported=1, vendor_id=0x15b3, options=0x30000002, comp_mask=0x0}
gx10-e146:65:75 [0] NCCL INFO NET/IB: Subnet-aware routing: overriding dev 3 with dev 2
gx10-e146:65:75 [0] NCCL INFO NET/IB: Subnet-aware routing: overriding dev 1 with dev 0
gx10-e146:65:75 [0] NCCL INFO NET/IB: ncclIbResiliencyInit: Resiliency is disabled on the send communicator (comm=0xe4192a9c7000)
gx10-e146:65:75 [0] NCCL INFO NET/IB: Subnet-aware routing: overriding dev 3 with dev 2
gx10-e146:65:75 [0] NCCL INFO NET/IB: Subnet-aware routing: overriding dev 1 with dev 0
gx10-e146:65:75 [0] NCCL INFO NET/IB: ncclIbResiliencyInit: Resiliency is disabled on the recv communicator (comm=0xe4192aa08000)
gx10-e146:65:75 [0] NCCL INFO NET/IB: ncclIbRecvCommInit: Receive work requests will be posted on-demand
gx10-e146:65:75 [0] NCCL INFO NET/IB: ncclIbSenderQpsToRts: Set ECE: IbDev 2 Port 1 qp_num 1898 set_ece={supported=1, vendor_id=0x15b3, options=0x30000002, comp_mask=0x0}
gx10-e146:65:75 [0] NCCL INFO NET/IB: Subnet-aware routing: overriding dev 2 with dev 3
gx10-e146:65:75 [0] NCCL INFO NET/IB: ncclIbReceiverQpsCreateToRts: QP created: port=1 dev=3 devName=roceP2p1s0f1 ndevs=4 nmdevs=4 qp_num=2636 pkey=0 pd=0xe419281dda80 oooRq=0
gx10-e146:65:75 [0] NCCL INFO NET/IB: ncclIbReceiverQpsCreateToRts: Flush QP created: port=1 dev=3 devName=roceP2p1s0f1 ndevs=4 nmdevs=4 qp_num=2637 pkey=0 pd=0xe419281dda80
gx10-e146:65:75 [0] NCCL INFO NET/IB: Subnet-aware routing: overriding dev 3 with dev 2
gx10-e146:65:75 [0] NCCL INFO NET/IB: ncclIbSenderQpsCreate: QP created: port=1 dev=2 devName=roceP2p1s0f0 ndevs=4 nmdevs=4 qp_num=1899 pkey=0 pd=0xe419281e0f80 oooRq=0
gx10-e146:65:75 [0] NCCL INFO NET/IB: ncclIbConnectImpl: NCCL Dev 2 IbDev 2 Port 1 qp_num 1899 mtu 5 GID 3 (0/170A8C0FFFF0000) ctsFifoRkey=0x19332f ctsFifoLkey=0x19332f
gx10-e146:65:75 [0] NCCL INFO NET/IB: ncclIbConnectImpl: IbDev 2 Port 1 qp_num 1899 query_ece={supported=1, vendor_id=0x15b3, options=0x30000002, comp_mask=0x0}
gx10-e146:65:75 [0] NCCL INFO NET/IB: Subnet-aware routing: overriding dev 1 with dev 0
gx10-e146:65:75 [0] NCCL INFO NET/IB: ncclIbResiliencyInit: Resiliency is disabled on the send communicator (comm=0xe4192aac9000)
gx10-e146:65:75 [0] NCCL INFO NET/IB: Subnet-aware routing: overriding dev 3 with dev 2
gx10-e146:65:75 [0] NCCL INFO NET/IB: Subnet-aware routing: overriding dev 1 with dev 0
gx10-e146:65:75 [0] NCCL INFO NET/IB: ncclIbResiliencyInit: Resiliency is disabled on the recv communicator (comm=0xe4192ab0d000)
gx10-e146:65:75 [0] NCCL INFO NET/IB: ncclIbRecvCommInit: Receive work requests will be posted on-demand
gx10-e146:65:75 [0] NCCL INFO NET/IB: Subnet-aware routing: overriding dev 3 with dev 2
gx10-e146:65:75 [0] NCCL INFO NET/IB: Subnet-aware routing: overriding dev 1 with dev 0
gx10-e146:65:75 [0] NCCL INFO NET/IB: Subnet-aware routing: overriding dev 3 with dev 2
gx10-e146:65:75 [0] NCCL INFO NET/IB: ncclIbResiliencyInit: Resiliency is disabled on the send communicator (comm=0xe4192ab55000)
gx10-e146:65:75 [0] NCCL INFO NET/IB: Subnet-aware routing: overriding dev 3 with dev 2
gx10-e146:65:75 [0] NCCL INFO NET/IB: ncclIbSenderQpsToRts: Set ECE: IbDev 2 Port 1 qp_num 1899 set_ece={supported=1, vendor_id=0x15b3, options=0x30000002, comp_mask=0x0}
gx10-e146:65:75 [0] NCCL INFO NET/IB: ncclIbReceiverQpsCreateToRts: QP created: port=1 dev=3 devName=roceP2p1s0f1 ndevs=4 nmdevs=4 qp_num=2638 pkey=0 pd=0xe419281dda80 oooRq=0
gx10-e146:65:75 [0] NCCL INFO NET/IB: ncclIbReceiverQpsCreateToRts: Flush QP created: port=1 dev=3 devName=roceP2p1s0f1 ndevs=4 nmdevs=4 qp_num=2639 pkey=0 pd=0xe419281dda80
gx10-e146:65:75 [0] NCCL INFO NET/IB: ncclIbSenderQpsCreate: QP created: port=1 dev=0 devName=rocep1s0f0 ndevs=4 nmdevs=4 qp_num=12236 pkey=0 pd=0xe4192807ddd0 oooRq=0
gx10-e146:65:75 [0] NCCL INFO NET/IB: ncclIbConnectImpl: NCCL Dev 0 IbDev 0 Port 1 qp_num 12236 mtu 5 GID 6 (0/166A8C0FFFF0000) ctsFifoRkey=0x17f2af ctsFifoLkey=0x17f2af
gx10-e146:65:75 [0] NCCL INFO NET/IB: ncclIbConnectImpl: IbDev 0 Port 1 qp_num 12236 query_ece={supported=1, vendor_id=0x15b3, options=0x30000002, comp_mask=0x0}
gx10-e146:65:75 [0] NCCL INFO NET/IB: Subnet-aware routing: overriding dev 0 with dev 1
gx10-e146:65:75 [0] NCCL INFO NET/IB: ncclIbReceiverQpsCreateToRts: QP created: port=1 dev=1 devName=rocep1s0f1 ndevs=4 nmdevs=4 qp_num=15562 pkey=0 pd=0xe41928109f50 oooRq=0
gx10-e146:65:75 [0] NCCL INFO NET/IB: ncclIbReceiverQpsCreateToRts: Flush QP created: port=1 dev=1 devName=rocep1s0f1 ndevs=4 nmdevs=4 qp_num=15563 pkey=0 pd=0xe41928109f50
gx10-e146:65:75 [0] NCCL INFO NET/IB: Subnet-aware routing: overriding dev 1 with dev 0
gx10-e146:65:75 [0] NCCL INFO NET/IB: Subnet-aware routing: overriding dev 3 with dev 2
gx10-e146:65:75 [0] NCCL INFO NET/IB: ncclIbResiliencyInit: Resiliency is disabled on the recv communicator (comm=0xe4192ac65000)
gx10-e146:65:75 [0] NCCL INFO NET/IB: ncclIbRecvCommInit: Receive work requests will be posted on-demand
gx10-e146:65:75 [0] NCCL INFO NET/IB: Subnet-aware routing: overriding dev 1 with dev 0
gx10-e146:65:75 [0] NCCL INFO NET/IB: Subnet-aware routing: overriding dev 3 with dev 2
gx10-e146:65:75 [0] NCCL INFO NET/IB: ncclIbResiliencyInit: Resiliency is disabled on the send communicator (comm=0xe4192acad000)
gx10-e146:65:75 [0] NCCL INFO NET/IB: ncclIbSenderQpsToRts: Set ECE: IbDev 0 Port 1 qp_num 12236 set_ece={supported=1, vendor_id=0x15b3, options=0x30000002, comp_mask=0x0}
gx10-e146:65:75 [0] NCCL INFO NET/IB: Subnet-aware routing: overriding dev 1 with dev 0
gx10-e146:65:75 [0] NCCL INFO NET/IB: ncclIbSenderQpsCreate: QP created: port=1 dev=0 devName=rocep1s0f0 ndevs=4 nmdevs=4 qp_num=12237 pkey=0 pd=0xe4192807ddd0 oooRq=0
gx10-e146:65:75 [0] NCCL INFO NET/IB: ncclIbConnectImpl: NCCL Dev 0 IbDev 0 Port 1 qp_num 12237 mtu 5 GID 6 (0/166A8C0FFFF0000) ctsFifoRkey=0x17df9c ctsFifoLkey=0x17df9c
gx10-e146:65:75 [0] NCCL INFO NET/IB: ncclIbConnectImpl: IbDev 0 Port 1 qp_num 12237 query_ece={supported=1, vendor_id=0x15b3, options=0x30000002, comp_mask=0x0}
gx10-e146:65:75 [0] NCCL INFO NET/IB: ncclIbSenderQpsCreate: QP created: port=1 dev=2 devName=roceP2p1s0f0 ndevs=4 nmdevs=4 qp_num=1900 pkey=0 pd=0xe419281e0f80 oooRq=0
gx10-e146:65:75 [0] NCCL INFO NET/IB: ncclIbConnectImpl: NCCL Dev 2 IbDev 2 Port 1 qp_num 1900 mtu 5 GID 3 (0/170A8C0FFFF0000) ctsFifoRkey=0x18e1da ctsFifoLkey=0x18e1da
gx10-e146:65:75 [0] NCCL INFO NET/IB: ncclIbConnectImpl: IbDev 2 Port 1 qp_num 1900 query_ece={supported=1, vendor_id=0x15b3, options=0x30000002, comp_mask=0x0}
gx10-e146:65:75 [0] NCCL INFO NET/IB: Subnet-aware routing: overriding dev 3 with dev 2
gx10-e146:65:75 [0] NCCL INFO NET/IB: ncclIbResiliencyInit: Resiliency is disabled on the recv communicator (comm=0xe4192ad4f000)
gx10-e146:65:75 [0] NCCL INFO NET/IB: ncclIbRecvCommInit: Receive work requests will be posted on-demand
gx10-e146:65:75 [0] NCCL INFO NET/IB: Subnet-aware routing: overriding dev 1 with dev 0
gx10-e146:65:75 [0] NCCL INFO NET/IB: Subnet-aware routing: overriding dev 3 with dev 2
gx10-e146:65:75 [0] NCCL INFO NET/IB: Subnet-aware routing: overriding dev 1 with dev 0
gx10-e146:65:75 [0] NCCL INFO NET/IB: ncclIbResiliencyInit: Resiliency is disabled on the send communicator (comm=0xe4192ad97000)
gx10-e146:65:75 [0] NCCL INFO NET/IB: Subnet-aware routing: overriding dev 1 with dev 0
gx10-e146:65:75 [0] NCCL INFO NET/IB: Subnet-aware routing: overriding dev 3 with dev 2
gx10-e146:65:75 [0] NCCL INFO NET/IB: Subnet-aware routing: overriding dev 1 with dev 0
gx10-e146:65:75 [0] NCCL INFO NET/IB: ncclIbResiliencyInit: Resiliency is disabled on the recv communicator (comm=0xe4192addb000)
gx10-e146:65:75 [0] NCCL INFO NET/IB: ncclIbRecvCommInit: Receive work requests will be posted on-demand
gx10-e146:65:75 [0] NCCL INFO NET/IB: Subnet-aware routing: overriding dev 1 with dev 0
gx10-e146:65:75 [0] NCCL INFO NET/IB: ncclIbReceiverQpsCreateToRts: QP created: port=1 dev=1 devName=rocep1s0f1 ndevs=4 nmdevs=4 qp_num=15564 pkey=0 pd=0xe41928109f50 oooRq=0
gx10-e146:65:75 [0] NCCL INFO NET/IB: ncclIbReceiverQpsCreateToRts: Flush QP created: port=1 dev=1 devName=rocep1s0f1 ndevs=4 nmdevs=4 qp_num=15565 pkey=0 pd=0xe41928109f50
gx10-e146:65:75 [0] NCCL INFO NET/IB: Subnet-aware routing: overriding dev 3 with dev 2
gx10-e146:65:75 [0] NCCL INFO NET/IB: Subnet-aware routing: overriding dev 1 with dev 0
gx10-e146:65:75 [0] NCCL INFO NET/IB: ncclIbResiliencyInit: Resiliency is disabled on the send communicator (comm=0xe4192ae73000)
gx10-e146:65:75 [0] NCCL INFO NET/IB: Subnet-aware routing: overriding dev 1 with dev 0
gx10-e146:65:75 [0] NCCL INFO NET/IB: ncclIbSenderQpsToRts: Set ECE: IbDev 0 Port 1 qp_num 12237 set_ece={supported=1, vendor_id=0x15b3, options=0x30000002, comp_mask=0x0}
gx10-e146:65:75 [0] NCCL INFO NET/IB: ncclIbSenderQpsToRts: Set ECE: IbDev 2 Port 1 qp_num 1900 set_ece={supported=1, vendor_id=0x15b3, options=0x30000002, comp_mask=0x0}
gx10-e146:65:75 [0] NCCL INFO NET/IB: Subnet-aware routing: overriding dev 2 with dev 3
gx10-e146:65:75 [0] NCCL INFO NET/IB: ncclIbReceiverQpsCreateToRts: QP created: port=1 dev=3 devName=roceP2p1s0f1 ndevs=4 nmdevs=4 qp_num=2640 pkey=0 pd=0xe419281dda80 oooRq=0
gx10-e146:65:75 [0] NCCL INFO NET/IB: ncclIbReceiverQpsCreateToRts: Flush QP created: port=1 dev=3 devName=roceP2p1s0f1 ndevs=4 nmdevs=4 qp_num=2641 pkey=0 pd=0xe419281dda80
gx10-e146:65:75 [0] NCCL INFO NET/IB: Subnet-aware routing: overriding dev 3 with dev 2
gx10-e146:65:75 [0] NCCL INFO NET/IB: ncclIbSenderQpsCreate: QP created: port=1 dev=2 devName=roceP2p1s0f0 ndevs=4 nmdevs=4 qp_num=1901 pkey=0 pd=0xe419281e0f80 oooRq=0
gx10-e146:65:75 [0] NCCL INFO NET/IB: ncclIbConnectImpl: NCCL Dev 2 IbDev 2 Port 1 qp_num 1901 mtu 5 GID 3 (0/170A8C0FFFF0000) ctsFifoRkey=0x1906fc ctsFifoLkey=0x1906fc
gx10-e146:65:75 [0] NCCL INFO NET/IB: ncclIbConnectImpl: IbDev 2 Port 1 qp_num 1901 query_ece={supported=1, vendor_id=0x15b3, options=0x30000002, comp_mask=0x0}
gx10-e146:65:75 [0] NCCL INFO NET/IB: ncclIbReceiverQpsCreateToRts: QP created: port=1 dev=3 devName=roceP2p1s0f1 ndevs=4 nmdevs=4 qp_num=2642 pkey=0 pd=0xe419281dda80 oooRq=0
gx10-e146:65:75 [0] NCCL INFO NET/IB: ncclIbReceiverQpsCreateToRts: Flush QP created: port=1 dev=3 devName=roceP2p1s0f1 ndevs=4 nmdevs=4 qp_num=2643 pkey=0 pd=0xe419281dda80
gx10-e146:65:75 [0] NCCL INFO NET/IB: Subnet-aware routing: overriding dev 1 with dev 0
gx10-e146:65:75 [0] NCCL INFO NET/IB: ncclIbResiliencyInit: Resiliency is disabled on the recv communicator (comm=0xe4192af8b000)
gx10-e146:65:75 [0] NCCL INFO NET/IB: ncclIbRecvCommInit: Receive work requests will be posted on-demand
gx10-e146:65:75 [0] NCCL INFO NET/IB: Subnet-aware routing: overriding dev 3 with dev 2
gx10-e146:65:75 [0] NCCL INFO NET/IB: Subnet-aware routing: overriding dev 1 with dev 0
gx10-e146:65:75 [0] NCCL INFO NET/IB: Subnet-aware routing: overriding dev 3 with dev 2
gx10-e146:65:75 [0] NCCL INFO NET/IB: ncclIbResiliencyInit: Resiliency is disabled on the send communicator (comm=0xe4192afd3000)
gx10-e146:65:75 [0] NCCL INFO NET/IB: Subnet-aware routing: overriding dev 3 with dev 2
gx10-e146:65:75 [0] NCCL INFO NET/IB: ncclIbSenderQpsCreate: QP created: port=1 dev=0 devName=rocep1s0f0 ndevs=4 nmdevs=4 qp_num=12238 pkey=0 pd=0xe4192807ddd0 oooRq=0
gx10-e146:65:75 [0] NCCL INFO NET/IB: ncclIbConnectImpl: NCCL Dev 0 IbDev 0 Port 1 qp_num 12238 mtu 5 GID 6 (0/166A8C0FFFF0000) ctsFifoRkey=0x17ba78 ctsFifoLkey=0x17ba78
gx10-e146:65:75 [0] NCCL INFO NET/IB: ncclIbConnectImpl: IbDev 0 Port 1 qp_num 12238 query_ece={supported=1, vendor_id=0x15b3, options=0x30000002, comp_mask=0x0}
gx10-e146:65:75 [0] NCCL INFO NET/IB: Subnet-aware routing: overriding dev 1 with dev 0
gx10-e146:65:75 [0] NCCL INFO NET/IB: Subnet-aware routing: overriding dev 3 with dev 2
gx10-e146:65:75 [0] NCCL INFO NET/IB: ncclIbResiliencyInit: Resiliency is disabled on the recv communicator (comm=0xe4192b042000)
gx10-e146:65:75 [0] NCCL INFO NET/IB: ncclIbRecvCommInit: Receive work requests will be posted on-demand
gx10-e146:65:75 [0] NCCL INFO NET/IB: Subnet-aware routing: overriding dev 3 with dev 2
gx10-e146:65:75 [0] NCCL INFO NET/IB: ncclIbSenderQpsToRts: Set ECE: IbDev 2 Port 1 qp_num 1901 set_ece={supported=1, vendor_id=0x15b3, options=0x30000002, comp_mask=0x0}
gx10-e146:65:75 [0] NCCL INFO NET/IB: Subnet-aware routing: overriding dev 1 with dev 0
gx10-e146:65:75 [0] NCCL INFO NET/IB: ncclIbSenderQpsCreate: QP created: port=1 dev=0 devName=rocep1s0f0 ndevs=4 nmdevs=4 qp_num=12239 pkey=0 pd=0xe4192807ddd0 oooRq=0
gx10-e146:65:75 [0] NCCL INFO NET/IB: ncclIbConnectImpl: NCCL Dev 0 IbDev 0 Port 1 qp_num 12239 mtu 5 GID 6 (0/166A8C0FFFF0000) ctsFifoRkey=0x157d3c ctsFifoLkey=0x157d3c
gx10-e146:65:75 [0] NCCL INFO NET/IB: ncclIbConnectImpl: IbDev 0 Port 1 qp_num 12239 query_ece={supported=1, vendor_id=0x15b3, options=0x30000002, comp_mask=0x0}
gx10-e146:65:75 [0] NCCL INFO NET/IB: Subnet-aware routing: overriding dev 3 with dev 2
gx10-e146:65:75 [0] NCCL INFO NET/IB: ncclIbResiliencyInit: Resiliency is disabled on the send communicator (comm=0xe4192b0bc000)
gx10-e146:65:75 [0] NCCL INFO NET/IB: Subnet-aware routing: overriding dev 1 with dev 0
gx10-e146:65:75 [0] NCCL INFO NET/IB: Subnet-aware routing: overriding dev 3 with dev 2
gx10-e146:65:75 [0] NCCL INFO NET/IB: ncclIbResiliencyInit: Resiliency is disabled on the recv communicator (comm=0xe4192b100000)
gx10-e146:65:75 [0] NCCL INFO NET/IB: ncclIbRecvCommInit: Receive work requests will be posted on-demand
gx10-e146:65:75 [0] NCCL INFO NET/IB: Subnet-aware routing: overriding dev 0 with dev 1
gx10-e146:65:75 [0] NCCL INFO NET/IB: ncclIbReceiverQpsCreateToRts: QP created: port=1 dev=1 devName=rocep1s0f1 ndevs=4 nmdevs=4 qp_num=15566 pkey=0 pd=0xe41928109f50 oooRq=0
gx10-e146:65:75 [0] NCCL INFO NET/IB: ncclIbReceiverQpsCreateToRts: Flush QP created: port=1 dev=1 devName=rocep1s0f1 ndevs=4 nmdevs=4 qp_num=15567 pkey=0 pd=0xe41928109f50
gx10-e146:65:75 [0] NCCL INFO NET/IB: Subnet-aware routing: overriding dev 1 with dev 0
gx10-e146:65:75 [0] NCCL INFO NET/IB: Subnet-aware routing: overriding dev 3 with dev 2
gx10-e146:65:75 [0] NCCL INFO NET/IB: Subnet-aware routing: overriding dev 1 with dev 0
gx10-e146:65:75 [0] NCCL INFO NET/IB: ncclIbResiliencyInit: Resiliency is disabled on the send communicator (comm=0xe4192b19a000)
gx10-e146:65:75 [0] NCCL INFO NET/IB: ncclIbSenderQpsToRts: Set ECE: IbDev 0 Port 1 qp_num 12238 set_ece={supported=1, vendor_id=0x15b3, options=0x30000002, comp_mask=0x0}
gx10-e146:65:75 [0] NCCL INFO NET/IB: Subnet-aware routing: overriding dev 1 with dev 0
gx10-e146:65:75 [0] NCCL INFO NET/IB: ncclIbSenderQpsToRts: Set ECE: IbDev 0 Port 1 qp_num 12239 set_ece={supported=1, vendor_id=0x15b3, options=0x30000002, comp_mask=0x0}
gx10-e146:65:75 [0] NCCL INFO NET/IB: ncclIbReceiverQpsCreateToRts: QP created: port=1 dev=1 devName=rocep1s0f1 ndevs=4 nmdevs=4 qp_num=15568 pkey=0 pd=0xe41928109f50 oooRq=0
gx10-e146:65:75 [0] NCCL INFO NET/IB: ncclIbReceiverQpsCreateToRts: Flush QP created: port=1 dev=1 devName=rocep1s0f1 ndevs=4 nmdevs=4 qp_num=15569 pkey=0 pd=0xe41928109f50
gx10-e146:65:75 [0] NCCL INFO NET/IB: ncclIbSenderQpsCreate: QP created: port=1 dev=2 devName=roceP2p1s0f0 ndevs=4 nmdevs=4 qp_num=1902 pkey=0 pd=0xe419281e0f80 oooRq=0
gx10-e146:65:75 [0] NCCL INFO NET/IB: ncclIbConnectImpl: NCCL Dev 2 IbDev 2 Port 1 qp_num 1902 mtu 5 GID 3 (0/170A8C0FFFF0000) ctsFifoRkey=0x190e0a ctsFifoLkey=0x190e0a
gx10-e146:65:75 [0] NCCL INFO NET/IB: ncclIbConnectImpl: IbDev 2 Port 1 qp_num 1902 query_ece={supported=1, vendor_id=0x15b3, options=0x30000002, comp_mask=0x0}
gx10-e146:65:75 [0] NCCL INFO NET/IB: Subnet-aware routing: overriding dev 3 with dev 2
gx10-e146:65:75 [0] NCCL INFO NET/IB: Subnet-aware routing: overriding dev 1 with dev 0
gx10-e146:65:75 [0] NCCL INFO NET/IB: ncclIbResiliencyInit: Resiliency is disabled on the recv communicator (comm=0xe4192b259000)
gx10-e146:65:75 [0] NCCL INFO NET/IB: ncclIbRecvCommInit: Receive work requests will be posted on-demand
gx10-e146:65:75 [0] NCCL INFO NET/IB: Subnet-aware routing: overriding dev 3 with dev 2
gx10-e146:65:75 [0] NCCL INFO NET/IB: Subnet-aware routing: overriding dev 1 with dev 0
gx10-e146:65:75 [0] NCCL INFO NET/IB: ncclIbResiliencyInit: Resiliency is disabled on the send communicator (comm=0xe4192b2a1000)
gx10-e146:65:75 [0] NCCL INFO NET/IB: Subnet-aware routing: overriding dev 3 with dev 2
gx10-e146:65:75 [0] NCCL INFO NET/IB: ncclIbSenderQpsCreate: QP created: port=1 dev=2 devName=roceP2p1s0f0 ndevs=4 nmdevs=4 qp_num=1903 pkey=0 pd=0xe419281e0f80 oooRq=0
gx10-e146:65:75 [0] NCCL INFO NET/IB: ncclIbConnectImpl: NCCL Dev 2 IbDev 2 Port 1 qp_num 1903 mtu 5 GID 3 (0/170A8C0FFFF0000) ctsFifoRkey=0x19918f ctsFifoLkey=0x19918f
gx10-e146:65:75 [0] NCCL INFO NET/IB: ncclIbConnectImpl: IbDev 2 Port 1 qp_num 1903 query_ece={supported=1, vendor_id=0x15b3, options=0x30000002, comp_mask=0x0}
gx10-e146:65:75 [0] NCCL INFO NET/IB: Subnet-aware routing: overriding dev 1 with dev 0
gx10-e146:65:75 [0] NCCL INFO NET/IB: ncclIbResiliencyInit: Resiliency is disabled on the recv communicator (comm=0xe4192b317000)
gx10-e146:65:75 [0] NCCL INFO NET/IB: ncclIbRecvCommInit: Receive work requests will be posted on-demand
gx10-e146:65:75 [0] NCCL INFO NET/IB: ncclIbSenderQpsToRts: Set ECE: IbDev 2 Port 1 qp_num 1902 set_ece={supported=1, vendor_id=0x15b3, options=0x30000002, comp_mask=0x0}
gx10-e146:65:75 [0] NCCL INFO NET/IB: Subnet-aware routing: overriding dev 2 with dev 3
gx10-e146:65:75 [0] NCCL INFO NET/IB: ncclIbReceiverQpsCreateToRts: QP created: port=1 dev=3 devName=roceP2p1s0f1 ndevs=4 nmdevs=4 qp_num=2644 pkey=0 pd=0xe419281dda80 oooRq=0
gx10-e146:65:75 [0] NCCL INFO NET/IB: ncclIbReceiverQpsCreateToRts: Flush QP created: port=1 dev=3 devName=roceP2p1s0f1 ndevs=4 nmdevs=4 qp_num=2645 pkey=0 pd=0xe419281dda80
gx10-e146:65:75 [0] NCCL INFO NET/IB: Subnet-aware routing: overriding dev 3 with dev 2
gx10-e146:65:75 [0] NCCL INFO NET/IB: ncclIbSenderQpsToRts: Set ECE: IbDev 2 Port 1 qp_num 1903 set_ece={supported=1, vendor_id=0x15b3, options=0x30000002, comp_mask=0x0}
gx10-e146:65:75 [0] NCCL INFO NET/IB: ncclIbReceiverQpsCreateToRts: QP created: port=1 dev=3 devName=roceP2p1s0f1 ndevs=4 nmdevs=4 qp_num=2646 pkey=0 pd=0xe419281dda80 oooRq=0
gx10-e146:65:75 [0] NCCL INFO NET/IB: ncclIbReceiverQpsCreateToRts: Flush QP created: port=1 dev=3 devName=roceP2p1s0f1 ndevs=4 nmdevs=4 qp_num=2647 pkey=0 pd=0xe419281dda80
gx10-e146:65:75 [0] NCCL INFO NET/IB: ncclIbSenderQpsCreate: QP created: port=1 dev=0 devName=rocep1s0f0 ndevs=4 nmdevs=4 qp_num=12240 pkey=0 pd=0xe4192807ddd0 oooRq=0
gx10-e146:65:75 [0] NCCL INFO NET/IB: ncclIbConnectImpl: NCCL Dev 0 IbDev 0 Port 1 qp_num 12240 mtu 5 GID 6 (0/166A8C0FFFF0000) ctsFifoRkey=0x15ca87 ctsFifoLkey=0x15ca87
gx10-e146:65:75 [0] NCCL INFO NET/IB: ncclIbConnectImpl: IbDev 0 Port 1 qp_num 12240 query_ece={supported=1, vendor_id=0x15b3, options=0x30000002, comp_mask=0x0}
gx10-e146:65:75 [0] NCCL INFO NET/IB: Subnet-aware routing: overriding dev 0 with dev 1
gx10-e146:65:75 [0] NCCL INFO NET/IB: ncclIbReceiverQpsCreateToRts: QP created: port=1 dev=1 devName=rocep1s0f1 ndevs=4 nmdevs=4 qp_num=15570 pkey=0 pd=0xe41928109f50 oooRq=0
gx10-e146:65:75 [0] NCCL INFO NET/IB: ncclIbReceiverQpsCreateToRts: Flush QP created: port=1 dev=1 devName=rocep1s0f1 ndevs=4 nmdevs=4 qp_num=15571 pkey=0 pd=0xe41928109f50
gx10-e146:65:75 [0] NCCL INFO NET/IB: Subnet-aware routing: overriding dev 1 with dev 0
gx10-e146:65:75 [0] NCCL INFO NET/IB: Subnet-aware routing: overriding dev 3 with dev 2
gx10-e146:65:75 [0] NCCL INFO NET/IB: ncclIbResiliencyInit: Resiliency is disabled on the send communicator (comm=0xe4192b47d000)
gx10-e146:65:75 [0] NCCL INFO NET/IB: ncclIbSenderQpsToRts: Set ECE: IbDev 0 Port 1 qp_num 12240 set_ece={supported=1, vendor_id=0x15b3, options=0x30000002, comp_mask=0x0}
gx10-e146:65:75 [0] NCCL INFO NET/IB: Subnet-aware routing: overriding dev 1 with dev 0
gx10-e146:65:75 [0] NCCL INFO NET/IB: ncclIbSenderQpsCreate: QP created: port=1 dev=0 devName=rocep1s0f0 ndevs=4 nmdevs=4 qp_num=12241 pkey=0 pd=0xe4192807ddd0 oooRq=0
gx10-e146:65:75 [0] NCCL INFO NET/IB: ncclIbConnectImpl: NCCL Dev 0 IbDev 0 Port 1 qp_num 12241 mtu 5 GID 6 (0/166A8C0FFFF0000) ctsFifoRkey=0x182ae7 ctsFifoLkey=0x182ae7
gx10-e146:65:75 [0] NCCL INFO NET/IB: ncclIbConnectImpl: IbDev 0 Port 1 qp_num 12241 query_ece={supported=1, vendor_id=0x15b3, options=0x30000002, comp_mask=0x0}
gx10-e146:65:75 [0] NCCL INFO NET/IB: Subnet-aware routing: overriding dev 3 with dev 2
gx10-e146:65:75 [0] NCCL INFO NET/IB: ncclIbResiliencyInit: Resiliency is disabled on the recv communicator (comm=0xe4192b4ef000)
gx10-e146:65:75 [0] NCCL INFO NET/IB: ncclIbRecvCommInit: Receive work requests will be posted on-demand
gx10-e146:65:75 [0] NCCL INFO NET/IB: Subnet-aware routing: overriding dev 1 with dev 0
gx10-e146:65:75 [0] NCCL INFO NET/IB: Subnet-aware routing: overriding dev 3 with dev 2
gx10-e146:65:75 [0] NCCL INFO NET/IB: ncclIbResiliencyInit: Resiliency is disabled on the send communicator (comm=0xe4192b537000)
gx10-e146:65:75 [0] NCCL INFO NET/IB: Subnet-aware routing: overriding dev 1 with dev 0
gx10-e146:65:75 [0] NCCL INFO NET/IB: ncclIbSenderQpsCreate: QP created: port=1 dev=2 devName=roceP2p1s0f0 ndevs=4 nmdevs=4 qp_num=1904 pkey=0 pd=0xe419281e0f80 oooRq=0
gx10-e146:65:75 [0] NCCL INFO NET/IB: ncclIbConnectImpl: NCCL Dev 2 IbDev 2 Port 1 qp_num 1904 mtu 5 GID 3 (0/170A8C0FFFF0000) ctsFifoRkey=0x196363 ctsFifoLkey=0x196363
gx10-e146:65:75 [0] NCCL INFO NET/IB: ncclIbConnectImpl: IbDev 2 Port 1 qp_num 1904 query_ece={supported=1, vendor_id=0x15b3, options=0x30000002, comp_mask=0x0}
gx10-e146:65:75 [0] NCCL INFO NET/IB: Subnet-aware routing: overriding dev 3 with dev 2
gx10-e146:65:75 [0] NCCL INFO NET/IB: ncclIbResiliencyInit: Resiliency is disabled on the recv communicator (comm=0xe4192b5a9000)
gx10-e146:65:75 [0] NCCL INFO NET/IB: ncclIbRecvCommInit: Receive work requests will be posted on-demand
gx10-e146:65:75 [0] NCCL INFO NET/IB: Subnet-aware routing: overriding dev 1 with dev 0
gx10-e146:65:75 [0] NCCL INFO NET/IB: ncclIbReceiverQpsCreateToRts: QP created: port=1 dev=1 devName=rocep1s0f1 ndevs=4 nmdevs=4 qp_num=15572 pkey=0 pd=0xe41928109f50 oooRq=0
gx10-e146:65:75 [0] NCCL INFO NET/IB: ncclIbReceiverQpsCreateToRts: Flush QP created: port=1 dev=1 devName=rocep1s0f1 ndevs=4 nmdevs=4 qp_num=15573 pkey=0 pd=0xe41928109f50
gx10-e146:65:75 [0] NCCL INFO NET/IB: Subnet-aware routing: overriding dev 3 with dev 2
gx10-e146:65:75 [0] NCCL INFO NET/IB: Subnet-aware routing: overriding dev 1 with dev 0
gx10-e146:65:75 [0] NCCL INFO NET/IB: ncclIbResiliencyInit: Resiliency is disabled on the send communicator (comm=0xe4192b642000)
gx10-e146:65:75 [0] NCCL INFO NET/IB: Subnet-aware routing: overriding dev 1 with dev 0
gx10-e146:65:75 [0] NCCL INFO NET/IB: ncclIbSenderQpsToRts: Set ECE: IbDev 0 Port 1 qp_num 12241 set_ece={supported=1, vendor_id=0x15b3, options=0x30000002, comp_mask=0x0}
gx10-e146:65:75 [0] NCCL INFO NET/IB: ncclIbSenderQpsToRts: Set ECE: IbDev 2 Port 1 qp_num 1904 set_ece={supported=1, vendor_id=0x15b3, options=0x30000002, comp_mask=0x0}
gx10-e146:65:75 [0] NCCL INFO NET/IB: Subnet-aware routing: overriding dev 2 with dev 3
gx10-e146:65:75 [0] NCCL INFO NET/IB: ncclIbReceiverQpsCreateToRts: QP created: port=1 dev=3 devName=roceP2p1s0f1 ndevs=4 nmdevs=4 qp_num=2648 pkey=0 pd=0xe419281dda80 oooRq=0
gx10-e146:65:75 [0] NCCL INFO NET/IB: ncclIbReceiverQpsCreateToRts: Flush QP created: port=1 dev=3 devName=roceP2p1s0f1 ndevs=4 nmdevs=4 qp_num=2649 pkey=0 pd=0xe419281dda80
gx10-e146:65:75 [0] NCCL INFO NET/IB: Subnet-aware routing: overriding dev 3 with dev 2
gx10-e146:65:75 [0] NCCL INFO NET/IB: ncclIbSenderQpsCreate: QP created: port=1 dev=2 devName=roceP2p1s0f0 ndevs=4 nmdevs=4 qp_num=1905 pkey=0 pd=0xe419281e0f80 oooRq=0
gx10-e146:65:75 [0] NCCL INFO NET/IB: ncclIbConnectImpl: NCCL Dev 2 IbDev 2 Port 1 qp_num 1905 mtu 5 GID 3 (0/170A8C0FFFF0000) ctsFifoRkey=0x194f4d ctsFifoLkey=0x194f4d
gx10-e146:65:75 [0] NCCL INFO NET/IB: ncclIbConnectImpl: IbDev 2 Port 1 qp_num 1905 query_ece={supported=1, vendor_id=0x15b3, options=0x30000002, comp_mask=0x0}
gx10-e146:65:75 [0] NCCL INFO NET/IB: Subnet-aware routing: overriding dev 1 with dev 0
gx10-e146:65:75 [0] NCCL INFO NET/IB: ncclIbResiliencyInit: Resiliency is disabled on the recv communicator (comm=0xe4192b701000)
gx10-e146:65:75 [0] NCCL INFO NET/IB: ncclIbRecvCommInit: Receive work requests will be posted on-demand
gx10-e146:65:75 [0] NCCL INFO NET/IB: Subnet-aware routing: overriding dev 3 with dev 2
gx10-e146:65:75 [0] NCCL INFO NET/IB: Subnet-aware routing: overriding dev 1 with dev 0
gx10-e146:65:75 [0] NCCL INFO NET/IB: ncclIbResiliencyInit: Resiliency is disabled on the send communicator (comm=0xe4192b749000)
gx10-e146:65:75 [0] NCCL INFO NET/IB: Subnet-aware routing: overriding dev 3 with dev 2
gx10-e146:65:75 [0] NCCL INFO NET/IB: ncclIbSenderQpsCreate: QP created: port=1 dev=0 devName=rocep1s0f0 ndevs=4 nmdevs=4 qp_num=12242 pkey=0 pd=0xe4192807ddd0 oooRq=0
gx10-e146:65:75 [0] NCCL INFO NET/IB: ncclIbConnectImpl: NCCL Dev 0 IbDev 0 Port 1 qp_num 12242 mtu 5 GID 6 (0/166A8C0FFFF0000) ctsFifoRkey=0x154906 ctsFifoLkey=0x154906
gx10-e146:65:75 [0] NCCL INFO NET/IB: ncclIbConnectImpl: IbDev 0 Port 1 qp_num 12242 query_ece={supported=1, vendor_id=0x15b3, options=0x30000002, comp_mask=0x0}
gx10-e146:65:75 [0] NCCL INFO NET/IB: Subnet-aware routing: overriding dev 1 with dev 0
gx10-e146:65:75 [0] NCCL INFO NET/IB: ncclIbResiliencyInit: Resiliency is disabled on the recv communicator (comm=0xe4192b7bd000)
gx10-e146:65:75 [0] NCCL INFO NET/IB: ncclIbRecvCommInit: Receive work requests will be posted on-demand
gx10-e146:65:75 [0] NCCL INFO NET/IB: Subnet-aware routing: overriding dev 3 with dev 2
gx10-e146:65:75 [0] NCCL INFO NET/IB: Subnet-aware routing: overriding dev 1 with dev 0
gx10-e146:65:75 [0] NCCL INFO NET/IB: Subnet-aware routing: overriding dev 3 with dev 2
gx10-e146:65:75 [0] NCCL INFO NET/IB: ncclIbResiliencyInit: Resiliency is disabled on the send communicator (comm=0xe4192b805000)
gx10-e146:65:75 [0] NCCL INFO NET/IB: Subnet-aware routing: overriding dev 3 with dev 2
gx10-e146:65:75 [0] NCCL INFO NET/IB: ncclIbSenderQpsToRts: Set ECE: IbDev 2 Port 1 qp_num 1905 set_ece={supported=1, vendor_id=0x15b3, options=0x30000002, comp_mask=0x0}
gx10-e146:65:75 [0] NCCL INFO NET/IB: ncclIbReceiverQpsCreateToRts: QP created: port=1 dev=3 devName=roceP2p1s0f1 ndevs=4 nmdevs=4 qp_num=2650 pkey=0 pd=0xe419281dda80 oooRq=0
gx10-e146:65:75 [0] NCCL INFO NET/IB: ncclIbReceiverQpsCreateToRts: Flush QP created: port=1 dev=3 devName=roceP2p1s0f1 ndevs=4 nmdevs=4 qp_num=2651 pkey=0 pd=0xe419281dda80
gx10-e146:65:75 [0] NCCL INFO NET/IB: ncclIbSenderQpsToRts: Set ECE: IbDev 0 Port 1 qp_num 12242 set_ece={supported=1, vendor_id=0x15b3, options=0x30000002, comp_mask=0x0}
gx10-e146:65:75 [0] NCCL INFO NET/IB: Subnet-aware routing: overriding dev 1 with dev 0
gx10-e146:65:75 [0] NCCL INFO NET/IB: ncclIbSenderQpsCreate: QP created: port=1 dev=0 devName=rocep1s0f0 ndevs=4 nmdevs=4 qp_num=12243 pkey=0 pd=0xe4192807ddd0 oooRq=0
gx10-e146:65:75 [0] NCCL INFO NET/IB: ncclIbConnectImpl: NCCL Dev 0 IbDev 0 Port 1 qp_num 12243 mtu 5 GID 6 (0/166A8C0FFFF0000) ctsFifoRkey=0x179956 ctsFifoLkey=0x179956
gx10-e146:65:75 [0] NCCL INFO NET/IB: ncclIbConnectImpl: IbDev 0 Port 1 qp_num 12243 query_ece={supported=1, vendor_id=0x15b3, options=0x30000002, comp_mask=0x0}
gx10-e146:65:75 [0] NCCL INFO NET/IB: Subnet-aware routing: overriding dev 3 with dev 2
gx10-e146:65:75 [0] NCCL INFO NET/IB: ncclIbResiliencyInit: Resiliency is disabled on the recv communicator (comm=0xe4192b8c7000)
gx10-e146:65:75 [0] NCCL INFO NET/IB: ncclIbRecvCommInit: Receive work requests will be posted on-demand
gx10-e146:65:75 [0] NCCL INFO NET/IB: Subnet-aware routing: overriding dev 1 with dev 0
gx10-e146:65:75 [0] NCCL INFO NET/IB: Subnet-aware routing: overriding dev 3 with dev 2
gx10-e146:65:75 [0] NCCL INFO NET/IB: ncclIbResiliencyInit: Resiliency is disabled on the send communicator (comm=0xe4192b90f000)
gx10-e146:65:75 [0] NCCL INFO NET/IB: Subnet-aware routing: overriding dev 1 with dev 0
gx10-e146:65:75 [0] NCCL INFO NET/IB: Subnet-aware routing: overriding dev 3 with dev 2
gx10-e146:65:75 [0] NCCL INFO NET/IB: ncclIbResiliencyInit: Resiliency is disabled on the recv communicator (comm=0xe4192b953000)
gx10-e146:65:75 [0] NCCL INFO NET/IB: ncclIbRecvCommInit: Receive work requests will be posted on-demand
gx10-e146:65:75 [0] NCCL INFO NET/IB: Subnet-aware routing: overriding dev 0 with dev 1
gx10-e146:65:75 [0] NCCL INFO NET/IB: ncclIbReceiverQpsCreateToRts: QP created: port=1 dev=1 devName=rocep1s0f1 ndevs=4 nmdevs=4 qp_num=15574 pkey=0 pd=0xe41928109f50 oooRq=0
gx10-e146:65:75 [0] NCCL INFO NET/IB: ncclIbReceiverQpsCreateToRts: Flush QP created: port=1 dev=1 devName=rocep1s0f1 ndevs=4 nmdevs=4 qp_num=15575 pkey=0 pd=0xe41928109f50
gx10-e146:65:75 [0] NCCL INFO NET/IB: Subnet-aware routing: overriding dev 1 with dev 0
gx10-e146:65:75 [0] NCCL INFO NET/IB: ncclIbReceiverQpsCreateToRts: QP created: port=1 dev=1 devName=rocep1s0f1 ndevs=4 nmdevs=4 qp_num=15576 pkey=0 pd=0xe41928109f50 oooRq=0
gx10-e146:65:75 [0] NCCL INFO NET/IB: ncclIbReceiverQpsCreateToRts: Flush QP created: port=1 dev=1 devName=rocep1s0f1 ndevs=4 nmdevs=4 qp_num=15577 pkey=0 pd=0xe41928109f50
gx10-e146:65:75 [0] NCCL INFO NET/IB: ncclIbSenderQpsCreate: QP created: port=1 dev=2 devName=roceP2p1s0f0 ndevs=4 nmdevs=4 qp_num=1906 pkey=0 pd=0xe419281e0f80 oooRq=0
gx10-e146:65:75 [0] NCCL INFO NET/IB: ncclIbConnectImpl: NCCL Dev 2 IbDev 2 Port 1 qp_num 1906 mtu 5 GID 3 (0/170A8C0FFFF0000) ctsFifoRkey=0x194941 ctsFifoLkey=0x194941
gx10-e146:65:75 [0] NCCL INFO NET/IB: ncclIbConnectImpl: IbDev 2 Port 1 qp_num 1906 query_ece={supported=1, vendor_id=0x15b3, options=0x30000002, comp_mask=0x0}
gx10-e146:65:75 [0] NCCL INFO NET/IB: Subnet-aware routing: overriding dev 3 with dev 2
gx10-e146:65:75 [0] NCCL INFO NET/IB: Subnet-aware routing: overriding dev 1 with dev 0
gx10-e146:65:75 [0] NCCL INFO NET/IB: ncclIbResiliencyInit: Resiliency is disabled on the send communicator (comm=0xe4192ba6d000)
gx10-e146:65:75 [0] NCCL INFO NET/IB: Subnet-aware routing: overriding dev 1 with dev 0
gx10-e146:65:75 [0] NCCL INFO NET/IB: ncclIbSenderQpsToRts: Set ECE: IbDev 0 Port 1 qp_num 12243 set_ece={supported=1, vendor_id=0x15b3, options=0x30000002, comp_mask=0x0}
gx10-e146:65:75 [0] NCCL INFO NET/IB: Subnet-aware routing: overriding dev 3 with dev 2
gx10-e146:65:75 [0] NCCL INFO NET/IB: Subnet-aware routing: overriding dev 1 with dev 0
gx10-e146:65:75 [0] NCCL INFO NET/IB: ncclIbResiliencyInit: Resiliency is disabled on the recv communicator (comm=0xe4192bab1000)
gx10-e146:65:75 [0] NCCL INFO NET/IB: ncclIbRecvCommInit: Receive work requests will be posted on-demand
gx10-e146:65:75 [0] NCCL INFO NET/IB: Subnet-aware routing: overriding dev 3 with dev 2
gx10-e146:65:75 [0] NCCL INFO NET/IB: Subnet-aware routing: overriding dev 1 with dev 0
gx10-e146:65:75 [0] NCCL INFO NET/IB: ncclIbResiliencyInit: Resiliency is disabled on the send communicator (comm=0xe4192baf9000)
gx10-e146:65:75 [0] NCCL INFO NET/IB: ncclIbSenderQpsToRts: Set ECE: IbDev 2 Port 1 qp_num 1906 set_ece={supported=1, vendor_id=0x15b3, options=0x30000002, comp_mask=0x0}
gx10-e146:65:75 [0] NCCL INFO NET/IB: Subnet-aware routing: overriding dev 2 with dev 3
gx10-e146:65:75 [0] NCCL INFO NET/IB: ncclIbReceiverQpsCreateToRts: QP created: port=1 dev=3 devName=roceP2p1s0f1 ndevs=4 nmdevs=4 qp_num=2652 pkey=0 pd=0xe419281dda80 oooRq=0
gx10-e146:65:75 [0] NCCL INFO NET/IB: ncclIbReceiverQpsCreateToRts: Flush QP created: port=1 dev=3 devName=roceP2p1s0f1 ndevs=4 nmdevs=4 qp_num=2653 pkey=0 pd=0xe419281dda80
gx10-e146:65:75 [0] NCCL INFO NET/IB: Subnet-aware routing: overriding dev 3 with dev 2
gx10-e146:65:75 [0] NCCL INFO NET/IB: ncclIbSenderQpsCreate: QP created: port=1 dev=2 devName=roceP2p1s0f0 ndevs=4 nmdevs=4 qp_num=1907 pkey=0 pd=0xe419281e0f80 oooRq=0
gx10-e146:65:75 [0] NCCL INFO NET/IB: ncclIbConnectImpl: NCCL Dev 2 IbDev 2 Port 1 qp_num 1907 mtu 5 GID 3 (0/170A8C0FFFF0000) ctsFifoRkey=0x193b35 ctsFifoLkey=0x193b35
gx10-e146:65:75 [0] NCCL INFO NET/IB: ncclIbConnectImpl: IbDev 2 Port 1 qp_num 1907 query_ece={supported=1, vendor_id=0x15b3, options=0x30000002, comp_mask=0x0}
gx10-e146:65:75 [0] NCCL INFO NET/IB: ncclIbSenderQpsCreate: QP created: port=1 dev=0 devName=rocep1s0f0 ndevs=4 nmdevs=4 qp_num=12244 pkey=0 pd=0xe4192807ddd0 oooRq=0
gx10-e146:65:75 [0] NCCL INFO NET/IB: ncclIbConnectImpl: NCCL Dev 0 IbDev 0 Port 1 qp_num 12244 mtu 5 GID 6 (0/166A8C0FFFF0000) ctsFifoRkey=0x180ac7 ctsFifoLkey=0x180ac7
gx10-e146:65:75 [0] NCCL INFO NET/IB: ncclIbConnectImpl: IbDev 0 Port 1 qp_num 12244 query_ece={supported=1, vendor_id=0x15b3, options=0x30000002, comp_mask=0x0}
gx10-e146:65:75 [0] NCCL INFO NET/IB: Subnet-aware routing: overriding dev 1 with dev 0
gx10-e146:65:75 [0] NCCL INFO NET/IB: ncclIbResiliencyInit: Resiliency is disabled on the recv communicator (comm=0xe4192bbea000)
gx10-e146:65:75 [0] NCCL INFO NET/IB: ncclIbRecvCommInit: Receive work requests will be posted on-demand
gx10-e146:65:75 [0] NCCL INFO NET/IB: Subnet-aware routing: overriding dev 3 with dev 2
gx10-e146:65:75 [0] NCCL INFO NET/IB: Subnet-aware routing: overriding dev 1 with dev 0
gx10-e146:65:75 [0] NCCL INFO NET/IB: Subnet-aware routing: overriding dev 3 with dev 2
gx10-e146:65:75 [0] NCCL INFO NET/IB: ncclIbResiliencyInit: Resiliency is disabled on the send communicator (comm=0xe4192bc32000)
gx10-e146:65:75 [0] NCCL INFO NET/IB: Subnet-aware routing: overriding dev 3 with dev 2
gx10-e146:65:75 [0] NCCL INFO NET/IB: ncclIbSenderQpsToRts: Set ECE: IbDev 2 Port 1 qp_num 1907 set_ece={supported=1, vendor_id=0x15b3, options=0x30000002, comp_mask=0x0}
gx10-e146:65:75 [0] NCCL INFO NET/IB: Subnet-aware routing: overriding dev 1 with dev 0
gx10-e146:65:75 [0] NCCL INFO NET/IB: Subnet-aware routing: overriding dev 3 with dev 2
gx10-e146:65:75 [0] NCCL INFO NET/IB: ncclIbResiliencyInit: Resiliency is disabled on the recv communicator (comm=0xe4192bc73000)
gx10-e146:65:75 [0] NCCL INFO NET/IB: ncclIbRecvCommInit: Receive work requests will be posted on-demand
gx10-e146:65:75 [0] NCCL INFO NET/IB: ncclIbReceiverQpsCreateToRts: QP created: port=1 dev=3 devName=roceP2p1s0f1 ndevs=4 nmdevs=4 qp_num=2654 pkey=0 pd=0xe419281dda80 oooRq=0
gx10-e146:65:75 [0] NCCL INFO NET/IB: ncclIbReceiverQpsCreateToRts: Flush QP created: port=1 dev=3 devName=roceP2p1s0f1 ndevs=4 nmdevs=4 qp_num=2655 pkey=0 pd=0xe419281dda80
gx10-e146:65:75 [0] NCCL INFO NET/IB: ncclIbSenderQpsToRts: Set ECE: IbDev 0 Port 1 qp_num 12244 set_ece={supported=1, vendor_id=0x15b3, options=0x30000002, comp_mask=0x0}
gx10-e146:65:75 [0] NCCL INFO NET/IB: Subnet-aware routing: overriding dev 0 with dev 1
gx10-e146:65:75 [0] NCCL INFO NET/IB: ncclIbReceiverQpsCreateToRts: QP created: port=1 dev=1 devName=rocep1s0f1 ndevs=4 nmdevs=4 qp_num=15578 pkey=0 pd=0xe41928109f50 oooRq=0
gx10-e146:65:75 [0] NCCL INFO NET/IB: ncclIbReceiverQpsCreateToRts: Flush QP created: port=1 dev=1 devName=rocep1s0f1 ndevs=4 nmdevs=4 qp_num=15579 pkey=0 pd=0xe41928109f50
gx10-e146:65:75 [0] NCCL INFO NET/IB: Subnet-aware routing: overriding dev 1 with dev 0
gx10-e146:65:75 [0] NCCL INFO NET/IB: ncclIbSenderQpsCreate: QP created: port=1 dev=0 devName=rocep1s0f0 ndevs=4 nmdevs=4 qp_num=12245 pkey=0 pd=0xe4192807ddd0 oooRq=0
gx10-e146:65:75 [0] NCCL INFO NET/IB: ncclIbConnectImpl: NCCL Dev 0 IbDev 0 Port 1 qp_num 12245 mtu 5 GID 6 (0/166A8C0FFFF0000) ctsFifoRkey=0x16944a ctsFifoLkey=0x16944a
gx10-e146:65:75 [0] NCCL INFO NET/IB: ncclIbConnectImpl: IbDev 0 Port 1 qp_num 12245 query_ece={supported=1, vendor_id=0x15b3, options=0x30000002, comp_mask=0x0}
gx10-e146:65:75 [0] NCCL INFO NET/IB: Subnet-aware routing: overriding dev 3 with dev 2
gx10-e146:65:75 [0] NCCL INFO NET/IB: ncclIbResiliencyInit: Resiliency is disabled on the send communicator (comm=0xe4192bd88000)
gx10-e146:65:75 [0] NCCL INFO NET/IB: Subnet-aware routing: overriding dev 1 with dev 0
gx10-e146:65:75 [0] NCCL INFO NET/IB: Subnet-aware routing: overriding dev 3 with dev 2
gx10-e146:65:75 [0] NCCL INFO NET/IB: ncclIbResiliencyInit: Resiliency is disabled on the recv communicator (comm=0xe4192bdcc000)
gx10-e146:65:75 [0] NCCL INFO NET/IB: ncclIbRecvCommInit: Receive work requests will be posted on-demand
gx10-e146:65:75 [0] NCCL INFO NET/IB: Subnet-aware routing: overriding dev 1 with dev 0
gx10-e146:65:75 [0] NCCL INFO NET/IB: Subnet-aware routing: overriding dev 3 with dev 2
gx10-e146:65:75 [0] NCCL INFO NET/IB: Subnet-aware routing: overriding dev 1 with dev 0
gx10-e146:65:75 [0] NCCL INFO NET/IB: ncclIbResiliencyInit: Resiliency is disabled on the send communicator (comm=0xe4192be14000)
gx10-e146:65:75 [0] NCCL INFO NET/IB: Subnet-aware routing: overriding dev 1 with dev 0
gx10-e146:65:75 [0] NCCL INFO NET/IB: ncclIbSenderQpsToRts: Set ECE: IbDev 0 Port 1 qp_num 12245 set_ece={supported=1, vendor_id=0x15b3, options=0x30000002, comp_mask=0x0}
gx10-e146:65:75 [0] NCCL INFO NET/IB: ncclIbSenderQpsCreate: QP created: port=1 dev=2 devName=roceP2p1s0f0 ndevs=4 nmdevs=4 qp_num=1908 pkey=0 pd=0xe419281e0f80 oooRq=0
gx10-e146:65:75 [0] NCCL INFO NET/IB: ncclIbConnectImpl: NCCL Dev 2 IbDev 2 Port 1 qp_num 1908 mtu 5 GID 3 (0/170A8C0FFFF0000) ctsFifoRkey=0x191f16 ctsFifoLkey=0x191f16
gx10-e146:65:75 [0] NCCL INFO NET/IB: ncclIbConnectImpl: IbDev 2 Port 1 qp_num 1908 query_ece={supported=1, vendor_id=0x15b3, options=0x30000002, comp_mask=0x0}
gx10-e146:65:75 [0] NCCL INFO NET/IB: Subnet-aware routing: overriding dev 3 with dev 2
gx10-e146:65:75 [0] NCCL INFO NET/IB: Subnet-aware routing: overriding dev 1 with dev 0
gx10-e146:65:75 [0] NCCL INFO NET/IB: ncclIbResiliencyInit: Resiliency is disabled on the recv communicator (comm=0xe4192be83000)
gx10-e146:65:75 [0] NCCL INFO NET/IB: ncclIbRecvCommInit: Receive work requests will be posted on-demand
gx10-e146:65:75 [0] NCCL INFO NET/IB: Subnet-aware routing: overriding dev 3 with dev 2
gx10-e146:65:75 [0] NCCL INFO NET/IB: Subnet-aware routing: overriding dev 1 with dev 0
gx10-e146:65:75 [0] NCCL INFO NET/IB: ncclIbResiliencyInit: Resiliency is disabled on the send communicator (comm=0xe4192becb000)
gx10-e146:65:75 [0] NCCL INFO NET/IB: ncclIbReceiverQpsCreateToRts: QP created: port=1 dev=1 devName=rocep1s0f1 ndevs=4 nmdevs=4 qp_num=15580 pkey=0 pd=0xe41928109f50 oooRq=0
gx10-e146:65:75 [0] NCCL INFO NET/IB: ncclIbReceiverQpsCreateToRts: Flush QP created: port=1 dev=1 devName=rocep1s0f1 ndevs=4 nmdevs=4 qp_num=15581 pkey=0 pd=0xe41928109f50
gx10-e146:65:75 [0] NCCL INFO NET/IB: ncclIbSenderQpsToRts: Set ECE: IbDev 2 Port 1 qp_num 1908 set_ece={supported=1, vendor_id=0x15b3, options=0x30000002, comp_mask=0x0}
gx10-e146:65:75 [0] NCCL INFO NET/IB: Subnet-aware routing: overriding dev 2 with dev 3
gx10-e146:65:75 [0] NCCL INFO NET/IB: ncclIbReceiverQpsCreateToRts: QP created: port=1 dev=3 devName=roceP2p1s0f1 ndevs=4 nmdevs=4 qp_num=2656 pkey=0 pd=0xe419281dda80 oooRq=0
gx10-e146:65:75 [0] NCCL INFO NET/IB: ncclIbReceiverQpsCreateToRts: Flush QP created: port=1 dev=3 devName=roceP2p1s0f1 ndevs=4 nmdevs=4 qp_num=2657 pkey=0 pd=0xe419281dda80
gx10-e146:65:75 [0] NCCL INFO NET/IB: Subnet-aware routing: overriding dev 3 with dev 2
gx10-e146:65:75 [0] NCCL INFO NET/IB: ncclIbSenderQpsCreate: QP created: port=1 dev=2 devName=roceP2p1s0f0 ndevs=4 nmdevs=4 qp_num=1909 pkey=0 pd=0xe419281e0f80 oooRq=0
gx10-e146:65:75 [0] NCCL INFO NET/IB: ncclIbConnectImpl: NCCL Dev 2 IbDev 2 Port 1 qp_num 1909 mtu 5 GID 3 (0/170A8C0FFFF0000) ctsFifoRkey=0x195452 ctsFifoLkey=0x195452
gx10-e146:65:75 [0] NCCL INFO NET/IB: ncclIbConnectImpl: IbDev 2 Port 1 qp_num 1909 query_ece={supported=1, vendor_id=0x15b3, options=0x30000002, comp_mask=0x0}
gx10-e146:65:75 [0] NCCL INFO NET/IB: Subnet-aware routing: overriding dev 1 with dev 0
gx10-e146:65:75 [0] NCCL INFO NET/IB: ncclIbResiliencyInit: Resiliency is disabled on the recv communicator (comm=0xe418b8001000)
gx10-e146:65:75 [0] NCCL INFO NET/IB: ncclIbRecvCommInit: Receive work requests will be posted on-demand
gx10-e146:65:75 [0] NCCL INFO NET/IB: Subnet-aware routing: overriding dev 3 with dev 2
gx10-e146:65:75 [0] NCCL INFO NET/IB: Subnet-aware routing: overriding dev 1 with dev 0
gx10-e146:65:75 [0] NCCL INFO NET/IB: Subnet-aware routing: overriding dev 3 with dev 2
gx10-e146:65:75 [0] NCCL INFO NET/IB: ncclIbResiliencyInit: Resiliency is disabled on the send communicator (comm=0xe418b8049000)
gx10-e146:65:75 [0] NCCL INFO NET/IB: Subnet-aware routing: overriding dev 3 with dev 2
gx10-e146:65:75 [0] NCCL INFO NET/IB: Subnet-aware routing: overriding dev 1 with dev 0
gx10-e146:65:75 [0] NCCL INFO NET/IB: Subnet-aware routing: overriding dev 3 with dev 2
gx10-e146:65:75 [0] NCCL INFO NET/IB: ncclIbResiliencyInit: Resiliency is disabled on the recv communicator (comm=0xe418b808d000)
gx10-e146:65:75 [0] NCCL INFO NET/IB: ncclIbRecvCommInit: Receive work requests will be posted on-demand
gx10-e146:65:75 [0] NCCL INFO NET/IB: Subnet-aware routing: overriding dev 3 with dev 2
gx10-e146:65:75 [0] NCCL INFO NET/IB: ncclIbSenderQpsToRts: Set ECE: IbDev 2 Port 1 qp_num 1909 set_ece={supported=1, vendor_id=0x15b3, options=0x30000002, comp_mask=0x0}
gx10-e146:65:75 [0] NCCL INFO NET/IB: ncclIbReceiverQpsCreateToRts: QP created: port=1 dev=3 devName=roceP2p1s0f1 ndevs=4 nmdevs=4 qp_num=2658 pkey=0 pd=0xe419281dda80 oooRq=0
gx10-e146:65:75 [0] NCCL INFO NET/IB: ncclIbReceiverQpsCreateToRts: Flush QP created: port=1 dev=3 devName=roceP2p1s0f1 ndevs=4 nmdevs=4 qp_num=2659 pkey=0 pd=0xe419281dda80
gx10-e146:65:75 [0] NCCL INFO NET/IB: ncclIbSenderQpsCreate: QP created: port=1 dev=0 devName=rocep1s0f0 ndevs=4 nmdevs=4 qp_num=12246 pkey=0 pd=0xe4192807ddd0 oooRq=0
gx10-e146:65:75 [0] NCCL INFO NET/IB: ncclIbConnectImpl: NCCL Dev 0 IbDev 0 Port 1 qp_num 12246 mtu 5 GID 6 (0/166A8C0FFFF0000) ctsFifoRkey=0x1c8b82 ctsFifoLkey=0x1c8b82
gx10-e146:65:75 [0] NCCL INFO NET/IB: ncclIbConnectImpl: IbDev 0 Port 1 qp_num 12246 query_ece={supported=1, vendor_id=0x15b3, options=0x30000002, comp_mask=0x0}
gx10-e146:65:75 [0] NCCL INFO NET/IB: Subnet-aware routing: overriding dev 1 with dev 0
gx10-e146:65:75 [0] NCCL INFO NET/IB: ncclIbSenderQpsCreate: QP created: port=1 dev=0 devName=rocep1s0f0 ndevs=4 nmdevs=4 qp_num=12247 pkey=0 pd=0xe4192807ddd0 oooRq=0
gx10-e146:65:75 [0] NCCL INFO NET/IB: ncclIbConnectImpl: NCCL Dev 0 IbDev 0 Port 1 qp_num 12247 mtu 5 GID 6 (0/166A8C0FFFF0000) ctsFifoRkey=0x1636e9 ctsFifoLkey=0x1636e9
gx10-e146:65:75 [0] NCCL INFO NET/IB: ncclIbConnectImpl: IbDev 0 Port 1 qp_num 12247 query_ece={supported=1, vendor_id=0x15b3, options=0x30000002, comp_mask=0x0}
gx10-e146:65:75 [0] NCCL INFO NET/IB: Subnet-aware routing: overriding dev 3 with dev 2
gx10-e146:65:75 [0] NCCL INFO NET/IB: Subnet-aware routing: overriding dev 1 with dev 0
gx10-e146:65:75 [0] NCCL INFO NET/IB: Subnet-aware routing: overriding dev 3 with dev 2
gx10-e146:65:75 [0] NCCL INFO NET/IB: Subnet-aware routing: overriding dev 1 with dev 0
gx10-e146:65:75 [0] NCCL INFO NET/IB: Subnet-aware routing: overriding dev 3 with dev 2
gx10-e146:65:75 [0] NCCL INFO NET/IB: Subnet-aware routing: overriding dev 1 with dev 0
gx10-e146:65:75 [0] NCCL INFO NET/IB: Subnet-aware routing: overriding dev 3 with dev 2
gx10-e146:65:75 [0] NCCL INFO NET/IB: Subnet-aware routing: overriding dev 0 with dev 1
gx10-e146:65:75 [0] NCCL INFO NET/IB: ncclIbReceiverQpsCreateToRts: QP created: port=1 dev=1 devName=rocep1s0f1 ndevs=4 nmdevs=4 qp_num=15582 pkey=0 pd=0xe41928109f50 oooRq=0
gx10-e146:65:75 [0] NCCL INFO NET/IB: ncclIbReceiverQpsCreateToRts: Flush QP created: port=1 dev=1 devName=rocep1s0f1 ndevs=4 nmdevs=4 qp_num=15583 pkey=0 pd=0xe41928109f50
gx10-e146:65:75 [0] NCCL INFO NET/IB: Subnet-aware routing: overriding dev 1 with dev 0
gx10-e146:65:75 [0] NCCL INFO NET/IB: Subnet-aware routing: overriding dev 3 with dev 2
gx10-e146:65:75 [0] NCCL INFO NET/IB: ncclIbSenderQpsToRts: Set ECE: IbDev 0 Port 1 qp_num 12246 set_ece={supported=1, vendor_id=0x15b3, options=0x30000002, comp_mask=0x0}
gx10-e146:65:75 [0] NCCL INFO NET/IB: Subnet-aware routing: overriding dev 1 with dev 0
gx10-e146:65:75 [0] NCCL INFO NET/IB: ncclIbSenderQpsToRts: Set ECE: IbDev 0 Port 1 qp_num 12247 set_ece={supported=1, vendor_id=0x15b3, options=0x30000002, comp_mask=0x0}
gx10-e146:65:75 [0] NCCL INFO NET/IB: ncclIbReceiverQpsCreateToRts: QP created: port=1 dev=1 devName=rocep1s0f1 ndevs=4 nmdevs=4 qp_num=15584 pkey=0 pd=0xe41928109f50 oooRq=0
gx10-e146:65:75 [0] NCCL INFO NET/IB: ncclIbReceiverQpsCreateToRts: Flush QP created: port=1 dev=1 devName=rocep1s0f1 ndevs=4 nmdevs=4 qp_num=15585 pkey=0 pd=0xe41928109f50
gx10-e146:65:75 [0] NCCL INFO NET/IB: ncclIbSenderQpsCreate: QP created: port=1 dev=2 devName=roceP2p1s0f0 ndevs=4 nmdevs=4 qp_num=1910 pkey=0 pd=0xe419281e0f80 oooRq=0
gx10-e146:65:75 [0] NCCL INFO NET/IB: ncclIbConnectImpl: NCCL Dev 2 IbDev 2 Port 1 qp_num 1910 mtu 5 GID 3 (0/170A8C0FFFF0000) ctsFifoRkey=0x192923 ctsFifoLkey=0x192923
gx10-e146:65:75 [0] NCCL INFO NET/IB: ncclIbConnectImpl: IbDev 2 Port 1 qp_num 1910 query_ece={supported=1, vendor_id=0x15b3, options=0x30000002, comp_mask=0x0}
gx10-e146:65:75 [0] NCCL INFO NET/IB: Subnet-aware routing: overriding dev 3 with dev 2
gx10-e146:65:75 [0] NCCL INFO NET/IB: Subnet-aware routing: overriding dev 3 with dev 2
gx10-e146:65:75 [0] NCCL INFO NET/IB: Subnet-aware routing: overriding dev 3 with dev 2
gx10-e146:65:75 [0] NCCL INFO NET/IB: Subnet-aware routing: overriding dev 3 with dev 2
gx10-e146:65:75 [0] NCCL INFO NET/IB: ncclIbSenderQpsToRts: Set ECE: IbDev 2 Port 1 qp_num 1910 set_ece={supported=1, vendor_id=0x15b3, options=0x30000002, comp_mask=0x0}
gx10-e146:65:75 [0] NCCL INFO NET/IB: Subnet-aware routing: overriding dev 2 with dev 3
gx10-e146:65:75 [0] NCCL INFO NET/IB: ncclIbReceiverQpsCreateToRts: QP created: port=1 dev=3 devName=roceP2p1s0f1 ndevs=4 nmdevs=4 qp_num=2660 pkey=0 pd=0xe419281dda80 oooRq=0
gx10-e146:65:75 [0] NCCL INFO NET/IB: ncclIbReceiverQpsCreateToRts: Flush QP created: port=1 dev=3 devName=roceP2p1s0f1 ndevs=4 nmdevs=4 qp_num=2661 pkey=0 pd=0xe419281dda80
gx10-e146:65:75 [0] NCCL INFO NET/IB: Subnet-aware routing: overriding dev 3 with dev 2
gx10-e146:65:75 [0] NCCL INFO NET/IB: ncclIbSenderQpsCreate: QP created: port=1 dev=2 devName=roceP2p1s0f0 ndevs=4 nmdevs=4 qp_num=1911 pkey=0 pd=0xe419281e0f80 oooRq=0
gx10-e146:65:75 [0] NCCL INFO NET/IB: ncclIbConnectImpl: NCCL Dev 2 IbDev 2 Port 1 qp_num 1911 mtu 5 GID 3 (0/170A8C0FFFF0000) ctsFifoRkey=0x18f3f2 ctsFifoLkey=0x18f3f2
gx10-e146:65:75 [0] NCCL INFO NET/IB: ncclIbConnectImpl: IbDev 2 Port 1 qp_num 1911 query_ece={supported=1, vendor_id=0x15b3, options=0x30000002, comp_mask=0x0}
gx10-e146:65:75 [0] NCCL INFO NET/IB: ncclIbReceiverQpsCreateToRts: QP created: port=1 dev=3 devName=roceP2p1s0f1 ndevs=4 nmdevs=4 qp_num=2662 pkey=0 pd=0xe419281dda80 oooRq=0
gx10-e146:65:75 [0] NCCL INFO NET/IB: ncclIbReceiverQpsCreateToRts: Flush QP created: port=1 dev=3 devName=roceP2p1s0f1 ndevs=4 nmdevs=4 qp_num=2663 pkey=0 pd=0xe419281dda80
gx10-e146:65:75 [0] NCCL INFO NET/IB: Subnet-aware routing: overriding dev 3 with dev 2
gx10-e146:65:75 [0] NCCL INFO NET/IB: Subnet-aware routing: overriding dev 3 with dev 2
gx10-e146:65:75 [0] NCCL INFO NET/IB: Subnet-aware routing: overriding dev 3 with dev 2
gx10-e146:65:75 [0] NCCL INFO NET/IB: Subnet-aware routing: overriding dev 3 with dev 2
gx10-e146:65:75 [0] NCCL INFO NET/IB: Subnet-aware routing: overriding dev 3 with dev 2
gx10-e146:65:75 [0] NCCL INFO NET/IB: Subnet-aware routing: overriding dev 3 with dev 2
gx10-e146:65:75 [0] NCCL INFO NET/IB: ncclIbSenderQpsToRts: Set ECE: IbDev 2 Port 1 qp_num 1911 set_ece={supported=1, vendor_id=0x15b3, options=0x30000002, comp_mask=0x0}
gx10-e146:65:65 [0] NCCL INFO Connected all rings, use ring PXN 0 GDR 0
########## NCCL_DEBUG from spark2 ##########
gx10-6b41:61:61 [0] NCCL INFO ncclOsDlopen(libnccl-env.so) failed: libnccl-env.so: cannot open shared object file: No such file or directory
gx10-6b41:61:61 [0] NCCL INFO ENV/Plugin: Could not find: libnccl-env.so
gx10-6b41:61:61 [0] NCCL INFO cudaDriverVersion 13000
gx10-6b41:61:61 [0] NCCL INFO NCCL_SOCKET_IFNAME set by environment to wlP9s9
gx10-6b41:61:61 [0] NCCL INFO NCCL_SOCKET_IFNAME set to wlP9s9
gx10-6b41:61:61 [0] NCCL INFO NCCL version 2.30.7+cuda13.3
gx10-6b41:61:61 [0] NCCL INFO NCCL git version HEAD a5187fa2e
gx10-6b41:61:61 [0] NCCL INFO Comm config nvlinkCentricSched set to 1
gx10-6b41:61:61 [0] NCCL INFO NCCL_NET_PLUGIN set by environment to none
gx10-6b41:61:61 [0] NCCL INFO NCCL_IB_DISABLE set by environment to 0.
gx10-6b41:61:61 [0] NCCL INFO dlvsym failed on mlx5dv_get_data_direct_sysfs_path - /lib/aarch64-linux-gnu/libmlx5.so: undefined symbol: mlx5dv_get_data_direct_sysfs_path, version MLX5_1.25 version MLX5_1.25
gx10-6b41:61:61 [0] NCCL INFO dlvsym failed on mlx5dv_reg_dmabuf_mr - /lib/aarch64-linux-gnu/libmlx5.so: undefined symbol: mlx5dv_reg_dmabuf_mr, version MLX5_1.25 version MLX5_1.25
gx10-6b41:61:61 [0] NCCL INFO NCCL_SOCKET_IFNAME set by environment to wlP9s9
gx10-6b41:61:61 [0] NCCL INFO NCCL_IB_HCA set to =rocep1s0f0,roceP2p1s0f0,rocep1s0f1,roceP2p1s0f1
gx10-6b41:61:61 [0] NCCL INFO NET/IB: [0] rocep1s0f0:uverbs0:1/RoCE provider=Mlx5 speed=200000 context=0xb4364253cfe0 pciPath=/sys/devices/pci0000:00/0000:00:00.0/0000:01:00.0 ar=0 oooRqSize=0
gx10-6b41:61:61 [0] NCCL INFO NET/IB: [1] rocep1s0f1:uverbs1:1/RoCE provider=Mlx5 speed=200000 context=0xb4364257e630 pciPath=/sys/devices/pci0000:00/0000:00:00.0/0000:01:00.0 ar=0 oooRqSize=0
gx10-6b41:61:61 [0] NCCL INFO NET/IB: [2] roceP2p1s0f0:uverbs2:1/RoCE provider=Mlx5 speed=200000 context=0xb436425bfc80 pciPath=/sys/devices/pci0002:00/0002:00:00.0/0002:01:00.0 ar=0 oooRqSize=0
gx10-6b41:61:61 [0] NCCL INFO NET/IB: [3] roceP2p1s0f1:uverbs3:1/RoCE provider=Mlx5 speed=200000 context=0xb436426012d0 pciPath=/sys/devices/pci0002:00/0002:00:00.0/0002:01:00.0 ar=0 oooRqSize=0
gx10-6b41:61:61 [0] NCCL INFO NCCL_IB_MERGE_NICS set by environment to 0.
gx10-6b41:61:61 [0] NCCL INFO NET/IB : Made virtual device [0] name=rocep1s0f0 speed=200000 ndevs=1 rail=-1 plane=-1
gx10-6b41:61:61 [0] NCCL INFO NET/IB : Made virtual device [1] name=rocep1s0f1 speed=200000 ndevs=1 rail=-1 plane=-1
gx10-6b41:61:61 [0] NCCL INFO NET/IB : Made virtual device [2] name=roceP2p1s0f0 speed=200000 ndevs=1 rail=-1 plane=-1
gx10-6b41:61:61 [0] NCCL INFO NET/IB : Made virtual device [3] name=roceP2p1s0f1 speed=200000 ndevs=1 rail=-1 plane=-1
gx10-6b41:61:61 [0] NCCL INFO NET/IB : Using [0]rocep1s0f0:1/RoCE [1]rocep1s0f1:1/RoCE [2]roceP2p1s0f0:1/RoCE [3]roceP2p1s0f1:1/RoCE [RO]; OOB wlP9s9:192.168.1.27<0>
gx10-6b41:61:61 [0] NCCL INFO Initialized NET plugin IB
gx10-6b41:61:61 [0] NCCL INFO Assigned NET plugin IB to comm
gx10-6b41:61:61 [0] NCCL INFO ncclOsDlopen(libnccl-rma.so) failed: libnccl-rma.so: cannot open shared object file: No such file or directory
gx10-6b41:61:61 [0] NCCL INFO RMA/Plugin: Could not find: libnccl-rma.so
gx10-6b41:61:61 [0] NCCL INFO RMA/Plugin: Failed to load external plugin libnccl-rma.so, dlHandle: (nil), ncclRma: (nil)
gx10-6b41:61:61 [0] NCCL INFO RMA/Plugin: Assigned plugin RMA_IB_PROXY to comm
gx10-6b41:61:61 [0] NCCL INFO ncclOsDlopen(libnccl-gin.so) failed: libnccl-gin.so: cannot open shared object file: No such file or directory
gx10-6b41:61:61 [0] NCCL INFO GIN/Plugin: Could not find: libnccl-gin.so
gx10-6b41:61:61 [0] NCCL INFO GIN/Plugin: Failed to load external plugin libnccl-gin.so, dlHandle: (nil), ncclGin: (nil)
gx10-6b41:61:61 [0] NCCL INFO GIN/Plugin: Assigned plugin GIN_IB_GDAKI type 3 to comm
gx10-6b41:61:61 [0] NCCL INFO Using network IB
gx10-6b41:61:61 [0] NCCL INFO Loaded NVML from libnvidia-ml.so.1
gx10-6b41:61:61 [0] NCCL INFO [Rank 2] ncclCommInitRankConfig comm 0xb4363fa7bde0 rank 2 nranks 3 cudaDev 0 nvmlDev 0 busId f01000 commId 0xdb141b70f6210ee8 - Init START
gx10-6b41:61:61 [0] NCCL INFO Socket handshake magic 0x564ab9f2fc4b9d6c (built-in default)
gx10-6b41:61:61 [0] NCCL INFO RAS client listening socket at 127.0.0.1<28028>
gx10-6b41:61:61 [0] NCCL INFO Topology detection: could not read /sys/devices/system/node/node4294967295/cpumap, using empty affinity
gx10-6b41:61:61 [0] NCCL INFO TOPO/NET : Importing network plugins to topology
gx10-6b41:61:61 [0] NCCL INFO NET/GIN_IB_GDAKI : GPU Direct RDMA Disabled for HCA 0 'rocep1s0f0'
gx10-6b41:61:61 [0] NCCL INFO ncclTopoPopulateNics : Filled rocep1s0f0 in topo with pciPath=/sys/devices/pci0000:00/0000:00:00.0/0000:01:00.0 net=0 gin=1 rma=(null) keep=1 coll=(null) rail=-1 plane=-1
gx10-6b41:61:61 [0] NCCL INFO NET/GIN_IB_GDAKI : GPU Direct RDMA Disabled for HCA 1 'rocep1s0f1'
gx10-6b41:61:61 [0] NCCL INFO ncclTopoPopulateNics : Filled rocep1s0f1 in topo with pciPath=/sys/devices/pci0000:00/0000:00:00.0/0000:01:00.0 net=0 gin=1 rma=(null) keep=1 coll=(null) rail=-1 plane=-1
gx10-6b41:61:61 [0] NCCL INFO NET/GIN_IB_GDAKI : GPU Direct RDMA Disabled for HCA 2 'roceP2p1s0f0'
gx10-6b41:61:61 [0] NCCL INFO ncclTopoPopulateNics : Filled roceP2p1s0f0 in topo with pciPath=/sys/devices/pci0002:00/0002:00:00.0/0002:01:00.0 net=0 gin=1 rma=(null) keep=1 coll=(null) rail=-1 plane=-1
gx10-6b41:61:61 [0] NCCL INFO NET/GIN_IB_GDAKI : GPU Direct RDMA Disabled for HCA 3 'roceP2p1s0f1'
gx10-6b41:61:61 [0] NCCL INFO ncclTopoPopulateNics : Filled roceP2p1s0f1 in topo with pciPath=/sys/devices/pci0002:00/0002:00:00.0/0002:01:00.0 net=0 gin=1 rma=(null) keep=1 coll=(null) rail=-1 plane=-1
gx10-6b41:61:61 [0] NCCL INFO NET/RMA_IB_PROXY : GPU Direct RDMA Disabled for HCA 0 'rocep1s0f0'
gx10-6b41:61:61 [0] NCCL INFO ncclTopoPopulateNics : Filled rocep1s0f0 in topo with pciPath=/sys/devices/pci0000:00/0000:00:00.0/0000:01:00.0 net=0 gin=1 rma=1 keep=1 coll=(null) rail=-1 plane=-1
gx10-6b41:61:61 [0] NCCL INFO NET/RMA_IB_PROXY : GPU Direct RDMA Disabled for HCA 1 'rocep1s0f1'
gx10-6b41:61:61 [0] NCCL INFO ncclTopoPopulateNics : Filled rocep1s0f1 in topo with pciPath=/sys/devices/pci0000:00/0000:00:00.0/0000:01:00.0 net=0 gin=1 rma=1 keep=1 coll=(null) rail=-1 plane=-1
gx10-6b41:61:61 [0] NCCL INFO NET/RMA_IB_PROXY : GPU Direct RDMA Disabled for HCA 2 'roceP2p1s0f0'
gx10-6b41:61:61 [0] NCCL INFO ncclTopoPopulateNics : Filled roceP2p1s0f0 in topo with pciPath=/sys/devices/pci0002:00/0002:00:00.0/0002:01:00.0 net=0 gin=1 rma=1 keep=1 coll=(null) rail=-1 plane=-1
gx10-6b41:61:61 [0] NCCL INFO NET/RMA_IB_PROXY : GPU Direct RDMA Disabled for HCA 3 'roceP2p1s0f1'
gx10-6b41:61:61 [0] NCCL INFO ncclTopoPopulateNics : Filled roceP2p1s0f1 in topo with pciPath=/sys/devices/pci0002:00/0002:00:00.0/0002:01:00.0 net=0 gin=1 rma=1 keep=1 coll=(null) rail=-1 plane=-1
gx10-6b41:61:61 [0] NCCL INFO NET/IB : GPU Direct RDMA Disabled for HCA 0 'rocep1s0f0'
gx10-6b41:61:61 [0] NCCL INFO ncclTopoPopulateNics : Filled rocep1s0f0 in topo with pciPath=/sys/devices/pci0000:00/0000:00:00.0/0000:01:00.0 net=1 gin=1 rma=1 keep=1 coll=(null) rail=-1 plane=-1
gx10-6b41:61:61 [0] NCCL INFO NET/IB : GPU Direct RDMA Disabled for HCA 1 'rocep1s0f1'
gx10-6b41:61:61 [0] NCCL INFO ncclTopoPopulateNics : Filled rocep1s0f1 in topo with pciPath=/sys/devices/pci0000:00/0000:00:00.0/0000:01:00.0 net=1 gin=1 rma=1 keep=1 coll=(null) rail=-1 plane=-1
gx10-6b41:61:61 [0] NCCL INFO NET/IB : GPU Direct RDMA Disabled for HCA 2 'roceP2p1s0f0'
gx10-6b41:61:61 [0] NCCL INFO ncclTopoPopulateNics : Filled roceP2p1s0f0 in topo with pciPath=/sys/devices/pci0002:00/0002:00:00.0/0002:01:00.0 net=1 gin=1 rma=1 keep=1 coll=(null) rail=-1 plane=-1
gx10-6b41:61:61 [0] NCCL INFO NET/IB : GPU Direct RDMA Disabled for HCA 3 'roceP2p1s0f1'
gx10-6b41:61:61 [0] NCCL INFO ncclTopoPopulateNics : Filled roceP2p1s0f1 in topo with pciPath=/sys/devices/pci0002:00/0002:00:00.0/0002:01:00.0 net=1 gin=1 rma=1 keep=1 coll=(null) rail=-1 plane=-1
gx10-6b41:61:61 [0] NCCL INFO NET/IB : Skipping makeVDevice, NCCL_IB_MERGE_NICS=0
gx10-6b41:61:61 [0] NCCL INFO TOPO/NET : Tried merging multiple devices together and failed. vProps={ndevs=2, devs=[0 1 0 0]}. Set NCCL_NET_MERGE_LEVEL=LOC to disable NIC fusion.
gx10-6b41:61:61 [0] NCCL INFO Marking physical devices as unplaced, increasing distance and restarting search.
gx10-6b41:61:61 [0] NCCL INFO NET/IB : Skipping makeVDevice, NCCL_IB_MERGE_NICS=0
gx10-6b41:61:61 [0] NCCL INFO TOPO/NET : Tried merging multiple devices together and failed. vProps={ndevs=2, devs=[2 3 0 0]}. Set NCCL_NET_MERGE_LEVEL=LOC to disable NIC fusion.
gx10-6b41:61:61 [0] NCCL INFO Marking physical devices as unplaced, increasing distance and restarting search.
gx10-6b41:61:61 [0] NCCL INFO === System : maxBw 12.0 totalBw 0.2 ===
gx10-6b41:61:61 [0] NCCL INFO CPU/0-ffffffffffffff (3/-1/-1)
gx10-6b41:61:61 [0] NCCL INFO + C2C[345.0] - DEV/0-f01000
gx10-6b41:61:61 [0] NCCL INFO + PCI[12.0] - NIC/0-1000
gx10-6b41:61:61 [0] NCCL INFO               + NET[25.0] - NET/0-0 (0/426bbe000399c530/1/25.000000)
gx10-6b41:61:61 [0] NCCL INFO               + NET[25.0] - GIN/0-0
gx10-6b41:61:61 [0] NCCL INFO               + NET[25.0] - RMA/0-0
gx10-6b41:61:61 [0] NCCL INFO               + NET[25.0] - NET/0-1 (0/426bbe000399c530/2/25.000000)
gx10-6b41:61:61 [0] NCCL INFO               + NET[25.0] - GIN/0-1
gx10-6b41:61:61 [0] NCCL INFO               + NET[25.0] - RMA/0-1
gx10-6b41:61:61 [0] NCCL INFO + PCI[12.0] - NIC/0-201000
gx10-6b41:61:61 [0] NCCL INFO               + NET[25.0] - NET/0-2 (0/426bbe000399c530/1/25.000000)
gx10-6b41:61:61 [0] NCCL INFO               + NET[25.0] - GIN/0-2
gx10-6b41:61:61 [0] NCCL INFO               + NET[25.0] - RMA/0-2
gx10-6b41:61:61 [0] NCCL INFO               + NET[25.0] - NET/0-3 (0/426bbe000399c530/2/25.000000)
gx10-6b41:61:61 [0] NCCL INFO               + NET[25.0] - GIN/0-3
gx10-6b41:61:61 [0] NCCL INFO               + NET[25.0] - RMA/0-3
gx10-6b41:61:61 [0] NCCL INFO + PCI[0.2] - DEV/0-f01000 (10de2e1210de0000)
gx10-6b41:61:61 [0] NCCL INFO              + LOC[5000.0] - GPU/0-f01000
gx10-6b41:61:61 [0] NCCL INFO              + C2C[345.0] - CPU/0-ffffffffffffff
gx10-6b41:61:61 [0] NCCL INFO ==========================================
gx10-6b41:61:61 [0] NCCL INFO GPU/0-f01000 :GPU/0-f01000 (0/5000.0/LOC) CPU/0-ffffffffffffff (2/345.0/C2C) NET/0-0 (4/12.0/P2C) NET/0-1 (4/12.0/P2C) NET/0-2 (4/12.0/P2C) NET/0-3 (4/12.0/P2C) GIN/0-0 (4/12.0/PHB) GIN/0-1 (4/12.0/PHB) GIN/0-2 (4/12.0/PHB) GIN/0-3 (4/12.0/PHB) RMA/0-0 (4/12.0/PHB) RMA/0-1 (4/12.0/PHB) RMA/0-2 (4/12.0/PHB) RMA/0-3 (4/12.0/PHB) DEV/0-f01000 (1/5000.0/LOC) 
gx10-6b41:61:61 [0] NCCL INFO NET/0-0 :GPU/0-f01000 (4/12.0/P2C) CPU/0-ffffffffffffff (2/12.0/PHB) NET/0-0 (0/5000.0/LOC) NET/0-1 (2/25.0/LOC) NET/0-2 (4/12.0/PHB) NET/0-3 (4/12.0/PHB) GIN/0-0 (2/25.0/LOC) GIN/0-1 (2/25.0/LOC) GIN/0-2 (4/12.0/PHB) GIN/0-3 (4/12.0/PHB) RMA/0-0 (2/25.0/LOC) RMA/0-1 (2/25.0/LOC) RMA/0-2 (4/12.0/PHB) RMA/0-3 (4/12.0/PHB) DEV/0-f01000 (3/12.0/PHB) 
gx10-6b41:61:61 [0] NCCL INFO NET/0-1 :GPU/0-f01000 (4/12.0/P2C) CPU/0-ffffffffffffff (2/12.0/PHB) NET/0-0 (2/25.0/LOC) NET/0-1 (0/5000.0/LOC) NET/0-2 (4/12.0/PHB) NET/0-3 (4/12.0/PHB) GIN/0-0 (2/25.0/LOC) GIN/0-1 (2/25.0/LOC) GIN/0-2 (4/12.0/PHB) GIN/0-3 (4/12.0/PHB) RMA/0-0 (2/25.0/LOC) RMA/0-1 (2/25.0/LOC) RMA/0-2 (4/12.0/PHB) RMA/0-3 (4/12.0/PHB) DEV/0-f01000 (3/12.0/PHB) 
gx10-6b41:61:61 [0] NCCL INFO NET/0-2 :GPU/0-f01000 (4/12.0/P2C) CPU/0-ffffffffffffff (2/12.0/PHB) NET/0-0 (4/12.0/PHB) NET/0-1 (4/12.0/PHB) NET/0-2 (0/5000.0/LOC) NET/0-3 (2/25.0/LOC) GIN/0-0 (4/12.0/PHB) GIN/0-1 (4/12.0/PHB) GIN/0-2 (2/25.0/LOC) GIN/0-3 (2/25.0/LOC) RMA/0-0 (4/12.0/PHB) RMA/0-1 (4/12.0/PHB) RMA/0-2 (2/25.0/LOC) RMA/0-3 (2/25.0/LOC) DEV/0-f01000 (3/12.0/PHB) 
gx10-6b41:61:61 [0] NCCL INFO NET/0-3 :GPU/0-f01000 (4/12.0/P2C) CPU/0-ffffffffffffff (2/12.0/PHB) NET/0-0 (4/12.0/PHB) NET/0-1 (4/12.0/PHB) NET/0-2 (2/25.0/LOC) NET/0-3 (0/5000.0/LOC) GIN/0-0 (4/12.0/PHB) GIN/0-1 (4/12.0/PHB) GIN/0-2 (2/25.0/LOC) GIN/0-3 (2/25.0/LOC) RMA/0-0 (4/12.0/PHB) RMA/0-1 (4/12.0/PHB) RMA/0-2 (2/25.0/LOC) RMA/0-3 (2/25.0/LOC) DEV/0-f01000 (3/12.0/PHB) 
gx10-6b41:61:61 [0] NCCL INFO GIN/0-0 :GPU/0-f01000 (4/12.0/PHB) CPU/0-ffffffffffffff (2/12.0/PHB) NET/0-0 (2/25.0/LOC) NET/0-1 (2/25.0/LOC) NET/0-2 (4/12.0/PHB) NET/0-3 (4/12.0/PHB) GIN/0-0 (0/5000.0/LOC) GIN/0-1 (2/25.0/LOC) GIN/0-2 (4/12.0/PHB) GIN/0-3 (4/12.0/PHB) RMA/0-0 (2/25.0/LOC) RMA/0-1 (2/25.0/LOC) RMA/0-2 (4/12.0/PHB) RMA/0-3 (4/12.0/PHB) DEV/0-f01000 (3/12.0/PHB) 
gx10-6b41:61:61 [0] NCCL INFO GIN/0-1 :GPU/0-f01000 (4/12.0/PHB) CPU/0-ffffffffffffff (2/12.0/PHB) NET/0-0 (2/25.0/LOC) NET/0-1 (2/25.0/LOC) NET/0-2 (4/12.0/PHB) NET/0-3 (4/12.0/PHB) GIN/0-0 (2/25.0/LOC) GIN/0-1 (0/5000.0/LOC) GIN/0-2 (4/12.0/PHB) GIN/0-3 (4/12.0/PHB) RMA/0-0 (2/25.0/LOC) RMA/0-1 (2/25.0/LOC) RMA/0-2 (4/12.0/PHB) RMA/0-3 (4/12.0/PHB) DEV/0-f01000 (3/12.0/PHB) 
gx10-6b41:61:61 [0] NCCL INFO GIN/0-2 :GPU/0-f01000 (4/12.0/PHB) CPU/0-ffffffffffffff (2/12.0/PHB) NET/0-0 (4/12.0/PHB) NET/0-1 (4/12.0/PHB) NET/0-2 (2/25.0/LOC) NET/0-3 (2/25.0/LOC) GIN/0-0 (4/12.0/PHB) GIN/0-1 (4/12.0/PHB) GIN/0-2 (0/5000.0/LOC) GIN/0-3 (2/25.0/LOC) RMA/0-0 (4/12.0/PHB) RMA/0-1 (4/12.0/PHB) RMA/0-2 (2/25.0/LOC) RMA/0-3 (2/25.0/LOC) DEV/0-f01000 (3/12.0/PHB) 
gx10-6b41:61:61 [0] NCCL INFO GIN/0-3 :GPU/0-f01000 (4/12.0/PHB) CPU/0-ffffffffffffff (2/12.0/PHB) NET/0-0 (4/12.0/PHB) NET/0-1 (4/12.0/PHB) NET/0-2 (2/25.0/LOC) NET/0-3 (2/25.0/LOC) GIN/0-0 (4/12.0/PHB) GIN/0-1 (4/12.0/PHB) GIN/0-2 (2/25.0/LOC) GIN/0-3 (0/5000.0/LOC) RMA/0-0 (4/12.0/PHB) RMA/0-1 (4/12.0/PHB) RMA/0-2 (2/25.0/LOC) RMA/0-3 (2/25.0/LOC) DEV/0-f01000 (3/12.0/PHB) 
gx10-6b41:61:61 [0] NCCL INFO RMA/0-0 :GPU/0-f01000 (4/12.0/PHB) CPU/0-ffffffffffffff (2/12.0/PHB) NET/0-0 (2/25.0/LOC) NET/0-1 (2/25.0/LOC) NET/0-2 (4/12.0/PHB) NET/0-3 (4/12.0/PHB) GIN/0-0 (2/25.0/LOC) GIN/0-1 (2/25.0/LOC) GIN/0-2 (4/12.0/PHB) GIN/0-3 (4/12.0/PHB) RMA/0-0 (0/5000.0/LOC) RMA/0-1 (2/25.0/LOC) RMA/0-2 (4/12.0/PHB) RMA/0-3 (4/12.0/PHB) DEV/0-f01000 (3/12.0/PHB) 
gx10-6b41:61:61 [0] NCCL INFO RMA/0-1 :GPU/0-f01000 (4/12.0/PHB) CPU/0-ffffffffffffff (2/12.0/PHB) NET/0-0 (2/25.0/LOC) NET/0-1 (2/25.0/LOC) NET/0-2 (4/12.0/PHB) NET/0-3 (4/12.0/PHB) GIN/0-0 (2/25.0/LOC) GIN/0-1 (2/25.0/LOC) GIN/0-2 (4/12.0/PHB) GIN/0-3 (4/12.0/PHB) RMA/0-0 (2/25.0/LOC) RMA/0-1 (0/5000.0/LOC) RMA/0-2 (4/12.0/PHB) RMA/0-3 (4/12.0/PHB) DEV/0-f01000 (3/12.0/PHB) 
gx10-6b41:61:61 [0] NCCL INFO RMA/0-2 :GPU/0-f01000 (4/12.0/PHB) CPU/0-ffffffffffffff (2/12.0/PHB) NET/0-0 (4/12.0/PHB) NET/0-1 (4/12.0/PHB) NET/0-2 (2/25.0/LOC) NET/0-3 (2/25.0/LOC) GIN/0-0 (4/12.0/PHB) GIN/0-1 (4/12.0/PHB) GIN/0-2 (2/25.0/LOC) GIN/0-3 (2/25.0/LOC) RMA/0-0 (4/12.0/PHB) RMA/0-1 (4/12.0/PHB) RMA/0-2 (0/5000.0/LOC) RMA/0-3 (2/25.0/LOC) DEV/0-f01000 (3/12.0/PHB) 
gx10-6b41:61:61 [0] NCCL INFO RMA/0-3 :GPU/0-f01000 (4/12.0/PHB) CPU/0-ffffffffffffff (2/12.0/PHB) NET/0-0 (4/12.0/PHB) NET/0-1 (4/12.0/PHB) NET/0-2 (2/25.0/LOC) NET/0-3 (2/25.0/LOC) GIN/0-0 (4/12.0/PHB) GIN/0-1 (4/12.0/PHB) GIN/0-2 (2/25.0/LOC) GIN/0-3 (2/25.0/LOC) RMA/0-0 (4/12.0/PHB) RMA/0-1 (4/12.0/PHB) RMA/0-2 (2/25.0/LOC) RMA/0-3 (0/5000.0/LOC) DEV/0-f01000 (3/12.0/PHB) 
gx10-6b41:61:61 [0] NCCL INFO ncclTopoGetCpuAffinity: Affinity for GPU 0 is empty, ignoring. (GPU affinity =  ; CPU affinity = 0-19).
gx10-6b41:61:61 [0] NCCL INFO Pattern 4, crossNic 0, nChannels 32, bw 0.240000/0.240000, type LOC/P2C, sameChannels 1
gx10-6b41:61:61 [0] NCCL INFO  0 : NET/0-0 GPU/0-f01000 NET/0-0
gx10-6b41:61:61 [0] NCCL INFO  1 : NET/0-1 GPU/0-f01000 NET/0-1
gx10-6b41:61:61 [0] NCCL INFO  2 : NET/0-2 GPU/0-f01000 NET/0-0
gx10-6b41:61:61 [0] NCCL INFO  3 : NET/0-3 GPU/0-f01000 NET/0-1
gx10-6b41:61:61 [0] NCCL INFO  4 : NET/0-0 GPU/0-f01000 NET/0-0
gx10-6b41:61:61 [0] NCCL INFO  5 : NET/0-1 GPU/0-f01000 NET/0-1
gx10-6b41:61:61 [0] NCCL INFO  6 : NET/0-2 GPU/0-f01000 NET/0-0
gx10-6b41:61:61 [0] NCCL INFO  7 : NET/0-3 GPU/0-f01000 NET/0-1
gx10-6b41:61:61 [0] NCCL INFO  8 : NET/0-0 GPU/0-f01000 NET/0-0
gx10-6b41:61:61 [0] NCCL INFO  9 : NET/0-1 GPU/0-f01000 NET/0-1
gx10-6b41:61:61 [0] NCCL INFO 10 : NET/0-2 GPU/0-f01000 NET/0-0
gx10-6b41:61:61 [0] NCCL INFO 11 : NET/0-3 GPU/0-f01000 NET/0-1
gx10-6b41:61:61 [0] NCCL INFO 12 : NET/0-0 GPU/0-f01000 NET/0-0
gx10-6b41:61:61 [0] NCCL INFO 13 : NET/0-1 GPU/0-f01000 NET/0-1
gx10-6b41:61:61 [0] NCCL INFO 14 : NET/0-2 GPU/0-f01000 NET/0-0
gx10-6b41:61:61 [0] NCCL INFO 15 : NET/0-3 GPU/0-f01000 NET/0-1
gx10-6b41:61:61 [0] NCCL INFO 16 : NET/0-0 GPU/0-f01000 NET/0-0
gx10-6b41:61:61 [0] NCCL INFO 17 : NET/0-1 GPU/0-f01000 NET/0-1
gx10-6b41:61:61 [0] NCCL INFO 18 : NET/0-2 GPU/0-f01000 NET/0-0
gx10-6b41:61:61 [0] NCCL INFO 19 : NET/0-3 GPU/0-f01000 NET/0-1
gx10-6b41:61:61 [0] NCCL INFO 20 : NET/0-0 GPU/0-f01000 NET/0-0
gx10-6b41:61:61 [0] NCCL INFO 21 : NET/0-1 GPU/0-f01000 NET/0-1
gx10-6b41:61:61 [0] NCCL INFO 22 : NET/0-2 GPU/0-f01000 NET/0-0
gx10-6b41:61:61 [0] NCCL INFO 23 : NET/0-3 GPU/0-f01000 NET/0-1
gx10-6b41:61:61 [0] NCCL INFO 24 : NET/0-0 GPU/0-f01000 NET/0-0
gx10-6b41:61:61 [0] NCCL INFO 25 : NET/0-1 GPU/0-f01000 NET/0-1
gx10-6b41:61:61 [0] NCCL INFO 26 : NET/0-2 GPU/0-f01000 NET/0-0
gx10-6b41:61:61 [0] NCCL INFO 27 : NET/0-3 GPU/0-f01000 NET/0-1
gx10-6b41:61:61 [0] NCCL INFO 28 : NET/0-0 GPU/0-f01000 NET/0-0
gx10-6b41:61:61 [0] NCCL INFO 29 : NET/0-1 GPU/0-f01000 NET/0-1
gx10-6b41:61:61 [0] NCCL INFO 30 : NET/0-2 GPU/0-f01000 NET/0-0
gx10-6b41:61:61 [0] NCCL INFO 31 : NET/0-3 GPU/0-f01000 NET/0-1
gx10-6b41:61:61 [0] NCCL INFO Pattern 3, crossNic 0, nChannels 32, bw 0.240000/0.120000, type LOC/P2C, sameChannels 1
gx10-6b41:61:61 [0] NCCL INFO  0 : NET/0-0 GPU/0-f01000 NET/0-0
gx10-6b41:61:61 [0] NCCL INFO  1 : NET/0-1 GPU/0-f01000 NET/0-1
gx10-6b41:61:61 [0] NCCL INFO  2 : NET/0-2 GPU/0-f01000 NET/0-2
gx10-6b41:61:61 [0] NCCL INFO  3 : NET/0-3 GPU/0-f01000 NET/0-3
gx10-6b41:61:61 [0] NCCL INFO  4 : NET/0-0 GPU/0-f01000 NET/0-0
gx10-6b41:61:61 [0] NCCL INFO  5 : NET/0-1 GPU/0-f01000 NET/0-1
gx10-6b41:61:61 [0] NCCL INFO  6 : NET/0-2 GPU/0-f01000 NET/0-2
gx10-6b41:61:61 [0] NCCL INFO  7 : NET/0-3 GPU/0-f01000 NET/0-3
gx10-6b41:61:61 [0] NCCL INFO  8 : NET/0-0 GPU/0-f01000 NET/0-0
gx10-6b41:61:61 [0] NCCL INFO  9 : NET/0-1 GPU/0-f01000 NET/0-1
gx10-6b41:61:61 [0] NCCL INFO 10 : NET/0-2 GPU/0-f01000 NET/0-2
gx10-6b41:61:61 [0] NCCL INFO 11 : NET/0-3 GPU/0-f01000 NET/0-3
gx10-6b41:61:61 [0] NCCL INFO 12 : NET/0-0 GPU/0-f01000 NET/0-0
gx10-6b41:61:61 [0] NCCL INFO 13 : NET/0-1 GPU/0-f01000 NET/0-1
gx10-6b41:61:61 [0] NCCL INFO 14 : NET/0-2 GPU/0-f01000 NET/0-2
gx10-6b41:61:61 [0] NCCL INFO 15 : NET/0-3 GPU/0-f01000 NET/0-3
gx10-6b41:61:61 [0] NCCL INFO 16 : NET/0-0 GPU/0-f01000 NET/0-0
gx10-6b41:61:61 [0] NCCL INFO 17 : NET/0-1 GPU/0-f01000 NET/0-1
gx10-6b41:61:61 [0] NCCL INFO 18 : NET/0-2 GPU/0-f01000 NET/0-2
gx10-6b41:61:61 [0] NCCL INFO 19 : NET/0-3 GPU/0-f01000 NET/0-3
gx10-6b41:61:61 [0] NCCL INFO 20 : NET/0-0 GPU/0-f01000 NET/0-0
gx10-6b41:61:61 [0] NCCL INFO 21 : NET/0-1 GPU/0-f01000 NET/0-1
gx10-6b41:61:61 [0] NCCL INFO 22 : NET/0-2 GPU/0-f01000 NET/0-2
gx10-6b41:61:61 [0] NCCL INFO 23 : NET/0-3 GPU/0-f01000 NET/0-3
gx10-6b41:61:61 [0] NCCL INFO 24 : NET/0-0 GPU/0-f01000 NET/0-0
gx10-6b41:61:61 [0] NCCL INFO 25 : NET/0-1 GPU/0-f01000 NET/0-1
gx10-6b41:61:61 [0] NCCL INFO 26 : NET/0-2 GPU/0-f01000 NET/0-2
gx10-6b41:61:61 [0] NCCL INFO 27 : NET/0-3 GPU/0-f01000 NET/0-3
gx10-6b41:61:61 [0] NCCL INFO 28 : NET/0-0 GPU/0-f01000 NET/0-0
gx10-6b41:61:61 [0] NCCL INFO 29 : NET/0-1 GPU/0-f01000 NET/0-1
gx10-6b41:61:61 [0] NCCL INFO 30 : NET/0-2 GPU/0-f01000 NET/0-2
gx10-6b41:61:61 [0] NCCL INFO 31 : NET/0-3 GPU/0-f01000 NET/0-3
gx10-6b41:61:61 [0] NCCL INFO Rank 2: 4 Net devices
gx10-6b41:61:61 [0] NCCL INFO Rank 2: 0 CollNet devices
gx10-6b41:61:61 [0] NCCL INFO comm 0xb4363fa7bde0 rank 2 nRanks 3 nNodes 3 localRanks 1 localRank 0 MNNVL 0
gx10-6b41:61:61 [0] NCCL INFO Tree 0 : 0 -> 2 -> 1/-1/-1
gx10-6b41:61:61 [0] NCCL INFO Tree 32 : 0 -> 2 -> -1/-1/-1
gx10-6b41:61:61 [0] NCCL INFO Tree 1 : 0 -> 2 -> 1/-1/-1
gx10-6b41:61:61 [0] NCCL INFO Tree 33 : 0 -> 2 -> -1/-1/-1
gx10-6b41:61:61 [0] NCCL INFO Tree 2 : 0 -> 2 -> 1/-1/-1
gx10-6b41:61:61 [0] NCCL INFO Tree 34 : 0 -> 2 -> -1/-1/-1
gx10-6b41:61:61 [0] NCCL INFO Tree 3 : 0 -> 2 -> 1/-1/-1
gx10-6b41:61:61 [0] NCCL INFO Tree 35 : 0 -> 2 -> -1/-1/-1
gx10-6b41:61:61 [0] NCCL INFO Tree 4 : 0 -> 2 -> 1/-1/-1
gx10-6b41:61:61 [0] NCCL INFO Tree 36 : 0 -> 2 -> -1/-1/-1
gx10-6b41:61:61 [0] NCCL INFO Tree 5 : 0 -> 2 -> 1/-1/-1
gx10-6b41:61:61 [0] NCCL INFO Tree 37 : 0 -> 2 -> -1/-1/-1
gx10-6b41:61:61 [0] NCCL INFO Tree 6 : 0 -> 2 -> 1/-1/-1
gx10-6b41:61:61 [0] NCCL INFO Tree 38 : 0 -> 2 -> -1/-1/-1
gx10-6b41:61:61 [0] NCCL INFO Tree 7 : 0 -> 2 -> 1/-1/-1
gx10-6b41:61:61 [0] NCCL INFO Tree 39 : 0 -> 2 -> -1/-1/-1
gx10-6b41:61:61 [0] NCCL INFO Tree 8 : 0 -> 2 -> 1/-1/-1
gx10-6b41:61:61 [0] NCCL INFO Tree 40 : 0 -> 2 -> -1/-1/-1
gx10-6b41:61:61 [0] NCCL INFO Tree 9 : 0 -> 2 -> 1/-1/-1
gx10-6b41:61:61 [0] NCCL INFO Tree 41 : 0 -> 2 -> -1/-1/-1
gx10-6b41:61:61 [0] NCCL INFO Tree 10 : 0 -> 2 -> 1/-1/-1
gx10-6b41:61:61 [0] NCCL INFO Tree 42 : 0 -> 2 -> -1/-1/-1
gx10-6b41:61:61 [0] NCCL INFO Tree 11 : 0 -> 2 -> 1/-1/-1
gx10-6b41:61:61 [0] NCCL INFO Tree 43 : 0 -> 2 -> -1/-1/-1
gx10-6b41:61:61 [0] NCCL INFO Tree 12 : 0 -> 2 -> 1/-1/-1
gx10-6b41:61:61 [0] NCCL INFO Tree 44 : 0 -> 2 -> -1/-1/-1
gx10-6b41:61:61 [0] NCCL INFO Tree 13 : 0 -> 2 -> 1/-1/-1
gx10-6b41:61:61 [0] NCCL INFO Tree 45 : 0 -> 2 -> -1/-1/-1
gx10-6b41:61:61 [0] NCCL INFO Tree 14 : 0 -> 2 -> 1/-1/-1
gx10-6b41:61:61 [0] NCCL INFO Tree 46 : 0 -> 2 -> -1/-1/-1
gx10-6b41:61:61 [0] NCCL INFO Tree 15 : 0 -> 2 -> 1/-1/-1
gx10-6b41:61:61 [0] NCCL INFO Tree 47 : 0 -> 2 -> -1/-1/-1
gx10-6b41:61:61 [0] NCCL INFO Tree 16 : 0 -> 2 -> 1/-1/-1
gx10-6b41:61:61 [0] NCCL INFO Tree 48 : 0 -> 2 -> -1/-1/-1
gx10-6b41:61:61 [0] NCCL INFO Tree 17 : 0 -> 2 -> 1/-1/-1
gx10-6b41:61:61 [0] NCCL INFO Tree 49 : 0 -> 2 -> -1/-1/-1
gx10-6b41:61:61 [0] NCCL INFO Tree 18 : 0 -> 2 -> 1/-1/-1
gx10-6b41:61:61 [0] NCCL INFO Tree 50 : 0 -> 2 -> -1/-1/-1
gx10-6b41:61:61 [0] NCCL INFO Tree 19 : 0 -> 2 -> 1/-1/-1
gx10-6b41:61:61 [0] NCCL INFO Tree 51 : 0 -> 2 -> -1/-1/-1
gx10-6b41:61:61 [0] NCCL INFO Tree 20 : 0 -> 2 -> 1/-1/-1
gx10-6b41:61:61 [0] NCCL INFO Tree 52 : 0 -> 2 -> -1/-1/-1
gx10-6b41:61:61 [0] NCCL INFO Tree 21 : 0 -> 2 -> 1/-1/-1
gx10-6b41:61:61 [0] NCCL INFO Tree 53 : 0 -> 2 -> -1/-1/-1
gx10-6b41:61:61 [0] NCCL INFO Tree 22 : 0 -> 2 -> 1/-1/-1
gx10-6b41:61:61 [0] NCCL INFO Tree 54 : 0 -> 2 -> -1/-1/-1
gx10-6b41:61:61 [0] NCCL INFO Tree 23 : 0 -> 2 -> 1/-1/-1
gx10-6b41:61:61 [0] NCCL INFO Tree 55 : 0 -> 2 -> -1/-1/-1
gx10-6b41:61:61 [0] NCCL INFO Tree 24 : 0 -> 2 -> 1/-1/-1
gx10-6b41:61:61 [0] NCCL INFO Tree 56 : 0 -> 2 -> -1/-1/-1
gx10-6b41:61:61 [0] NCCL INFO Tree 25 : 0 -> 2 -> 1/-1/-1
gx10-6b41:61:61 [0] NCCL INFO Tree 57 : 0 -> 2 -> -1/-1/-1
gx10-6b41:61:61 [0] NCCL INFO Tree 26 : 0 -> 2 -> 1/-1/-1
gx10-6b41:61:61 [0] NCCL INFO Tree 58 : 0 -> 2 -> -1/-1/-1
gx10-6b41:61:61 [0] NCCL INFO Tree 27 : 0 -> 2 -> 1/-1/-1
gx10-6b41:61:61 [0] NCCL INFO Tree 59 : 0 -> 2 -> -1/-1/-1
gx10-6b41:61:61 [0] NCCL INFO Tree 28 : 0 -> 2 -> 1/-1/-1
gx10-6b41:61:61 [0] NCCL INFO Tree 60 : 0 -> 2 -> -1/-1/-1
gx10-6b41:61:61 [0] NCCL INFO Tree 29 : 0 -> 2 -> 1/-1/-1
gx10-6b41:61:61 [0] NCCL INFO Tree 61 : 0 -> 2 -> -1/-1/-1
gx10-6b41:61:61 [0] NCCL INFO Tree 30 : 0 -> 2 -> 1/-1/-1
gx10-6b41:61:61 [0] NCCL INFO Tree 62 : 0 -> 2 -> -1/-1/-1
gx10-6b41:61:61 [0] NCCL INFO Tree 31 : 0 -> 2 -> 1/-1/-1
gx10-6b41:61:61 [0] NCCL INFO Tree 63 : 0 -> 2 -> -1/-1/-1
gx10-6b41:61:61 [0] NCCL INFO Ring 00 : 1 -> 2 -> 0
gx10-6b41:61:61 [0] NCCL INFO Ring 01 : 1 -> 2 -> 0
gx10-6b41:61:61 [0] NCCL INFO Ring 02 : 1 -> 2 -> 0
gx10-6b41:61:61 [0] NCCL INFO Ring 03 : 1 -> 2 -> 0
gx10-6b41:61:61 [0] NCCL INFO Ring 04 : 1 -> 2 -> 0
gx10-6b41:61:61 [0] NCCL INFO Ring 05 : 1 -> 2 -> 0
gx10-6b41:61:61 [0] NCCL INFO Ring 06 : 1 -> 2 -> 0
gx10-6b41:61:61 [0] NCCL INFO Ring 07 : 1 -> 2 -> 0
gx10-6b41:61:61 [0] NCCL INFO Ring 08 : 1 -> 2 -> 0
gx10-6b41:61:61 [0] NCCL INFO Ring 09 : 1 -> 2 -> 0
gx10-6b41:61:61 [0] NCCL INFO Ring 10 : 1 -> 2 -> 0
gx10-6b41:61:61 [0] NCCL INFO Ring 11 : 1 -> 2 -> 0
gx10-6b41:61:61 [0] NCCL INFO Ring 12 : 1 -> 2 -> 0
gx10-6b41:61:61 [0] NCCL INFO Ring 13 : 1 -> 2 -> 0
gx10-6b41:61:61 [0] NCCL INFO Ring 14 : 1 -> 2 -> 0
gx10-6b41:61:61 [0] NCCL INFO Ring 15 : 1 -> 2 -> 0
gx10-6b41:61:61 [0] NCCL INFO Ring 16 : 1 -> 2 -> 0
gx10-6b41:61:61 [0] NCCL INFO Ring 17 : 1 -> 2 -> 0
gx10-6b41:61:61 [0] NCCL INFO Ring 18 : 1 -> 2 -> 0
gx10-6b41:61:61 [0] NCCL INFO Ring 19 : 1 -> 2 -> 0
gx10-6b41:61:61 [0] NCCL INFO Ring 20 : 1 -> 2 -> 0
gx10-6b41:61:61 [0] NCCL INFO Ring 21 : 1 -> 2 -> 0
gx10-6b41:61:61 [0] NCCL INFO Ring 22 : 1 -> 2 -> 0
gx10-6b41:61:61 [0] NCCL INFO Ring 23 : 1 -> 2 -> 0
gx10-6b41:61:61 [0] NCCL INFO Ring 24 : 1 -> 2 -> 0
gx10-6b41:61:61 [0] NCCL INFO Ring 25 : 1 -> 2 -> 0
gx10-6b41:61:61 [0] NCCL INFO Ring 26 : 1 -> 2 -> 0
gx10-6b41:61:61 [0] NCCL INFO Ring 27 : 1 -> 2 -> 0
gx10-6b41:61:61 [0] NCCL INFO Ring 28 : 1 -> 2 -> 0
gx10-6b41:61:61 [0] NCCL INFO Ring 29 : 1 -> 2 -> 0
gx10-6b41:61:61 [0] NCCL INFO Ring 30 : 1 -> 2 -> 0
gx10-6b41:61:61 [0] NCCL INFO Ring 31 : 1 -> 2 -> 0
gx10-6b41:61:61 [0] NCCL INFO Ring 32 : 1 -> 2 -> 0
gx10-6b41:61:61 [0] NCCL INFO Ring 33 : 1 -> 2 -> 0
gx10-6b41:61:61 [0] NCCL INFO Ring 34 : 1 -> 2 -> 0
gx10-6b41:61:61 [0] NCCL INFO Ring 35 : 1 -> 2 -> 0
gx10-6b41:61:61 [0] NCCL INFO Ring 36 : 1 -> 2 -> 0
gx10-6b41:61:61 [0] NCCL INFO Ring 37 : 1 -> 2 -> 0
gx10-6b41:61:61 [0] NCCL INFO Ring 38 : 1 -> 2 -> 0
gx10-6b41:61:61 [0] NCCL INFO Ring 39 : 1 -> 2 -> 0
gx10-6b41:61:61 [0] NCCL INFO Ring 40 : 1 -> 2 -> 0
gx10-6b41:61:61 [0] NCCL INFO Ring 41 : 1 -> 2 -> 0
gx10-6b41:61:61 [0] NCCL INFO Ring 42 : 1 -> 2 -> 0
gx10-6b41:61:61 [0] NCCL INFO Ring 43 : 1 -> 2 -> 0
gx10-6b41:61:61 [0] NCCL INFO Ring 44 : 1 -> 2 -> 0
gx10-6b41:61:61 [0] NCCL INFO Ring 45 : 1 -> 2 -> 0
gx10-6b41:61:61 [0] NCCL INFO Ring 46 : 1 -> 2 -> 0
gx10-6b41:61:61 [0] NCCL INFO Ring 47 : 1 -> 2 -> 0
gx10-6b41:61:61 [0] NCCL INFO Ring 48 : 1 -> 2 -> 0
gx10-6b41:61:61 [0] NCCL INFO Ring 49 : 1 -> 2 -> 0
gx10-6b41:61:61 [0] NCCL INFO Ring 50 : 1 -> 2 -> 0
gx10-6b41:61:61 [0] NCCL INFO Ring 51 : 1 -> 2 -> 0
gx10-6b41:61:61 [0] NCCL INFO Ring 52 : 1 -> 2 -> 0
gx10-6b41:61:61 [0] NCCL INFO Ring 53 : 1 -> 2 -> 0
gx10-6b41:61:61 [0] NCCL INFO Ring 54 : 1 -> 2 -> 0
gx10-6b41:61:61 [0] NCCL INFO Ring 55 : 1 -> 2 -> 0
gx10-6b41:61:61 [0] NCCL INFO Ring 56 : 1 -> 2 -> 0
gx10-6b41:61:61 [0] NCCL INFO Ring 57 : 1 -> 2 -> 0
gx10-6b41:61:61 [0] NCCL INFO Ring 58 : 1 -> 2 -> 0
gx10-6b41:61:61 [0] NCCL INFO Ring 59 : 1 -> 2 -> 0
gx10-6b41:61:61 [0] NCCL INFO Ring 60 : 1 -> 2 -> 0
gx10-6b41:61:61 [0] NCCL INFO Ring 61 : 1 -> 2 -> 0
gx10-6b41:61:61 [0] NCCL INFO Ring 62 : 1 -> 2 -> 0
gx10-6b41:61:61 [0] NCCL INFO Ring 63 : 1 -> 2 -> 0
gx10-6b41:61:61 [0] NCCL INFO Trees [0] 1/-1/-1->2->0 [1] 1/-1/-1->2->0 [2] 1/-1/-1->2->0 [3] 1/-1/-1->2->0 [4] 1/-1/-1->2->0 [5] 1/-1/-1->2->0 [6] 1/-1/-1->2->0 [7] 1/-1/-1->2->0 [8] 1/-1/-1->2->0 [9] 1/-1/-1->2->0 [10] 1/-1/-1->2->0 [11] 1/-1/-1->2->0 [12] 1/-1/-1->2->0 [13] 1/-1/-1->2->0 [14] 1/-1/-1->2->0 [15] 1/-1/-1->2->0 [16] 1/-1/-1->2->0 [17] 1/-1/-1->2->0 [18] 1/-1/-1->2->0 [19] 1/-1/-1->2->0 [20] 1/-1/-1->2->0 [21] 1/-1/-1->2->0 [22] 1/-1/-1->2->0 [23] 1/-1/-1->2->0 [24] 1/-1/-1->2->0 [25] 1/-1/-1->2->0 [26] 1/-1/-1->2->0 [27] 1/-1/-1->2->0 [28] 1/-1/-1->2->0 [29] 1/-1/-1->2->0 [30] 1/-1/-1->2->0 [31] 1/-1/-1->2->0 [32] -1/-1/-1->2->0 [33] -1/-1/-1->2->0 [34] -1/-1/-1->2->0 [35] -1/-1/-1->2->0 [36] -1/-1/-1->2->0 [37] -1/-1/-1->2->0 [38] -1/-1/-1->2->0 [39] -1/-1/-1->2->0 [40] -1/-1/-1->2->0 [41] -1/-1/-1->2->0 [42] -1/-1/-1->2->0 [43] -1/-1/-1->2->0 [44] -1/-1/-1->2->0 [45] -1/-1/-1->2->0 [46] -1/-1/-1->2->0 [47] -1/-1/-1->2->0 [48] -1/-1/-1->2->0 [49] -1/-1/-1->2->0 [50] -1/-1/-1->2->0 [51] -1/-1/-1->2->0 [52] -1/-1/-1->2->0 [53
gx10-6b41:61:61 [0] NCCL INFO P2P Chunksize set to 262144
gx10-6b41:61:61 [0] NCCL INFO Tuning P2P operations with maxP2pPeers = 3
gx10-6b41:61:61 [0] NCCL INFO ncclOsDlopen(libnccl-profiler.so) failed: libnccl-profiler.so: cannot open shared object file: No such file or directory
gx10-6b41:61:61 [0] NCCL INFO PROFILER/Plugin: Could not find: libnccl-profiler.so
gx10-6b41:61:61 [0] NCCL INFO Check P2P Type isAllDirectP2p 1 directMode 0 isAllCudaP2p 1
gx10-6b41:61:61 [0] NCCL INFO ncclP2pSchedule: group size used is 1
gx10-6b41:61:71 [0] NCCL INFO [Proxy Service] Device 0 CPU core 19
gx10-6b41:61:71 [0] NCCL INFO proxy listening socket at 192.168.1.27<55001>
gx10-6b41:61:72 [0] NCCL INFO [Proxy Service UDS] Device 0 CPU core 0
gx10-6b41:61:61 [0] NCCL INFO ncclOsDlopen(libnccl-tuner.so) failed: libnccl-tuner.so: cannot open shared object file: No such file or directory
gx10-6b41:61:61 [0] NCCL INFO TUNER/Plugin: Could not find: libnccl-tuner.so
gx10-6b41:61:61 [0] NCCL INFO threadThresholds 8/8/64 | 24/8/64 | 512 | 512
gx10-6b41:61:61 [0] NCCL INFO 64 coll channels, 64 collnet channels, 0 nvls channels, 64 p2p channels, 4 p2p channels per peer
gx10-6b41:61:61 [0] NCCL INFO Symmetric memory is not supported. cuMemEnable 1, globalGinSupport 0, cuMemGdrSupport 0
gx10-6b41:61:61 [0] NCCL INFO ncclCommInitRankConfig comm 0xb4363fa7bde0 rank 2 nranks 3 cudaDev 0 nvmlDev 0 busId f01000 commId 0xdb141b70f6210ee8 - Init COMPLETE
gx10-6b41:61:61 [0] NCCL INFO Init timings - ncclCommInitRankConfig: rank 2 nranks 3 total 0.35 (kernels 0.18, alloc 0.04, bootstrap 0.07, allgathers 0.02, topo 0.02, graphs 0.00, connections 0.03, rest 0.00)
gx10-6b41:61:61 [0] NCCL INFO Symmetric VA size=124GB
gx10-6b41:61:71 [0] NCCL INFO NCCL_IB_SUBNET_AWARE_ROUTING set by environment to 1.
gx10-6b41:61:61 [0] NCCL INFO Channel 00/0 : 1[0] -> 2[0] [receive] via NET/IB/0
gx10-6b41:61:73 [0] NCCL INFO [Proxy Progress] Device 0 CPU core 19
gx10-6b41:61:61 [0] NCCL INFO Channel 01/0 : 1[0] -> 2[0] [receive] via NET/IB/1
gx10-6b41:61:61 [0] NCCL INFO Channel 02/0 : 1[0] -> 2[0] [receive] via NET/IB/2
gx10-6b41:61:61 [0] NCCL INFO Channel 03/0 : 1[0] -> 2[0] [receive] via NET/IB/3
gx10-6b41:61:61 [0] NCCL INFO Channel 04/0 : 1[0] -> 2[0] [receive] via NET/IB/0
gx10-6b41:61:61 [0] NCCL INFO Channel 05/0 : 1[0] -> 2[0] [receive] via NET/IB/1
gx10-6b41:61:61 [0] NCCL INFO Channel 06/0 : 1[0] -> 2[0] [receive] via NET/IB/2
gx10-6b41:61:61 [0] NCCL INFO Channel 07/0 : 1[0] -> 2[0] [receive] via NET/IB/3
gx10-6b41:61:61 [0] NCCL INFO Channel 08/0 : 1[0] -> 2[0] [receive] via NET/IB/0
gx10-6b41:61:61 [0] NCCL INFO Channel 09/0 : 1[0] -> 2[0] [receive] via NET/IB/1
gx10-6b41:61:61 [0] NCCL INFO Channel 10/0 : 1[0] -> 2[0] [receive] via NET/IB/2
gx10-6b41:61:61 [0] NCCL INFO Channel 11/0 : 1[0] -> 2[0] [receive] via NET/IB/3
gx10-6b41:61:61 [0] NCCL INFO Channel 12/0 : 1[0] -> 2[0] [receive] via NET/IB/0
gx10-6b41:61:61 [0] NCCL INFO Channel 13/0 : 1[0] -> 2[0] [receive] via NET/IB/1
gx10-6b41:61:61 [0] NCCL INFO Channel 14/0 : 1[0] -> 2[0] [receive] via NET/IB/2
gx10-6b41:61:61 [0] NCCL INFO Channel 15/0 : 1[0] -> 2[0] [receive] via NET/IB/3
gx10-6b41:61:61 [0] NCCL INFO Channel 16/0 : 1[0] -> 2[0] [receive] via NET/IB/0
gx10-6b41:61:61 [0] NCCL INFO Channel 17/0 : 1[0] -> 2[0] [receive] via NET/IB/1
gx10-6b41:61:61 [0] NCCL INFO Channel 18/0 : 1[0] -> 2[0] [receive] via NET/IB/2
gx10-6b41:61:61 [0] NCCL INFO Channel 19/0 : 1[0] -> 2[0] [receive] via NET/IB/3
gx10-6b41:61:61 [0] NCCL INFO Channel 20/0 : 1[0] -> 2[0] [receive] via NET/IB/0
gx10-6b41:61:61 [0] NCCL INFO Channel 21/0 : 1[0] -> 2[0] [receive] via NET/IB/1
gx10-6b41:61:61 [0] NCCL INFO Channel 22/0 : 1[0] -> 2[0] [receive] via NET/IB/2
gx10-6b41:61:61 [0] NCCL INFO Channel 23/0 : 1[0] -> 2[0] [receive] via NET/IB/3
gx10-6b41:61:61 [0] NCCL INFO Channel 24/0 : 1[0] -> 2[0] [receive] via NET/IB/0
gx10-6b41:61:61 [0] NCCL INFO Channel 25/0 : 1[0] -> 2[0] [receive] via NET/IB/1
gx10-6b41:61:61 [0] NCCL INFO Channel 26/0 : 1[0] -> 2[0] [receive] via NET/IB/2
gx10-6b41:61:61 [0] NCCL INFO Channel 27/0 : 1[0] -> 2[0] [receive] via NET/IB/3
gx10-6b41:61:61 [0] NCCL INFO Channel 28/0 : 1[0] -> 2[0] [receive] via NET/IB/0
gx10-6b41:61:61 [0] NCCL INFO Channel 29/0 : 1[0] -> 2[0] [receive] via NET/IB/1
gx10-6b41:61:61 [0] NCCL INFO Channel 30/0 : 1[0] -> 2[0] [receive] via NET/IB/2
gx10-6b41:61:61 [0] NCCL INFO Channel 31/0 : 1[0] -> 2[0] [receive] via NET/IB/3
gx10-6b41:61:61 [0] NCCL INFO Channel 32/0 : 1[0] -> 2[0] [receive] via NET/IB/0
gx10-6b41:61:61 [0] NCCL INFO Channel 33/0 : 1[0] -> 2[0] [receive] via NET/IB/1
gx10-6b41:61:61 [0] NCCL INFO Channel 34/0 : 1[0] -> 2[0] [receive] via NET/IB/2
gx10-6b41:61:61 [0] NCCL INFO Channel 35/0 : 1[0] -> 2[0] [receive] via NET/IB/3
gx10-6b41:61:61 [0] NCCL INFO Channel 36/0 : 1[0] -> 2[0] [receive] via NET/IB/0
gx10-6b41:61:61 [0] NCCL INFO Channel 37/0 : 1[0] -> 2[0] [receive] via NET/IB/1
gx10-6b41:61:61 [0] NCCL INFO Channel 38/0 : 1[0] -> 2[0] [receive] via NET/IB/2
gx10-6b41:61:61 [0] NCCL INFO Channel 39/0 : 1[0] -> 2[0] [receive] via NET/IB/3
gx10-6b41:61:61 [0] NCCL INFO Channel 40/0 : 1[0] -> 2[0] [receive] via NET/IB/0
gx10-6b41:61:61 [0] NCCL INFO Channel 41/0 : 1[0] -> 2[0] [receive] via NET/IB/1
gx10-6b41:61:61 [0] NCCL INFO Channel 42/0 : 1[0] -> 2[0] [receive] via NET/IB/2
gx10-6b41:61:61 [0] NCCL INFO Channel 43/0 : 1[0] -> 2[0] [receive] via NET/IB/3
gx10-6b41:61:61 [0] NCCL INFO Channel 44/0 : 1[0] -> 2[0] [receive] via NET/IB/0
gx10-6b41:61:61 [0] NCCL INFO Channel 45/0 : 1[0] -> 2[0] [receive] via NET/IB/1
gx10-6b41:61:61 [0] NCCL INFO Channel 46/0 : 1[0] -> 2[0] [receive] via NET/IB/2
gx10-6b41:61:61 [0] NCCL INFO Channel 47/0 : 1[0] -> 2[0] [receive] via NET/IB/3
gx10-6b41:61:61 [0] NCCL INFO Channel 48/0 : 1[0] -> 2[0] [receive] via NET/IB/0
gx10-6b41:61:61 [0] NCCL INFO Channel 49/0 : 1[0] -> 2[0] [receive] via NET/IB/1
gx10-6b41:61:61 [0] NCCL INFO Channel 50/0 : 1[0] -> 2[0] [receive] via NET/IB/2
gx10-6b41:61:61 [0] NCCL INFO Channel 51/0 : 1[0] -> 2[0] [receive] via NET/IB/3
gx10-6b41:61:61 [0] NCCL INFO Channel 52/0 : 1[0] -> 2[0] [receive] via NET/IB/0
gx10-6b41:61:61 [0] NCCL INFO Channel 53/0 : 1[0] -> 2[0] [receive] via NET/IB/1
gx10-6b41:61:61 [0] NCCL INFO Channel 54/0 : 1[0] -> 2[0] [receive] via NET/IB/2
gx10-6b41:61:61 [0] NCCL INFO Channel 55/0 : 1[0] -> 2[0] [receive] via NET/IB/3
gx10-6b41:61:61 [0] NCCL INFO Channel 56/0 : 1[0] -> 2[0] [receive] via NET/IB/0
gx10-6b41:61:61 [0] NCCL INFO Channel 57/0 : 1[0] -> 2[0] [receive] via NET/IB/1
gx10-6b41:61:61 [0] NCCL INFO Channel 58/0 : 1[0] -> 2[0] [receive] via NET/IB/2
gx10-6b41:61:61 [0] NCCL INFO Channel 59/0 : 1[0] -> 2[0] [receive] via NET/IB/3
gx10-6b41:61:61 [0] NCCL INFO Channel 60/0 : 1[0] -> 2[0] [receive] via NET/IB/0
gx10-6b41:61:61 [0] NCCL INFO Channel 61/0 : 1[0] -> 2[0] [receive] via NET/IB/1
gx10-6b41:61:61 [0] NCCL INFO Channel 62/0 : 1[0] -> 2[0] [receive] via NET/IB/2
gx10-6b41:61:61 [0] NCCL INFO Channel 63/0 : 1[0] -> 2[0] [receive] via NET/IB/3
gx10-6b41:61:61 [0] NCCL INFO Channel 00/0 : 2[0] -> 0[0] [send] via NET/IB/0
gx10-6b41:61:61 [0] NCCL INFO Channel 01/0 : 2[0] -> 0[0] [send] via NET/IB/1
gx10-6b41:61:61 [0] NCCL INFO Channel 02/0 : 2[0] -> 0[0] [send] via NET/IB/2
gx10-6b41:61:61 [0] NCCL INFO Channel 03/0 : 2[0] -> 0[0] [send] via NET/IB/3
gx10-6b41:61:61 [0] NCCL INFO Channel 04/0 : 2[0] -> 0[0] [send] via NET/IB/0
gx10-6b41:61:61 [0] NCCL INFO Channel 05/0 : 2[0] -> 0[0] [send] via NET/IB/1
gx10-6b41:61:61 [0] NCCL INFO Channel 06/0 : 2[0] -> 0[0] [send] via NET/IB/2
gx10-6b41:61:61 [0] NCCL INFO Channel 07/0 : 2[0] -> 0[0] [send] via NET/IB/3
gx10-6b41:61:61 [0] NCCL INFO Channel 08/0 : 2[0] -> 0[0] [send] via NET/IB/0
gx10-6b41:61:61 [0] NCCL INFO Channel 09/0 : 2[0] -> 0[0] [send] via NET/IB/1
gx10-6b41:61:61 [0] NCCL INFO Channel 10/0 : 2[0] -> 0[0] [send] via NET/IB/2
gx10-6b41:61:61 [0] NCCL INFO Channel 11/0 : 2[0] -> 0[0] [send] via NET/IB/3
gx10-6b41:61:61 [0] NCCL INFO Channel 12/0 : 2[0] -> 0[0] [send] via NET/IB/0
gx10-6b41:61:61 [0] NCCL INFO Channel 13/0 : 2[0] -> 0[0] [send] via NET/IB/1
gx10-6b41:61:61 [0] NCCL INFO Channel 14/0 : 2[0] -> 0[0] [send] via NET/IB/2
gx10-6b41:61:61 [0] NCCL INFO Channel 15/0 : 2[0] -> 0[0] [send] via NET/IB/3
gx10-6b41:61:61 [0] NCCL INFO Channel 16/0 : 2[0] -> 0[0] [send] via NET/IB/0
gx10-6b41:61:61 [0] NCCL INFO Channel 17/0 : 2[0] -> 0[0] [send] via NET/IB/1
gx10-6b41:61:61 [0] NCCL INFO Channel 18/0 : 2[0] -> 0[0] [send] via NET/IB/2
gx10-6b41:61:61 [0] NCCL INFO Channel 19/0 : 2[0] -> 0[0] [send] via NET/IB/3
gx10-6b41:61:61 [0] NCCL INFO Channel 20/0 : 2[0] -> 0[0] [send] via NET/IB/0
gx10-6b41:61:61 [0] NCCL INFO Channel 21/0 : 2[0] -> 0[0] [send] via NET/IB/1
gx10-6b41:61:61 [0] NCCL INFO Channel 22/0 : 2[0] -> 0[0] [send] via NET/IB/2
gx10-6b41:61:61 [0] NCCL INFO Channel 23/0 : 2[0] -> 0[0] [send] via NET/IB/3
gx10-6b41:61:61 [0] NCCL INFO Channel 24/0 : 2[0] -> 0[0] [send] via NET/IB/0
gx10-6b41:61:61 [0] NCCL INFO Channel 25/0 : 2[0] -> 0[0] [send] via NET/IB/1
gx10-6b41:61:61 [0] NCCL INFO Channel 26/0 : 2[0] -> 0[0] [send] via NET/IB/2
gx10-6b41:61:61 [0] NCCL INFO Channel 27/0 : 2[0] -> 0[0] [send] via NET/IB/3
gx10-6b41:61:61 [0] NCCL INFO Channel 28/0 : 2[0] -> 0[0] [send] via NET/IB/0
gx10-6b41:61:61 [0] NCCL INFO Channel 29/0 : 2[0] -> 0[0] [send] via NET/IB/1
gx10-6b41:61:61 [0] NCCL INFO Channel 30/0 : 2[0] -> 0[0] [send] via NET/IB/2
gx10-6b41:61:61 [0] NCCL INFO Channel 31/0 : 2[0] -> 0[0] [send] via NET/IB/3
gx10-6b41:61:61 [0] NCCL INFO Channel 32/0 : 2[0] -> 0[0] [send] via NET/IB/0
gx10-6b41:61:61 [0] NCCL INFO Channel 33/0 : 2[0] -> 0[0] [send] via NET/IB/1
gx10-6b41:61:61 [0] NCCL INFO Channel 34/0 : 2[0] -> 0[0] [send] via NET/IB/2
gx10-6b41:61:61 [0] NCCL INFO Channel 35/0 : 2[0] -> 0[0] [send] via NET/IB/3
gx10-6b41:61:61 [0] NCCL INFO Channel 36/0 : 2[0] -> 0[0] [send] via NET/IB/0
gx10-6b41:61:61 [0] NCCL INFO Channel 37/0 : 2[0] -> 0[0] [send] via NET/IB/1
gx10-6b41:61:61 [0] NCCL INFO Channel 38/0 : 2[0] -> 0[0] [send] via NET/IB/2
gx10-6b41:61:61 [0] NCCL INFO Channel 39/0 : 2[0] -> 0[0] [send] via NET/IB/3
gx10-6b41:61:61 [0] NCCL INFO Channel 40/0 : 2[0] -> 0[0] [send] via NET/IB/0
gx10-6b41:61:61 [0] NCCL INFO Channel 41/0 : 2[0] -> 0[0] [send] via NET/IB/1
gx10-6b41:61:61 [0] NCCL INFO Channel 42/0 : 2[0] -> 0[0] [send] via NET/IB/2
gx10-6b41:61:61 [0] NCCL INFO Channel 43/0 : 2[0] -> 0[0] [send] via NET/IB/3
gx10-6b41:61:61 [0] NCCL INFO Channel 44/0 : 2[0] -> 0[0] [send] via NET/IB/0
gx10-6b41:61:61 [0] NCCL INFO Channel 45/0 : 2[0] -> 0[0] [send] via NET/IB/1
gx10-6b41:61:61 [0] NCCL INFO Channel 46/0 : 2[0] -> 0[0] [send] via NET/IB/2
gx10-6b41:61:61 [0] NCCL INFO Channel 47/0 : 2[0] -> 0[0] [send] via NET/IB/3
gx10-6b41:61:61 [0] NCCL INFO Channel 48/0 : 2[0] -> 0[0] [send] via NET/IB/0
gx10-6b41:61:61 [0] NCCL INFO Channel 49/0 : 2[0] -> 0[0] [send] via NET/IB/1
gx10-6b41:61:61 [0] NCCL INFO Channel 50/0 : 2[0] -> 0[0] [send] via NET/IB/2
gx10-6b41:61:61 [0] NCCL INFO Channel 51/0 : 2[0] -> 0[0] [send] via NET/IB/3
gx10-6b41:61:61 [0] NCCL INFO Channel 52/0 : 2[0] -> 0[0] [send] via NET/IB/0
gx10-6b41:61:61 [0] NCCL INFO Channel 53/0 : 2[0] -> 0[0] [send] via NET/IB/1
gx10-6b41:61:61 [0] NCCL INFO Channel 54/0 : 2[0] -> 0[0] [send] via NET/IB/2
gx10-6b41:61:61 [0] NCCL INFO Channel 55/0 : 2[0] -> 0[0] [send] via NET/IB/3
gx10-6b41:61:61 [0] NCCL INFO Channel 56/0 : 2[0] -> 0[0] [send] via NET/IB/0
gx10-6b41:61:61 [0] NCCL INFO Channel 57/0 : 2[0] -> 0[0] [send] via NET/IB/1
gx10-6b41:61:61 [0] NCCL INFO Channel 58/0 : 2[0] -> 0[0] [send] via NET/IB/2
gx10-6b41:61:61 [0] NCCL INFO Channel 59/0 : 2[0] -> 0[0] [send] via NET/IB/3
gx10-6b41:61:61 [0] NCCL INFO Channel 60/0 : 2[0] -> 0[0] [send] via NET/IB/0
gx10-6b41:61:61 [0] NCCL INFO Channel 61/0 : 2[0] -> 0[0] [send] via NET/IB/1
gx10-6b41:61:61 [0] NCCL INFO Channel 62/0 : 2[0] -> 0[0] [send] via NET/IB/2
gx10-6b41:61:61 [0] NCCL INFO Channel 63/0 : 2[0] -> 0[0] [send] via NET/IB/3
gx10-6b41:61:71 [0] NCCL INFO NET/IB: ncclIbResiliencyInit: Resiliency is disabled on the send communicator (comm=0xeae90403d000)
gx10-6b41:61:71 [0] NCCL INFO NET/IB: ncclIbResiliencyInit: Resiliency is disabled on the recv communicator (comm=0xeae904081000)
gx10-6b41:61:71 [0] NCCL INFO NET/IB: ncclIbRecvCommInit: Receive work requests will be posted on-demand
gx10-6b41:61:71 [0] NCCL INFO NET/IB: Subnet-aware routing: overriding dev 1 with dev 0
gx10-6b41:61:71 [0] NCCL INFO NET/IB: ncclIbResiliencyInit: Resiliency is disabled on the send communicator (comm=0xeae9040c9000)
gx10-6b41:61:71 [0] NCCL INFO NET/IB: Subnet-aware routing: overriding dev 1 with dev 0
gx10-6b41:61:71 [0] NCCL INFO NET/IB: ncclIbResiliencyInit: Resiliency is disabled on the recv communicator (comm=0xeae90410a000)
gx10-6b41:61:71 [0] NCCL INFO NET/IB: ncclIbRecvCommInit: Receive work requests will be posted on-demand
gx10-6b41:61:71 [0] NCCL INFO NET/IB: Subnet-aware routing: overriding dev 1 with dev 0
gx10-6b41:61:71 [0] NCCL INFO NET/IB: ncclIbResiliencyInit: Resiliency is disabled on the send communicator (comm=0xeae904155000)
gx10-6b41:61:71 [0] NCCL INFO NET/IB: ncclIbSenderQpsCreate: QP created: port=1 dev=0 devName=rocep1s0f0 ndevs=4 nmdevs=4 qp_num=40694 pkey=0 pd=0xeae90407dd30 oooRq=0
gx10-6b41:61:71 [0] NCCL INFO NET/IB: ncclIbConnectImpl: NCCL Dev 0 IbDev 0 Port 1 qp_num 40694 mtu 5 GID 6 (0/265A8C0FFFF0000) ctsFifoRkey=0x1727e5 ctsFifoLkey=0x1727e5
gx10-6b41:61:71 [0] NCCL INFO NET/IB: ncclIbConnectImpl: IbDev 0 Port 1 qp_num 40694 query_ece={supported=1, vendor_id=0x15b3, options=0x30000002, comp_mask=0x0}
gx10-6b41:61:71 [0] NCCL INFO NET/IB: Subnet-aware routing: overriding dev 0 with dev 1
gx10-6b41:61:71 [0] NCCL INFO NET/IB: ncclIbReceiverQpsCreateToRts: QP created: port=1 dev=1 devName=rocep1s0f1 ndevs=4 nmdevs=4 qp_num=39714 pkey=0 pd=0xeae9040c8ee0 oooRq=0
gx10-6b41:61:71 [0] NCCL INFO NET/IB: ncclIbReceiverQpsCreateToRts: Flush QP created: port=1 dev=1 devName=rocep1s0f1 ndevs=4 nmdevs=4 qp_num=39715 pkey=0 pd=0xeae9040c8ee0
gx10-6b41:61:71 [0] NCCL INFO NET/IB: Subnet-aware routing: overriding dev 1 with dev 0
gx10-6b41:61:71 [0] NCCL INFO NET/IB: ncclIbSenderQpsCreate: QP created: port=1 dev=0 devName=rocep1s0f0 ndevs=4 nmdevs=4 qp_num=40695 pkey=0 pd=0xeae90407dd30 oooRq=0
gx10-6b41:61:71 [0] NCCL INFO NET/IB: ncclIbConnectImpl: NCCL Dev 0 IbDev 0 Port 1 qp_num 40695 mtu 5 GID 6 (0/265A8C0FFFF0000) ctsFifoRkey=0x16db96 ctsFifoLkey=0x16db96
gx10-6b41:61:71 [0] NCCL INFO NET/IB: ncclIbConnectImpl: IbDev 0 Port 1 qp_num 40695 query_ece={supported=1, vendor_id=0x15b3, options=0x30000002, comp_mask=0x0}
gx10-6b41:61:71 [0] NCCL INFO NET/IB: ncclIbReceiverQpsCreateToRts: QP created: port=1 dev=1 devName=rocep1s0f1 ndevs=4 nmdevs=4 qp_num=39716 pkey=0 pd=0xeae9040c8ee0 oooRq=0
gx10-6b41:61:71 [0] NCCL INFO NET/IB: ncclIbReceiverQpsCreateToRts: Flush QP created: port=1 dev=1 devName=rocep1s0f1 ndevs=4 nmdevs=4 qp_num=39717 pkey=0 pd=0xeae9040c8ee0
gx10-6b41:61:71 [0] NCCL INFO NET/IB: ncclIbResiliencyInit: Resiliency is disabled on the recv communicator (comm=0xeae9042b5000)
gx10-6b41:61:71 [0] NCCL INFO NET/IB: ncclIbRecvCommInit: Receive work requests will be posted on-demand
gx10-6b41:61:71 [0] NCCL INFO NET/IB: Subnet-aware routing: overriding dev 1 with dev 0
gx10-6b41:61:71 [0] NCCL INFO NET/IB: Subnet-aware routing: overriding dev 3 with dev 2
gx10-6b41:61:71 [0] NCCL INFO NET/IB: ncclIbResiliencyInit: Resiliency is disabled on the send communicator (comm=0xeae9042fd000)
gx10-6b41:61:71 [0] NCCL INFO NET/IB: Subnet-aware routing: overriding dev 1 with dev 0
gx10-6b41:61:71 [0] NCCL INFO NET/IB: Subnet-aware routing: overriding dev 3 with dev 2
gx10-6b41:61:71 [0] NCCL INFO NET/IB: ncclIbResiliencyInit: Resiliency is disabled on the recv communicator (comm=0xeae904341000)
gx10-6b41:61:71 [0] NCCL INFO NET/IB: ncclIbRecvCommInit: Receive work requests will be posted on-demand
gx10-6b41:61:71 [0] NCCL INFO NET/IB: ncclIbSenderQpsToRts: Set ECE: IbDev 0 Port 1 qp_num 40694 set_ece={supported=1, vendor_id=0x15b3, options=0x30000002, comp_mask=0x0}
gx10-6b41:61:71 [0] NCCL INFO NET/IB: Subnet-aware routing: overriding dev 1 with dev 0
gx10-6b41:61:71 [0] NCCL INFO NET/IB: ncclIbSenderQpsToRts: Set ECE: IbDev 0 Port 1 qp_num 40695 set_ece={supported=1, vendor_id=0x15b3, options=0x30000002, comp_mask=0x0}
gx10-6b41:61:71 [0] NCCL INFO NET/IB: ncclIbSenderQpsCreate: QP created: port=1 dev=2 devName=roceP2p1s0f0 ndevs=4 nmdevs=4 qp_num=1932 pkey=0 pd=0xeae9040c80d0 oooRq=0
gx10-6b41:61:71 [0] NCCL INFO NET/IB: ncclIbConnectImpl: NCCL Dev 2 IbDev 2 Port 1 qp_num 1932 mtu 5 GID 3 (0/26FA8C0FFFF0000) ctsFifoRkey=0x19b1ae ctsFifoLkey=0x19b1ae
gx10-6b41:61:71 [0] NCCL INFO NET/IB: ncclIbConnectImpl: IbDev 2 Port 1 qp_num 1932 query_ece={supported=1, vendor_id=0x15b3, options=0x30000002, comp_mask=0x0}
gx10-6b41:61:71 [0] NCCL INFO NET/IB: Subnet-aware routing: overriding dev 2 with dev 3
gx10-6b41:61:71 [0] NCCL INFO NET/IB: ncclIbReceiverQpsCreateToRts: QP created: port=1 dev=3 devName=roceP2p1s0f1 ndevs=4 nmdevs=4 qp_num=2315 pkey=0 pd=0xeae9042b4a70 oooRq=0
gx10-6b41:61:71 [0] NCCL INFO NET/IB: ncclIbReceiverQpsCreateToRts: Flush QP created: port=1 dev=3 devName=roceP2p1s0f1 ndevs=4 nmdevs=4 qp_num=2316 pkey=0 pd=0xeae9042b4a70
gx10-6b41:61:71 [0] NCCL INFO NET/IB: Subnet-aware routing: overriding dev 3 with dev 2
gx10-6b41:61:71 [0] NCCL INFO NET/IB: ncclIbSenderQpsCreate: QP created: port=1 dev=2 devName=roceP2p1s0f0 ndevs=4 nmdevs=4 qp_num=1933 pkey=0 pd=0xeae9040c80d0 oooRq=0
gx10-6b41:61:71 [0] NCCL INFO NET/IB: ncclIbConnectImpl: NCCL Dev 2 IbDev 2 Port 1 qp_num 1933 mtu 5 GID 3 (0/26FA8C0FFFF0000) ctsFifoRkey=0x19d8d0 ctsFifoLkey=0x19d8d0
gx10-6b41:61:71 [0] NCCL INFO NET/IB: ncclIbConnectImpl: IbDev 2 Port 1 qp_num 1933 query_ece={supported=1, vendor_id=0x15b3, options=0x30000002, comp_mask=0x0}
gx10-6b41:61:71 [0] NCCL INFO NET/IB: ncclIbResiliencyInit: Resiliency is disabled on the send communicator (comm=0xeae904448000)
gx10-6b41:61:71 [0] NCCL INFO NET/IB: Subnet-aware routing: overriding dev 3 with dev 2
gx10-6b41:61:71 [0] NCCL INFO NET/IB: ncclIbResiliencyInit: Resiliency is disabled on the recv communicator (comm=0xeae90448c000)
gx10-6b41:61:71 [0] NCCL INFO NET/IB: ncclIbRecvCommInit: Receive work requests will be posted on-demand
gx10-6b41:61:71 [0] NCCL INFO NET/IB: Subnet-aware routing: overriding dev 3 with dev 2
gx10-6b41:61:71 [0] NCCL INFO NET/IB: Subnet-aware routing: overriding dev 1 with dev 0
gx10-6b41:61:71 [0] NCCL INFO NET/IB: ncclIbResiliencyInit: Resiliency is disabled on the send communicator (comm=0xeae9044d4000)
gx10-6b41:61:71 [0] NCCL INFO NET/IB: Subnet-aware routing: overriding dev 3 with dev 2
gx10-6b41:61:71 [0] NCCL INFO NET/IB: Subnet-aware routing: overriding dev 1 with dev 0
gx10-6b41:61:71 [0] NCCL INFO NET/IB: ncclIbResiliencyInit: Resiliency is disabled on the recv communicator (comm=0xeae904518000)
gx10-6b41:61:71 [0] NCCL INFO NET/IB: ncclIbRecvCommInit: Receive work requests will be posted on-demand
gx10-6b41:61:71 [0] NCCL INFO NET/IB: ncclIbSenderQpsToRts: Set ECE: IbDev 2 Port 1 qp_num 1932 set_ece={supported=1, vendor_id=0x15b3, options=0x30000002, comp_mask=0x0}
gx10-6b41:61:71 [0] NCCL INFO NET/IB: Subnet-aware routing: overriding dev 3 with dev 2
gx10-6b41:61:71 [0] NCCL INFO NET/IB: ncclIbSenderQpsToRts: Set ECE: IbDev 2 Port 1 qp_num 1933 set_ece={supported=1, vendor_id=0x15b3, options=0x30000002, comp_mask=0x0}
gx10-6b41:61:71 [0] NCCL INFO NET/IB: ncclIbReceiverQpsCreateToRts: QP created: port=1 dev=3 devName=roceP2p1s0f1 ndevs=4 nmdevs=4 qp_num=2317 pkey=0 pd=0xeae9042b4a70 oooRq=0
gx10-6b41:61:71 [0] NCCL INFO NET/IB: ncclIbReceiverQpsCreateToRts: Flush QP created: port=1 dev=3 devName=roceP2p1s0f1 ndevs=4 nmdevs=4 qp_num=2318 pkey=0 pd=0xeae9042b4a70
gx10-6b41:61:71 [0] NCCL INFO NET/IB: ncclIbSenderQpsCreate: QP created: port=1 dev=0 devName=rocep1s0f0 ndevs=4 nmdevs=4 qp_num=40696 pkey=0 pd=0xeae90407dd30 oooRq=0
gx10-6b41:61:71 [0] NCCL INFO NET/IB: ncclIbConnectImpl: NCCL Dev 0 IbDev 0 Port 1 qp_num 40696 mtu 5 GID 6 (0/265A8C0FFFF0000) ctsFifoRkey=0x1d63e1 ctsFifoLkey=0x1d63e1
gx10-6b41:61:71 [0] NCCL INFO NET/IB: ncclIbConnectImpl: IbDev 0 Port 1 qp_num 40696 query_ece={supported=1, vendor_id=0x15b3, options=0x30000002, comp_mask=0x0}
gx10-6b41:61:71 [0] NCCL INFO NET/IB: Subnet-aware routing: overriding dev 0 with dev 1
gx10-6b41:61:71 [0] NCCL INFO NET/IB: ncclIbReceiverQpsCreateToRts: QP created: port=1 dev=1 devName=rocep1s0f1 ndevs=4 nmdevs=4 qp_num=39718 pkey=0 pd=0xeae9040c8ee0 oooRq=0
gx10-6b41:61:71 [0] NCCL INFO NET/IB: ncclIbReceiverQpsCreateToRts: Flush QP created: port=1 dev=1 devName=rocep1s0f1 ndevs=4 nmdevs=4 qp_num=39719 pkey=0 pd=0xeae9040c8ee0
gx10-6b41:61:71 [0] NCCL INFO NET/IB: Subnet-aware routing: overriding dev 1 with dev 0
gx10-6b41:61:71 [0] NCCL INFO NET/IB: ncclIbSenderQpsCreate: QP created: port=1 dev=0 devName=rocep1s0f0 ndevs=4 nmdevs=4 qp_num=40697 pkey=0 pd=0xeae90407dd30 oooRq=0
gx10-6b41:61:71 [0] NCCL INFO NET/IB: ncclIbConnectImpl: NCCL Dev 0 IbDev 0 Port 1 qp_num 40697 mtu 5 GID 6 (0/265A8C0FFFF0000) ctsFifoRkey=0x17f0ad ctsFifoLkey=0x17f0ad
gx10-6b41:61:71 [0] NCCL INFO NET/IB: ncclIbConnectImpl: IbDev 0 Port 1 qp_num 40697 query_ece={supported=1, vendor_id=0x15b3, options=0x30000002, comp_mask=0x0}
gx10-6b41:61:71 [0] NCCL INFO NET/IB: ncclIbResiliencyInit: Resiliency is disabled on the send communicator (comm=0xeae904660000)
gx10-6b41:61:71 [0] NCCL INFO NET/IB: Subnet-aware routing: overriding dev 1 with dev 0
gx10-6b41:61:71 [0] NCCL INFO NET/IB: ncclIbResiliencyInit: Resiliency is disabled on the recv communicator (comm=0xeae9046a4000)
gx10-6b41:61:71 [0] NCCL INFO NET/IB: ncclIbRecvCommInit: Receive work requests will be posted on-demand
gx10-6b41:61:71 [0] NCCL INFO NET/IB: ncclIbSenderQpsToRts: Set ECE: IbDev 0 Port 1 qp_num 40696 set_ece={supported=1, vendor_id=0x15b3, options=0x30000002, comp_mask=0x0}
gx10-6b41:61:71 [0] NCCL INFO NET/IB: Subnet-aware routing: overriding dev 1 with dev 0
gx10-6b41:61:71 [0] NCCL INFO NET/IB: ncclIbSenderQpsToRts: Set ECE: IbDev 0 Port 1 qp_num 40697 set_ece={supported=1, vendor_id=0x15b3, options=0x30000002, comp_mask=0x0}
gx10-6b41:61:71 [0] NCCL INFO NET/IB: ncclIbReceiverQpsCreateToRts: QP created: port=1 dev=1 devName=rocep1s0f1 ndevs=4 nmdevs=4 qp_num=39720 pkey=0 pd=0xeae9040c8ee0 oooRq=0
gx10-6b41:61:71 [0] NCCL INFO NET/IB: ncclIbReceiverQpsCreateToRts: Flush QP created: port=1 dev=1 devName=rocep1s0f1 ndevs=4 nmdevs=4 qp_num=39721 pkey=0 pd=0xeae9040c8ee0
gx10-6b41:61:71 [0] NCCL INFO NET/IB: ncclIbSenderQpsCreate: QP created: port=1 dev=2 devName=roceP2p1s0f0 ndevs=4 nmdevs=4 qp_num=1934 pkey=0 pd=0xeae9040c80d0 oooRq=0
gx10-6b41:61:71 [0] NCCL INFO NET/IB: ncclIbConnectImpl: NCCL Dev 2 IbDev 2 Port 1 qp_num 1934 mtu 5 GID 3 (0/26FA8C0FFFF0000) ctsFifoRkey=0x190704 ctsFifoLkey=0x190704
gx10-6b41:61:71 [0] NCCL INFO NET/IB: ncclIbConnectImpl: IbDev 2 Port 1 qp_num 1934 query_ece={supported=1, vendor_id=0x15b3, options=0x30000002, comp_mask=0x0}
gx10-6b41:61:71 [0] NCCL INFO NET/IB: Subnet-aware routing: overriding dev 2 with dev 3
gx10-6b41:61:71 [0] NCCL INFO NET/IB: ncclIbReceiverQpsCreateToRts: QP created: port=1 dev=3 devName=roceP2p1s0f1 ndevs=4 nmdevs=4 qp_num=2319 pkey=0 pd=0xeae9042b4a70 oooRq=0
gx10-6b41:61:71 [0] NCCL INFO NET/IB: ncclIbReceiverQpsCreateToRts: Flush QP created: port=1 dev=3 devName=roceP2p1s0f1 ndevs=4 nmdevs=4 qp_num=2320 pkey=0 pd=0xeae9042b4a70
gx10-6b41:61:71 [0] NCCL INFO NET/IB: Subnet-aware routing: overriding dev 3 with dev 2
gx10-6b41:61:71 [0] NCCL INFO NET/IB: ncclIbResiliencyInit: Resiliency is disabled on the send communicator (comm=0xeae9047ba000)
gx10-6b41:61:71 [0] NCCL INFO NET/IB: Subnet-aware routing: overriding dev 3 with dev 2
gx10-6b41:61:71 [0] NCCL INFO NET/IB: ncclIbResiliencyInit: Resiliency is disabled on the recv communicator (comm=0xeae9047fe000)
gx10-6b41:61:71 [0] NCCL INFO NET/IB: ncclIbRecvCommInit: Receive work requests will be posted on-demand
gx10-6b41:61:71 [0] NCCL INFO NET/IB: ncclIbSenderQpsToRts: Set ECE: IbDev 2 Port 1 qp_num 1934 set_ece={supported=1, vendor_id=0x15b3, options=0x30000002, comp_mask=0x0}
gx10-6b41:61:71 [0] NCCL INFO NET/IB: Subnet-aware routing: overriding dev 3 with dev 2
gx10-6b41:61:71 [0] NCCL INFO NET/IB: ncclIbReceiverQpsCreateToRts: QP created: port=1 dev=3 devName=roceP2p1s0f1 ndevs=4 nmdevs=4 qp_num=2321 pkey=0 pd=0xeae9042b4a70 oooRq=0
gx10-6b41:61:71 [0] NCCL INFO NET/IB: ncclIbReceiverQpsCreateToRts: Flush QP created: port=1 dev=3 devName=roceP2p1s0f1 ndevs=4 nmdevs=4 qp_num=2322 pkey=0 pd=0xeae9042b4a70
gx10-6b41:61:71 [0] NCCL INFO NET/IB: ncclIbResiliencyInit: Resiliency is disabled on the send communicator (comm=0xeae904891000)
gx10-6b41:61:71 [0] NCCL INFO NET/IB: Subnet-aware routing: overriding dev 3 with dev 2
gx10-6b41:61:71 [0] NCCL INFO NET/IB: ncclIbResiliencyInit: Resiliency is disabled on the recv communicator (comm=0xeae9048d5000)
gx10-6b41:61:71 [0] NCCL INFO NET/IB: ncclIbRecvCommInit: Receive work requests will be posted on-demand
gx10-6b41:61:71 [0] NCCL INFO NET/IB: Subnet-aware routing: overriding dev 3 with dev 2
gx10-6b41:61:71 [0] NCCL INFO NET/IB: Subnet-aware routing: overriding dev 1 with dev 0
gx10-6b41:61:71 [0] NCCL INFO NET/IB: ncclIbResiliencyInit: Resiliency is disabled on the send communicator (comm=0xeae90491d000)
gx10-6b41:61:71 [0] NCCL INFO NET/IB: Subnet-aware routing: overriding dev 3 with dev 2
gx10-6b41:61:71 [0] NCCL INFO NET/IB: ncclIbSenderQpsCreate: QP created: port=1 dev=2 devName=roceP2p1s0f0 ndevs=4 nmdevs=4 qp_num=1935 pkey=0 pd=0xeae9040c80d0 oooRq=0
gx10-6b41:61:71 [0] NCCL INFO NET/IB: ncclIbConnectImpl: NCCL Dev 2 IbDev 2 Port 1 qp_num 1935 mtu 5 GID 3 (0/26FA8C0FFFF0000) ctsFifoRkey=0x19797b ctsFifoLkey=0x19797b
gx10-6b41:61:71 [0] NCCL INFO NET/IB: ncclIbConnectImpl: IbDev 2 Port 1 qp_num 1935 query_ece={supported=1, vendor_id=0x15b3, options=0x30000002, comp_mask=0x0}
gx10-6b41:61:71 [0] NCCL INFO NET/IB: ncclIbSenderQpsCreate: QP created: port=1 dev=0 devName=rocep1s0f0 ndevs=4 nmdevs=4 qp_num=40698 pkey=0 pd=0xeae90407dd30 oooRq=0
gx10-6b41:61:71 [0] NCCL INFO NET/IB: ncclIbConnectImpl: NCCL Dev 0 IbDev 0 Port 1 qp_num 40698 mtu 5 GID 6 (0/265A8C0FFFF0000) ctsFifoRkey=0x13c381 ctsFifoLkey=0x13c381
gx10-6b41:61:71 [0] NCCL INFO NET/IB: ncclIbConnectImpl: IbDev 0 Port 1 qp_num 40698 query_ece={supported=1, vendor_id=0x15b3, options=0x30000002, comp_mask=0x0}
gx10-6b41:61:71 [0] NCCL INFO NET/IB: Subnet-aware routing: overriding dev 0 with dev 1
gx10-6b41:61:71 [0] NCCL INFO NET/IB: ncclIbReceiverQpsCreateToRts: QP created: port=1 dev=1 devName=rocep1s0f1 ndevs=4 nmdevs=4 qp_num=39722 pkey=0 pd=0xeae9040c8ee0 oooRq=0
gx10-6b41:61:71 [0] NCCL INFO NET/IB: ncclIbReceiverQpsCreateToRts: Flush QP created: port=1 dev=1 devName=rocep1s0f1 ndevs=4 nmdevs=4 qp_num=39723 pkey=0 pd=0xeae9040c8ee0
gx10-6b41:61:71 [0] NCCL INFO NET/IB: Subnet-aware routing: overriding dev 1 with dev 0
gx10-6b41:61:71 [0] NCCL INFO NET/IB: ncclIbResiliencyInit: Resiliency is disabled on the recv communicator (comm=0xeae904a11000)
gx10-6b41:61:71 [0] NCCL INFO NET/IB: ncclIbRecvCommInit: Receive work requests will be posted on-demand
gx10-6b41:61:71 [0] NCCL INFO NET/IB: Subnet-aware routing: overriding dev 3 with dev 2
gx10-6b41:61:71 [0] NCCL INFO NET/IB: ncclIbSenderQpsToRts: Set ECE: IbDev 2 Port 1 qp_num 1935 set_ece={supported=1, vendor_id=0x15b3, options=0x30000002, comp_mask=0x0}
gx10-6b41:61:71 [0] NCCL INFO NET/IB: Subnet-aware routing: overriding dev 1 with dev 0
gx10-6b41:61:71 [0] NCCL INFO NET/IB: ncclIbResiliencyInit: Resiliency is disabled on the send communicator (comm=0xeae904a59000)
gx10-6b41:61:71 [0] NCCL INFO NET/IB: Subnet-aware routing: overriding dev 1 with dev 0
gx10-6b41:61:71 [0] NCCL INFO NET/IB: ncclIbResiliencyInit: Resiliency is disabled on the recv communicator (comm=0xeae904a9a000)
gx10-6b41:61:71 [0] NCCL INFO NET/IB: ncclIbRecvCommInit: Receive work requests will be posted on-demand
gx10-6b41:61:71 [0] NCCL INFO NET/IB: Subnet-aware routing: overriding dev 1 with dev 0
gx10-6b41:61:71 [0] NCCL INFO NET/IB: Subnet-aware routing: overriding dev 3 with dev 2
gx10-6b41:61:71 [0] NCCL INFO NET/IB: ncclIbResiliencyInit: Resiliency is disabled on the send communicator (comm=0xeae904ae5000)
gx10-6b41:61:71 [0] NCCL INFO NET/IB: Subnet-aware routing: overriding dev 1 with dev 0
gx10-6b41:61:71 [0] NCCL INFO NET/IB: Subnet-aware routing: overriding dev 3 with dev 2
gx10-6b41:61:71 [0] NCCL INFO NET/IB: ncclIbResiliencyInit: Resiliency is disabled on the recv communicator (comm=0xeae904b26000)
gx10-6b41:61:71 [0] NCCL INFO NET/IB: ncclIbRecvCommInit: Receive work requests will be posted on-demand
gx10-6b41:61:71 [0] NCCL INFO NET/IB: ncclIbSenderQpsToRts: Set ECE: IbDev 0 Port 1 qp_num 40698 set_ece={supported=1, vendor_id=0x15b3, options=0x30000002, comp_mask=0x0}
gx10-6b41:61:71 [0] NCCL INFO NET/IB: Subnet-aware routing: overriding dev 1 with dev 0
gx10-6b41:61:71 [0] NCCL INFO NET/IB: ncclIbSenderQpsCreate: QP created: port=1 dev=0 devName=rocep1s0f0 ndevs=4 nmdevs=4 qp_num=40699 pkey=0 pd=0xeae90407dd30 oooRq=0
gx10-6b41:61:71 [0] NCCL INFO NET/IB: ncclIbConnectImpl: NCCL Dev 0 IbDev 0 Port 1 qp_num 40699 mtu 5 GID 6 (0/265A8C0FFFF0000) ctsFifoRkey=0x168642 ctsFifoLkey=0x168642
gx10-6b41:61:71 [0] NCCL INFO NET/IB: ncclIbConnectImpl: IbDev 0 Port 1 qp_num 40699 query_ece={supported=1, vendor_id=0x15b3, options=0x30000002, comp_mask=0x0}
gx10-6b41:61:71 [0] NCCL INFO NET/IB: ncclIbReceiverQpsCreateToRts: QP created: port=1 dev=1 devName=rocep1s0f1 ndevs=4 nmdevs=4 qp_num=39724 pkey=0 pd=0xeae9040c8ee0 oooRq=0
gx10-6b41:61:71 [0] NCCL INFO NET/IB: ncclIbReceiverQpsCreateToRts: Flush QP created: port=1 dev=1 devName=rocep1s0f1 ndevs=4 nmdevs=4 qp_num=39725 pkey=0 pd=0xeae9040c8ee0
gx10-6b41:61:71 [0] NCCL INFO NET/IB: ncclIbSenderQpsCreate: QP created: port=1 dev=2 devName=roceP2p1s0f0 ndevs=4 nmdevs=4 qp_num=1936 pkey=0 pd=0xeae9040c80d0 oooRq=0
gx10-6b41:61:71 [0] NCCL INFO NET/IB: ncclIbConnectImpl: NCCL Dev 2 IbDev 2 Port 1 qp_num 1936 mtu 5 GID 3 (0/26FA8C0FFFF0000) ctsFifoRkey=0x198b89 ctsFifoLkey=0x198b89
gx10-6b41:61:71 [0] NCCL INFO NET/IB: ncclIbConnectImpl: IbDev 2 Port 1 qp_num 1936 query_ece={supported=1, vendor_id=0x15b3, options=0x30000002, comp_mask=0x0}
gx10-6b41:61:71 [0] NCCL INFO NET/IB: Subnet-aware routing: overriding dev 2 with dev 3
gx10-6b41:61:71 [0] NCCL INFO NET/IB: ncclIbReceiverQpsCreateToRts: QP created: port=1 dev=3 devName=roceP2p1s0f1 ndevs=4 nmdevs=4 qp_num=2323 pkey=0 pd=0xeae9042b4a70 oooRq=0
gx10-6b41:61:71 [0] NCCL INFO NET/IB: ncclIbReceiverQpsCreateToRts: Flush QP created: port=1 dev=3 devName=roceP2p1s0f1 ndevs=4 nmdevs=4 qp_num=2324 pkey=0 pd=0xeae9042b4a70
gx10-6b41:61:71 [0] NCCL INFO NET/IB: Subnet-aware routing: overriding dev 3 with dev 2
gx10-6b41:61:71 [0] NCCL INFO NET/IB: ncclIbSenderQpsCreate: QP created: port=1 dev=2 devName=roceP2p1s0f0 ndevs=4 nmdevs=4 qp_num=1937 pkey=0 pd=0xeae9040c80d0 oooRq=0
gx10-6b41:61:71 [0] NCCL INFO NET/IB: ncclIbConnectImpl: NCCL Dev 2 IbDev 2 Port 1 qp_num 1937 mtu 5 GID 3 (0/26FA8C0FFFF0000) ctsFifoRkey=0x199492 ctsFifoLkey=0x199492
gx10-6b41:61:71 [0] NCCL INFO NET/IB: ncclIbConnectImpl: IbDev 2 Port 1 qp_num 1937 query_ece={supported=1, vendor_id=0x15b3, options=0x30000002, comp_mask=0x0}
gx10-6b41:61:71 [0] NCCL INFO NET/IB: ncclIbResiliencyInit: Resiliency is disabled on the send communicator (comm=0xeae904ca3000)
gx10-6b41:61:71 [0] NCCL INFO NET/IB: Subnet-aware routing: overriding dev 1 with dev 0
gx10-6b41:61:71 [0] NCCL INFO NET/IB: ncclIbSenderQpsToRts: Set ECE: IbDev 0 Port 1 qp_num 40699 set_ece={supported=1, vendor_id=0x15b3, options=0x30000002, comp_mask=0x0}
gx10-6b41:61:71 [0] NCCL INFO NET/IB: ncclIbSenderQpsToRts: Set ECE: IbDev 2 Port 1 qp_num 1936 set_ece={supported=1, vendor_id=0x15b3, options=0x30000002, comp_mask=0x0}
gx10-6b41:61:71 [0] NCCL INFO NET/IB: Subnet-aware routing: overriding dev 3 with dev 2
gx10-6b41:61:71 [0] NCCL INFO NET/IB: ncclIbResiliencyInit: Resiliency is disabled on the recv communicator (comm=0xeae904ce7000)
gx10-6b41:61:71 [0] NCCL INFO NET/IB: ncclIbRecvCommInit: Receive work requests will be posted on-demand
gx10-6b41:61:71 [0] NCCL INFO NET/IB: Subnet-aware routing: overriding dev 3 with dev 2
gx10-6b41:61:71 [0] NCCL INFO NET/IB: ncclIbSenderQpsToRts: Set ECE: IbDev 2 Port 1 qp_num 1937 set_ece={supported=1, vendor_id=0x15b3, options=0x30000002, comp_mask=0x0}
gx10-6b41:61:71 [0] NCCL INFO NET/IB: ncclIbReceiverQpsCreateToRts: QP created: port=1 dev=3 devName=roceP2p1s0f1 ndevs=4 nmdevs=4 qp_num=2325 pkey=0 pd=0xeae9042b4a70 oooRq=0
gx10-6b41:61:71 [0] NCCL INFO NET/IB: ncclIbReceiverQpsCreateToRts: Flush QP created: port=1 dev=3 devName=roceP2p1s0f1 ndevs=4 nmdevs=4 qp_num=2326 pkey=0 pd=0xeae9042b4a70
gx10-6b41:61:71 [0] NCCL INFO NET/IB: ncclIbSenderQpsCreate: QP created: port=1 dev=0 devName=rocep1s0f0 ndevs=4 nmdevs=4 qp_num=40700 pkey=0 pd=0xeae90407dd30 oooRq=0
gx10-6b41:61:71 [0] NCCL INFO NET/IB: ncclIbConnectImpl: NCCL Dev 0 IbDev 0 Port 1 qp_num 40700 mtu 5 GID 6 (0/265A8C0FFFF0000) ctsFifoRkey=0x1606c6 ctsFifoLkey=0x1606c6
gx10-6b41:61:71 [0] NCCL INFO NET/IB: ncclIbConnectImpl: IbDev 0 Port 1 qp_num 40700 query_ece={supported=1, vendor_id=0x15b3, options=0x30000002, comp_mask=0x0}
gx10-6b41:61:71 [0] NCCL INFO NET/IB: Subnet-aware routing: overriding dev 0 with dev 1
gx10-6b41:61:71 [0] NCCL INFO NET/IB: ncclIbReceiverQpsCreateToRts: QP created: port=1 dev=1 devName=rocep1s0f1 ndevs=4 nmdevs=4 qp_num=39726 pkey=0 pd=0xeae9040c8ee0 oooRq=0
gx10-6b41:61:71 [0] NCCL INFO NET/IB: ncclIbReceiverQpsCreateToRts: Flush QP created: port=1 dev=1 devName=rocep1s0f1 ndevs=4 nmdevs=4 qp_num=39727 pkey=0 pd=0xeae9040c8ee0
gx10-6b41:61:71 [0] NCCL INFO NET/IB: Subnet-aware routing: overriding dev 1 with dev 0
gx10-6b41:61:71 [0] NCCL INFO NET/IB: ncclIbResiliencyInit: Resiliency is disabled on the send communicator (comm=0xeae904df9000)
gx10-6b41:61:71 [0] NCCL INFO NET/IB: ncclIbSenderQpsToRts: Set ECE: IbDev 0 Port 1 qp_num 40700 set_ece={supported=1, vendor_id=0x15b3, options=0x30000002, comp_mask=0x0}
gx10-6b41:61:71 [0] NCCL INFO NET/IB: Subnet-aware routing: overriding dev 1 with dev 0
gx10-6b41:61:71 [0] NCCL INFO NET/IB: ncclIbResiliencyInit: Resiliency is disabled on the recv communicator (comm=0xeae904e3a000)
gx10-6b41:61:71 [0] NCCL INFO NET/IB: ncclIbRecvCommInit: Receive work requests will be posted on-demand
gx10-6b41:61:71 [0] NCCL INFO NET/IB: Subnet-aware routing: overriding dev 1 with dev 0
gx10-6b41:61:71 [0] NCCL INFO NET/IB: ncclIbResiliencyInit: Resiliency is disabled on the send communicator (comm=0xeae904e82000)
gx10-6b41:61:71 [0] NCCL INFO NET/IB: Subnet-aware routing: overriding dev 1 with dev 0
gx10-6b41:61:71 [0] NCCL INFO NET/IB: ncclIbResiliencyInit: Resiliency is disabled on the recv communicator (comm=0xeae904ec3000)
gx10-6b41:61:71 [0] NCCL INFO NET/IB: ncclIbRecvCommInit: Receive work requests will be posted on-demand
gx10-6b41:61:71 [0] NCCL INFO NET/IB: Subnet-aware routing: overriding dev 1 with dev 0
gx10-6b41:61:71 [0] NCCL INFO NET/IB: Subnet-aware routing: overriding dev 3 with dev 2
gx10-6b41:61:71 [0] NCCL INFO NET/IB: ncclIbResiliencyInit: Resiliency is disabled on the send communicator (comm=0xeae904f0b000)
gx10-6b41:61:71 [0] NCCL INFO NET/IB: Subnet-aware routing: overriding dev 1 with dev 0
gx10-6b41:61:71 [0] NCCL INFO NET/IB: ncclIbSenderQpsCreate: QP created: port=1 dev=0 devName=rocep1s0f0 ndevs=4 nmdevs=4 qp_num=40701 pkey=0 pd=0xeae90407dd30 oooRq=0
gx10-6b41:61:71 [0] NCCL INFO NET/IB: ncclIbConnectImpl: NCCL Dev 0 IbDev 0 Port 1 qp_num 40701 mtu 5 GID 6 (0/265A8C0FFFF0000) ctsFifoRkey=0x164f0c ctsFifoLkey=0x164f0c
gx10-6b41:61:71 [0] NCCL INFO NET/IB: ncclIbConnectImpl: IbDev 0 Port 1 qp_num 40701 query_ece={supported=1, vendor_id=0x15b3, options=0x30000002, comp_mask=0x0}
gx10-6b41:61:71 [0] NCCL INFO NET/IB: ncclIbReceiverQpsCreateToRts: QP created: port=1 dev=1 devName=rocep1s0f1 ndevs=4 nmdevs=4 qp_num=39728 pkey=0 pd=0xeae9040c8ee0 oooRq=0
gx10-6b41:61:71 [0] NCCL INFO NET/IB: ncclIbReceiverQpsCreateToRts: Flush QP created: port=1 dev=1 devName=rocep1s0f1 ndevs=4 nmdevs=4 qp_num=39729 pkey=0 pd=0xeae9040c8ee0
gx10-6b41:61:71 [0] NCCL INFO NET/IB: Subnet-aware routing: overriding dev 3 with dev 2
gx10-6b41:61:71 [0] NCCL INFO NET/IB: ncclIbResiliencyInit: Resiliency is disabled on the recv communicator (comm=0xeae904fce000)
gx10-6b41:61:71 [0] NCCL INFO NET/IB: ncclIbRecvCommInit: Receive work requests will be posted on-demand
gx10-6b41:61:71 [0] NCCL INFO NET/IB: Subnet-aware routing: overriding dev 1 with dev 0
gx10-6b41:61:71 [0] NCCL INFO NET/IB: Subnet-aware routing: overriding dev 3 with dev 2
gx10-6b41:61:71 [0] NCCL INFO NET/IB: ncclIbResiliencyInit: Resiliency is disabled on the send communicator (comm=0xeae905016000)
gx10-6b41:61:71 [0] NCCL INFO NET/IB: Subnet-aware routing: overriding dev 1 with dev 0
gx10-6b41:61:71 [0] NCCL INFO NET/IB: Subnet-aware routing: overriding dev 2 with dev 3
gx10-6b41:61:71 [0] NCCL INFO NET/IB: ncclIbReceiverQpsCreateToRts: QP created: port=1 dev=3 devName=roceP2p1s0f1 ndevs=4 nmdevs=4 qp_num=2327 pkey=0 pd=0xeae9042b4a70 oooRq=0
gx10-6b41:61:71 [0] NCCL INFO NET/IB: ncclIbReceiverQpsCreateToRts: Flush QP created: port=1 dev=3 devName=roceP2p1s0f1 ndevs=4 nmdevs=4 qp_num=2328 pkey=0 pd=0xeae9042b4a70
gx10-6b41:61:71 [0] NCCL INFO NET/IB: Subnet-aware routing: overriding dev 3 with dev 2
gx10-6b41:61:71 [0] NCCL INFO NET/IB: ncclIbResiliencyInit: Resiliency is disabled on the recv communicator (comm=0xeae9050ab000)
gx10-6b41:61:71 [0] NCCL INFO NET/IB: ncclIbRecvCommInit: Receive work requests will be posted on-demand
gx10-6b41:61:71 [0] NCCL INFO NET/IB: Subnet-aware routing: overriding dev 1 with dev 0
gx10-6b41:61:71 [0] NCCL INFO NET/IB: ncclIbSenderQpsToRts: Set ECE: IbDev 0 Port 1 qp_num 40701 set_ece={supported=1, vendor_id=0x15b3, options=0x30000002, comp_mask=0x0}
gx10-6b41:61:71 [0] NCCL INFO NET/IB: ncclIbSenderQpsCreate: QP created: port=1 dev=2 devName=roceP2p1s0f0 ndevs=4 nmdevs=4 qp_num=1938 pkey=0 pd=0xeae9040c80d0 oooRq=0
gx10-6b41:61:71 [0] NCCL INFO NET/IB: ncclIbConnectImpl: NCCL Dev 2 IbDev 2 Port 1 qp_num 1938 mtu 5 GID 3 (0/26FA8C0FFFF0000) ctsFifoRkey=0x19201f ctsFifoLkey=0x19201f
gx10-6b41:61:71 [0] NCCL INFO NET/IB: ncclIbConnectImpl: IbDev 2 Port 1 qp_num 1938 query_ece={supported=1, vendor_id=0x15b3, options=0x30000002, comp_mask=0x0}
gx10-6b41:61:71 [0] NCCL INFO NET/IB: Subnet-aware routing: overriding dev 3 with dev 2
gx10-6b41:61:71 [0] NCCL INFO NET/IB: ncclIbSenderQpsCreate: QP created: port=1 dev=2 devName=roceP2p1s0f0 ndevs=4 nmdevs=4 qp_num=1939 pkey=0 pd=0xeae9040c80d0 oooRq=0
gx10-6b41:61:71 [0] NCCL INFO NET/IB: ncclIbConnectImpl: NCCL Dev 2 IbDev 2 Port 1 qp_num 1939 mtu 5 GID 3 (0/26FA8C0FFFF0000) ctsFifoRkey=0x199d9b ctsFifoLkey=0x199d9b
gx10-6b41:61:71 [0] NCCL INFO NET/IB: ncclIbConnectImpl: IbDev 2 Port 1 qp_num 1939 query_ece={supported=1, vendor_id=0x15b3, options=0x30000002, comp_mask=0x0}
gx10-6b41:61:71 [0] NCCL INFO NET/IB: ncclIbReceiverQpsCreateToRts: QP created: port=1 dev=3 devName=roceP2p1s0f1 ndevs=4 nmdevs=4 qp_num=2329 pkey=0 pd=0xeae9042b4a70 oooRq=0
gx10-6b41:61:71 [0] NCCL INFO NET/IB: ncclIbReceiverQpsCreateToRts: Flush QP created: port=1 dev=3 devName=roceP2p1s0f1 ndevs=4 nmdevs=4 qp_num=2330 pkey=0 pd=0xeae9042b4a70
gx10-6b41:61:71 [0] NCCL INFO NET/IB: ncclIbSenderQpsCreate: QP created: port=1 dev=0 devName=rocep1s0f0 ndevs=4 nmdevs=4 qp_num=40702 pkey=0 pd=0xeae90407dd30 oooRq=0
gx10-6b41:61:71 [0] NCCL INFO NET/IB: ncclIbConnectImpl: NCCL Dev 0 IbDev 0 Port 1 qp_num 40702 mtu 5 GID 6 (0/265A8C0FFFF0000) ctsFifoRkey=0x152ff0 ctsFifoLkey=0x152ff0
gx10-6b41:61:71 [0] NCCL INFO NET/IB: ncclIbConnectImpl: IbDev 0 Port 1 qp_num 40702 query_ece={supported=1, vendor_id=0x15b3, options=0x30000002, comp_mask=0x0}
gx10-6b41:61:71 [0] NCCL INFO NET/IB: Subnet-aware routing: overriding dev 1 with dev 0
gx10-6b41:61:71 [0] NCCL INFO NET/IB: ncclIbResiliencyInit: Resiliency is disabled on the send communicator (comm=0xeae9051d2000)
gx10-6b41:61:71 [0] NCCL INFO NET/IB: ncclIbSenderQpsToRts: Set ECE: IbDev 2 Port 1 qp_num 1938 set_ece={supported=1, vendor_id=0x15b3, options=0x30000002, comp_mask=0x0}
gx10-6b41:61:71 [0] NCCL INFO NET/IB: Subnet-aware routing: overriding dev 3 with dev 2
gx10-6b41:61:71 [0] NCCL INFO NET/IB: ncclIbSenderQpsToRts: Set ECE: IbDev 2 Port 1 qp_num 1939 set_ece={supported=1, vendor_id=0x15b3, options=0x30000002, comp_mask=0x0}
gx10-6b41:61:71 [0] NCCL INFO NET/IB: ncclIbSenderQpsToRts: Set ECE: IbDev 0 Port 1 qp_num 40702 set_ece={supported=1, vendor_id=0x15b3, options=0x30000002, comp_mask=0x0}
gx10-6b41:61:71 [0] NCCL INFO NET/IB: Subnet-aware routing: overriding dev 0 with dev 1
gx10-6b41:61:71 [0] NCCL INFO NET/IB: ncclIbReceiverQpsCreateToRts: QP created: port=1 dev=1 devName=rocep1s0f1 ndevs=4 nmdevs=4 qp_num=39730 pkey=0 pd=0xeae9040c8ee0 oooRq=0
gx10-6b41:61:71 [0] NCCL INFO NET/IB: ncclIbReceiverQpsCreateToRts: Flush QP created: port=1 dev=1 devName=rocep1s0f1 ndevs=4 nmdevs=4 qp_num=39731 pkey=0 pd=0xeae9040c8ee0
gx10-6b41:61:71 [0] NCCL INFO NET/IB: Subnet-aware routing: overriding dev 1 with dev 0
gx10-6b41:61:71 [0] NCCL INFO NET/IB: ncclIbResiliencyInit: Resiliency is disabled on the recv communicator (comm=0xeae905261000)
gx10-6b41:61:71 [0] NCCL INFO NET/IB: ncclIbRecvCommInit: Receive work requests will be posted on-demand
gx10-6b41:61:71 [0] NCCL INFO NET/IB: Subnet-aware routing: overriding dev 1 with dev 0
gx10-6b41:61:71 [0] NCCL INFO NET/IB: ncclIbResiliencyInit: Resiliency is disabled on the send communicator (comm=0xeae9052a9000)
gx10-6b41:61:71 [0] NCCL INFO NET/IB: Subnet-aware routing: overriding dev 1 with dev 0
gx10-6b41:61:71 [0] NCCL INFO NET/IB: ncclIbResiliencyInit: Resiliency is disabled on the recv communicator (comm=0xeae9052ea000)
gx10-6b41:61:71 [0] NCCL INFO NET/IB: ncclIbRecvCommInit: Receive work requests will be posted on-demand
gx10-6b41:61:71 [0] NCCL INFO NET/IB: Subnet-aware routing: overriding dev 1 with dev 0
gx10-6b41:61:71 [0] NCCL INFO NET/IB: Subnet-aware routing: overriding dev 3 with dev 2
gx10-6b41:61:71 [0] NCCL INFO NET/IB: ncclIbResiliencyInit: Resiliency is disabled on the send communicator (comm=0xeae905335000)
gx10-6b41:61:71 [0] NCCL INFO NET/IB: Subnet-aware routing: overriding dev 1 with dev 0
gx10-6b41:61:71 [0] NCCL INFO NET/IB: ncclIbSenderQpsCreate: QP created: port=1 dev=0 devName=rocep1s0f0 ndevs=4 nmdevs=4 qp_num=40703 pkey=0 pd=0xeae90407dd30 oooRq=0
gx10-6b41:61:71 [0] NCCL INFO NET/IB: ncclIbConnectImpl: NCCL Dev 0 IbDev 0 Port 1 qp_num 40703 mtu 5 GID 6 (0/265A8C0FFFF0000) ctsFifoRkey=0x169f5c ctsFifoLkey=0x169f5c
gx10-6b41:61:71 [0] NCCL INFO NET/IB: ncclIbConnectImpl: IbDev 0 Port 1 qp_num 40703 query_ece={supported=1, vendor_id=0x15b3, options=0x30000002, comp_mask=0x0}
gx10-6b41:61:71 [0] NCCL INFO NET/IB: ncclIbReceiverQpsCreateToRts: QP created: port=1 dev=1 devName=rocep1s0f1 ndevs=4 nmdevs=4 qp_num=39732 pkey=0 pd=0xeae9040c8ee0 oooRq=0
gx10-6b41:61:71 [0] NCCL INFO NET/IB: ncclIbReceiverQpsCreateToRts: Flush QP created: port=1 dev=1 devName=rocep1s0f1 ndevs=4 nmdevs=4 qp_num=39733 pkey=0 pd=0xeae9040c8ee0
gx10-6b41:61:71 [0] NCCL INFO NET/IB: Subnet-aware routing: overriding dev 2 with dev 3
gx10-6b41:61:71 [0] NCCL INFO NET/IB: ncclIbReceiverQpsCreateToRts: QP created: port=1 dev=3 devName=roceP2p1s0f1 ndevs=4 nmdevs=4 qp_num=2331 pkey=0 pd=0xeae9042b4a70 oooRq=0
gx10-6b41:61:71 [0] NCCL INFO NET/IB: ncclIbReceiverQpsCreateToRts: Flush QP created: port=1 dev=3 devName=roceP2p1s0f1 ndevs=4 nmdevs=4 qp_num=2332 pkey=0 pd=0xeae9042b4a70
gx10-6b41:61:71 [0] NCCL INFO NET/IB: Subnet-aware routing: overriding dev 3 with dev 2
gx10-6b41:61:71 [0] NCCL INFO NET/IB: ncclIbResiliencyInit: Resiliency is disabled on the recv communicator (comm=0xeae905448000)
gx10-6b41:61:71 [0] NCCL INFO NET/IB: ncclIbRecvCommInit: Receive work requests will be posted on-demand
gx10-6b41:61:71 [0] NCCL INFO NET/IB: Subnet-aware routing: overriding dev 1 with dev 0
gx10-6b41:61:71 [0] NCCL INFO NET/IB: ncclIbSenderQpsCreate: QP created: port=1 dev=2 devName=roceP2p1s0f0 ndevs=4 nmdevs=4 qp_num=1940 pkey=0 pd=0xeae9040c80d0 oooRq=0
gx10-6b41:61:71 [0] NCCL INFO NET/IB: ncclIbConnectImpl: NCCL Dev 2 IbDev 2 Port 1 qp_num 1940 mtu 5 GID 3 (0/26FA8C0FFFF0000) ctsFifoRkey=0x19a7a4 ctsFifoLkey=0x19a7a4
gx10-6b41:61:71 [0] NCCL INFO NET/IB: ncclIbConnectImpl: IbDev 2 Port 1 qp_num 1940 query_ece={supported=1, vendor_id=0x15b3, options=0x30000002, comp_mask=0x0}
gx10-6b41:61:71 [0] NCCL INFO NET/IB: Subnet-aware routing: overriding dev 3 with dev 2
gx10-6b41:61:71 [0] NCCL INFO NET/IB: ncclIbResiliencyInit: Resiliency is disabled on the send communicator (comm=0xeae9054c2000)
gx10-6b41:61:71 [0] NCCL INFO NET/IB: Subnet-aware routing: overriding dev 1 with dev 0
gx10-6b41:61:71 [0] NCCL INFO NET/IB: ncclIbSenderQpsToRts: Set ECE: IbDev 0 Port 1 qp_num 40703 set_ece={supported=1, vendor_id=0x15b3, options=0x30000002, comp_mask=0x0}
gx10-6b41:61:71 [0] NCCL INFO NET/IB: ncclIbSenderQpsToRts: Set ECE: IbDev 2 Port 1 qp_num 1940 set_ece={supported=1, vendor_id=0x15b3, options=0x30000002, comp_mask=0x0}
gx10-6b41:61:71 [0] NCCL INFO NET/IB: Subnet-aware routing: overriding dev 3 with dev 2
gx10-6b41:61:71 [0] NCCL INFO NET/IB: ncclIbSenderQpsCreate: QP created: port=1 dev=2 devName=roceP2p1s0f0 ndevs=4 nmdevs=4 qp_num=1941 pkey=0 pd=0xeae9040c80d0 oooRq=0
gx10-6b41:61:71 [0] NCCL INFO NET/IB: ncclIbConnectImpl: NCCL Dev 2 IbDev 2 Port 1 qp_num 1941 mtu 5 GID 3 (0/26FA8C0FFFF0000) ctsFifoRkey=0x189290 ctsFifoLkey=0x189290
gx10-6b41:61:71 [0] NCCL INFO NET/IB: ncclIbConnectImpl: IbDev 2 Port 1 qp_num 1941 query_ece={supported=1, vendor_id=0x15b3, options=0x30000002, comp_mask=0x0}
gx10-6b41:61:71 [0] NCCL INFO NET/IB: ncclIbReceiverQpsCreateToRts: QP created: port=1 dev=3 devName=roceP2p1s0f1 ndevs=4 nmdevs=4 qp_num=2333 pkey=0 pd=0xeae9042b4a70 oooRq=0
gx10-6b41:61:71 [0] NCCL INFO NET/IB: ncclIbReceiverQpsCreateToRts: Flush QP created: port=1 dev=3 devName=roceP2p1s0f1 ndevs=4 nmdevs=4 qp_num=2334 pkey=0 pd=0xeae9042b4a70
gx10-6b41:61:71 [0] NCCL INFO NET/IB: ncclIbResiliencyInit: Resiliency is disabled on the recv communicator (comm=0xeae905582000)
gx10-6b41:61:71 [0] NCCL INFO NET/IB: ncclIbRecvCommInit: Receive work requests will be posted on-demand
gx10-6b41:61:71 [0] NCCL INFO NET/IB: Subnet-aware routing: overriding dev 3 with dev 2
gx10-6b41:61:71 [0] NCCL INFO NET/IB: Subnet-aware routing: overriding dev 1 with dev 0
gx10-6b41:61:71 [0] NCCL INFO NET/IB: ncclIbResiliencyInit: Resiliency is disabled on the send communicator (comm=0xeae9055ca000)
gx10-6b41:61:71 [0] NCCL INFO NET/IB: Subnet-aware routing: overriding dev 3 with dev 2
gx10-6b41:61:71 [0] NCCL INFO NET/IB: Subnet-aware routing: overriding dev 1 with dev 0
gx10-6b41:61:71 [0] NCCL INFO NET/IB: ncclIbResiliencyInit: Resiliency is disabled on the recv communicator (comm=0xeae90560e000)
gx10-6b41:61:71 [0] NCCL INFO NET/IB: ncclIbRecvCommInit: Receive work requests will be posted on-demand
gx10-6b41:61:71 [0] NCCL INFO NET/IB: Subnet-aware routing: overriding dev 3 with dev 2
gx10-6b41:61:71 [0] NCCL INFO NET/IB: Subnet-aware routing: overriding dev 1 with dev 0
gx10-6b41:61:71 [0] NCCL INFO NET/IB: ncclIbResiliencyInit: Resiliency is disabled on the send communicator (comm=0xeae905656000)
gx10-6b41:61:71 [0] NCCL INFO NET/IB: Subnet-aware routing: overriding dev 3 with dev 2
gx10-6b41:61:71 [0] NCCL INFO NET/IB: Subnet-aware routing: overriding dev 1 with dev 0
gx10-6b41:61:71 [0] NCCL INFO NET/IB: ncclIbResiliencyInit: Resiliency is disabled on the recv communicator (comm=0xeae90569a000)
gx10-6b41:61:71 [0] NCCL INFO NET/IB: ncclIbRecvCommInit: Receive work requests will be posted on-demand
gx10-6b41:61:71 [0] NCCL INFO NET/IB: Subnet-aware routing: overriding dev 3 with dev 2
gx10-6b41:61:71 [0] NCCL INFO NET/IB: ncclIbSenderQpsToRts: Set ECE: IbDev 2 Port 1 qp_num 1941 set_ece={supported=1, vendor_id=0x15b3, options=0x30000002, comp_mask=0x0}
gx10-6b41:61:71 [0] NCCL INFO NET/IB: ncclIbSenderQpsCreate: QP created: port=1 dev=0 devName=rocep1s0f0 ndevs=4 nmdevs=4 qp_num=40704 pkey=0 pd=0xeae90407dd30 oooRq=0
gx10-6b41:61:71 [0] NCCL INFO NET/IB: ncclIbConnectImpl: NCCL Dev 0 IbDev 0 Port 1 qp_num 40704 mtu 5 GID 6 (0/265A8C0FFFF0000) ctsFifoRkey=0x1619d5 ctsFifoLkey=0x1619d5
gx10-6b41:61:71 [0] NCCL INFO NET/IB: ncclIbConnectImpl: IbDev 0 Port 1 qp_num 40704 query_ece={supported=1, vendor_id=0x15b3, options=0x30000002, comp_mask=0x0}
gx10-6b41:61:71 [0] NCCL INFO NET/IB: Subnet-aware routing: overriding dev 0 with dev 1
gx10-6b41:61:71 [0] NCCL INFO NET/IB: ncclIbReceiverQpsCreateToRts: QP created: port=1 dev=1 devName=rocep1s0f1 ndevs=4 nmdevs=4 qp_num=39734 pkey=0 pd=0xeae9040c8ee0 oooRq=0
gx10-6b41:61:71 [0] NCCL INFO NET/IB: ncclIbReceiverQpsCreateToRts: Flush QP created: port=1 dev=1 devName=rocep1s0f1 ndevs=4 nmdevs=4 qp_num=39735 pkey=0 pd=0xeae9040c8ee0
gx10-6b41:61:71 [0] NCCL INFO NET/IB: Subnet-aware routing: overriding dev 1 with dev 0
gx10-6b41:61:71 [0] NCCL INFO NET/IB: ncclIbSenderQpsCreate: QP created: port=1 dev=0 devName=rocep1s0f0 ndevs=4 nmdevs=4 qp_num=40705 pkey=0 pd=0xeae90407dd30 oooRq=0
gx10-6b41:61:71 [0] NCCL INFO NET/IB: ncclIbConnectImpl: NCCL Dev 0 IbDev 0 Port 1 qp_num 40705 mtu 5 GID 6 (0/265A8C0FFFF0000) ctsFifoRkey=0x15914c ctsFifoLkey=0x15914c
gx10-6b41:61:71 [0] NCCL INFO NET/IB: ncclIbConnectImpl: IbDev 0 Port 1 qp_num 40705 query_ece={supported=1, vendor_id=0x15b3, options=0x30000002, comp_mask=0x0}
gx10-6b41:61:71 [0] NCCL INFO NET/IB: ncclIbReceiverQpsCreateToRts: QP created: port=1 dev=1 devName=rocep1s0f1 ndevs=4 nmdevs=4 qp_num=39736 pkey=0 pd=0xeae9040c8ee0 oooRq=0
gx10-6b41:61:71 [0] NCCL INFO NET/IB: ncclIbReceiverQpsCreateToRts: Flush QP created: port=1 dev=1 devName=rocep1s0f1 ndevs=4 nmdevs=4 qp_num=39737 pkey=0 pd=0xeae9040c8ee0
gx10-6b41:61:71 [0] NCCL INFO NET/IB: ncclIbSenderQpsCreate: QP created: port=1 dev=2 devName=roceP2p1s0f0 ndevs=4 nmdevs=4 qp_num=1942 pkey=0 pd=0xeae9040c80d0 oooRq=0
gx10-6b41:61:71 [0] NCCL INFO NET/IB: ncclIbConnectImpl: NCCL Dev 2 IbDev 2 Port 1 qp_num 1942 mtu 5 GID 3 (0/26FA8C0FFFF0000) ctsFifoRkey=0x192b28 ctsFifoLkey=0x192b28
gx10-6b41:61:71 [0] NCCL INFO NET/IB: ncclIbConnectImpl: IbDev 2 Port 1 qp_num 1942 query_ece={supported=1, vendor_id=0x15b3, options=0x30000002, comp_mask=0x0}
gx10-6b41:61:71 [0] NCCL INFO NET/IB: Subnet-aware routing: overriding dev 2 with dev 3
gx10-6b41:61:71 [0] NCCL INFO NET/IB: ncclIbReceiverQpsCreateToRts: QP created: port=1 dev=3 devName=roceP2p1s0f1 ndevs=4 nmdevs=4 qp_num=2335 pkey=0 pd=0xeae9042b4a70 oooRq=0
gx10-6b41:61:71 [0] NCCL INFO NET/IB: ncclIbReceiverQpsCreateToRts: Flush QP created: port=1 dev=3 devName=roceP2p1s0f1 ndevs=4 nmdevs=4 qp_num=2336 pkey=0 pd=0xeae9042b4a70
gx10-6b41:61:71 [0] NCCL INFO NET/IB: Subnet-aware routing: overriding dev 3 with dev 2
gx10-6b41:61:71 [0] NCCL INFO NET/IB: ncclIbResiliencyInit: Resiliency is disabled on the send communicator (comm=0xeae905867000)
gx10-6b41:61:71 [0] NCCL INFO NET/IB: ncclIbSenderQpsToRts: Set ECE: IbDev 0 Port 1 qp_num 40704 set_ece={supported=1, vendor_id=0x15b3, options=0x30000002, comp_mask=0x0}
gx10-6b41:61:71 [0] NCCL INFO NET/IB: Subnet-aware routing: overriding dev 1 with dev 0
gx10-6b41:61:71 [0] NCCL INFO NET/IB: ncclIbSenderQpsToRts: Set ECE: IbDev 0 Port 1 qp_num 40705 set_ece={supported=1, vendor_id=0x15b3, options=0x30000002, comp_mask=0x0}
gx10-6b41:61:71 [0] NCCL INFO NET/IB: ncclIbSenderQpsToRts: Set ECE: IbDev 2 Port 1 qp_num 1942 set_ece={supported=1, vendor_id=0x15b3, options=0x30000002, comp_mask=0x0}
gx10-6b41:61:71 [0] NCCL INFO NET/IB: Subnet-aware routing: overriding dev 3 with dev 2
gx10-6b41:61:71 [0] NCCL INFO NET/IB: ncclIbResiliencyInit: Resiliency is disabled on the recv communicator (comm=0xeae9058ab000)
gx10-6b41:61:71 [0] NCCL INFO NET/IB: ncclIbRecvCommInit: Receive work requests will be posted on-demand
gx10-6b41:61:71 [0] NCCL INFO NET/IB: Subnet-aware routing: overriding dev 3 with dev 2
gx10-6b41:61:71 [0] NCCL INFO NET/IB: ncclIbResiliencyInit: Resiliency is disabled on the send communicator (comm=0xeae9058f3000)
gx10-6b41:61:71 [0] NCCL INFO NET/IB: Subnet-aware routing: overriding dev 3 with dev 2
gx10-6b41:61:71 [0] NCCL INFO NET/IB: ncclIbResiliencyInit: Resiliency is disabled on the recv communicator (comm=0xeae905937000)
gx10-6b41:61:71 [0] NCCL INFO NET/IB: ncclIbRecvCommInit: Receive work requests will be posted on-demand
gx10-6b41:61:71 [0] NCCL INFO NET/IB: Subnet-aware routing: overriding dev 3 with dev 2
gx10-6b41:61:71 [0] NCCL INFO NET/IB: Subnet-aware routing: overriding dev 1 with dev 0
gx10-6b41:61:71 [0] NCCL INFO NET/IB: ncclIbResiliencyInit: Resiliency is disabled on the send communicator (comm=0xeae90597f000)
gx10-6b41:61:71 [0] NCCL INFO NET/IB: Subnet-aware routing: overriding dev 3 with dev 2
gx10-6b41:61:71 [0] NCCL INFO NET/IB: ncclIbSenderQpsCreate: QP created: port=1 dev=2 devName=roceP2p1s0f0 ndevs=4 nmdevs=4 qp_num=1943 pkey=0 pd=0xeae9040c80d0 oooRq=0
gx10-6b41:61:71 [0] NCCL INFO NET/IB: ncclIbConnectImpl: NCCL Dev 2 IbDev 2 Port 1 qp_num 1943 mtu 5 GID 3 (0/26FA8C0FFFF0000) ctsFifoRkey=0x18aeab ctsFifoLkey=0x18aeab
gx10-6b41:61:71 [0] NCCL INFO NET/IB: ncclIbConnectImpl: IbDev 2 Port 1 qp_num 1943 query_ece={supported=1, vendor_id=0x15b3, options=0x30000002, comp_mask=0x0}
gx10-6b41:61:71 [0] NCCL INFO NET/IB: ncclIbReceiverQpsCreateToRts: QP created: port=1 dev=3 devName=roceP2p1s0f1 ndevs=4 nmdevs=4 qp_num=2337 pkey=0 pd=0xeae9042b4a70 oooRq=0
gx10-6b41:61:71 [0] NCCL INFO NET/IB: ncclIbReceiverQpsCreateToRts: Flush QP created: port=1 dev=3 devName=roceP2p1s0f1 ndevs=4 nmdevs=4 qp_num=2338 pkey=0 pd=0xeae9042b4a70
gx10-6b41:61:71 [0] NCCL INFO NET/IB: ncclIbSenderQpsCreate: QP created: port=1 dev=0 devName=rocep1s0f0 ndevs=4 nmdevs=4 qp_num=40706 pkey=0 pd=0xeae90407dd30 oooRq=0
gx10-6b41:61:71 [0] NCCL INFO NET/IB: ncclIbConnectImpl: NCCL Dev 0 IbDev 0 Port 1 qp_num 40706 mtu 5 GID 6 (0/265A8C0FFFF0000) ctsFifoRkey=0x15a463 ctsFifoLkey=0x15a463
gx10-6b41:61:71 [0] NCCL INFO NET/IB: ncclIbConnectImpl: IbDev 0 Port 1 qp_num 40706 query_ece={supported=1, vendor_id=0x15b3, options=0x30000002, comp_mask=0x0}
gx10-6b41:61:71 [0] NCCL INFO NET/IB: Subnet-aware routing: overriding dev 0 with dev 1
gx10-6b41:61:71 [0] NCCL INFO NET/IB: ncclIbReceiverQpsCreateToRts: QP created: port=1 dev=1 devName=rocep1s0f1 ndevs=4 nmdevs=4 qp_num=39738 pkey=0 pd=0xeae9040c8ee0 oooRq=0
gx10-6b41:61:71 [0] NCCL INFO NET/IB: ncclIbReceiverQpsCreateToRts: Flush QP created: port=1 dev=1 devName=rocep1s0f1 ndevs=4 nmdevs=4 qp_num=39739 pkey=0 pd=0xeae9040c8ee0
gx10-6b41:61:71 [0] NCCL INFO NET/IB: Subnet-aware routing: overriding dev 1 with dev 0
gx10-6b41:61:71 [0] NCCL INFO NET/IB: ncclIbResiliencyInit: Resiliency is disabled on the recv communicator (comm=0xeae905abd000)
gx10-6b41:61:71 [0] NCCL INFO NET/IB: ncclIbRecvCommInit: Receive work requests will be posted on-demand
gx10-6b41:61:71 [0] NCCL INFO NET/IB: Subnet-aware routing: overriding dev 3 with dev 2
gx10-6b41:61:71 [0] NCCL INFO NET/IB: Subnet-aware routing: overriding dev 1 with dev 0
gx10-6b41:61:71 [0] NCCL INFO NET/IB: ncclIbResiliencyInit: Resiliency is disabled on the send communicator (comm=0xeae905b05000)
gx10-6b41:61:71 [0] NCCL INFO NET/IB: Subnet-aware routing: overriding dev 3 with dev 2
gx10-6b41:61:71 [0] NCCL INFO NET/IB: ncclIbSenderQpsToRts: Set ECE: IbDev 2 Port 1 qp_num 1943 set_ece={supported=1, vendor_id=0x15b3, options=0x30000002, comp_mask=0x0}
gx10-6b41:61:71 [0] NCCL INFO NET/IB: ncclIbSenderQpsToRts: Set ECE: IbDev 0 Port 1 qp_num 40706 set_ece={supported=1, vendor_id=0x15b3, options=0x30000002, comp_mask=0x0}
gx10-6b41:61:71 [0] NCCL INFO NET/IB: Subnet-aware routing: overriding dev 1 with dev 0
gx10-6b41:61:71 [0] NCCL INFO NET/IB: ncclIbSenderQpsCreate: QP created: port=1 dev=0 devName=rocep1s0f0 ndevs=4 nmdevs=4 qp_num=40707 pkey=0 pd=0xeae90407dd30 oooRq=0
gx10-6b41:61:71 [0] NCCL INFO NET/IB: ncclIbConnectImpl: NCCL Dev 0 IbDev 0 Port 1 qp_num 40707 mtu 5 GID 6 (0/265A8C0FFFF0000) ctsFifoRkey=0x1624e4 ctsFifoLkey=0x1624e4
gx10-6b41:61:71 [0] NCCL INFO NET/IB: ncclIbConnectImpl: IbDev 0 Port 1 qp_num 40707 query_ece={supported=1, vendor_id=0x15b3, options=0x30000002, comp_mask=0x0}
gx10-6b41:61:71 [0] NCCL INFO NET/IB: ncclIbReceiverQpsCreateToRts: QP created: port=1 dev=1 devName=rocep1s0f1 ndevs=4 nmdevs=4 qp_num=39740 pkey=0 pd=0xeae9040c8ee0 oooRq=0
gx10-6b41:61:71 [0] NCCL INFO NET/IB: ncclIbReceiverQpsCreateToRts: Flush QP created: port=1 dev=1 devName=rocep1s0f1 ndevs=4 nmdevs=4 qp_num=39741 pkey=0 pd=0xeae9040c8ee0
gx10-6b41:61:71 [0] NCCL INFO NET/IB: ncclIbResiliencyInit: Resiliency is disabled on the recv communicator (comm=0xeae905bc3000)
gx10-6b41:61:71 [0] NCCL INFO NET/IB: ncclIbRecvCommInit: Receive work requests will be posted on-demand
gx10-6b41:61:71 [0] NCCL INFO NET/IB: Subnet-aware routing: overriding dev 1 with dev 0
gx10-6b41:61:71 [0] NCCL INFO NET/IB: Subnet-aware routing: overriding dev 3 with dev 2
gx10-6b41:61:71 [0] NCCL INFO NET/IB: ncclIbResiliencyInit: Resiliency is disabled on the send communicator (comm=0xeae905c0b000)
gx10-6b41:61:71 [0] NCCL INFO NET/IB: Subnet-aware routing: overriding dev 1 with dev 0
gx10-6b41:61:71 [0] NCCL INFO NET/IB: Subnet-aware routing: overriding dev 3 with dev 2
gx10-6b41:61:71 [0] NCCL INFO NET/IB: ncclIbResiliencyInit: Resiliency is disabled on the recv communicator (comm=0xeae905c4f000)
gx10-6b41:61:71 [0] NCCL INFO NET/IB: ncclIbRecvCommInit: Receive work requests will be posted on-demand
gx10-6b41:61:71 [0] NCCL INFO NET/IB: Subnet-aware routing: overriding dev 1 with dev 0
gx10-6b41:61:71 [0] NCCL INFO NET/IB: Subnet-aware routing: overriding dev 3 with dev 2
gx10-6b41:61:71 [0] NCCL INFO NET/IB: ncclIbResiliencyInit: Resiliency is disabled on the send communicator (comm=0xeae905c97000)
gx10-6b41:61:71 [0] NCCL INFO NET/IB: Subnet-aware routing: overriding dev 1 with dev 0
gx10-6b41:61:71 [0] NCCL INFO NET/IB: ncclIbSenderQpsToRts: Set ECE: IbDev 0 Port 1 qp_num 40707 set_ece={supported=1, vendor_id=0x15b3, options=0x30000002, comp_mask=0x0}
gx10-6b41:61:71 [0] NCCL INFO NET/IB: ncclIbSenderQpsCreate: QP created: port=1 dev=2 devName=roceP2p1s0f0 ndevs=4 nmdevs=4 qp_num=1944 pkey=0 pd=0xeae9040c80d0 oooRq=0
gx10-6b41:61:71 [0] NCCL INFO NET/IB: ncclIbConnectImpl: NCCL Dev 2 IbDev 2 Port 1 qp_num 1944 mtu 5 GID 3 (0/26FA8C0FFFF0000) ctsFifoRkey=0x18a09b ctsFifoLkey=0x18a09b
gx10-6b41:61:71 [0] NCCL INFO NET/IB: ncclIbConnectImpl: IbDev 2 Port 1 qp_num 1944 query_ece={supported=1, vendor_id=0x15b3, options=0x30000002, comp_mask=0x0}
gx10-6b41:61:71 [0] NCCL INFO NET/IB: Subnet-aware routing: overriding dev 2 with dev 3
gx10-6b41:61:71 [0] NCCL INFO NET/IB: ncclIbReceiverQpsCreateToRts: QP created: port=1 dev=3 devName=roceP2p1s0f1 ndevs=4 nmdevs=4 qp_num=2339 pkey=0 pd=0xeae9042b4a70 oooRq=0
gx10-6b41:61:71 [0] NCCL INFO NET/IB: ncclIbReceiverQpsCreateToRts: Flush QP created: port=1 dev=3 devName=roceP2p1s0f1 ndevs=4 nmdevs=4 qp_num=2340 pkey=0 pd=0xeae9042b4a70
gx10-6b41:61:71 [0] NCCL INFO NET/IB: Subnet-aware routing: overriding dev 3 with dev 2
gx10-6b41:61:71 [0] NCCL INFO NET/IB: ncclIbSenderQpsCreate: QP created: port=1 dev=2 devName=roceP2p1s0f0 ndevs=4 nmdevs=4 qp_num=1945 pkey=0 pd=0xeae9040c80d0 oooRq=0
gx10-6b41:61:71 [0] NCCL INFO NET/IB: ncclIbConnectImpl: NCCL Dev 2 IbDev 2 Port 1 qp_num 1945 mtu 5 GID 3 (0/26FA8C0FFFF0000) ctsFifoRkey=0x18c7c2 ctsFifoLkey=0x18c7c2
gx10-6b41:61:71 [0] NCCL INFO NET/IB: ncclIbConnectImpl: IbDev 2 Port 1 qp_num 1945 query_ece={supported=1, vendor_id=0x15b3, options=0x30000002, comp_mask=0x0}
gx10-6b41:61:71 [0] NCCL INFO NET/IB: ncclIbReceiverQpsCreateToRts: QP created: port=1 dev=3 devName=roceP2p1s0f1 ndevs=4 nmdevs=4 qp_num=2341 pkey=0 pd=0xeae9042b4a70 oooRq=0
gx10-6b41:61:71 [0] NCCL INFO NET/IB: ncclIbReceiverQpsCreateToRts: Flush QP created: port=1 dev=3 devName=roceP2p1s0f1 ndevs=4 nmdevs=4 qp_num=2342 pkey=0 pd=0xeae9042b4a70
gx10-6b41:61:71 [0] NCCL INFO NET/IB: ncclIbResiliencyInit: Resiliency is disabled on the recv communicator (comm=0xeae905ddc000)
gx10-6b41:61:71 [0] NCCL INFO NET/IB: ncclIbRecvCommInit: Receive work requests will be posted on-demand
gx10-6b41:61:71 [0] NCCL INFO NET/IB: Subnet-aware routing: overriding dev 3 with dev 2
gx10-6b41:61:71 [0] NCCL INFO NET/IB: Subnet-aware routing: overriding dev 1 with dev 0
gx10-6b41:61:71 [0] NCCL INFO NET/IB: ncclIbResiliencyInit: Resiliency is disabled on the send communicator (comm=0xeae905e24000)
gx10-6b41:61:71 [0] NCCL INFO NET/IB: ncclIbSenderQpsToRts: Set ECE: IbDev 2 Port 1 qp_num 1944 set_ece={supported=1, vendor_id=0x15b3, options=0x30000002, comp_mask=0x0}
gx10-6b41:61:71 [0] NCCL INFO NET/IB: Subnet-aware routing: overriding dev 3 with dev 2
gx10-6b41:61:71 [0] NCCL INFO NET/IB: ncclIbSenderQpsToRts: Set ECE: IbDev 2 Port 1 qp_num 1945 set_ece={supported=1, vendor_id=0x15b3, options=0x30000002, comp_mask=0x0}
gx10-6b41:61:71 [0] NCCL INFO NET/IB: ncclIbSenderQpsCreate: QP created: port=1 dev=0 devName=rocep1s0f0 ndevs=4 nmdevs=4 qp_num=40708 pkey=0 pd=0xeae90407dd30 oooRq=0
gx10-6b41:61:71 [0] NCCL INFO NET/IB: ncclIbConnectImpl: NCCL Dev 0 IbDev 0 Port 1 qp_num 40708 mtu 5 GID 6 (0/265A8C0FFFF0000) ctsFifoRkey=0x173cf0 ctsFifoLkey=0x173cf0
gx10-6b41:61:71 [0] NCCL INFO NET/IB: ncclIbConnectImpl: IbDev 0 Port 1 qp_num 40708 query_ece={supported=1, vendor_id=0x15b3, options=0x30000002, comp_mask=0x0}
gx10-6b41:61:71 [0] NCCL INFO NET/IB: Subnet-aware routing: overriding dev 0 with dev 1
gx10-6b41:61:71 [0] NCCL INFO NET/IB: ncclIbReceiverQpsCreateToRts: QP created: port=1 dev=1 devName=rocep1s0f1 ndevs=4 nmdevs=4 qp_num=39742 pkey=0 pd=0xeae9040c8ee0 oooRq=0
gx10-6b41:61:71 [0] NCCL INFO NET/IB: ncclIbReceiverQpsCreateToRts: Flush QP created: port=1 dev=1 devName=rocep1s0f1 ndevs=4 nmdevs=4 qp_num=39743 pkey=0 pd=0xeae9040c8ee0
gx10-6b41:61:71 [0] NCCL INFO NET/IB: Subnet-aware routing: overriding dev 1 with dev 0
gx10-6b41:61:71 [0] NCCL INFO NET/IB: ncclIbResiliencyInit: Resiliency is disabled on the recv communicator (comm=0xeae905ee3000)
gx10-6b41:61:71 [0] NCCL INFO NET/IB: ncclIbRecvCommInit: Receive work requests will be posted on-demand
gx10-6b41:61:71 [0] NCCL INFO NET/IB: Subnet-aware routing: overriding dev 1 with dev 0
gx10-6b41:61:71 [0] NCCL INFO NET/IB: ncclIbResiliencyInit: Resiliency is disabled on the send communicator (comm=0xeae905f2b000)
gx10-6b41:61:71 [0] NCCL INFO NET/IB: Subnet-aware routing: overriding dev 1 with dev 0
gx10-6b41:61:71 [0] NCCL INFO NET/IB: ncclIbResiliencyInit: Resiliency is disabled on the recv communicator (comm=0xeae905f6f000)
gx10-6b41:61:71 [0] NCCL INFO NET/IB: ncclIbRecvCommInit: Receive work requests will be posted on-demand
gx10-6b41:61:71 [0] NCCL INFO NET/IB: Subnet-aware routing: overriding dev 1 with dev 0
gx10-6b41:61:71 [0] NCCL INFO NET/IB: ncclIbReceiverQpsCreateToRts: QP created: port=1 dev=1 devName=rocep1s0f1 ndevs=4 nmdevs=4 qp_num=39744 pkey=0 pd=0xeae9040c8ee0 oooRq=0
gx10-6b41:61:71 [0] NCCL INFO NET/IB: ncclIbReceiverQpsCreateToRts: Flush QP created: port=1 dev=1 devName=rocep1s0f1 ndevs=4 nmdevs=4 qp_num=39745 pkey=0 pd=0xeae9040c8ee0
gx10-6b41:61:71 [0] NCCL INFO NET/IB: Subnet-aware routing: overriding dev 3 with dev 2
gx10-6b41:61:71 [0] NCCL INFO NET/IB: ncclIbResiliencyInit: Resiliency is disabled on the send communicator (comm=0xeae906008000)
gx10-6b41:61:71 [0] NCCL INFO NET/IB: ncclIbSenderQpsToRts: Set ECE: IbDev 0 Port 1 qp_num 40708 set_ece={supported=1, vendor_id=0x15b3, options=0x30000002, comp_mask=0x0}
gx10-6b41:61:71 [0] NCCL INFO NET/IB: Subnet-aware routing: overriding dev 1 with dev 0
gx10-6b41:61:71 [0] NCCL INFO NET/IB: ncclIbSenderQpsCreate: QP created: port=1 dev=0 devName=rocep1s0f0 ndevs=4 nmdevs=4 qp_num=40709 pkey=0 pd=0xeae90407dd30 oooRq=0
gx10-6b41:61:71 [0] NCCL INFO NET/IB: ncclIbConnectImpl: NCCL Dev 0 IbDev 0 Port 1 qp_num 40709 mtu 5 GID 6 (0/265A8C0FFFF0000) ctsFifoRkey=0x16f8b4 ctsFifoLkey=0x16f8b4
gx10-6b41:61:71 [0] NCCL INFO NET/IB: ncclIbConnectImpl: IbDev 0 Port 1 qp_num 40709 query_ece={supported=1, vendor_id=0x15b3, options=0x30000002, comp_mask=0x0}
gx10-6b41:61:71 [0] NCCL INFO NET/IB: ncclIbSenderQpsCreate: QP created: port=1 dev=2 devName=roceP2p1s0f0 ndevs=4 nmdevs=4 qp_num=1946 pkey=0 pd=0xeae9040c80d0 oooRq=0
gx10-6b41:61:71 [0] NCCL INFO NET/IB: ncclIbConnectImpl: NCCL Dev 2 IbDev 2 Port 1 qp_num 1946 mtu 5 GID 3 (0/26FA8C0FFFF0000) ctsFifoRkey=0x18d4d1 ctsFifoLkey=0x18d4d1
gx10-6b41:61:71 [0] NCCL INFO NET/IB: ncclIbConnectImpl: IbDev 2 Port 1 qp_num 1946 query_ece={supported=1, vendor_id=0x15b3, options=0x30000002, comp_mask=0x0}
gx10-6b41:61:71 [0] NCCL INFO NET/IB: Subnet-aware routing: overriding dev 2 with dev 3
gx10-6b41:61:71 [0] NCCL INFO NET/IB: ncclIbReceiverQpsCreateToRts: QP created: port=1 dev=3 devName=roceP2p1s0f1 ndevs=4 nmdevs=4 qp_num=2343 pkey=0 pd=0xeae9042b4a70 oooRq=0
gx10-6b41:61:71 [0] NCCL INFO NET/IB: ncclIbReceiverQpsCreateToRts: Flush QP created: port=1 dev=3 devName=roceP2p1s0f1 ndevs=4 nmdevs=4 qp_num=2344 pkey=0 pd=0xeae9042b4a70
gx10-6b41:61:71 [0] NCCL INFO NET/IB: Subnet-aware routing: overriding dev 3 with dev 2
gx10-6b41:61:71 [0] NCCL INFO NET/IB: ncclIbResiliencyInit: Resiliency is disabled on the recv communicator (comm=0xeae9060fa000)
gx10-6b41:61:71 [0] NCCL INFO NET/IB: ncclIbRecvCommInit: Receive work requests will be posted on-demand
gx10-6b41:61:71 [0] NCCL INFO NET/IB: Subnet-aware routing: overriding dev 1 with dev 0
gx10-6b41:61:71 [0] NCCL INFO NET/IB: Subnet-aware routing: overriding dev 3 with dev 2
gx10-6b41:61:71 [0] NCCL INFO NET/IB: ncclIbResiliencyInit: Resiliency is disabled on the send communicator (comm=0xeae906142000)
gx10-6b41:61:71 [0] NCCL INFO NET/IB: Subnet-aware routing: overriding dev 1 with dev 0
gx10-6b41:61:71 [0] NCCL INFO NET/IB: Subnet-aware routing: overriding dev 3 with dev 2
gx10-6b41:61:71 [0] NCCL INFO NET/IB: ncclIbResiliencyInit: Resiliency is disabled on the recv communicator (comm=0xeae906186000)
gx10-6b41:61:71 [0] NCCL INFO NET/IB: ncclIbRecvCommInit: Receive work requests will be posted on-demand
gx10-6b41:61:71 [0] NCCL INFO NET/IB: Subnet-aware routing: overriding dev 1 with dev 0
gx10-6b41:61:71 [0] NCCL INFO NET/IB: ncclIbSenderQpsToRts: Set ECE: IbDev 0 Port 1 qp_num 40709 set_ece={supported=1, vendor_id=0x15b3, options=0x30000002, comp_mask=0x0}
gx10-6b41:61:71 [0] NCCL INFO NET/IB: Subnet-aware routing: overriding dev 3 with dev 2
gx10-6b41:61:71 [0] NCCL INFO NET/IB: Subnet-aware routing: overriding dev 1 with dev 0
gx10-6b41:61:71 [0] NCCL INFO NET/IB: ncclIbResiliencyInit: Resiliency is disabled on the send communicator (comm=0xeae9061ce000)
gx10-6b41:61:71 [0] NCCL INFO NET/IB: ncclIbSenderQpsToRts: Set ECE: IbDev 2 Port 1 qp_num 1946 set_ece={supported=1, vendor_id=0x15b3, options=0x30000002, comp_mask=0x0}
gx10-6b41:61:71 [0] NCCL INFO NET/IB: Subnet-aware routing: overriding dev 3 with dev 2
gx10-6b41:61:71 [0] NCCL INFO NET/IB: ncclIbSenderQpsCreate: QP created: port=1 dev=2 devName=roceP2p1s0f0 ndevs=4 nmdevs=4 qp_num=1947 pkey=0 pd=0xeae9040c80d0 oooRq=0
gx10-6b41:61:71 [0] NCCL INFO NET/IB: ncclIbConnectImpl: NCCL Dev 2 IbDev 2 Port 1 qp_num 1947 mtu 5 GID 3 (0/26FA8C0FFFF0000) ctsFifoRkey=0x145655 ctsFifoLkey=0x145655
gx10-6b41:61:71 [0] NCCL INFO NET/IB: ncclIbConnectImpl: IbDev 2 Port 1 qp_num 1947 query_ece={supported=1, vendor_id=0x15b3, options=0x30000002, comp_mask=0x0}
gx10-6b41:61:71 [0] NCCL INFO NET/IB: ncclIbReceiverQpsCreateToRts: QP created: port=1 dev=3 devName=roceP2p1s0f1 ndevs=4 nmdevs=4 qp_num=2345 pkey=0 pd=0xeae9042b4a70 oooRq=0
gx10-6b41:61:71 [0] NCCL INFO NET/IB: ncclIbReceiverQpsCreateToRts: Flush QP created: port=1 dev=3 devName=roceP2p1s0f1 ndevs=4 nmdevs=4 qp_num=2346 pkey=0 pd=0xeae9042b4a70
gx10-6b41:61:71 [0] NCCL INFO NET/IB: ncclIbSenderQpsCreate: QP created: port=1 dev=0 devName=rocep1s0f0 ndevs=4 nmdevs=4 qp_num=40710 pkey=0 pd=0xeae90407dd30 oooRq=0
gx10-6b41:61:71 [0] NCCL INFO NET/IB: ncclIbConnectImpl: NCCL Dev 0 IbDev 0 Port 1 qp_num 40710 mtu 5 GID 6 (0/265A8C0FFFF0000) ctsFifoRkey=0x1717d7 ctsFifoLkey=0x1717d7
gx10-6b41:61:71 [0] NCCL INFO NET/IB: ncclIbConnectImpl: IbDev 0 Port 1 qp_num 40710 query_ece={supported=1, vendor_id=0x15b3, options=0x30000002, comp_mask=0x0}
gx10-6b41:61:71 [0] NCCL INFO NET/IB: Subnet-aware routing: overriding dev 0 with dev 1
gx10-6b41:61:71 [0] NCCL INFO NET/IB: ncclIbReceiverQpsCreateToRts: QP created: port=1 dev=1 devName=rocep1s0f1 ndevs=4 nmdevs=4 qp_num=39746 pkey=0 pd=0xeae9040c8ee0 oooRq=0
gx10-6b41:61:71 [0] NCCL INFO NET/IB: ncclIbReceiverQpsCreateToRts: Flush QP created: port=1 dev=1 devName=rocep1s0f1 ndevs=4 nmdevs=4 qp_num=39747 pkey=0 pd=0xeae9040c8ee0
gx10-6b41:61:71 [0] NCCL INFO NET/IB: Subnet-aware routing: overriding dev 1 with dev 0
gx10-6b41:61:71 [0] NCCL INFO NET/IB: ncclIbResiliencyInit: Resiliency is disabled on the recv communicator (comm=0xeae906313000)
gx10-6b41:61:71 [0] NCCL INFO NET/IB: ncclIbRecvCommInit: Receive work requests will be posted on-demand
gx10-6b41:61:71 [0] NCCL INFO NET/IB: Subnet-aware routing: overriding dev 3 with dev 2
gx10-6b41:61:71 [0] NCCL INFO NET/IB: Subnet-aware routing: overriding dev 1 with dev 0
gx10-6b41:61:71 [0] NCCL INFO NET/IB: ncclIbResiliencyInit: Resiliency is disabled on the send communicator (comm=0xeae90635b000)
gx10-6b41:61:71 [0] NCCL INFO NET/IB: Subnet-aware routing: overriding dev 3 with dev 2
gx10-6b41:61:71 [0] NCCL INFO NET/IB: ncclIbSenderQpsToRts: Set ECE: IbDev 2 Port 1 qp_num 1947 set_ece={supported=1, vendor_id=0x15b3, options=0x30000002, comp_mask=0x0}
gx10-6b41:61:71 [0] NCCL INFO NET/IB: ncclIbSenderQpsToRts: Set ECE: IbDev 0 Port 1 qp_num 40710 set_ece={supported=1, vendor_id=0x15b3, options=0x30000002, comp_mask=0x0}
gx10-6b41:61:71 [0] NCCL INFO NET/IB: Subnet-aware routing: overriding dev 1 with dev 0
gx10-6b41:61:71 [0] NCCL INFO NET/IB: ncclIbSenderQpsCreate: QP created: port=1 dev=0 devName=rocep1s0f0 ndevs=4 nmdevs=4 qp_num=40711 pkey=0 pd=0xeae90407dd30 oooRq=0
gx10-6b41:61:71 [0] NCCL INFO NET/IB: ncclIbConnectImpl: NCCL Dev 0 IbDev 0 Port 1 qp_num 40711 mtu 5 GID 6 (0/265A8C0FFFF0000) ctsFifoRkey=0x15c57b ctsFifoLkey=0x15c57b
gx10-6b41:61:71 [0] NCCL INFO NET/IB: ncclIbConnectImpl: IbDev 0 Port 1 qp_num 40711 query_ece={supported=1, vendor_id=0x15b3, options=0x30000002, comp_mask=0x0}
gx10-6b41:61:71 [0] NCCL INFO NET/IB: ncclIbReceiverQpsCreateToRts: QP created: port=1 dev=1 devName=rocep1s0f1 ndevs=4 nmdevs=4 qp_num=39748 pkey=0 pd=0xeae9040c8ee0 oooRq=0
gx10-6b41:61:71 [0] NCCL INFO NET/IB: ncclIbReceiverQpsCreateToRts: Flush QP created: port=1 dev=1 devName=rocep1s0f1 ndevs=4 nmdevs=4 qp_num=39749 pkey=0 pd=0xeae9040c8ee0
gx10-6b41:61:71 [0] NCCL INFO NET/IB: ncclIbResiliencyInit: Resiliency is disabled on the recv communicator (comm=0xeae90641a000)
gx10-6b41:61:71 [0] NCCL INFO NET/IB: ncclIbRecvCommInit: Receive work requests will be posted on-demand
gx10-6b41:61:71 [0] NCCL INFO NET/IB: Subnet-aware routing: overriding dev 1 with dev 0
gx10-6b41:61:71 [0] NCCL INFO NET/IB: Subnet-aware routing: overriding dev 3 with dev 2
gx10-6b41:61:71 [0] NCCL INFO NET/IB: ncclIbResiliencyInit: Resiliency is disabled on the send communicator (comm=0xeae906462000)
gx10-6b41:61:71 [0] NCCL INFO NET/IB: Subnet-aware routing: overriding dev 1 with dev 0
gx10-6b41:61:71 [0] NCCL INFO NET/IB: Subnet-aware routing: overriding dev 3 with dev 2
gx10-6b41:61:71 [0] NCCL INFO NET/IB: ncclIbResiliencyInit: Resiliency is disabled on the recv communicator (comm=0xeae9064a6000)
gx10-6b41:61:71 [0] NCCL INFO NET/IB: ncclIbRecvCommInit: Receive work requests will be posted on-demand
gx10-6b41:61:71 [0] NCCL INFO NET/IB: Subnet-aware routing: overriding dev 1 with dev 0
gx10-6b41:61:71 [0] NCCL INFO NET/IB: Subnet-aware routing: overriding dev 3 with dev 2
gx10-6b41:61:71 [0] NCCL INFO NET/IB: ncclIbResiliencyInit: Resiliency is disabled on the send communicator (comm=0xeae9064ee000)
gx10-6b41:61:71 [0] NCCL INFO NET/IB: Subnet-aware routing: overriding dev 1 with dev 0
gx10-6b41:61:71 [0] NCCL INFO NET/IB: Subnet-aware routing: overriding dev 3 with dev 2
gx10-6b41:61:71 [0] NCCL INFO NET/IB: ncclIbResiliencyInit: Resiliency is disabled on the recv communicator (comm=0xeae90652f000)
gx10-6b41:61:71 [0] NCCL INFO NET/IB: ncclIbRecvCommInit: Receive work requests will be posted on-demand
gx10-6b41:61:71 [0] NCCL INFO NET/IB: Subnet-aware routing: overriding dev 1 with dev 0
gx10-6b41:61:71 [0] NCCL INFO NET/IB: Subnet-aware routing: overriding dev 3 with dev 2
gx10-6b41:61:71 [0] NCCL INFO NET/IB: ncclIbSenderQpsCreate: QP created: port=1 dev=2 devName=roceP2p1s0f0 ndevs=4 nmdevs=4 qp_num=1948 pkey=0 pd=0xeae9040c80d0 oooRq=0
gx10-6b41:61:71 [0] NCCL INFO NET/IB: ncclIbConnectImpl: NCCL Dev 2 IbDev 2 Port 1 qp_num 1948 mtu 5 GID 3 (0/26FA8C0FFFF0000) ctsFifoRkey=0x194f4c ctsFifoLkey=0x194f4c
gx10-6b41:61:71 [0] NCCL INFO NET/IB: ncclIbConnectImpl: IbDev 2 Port 1 qp_num 1948 query_ece={supported=1, vendor_id=0x15b3, options=0x30000002, comp_mask=0x0}
gx10-6b41:61:71 [0] NCCL INFO NET/IB: ncclIbReceiverQpsCreateToRts: QP created: port=1 dev=3 devName=roceP2p1s0f1 ndevs=4 nmdevs=4 qp_num=2347 pkey=0 pd=0xeae9042b4a70 oooRq=0
gx10-6b41:61:71 [0] NCCL INFO NET/IB: ncclIbReceiverQpsCreateToRts: Flush QP created: port=1 dev=3 devName=roceP2p1s0f1 ndevs=4 nmdevs=4 qp_num=2348 pkey=0 pd=0xeae9042b4a70
gx10-6b41:61:71 [0] NCCL INFO NET/IB: Subnet-aware routing: overriding dev 1 with dev 0
gx10-6b41:61:71 [0] NCCL INFO NET/IB: ncclIbResiliencyInit: Resiliency is disabled on the send communicator (comm=0xeae9065fa000)
gx10-6b41:61:71 [0] NCCL INFO NET/IB: Subnet-aware routing: overriding dev 1 with dev 0
gx10-6b41:61:71 [0] NCCL INFO NET/IB: ncclIbSenderQpsToRts: Set ECE: IbDev 0 Port 1 qp_num 40711 set_ece={supported=1, vendor_id=0x15b3, options=0x30000002, comp_mask=0x0}
gx10-6b41:61:71 [0] NCCL INFO NET/IB: ncclIbSenderQpsCreate: QP created: port=1 dev=2 devName=roceP2p1s0f0 ndevs=4 nmdevs=4 qp_num=1949 pkey=0 pd=0xeae9040c80d0 oooRq=0
gx10-6b41:61:71 [0] NCCL INFO NET/IB: ncclIbConnectImpl: NCCL Dev 2 IbDev 2 Port 1 qp_num 1949 mtu 5 GID 3 (0/26FA8C0FFFF0000) ctsFifoRkey=0x18dedd ctsFifoLkey=0x18dedd
gx10-6b41:61:71 [0] NCCL INFO NET/IB: ncclIbConnectImpl: IbDev 2 Port 1 qp_num 1949 query_ece={supported=1, vendor_id=0x15b3, options=0x30000002, comp_mask=0x0}
gx10-6b41:61:71 [0] NCCL INFO NET/IB: Subnet-aware routing: overriding dev 2 with dev 3
gx10-6b41:61:71 [0] NCCL INFO NET/IB: ncclIbReceiverQpsCreateToRts: QP created: port=1 dev=3 devName=roceP2p1s0f1 ndevs=4 nmdevs=4 qp_num=2349 pkey=0 pd=0xeae9042b4a70 oooRq=0
gx10-6b41:61:71 [0] NCCL INFO NET/IB: ncclIbReceiverQpsCreateToRts: Flush QP created: port=1 dev=3 devName=roceP2p1s0f1 ndevs=4 nmdevs=4 qp_num=2350 pkey=0 pd=0xeae9042b4a70
gx10-6b41:61:71 [0] NCCL INFO NET/IB: Subnet-aware routing: overriding dev 3 with dev 2
gx10-6b41:61:71 [0] NCCL INFO NET/IB: ncclIbSenderQpsToRts: Set ECE: IbDev 2 Port 1 qp_num 1948 set_ece={supported=1, vendor_id=0x15b3, options=0x30000002, comp_mask=0x0}
gx10-6b41:61:71 [0] NCCL INFO NET/IB: ncclIbSenderQpsCreate: QP created: port=1 dev=0 devName=rocep1s0f0 ndevs=4 nmdevs=4 qp_num=40712 pkey=0 pd=0xeae90407dd30 oooRq=0
gx10-6b41:61:71 [0] NCCL INFO NET/IB: ncclIbConnectImpl: NCCL Dev 0 IbDev 0 Port 1 qp_num 40712 mtu 5 GID 6 (0/265A8C0FFFF0000) ctsFifoRkey=0x174e09 ctsFifoLkey=0x174e09
gx10-6b41:61:71 [0] NCCL INFO NET/IB: ncclIbConnectImpl: IbDev 0 Port 1 qp_num 40712 query_ece={supported=1, vendor_id=0x15b3, options=0x30000002, comp_mask=0x0}
gx10-6b41:61:71 [0] NCCL INFO NET/IB: Subnet-aware routing: overriding dev 0 with dev 1
gx10-6b41:61:71 [0] NCCL INFO NET/IB: ncclIbReceiverQpsCreateToRts: QP created: port=1 dev=1 devName=rocep1s0f1 ndevs=4 nmdevs=4 qp_num=39750 pkey=0 pd=0xeae9040c8ee0 oooRq=0
gx10-6b41:61:71 [0] NCCL INFO NET/IB: ncclIbReceiverQpsCreateToRts: Flush QP created: port=1 dev=1 devName=rocep1s0f1 ndevs=4 nmdevs=4 qp_num=39751 pkey=0 pd=0xeae9040c8ee0
gx10-6b41:61:71 [0] NCCL INFO NET/IB: Subnet-aware routing: overriding dev 1 with dev 0
gx10-6b41:61:71 [0] NCCL INFO NET/IB: ncclIbResiliencyInit: Resiliency is disabled on the recv communicator (comm=0xeae90673b000)
gx10-6b41:61:71 [0] NCCL INFO NET/IB: ncclIbRecvCommInit: Receive work requests will be posted on-demand
gx10-6b41:61:71 [0] NCCL INFO NET/IB: ncclIbSenderQpsToRts: Set ECE: IbDev 2 Port 1 qp_num 1949 set_ece={supported=1, vendor_id=0x15b3, options=0x30000002, comp_mask=0x0}
gx10-6b41:61:71 [0] NCCL INFO NET/IB: ncclIbSenderQpsToRts: Set ECE: IbDev 0 Port 1 qp_num 40712 set_ece={supported=1, vendor_id=0x15b3, options=0x30000002, comp_mask=0x0}
gx10-6b41:61:71 [0] NCCL INFO NET/IB: Subnet-aware routing: overriding dev 1 with dev 0
gx10-6b41:61:71 [0] NCCL INFO NET/IB: ncclIbSenderQpsCreate: QP created: port=1 dev=0 devName=rocep1s0f0 ndevs=4 nmdevs=4 qp_num=40713 pkey=0 pd=0xeae90407dd30 oooRq=0
gx10-6b41:61:71 [0] NCCL INFO NET/IB: ncclIbConnectImpl: NCCL Dev 0 IbDev 0 Port 1 qp_num 40713 mtu 5 GID 6 (0/265A8C0FFFF0000) ctsFifoRkey=0x1540f8 ctsFifoLkey=0x1540f8
gx10-6b41:61:71 [0] NCCL INFO NET/IB: ncclIbConnectImpl: IbDev 0 Port 1 qp_num 40713 query_ece={supported=1, vendor_id=0x15b3, options=0x30000002, comp_mask=0x0}
gx10-6b41:61:71 [0] NCCL INFO NET/IB: ncclIbReceiverQpsCreateToRts: QP created: port=1 dev=1 devName=rocep1s0f1 ndevs=4 nmdevs=4 qp_num=39752 pkey=0 pd=0xeae9040c8ee0 oooRq=0
gx10-6b41:61:71 [0] NCCL INFO NET/IB: ncclIbReceiverQpsCreateToRts: Flush QP created: port=1 dev=1 devName=rocep1s0f1 ndevs=4 nmdevs=4 qp_num=39753 pkey=0 pd=0xeae9040c8ee0
gx10-6b41:61:71 [0] NCCL INFO NET/IB: ncclIbResiliencyInit: Resiliency is disabled on the send communicator (comm=0xeae9067f9000)
gx10-6b41:61:71 [0] NCCL INFO NET/IB: Subnet-aware routing: overriding dev 1 with dev 0
gx10-6b41:61:71 [0] NCCL INFO NET/IB: ncclIbResiliencyInit: Resiliency is disabled on the recv communicator (comm=0xeae90683d000)
gx10-6b41:61:71 [0] NCCL INFO NET/IB: ncclIbRecvCommInit: Receive work requests will be posted on-demand
gx10-6b41:61:71 [0] NCCL INFO NET/IB: Subnet-aware routing: overriding dev 1 with dev 0
gx10-6b41:61:71 [0] NCCL INFO NET/IB: Subnet-aware routing: overriding dev 3 with dev 2
gx10-6b41:61:71 [0] NCCL INFO NET/IB: ncclIbResiliencyInit: Resiliency is disabled on the send communicator (comm=0xeae906885000)
gx10-6b41:61:71 [0] NCCL INFO NET/IB: Subnet-aware routing: overriding dev 1 with dev 0
gx10-6b41:61:71 [0] NCCL INFO NET/IB: Subnet-aware routing: overriding dev 2 with dev 3
gx10-6b41:61:71 [0] NCCL INFO NET/IB: ncclIbReceiverQpsCreateToRts: QP created: port=1 dev=3 devName=roceP2p1s0f1 ndevs=4 nmdevs=4 qp_num=2351 pkey=0 pd=0xeae9042b4a70 oooRq=0
gx10-6b41:61:71 [0] NCCL INFO NET/IB: ncclIbReceiverQpsCreateToRts: Flush QP created: port=1 dev=3 devName=roceP2p1s0f1 ndevs=4 nmdevs=4 qp_num=2352 pkey=0 pd=0xeae9042b4a70
gx10-6b41:61:71 [0] NCCL INFO NET/IB: Subnet-aware routing: overriding dev 3 with dev 2
gx10-6b41:61:71 [0] NCCL INFO NET/IB: ncclIbResiliencyInit: Resiliency is disabled on the recv communicator (comm=0xeae906919000)
gx10-6b41:61:71 [0] NCCL INFO NET/IB: ncclIbRecvCommInit: Receive work requests will be posted on-demand
gx10-6b41:61:71 [0] NCCL INFO NET/IB: Subnet-aware routing: overriding dev 1 with dev 0
gx10-6b41:61:71 [0] NCCL INFO NET/IB: Subnet-aware routing: overriding dev 3 with dev 2
gx10-6b41:61:71 [0] NCCL INFO NET/IB: ncclIbResiliencyInit: Resiliency is disabled on the send communicator (comm=0xeae906961000)
gx10-6b41:61:71 [0] NCCL INFO NET/IB: Subnet-aware routing: overriding dev 1 with dev 0
gx10-6b41:61:71 [0] NCCL INFO NET/IB: ncclIbSenderQpsToRts: Set ECE: IbDev 0 Port 1 qp_num 40713 set_ece={supported=1, vendor_id=0x15b3, options=0x30000002, comp_mask=0x0}
gx10-6b41:61:71 [0] NCCL INFO NET/IB: ncclIbSenderQpsCreate: QP created: port=1 dev=2 devName=roceP2p1s0f0 ndevs=4 nmdevs=4 qp_num=1950 pkey=0 pd=0xeae9040c80d0 oooRq=0
gx10-6b41:61:71 [0] NCCL INFO NET/IB: ncclIbConnectImpl: NCCL Dev 2 IbDev 2 Port 1 qp_num 1950 mtu 5 GID 3 (0/26FA8C0FFFF0000) ctsFifoRkey=0x18f3f3 ctsFifoLkey=0x18f3f3
gx10-6b41:61:71 [0] NCCL INFO NET/IB: ncclIbConnectImpl: IbDev 2 Port 1 qp_num 1950 query_ece={supported=1, vendor_id=0x15b3, options=0x30000002, comp_mask=0x0}
gx10-6b41:61:71 [0] NCCL INFO NET/IB: Subnet-aware routing: overriding dev 3 with dev 2
gx10-6b41:61:71 [0] NCCL INFO NET/IB: ncclIbSenderQpsCreate: QP created: port=1 dev=2 devName=roceP2p1s0f0 ndevs=4 nmdevs=4 qp_num=1951 pkey=0 pd=0xeae9040c80d0 oooRq=0
gx10-6b41:61:71 [0] NCCL INFO NET/IB: ncclIbConnectImpl: NCCL Dev 2 IbDev 2 Port 1 qp_num 1951 mtu 5 GID 3 (0/26FA8C0FFFF0000) ctsFifoRkey=0x193f3c ctsFifoLkey=0x193f3c
gx10-6b41:61:71 [0] NCCL INFO NET/IB: ncclIbConnectImpl: IbDev 2 Port 1 qp_num 1951 query_ece={supported=1, vendor_id=0x15b3, options=0x30000002, comp_mask=0x0}
gx10-6b41:61:71 [0] NCCL INFO NET/IB: ncclIbReceiverQpsCreateToRts: QP created: port=1 dev=3 devName=roceP2p1s0f1 ndevs=4 nmdevs=4 qp_num=2353 pkey=0 pd=0xeae9042b4a70 oooRq=0
gx10-6b41:61:71 [0] NCCL INFO NET/IB: ncclIbReceiverQpsCreateToRts: Flush QP created: port=1 dev=3 devName=roceP2p1s0f1 ndevs=4 nmdevs=4 qp_num=2354 pkey=0 pd=0xeae9042b4a70
gx10-6b41:61:71 [0] NCCL INFO NET/IB: ncclIbResiliencyInit: Resiliency is disabled on the recv communicator (comm=0xeae906a52000)
gx10-6b41:61:71 [0] NCCL INFO NET/IB: ncclIbRecvCommInit: Receive work requests will be posted on-demand
gx10-6b41:61:71 [0] NCCL INFO NET/IB: Subnet-aware routing: overriding dev 3 with dev 2
gx10-6b41:61:71 [0] NCCL INFO NET/IB: Subnet-aware routing: overriding dev 1 with dev 0
gx10-6b41:61:71 [0] NCCL INFO NET/IB: ncclIbResiliencyInit: Resiliency is disabled on the send communicator (comm=0xeae906a9a000)
gx10-6b41:61:71 [0] NCCL INFO NET/IB: ncclIbSenderQpsToRts: Set ECE: IbDev 2 Port 1 qp_num 1950 set_ece={supported=1, vendor_id=0x15b3, options=0x30000002, comp_mask=0x0}
gx10-6b41:61:71 [0] NCCL INFO NET/IB: Subnet-aware routing: overriding dev 3 with dev 2
gx10-6b41:61:71 [0] NCCL INFO NET/IB: ncclIbSenderQpsToRts: Set ECE: IbDev 2 Port 1 qp_num 1951 set_ece={supported=1, vendor_id=0x15b3, options=0x30000002, comp_mask=0x0}
gx10-6b41:61:71 [0] NCCL INFO NET/IB: ncclIbSenderQpsCreate: QP created: port=1 dev=0 devName=rocep1s0f0 ndevs=4 nmdevs=4 qp_num=40714 pkey=0 pd=0xeae90407dd30 oooRq=0
gx10-6b41:61:71 [0] NCCL INFO NET/IB: ncclIbConnectImpl: NCCL Dev 0 IbDev 0 Port 1 qp_num 40714 mtu 5 GID 6 (0/265A8C0FFFF0000) ctsFifoRkey=0x15c278 ctsFifoLkey=0x15c278
gx10-6b41:61:71 [0] NCCL INFO NET/IB: ncclIbConnectImpl: IbDev 0 Port 1 qp_num 40714 query_ece={supported=1, vendor_id=0x15b3, options=0x30000002, comp_mask=0x0}
gx10-6b41:61:71 [0] NCCL INFO NET/IB: Subnet-aware routing: overriding dev 0 with dev 1
gx10-6b41:61:71 [0] NCCL INFO NET/IB: ncclIbReceiverQpsCreateToRts: QP created: port=1 dev=1 devName=rocep1s0f1 ndevs=4 nmdevs=4 qp_num=39754 pkey=0 pd=0xeae9040c8ee0 oooRq=0
gx10-6b41:61:71 [0] NCCL INFO NET/IB: ncclIbReceiverQpsCreateToRts: Flush QP created: port=1 dev=1 devName=rocep1s0f1 ndevs=4 nmdevs=4 qp_num=39755 pkey=0 pd=0xeae9040c8ee0
gx10-6b41:61:71 [0] NCCL INFO NET/IB: Subnet-aware routing: overriding dev 1 with dev 0
gx10-6b41:61:71 [0] NCCL INFO NET/IB: ncclIbResiliencyInit: Resiliency is disabled on the recv communicator (comm=0xeae906b5b000)
gx10-6b41:61:71 [0] NCCL INFO NET/IB: ncclIbRecvCommInit: Receive work requests will be posted on-demand
gx10-6b41:61:71 [0] NCCL INFO NET/IB: Subnet-aware routing: overriding dev 1 with dev 0
gx10-6b41:61:71 [0] NCCL INFO NET/IB: ncclIbResiliencyInit: Resiliency is disabled on the send communicator (comm=0xeae906ba3000)
gx10-6b41:61:71 [0] NCCL INFO NET/IB: Subnet-aware routing: overriding dev 1 with dev 0
gx10-6b41:61:71 [0] NCCL INFO NET/IB: ncclIbResiliencyInit: Resiliency is disabled on the recv communicator (comm=0xeae906be7000)
gx10-6b41:61:71 [0] NCCL INFO NET/IB: ncclIbRecvCommInit: Receive work requests will be posted on-demand
gx10-6b41:61:71 [0] NCCL INFO NET/IB: Subnet-aware routing: overriding dev 1 with dev 0
gx10-6b41:61:71 [0] NCCL INFO NET/IB: Subnet-aware routing: overriding dev 3 with dev 2
gx10-6b41:61:71 [0] NCCL INFO NET/IB: ncclIbResiliencyInit: Resiliency is disabled on the send communicator (comm=0xeae906c2f000)
gx10-6b41:61:71 [0] NCCL INFO NET/IB: ncclIbSenderQpsToRts: Set ECE: IbDev 0 Port 1 qp_num 40714 set_ece={supported=1, vendor_id=0x15b3, options=0x30000002, comp_mask=0x0}
gx10-6b41:61:71 [0] NCCL INFO NET/IB: Subnet-aware routing: overriding dev 1 with dev 0
gx10-6b41:61:71 [0] NCCL INFO NET/IB: ncclIbSenderQpsCreate: QP created: port=1 dev=0 devName=rocep1s0f0 ndevs=4 nmdevs=4 qp_num=40715 pkey=0 pd=0xeae90407dd30 oooRq=0
gx10-6b41:61:71 [0] NCCL INFO NET/IB: ncclIbConnectImpl: NCCL Dev 0 IbDev 0 Port 1 qp_num 40715 mtu 5 GID 6 (0/265A8C0FFFF0000) ctsFifoRkey=0x1740ff ctsFifoLkey=0x1740ff
gx10-6b41:61:71 [0] NCCL INFO NET/IB: ncclIbConnectImpl: IbDev 0 Port 1 qp_num 40715 query_ece={supported=1, vendor_id=0x15b3, options=0x30000002, comp_mask=0x0}
gx10-6b41:61:71 [0] NCCL INFO NET/IB: ncclIbReceiverQpsCreateToRts: QP created: port=1 dev=1 devName=rocep1s0f1 ndevs=4 nmdevs=4 qp_num=39756 pkey=0 pd=0xeae9040c8ee0 oooRq=0
gx10-6b41:61:71 [0] NCCL INFO NET/IB: ncclIbReceiverQpsCreateToRts: Flush QP created: port=1 dev=1 devName=rocep1s0f1 ndevs=4 nmdevs=4 qp_num=39757 pkey=0 pd=0xeae9040c8ee0
gx10-6b41:61:71 [0] NCCL INFO NET/IB: ncclIbSenderQpsCreate: QP created: port=1 dev=2 devName=roceP2p1s0f0 ndevs=4 nmdevs=4 qp_num=1952 pkey=0 pd=0xeae9040c80d0 oooRq=0
gx10-6b41:61:71 [0] NCCL INFO NET/IB: ncclIbConnectImpl: NCCL Dev 2 IbDev 2 Port 1 qp_num 1952 mtu 5 GID 3 (0/26FA8C0FFFF0000) ctsFifoRkey=0x194848 ctsFifoLkey=0x194848
gx10-6b41:61:71 [0] NCCL INFO NET/IB: ncclIbConnectImpl: IbDev 2 Port 1 qp_num 1952 query_ece={supported=1, vendor_id=0x15b3, options=0x30000002, comp_mask=0x0}
gx10-6b41:61:71 [0] NCCL INFO NET/IB: Subnet-aware routing: overriding dev 2 with dev 3
gx10-6b41:61:71 [0] NCCL INFO NET/IB: ncclIbReceiverQpsCreateToRts: QP created: port=1 dev=3 devName=roceP2p1s0f1 ndevs=4 nmdevs=4 qp_num=2355 pkey=0 pd=0xeae9042b4a70 oooRq=0
gx10-6b41:61:71 [0] NCCL INFO NET/IB: ncclIbReceiverQpsCreateToRts: Flush QP created: port=1 dev=3 devName=roceP2p1s0f1 ndevs=4 nmdevs=4 qp_num=2356 pkey=0 pd=0xeae9042b4a70
gx10-6b41:61:71 [0] NCCL INFO NET/IB: Subnet-aware routing: overriding dev 3 with dev 2
gx10-6b41:61:71 [0] NCCL INFO NET/IB: ncclIbResiliencyInit: Resiliency is disabled on the recv communicator (comm=0xeae906d73000)
gx10-6b41:61:71 [0] NCCL INFO NET/IB: ncclIbRecvCommInit: Receive work requests will be posted on-demand
gx10-6b41:61:71 [0] NCCL INFO NET/IB: Subnet-aware routing: overriding dev 1 with dev 0
gx10-6b41:61:71 [0] NCCL INFO NET/IB: Subnet-aware routing: overriding dev 3 with dev 2
gx10-6b41:61:71 [0] NCCL INFO NET/IB: ncclIbResiliencyInit: Resiliency is disabled on the send communicator (comm=0xeae906dbb000)
gx10-6b41:61:71 [0] NCCL INFO NET/IB: Subnet-aware routing: overriding dev 1 with dev 0
gx10-6b41:61:71 [0] NCCL INFO NET/IB: ncclIbSenderQpsToRts: Set ECE: IbDev 0 Port 1 qp_num 40715 set_ece={supported=1, vendor_id=0x15b3, options=0x30000002, comp_mask=0x0}
gx10-6b41:61:71 [0] NCCL INFO NET/IB: ncclIbSenderQpsToRts: Set ECE: IbDev 2 Port 1 qp_num 1952 set_ece={supported=1, vendor_id=0x15b3, options=0x30000002, comp_mask=0x0}
gx10-6b41:61:71 [0] NCCL INFO NET/IB: Subnet-aware routing: overriding dev 3 with dev 2
gx10-6b41:61:71 [0] NCCL INFO NET/IB: ncclIbSenderQpsCreate: QP created: port=1 dev=2 devName=roceP2p1s0f0 ndevs=4 nmdevs=4 qp_num=1953 pkey=0 pd=0xeae9040c80d0 oooRq=0
gx10-6b41:61:71 [0] NCCL INFO NET/IB: ncclIbConnectImpl: NCCL Dev 2 IbDev 2 Port 1 qp_num 1953 mtu 5 GID 3 (0/26FA8C0FFFF0000) ctsFifoRkey=0x195653 ctsFifoLkey=0x195653
gx10-6b41:61:71 [0] NCCL INFO NET/IB: ncclIbConnectImpl: IbDev 2 Port 1 qp_num 1953 query_ece={supported=1, vendor_id=0x15b3, options=0x30000002, comp_mask=0x0}
gx10-6b41:61:71 [0] NCCL INFO NET/IB: ncclIbReceiverQpsCreateToRts: QP created: port=1 dev=3 devName=roceP2p1s0f1 ndevs=4 nmdevs=4 qp_num=2357 pkey=0 pd=0xeae9042b4a70 oooRq=0
gx10-6b41:61:71 [0] NCCL INFO NET/IB: ncclIbReceiverQpsCreateToRts: Flush QP created: port=1 dev=3 devName=roceP2p1s0f1 ndevs=4 nmdevs=4 qp_num=2358 pkey=0 pd=0xeae9042b4a70
gx10-6b41:61:71 [0] NCCL INFO NET/IB: ncclIbResiliencyInit: Resiliency is disabled on the recv communicator (comm=0xeae906e7b000)
gx10-6b41:61:71 [0] NCCL INFO NET/IB: ncclIbRecvCommInit: Receive work requests will be posted on-demand
gx10-6b41:61:71 [0] NCCL INFO NET/IB: Subnet-aware routing: overriding dev 3 with dev 2
gx10-6b41:61:71 [0] NCCL INFO NET/IB: Subnet-aware routing: overriding dev 1 with dev 0
gx10-6b41:61:71 [0] NCCL INFO NET/IB: ncclIbResiliencyInit: Resiliency is disabled on the send communicator (comm=0xeae906ec3000)
gx10-6b41:61:71 [0] NCCL INFO NET/IB: Subnet-aware routing: overriding dev 3 with dev 2
gx10-6b41:61:71 [0] NCCL INFO NET/IB: Subnet-aware routing: overriding dev 1 with dev 0
gx10-6b41:61:71 [0] NCCL INFO NET/IB: ncclIbResiliencyInit: Resiliency is disabled on the recv communicator (comm=0xeae906f04000)
gx10-6b41:61:71 [0] NCCL INFO NET/IB: ncclIbRecvCommInit: Receive work requests will be posted on-demand
gx10-6b41:61:71 [0] NCCL INFO NET/IB: Subnet-aware routing: overriding dev 3 with dev 2
gx10-6b41:61:71 [0] NCCL INFO NET/IB: ncclIbSenderQpsToRts: Set ECE: IbDev 2 Port 1 qp_num 1953 set_ece={supported=1, vendor_id=0x15b3, options=0x30000002, comp_mask=0x0}
gx10-6b41:61:71 [0] NCCL INFO NET/IB: ncclIbSenderQpsCreate: QP created: port=1 dev=0 devName=rocep1s0f0 ndevs=4 nmdevs=4 qp_num=40716 pkey=0 pd=0xeae90407dd30 oooRq=0
gx10-6b41:61:71 [0] NCCL INFO NET/IB: ncclIbConnectImpl: NCCL Dev 0 IbDev 0 Port 1 qp_num 40716 mtu 5 GID 6 (0/265A8C0FFFF0000) ctsFifoRkey=0x1410cd ctsFifoLkey=0x1410cd
gx10-6b41:61:71 [0] NCCL INFO NET/IB: ncclIbConnectImpl: IbDev 0 Port 1 qp_num 40716 query_ece={supported=1, vendor_id=0x15b3, options=0x30000002, comp_mask=0x0}
gx10-6b41:61:71 [0] NCCL INFO NET/IB: Subnet-aware routing: overriding dev 0 with dev 1
gx10-6b41:61:71 [0] NCCL INFO NET/IB: ncclIbReceiverQpsCreateToRts: QP created: port=1 dev=1 devName=rocep1s0f1 ndevs=4 nmdevs=4 qp_num=39758 pkey=0 pd=0xeae9040c8ee0 oooRq=0
gx10-6b41:61:71 [0] NCCL INFO NET/IB: ncclIbReceiverQpsCreateToRts: Flush QP created: port=1 dev=1 devName=rocep1s0f1 ndevs=4 nmdevs=4 qp_num=39759 pkey=0 pd=0xeae9040c8ee0
gx10-6b41:61:71 [0] NCCL INFO NET/IB: Subnet-aware routing: overriding dev 1 with dev 0
gx10-6b41:61:71 [0] NCCL INFO NET/IB: ncclIbReceiverQpsCreateToRts: QP created: port=1 dev=1 devName=rocep1s0f1 ndevs=4 nmdevs=4 qp_num=39760 pkey=0 pd=0xeae9040c8ee0 oooRq=0
gx10-6b41:61:71 [0] NCCL INFO NET/IB: ncclIbReceiverQpsCreateToRts: Flush QP created: port=1 dev=1 devName=rocep1s0f1 ndevs=4 nmdevs=4 qp_num=39761 pkey=0 pd=0xeae9040c8ee0
gx10-6b41:61:71 [0] NCCL INFO NET/IB: ncclIbResiliencyInit: Resiliency is disabled on the send communicator (comm=0xeae90701d000)
gx10-6b41:61:71 [0] NCCL INFO NET/IB: ncclIbSenderQpsToRts: Set ECE: IbDev 0 Port 1 qp_num 40716 set_ece={supported=1, vendor_id=0x15b3, options=0x30000002, comp_mask=0x0}
gx10-6b41:61:71 [0] NCCL INFO NET/IB: Subnet-aware routing: overriding dev 1 with dev 0
gx10-6b41:61:71 [0] NCCL INFO NET/IB: ncclIbSenderQpsCreate: QP created: port=1 dev=0 devName=rocep1s0f0 ndevs=4 nmdevs=4 qp_num=40717 pkey=0 pd=0xeae90407dd30 oooRq=0
gx10-6b41:61:71 [0] NCCL INFO NET/IB: ncclIbConnectImpl: NCCL Dev 0 IbDev 0 Port 1 qp_num 40717 mtu 5 GID 6 (0/265A8C0FFFF0000) ctsFifoRkey=0x16c382 ctsFifoLkey=0x16c382
gx10-6b41:61:71 [0] NCCL INFO NET/IB: ncclIbConnectImpl: IbDev 0 Port 1 qp_num 40717 query_ece={supported=1, vendor_id=0x15b3, options=0x30000002, comp_mask=0x0}
gx10-6b41:61:71 [0] NCCL INFO NET/IB: ncclIbResiliencyInit: Resiliency is disabled on the recv communicator (comm=0xeae90708f000)
gx10-6b41:61:71 [0] NCCL INFO NET/IB: ncclIbRecvCommInit: Receive work requests will be posted on-demand
gx10-6b41:61:71 [0] NCCL INFO NET/IB: Subnet-aware routing: overriding dev 1 with dev 0
gx10-6b41:61:71 [0] NCCL INFO NET/IB: Subnet-aware routing: overriding dev 3 with dev 2
gx10-6b41:61:71 [0] NCCL INFO NET/IB: ncclIbResiliencyInit: Resiliency is disabled on the send communicator (comm=0xeae9070d7000)
gx10-6b41:61:71 [0] NCCL INFO NET/IB: Subnet-aware routing: overriding dev 1 with dev 0
gx10-6b41:61:71 [0] NCCL INFO NET/IB: Subnet-aware routing: overriding dev 3 with dev 2
gx10-6b41:61:71 [0] NCCL INFO NET/IB: ncclIbResiliencyInit: Resiliency is disabled on the recv communicator (comm=0xeae907118000)
gx10-6b41:61:71 [0] NCCL INFO NET/IB: ncclIbRecvCommInit: Receive work requests will be posted on-demand
gx10-6b41:61:71 [0] NCCL INFO NET/IB: Subnet-aware routing: overriding dev 1 with dev 0
gx10-6b41:61:71 [0] NCCL INFO NET/IB: Subnet-aware routing: overriding dev 3 with dev 2
gx10-6b41:61:71 [0] NCCL INFO NET/IB: ncclIbResiliencyInit: Resiliency is disabled on the send communicator (comm=0xeae907160000)
gx10-6b41:61:71 [0] NCCL INFO NET/IB: Subnet-aware routing: overriding dev 1 with dev 0
gx10-6b41:61:71 [0] NCCL INFO NET/IB: ncclIbSenderQpsCreate: QP created: port=1 dev=2 devName=roceP2p1s0f0 ndevs=4 nmdevs=4 qp_num=1954 pkey=0 pd=0xeae9040c80d0 oooRq=0
gx10-6b41:61:71 [0] NCCL INFO NET/IB: ncclIbConnectImpl: NCCL Dev 2 IbDev 2 Port 1 qp_num 1954 mtu 5 GID 3 (0/26FA8C0FFFF0000) ctsFifoRkey=0x197f76 ctsFifoLkey=0x197f76
gx10-6b41:61:71 [0] NCCL INFO NET/IB: ncclIbConnectImpl: IbDev 2 Port 1 qp_num 1954 query_ece={supported=1, vendor_id=0x15b3, options=0x30000002, comp_mask=0x0}
gx10-6b41:61:71 [0] NCCL INFO NET/IB: Subnet-aware routing: overriding dev 2 with dev 3
gx10-6b41:61:71 [0] NCCL INFO NET/IB: ncclIbReceiverQpsCreateToRts: QP created: port=1 dev=3 devName=roceP2p1s0f1 ndevs=4 nmdevs=4 qp_num=2359 pkey=0 pd=0xeae9042b4a70 oooRq=0
gx10-6b41:61:71 [0] NCCL INFO NET/IB: ncclIbReceiverQpsCreateToRts: Flush QP created: port=1 dev=3 devName=roceP2p1s0f1 ndevs=4 nmdevs=4 qp_num=2360 pkey=0 pd=0xeae9042b4a70
gx10-6b41:61:71 [0] NCCL INFO NET/IB: Subnet-aware routing: overriding dev 3 with dev 2
gx10-6b41:61:71 [0] NCCL INFO NET/IB: ncclIbReceiverQpsCreateToRts: QP created: port=1 dev=3 devName=roceP2p1s0f1 ndevs=4 nmdevs=4 qp_num=2361 pkey=0 pd=0xeae9042b4a70 oooRq=0
gx10-6b41:61:71 [0] NCCL INFO NET/IB: ncclIbReceiverQpsCreateToRts: Flush QP created: port=1 dev=3 devName=roceP2p1s0f1 ndevs=4 nmdevs=4 qp_num=2362 pkey=0 pd=0xeae9042b4a70
gx10-6b41:61:71 [0] NCCL INFO NET/IB: ncclIbResiliencyInit: Resiliency is disabled on the recv communicator (comm=0xeae907277000)
gx10-6b41:61:71 [0] NCCL INFO NET/IB: ncclIbRecvCommInit: Receive work requests will be posted on-demand
gx10-6b41:61:71 [0] NCCL INFO NET/IB: Subnet-aware routing: overriding dev 1 with dev 0
gx10-6b41:61:71 [0] NCCL INFO NET/IB: ncclIbSenderQpsToRts: Set ECE: IbDev 0 Port 1 qp_num 40717 set_ece={supported=1, vendor_id=0x15b3, options=0x30000002, comp_mask=0x0}
gx10-6b41:61:71 [0] NCCL INFO NET/IB: ncclIbSenderQpsToRts: Set ECE: IbDev 2 Port 1 qp_num 1954 set_ece={supported=1, vendor_id=0x15b3, options=0x30000002, comp_mask=0x0}
gx10-6b41:61:71 [0] NCCL INFO NET/IB: Subnet-aware routing: overriding dev 3 with dev 2
gx10-6b41:61:71 [0] NCCL INFO NET/IB: ncclIbSenderQpsCreate: QP created: port=1 dev=2 devName=roceP2p1s0f0 ndevs=4 nmdevs=4 qp_num=1955 pkey=0 pd=0xeae9040c80d0 oooRq=0
gx10-6b41:61:71 [0] NCCL INFO NET/IB: ncclIbConnectImpl: NCCL Dev 2 IbDev 2 Port 1 qp_num 1955 mtu 5 GID 3 (0/26FA8C0FFFF0000) ctsFifoRkey=0x19bbb9 ctsFifoLkey=0x19bbb9
gx10-6b41:61:71 [0] NCCL INFO NET/IB: ncclIbConnectImpl: IbDev 2 Port 1 qp_num 1955 query_ece={supported=1, vendor_id=0x15b3, options=0x30000002, comp_mask=0x0}
gx10-6b41:61:71 [0] NCCL INFO NET/IB: ncclIbSenderQpsCreate: QP created: port=1 dev=0 devName=rocep1s0f0 ndevs=4 nmdevs=4 qp_num=40718 pkey=0 pd=0xeae90407dd30 oooRq=0
gx10-6b41:61:71 [0] NCCL INFO NET/IB: ncclIbConnectImpl: NCCL Dev 0 IbDev 0 Port 1 qp_num 40718 mtu 5 GID 6 (0/265A8C0FFFF0000) ctsFifoRkey=0x17c07e ctsFifoLkey=0x17c07e
gx10-6b41:61:71 [0] NCCL INFO NET/IB: ncclIbConnectImpl: IbDev 0 Port 1 qp_num 40718 query_ece={supported=1, vendor_id=0x15b3, options=0x30000002, comp_mask=0x0}
gx10-6b41:61:71 [0] NCCL INFO NET/IB: Subnet-aware routing: overriding dev 0 with dev 1
gx10-6b41:61:71 [0] NCCL INFO NET/IB: ncclIbReceiverQpsCreateToRts: QP created: port=1 dev=1 devName=rocep1s0f1 ndevs=4 nmdevs=4 qp_num=39762 pkey=0 pd=0xeae9040c8ee0 oooRq=0
gx10-6b41:61:71 [0] NCCL INFO NET/IB: ncclIbReceiverQpsCreateToRts: Flush QP created: port=1 dev=1 devName=rocep1s0f1 ndevs=4 nmdevs=4 qp_num=39763 pkey=0 pd=0xeae9040c8ee0
gx10-6b41:61:71 [0] NCCL INFO NET/IB: Subnet-aware routing: overriding dev 1 with dev 0
gx10-6b41:61:71 [0] NCCL INFO NET/IB: ncclIbResiliencyInit: Resiliency is disabled on the send communicator (comm=0xeae90736c000)
gx10-6b41:61:71 [0] NCCL INFO NET/IB: Subnet-aware routing: overriding dev 3 with dev 2
gx10-6b41:61:71 [0] NCCL INFO NET/IB: Subnet-aware routing: overriding dev 1 with dev 0
gx10-6b41:61:71 [0] NCCL INFO NET/IB: ncclIbResiliencyInit: Resiliency is disabled on the recv communicator (comm=0xeae9073b0000)
gx10-6b41:61:71 [0] NCCL INFO NET/IB: ncclIbRecvCommInit: Receive work requests will be posted on-demand
gx10-6b41:61:71 [0] NCCL INFO NET/IB: Subnet-aware routing: overriding dev 3 with dev 2
gx10-6b41:61:71 [0] NCCL INFO NET/IB: Subnet-aware routing: overriding dev 1 with dev 0
gx10-6b41:61:71 [0] NCCL INFO NET/IB: ncclIbResiliencyInit: Resiliency is disabled on the send communicator (comm=0xeae9073f8000)
gx10-6b41:61:71 [0] NCCL INFO NET/IB: Subnet-aware routing: overriding dev 3 with dev 2
gx10-6b41:61:71 [0] NCCL INFO NET/IB: ncclIbSenderQpsToRts: Set ECE: IbDev 2 Port 1 qp_num 1955 set_ece={supported=1, vendor_id=0x15b3, options=0x30000002, comp_mask=0x0}
gx10-6b41:61:71 [0] NCCL INFO NET/IB: Subnet-aware routing: overriding dev 1 with dev 0
gx10-6b41:61:71 [0] NCCL INFO NET/IB: ncclIbSenderQpsCreate: QP created: port=1 dev=0 devName=rocep1s0f0 ndevs=4 nmdevs=4 qp_num=40719 pkey=0 pd=0xeae90407dd30 oooRq=0
gx10-6b41:61:71 [0] NCCL INFO NET/IB: ncclIbConnectImpl: NCCL Dev 0 IbDev 0 Port 1 qp_num 40719 mtu 5 GID 6 (0/265A8C0FFFF0000) ctsFifoRkey=0x17702d ctsFifoLkey=0x17702d
gx10-6b41:61:71 [0] NCCL INFO NET/IB: ncclIbConnectImpl: IbDev 0 Port 1 qp_num 40719 query_ece={supported=1, vendor_id=0x15b3, options=0x30000002, comp_mask=0x0}
gx10-6b41:61:71 [0] NCCL INFO NET/IB: ncclIbResiliencyInit: Resiliency is disabled on the recv communicator (comm=0xeae907467000)
gx10-6b41:61:71 [0] NCCL INFO NET/IB: ncclIbRecvCommInit: Receive work requests will be posted on-demand
gx10-6b41:61:71 [0] NCCL INFO NET/IB: ncclIbSenderQpsToRts: Set ECE: IbDev 0 Port 1 qp_num 40718 set_ece={supported=1, vendor_id=0x15b3, options=0x30000002, comp_mask=0x0}
gx10-6b41:61:71 [0] NCCL INFO NET/IB: Subnet-aware routing: overriding dev 1 with dev 0
gx10-6b41:61:71 [0] NCCL INFO NET/IB: ncclIbReceiverQpsCreateToRts: QP created: port=1 dev=1 devName=rocep1s0f1 ndevs=4 nmdevs=4 qp_num=39764 pkey=0 pd=0xeae9040c8ee0 oooRq=0
gx10-6b41:61:71 [0] NCCL INFO NET/IB: ncclIbReceiverQpsCreateToRts: Flush QP created: port=1 dev=1 devName=rocep1s0f1 ndevs=4 nmdevs=4 qp_num=39765 pkey=0 pd=0xeae9040c8ee0
gx10-6b41:61:71 [0] NCCL INFO NET/IB: Subnet-aware routing: overriding dev 2 with dev 3
gx10-6b41:61:71 [0] NCCL INFO NET/IB: ncclIbReceiverQpsCreateToRts: QP created: port=1 dev=3 devName=roceP2p1s0f1 ndevs=4 nmdevs=4 qp_num=2363 pkey=0 pd=0xeae9042b4a70 oooRq=0
gx10-6b41:61:71 [0] NCCL INFO NET/IB: ncclIbReceiverQpsCreateToRts: Flush QP created: port=1 dev=3 devName=roceP2p1s0f1 ndevs=4 nmdevs=4 qp_num=2364 pkey=0 pd=0xeae9042b4a70
gx10-6b41:61:71 [0] NCCL INFO NET/IB: Subnet-aware routing: overriding dev 3 with dev 2
gx10-6b41:61:71 [0] NCCL INFO NET/IB: ncclIbResiliencyInit: Resiliency is disabled on the send communicator (comm=0xeae90754f000)
gx10-6b41:61:71 [0] NCCL INFO NET/IB: Subnet-aware routing: overriding dev 1 with dev 0
gx10-6b41:61:71 [0] NCCL INFO NET/IB: ncclIbSenderQpsToRts: Set ECE: IbDev 0 Port 1 qp_num 40719 set_ece={supported=1, vendor_id=0x15b3, options=0x30000002, comp_mask=0x0}
gx10-6b41:61:71 [0] NCCL INFO NET/IB: ncclIbSenderQpsCreate: QP created: port=1 dev=2 devName=roceP2p1s0f0 ndevs=4 nmdevs=4 qp_num=1956 pkey=0 pd=0xeae9040c80d0 oooRq=0
gx10-6b41:61:71 [0] NCCL INFO NET/IB: ncclIbConnectImpl: NCCL Dev 2 IbDev 2 Port 1 qp_num 1956 mtu 5 GID 3 (0/26FA8C0FFFF0000) ctsFifoRkey=0x165350 ctsFifoLkey=0x165350
gx10-6b41:61:71 [0] NCCL INFO NET/IB: ncclIbConnectImpl: IbDev 2 Port 1 qp_num 1956 query_ece={supported=1, vendor_id=0x15b3, options=0x30000002, comp_mask=0x0}
gx10-6b41:61:71 [0] NCCL INFO NET/IB: Subnet-aware routing: overriding dev 3 with dev 2
gx10-6b41:61:71 [0] NCCL INFO NET/IB: ncclIbResiliencyInit: Resiliency is disabled on the recv communicator (comm=0xeae9075be000)
gx10-6b41:61:71 [0] NCCL INFO NET/IB: ncclIbRecvCommInit: Receive work requests will be posted on-demand
gx10-6b41:61:71 [0] NCCL INFO NET/IB: Subnet-aware routing: overriding dev 3 with dev 2
gx10-6b41:61:71 [0] NCCL INFO NET/IB: ncclIbResiliencyInit: Resiliency is disabled on the send communicator (comm=0xeae907606000)
gx10-6b41:61:71 [0] NCCL INFO NET/IB: Subnet-aware routing: overriding dev 3 with dev 2
gx10-6b41:61:71 [0] NCCL INFO NET/IB: ncclIbSenderQpsCreate: QP created: port=1 dev=2 devName=roceP2p1s0f0 ndevs=4 nmdevs=4 qp_num=1957 pkey=0 pd=0xeae9040c80d0 oooRq=0
gx10-6b41:61:71 [0] NCCL INFO NET/IB: ncclIbConnectImpl: NCCL Dev 2 IbDev 2 Port 1 qp_num 1957 mtu 5 GID 3 (0/26FA8C0FFFF0000) ctsFifoRkey=0x19c4c2 ctsFifoLkey=0x19c4c2
gx10-6b41:61:71 [0] NCCL INFO NET/IB: ncclIbConnectImpl: IbDev 2 Port 1 qp_num 1957 query_ece={supported=1, vendor_id=0x15b3, options=0x30000002, comp_mask=0x0}
gx10-6b41:61:71 [0] NCCL INFO NET/IB: ncclIbResiliencyInit: Resiliency is disabled on the recv communicator (comm=0xeae90767a000)
gx10-6b41:61:71 [0] NCCL INFO NET/IB: ncclIbRecvCommInit: Receive work requests will be posted on-demand
gx10-6b41:61:71 [0] NCCL INFO NET/IB: ncclIbSenderQpsToRts: Set ECE: IbDev 2 Port 1 qp_num 1956 set_ece={supported=1, vendor_id=0x15b3, options=0x30000002, comp_mask=0x0}
gx10-6b41:61:71 [0] NCCL INFO NET/IB: Subnet-aware routing: overriding dev 3 with dev 2
gx10-6b41:61:71 [0] NCCL INFO NET/IB: ncclIbReceiverQpsCreateToRts: QP created: port=1 dev=3 devName=roceP2p1s0f1 ndevs=4 nmdevs=4 qp_num=2365 pkey=0 pd=0xeae9042b4a70 oooRq=0
gx10-6b41:61:71 [0] NCCL INFO NET/IB: ncclIbReceiverQpsCreateToRts: Flush QP created: port=1 dev=3 devName=roceP2p1s0f1 ndevs=4 nmdevs=4 qp_num=2366 pkey=0 pd=0xeae9042b4a70
gx10-6b41:61:71 [0] NCCL INFO NET/IB: Subnet-aware routing: overriding dev 1 with dev 0
gx10-6b41:61:71 [0] NCCL INFO NET/IB: ncclIbResiliencyInit: Resiliency is disabled on the send communicator (comm=0xeae907711000)
gx10-6b41:61:71 [0] NCCL INFO NET/IB: Subnet-aware routing: overriding dev 3 with dev 2
gx10-6b41:61:71 [0] NCCL INFO NET/IB: Subnet-aware routing: overriding dev 0 with dev 1
gx10-6b41:61:71 [0] NCCL INFO NET/IB: ncclIbReceiverQpsCreateToRts: QP created: port=1 dev=1 devName=rocep1s0f1 ndevs=4 nmdevs=4 qp_num=39766 pkey=0 pd=0xeae9040c8ee0 oooRq=0
gx10-6b41:61:71 [0] NCCL INFO NET/IB: ncclIbReceiverQpsCreateToRts: Flush QP created: port=1 dev=1 devName=rocep1s0f1 ndevs=4 nmdevs=4 qp_num=39767 pkey=0 pd=0xeae9040c8ee0
gx10-6b41:61:71 [0] NCCL INFO NET/IB: Subnet-aware routing: overriding dev 1 with dev 0
gx10-6b41:61:71 [0] NCCL INFO NET/IB: ncclIbResiliencyInit: Resiliency is disabled on the recv communicator (comm=0xeae9077a5000)
gx10-6b41:61:71 [0] NCCL INFO NET/IB: ncclIbRecvCommInit: Receive work requests will be posted on-demand
gx10-6b41:61:71 [0] NCCL INFO NET/IB: Subnet-aware routing: overriding dev 3 with dev 2
gx10-6b41:61:71 [0] NCCL INFO NET/IB: Subnet-aware routing: overriding dev 1 with dev 0
gx10-6b41:61:71 [0] NCCL INFO NET/IB: ncclIbResiliencyInit: Resiliency is disabled on the send communicator (comm=0xeae9077ed000)
gx10-6b41:61:71 [0] NCCL INFO NET/IB: Subnet-aware routing: overriding dev 3 with dev 2
gx10-6b41:61:71 [0] NCCL INFO NET/IB: ncclIbSenderQpsToRts: Set ECE: IbDev 2 Port 1 qp_num 1957 set_ece={supported=1, vendor_id=0x15b3, options=0x30000002, comp_mask=0x0}
gx10-6b41:61:71 [0] NCCL INFO NET/IB: ncclIbSenderQpsCreate: QP created: port=1 dev=0 devName=rocep1s0f0 ndevs=4 nmdevs=4 qp_num=40720 pkey=0 pd=0xeae90407dd30 oooRq=0
gx10-6b41:61:71 [0] NCCL INFO NET/IB: ncclIbConnectImpl: NCCL Dev 0 IbDev 0 Port 1 qp_num 40720 mtu 5 GID 6 (0/265A8C0FFFF0000) ctsFifoRkey=0x154504 ctsFifoLkey=0x154504
gx10-6b41:61:71 [0] NCCL INFO NET/IB: ncclIbConnectImpl: IbDev 0 Port 1 qp_num 40720 query_ece={supported=1, vendor_id=0x15b3, options=0x30000002, comp_mask=0x0}
gx10-6b41:61:71 [0] NCCL INFO NET/IB: Subnet-aware routing: overriding dev 1 with dev 0
gx10-6b41:61:71 [0] NCCL INFO NET/IB: ncclIbSenderQpsCreate: QP created: port=1 dev=0 devName=rocep1s0f0 ndevs=4 nmdevs=4 qp_num=40721 pkey=0 pd=0xeae90407dd30 oooRq=0
gx10-6b41:61:71 [0] NCCL INFO NET/IB: ncclIbConnectImpl: NCCL Dev 0 IbDev 0 Port 1 qp_num 40721 mtu 5 GID 6 (0/265A8C0FFFF0000) ctsFifoRkey=0x168a48 ctsFifoLkey=0x168a48
gx10-6b41:61:71 [0] NCCL INFO NET/IB: ncclIbConnectImpl: IbDev 0 Port 1 qp_num 40721 query_ece={supported=1, vendor_id=0x15b3, options=0x30000002, comp_mask=0x0}
gx10-6b41:61:71 [0] NCCL INFO NET/IB: ncclIbReceiverQpsCreateToRts: QP created: port=1 dev=1 devName=rocep1s0f1 ndevs=4 nmdevs=4 qp_num=39768 pkey=0 pd=0xeae9040c8ee0 oooRq=0
gx10-6b41:61:71 [0] NCCL INFO NET/IB: ncclIbReceiverQpsCreateToRts: Flush QP created: port=1 dev=1 devName=rocep1s0f1 ndevs=4 nmdevs=4 qp_num=39769 pkey=0 pd=0xeae9040c8ee0
gx10-6b41:61:71 [0] NCCL INFO NET/IB: ncclIbResiliencyInit: Resiliency is disabled on the recv communicator (comm=0xeae9078db000)
gx10-6b41:61:71 [0] NCCL INFO NET/IB: ncclIbRecvCommInit: Receive work requests will be posted on-demand
gx10-6b41:61:71 [0] NCCL INFO NET/IB: ncclIbSenderQpsToRts: Set ECE: IbDev 0 Port 1 qp_num 40720 set_ece={supported=1, vendor_id=0x15b3, options=0x30000002, comp_mask=0x0}
gx10-6b41:61:71 [0] NCCL INFO NET/IB: Subnet-aware routing: overriding dev 1 with dev 0
gx10-6b41:61:71 [0] NCCL INFO NET/IB: Subnet-aware routing: overriding dev 3 with dev 2
gx10-6b41:61:71 [0] NCCL INFO NET/IB: ncclIbResiliencyInit: Resiliency is disabled on the send communicator (comm=0xeae907923000)
gx10-6b41:61:71 [0] NCCL INFO NET/IB: Subnet-aware routing: overriding dev 1 with dev 0
gx10-6b41:61:71 [0] NCCL INFO NET/IB: ncclIbSenderQpsToRts: Set ECE: IbDev 0 Port 1 qp_num 40721 set_ece={supported=1, vendor_id=0x15b3, options=0x30000002, comp_mask=0x0}
gx10-6b41:61:71 [0] NCCL INFO NET/IB: ncclIbSenderQpsCreate: QP created: port=1 dev=2 devName=roceP2p1s0f0 ndevs=4 nmdevs=4 qp_num=1958 pkey=0 pd=0xeae9040c80d0 oooRq=0
gx10-6b41:61:71 [0] NCCL INFO NET/IB: ncclIbConnectImpl: NCCL Dev 2 IbDev 2 Port 1 qp_num 1958 mtu 5 GID 3 (0/26FA8C0FFFF0000) ctsFifoRkey=0x19867f ctsFifoLkey=0x19867f
gx10-6b41:61:71 [0] NCCL INFO NET/IB: ncclIbConnectImpl: IbDev 2 Port 1 qp_num 1958 query_ece={supported=1, vendor_id=0x15b3, options=0x30000002, comp_mask=0x0}
gx10-6b41:61:71 [0] NCCL INFO NET/IB: Subnet-aware routing: overriding dev 2 with dev 3
gx10-6b41:61:71 [0] NCCL INFO NET/IB: ncclIbReceiverQpsCreateToRts: QP created: port=1 dev=3 devName=roceP2p1s0f1 ndevs=4 nmdevs=4 qp_num=2367 pkey=0 pd=0xeae9042b4a70 oooRq=0
gx10-6b41:61:71 [0] NCCL INFO NET/IB: ncclIbReceiverQpsCreateToRts: Flush QP created: port=1 dev=3 devName=roceP2p1s0f1 ndevs=4 nmdevs=4 qp_num=2368 pkey=0 pd=0xeae9042b4a70
gx10-6b41:61:71 [0] NCCL INFO NET/IB: Subnet-aware routing: overriding dev 3 with dev 2
gx10-6b41:61:71 [0] NCCL INFO NET/IB: ncclIbResiliencyInit: Resiliency is disabled on the recv communicator (comm=0xeae9079e4000)
gx10-6b41:61:71 [0] NCCL INFO NET/IB: ncclIbRecvCommInit: Receive work requests will be posted on-demand
gx10-6b41:61:71 [0] NCCL INFO NET/IB: Subnet-aware routing: overriding dev 3 with dev 2
gx10-6b41:61:71 [0] NCCL INFO NET/IB: ncclIbResiliencyInit: Resiliency is disabled on the send communicator (comm=0xeae907a2c000)
gx10-6b41:61:71 [0] NCCL INFO NET/IB: Subnet-aware routing: overriding dev 3 with dev 2
gx10-6b41:61:71 [0] NCCL INFO NET/IB: ncclIbResiliencyInit: Resiliency is disabled on the recv communicator (comm=0xeae907a70000)
gx10-6b41:61:71 [0] NCCL INFO NET/IB: ncclIbRecvCommInit: Receive work requests will be posted on-demand
gx10-6b41:61:71 [0] NCCL INFO NET/IB: Subnet-aware routing: overriding dev 3 with dev 2
gx10-6b41:61:71 [0] NCCL INFO NET/IB: ncclIbSenderQpsCreate: QP created: port=1 dev=2 devName=roceP2p1s0f0 ndevs=4 nmdevs=4 qp_num=1959 pkey=0 pd=0xeae9040c80d0 oooRq=0
gx10-6b41:61:71 [0] NCCL INFO NET/IB: ncclIbConnectImpl: NCCL Dev 2 IbDev 2 Port 1 qp_num 1959 mtu 5 GID 3 (0/26FA8C0FFFF0000) ctsFifoRkey=0x19726c ctsFifoLkey=0x19726c
gx10-6b41:61:71 [0] NCCL INFO NET/IB: ncclIbConnectImpl: IbDev 2 Port 1 qp_num 1959 query_ece={supported=1, vendor_id=0x15b3, options=0x30000002, comp_mask=0x0}
gx10-6b41:61:71 [0] NCCL INFO NET/IB: Subnet-aware routing: overriding dev 1 with dev 0
gx10-6b41:61:71 [0] NCCL INFO NET/IB: ncclIbResiliencyInit: Resiliency is disabled on the send communicator (comm=0xeae907ae6000)
gx10-6b41:61:71 [0] NCCL INFO NET/IB: ncclIbSenderQpsToRts: Set ECE: IbDev 2 Port 1 qp_num 1958 set_ece={supported=1, vendor_id=0x15b3, options=0x30000002, comp_mask=0x0}
gx10-6b41:61:71 [0] NCCL INFO NET/IB: Subnet-aware routing: overriding dev 3 with dev 2
gx10-6b41:61:71 [0] NCCL INFO NET/IB: ncclIbReceiverQpsCreateToRts: QP created: port=1 dev=3 devName=roceP2p1s0f1 ndevs=4 nmdevs=4 qp_num=2369 pkey=0 pd=0xeae9042b4a70 oooRq=0
gx10-6b41:61:71 [0] NCCL INFO NET/IB: ncclIbReceiverQpsCreateToRts: Flush QP created: port=1 dev=3 devName=roceP2p1s0f1 ndevs=4 nmdevs=4 qp_num=2370 pkey=0 pd=0xeae9042b4a70
gx10-6b41:61:71 [0] NCCL INFO NET/IB: ncclIbSenderQpsCreate: QP created: port=1 dev=0 devName=rocep1s0f0 ndevs=4 nmdevs=4 qp_num=40722 pkey=0 pd=0xeae90407dd30 oooRq=0
gx10-6b41:61:71 [0] NCCL INFO NET/IB: ncclIbConnectImpl: NCCL Dev 0 IbDev 0 Port 1 qp_num 40722 mtu 5 GID 6 (0/265A8C0FFFF0000) ctsFifoRkey=0x173af5 ctsFifoLkey=0x173af5
gx10-6b41:61:71 [0] NCCL INFO NET/IB: ncclIbConnectImpl: IbDev 0 Port 1 qp_num 40722 query_ece={supported=1, vendor_id=0x15b3, options=0x30000002, comp_mask=0x0}
gx10-6b41:61:71 [0] NCCL INFO NET/IB: Subnet-aware routing: overriding dev 0 with dev 1
gx10-6b41:61:71 [0] NCCL INFO NET/IB: ncclIbReceiverQpsCreateToRts: QP created: port=1 dev=1 devName=rocep1s0f1 ndevs=4 nmdevs=4 qp_num=39770 pkey=0 pd=0xeae9040c8ee0 oooRq=0
gx10-6b41:61:71 [0] NCCL INFO NET/IB: ncclIbReceiverQpsCreateToRts: Flush QP created: port=1 dev=1 devName=rocep1s0f1 ndevs=4 nmdevs=4 qp_num=39771 pkey=0 pd=0xeae9040c8ee0
gx10-6b41:61:71 [0] NCCL INFO NET/IB: Subnet-aware routing: overriding dev 1 with dev 0
gx10-6b41:61:71 [0] NCCL INFO NET/IB: ncclIbResiliencyInit: Resiliency is disabled on the recv communicator (comm=0xeae907bfd000)
gx10-6b41:61:71 [0] NCCL INFO NET/IB: ncclIbRecvCommInit: Receive work requests will be posted on-demand
gx10-6b41:61:71 [0] NCCL INFO NET/IB: Subnet-aware routing: overriding dev 3 with dev 2
gx10-6b41:61:71 [0] NCCL INFO NET/IB: Subnet-aware routing: overriding dev 1 with dev 0
gx10-6b41:61:71 [0] NCCL INFO NET/IB: ncclIbResiliencyInit: Resiliency is disabled on the send communicator (comm=0xeae907c45000)
gx10-6b41:61:71 [0] NCCL INFO NET/IB: Subnet-aware routing: overriding dev 3 with dev 2
gx10-6b41:61:71 [0] NCCL INFO NET/IB: ncclIbSenderQpsToRts: Set ECE: IbDev 2 Port 1 qp_num 1959 set_ece={supported=1, vendor_id=0x15b3, options=0x30000002, comp_mask=0x0}
gx10-6b41:61:71 [0] NCCL INFO NET/IB: ncclIbSenderQpsToRts: Set ECE: IbDev 0 Port 1 qp_num 40722 set_ece={supported=1, vendor_id=0x15b3, options=0x30000002, comp_mask=0x0}
gx10-6b41:61:71 [0] NCCL INFO NET/IB: Subnet-aware routing: overriding dev 1 with dev 0
gx10-6b41:61:71 [0] NCCL INFO NET/IB: ncclIbReceiverQpsCreateToRts: QP created: port=1 dev=1 devName=rocep1s0f1 ndevs=4 nmdevs=4 qp_num=39772 pkey=0 pd=0xeae9040c8ee0 oooRq=0
gx10-6b41:61:71 [0] NCCL INFO NET/IB: ncclIbReceiverQpsCreateToRts: Flush QP created: port=1 dev=1 devName=rocep1s0f1 ndevs=4 nmdevs=4 qp_num=39773 pkey=0 pd=0xeae9040c8ee0
gx10-6b41:61:71 [0] NCCL INFO NET/IB: ncclIbResiliencyInit: Resiliency is disabled on the recv communicator (comm=0xeae907cd1000)
gx10-6b41:61:71 [0] NCCL INFO NET/IB: ncclIbRecvCommInit: Receive work requests will be posted on-demand
gx10-6b41:61:71 [0] NCCL INFO NET/IB: Subnet-aware routing: overriding dev 1 with dev 0
gx10-6b41:61:71 [0] NCCL INFO NET/IB: Subnet-aware routing: overriding dev 3 with dev 2
gx10-6b41:61:71 [0] NCCL INFO NET/IB: ncclIbResiliencyInit: Resiliency is disabled on the send communicator (comm=0xeae907d19000)
gx10-6b41:61:71 [0] NCCL INFO NET/IB: Subnet-aware routing: overriding dev 1 with dev 0
gx10-6b41:61:71 [0] NCCL INFO NET/IB: ncclIbSenderQpsCreate: QP created: port=1 dev=0 devName=rocep1s0f0 ndevs=4 nmdevs=4 qp_num=40723 pkey=0 pd=0xeae90407dd30 oooRq=0
gx10-6b41:61:71 [0] NCCL INFO NET/IB: ncclIbConnectImpl: NCCL Dev 0 IbDev 0 Port 1 qp_num 40723 mtu 5 GID 6 (0/265A8C0FFFF0000) ctsFifoRkey=0x1720e0 ctsFifoLkey=0x1720e0
gx10-6b41:61:71 [0] NCCL INFO NET/IB: ncclIbConnectImpl: IbDev 0 Port 1 qp_num 40723 query_ece={supported=1, vendor_id=0x15b3, options=0x30000002, comp_mask=0x0}
gx10-6b41:61:71 [0] NCCL INFO NET/IB: ncclIbSenderQpsCreate: QP created: port=1 dev=2 devName=roceP2p1s0f0 ndevs=4 nmdevs=4 qp_num=1960 pkey=0 pd=0xeae9040c80d0 oooRq=0
gx10-6b41:61:71 [0] NCCL INFO NET/IB: ncclIbConnectImpl: NCCL Dev 2 IbDev 2 Port 1 qp_num 1960 mtu 5 GID 3 (0/26FA8C0FFFF0000) ctsFifoRkey=0x196461 ctsFifoLkey=0x196461
gx10-6b41:61:71 [0] NCCL INFO NET/IB: ncclIbConnectImpl: IbDev 2 Port 1 qp_num 1960 query_ece={supported=1, vendor_id=0x15b3, options=0x30000002, comp_mask=0x0}
gx10-6b41:61:71 [0] NCCL INFO NET/IB: Subnet-aware routing: overriding dev 2 with dev 3
gx10-6b41:61:71 [0] NCCL INFO NET/IB: ncclIbReceiverQpsCreateToRts: QP created: port=1 dev=3 devName=roceP2p1s0f1 ndevs=4 nmdevs=4 qp_num=2371 pkey=0 pd=0xeae9042b4a70 oooRq=0
gx10-6b41:61:71 [0] NCCL INFO NET/IB: ncclIbReceiverQpsCreateToRts: Flush QP created: port=1 dev=3 devName=roceP2p1s0f1 ndevs=4 nmdevs=4 qp_num=2372 pkey=0 pd=0xeae9042b4a70
gx10-6b41:61:71 [0] NCCL INFO NET/IB: Subnet-aware routing: overriding dev 3 with dev 2
gx10-6b41:61:71 [0] NCCL INFO NET/IB: ncclIbResiliencyInit: Resiliency is disabled on the recv communicator (comm=0xeae907e0c000)
gx10-6b41:61:71 [0] NCCL INFO NET/IB: ncclIbRecvCommInit: Receive work requests will be posted on-demand
gx10-6b41:61:71 [0] NCCL INFO NET/IB: Subnet-aware routing: overriding dev 1 with dev 0
gx10-6b41:61:71 [0] NCCL INFO NET/IB: Subnet-aware routing: overriding dev 3 with dev 2
gx10-6b41:61:71 [0] NCCL INFO NET/IB: ncclIbResiliencyInit: Resiliency is disabled on the send communicator (comm=0xeae907e54000)
gx10-6b41:61:71 [0] NCCL INFO NET/IB: Subnet-aware routing: overriding dev 1 with dev 0
gx10-6b41:61:71 [0] NCCL INFO NET/IB: ncclIbSenderQpsToRts: Set ECE: IbDev 0 Port 1 qp_num 40723 set_ece={supported=1, vendor_id=0x15b3, options=0x30000002, comp_mask=0x0}
gx10-6b41:61:71 [0] NCCL INFO NET/IB: ncclIbSenderQpsToRts: Set ECE: IbDev 2 Port 1 qp_num 1960 set_ece={supported=1, vendor_id=0x15b3, options=0x30000002, comp_mask=0x0}
gx10-6b41:61:71 [0] NCCL INFO NET/IB: Subnet-aware routing: overriding dev 3 with dev 2
gx10-6b41:61:71 [0] NCCL INFO NET/IB: ncclIbSenderQpsCreate: QP created: port=1 dev=2 devName=roceP2p1s0f0 ndevs=4 nmdevs=4 qp_num=1961 pkey=0 pd=0xeae9040c80d0 oooRq=0
gx10-6b41:61:71 [0] NCCL INFO NET/IB: ncclIbConnectImpl: NCCL Dev 2 IbDev 2 Port 1 qp_num 1961 mtu 5 GID 3 (0/26FA8C0FFFF0000) ctsFifoRkey=0x19372e ctsFifoLkey=0x19372e
gx10-6b41:61:71 [0] NCCL INFO NET/IB: ncclIbConnectImpl: IbDev 2 Port 1 qp_num 1961 query_ece={supported=1, vendor_id=0x15b3, options=0x30000002, comp_mask=0x0}
gx10-6b41:61:71 [0] NCCL INFO NET/IB: ncclIbReceiverQpsCreateToRts: QP created: port=1 dev=3 devName=roceP2p1s0f1 ndevs=4 nmdevs=4 qp_num=2373 pkey=0 pd=0xeae9042b4a70 oooRq=0
gx10-6b41:61:71 [0] NCCL INFO NET/IB: ncclIbReceiverQpsCreateToRts: Flush QP created: port=1 dev=3 devName=roceP2p1s0f1 ndevs=4 nmdevs=4 qp_num=2374 pkey=0 pd=0xeae9042b4a70
gx10-6b41:61:71 [0] NCCL INFO NET/IB: ncclIbResiliencyInit: Resiliency is disabled on the recv communicator (comm=0xeae907f15000)
gx10-6b41:61:71 [0] NCCL INFO NET/IB: ncclIbRecvCommInit: Receive work requests will be posted on-demand
gx10-6b41:61:71 [0] NCCL INFO NET/IB: Subnet-aware routing: overriding dev 3 with dev 2
gx10-6b41:61:71 [0] NCCL INFO NET/IB: Subnet-aware routing: overriding dev 1 with dev 0
gx10-6b41:61:71 [0] NCCL INFO NET/IB: ncclIbResiliencyInit: Resiliency is disabled on the send communicator (comm=0xeae907f5d000)
gx10-6b41:61:71 [0] NCCL INFO NET/IB: Subnet-aware routing: overriding dev 3 with dev 2
gx10-6b41:61:71 [0] NCCL INFO NET/IB: Subnet-aware routing: overriding dev 1 with dev 0
gx10-6b41:61:71 [0] NCCL INFO NET/IB: ncclIbResiliencyInit: Resiliency is disabled on the recv communicator (comm=0xeae907fa1000)
gx10-6b41:61:71 [0] NCCL INFO NET/IB: ncclIbRecvCommInit: Receive work requests will be posted on-demand
gx10-6b41:61:71 [0] NCCL INFO NET/IB: Subnet-aware routing: overriding dev 3 with dev 2
gx10-6b41:61:71 [0] NCCL INFO NET/IB: Subnet-aware routing: overriding dev 1 with dev 0
gx10-6b41:61:71 [0] NCCL INFO NET/IB: ncclIbResiliencyInit: Resiliency is disabled on the send communicator (comm=0xeae8f0001000)
gx10-6b41:61:71 [0] NCCL INFO NET/IB: Subnet-aware routing: overriding dev 3 with dev 2
gx10-6b41:61:71 [0] NCCL INFO NET/IB: ncclIbSenderQpsToRts: Set ECE: IbDev 2 Port 1 qp_num 1961 set_ece={supported=1, vendor_id=0x15b3, options=0x30000002, comp_mask=0x0}
gx10-6b41:61:71 [0] NCCL INFO NET/IB: ncclIbSenderQpsCreate: QP created: port=1 dev=0 devName=rocep1s0f0 ndevs=4 nmdevs=4 qp_num=40724 pkey=0 pd=0xeae90407dd30 oooRq=0
gx10-6b41:61:71 [0] NCCL INFO NET/IB: ncclIbConnectImpl: NCCL Dev 0 IbDev 0 Port 1 qp_num 40724 mtu 5 GID 6 (0/265A8C0FFFF0000) ctsFifoRkey=0x16b274 ctsFifoLkey=0x16b274
gx10-6b41:61:71 [0] NCCL INFO NET/IB: ncclIbConnectImpl: IbDev 0 Port 1 qp_num 40724 query_ece={supported=1, vendor_id=0x15b3, options=0x30000002, comp_mask=0x0}
gx10-6b41:61:71 [0] NCCL INFO NET/IB: Subnet-aware routing: overriding dev 0 with dev 1
gx10-6b41:61:71 [0] NCCL INFO NET/IB: ncclIbReceiverQpsCreateToRts: QP created: port=1 dev=1 devName=rocep1s0f1 ndevs=4 nmdevs=4 qp_num=39774 pkey=0 pd=0xeae9040c8ee0 oooRq=0
gx10-6b41:61:71 [0] NCCL INFO NET/IB: ncclIbReceiverQpsCreateToRts: Flush QP created: port=1 dev=1 devName=rocep1s0f1 ndevs=4 nmdevs=4 qp_num=39775 pkey=0 pd=0xeae9040c8ee0
gx10-6b41:61:71 [0] NCCL INFO NET/IB: Subnet-aware routing: overriding dev 1 with dev 0
gx10-6b41:61:71 [0] NCCL INFO NET/IB: ncclIbReceiverQpsCreateToRts: QP created: port=1 dev=1 devName=rocep1s0f1 ndevs=4 nmdevs=4 qp_num=39776 pkey=0 pd=0xeae9040c8ee0 oooRq=0
gx10-6b41:61:71 [0] NCCL INFO NET/IB: ncclIbReceiverQpsCreateToRts: Flush QP created: port=1 dev=1 devName=rocep1s0f1 ndevs=4 nmdevs=4 qp_num=39777 pkey=0 pd=0xeae9040c8ee0
gx10-6b41:61:71 [0] NCCL INFO NET/IB: ncclIbResiliencyInit: Resiliency is disabled on the recv communicator (comm=0xeae8f0114000)
gx10-6b41:61:71 [0] NCCL INFO NET/IB: ncclIbRecvCommInit: Receive work requests will be posted on-demand
gx10-6b41:61:71 [0] NCCL INFO NET/IB: Subnet-aware routing: overriding dev 1 with dev 0
gx10-6b41:61:71 [0] NCCL INFO NET/IB: Subnet-aware routing: overriding dev 3 with dev 2
gx10-6b41:61:71 [0] NCCL INFO NET/IB: ncclIbResiliencyInit: Resiliency is disabled on the send communicator (comm=0xeae8f015c000)
gx10-6b41:61:71 [0] NCCL INFO NET/IB: ncclIbSenderQpsToRts: Set ECE: IbDev 0 Port 1 qp_num 40724 set_ece={supported=1, vendor_id=0x15b3, options=0x30000002, comp_mask=0x0}
gx10-6b41:61:71 [0] NCCL INFO NET/IB: Subnet-aware routing: overriding dev 1 with dev 0
gx10-6b41:61:71 [0] NCCL INFO NET/IB: ncclIbSenderQpsCreate: QP created: port=1 dev=0 devName=rocep1s0f0 ndevs=4 nmdevs=4 qp_num=40725 pkey=0 pd=0xeae90407dd30 oooRq=0
gx10-6b41:61:71 [0] NCCL INFO NET/IB: ncclIbConnectImpl: NCCL Dev 0 IbDev 0 Port 1 qp_num 40725 mtu 5 GID 6 (0/265A8C0FFFF0000) ctsFifoRkey=0x14a262 ctsFifoLkey=0x14a262
gx10-6b41:61:71 [0] NCCL INFO NET/IB: ncclIbConnectImpl: IbDev 0 Port 1 qp_num 40725 query_ece={supported=1, vendor_id=0x15b3, options=0x30000002, comp_mask=0x0}
gx10-6b41:61:71 [0] NCCL INFO NET/IB: ncclIbSenderQpsCreate: QP created: port=1 dev=2 devName=roceP2p1s0f0 ndevs=4 nmdevs=4 qp_num=1962 pkey=0 pd=0xeae9040c80d0 oooRq=0
gx10-6b41:61:71 [0] NCCL INFO NET/IB: ncclIbConnectImpl: NCCL Dev 2 IbDev 2 Port 1 qp_num 1962 mtu 5 GID 3 (0/26FA8C0FFFF0000) ctsFifoRkey=0x192523 ctsFifoLkey=0x192523
gx10-6b41:61:71 [0] NCCL INFO NET/IB: ncclIbConnectImpl: IbDev 2 Port 1 qp_num 1962 query_ece={supported=1, vendor_id=0x15b3, options=0x30000002, comp_mask=0x0}
gx10-6b41:61:71 [0] NCCL INFO NET/IB: Subnet-aware routing: overriding dev 2 with dev 3
gx10-6b41:61:71 [0] NCCL INFO NET/IB: ncclIbReceiverQpsCreateToRts: QP created: port=1 dev=3 devName=roceP2p1s0f1 ndevs=4 nmdevs=4 qp_num=2375 pkey=0 pd=0xeae9042b4a70 oooRq=0
gx10-6b41:61:71 [0] NCCL INFO NET/IB: ncclIbReceiverQpsCreateToRts: Flush QP created: port=1 dev=3 devName=roceP2p1s0f1 ndevs=4 nmdevs=4 qp_num=2376 pkey=0 pd=0xeae9042b4a70
gx10-6b41:61:71 [0] NCCL INFO NET/IB: Subnet-aware routing: overriding dev 3 with dev 2
gx10-6b41:61:71 [0] NCCL INFO NET/IB: ncclIbResiliencyInit: Resiliency is disabled on the recv communicator (comm=0xeae8f024d000)
gx10-6b41:61:71 [0] NCCL INFO NET/IB: ncclIbRecvCommInit: Receive work requests will be posted on-demand
gx10-6b41:61:71 [0] NCCL INFO NET/IB: Subnet-aware routing: overriding dev 1 with dev 0
gx10-6b41:61:71 [0] NCCL INFO NET/IB: ncclIbSenderQpsToRts: Set ECE: IbDev 0 Port 1 qp_num 40725 set_ece={supported=1, vendor_id=0x15b3, options=0x30000002, comp_mask=0x0}
gx10-6b41:61:71 [0] NCCL INFO NET/IB: ncclIbSenderQpsToRts: Set ECE: IbDev 2 Port 1 qp_num 1962 set_ece={supported=1, vendor_id=0x15b3, options=0x30000002, comp_mask=0x0}
gx10-6b41:61:71 [0] NCCL INFO NET/IB: Subnet-aware routing: overriding dev 3 with dev 2
gx10-6b41:61:71 [0] NCCL INFO NET/IB: ncclIbSenderQpsCreate: QP created: port=1 dev=2 devName=roceP2p1s0f0 ndevs=4 nmdevs=4 qp_num=1963 pkey=0 pd=0xeae9040c80d0 oooRq=0
gx10-6b41:61:71 [0] NCCL INFO NET/IB: ncclIbConnectImpl: NCCL Dev 2 IbDev 2 Port 1 qp_num 1963 mtu 5 GID 3 (0/26FA8C0FFFF0000) ctsFifoRkey=0x18a69d ctsFifoLkey=0x18a69d
gx10-6b41:61:71 [0] NCCL INFO NET/IB: ncclIbConnectImpl: IbDev 2 Port 1 qp_num 1963 query_ece={supported=1, vendor_id=0x15b3, options=0x30000002, comp_mask=0x0}
gx10-6b41:61:71 [0] NCCL INFO NET/IB: ncclIbReceiverQpsCreateToRts: QP created: port=1 dev=3 devName=roceP2p1s0f1 ndevs=4 nmdevs=4 qp_num=2377 pkey=0 pd=0xeae9042b4a70 oooRq=0
gx10-6b41:61:71 [0] NCCL INFO NET/IB: ncclIbReceiverQpsCreateToRts: Flush QP created: port=1 dev=3 devName=roceP2p1s0f1 ndevs=4 nmdevs=4 qp_num=2378 pkey=0 pd=0xeae9042b4a70
gx10-6b41:61:71 [0] NCCL INFO NET/IB: Subnet-aware routing: overriding dev 3 with dev 2
gx10-6b41:61:71 [0] NCCL INFO NET/IB: Subnet-aware routing: overriding dev 3 with dev 2
gx10-6b41:61:71 [0] NCCL INFO NET/IB: Subnet-aware routing: overriding dev 3 with dev 2
gx10-6b41:61:71 [0] NCCL INFO NET/IB: Subnet-aware routing: overriding dev 3 with dev 2
gx10-6b41:61:71 [0] NCCL INFO NET/IB: Subnet-aware routing: overriding dev 3 with dev 2
gx10-6b41:61:71 [0] NCCL INFO NET/IB: Subnet-aware routing: overriding dev 3 with dev 2
gx10-6b41:61:71 [0] NCCL INFO NET/IB: Subnet-aware routing: overriding dev 3 with dev 2
gx10-6b41:61:71 [0] NCCL INFO NET/IB: Subnet-aware routing: overriding dev 3 with dev 2
gx10-6b41:61:71 [0] NCCL INFO NET/IB: Subnet-aware routing: overriding dev 3 with dev 2
gx10-6b41:61:71 [0] NCCL INFO NET/IB: Subnet-aware routing: overriding dev 3 with dev 2
gx10-6b41:61:71 [0] NCCL INFO NET/IB: Subnet-aware routing: overriding dev 3 with dev 2
gx10-6b41:61:71 [0] NCCL INFO NET/IB: Subnet-aware routing: overriding dev 3 with dev 2
gx10-6b41:61:71 [0] NCCL INFO NET/IB: Subnet-aware routing: overriding dev 3 with dev 2
gx10-6b41:61:71 [0] NCCL INFO NET/IB: ncclIbSenderQpsToRts: Set ECE: IbDev 2 Port 1 qp_num 1963 set_ece={supported=1, vendor_id=0x15b3, options=0x30000002, comp_mask=0x0}
gx10-6b41:61:61 [0] NCCL INFO Connected all rings, use ring PXN 0 GDR 0
