########## NCCL_DEBUG from sparkmain ##########
node0:64:64 [0] NCCL INFO ncclOsDlopen(libnccl-env.so) failed: libnccl-env.so: cannot open shared object file: No such file or directory
node0:64:64 [0] NCCL INFO ENV/Plugin: Could not find: libnccl-env.so
node0:64:64 [0] NCCL INFO NCCL_SOCKET_IFNAME set by environment to wlP9s9
node0:64:64 [0] NCCL INFO NCCL_SOCKET_IFNAME set to wlP9s9
node0:64:68 [0] NCCL INFO Socket handshake magic 0x564ab9f2fc4b9d6c (built-in default)
node0:64:64 [0] NCCL INFO cudaDriverVersion 13000
node0:64:64 [0] NCCL INFO NCCL version 2.30.7+cuda13.3
node0:64:64 [0] NCCL INFO NCCL git version HEAD a5187fa2e
node0:64:64 [0] NCCL INFO Comm config nvlinkCentricSched set to 1
node0:64:64 [0] NCCL INFO NCCL_NET_PLUGIN set by environment to none
node0:64:64 [0] NCCL INFO NCCL_IB_DISABLE set by environment to 0.
node0:64:64 [0] NCCL INFO dlvsym failed on mlx5dv_get_data_direct_sysfs_path - /lib/aarch64-linux-gnu/libmlx5.so: undefined symbol: mlx5dv_get_data_direct_sysfs_path, version MLX5_1.25 version MLX5_1.25
node0:64:64 [0] NCCL INFO dlvsym failed on mlx5dv_reg_dmabuf_mr - /lib/aarch64-linux-gnu/libmlx5.so: undefined symbol: mlx5dv_reg_dmabuf_mr, version MLX5_1.25 version MLX5_1.25
node0:64:64 [0] NCCL INFO NCCL_SOCKET_IFNAME set by environment to wlP9s9
node0:64:64 [0] NCCL INFO NCCL_IB_HCA set to =rocep1s0f0,roceP2p1s0f0,rocep1s0f1,roceP2p1s0f1
node0:64:64 [0] NCCL INFO NET/IB: [0] rocep1s0f0:uverbs0:1/RoCE provider=Mlx5 speed=200000 context=0xbd8890044730 pciPath=/sys/devices/pci0000:00/0000:00:00.0/0000:01:00.0 ar=0 oooRqSize=0
node0:64:64 [0] NCCL INFO NET/IB: [1] rocep1s0f1:uverbs1:1/RoCE provider=Mlx5 speed=200000 context=0xbd8890085d80 pciPath=/sys/devices/pci0000:00/0000:00:00.0/0000:01:00.0 ar=0 oooRqSize=0
node0:64:64 [0] NCCL INFO NET/IB: [2] roceP2p1s0f0:uverbs2:1/RoCE provider=Mlx5 speed=200000 context=0xbd88900c73d0 pciPath=/sys/devices/pci0002:00/0002:00:00.0/0002:01:00.0 ar=0 oooRqSize=0
node0:64:64 [0] NCCL INFO NET/IB: [3] roceP2p1s0f1:uverbs3:1/RoCE provider=Mlx5 speed=200000 context=0xbd8890108a20 pciPath=/sys/devices/pci0002:00/0002:00:00.0/0002:01:00.0 ar=0 oooRqSize=0
node0:64:64 [0] NCCL INFO NCCL_IB_MERGE_NICS set by environment to 0.
node0:64:64 [0] NCCL INFO NET/IB : Made virtual device [0] name=rocep1s0f0 speed=200000 ndevs=1 rail=-1 plane=-1
node0:64:64 [0] NCCL INFO NET/IB : Made virtual device [1] name=rocep1s0f1 speed=200000 ndevs=1 rail=-1 plane=-1
node0:64:64 [0] NCCL INFO NET/IB : Made virtual device [2] name=roceP2p1s0f0 speed=200000 ndevs=1 rail=-1 plane=-1
node0:64:64 [0] NCCL INFO NET/IB : Made virtual device [3] name=roceP2p1s0f1 speed=200000 ndevs=1 rail=-1 plane=-1
node0:64:64 [0] NCCL INFO NET/IB : Using [0]rocep1s0f0:1/RoCE [1]rocep1s0f1:1/RoCE [2]roceP2p1s0f0:1/RoCE [3]roceP2p1s0f1:1/RoCE [RO]; OOB wlP9s9:192.168.10.1<0>
node0:64:64 [0] NCCL INFO Initialized NET plugin IB
node0:64:64 [0] NCCL INFO Assigned NET plugin IB to comm
node0:64:64 [0] NCCL INFO ncclOsDlopen(libnccl-rma.so) failed: libnccl-rma.so: cannot open shared object file: No such file or directory
node0:64:64 [0] NCCL INFO RMA/Plugin: Could not find: libnccl-rma.so
node0:64:64 [0] NCCL INFO RMA/Plugin: Failed to load external plugin libnccl-rma.so, dlHandle: (nil), ncclRma: (nil)
node0:64:64 [0] NCCL INFO RMA/Plugin: Assigned plugin RMA_IB_PROXY to comm
node0:64:64 [0] NCCL INFO ncclOsDlopen(libnccl-gin.so) failed: libnccl-gin.so: cannot open shared object file: No such file or directory
node0:64:64 [0] NCCL INFO GIN/Plugin: Could not find: libnccl-gin.so
node0:64:64 [0] NCCL INFO GIN/Plugin: Failed to load external plugin libnccl-gin.so, dlHandle: (nil), ncclGin: (nil)
node0:64:64 [0] NCCL INFO GIN/Plugin: Assigned plugin GIN_IB_GDAKI type 3 to comm
node0:64:64 [0] NCCL INFO Using network IB
node0:64:64 [0] NCCL INFO Loaded NVML from libnvidia-ml.so.1
node0:64:64 [0] NCCL INFO [Rank 0] ncclCommInitRankConfig comm 0xbd888d590260 rank 0 nranks 3 cudaDev 0 nvmlDev 0 busId f01000 commId 0x59db66a3bb61896a - Init START
node0:64:64 [0] NCCL INFO RAS client listening socket at 127.0.0.1<28028>
node0:64:64 [0] NCCL INFO Topology detection: could not read /sys/devices/system/node/node4294967295/cpumap, using empty affinity
node0:64:64 [0] NCCL INFO TOPO/NET : Importing network plugins to topology
node0:64:64 [0] NCCL INFO NET/GIN_IB_GDAKI : GPU Direct RDMA Disabled for HCA 0 'rocep1s0f0'
node0:64:64 [0] NCCL INFO ncclTopoPopulateNics : Filled rocep1s0f0 in topo with pciPath=/sys/devices/pci0000:00/0000:00:00.0/0000:01:00.0 net=0 gin=1 rma=(null) keep=1 coll=(null) rail=-1 plane=-1
node0:64:64 [0] NCCL INFO NET/GIN_IB_GDAKI : GPU Direct RDMA Disabled for HCA 1 'rocep1s0f1'
node0:64:64 [0] NCCL INFO ncclTopoPopulateNics : Filled rocep1s0f1 in topo with pciPath=/sys/devices/pci0000:00/0000:00:00.0/0000:01:00.0 net=0 gin=1 rma=(null) keep=1 coll=(null) rail=-1 plane=-1
node0:64:64 [0] NCCL INFO NET/GIN_IB_GDAKI : GPU Direct RDMA Disabled for HCA 2 'roceP2p1s0f0'
node0:64:64 [0] NCCL INFO ncclTopoPopulateNics : Filled roceP2p1s0f0 in topo with pciPath=/sys/devices/pci0002:00/0002:00:00.0/0002:01:00.0 net=0 gin=1 rma=(null) keep=1 coll=(null) rail=-1 plane=-1
node0:64:64 [0] NCCL INFO NET/GIN_IB_GDAKI : GPU Direct RDMA Disabled for HCA 3 'roceP2p1s0f1'
node0:64:64 [0] NCCL INFO ncclTopoPopulateNics : Filled roceP2p1s0f1 in topo with pciPath=/sys/devices/pci0002:00/0002:00:00.0/0002:01:00.0 net=0 gin=1 rma=(null) keep=1 coll=(null) rail=-1 plane=-1
node0:64:64 [0] NCCL INFO NET/RMA_IB_PROXY : GPU Direct RDMA Disabled for HCA 0 'rocep1s0f0'
node0:64:64 [0] NCCL INFO ncclTopoPopulateNics : Filled rocep1s0f0 in topo with pciPath=/sys/devices/pci0000:00/0000:00:00.0/0000:01:00.0 net=0 gin=1 rma=1 keep=1 coll=(null) rail=-1 plane=-1
node0:64:64 [0] NCCL INFO NET/RMA_IB_PROXY : GPU Direct RDMA Disabled for HCA 1 'rocep1s0f1'
node0:64:64 [0] NCCL INFO ncclTopoPopulateNics : Filled rocep1s0f1 in topo with pciPath=/sys/devices/pci0000:00/0000:00:00.0/0000:01:00.0 net=0 gin=1 rma=1 keep=1 coll=(null) rail=-1 plane=-1
node0:64:64 [0] NCCL INFO NET/RMA_IB_PROXY : GPU Direct RDMA Disabled for HCA 2 'roceP2p1s0f0'
node0:64:64 [0] NCCL INFO ncclTopoPopulateNics : Filled roceP2p1s0f0 in topo with pciPath=/sys/devices/pci0002:00/0002:00:00.0/0002:01:00.0 net=0 gin=1 rma=1 keep=1 coll=(null) rail=-1 plane=-1
node0:64:64 [0] NCCL INFO NET/RMA_IB_PROXY : GPU Direct RDMA Disabled for HCA 3 'roceP2p1s0f1'
node0:64:64 [0] NCCL INFO ncclTopoPopulateNics : Filled roceP2p1s0f1 in topo with pciPath=/sys/devices/pci0002:00/0002:00:00.0/0002:01:00.0 net=0 gin=1 rma=1 keep=1 coll=(null) rail=-1 plane=-1
node0:64:64 [0] NCCL INFO NET/IB : GPU Direct RDMA Disabled for HCA 0 'rocep1s0f0'
node0:64:64 [0] NCCL INFO ncclTopoPopulateNics : Filled rocep1s0f0 in topo with pciPath=/sys/devices/pci0000:00/0000:00:00.0/0000:01:00.0 net=1 gin=1 rma=1 keep=1 coll=(null) rail=-1 plane=-1
node0:64:64 [0] NCCL INFO NET/IB : GPU Direct RDMA Disabled for HCA 1 'rocep1s0f1'
node0:64:64 [0] NCCL INFO ncclTopoPopulateNics : Filled rocep1s0f1 in topo with pciPath=/sys/devices/pci0000:00/0000:00:00.0/0000:01:00.0 net=1 gin=1 rma=1 keep=1 coll=(null) rail=-1 plane=-1
node0:64:64 [0] NCCL INFO NET/IB : GPU Direct RDMA Disabled for HCA 2 'roceP2p1s0f0'
node0:64:64 [0] NCCL INFO ncclTopoPopulateNics : Filled roceP2p1s0f0 in topo with pciPath=/sys/devices/pci0002:00/0002:00:00.0/0002:01:00.0 net=1 gin=1 rma=1 keep=1 coll=(null) rail=-1 plane=-1
node0:64:64 [0] NCCL INFO NET/IB : GPU Direct RDMA Disabled for HCA 3 'roceP2p1s0f1'
node0:64:64 [0] NCCL INFO ncclTopoPopulateNics : Filled roceP2p1s0f1 in topo with pciPath=/sys/devices/pci0002:00/0002:00:00.0/0002:01:00.0 net=1 gin=1 rma=1 keep=1 coll=(null) rail=-1 plane=-1
node0:64:64 [0] NCCL INFO NET/IB : Skipping makeVDevice, NCCL_IB_MERGE_NICS=0
node0:64:64 [0] NCCL INFO TOPO/NET : Tried merging multiple devices together and failed. vProps={ndevs=2, devs=[0 1 0 0]}. Set NCCL_NET_MERGE_LEVEL=LOC to disable NIC fusion.
node0:64:64 [0] NCCL INFO Marking physical devices as unplaced, increasing distance and restarting search.
node0:64:64 [0] NCCL INFO NET/IB : Skipping makeVDevice, NCCL_IB_MERGE_NICS=0
node0:64:64 [0] NCCL INFO TOPO/NET : Tried merging multiple devices together and failed. vProps={ndevs=2, devs=[2 3 0 0]}. Set NCCL_NET_MERGE_LEVEL=LOC to disable NIC fusion.
node0:64:64 [0] NCCL INFO Marking physical devices as unplaced, increasing distance and restarting search.
node0:64:64 [0] NCCL INFO === System : maxBw 12.0 totalBw 0.2 ===
node0:64:64 [0] NCCL INFO CPU/0-ffffffffffffff (3/-1/-1)
node0:64:64 [0] NCCL INFO + C2C[345.0] - DEV/0-f01000
node0:64:64 [0] NCCL INFO + PCI[12.0] - NIC/0-1000
node0:64:64 [0] NCCL INFO               + NET[25.0] - NET/0-0 (0/a25f2e000347bb4c/1/25.000000)
node0:64:64 [0] NCCL INFO               + NET[25.0] - GIN/0-0
node0:64:64 [0] NCCL INFO               + NET[25.0] - RMA/0-0
node0:64:64 [0] NCCL INFO               + NET[25.0] - NET/0-1 (0/a25f2e000347bb4c/2/25.000000)
node0:64:64 [0] NCCL INFO               + NET[25.0] - GIN/0-1
node0:64:64 [0] NCCL INFO               + NET[25.0] - RMA/0-1
node0:64:64 [0] NCCL INFO + PCI[12.0] - NIC/0-201000
node0:64:64 [0] NCCL INFO               + NET[25.0] - NET/0-2 (0/a25f2e000347bb4c/1/25.000000)
node0:64:64 [0] NCCL INFO               + NET[25.0] - GIN/0-2
node0:64:64 [0] NCCL INFO               + NET[25.0] - RMA/0-2
node0:64:64 [0] NCCL INFO               + NET[25.0] - NET/0-3 (0/a25f2e000347bb4c/2/25.000000)
node0:64:64 [0] NCCL INFO               + NET[25.0] - GIN/0-3
node0:64:64 [0] NCCL INFO               + NET[25.0] - RMA/0-3
node0:64:64 [0] NCCL INFO + PCI[0.2] - DEV/0-f01000 (10de2e1210de0000)
node0:64:64 [0] NCCL INFO              + LOC[5000.0] - GPU/0-f01000
node0:64:64 [0] NCCL INFO              + C2C[345.0] - CPU/0-ffffffffffffff
node0:64:64 [0] NCCL INFO ==========================================
node0:64:64 [0] NCCL INFO GPU/0-f01000 :GPU/0-f01000 (0/5000.0/LOC) CPU/0-ffffffffffffff (2/345.0/C2C) NET/0-0 (4/12.0/P2C) NET/0-1 (4/12.0/P2C) NET/0-2 (4/12.0/P2C) NET/0-3 (4/12.0/P2C) GIN/0-0 (4/12.0/PHB) GIN/0-1 (4/12.0/PHB) GIN/0-2 (4/12.0/PHB) GIN/0-3 (4/12.0/PHB) RMA/0-0 (4/12.0/PHB) RMA/0-1 (4/12.0/PHB) RMA/0-2 (4/12.0/PHB) RMA/0-3 (4/12.0/PHB) DEV/0-f01000 (1/5000.0/LOC) 
node0:64:64 [0] NCCL INFO NET/0-0 :GPU/0-f01000 (4/12.0/P2C) CPU/0-ffffffffffffff (2/12.0/PHB) NET/0-0 (0/5000.0/LOC) NET/0-1 (2/25.0/LOC) NET/0-2 (4/12.0/PHB) NET/0-3 (4/12.0/PHB) GIN/0-0 (2/25.0/LOC) GIN/0-1 (2/25.0/LOC) GIN/0-2 (4/12.0/PHB) GIN/0-3 (4/12.0/PHB) RMA/0-0 (2/25.0/LOC) RMA/0-1 (2/25.0/LOC) RMA/0-2 (4/12.0/PHB) RMA/0-3 (4/12.0/PHB) DEV/0-f01000 (3/12.0/PHB) 
node0:64:64 [0] NCCL INFO NET/0-1 :GPU/0-f01000 (4/12.0/P2C) CPU/0-ffffffffffffff (2/12.0/PHB) NET/0-0 (2/25.0/LOC) NET/0-1 (0/5000.0/LOC) NET/0-2 (4/12.0/PHB) NET/0-3 (4/12.0/PHB) GIN/0-0 (2/25.0/LOC) GIN/0-1 (2/25.0/LOC) GIN/0-2 (4/12.0/PHB) GIN/0-3 (4/12.0/PHB) RMA/0-0 (2/25.0/LOC) RMA/0-1 (2/25.0/LOC) RMA/0-2 (4/12.0/PHB) RMA/0-3 (4/12.0/PHB) DEV/0-f01000 (3/12.0/PHB) 
node0:64:64 [0] NCCL INFO NET/0-2 :GPU/0-f01000 (4/12.0/P2C) CPU/0-ffffffffffffff (2/12.0/PHB) NET/0-0 (4/12.0/PHB) NET/0-1 (4/12.0/PHB) NET/0-2 (0/5000.0/LOC) NET/0-3 (2/25.0/LOC) GIN/0-0 (4/12.0/PHB) GIN/0-1 (4/12.0/PHB) GIN/0-2 (2/25.0/LOC) GIN/0-3 (2/25.0/LOC) RMA/0-0 (4/12.0/PHB) RMA/0-1 (4/12.0/PHB) RMA/0-2 (2/25.0/LOC) RMA/0-3 (2/25.0/LOC) DEV/0-f01000 (3/12.0/PHB) 
node0:64:64 [0] NCCL INFO NET/0-3 :GPU/0-f01000 (4/12.0/P2C) CPU/0-ffffffffffffff (2/12.0/PHB) NET/0-0 (4/12.0/PHB) NET/0-1 (4/12.0/PHB) NET/0-2 (2/25.0/LOC) NET/0-3 (0/5000.0/LOC) GIN/0-0 (4/12.0/PHB) GIN/0-1 (4/12.0/PHB) GIN/0-2 (2/25.0/LOC) GIN/0-3 (2/25.0/LOC) RMA/0-0 (4/12.0/PHB) RMA/0-1 (4/12.0/PHB) RMA/0-2 (2/25.0/LOC) RMA/0-3 (2/25.0/LOC) DEV/0-f01000 (3/12.0/PHB) 
node0:64:64 [0] NCCL INFO GIN/0-0 :GPU/0-f01000 (4/12.0/PHB) CPU/0-ffffffffffffff (2/12.0/PHB) NET/0-0 (2/25.0/LOC) NET/0-1 (2/25.0/LOC) NET/0-2 (4/12.0/PHB) NET/0-3 (4/12.0/PHB) GIN/0-0 (0/5000.0/LOC) GIN/0-1 (2/25.0/LOC) GIN/0-2 (4/12.0/PHB) GIN/0-3 (4/12.0/PHB) RMA/0-0 (2/25.0/LOC) RMA/0-1 (2/25.0/LOC) RMA/0-2 (4/12.0/PHB) RMA/0-3 (4/12.0/PHB) DEV/0-f01000 (3/12.0/PHB) 
node0:64:64 [0] NCCL INFO GIN/0-1 :GPU/0-f01000 (4/12.0/PHB) CPU/0-ffffffffffffff (2/12.0/PHB) NET/0-0 (2/25.0/LOC) NET/0-1 (2/25.0/LOC) NET/0-2 (4/12.0/PHB) NET/0-3 (4/12.0/PHB) GIN/0-0 (2/25.0/LOC) GIN/0-1 (0/5000.0/LOC) GIN/0-2 (4/12.0/PHB) GIN/0-3 (4/12.0/PHB) RMA/0-0 (2/25.0/LOC) RMA/0-1 (2/25.0/LOC) RMA/0-2 (4/12.0/PHB) RMA/0-3 (4/12.0/PHB) DEV/0-f01000 (3/12.0/PHB) 
node0:64:64 [0] NCCL INFO GIN/0-2 :GPU/0-f01000 (4/12.0/PHB) CPU/0-ffffffffffffff (2/12.0/PHB) NET/0-0 (4/12.0/PHB) NET/0-1 (4/12.0/PHB) NET/0-2 (2/25.0/LOC) NET/0-3 (2/25.0/LOC) GIN/0-0 (4/12.0/PHB) GIN/0-1 (4/12.0/PHB) GIN/0-2 (0/5000.0/LOC) GIN/0-3 (2/25.0/LOC) RMA/0-0 (4/12.0/PHB) RMA/0-1 (4/12.0/PHB) RMA/0-2 (2/25.0/LOC) RMA/0-3 (2/25.0/LOC) DEV/0-f01000 (3/12.0/PHB) 
node0:64:64 [0] NCCL INFO GIN/0-3 :GPU/0-f01000 (4/12.0/PHB) CPU/0-ffffffffffffff (2/12.0/PHB) NET/0-0 (4/12.0/PHB) NET/0-1 (4/12.0/PHB) NET/0-2 (2/25.0/LOC) NET/0-3 (2/25.0/LOC) GIN/0-0 (4/12.0/PHB) GIN/0-1 (4/12.0/PHB) GIN/0-2 (2/25.0/LOC) GIN/0-3 (0/5000.0/LOC) RMA/0-0 (4/12.0/PHB) RMA/0-1 (4/12.0/PHB) RMA/0-2 (2/25.0/LOC) RMA/0-3 (2/25.0/LOC) DEV/0-f01000 (3/12.0/PHB) 
node0:64:64 [0] NCCL INFO RMA/0-0 :GPU/0-f01000 (4/12.0/PHB) CPU/0-ffffffffffffff (2/12.0/PHB) NET/0-0 (2/25.0/LOC) NET/0-1 (2/25.0/LOC) NET/0-2 (4/12.0/PHB) NET/0-3 (4/12.0/PHB) GIN/0-0 (2/25.0/LOC) GIN/0-1 (2/25.0/LOC) GIN/0-2 (4/12.0/PHB) GIN/0-3 (4/12.0/PHB) RMA/0-0 (0/5000.0/LOC) RMA/0-1 (2/25.0/LOC) RMA/0-2 (4/12.0/PHB) RMA/0-3 (4/12.0/PHB) DEV/0-f01000 (3/12.0/PHB) 
node0:64:64 [0] NCCL INFO RMA/0-1 :GPU/0-f01000 (4/12.0/PHB) CPU/0-ffffffffffffff (2/12.0/PHB) NET/0-0 (2/25.0/LOC) NET/0-1 (2/25.0/LOC) NET/0-2 (4/12.0/PHB) NET/0-3 (4/12.0/PHB) GIN/0-0 (2/25.0/LOC) GIN/0-1 (2/25.0/LOC) GIN/0-2 (4/12.0/PHB) GIN/0-3 (4/12.0/PHB) RMA/0-0 (2/25.0/LOC) RMA/0-1 (0/5000.0/LOC) RMA/0-2 (4/12.0/PHB) RMA/0-3 (4/12.0/PHB) DEV/0-f01000 (3/12.0/PHB) 
node0:64:64 [0] NCCL INFO RMA/0-2 :GPU/0-f01000 (4/12.0/PHB) CPU/0-ffffffffffffff (2/12.0/PHB) NET/0-0 (4/12.0/PHB) NET/0-1 (4/12.0/PHB) NET/0-2 (2/25.0/LOC) NET/0-3 (2/25.0/LOC) GIN/0-0 (4/12.0/PHB) GIN/0-1 (4/12.0/PHB) GIN/0-2 (2/25.0/LOC) GIN/0-3 (2/25.0/LOC) RMA/0-0 (4/12.0/PHB) RMA/0-1 (4/12.0/PHB) RMA/0-2 (0/5000.0/LOC) RMA/0-3 (2/25.0/LOC) DEV/0-f01000 (3/12.0/PHB) 
node0:64:64 [0] NCCL INFO RMA/0-3 :GPU/0-f01000 (4/12.0/PHB) CPU/0-ffffffffffffff (2/12.0/PHB) NET/0-0 (4/12.0/PHB) NET/0-1 (4/12.0/PHB) NET/0-2 (2/25.0/LOC) NET/0-3 (2/25.0/LOC) GIN/0-0 (4/12.0/PHB) GIN/0-1 (4/12.0/PHB) GIN/0-2 (2/25.0/LOC) GIN/0-3 (2/25.0/LOC) RMA/0-0 (4/12.0/PHB) RMA/0-1 (4/12.0/PHB) RMA/0-2 (2/25.0/LOC) RMA/0-3 (0/5000.0/LOC) DEV/0-f01000 (3/12.0/PHB) 
node0:64:64 [0] NCCL INFO ncclTopoGetCpuAffinity: Affinity for GPU 0 is empty, ignoring. (GPU affinity =  ; CPU affinity = 0-19).
node0:64:64 [0] NCCL INFO Pattern 4, crossNic 0, nChannels 32, bw 0.240000/0.240000, type LOC/P2C, sameChannels 1
node0:64:64 [0] NCCL INFO  0 : NET/0-0 GPU/0-f01000 NET/0-0
node0:64:64 [0] NCCL INFO  1 : NET/0-1 GPU/0-f01000 NET/0-1
node0:64:64 [0] NCCL INFO  2 : NET/0-2 GPU/0-f01000 NET/0-0
node0:64:64 [0] NCCL INFO  3 : NET/0-3 GPU/0-f01000 NET/0-1
node0:64:64 [0] NCCL INFO  4 : NET/0-0 GPU/0-f01000 NET/0-0
node0:64:64 [0] NCCL INFO  5 : NET/0-1 GPU/0-f01000 NET/0-1
node0:64:64 [0] NCCL INFO  6 : NET/0-2 GPU/0-f01000 NET/0-0
node0:64:64 [0] NCCL INFO  7 : NET/0-3 GPU/0-f01000 NET/0-1
node0:64:64 [0] NCCL INFO  8 : NET/0-0 GPU/0-f01000 NET/0-0
node0:64:64 [0] NCCL INFO  9 : NET/0-1 GPU/0-f01000 NET/0-1
node0:64:64 [0] NCCL INFO 10 : NET/0-2 GPU/0-f01000 NET/0-0
node0:64:64 [0] NCCL INFO 11 : NET/0-3 GPU/0-f01000 NET/0-1
node0:64:64 [0] NCCL INFO 12 : NET/0-0 GPU/0-f01000 NET/0-0
node0:64:64 [0] NCCL INFO 13 : NET/0-1 GPU/0-f01000 NET/0-1
node0:64:64 [0] NCCL INFO 14 : NET/0-2 GPU/0-f01000 NET/0-0
node0:64:64 [0] NCCL INFO 15 : NET/0-3 GPU/0-f01000 NET/0-1
node0:64:64 [0] NCCL INFO 16 : NET/0-0 GPU/0-f01000 NET/0-0
node0:64:64 [0] NCCL INFO 17 : NET/0-1 GPU/0-f01000 NET/0-1
node0:64:64 [0] NCCL INFO 18 : NET/0-2 GPU/0-f01000 NET/0-0
node0:64:64 [0] NCCL INFO 19 : NET/0-3 GPU/0-f01000 NET/0-1
node0:64:64 [0] NCCL INFO 20 : NET/0-0 GPU/0-f01000 NET/0-0
node0:64:64 [0] NCCL INFO 21 : NET/0-1 GPU/0-f01000 NET/0-1
node0:64:64 [0] NCCL INFO 22 : NET/0-2 GPU/0-f01000 NET/0-0
node0:64:64 [0] NCCL INFO 23 : NET/0-3 GPU/0-f01000 NET/0-1
node0:64:64 [0] NCCL INFO 24 : NET/0-0 GPU/0-f01000 NET/0-0
node0:64:64 [0] NCCL INFO 25 : NET/0-1 GPU/0-f01000 NET/0-1
node0:64:64 [0] NCCL INFO 26 : NET/0-2 GPU/0-f01000 NET/0-0
node0:64:64 [0] NCCL INFO 27 : NET/0-3 GPU/0-f01000 NET/0-1
node0:64:64 [0] NCCL INFO 28 : NET/0-0 GPU/0-f01000 NET/0-0
node0:64:64 [0] NCCL INFO 29 : NET/0-1 GPU/0-f01000 NET/0-1
node0:64:64 [0] NCCL INFO 30 : NET/0-2 GPU/0-f01000 NET/0-0
node0:64:64 [0] NCCL INFO 31 : NET/0-3 GPU/0-f01000 NET/0-1
node0:64:64 [0] NCCL INFO Pattern 3, crossNic 0, nChannels 32, bw 0.240000/0.120000, type LOC/P2C, sameChannels 1
node0:64:64 [0] NCCL INFO  0 : NET/0-0 GPU/0-f01000 NET/0-0
node0:64:64 [0] NCCL INFO  1 : NET/0-1 GPU/0-f01000 NET/0-1
node0:64:64 [0] NCCL INFO  2 : NET/0-2 GPU/0-f01000 NET/0-2
node0:64:64 [0] NCCL INFO  3 : NET/0-3 GPU/0-f01000 NET/0-3
node0:64:64 [0] NCCL INFO  4 : NET/0-0 GPU/0-f01000 NET/0-0
node0:64:64 [0] NCCL INFO  5 : NET/0-1 GPU/0-f01000 NET/0-1
node0:64:64 [0] NCCL INFO  6 : NET/0-2 GPU/0-f01000 NET/0-2
node0:64:64 [0] NCCL INFO  7 : NET/0-3 GPU/0-f01000 NET/0-3
node0:64:64 [0] NCCL INFO  8 : NET/0-0 GPU/0-f01000 NET/0-0
node0:64:64 [0] NCCL INFO  9 : NET/0-1 GPU/0-f01000 NET/0-1
node0:64:64 [0] NCCL INFO 10 : NET/0-2 GPU/0-f01000 NET/0-2
node0:64:64 [0] NCCL INFO 11 : NET/0-3 GPU/0-f01000 NET/0-3
node0:64:64 [0] NCCL INFO 12 : NET/0-0 GPU/0-f01000 NET/0-0
node0:64:64 [0] NCCL INFO 13 : NET/0-1 GPU/0-f01000 NET/0-1
node0:64:64 [0] NCCL INFO 14 : NET/0-2 GPU/0-f01000 NET/0-2
node0:64:64 [0] NCCL INFO 15 : NET/0-3 GPU/0-f01000 NET/0-3
node0:64:64 [0] NCCL INFO 16 : NET/0-0 GPU/0-f01000 NET/0-0
node0:64:64 [0] NCCL INFO 17 : NET/0-1 GPU/0-f01000 NET/0-1
node0:64:64 [0] NCCL INFO 18 : NET/0-2 GPU/0-f01000 NET/0-2
node0:64:64 [0] NCCL INFO 19 : NET/0-3 GPU/0-f01000 NET/0-3
node0:64:64 [0] NCCL INFO 20 : NET/0-0 GPU/0-f01000 NET/0-0
node0:64:64 [0] NCCL INFO 21 : NET/0-1 GPU/0-f01000 NET/0-1
node0:64:64 [0] NCCL INFO 22 : NET/0-2 GPU/0-f01000 NET/0-2
node0:64:64 [0] NCCL INFO 23 : NET/0-3 GPU/0-f01000 NET/0-3
node0:64:64 [0] NCCL INFO 24 : NET/0-0 GPU/0-f01000 NET/0-0
node0:64:64 [0] NCCL INFO 25 : NET/0-1 GPU/0-f01000 NET/0-1
node0:64:64 [0] NCCL INFO 26 : NET/0-2 GPU/0-f01000 NET/0-2
node0:64:64 [0] NCCL INFO 27 : NET/0-3 GPU/0-f01000 NET/0-3
node0:64:64 [0] NCCL INFO 28 : NET/0-0 GPU/0-f01000 NET/0-0
node0:64:64 [0] NCCL INFO 29 : NET/0-1 GPU/0-f01000 NET/0-1
node0:64:64 [0] NCCL INFO 30 : NET/0-2 GPU/0-f01000 NET/0-2
node0:64:64 [0] NCCL INFO 31 : NET/0-3 GPU/0-f01000 NET/0-3
node0:64:64 [0] NCCL INFO Rank 0: 4 Net devices
node0:64:64 [0] NCCL INFO Rank 0: 0 CollNet devices
node0:64:64 [0] NCCL INFO Local Net device counts across ranks: min 4 max 4
node0:64:64 [0] NCCL INFO Local CollNet device counts across ranks: min 0 max 0
node0:64:64 [0] NCCL INFO comm 0xbd888d590260 rank 0 nRanks 3 nNodes 3 localRanks 1 localRank 0 MNNVL 0
node0:64:64 [0] NCCL INFO Tree 0 : -1 -> 0 -> 2/-1/-1
node0:64:64 [0] NCCL INFO Tree 32 : 1 -> 0 -> 2/-1/-1
node0:64:64 [0] NCCL INFO Tree 1 : -1 -> 0 -> 2/-1/-1
node0:64:64 [0] NCCL INFO Tree 33 : 1 -> 0 -> 2/-1/-1
node0:64:64 [0] NCCL INFO Tree 2 : -1 -> 0 -> 2/-1/-1
node0:64:64 [0] NCCL INFO Tree 34 : 1 -> 0 -> 2/-1/-1
node0:64:64 [0] NCCL INFO Tree 3 : -1 -> 0 -> 2/-1/-1
node0:64:64 [0] NCCL INFO Tree 35 : 1 -> 0 -> 2/-1/-1
node0:64:64 [0] NCCL INFO Tree 4 : -1 -> 0 -> 2/-1/-1
node0:64:64 [0] NCCL INFO Tree 36 : 1 -> 0 -> 2/-1/-1
node0:64:64 [0] NCCL INFO Tree 5 : -1 -> 0 -> 2/-1/-1
node0:64:64 [0] NCCL INFO Tree 37 : 1 -> 0 -> 2/-1/-1
node0:64:64 [0] NCCL INFO Tree 6 : -1 -> 0 -> 2/-1/-1
node0:64:64 [0] NCCL INFO Tree 38 : 1 -> 0 -> 2/-1/-1
node0:64:64 [0] NCCL INFO Tree 7 : -1 -> 0 -> 2/-1/-1
node0:64:64 [0] NCCL INFO Tree 39 : 1 -> 0 -> 2/-1/-1
node0:64:64 [0] NCCL INFO Tree 8 : -1 -> 0 -> 2/-1/-1
node0:64:64 [0] NCCL INFO Tree 40 : 1 -> 0 -> 2/-1/-1
node0:64:64 [0] NCCL INFO Tree 9 : -1 -> 0 -> 2/-1/-1
node0:64:64 [0] NCCL INFO Tree 41 : 1 -> 0 -> 2/-1/-1
node0:64:64 [0] NCCL INFO Tree 10 : -1 -> 0 -> 2/-1/-1
node0:64:64 [0] NCCL INFO Tree 42 : 1 -> 0 -> 2/-1/-1
node0:64:64 [0] NCCL INFO Tree 11 : -1 -> 0 -> 2/-1/-1
node0:64:64 [0] NCCL INFO Tree 43 : 1 -> 0 -> 2/-1/-1
node0:64:64 [0] NCCL INFO Tree 12 : -1 -> 0 -> 2/-1/-1
node0:64:64 [0] NCCL INFO Tree 44 : 1 -> 0 -> 2/-1/-1
node0:64:64 [0] NCCL INFO Tree 13 : -1 -> 0 -> 2/-1/-1
node0:64:64 [0] NCCL INFO Tree 45 : 1 -> 0 -> 2/-1/-1
node0:64:64 [0] NCCL INFO Tree 14 : -1 -> 0 -> 2/-1/-1
node0:64:64 [0] NCCL INFO Tree 46 : 1 -> 0 -> 2/-1/-1
node0:64:64 [0] NCCL INFO Tree 15 : -1 -> 0 -> 2/-1/-1
node0:64:64 [0] NCCL INFO Tree 47 : 1 -> 0 -> 2/-1/-1
node0:64:64 [0] NCCL INFO Tree 16 : -1 -> 0 -> 2/-1/-1
node0:64:64 [0] NCCL INFO Tree 48 : 1 -> 0 -> 2/-1/-1
node0:64:64 [0] NCCL INFO Tree 17 : -1 -> 0 -> 2/-1/-1
node0:64:64 [0] NCCL INFO Tree 49 : 1 -> 0 -> 2/-1/-1
node0:64:64 [0] NCCL INFO Tree 18 : -1 -> 0 -> 2/-1/-1
node0:64:64 [0] NCCL INFO Tree 50 : 1 -> 0 -> 2/-1/-1
node0:64:64 [0] NCCL INFO Tree 19 : -1 -> 0 -> 2/-1/-1
node0:64:64 [0] NCCL INFO Tree 51 : 1 -> 0 -> 2/-1/-1
node0:64:64 [0] NCCL INFO Tree 20 : -1 -> 0 -> 2/-1/-1
node0:64:64 [0] NCCL INFO Tree 52 : 1 -> 0 -> 2/-1/-1
node0:64:64 [0] NCCL INFO Tree 21 : -1 -> 0 -> 2/-1/-1
node0:64:64 [0] NCCL INFO Tree 53 : 1 -> 0 -> 2/-1/-1
node0:64:64 [0] NCCL INFO Tree 22 : -1 -> 0 -> 2/-1/-1
node0:64:64 [0] NCCL INFO Tree 54 : 1 -> 0 -> 2/-1/-1
node0:64:64 [0] NCCL INFO Tree 23 : -1 -> 0 -> 2/-1/-1
node0:64:64 [0] NCCL INFO Tree 55 : 1 -> 0 -> 2/-1/-1
node0:64:64 [0] NCCL INFO Tree 24 : -1 -> 0 -> 2/-1/-1
node0:64:64 [0] NCCL INFO Tree 56 : 1 -> 0 -> 2/-1/-1
node0:64:64 [0] NCCL INFO Tree 25 : -1 -> 0 -> 2/-1/-1
node0:64:64 [0] NCCL INFO Tree 57 : 1 -> 0 -> 2/-1/-1
node0:64:64 [0] NCCL INFO Tree 26 : -1 -> 0 -> 2/-1/-1
node0:64:64 [0] NCCL INFO Tree 58 : 1 -> 0 -> 2/-1/-1
node0:64:64 [0] NCCL INFO Tree 27 : -1 -> 0 -> 2/-1/-1
node0:64:64 [0] NCCL INFO Tree 59 : 1 -> 0 -> 2/-1/-1
node0:64:64 [0] NCCL INFO Tree 28 : -1 -> 0 -> 2/-1/-1
node0:64:64 [0] NCCL INFO Tree 60 : 1 -> 0 -> 2/-1/-1
node0:64:64 [0] NCCL INFO Tree 29 : -1 -> 0 -> 2/-1/-1
node0:64:64 [0] NCCL INFO Tree 61 : 1 -> 0 -> 2/-1/-1
node0:64:64 [0] NCCL INFO Tree 30 : -1 -> 0 -> 2/-1/-1
node0:64:64 [0] NCCL INFO Tree 62 : 1 -> 0 -> 2/-1/-1
node0:64:64 [0] NCCL INFO Tree 31 : -1 -> 0 -> 2/-1/-1
node0:64:64 [0] NCCL INFO Tree 63 : 1 -> 0 -> 2/-1/-1
node0:64:64 [0] NCCL INFO Channel 00/64 : 0 1 2
node0:64:64 [0] NCCL INFO Channel 01/64 : 0 1 2
node0:64:64 [0] NCCL INFO Channel 02/64 : 0 1 2
node0:64:64 [0] NCCL INFO Channel 03/64 : 0 1 2
node0:64:64 [0] NCCL INFO Channel 04/64 : 0 1 2
node0:64:64 [0] NCCL INFO Channel 05/64 : 0 1 2
node0:64:64 [0] NCCL INFO Channel 06/64 : 0 1 2
node0:64:64 [0] NCCL INFO Channel 07/64 : 0 1 2
node0:64:64 [0] NCCL INFO Channel 08/64 : 0 1 2
node0:64:64 [0] NCCL INFO Channel 09/64 : 0 1 2
node0:64:64 [0] NCCL INFO Channel 10/64 : 0 1 2
node0:64:64 [0] NCCL INFO Channel 11/64 : 0 1 2
node0:64:64 [0] NCCL INFO Channel 12/64 : 0 1 2
node0:64:64 [0] NCCL INFO Channel 13/64 : 0 1 2
node0:64:64 [0] NCCL INFO Channel 14/64 : 0 1 2
node0:64:64 [0] NCCL INFO Channel 15/64 : 0 1 2
node0:64:64 [0] NCCL INFO Channel 16/64 : 0 1 2
node0:64:64 [0] NCCL INFO Channel 17/64 : 0 1 2
node0:64:64 [0] NCCL INFO Channel 18/64 : 0 1 2
node0:64:64 [0] NCCL INFO Channel 19/64 : 0 1 2
node0:64:64 [0] NCCL INFO Channel 20/64 : 0 1 2
node0:64:64 [0] NCCL INFO Channel 21/64 : 0 1 2
node0:64:64 [0] NCCL INFO Channel 22/64 : 0 1 2
node0:64:64 [0] NCCL INFO Channel 23/64 : 0 1 2
node0:64:64 [0] NCCL INFO Channel 24/64 : 0 1 2
node0:64:64 [0] NCCL INFO Channel 25/64 : 0 1 2
node0:64:64 [0] NCCL INFO Channel 26/64 : 0 1 2
node0:64:64 [0] NCCL INFO Channel 27/64 : 0 1 2
node0:64:64 [0] NCCL INFO Channel 28/64 : 0 1 2
node0:64:64 [0] NCCL INFO Channel 29/64 : 0 1 2
node0:64:64 [0] NCCL INFO Channel 30/64 : 0 1 2
node0:64:64 [0] NCCL INFO Channel 31/64 : 0 1 2
node0:64:64 [0] NCCL INFO Channel 32/64 : 0 1 2
node0:64:64 [0] NCCL INFO Channel 33/64 : 0 1 2
node0:64:64 [0] NCCL INFO Channel 34/64 : 0 1 2
node0:64:64 [0] NCCL INFO Channel 35/64 : 0 1 2
node0:64:64 [0] NCCL INFO Channel 36/64 : 0 1 2
node0:64:64 [0] NCCL INFO Channel 37/64 : 0 1 2
node0:64:64 [0] NCCL INFO Channel 38/64 : 0 1 2
node0:64:64 [0] NCCL INFO Channel 39/64 : 0 1 2
node0:64:64 [0] NCCL INFO Channel 40/64 : 0 1 2
node0:64:64 [0] NCCL INFO Channel 41/64 : 0 1 2
node0:64:64 [0] NCCL INFO Channel 42/64 : 0 1 2
node0:64:64 [0] NCCL INFO Channel 43/64 : 0 1 2
node0:64:64 [0] NCCL INFO Channel 44/64 : 0 1 2
node0:64:64 [0] NCCL INFO Channel 45/64 : 0 1 2
node0:64:64 [0] NCCL INFO Channel 46/64 : 0 1 2
node0:64:64 [0] NCCL INFO Channel 47/64 : 0 1 2
node0:64:64 [0] NCCL INFO Channel 48/64 : 0 1 2
node0:64:64 [0] NCCL INFO Channel 49/64 : 0 1 2
node0:64:64 [0] NCCL INFO Channel 50/64 : 0 1 2
node0:64:64 [0] NCCL INFO Channel 51/64 : 0 1 2
node0:64:64 [0] NCCL INFO Channel 52/64 : 0 1 2
node0:64:64 [0] NCCL INFO Channel 53/64 : 0 1 2
node0:64:64 [0] NCCL INFO Channel 54/64 : 0 1 2
node0:64:64 [0] NCCL INFO Channel 55/64 : 0 1 2
node0:64:64 [0] NCCL INFO Channel 56/64 : 0 1 2
node0:64:64 [0] NCCL INFO Channel 57/64 : 0 1 2
node0:64:64 [0] NCCL INFO Channel 58/64 : 0 1 2
node0:64:64 [0] NCCL INFO Channel 59/64 : 0 1 2
node0:64:64 [0] NCCL INFO Channel 60/64 : 0 1 2
node0:64:64 [0] NCCL INFO Channel 61/64 : 0 1 2
node0:64:64 [0] NCCL INFO Channel 62/64 : 0 1 2
node0:64:64 [0] NCCL INFO Channel 63/64 : 0 1 2
node0:64:64 [0] NCCL INFO Ring 00 : 2 -> 0 -> 1
node0:64:64 [0] NCCL INFO Ring 01 : 2 -> 0 -> 1
node0:64:64 [0] NCCL INFO Ring 02 : 2 -> 0 -> 1
node0:64:64 [0] NCCL INFO Ring 03 : 2 -> 0 -> 1
node0:64:64 [0] NCCL INFO Ring 04 : 2 -> 0 -> 1
node0:64:64 [0] NCCL INFO Ring 05 : 2 -> 0 -> 1
node0:64:64 [0] NCCL INFO Ring 06 : 2 -> 0 -> 1
node0:64:64 [0] NCCL INFO Ring 07 : 2 -> 0 -> 1
node0:64:64 [0] NCCL INFO Ring 08 : 2 -> 0 -> 1
node0:64:64 [0] NCCL INFO Ring 09 : 2 -> 0 -> 1
node0:64:64 [0] NCCL INFO Ring 10 : 2 -> 0 -> 1
node0:64:64 [0] NCCL INFO Ring 11 : 2 -> 0 -> 1
node0:64:64 [0] NCCL INFO Ring 12 : 2 -> 0 -> 1
node0:64:64 [0] NCCL INFO Ring 13 : 2 -> 0 -> 1
node0:64:64 [0] NCCL INFO Ring 14 : 2 -> 0 -> 1
node0:64:64 [0] NCCL INFO Ring 15 : 2 -> 0 -> 1
node0:64:64 [0] NCCL INFO Ring 16 : 2 -> 0 -> 1
node0:64:64 [0] NCCL INFO Ring 17 : 2 -> 0 -> 1
node0:64:64 [0] NCCL INFO Ring 18 : 2 -> 0 -> 1
node0:64:64 [0] NCCL INFO Ring 19 : 2 -> 0 -> 1
node0:64:64 [0] NCCL INFO Ring 20 : 2 -> 0 -> 1
node0:64:64 [0] NCCL INFO Ring 21 : 2 -> 0 -> 1
node0:64:64 [0] NCCL INFO Ring 22 : 2 -> 0 -> 1
node0:64:64 [0] NCCL INFO Ring 23 : 2 -> 0 -> 1
node0:64:64 [0] NCCL INFO Ring 24 : 2 -> 0 -> 1
node0:64:64 [0] NCCL INFO Ring 25 : 2 -> 0 -> 1
node0:64:64 [0] NCCL INFO Ring 26 : 2 -> 0 -> 1
node0:64:64 [0] NCCL INFO Ring 27 : 2 -> 0 -> 1
node0:64:64 [0] NCCL INFO Ring 28 : 2 -> 0 -> 1
node0:64:64 [0] NCCL INFO Ring 29 : 2 -> 0 -> 1
node0:64:64 [0] NCCL INFO Ring 30 : 2 -> 0 -> 1
node0:64:64 [0] NCCL INFO Ring 31 : 2 -> 0 -> 1
node0:64:64 [0] NCCL INFO Ring 32 : 2 -> 0 -> 1
node0:64:64 [0] NCCL INFO Ring 33 : 2 -> 0 -> 1
node0:64:64 [0] NCCL INFO Ring 34 : 2 -> 0 -> 1
node0:64:64 [0] NCCL INFO Ring 35 : 2 -> 0 -> 1
node0:64:64 [0] NCCL INFO Ring 36 : 2 -> 0 -> 1
node0:64:64 [0] NCCL INFO Ring 37 : 2 -> 0 -> 1
node0:64:64 [0] NCCL INFO Ring 38 : 2 -> 0 -> 1
node0:64:64 [0] NCCL INFO Ring 39 : 2 -> 0 -> 1
node0:64:64 [0] NCCL INFO Ring 40 : 2 -> 0 -> 1
node0:64:64 [0] NCCL INFO Ring 41 : 2 -> 0 -> 1
node0:64:64 [0] NCCL INFO Ring 42 : 2 -> 0 -> 1
node0:64:64 [0] NCCL INFO Ring 43 : 2 -> 0 -> 1
node0:64:64 [0] NCCL INFO Ring 44 : 2 -> 0 -> 1
node0:64:64 [0] NCCL INFO Ring 45 : 2 -> 0 -> 1
node0:64:64 [0] NCCL INFO Ring 46 : 2 -> 0 -> 1
node0:64:64 [0] NCCL INFO Ring 47 : 2 -> 0 -> 1
node0:64:64 [0] NCCL INFO Ring 48 : 2 -> 0 -> 1
node0:64:64 [0] NCCL INFO Ring 49 : 2 -> 0 -> 1
node0:64:64 [0] NCCL INFO Ring 50 : 2 -> 0 -> 1
node0:64:64 [0] NCCL INFO Ring 51 : 2 -> 0 -> 1
node0:64:64 [0] NCCL INFO Ring 52 : 2 -> 0 -> 1
node0:64:64 [0] NCCL INFO Ring 53 : 2 -> 0 -> 1
node0:64:64 [0] NCCL INFO Ring 54 : 2 -> 0 -> 1
node0:64:64 [0] NCCL INFO Ring 55 : 2 -> 0 -> 1
node0:64:64 [0] NCCL INFO Ring 56 : 2 -> 0 -> 1
node0:64:64 [0] NCCL INFO Ring 57 : 2 -> 0 -> 1
node0:64:64 [0] NCCL INFO Ring 58 : 2 -> 0 -> 1
node0:64:64 [0] NCCL INFO Ring 59 : 2 -> 0 -> 1
node0:64:64 [0] NCCL INFO Ring 60 : 2 -> 0 -> 1
node0:64:64 [0] NCCL INFO Ring 61 : 2 -> 0 -> 1
node0:64:64 [0] NCCL INFO Ring 62 : 2 -> 0 -> 1
node0:64:64 [0] NCCL INFO Ring 63 : 2 -> 0 -> 1
node0:64:64 [0] NCCL INFO Trees [0] 2/-1/-1->0->-1 [1] 2/-1/-1->0->-1 [2] 2/-1/-1->0->-1 [3] 2/-1/-1->0->-1 [4] 2/-1/-1->0->-1 [5] 2/-1/-1->0->-1 [6] 2/-1/-1->0->-1 [7] 2/-1/-1->0->-1 [8] 2/-1/-1->0->-1 [9] 2/-1/-1->0->-1 [10] 2/-1/-1->0->-1 [11] 2/-1/-1->0->-1 [12] 2/-1/-1->0->-1 [13] 2/-1/-1->0->-1 [14] 2/-1/-1->0->-1 [15] 2/-1/-1->0->-1 [16] 2/-1/-1->0->-1 [17] 2/-1/-1->0->-1 [18] 2/-1/-1->0->-1 [19] 2/-1/-1->0->-1 [20] 2/-1/-1->0->-1 [21] 2/-1/-1->0->-1 [22] 2/-1/-1->0->-1 [23] 2/-1/-1->0->-1 [24] 2/-1/-1->0->-1 [25] 2/-1/-1->0->-1 [26] 2/-1/-1->0->-1 [27] 2/-1/-1->0->-1 [28] 2/-1/-1->0->-1 [29] 2/-1/-1->0->-1 [30] 2/-1/-1->0->-1 [31] 2/-1/-1->0->-1 [32] 2/-1/-1->0->1 [33] 2/-1/-1->0->1 [34] 2/-1/-1->0->1 [35] 2/-1/-1->0->1 [36] 2/-1/-1->0->1 [37] 2/-1/-1->0->1 [38] 2/-1/-1->0->1 [39] 2/-1/-1->0->1 [40] 2/-1/-1->0->1 [41] 2/-1/-1->0->1 [42] 2/-1/-1->0->1 [43] 2/-1/-1->0->1 [44] 2/-1/-1->0->1 [45] 2/-1/-1->0->1 [46] 2/-1/-1->0->1 [47] 2/-1/-1->0->1 [48] 2/-1/-1->0->1 [49] 2/-1/-1->0->1 [50] 2/-1/-1->0->1 [51] 2/-1/-1->0->1 [52] 2/-1/-
node0:64:64 [0] NCCL INFO P2P Chunksize set to 262144
node0:64:64 [0] NCCL INFO Tuning P2P operations with maxP2pPeers = 3
node0:64:64 [0] NCCL INFO ncclOsDlopen(libnccl-profiler.so) failed: libnccl-profiler.so: cannot open shared object file: No such file or directory
node0:64:64 [0] NCCL INFO PROFILER/Plugin: Could not find: libnccl-profiler.so
node0:64:64 [0] NCCL INFO Check P2P Type isAllDirectP2p 1 directMode 0 isAllCudaP2p 1
node0:64:64 [0] NCCL INFO ncclP2pSchedule: group size used is 1
node0:64:75 [0] NCCL INFO [Proxy Service] Device 0 CPU core 9
node0:64:75 [0] NCCL INFO proxy listening socket at 192.168.10.1<53909>
node0:64:76 [0] NCCL INFO [Proxy Service UDS] Device 0 CPU core 10
node0:64:64 [0] NCCL INFO ncclOsDlopen(libnccl-tuner.so) failed: libnccl-tuner.so: cannot open shared object file: No such file or directory
node0:64:64 [0] NCCL INFO TUNER/Plugin: Could not find: libnccl-tuner.so
node0:64:64 [0] NCCL INFO   Algorithm   |                            Tree                  |                            Ring                  |                   CollNetDirect                  |
node0:64:64 [0] NCCL INFO   Protocol    |             LL |          LL128 |         Simple |             LL |          LL128 |         Simple |             LL |          LL128 |         Simple |
node0:64:64 [0] NCCL INFO  Max NThreads |            512 |            640 |            512 |            512 |            640 |            256 |              0 |              0 |            640 |
node0:64:64 [0] NCCL INFO     Broadcast |     0.0/   0.0 |     0.0/   0.0 |     0.0/   0.0 |     9.3/   3.8 |    18.0/   7.1 |    22.4/   7.7 |     0.0/   0.0 |     0.0/   0.0 |     0.0/   0.0 |
node0:64:64 [0] NCCL INFO        Reduce |     0.0/   0.0 |     0.0/   0.0 |     0.0/   0.0 |     9.3/   3.8 |    18.0/   7.1 |    22.4/   7.7 |     0.0/   0.0 |     0.0/   0.0 |     0.0/   0.0 |
node0:64:64 [0] NCCL INFO     AllGather |     0.0/   0.0 |     0.0/   0.0 |     0.0/   0.0 |    16.6/   5.8 |    31.0/  10.6 |    36.4/  11.5 |     5.0/   0.0 |     8.5/   0.0 |    14.0/   0.0 |
node0:64:64 [0] NCCL INFO ReduceScatter |     0.0/   0.0 |     0.0/   0.0 |     0.0/   0.0 |    16.6/   5.8 |    31.0/  10.6 |    36.4/  11.5 |     5.0/   0.0 |     8.5/   0.0 |    14.0/   0.0 |
node0:64:64 [0] NCCL INFO     AllReduce |    16.8/   0.4 |    31.0/   1.4 |    36.4/   1.5 |    26.6/   2.9 |    48.0/   5.3 |    64.4/   5.8 |     5.0/   0.0 |     8.5/   0.0 |    14.0/   0.0 |
node0:64:64 [0] NCCL INFO   Algorithm   |                    CollNetChain                  |                            NVLS                  |                        NVLSTree                  |
node0:64:64 [0] NCCL INFO   Protocol    |             LL |          LL128 |         Simple |             LL |          LL128 |         Simple |             LL |          LL128 |         Simple |
node0:64:64 [0] NCCL INFO  Max NThreads |              0 |              0 |            640 |              0 |              0 |            640 |              0 |              0 |            640 |
node0:64:64 [0] NCCL INFO     Broadcast |     0.0/   0.0 |     0.0/   0.0 |     0.0/   0.0 |     0.0/   0.0 |     0.0/   0.0 |     0.0/   0.0 |     0.0/   0.0 |     0.0/   0.0 |     0.0/   0.0 |
node0:64:64 [0] NCCL INFO        Reduce |     0.0/   0.0 |     0.0/   0.0 |     0.0/   0.0 |     0.0/   0.0 |     0.0/   0.0 |     0.0/   0.0 |     0.0/   0.0 |     0.0/   0.0 |     0.0/   0.0 |
node0:64:64 [0] NCCL INFO     AllGather |     0.0/   0.0 |     0.0/   0.0 |     0.0/   0.0 |     0.0/   0.0 |     0.0/   0.0 |     0.0/   0.0 |     0.0/   0.0 |     0.0/   0.0 |     0.0/   0.0 |
node0:64:64 [0] NCCL INFO ReduceScatter |     0.0/   0.0 |     0.0/   0.0 |     0.0/   0.0 |     0.0/   0.0 |     0.0/   0.0 |     0.0/   0.0 |     0.0/   0.0 |     0.0/   0.0 |     0.0/   0.0 |
node0:64:64 [0] NCCL INFO     AllReduce |     5.0/   0.0 |     8.5/   0.0 |    14.0/   0.0 |     0.0/   0.0 |     0.0/   0.0 |     0.0/   0.0 |     0.0/   0.0 |     0.0/   0.0 |     0.0/   0.0 |
node0:64:64 [0] NCCL INFO   Algorithm   |                             PAT                  |
node0:64:64 [0] NCCL INFO   Protocol    |             LL |          LL128 |         Simple |             LL |          LL128 |         Simple |             LL |          LL128 |         Simple |
node0:64:64 [0] NCCL INFO  Max NThreads |              0 |              0 |              0 |
node0:64:64 [0] NCCL INFO     Broadcast |     0.0/   0.0 |     0.0/   0.0 |     0.0/   0.0 |
node0:64:64 [0] NCCL INFO        Reduce |     0.0/   0.0 |     0.0/   0.0 |     0.0/   0.0 |
node0:64:64 [0] NCCL INFO     AllGather |     0.0/   0.0 |     0.0/   0.0 |    20.4/   2.9 |
node0:64:64 [0] NCCL INFO ReduceScatter |     0.0/   0.0 |     0.0/   0.0 |    20.4/   2.9 |
node0:64:64 [0] NCCL INFO     AllReduce |     0.0/   0.0 |     0.0/   0.0 |     0.0/   0.0 |
node0:64:64 [0] NCCL INFO threadThresholds 8/8/64 | 24/8/64 | 512 | 512
node0:64:64 [0] NCCL INFO 64 coll channels, 64 collnet channels, 0 nvls channels, 64 p2p channels, 4 p2p channels per peer
node0:64:64 [0] NCCL INFO Symmetric memory is not supported. cuMemEnable 1, globalGinSupport 0, cuMemGdrSupport 0
node0:64:64 [0] NCCL INFO CC Off, workFifoBytes 1048576
node0:64:64 [0] NCCL INFO ncclCommInitRankConfig comm 0xbd888d590260 rank 0 nranks 3 cudaDev 0 nvmlDev 0 busId f01000 commId 0x59db66a3bb61896a - Init COMPLETE
node0:64:64 [0] NCCL INFO Init timings - ncclCommInitRankConfig: rank 0 nranks 3 total 0.34 (kernels 0.18, alloc 0.06, bootstrap 0.05, allgathers 0.02, topo 0.02, graphs 0.00, connections 0.02, rest 0.00)
node0:64:64 [0] NCCL INFO Symmetric VA size=124GB
node0:64:75 [0] NCCL INFO NCCL_IB_SUBNET_AWARE_ROUTING set by environment to 1.
node0:64:64 [0] NCCL INFO Channel 00/0 : 2[0] -> 0[0] [receive] via NET/IB/0
node0:64:77 [0] NCCL INFO [Proxy Progress] Device 0 CPU core 7
node0:64:64 [0] NCCL INFO Channel 01/0 : 2[0] -> 0[0] [receive] via NET/IB/1
node0:64:64 [0] NCCL INFO Channel 02/0 : 2[0] -> 0[0] [receive] via NET/IB/2
node0:64:64 [0] NCCL INFO Channel 03/0 : 2[0] -> 0[0] [receive] via NET/IB/3
node0:64:64 [0] NCCL INFO Channel 04/0 : 2[0] -> 0[0] [receive] via NET/IB/0
node0:64:64 [0] NCCL INFO Channel 05/0 : 2[0] -> 0[0] [receive] via NET/IB/1
node0:64:64 [0] NCCL INFO Channel 06/0 : 2[0] -> 0[0] [receive] via NET/IB/2
node0:64:64 [0] NCCL INFO Channel 07/0 : 2[0] -> 0[0] [receive] via NET/IB/3
node0:64:64 [0] NCCL INFO Channel 08/0 : 2[0] -> 0[0] [receive] via NET/IB/0
node0:64:64 [0] NCCL INFO Channel 09/0 : 2[0] -> 0[0] [receive] via NET/IB/1
node0:64:64 [0] NCCL INFO Channel 10/0 : 2[0] -> 0[0] [receive] via NET/IB/2
node0:64:64 [0] NCCL INFO Channel 11/0 : 2[0] -> 0[0] [receive] via NET/IB/3
node0:64:64 [0] NCCL INFO Channel 12/0 : 2[0] -> 0[0] [receive] via NET/IB/0
node0:64:64 [0] NCCL INFO Channel 13/0 : 2[0] -> 0[0] [receive] via NET/IB/1
node0:64:64 [0] NCCL INFO Channel 14/0 : 2[0] -> 0[0] [receive] via NET/IB/2
node0:64:64 [0] NCCL INFO Channel 15/0 : 2[0] -> 0[0] [receive] via NET/IB/3
node0:64:64 [0] NCCL INFO Channel 16/0 : 2[0] -> 0[0] [receive] via NET/IB/0
node0:64:64 [0] NCCL INFO Channel 17/0 : 2[0] -> 0[0] [receive] via NET/IB/1
node0:64:64 [0] NCCL INFO Channel 18/0 : 2[0] -> 0[0] [receive] via NET/IB/2
node0:64:64 [0] NCCL INFO Channel 19/0 : 2[0] -> 0[0] [receive] via NET/IB/3
node0:64:64 [0] NCCL INFO Channel 20/0 : 2[0] -> 0[0] [receive] via NET/IB/0
node0:64:64 [0] NCCL INFO Channel 21/0 : 2[0] -> 0[0] [receive] via NET/IB/1
node0:64:64 [0] NCCL INFO Channel 22/0 : 2[0] -> 0[0] [receive] via NET/IB/2
node0:64:64 [0] NCCL INFO Channel 23/0 : 2[0] -> 0[0] [receive] via NET/IB/3
node0:64:64 [0] NCCL INFO Channel 24/0 : 2[0] -> 0[0] [receive] via NET/IB/0
node0:64:64 [0] NCCL INFO Channel 25/0 : 2[0] -> 0[0] [receive] via NET/IB/1
node0:64:64 [0] NCCL INFO Channel 26/0 : 2[0] -> 0[0] [receive] via NET/IB/2
node0:64:64 [0] NCCL INFO Channel 27/0 : 2[0] -> 0[0] [receive] via NET/IB/3
node0:64:64 [0] NCCL INFO Channel 28/0 : 2[0] -> 0[0] [receive] via NET/IB/0
node0:64:64 [0] NCCL INFO Channel 29/0 : 2[0] -> 0[0] [receive] via NET/IB/1
node0:64:64 [0] NCCL INFO Channel 30/0 : 2[0] -> 0[0] [receive] via NET/IB/2
node0:64:64 [0] NCCL INFO Channel 31/0 : 2[0] -> 0[0] [receive] via NET/IB/3
node0:64:64 [0] NCCL INFO Channel 32/0 : 2[0] -> 0[0] [receive] via NET/IB/0
node0:64:64 [0] NCCL INFO Channel 33/0 : 2[0] -> 0[0] [receive] via NET/IB/1
node0:64:64 [0] NCCL INFO Channel 34/0 : 2[0] -> 0[0] [receive] via NET/IB/2
node0:64:64 [0] NCCL INFO Channel 35/0 : 2[0] -> 0[0] [receive] via NET/IB/3
node0:64:64 [0] NCCL INFO Channel 36/0 : 2[0] -> 0[0] [receive] via NET/IB/0
node0:64:64 [0] NCCL INFO Channel 37/0 : 2[0] -> 0[0] [receive] via NET/IB/1
node0:64:64 [0] NCCL INFO Channel 38/0 : 2[0] -> 0[0] [receive] via NET/IB/2
node0:64:64 [0] NCCL INFO Channel 39/0 : 2[0] -> 0[0] [receive] via NET/IB/3
node0:64:64 [0] NCCL INFO Channel 40/0 : 2[0] -> 0[0] [receive] via NET/IB/0
node0:64:64 [0] NCCL INFO Channel 41/0 : 2[0] -> 0[0] [receive] via NET/IB/1
node0:64:64 [0] NCCL INFO Channel 42/0 : 2[0] -> 0[0] [receive] via NET/IB/2
node0:64:64 [0] NCCL INFO Channel 43/0 : 2[0] -> 0[0] [receive] via NET/IB/3
node0:64:64 [0] NCCL INFO Channel 44/0 : 2[0] -> 0[0] [receive] via NET/IB/0
node0:64:64 [0] NCCL INFO Channel 45/0 : 2[0] -> 0[0] [receive] via NET/IB/1
node0:64:64 [0] NCCL INFO Channel 46/0 : 2[0] -> 0[0] [receive] via NET/IB/2
node0:64:64 [0] NCCL INFO Channel 47/0 : 2[0] -> 0[0] [receive] via NET/IB/3
node0:64:64 [0] NCCL INFO Channel 48/0 : 2[0] -> 0[0] [receive] via NET/IB/0
node0:64:64 [0] NCCL INFO Channel 49/0 : 2[0] -> 0[0] [receive] via NET/IB/1
node0:64:64 [0] NCCL INFO Channel 50/0 : 2[0] -> 0[0] [receive] via NET/IB/2
node0:64:64 [0] NCCL INFO Channel 51/0 : 2[0] -> 0[0] [receive] via NET/IB/3
node0:64:64 [0] NCCL INFO Channel 52/0 : 2[0] -> 0[0] [receive] via NET/IB/0
node0:64:64 [0] NCCL INFO Channel 53/0 : 2[0] -> 0[0] [receive] via NET/IB/1
node0:64:64 [0] NCCL INFO Channel 54/0 : 2[0] -> 0[0] [receive] via NET/IB/2
node0:64:64 [0] NCCL INFO Channel 55/0 : 2[0] -> 0[0] [receive] via NET/IB/3
node0:64:64 [0] NCCL INFO Channel 56/0 : 2[0] -> 0[0] [receive] via NET/IB/0
node0:64:64 [0] NCCL INFO Channel 57/0 : 2[0] -> 0[0] [receive] via NET/IB/1
node0:64:64 [0] NCCL INFO Channel 58/0 : 2[0] -> 0[0] [receive] via NET/IB/2
node0:64:64 [0] NCCL INFO Channel 59/0 : 2[0] -> 0[0] [receive] via NET/IB/3
node0:64:64 [0] NCCL INFO Channel 60/0 : 2[0] -> 0[0] [receive] via NET/IB/0
node0:64:64 [0] NCCL INFO Channel 61/0 : 2[0] -> 0[0] [receive] via NET/IB/1
node0:64:64 [0] NCCL INFO Channel 62/0 : 2[0] -> 0[0] [receive] via NET/IB/2
node0:64:64 [0] NCCL INFO Channel 63/0 : 2[0] -> 0[0] [receive] via NET/IB/3
node0:64:64 [0] NCCL INFO Channel 00/0 : 0[0] -> 1[0] [send] via NET/IB/0
node0:64:64 [0] NCCL INFO Channel 01/0 : 0[0] -> 1[0] [send] via NET/IB/1
node0:64:64 [0] NCCL INFO Channel 02/0 : 0[0] -> 1[0] [send] via NET/IB/2
node0:64:64 [0] NCCL INFO Channel 03/0 : 0[0] -> 1[0] [send] via NET/IB/3
node0:64:64 [0] NCCL INFO Channel 04/0 : 0[0] -> 1[0] [send] via NET/IB/0
node0:64:64 [0] NCCL INFO Channel 05/0 : 0[0] -> 1[0] [send] via NET/IB/1
node0:64:64 [0] NCCL INFO Channel 06/0 : 0[0] -> 1[0] [send] via NET/IB/2
node0:64:64 [0] NCCL INFO Channel 07/0 : 0[0] -> 1[0] [send] via NET/IB/3
node0:64:64 [0] NCCL INFO Channel 08/0 : 0[0] -> 1[0] [send] via NET/IB/0
node0:64:64 [0] NCCL INFO Channel 09/0 : 0[0] -> 1[0] [send] via NET/IB/1
node0:64:64 [0] NCCL INFO Channel 10/0 : 0[0] -> 1[0] [send] via NET/IB/2
node0:64:64 [0] NCCL INFO Channel 11/0 : 0[0] -> 1[0] [send] via NET/IB/3
node0:64:64 [0] NCCL INFO Channel 12/0 : 0[0] -> 1[0] [send] via NET/IB/0
node0:64:64 [0] NCCL INFO Channel 13/0 : 0[0] -> 1[0] [send] via NET/IB/1
node0:64:64 [0] NCCL INFO Channel 14/0 : 0[0] -> 1[0] [send] via NET/IB/2
node0:64:64 [0] NCCL INFO Channel 15/0 : 0[0] -> 1[0] [send] via NET/IB/3
node0:64:64 [0] NCCL INFO Channel 16/0 : 0[0] -> 1[0] [send] via NET/IB/0
node0:64:64 [0] NCCL INFO Channel 17/0 : 0[0] -> 1[0] [send] via NET/IB/1
node0:64:64 [0] NCCL INFO Channel 18/0 : 0[0] -> 1[0] [send] via NET/IB/2
node0:64:64 [0] NCCL INFO Channel 19/0 : 0[0] -> 1[0] [send] via NET/IB/3
node0:64:64 [0] NCCL INFO Channel 20/0 : 0[0] -> 1[0] [send] via NET/IB/0
node0:64:64 [0] NCCL INFO Channel 21/0 : 0[0] -> 1[0] [send] via NET/IB/1
node0:64:64 [0] NCCL INFO Channel 22/0 : 0[0] -> 1[0] [send] via NET/IB/2
node0:64:64 [0] NCCL INFO Channel 23/0 : 0[0] -> 1[0] [send] via NET/IB/3
node0:64:64 [0] NCCL INFO Channel 24/0 : 0[0] -> 1[0] [send] via NET/IB/0
node0:64:64 [0] NCCL INFO Channel 25/0 : 0[0] -> 1[0] [send] via NET/IB/1
node0:64:64 [0] NCCL INFO Channel 26/0 : 0[0] -> 1[0] [send] via NET/IB/2
node0:64:64 [0] NCCL INFO Channel 27/0 : 0[0] -> 1[0] [send] via NET/IB/3
node0:64:64 [0] NCCL INFO Channel 28/0 : 0[0] -> 1[0] [send] via NET/IB/0
node0:64:64 [0] NCCL INFO Channel 29/0 : 0[0] -> 1[0] [send] via NET/IB/1
node0:64:64 [0] NCCL INFO Channel 30/0 : 0[0] -> 1[0] [send] via NET/IB/2
node0:64:64 [0] NCCL INFO Channel 31/0 : 0[0] -> 1[0] [send] via NET/IB/3
node0:64:64 [0] NCCL INFO Channel 32/0 : 0[0] -> 1[0] [send] via NET/IB/0
node0:64:64 [0] NCCL INFO Channel 33/0 : 0[0] -> 1[0] [send] via NET/IB/1
node0:64:64 [0] NCCL INFO Channel 34/0 : 0[0] -> 1[0] [send] via NET/IB/2
node0:64:64 [0] NCCL INFO Channel 35/0 : 0[0] -> 1[0] [send] via NET/IB/3
node0:64:64 [0] NCCL INFO Channel 36/0 : 0[0] -> 1[0] [send] via NET/IB/0
node0:64:64 [0] NCCL INFO Channel 37/0 : 0[0] -> 1[0] [send] via NET/IB/1
node0:64:64 [0] NCCL INFO Channel 38/0 : 0[0] -> 1[0] [send] via NET/IB/2
node0:64:64 [0] NCCL INFO Channel 39/0 : 0[0] -> 1[0] [send] via NET/IB/3
node0:64:64 [0] NCCL INFO Channel 40/0 : 0[0] -> 1[0] [send] via NET/IB/0
node0:64:64 [0] NCCL INFO Channel 41/0 : 0[0] -> 1[0] [send] via NET/IB/1
node0:64:64 [0] NCCL INFO Channel 42/0 : 0[0] -> 1[0] [send] via NET/IB/2
node0:64:64 [0] NCCL INFO Channel 43/0 : 0[0] -> 1[0] [send] via NET/IB/3
node0:64:64 [0] NCCL INFO Channel 44/0 : 0[0] -> 1[0] [send] via NET/IB/0
node0:64:64 [0] NCCL INFO Channel 45/0 : 0[0] -> 1[0] [send] via NET/IB/1
node0:64:64 [0] NCCL INFO Channel 46/0 : 0[0] -> 1[0] [send] via NET/IB/2
node0:64:64 [0] NCCL INFO Channel 47/0 : 0[0] -> 1[0] [send] via NET/IB/3
node0:64:64 [0] NCCL INFO Channel 48/0 : 0[0] -> 1[0] [send] via NET/IB/0
node0:64:64 [0] NCCL INFO Channel 49/0 : 0[0] -> 1[0] [send] via NET/IB/1
node0:64:64 [0] NCCL INFO Channel 50/0 : 0[0] -> 1[0] [send] via NET/IB/2
node0:64:64 [0] NCCL INFO Channel 51/0 : 0[0] -> 1[0] [send] via NET/IB/3
node0:64:64 [0] NCCL INFO Channel 52/0 : 0[0] -> 1[0] [send] via NET/IB/0
node0:64:64 [0] NCCL INFO Channel 53/0 : 0[0] -> 1[0] [send] via NET/IB/1
node0:64:64 [0] NCCL INFO Channel 54/0 : 0[0] -> 1[0] [send] via NET/IB/2
node0:64:64 [0] NCCL INFO Channel 55/0 : 0[0] -> 1[0] [send] via NET/IB/3
node0:64:64 [0] NCCL INFO Channel 56/0 : 0[0] -> 1[0] [send] via NET/IB/0
node0:64:64 [0] NCCL INFO Channel 57/0 : 0[0] -> 1[0] [send] via NET/IB/1
node0:64:64 [0] NCCL INFO Channel 58/0 : 0[0] -> 1[0] [send] via NET/IB/2
node0:64:64 [0] NCCL INFO Channel 59/0 : 0[0] -> 1[0] [send] via NET/IB/3
node0:64:64 [0] NCCL INFO Channel 60/0 : 0[0] -> 1[0] [send] via NET/IB/0
node0:64:64 [0] NCCL INFO Channel 61/0 : 0[0] -> 1[0] [send] via NET/IB/1
node0:64:64 [0] NCCL INFO Channel 62/0 : 0[0] -> 1[0] [send] via NET/IB/2
node0:64:64 [0] NCCL INFO Channel 63/0 : 0[0] -> 1[0] [send] via NET/IB/3
node0:64:75 [0] NCCL INFO NET/IB: ncclIbResiliencyInit: Resiliency is disabled on the send communicator (comm=0xeaa86803d000)
node0:64:75 [0] NCCL INFO NET/IB: ncclIbResiliencyInit: Resiliency is disabled on the recv communicator (comm=0xeaa868081000)
node0:64:75 [0] NCCL INFO NET/IB: ncclIbRecvCommInit: Receive work requests will be posted on-demand
node0:64:75 [0] NCCL INFO NET/IB: Subnet-aware routing: overriding dev 1 with dev 0
node0:64:75 [0] NCCL INFO NET/IB: ncclIbResiliencyInit: Resiliency is disabled on the send communicator (comm=0xeaa8680c9000)
node0:64:75 [0] NCCL INFO NET/IB: Subnet-aware routing: overriding dev 1 with dev 0
node0:64:75 [0] NCCL INFO NET/IB: ncclIbResiliencyInit: Resiliency is disabled on the recv communicator (comm=0xeaa86810d000)
node0:64:75 [0] NCCL INFO NET/IB: ncclIbRecvCommInit: Receive work requests will be posted on-demand
node0:64:75 [0] NCCL INFO NET/IB: ncclIbSenderQpsCreate: QP created: port=1 dev=0 devName=rocep1s0f0 ndevs=4 nmdevs=4 qp_num=46170 pkey=0 pd=0xeaa86807dc30 oooRq=0
node0:64:75 [0] NCCL INFO NET/IB: ncclIbConnectImpl: NCCL Dev 0 IbDev 0 Port 1 qp_num 46170 mtu 5 GID 6 (0/164A8C0FFFF0000) ctsFifoRkey=0x221182 ctsFifoLkey=0x221182
node0:64:75 [0] NCCL INFO NET/IB: ncclIbConnectImpl: IbDev 0 Port 1 qp_num 46170 query_ece={supported=1, vendor_id=0x15b3, options=0x30000002, comp_mask=0x0}
node0:64:75 [0] NCCL INFO NET/IB: Subnet-aware routing: overriding dev 1 with dev 0
node0:64:75 [0] NCCL INFO NET/IB: ncclIbResiliencyInit: Resiliency is disabled on the send communicator (comm=0xeaa868191000)
node0:64:75 [0] NCCL INFO NET/IB: Subnet-aware routing: overriding dev 1 with dev 0
node0:64:75 [0] NCCL INFO NET/IB: ncclIbSenderQpsCreate: QP created: port=1 dev=0 devName=rocep1s0f0 ndevs=4 nmdevs=4 qp_num=46171 pkey=0 pd=0xeaa86807dc30 oooRq=0
node0:64:75 [0] NCCL INFO NET/IB: ncclIbConnectImpl: NCCL Dev 0 IbDev 0 Port 1 qp_num 46171 mtu 5 GID 6 (0/164A8C0FFFF0000) ctsFifoRkey=0x2243b2 ctsFifoLkey=0x2243b2
node0:64:75 [0] NCCL INFO NET/IB: ncclIbConnectImpl: IbDev 0 Port 1 qp_num 46171 query_ece={supported=1, vendor_id=0x15b3, options=0x30000002, comp_mask=0x0}
node0:64:75 [0] NCCL INFO NET/IB: ncclIbResiliencyInit: Resiliency is disabled on the recv communicator (comm=0xeaa868204000)
node0:64:75 [0] NCCL INFO NET/IB: ncclIbRecvCommInit: Receive work requests will be posted on-demand
node0:64:75 [0] NCCL INFO NET/IB: Subnet-aware routing: overriding dev 1 with dev 0
node0:64:75 [0] NCCL INFO NET/IB: Subnet-aware routing: overriding dev 3 with dev 2
node0:64:75 [0] NCCL INFO NET/IB: ncclIbResiliencyInit: Resiliency is disabled on the send communicator (comm=0xeaa86824c000)
node0:64:75 [0] NCCL INFO NET/IB: Subnet-aware routing: overriding dev 1 with dev 0
node0:64:75 [0] NCCL INFO NET/IB: Subnet-aware routing: overriding dev 3 with dev 2
node0:64:75 [0] NCCL INFO NET/IB: ncclIbResiliencyInit: Resiliency is disabled on the recv communicator (comm=0xeaa868290000)
node0:64:75 [0] NCCL INFO NET/IB: ncclIbRecvCommInit: Receive work requests will be posted on-demand
node0:64:75 [0] NCCL INFO NET/IB: Subnet-aware routing: overriding dev 1 with dev 0
node0:64:75 [0] NCCL INFO NET/IB: Subnet-aware routing: overriding dev 3 with dev 2
node0:64:75 [0] NCCL INFO NET/IB: ncclIbResiliencyInit: Resiliency is disabled on the send communicator (comm=0xeaa8682db000)
node0:64:75 [0] NCCL INFO NET/IB: ncclIbSenderQpsToRts: Set ECE: IbDev 0 Port 1 qp_num 46170 set_ece={supported=1, vendor_id=0x15b3, options=0x30000002, comp_mask=0x0}
node0:64:75 [0] NCCL INFO NET/IB: Subnet-aware routing: overriding dev 0 with dev 1
node0:64:75 [0] NCCL INFO NET/IB: ncclIbReceiverQpsCreateToRts: QP created: port=1 dev=1 devName=rocep1s0f1 ndevs=4 nmdevs=4 qp_num=41126 pkey=0 pd=0xeaa8681d1b60 oooRq=0
node0:64:75 [0] NCCL INFO NET/IB: ncclIbReceiverQpsCreateToRts: Flush QP created: port=1 dev=1 devName=rocep1s0f1 ndevs=4 nmdevs=4 qp_num=41127 pkey=0 pd=0xeaa8681d1b60
node0:64:75 [0] NCCL INFO NET/IB: Subnet-aware routing: overriding dev 1 with dev 0
node0:64:75 [0] NCCL INFO NET/IB: ncclIbSenderQpsToRts: Set ECE: IbDev 0 Port 1 qp_num 46171 set_ece={supported=1, vendor_id=0x15b3, options=0x30000002, comp_mask=0x0}
node0:64:75 [0] NCCL INFO NET/IB: ncclIbReceiverQpsCreateToRts: QP created: port=1 dev=1 devName=rocep1s0f1 ndevs=4 nmdevs=4 qp_num=41128 pkey=0 pd=0xeaa8681d1b60 oooRq=0
node0:64:75 [0] NCCL INFO NET/IB: ncclIbReceiverQpsCreateToRts: Flush QP created: port=1 dev=1 devName=rocep1s0f1 ndevs=4 nmdevs=4 qp_num=41129 pkey=0 pd=0xeaa8681d1b60
node0:64:75 [0] NCCL INFO NET/IB: ncclIbSenderQpsCreate: QP created: port=1 dev=2 devName=roceP2p1s0f0 ndevs=4 nmdevs=4 qp_num=2392 pkey=0 pd=0xeaa868373b90 oooRq=0
node0:64:75 [0] NCCL INFO NET/IB: ncclIbConnectImpl: NCCL Dev 2 IbDev 2 Port 1 qp_num 2392 mtu 5 GID 3 (0/16EA8C0FFFF0000) ctsFifoRkey=0x17817e ctsFifoLkey=0x17817e
node0:64:75 [0] NCCL INFO NET/IB: ncclIbConnectImpl: IbDev 2 Port 1 qp_num 2392 query_ece={supported=1, vendor_id=0x15b3, options=0x30000002, comp_mask=0x0}
node0:64:75 [0] NCCL INFO NET/IB: Subnet-aware routing: overriding dev 3 with dev 2
node0:64:75 [0] NCCL INFO NET/IB: ncclIbSenderQpsCreate: QP created: port=1 dev=2 devName=roceP2p1s0f0 ndevs=4 nmdevs=4 qp_num=2393 pkey=0 pd=0xeaa868373b90 oooRq=0
node0:64:75 [0] NCCL INFO NET/IB: ncclIbConnectImpl: NCCL Dev 2 IbDev 2 Port 1 qp_num 2393 mtu 5 GID 3 (0/16EA8C0FFFF0000) ctsFifoRkey=0x17b1af ctsFifoLkey=0x17b1af
node0:64:75 [0] NCCL INFO NET/IB: ncclIbConnectImpl: IbDev 2 Port 1 qp_num 2393 query_ece={supported=1, vendor_id=0x15b3, options=0x30000002, comp_mask=0x0}
node0:64:75 [0] NCCL INFO NET/IB: ncclIbResiliencyInit: Resiliency is disabled on the recv communicator (comm=0xeaa868435000)
node0:64:75 [0] NCCL INFO NET/IB: ncclIbRecvCommInit: Receive work requests will be posted on-demand
node0:64:75 [0] NCCL INFO NET/IB: Subnet-aware routing: overriding dev 3 with dev 2
node0:64:75 [0] NCCL INFO NET/IB: Subnet-aware routing: overriding dev 1 with dev 0
node0:64:75 [0] NCCL INFO NET/IB: ncclIbResiliencyInit: Resiliency is disabled on the send communicator (comm=0xeaa86847d000)
node0:64:75 [0] NCCL INFO NET/IB: Subnet-aware routing: overriding dev 3 with dev 2
node0:64:75 [0] NCCL INFO NET/IB: Subnet-aware routing: overriding dev 1 with dev 0
node0:64:75 [0] NCCL INFO NET/IB: ncclIbResiliencyInit: Resiliency is disabled on the recv communicator (comm=0xeaa8684be000)
node0:64:75 [0] NCCL INFO NET/IB: ncclIbRecvCommInit: Receive work requests will be posted on-demand
node0:64:75 [0] NCCL INFO NET/IB: Subnet-aware routing: overriding dev 2 with dev 3
node0:64:75 [0] NCCL INFO NET/IB: ncclIbReceiverQpsCreateToRts: QP created: port=1 dev=3 devName=roceP2p1s0f1 ndevs=4 nmdevs=4 qp_num=2408 pkey=0 pd=0xeaa86807d010 oooRq=0
node0:64:75 [0] NCCL INFO NET/IB: ncclIbReceiverQpsCreateToRts: Flush QP created: port=1 dev=3 devName=roceP2p1s0f1 ndevs=4 nmdevs=4 qp_num=2409 pkey=0 pd=0xeaa86807d010
node0:64:75 [0] NCCL INFO NET/IB: Subnet-aware routing: overriding dev 3 with dev 2
node0:64:75 [0] NCCL INFO NET/IB: Subnet-aware routing: overriding dev 1 with dev 0
node0:64:75 [0] NCCL INFO NET/IB: ncclIbResiliencyInit: Resiliency is disabled on the send communicator (comm=0xeaa868561000)
node0:64:75 [0] NCCL INFO NET/IB: Subnet-aware routing: overriding dev 3 with dev 2
node0:64:75 [0] NCCL INFO NET/IB: Subnet-aware routing: overriding dev 1 with dev 0
node0:64:75 [0] NCCL INFO NET/IB: ncclIbResiliencyInit: Resiliency is disabled on the recv communicator (comm=0xeaa8685a2000)
node0:64:75 [0] NCCL INFO NET/IB: ncclIbRecvCommInit: Receive work requests will be posted on-demand
node0:64:75 [0] NCCL INFO NET/IB: Subnet-aware routing: overriding dev 3 with dev 2
node0:64:75 [0] NCCL INFO NET/IB: ncclIbReceiverQpsCreateToRts: QP created: port=1 dev=3 devName=roceP2p1s0f1 ndevs=4 nmdevs=4 qp_num=2410 pkey=0 pd=0xeaa86807d010 oooRq=0
node0:64:75 [0] NCCL INFO NET/IB: ncclIbReceiverQpsCreateToRts: Flush QP created: port=1 dev=3 devName=roceP2p1s0f1 ndevs=4 nmdevs=4 qp_num=2411 pkey=0 pd=0xeaa86807d010
node0:64:75 [0] NCCL INFO NET/IB: Subnet-aware routing: overriding dev 1 with dev 0
node0:64:75 [0] NCCL INFO NET/IB: Subnet-aware routing: overriding dev 3 with dev 2
node0:64:75 [0] NCCL INFO NET/IB: ncclIbResiliencyInit: Resiliency is disabled on the send communicator (comm=0xeaa868637000)
node0:64:75 [0] NCCL INFO NET/IB: Subnet-aware routing: overriding dev 3 with dev 2
node0:64:75 [0] NCCL INFO NET/IB: Subnet-aware routing: overriding dev 0 with dev 1
node0:64:75 [0] NCCL INFO NET/IB: ncclIbReceiverQpsCreateToRts: QP created: port=1 dev=1 devName=rocep1s0f1 ndevs=4 nmdevs=4 qp_num=41130 pkey=0 pd=0xeaa8681d1b60 oooRq=0
node0:64:75 [0] NCCL INFO NET/IB: ncclIbReceiverQpsCreateToRts: Flush QP created: port=1 dev=1 devName=rocep1s0f1 ndevs=4 nmdevs=4 qp_num=41131 pkey=0 pd=0xeaa8681d1b60
node0:64:75 [0] NCCL INFO NET/IB: Subnet-aware routing: overriding dev 1 with dev 0
node0:64:75 [0] NCCL INFO NET/IB: Subnet-aware routing: overriding dev 3 with dev 2
node0:64:75 [0] NCCL INFO NET/IB: ncclIbResiliencyInit: Resiliency is disabled on the recv communicator (comm=0xeaa8686c7000)
node0:64:75 [0] NCCL INFO NET/IB: ncclIbRecvCommInit: Receive work requests will be posted on-demand
node0:64:75 [0] NCCL INFO NET/IB: Subnet-aware routing: overriding dev 3 with dev 2
node0:64:75 [0] NCCL INFO NET/IB: Subnet-aware routing: overriding dev 1 with dev 0
node0:64:75 [0] NCCL INFO NET/IB: Subnet-aware routing: overriding dev 3 with dev 2
node0:64:75 [0] NCCL INFO NET/IB: ncclIbResiliencyInit: Resiliency is disabled on the send communicator (comm=0xeaa868712000)
node0:64:75 [0] NCCL INFO NET/IB: Subnet-aware routing: overriding dev 3 with dev 2
node0:64:75 [0] NCCL INFO NET/IB: Subnet-aware routing: overriding dev 1 with dev 0
node0:64:75 [0] NCCL INFO NET/IB: Subnet-aware routing: overriding dev 3 with dev 2
node0:64:75 [0] NCCL INFO NET/IB: ncclIbResiliencyInit: Resiliency is disabled on the recv communicator (comm=0xeaa86875c000)
node0:64:75 [0] NCCL INFO NET/IB: ncclIbRecvCommInit: Receive work requests will be posted on-demand
node0:64:75 [0] NCCL INFO NET/IB: ncclIbSenderQpsToRts: Set ECE: IbDev 2 Port 1 qp_num 2392 set_ece={supported=1, vendor_id=0x15b3, options=0x30000002, comp_mask=0x0}
node0:64:75 [0] NCCL INFO NET/IB: Subnet-aware routing: overriding dev 3 with dev 2
node0:64:75 [0] NCCL INFO NET/IB: ncclIbSenderQpsToRts: Set ECE: IbDev 2 Port 1 qp_num 2393 set_ece={supported=1, vendor_id=0x15b3, options=0x30000002, comp_mask=0x0}
node0:64:75 [0] NCCL INFO NET/IB: ncclIbSenderQpsCreate: QP created: port=1 dev=0 devName=rocep1s0f0 ndevs=4 nmdevs=4 qp_num=46172 pkey=0 pd=0xeaa86807dc30 oooRq=0
node0:64:75 [0] NCCL INFO NET/IB: ncclIbConnectImpl: NCCL Dev 0 IbDev 0 Port 1 qp_num 46172 mtu 5 GID 6 (0/164A8C0FFFF0000) ctsFifoRkey=0x221c8b ctsFifoLkey=0x221c8b
node0:64:75 [0] NCCL INFO NET/IB: ncclIbConnectImpl: IbDev 0 Port 1 qp_num 46172 query_ece={supported=1, vendor_id=0x15b3, options=0x30000002, comp_mask=0x0}
node0:64:75 [0] NCCL INFO NET/IB: Subnet-aware routing: overriding dev 1 with dev 0
node0:64:75 [0] NCCL INFO NET/IB: ncclIbReceiverQpsCreateToRts: QP created: port=1 dev=1 devName=rocep1s0f1 ndevs=4 nmdevs=4 qp_num=41132 pkey=0 pd=0xeaa8681d1b60 oooRq=0
node0:64:75 [0] NCCL INFO NET/IB: ncclIbReceiverQpsCreateToRts: Flush QP created: port=1 dev=1 devName=rocep1s0f1 ndevs=4 nmdevs=4 qp_num=41133 pkey=0 pd=0xeaa8681d1b60
node0:64:75 [0] NCCL INFO NET/IB: Subnet-aware routing: overriding dev 2 with dev 3
node0:64:75 [0] NCCL INFO NET/IB: ncclIbReceiverQpsCreateToRts: QP created: port=1 dev=3 devName=roceP2p1s0f1 ndevs=4 nmdevs=4 qp_num=2412 pkey=0 pd=0xeaa86807d010 oooRq=0
node0:64:75 [0] NCCL INFO NET/IB: ncclIbReceiverQpsCreateToRts: Flush QP created: port=1 dev=3 devName=roceP2p1s0f1 ndevs=4 nmdevs=4 qp_num=2413 pkey=0 pd=0xeaa86807d010
node0:64:75 [0] NCCL INFO NET/IB: Subnet-aware routing: overriding dev 3 with dev 2
node0:64:75 [0] NCCL INFO NET/IB: ncclIbSenderQpsCreate: QP created: port=1 dev=2 devName=roceP2p1s0f0 ndevs=4 nmdevs=4 qp_num=2394 pkey=0 pd=0xeaa868373b90 oooRq=0
node0:64:75 [0] NCCL INFO NET/IB: ncclIbConnectImpl: NCCL Dev 2 IbDev 2 Port 1 qp_num 2394 mtu 5 GID 3 (0/16EA8C0FFFF0000) ctsFifoRkey=0x18b4b3 ctsFifoLkey=0x18b4b3
node0:64:75 [0] NCCL INFO NET/IB: ncclIbConnectImpl: IbDev 2 Port 1 qp_num 2394 query_ece={supported=1, vendor_id=0x15b3, options=0x30000002, comp_mask=0x0}
node0:64:75 [0] NCCL INFO NET/IB: ncclIbReceiverQpsCreateToRts: QP created: port=1 dev=3 devName=roceP2p1s0f1 ndevs=4 nmdevs=4 qp_num=2414 pkey=0 pd=0xeaa86807d010 oooRq=0
node0:64:75 [0] NCCL INFO NET/IB: ncclIbReceiverQpsCreateToRts: Flush QP created: port=1 dev=3 devName=roceP2p1s0f1 ndevs=4 nmdevs=4 qp_num=2415 pkey=0 pd=0xeaa86807d010
node0:64:75 [0] NCCL INFO NET/IB: Subnet-aware routing: overriding dev 1 with dev 0
node0:64:75 [0] NCCL INFO NET/IB: ncclIbResiliencyInit: Resiliency is disabled on the send communicator (comm=0xeaa8688f5000)
node0:64:75 [0] NCCL INFO NET/IB: Subnet-aware routing: overriding dev 1 with dev 0
node0:64:75 [0] NCCL INFO NET/IB: ncclIbSenderQpsCreate: QP created: port=1 dev=2 devName=roceP2p1s0f0 ndevs=4 nmdevs=4 qp_num=2395 pkey=0 pd=0xeaa868373b90 oooRq=0
node0:64:75 [0] NCCL INFO NET/IB: ncclIbConnectImpl: NCCL Dev 2 IbDev 2 Port 1 qp_num 2395 mtu 5 GID 3 (0/16EA8C0FFFF0000) ctsFifoRkey=0x170201 ctsFifoLkey=0x170201
node0:64:75 [0] NCCL INFO NET/IB: ncclIbConnectImpl: IbDev 2 Port 1 qp_num 2395 query_ece={supported=1, vendor_id=0x15b3, options=0x30000002, comp_mask=0x0}
node0:64:75 [0] NCCL INFO NET/IB: Subnet-aware routing: overriding dev 3 with dev 2
node0:64:75 [0] NCCL INFO NET/IB: ncclIbSenderQpsToRts: Set ECE: IbDev 2 Port 1 qp_num 2394 set_ece={supported=1, vendor_id=0x15b3, options=0x30000002, comp_mask=0x0}
node0:64:75 [0] NCCL INFO NET/IB: ncclIbSenderQpsCreate: QP created: port=1 dev=0 devName=rocep1s0f0 ndevs=4 nmdevs=4 qp_num=46173 pkey=0 pd=0xeaa86807dc30 oooRq=0
node0:64:75 [0] NCCL INFO NET/IB: ncclIbConnectImpl: NCCL Dev 0 IbDev 0 Port 1 qp_num 46173 mtu 5 GID 6 (0/164A8C0FFFF0000) ctsFifoRkey=0x178c49 ctsFifoLkey=0x178c49
node0:64:75 [0] NCCL INFO NET/IB: ncclIbConnectImpl: IbDev 0 Port 1 qp_num 46173 query_ece={supported=1, vendor_id=0x15b3, options=0x30000002, comp_mask=0x0}
node0:64:75 [0] NCCL INFO NET/IB: Subnet-aware routing: overriding dev 0 with dev 1
node0:64:75 [0] NCCL INFO NET/IB: ncclIbReceiverQpsCreateToRts: QP created: port=1 dev=1 devName=rocep1s0f1 ndevs=4 nmdevs=4 qp_num=41134 pkey=0 pd=0xeaa8681d1b60 oooRq=0
node0:64:75 [0] NCCL INFO NET/IB: ncclIbReceiverQpsCreateToRts: Flush QP created: port=1 dev=1 devName=rocep1s0f1 ndevs=4 nmdevs=4 qp_num=41135 pkey=0 pd=0xeaa8681d1b60
node0:64:75 [0] NCCL INFO NET/IB: Subnet-aware routing: overriding dev 1 with dev 0
node0:64:75 [0] NCCL INFO NET/IB: ncclIbResiliencyInit: Resiliency is disabled on the recv communicator (comm=0xeaa8689e5000)
node0:64:75 [0] NCCL INFO NET/IB: ncclIbRecvCommInit: Receive work requests will be posted on-demand
node0:64:75 [0] NCCL INFO NET/IB: ncclIbSenderQpsToRts: Set ECE: IbDev 0 Port 1 qp_num 46172 set_ece={supported=1, vendor_id=0x15b3, options=0x30000002, comp_mask=0x0}
node0:64:75 [0] NCCL INFO NET/IB: Subnet-aware routing: overriding dev 1 with dev 0
node0:64:75 [0] NCCL INFO NET/IB: ncclIbSenderQpsCreate: QP created: port=1 dev=0 devName=rocep1s0f0 ndevs=4 nmdevs=4 qp_num=46174 pkey=0 pd=0xeaa86807dc30 oooRq=0
node0:64:75 [0] NCCL INFO NET/IB: ncclIbConnectImpl: NCCL Dev 0 IbDev 0 Port 1 qp_num 46174 mtu 5 GID 6 (0/164A8C0FFFF0000) ctsFifoRkey=0x221b8a ctsFifoLkey=0x221b8a
node0:64:75 [0] NCCL INFO NET/IB: ncclIbConnectImpl: IbDev 0 Port 1 qp_num 46174 query_ece={supported=1, vendor_id=0x15b3, options=0x30000002, comp_mask=0x0}
node0:64:75 [0] NCCL INFO NET/IB: ncclIbSenderQpsToRts: Set ECE: IbDev 2 Port 1 qp_num 2395 set_ece={supported=1, vendor_id=0x15b3, options=0x30000002, comp_mask=0x0}
node0:64:75 [0] NCCL INFO NET/IB: ncclIbSenderQpsToRts: Set ECE: IbDev 0 Port 1 qp_num 46173 set_ece={supported=1, vendor_id=0x15b3, options=0x30000002, comp_mask=0x0}
node0:64:75 [0] NCCL INFO NET/IB: Subnet-aware routing: overriding dev 1 with dev 0
node0:64:75 [0] NCCL INFO NET/IB: ncclIbReceiverQpsCreateToRts: QP created: port=1 dev=1 devName=rocep1s0f1 ndevs=4 nmdevs=4 qp_num=41136 pkey=0 pd=0xeaa8681d1b60 oooRq=0
node0:64:75 [0] NCCL INFO NET/IB: ncclIbReceiverQpsCreateToRts: Flush QP created: port=1 dev=1 devName=rocep1s0f1 ndevs=4 nmdevs=4 qp_num=41137 pkey=0 pd=0xeaa8681d1b60
node0:64:75 [0] NCCL INFO NET/IB: ncclIbResiliencyInit: Resiliency is disabled on the send communicator (comm=0xeaa868aa4000)
node0:64:75 [0] NCCL INFO NET/IB: Subnet-aware routing: overriding dev 1 with dev 0
node0:64:75 [0] NCCL INFO NET/IB: Subnet-aware routing: overriding dev 1 with dev 0
node0:64:75 [0] NCCL INFO NET/IB: ncclIbResiliencyInit: Resiliency is disabled on the recv communicator (comm=0xeaa868ae5000)
node0:64:75 [0] NCCL INFO NET/IB: ncclIbRecvCommInit: Receive work requests will be posted on-demand
node0:64:75 [0] NCCL INFO NET/IB: Subnet-aware routing: overriding dev 1 with dev 0
node0:64:75 [0] NCCL INFO NET/IB: Subnet-aware routing: overriding dev 1 with dev 0
node0:64:75 [0] NCCL INFO NET/IB: Subnet-aware routing: overriding dev 2 with dev 3
node0:64:75 [0] NCCL INFO NET/IB: ncclIbReceiverQpsCreateToRts: QP created: port=1 dev=3 devName=roceP2p1s0f1 ndevs=4 nmdevs=4 qp_num=2416 pkey=0 pd=0xeaa86807d010 oooRq=0
node0:64:75 [0] NCCL INFO NET/IB: ncclIbReceiverQpsCreateToRts: Flush QP created: port=1 dev=3 devName=roceP2p1s0f1 ndevs=4 nmdevs=4 qp_num=2417 pkey=0 pd=0xeaa86807d010
node0:64:75 [0] NCCL INFO NET/IB: Subnet-aware routing: overriding dev 3 with dev 2
node0:64:75 [0] NCCL INFO NET/IB: ncclIbResiliencyInit: Resiliency is disabled on the send communicator (comm=0xeaa868b7d000)
node0:64:75 [0] NCCL INFO NET/IB: Subnet-aware routing: overriding dev 1 with dev 0
node0:64:75 [0] NCCL INFO NET/IB: Subnet-aware routing: overriding dev 1 with dev 0
node0:64:75 [0] NCCL INFO NET/IB: Subnet-aware routing: overriding dev 3 with dev 2
node0:64:75 [0] NCCL INFO NET/IB: ncclIbResiliencyInit: Resiliency is disabled on the recv communicator (comm=0xeaa868bbe000)
node0:64:75 [0] NCCL INFO NET/IB: ncclIbRecvCommInit: Receive work requests will be posted on-demand
node0:64:75 [0] NCCL INFO NET/IB: Subnet-aware routing: overriding dev 1 with dev 0
node0:64:75 [0] NCCL INFO NET/IB: Subnet-aware routing: overriding dev 1 with dev 0
node0:64:75 [0] NCCL INFO NET/IB: Subnet-aware routing: overriding dev 3 with dev 2
node0:64:75 [0] NCCL INFO NET/IB: ncclIbReceiverQpsCreateToRts: QP created: port=1 dev=3 devName=roceP2p1s0f1 ndevs=4 nmdevs=4 qp_num=2418 pkey=0 pd=0xeaa86807d010 oooRq=0
node0:64:75 [0] NCCL INFO NET/IB: ncclIbReceiverQpsCreateToRts: Flush QP created: port=1 dev=3 devName=roceP2p1s0f1 ndevs=4 nmdevs=4 qp_num=2419 pkey=0 pd=0xeaa86807d010
node0:64:75 [0] NCCL INFO NET/IB: ncclIbResiliencyInit: Resiliency is disabled on the send communicator (comm=0xeaa868c55000)
node0:64:75 [0] NCCL INFO NET/IB: Subnet-aware routing: overriding dev 1 with dev 0
node0:64:75 [0] NCCL INFO NET/IB: Subnet-aware routing: overriding dev 1 with dev 0
node0:64:75 [0] NCCL INFO NET/IB: ncclIbSenderQpsCreate: QP created: port=1 dev=0 devName=rocep1s0f0 ndevs=4 nmdevs=4 qp_num=46175 pkey=0 pd=0xeaa86807dc30 oooRq=0
node0:64:75 [0] NCCL INFO NET/IB: ncclIbConnectImpl: NCCL Dev 0 IbDev 0 Port 1 qp_num 46175 mtu 5 GID 6 (0/164A8C0FFFF0000) ctsFifoRkey=0x222594 ctsFifoLkey=0x222594
node0:64:75 [0] NCCL INFO NET/IB: ncclIbConnectImpl: IbDev 0 Port 1 qp_num 46175 query_ece={supported=1, vendor_id=0x15b3, options=0x30000002, comp_mask=0x0}
node0:64:75 [0] NCCL INFO NET/IB: Subnet-aware routing: overriding dev 3 with dev 2
node0:64:75 [0] NCCL INFO NET/IB: ncclIbResiliencyInit: Resiliency is disabled on the recv communicator (comm=0xeaa868ccf000)
node0:64:75 [0] NCCL INFO NET/IB: ncclIbRecvCommInit: Receive work requests will be posted on-demand
node0:64:75 [0] NCCL INFO NET/IB: Subnet-aware routing: overriding dev 1 with dev 0
node0:64:75 [0] NCCL INFO NET/IB: Subnet-aware routing: overriding dev 1 with dev 0
node0:64:75 [0] NCCL INFO NET/IB: Subnet-aware routing: overriding dev 3 with dev 2
node0:64:75 [0] NCCL INFO NET/IB: Subnet-aware routing: overriding dev 1 with dev 0
node0:64:75 [0] NCCL INFO NET/IB: ncclIbResiliencyInit: Resiliency is disabled on the send communicator (comm=0xeaa868d17000)
node0:64:75 [0] NCCL INFO NET/IB: Subnet-aware routing: overriding dev 1 with dev 0
node0:64:75 [0] NCCL INFO NET/IB: Subnet-aware routing: overriding dev 1 with dev 0
node0:64:75 [0] NCCL INFO NET/IB: Subnet-aware routing: overriding dev 3 with dev 2
node0:64:75 [0] NCCL INFO NET/IB: Subnet-aware routing: overriding dev 1 with dev 0
node0:64:75 [0] NCCL INFO NET/IB: ncclIbResiliencyInit: Resiliency is disabled on the recv communicator (comm=0xeaa868d5b000)
node0:64:75 [0] NCCL INFO NET/IB: ncclIbRecvCommInit: Receive work requests will be posted on-demand
node0:64:75 [0] NCCL INFO NET/IB: Subnet-aware routing: overriding dev 1 with dev 0
node0:64:75 [0] NCCL INFO NET/IB: ncclIbSenderQpsToRts: Set ECE: IbDev 0 Port 1 qp_num 46174 set_ece={supported=1, vendor_id=0x15b3, options=0x30000002, comp_mask=0x0}
node0:64:75 [0] NCCL INFO NET/IB: Subnet-aware routing: overriding dev 1 with dev 0
node0:64:75 [0] NCCL INFO NET/IB: Subnet-aware routing: overriding dev 3 with dev 2
node0:64:75 [0] NCCL INFO NET/IB: Subnet-aware routing: overriding dev 0 with dev 1
node0:64:75 [0] NCCL INFO NET/IB: ncclIbReceiverQpsCreateToRts: QP created: port=1 dev=1 devName=rocep1s0f1 ndevs=4 nmdevs=4 qp_num=41138 pkey=0 pd=0xeaa8681d1b60 oooRq=0
node0:64:75 [0] NCCL INFO NET/IB: ncclIbReceiverQpsCreateToRts: Flush QP created: port=1 dev=1 devName=rocep1s0f1 ndevs=4 nmdevs=4 qp_num=41139 pkey=0 pd=0xeaa8681d1b60
node0:64:75 [0] NCCL INFO NET/IB: Subnet-aware routing: overriding dev 1 with dev 0
node0:64:75 [0] NCCL INFO NET/IB: ncclIbReceiverQpsCreateToRts: QP created: port=1 dev=1 devName=rocep1s0f1 ndevs=4 nmdevs=4 qp_num=41140 pkey=0 pd=0xeaa8681d1b60 oooRq=0
node0:64:75 [0] NCCL INFO NET/IB: ncclIbReceiverQpsCreateToRts: Flush QP created: port=1 dev=1 devName=rocep1s0f1 ndevs=4 nmdevs=4 qp_num=41141 pkey=0 pd=0xeaa8681d1b60
node0:64:75 [0] NCCL INFO NET/IB: ncclIbResiliencyInit: Resiliency is disabled on the send communicator (comm=0xeaa868e43000)
node0:64:75 [0] NCCL INFO NET/IB: Subnet-aware routing: overriding dev 1 with dev 0
node0:64:75 [0] NCCL INFO NET/IB: ncclIbSenderQpsToRts: Set ECE: IbDev 0 Port 1 qp_num 46175 set_ece={supported=1, vendor_id=0x15b3, options=0x30000002, comp_mask=0x0}
node0:64:75 [0] NCCL INFO NET/IB: ncclIbSenderQpsCreate: QP created: port=1 dev=2 devName=roceP2p1s0f0 ndevs=4 nmdevs=4 qp_num=2396 pkey=0 pd=0xeaa868373b90 oooRq=0
node0:64:75 [0] NCCL INFO NET/IB: ncclIbConnectImpl: NCCL Dev 2 IbDev 2 Port 1 qp_num 2396 mtu 5 GID 3 (0/16EA8C0FFFF0000) ctsFifoRkey=0x172e2b ctsFifoLkey=0x172e2b
node0:64:75 [0] NCCL INFO NET/IB: ncclIbConnectImpl: IbDev 2 Port 1 qp_num 2396 query_ece={supported=1, vendor_id=0x15b3, options=0x30000002, comp_mask=0x0}
node0:64:75 [0] NCCL INFO NET/IB: Subnet-aware routing: overriding dev 3 with dev 2
node0:64:75 [0] NCCL INFO NET/IB: ncclIbSenderQpsCreate: QP created: port=1 dev=2 devName=roceP2p1s0f0 ndevs=4 nmdevs=4 qp_num=2397 pkey=0 pd=0xeaa868373b90 oooRq=0
node0:64:75 [0] NCCL INFO NET/IB: ncclIbConnectImpl: NCCL Dev 2 IbDev 2 Port 1 qp_num 2397 mtu 5 GID 3 (0/16EA8C0FFFF0000) ctsFifoRkey=0x177572 ctsFifoLkey=0x177572
node0:64:75 [0] NCCL INFO NET/IB: ncclIbConnectImpl: IbDev 2 Port 1 qp_num 2397 query_ece={supported=1, vendor_id=0x15b3, options=0x30000002, comp_mask=0x0}
node0:64:75 [0] NCCL INFO NET/IB: ncclIbSenderQpsCreate: QP created: port=1 dev=0 devName=rocep1s0f0 ndevs=4 nmdevs=4 qp_num=46176 pkey=0 pd=0xeaa86807dc30 oooRq=0
node0:64:75 [0] NCCL INFO NET/IB: ncclIbConnectImpl: NCCL Dev 0 IbDev 0 Port 1 qp_num 46176 mtu 5 GID 6 (0/164A8C0FFFF0000) ctsFifoRkey=0x2239a8 ctsFifoLkey=0x2239a8
node0:64:75 [0] NCCL INFO NET/IB: ncclIbConnectImpl: IbDev 0 Port 1 qp_num 46176 query_ece={supported=1, vendor_id=0x15b3, options=0x30000002, comp_mask=0x0}
node0:64:75 [0] NCCL INFO NET/IB: Subnet-aware routing: overriding dev 1 with dev 0
node0:64:75 [0] NCCL INFO NET/IB: ncclIbSenderQpsCreate: QP created: port=1 dev=0 devName=rocep1s0f0 ndevs=4 nmdevs=4 qp_num=46177 pkey=0 pd=0xeaa86807dc30 oooRq=0
node0:64:75 [0] NCCL INFO NET/IB: ncclIbConnectImpl: NCCL Dev 0 IbDev 0 Port 1 qp_num 46177 mtu 5 GID 6 (0/164A8C0FFFF0000) ctsFifoRkey=0x22208f ctsFifoLkey=0x22208f
node0:64:75 [0] NCCL INFO NET/IB: ncclIbConnectImpl: IbDev 0 Port 1 qp_num 46177 query_ece={supported=1, vendor_id=0x15b3, options=0x30000002, comp_mask=0x0}
node0:64:75 [0] NCCL INFO NET/IB: ncclIbResiliencyInit: Resiliency is disabled on the recv communicator (comm=0xeaa868f49000)
node0:64:75 [0] NCCL INFO NET/IB: ncclIbRecvCommInit: Receive work requests will be posted on-demand
node0:64:75 [0] NCCL INFO NET/IB: ncclIbSenderQpsToRts: Set ECE: IbDev 2 Port 1 qp_num 2396 set_ece={supported=1, vendor_id=0x15b3, options=0x30000002, comp_mask=0x0}
node0:64:75 [0] NCCL INFO NET/IB: Subnet-aware routing: overriding dev 3 with dev 2
node0:64:75 [0] NCCL INFO NET/IB: ncclIbSenderQpsToRts: Set ECE: IbDev 2 Port 1 qp_num 2397 set_ece={supported=1, vendor_id=0x15b3, options=0x30000002, comp_mask=0x0}
node0:64:75 [0] NCCL INFO NET/IB: ncclIbSenderQpsToRts: Set ECE: IbDev 0 Port 1 qp_num 46176 set_ece={supported=1, vendor_id=0x15b3, options=0x30000002, comp_mask=0x0}
node0:64:75 [0] NCCL INFO NET/IB: Subnet-aware routing: overriding dev 1 with dev 0
node0:64:75 [0] NCCL INFO NET/IB: ncclIbSenderQpsToRts: Set ECE: IbDev 0 Port 1 qp_num 46177 set_ece={supported=1, vendor_id=0x15b3, options=0x30000002, comp_mask=0x0}
node0:64:75 [0] NCCL INFO NET/IB: ncclIbSenderQpsCreate: QP created: port=1 dev=2 devName=roceP2p1s0f0 ndevs=4 nmdevs=4 qp_num=2398 pkey=0 pd=0xeaa868373b90 oooRq=0
node0:64:75 [0] NCCL INFO NET/IB: ncclIbConnectImpl: NCCL Dev 2 IbDev 2 Port 1 qp_num 2398 mtu 5 GID 3 (0/16EA8C0FFFF0000) ctsFifoRkey=0x197978 ctsFifoLkey=0x197978
node0:64:75 [0] NCCL INFO NET/IB: ncclIbConnectImpl: IbDev 2 Port 1 qp_num 2398 query_ece={supported=1, vendor_id=0x15b3, options=0x30000002, comp_mask=0x0}
node0:64:75 [0] NCCL INFO NET/IB: Subnet-aware routing: overriding dev 2 with dev 3
node0:64:75 [0] NCCL INFO NET/IB: ncclIbReceiverQpsCreateToRts: QP created: port=1 dev=3 devName=roceP2p1s0f1 ndevs=4 nmdevs=4 qp_num=2420 pkey=0 pd=0xeaa86807d010 oooRq=0
node0:64:75 [0] NCCL INFO NET/IB: ncclIbReceiverQpsCreateToRts: Flush QP created: port=1 dev=3 devName=roceP2p1s0f1 ndevs=4 nmdevs=4 qp_num=2421 pkey=0 pd=0xeaa86807d010
node0:64:75 [0] NCCL INFO NET/IB: Subnet-aware routing: overriding dev 3 with dev 2
node0:64:75 [0] NCCL INFO NET/IB: ncclIbResiliencyInit: Resiliency is disabled on the send communicator (comm=0xeaa86900a000)
node0:64:75 [0] NCCL INFO NET/IB: Subnet-aware routing: overriding dev 3 with dev 2
node0:64:75 [0] NCCL INFO NET/IB: ncclIbResiliencyInit: Resiliency is disabled on the recv communicator (comm=0xeaa86904b000)
node0:64:75 [0] NCCL INFO NET/IB: ncclIbRecvCommInit: Receive work requests will be posted on-demand
node0:64:75 [0] NCCL INFO NET/IB: Subnet-aware routing: overriding dev 3 with dev 2
node0:64:75 [0] NCCL INFO NET/IB: ncclIbResiliencyInit: Resiliency is disabled on the send communicator (comm=0xeaa869093000)
node0:64:75 [0] NCCL INFO NET/IB: Subnet-aware routing: overriding dev 3 with dev 2
node0:64:75 [0] NCCL INFO NET/IB: ncclIbResiliencyInit: Resiliency is disabled on the recv communicator (comm=0xeaa8690d4000)
node0:64:75 [0] NCCL INFO NET/IB: ncclIbRecvCommInit: Receive work requests will be posted on-demand
node0:64:75 [0] NCCL INFO NET/IB: Subnet-aware routing: overriding dev 3 with dev 2
node0:64:75 [0] NCCL INFO NET/IB: ncclIbReceiverQpsCreateToRts: QP created: port=1 dev=3 devName=roceP2p1s0f1 ndevs=4 nmdevs=4 qp_num=2422 pkey=0 pd=0xeaa86807d010 oooRq=0
node0:64:75 [0] NCCL INFO NET/IB: ncclIbReceiverQpsCreateToRts: Flush QP created: port=1 dev=3 devName=roceP2p1s0f1 ndevs=4 nmdevs=4 qp_num=2423 pkey=0 pd=0xeaa86807d010
node0:64:75 [0] NCCL INFO NET/IB: Subnet-aware routing: overriding dev 0 with dev 1
node0:64:75 [0] NCCL INFO NET/IB: ncclIbReceiverQpsCreateToRts: QP created: port=1 dev=1 devName=rocep1s0f1 ndevs=4 nmdevs=4 qp_num=41142 pkey=0 pd=0xeaa8681d1b60 oooRq=0
node0:64:75 [0] NCCL INFO NET/IB: ncclIbReceiverQpsCreateToRts: Flush QP created: port=1 dev=1 devName=rocep1s0f1 ndevs=4 nmdevs=4 qp_num=41143 pkey=0 pd=0xeaa8681d1b60
node0:64:75 [0] NCCL INFO NET/IB: Subnet-aware routing: overriding dev 1 with dev 0
node0:64:75 [0] NCCL INFO NET/IB: ncclIbResiliencyInit: Resiliency is disabled on the send communicator (comm=0xeaa8691bb000)
node0:64:75 [0] NCCL INFO NET/IB: Subnet-aware routing: overriding dev 3 with dev 2
node0:64:75 [0] NCCL INFO NET/IB: Subnet-aware routing: overriding dev 1 with dev 0
node0:64:75 [0] NCCL INFO NET/IB: ncclIbResiliencyInit: Resiliency is disabled on the recv communicator (comm=0xeaa8691fc000)
node0:64:75 [0] NCCL INFO NET/IB: ncclIbRecvCommInit: Receive work requests will be posted on-demand
node0:64:75 [0] NCCL INFO NET/IB: Subnet-aware routing: overriding dev 3 with dev 2
node0:64:75 [0] NCCL INFO NET/IB: Subnet-aware routing: overriding dev 1 with dev 0
node0:64:75 [0] NCCL INFO NET/IB: ncclIbResiliencyInit: Resiliency is disabled on the send communicator (comm=0xeaa869241000)
node0:64:75 [0] NCCL INFO NET/IB: Subnet-aware routing: overriding dev 3 with dev 2
node0:64:75 [0] NCCL INFO NET/IB: Subnet-aware routing: overriding dev 1 with dev 0
node0:64:75 [0] NCCL INFO NET/IB: ncclIbReceiverQpsCreateToRts: QP created: port=1 dev=1 devName=rocep1s0f1 ndevs=4 nmdevs=4 qp_num=41144 pkey=0 pd=0xeaa8681d1b60 oooRq=0
node0:64:75 [0] NCCL INFO NET/IB: ncclIbReceiverQpsCreateToRts: Flush QP created: port=1 dev=1 devName=rocep1s0f1 ndevs=4 nmdevs=4 qp_num=41145 pkey=0 pd=0xeaa8681d1b60
node0:64:75 [0] NCCL INFO NET/IB: ncclIbResiliencyInit: Resiliency is disabled on the recv communicator (comm=0xeaa8692ce000)
node0:64:75 [0] NCCL INFO NET/IB: ncclIbRecvCommInit: Receive work requests will be posted on-demand
node0:64:75 [0] NCCL INFO NET/IB: Subnet-aware routing: overriding dev 3 with dev 2
node0:64:75 [0] NCCL INFO NET/IB: Subnet-aware routing: overriding dev 1 with dev 0
node0:64:75 [0] NCCL INFO NET/IB: Subnet-aware routing: overriding dev 3 with dev 2
node0:64:75 [0] NCCL INFO NET/IB: ncclIbResiliencyInit: Resiliency is disabled on the send communicator (comm=0xeaa869322000)
node0:64:75 [0] NCCL INFO NET/IB: Subnet-aware routing: overriding dev 3 with dev 2
node0:64:75 [0] NCCL INFO NET/IB: Subnet-aware routing: overriding dev 1 with dev 0
node0:64:75 [0] NCCL INFO NET/IB: Subnet-aware routing: overriding dev 3 with dev 2
node0:64:75 [0] NCCL INFO NET/IB: ncclIbResiliencyInit: Resiliency is disabled on the recv communicator (comm=0xeaa869366000)
node0:64:75 [0] NCCL INFO NET/IB: ncclIbRecvCommInit: Receive work requests will be posted on-demand
node0:64:75 [0] NCCL INFO NET/IB: Subnet-aware routing: overriding dev 3 with dev 2
node0:64:75 [0] NCCL INFO NET/IB: Subnet-aware routing: overriding dev 1 with dev 0
node0:64:75 [0] NCCL INFO NET/IB: Subnet-aware routing: overriding dev 3 with dev 2
node0:64:75 [0] NCCL INFO NET/IB: ncclIbResiliencyInit: Resiliency is disabled on the send communicator (comm=0xeaa8693ae000)
node0:64:75 [0] NCCL INFO NET/IB: Subnet-aware routing: overriding dev 3 with dev 2
node0:64:75 [0] NCCL INFO NET/IB: Subnet-aware routing: overriding dev 1 with dev 0
node0:64:75 [0] NCCL INFO NET/IB: Subnet-aware routing: overriding dev 3 with dev 2
node0:64:75 [0] NCCL INFO NET/IB: ncclIbResiliencyInit: Resiliency is disabled on the recv communicator (comm=0xeaa8693f2000)
node0:64:75 [0] NCCL INFO NET/IB: ncclIbRecvCommInit: Receive work requests will be posted on-demand
node0:64:75 [0] NCCL INFO NET/IB: ncclIbSenderQpsToRts: Set ECE: IbDev 2 Port 1 qp_num 2398 set_ece={supported=1, vendor_id=0x15b3, options=0x30000002, comp_mask=0x0}
node0:64:75 [0] NCCL INFO NET/IB: Subnet-aware routing: overriding dev 3 with dev 2
node0:64:75 [0] NCCL INFO NET/IB: ncclIbSenderQpsCreate: QP created: port=1 dev=2 devName=roceP2p1s0f0 ndevs=4 nmdevs=4 qp_num=2399 pkey=0 pd=0xeaa868373b90 oooRq=0
node0:64:75 [0] NCCL INFO NET/IB: ncclIbConnectImpl: NCCL Dev 2 IbDev 2 Port 1 qp_num 2399 mtu 5 GID 3 (0/16EA8C0FFFF0000) ctsFifoRkey=0x18c8c6 ctsFifoLkey=0x18c8c6
node0:64:75 [0] NCCL INFO NET/IB: ncclIbConnectImpl: IbDev 2 Port 1 qp_num 2399 query_ece={supported=1, vendor_id=0x15b3, options=0x30000002, comp_mask=0x0}
node0:64:75 [0] NCCL INFO NET/IB: ncclIbSenderQpsCreate: QP created: port=1 dev=0 devName=rocep1s0f0 ndevs=4 nmdevs=4 qp_num=46178 pkey=0 pd=0xeaa86807dc30 oooRq=0
node0:64:75 [0] NCCL INFO NET/IB: ncclIbConnectImpl: NCCL Dev 0 IbDev 0 Port 1 qp_num 46178 mtu 5 GID 6 (0/164A8C0FFFF0000) ctsFifoRkey=0x221081 ctsFifoLkey=0x221081
node0:64:75 [0] NCCL INFO NET/IB: ncclIbConnectImpl: IbDev 0 Port 1 qp_num 46178 query_ece={supported=1, vendor_id=0x15b3, options=0x30000002, comp_mask=0x0}
node0:64:75 [0] NCCL INFO NET/IB: Subnet-aware routing: overriding dev 1 with dev 0
node0:64:75 [0] NCCL INFO NET/IB: ncclIbSenderQpsCreate: QP created: port=1 dev=0 devName=rocep1s0f0 ndevs=4 nmdevs=4 qp_num=46179 pkey=0 pd=0xeaa86807dc30 oooRq=0
node0:64:75 [0] NCCL INFO NET/IB: ncclIbConnectImpl: NCCL Dev 0 IbDev 0 Port 1 qp_num 46179 mtu 5 GID 6 (0/164A8C0FFFF0000) ctsFifoRkey=0x220577 ctsFifoLkey=0x220577
node0:64:75 [0] NCCL INFO NET/IB: ncclIbConnectImpl: IbDev 0 Port 1 qp_num 46179 query_ece={supported=1, vendor_id=0x15b3, options=0x30000002, comp_mask=0x0}
node0:64:75 [0] NCCL INFO NET/IB: ncclIbSenderQpsCreate: QP created: port=1 dev=2 devName=roceP2p1s0f0 ndevs=4 nmdevs=4 qp_num=2400 pkey=0 pd=0xeaa868373b90 oooRq=0
node0:64:75 [0] NCCL INFO NET/IB: ncclIbConnectImpl: NCCL Dev 2 IbDev 2 Port 1 qp_num 2400 mtu 5 GID 3 (0/16EA8C0FFFF0000) ctsFifoRkey=0x19a19f ctsFifoLkey=0x19a19f
node0:64:75 [0] NCCL INFO NET/IB: ncclIbConnectImpl: IbDev 2 Port 1 qp_num 2400 query_ece={supported=1, vendor_id=0x15b3, options=0x30000002, comp_mask=0x0}
node0:64:75 [0] NCCL INFO NET/IB: Subnet-aware routing: overriding dev 2 with dev 3
node0:64:75 [0] NCCL INFO NET/IB: ncclIbReceiverQpsCreateToRts: QP created: port=1 dev=3 devName=roceP2p1s0f1 ndevs=4 nmdevs=4 qp_num=2424 pkey=0 pd=0xeaa86807d010 oooRq=0
node0:64:75 [0] NCCL INFO NET/IB: ncclIbReceiverQpsCreateToRts: Flush QP created: port=1 dev=3 devName=roceP2p1s0f1 ndevs=4 nmdevs=4 qp_num=2425 pkey=0 pd=0xeaa86807d010
node0:64:75 [0] NCCL INFO NET/IB: Subnet-aware routing: overriding dev 3 with dev 2
node0:64:75 [0] NCCL INFO NET/IB: ncclIbSenderQpsCreate: QP created: port=1 dev=2 devName=roceP2p1s0f0 ndevs=4 nmdevs=4 qp_num=2401 pkey=0 pd=0xeaa868373b90 oooRq=0
node0:64:75 [0] NCCL INFO NET/IB: ncclIbConnectImpl: NCCL Dev 2 IbDev 2 Port 1 qp_num 2401 mtu 5 GID 3 (0/16EA8C0FFFF0000) ctsFifoRkey=0x18f2f2 ctsFifoLkey=0x18f2f2
node0:64:75 [0] NCCL INFO NET/IB: ncclIbConnectImpl: IbDev 2 Port 1 qp_num 2401 query_ece={supported=1, vendor_id=0x15b3, options=0x30000002, comp_mask=0x0}
node0:64:75 [0] NCCL INFO NET/IB: ncclIbReceiverQpsCreateToRts: QP created: port=1 dev=3 devName=roceP2p1s0f1 ndevs=4 nmdevs=4 qp_num=2426 pkey=0 pd=0xeaa86807d010 oooRq=0
node0:64:75 [0] NCCL INFO NET/IB: ncclIbReceiverQpsCreateToRts: Flush QP created: port=1 dev=3 devName=roceP2p1s0f1 ndevs=4 nmdevs=4 qp_num=2427 pkey=0 pd=0xeaa86807d010
node0:64:75 [0] NCCL INFO NET/IB: ncclIbSenderQpsCreate: QP created: port=1 dev=0 devName=rocep1s0f0 ndevs=4 nmdevs=4 qp_num=46180 pkey=0 pd=0xeaa86807dc30 oooRq=0
node0:64:75 [0] NCCL INFO NET/IB: ncclIbConnectImpl: NCCL Dev 0 IbDev 0 Port 1 qp_num 46180 mtu 5 GID 6 (0/164A8C0FFFF0000) ctsFifoRkey=0x170bc9 ctsFifoLkey=0x170bc9
node0:64:75 [0] NCCL INFO NET/IB: ncclIbConnectImpl: IbDev 0 Port 1 qp_num 46180 query_ece={supported=1, vendor_id=0x15b3, options=0x30000002, comp_mask=0x0}
node0:64:75 [0] NCCL INFO NET/IB: Subnet-aware routing: overriding dev 0 with dev 1
node0:64:75 [0] NCCL INFO NET/IB: ncclIbReceiverQpsCreateToRts: QP created: port=1 dev=1 devName=rocep1s0f1 ndevs=4 nmdevs=4 qp_num=41146 pkey=0 pd=0xeaa8681d1b60 oooRq=0
node0:64:75 [0] NCCL INFO NET/IB: ncclIbReceiverQpsCreateToRts: Flush QP created: port=1 dev=1 devName=rocep1s0f1 ndevs=4 nmdevs=4 qp_num=41147 pkey=0 pd=0xeaa8681d1b60
node0:64:75 [0] NCCL INFO NET/IB: Subnet-aware routing: overriding dev 1 with dev 0
node0:64:75 [0] NCCL INFO NET/IB: ncclIbResiliencyInit: Resiliency is disabled on the send communicator (comm=0xeaa869652000)
node0:64:75 [0] NCCL INFO NET/IB: Subnet-aware routing: overriding dev 3 with dev 2
node0:64:75 [0] NCCL INFO NET/IB: ncclIbSenderQpsToRts: Set ECE: IbDev 2 Port 1 qp_num 2399 set_ece={supported=1, vendor_id=0x15b3, options=0x30000002, comp_mask=0x0}
node0:64:75 [0] NCCL INFO NET/IB: ncclIbSenderQpsToRts: Set ECE: IbDev 0 Port 1 qp_num 46178 set_ece={supported=1, vendor_id=0x15b3, options=0x30000002, comp_mask=0x0}
node0:64:75 [0] NCCL INFO NET/IB: Subnet-aware routing: overriding dev 1 with dev 0
node0:64:75 [0] NCCL INFO NET/IB: ncclIbSenderQpsToRts: Set ECE: IbDev 0 Port 1 qp_num 46179 set_ece={supported=1, vendor_id=0x15b3, options=0x30000002, comp_mask=0x0}
node0:64:75 [0] NCCL INFO NET/IB: ncclIbSenderQpsToRts: Set ECE: IbDev 2 Port 1 qp_num 2400 set_ece={supported=1, vendor_id=0x15b3, options=0x30000002, comp_mask=0x0}
node0:64:75 [0] NCCL INFO NET/IB: Subnet-aware routing: overriding dev 3 with dev 2
node0:64:75 [0] NCCL INFO NET/IB: ncclIbSenderQpsToRts: Set ECE: IbDev 2 Port 1 qp_num 2401 set_ece={supported=1, vendor_id=0x15b3, options=0x30000002, comp_mask=0x0}
node0:64:75 [0] NCCL INFO NET/IB: ncclIbSenderQpsToRts: Set ECE: IbDev 0 Port 1 qp_num 46180 set_ece={supported=1, vendor_id=0x15b3, options=0x30000002, comp_mask=0x0}
node0:64:75 [0] NCCL INFO NET/IB: Subnet-aware routing: overriding dev 1 with dev 0
node0:64:75 [0] NCCL INFO NET/IB: ncclIbResiliencyInit: Resiliency is disabled on the recv communicator (comm=0xeaa869693000)
node0:64:75 [0] NCCL INFO NET/IB: ncclIbRecvCommInit: Receive work requests will be posted on-demand
node0:64:75 [0] NCCL INFO NET/IB: Subnet-aware routing: overriding dev 1 with dev 0
node0:64:75 [0] NCCL INFO NET/IB: ncclIbResiliencyInit: Resiliency is disabled on the send communicator (comm=0xeaa8696d8000)
node0:64:75 [0] NCCL INFO NET/IB: Subnet-aware routing: overriding dev 1 with dev 0
node0:64:75 [0] NCCL INFO NET/IB: ncclIbResiliencyInit: Resiliency is disabled on the recv communicator (comm=0xeaa869719000)
node0:64:75 [0] NCCL INFO NET/IB: ncclIbRecvCommInit: Receive work requests will be posted on-demand
node0:64:75 [0] NCCL INFO NET/IB: Subnet-aware routing: overriding dev 1 with dev 0
node0:64:75 [0] NCCL INFO NET/IB: Subnet-aware routing: overriding dev 3 with dev 2
node0:64:75 [0] NCCL INFO NET/IB: ncclIbResiliencyInit: Resiliency is disabled on the send communicator (comm=0xeaa86975e000)
node0:64:75 [0] NCCL INFO NET/IB: Subnet-aware routing: overriding dev 1 with dev 0
node0:64:75 [0] NCCL INFO NET/IB: ncclIbReceiverQpsCreateToRts: QP created: port=1 dev=1 devName=rocep1s0f1 ndevs=4 nmdevs=4 qp_num=41148 pkey=0 pd=0xeaa8681d1b60 oooRq=0
node0:64:75 [0] NCCL INFO NET/IB: ncclIbReceiverQpsCreateToRts: Flush QP created: port=1 dev=1 devName=rocep1s0f1 ndevs=4 nmdevs=4 qp_num=41149 pkey=0 pd=0xeaa8681d1b60
node0:64:75 [0] NCCL INFO NET/IB: Subnet-aware routing: overriding dev 2 with dev 3
node0:64:75 [0] NCCL INFO NET/IB: ncclIbReceiverQpsCreateToRts: QP created: port=1 dev=3 devName=roceP2p1s0f1 ndevs=4 nmdevs=4 qp_num=2428 pkey=0 pd=0xeaa86807d010 oooRq=0
node0:64:75 [0] NCCL INFO NET/IB: ncclIbReceiverQpsCreateToRts: Flush QP created: port=1 dev=3 devName=roceP2p1s0f1 ndevs=4 nmdevs=4 qp_num=2429 pkey=0 pd=0xeaa86807d010
node0:64:75 [0] NCCL INFO NET/IB: Subnet-aware routing: overriding dev 3 with dev 2
node0:64:75 [0] NCCL INFO NET/IB: ncclIbResiliencyInit: Resiliency is disabled on the recv communicator (comm=0xeaa869831000)
node0:64:75 [0] NCCL INFO NET/IB: ncclIbRecvCommInit: Receive work requests will be posted on-demand
node0:64:75 [0] NCCL INFO NET/IB: Subnet-aware routing: overriding dev 1 with dev 0
node0:64:75 [0] NCCL INFO NET/IB: Subnet-aware routing: overriding dev 3 with dev 2
node0:64:75 [0] NCCL INFO NET/IB: ncclIbResiliencyInit: Resiliency is disabled on the send communicator (comm=0xeaa869879000)
node0:64:75 [0] NCCL INFO NET/IB: Subnet-aware routing: overriding dev 1 with dev 0
node0:64:75 [0] NCCL INFO NET/IB: Subnet-aware routing: overriding dev 3 with dev 2
node0:64:75 [0] NCCL INFO NET/IB: ncclIbReceiverQpsCreateToRts: QP created: port=1 dev=3 devName=roceP2p1s0f1 ndevs=4 nmdevs=4 qp_num=2430 pkey=0 pd=0xeaa86807d010 oooRq=0
node0:64:75 [0] NCCL INFO NET/IB: ncclIbReceiverQpsCreateToRts: Flush QP created: port=1 dev=3 devName=roceP2p1s0f1 ndevs=4 nmdevs=4 qp_num=2431 pkey=0 pd=0xeaa86807d010
node0:64:75 [0] NCCL INFO NET/IB: ncclIbResiliencyInit: Resiliency is disabled on the recv communicator (comm=0xeaa869910000)
node0:64:75 [0] NCCL INFO NET/IB: ncclIbRecvCommInit: Receive work requests will be posted on-demand
node0:64:75 [0] NCCL INFO NET/IB: Subnet-aware routing: overriding dev 1 with dev 0
node0:64:75 [0] NCCL INFO NET/IB: Subnet-aware routing: overriding dev 3 with dev 2
node0:64:75 [0] NCCL INFO NET/IB: Subnet-aware routing: overriding dev 1 with dev 0
node0:64:75 [0] NCCL INFO NET/IB: ncclIbResiliencyInit: Resiliency is disabled on the send communicator (comm=0xeaa869958000)
node0:64:75 [0] NCCL INFO NET/IB: Subnet-aware routing: overriding dev 1 with dev 0
node0:64:75 [0] NCCL INFO NET/IB: Subnet-aware routing: overriding dev 3 with dev 2
node0:64:75 [0] NCCL INFO NET/IB: Subnet-aware routing: overriding dev 1 with dev 0
node0:64:75 [0] NCCL INFO NET/IB: ncclIbResiliencyInit: Resiliency is disabled on the recv communicator (comm=0xeaa869999000)
node0:64:75 [0] NCCL INFO NET/IB: ncclIbRecvCommInit: Receive work requests will be posted on-demand
node0:64:75 [0] NCCL INFO NET/IB: Subnet-aware routing: overriding dev 1 with dev 0
node0:64:75 [0] NCCL INFO NET/IB: Subnet-aware routing: overriding dev 3 with dev 2
node0:64:75 [0] NCCL INFO NET/IB: Subnet-aware routing: overriding dev 1 with dev 0
node0:64:75 [0] NCCL INFO NET/IB: ncclIbResiliencyInit: Resiliency is disabled on the send communicator (comm=0xeaa8699e4000)
node0:64:75 [0] NCCL INFO NET/IB: Subnet-aware routing: overriding dev 1 with dev 0
node0:64:75 [0] NCCL INFO NET/IB: Subnet-aware routing: overriding dev 3 with dev 2
node0:64:75 [0] NCCL INFO NET/IB: Subnet-aware routing: overriding dev 0 with dev 1
node0:64:75 [0] NCCL INFO NET/IB: ncclIbReceiverQpsCreateToRts: QP created: port=1 dev=1 devName=rocep1s0f1 ndevs=4 nmdevs=4 qp_num=41150 pkey=0 pd=0xeaa8681d1b60 oooRq=0
node0:64:75 [0] NCCL INFO NET/IB: ncclIbReceiverQpsCreateToRts: Flush QP created: port=1 dev=1 devName=rocep1s0f1 ndevs=4 nmdevs=4 qp_num=41151 pkey=0 pd=0xeaa8681d1b60
node0:64:75 [0] NCCL INFO NET/IB: Subnet-aware routing: overriding dev 1 with dev 0
node0:64:75 [0] NCCL INFO NET/IB: ncclIbSenderQpsCreate: QP created: port=1 dev=0 devName=rocep1s0f0 ndevs=4 nmdevs=4 qp_num=46181 pkey=0 pd=0xeaa86807dc30 oooRq=0
node0:64:75 [0] NCCL INFO NET/IB: ncclIbConnectImpl: NCCL Dev 0 IbDev 0 Port 1 qp_num 46181 mtu 5 GID 6 (0/164A8C0FFFF0000) ctsFifoRkey=0x18836e ctsFifoLkey=0x18836e
node0:64:75 [0] NCCL INFO NET/IB: ncclIbConnectImpl: IbDev 0 Port 1 qp_num 46181 query_ece={supported=1, vendor_id=0x15b3, options=0x30000002, comp_mask=0x0}
node0:64:75 [0] NCCL INFO NET/IB: ncclIbReceiverQpsCreateToRts: QP created: port=1 dev=1 devName=rocep1s0f1 ndevs=4 nmdevs=4 qp_num=41152 pkey=0 pd=0xeaa8681d1b60 oooRq=0
node0:64:75 [0] NCCL INFO NET/IB: ncclIbReceiverQpsCreateToRts: Flush QP created: port=1 dev=1 devName=rocep1s0f1 ndevs=4 nmdevs=4 qp_num=41153 pkey=0 pd=0xeaa8681d1b60
node0:64:75 [0] NCCL INFO NET/IB: ncclIbResiliencyInit: Resiliency is disabled on the recv communicator (comm=0xeaa869af7000)
node0:64:75 [0] NCCL INFO NET/IB: ncclIbRecvCommInit: Receive work requests will be posted on-demand
node0:64:75 [0] NCCL INFO NET/IB: Subnet-aware routing: overriding dev 1 with dev 0
node0:64:75 [0] NCCL INFO NET/IB: ncclIbSenderQpsCreate: QP created: port=1 dev=0 devName=rocep1s0f0 ndevs=4 nmdevs=4 qp_num=46182 pkey=0 pd=0xeaa86807dc30 oooRq=0
node0:64:75 [0] NCCL INFO NET/IB: ncclIbConnectImpl: NCCL Dev 0 IbDev 0 Port 1 qp_num 46182 mtu 5 GID 6 (0/164A8C0FFFF0000) ctsFifoRkey=0x160eca ctsFifoLkey=0x160eca
node0:64:75 [0] NCCL INFO NET/IB: ncclIbConnectImpl: IbDev 0 Port 1 qp_num 46182 query_ece={supported=1, vendor_id=0x15b3, options=0x30000002, comp_mask=0x0}
node0:64:75 [0] NCCL INFO NET/IB: ncclIbSenderQpsCreate: QP created: port=1 dev=2 devName=roceP2p1s0f0 ndevs=4 nmdevs=4 qp_num=2402 pkey=0 pd=0xeaa868373b90 oooRq=0
node0:64:75 [0] NCCL INFO NET/IB: ncclIbConnectImpl: NCCL Dev 2 IbDev 2 Port 1 qp_num 2402 mtu 5 GID 3 (0/16EA8C0FFFF0000) ctsFifoRkey=0x1cbe59 ctsFifoLkey=0x1cbe59
node0:64:75 [0] NCCL INFO NET/IB: ncclIbConnectImpl: IbDev 2 Port 1 qp_num 2402 query_ece={supported=1, vendor_id=0x15b3, options=0x30000002, comp_mask=0x0}
node0:64:75 [0] NCCL INFO NET/IB: Subnet-aware routing: overriding dev 3 with dev 2
node0:64:75 [0] NCCL INFO NET/IB: ncclIbSenderQpsCreate: QP created: port=1 dev=2 devName=roceP2p1s0f0 ndevs=4 nmdevs=4 qp_num=2403 pkey=0 pd=0xeaa868373b90 oooRq=0
node0:64:75 [0] NCCL INFO NET/IB: ncclIbConnectImpl: NCCL Dev 2 IbDev 2 Port 1 qp_num 2403 mtu 5 GID 3 (0/16EA8C0FFFF0000) ctsFifoRkey=0x18bdbb ctsFifoLkey=0x18bdbb
node0:64:75 [0] NCCL INFO NET/IB: ncclIbConnectImpl: IbDev 2 Port 1 qp_num 2403 query_ece={supported=1, vendor_id=0x15b3, options=0x30000002, comp_mask=0x0}
node0:64:75 [0] NCCL INFO NET/IB: ncclIbSenderQpsCreate: QP created: port=1 dev=0 devName=rocep1s0f0 ndevs=4 nmdevs=4 qp_num=46183 pkey=0 pd=0xeaa86807dc30 oooRq=0
node0:64:75 [0] NCCL INFO NET/IB: ncclIbConnectImpl: NCCL Dev 0 IbDev 0 Port 1 qp_num 46183 mtu 5 GID 6 (0/164A8C0FFFF0000) ctsFifoRkey=0x2242b1 ctsFifoLkey=0x2242b1
node0:64:75 [0] NCCL INFO NET/IB: ncclIbConnectImpl: IbDev 0 Port 1 qp_num 46183 query_ece={supported=1, vendor_id=0x15b3, options=0x30000002, comp_mask=0x0}
node0:64:75 [0] NCCL INFO NET/IB: Subnet-aware routing: overriding dev 1 with dev 0
node0:64:75 [0] NCCL INFO NET/IB: Subnet-aware routing: overriding dev 3 with dev 2
node0:64:75 [0] NCCL INFO NET/IB: ncclIbResiliencyInit: Resiliency is disabled on the send communicator (comm=0xeaa869c07000)
node0:64:75 [0] NCCL INFO NET/IB: Subnet-aware routing: overriding dev 1 with dev 0
node0:64:75 [0] NCCL INFO NET/IB: Subnet-aware routing: overriding dev 3 with dev 2
node0:64:75 [0] NCCL INFO NET/IB: Subnet-aware routing: overriding dev 1 with dev 0
node0:64:75 [0] NCCL INFO NET/IB: ncclIbSenderQpsToRts: Set ECE: IbDev 0 Port 1 qp_num 46181 set_ece={supported=1, vendor_id=0x15b3, options=0x30000002, comp_mask=0x0}
node0:64:75 [0] NCCL INFO NET/IB: ncclIbSenderQpsCreate: QP created: port=1 dev=2 devName=roceP2p1s0f0 ndevs=4 nmdevs=4 qp_num=2404 pkey=0 pd=0xeaa868373b90 oooRq=0
node0:64:75 [0] NCCL INFO NET/IB: ncclIbConnectImpl: NCCL Dev 2 IbDev 2 Port 1 qp_num 2404 mtu 5 GID 3 (0/16EA8C0FFFF0000) ctsFifoRkey=0x17bdba ctsFifoLkey=0x17bdba
node0:64:75 [0] NCCL INFO NET/IB: ncclIbConnectImpl: IbDev 2 Port 1 qp_num 2404 query_ece={supported=1, vendor_id=0x15b3, options=0x30000002, comp_mask=0x0}
node0:64:75 [0] NCCL INFO NET/IB: Subnet-aware routing: overriding dev 3 with dev 2
node0:64:75 [0] NCCL INFO NET/IB: ncclIbResiliencyInit: Resiliency is disabled on the recv communicator (comm=0xeaa869c7b000)
node0:64:75 [0] NCCL INFO NET/IB: ncclIbRecvCommInit: Receive work requests will be posted on-demand
node0:64:75 [0] NCCL INFO NET/IB: Subnet-aware routing: overriding dev 1 with dev 0
node0:64:75 [0] NCCL INFO NET/IB: ncclIbSenderQpsToRts: Set ECE: IbDev 0 Port 1 qp_num 46182 set_ece={supported=1, vendor_id=0x15b3, options=0x30000002, comp_mask=0x0}
node0:64:75 [0] NCCL INFO NET/IB: ncclIbSenderQpsToRts: Set ECE: IbDev 2 Port 1 qp_num 2402 set_ece={supported=1, vendor_id=0x15b3, options=0x30000002, comp_mask=0x0}
node0:64:75 [0] NCCL INFO NET/IB: Subnet-aware routing: overriding dev 3 with dev 2
node0:64:75 [0] NCCL INFO NET/IB: ncclIbSenderQpsToRts: Set ECE: IbDev 2 Port 1 qp_num 2403 set_ece={supported=1, vendor_id=0x15b3, options=0x30000002, comp_mask=0x0}
node0:64:75 [0] NCCL INFO NET/IB: ncclIbSenderQpsToRts: Set ECE: IbDev 0 Port 1 qp_num 46183 set_ece={supported=1, vendor_id=0x15b3, options=0x30000002, comp_mask=0x0}
node0:64:75 [0] NCCL INFO NET/IB: Subnet-aware routing: overriding dev 2 with dev 3
node0:64:75 [0] NCCL INFO NET/IB: ncclIbReceiverQpsCreateToRts: QP created: port=1 dev=3 devName=roceP2p1s0f1 ndevs=4 nmdevs=4 qp_num=2432 pkey=0 pd=0xeaa86807d010 oooRq=0
node0:64:75 [0] NCCL INFO NET/IB: ncclIbReceiverQpsCreateToRts: Flush QP created: port=1 dev=3 devName=roceP2p1s0f1 ndevs=4 nmdevs=4 qp_num=2433 pkey=0 pd=0xeaa86807d010
node0:64:75 [0] NCCL INFO NET/IB: Subnet-aware routing: overriding dev 3 with dev 2
node0:64:75 [0] NCCL INFO NET/IB: ncclIbReceiverQpsCreateToRts: QP created: port=1 dev=3 devName=roceP2p1s0f1 ndevs=4 nmdevs=4 qp_num=2434 pkey=0 pd=0xeaa86807d010 oooRq=0
node0:64:75 [0] NCCL INFO NET/IB: ncclIbReceiverQpsCreateToRts: Flush QP created: port=1 dev=3 devName=roceP2p1s0f1 ndevs=4 nmdevs=4 qp_num=2435 pkey=0 pd=0xeaa86807d010
node0:64:75 [0] NCCL INFO NET/IB: ncclIbResiliencyInit: Resiliency is disabled on the send communicator (comm=0xeaa869d58000)
node0:64:75 [0] NCCL INFO NET/IB: Subnet-aware routing: overriding dev 3 with dev 2
node0:64:75 [0] NCCL INFO NET/IB: ncclIbResiliencyInit: Resiliency is disabled on the recv communicator (comm=0xeaa869d99000)
node0:64:75 [0] NCCL INFO NET/IB: ncclIbRecvCommInit: Receive work requests will be posted on-demand
node0:64:75 [0] NCCL INFO NET/IB: Subnet-aware routing: overriding dev 3 with dev 2
node0:64:75 [0] NCCL INFO NET/IB: Subnet-aware routing: overriding dev 0 with dev 1
node0:64:75 [0] NCCL INFO NET/IB: ncclIbReceiverQpsCreateToRts: QP created: port=1 dev=1 devName=rocep1s0f1 ndevs=4 nmdevs=4 qp_num=41154 pkey=0 pd=0xeaa8681d1b60 oooRq=0
node0:64:75 [0] NCCL INFO NET/IB: ncclIbReceiverQpsCreateToRts: Flush QP created: port=1 dev=1 devName=rocep1s0f1 ndevs=4 nmdevs=4 qp_num=41155 pkey=0 pd=0xeaa8681d1b60
node0:64:75 [0] NCCL INFO NET/IB: Subnet-aware routing: overriding dev 1 with dev 0
node0:64:75 [0] NCCL INFO NET/IB: ncclIbResiliencyInit: Resiliency is disabled on the send communicator (comm=0xeaa869e2c000)
node0:64:75 [0] NCCL INFO NET/IB: Subnet-aware routing: overriding dev 3 with dev 2
node0:64:75 [0] NCCL INFO NET/IB: Subnet-aware routing: overriding dev 1 with dev 0
node0:64:75 [0] NCCL INFO NET/IB: ncclIbResiliencyInit: Resiliency is disabled on the recv communicator (comm=0xeaa869e6d000)
node0:64:75 [0] NCCL INFO NET/IB: ncclIbRecvCommInit: Receive work requests will be posted on-demand
node0:64:75 [0] NCCL INFO NET/IB: Subnet-aware routing: overriding dev 3 with dev 2
node0:64:75 [0] NCCL INFO NET/IB: Subnet-aware routing: overriding dev 1 with dev 0
node0:64:75 [0] NCCL INFO NET/IB: ncclIbReceiverQpsCreateToRts: QP created: port=1 dev=1 devName=rocep1s0f1 ndevs=4 nmdevs=4 qp_num=41156 pkey=0 pd=0xeaa8681d1b60 oooRq=0
node0:64:75 [0] NCCL INFO NET/IB: ncclIbReceiverQpsCreateToRts: Flush QP created: port=1 dev=1 devName=rocep1s0f1 ndevs=4 nmdevs=4 qp_num=41157 pkey=0 pd=0xeaa8681d1b60
node0:64:75 [0] NCCL INFO NET/IB: ncclIbResiliencyInit: Resiliency is disabled on the send communicator (comm=0xeaa869f01000)
node0:64:75 [0] NCCL INFO NET/IB: Subnet-aware routing: overriding dev 3 with dev 2
node0:64:75 [0] NCCL INFO NET/IB: Subnet-aware routing: overriding dev 1 with dev 0
node0:64:75 [0] NCCL INFO NET/IB: ncclIbResiliencyInit: Resiliency is disabled on the recv communicator (comm=0xeaa869f45000)
node0:64:75 [0] NCCL INFO NET/IB: ncclIbRecvCommInit: Receive work requests will be posted on-demand
node0:64:75 [0] NCCL INFO NET/IB: ncclIbSenderQpsToRts: Set ECE: IbDev 2 Port 1 qp_num 2404 set_ece={supported=1, vendor_id=0x15b3, options=0x30000002, comp_mask=0x0}
node0:64:75 [0] NCCL INFO NET/IB: Subnet-aware routing: overriding dev 3 with dev 2
node0:64:75 [0] NCCL INFO NET/IB: ncclIbSenderQpsCreate: QP created: port=1 dev=2 devName=roceP2p1s0f0 ndevs=4 nmdevs=4 qp_num=2405 pkey=0 pd=0xeaa868373b90 oooRq=0
node0:64:75 [0] NCCL INFO NET/IB: ncclIbConnectImpl: NCCL Dev 2 IbDev 2 Port 1 qp_num 2405 mtu 5 GID 3 (0/16EA8C0FFFF0000) ctsFifoRkey=0x17302e ctsFifoLkey=0x17302e
node0:64:75 [0] NCCL INFO NET/IB: ncclIbConnectImpl: IbDev 2 Port 1 qp_num 2405 query_ece={supported=1, vendor_id=0x15b3, options=0x30000002, comp_mask=0x0}
node0:64:75 [0] NCCL INFO NET/IB: Subnet-aware routing: overriding dev 1 with dev 0
node0:64:75 [0] NCCL INFO NET/IB: Subnet-aware routing: overriding dev 2 with dev 3
node0:64:75 [0] NCCL INFO NET/IB: ncclIbReceiverQpsCreateToRts: QP created: port=1 dev=3 devName=roceP2p1s0f1 ndevs=4 nmdevs=4 qp_num=2436 pkey=0 pd=0xeaa86807d010 oooRq=0
node0:64:75 [0] NCCL INFO NET/IB: ncclIbReceiverQpsCreateToRts: Flush QP created: port=1 dev=3 devName=roceP2p1s0f1 ndevs=4 nmdevs=4 qp_num=2437 pkey=0 pd=0xeaa86807d010
node0:64:75 [0] NCCL INFO NET/IB: Subnet-aware routing: overriding dev 3 with dev 2
node0:64:75 [0] NCCL INFO NET/IB: ncclIbResiliencyInit: Resiliency is disabled on the send communicator (comm=0xeaa86a013000)
node0:64:75 [0] NCCL INFO NET/IB: Subnet-aware routing: overriding dev 3 with dev 2
node0:64:75 [0] NCCL INFO NET/IB: Subnet-aware routing: overriding dev 1 with dev 0
node0:64:75 [0] NCCL INFO NET/IB: ncclIbSenderQpsCreate: QP created: port=1 dev=0 devName=rocep1s0f0 ndevs=4 nmdevs=4 qp_num=46184 pkey=0 pd=0xeaa86807dc30 oooRq=0
node0:64:75 [0] NCCL INFO NET/IB: ncclIbConnectImpl: NCCL Dev 0 IbDev 0 Port 1 qp_num 46184 mtu 5 GID 6 (0/164A8C0FFFF0000) ctsFifoRkey=0x182be8 ctsFifoLkey=0x182be8
node0:64:75 [0] NCCL INFO NET/IB: ncclIbConnectImpl: IbDev 0 Port 1 qp_num 46184 query_ece={supported=1, vendor_id=0x15b3, options=0x30000002, comp_mask=0x0}
node0:64:75 [0] NCCL INFO NET/IB: Subnet-aware routing: overriding dev 3 with dev 2
node0:64:75 [0] NCCL INFO NET/IB: ncclIbResiliencyInit: Resiliency is disabled on the recv communicator (comm=0xeaa86a087000)
node0:64:75 [0] NCCL INFO NET/IB: ncclIbRecvCommInit: Receive work requests will be posted on-demand
node0:64:75 [0] NCCL INFO NET/IB: Subnet-aware routing: overriding dev 3 with dev 2
node0:64:75 [0] NCCL INFO NET/IB: ncclIbSenderQpsToRts: Set ECE: IbDev 2 Port 1 qp_num 2405 set_ece={supported=1, vendor_id=0x15b3, options=0x30000002, comp_mask=0x0}
node0:64:75 [0] NCCL INFO NET/IB: ncclIbSenderQpsCreate: QP created: port=1 dev=0 devName=rocep1s0f0 ndevs=4 nmdevs=4 qp_num=46185 pkey=0 pd=0xeaa86807dc30 oooRq=0
node0:64:75 [0] NCCL INFO NET/IB: ncclIbConnectImpl: NCCL Dev 0 IbDev 0 Port 1 qp_num 46185 mtu 5 GID 6 (0/164A8C0FFFF0000) ctsFifoRkey=0x18a792 ctsFifoLkey=0x18a792
node0:64:75 [0] NCCL INFO NET/IB: ncclIbConnectImpl: IbDev 0 Port 1 qp_num 46185 query_ece={supported=1, vendor_id=0x15b3, options=0x30000002, comp_mask=0x0}
node0:64:75 [0] NCCL INFO NET/IB: Subnet-aware routing: overriding dev 1 with dev 0
node0:64:75 [0] NCCL INFO NET/IB: ncclIbSenderQpsToRts: Set ECE: IbDev 0 Port 1 qp_num 46184 set_ece={supported=1, vendor_id=0x15b3, options=0x30000002, comp_mask=0x0}
node0:64:75 [0] NCCL INFO NET/IB: ncclIbSenderQpsCreate: QP created: port=1 dev=2 devName=roceP2p1s0f0 ndevs=4 nmdevs=4 qp_num=2406 pkey=0 pd=0xeaa868373b90 oooRq=0
node0:64:75 [0] NCCL INFO NET/IB: ncclIbConnectImpl: NCCL Dev 2 IbDev 2 Port 1 qp_num 2406 mtu 5 GID 3 (0/16EA8C0FFFF0000) ctsFifoRkey=0x171919 ctsFifoLkey=0x171919
node0:64:75 [0] NCCL INFO NET/IB: ncclIbConnectImpl: IbDev 2 Port 1 qp_num 2406 query_ece={supported=1, vendor_id=0x15b3, options=0x30000002, comp_mask=0x0}
node0:64:75 [0] NCCL INFO NET/IB: Subnet-aware routing: overriding dev 3 with dev 2
node0:64:75 [0] NCCL INFO NET/IB: ncclIbReceiverQpsCreateToRts: QP created: port=1 dev=3 devName=roceP2p1s0f1 ndevs=4 nmdevs=4 qp_num=2438 pkey=0 pd=0xeaa86807d010 oooRq=0
node0:64:75 [0] NCCL INFO NET/IB: ncclIbReceiverQpsCreateToRts: Flush QP created: port=1 dev=3 devName=roceP2p1s0f1 ndevs=4 nmdevs=4 qp_num=2439 pkey=0 pd=0xeaa86807d010
node0:64:75 [0] NCCL INFO NET/IB: ncclIbResiliencyInit: Resiliency is disabled on the send communicator (comm=0xeaa86a180000)
node0:64:75 [0] NCCL INFO NET/IB: ncclIbSenderQpsToRts: Set ECE: IbDev 0 Port 1 qp_num 46185 set_ece={supported=1, vendor_id=0x15b3, options=0x30000002, comp_mask=0x0}
node0:64:75 [0] NCCL INFO NET/IB: ncclIbSenderQpsToRts: Set ECE: IbDev 2 Port 1 qp_num 2406 set_ece={supported=1, vendor_id=0x15b3, options=0x30000002, comp_mask=0x0}
node0:64:75 [0] NCCL INFO NET/IB: Subnet-aware routing: overriding dev 3 with dev 2
node0:64:75 [0] NCCL INFO NET/IB: ncclIbSenderQpsCreate: QP created: port=1 dev=2 devName=roceP2p1s0f0 ndevs=4 nmdevs=4 qp_num=2407 pkey=0 pd=0xeaa868373b90 oooRq=0
node0:64:75 [0] NCCL INFO NET/IB: ncclIbConnectImpl: NCCL Dev 2 IbDev 2 Port 1 qp_num 2407 mtu 5 GID 3 (0/16EA8C0FFFF0000) ctsFifoRkey=0x194947 ctsFifoLkey=0x194947
node0:64:75 [0] NCCL INFO NET/IB: ncclIbConnectImpl: IbDev 2 Port 1 qp_num 2407 query_ece={supported=1, vendor_id=0x15b3, options=0x30000002, comp_mask=0x0}
node0:64:75 [0] NCCL INFO NET/IB: ncclIbResiliencyInit: Resiliency is disabled on the recv communicator (comm=0xeaa86a1f2000)
node0:64:75 [0] NCCL INFO NET/IB: ncclIbRecvCommInit: Receive work requests will be posted on-demand
node0:64:75 [0] NCCL INFO NET/IB: Subnet-aware routing: overriding dev 3 with dev 2
node0:64:75 [0] NCCL INFO NET/IB: Subnet-aware routing: overriding dev 1 with dev 0
node0:64:75 [0] NCCL INFO NET/IB: ncclIbResiliencyInit: Resiliency is disabled on the send communicator (comm=0xeaa86a23a000)
node0:64:75 [0] NCCL INFO NET/IB: Subnet-aware routing: overriding dev 3 with dev 2
node0:64:75 [0] NCCL INFO NET/IB: Subnet-aware routing: overriding dev 1 with dev 0
node0:64:75 [0] NCCL INFO NET/IB: ncclIbResiliencyInit: Resiliency is disabled on the recv communicator (comm=0xeaa86a27e000)
node0:64:75 [0] NCCL INFO NET/IB: ncclIbRecvCommInit: Receive work requests will be posted on-demand
node0:64:75 [0] NCCL INFO NET/IB: Subnet-aware routing: overriding dev 3 with dev 2
node0:64:75 [0] NCCL INFO NET/IB: Subnet-aware routing: overriding dev 1 with dev 0
node0:64:75 [0] NCCL INFO NET/IB: ncclIbResiliencyInit: Resiliency is disabled on the send communicator (comm=0xeaa86a2c6000)
node0:64:75 [0] NCCL INFO NET/IB: Subnet-aware routing: overriding dev 3 with dev 2
node0:64:75 [0] NCCL INFO NET/IB: Subnet-aware routing: overriding dev 1 with dev 0
node0:64:75 [0] NCCL INFO NET/IB: ncclIbResiliencyInit: Resiliency is disabled on the recv communicator (comm=0xeaa86a307000)
node0:64:75 [0] NCCL INFO NET/IB: ncclIbRecvCommInit: Receive work requests will be posted on-demand
node0:64:75 [0] NCCL INFO NET/IB: Subnet-aware routing: overriding dev 3 with dev 2
node0:64:75 [0] NCCL INFO NET/IB: Subnet-aware routing: overriding dev 1 with dev 0
node0:64:75 [0] NCCL INFO NET/IB: Subnet-aware routing: overriding dev 3 with dev 2
node0:64:75 [0] NCCL INFO NET/IB: ncclIbResiliencyInit: Resiliency is disabled on the send communicator (comm=0xeaa86a34f000)
node0:64:75 [0] NCCL INFO NET/IB: Subnet-aware routing: overriding dev 3 with dev 2
node0:64:75 [0] NCCL INFO NET/IB: Subnet-aware routing: overriding dev 1 with dev 0
node0:64:75 [0] NCCL INFO NET/IB: Subnet-aware routing: overriding dev 3 with dev 2
node0:64:75 [0] NCCL INFO NET/IB: ncclIbResiliencyInit: Resiliency is disabled on the recv communicator (comm=0xeaa86a390000)
node0:64:75 [0] NCCL INFO NET/IB: ncclIbRecvCommInit: Receive work requests will be posted on-demand
node0:64:75 [0] NCCL INFO NET/IB: Subnet-aware routing: overriding dev 3 with dev 2
node0:64:75 [0] NCCL INFO NET/IB: Subnet-aware routing: overriding dev 1 with dev 0
node0:64:75 [0] NCCL INFO NET/IB: Subnet-aware routing: overriding dev 3 with dev 2
node0:64:75 [0] NCCL INFO NET/IB: ncclIbResiliencyInit: Resiliency is disabled on the send communicator (comm=0xeaa86a3d8000)
node0:64:75 [0] NCCL INFO NET/IB: Subnet-aware routing: overriding dev 3 with dev 2
node0:64:75 [0] NCCL INFO NET/IB: Subnet-aware routing: overriding dev 0 with dev 1
node0:64:75 [0] NCCL INFO NET/IB: ncclIbReceiverQpsCreateToRts: QP created: port=1 dev=1 devName=rocep1s0f1 ndevs=4 nmdevs=4 qp_num=41158 pkey=0 pd=0xeaa8681d1b60 oooRq=0
node0:64:75 [0] NCCL INFO NET/IB: ncclIbReceiverQpsCreateToRts: Flush QP created: port=1 dev=1 devName=rocep1s0f1 ndevs=4 nmdevs=4 qp_num=41159 pkey=0 pd=0xeaa8681d1b60
node0:64:75 [0] NCCL INFO NET/IB: Subnet-aware routing: overriding dev 1 with dev 0
node0:64:75 [0] NCCL INFO NET/IB: ncclIbReceiverQpsCreateToRts: QP created: port=1 dev=1 devName=rocep1s0f1 ndevs=4 nmdevs=4 qp_num=41160 pkey=0 pd=0xeaa8681d1b60 oooRq=0
node0:64:75 [0] NCCL INFO NET/IB: ncclIbReceiverQpsCreateToRts: Flush QP created: port=1 dev=1 devName=rocep1s0f1 ndevs=4 nmdevs=4 qp_num=41161 pkey=0 pd=0xeaa8681d1b60
node0:64:75 [0] NCCL INFO NET/IB: Subnet-aware routing: overriding dev 2 with dev 3
node0:64:75 [0] NCCL INFO NET/IB: ncclIbReceiverQpsCreateToRts: QP created: port=1 dev=3 devName=roceP2p1s0f1 ndevs=4 nmdevs=4 qp_num=2440 pkey=0 pd=0xeaa86807d010 oooRq=0
node0:64:75 [0] NCCL INFO NET/IB: ncclIbReceiverQpsCreateToRts: Flush QP created: port=1 dev=3 devName=roceP2p1s0f1 ndevs=4 nmdevs=4 qp_num=2441 pkey=0 pd=0xeaa86807d010
node0:64:75 [0] NCCL INFO NET/IB: Subnet-aware routing: overriding dev 3 with dev 2
node0:64:75 [0] NCCL INFO NET/IB: ncclIbReceiverQpsCreateToRts: QP created: port=1 dev=3 devName=roceP2p1s0f1 ndevs=4 nmdevs=4 qp_num=2442 pkey=0 pd=0xeaa86807d010 oooRq=0
node0:64:75 [0] NCCL INFO NET/IB: ncclIbReceiverQpsCreateToRts: Flush QP created: port=1 dev=3 devName=roceP2p1s0f1 ndevs=4 nmdevs=4 qp_num=2443 pkey=0 pd=0xeaa86807d010
node0:64:75 [0] NCCL INFO NET/IB: ncclIbResiliencyInit: Resiliency is disabled on the recv communicator (comm=0xeaa86a559000)
node0:64:75 [0] NCCL INFO NET/IB: ncclIbRecvCommInit: Receive work requests will be posted on-demand
node0:64:75 [0] NCCL INFO NET/IB: Subnet-aware routing: overriding dev 3 with dev 2
node0:64:75 [0] NCCL INFO NET/IB: Subnet-aware routing: overriding dev 1 with dev 0
node0:64:75 [0] NCCL INFO NET/IB: Subnet-aware routing: overriding dev 3 with dev 2
node0:64:75 [0] NCCL INFO NET/IB: Subnet-aware routing: overriding dev 0 with dev 1
node0:64:75 [0] NCCL INFO NET/IB: ncclIbReceiverQpsCreateToRts: QP created: port=1 dev=1 devName=rocep1s0f1 ndevs=4 nmdevs=4 qp_num=41162 pkey=0 pd=0xeaa8681d1b60 oooRq=0
node0:64:75 [0] NCCL INFO NET/IB: ncclIbReceiverQpsCreateToRts: Flush QP created: port=1 dev=1 devName=rocep1s0f1 ndevs=4 nmdevs=4 qp_num=41163 pkey=0 pd=0xeaa8681d1b60
node0:64:75 [0] NCCL INFO NET/IB: Subnet-aware routing: overriding dev 1 with dev 0
node0:64:75 [0] NCCL INFO NET/IB: ncclIbResiliencyInit: Resiliency is disabled on the send communicator (comm=0xeaa86a5ec000)
node0:64:75 [0] NCCL INFO NET/IB: Subnet-aware routing: overriding dev 3 with dev 2
node0:64:75 [0] NCCL INFO NET/IB: ncclIbSenderQpsToRts: Set ECE: IbDev 2 Port 1 qp_num 2407 set_ece={supported=1, vendor_id=0x15b3, options=0x30000002, comp_mask=0x0}
node0:64:75 [0] NCCL INFO NET/IB: ncclIbSenderQpsCreate: QP created: port=1 dev=0 devName=rocep1s0f0 ndevs=4 nmdevs=4 qp_num=46186 pkey=0 pd=0xeaa86807dc30 oooRq=0
node0:64:75 [0] NCCL INFO NET/IB: ncclIbConnectImpl: NCCL Dev 0 IbDev 0 Port 1 qp_num 46186 mtu 5 GID 6 (0/164A8C0FFFF0000) ctsFifoRkey=0x179956 ctsFifoLkey=0x179956
node0:64:75 [0] NCCL INFO NET/IB: ncclIbConnectImpl: IbDev 0 Port 1 qp_num 46186 query_ece={supported=1, vendor_id=0x15b3, options=0x30000002, comp_mask=0x0}
node0:64:75 [0] NCCL INFO NET/IB: Subnet-aware routing: overriding dev 1 with dev 0
node0:64:75 [0] NCCL INFO NET/IB: ncclIbSenderQpsCreate: QP created: port=1 dev=0 devName=rocep1s0f0 ndevs=4 nmdevs=4 qp_num=46187 pkey=0 pd=0xeaa86807dc30 oooRq=0
node0:64:75 [0] NCCL INFO NET/IB: ncclIbConnectImpl: NCCL Dev 0 IbDev 0 Port 1 qp_num 46187 mtu 5 GID 6 (0/164A8C0FFFF0000) ctsFifoRkey=0x169d5d ctsFifoLkey=0x169d5d
node0:64:75 [0] NCCL INFO NET/IB: ncclIbConnectImpl: IbDev 0 Port 1 qp_num 46187 query_ece={supported=1, vendor_id=0x15b3, options=0x30000002, comp_mask=0x0}
node0:64:75 [0] NCCL INFO NET/IB: Subnet-aware routing: overriding dev 3 with dev 2
node0:64:75 [0] NCCL INFO NET/IB: ncclIbSenderQpsCreate: QP created: port=1 dev=0 devName=rocep1s0f0 ndevs=4 nmdevs=4 qp_num=46188 pkey=0 pd=0xeaa86807dc30 oooRq=0
node0:64:75 [0] NCCL INFO NET/IB: ncclIbConnectImpl: NCCL Dev 0 IbDev 0 Port 1 qp_num 46188 mtu 5 GID 6 (0/164A8C0FFFF0000) ctsFifoRkey=0x18a691 ctsFifoLkey=0x18a691
node0:64:75 [0] NCCL INFO NET/IB: ncclIbConnectImpl: IbDev 0 Port 1 qp_num 46188 query_ece={supported=1, vendor_id=0x15b3, options=0x30000002, comp_mask=0x0}
node0:64:75 [0] NCCL INFO NET/IB: Subnet-aware routing: overriding dev 1 with dev 0
node0:64:75 [0] NCCL INFO NET/IB: ncclIbResiliencyInit: Resiliency is disabled on the recv communicator (comm=0xeaa86a6c8000)
node0:64:75 [0] NCCL INFO NET/IB: ncclIbRecvCommInit: Receive work requests will be posted on-demand
node0:64:75 [0] NCCL INFO NET/IB: Subnet-aware routing: overriding dev 1 with dev 0
node0:64:75 [0] NCCL INFO NET/IB: Subnet-aware routing: overriding dev 3 with dev 2
node0:64:75 [0] NCCL INFO NET/IB: Subnet-aware routing: overriding dev 1 with dev 0
node0:64:75 [0] NCCL INFO NET/IB: ncclIbResiliencyInit: Resiliency is disabled on the send communicator (comm=0xeaa86a710000)
node0:64:75 [0] NCCL INFO NET/IB: Subnet-aware routing: overriding dev 1 with dev 0
node0:64:75 [0] NCCL INFO NET/IB: Subnet-aware routing: overriding dev 3 with dev 2
node0:64:75 [0] NCCL INFO NET/IB: Subnet-aware routing: overriding dev 1 with dev 0
node0:64:75 [0] NCCL INFO NET/IB: ncclIbResiliencyInit: Resiliency is disabled on the recv communicator (comm=0xeaa86a754000)
node0:64:75 [0] NCCL INFO NET/IB: ncclIbRecvCommInit: Receive work requests will be posted on-demand
node0:64:75 [0] NCCL INFO NET/IB: Subnet-aware routing: overriding dev 1 with dev 0
node0:64:75 [0] NCCL INFO NET/IB: Subnet-aware routing: overriding dev 3 with dev 2
node0:64:75 [0] NCCL INFO NET/IB: Subnet-aware routing: overriding dev 1 with dev 0
node0:64:75 [0] NCCL INFO NET/IB: Subnet-aware routing: overriding dev 3 with dev 2
node0:64:75 [0] NCCL INFO NET/IB: ncclIbResiliencyInit: Resiliency is disabled on the send communicator (comm=0xeaa86a79c000)
node0:64:75 [0] NCCL INFO NET/IB: ncclIbSenderQpsToRts: Set ECE: IbDev 0 Port 1 qp_num 46186 set_ece={supported=1, vendor_id=0x15b3, options=0x30000002, comp_mask=0x0}
node0:64:75 [0] NCCL INFO NET/IB: Subnet-aware routing: overriding dev 1 with dev 0
node0:64:75 [0] NCCL INFO NET/IB: ncclIbSenderQpsToRts: Set ECE: IbDev 0 Port 1 qp_num 46187 set_ece={supported=1, vendor_id=0x15b3, options=0x30000002, comp_mask=0x0}
node0:64:75 [0] NCCL INFO NET/IB: ncclIbSenderQpsCreate: QP created: port=1 dev=2 devName=roceP2p1s0f0 ndevs=4 nmdevs=4 qp_num=2408 pkey=0 pd=0xeaa868373b90 oooRq=0
node0:64:75 [0] NCCL INFO NET/IB: ncclIbConnectImpl: NCCL Dev 2 IbDev 2 Port 1 qp_num 2408 mtu 5 GID 3 (0/16EA8C0FFFF0000) ctsFifoRkey=0x188e8c ctsFifoLkey=0x188e8c
node0:64:75 [0] NCCL INFO NET/IB: ncclIbConnectImpl: IbDev 2 Port 1 qp_num 2408 query_ece={supported=1, vendor_id=0x15b3, options=0x30000002, comp_mask=0x0}
node0:64:75 [0] NCCL INFO NET/IB: Subnet-aware routing: overriding dev 3 with dev 2
node0:64:75 [0] NCCL INFO NET/IB: Subnet-aware routing: overriding dev 1 with dev 0
node0:64:75 [0] NCCL INFO NET/IB: ncclIbReceiverQpsCreateToRts: QP created: port=1 dev=1 devName=rocep1s0f1 ndevs=4 nmdevs=4 qp_num=41164 pkey=0 pd=0xeaa8681d1b60 oooRq=0
node0:64:75 [0] NCCL INFO NET/IB: ncclIbReceiverQpsCreateToRts: Flush QP created: port=1 dev=1 devName=rocep1s0f1 ndevs=4 nmdevs=4 qp_num=41165 pkey=0 pd=0xeaa8681d1b60
node0:64:75 [0] NCCL INFO NET/IB: Subnet-aware routing: overriding dev 2 with dev 3
node0:64:75 [0] NCCL INFO NET/IB: ncclIbReceiverQpsCreateToRts: QP created: port=1 dev=3 devName=roceP2p1s0f1 ndevs=4 nmdevs=4 qp_num=2444 pkey=0 pd=0xeaa86807d010 oooRq=0
node0:64:75 [0] NCCL INFO NET/IB: ncclIbReceiverQpsCreateToRts: Flush QP created: port=1 dev=3 devName=roceP2p1s0f1 ndevs=4 nmdevs=4 qp_num=2445 pkey=0 pd=0xeaa86807d010
node0:64:75 [0] NCCL INFO NET/IB: Subnet-aware routing: overriding dev 3 with dev 2
node0:64:75 [0] NCCL INFO NET/IB: ncclIbResiliencyInit: Resiliency is disabled on the recv communicator (comm=0xeaa86a8ad000)
node0:64:75 [0] NCCL INFO NET/IB: ncclIbRecvCommInit: Receive work requests will be posted on-demand
node0:64:75 [0] NCCL INFO NET/IB: Subnet-aware routing: overriding dev 3 with dev 2
node0:64:75 [0] NCCL INFO NET/IB: ncclIbSenderQpsCreate: QP created: port=1 dev=2 devName=roceP2p1s0f0 ndevs=4 nmdevs=4 qp_num=2409 pkey=0 pd=0xeaa868373b90 oooRq=0
node0:64:75 [0] NCCL INFO NET/IB: ncclIbConnectImpl: NCCL Dev 2 IbDev 2 Port 1 qp_num 2409 mtu 5 GID 3 (0/16EA8C0FFFF0000) ctsFifoRkey=0x18c0bf ctsFifoLkey=0x18c0bf
node0:64:75 [0] NCCL INFO NET/IB: ncclIbConnectImpl: IbDev 2 Port 1 qp_num 2409 query_ece={supported=1, vendor_id=0x15b3, options=0x30000002, comp_mask=0x0}
node0:64:75 [0] NCCL INFO NET/IB: ncclIbSenderQpsToRts: Set ECE: IbDev 0 Port 1 qp_num 46188 set_ece={supported=1, vendor_id=0x15b3, options=0x30000002, comp_mask=0x0}
node0:64:75 [0] NCCL INFO NET/IB: Subnet-aware routing: overriding dev 1 with dev 0
node0:64:75 [0] NCCL INFO NET/IB: ncclIbSenderQpsCreate: QP created: port=1 dev=0 devName=rocep1s0f0 ndevs=4 nmdevs=4 qp_num=46189 pkey=0 pd=0xeaa86807dc30 oooRq=0
node0:64:75 [0] NCCL INFO NET/IB: ncclIbConnectImpl: NCCL Dev 0 IbDev 0 Port 1 qp_num 46189 mtu 5 GID 6 (0/164A8C0FFFF0000) ctsFifoRkey=0x181bd8 ctsFifoLkey=0x181bd8
node0:64:75 [0] NCCL INFO NET/IB: ncclIbConnectImpl: IbDev 0 Port 1 qp_num 46189 query_ece={supported=1, vendor_id=0x15b3, options=0x30000002, comp_mask=0x0}
node0:64:75 [0] NCCL INFO NET/IB: Subnet-aware routing: overriding dev 3 with dev 2
node0:64:75 [0] NCCL INFO NET/IB: ncclIbResiliencyInit: Resiliency is disabled on the send communicator (comm=0xeaa86a955000)
node0:64:75 [0] NCCL INFO NET/IB: ncclIbSenderQpsToRts: Set ECE: IbDev 2 Port 1 qp_num 2408 set_ece={supported=1, vendor_id=0x15b3, options=0x30000002, comp_mask=0x0}
node0:64:75 [0] NCCL INFO NET/IB: Subnet-aware routing: overriding dev 3 with dev 2
node0:64:75 [0] NCCL INFO NET/IB: ncclIbSenderQpsToRts: Set ECE: IbDev 2 Port 1 qp_num 2409 set_ece={supported=1, vendor_id=0x15b3, options=0x30000002, comp_mask=0x0}
node0:64:75 [0] NCCL INFO NET/IB: Subnet-aware routing: overriding dev 1 with dev 0
node0:64:75 [0] NCCL INFO NET/IB: Subnet-aware routing: overriding dev 3 with dev 2
node0:64:75 [0] NCCL INFO NET/IB: ncclIbReceiverQpsCreateToRts: QP created: port=1 dev=3 devName=roceP2p1s0f1 ndevs=4 nmdevs=4 qp_num=2446 pkey=0 pd=0xeaa86807d010 oooRq=0
node0:64:75 [0] NCCL INFO NET/IB: ncclIbReceiverQpsCreateToRts: Flush QP created: port=1 dev=3 devName=roceP2p1s0f1 ndevs=4 nmdevs=4 qp_num=2447 pkey=0 pd=0xeaa86807d010
node0:64:75 [0] NCCL INFO NET/IB: ncclIbResiliencyInit: Resiliency is disabled on the recv communicator (comm=0xeaa86a9e4000)
node0:64:75 [0] NCCL INFO NET/IB: ncclIbRecvCommInit: Receive work requests will be posted on-demand
node0:64:75 [0] NCCL INFO NET/IB: Subnet-aware routing: overriding dev 1 with dev 0
node0:64:75 [0] NCCL INFO NET/IB: Subnet-aware routing: overriding dev 3 with dev 2
node0:64:75 [0] NCCL INFO NET/IB: Subnet-aware routing: overriding dev 1 with dev 0
node0:64:75 [0] NCCL INFO NET/IB: ncclIbResiliencyInit: Resiliency is disabled on the send communicator (comm=0xeaa86aa2c000)
node0:64:75 [0] NCCL INFO NET/IB: Subnet-aware routing: overriding dev 1 with dev 0
node0:64:75 [0] NCCL INFO NET/IB: Subnet-aware routing: overriding dev 3 with dev 2
node0:64:75 [0] NCCL INFO NET/IB: Subnet-aware routing: overriding dev 0 with dev 1
node0:64:75 [0] NCCL INFO NET/IB: ncclIbReceiverQpsCreateToRts: QP created: port=1 dev=1 devName=rocep1s0f1 ndevs=4 nmdevs=4 qp_num=41166 pkey=0 pd=0xeaa8681d1b60 oooRq=0
node0:64:75 [0] NCCL INFO NET/IB: ncclIbReceiverQpsCreateToRts: Flush QP created: port=1 dev=1 devName=rocep1s0f1 ndevs=4 nmdevs=4 qp_num=41167 pkey=0 pd=0xeaa8681d1b60
node0:64:75 [0] NCCL INFO NET/IB: Subnet-aware routing: overriding dev 1 with dev 0
node0:64:75 [0] NCCL INFO NET/IB: ncclIbResiliencyInit: Resiliency is disabled on the recv communicator (comm=0xeaa86aab8000)
node0:64:75 [0] NCCL INFO NET/IB: ncclIbRecvCommInit: Receive work requests will be posted on-demand
node0:64:75 [0] NCCL INFO NET/IB: Subnet-aware routing: overriding dev 1 with dev 0
node0:64:75 [0] NCCL INFO NET/IB: Subnet-aware routing: overriding dev 3 with dev 2
node0:64:75 [0] NCCL INFO NET/IB: Subnet-aware routing: overriding dev 1 with dev 0
node0:64:75 [0] NCCL INFO NET/IB: ncclIbResiliencyInit: Resiliency is disabled on the send communicator (comm=0xeaa86ab00000)
node0:64:75 [0] NCCL INFO NET/IB: Subnet-aware routing: overriding dev 1 with dev 0
node0:64:75 [0] NCCL INFO NET/IB: Subnet-aware routing: overriding dev 3 with dev 2
node0:64:75 [0] NCCL INFO NET/IB: Subnet-aware routing: overriding dev 1 with dev 0
node0:64:75 [0] NCCL INFO NET/IB: ncclIbReceiverQpsCreateToRts: QP created: port=1 dev=1 devName=rocep1s0f1 ndevs=4 nmdevs=4 qp_num=41168 pkey=0 pd=0xeaa8681d1b60 oooRq=0
node0:64:75 [0] NCCL INFO NET/IB: ncclIbReceiverQpsCreateToRts: Flush QP created: port=1 dev=1 devName=rocep1s0f1 ndevs=4 nmdevs=4 qp_num=41169 pkey=0 pd=0xeaa8681d1b60
node0:64:75 [0] NCCL INFO NET/IB: ncclIbResiliencyInit: Resiliency is disabled on the recv communicator (comm=0xeaa86ab90000)
node0:64:75 [0] NCCL INFO NET/IB: ncclIbRecvCommInit: Receive work requests will be posted on-demand
node0:64:75 [0] NCCL INFO NET/IB: Subnet-aware routing: overriding dev 1 with dev 0
node0:64:75 [0] NCCL INFO NET/IB: Subnet-aware routing: overriding dev 3 with dev 2
node0:64:75 [0] NCCL INFO NET/IB: Subnet-aware routing: overriding dev 1 with dev 0
node0:64:75 [0] NCCL INFO NET/IB: Subnet-aware routing: overriding dev 3 with dev 2
node0:64:75 [0] NCCL INFO NET/IB: ncclIbResiliencyInit: Resiliency is disabled on the send communicator (comm=0xeaa86abd8000)
node0:64:75 [0] NCCL INFO NET/IB: Subnet-aware routing: overriding dev 1 with dev 0
node0:64:75 [0] NCCL INFO NET/IB: Subnet-aware routing: overriding dev 3 with dev 2
node0:64:75 [0] NCCL INFO NET/IB: Subnet-aware routing: overriding dev 1 with dev 0
node0:64:75 [0] NCCL INFO NET/IB: Subnet-aware routing: overriding dev 2 with dev 3
node0:64:75 [0] NCCL INFO NET/IB: ncclIbReceiverQpsCreateToRts: QP created: port=1 dev=3 devName=roceP2p1s0f1 ndevs=4 nmdevs=4 qp_num=2448 pkey=0 pd=0xeaa86807d010 oooRq=0
node0:64:75 [0] NCCL INFO NET/IB: ncclIbReceiverQpsCreateToRts: Flush QP created: port=1 dev=3 devName=roceP2p1s0f1 ndevs=4 nmdevs=4 qp_num=2449 pkey=0 pd=0xeaa86807d010
node0:64:75 [0] NCCL INFO NET/IB: Subnet-aware routing: overriding dev 3 with dev 2
node0:64:75 [0] NCCL INFO NET/IB: ncclIbResiliencyInit: Resiliency is disabled on the recv communicator (comm=0xeaa86ac70000)
node0:64:75 [0] NCCL INFO NET/IB: ncclIbRecvCommInit: Receive work requests will be posted on-demand
node0:64:75 [0] NCCL INFO NET/IB: Subnet-aware routing: overriding dev 1 with dev 0
node0:64:75 [0] NCCL INFO NET/IB: ncclIbSenderQpsToRts: Set ECE: IbDev 0 Port 1 qp_num 46189 set_ece={supported=1, vendor_id=0x15b3, options=0x30000002, comp_mask=0x0}
node0:64:75 [0] NCCL INFO NET/IB: ncclIbSenderQpsCreate: QP created: port=1 dev=2 devName=roceP2p1s0f0 ndevs=4 nmdevs=4 qp_num=2410 pkey=0 pd=0xeaa868373b90 oooRq=0
node0:64:75 [0] NCCL INFO NET/IB: ncclIbConnectImpl: NCCL Dev 2 IbDev 2 Port 1 qp_num 2410 mtu 5 GID 3 (0/16EA8C0FFFF0000) ctsFifoRkey=0x19989a ctsFifoLkey=0x19989a
node0:64:75 [0] NCCL INFO NET/IB: ncclIbConnectImpl: IbDev 2 Port 1 qp_num 2410 query_ece={supported=1, vendor_id=0x15b3, options=0x30000002, comp_mask=0x0}
node0:64:75 [0] NCCL INFO NET/IB: Subnet-aware routing: overriding dev 3 with dev 2
node0:64:75 [0] NCCL INFO NET/IB: ncclIbSenderQpsCreate: QP created: port=1 dev=2 devName=roceP2p1s0f0 ndevs=4 nmdevs=4 qp_num=2411 pkey=0 pd=0xeaa868373b90 oooRq=0
node0:64:75 [0] NCCL INFO NET/IB: ncclIbConnectImpl: NCCL Dev 2 IbDev 2 Port 1 qp_num 2411 mtu 5 GID 3 (0/16EA8C0FFFF0000) ctsFifoRkey=0x17a5a3 ctsFifoLkey=0x17a5a3
node0:64:75 [0] NCCL INFO NET/IB: ncclIbConnectImpl: IbDev 2 Port 1 qp_num 2411 query_ece={supported=1, vendor_id=0x15b3, options=0x30000002, comp_mask=0x0}
node0:64:75 [0] NCCL INFO NET/IB: Subnet-aware routing: overriding dev 1 with dev 0
node0:64:75 [0] NCCL INFO NET/IB: Subnet-aware routing: overriding dev 3 with dev 2
node0:64:75 [0] NCCL INFO NET/IB: ncclIbReceiverQpsCreateToRts: QP created: port=1 dev=3 devName=roceP2p1s0f1 ndevs=4 nmdevs=4 qp_num=2450 pkey=0 pd=0xeaa86807d010 oooRq=0
node0:64:75 [0] NCCL INFO NET/IB: ncclIbReceiverQpsCreateToRts: Flush QP created: port=1 dev=3 devName=roceP2p1s0f1 ndevs=4 nmdevs=4 qp_num=2451 pkey=0 pd=0xeaa86807d010
node0:64:75 [0] NCCL INFO NET/IB: ncclIbResiliencyInit: Resiliency is disabled on the send communicator (comm=0xeaa86ad70000)
node0:64:75 [0] NCCL INFO NET/IB: ncclIbSenderQpsToRts: Set ECE: IbDev 2 Port 1 qp_num 2410 set_ece={supported=1, vendor_id=0x15b3, options=0x30000002, comp_mask=0x0}
node0:64:75 [0] NCCL INFO NET/IB: Subnet-aware routing: overriding dev 3 with dev 2
node0:64:75 [0] NCCL INFO NET/IB: ncclIbSenderQpsToRts: Set ECE: IbDev 2 Port 1 qp_num 2411 set_ece={supported=1, vendor_id=0x15b3, options=0x30000002, comp_mask=0x0}
node0:64:75 [0] NCCL INFO NET/IB: ncclIbSenderQpsCreate: QP created: port=1 dev=0 devName=rocep1s0f0 ndevs=4 nmdevs=4 qp_num=46190 pkey=0 pd=0xeaa86807dc30 oooRq=0
node0:64:75 [0] NCCL INFO NET/IB: ncclIbConnectImpl: NCCL Dev 0 IbDev 0 Port 1 qp_num 46190 mtu 5 GID 6 (0/164A8C0FFFF0000) ctsFifoRkey=0x222291 ctsFifoLkey=0x222291
node0:64:75 [0] NCCL INFO NET/IB: ncclIbConnectImpl: IbDev 0 Port 1 qp_num 46190 query_ece={supported=1, vendor_id=0x15b3, options=0x30000002, comp_mask=0x0}
node0:64:75 [0] NCCL INFO NET/IB: Subnet-aware routing: overriding dev 1 with dev 0
node0:64:75 [0] NCCL INFO NET/IB: ncclIbSenderQpsCreate: QP created: port=1 dev=0 devName=rocep1s0f0 ndevs=4 nmdevs=4 qp_num=46191 pkey=0 pd=0xeaa86807dc30 oooRq=0
node0:64:75 [0] NCCL INFO NET/IB: ncclIbConnectImpl: NCCL Dev 0 IbDev 0 Port 1 qp_num 46191 mtu 5 GID 6 (0/164A8C0FFFF0000) ctsFifoRkey=0x181dda ctsFifoLkey=0x181dda
node0:64:75 [0] NCCL INFO NET/IB: ncclIbConnectImpl: IbDev 0 Port 1 qp_num 46191 query_ece={supported=1, vendor_id=0x15b3, options=0x30000002, comp_mask=0x0}
node0:64:75 [0] NCCL INFO NET/IB: ncclIbSenderQpsCreate: QP created: port=1 dev=2 devName=roceP2p1s0f0 ndevs=4 nmdevs=4 qp_num=2412 pkey=0 pd=0xeaa868373b90 oooRq=0
node0:64:75 [0] NCCL INFO NET/IB: ncclIbConnectImpl: NCCL Dev 2 IbDev 2 Port 1 qp_num 2412 mtu 5 GID 3 (0/16EA8C0FFFF0000) ctsFifoRkey=0x192221 ctsFifoLkey=0x192221
node0:64:75 [0] NCCL INFO NET/IB: ncclIbConnectImpl: IbDev 2 Port 1 qp_num 2412 query_ece={supported=1, vendor_id=0x15b3, options=0x30000002, comp_mask=0x0}
node0:64:75 [0] NCCL INFO NET/IB: Subnet-aware routing: overriding dev 3 with dev 2
node0:64:75 [0] NCCL INFO NET/IB: ncclIbSenderQpsCreate: QP created: port=1 dev=2 devName=roceP2p1s0f0 ndevs=4 nmdevs=4 qp_num=2413 pkey=0 pd=0xeaa868373b90 oooRq=0
node0:64:75 [0] NCCL INFO NET/IB: ncclIbConnectImpl: NCCL Dev 2 IbDev 2 Port 1 qp_num 2413 mtu 5 GID 3 (0/16EA8C0FFFF0000) ctsFifoRkey=0x1ca23d ctsFifoLkey=0x1ca23d
node0:64:75 [0] NCCL INFO NET/IB: ncclIbConnectImpl: IbDev 2 Port 1 qp_num 2413 query_ece={supported=1, vendor_id=0x15b3, options=0x30000002, comp_mask=0x0}
node0:64:75 [0] NCCL INFO NET/IB: ncclIbResiliencyInit: Resiliency is disabled on the recv communicator (comm=0xeaa86ae74000)
node0:64:75 [0] NCCL INFO NET/IB: ncclIbRecvCommInit: Receive work requests will be posted on-demand
node0:64:75 [0] NCCL INFO NET/IB: ncclIbSenderQpsToRts: Set ECE: IbDev 0 Port 1 qp_num 46190 set_ece={supported=1, vendor_id=0x15b3, options=0x30000002, comp_mask=0x0}
node0:64:75 [0] NCCL INFO NET/IB: Subnet-aware routing: overriding dev 1 with dev 0
node0:64:75 [0] NCCL INFO NET/IB: ncclIbSenderQpsToRts: Set ECE: IbDev 0 Port 1 qp_num 46191 set_ece={supported=1, vendor_id=0x15b3, options=0x30000002, comp_mask=0x0}
node0:64:75 [0] NCCL INFO NET/IB: ncclIbSenderQpsToRts: Set ECE: IbDev 2 Port 1 qp_num 2412 set_ece={supported=1, vendor_id=0x15b3, options=0x30000002, comp_mask=0x0}
node0:64:75 [0] NCCL INFO NET/IB: Subnet-aware routing: overriding dev 3 with dev 2
node0:64:75 [0] NCCL INFO NET/IB: ncclIbSenderQpsToRts: Set ECE: IbDev 2 Port 1 qp_num 2413 set_ece={supported=1, vendor_id=0x15b3, options=0x30000002, comp_mask=0x0}
node0:64:75 [0] NCCL INFO NET/IB: Subnet-aware routing: overriding dev 0 with dev 1
node0:64:75 [0] NCCL INFO NET/IB: ncclIbReceiverQpsCreateToRts: QP created: port=1 dev=1 devName=rocep1s0f1 ndevs=4 nmdevs=4 qp_num=41170 pkey=0 pd=0xeaa8681d1b60 oooRq=0
node0:64:75 [0] NCCL INFO NET/IB: ncclIbReceiverQpsCreateToRts: Flush QP created: port=1 dev=1 devName=rocep1s0f1 ndevs=4 nmdevs=4 qp_num=41171 pkey=0 pd=0xeaa8681d1b60
node0:64:75 [0] NCCL INFO NET/IB: Subnet-aware routing: overriding dev 1 with dev 0
node0:64:75 [0] NCCL INFO NET/IB: ncclIbResiliencyInit: Resiliency is disabled on the send communicator (comm=0xeaa86af07000)
node0:64:75 [0] NCCL INFO NET/IB: Subnet-aware routing: overriding dev 1 with dev 0
node0:64:75 [0] NCCL INFO NET/IB: ncclIbResiliencyInit: Resiliency is disabled on the recv communicator (comm=0xeaa86af48000)
node0:64:75 [0] NCCL INFO NET/IB: ncclIbRecvCommInit: Receive work requests will be posted on-demand
node0:64:75 [0] NCCL INFO NET/IB: Subnet-aware routing: overriding dev 1 with dev 0
node0:64:75 [0] NCCL INFO NET/IB: ncclIbResiliencyInit: Resiliency is disabled on the send communicator (comm=0xeaa86af90000)
node0:64:75 [0] NCCL INFO NET/IB: Subnet-aware routing: overriding dev 1 with dev 0
node0:64:75 [0] NCCL INFO NET/IB: ncclIbResiliencyInit: Resiliency is disabled on the recv communicator (comm=0xeaa86afd1000)
node0:64:75 [0] NCCL INFO NET/IB: ncclIbRecvCommInit: Receive work requests will be posted on-demand
node0:64:75 [0] NCCL INFO NET/IB: Subnet-aware routing: overriding dev 1 with dev 0
node0:64:75 [0] NCCL INFO NET/IB: ncclIbReceiverQpsCreateToRts: QP created: port=1 dev=1 devName=rocep1s0f1 ndevs=4 nmdevs=4 qp_num=41172 pkey=0 pd=0xeaa8681d1b60 oooRq=0
node0:64:75 [0] NCCL INFO NET/IB: ncclIbReceiverQpsCreateToRts: Flush QP created: port=1 dev=1 devName=rocep1s0f1 ndevs=4 nmdevs=4 qp_num=41173 pkey=0 pd=0xeaa8681d1b60
node0:64:75 [0] NCCL INFO NET/IB: Subnet-aware routing: overriding dev 3 with dev 2
node0:64:75 [0] NCCL INFO NET/IB: ncclIbResiliencyInit: Resiliency is disabled on the send communicator (comm=0xeaa86b063000)
node0:64:75 [0] NCCL INFO NET/IB: Subnet-aware routing: overriding dev 1 with dev 0
node0:64:75 [0] NCCL INFO NET/IB: Subnet-aware routing: overriding dev 2 with dev 3
node0:64:75 [0] NCCL INFO NET/IB: ncclIbReceiverQpsCreateToRts: QP created: port=1 dev=3 devName=roceP2p1s0f1 ndevs=4 nmdevs=4 qp_num=2452 pkey=0 pd=0xeaa86807d010 oooRq=0
node0:64:75 [0] NCCL INFO NET/IB: ncclIbReceiverQpsCreateToRts: Flush QP created: port=1 dev=3 devName=roceP2p1s0f1 ndevs=4 nmdevs=4 qp_num=2453 pkey=0 pd=0xeaa86807d010
node0:64:75 [0] NCCL INFO NET/IB: Subnet-aware routing: overriding dev 3 with dev 2
node0:64:75 [0] NCCL INFO NET/IB: ncclIbResiliencyInit: Resiliency is disabled on the recv communicator (comm=0xeaa86b0f7000)
node0:64:75 [0] NCCL INFO NET/IB: ncclIbRecvCommInit: Receive work requests will be posted on-demand
node0:64:75 [0] NCCL INFO NET/IB: Subnet-aware routing: overriding dev 1 with dev 0
node0:64:75 [0] NCCL INFO NET/IB: Subnet-aware routing: overriding dev 3 with dev 2
node0:64:75 [0] NCCL INFO NET/IB: ncclIbReceiverQpsCreateToRts: QP created: port=1 dev=3 devName=roceP2p1s0f1 ndevs=4 nmdevs=4 qp_num=2454 pkey=0 pd=0xeaa86807d010 oooRq=0
node0:64:75 [0] NCCL INFO NET/IB: ncclIbReceiverQpsCreateToRts: Flush QP created: port=1 dev=3 devName=roceP2p1s0f1 ndevs=4 nmdevs=4 qp_num=2455 pkey=0 pd=0xeaa86807d010
node0:64:75 [0] NCCL INFO NET/IB: ncclIbResiliencyInit: Resiliency is disabled on the send communicator (comm=0xeaa86b18b000)
node0:64:75 [0] NCCL INFO NET/IB: Subnet-aware routing: overriding dev 1 with dev 0
node0:64:75 [0] NCCL INFO NET/IB: Subnet-aware routing: overriding dev 3 with dev 2
node0:64:75 [0] NCCL INFO NET/IB: ncclIbResiliencyInit: Resiliency is disabled on the recv communicator (comm=0xeaa86b1cf000)
node0:64:75 [0] NCCL INFO NET/IB: ncclIbRecvCommInit: Receive work requests will be posted on-demand
node0:64:75 [0] NCCL INFO NET/IB: ncclIbSenderQpsCreate: QP created: port=1 dev=0 devName=rocep1s0f0 ndevs=4 nmdevs=4 qp_num=46192 pkey=0 pd=0xeaa86807dc30 oooRq=0
node0:64:75 [0] NCCL INFO NET/IB: ncclIbConnectImpl: NCCL Dev 0 IbDev 0 Port 1 qp_num 46192 mtu 5 GID 6 (0/164A8C0FFFF0000) ctsFifoRkey=0x1738f5 ctsFifoLkey=0x1738f5
node0:64:75 [0] NCCL INFO NET/IB: ncclIbConnectImpl: IbDev 0 Port 1 qp_num 46192 query_ece={supported=1, vendor_id=0x15b3, options=0x30000002, comp_mask=0x0}
node0:64:75 [0] NCCL INFO NET/IB: Subnet-aware routing: overriding dev 1 with dev 0
node0:64:75 [0] NCCL INFO NET/IB: Subnet-aware routing: overriding dev 3 with dev 2
node0:64:75 [0] NCCL INFO NET/IB: Subnet-aware routing: overriding dev 1 with dev 0
node0:64:75 [0] NCCL INFO NET/IB: ncclIbResiliencyInit: Resiliency is disabled on the send communicator (comm=0xeaa86b24e000)
node0:64:75 [0] NCCL INFO NET/IB: Subnet-aware routing: overriding dev 1 with dev 0
node0:64:75 [0] NCCL INFO NET/IB: Subnet-aware routing: overriding dev 3 with dev 2
node0:64:75 [0] NCCL INFO NET/IB: Subnet-aware routing: overriding dev 1 with dev 0
node0:64:75 [0] NCCL INFO NET/IB: ncclIbResiliencyInit: Resiliency is disabled on the recv communicator (comm=0xeaa86b292000)
node0:64:75 [0] NCCL INFO NET/IB: ncclIbRecvCommInit: Receive work requests will be posted on-demand
node0:64:75 [0] NCCL INFO NET/IB: Subnet-aware routing: overriding dev 1 with dev 0
node0:64:75 [0] NCCL INFO NET/IB: Subnet-aware routing: overriding dev 3 with dev 2
node0:64:75 [0] NCCL INFO NET/IB: Subnet-aware routing: overriding dev 0 with dev 1
node0:64:75 [0] NCCL INFO NET/IB: ncclIbReceiverQpsCreateToRts: QP created: port=1 dev=1 devName=rocep1s0f1 ndevs=4 nmdevs=4 qp_num=41174 pkey=0 pd=0xeaa8681d1b60 oooRq=0
node0:64:75 [0] NCCL INFO NET/IB: ncclIbReceiverQpsCreateToRts: Flush QP created: port=1 dev=1 devName=rocep1s0f1 ndevs=4 nmdevs=4 qp_num=41175 pkey=0 pd=0xeaa8681d1b60
node0:64:75 [0] NCCL INFO NET/IB: Subnet-aware routing: overriding dev 1 with dev 0
node0:64:75 [0] NCCL INFO NET/IB: ncclIbResiliencyInit: Resiliency is disabled on the send communicator (comm=0xeaa86b32d000)
node0:64:75 [0] NCCL INFO NET/IB: Subnet-aware routing: overriding dev 1 with dev 0
node0:64:75 [0] NCCL INFO NET/IB: Subnet-aware routing: overriding dev 3 with dev 2
node0:64:75 [0] NCCL INFO NET/IB: Subnet-aware routing: overriding dev 1 with dev 0
node0:64:75 [0] NCCL INFO NET/IB: ncclIbResiliencyInit: Resiliency is disabled on the recv communicator (comm=0xeaa86b371000)
node0:64:75 [0] NCCL INFO NET/IB: ncclIbRecvCommInit: Receive work requests will be posted on-demand
node0:64:75 [0] NCCL INFO NET/IB: Subnet-aware routing: overriding dev 1 with dev 0
node0:64:75 [0] NCCL INFO NET/IB: Subnet-aware routing: overriding dev 3 with dev 2
node0:64:75 [0] NCCL INFO NET/IB: Subnet-aware routing: overriding dev 1 with dev 0
node0:64:75 [0] NCCL INFO NET/IB: Subnet-aware routing: overriding dev 3 with dev 2
node0:64:75 [0] NCCL INFO NET/IB: ncclIbResiliencyInit: Resiliency is disabled on the send communicator (comm=0xeaa86b3b9000)
node0:64:75 [0] NCCL INFO NET/IB: ncclIbSenderQpsToRts: Set ECE: IbDev 0 Port 1 qp_num 46192 set_ece={supported=1, vendor_id=0x15b3, options=0x30000002, comp_mask=0x0}
node0:64:75 [0] NCCL INFO NET/IB: Subnet-aware routing: overriding dev 1 with dev 0
node0:64:75 [0] NCCL INFO NET/IB: ncclIbSenderQpsCreate: QP created: port=1 dev=0 devName=rocep1s0f0 ndevs=4 nmdevs=4 qp_num=46193 pkey=0 pd=0xeaa86807dc30 oooRq=0
node0:64:75 [0] NCCL INFO NET/IB: ncclIbConnectImpl: NCCL Dev 0 IbDev 0 Port 1 qp_num 46193 mtu 5 GID 6 (0/164A8C0FFFF0000) ctsFifoRkey=0x222c9b ctsFifoLkey=0x222c9b
node0:64:75 [0] NCCL INFO NET/IB: ncclIbConnectImpl: IbDev 0 Port 1 qp_num 46193 query_ece={supported=1, vendor_id=0x15b3, options=0x30000002, comp_mask=0x0}
node0:64:75 [0] NCCL INFO NET/IB: ncclIbSenderQpsCreate: QP created: port=1 dev=2 devName=roceP2p1s0f0 ndevs=4 nmdevs=4 qp_num=2414 pkey=0 pd=0xeaa868373b90 oooRq=0
node0:64:75 [0] NCCL INFO NET/IB: ncclIbConnectImpl: NCCL Dev 2 IbDev 2 Port 1 qp_num 2414 mtu 5 GID 3 (0/16EA8C0FFFF0000) ctsFifoRkey=0x19938e ctsFifoLkey=0x19938e
node0:64:75 [0] NCCL INFO NET/IB: ncclIbConnectImpl: IbDev 2 Port 1 qp_num 2414 query_ece={supported=1, vendor_id=0x15b3, options=0x30000002, comp_mask=0x0}
node0:64:75 [0] NCCL INFO NET/IB: Subnet-aware routing: overriding dev 3 with dev 2
node0:64:75 [0] NCCL INFO NET/IB: ncclIbSenderQpsCreate: QP created: port=1 dev=2 devName=roceP2p1s0f0 ndevs=4 nmdevs=4 qp_num=2415 pkey=0 pd=0xeaa868373b90 oooRq=0
node0:64:75 [0] NCCL INFO NET/IB: ncclIbConnectImpl: NCCL Dev 2 IbDev 2 Port 1 qp_num 2415 mtu 5 GID 3 (0/16EA8C0FFFF0000) ctsFifoRkey=0x18dcd9 ctsFifoLkey=0x18dcd9
node0:64:75 [0] NCCL INFO NET/IB: ncclIbConnectImpl: IbDev 2 Port 1 qp_num 2415 query_ece={supported=1, vendor_id=0x15b3, options=0x30000002, comp_mask=0x0}
node0:64:75 [0] NCCL INFO NET/IB: ncclIbSenderQpsCreate: QP created: port=1 dev=0 devName=rocep1s0f0 ndevs=4 nmdevs=4 qp_num=46194 pkey=0 pd=0xeaa86807dc30 oooRq=0
node0:64:75 [0] NCCL INFO NET/IB: ncclIbConnectImpl: NCCL Dev 0 IbDev 0 Port 1 qp_num 46194 mtu 5 GID 6 (0/164A8C0FFFF0000) ctsFifoRkey=0x221f8e ctsFifoLkey=0x221f8e
node0:64:75 [0] NCCL INFO NET/IB: ncclIbConnectImpl: IbDev 0 Port 1 qp_num 46194 query_ece={supported=1, vendor_id=0x15b3, options=0x30000002, comp_mask=0x0}
node0:64:75 [0] NCCL INFO NET/IB: Subnet-aware routing: overriding dev 1 with dev 0
node0:64:75 [0] NCCL INFO NET/IB: Subnet-aware routing: overriding dev 3 with dev 2
node0:64:75 [0] NCCL INFO NET/IB: ncclIbResiliencyInit: Resiliency is disabled on the recv communicator (comm=0xeaa86b4c1000)
node0:64:75 [0] NCCL INFO NET/IB: ncclIbRecvCommInit: Receive work requests will be posted on-demand
node0:64:75 [0] NCCL INFO NET/IB: Subnet-aware routing: overriding dev 1 with dev 0
node0:64:75 [0] NCCL INFO NET/IB: Subnet-aware routing: overriding dev 3 with dev 2
node0:64:75 [0] NCCL INFO NET/IB: Subnet-aware routing: overriding dev 1 with dev 0
node0:64:75 [0] NCCL INFO NET/IB: Subnet-aware routing: overriding dev 3 with dev 2
node0:64:75 [0] NCCL INFO NET/IB: ncclIbResiliencyInit: Resiliency is disabled on the send communicator (comm=0xeaa86b509000)
node0:64:75 [0] NCCL INFO NET/IB: Subnet-aware routing: overriding dev 1 with dev 0
node0:64:75 [0] NCCL INFO NET/IB: ncclIbSenderQpsToRts: Set ECE: IbDev 0 Port 1 qp_num 46193 set_ece={supported=1, vendor_id=0x15b3, options=0x30000002, comp_mask=0x0}
node0:64:75 [0] NCCL INFO NET/IB: Subnet-aware routing: overriding dev 3 with dev 2
node0:64:75 [0] NCCL INFO NET/IB: Subnet-aware routing: overriding dev 1 with dev 0
node0:64:75 [0] NCCL INFO NET/IB: ncclIbReceiverQpsCreateToRts: QP created: port=1 dev=1 devName=rocep1s0f1 ndevs=4 nmdevs=4 qp_num=41176 pkey=0 pd=0xeaa8681d1b60 oooRq=0
node0:64:75 [0] NCCL INFO NET/IB: ncclIbReceiverQpsCreateToRts: Flush QP created: port=1 dev=1 devName=rocep1s0f1 ndevs=4 nmdevs=4 qp_num=41177 pkey=0 pd=0xeaa8681d1b60
node0:64:75 [0] NCCL INFO NET/IB: Subnet-aware routing: overriding dev 2 with dev 3
node0:64:75 [0] NCCL INFO NET/IB: ncclIbReceiverQpsCreateToRts: QP created: port=1 dev=3 devName=roceP2p1s0f1 ndevs=4 nmdevs=4 qp_num=2456 pkey=0 pd=0xeaa86807d010 oooRq=0
node0:64:75 [0] NCCL INFO NET/IB: ncclIbReceiverQpsCreateToRts: Flush QP created: port=1 dev=3 devName=roceP2p1s0f1 ndevs=4 nmdevs=4 qp_num=2457 pkey=0 pd=0xeaa86807d010
node0:64:75 [0] NCCL INFO NET/IB: Subnet-aware routing: overriding dev 3 with dev 2
node0:64:75 [0] NCCL INFO NET/IB: ncclIbReceiverQpsCreateToRts: QP created: port=1 dev=3 devName=roceP2p1s0f1 ndevs=4 nmdevs=4 qp_num=2458 pkey=0 pd=0xeaa86807d010 oooRq=0
node0:64:75 [0] NCCL INFO NET/IB: ncclIbReceiverQpsCreateToRts: Flush QP created: port=1 dev=3 devName=roceP2p1s0f1 ndevs=4 nmdevs=4 qp_num=2459 pkey=0 pd=0xeaa86807d010
node0:64:75 [0] NCCL INFO NET/IB: ncclIbResiliencyInit: Resiliency is disabled on the recv communicator (comm=0xeaa86b63c000)
node0:64:75 [0] NCCL INFO NET/IB: ncclIbRecvCommInit: Receive work requests will be posted on-demand
node0:64:75 [0] NCCL INFO NET/IB: ncclIbSenderQpsToRts: Set ECE: IbDev 2 Port 1 qp_num 2414 set_ece={supported=1, vendor_id=0x15b3, options=0x30000002, comp_mask=0x0}
node0:64:75 [0] NCCL INFO NET/IB: Subnet-aware routing: overriding dev 3 with dev 2
node0:64:75 [0] NCCL INFO NET/IB: ncclIbSenderQpsToRts: Set ECE: IbDev 2 Port 1 qp_num 2415 set_ece={supported=1, vendor_id=0x15b3, options=0x30000002, comp_mask=0x0}
node0:64:75 [0] NCCL INFO NET/IB: ncclIbSenderQpsToRts: Set ECE: IbDev 0 Port 1 qp_num 46194 set_ece={supported=1, vendor_id=0x15b3, options=0x30000002, comp_mask=0x0}
node0:64:75 [0] NCCL INFO NET/IB: Subnet-aware routing: overriding dev 1 with dev 0
node0:64:75 [0] NCCL INFO NET/IB: Subnet-aware routing: overriding dev 3 with dev 2
node0:64:75 [0] NCCL INFO NET/IB: Subnet-aware routing: overriding dev 0 with dev 1
node0:64:75 [0] NCCL INFO NET/IB: ncclIbReceiverQpsCreateToRts: QP created: port=1 dev=1 devName=rocep1s0f1 ndevs=4 nmdevs=4 qp_num=41178 pkey=0 pd=0xeaa8681d1b60 oooRq=0
node0:64:75 [0] NCCL INFO NET/IB: ncclIbReceiverQpsCreateToRts: Flush QP created: port=1 dev=1 devName=rocep1s0f1 ndevs=4 nmdevs=4 qp_num=41179 pkey=0 pd=0xeaa8681d1b60
node0:64:75 [0] NCCL INFO NET/IB: Subnet-aware routing: overriding dev 1 with dev 0
node0:64:75 [0] NCCL INFO NET/IB: ncclIbResiliencyInit: Resiliency is disabled on the send communicator (comm=0xeaa86b6c8000)
node0:64:75 [0] NCCL INFO NET/IB: Subnet-aware routing: overriding dev 1 with dev 0
node0:64:75 [0] NCCL INFO NET/IB: Subnet-aware routing: overriding dev 3 with dev 2
node0:64:75 [0] NCCL INFO NET/IB: Subnet-aware routing: overriding dev 1 with dev 0
node0:64:75 [0] NCCL INFO NET/IB: ncclIbResiliencyInit: Resiliency is disabled on the recv communicator (comm=0xeaa86b709000)
node0:64:75 [0] NCCL INFO NET/IB: ncclIbRecvCommInit: Receive work requests will be posted on-demand
node0:64:75 [0] NCCL INFO NET/IB: Subnet-aware routing: overriding dev 1 with dev 0
node0:64:75 [0] NCCL INFO NET/IB: Subnet-aware routing: overriding dev 3 with dev 2
node0:64:75 [0] NCCL INFO NET/IB: Subnet-aware routing: overriding dev 1 with dev 0
node0:64:75 [0] NCCL INFO NET/IB: ncclIbReceiverQpsCreateToRts: QP created: port=1 dev=1 devName=rocep1s0f1 ndevs=4 nmdevs=4 qp_num=41180 pkey=0 pd=0xeaa8681d1b60 oooRq=0
node0:64:75 [0] NCCL INFO NET/IB: ncclIbReceiverQpsCreateToRts: Flush QP created: port=1 dev=1 devName=rocep1s0f1 ndevs=4 nmdevs=4 qp_num=41181 pkey=0 pd=0xeaa8681d1b60
node0:64:75 [0] NCCL INFO NET/IB: ncclIbResiliencyInit: Resiliency is disabled on the send communicator (comm=0xeaa86b79d000)
node0:64:75 [0] NCCL INFO NET/IB: Subnet-aware routing: overriding dev 1 with dev 0
node0:64:75 [0] NCCL INFO NET/IB: Subnet-aware routing: overriding dev 3 with dev 2
node0:64:75 [0] NCCL INFO NET/IB: Subnet-aware routing: overriding dev 1 with dev 0
node0:64:75 [0] NCCL INFO NET/IB: ncclIbResiliencyInit: Resiliency is disabled on the recv communicator (comm=0xeaa86b7de000)
node0:64:75 [0] NCCL INFO NET/IB: ncclIbRecvCommInit: Receive work requests will be posted on-demand
node0:64:75 [0] NCCL INFO NET/IB: Subnet-aware routing: overriding dev 1 with dev 0
node0:64:75 [0] NCCL INFO NET/IB: Subnet-aware routing: overriding dev 3 with dev 2
node0:64:75 [0] NCCL INFO NET/IB: Subnet-aware routing: overriding dev 1 with dev 0
node0:64:75 [0] NCCL INFO NET/IB: Subnet-aware routing: overriding dev 3 with dev 2
node0:64:75 [0] NCCL INFO NET/IB: ncclIbResiliencyInit: Resiliency is disabled on the send communicator (comm=0xeaa86b823000)
node0:64:75 [0] NCCL INFO NET/IB: Subnet-aware routing: overriding dev 1 with dev 0
node0:64:75 [0] NCCL INFO NET/IB: ncclIbSenderQpsCreate: QP created: port=1 dev=0 devName=rocep1s0f0 ndevs=4 nmdevs=4 qp_num=46195 pkey=0 pd=0xeaa86807dc30 oooRq=0
node0:64:75 [0] NCCL INFO NET/IB: ncclIbConnectImpl: NCCL Dev 0 IbDev 0 Port 1 qp_num 46195 mtu 5 GID 6 (0/164A8C0FFFF0000) ctsFifoRkey=0x16c987 ctsFifoLkey=0x16c987
node0:64:75 [0] NCCL INFO NET/IB: ncclIbConnectImpl: IbDev 0 Port 1 qp_num 46195 query_ece={supported=1, vendor_id=0x15b3, options=0x30000002, comp_mask=0x0}
node0:64:75 [0] NCCL INFO NET/IB: ncclIbSenderQpsCreate: QP created: port=1 dev=2 devName=roceP2p1s0f0 ndevs=4 nmdevs=4 qp_num=2416 pkey=0 pd=0xeaa868373b90 oooRq=0
node0:64:75 [0] NCCL INFO NET/IB: ncclIbConnectImpl: NCCL Dev 2 IbDev 2 Port 1 qp_num 2416 mtu 5 GID 3 (0/16EA8C0FFFF0000) ctsFifoRkey=0x191e1c ctsFifoLkey=0x191e1c
node0:64:75 [0] NCCL INFO NET/IB: ncclIbConnectImpl: IbDev 2 Port 1 qp_num 2416 query_ece={supported=1, vendor_id=0x15b3, options=0x30000002, comp_mask=0x0}
node0:64:75 [0] NCCL INFO NET/IB: Subnet-aware routing: overriding dev 3 with dev 2
node0:64:75 [0] NCCL INFO NET/IB: ncclIbSenderQpsCreate: QP created: port=1 dev=2 devName=roceP2p1s0f0 ndevs=4 nmdevs=4 qp_num=2417 pkey=0 pd=0xeaa868373b90 oooRq=0
node0:64:75 [0] NCCL INFO NET/IB: ncclIbConnectImpl: NCCL Dev 2 IbDev 2 Port 1 qp_num 2417 mtu 5 GID 3 (0/16EA8C0FFFF0000) ctsFifoRkey=0x174846 ctsFifoLkey=0x174846
node0:64:75 [0] NCCL INFO NET/IB: ncclIbConnectImpl: IbDev 2 Port 1 qp_num 2417 query_ece={supported=1, vendor_id=0x15b3, options=0x30000002, comp_mask=0x0}
node0:64:75 [0] NCCL INFO NET/IB: ncclIbSenderQpsCreate: QP created: port=1 dev=0 devName=rocep1s0f0 ndevs=4 nmdevs=4 qp_num=46196 pkey=0 pd=0xeaa86807dc30 oooRq=0
node0:64:75 [0] NCCL INFO NET/IB: ncclIbConnectImpl: NCCL Dev 0 IbDev 0 Port 1 qp_num 46196 mtu 5 GID 6 (0/164A8C0FFFF0000) ctsFifoRkey=0x221383 ctsFifoLkey=0x221383
node0:64:75 [0] NCCL INFO NET/IB: ncclIbConnectImpl: IbDev 0 Port 1 qp_num 46196 query_ece={supported=1, vendor_id=0x15b3, options=0x30000002, comp_mask=0x0}
node0:64:75 [0] NCCL INFO NET/IB: Subnet-aware routing: overriding dev 1 with dev 0
node0:64:75 [0] NCCL INFO NET/IB: Subnet-aware routing: overriding dev 2 with dev 3
node0:64:75 [0] NCCL INFO NET/IB: ncclIbReceiverQpsCreateToRts: QP created: port=1 dev=3 devName=roceP2p1s0f1 ndevs=4 nmdevs=4 qp_num=2460 pkey=0 pd=0xeaa86807d010 oooRq=0
node0:64:75 [0] NCCL INFO NET/IB: ncclIbReceiverQpsCreateToRts: Flush QP created: port=1 dev=3 devName=roceP2p1s0f1 ndevs=4 nmdevs=4 qp_num=2461 pkey=0 pd=0xeaa86807d010
node0:64:75 [0] NCCL INFO NET/IB: Subnet-aware routing: overriding dev 3 with dev 2
node0:64:75 [0] NCCL INFO NET/IB: ncclIbResiliencyInit: Resiliency is disabled on the recv communicator (comm=0xeaa86b983000)
node0:64:75 [0] NCCL INFO NET/IB: ncclIbRecvCommInit: Receive work requests will be posted on-demand
node0:64:75 [0] NCCL INFO NET/IB: Subnet-aware routing: overriding dev 1 with dev 0
node0:64:75 [0] NCCL INFO NET/IB: Subnet-aware routing: overriding dev 3 with dev 2
node0:64:75 [0] NCCL INFO NET/IB: Subnet-aware routing: overriding dev 1 with dev 0
node0:64:75 [0] NCCL INFO NET/IB: Subnet-aware routing: overriding dev 3 with dev 2
node0:64:75 [0] NCCL INFO NET/IB: ncclIbResiliencyInit: Resiliency is disabled on the send communicator (comm=0xeaa86b9cb000)
node0:64:75 [0] NCCL INFO NET/IB: Subnet-aware routing: overriding dev 1 with dev 0
node0:64:75 [0] NCCL INFO NET/IB: Subnet-aware routing: overriding dev 3 with dev 2
node0:64:75 [0] NCCL INFO NET/IB: Subnet-aware routing: overriding dev 1 with dev 0
node0:64:75 [0] NCCL INFO NET/IB: Subnet-aware routing: overriding dev 3 with dev 2
node0:64:75 [0] NCCL INFO NET/IB: ncclIbReceiverQpsCreateToRts: QP created: port=1 dev=3 devName=roceP2p1s0f1 ndevs=4 nmdevs=4 qp_num=2462 pkey=0 pd=0xeaa86807d010 oooRq=0
node0:64:75 [0] NCCL INFO NET/IB: ncclIbReceiverQpsCreateToRts: Flush QP created: port=1 dev=3 devName=roceP2p1s0f1 ndevs=4 nmdevs=4 qp_num=2463 pkey=0 pd=0xeaa86807d010
node0:64:75 [0] NCCL INFO NET/IB: ncclIbResiliencyInit: Resiliency is disabled on the recv communicator (comm=0xeaa86ba5f000)
node0:64:75 [0] NCCL INFO NET/IB: ncclIbRecvCommInit: Receive work requests will be posted on-demand
node0:64:75 [0] NCCL INFO NET/IB: Subnet-aware routing: overriding dev 1 with dev 0
node0:64:75 [0] NCCL INFO NET/IB: ncclIbSenderQpsToRts: Set ECE: IbDev 0 Port 1 qp_num 46195 set_ece={supported=1, vendor_id=0x15b3, options=0x30000002, comp_mask=0x0}
node0:64:75 [0] NCCL INFO NET/IB: ncclIbSenderQpsToRts: Set ECE: IbDev 2 Port 1 qp_num 2416 set_ece={supported=1, vendor_id=0x15b3, options=0x30000002, comp_mask=0x0}
node0:64:75 [0] NCCL INFO NET/IB: Subnet-aware routing: overriding dev 3 with dev 2
node0:64:75 [0] NCCL INFO NET/IB: ncclIbSenderQpsToRts: Set ECE: IbDev 2 Port 1 qp_num 2417 set_ece={supported=1, vendor_id=0x15b3, options=0x30000002, comp_mask=0x0}
node0:64:75 [0] NCCL INFO NET/IB: ncclIbSenderQpsToRts: Set ECE: IbDev 0 Port 1 qp_num 46196 set_ece={supported=1, vendor_id=0x15b3, options=0x30000002, comp_mask=0x0}
node0:64:75 [0] NCCL INFO NET/IB: Subnet-aware routing: overriding dev 1 with dev 0
node0:64:75 [0] NCCL INFO NET/IB: ncclIbSenderQpsCreate: QP created: port=1 dev=0 devName=rocep1s0f0 ndevs=4 nmdevs=4 qp_num=46197 pkey=0 pd=0xeaa86807dc30 oooRq=0
node0:64:75 [0] NCCL INFO NET/IB: ncclIbConnectImpl: NCCL Dev 0 IbDev 0 Port 1 qp_num 46197 mtu 5 GID 6 (0/164A8C0FFFF0000) ctsFifoRkey=0x187c67 ctsFifoLkey=0x187c67
node0:64:75 [0] NCCL INFO NET/IB: ncclIbConnectImpl: IbDev 0 Port 1 qp_num 46197 query_ece={supported=1, vendor_id=0x15b3, options=0x30000002, comp_mask=0x0}
node0:64:75 [0] NCCL INFO NET/IB: ncclIbSenderQpsCreate: QP created: port=1 dev=2 devName=roceP2p1s0f0 ndevs=4 nmdevs=4 qp_num=2418 pkey=0 pd=0xeaa868373b90 oooRq=0
node0:64:75 [0] NCCL INFO NET/IB: ncclIbConnectImpl: NCCL Dev 2 IbDev 2 Port 1 qp_num 2418 mtu 5 GID 3 (0/16EA8C0FFFF0000) ctsFifoRkey=0x190906 ctsFifoLkey=0x190906
node0:64:75 [0] NCCL INFO NET/IB: ncclIbConnectImpl: IbDev 2 Port 1 qp_num 2418 query_ece={supported=1, vendor_id=0x15b3, options=0x30000002, comp_mask=0x0}
node0:64:75 [0] NCCL INFO NET/IB: Subnet-aware routing: overriding dev 3 with dev 2
node0:64:75 [0] NCCL INFO NET/IB: Subnet-aware routing: overriding dev 0 with dev 1
node0:64:75 [0] NCCL INFO NET/IB: ncclIbReceiverQpsCreateToRts: QP created: port=1 dev=1 devName=rocep1s0f1 ndevs=4 nmdevs=4 qp_num=41182 pkey=0 pd=0xeaa8681d1b60 oooRq=0
node0:64:75 [0] NCCL INFO NET/IB: ncclIbReceiverQpsCreateToRts: Flush QP created: port=1 dev=1 devName=rocep1s0f1 ndevs=4 nmdevs=4 qp_num=41183 pkey=0 pd=0xeaa8681d1b60
node0:64:75 [0] NCCL INFO NET/IB: Subnet-aware routing: overriding dev 1 with dev 0
node0:64:75 [0] NCCL INFO NET/IB: ncclIbResiliencyInit: Resiliency is disabled on the send communicator (comm=0xeaa86bb4d000)
node0:64:75 [0] NCCL INFO NET/IB: Subnet-aware routing: overriding dev 1 with dev 0
node0:64:75 [0] NCCL INFO NET/IB: Subnet-aware routing: overriding dev 3 with dev 2
node0:64:75 [0] NCCL INFO NET/IB: Subnet-aware routing: overriding dev 1 with dev 0
node0:64:75 [0] NCCL INFO NET/IB: ncclIbResiliencyInit: Resiliency is disabled on the recv communicator (comm=0xeaa86bb91000)
node0:64:75 [0] NCCL INFO NET/IB: ncclIbRecvCommInit: Receive work requests will be posted on-demand
node0:64:75 [0] NCCL INFO NET/IB: Subnet-aware routing: overriding dev 1 with dev 0
node0:64:75 [0] NCCL INFO NET/IB: Subnet-aware routing: overriding dev 3 with dev 2
node0:64:75 [0] NCCL INFO NET/IB: Subnet-aware routing: overriding dev 1 with dev 0
node0:64:75 [0] NCCL INFO NET/IB: ncclIbResiliencyInit: Resiliency is disabled on the send communicator (comm=0xeaa86bbd9000)
node0:64:75 [0] NCCL INFO NET/IB: Subnet-aware routing: overriding dev 1 with dev 0
node0:64:75 [0] NCCL INFO NET/IB: ncclIbSenderQpsToRts: Set ECE: IbDev 0 Port 1 qp_num 46197 set_ece={supported=1, vendor_id=0x15b3, options=0x30000002, comp_mask=0x0}
node0:64:75 [0] NCCL INFO NET/IB: Subnet-aware routing: overriding dev 3 with dev 2
node0:64:75 [0] NCCL INFO NET/IB: Subnet-aware routing: overriding dev 1 with dev 0
node0:64:75 [0] NCCL INFO NET/IB: ncclIbReceiverQpsCreateToRts: QP created: port=1 dev=1 devName=rocep1s0f1 ndevs=4 nmdevs=4 qp_num=41184 pkey=0 pd=0xeaa8681d1b60 oooRq=0
node0:64:75 [0] NCCL INFO NET/IB: ncclIbReceiverQpsCreateToRts: Flush QP created: port=1 dev=1 devName=rocep1s0f1 ndevs=4 nmdevs=4 qp_num=41185 pkey=0 pd=0xeaa8681d1b60
node0:64:75 [0] NCCL INFO NET/IB: ncclIbResiliencyInit: Resiliency is disabled on the recv communicator (comm=0xeaa86bc6b000)
node0:64:75 [0] NCCL INFO NET/IB: ncclIbRecvCommInit: Receive work requests will be posted on-demand
node0:64:75 [0] NCCL INFO NET/IB: ncclIbSenderQpsToRts: Set ECE: IbDev 2 Port 1 qp_num 2418 set_ece={supported=1, vendor_id=0x15b3, options=0x30000002, comp_mask=0x0}
node0:64:75 [0] NCCL INFO NET/IB: Subnet-aware routing: overriding dev 3 with dev 2
node0:64:75 [0] NCCL INFO NET/IB: ncclIbSenderQpsCreate: QP created: port=1 dev=2 devName=roceP2p1s0f0 ndevs=4 nmdevs=4 qp_num=2419 pkey=0 pd=0xeaa868373b90 oooRq=0
node0:64:75 [0] NCCL INFO NET/IB: ncclIbConnectImpl: NCCL Dev 2 IbDev 2 Port 1 qp_num 2419 mtu 5 GID 3 (0/16EA8C0FFFF0000) ctsFifoRkey=0x18e6e3 ctsFifoLkey=0x18e6e3
node0:64:75 [0] NCCL INFO NET/IB: ncclIbConnectImpl: IbDev 2 Port 1 qp_num 2419 query_ece={supported=1, vendor_id=0x15b3, options=0x30000002, comp_mask=0x0}
node0:64:75 [0] NCCL INFO NET/IB: Subnet-aware routing: overriding dev 1 with dev 0
node0:64:75 [0] NCCL INFO NET/IB: Subnet-aware routing: overriding dev 2 with dev 3
node0:64:75 [0] NCCL INFO NET/IB: ncclIbReceiverQpsCreateToRts: QP created: port=1 dev=3 devName=roceP2p1s0f1 ndevs=4 nmdevs=4 qp_num=2464 pkey=0 pd=0xeaa86807d010 oooRq=0
node0:64:75 [0] NCCL INFO NET/IB: ncclIbReceiverQpsCreateToRts: Flush QP created: port=1 dev=3 devName=roceP2p1s0f1 ndevs=4 nmdevs=4 qp_num=2465 pkey=0 pd=0xeaa86807d010
node0:64:75 [0] NCCL INFO NET/IB: Subnet-aware routing: overriding dev 3 with dev 2
node0:64:75 [0] NCCL INFO NET/IB: ncclIbResiliencyInit: Resiliency is disabled on the send communicator (comm=0xeaa86bd2e000)
node0:64:75 [0] NCCL INFO NET/IB: Subnet-aware routing: overriding dev 3 with dev 2
node0:64:75 [0] NCCL INFO NET/IB: Subnet-aware routing: overriding dev 1 with dev 0
node0:64:75 [0] NCCL INFO NET/IB: Subnet-aware routing: overriding dev 3 with dev 2
node0:64:75 [0] NCCL INFO NET/IB: ncclIbResiliencyInit: Resiliency is disabled on the recv communicator (comm=0xeaa86bd6f000)
node0:64:75 [0] NCCL INFO NET/IB: ncclIbRecvCommInit: Receive work requests will be posted on-demand
node0:64:75 [0] NCCL INFO NET/IB: Subnet-aware routing: overriding dev 3 with dev 2
node0:64:75 [0] NCCL INFO NET/IB: Subnet-aware routing: overriding dev 1 with dev 0
node0:64:75 [0] NCCL INFO NET/IB: Subnet-aware routing: overriding dev 3 with dev 2
node0:64:75 [0] NCCL INFO NET/IB: ncclIbReceiverQpsCreateToRts: QP created: port=1 dev=3 devName=roceP2p1s0f1 ndevs=4 nmdevs=4 qp_num=2466 pkey=0 pd=0xeaa86807d010 oooRq=0
node0:64:75 [0] NCCL INFO NET/IB: ncclIbReceiverQpsCreateToRts: Flush QP created: port=1 dev=3 devName=roceP2p1s0f1 ndevs=4 nmdevs=4 qp_num=2467 pkey=0 pd=0xeaa86807d010
node0:64:75 [0] NCCL INFO NET/IB: ncclIbResiliencyInit: Resiliency is disabled on the send communicator (comm=0xeaa86be07000)
node0:64:75 [0] NCCL INFO NET/IB: Subnet-aware routing: overriding dev 3 with dev 2
node0:64:75 [0] NCCL INFO NET/IB: Subnet-aware routing: overriding dev 1 with dev 0
node0:64:75 [0] NCCL INFO NET/IB: Subnet-aware routing: overriding dev 3 with dev 2
node0:64:75 [0] NCCL INFO NET/IB: ncclIbResiliencyInit: Resiliency is disabled on the recv communicator (comm=0xeaa86be4b000)
node0:64:75 [0] NCCL INFO NET/IB: ncclIbRecvCommInit: Receive work requests will be posted on-demand
node0:64:75 [0] NCCL INFO NET/IB: Subnet-aware routing: overriding dev 3 with dev 2
node0:64:75 [0] NCCL INFO NET/IB: ncclIbSenderQpsCreate: QP created: port=1 dev=0 devName=rocep1s0f0 ndevs=4 nmdevs=4 qp_num=46198 pkey=0 pd=0xeaa86807dc30 oooRq=0
node0:64:75 [0] NCCL INFO NET/IB: ncclIbConnectImpl: NCCL Dev 0 IbDev 0 Port 1 qp_num 46198 mtu 5 GID 6 (0/164A8C0FFFF0000) ctsFifoRkey=0x220c7e ctsFifoLkey=0x220c7e
node0:64:75 [0] NCCL INFO NET/IB: ncclIbConnectImpl: IbDev 0 Port 1 qp_num 46198 query_ece={supported=1, vendor_id=0x15b3, options=0x30000002, comp_mask=0x0}
node0:64:75 [0] NCCL INFO NET/IB: Subnet-aware routing: overriding dev 1 with dev 0
node0:64:75 [0] NCCL INFO NET/IB: ncclIbSenderQpsCreate: QP created: port=1 dev=0 devName=rocep1s0f0 ndevs=4 nmdevs=4 qp_num=46199 pkey=0 pd=0xeaa86807dc30 oooRq=0
node0:64:75 [0] NCCL INFO NET/IB: ncclIbConnectImpl: NCCL Dev 0 IbDev 0 Port 1 qp_num 46199 mtu 5 GID 6 (0/164A8C0FFFF0000) ctsFifoRkey=0x222e9d ctsFifoLkey=0x222e9d
node0:64:75 [0] NCCL INFO NET/IB: ncclIbConnectImpl: IbDev 0 Port 1 qp_num 46199 query_ece={supported=1, vendor_id=0x15b3, options=0x30000002, comp_mask=0x0}
node0:64:75 [0] NCCL INFO NET/IB: ncclIbSenderQpsCreate: QP created: port=1 dev=2 devName=roceP2p1s0f0 ndevs=4 nmdevs=4 qp_num=2420 pkey=0 pd=0xeaa868373b90 oooRq=0
node0:64:75 [0] NCCL INFO NET/IB: ncclIbConnectImpl: NCCL Dev 2 IbDev 2 Port 1 qp_num 2420 mtu 5 GID 3 (0/16EA8C0FFFF0000) ctsFifoRkey=0x170f0d ctsFifoLkey=0x170f0d
node0:64:75 [0] NCCL INFO NET/IB: ncclIbConnectImpl: IbDev 2 Port 1 qp_num 2420 query_ece={supported=1, vendor_id=0x15b3, options=0x30000002, comp_mask=0x0}
node0:64:75 [0] NCCL INFO NET/IB: Subnet-aware routing: overriding dev 3 with dev 2
node0:64:75 [0] NCCL INFO NET/IB: Subnet-aware routing: overriding dev 1 with dev 0
node0:64:75 [0] NCCL INFO NET/IB: ncclIbResiliencyInit: Resiliency is disabled on the send communicator (comm=0xeaa86bf28000)
node0:64:75 [0] NCCL INFO NET/IB: Subnet-aware routing: overriding dev 3 with dev 2
node0:64:75 [0] NCCL INFO NET/IB: ncclIbSenderQpsToRts: Set ECE: IbDev 2 Port 1 qp_num 2419 set_ece={supported=1, vendor_id=0x15b3, options=0x30000002, comp_mask=0x0}
node0:64:75 [0] NCCL INFO NET/IB: ncclIbSenderQpsToRts: Set ECE: IbDev 0 Port 1 qp_num 46198 set_ece={supported=1, vendor_id=0x15b3, options=0x30000002, comp_mask=0x0}
node0:64:75 [0] NCCL INFO NET/IB: Subnet-aware routing: overriding dev 1 with dev 0
node0:64:75 [0] NCCL INFO NET/IB: ncclIbSenderQpsToRts: Set ECE: IbDev 0 Port 1 qp_num 46199 set_ece={supported=1, vendor_id=0x15b3, options=0x30000002, comp_mask=0x0}
node0:64:75 [0] NCCL INFO NET/IB: ncclIbSenderQpsToRts: Set ECE: IbDev 2 Port 1 qp_num 2420 set_ece={supported=1, vendor_id=0x15b3, options=0x30000002, comp_mask=0x0}
node0:64:75 [0] NCCL INFO NET/IB: Subnet-aware routing: overriding dev 3 with dev 2
node0:64:75 [0] NCCL INFO NET/IB: ncclIbSenderQpsCreate: QP created: port=1 dev=2 devName=roceP2p1s0f0 ndevs=4 nmdevs=4 qp_num=2421 pkey=0 pd=0xeaa868373b90 oooRq=0
node0:64:75 [0] NCCL INFO NET/IB: ncclIbConnectImpl: NCCL Dev 2 IbDev 2 Port 1 qp_num 2421 mtu 5 GID 3 (0/16EA8C0FFFF0000) ctsFifoRkey=0x189a98 ctsFifoLkey=0x189a98
node0:64:75 [0] NCCL INFO NET/IB: ncclIbConnectImpl: IbDev 2 Port 1 qp_num 2421 query_ece={supported=1, vendor_id=0x15b3, options=0x30000002, comp_mask=0x0}
node0:64:75 [0] NCCL INFO NET/IB: Subnet-aware routing: overriding dev 0 with dev 1
node0:64:75 [0] NCCL INFO NET/IB: ncclIbReceiverQpsCreateToRts: QP created: port=1 dev=1 devName=rocep1s0f1 ndevs=4 nmdevs=4 qp_num=41186 pkey=0 pd=0xeaa8681d1b60 oooRq=0
node0:64:75 [0] NCCL INFO NET/IB: ncclIbReceiverQpsCreateToRts: Flush QP created: port=1 dev=1 devName=rocep1s0f1 ndevs=4 nmdevs=4 qp_num=41187 pkey=0 pd=0xeaa8681d1b60
node0:64:75 [0] NCCL INFO NET/IB: Subnet-aware routing: overriding dev 1 with dev 0
node0:64:75 [0] NCCL INFO NET/IB: ncclIbResiliencyInit: Resiliency is disabled on the recv communicator (comm=0xeaa850001000)
node0:64:75 [0] NCCL INFO NET/IB: ncclIbRecvCommInit: Receive work requests will be posted on-demand
node0:64:75 [0] NCCL INFO NET/IB: Subnet-aware routing: overriding dev 3 with dev 2
node0:64:75 [0] NCCL INFO NET/IB: Subnet-aware routing: overriding dev 1 with dev 0
node0:64:75 [0] NCCL INFO NET/IB: ncclIbResiliencyInit: Resiliency is disabled on the send communicator (comm=0xeaa850049000)
node0:64:75 [0] NCCL INFO NET/IB: Subnet-aware routing: overriding dev 3 with dev 2
node0:64:75 [0] NCCL INFO NET/IB: Subnet-aware routing: overriding dev 1 with dev 0
node0:64:75 [0] NCCL INFO NET/IB: ncclIbResiliencyInit: Resiliency is disabled on the recv communicator (comm=0xeaa85008d000)
node0:64:75 [0] NCCL INFO NET/IB: ncclIbRecvCommInit: Receive work requests will be posted on-demand
node0:64:75 [0] NCCL INFO NET/IB: Subnet-aware routing: overriding dev 3 with dev 2
node0:64:75 [0] NCCL INFO NET/IB: Subnet-aware routing: overriding dev 1 with dev 0
node0:64:75 [0] NCCL INFO NET/IB: Subnet-aware routing: overriding dev 2 with dev 3
node0:64:75 [0] NCCL INFO NET/IB: ncclIbReceiverQpsCreateToRts: QP created: port=1 dev=3 devName=roceP2p1s0f1 ndevs=4 nmdevs=4 qp_num=2468 pkey=0 pd=0xeaa86807d010 oooRq=0
node0:64:75 [0] NCCL INFO NET/IB: ncclIbReceiverQpsCreateToRts: Flush QP created: port=1 dev=3 devName=roceP2p1s0f1 ndevs=4 nmdevs=4 qp_num=2469 pkey=0 pd=0xeaa86807d010
node0:64:75 [0] NCCL INFO NET/IB: Subnet-aware routing: overriding dev 3 with dev 2
node0:64:75 [0] NCCL INFO NET/IB: ncclIbResiliencyInit: Resiliency is disabled on the send communicator (comm=0xeaa850123000)
node0:64:75 [0] NCCL INFO NET/IB: Subnet-aware routing: overriding dev 3 with dev 2
node0:64:75 [0] NCCL INFO NET/IB: ncclIbSenderQpsToRts: Set ECE: IbDev 2 Port 1 qp_num 2421 set_ece={supported=1, vendor_id=0x15b3, options=0x30000002, comp_mask=0x0}
node0:64:75 [0] NCCL INFO NET/IB: ncclIbSenderQpsCreate: QP created: port=1 dev=0 devName=rocep1s0f0 ndevs=4 nmdevs=4 qp_num=46200 pkey=0 pd=0xeaa86807dc30 oooRq=0
node0:64:75 [0] NCCL INFO NET/IB: ncclIbConnectImpl: NCCL Dev 0 IbDev 0 Port 1 qp_num 46200 mtu 5 GID 6 (0/164A8C0FFFF0000) ctsFifoRkey=0x2236a5 ctsFifoLkey=0x2236a5
node0:64:75 [0] NCCL INFO NET/IB: ncclIbConnectImpl: IbDev 0 Port 1 qp_num 46200 query_ece={supported=1, vendor_id=0x15b3, options=0x30000002, comp_mask=0x0}
node0:64:75 [0] NCCL INFO NET/IB: Subnet-aware routing: overriding dev 1 with dev 0
node0:64:75 [0] NCCL INFO NET/IB: ncclIbReceiverQpsCreateToRts: QP created: port=1 dev=1 devName=rocep1s0f1 ndevs=4 nmdevs=4 qp_num=41188 pkey=0 pd=0xeaa8681d1b60 oooRq=0
node0:64:75 [0] NCCL INFO NET/IB: ncclIbReceiverQpsCreateToRts: Flush QP created: port=1 dev=1 devName=rocep1s0f1 ndevs=4 nmdevs=4 qp_num=41189 pkey=0 pd=0xeaa8681d1b60
node0:64:75 [0] NCCL INFO NET/IB: Subnet-aware routing: overriding dev 3 with dev 2
node0:64:75 [0] NCCL INFO NET/IB: ncclIbResiliencyInit: Resiliency is disabled on the recv communicator (comm=0xeaa8501e8000)
node0:64:75 [0] NCCL INFO NET/IB: ncclIbRecvCommInit: Receive work requests will be posted on-demand
node0:64:75 [0] NCCL INFO NET/IB: Subnet-aware routing: overriding dev 1 with dev 0
node0:64:75 [0] NCCL INFO NET/IB: Subnet-aware routing: overriding dev 3 with dev 2
node0:64:75 [0] NCCL INFO NET/IB: Subnet-aware routing: overriding dev 1 with dev 0
node0:64:75 [0] NCCL INFO NET/IB: Subnet-aware routing: overriding dev 3 with dev 2
node0:64:75 [0] NCCL INFO NET/IB: Subnet-aware routing: overriding dev 1 with dev 0
node0:64:75 [0] NCCL INFO NET/IB: Subnet-aware routing: overriding dev 3 with dev 2
node0:64:75 [0] NCCL INFO NET/IB: Subnet-aware routing: overriding dev 1 with dev 0
node0:64:75 [0] NCCL INFO NET/IB: Subnet-aware routing: overriding dev 3 with dev 2
node0:64:75 [0] NCCL INFO NET/IB: Subnet-aware routing: overriding dev 1 with dev 0
node0:64:75 [0] NCCL INFO NET/IB: Subnet-aware routing: overriding dev 3 with dev 2
node0:64:75 [0] NCCL INFO NET/IB: ncclIbReceiverQpsCreateToRts: QP created: port=1 dev=3 devName=roceP2p1s0f1 ndevs=4 nmdevs=4 qp_num=2470 pkey=0 pd=0xeaa86807d010 oooRq=0
node0:64:75 [0] NCCL INFO NET/IB: ncclIbReceiverQpsCreateToRts: Flush QP created: port=1 dev=3 devName=roceP2p1s0f1 ndevs=4 nmdevs=4 qp_num=2471 pkey=0 pd=0xeaa86807d010
node0:64:75 [0] NCCL INFO NET/IB: Subnet-aware routing: overriding dev 1 with dev 0
node0:64:75 [0] NCCL INFO NET/IB: Subnet-aware routing: overriding dev 3 with dev 2
node0:64:75 [0] NCCL INFO NET/IB: Subnet-aware routing: overriding dev 1 with dev 0
node0:64:75 [0] NCCL INFO NET/IB: Subnet-aware routing: overriding dev 3 with dev 2
node0:64:75 [0] NCCL INFO NET/IB: Subnet-aware routing: overriding dev 1 with dev 0
node0:64:75 [0] NCCL INFO NET/IB: Subnet-aware routing: overriding dev 3 with dev 2
node0:64:75 [0] NCCL INFO NET/IB: Subnet-aware routing: overriding dev 1 with dev 0
node0:64:75 [0] NCCL INFO NET/IB: Subnet-aware routing: overriding dev 3 with dev 2
node0:64:75 [0] NCCL INFO NET/IB: Subnet-aware routing: overriding dev 1 with dev 0
node0:64:75 [0] NCCL INFO NET/IB: Subnet-aware routing: overriding dev 3 with dev 2
node0:64:75 [0] NCCL INFO NET/IB: Subnet-aware routing: overriding dev 1 with dev 0
node0:64:75 [0] NCCL INFO NET/IB: Subnet-aware routing: overriding dev 3 with dev 2
node0:64:75 [0] NCCL INFO NET/IB: Subnet-aware routing: overriding dev 1 with dev 0
node0:64:75 [0] NCCL INFO NET/IB: Subnet-aware routing: overriding dev 3 with dev 2
node0:64:75 [0] NCCL INFO NET/IB: Subnet-aware routing: overriding dev 1 with dev 0
node0:64:75 [0] NCCL INFO NET/IB: Subnet-aware routing: overriding dev 3 with dev 2
node0:64:75 [0] NCCL INFO NET/IB: Subnet-aware routing: overriding dev 1 with dev 0
node0:64:75 [0] NCCL INFO NET/IB: Subnet-aware routing: overriding dev 3 with dev 2
node0:64:75 [0] NCCL INFO NET/IB: Subnet-aware routing: overriding dev 1 with dev 0
node0:64:75 [0] NCCL INFO NET/IB: Subnet-aware routing: overriding dev 3 with dev 2
node0:64:75 [0] NCCL INFO NET/IB: Subnet-aware routing: overriding dev 1 with dev 0
node0:64:75 [0] NCCL INFO NET/IB: Subnet-aware routing: overriding dev 3 with dev 2
node0:64:75 [0] NCCL INFO NET/IB: Subnet-aware routing: overriding dev 1 with dev 0
node0:64:75 [0] NCCL INFO NET/IB: Subnet-aware routing: overriding dev 3 with dev 2
node0:64:75 [0] NCCL INFO NET/IB: Subnet-aware routing: overriding dev 1 with dev 0
node0:64:75 [0] NCCL INFO NET/IB: Subnet-aware routing: overriding dev 3 with dev 2
node0:64:75 [0] NCCL INFO NET/IB: Subnet-aware routing: overriding dev 1 with dev 0
node0:64:75 [0] NCCL INFO NET/IB: Subnet-aware routing: overriding dev 3 with dev 2
node0:64:75 [0] NCCL INFO NET/IB: Subnet-aware routing: overriding dev 1 with dev 0
node0:64:75 [0] NCCL INFO NET/IB: Subnet-aware routing: overriding dev 3 with dev 2
node0:64:75 [0] NCCL INFO NET/IB: Subnet-aware routing: overriding dev 1 with dev 0
node0:64:75 [0] NCCL INFO NET/IB: Subnet-aware routing: overriding dev 3 with dev 2
node0:64:75 [0] NCCL INFO NET/IB: Subnet-aware routing: overriding dev 1 with dev 0
node0:64:75 [0] NCCL INFO NET/IB: Subnet-aware routing: overriding dev 3 with dev 2
node0:64:75 [0] NCCL INFO NET/IB: Subnet-aware routing: overriding dev 1 with dev 0
node0:64:75 [0] NCCL INFO NET/IB: Subnet-aware routing: overriding dev 3 with dev 2
node0:64:75 [0] NCCL INFO NET/IB: Subnet-aware routing: overriding dev 1 with dev 0
node0:64:75 [0] NCCL INFO NET/IB: Subnet-aware routing: overriding dev 3 with dev 2
node0:64:75 [0] NCCL INFO NET/IB: Subnet-aware routing: overriding dev 1 with dev 0
node0:64:75 [0] NCCL INFO NET/IB: ncclIbSenderQpsCreate: QP created: port=1 dev=2 devName=roceP2p1s0f0 ndevs=4 nmdevs=4 qp_num=2422 pkey=0 pd=0xeaa868373b90 oooRq=0
node0:64:75 [0] NCCL INFO NET/IB: ncclIbConnectImpl: NCCL Dev 2 IbDev 2 Port 1 qp_num 2422 mtu 5 GID 3 (0/16EA8C0FFFF0000) ctsFifoRkey=0x198381 ctsFifoLkey=0x198381
node0:64:75 [0] NCCL INFO NET/IB: ncclIbConnectImpl: IbDev 2 Port 1 qp_num 2422 query_ece={supported=1, vendor_id=0x15b3, options=0x30000002, comp_mask=0x0}
node0:64:75 [0] NCCL INFO NET/IB: Subnet-aware routing: overriding dev 3 with dev 2
node0:64:75 [0] NCCL INFO NET/IB: ncclIbSenderQpsToRts: Set ECE: IbDev 0 Port 1 qp_num 46200 set_ece={supported=1, vendor_id=0x15b3, options=0x30000002, comp_mask=0x0}
node0:64:75 [0] NCCL INFO NET/IB: Subnet-aware routing: overriding dev 1 with dev 0
node0:64:75 [0] NCCL INFO NET/IB: ncclIbSenderQpsCreate: QP created: port=1 dev=0 devName=rocep1s0f0 ndevs=4 nmdevs=4 qp_num=46201 pkey=0 pd=0xeaa86807dc30 oooRq=0
node0:64:75 [0] NCCL INFO NET/IB: ncclIbConnectImpl: NCCL Dev 0 IbDev 0 Port 1 qp_num 46201 mtu 5 GID 6 (0/164A8C0FFFF0000) ctsFifoRkey=0x186954 ctsFifoLkey=0x186954
node0:64:75 [0] NCCL INFO NET/IB: ncclIbConnectImpl: IbDev 0 Port 1 qp_num 46201 query_ece={supported=1, vendor_id=0x15b3, options=0x30000002, comp_mask=0x0}
node0:64:75 [0] NCCL INFO NET/IB: Subnet-aware routing: overriding dev 3 with dev 2
node0:64:75 [0] NCCL INFO NET/IB: ncclIbSenderQpsCreate: QP created: port=1 dev=2 devName=roceP2p1s0f0 ndevs=4 nmdevs=4 qp_num=2423 pkey=0 pd=0xeaa868373b90 oooRq=0
node0:64:75 [0] NCCL INFO NET/IB: ncclIbConnectImpl: NCCL Dev 2 IbDev 2 Port 1 qp_num 2423 mtu 5 GID 3 (0/16EA8C0FFFF0000) ctsFifoRkey=0x198c8b ctsFifoLkey=0x198c8b
node0:64:75 [0] NCCL INFO NET/IB: ncclIbConnectImpl: IbDev 2 Port 1 qp_num 2423 query_ece={supported=1, vendor_id=0x15b3, options=0x30000002, comp_mask=0x0}
node0:64:75 [0] NCCL INFO NET/IB: Subnet-aware routing: overriding dev 1 with dev 0
node0:64:75 [0] NCCL INFO NET/IB: Subnet-aware routing: overriding dev 3 with dev 2
node0:64:75 [0] NCCL INFO NET/IB: Subnet-aware routing: overriding dev 1 with dev 0
node0:64:75 [0] NCCL INFO NET/IB: Subnet-aware routing: overriding dev 3 with dev 2
node0:64:75 [0] NCCL INFO NET/IB: Subnet-aware routing: overriding dev 1 with dev 0
node0:64:75 [0] NCCL INFO NET/IB: Subnet-aware routing: overriding dev 3 with dev 2
node0:64:75 [0] NCCL INFO NET/IB: Subnet-aware routing: overriding dev 1 with dev 0
node0:64:75 [0] NCCL INFO NET/IB: Subnet-aware routing: overriding dev 3 with dev 2
node0:64:75 [0] NCCL INFO NET/IB: Subnet-aware routing: overriding dev 1 with dev 0
node0:64:75 [0] NCCL INFO NET/IB: Subnet-aware routing: overriding dev 3 with dev 2
node0:64:75 [0] NCCL INFO NET/IB: Subnet-aware routing: overriding dev 1 with dev 0
node0:64:75 [0] NCCL INFO NET/IB: Subnet-aware routing: overriding dev 3 with dev 2
node0:64:75 [0] NCCL INFO NET/IB: Subnet-aware routing: overriding dev 1 with dev 0
node0:64:75 [0] NCCL INFO NET/IB: ncclIbSenderQpsToRts: Set ECE: IbDev 0 Port 1 qp_num 46201 set_ece={supported=1, vendor_id=0x15b3, options=0x30000002, comp_mask=0x0}
node0:64:75 [0] NCCL INFO NET/IB: ncclIbSenderQpsToRts: Set ECE: IbDev 2 Port 1 qp_num 2422 set_ece={supported=1, vendor_id=0x15b3, options=0x30000002, comp_mask=0x0}
node0:64:75 [0] NCCL INFO NET/IB: Subnet-aware routing: overriding dev 3 with dev 2
node0:64:75 [0] NCCL INFO NET/IB: ncclIbSenderQpsToRts: Set ECE: IbDev 2 Port 1 qp_num 2423 set_ece={supported=1, vendor_id=0x15b3, options=0x30000002, comp_mask=0x0}
node0:64:64 [0] NCCL INFO Connected all rings, use ring PXN 0 GDR 0
node0:64:64 [0] NCCL INFO AllGather: 5726623056 Bytes -> Algo RING proto SIMPLE channel{Lo..Hi}={0..63}
node0:64:64 [0] NCCL INFO AllGather: 5726623056 Bytes -> Algo RING proto SIMPLE channel{Lo..Hi}={0..63}
node0:64:64 [0] NCCL INFO AllGather: 5726623056 Bytes -> Algo RING proto SIMPLE channel{Lo..Hi}={0..63}
node0:64:64 [0] NCCL INFO AllGather: 5726623056 Bytes -> Algo RING proto SIMPLE channel{Lo..Hi}={0..63}
node0:64:64 [0] NCCL INFO AllGather: 5726623056 Bytes -> Algo RING proto SIMPLE channel{Lo..Hi}={0..63}
node0:64:64 [0] NCCL INFO AllGather: 5726623056 Bytes -> Algo RING proto SIMPLE channel{Lo..Hi}={0..63}
node0:64:64 [0] NCCL INFO AllGather: 5726623056 Bytes -> Algo RING proto SIMPLE channel{Lo..Hi}={0..63}
node0:64:64 [0] NCCL INFO AllGather: 5726623056 Bytes -> Algo RING proto SIMPLE channel{Lo..Hi}={0..63}
node0:64:64 [0] NCCL INFO AllGather: 5726623056 Bytes -> Algo RING proto SIMPLE channel{Lo..Hi}={0..63}
node0:64:64 [0] NCCL INFO AllGather: 5726623056 Bytes -> Algo RING proto SIMPLE channel{Lo..Hi}={0..63}
node0:64:64 [0] NCCL INFO AllGather: 5726623056 Bytes -> Algo RING proto SIMPLE channel{Lo..Hi}={0..63}
node0:64:64 [0] NCCL INFO AllGather: 5726623056 Bytes -> Algo RING proto SIMPLE channel{Lo..Hi}={0..63}
node0:64:64 [0] NCCL INFO AllGather: 5726623056 Bytes -> Algo RING proto SIMPLE channel{Lo..Hi}={0..63}
node0:64:64 [0] NCCL INFO AllGather: 5726623056 Bytes -> Algo RING proto SIMPLE channel{Lo..Hi}={0..63}
node0:64:64 [0] NCCL INFO AllGather: 5726623056 Bytes -> Algo RING proto SIMPLE channel{Lo..Hi}={0..63}
node0:64:64 [0] NCCL INFO AllGather: 5726623056 Bytes -> Algo RING proto SIMPLE channel{Lo..Hi}={0..63}
node0:64:64 [0] NCCL INFO AllGather: 5726623056 Bytes -> Algo RING proto SIMPLE channel{Lo..Hi}={0..63}
node0:64:64 [0] NCCL INFO AllGather: 5726623056 Bytes -> Algo RING proto SIMPLE channel{Lo..Hi}={0..63}
node0:64:64 [0] NCCL INFO AllGather: 5726623056 Bytes -> Algo RING proto SIMPLE channel{Lo..Hi}={0..63}
node0:64:64 [0] NCCL INFO AllGather: 5726623056 Bytes -> Algo RING proto SIMPLE channel{Lo..Hi}={0..63}
node0:64:64 [0] NCCL INFO AllGather: 5726623056 Bytes -> Algo RING proto SIMPLE channel{Lo..Hi}={0..63}
node0:64:64 [0] NCCL INFO AllGather: 5726623056 Bytes -> Algo RING proto SIMPLE channel{Lo..Hi}={0..63}
node0:64:64 [0] NCCL INFO AllGather: 5726623056 Bytes -> Algo RING proto SIMPLE channel{Lo..Hi}={0..63}
node0:64:64 [0] NCCL INFO AllGather: 5726623056 Bytes -> Algo RING proto SIMPLE channel{Lo..Hi}={0..63}
node0:64:64 [0] NCCL INFO AllGather: 5726623056 Bytes -> Algo RING proto SIMPLE channel{Lo..Hi}={0..63}
node0:64:64 [0] NCCL INFO AllGather: 5726623056 Bytes -> Algo RING proto SIMPLE channel{Lo..Hi}={0..63}
node0:64:64 [0] NCCL INFO AllGather: 5726623056 Bytes -> Algo RING proto SIMPLE channel{Lo..Hi}={0..63}
node0:64:64 [0] NCCL INFO AllGather: 5726623056 Bytes -> Algo RING proto SIMPLE channel{Lo..Hi}={0..63}
node0:64:64 [0] NCCL INFO AllGather: 5726623056 Bytes -> Algo RING proto SIMPLE channel{Lo..Hi}={0..63}
node0:64:64 [0] NCCL INFO AllGather: 5726623056 Bytes -> Algo RING proto SIMPLE channel{Lo..Hi}={0..63}
node0:64:64 [0] NCCL INFO AllGather: 5726623056 Bytes -> Algo RING proto SIMPLE channel{Lo..Hi}={0..63}
node0:64:64 [0] NCCL INFO AllGather: 5726623056 Bytes -> Algo RING proto SIMPLE channel{Lo..Hi}={0..63}
node0:64:64 [0] NCCL INFO AllGather: 5726623056 Bytes -> Algo RING proto SIMPLE channel{Lo..Hi}={0..63}
node0:64:64 [0] NCCL INFO AllGather: 5726623056 Bytes -> Algo RING proto SIMPLE channel{Lo..Hi}={0..63}
node0:64:64 [0] NCCL INFO AllGather: 5726623056 Bytes -> Algo RING proto SIMPLE channel{Lo..Hi}={0..63}
node0:64:64 [0] NCCL INFO AllGather: 5726623056 Bytes -> Algo RING proto SIMPLE channel{Lo..Hi}={0..63}
node0:64:64 [0] NCCL INFO AllGather: 5726623056 Bytes -> Algo RING proto SIMPLE channel{Lo..Hi}={0..63}
node0:64:64 [0] NCCL INFO AllGather: 5726623056 Bytes -> Algo RING proto SIMPLE channel{Lo..Hi}={0..63}
node0:64:64 [0] NCCL INFO AllGather: 5726623056 Bytes -> Algo RING proto SIMPLE channel{Lo..Hi}={0..63}
node0:64:64 [0] NCCL INFO AllGather: 5726623056 Bytes -> Algo RING proto SIMPLE channel{Lo..Hi}={0..63}
node0:64:64 [0] NCCL INFO AllGather: 5726623056 Bytes -> Algo RING proto SIMPLE channel{Lo..Hi}={0..63}
node0:64:64 [0] NCCL INFO AllGather: 5726623056 Bytes -> Algo RING proto SIMPLE channel{Lo..Hi}={0..63}
node0:64:64 [0] NCCL INFO AllGather: 5726623056 Bytes -> Algo RING proto SIMPLE channel{Lo..Hi}={0..63}
node0:64:64 [0] NCCL INFO AllGather: 5726623056 Bytes -> Algo RING proto SIMPLE channel{Lo..Hi}={0..63}
node0:64:64 [0] NCCL INFO AllGather: 5726623056 Bytes -> Algo RING proto SIMPLE channel{Lo..Hi}={0..63}
node0:64:64 [0] NCCL INFO AllGather: 5726623056 Bytes -> Algo RING proto SIMPLE channel{Lo..Hi}={0..63}
node0:64:64 [0] NCCL INFO AllGather: 5726623056 Bytes -> Algo RING proto SIMPLE channel{Lo..Hi}={0..63}
node0:64:64 [0] NCCL INFO AllGather: 5726623056 Bytes -> Algo RING proto SIMPLE channel{Lo..Hi}={0..63}
node0:64:64 [0] NCCL INFO AllGather: 5726623056 Bytes -> Algo RING proto SIMPLE channel{Lo..Hi}={0..63}
########## NCCL_DEBUG from spark1 ##########
node1:64:64 [0] NCCL INFO ncclOsDlopen(libnccl-env.so) failed: libnccl-env.so: cannot open shared object file: No such file or directory
node1:64:64 [0] NCCL INFO ENV/Plugin: Could not find: libnccl-env.so
node1:64:64 [0] NCCL INFO cudaDriverVersion 13000
node1:64:64 [0] NCCL INFO NCCL_SOCKET_IFNAME set by environment to wlP9s9
node1:64:64 [0] NCCL INFO NCCL_SOCKET_IFNAME set to wlP9s9
node1:64:64 [0] NCCL INFO NCCL version 2.30.7+cuda13.3
node1:64:64 [0] NCCL INFO NCCL git version HEAD a5187fa2e
node1:64:64 [0] NCCL INFO Comm config nvlinkCentricSched set to 1
node1:64:64 [0] NCCL INFO NCCL_NET_PLUGIN set by environment to none
node1:64:64 [0] NCCL INFO NCCL_IB_DISABLE set by environment to 0.
node1:64:64 [0] NCCL INFO dlvsym failed on mlx5dv_get_data_direct_sysfs_path - /lib/aarch64-linux-gnu/libmlx5.so: undefined symbol: mlx5dv_get_data_direct_sysfs_path, version MLX5_1.25 version MLX5_1.25
node1:64:64 [0] NCCL INFO dlvsym failed on mlx5dv_reg_dmabuf_mr - /lib/aarch64-linux-gnu/libmlx5.so: undefined symbol: mlx5dv_reg_dmabuf_mr, version MLX5_1.25 version MLX5_1.25
node1:64:64 [0] NCCL INFO NCCL_SOCKET_IFNAME set by environment to wlP9s9
node1:64:64 [0] NCCL INFO NCCL_IB_HCA set to =rocep1s0f0,roceP2p1s0f0,rocep1s0f1,roceP2p1s0f1
node1:64:64 [0] NCCL INFO NET/IB: [0] rocep1s0f0:uverbs0:1/RoCE provider=Mlx5 speed=200000 context=0xc2c009e0a070 pciPath=/sys/devices/pci0000:00/0000:00:00.0/0000:01:00.0 ar=0 oooRqSize=0
node1:64:64 [0] NCCL INFO NET/IB: [1] rocep1s0f1:uverbs1:1/RoCE provider=Mlx5 speed=200000 context=0xc2c009e4b6c0 pciPath=/sys/devices/pci0000:00/0000:00:00.0/0000:01:00.0 ar=0 oooRqSize=0
node1:64:64 [0] NCCL INFO NET/IB: [2] roceP2p1s0f0:uverbs2:1/RoCE provider=Mlx5 speed=200000 context=0xc2c009e8cd10 pciPath=/sys/devices/pci0002:00/0002:00:00.0/0002:01:00.0 ar=0 oooRqSize=0
node1:64:64 [0] NCCL INFO NET/IB: [3] roceP2p1s0f1:uverbs3:1/RoCE provider=Mlx5 speed=200000 context=0xc2c009ece360 pciPath=/sys/devices/pci0002:00/0002:00:00.0/0002:01:00.0 ar=0 oooRqSize=0
node1:64:64 [0] NCCL INFO NCCL_IB_MERGE_NICS set by environment to 0.
node1:64:64 [0] NCCL INFO NET/IB : Made virtual device [0] name=rocep1s0f0 speed=200000 ndevs=1 rail=-1 plane=-1
node1:64:64 [0] NCCL INFO NET/IB : Made virtual device [1] name=rocep1s0f1 speed=200000 ndevs=1 rail=-1 plane=-1
node1:64:64 [0] NCCL INFO NET/IB : Made virtual device [2] name=roceP2p1s0f0 speed=200000 ndevs=1 rail=-1 plane=-1
node1:64:64 [0] NCCL INFO NET/IB : Made virtual device [3] name=roceP2p1s0f1 speed=200000 ndevs=1 rail=-1 plane=-1
node1:64:64 [0] NCCL INFO NET/IB : Using [0]rocep1s0f0:1/RoCE [1]rocep1s0f1:1/RoCE [2]roceP2p1s0f0:1/RoCE [3]roceP2p1s0f1:1/RoCE [RO]; OOB wlP9s9:192.168.10.2<0>
node1:64:64 [0] NCCL INFO Initialized NET plugin IB
node1:64:64 [0] NCCL INFO Assigned NET plugin IB to comm
node1:64:64 [0] NCCL INFO ncclOsDlopen(libnccl-rma.so) failed: libnccl-rma.so: cannot open shared object file: No such file or directory
node1:64:64 [0] NCCL INFO RMA/Plugin: Could not find: libnccl-rma.so
node1:64:64 [0] NCCL INFO RMA/Plugin: Failed to load external plugin libnccl-rma.so, dlHandle: (nil), ncclRma: (nil)
node1:64:64 [0] NCCL INFO RMA/Plugin: Assigned plugin RMA_IB_PROXY to comm
node1:64:64 [0] NCCL INFO ncclOsDlopen(libnccl-gin.so) failed: libnccl-gin.so: cannot open shared object file: No such file or directory
node1:64:64 [0] NCCL INFO GIN/Plugin: Could not find: libnccl-gin.so
node1:64:64 [0] NCCL INFO GIN/Plugin: Failed to load external plugin libnccl-gin.so, dlHandle: (nil), ncclGin: (nil)
node1:64:64 [0] NCCL INFO GIN/Plugin: Assigned plugin GIN_IB_GDAKI type 3 to comm
node1:64:64 [0] NCCL INFO Using network IB
node1:64:64 [0] NCCL INFO Loaded NVML from libnvidia-ml.so.1
node1:64:64 [0] NCCL INFO [Rank 1] ncclCommInitRankConfig comm 0xc2c007348bb0 rank 1 nranks 3 cudaDev 0 nvmlDev 0 busId f01000 commId 0x59db66a3bb61896a - Init START
node1:64:64 [0] NCCL INFO Socket handshake magic 0x564ab9f2fc4b9d6c (built-in default)
node1:64:64 [0] NCCL INFO RAS client listening socket at 127.0.0.1<28028>
node1:64:64 [0] NCCL INFO Topology detection: could not read /sys/devices/system/node/node4294967295/cpumap, using empty affinity
node1:64:64 [0] NCCL INFO TOPO/NET : Importing network plugins to topology
node1:64:64 [0] NCCL INFO NET/GIN_IB_GDAKI : GPU Direct RDMA Disabled for HCA 0 'rocep1s0f0'
node1:64:64 [0] NCCL INFO ncclTopoPopulateNics : Filled rocep1s0f0 in topo with pciPath=/sys/devices/pci0000:00/0000:00:00.0/0000:01:00.0 net=0 gin=1 rma=(null) keep=1 coll=(null) rail=-1 plane=-1
node1:64:64 [0] NCCL INFO NET/GIN_IB_GDAKI : GPU Direct RDMA Disabled for HCA 1 'rocep1s0f1'
node1:64:64 [0] NCCL INFO ncclTopoPopulateNics : Filled rocep1s0f1 in topo with pciPath=/sys/devices/pci0000:00/0000:00:00.0/0000:01:00.0 net=0 gin=1 rma=(null) keep=1 coll=(null) rail=-1 plane=-1
node1:64:64 [0] NCCL INFO NET/GIN_IB_GDAKI : GPU Direct RDMA Disabled for HCA 2 'roceP2p1s0f0'
node1:64:64 [0] NCCL INFO ncclTopoPopulateNics : Filled roceP2p1s0f0 in topo with pciPath=/sys/devices/pci0002:00/0002:00:00.0/0002:01:00.0 net=0 gin=1 rma=(null) keep=1 coll=(null) rail=-1 plane=-1
node1:64:64 [0] NCCL INFO NET/GIN_IB_GDAKI : GPU Direct RDMA Disabled for HCA 3 'roceP2p1s0f1'
node1:64:64 [0] NCCL INFO ncclTopoPopulateNics : Filled roceP2p1s0f1 in topo with pciPath=/sys/devices/pci0002:00/0002:00:00.0/0002:01:00.0 net=0 gin=1 rma=(null) keep=1 coll=(null) rail=-1 plane=-1
node1:64:64 [0] NCCL INFO NET/RMA_IB_PROXY : GPU Direct RDMA Disabled for HCA 0 'rocep1s0f0'
node1:64:64 [0] NCCL INFO ncclTopoPopulateNics : Filled rocep1s0f0 in topo with pciPath=/sys/devices/pci0000:00/0000:00:00.0/0000:01:00.0 net=0 gin=1 rma=1 keep=1 coll=(null) rail=-1 plane=-1
node1:64:64 [0] NCCL INFO NET/RMA_IB_PROXY : GPU Direct RDMA Disabled for HCA 1 'rocep1s0f1'
node1:64:64 [0] NCCL INFO ncclTopoPopulateNics : Filled rocep1s0f1 in topo with pciPath=/sys/devices/pci0000:00/0000:00:00.0/0000:01:00.0 net=0 gin=1 rma=1 keep=1 coll=(null) rail=-1 plane=-1
node1:64:64 [0] NCCL INFO NET/RMA_IB_PROXY : GPU Direct RDMA Disabled for HCA 2 'roceP2p1s0f0'
node1:64:64 [0] NCCL INFO ncclTopoPopulateNics : Filled roceP2p1s0f0 in topo with pciPath=/sys/devices/pci0002:00/0002:00:00.0/0002:01:00.0 net=0 gin=1 rma=1 keep=1 coll=(null) rail=-1 plane=-1
node1:64:64 [0] NCCL INFO NET/RMA_IB_PROXY : GPU Direct RDMA Disabled for HCA 3 'roceP2p1s0f1'
node1:64:64 [0] NCCL INFO ncclTopoPopulateNics : Filled roceP2p1s0f1 in topo with pciPath=/sys/devices/pci0002:00/0002:00:00.0/0002:01:00.0 net=0 gin=1 rma=1 keep=1 coll=(null) rail=-1 plane=-1
node1:64:64 [0] NCCL INFO NET/IB : GPU Direct RDMA Disabled for HCA 0 'rocep1s0f0'
node1:64:64 [0] NCCL INFO ncclTopoPopulateNics : Filled rocep1s0f0 in topo with pciPath=/sys/devices/pci0000:00/0000:00:00.0/0000:01:00.0 net=1 gin=1 rma=1 keep=1 coll=(null) rail=-1 plane=-1
node1:64:64 [0] NCCL INFO NET/IB : GPU Direct RDMA Disabled for HCA 1 'rocep1s0f1'
node1:64:64 [0] NCCL INFO ncclTopoPopulateNics : Filled rocep1s0f1 in topo with pciPath=/sys/devices/pci0000:00/0000:00:00.0/0000:01:00.0 net=1 gin=1 rma=1 keep=1 coll=(null) rail=-1 plane=-1
node1:64:64 [0] NCCL INFO NET/IB : GPU Direct RDMA Disabled for HCA 2 'roceP2p1s0f0'
node1:64:64 [0] NCCL INFO ncclTopoPopulateNics : Filled roceP2p1s0f0 in topo with pciPath=/sys/devices/pci0002:00/0002:00:00.0/0002:01:00.0 net=1 gin=1 rma=1 keep=1 coll=(null) rail=-1 plane=-1
node1:64:64 [0] NCCL INFO NET/IB : GPU Direct RDMA Disabled for HCA 3 'roceP2p1s0f1'
node1:64:64 [0] NCCL INFO ncclTopoPopulateNics : Filled roceP2p1s0f1 in topo with pciPath=/sys/devices/pci0002:00/0002:00:00.0/0002:01:00.0 net=1 gin=1 rma=1 keep=1 coll=(null) rail=-1 plane=-1
node1:64:64 [0] NCCL INFO NET/IB : Skipping makeVDevice, NCCL_IB_MERGE_NICS=0
node1:64:64 [0] NCCL INFO TOPO/NET : Tried merging multiple devices together and failed. vProps={ndevs=2, devs=[0 1 0 0]}. Set NCCL_NET_MERGE_LEVEL=LOC to disable NIC fusion.
node1:64:64 [0] NCCL INFO Marking physical devices as unplaced, increasing distance and restarting search.
node1:64:64 [0] NCCL INFO NET/IB : Skipping makeVDevice, NCCL_IB_MERGE_NICS=0
node1:64:64 [0] NCCL INFO TOPO/NET : Tried merging multiple devices together and failed. vProps={ndevs=2, devs=[2 3 0 0]}. Set NCCL_NET_MERGE_LEVEL=LOC to disable NIC fusion.
node1:64:64 [0] NCCL INFO Marking physical devices as unplaced, increasing distance and restarting search.
node1:64:64 [0] NCCL INFO === System : maxBw 12.0 totalBw 0.2 ===
node1:64:64 [0] NCCL INFO CPU/0-ffffffffffffff (3/-1/-1)
node1:64:64 [0] NCCL INFO + C2C[345.0] - DEV/0-f01000
node1:64:64 [0] NCCL INFO + PCI[12.0] - NIC/0-1000
node1:64:64 [0] NCCL INFO               + NET[25.0] - NET/0-0 (0/47e1bf000399c530/1/25.000000)
node1:64:64 [0] NCCL INFO               + NET[25.0] - GIN/0-0
node1:64:64 [0] NCCL INFO               + NET[25.0] - RMA/0-0
node1:64:64 [0] NCCL INFO               + NET[25.0] - NET/0-1 (0/47e1bf000399c530/2/25.000000)
node1:64:64 [0] NCCL INFO               + NET[25.0] - GIN/0-1
node1:64:64 [0] NCCL INFO               + NET[25.0] - RMA/0-1
node1:64:64 [0] NCCL INFO + PCI[12.0] - NIC/0-201000
node1:64:64 [0] NCCL INFO               + NET[25.0] - NET/0-2 (0/47e1bf000399c530/1/25.000000)
node1:64:64 [0] NCCL INFO               + NET[25.0] - GIN/0-2
node1:64:64 [0] NCCL INFO               + NET[25.0] - RMA/0-2
node1:64:64 [0] NCCL INFO               + NET[25.0] - NET/0-3 (0/47e1bf000399c530/2/25.000000)
node1:64:64 [0] NCCL INFO               + NET[25.0] - GIN/0-3
node1:64:64 [0] NCCL INFO               + NET[25.0] - RMA/0-3
node1:64:64 [0] NCCL INFO + PCI[0.2] - DEV/0-f01000 (10de2e1210de0000)
node1:64:64 [0] NCCL INFO              + LOC[5000.0] - GPU/0-f01000
node1:64:64 [0] NCCL INFO              + C2C[345.0] - CPU/0-ffffffffffffff
node1:64:64 [0] NCCL INFO ==========================================
node1:64:64 [0] NCCL INFO GPU/0-f01000 :GPU/0-f01000 (0/5000.0/LOC) CPU/0-ffffffffffffff (2/345.0/C2C) NET/0-0 (4/12.0/P2C) NET/0-1 (4/12.0/P2C) NET/0-2 (4/12.0/P2C) NET/0-3 (4/12.0/P2C) GIN/0-0 (4/12.0/PHB) GIN/0-1 (4/12.0/PHB) GIN/0-2 (4/12.0/PHB) GIN/0-3 (4/12.0/PHB) RMA/0-0 (4/12.0/PHB) RMA/0-1 (4/12.0/PHB) RMA/0-2 (4/12.0/PHB) RMA/0-3 (4/12.0/PHB) DEV/0-f01000 (1/5000.0/LOC) 
node1:64:64 [0] NCCL INFO NET/0-0 :GPU/0-f01000 (4/12.0/P2C) CPU/0-ffffffffffffff (2/12.0/PHB) NET/0-0 (0/5000.0/LOC) NET/0-1 (2/25.0/LOC) NET/0-2 (4/12.0/PHB) NET/0-3 (4/12.0/PHB) GIN/0-0 (2/25.0/LOC) GIN/0-1 (2/25.0/LOC) GIN/0-2 (4/12.0/PHB) GIN/0-3 (4/12.0/PHB) RMA/0-0 (2/25.0/LOC) RMA/0-1 (2/25.0/LOC) RMA/0-2 (4/12.0/PHB) RMA/0-3 (4/12.0/PHB) DEV/0-f01000 (3/12.0/PHB) 
node1:64:64 [0] NCCL INFO NET/0-1 :GPU/0-f01000 (4/12.0/P2C) CPU/0-ffffffffffffff (2/12.0/PHB) NET/0-0 (2/25.0/LOC) NET/0-1 (0/5000.0/LOC) NET/0-2 (4/12.0/PHB) NET/0-3 (4/12.0/PHB) GIN/0-0 (2/25.0/LOC) GIN/0-1 (2/25.0/LOC) GIN/0-2 (4/12.0/PHB) GIN/0-3 (4/12.0/PHB) RMA/0-0 (2/25.0/LOC) RMA/0-1 (2/25.0/LOC) RMA/0-2 (4/12.0/PHB) RMA/0-3 (4/12.0/PHB) DEV/0-f01000 (3/12.0/PHB) 
node1:64:64 [0] NCCL INFO NET/0-2 :GPU/0-f01000 (4/12.0/P2C) CPU/0-ffffffffffffff (2/12.0/PHB) NET/0-0 (4/12.0/PHB) NET/0-1 (4/12.0/PHB) NET/0-2 (0/5000.0/LOC) NET/0-3 (2/25.0/LOC) GIN/0-0 (4/12.0/PHB) GIN/0-1 (4/12.0/PHB) GIN/0-2 (2/25.0/LOC) GIN/0-3 (2/25.0/LOC) RMA/0-0 (4/12.0/PHB) RMA/0-1 (4/12.0/PHB) RMA/0-2 (2/25.0/LOC) RMA/0-3 (2/25.0/LOC) DEV/0-f01000 (3/12.0/PHB) 
node1:64:64 [0] NCCL INFO NET/0-3 :GPU/0-f01000 (4/12.0/P2C) CPU/0-ffffffffffffff (2/12.0/PHB) NET/0-0 (4/12.0/PHB) NET/0-1 (4/12.0/PHB) NET/0-2 (2/25.0/LOC) NET/0-3 (0/5000.0/LOC) GIN/0-0 (4/12.0/PHB) GIN/0-1 (4/12.0/PHB) GIN/0-2 (2/25.0/LOC) GIN/0-3 (2/25.0/LOC) RMA/0-0 (4/12.0/PHB) RMA/0-1 (4/12.0/PHB) RMA/0-2 (2/25.0/LOC) RMA/0-3 (2/25.0/LOC) DEV/0-f01000 (3/12.0/PHB) 
node1:64:64 [0] NCCL INFO GIN/0-0 :GPU/0-f01000 (4/12.0/PHB) CPU/0-ffffffffffffff (2/12.0/PHB) NET/0-0 (2/25.0/LOC) NET/0-1 (2/25.0/LOC) NET/0-2 (4/12.0/PHB) NET/0-3 (4/12.0/PHB) GIN/0-0 (0/5000.0/LOC) GIN/0-1 (2/25.0/LOC) GIN/0-2 (4/12.0/PHB) GIN/0-3 (4/12.0/PHB) RMA/0-0 (2/25.0/LOC) RMA/0-1 (2/25.0/LOC) RMA/0-2 (4/12.0/PHB) RMA/0-3 (4/12.0/PHB) DEV/0-f01000 (3/12.0/PHB) 
node1:64:64 [0] NCCL INFO GIN/0-1 :GPU/0-f01000 (4/12.0/PHB) CPU/0-ffffffffffffff (2/12.0/PHB) NET/0-0 (2/25.0/LOC) NET/0-1 (2/25.0/LOC) NET/0-2 (4/12.0/PHB) NET/0-3 (4/12.0/PHB) GIN/0-0 (2/25.0/LOC) GIN/0-1 (0/5000.0/LOC) GIN/0-2 (4/12.0/PHB) GIN/0-3 (4/12.0/PHB) RMA/0-0 (2/25.0/LOC) RMA/0-1 (2/25.0/LOC) RMA/0-2 (4/12.0/PHB) RMA/0-3 (4/12.0/PHB) DEV/0-f01000 (3/12.0/PHB) 
node1:64:64 [0] NCCL INFO GIN/0-2 :GPU/0-f01000 (4/12.0/PHB) CPU/0-ffffffffffffff (2/12.0/PHB) NET/0-0 (4/12.0/PHB) NET/0-1 (4/12.0/PHB) NET/0-2 (2/25.0/LOC) NET/0-3 (2/25.0/LOC) GIN/0-0 (4/12.0/PHB) GIN/0-1 (4/12.0/PHB) GIN/0-2 (0/5000.0/LOC) GIN/0-3 (2/25.0/LOC) RMA/0-0 (4/12.0/PHB) RMA/0-1 (4/12.0/PHB) RMA/0-2 (2/25.0/LOC) RMA/0-3 (2/25.0/LOC) DEV/0-f01000 (3/12.0/PHB) 
node1:64:64 [0] NCCL INFO GIN/0-3 :GPU/0-f01000 (4/12.0/PHB) CPU/0-ffffffffffffff (2/12.0/PHB) NET/0-0 (4/12.0/PHB) NET/0-1 (4/12.0/PHB) NET/0-2 (2/25.0/LOC) NET/0-3 (2/25.0/LOC) GIN/0-0 (4/12.0/PHB) GIN/0-1 (4/12.0/PHB) GIN/0-2 (2/25.0/LOC) GIN/0-3 (0/5000.0/LOC) RMA/0-0 (4/12.0/PHB) RMA/0-1 (4/12.0/PHB) RMA/0-2 (2/25.0/LOC) RMA/0-3 (2/25.0/LOC) DEV/0-f01000 (3/12.0/PHB) 
node1:64:64 [0] NCCL INFO RMA/0-0 :GPU/0-f01000 (4/12.0/PHB) CPU/0-ffffffffffffff (2/12.0/PHB) NET/0-0 (2/25.0/LOC) NET/0-1 (2/25.0/LOC) NET/0-2 (4/12.0/PHB) NET/0-3 (4/12.0/PHB) GIN/0-0 (2/25.0/LOC) GIN/0-1 (2/25.0/LOC) GIN/0-2 (4/12.0/PHB) GIN/0-3 (4/12.0/PHB) RMA/0-0 (0/5000.0/LOC) RMA/0-1 (2/25.0/LOC) RMA/0-2 (4/12.0/PHB) RMA/0-3 (4/12.0/PHB) DEV/0-f01000 (3/12.0/PHB) 
node1:64:64 [0] NCCL INFO RMA/0-1 :GPU/0-f01000 (4/12.0/PHB) CPU/0-ffffffffffffff (2/12.0/PHB) NET/0-0 (2/25.0/LOC) NET/0-1 (2/25.0/LOC) NET/0-2 (4/12.0/PHB) NET/0-3 (4/12.0/PHB) GIN/0-0 (2/25.0/LOC) GIN/0-1 (2/25.0/LOC) GIN/0-2 (4/12.0/PHB) GIN/0-3 (4/12.0/PHB) RMA/0-0 (2/25.0/LOC) RMA/0-1 (0/5000.0/LOC) RMA/0-2 (4/12.0/PHB) RMA/0-3 (4/12.0/PHB) DEV/0-f01000 (3/12.0/PHB) 
node1:64:64 [0] NCCL INFO RMA/0-2 :GPU/0-f01000 (4/12.0/PHB) CPU/0-ffffffffffffff (2/12.0/PHB) NET/0-0 (4/12.0/PHB) NET/0-1 (4/12.0/PHB) NET/0-2 (2/25.0/LOC) NET/0-3 (2/25.0/LOC) GIN/0-0 (4/12.0/PHB) GIN/0-1 (4/12.0/PHB) GIN/0-2 (2/25.0/LOC) GIN/0-3 (2/25.0/LOC) RMA/0-0 (4/12.0/PHB) RMA/0-1 (4/12.0/PHB) RMA/0-2 (0/5000.0/LOC) RMA/0-3 (2/25.0/LOC) DEV/0-f01000 (3/12.0/PHB) 
node1:64:64 [0] NCCL INFO RMA/0-3 :GPU/0-f01000 (4/12.0/PHB) CPU/0-ffffffffffffff (2/12.0/PHB) NET/0-0 (4/12.0/PHB) NET/0-1 (4/12.0/PHB) NET/0-2 (2/25.0/LOC) NET/0-3 (2/25.0/LOC) GIN/0-0 (4/12.0/PHB) GIN/0-1 (4/12.0/PHB) GIN/0-2 (2/25.0/LOC) GIN/0-3 (2/25.0/LOC) RMA/0-0 (4/12.0/PHB) RMA/0-1 (4/12.0/PHB) RMA/0-2 (2/25.0/LOC) RMA/0-3 (0/5000.0/LOC) DEV/0-f01000 (3/12.0/PHB) 
node1:64:64 [0] NCCL INFO ncclTopoGetCpuAffinity: Affinity for GPU 0 is empty, ignoring. (GPU affinity =  ; CPU affinity = 0-19).
node1:64:64 [0] NCCL INFO Pattern 4, crossNic 0, nChannels 32, bw 0.240000/0.240000, type LOC/P2C, sameChannels 1
node1:64:64 [0] NCCL INFO  0 : NET/0-0 GPU/0-f01000 NET/0-0
node1:64:64 [0] NCCL INFO  1 : NET/0-1 GPU/0-f01000 NET/0-1
node1:64:64 [0] NCCL INFO  2 : NET/0-2 GPU/0-f01000 NET/0-0
node1:64:64 [0] NCCL INFO  3 : NET/0-3 GPU/0-f01000 NET/0-1
node1:64:64 [0] NCCL INFO  4 : NET/0-0 GPU/0-f01000 NET/0-0
node1:64:64 [0] NCCL INFO  5 : NET/0-1 GPU/0-f01000 NET/0-1
node1:64:64 [0] NCCL INFO  6 : NET/0-2 GPU/0-f01000 NET/0-0
node1:64:64 [0] NCCL INFO  7 : NET/0-3 GPU/0-f01000 NET/0-1
node1:64:64 [0] NCCL INFO  8 : NET/0-0 GPU/0-f01000 NET/0-0
node1:64:64 [0] NCCL INFO  9 : NET/0-1 GPU/0-f01000 NET/0-1
node1:64:64 [0] NCCL INFO 10 : NET/0-2 GPU/0-f01000 NET/0-0
node1:64:64 [0] NCCL INFO 11 : NET/0-3 GPU/0-f01000 NET/0-1
node1:64:64 [0] NCCL INFO 12 : NET/0-0 GPU/0-f01000 NET/0-0
node1:64:64 [0] NCCL INFO 13 : NET/0-1 GPU/0-f01000 NET/0-1
node1:64:64 [0] NCCL INFO 14 : NET/0-2 GPU/0-f01000 NET/0-0
node1:64:64 [0] NCCL INFO 15 : NET/0-3 GPU/0-f01000 NET/0-1
node1:64:64 [0] NCCL INFO 16 : NET/0-0 GPU/0-f01000 NET/0-0
node1:64:64 [0] NCCL INFO 17 : NET/0-1 GPU/0-f01000 NET/0-1
node1:64:64 [0] NCCL INFO 18 : NET/0-2 GPU/0-f01000 NET/0-0
node1:64:64 [0] NCCL INFO 19 : NET/0-3 GPU/0-f01000 NET/0-1
node1:64:64 [0] NCCL INFO 20 : NET/0-0 GPU/0-f01000 NET/0-0
node1:64:64 [0] NCCL INFO 21 : NET/0-1 GPU/0-f01000 NET/0-1
node1:64:64 [0] NCCL INFO 22 : NET/0-2 GPU/0-f01000 NET/0-0
node1:64:64 [0] NCCL INFO 23 : NET/0-3 GPU/0-f01000 NET/0-1
node1:64:64 [0] NCCL INFO 24 : NET/0-0 GPU/0-f01000 NET/0-0
node1:64:64 [0] NCCL INFO 25 : NET/0-1 GPU/0-f01000 NET/0-1
node1:64:64 [0] NCCL INFO 26 : NET/0-2 GPU/0-f01000 NET/0-0
node1:64:64 [0] NCCL INFO 27 : NET/0-3 GPU/0-f01000 NET/0-1
node1:64:64 [0] NCCL INFO 28 : NET/0-0 GPU/0-f01000 NET/0-0
node1:64:64 [0] NCCL INFO 29 : NET/0-1 GPU/0-f01000 NET/0-1
node1:64:64 [0] NCCL INFO 30 : NET/0-2 GPU/0-f01000 NET/0-0
node1:64:64 [0] NCCL INFO 31 : NET/0-3 GPU/0-f01000 NET/0-1
node1:64:64 [0] NCCL INFO Pattern 3, crossNic 0, nChannels 32, bw 0.240000/0.120000, type LOC/P2C, sameChannels 1
node1:64:64 [0] NCCL INFO  0 : NET/0-0 GPU/0-f01000 NET/0-0
node1:64:64 [0] NCCL INFO  1 : NET/0-1 GPU/0-f01000 NET/0-1
node1:64:64 [0] NCCL INFO  2 : NET/0-2 GPU/0-f01000 NET/0-2
node1:64:64 [0] NCCL INFO  3 : NET/0-3 GPU/0-f01000 NET/0-3
node1:64:64 [0] NCCL INFO  4 : NET/0-0 GPU/0-f01000 NET/0-0
node1:64:64 [0] NCCL INFO  5 : NET/0-1 GPU/0-f01000 NET/0-1
node1:64:64 [0] NCCL INFO  6 : NET/0-2 GPU/0-f01000 NET/0-2
node1:64:64 [0] NCCL INFO  7 : NET/0-3 GPU/0-f01000 NET/0-3
node1:64:64 [0] NCCL INFO  8 : NET/0-0 GPU/0-f01000 NET/0-0
node1:64:64 [0] NCCL INFO  9 : NET/0-1 GPU/0-f01000 NET/0-1
node1:64:64 [0] NCCL INFO 10 : NET/0-2 GPU/0-f01000 NET/0-2
node1:64:64 [0] NCCL INFO 11 : NET/0-3 GPU/0-f01000 NET/0-3
node1:64:64 [0] NCCL INFO 12 : NET/0-0 GPU/0-f01000 NET/0-0
node1:64:64 [0] NCCL INFO 13 : NET/0-1 GPU/0-f01000 NET/0-1
node1:64:64 [0] NCCL INFO 14 : NET/0-2 GPU/0-f01000 NET/0-2
node1:64:64 [0] NCCL INFO 15 : NET/0-3 GPU/0-f01000 NET/0-3
node1:64:64 [0] NCCL INFO 16 : NET/0-0 GPU/0-f01000 NET/0-0
node1:64:64 [0] NCCL INFO 17 : NET/0-1 GPU/0-f01000 NET/0-1
node1:64:64 [0] NCCL INFO 18 : NET/0-2 GPU/0-f01000 NET/0-2
node1:64:64 [0] NCCL INFO 19 : NET/0-3 GPU/0-f01000 NET/0-3
node1:64:64 [0] NCCL INFO 20 : NET/0-0 GPU/0-f01000 NET/0-0
node1:64:64 [0] NCCL INFO 21 : NET/0-1 GPU/0-f01000 NET/0-1
node1:64:64 [0] NCCL INFO 22 : NET/0-2 GPU/0-f01000 NET/0-2
node1:64:64 [0] NCCL INFO 23 : NET/0-3 GPU/0-f01000 NET/0-3
node1:64:64 [0] NCCL INFO 24 : NET/0-0 GPU/0-f01000 NET/0-0
node1:64:64 [0] NCCL INFO 25 : NET/0-1 GPU/0-f01000 NET/0-1
node1:64:64 [0] NCCL INFO 26 : NET/0-2 GPU/0-f01000 NET/0-2
node1:64:64 [0] NCCL INFO 27 : NET/0-3 GPU/0-f01000 NET/0-3
node1:64:64 [0] NCCL INFO 28 : NET/0-0 GPU/0-f01000 NET/0-0
node1:64:64 [0] NCCL INFO 29 : NET/0-1 GPU/0-f01000 NET/0-1
node1:64:64 [0] NCCL INFO 30 : NET/0-2 GPU/0-f01000 NET/0-2
node1:64:64 [0] NCCL INFO 31 : NET/0-3 GPU/0-f01000 NET/0-3
node1:64:64 [0] NCCL INFO Rank 1: 4 Net devices
node1:64:64 [0] NCCL INFO Rank 1: 0 CollNet devices
node1:64:64 [0] NCCL INFO comm 0xc2c007348bb0 rank 1 nRanks 3 nNodes 3 localRanks 1 localRank 0 MNNVL 0
node1:64:64 [0] NCCL INFO Tree 0 : 2 -> 1 -> -1/-1/-1
node1:64:64 [0] NCCL INFO Tree 32 : -1 -> 1 -> 0/-1/-1
node1:64:64 [0] NCCL INFO Tree 1 : 2 -> 1 -> -1/-1/-1
node1:64:64 [0] NCCL INFO Tree 33 : -1 -> 1 -> 0/-1/-1
node1:64:64 [0] NCCL INFO Tree 2 : 2 -> 1 -> -1/-1/-1
node1:64:64 [0] NCCL INFO Tree 34 : -1 -> 1 -> 0/-1/-1
node1:64:64 [0] NCCL INFO Tree 3 : 2 -> 1 -> -1/-1/-1
node1:64:64 [0] NCCL INFO Tree 35 : -1 -> 1 -> 0/-1/-1
node1:64:64 [0] NCCL INFO Tree 4 : 2 -> 1 -> -1/-1/-1
node1:64:64 [0] NCCL INFO Tree 36 : -1 -> 1 -> 0/-1/-1
node1:64:64 [0] NCCL INFO Tree 5 : 2 -> 1 -> -1/-1/-1
node1:64:64 [0] NCCL INFO Tree 37 : -1 -> 1 -> 0/-1/-1
node1:64:64 [0] NCCL INFO Tree 6 : 2 -> 1 -> -1/-1/-1
node1:64:64 [0] NCCL INFO Tree 38 : -1 -> 1 -> 0/-1/-1
node1:64:64 [0] NCCL INFO Tree 7 : 2 -> 1 -> -1/-1/-1
node1:64:64 [0] NCCL INFO Tree 39 : -1 -> 1 -> 0/-1/-1
node1:64:64 [0] NCCL INFO Tree 8 : 2 -> 1 -> -1/-1/-1
node1:64:64 [0] NCCL INFO Tree 40 : -1 -> 1 -> 0/-1/-1
node1:64:64 [0] NCCL INFO Tree 9 : 2 -> 1 -> -1/-1/-1
node1:64:64 [0] NCCL INFO Tree 41 : -1 -> 1 -> 0/-1/-1
node1:64:64 [0] NCCL INFO Tree 10 : 2 -> 1 -> -1/-1/-1
node1:64:64 [0] NCCL INFO Tree 42 : -1 -> 1 -> 0/-1/-1
node1:64:64 [0] NCCL INFO Tree 11 : 2 -> 1 -> -1/-1/-1
node1:64:64 [0] NCCL INFO Tree 43 : -1 -> 1 -> 0/-1/-1
node1:64:64 [0] NCCL INFO Tree 12 : 2 -> 1 -> -1/-1/-1
node1:64:64 [0] NCCL INFO Tree 44 : -1 -> 1 -> 0/-1/-1
node1:64:64 [0] NCCL INFO Tree 13 : 2 -> 1 -> -1/-1/-1
node1:64:64 [0] NCCL INFO Tree 45 : -1 -> 1 -> 0/-1/-1
node1:64:64 [0] NCCL INFO Tree 14 : 2 -> 1 -> -1/-1/-1
node1:64:64 [0] NCCL INFO Tree 46 : -1 -> 1 -> 0/-1/-1
node1:64:64 [0] NCCL INFO Tree 15 : 2 -> 1 -> -1/-1/-1
node1:64:64 [0] NCCL INFO Tree 47 : -1 -> 1 -> 0/-1/-1
node1:64:64 [0] NCCL INFO Tree 16 : 2 -> 1 -> -1/-1/-1
node1:64:64 [0] NCCL INFO Tree 48 : -1 -> 1 -> 0/-1/-1
node1:64:64 [0] NCCL INFO Tree 17 : 2 -> 1 -> -1/-1/-1
node1:64:64 [0] NCCL INFO Tree 49 : -1 -> 1 -> 0/-1/-1
node1:64:64 [0] NCCL INFO Tree 18 : 2 -> 1 -> -1/-1/-1
node1:64:64 [0] NCCL INFO Tree 50 : -1 -> 1 -> 0/-1/-1
node1:64:64 [0] NCCL INFO Tree 19 : 2 -> 1 -> -1/-1/-1
node1:64:64 [0] NCCL INFO Tree 51 : -1 -> 1 -> 0/-1/-1
node1:64:64 [0] NCCL INFO Tree 20 : 2 -> 1 -> -1/-1/-1
node1:64:64 [0] NCCL INFO Tree 52 : -1 -> 1 -> 0/-1/-1
node1:64:64 [0] NCCL INFO Tree 21 : 2 -> 1 -> -1/-1/-1
node1:64:64 [0] NCCL INFO Tree 53 : -1 -> 1 -> 0/-1/-1
node1:64:64 [0] NCCL INFO Tree 22 : 2 -> 1 -> -1/-1/-1
node1:64:64 [0] NCCL INFO Tree 54 : -1 -> 1 -> 0/-1/-1
node1:64:64 [0] NCCL INFO Tree 23 : 2 -> 1 -> -1/-1/-1
node1:64:64 [0] NCCL INFO Tree 55 : -1 -> 1 -> 0/-1/-1
node1:64:64 [0] NCCL INFO Tree 24 : 2 -> 1 -> -1/-1/-1
node1:64:64 [0] NCCL INFO Tree 56 : -1 -> 1 -> 0/-1/-1
node1:64:64 [0] NCCL INFO Tree 25 : 2 -> 1 -> -1/-1/-1
node1:64:64 [0] NCCL INFO Tree 57 : -1 -> 1 -> 0/-1/-1
node1:64:64 [0] NCCL INFO Tree 26 : 2 -> 1 -> -1/-1/-1
node1:64:64 [0] NCCL INFO Tree 58 : -1 -> 1 -> 0/-1/-1
node1:64:64 [0] NCCL INFO Tree 27 : 2 -> 1 -> -1/-1/-1
node1:64:64 [0] NCCL INFO Tree 59 : -1 -> 1 -> 0/-1/-1
node1:64:64 [0] NCCL INFO Tree 28 : 2 -> 1 -> -1/-1/-1
node1:64:64 [0] NCCL INFO Tree 60 : -1 -> 1 -> 0/-1/-1
node1:64:64 [0] NCCL INFO Tree 29 : 2 -> 1 -> -1/-1/-1
node1:64:64 [0] NCCL INFO Tree 61 : -1 -> 1 -> 0/-1/-1
node1:64:64 [0] NCCL INFO Tree 30 : 2 -> 1 -> -1/-1/-1
node1:64:64 [0] NCCL INFO Tree 62 : -1 -> 1 -> 0/-1/-1
node1:64:64 [0] NCCL INFO Tree 31 : 2 -> 1 -> -1/-1/-1
node1:64:64 [0] NCCL INFO Tree 63 : -1 -> 1 -> 0/-1/-1
node1:64:64 [0] NCCL INFO Ring 00 : 0 -> 1 -> 2
node1:64:64 [0] NCCL INFO Ring 01 : 0 -> 1 -> 2
node1:64:64 [0] NCCL INFO Ring 02 : 0 -> 1 -> 2
node1:64:64 [0] NCCL INFO Ring 03 : 0 -> 1 -> 2
node1:64:64 [0] NCCL INFO Ring 04 : 0 -> 1 -> 2
node1:64:64 [0] NCCL INFO Ring 05 : 0 -> 1 -> 2
node1:64:64 [0] NCCL INFO Ring 06 : 0 -> 1 -> 2
node1:64:64 [0] NCCL INFO Ring 07 : 0 -> 1 -> 2
node1:64:64 [0] NCCL INFO Ring 08 : 0 -> 1 -> 2
node1:64:64 [0] NCCL INFO Ring 09 : 0 -> 1 -> 2
node1:64:64 [0] NCCL INFO Ring 10 : 0 -> 1 -> 2
node1:64:64 [0] NCCL INFO Ring 11 : 0 -> 1 -> 2
node1:64:64 [0] NCCL INFO Ring 12 : 0 -> 1 -> 2
node1:64:64 [0] NCCL INFO Ring 13 : 0 -> 1 -> 2
node1:64:64 [0] NCCL INFO Ring 14 : 0 -> 1 -> 2
node1:64:64 [0] NCCL INFO Ring 15 : 0 -> 1 -> 2
node1:64:64 [0] NCCL INFO Ring 16 : 0 -> 1 -> 2
node1:64:64 [0] NCCL INFO Ring 17 : 0 -> 1 -> 2
node1:64:64 [0] NCCL INFO Ring 18 : 0 -> 1 -> 2
node1:64:64 [0] NCCL INFO Ring 19 : 0 -> 1 -> 2
node1:64:64 [0] NCCL INFO Ring 20 : 0 -> 1 -> 2
node1:64:64 [0] NCCL INFO Ring 21 : 0 -> 1 -> 2
node1:64:64 [0] NCCL INFO Ring 22 : 0 -> 1 -> 2
node1:64:64 [0] NCCL INFO Ring 23 : 0 -> 1 -> 2
node1:64:64 [0] NCCL INFO Ring 24 : 0 -> 1 -> 2
node1:64:64 [0] NCCL INFO Ring 25 : 0 -> 1 -> 2
node1:64:64 [0] NCCL INFO Ring 26 : 0 -> 1 -> 2
node1:64:64 [0] NCCL INFO Ring 27 : 0 -> 1 -> 2
node1:64:64 [0] NCCL INFO Ring 28 : 0 -> 1 -> 2
node1:64:64 [0] NCCL INFO Ring 29 : 0 -> 1 -> 2
node1:64:64 [0] NCCL INFO Ring 30 : 0 -> 1 -> 2
node1:64:64 [0] NCCL INFO Ring 31 : 0 -> 1 -> 2
node1:64:64 [0] NCCL INFO Ring 32 : 0 -> 1 -> 2
node1:64:64 [0] NCCL INFO Ring 33 : 0 -> 1 -> 2
node1:64:64 [0] NCCL INFO Ring 34 : 0 -> 1 -> 2
node1:64:64 [0] NCCL INFO Ring 35 : 0 -> 1 -> 2
node1:64:64 [0] NCCL INFO Ring 36 : 0 -> 1 -> 2
node1:64:64 [0] NCCL INFO Ring 37 : 0 -> 1 -> 2
node1:64:64 [0] NCCL INFO Ring 38 : 0 -> 1 -> 2
node1:64:64 [0] NCCL INFO Ring 39 : 0 -> 1 -> 2
node1:64:64 [0] NCCL INFO Ring 40 : 0 -> 1 -> 2
node1:64:64 [0] NCCL INFO Ring 41 : 0 -> 1 -> 2
node1:64:64 [0] NCCL INFO Ring 42 : 0 -> 1 -> 2
node1:64:64 [0] NCCL INFO Ring 43 : 0 -> 1 -> 2
node1:64:64 [0] NCCL INFO Ring 44 : 0 -> 1 -> 2
node1:64:64 [0] NCCL INFO Ring 45 : 0 -> 1 -> 2
node1:64:64 [0] NCCL INFO Ring 46 : 0 -> 1 -> 2
node1:64:64 [0] NCCL INFO Ring 47 : 0 -> 1 -> 2
node1:64:64 [0] NCCL INFO Ring 48 : 0 -> 1 -> 2
node1:64:64 [0] NCCL INFO Ring 49 : 0 -> 1 -> 2
node1:64:64 [0] NCCL INFO Ring 50 : 0 -> 1 -> 2
node1:64:64 [0] NCCL INFO Ring 51 : 0 -> 1 -> 2
node1:64:64 [0] NCCL INFO Ring 52 : 0 -> 1 -> 2
node1:64:64 [0] NCCL INFO Ring 53 : 0 -> 1 -> 2
node1:64:64 [0] NCCL INFO Ring 54 : 0 -> 1 -> 2
node1:64:64 [0] NCCL INFO Ring 55 : 0 -> 1 -> 2
node1:64:64 [0] NCCL INFO Ring 56 : 0 -> 1 -> 2
node1:64:64 [0] NCCL INFO Ring 57 : 0 -> 1 -> 2
node1:64:64 [0] NCCL INFO Ring 58 : 0 -> 1 -> 2
node1:64:64 [0] NCCL INFO Ring 59 : 0 -> 1 -> 2
node1:64:64 [0] NCCL INFO Ring 60 : 0 -> 1 -> 2
node1:64:64 [0] NCCL INFO Ring 61 : 0 -> 1 -> 2
node1:64:64 [0] NCCL INFO Ring 62 : 0 -> 1 -> 2
node1:64:64 [0] NCCL INFO Ring 63 : 0 -> 1 -> 2
node1:64:64 [0] NCCL INFO Trees [0] -1/-1/-1->1->2 [1] -1/-1/-1->1->2 [2] -1/-1/-1->1->2 [3] -1/-1/-1->1->2 [4] -1/-1/-1->1->2 [5] -1/-1/-1->1->2 [6] -1/-1/-1->1->2 [7] -1/-1/-1->1->2 [8] -1/-1/-1->1->2 [9] -1/-1/-1->1->2 [10] -1/-1/-1->1->2 [11] -1/-1/-1->1->2 [12] -1/-1/-1->1->2 [13] -1/-1/-1->1->2 [14] -1/-1/-1->1->2 [15] -1/-1/-1->1->2 [16] -1/-1/-1->1->2 [17] -1/-1/-1->1->2 [18] -1/-1/-1->1->2 [19] -1/-1/-1->1->2 [20] -1/-1/-1->1->2 [21] -1/-1/-1->1->2 [22] -1/-1/-1->1->2 [23] -1/-1/-1->1->2 [24] -1/-1/-1->1->2 [25] -1/-1/-1->1->2 [26] -1/-1/-1->1->2 [27] -1/-1/-1->1->2 [28] -1/-1/-1->1->2 [29] -1/-1/-1->1->2 [30] -1/-1/-1->1->2 [31] -1/-1/-1->1->2 [32] 0/-1/-1->1->-1 [33] 0/-1/-1->1->-1 [34] 0/-1/-1->1->-1 [35] 0/-1/-1->1->-1 [36] 0/-1/-1->1->-1 [37] 0/-1/-1->1->-1 [38] 0/-1/-1->1->-1 [39] 0/-1/-1->1->-1 [40] 0/-1/-1->1->-1 [41] 0/-1/-1->1->-1 [42] 0/-1/-1->1->-1 [43] 0/-1/-1->1->-1 [44] 0/-1/-1->1->-1 [45] 0/-1/-1->1->-1 [46] 0/-1/-1->1->-1 [47] 0/-1/-1->1->-1 [48] 0/-1/-1->1->-1 [49] 0/-1/-1->1->-1 [50] 0/-1/-1->1->-1 [51] 0/-1/-
node1:64:64 [0] NCCL INFO P2P Chunksize set to 262144
node1:64:64 [0] NCCL INFO Tuning P2P operations with maxP2pPeers = 3
node1:64:64 [0] NCCL INFO ncclOsDlopen(libnccl-profiler.so) failed: libnccl-profiler.so: cannot open shared object file: No such file or directory
node1:64:64 [0] NCCL INFO PROFILER/Plugin: Could not find: libnccl-profiler.so
node1:64:64 [0] NCCL INFO Check P2P Type isAllDirectP2p 1 directMode 0 isAllCudaP2p 1
node1:64:64 [0] NCCL INFO ncclP2pSchedule: group size used is 1
node1:64:75 [0] NCCL INFO [Proxy Service UDS] Device 0 CPU core 17
node1:64:74 [0] NCCL INFO [Proxy Service] Device 0 CPU core 9
node1:64:74 [0] NCCL INFO proxy listening socket at 192.168.10.2<46615>
node1:64:64 [0] NCCL INFO ncclOsDlopen(libnccl-tuner.so) failed: libnccl-tuner.so: cannot open shared object file: No such file or directory
node1:64:64 [0] NCCL INFO TUNER/Plugin: Could not find: libnccl-tuner.so
node1:64:64 [0] NCCL INFO threadThresholds 8/8/64 | 24/8/64 | 512 | 512
node1:64:64 [0] NCCL INFO 64 coll channels, 64 collnet channels, 0 nvls channels, 64 p2p channels, 4 p2p channels per peer
node1:64:64 [0] NCCL INFO Symmetric memory is not supported. cuMemEnable 1, globalGinSupport 0, cuMemGdrSupport 0
node1:64:64 [0] NCCL INFO ncclCommInitRankConfig comm 0xc2c007348bb0 rank 1 nranks 3 cudaDev 0 nvmlDev 0 busId f01000 commId 0x59db66a3bb61896a - Init COMPLETE
node1:64:64 [0] NCCL INFO Init timings - ncclCommInitRankConfig: rank 1 nranks 3 total 0.34 (kernels 0.18, alloc 0.06, bootstrap 0.05, allgathers 0.02, topo 0.01, graphs 0.00, connections 0.02, rest 0.00)
node1:64:64 [0] NCCL INFO Symmetric VA size=124GB
node1:64:74 [0] NCCL INFO NCCL_IB_SUBNET_AWARE_ROUTING set by environment to 1.
node1:64:76 [0] NCCL INFO [Proxy Progress] Device 0 CPU core 8
node1:64:64 [0] NCCL INFO Channel 00/0 : 0[0] -> 1[0] [receive] via NET/IB/0
node1:64:64 [0] NCCL INFO Channel 01/0 : 0[0] -> 1[0] [receive] via NET/IB/1
node1:64:64 [0] NCCL INFO Channel 02/0 : 0[0] -> 1[0] [receive] via NET/IB/2
node1:64:64 [0] NCCL INFO Channel 03/0 : 0[0] -> 1[0] [receive] via NET/IB/3
node1:64:64 [0] NCCL INFO Channel 04/0 : 0[0] -> 1[0] [receive] via NET/IB/0
node1:64:64 [0] NCCL INFO Channel 05/0 : 0[0] -> 1[0] [receive] via NET/IB/1
node1:64:64 [0] NCCL INFO Channel 06/0 : 0[0] -> 1[0] [receive] via NET/IB/2
node1:64:64 [0] NCCL INFO Channel 07/0 : 0[0] -> 1[0] [receive] via NET/IB/3
node1:64:64 [0] NCCL INFO Channel 08/0 : 0[0] -> 1[0] [receive] via NET/IB/0
node1:64:64 [0] NCCL INFO Channel 09/0 : 0[0] -> 1[0] [receive] via NET/IB/1
node1:64:64 [0] NCCL INFO Channel 10/0 : 0[0] -> 1[0] [receive] via NET/IB/2
node1:64:64 [0] NCCL INFO Channel 11/0 : 0[0] -> 1[0] [receive] via NET/IB/3
node1:64:64 [0] NCCL INFO Channel 12/0 : 0[0] -> 1[0] [receive] via NET/IB/0
node1:64:64 [0] NCCL INFO Channel 13/0 : 0[0] -> 1[0] [receive] via NET/IB/1
node1:64:64 [0] NCCL INFO Channel 14/0 : 0[0] -> 1[0] [receive] via NET/IB/2
node1:64:64 [0] NCCL INFO Channel 15/0 : 0[0] -> 1[0] [receive] via NET/IB/3
node1:64:64 [0] NCCL INFO Channel 16/0 : 0[0] -> 1[0] [receive] via NET/IB/0
node1:64:64 [0] NCCL INFO Channel 17/0 : 0[0] -> 1[0] [receive] via NET/IB/1
node1:64:64 [0] NCCL INFO Channel 18/0 : 0[0] -> 1[0] [receive] via NET/IB/2
node1:64:64 [0] NCCL INFO Channel 19/0 : 0[0] -> 1[0] [receive] via NET/IB/3
node1:64:64 [0] NCCL INFO Channel 20/0 : 0[0] -> 1[0] [receive] via NET/IB/0
node1:64:64 [0] NCCL INFO Channel 21/0 : 0[0] -> 1[0] [receive] via NET/IB/1
node1:64:64 [0] NCCL INFO Channel 22/0 : 0[0] -> 1[0] [receive] via NET/IB/2
node1:64:64 [0] NCCL INFO Channel 23/0 : 0[0] -> 1[0] [receive] via NET/IB/3
node1:64:64 [0] NCCL INFO Channel 24/0 : 0[0] -> 1[0] [receive] via NET/IB/0
node1:64:64 [0] NCCL INFO Channel 25/0 : 0[0] -> 1[0] [receive] via NET/IB/1
node1:64:64 [0] NCCL INFO Channel 26/0 : 0[0] -> 1[0] [receive] via NET/IB/2
node1:64:64 [0] NCCL INFO Channel 27/0 : 0[0] -> 1[0] [receive] via NET/IB/3
node1:64:64 [0] NCCL INFO Channel 28/0 : 0[0] -> 1[0] [receive] via NET/IB/0
node1:64:64 [0] NCCL INFO Channel 29/0 : 0[0] -> 1[0] [receive] via NET/IB/1
node1:64:64 [0] NCCL INFO Channel 30/0 : 0[0] -> 1[0] [receive] via NET/IB/2
node1:64:64 [0] NCCL INFO Channel 31/0 : 0[0] -> 1[0] [receive] via NET/IB/3
node1:64:64 [0] NCCL INFO Channel 32/0 : 0[0] -> 1[0] [receive] via NET/IB/0
node1:64:64 [0] NCCL INFO Channel 33/0 : 0[0] -> 1[0] [receive] via NET/IB/1
node1:64:64 [0] NCCL INFO Channel 34/0 : 0[0] -> 1[0] [receive] via NET/IB/2
node1:64:64 [0] NCCL INFO Channel 35/0 : 0[0] -> 1[0] [receive] via NET/IB/3
node1:64:64 [0] NCCL INFO Channel 36/0 : 0[0] -> 1[0] [receive] via NET/IB/0
node1:64:64 [0] NCCL INFO Channel 37/0 : 0[0] -> 1[0] [receive] via NET/IB/1
node1:64:64 [0] NCCL INFO Channel 38/0 : 0[0] -> 1[0] [receive] via NET/IB/2
node1:64:64 [0] NCCL INFO Channel 39/0 : 0[0] -> 1[0] [receive] via NET/IB/3
node1:64:64 [0] NCCL INFO Channel 40/0 : 0[0] -> 1[0] [receive] via NET/IB/0
node1:64:64 [0] NCCL INFO Channel 41/0 : 0[0] -> 1[0] [receive] via NET/IB/1
node1:64:64 [0] NCCL INFO Channel 42/0 : 0[0] -> 1[0] [receive] via NET/IB/2
node1:64:64 [0] NCCL INFO Channel 43/0 : 0[0] -> 1[0] [receive] via NET/IB/3
node1:64:64 [0] NCCL INFO Channel 44/0 : 0[0] -> 1[0] [receive] via NET/IB/0
node1:64:64 [0] NCCL INFO Channel 45/0 : 0[0] -> 1[0] [receive] via NET/IB/1
node1:64:64 [0] NCCL INFO Channel 46/0 : 0[0] -> 1[0] [receive] via NET/IB/2
node1:64:64 [0] NCCL INFO Channel 47/0 : 0[0] -> 1[0] [receive] via NET/IB/3
node1:64:64 [0] NCCL INFO Channel 48/0 : 0[0] -> 1[0] [receive] via NET/IB/0
node1:64:64 [0] NCCL INFO Channel 49/0 : 0[0] -> 1[0] [receive] via NET/IB/1
node1:64:64 [0] NCCL INFO Channel 50/0 : 0[0] -> 1[0] [receive] via NET/IB/2
node1:64:64 [0] NCCL INFO Channel 51/0 : 0[0] -> 1[0] [receive] via NET/IB/3
node1:64:64 [0] NCCL INFO Channel 52/0 : 0[0] -> 1[0] [receive] via NET/IB/0
node1:64:64 [0] NCCL INFO Channel 53/0 : 0[0] -> 1[0] [receive] via NET/IB/1
node1:64:64 [0] NCCL INFO Channel 54/0 : 0[0] -> 1[0] [receive] via NET/IB/2
node1:64:64 [0] NCCL INFO Channel 55/0 : 0[0] -> 1[0] [receive] via NET/IB/3
node1:64:64 [0] NCCL INFO Channel 56/0 : 0[0] -> 1[0] [receive] via NET/IB/0
node1:64:64 [0] NCCL INFO Channel 57/0 : 0[0] -> 1[0] [receive] via NET/IB/1
node1:64:64 [0] NCCL INFO Channel 58/0 : 0[0] -> 1[0] [receive] via NET/IB/2
node1:64:64 [0] NCCL INFO Channel 59/0 : 0[0] -> 1[0] [receive] via NET/IB/3
node1:64:64 [0] NCCL INFO Channel 60/0 : 0[0] -> 1[0] [receive] via NET/IB/0
node1:64:64 [0] NCCL INFO Channel 61/0 : 0[0] -> 1[0] [receive] via NET/IB/1
node1:64:64 [0] NCCL INFO Channel 62/0 : 0[0] -> 1[0] [receive] via NET/IB/2
node1:64:64 [0] NCCL INFO Channel 63/0 : 0[0] -> 1[0] [receive] via NET/IB/3
node1:64:64 [0] NCCL INFO Channel 00/0 : 1[0] -> 2[0] [send] via NET/IB/0
node1:64:64 [0] NCCL INFO Channel 01/0 : 1[0] -> 2[0] [send] via NET/IB/1
node1:64:64 [0] NCCL INFO Channel 02/0 : 1[0] -> 2[0] [send] via NET/IB/2
node1:64:64 [0] NCCL INFO Channel 03/0 : 1[0] -> 2[0] [send] via NET/IB/3
node1:64:64 [0] NCCL INFO Channel 04/0 : 1[0] -> 2[0] [send] via NET/IB/0
node1:64:64 [0] NCCL INFO Channel 05/0 : 1[0] -> 2[0] [send] via NET/IB/1
node1:64:64 [0] NCCL INFO Channel 06/0 : 1[0] -> 2[0] [send] via NET/IB/2
node1:64:64 [0] NCCL INFO Channel 07/0 : 1[0] -> 2[0] [send] via NET/IB/3
node1:64:64 [0] NCCL INFO Channel 08/0 : 1[0] -> 2[0] [send] via NET/IB/0
node1:64:64 [0] NCCL INFO Channel 09/0 : 1[0] -> 2[0] [send] via NET/IB/1
node1:64:64 [0] NCCL INFO Channel 10/0 : 1[0] -> 2[0] [send] via NET/IB/2
node1:64:64 [0] NCCL INFO Channel 11/0 : 1[0] -> 2[0] [send] via NET/IB/3
node1:64:64 [0] NCCL INFO Channel 12/0 : 1[0] -> 2[0] [send] via NET/IB/0
node1:64:64 [0] NCCL INFO Channel 13/0 : 1[0] -> 2[0] [send] via NET/IB/1
node1:64:64 [0] NCCL INFO Channel 14/0 : 1[0] -> 2[0] [send] via NET/IB/2
node1:64:64 [0] NCCL INFO Channel 15/0 : 1[0] -> 2[0] [send] via NET/IB/3
node1:64:64 [0] NCCL INFO Channel 16/0 : 1[0] -> 2[0] [send] via NET/IB/0
node1:64:64 [0] NCCL INFO Channel 17/0 : 1[0] -> 2[0] [send] via NET/IB/1
node1:64:64 [0] NCCL INFO Channel 18/0 : 1[0] -> 2[0] [send] via NET/IB/2
node1:64:64 [0] NCCL INFO Channel 19/0 : 1[0] -> 2[0] [send] via NET/IB/3
node1:64:64 [0] NCCL INFO Channel 20/0 : 1[0] -> 2[0] [send] via NET/IB/0
node1:64:64 [0] NCCL INFO Channel 21/0 : 1[0] -> 2[0] [send] via NET/IB/1
node1:64:64 [0] NCCL INFO Channel 22/0 : 1[0] -> 2[0] [send] via NET/IB/2
node1:64:64 [0] NCCL INFO Channel 23/0 : 1[0] -> 2[0] [send] via NET/IB/3
node1:64:64 [0] NCCL INFO Channel 24/0 : 1[0] -> 2[0] [send] via NET/IB/0
node1:64:64 [0] NCCL INFO Channel 25/0 : 1[0] -> 2[0] [send] via NET/IB/1
node1:64:64 [0] NCCL INFO Channel 26/0 : 1[0] -> 2[0] [send] via NET/IB/2
node1:64:64 [0] NCCL INFO Channel 27/0 : 1[0] -> 2[0] [send] via NET/IB/3
node1:64:64 [0] NCCL INFO Channel 28/0 : 1[0] -> 2[0] [send] via NET/IB/0
node1:64:64 [0] NCCL INFO Channel 29/0 : 1[0] -> 2[0] [send] via NET/IB/1
node1:64:64 [0] NCCL INFO Channel 30/0 : 1[0] -> 2[0] [send] via NET/IB/2
node1:64:64 [0] NCCL INFO Channel 31/0 : 1[0] -> 2[0] [send] via NET/IB/3
node1:64:64 [0] NCCL INFO Channel 32/0 : 1[0] -> 2[0] [send] via NET/IB/0
node1:64:64 [0] NCCL INFO Channel 33/0 : 1[0] -> 2[0] [send] via NET/IB/1
node1:64:64 [0] NCCL INFO Channel 34/0 : 1[0] -> 2[0] [send] via NET/IB/2
node1:64:64 [0] NCCL INFO Channel 35/0 : 1[0] -> 2[0] [send] via NET/IB/3
node1:64:64 [0] NCCL INFO Channel 36/0 : 1[0] -> 2[0] [send] via NET/IB/0
node1:64:64 [0] NCCL INFO Channel 37/0 : 1[0] -> 2[0] [send] via NET/IB/1
node1:64:64 [0] NCCL INFO Channel 38/0 : 1[0] -> 2[0] [send] via NET/IB/2
node1:64:64 [0] NCCL INFO Channel 39/0 : 1[0] -> 2[0] [send] via NET/IB/3
node1:64:64 [0] NCCL INFO Channel 40/0 : 1[0] -> 2[0] [send] via NET/IB/0
node1:64:64 [0] NCCL INFO Channel 41/0 : 1[0] -> 2[0] [send] via NET/IB/1
node1:64:64 [0] NCCL INFO Channel 42/0 : 1[0] -> 2[0] [send] via NET/IB/2
node1:64:64 [0] NCCL INFO Channel 43/0 : 1[0] -> 2[0] [send] via NET/IB/3
node1:64:64 [0] NCCL INFO Channel 44/0 : 1[0] -> 2[0] [send] via NET/IB/0
node1:64:64 [0] NCCL INFO Channel 45/0 : 1[0] -> 2[0] [send] via NET/IB/1
node1:64:64 [0] NCCL INFO Channel 46/0 : 1[0] -> 2[0] [send] via NET/IB/2
node1:64:64 [0] NCCL INFO Channel 47/0 : 1[0] -> 2[0] [send] via NET/IB/3
node1:64:64 [0] NCCL INFO Channel 48/0 : 1[0] -> 2[0] [send] via NET/IB/0
node1:64:64 [0] NCCL INFO Channel 49/0 : 1[0] -> 2[0] [send] via NET/IB/1
node1:64:64 [0] NCCL INFO Channel 50/0 : 1[0] -> 2[0] [send] via NET/IB/2
node1:64:64 [0] NCCL INFO Channel 51/0 : 1[0] -> 2[0] [send] via NET/IB/3
node1:64:64 [0] NCCL INFO Channel 52/0 : 1[0] -> 2[0] [send] via NET/IB/0
node1:64:64 [0] NCCL INFO Channel 53/0 : 1[0] -> 2[0] [send] via NET/IB/1
node1:64:64 [0] NCCL INFO Channel 54/0 : 1[0] -> 2[0] [send] via NET/IB/2
node1:64:64 [0] NCCL INFO Channel 55/0 : 1[0] -> 2[0] [send] via NET/IB/3
node1:64:64 [0] NCCL INFO Channel 56/0 : 1[0] -> 2[0] [send] via NET/IB/0
node1:64:64 [0] NCCL INFO Channel 57/0 : 1[0] -> 2[0] [send] via NET/IB/1
node1:64:64 [0] NCCL INFO Channel 58/0 : 1[0] -> 2[0] [send] via NET/IB/2
node1:64:64 [0] NCCL INFO Channel 59/0 : 1[0] -> 2[0] [send] via NET/IB/3
node1:64:64 [0] NCCL INFO Channel 60/0 : 1[0] -> 2[0] [send] via NET/IB/0
node1:64:64 [0] NCCL INFO Channel 61/0 : 1[0] -> 2[0] [send] via NET/IB/1
node1:64:64 [0] NCCL INFO Channel 62/0 : 1[0] -> 2[0] [send] via NET/IB/2
node1:64:64 [0] NCCL INFO Channel 63/0 : 1[0] -> 2[0] [send] via NET/IB/3
node1:64:74 [0] NCCL INFO NET/IB: ncclIbResiliencyInit: Resiliency is disabled on the send communicator (comm=0xf398fc03d000)
node1:64:74 [0] NCCL INFO NET/IB: ncclIbResiliencyInit: Resiliency is disabled on the recv communicator (comm=0xf398fc07e000)
node1:64:74 [0] NCCL INFO NET/IB: ncclIbRecvCommInit: Receive work requests will be posted on-demand
node1:64:74 [0] NCCL INFO NET/IB: Subnet-aware routing: overriding dev 1 with dev 0
node1:64:74 [0] NCCL INFO NET/IB: ncclIbResiliencyInit: Resiliency is disabled on the send communicator (comm=0xf398fc0c9000)
node1:64:74 [0] NCCL INFO NET/IB: Subnet-aware routing: overriding dev 1 with dev 0
node1:64:74 [0] NCCL INFO NET/IB: ncclIbResiliencyInit: Resiliency is disabled on the recv communicator (comm=0xf398fc10a000)
node1:64:74 [0] NCCL INFO NET/IB: ncclIbRecvCommInit: Receive work requests will be posted on-demand
node1:64:74 [0] NCCL INFO NET/IB: Subnet-aware routing: overriding dev 1 with dev 0
node1:64:74 [0] NCCL INFO NET/IB: ncclIbResiliencyInit: Resiliency is disabled on the send communicator (comm=0xf398fc152000)
node1:64:74 [0] NCCL INFO NET/IB: Subnet-aware routing: overriding dev 1 with dev 0
node1:64:74 [0] NCCL INFO NET/IB: ncclIbResiliencyInit: Resiliency is disabled on the recv communicator (comm=0xf398fc196000)
node1:64:74 [0] NCCL INFO NET/IB: ncclIbRecvCommInit: Receive work requests will be posted on-demand
node1:64:74 [0] NCCL INFO NET/IB: Subnet-aware routing: overriding dev 1 with dev 0
node1:64:74 [0] NCCL INFO NET/IB: Subnet-aware routing: overriding dev 3 with dev 2
node1:64:74 [0] NCCL INFO NET/IB: ncclIbResiliencyInit: Resiliency is disabled on the send communicator (comm=0xf398fc1de000)
node1:64:74 [0] NCCL INFO NET/IB: ncclIbSenderQpsCreate: QP created: port=1 dev=0 devName=rocep1s0f0 ndevs=4 nmdevs=4 qp_num=12248 pkey=0 pd=0xf398fc07ded0 oooRq=0
node1:64:74 [0] NCCL INFO NET/IB: ncclIbConnectImpl: NCCL Dev 0 IbDev 0 Port 1 qp_num 12248 mtu 5 GID 6 (0/166A8C0FFFF0000) ctsFifoRkey=0x16944a ctsFifoLkey=0x16944a
node1:64:74 [0] NCCL INFO NET/IB: ncclIbConnectImpl: IbDev 0 Port 1 qp_num 12248 query_ece={supported=1, vendor_id=0x15b3, options=0x30000002, comp_mask=0x0}
node1:64:74 [0] NCCL INFO NET/IB: Subnet-aware routing: overriding dev 0 with dev 1
node1:64:74 [0] NCCL INFO NET/IB: ncclIbReceiverQpsCreateToRts: QP created: port=1 dev=1 devName=rocep1s0f1 ndevs=4 nmdevs=4 qp_num=15586 pkey=0 pd=0xf398fc231350 oooRq=0
node1:64:74 [0] NCCL INFO NET/IB: ncclIbReceiverQpsCreateToRts: Flush QP created: port=1 dev=1 devName=rocep1s0f1 ndevs=4 nmdevs=4 qp_num=15587 pkey=0 pd=0xf398fc231350
node1:64:74 [0] NCCL INFO NET/IB: Subnet-aware routing: overriding dev 1 with dev 0
node1:64:74 [0] NCCL INFO NET/IB: ncclIbSenderQpsCreate: QP created: port=1 dev=0 devName=rocep1s0f0 ndevs=4 nmdevs=4 qp_num=12249 pkey=0 pd=0xf398fc07ded0 oooRq=0
node1:64:74 [0] NCCL INFO NET/IB: ncclIbConnectImpl: NCCL Dev 0 IbDev 0 Port 1 qp_num 12249 mtu 5 GID 6 (0/166A8C0FFFF0000) ctsFifoRkey=0x180ac7 ctsFifoLkey=0x180ac7
node1:64:74 [0] NCCL INFO NET/IB: ncclIbConnectImpl: IbDev 0 Port 1 qp_num 12249 query_ece={supported=1, vendor_id=0x15b3, options=0x30000002, comp_mask=0x0}
node1:64:74 [0] NCCL INFO NET/IB: ncclIbReceiverQpsCreateToRts: QP created: port=1 dev=1 devName=rocep1s0f1 ndevs=4 nmdevs=4 qp_num=15588 pkey=0 pd=0xf398fc231350 oooRq=0
node1:64:74 [0] NCCL INFO NET/IB: ncclIbReceiverQpsCreateToRts: Flush QP created: port=1 dev=1 devName=rocep1s0f1 ndevs=4 nmdevs=4 qp_num=15589 pkey=0 pd=0xf398fc231350
node1:64:74 [0] NCCL INFO NET/IB: Subnet-aware routing: overriding dev 3 with dev 2
node1:64:74 [0] NCCL INFO NET/IB: ncclIbResiliencyInit: Resiliency is disabled on the recv communicator (comm=0xf398fc340000)
node1:64:74 [0] NCCL INFO NET/IB: ncclIbRecvCommInit: Receive work requests will be posted on-demand
node1:64:74 [0] NCCL INFO NET/IB: ncclIbSenderQpsToRts: Set ECE: IbDev 0 Port 1 qp_num 12248 set_ece={supported=1, vendor_id=0x15b3, options=0x30000002, comp_mask=0x0}
node1:64:74 [0] NCCL INFO NET/IB: Subnet-aware routing: overriding dev 1 with dev 0
node1:64:74 [0] NCCL INFO NET/IB: ncclIbSenderQpsToRts: Set ECE: IbDev 0 Port 1 qp_num 12249 set_ece={supported=1, vendor_id=0x15b3, options=0x30000002, comp_mask=0x0}
node1:64:74 [0] NCCL INFO NET/IB: ncclIbSenderQpsCreate: QP created: port=1 dev=2 devName=roceP2p1s0f0 ndevs=4 nmdevs=4 qp_num=1912 pkey=0 pd=0xf398fc07d520 oooRq=0
node1:64:74 [0] NCCL INFO NET/IB: ncclIbConnectImpl: NCCL Dev 2 IbDev 2 Port 1 qp_num 1912 mtu 5 GID 3 (0/170A8C0FFFF0000) ctsFifoRkey=0x195452 ctsFifoLkey=0x195452
node1:64:74 [0] NCCL INFO NET/IB: ncclIbConnectImpl: IbDev 2 Port 1 qp_num 1912 query_ece={supported=1, vendor_id=0x15b3, options=0x30000002, comp_mask=0x0}
node1:64:74 [0] NCCL INFO NET/IB: Subnet-aware routing: overriding dev 3 with dev 2
node1:64:74 [0] NCCL INFO NET/IB: ncclIbResiliencyInit: Resiliency is disabled on the send communicator (comm=0xf398fc3be000)
node1:64:74 [0] NCCL INFO NET/IB: Subnet-aware routing: overriding dev 3 with dev 2
node1:64:74 [0] NCCL INFO NET/IB: ncclIbResiliencyInit: Resiliency is disabled on the recv communicator (comm=0xf398fc3ff000)
node1:64:74 [0] NCCL INFO NET/IB: ncclIbRecvCommInit: Receive work requests will be posted on-demand
node1:64:74 [0] NCCL INFO NET/IB: Subnet-aware routing: overriding dev 3 with dev 2
node1:64:74 [0] NCCL INFO NET/IB: Subnet-aware routing: overriding dev 1 with dev 0
node1:64:74 [0] NCCL INFO NET/IB: ncclIbResiliencyInit: Resiliency is disabled on the send communicator (comm=0xf398fc447000)
node1:64:74 [0] NCCL INFO NET/IB: Subnet-aware routing: overriding dev 3 with dev 2
node1:64:74 [0] NCCL INFO NET/IB: Subnet-aware routing: overriding dev 1 with dev 0
node1:64:74 [0] NCCL INFO NET/IB: ncclIbResiliencyInit: Resiliency is disabled on the recv communicator (comm=0xf398fc488000)
node1:64:74 [0] NCCL INFO NET/IB: ncclIbRecvCommInit: Receive work requests will be posted on-demand
node1:64:74 [0] NCCL INFO NET/IB: Subnet-aware routing: overriding dev 3 with dev 2
node1:64:74 [0] NCCL INFO NET/IB: Subnet-aware routing: overriding dev 1 with dev 0
node1:64:74 [0] NCCL INFO NET/IB: ncclIbResiliencyInit: Resiliency is disabled on the send communicator (comm=0xf398fc4d0000)
node1:64:74 [0] NCCL INFO NET/IB: Subnet-aware routing: overriding dev 3 with dev 2
node1:64:74 [0] NCCL INFO NET/IB: Subnet-aware routing: overriding dev 1 with dev 0
node1:64:74 [0] NCCL INFO NET/IB: ncclIbResiliencyInit: Resiliency is disabled on the recv communicator (comm=0xf398fc511000)
node1:64:74 [0] NCCL INFO NET/IB: ncclIbRecvCommInit: Receive work requests will be posted on-demand
node1:64:74 [0] NCCL INFO NET/IB: Subnet-aware routing: overriding dev 3 with dev 2
node1:64:74 [0] NCCL INFO NET/IB: Subnet-aware routing: overriding dev 1 with dev 0
node1:64:74 [0] NCCL INFO NET/IB: Subnet-aware routing: overriding dev 3 with dev 2
node1:64:74 [0] NCCL INFO NET/IB: ncclIbResiliencyInit: Resiliency is disabled on the send communicator (comm=0xf398fc559000)
node1:64:74 [0] NCCL INFO NET/IB: Subnet-aware routing: overriding dev 3 with dev 2
node1:64:74 [0] NCCL INFO NET/IB: Subnet-aware routing: overriding dev 1 with dev 0
node1:64:74 [0] NCCL INFO NET/IB: Subnet-aware routing: overriding dev 3 with dev 2
node1:64:74 [0] NCCL INFO NET/IB: ncclIbResiliencyInit: Resiliency is disabled on the recv communicator (comm=0xf398fc59a000)
node1:64:74 [0] NCCL INFO NET/IB: ncclIbRecvCommInit: Receive work requests will be posted on-demand
node1:64:74 [0] NCCL INFO NET/IB: Subnet-aware routing: overriding dev 3 with dev 2
node1:64:74 [0] NCCL INFO NET/IB: Subnet-aware routing: overriding dev 1 with dev 0
node1:64:74 [0] NCCL INFO NET/IB: Subnet-aware routing: overriding dev 3 with dev 2
node1:64:74 [0] NCCL INFO NET/IB: ncclIbResiliencyInit: Resiliency is disabled on the send communicator (comm=0xf398fc5e2000)
node1:64:74 [0] NCCL INFO NET/IB: Subnet-aware routing: overriding dev 3 with dev 2
node1:64:74 [0] NCCL INFO NET/IB: Subnet-aware routing: overriding dev 1 with dev 0
node1:64:74 [0] NCCL INFO NET/IB: Subnet-aware routing: overriding dev 3 with dev 2
node1:64:74 [0] NCCL INFO NET/IB: ncclIbResiliencyInit: Resiliency is disabled on the recv communicator (comm=0xf398fc623000)
node1:64:74 [0] NCCL INFO NET/IB: ncclIbRecvCommInit: Receive work requests will be posted on-demand
node1:64:74 [0] NCCL INFO NET/IB: Subnet-aware routing: overriding dev 3 with dev 2
node1:64:74 [0] NCCL INFO NET/IB: Subnet-aware routing: overriding dev 1 with dev 0
node1:64:74 [0] NCCL INFO NET/IB: Subnet-aware routing: overriding dev 3 with dev 2
node1:64:74 [0] NCCL INFO NET/IB: Subnet-aware routing: overriding dev 1 with dev 0
node1:64:74 [0] NCCL INFO NET/IB: ncclIbResiliencyInit: Resiliency is disabled on the send communicator (comm=0xf398fc671000)
node1:64:74 [0] NCCL INFO NET/IB: Subnet-aware routing: overriding dev 2 with dev 3
node1:64:74 [0] NCCL INFO NET/IB: ncclIbReceiverQpsCreateToRts: QP created: port=1 dev=3 devName=roceP2p1s0f1 ndevs=4 nmdevs=4 qp_num=2664 pkey=0 pd=0xf398fc5dee10 oooRq=0
node1:64:74 [0] NCCL INFO NET/IB: ncclIbReceiverQpsCreateToRts: Flush QP created: port=1 dev=3 devName=roceP2p1s0f1 ndevs=4 nmdevs=4 qp_num=2665 pkey=0 pd=0xf398fc5dee10
node1:64:74 [0] NCCL INFO NET/IB: Subnet-aware routing: overriding dev 3 with dev 2
node1:64:74 [0] NCCL INFO NET/IB: ncclIbSenderQpsCreate: QP created: port=1 dev=2 devName=roceP2p1s0f0 ndevs=4 nmdevs=4 qp_num=1913 pkey=0 pd=0xf398fc07d520 oooRq=0
node1:64:74 [0] NCCL INFO NET/IB: ncclIbConnectImpl: NCCL Dev 2 IbDev 2 Port 1 qp_num 1913 mtu 5 GID 3 (0/170A8C0FFFF0000) ctsFifoRkey=0x19332f ctsFifoLkey=0x19332f
node1:64:74 [0] NCCL INFO NET/IB: ncclIbConnectImpl: IbDev 2 Port 1 qp_num 1913 query_ece={supported=1, vendor_id=0x15b3, options=0x30000002, comp_mask=0x0}
node1:64:74 [0] NCCL INFO NET/IB: ncclIbReceiverQpsCreateToRts: QP created: port=1 dev=3 devName=roceP2p1s0f1 ndevs=4 nmdevs=4 qp_num=2666 pkey=0 pd=0xf398fc5dee10 oooRq=0
node1:64:74 [0] NCCL INFO NET/IB: ncclIbReceiverQpsCreateToRts: Flush QP created: port=1 dev=3 devName=roceP2p1s0f1 ndevs=4 nmdevs=4 qp_num=2667 pkey=0 pd=0xf398fc5dee10
node1:64:74 [0] NCCL INFO NET/IB: Subnet-aware routing: overriding dev 1 with dev 0
node1:64:74 [0] NCCL INFO NET/IB: Subnet-aware routing: overriding dev 3 with dev 2
node1:64:74 [0] NCCL INFO NET/IB: Subnet-aware routing: overriding dev 1 with dev 0
node1:64:74 [0] NCCL INFO NET/IB: ncclIbResiliencyInit: Resiliency is disabled on the recv communicator (comm=0xf398fc79a000)
node1:64:74 [0] NCCL INFO NET/IB: ncclIbRecvCommInit: Receive work requests will be posted on-demand
node1:64:74 [0] NCCL INFO NET/IB: ncclIbSenderQpsToRts: Set ECE: IbDev 2 Port 1 qp_num 1912 set_ece={supported=1, vendor_id=0x15b3, options=0x30000002, comp_mask=0x0}
node1:64:74 [0] NCCL INFO NET/IB: Subnet-aware routing: overriding dev 3 with dev 2
node1:64:74 [0] NCCL INFO NET/IB: ncclIbSenderQpsToRts: Set ECE: IbDev 2 Port 1 qp_num 1913 set_ece={supported=1, vendor_id=0x15b3, options=0x30000002, comp_mask=0x0}
node1:64:74 [0] NCCL INFO NET/IB: ncclIbSenderQpsCreate: QP created: port=1 dev=0 devName=rocep1s0f0 ndevs=4 nmdevs=4 qp_num=12250 pkey=0 pd=0xf398fc07ded0 oooRq=0
node1:64:74 [0] NCCL INFO NET/IB: ncclIbConnectImpl: NCCL Dev 0 IbDev 0 Port 1 qp_num 12250 mtu 5 GID 6 (0/166A8C0FFFF0000) ctsFifoRkey=0x179956 ctsFifoLkey=0x179956
node1:64:74 [0] NCCL INFO NET/IB: ncclIbConnectImpl: IbDev 0 Port 1 qp_num 12250 query_ece={supported=1, vendor_id=0x15b3, options=0x30000002, comp_mask=0x0}
node1:64:74 [0] NCCL INFO NET/IB: Subnet-aware routing: overriding dev 0 with dev 1
node1:64:74 [0] NCCL INFO NET/IB: ncclIbReceiverQpsCreateToRts: QP created: port=1 dev=1 devName=rocep1s0f1 ndevs=4 nmdevs=4 qp_num=15590 pkey=0 pd=0xf398fc231350 oooRq=0
node1:64:74 [0] NCCL INFO NET/IB: ncclIbReceiverQpsCreateToRts: Flush QP created: port=1 dev=1 devName=rocep1s0f1 ndevs=4 nmdevs=4 qp_num=15591 pkey=0 pd=0xf398fc231350
node1:64:74 [0] NCCL INFO NET/IB: Subnet-aware routing: overriding dev 1 with dev 0
node1:64:74 [0] NCCL INFO NET/IB: ncclIbSenderQpsCreate: QP created: port=1 dev=0 devName=rocep1s0f0 ndevs=4 nmdevs=4 qp_num=12251 pkey=0 pd=0xf398fc07ded0 oooRq=0
node1:64:74 [0] NCCL INFO NET/IB: ncclIbConnectImpl: NCCL Dev 0 IbDev 0 Port 1 qp_num 12251 mtu 5 GID 6 (0/166A8C0FFFF0000) ctsFifoRkey=0x154906 ctsFifoLkey=0x154906
node1:64:74 [0] NCCL INFO NET/IB: ncclIbConnectImpl: IbDev 0 Port 1 qp_num 12251 query_ece={supported=1, vendor_id=0x15b3, options=0x30000002, comp_mask=0x0}
node1:64:74 [0] NCCL INFO NET/IB: ncclIbSenderQpsCreate: QP created: port=1 dev=2 devName=roceP2p1s0f0 ndevs=4 nmdevs=4 qp_num=1914 pkey=0 pd=0xf398fc07d520 oooRq=0
node1:64:74 [0] NCCL INFO NET/IB: ncclIbConnectImpl: NCCL Dev 2 IbDev 2 Port 1 qp_num 1914 mtu 5 GID 3 (0/170A8C0FFFF0000) ctsFifoRkey=0x18dad4 ctsFifoLkey=0x18dad4
node1:64:74 [0] NCCL INFO NET/IB: ncclIbConnectImpl: IbDev 2 Port 1 qp_num 1914 query_ece={supported=1, vendor_id=0x15b3, options=0x30000002, comp_mask=0x0}
node1:64:74 [0] NCCL INFO NET/IB: Subnet-aware routing: overriding dev 3 with dev 2
node1:64:74 [0] NCCL INFO NET/IB: ncclIbSenderQpsCreate: QP created: port=1 dev=2 devName=roceP2p1s0f0 ndevs=4 nmdevs=4 qp_num=1915 pkey=0 pd=0xf398fc07d520 oooRq=0
node1:64:74 [0] NCCL INFO NET/IB: ncclIbConnectImpl: NCCL Dev 2 IbDev 2 Port 1 qp_num 1915 mtu 5 GID 3 (0/170A8C0FFFF0000) ctsFifoRkey=0x18f3f2 ctsFifoLkey=0x18f3f2
node1:64:74 [0] NCCL INFO NET/IB: ncclIbConnectImpl: IbDev 2 Port 1 qp_num 1915 query_ece={supported=1, vendor_id=0x15b3, options=0x30000002, comp_mask=0x0}
node1:64:74 [0] NCCL INFO NET/IB: ncclIbReceiverQpsCreateToRts: QP created: port=1 dev=3 devName=roceP2p1s0f1 ndevs=4 nmdevs=4 qp_num=2668 pkey=0 pd=0xf398fc5dee10 oooRq=0
node1:64:74 [0] NCCL INFO NET/IB: ncclIbReceiverQpsCreateToRts: Flush QP created: port=1 dev=3 devName=roceP2p1s0f1 ndevs=4 nmdevs=4 qp_num=2669 pkey=0 pd=0xf398fc5dee10
node1:64:74 [0] NCCL INFO NET/IB: ncclIbSenderQpsCreate: QP created: port=1 dev=0 devName=rocep1s0f0 ndevs=4 nmdevs=4 qp_num=12252 pkey=0 pd=0xf398fc07ded0 oooRq=0
node1:64:74 [0] NCCL INFO NET/IB: ncclIbConnectImpl: NCCL Dev 0 IbDev 0 Port 1 qp_num 12252 mtu 5 GID 6 (0/166A8C0FFFF0000) ctsFifoRkey=0x182ae7 ctsFifoLkey=0x182ae7
node1:64:74 [0] NCCL INFO NET/IB: ncclIbConnectImpl: IbDev 0 Port 1 qp_num 12252 query_ece={supported=1, vendor_id=0x15b3, options=0x30000002, comp_mask=0x0}
node1:64:74 [0] NCCL INFO NET/IB: Subnet-aware routing: overriding dev 1 with dev 0
node1:64:74 [0] NCCL INFO NET/IB: ncclIbSenderQpsCreate: QP created: port=1 dev=0 devName=rocep1s0f0 ndevs=4 nmdevs=4 qp_num=12253 pkey=0 pd=0xf398fc07ded0 oooRq=0
node1:64:74 [0] NCCL INFO NET/IB: ncclIbConnectImpl: NCCL Dev 0 IbDev 0 Port 1 qp_num 12253 mtu 5 GID 6 (0/166A8C0FFFF0000) ctsFifoRkey=0x157d3c ctsFifoLkey=0x157d3c
node1:64:74 [0] NCCL INFO NET/IB: ncclIbConnectImpl: IbDev 0 Port 1 qp_num 12253 query_ece={supported=1, vendor_id=0x15b3, options=0x30000002, comp_mask=0x0}
node1:64:74 [0] NCCL INFO NET/IB: ncclIbResiliencyInit: Resiliency is disabled on the send communicator (comm=0xf398fc9a7000)
node1:64:74 [0] NCCL INFO NET/IB: Subnet-aware routing: overriding dev 1 with dev 0
node1:64:74 [0] NCCL INFO NET/IB: Subnet-aware routing: overriding dev 2 with dev 3
node1:64:74 [0] NCCL INFO NET/IB: ncclIbReceiverQpsCreateToRts: QP created: port=1 dev=3 devName=roceP2p1s0f1 ndevs=4 nmdevs=4 qp_num=2670 pkey=0 pd=0xf398fc5dee10 oooRq=0
node1:64:74 [0] NCCL INFO NET/IB: ncclIbReceiverQpsCreateToRts: Flush QP created: port=1 dev=3 devName=roceP2p1s0f1 ndevs=4 nmdevs=4 qp_num=2671 pkey=0 pd=0xf398fc5dee10
node1:64:74 [0] NCCL INFO NET/IB: Subnet-aware routing: overriding dev 3 with dev 2
node1:64:74 [0] NCCL INFO NET/IB: ncclIbSenderQpsToRts: Set ECE: IbDev 2 Port 1 qp_num 1915 set_ece={supported=1, vendor_id=0x15b3, options=0x30000002, comp_mask=0x0}
node1:64:74 [0] NCCL INFO NET/IB: ncclIbSenderQpsToRts: Set ECE: IbDev 0 Port 1 qp_num 12252 set_ece={supported=1, vendor_id=0x15b3, options=0x30000002, comp_mask=0x0}
node1:64:74 [0] NCCL INFO NET/IB: Subnet-aware routing: overriding dev 0 with dev 1
node1:64:74 [0] NCCL INFO NET/IB: ncclIbReceiverQpsCreateToRts: QP created: port=1 dev=1 devName=rocep1s0f1 ndevs=4 nmdevs=4 qp_num=15592 pkey=0 pd=0xf398fc231350 oooRq=0
node1:64:74 [0] NCCL INFO NET/IB: ncclIbReceiverQpsCreateToRts: Flush QP created: port=1 dev=1 devName=rocep1s0f1 ndevs=4 nmdevs=4 qp_num=15593 pkey=0 pd=0xf398fc231350
node1:64:74 [0] NCCL INFO NET/IB: Subnet-aware routing: overriding dev 1 with dev 0
node1:64:74 [0] NCCL INFO NET/IB: ncclIbSenderQpsToRts: Set ECE: IbDev 0 Port 1 qp_num 12253 set_ece={supported=1, vendor_id=0x15b3, options=0x30000002, comp_mask=0x0}
node1:64:74 [0] NCCL INFO NET/IB: ncclIbResiliencyInit: Resiliency is disabled on the recv communicator (comm=0xf398fca89000)
node1:64:74 [0] NCCL INFO NET/IB: ncclIbRecvCommInit: Receive work requests will be posted on-demand
node1:64:74 [0] NCCL INFO NET/IB: ncclIbSenderQpsToRts: Set ECE: IbDev 0 Port 1 qp_num 12250 set_ece={supported=1, vendor_id=0x15b3, options=0x30000002, comp_mask=0x0}
node1:64:74 [0] NCCL INFO NET/IB: Subnet-aware routing: overriding dev 1 with dev 0
node1:64:74 [0] NCCL INFO NET/IB: ncclIbSenderQpsToRts: Set ECE: IbDev 0 Port 1 qp_num 12251 set_ece={supported=1, vendor_id=0x15b3, options=0x30000002, comp_mask=0x0}
node1:64:74 [0] NCCL INFO NET/IB: Subnet-aware routing: overriding dev 3 with dev 2
node1:64:74 [0] NCCL INFO NET/IB: ncclIbResiliencyInit: Resiliency is disabled on the send communicator (comm=0xf398fcad1000)
node1:64:74 [0] NCCL INFO NET/IB: Subnet-aware routing: overriding dev 3 with dev 2
node1:64:74 [0] NCCL INFO NET/IB: ncclIbResiliencyInit: Resiliency is disabled on the recv communicator (comm=0xf398fcb12000)
node1:64:74 [0] NCCL INFO NET/IB: ncclIbRecvCommInit: Receive work requests will be posted on-demand
node1:64:74 [0] NCCL INFO NET/IB: Subnet-aware routing: overriding dev 3 with dev 2
node1:64:74 [0] NCCL INFO NET/IB: ncclIbResiliencyInit: Resiliency is disabled on the send communicator (comm=0xf398fcb5a000)
node1:64:74 [0] NCCL INFO NET/IB: Subnet-aware routing: overriding dev 3 with dev 2
node1:64:74 [0] NCCL INFO NET/IB: ncclIbResiliencyInit: Resiliency is disabled on the recv communicator (comm=0xf398fcb9b000)
node1:64:74 [0] NCCL INFO NET/IB: ncclIbRecvCommInit: Receive work requests will be posted on-demand
node1:64:74 [0] NCCL INFO NET/IB: Subnet-aware routing: overriding dev 3 with dev 2
node1:64:74 [0] NCCL INFO NET/IB: Subnet-aware routing: overriding dev 1 with dev 0
node1:64:74 [0] NCCL INFO NET/IB: ncclIbResiliencyInit: Resiliency is disabled on the send communicator (comm=0xf398fcbe3000)
node1:64:74 [0] NCCL INFO NET/IB: Subnet-aware routing: overriding dev 3 with dev 2
node1:64:74 [0] NCCL INFO NET/IB: Subnet-aware routing: overriding dev 1 with dev 0
node1:64:74 [0] NCCL INFO NET/IB: ncclIbResiliencyInit: Resiliency is disabled on the recv communicator (comm=0xf398fcc24000)
node1:64:74 [0] NCCL INFO NET/IB: ncclIbRecvCommInit: Receive work requests will be posted on-demand
node1:64:74 [0] NCCL INFO NET/IB: Subnet-aware routing: overriding dev 3 with dev 2
node1:64:74 [0] NCCL INFO NET/IB: Subnet-aware routing: overriding dev 1 with dev 0
node1:64:74 [0] NCCL INFO NET/IB: ncclIbResiliencyInit: Resiliency is disabled on the send communicator (comm=0xf398fcc6c000)
node1:64:74 [0] NCCL INFO NET/IB: Subnet-aware routing: overriding dev 3 with dev 2
node1:64:74 [0] NCCL INFO NET/IB: Subnet-aware routing: overriding dev 1 with dev 0
node1:64:74 [0] NCCL INFO NET/IB: ncclIbResiliencyInit: Resiliency is disabled on the recv communicator (comm=0xf398fccad000)
node1:64:74 [0] NCCL INFO NET/IB: ncclIbRecvCommInit: Receive work requests will be posted on-demand
node1:64:74 [0] NCCL INFO NET/IB: Subnet-aware routing: overriding dev 3 with dev 2
node1:64:74 [0] NCCL INFO NET/IB: Subnet-aware routing: overriding dev 1 with dev 0
node1:64:74 [0] NCCL INFO NET/IB: Subnet-aware routing: overriding dev 3 with dev 2
node1:64:74 [0] NCCL INFO NET/IB: ncclIbResiliencyInit: Resiliency is disabled on the send communicator (comm=0xf398fccf5000)
node1:64:74 [0] NCCL INFO NET/IB: ncclIbReceiverQpsCreateToRts: QP created: port=1 dev=1 devName=rocep1s0f1 ndevs=4 nmdevs=4 qp_num=15594 pkey=0 pd=0xf398fc231350 oooRq=0
node1:64:74 [0] NCCL INFO NET/IB: ncclIbReceiverQpsCreateToRts: Flush QP created: port=1 dev=1 devName=rocep1s0f1 ndevs=4 nmdevs=4 qp_num=15595 pkey=0 pd=0xf398fc231350
node1:64:74 [0] NCCL INFO NET/IB: ncclIbSenderQpsToRts: Set ECE: IbDev 2 Port 1 qp_num 1914 set_ece={supported=1, vendor_id=0x15b3, options=0x30000002, comp_mask=0x0}
node1:64:74 [0] NCCL INFO NET/IB: ncclIbReceiverQpsCreateToRts: QP created: port=1 dev=1 devName=rocep1s0f1 ndevs=4 nmdevs=4 qp_num=15596 pkey=0 pd=0xf398fc231350 oooRq=0
node1:64:74 [0] NCCL INFO NET/IB: ncclIbReceiverQpsCreateToRts: Flush QP created: port=1 dev=1 devName=rocep1s0f1 ndevs=4 nmdevs=4 qp_num=15597 pkey=0 pd=0xf398fc231350
node1:64:74 [0] NCCL INFO NET/IB: ncclIbSenderQpsCreate: QP created: port=1 dev=2 devName=roceP2p1s0f0 ndevs=4 nmdevs=4 qp_num=1916 pkey=0 pd=0xf398fc07d520 oooRq=0
node1:64:74 [0] NCCL INFO NET/IB: ncclIbConnectImpl: NCCL Dev 2 IbDev 2 Port 1 qp_num 1916 mtu 5 GID 3 (0/170A8C0FFFF0000) ctsFifoRkey=0x192923 ctsFifoLkey=0x192923
node1:64:74 [0] NCCL INFO NET/IB: ncclIbConnectImpl: IbDev 2 Port 1 qp_num 1916 query_ece={supported=1, vendor_id=0x15b3, options=0x30000002, comp_mask=0x0}
node1:64:74 [0] NCCL INFO NET/IB: Subnet-aware routing: overriding dev 3 with dev 2
node1:64:74 [0] NCCL INFO NET/IB: Subnet-aware routing: overriding dev 1 with dev 0
node1:64:74 [0] NCCL INFO NET/IB: Subnet-aware routing: overriding dev 3 with dev 2
node1:64:74 [0] NCCL INFO NET/IB: ncclIbResiliencyInit: Resiliency is disabled on the recv communicator (comm=0xf398fce09000)
node1:64:74 [0] NCCL INFO NET/IB: ncclIbRecvCommInit: Receive work requests will be posted on-demand
node1:64:74 [0] NCCL INFO NET/IB: Subnet-aware routing: overriding dev 3 with dev 2
node1:64:74 [0] NCCL INFO NET/IB: ncclIbSenderQpsCreate: QP created: port=1 dev=0 devName=rocep1s0f0 ndevs=4 nmdevs=4 qp_num=12254 pkey=0 pd=0xf398fc07ded0 oooRq=0
node1:64:74 [0] NCCL INFO NET/IB: ncclIbConnectImpl: NCCL Dev 0 IbDev 0 Port 1 qp_num 12254 mtu 5 GID 6 (0/166A8C0FFFF0000) ctsFifoRkey=0x17f2af ctsFifoLkey=0x17f2af
node1:64:74 [0] NCCL INFO NET/IB: ncclIbConnectImpl: IbDev 0 Port 1 qp_num 12254 query_ece={supported=1, vendor_id=0x15b3, options=0x30000002, comp_mask=0x0}
node1:64:74 [0] NCCL INFO NET/IB: Subnet-aware routing: overriding dev 1 with dev 0
node1:64:74 [0] NCCL INFO NET/IB: Subnet-aware routing: overriding dev 3 with dev 2
node1:64:74 [0] NCCL INFO NET/IB: ncclIbResiliencyInit: Resiliency is disabled on the send communicator (comm=0xf398fce7f000)
node1:64:74 [0] NCCL INFO NET/IB: Subnet-aware routing: overriding dev 2 with dev 3
node1:64:74 [0] NCCL INFO NET/IB: ncclIbReceiverQpsCreateToRts: QP created: port=1 dev=3 devName=roceP2p1s0f1 ndevs=4 nmdevs=4 qp_num=2672 pkey=0 pd=0xf398fc5dee10 oooRq=0
node1:64:74 [0] NCCL INFO NET/IB: ncclIbReceiverQpsCreateToRts: Flush QP created: port=1 dev=3 devName=roceP2p1s0f1 ndevs=4 nmdevs=4 qp_num=2673 pkey=0 pd=0xf398fc5dee10
node1:64:74 [0] NCCL INFO NET/IB: Subnet-aware routing: overriding dev 3 with dev 2
node1:64:74 [0] NCCL INFO NET/IB: ncclIbReceiverQpsCreateToRts: QP created: port=1 dev=3 devName=roceP2p1s0f1 ndevs=4 nmdevs=4 qp_num=2674 pkey=0 pd=0xf398fc5dee10 oooRq=0
node1:64:74 [0] NCCL INFO NET/IB: ncclIbReceiverQpsCreateToRts: Flush QP created: port=1 dev=3 devName=roceP2p1s0f1 ndevs=4 nmdevs=4 qp_num=2675 pkey=0 pd=0xf398fc5dee10
node1:64:74 [0] NCCL INFO NET/IB: Subnet-aware routing: overriding dev 0 with dev 1
node1:64:74 [0] NCCL INFO NET/IB: ncclIbReceiverQpsCreateToRts: QP created: port=1 dev=1 devName=rocep1s0f1 ndevs=4 nmdevs=4 qp_num=15598 pkey=0 pd=0xf398fc231350 oooRq=0
node1:64:74 [0] NCCL INFO NET/IB: ncclIbReceiverQpsCreateToRts: Flush QP created: port=1 dev=1 devName=rocep1s0f1 ndevs=4 nmdevs=4 qp_num=15599 pkey=0 pd=0xf398fc231350
node1:64:74 [0] NCCL INFO NET/IB: Subnet-aware routing: overriding dev 1 with dev 0
node1:64:74 [0] NCCL INFO NET/IB: ncclIbSenderQpsCreate: QP created: port=1 dev=0 devName=rocep1s0f0 ndevs=4 nmdevs=4 qp_num=12255 pkey=0 pd=0xf398fc07ded0 oooRq=0
node1:64:74 [0] NCCL INFO NET/IB: ncclIbConnectImpl: NCCL Dev 0 IbDev 0 Port 1 qp_num 12255 mtu 5 GID 6 (0/166A8C0FFFF0000) ctsFifoRkey=0x17ba78 ctsFifoLkey=0x17ba78
node1:64:74 [0] NCCL INFO NET/IB: ncclIbConnectImpl: IbDev 0 Port 1 qp_num 12255 query_ece={supported=1, vendor_id=0x15b3, options=0x30000002, comp_mask=0x0}
node1:64:74 [0] NCCL INFO NET/IB: ncclIbReceiverQpsCreateToRts: QP created: port=1 dev=1 devName=rocep1s0f1 ndevs=4 nmdevs=4 qp_num=15600 pkey=0 pd=0xf398fc231350 oooRq=0
node1:64:74 [0] NCCL INFO NET/IB: ncclIbReceiverQpsCreateToRts: Flush QP created: port=1 dev=1 devName=rocep1s0f1 ndevs=4 nmdevs=4 qp_num=15601 pkey=0 pd=0xf398fc231350
node1:64:74 [0] NCCL INFO NET/IB: ncclIbSenderQpsCreate: QP created: port=1 dev=2 devName=roceP2p1s0f0 ndevs=4 nmdevs=4 qp_num=1917 pkey=0 pd=0xf398fc07d520 oooRq=0
node1:64:74 [0] NCCL INFO NET/IB: ncclIbConnectImpl: NCCL Dev 2 IbDev 2 Port 1 qp_num 1917 mtu 5 GID 3 (0/170A8C0FFFF0000) ctsFifoRkey=0x188584 ctsFifoLkey=0x188584
node1:64:74 [0] NCCL INFO NET/IB: ncclIbConnectImpl: IbDev 2 Port 1 qp_num 1917 query_ece={supported=1, vendor_id=0x15b3, options=0x30000002, comp_mask=0x0}
node1:64:74 [0] NCCL INFO NET/IB: Subnet-aware routing: overriding dev 3 with dev 2
node1:64:74 [0] NCCL INFO NET/IB: ncclIbSenderQpsCreate: QP created: port=1 dev=2 devName=roceP2p1s0f0 ndevs=4 nmdevs=4 qp_num=1918 pkey=0 pd=0xf398fc07d520 oooRq=0
node1:64:74 [0] NCCL INFO NET/IB: ncclIbConnectImpl: NCCL Dev 2 IbDev 2 Port 1 qp_num 1918 mtu 5 GID 3 (0/170A8C0FFFF0000) ctsFifoRkey=0x191f16 ctsFifoLkey=0x191f16
node1:64:74 [0] NCCL INFO NET/IB: ncclIbConnectImpl: IbDev 2 Port 1 qp_num 1918 query_ece={supported=1, vendor_id=0x15b3, options=0x30000002, comp_mask=0x0}
node1:64:74 [0] NCCL INFO NET/IB: ncclIbResiliencyInit: Resiliency is disabled on the recv communicator (comm=0xf398fd099000)
node1:64:74 [0] NCCL INFO NET/IB: ncclIbRecvCommInit: Receive work requests will be posted on-demand
node1:64:74 [0] NCCL INFO NET/IB: ncclIbSenderQpsToRts: Set ECE: IbDev 2 Port 1 qp_num 1916 set_ece={supported=1, vendor_id=0x15b3, options=0x30000002, comp_mask=0x0}
node1:64:74 [0] NCCL INFO NET/IB: Subnet-aware routing: overriding dev 3 with dev 2
node1:64:74 [0] NCCL INFO NET/IB: ncclIbSenderQpsCreate: QP created: port=1 dev=2 devName=roceP2p1s0f0 ndevs=4 nmdevs=4 qp_num=1919 pkey=0 pd=0xf398fc07d520 oooRq=0
node1:64:74 [0] NCCL INFO NET/IB: ncclIbConnectImpl: NCCL Dev 2 IbDev 2 Port 1 qp_num 1919 mtu 5 GID 3 (0/170A8C0FFFF0000) ctsFifoRkey=0x193b35 ctsFifoLkey=0x193b35
node1:64:74 [0] NCCL INFO NET/IB: ncclIbConnectImpl: IbDev 2 Port 1 qp_num 1919 query_ece={supported=1, vendor_id=0x15b3, options=0x30000002, comp_mask=0x0}
node1:64:74 [0] NCCL INFO NET/IB: ncclIbSenderQpsToRts: Set ECE: IbDev 0 Port 1 qp_num 12254 set_ece={supported=1, vendor_id=0x15b3, options=0x30000002, comp_mask=0x0}
node1:64:74 [0] NCCL INFO NET/IB: Subnet-aware routing: overriding dev 1 with dev 0
node1:64:74 [0] NCCL INFO NET/IB: ncclIbSenderQpsToRts: Set ECE: IbDev 0 Port 1 qp_num 12255 set_ece={supported=1, vendor_id=0x15b3, options=0x30000002, comp_mask=0x0}
node1:64:74 [0] NCCL INFO NET/IB: ncclIbSenderQpsToRts: Set ECE: IbDev 2 Port 1 qp_num 1917 set_ece={supported=1, vendor_id=0x15b3, options=0x30000002, comp_mask=0x0}
node1:64:74 [0] NCCL INFO NET/IB: Subnet-aware routing: overriding dev 3 with dev 2
node1:64:74 [0] NCCL INFO NET/IB: Subnet-aware routing: overriding dev 1 with dev 0
node1:64:74 [0] NCCL INFO NET/IB: ncclIbResiliencyInit: Resiliency is disabled on the send communicator (comm=0xf398fd10f000)
node1:64:74 [0] NCCL INFO NET/IB: Subnet-aware routing: overriding dev 3 with dev 2
node1:64:74 [0] NCCL INFO NET/IB: Subnet-aware routing: overriding dev 3 with dev 2
node1:64:74 [0] NCCL INFO NET/IB: Subnet-aware routing: overriding dev 1 with dev 0
node1:64:74 [0] NCCL INFO NET/IB: ncclIbResiliencyInit: Resiliency is disabled on the recv communicator (comm=0xf398fd150000)
node1:64:74 [0] NCCL INFO NET/IB: ncclIbRecvCommInit: Receive work requests will be posted on-demand
node1:64:74 [0] NCCL INFO NET/IB: Subnet-aware routing: overriding dev 3 with dev 2
node1:64:74 [0] NCCL INFO NET/IB: Subnet-aware routing: overriding dev 3 with dev 2
node1:64:74 [0] NCCL INFO NET/IB: Subnet-aware routing: overriding dev 1 with dev 0
node1:64:74 [0] NCCL INFO NET/IB: ncclIbResiliencyInit: Resiliency is disabled on the send communicator (comm=0xf398fd195000)
node1:64:74 [0] NCCL INFO NET/IB: Subnet-aware routing: overriding dev 3 with dev 2
node1:64:74 [0] NCCL INFO NET/IB: Subnet-aware routing: overriding dev 3 with dev 2
node1:64:74 [0] NCCL INFO NET/IB: Subnet-aware routing: overriding dev 1 with dev 0
node1:64:74 [0] NCCL INFO NET/IB: ncclIbResiliencyInit: Resiliency is disabled on the recv communicator (comm=0xf398fd1d6000)
node1:64:74 [0] NCCL INFO NET/IB: ncclIbRecvCommInit: Receive work requests will be posted on-demand
node1:64:74 [0] NCCL INFO NET/IB: Subnet-aware routing: overriding dev 3 with dev 2
node1:64:74 [0] NCCL INFO NET/IB: Subnet-aware routing: overriding dev 3 with dev 2
node1:64:74 [0] NCCL INFO NET/IB: Subnet-aware routing: overriding dev 1 with dev 0
node1:64:74 [0] NCCL INFO NET/IB: Subnet-aware routing: overriding dev 3 with dev 2
node1:64:74 [0] NCCL INFO NET/IB: ncclIbResiliencyInit: Resiliency is disabled on the send communicator (comm=0xf398fd21b000)
node1:64:74 [0] NCCL INFO NET/IB: Subnet-aware routing: overriding dev 3 with dev 2
node1:64:74 [0] NCCL INFO NET/IB: Subnet-aware routing: overriding dev 3 with dev 2
node1:64:74 [0] NCCL INFO NET/IB: Subnet-aware routing: overriding dev 1 with dev 0
node1:64:74 [0] NCCL INFO NET/IB: Subnet-aware routing: overriding dev 3 with dev 2
node1:64:74 [0] NCCL INFO NET/IB: ncclIbResiliencyInit: Resiliency is disabled on the recv communicator (comm=0xf398fd25c000)
node1:64:74 [0] NCCL INFO NET/IB: ncclIbRecvCommInit: Receive work requests will be posted on-demand
node1:64:74 [0] NCCL INFO NET/IB: Subnet-aware routing: overriding dev 3 with dev 2
node1:64:74 [0] NCCL INFO NET/IB: Subnet-aware routing: overriding dev 3 with dev 2
node1:64:74 [0] NCCL INFO NET/IB: Subnet-aware routing: overriding dev 1 with dev 0
node1:64:74 [0] NCCL INFO NET/IB: Subnet-aware routing: overriding dev 3 with dev 2
node1:64:74 [0] NCCL INFO NET/IB: ncclIbResiliencyInit: Resiliency is disabled on the send communicator (comm=0xf398fd2a4000)
node1:64:74 [0] NCCL INFO NET/IB: Subnet-aware routing: overriding dev 3 with dev 2
node1:64:74 [0] NCCL INFO NET/IB: ncclIbSenderQpsToRts: Set ECE: IbDev 2 Port 1 qp_num 1919 set_ece={supported=1, vendor_id=0x15b3, options=0x30000002, comp_mask=0x0}
node1:64:74 [0] NCCL INFO NET/IB: Subnet-aware routing: overriding dev 2 with dev 3
node1:64:74 [0] NCCL INFO NET/IB: ncclIbReceiverQpsCreateToRts: QP created: port=1 dev=3 devName=roceP2p1s0f1 ndevs=4 nmdevs=4 qp_num=2676 pkey=0 pd=0xf398fc5dee10 oooRq=0
node1:64:74 [0] NCCL INFO NET/IB: ncclIbReceiverQpsCreateToRts: Flush QP created: port=1 dev=3 devName=roceP2p1s0f1 ndevs=4 nmdevs=4 qp_num=2677 pkey=0 pd=0xf398fc5dee10
node1:64:74 [0] NCCL INFO NET/IB: Subnet-aware routing: overriding dev 3 with dev 2
node1:64:74 [0] NCCL INFO NET/IB: ncclIbSenderQpsToRts: Set ECE: IbDev 2 Port 1 qp_num 1918 set_ece={supported=1, vendor_id=0x15b3, options=0x30000002, comp_mask=0x0}
node1:64:74 [0] NCCL INFO NET/IB: ncclIbSenderQpsCreate: QP created: port=1 dev=0 devName=rocep1s0f0 ndevs=4 nmdevs=4 qp_num=12256 pkey=0 pd=0xf398fc07ded0 oooRq=0
node1:64:74 [0] NCCL INFO NET/IB: ncclIbConnectImpl: NCCL Dev 0 IbDev 0 Port 1 qp_num 12256 mtu 5 GID 6 (0/166A8C0FFFF0000) ctsFifoRkey=0x17df9c ctsFifoLkey=0x17df9c
node1:64:74 [0] NCCL INFO NET/IB: ncclIbConnectImpl: IbDev 0 Port 1 qp_num 12256 query_ece={supported=1, vendor_id=0x15b3, options=0x30000002, comp_mask=0x0}
node1:64:74 [0] NCCL INFO NET/IB: Subnet-aware routing: overriding dev 1 with dev 0
node1:64:74 [0] NCCL INFO NET/IB: Subnet-aware routing: overriding dev 3 with dev 2
node1:64:74 [0] NCCL INFO NET/IB: ncclIbResiliencyInit: Resiliency is disabled on the recv communicator (comm=0xf398fd365000)
node1:64:74 [0] NCCL INFO NET/IB: ncclIbRecvCommInit: Receive work requests will be posted on-demand
node1:64:74 [0] NCCL INFO NET/IB: ncclIbReceiverQpsCreateToRts: QP created: port=1 dev=3 devName=roceP2p1s0f1 ndevs=4 nmdevs=4 qp_num=2678 pkey=0 pd=0xf398fc5dee10 oooRq=0
node1:64:74 [0] NCCL INFO NET/IB: ncclIbReceiverQpsCreateToRts: Flush QP created: port=1 dev=3 devName=roceP2p1s0f1 ndevs=4 nmdevs=4 qp_num=2679 pkey=0 pd=0xf398fc5dee10
node1:64:74 [0] NCCL INFO NET/IB: Subnet-aware routing: overriding dev 0 with dev 1
node1:64:74 [0] NCCL INFO NET/IB: ncclIbReceiverQpsCreateToRts: QP created: port=1 dev=1 devName=rocep1s0f1 ndevs=4 nmdevs=4 qp_num=15602 pkey=0 pd=0xf398fc231350 oooRq=0
node1:64:74 [0] NCCL INFO NET/IB: ncclIbReceiverQpsCreateToRts: Flush QP created: port=1 dev=1 devName=rocep1s0f1 ndevs=4 nmdevs=4 qp_num=15603 pkey=0 pd=0xf398fc231350
node1:64:74 [0] NCCL INFO NET/IB: Subnet-aware routing: overriding dev 1 with dev 0
node1:64:74 [0] NCCL INFO NET/IB: ncclIbReceiverQpsCreateToRts: QP created: port=1 dev=1 devName=rocep1s0f1 ndevs=4 nmdevs=4 qp_num=15604 pkey=0 pd=0xf398fc231350 oooRq=0
node1:64:74 [0] NCCL INFO NET/IB: ncclIbReceiverQpsCreateToRts: Flush QP created: port=1 dev=1 devName=rocep1s0f1 ndevs=4 nmdevs=4 qp_num=15605 pkey=0 pd=0xf398fc231350
node1:64:74 [0] NCCL INFO NET/IB: Subnet-aware routing: overriding dev 2 with dev 3
node1:64:74 [0] NCCL INFO NET/IB: ncclIbReceiverQpsCreateToRts: QP created: port=1 dev=3 devName=roceP2p1s0f1 ndevs=4 nmdevs=4 qp_num=2680 pkey=0 pd=0xf398fc5dee10 oooRq=0
node1:64:74 [0] NCCL INFO NET/IB: ncclIbReceiverQpsCreateToRts: Flush QP created: port=1 dev=3 devName=roceP2p1s0f1 ndevs=4 nmdevs=4 qp_num=2681 pkey=0 pd=0xf398fc5dee10
node1:64:74 [0] NCCL INFO NET/IB: Subnet-aware routing: overriding dev 3 with dev 2
node1:64:74 [0] NCCL INFO NET/IB: ncclIbReceiverQpsCreateToRts: QP created: port=1 dev=3 devName=roceP2p1s0f1 ndevs=4 nmdevs=4 qp_num=2682 pkey=0 pd=0xf398fc5dee10 oooRq=0
node1:64:74 [0] NCCL INFO NET/IB: ncclIbReceiverQpsCreateToRts: Flush QP created: port=1 dev=3 devName=roceP2p1s0f1 ndevs=4 nmdevs=4 qp_num=2683 pkey=0 pd=0xf398fc5dee10
node1:64:74 [0] NCCL INFO NET/IB: ncclIbSenderQpsCreate: QP created: port=1 dev=0 devName=rocep1s0f0 ndevs=4 nmdevs=4 qp_num=12257 pkey=0 pd=0xf398fc07ded0 oooRq=0
node1:64:74 [0] NCCL INFO NET/IB: ncclIbConnectImpl: NCCL Dev 0 IbDev 0 Port 1 qp_num 12257 mtu 5 GID 6 (0/166A8C0FFFF0000) ctsFifoRkey=0x1636e9 ctsFifoLkey=0x1636e9
node1:64:74 [0] NCCL INFO NET/IB: ncclIbConnectImpl: IbDev 0 Port 1 qp_num 12257 query_ece={supported=1, vendor_id=0x15b3, options=0x30000002, comp_mask=0x0}
node1:64:74 [0] NCCL INFO NET/IB: Subnet-aware routing: overriding dev 0 with dev 1
node1:64:74 [0] NCCL INFO NET/IB: ncclIbReceiverQpsCreateToRts: QP created: port=1 dev=1 devName=rocep1s0f1 ndevs=4 nmdevs=4 qp_num=15606 pkey=0 pd=0xf398fc231350 oooRq=0
node1:64:74 [0] NCCL INFO NET/IB: ncclIbReceiverQpsCreateToRts: Flush QP created: port=1 dev=1 devName=rocep1s0f1 ndevs=4 nmdevs=4 qp_num=15607 pkey=0 pd=0xf398fc231350
node1:64:74 [0] NCCL INFO NET/IB: Subnet-aware routing: overriding dev 1 with dev 0
node1:64:74 [0] NCCL INFO NET/IB: ncclIbResiliencyInit: Resiliency is disabled on the send communicator (comm=0xf398fd5c1000)
node1:64:74 [0] NCCL INFO NET/IB: ncclIbSenderQpsToRts: Set ECE: IbDev 0 Port 1 qp_num 12256 set_ece={supported=1, vendor_id=0x15b3, options=0x30000002, comp_mask=0x0}
node1:64:74 [0] NCCL INFO NET/IB: Subnet-aware routing: overriding dev 1 with dev 0
node1:64:74 [0] NCCL INFO NET/IB: ncclIbSenderQpsCreate: QP created: port=1 dev=0 devName=rocep1s0f0 ndevs=4 nmdevs=4 qp_num=12258 pkey=0 pd=0xf398fc07ded0 oooRq=0
node1:64:74 [0] NCCL INFO NET/IB: ncclIbConnectImpl: NCCL Dev 0 IbDev 0 Port 1 qp_num 12258 mtu 5 GID 6 (0/166A8C0FFFF0000) ctsFifoRkey=0x15f9b6 ctsFifoLkey=0x15f9b6
node1:64:74 [0] NCCL INFO NET/IB: ncclIbConnectImpl: IbDev 0 Port 1 qp_num 12258 query_ece={supported=1, vendor_id=0x15b3, options=0x30000002, comp_mask=0x0}
node1:64:74 [0] NCCL INFO NET/IB: ncclIbSenderQpsCreate: QP created: port=1 dev=2 devName=roceP2p1s0f0 ndevs=4 nmdevs=4 qp_num=1920 pkey=0 pd=0xf398fc07d520 oooRq=0
node1:64:74 [0] NCCL INFO NET/IB: ncclIbConnectImpl: NCCL Dev 2 IbDev 2 Port 1 qp_num 1920 mtu 5 GID 3 (0/170A8C0FFFF0000) ctsFifoRkey=0x194941 ctsFifoLkey=0x194941
node1:64:74 [0] NCCL INFO NET/IB: ncclIbConnectImpl: IbDev 2 Port 1 qp_num 1920 query_ece={supported=1, vendor_id=0x15b3, options=0x30000002, comp_mask=0x0}
node1:64:74 [0] NCCL INFO NET/IB: Subnet-aware routing: overriding dev 3 with dev 2
node1:64:74 [0] NCCL INFO NET/IB: ncclIbSenderQpsCreate: QP created: port=1 dev=2 devName=roceP2p1s0f0 ndevs=4 nmdevs=4 qp_num=1921 pkey=0 pd=0xf398fc07d520 oooRq=0
node1:64:74 [0] NCCL INFO NET/IB: ncclIbConnectImpl: NCCL Dev 2 IbDev 2 Port 1 qp_num 1921 mtu 5 GID 3 (0/170A8C0FFFF0000) ctsFifoRkey=0x194f4d ctsFifoLkey=0x194f4d
node1:64:74 [0] NCCL INFO NET/IB: ncclIbConnectImpl: IbDev 2 Port 1 qp_num 1921 query_ece={supported=1, vendor_id=0x15b3, options=0x30000002, comp_mask=0x0}
node1:64:74 [0] NCCL INFO NET/IB: ncclIbSenderQpsToRts: Set ECE: IbDev 0 Port 1 qp_num 12257 set_ece={supported=1, vendor_id=0x15b3, options=0x30000002, comp_mask=0x0}
node1:64:74 [0] NCCL INFO NET/IB: Subnet-aware routing: overriding dev 1 with dev 0
node1:64:74 [0] NCCL INFO NET/IB: ncclIbResiliencyInit: Resiliency is disabled on the recv communicator (comm=0xf398fd691000)
node1:64:74 [0] NCCL INFO NET/IB: ncclIbRecvCommInit: Receive work requests will be posted on-demand
node1:64:74 [0] NCCL INFO NET/IB: Subnet-aware routing: overriding dev 1 with dev 0
node1:64:74 [0] NCCL INFO NET/IB: Subnet-aware routing: overriding dev 3 with dev 2
node1:64:74 [0] NCCL INFO NET/IB: Subnet-aware routing: overriding dev 1 with dev 0
node1:64:74 [0] NCCL INFO NET/IB: ncclIbResiliencyInit: Resiliency is disabled on the send communicator (comm=0xf398fd6d9000)
node1:64:74 [0] NCCL INFO NET/IB: Subnet-aware routing: overriding dev 1 with dev 0
node1:64:74 [0] NCCL INFO NET/IB: Subnet-aware routing: overriding dev 3 with dev 2
node1:64:74 [0] NCCL INFO NET/IB: Subnet-aware routing: overriding dev 1 with dev 0
node1:64:74 [0] NCCL INFO NET/IB: ncclIbResiliencyInit: Resiliency is disabled on the recv communicator (comm=0xf398fd71a000)
node1:64:74 [0] NCCL INFO NET/IB: ncclIbRecvCommInit: Receive work requests will be posted on-demand
node1:64:74 [0] NCCL INFO NET/IB: Subnet-aware routing: overriding dev 1 with dev 0
node1:64:74 [0] NCCL INFO NET/IB: Subnet-aware routing: overriding dev 3 with dev 2
node1:64:74 [0] NCCL INFO NET/IB: Subnet-aware routing: overriding dev 1 with dev 0
node1:64:74 [0] NCCL INFO NET/IB: Subnet-aware routing: overriding dev 3 with dev 2
node1:64:74 [0] NCCL INFO NET/IB: ncclIbResiliencyInit: Resiliency is disabled on the send communicator (comm=0xf398fd75f000)
node1:64:74 [0] NCCL INFO NET/IB: Subnet-aware routing: overriding dev 1 with dev 0
node1:64:74 [0] NCCL INFO NET/IB: Subnet-aware routing: overriding dev 3 with dev 2
node1:64:74 [0] NCCL INFO NET/IB: Subnet-aware routing: overriding dev 1 with dev 0
node1:64:74 [0] NCCL INFO NET/IB: Subnet-aware routing: overriding dev 3 with dev 2
node1:64:74 [0] NCCL INFO NET/IB: ncclIbResiliencyInit: Resiliency is disabled on the recv communicator (comm=0xf398fd7a0000)
node1:64:74 [0] NCCL INFO NET/IB: ncclIbRecvCommInit: Receive work requests will be posted on-demand
node1:64:74 [0] NCCL INFO NET/IB: Subnet-aware routing: overriding dev 1 with dev 0
node1:64:74 [0] NCCL INFO NET/IB: Subnet-aware routing: overriding dev 3 with dev 2
node1:64:74 [0] NCCL INFO NET/IB: Subnet-aware routing: overriding dev 1 with dev 0
node1:64:74 [0] NCCL INFO NET/IB: Subnet-aware routing: overriding dev 3 with dev 2
node1:64:74 [0] NCCL INFO NET/IB: ncclIbResiliencyInit: Resiliency is disabled on the send communicator (comm=0xf398fd7e8000)
node1:64:74 [0] NCCL INFO NET/IB: Subnet-aware routing: overriding dev 1 with dev 0
node1:64:74 [0] NCCL INFO NET/IB: Subnet-aware routing: overriding dev 3 with dev 2
node1:64:74 [0] NCCL INFO NET/IB: Subnet-aware routing: overriding dev 1 with dev 0
node1:64:74 [0] NCCL INFO NET/IB: Subnet-aware routing: overriding dev 3 with dev 2
node1:64:74 [0] NCCL INFO NET/IB: ncclIbResiliencyInit: Resiliency is disabled on the recv communicator (comm=0xf398fd829000)
node1:64:74 [0] NCCL INFO NET/IB: ncclIbRecvCommInit: Receive work requests will be posted on-demand
node1:64:74 [0] NCCL INFO NET/IB: Subnet-aware routing: overriding dev 1 with dev 0
node1:64:74 [0] NCCL INFO NET/IB: Subnet-aware routing: overriding dev 3 with dev 2
node1:64:74 [0] NCCL INFO NET/IB: Subnet-aware routing: overriding dev 1 with dev 0
node1:64:74 [0] NCCL INFO NET/IB: Subnet-aware routing: overriding dev 3 with dev 2
node1:64:74 [0] NCCL INFO NET/IB: Subnet-aware routing: overriding dev 1 with dev 0
node1:64:74 [0] NCCL INFO NET/IB: ncclIbResiliencyInit: Resiliency is disabled on the send communicator (comm=0xf398fd871000)
node1:64:74 [0] NCCL INFO NET/IB: Subnet-aware routing: overriding dev 1 with dev 0
node1:64:74 [0] NCCL INFO NET/IB: Subnet-aware routing: overriding dev 3 with dev 2
node1:64:74 [0] NCCL INFO NET/IB: Subnet-aware routing: overriding dev 1 with dev 0
node1:64:74 [0] NCCL INFO NET/IB: Subnet-aware routing: overriding dev 3 with dev 2
node1:64:74 [0] NCCL INFO NET/IB: Subnet-aware routing: overriding dev 1 with dev 0
node1:64:74 [0] NCCL INFO NET/IB: ncclIbResiliencyInit: Resiliency is disabled on the recv communicator (comm=0xf398fd8b8000)
node1:64:74 [0] NCCL INFO NET/IB: ncclIbRecvCommInit: Receive work requests will be posted on-demand
node1:64:74 [0] NCCL INFO NET/IB: Subnet-aware routing: overriding dev 1 with dev 0
node1:64:74 [0] NCCL INFO NET/IB: ncclIbSenderQpsToRts: Set ECE: IbDev 0 Port 1 qp_num 12258 set_ece={supported=1, vendor_id=0x15b3, options=0x30000002, comp_mask=0x0}
node1:64:74 [0] NCCL INFO NET/IB: ncclIbSenderQpsToRts: Set ECE: IbDev 2 Port 1 qp_num 1920 set_ece={supported=1, vendor_id=0x15b3, options=0x30000002, comp_mask=0x0}
node1:64:74 [0] NCCL INFO NET/IB: Subnet-aware routing: overriding dev 3 with dev 2
node1:64:74 [0] NCCL INFO NET/IB: Subnet-aware routing: overriding dev 1 with dev 0
node1:64:74 [0] NCCL INFO NET/IB: ncclIbSenderQpsCreate: QP created: port=1 dev=0 devName=rocep1s0f0 ndevs=4 nmdevs=4 qp_num=12259 pkey=0 pd=0xf398fc07ded0 oooRq=0
node1:64:74 [0] NCCL INFO NET/IB: ncclIbConnectImpl: NCCL Dev 0 IbDev 0 Port 1 qp_num 12259 mtu 5 GID 6 (0/166A8C0FFFF0000) ctsFifoRkey=0x17d592 ctsFifoLkey=0x17d592
node1:64:74 [0] NCCL INFO NET/IB: ncclIbConnectImpl: IbDev 0 Port 1 qp_num 12259 query_ece={supported=1, vendor_id=0x15b3, options=0x30000002, comp_mask=0x0}
node1:64:74 [0] NCCL INFO NET/IB: Subnet-aware routing: overriding dev 3 with dev 2
node1:64:74 [0] NCCL INFO NET/IB: Subnet-aware routing: overriding dev 1 with dev 0
node1:64:74 [0] NCCL INFO NET/IB: ncclIbResiliencyInit: Resiliency is disabled on the send communicator (comm=0xf398fd934000)
node1:64:74 [0] NCCL INFO NET/IB: Subnet-aware routing: overriding dev 3 with dev 2
node1:64:74 [0] NCCL INFO NET/IB: ncclIbSenderQpsToRts: Set ECE: IbDev 2 Port 1 qp_num 1921 set_ece={supported=1, vendor_id=0x15b3, options=0x30000002, comp_mask=0x0}
node1:64:74 [0] NCCL INFO NET/IB: Subnet-aware routing: overriding dev 1 with dev 0
node1:64:74 [0] NCCL INFO NET/IB: Subnet-aware routing: overriding dev 3 with dev 2
node1:64:74 [0] NCCL INFO NET/IB: ncclIbSenderQpsCreate: QP created: port=1 dev=0 devName=rocep1s0f0 ndevs=4 nmdevs=4 qp_num=12260 pkey=0 pd=0xf398fc07ded0 oooRq=0
node1:64:74 [0] NCCL INFO NET/IB: ncclIbConnectImpl: NCCL Dev 0 IbDev 0 Port 1 qp_num 12260 mtu 5 GID 6 (0/166A8C0FFFF0000) ctsFifoRkey=0x1ceee3 ctsFifoLkey=0x1ceee3
node1:64:74 [0] NCCL INFO NET/IB: ncclIbConnectImpl: IbDev 0 Port 1 qp_num 12260 query_ece={supported=1, vendor_id=0x15b3, options=0x30000002, comp_mask=0x0}
node1:64:74 [0] NCCL INFO NET/IB: Subnet-aware routing: overriding dev 1 with dev 0
node1:64:74 [0] NCCL INFO NET/IB: ncclIbSenderQpsCreate: QP created: port=1 dev=0 devName=rocep1s0f0 ndevs=4 nmdevs=4 qp_num=12261 pkey=0 pd=0xf398fc07ded0 oooRq=0
node1:64:74 [0] NCCL INFO NET/IB: ncclIbConnectImpl: NCCL Dev 0 IbDev 0 Port 1 qp_num 12261 mtu 5 GID 6 (0/166A8C0FFFF0000) ctsFifoRkey=0x15b673 ctsFifoLkey=0x15b673
node1:64:74 [0] NCCL INFO NET/IB: ncclIbConnectImpl: IbDev 0 Port 1 qp_num 12261 query_ece={supported=1, vendor_id=0x15b3, options=0x30000002, comp_mask=0x0}
node1:64:74 [0] NCCL INFO NET/IB: ncclIbReceiverQpsCreateToRts: QP created: port=1 dev=1 devName=rocep1s0f1 ndevs=4 nmdevs=4 qp_num=15608 pkey=0 pd=0xf398fc231350 oooRq=0
node1:64:74 [0] NCCL INFO NET/IB: ncclIbReceiverQpsCreateToRts: Flush QP created: port=1 dev=1 devName=rocep1s0f1 ndevs=4 nmdevs=4 qp_num=15609 pkey=0 pd=0xf398fc231350
node1:64:74 [0] NCCL INFO NET/IB: ncclIbResiliencyInit: Resiliency is disabled on the recv communicator (comm=0xf398fda27000)
node1:64:74 [0] NCCL INFO NET/IB: ncclIbRecvCommInit: Receive work requests will be posted on-demand
node1:64:74 [0] NCCL INFO NET/IB: Subnet-aware routing: overriding dev 1 with dev 0
node1:64:74 [0] NCCL INFO NET/IB: ncclIbReceiverQpsCreateToRts: QP created: port=1 dev=1 devName=rocep1s0f1 ndevs=4 nmdevs=4 qp_num=15610 pkey=0 pd=0xf398fc231350 oooRq=0
node1:64:74 [0] NCCL INFO NET/IB: ncclIbReceiverQpsCreateToRts: Flush QP created: port=1 dev=1 devName=rocep1s0f1 ndevs=4 nmdevs=4 qp_num=15611 pkey=0 pd=0xf398fc231350
node1:64:74 [0] NCCL INFO NET/IB: ncclIbSenderQpsCreate: QP created: port=1 dev=2 devName=roceP2p1s0f0 ndevs=4 nmdevs=4 qp_num=1922 pkey=0 pd=0xf398fc07d520 oooRq=0
node1:64:74 [0] NCCL INFO NET/IB: ncclIbConnectImpl: NCCL Dev 2 IbDev 2 Port 1 qp_num 1922 mtu 5 GID 3 (0/170A8C0FFFF0000) ctsFifoRkey=0x196363 ctsFifoLkey=0x196363
node1:64:74 [0] NCCL INFO NET/IB: ncclIbConnectImpl: IbDev 2 Port 1 qp_num 1922 query_ece={supported=1, vendor_id=0x15b3, options=0x30000002, comp_mask=0x0}
node1:64:74 [0] NCCL INFO NET/IB: Subnet-aware routing: overriding dev 2 with dev 3
node1:64:74 [0] NCCL INFO NET/IB: ncclIbReceiverQpsCreateToRts: QP created: port=1 dev=3 devName=roceP2p1s0f1 ndevs=4 nmdevs=4 qp_num=2684 pkey=0 pd=0xf398fc5dee10 oooRq=0
node1:64:74 [0] NCCL INFO NET/IB: ncclIbReceiverQpsCreateToRts: Flush QP created: port=1 dev=3 devName=roceP2p1s0f1 ndevs=4 nmdevs=4 qp_num=2685 pkey=0 pd=0xf398fc5dee10
node1:64:74 [0] NCCL INFO NET/IB: Subnet-aware routing: overriding dev 3 with dev 2
node1:64:74 [0] NCCL INFO NET/IB: ncclIbSenderQpsCreate: QP created: port=1 dev=2 devName=roceP2p1s0f0 ndevs=4 nmdevs=4 qp_num=1923 pkey=0 pd=0xf398fc07d520 oooRq=0
node1:64:74 [0] NCCL INFO NET/IB: ncclIbConnectImpl: NCCL Dev 2 IbDev 2 Port 1 qp_num 1923 mtu 5 GID 3 (0/170A8C0FFFF0000) ctsFifoRkey=0x19918f ctsFifoLkey=0x19918f
node1:64:74 [0] NCCL INFO NET/IB: ncclIbConnectImpl: IbDev 2 Port 1 qp_num 1923 query_ece={supported=1, vendor_id=0x15b3, options=0x30000002, comp_mask=0x0}
node1:64:74 [0] NCCL INFO NET/IB: ncclIbReceiverQpsCreateToRts: QP created: port=1 dev=3 devName=roceP2p1s0f1 ndevs=4 nmdevs=4 qp_num=2686 pkey=0 pd=0xf398fc5dee10 oooRq=0
node1:64:74 [0] NCCL INFO NET/IB: ncclIbReceiverQpsCreateToRts: Flush QP created: port=1 dev=3 devName=roceP2p1s0f1 ndevs=4 nmdevs=4 qp_num=2687 pkey=0 pd=0xf398fc5dee10
node1:64:74 [0] NCCL INFO NET/IB: ncclIbSenderQpsToRts: Set ECE: IbDev 0 Port 1 qp_num 12260 set_ece={supported=1, vendor_id=0x15b3, options=0x30000002, comp_mask=0x0}
node1:64:74 [0] NCCL INFO NET/IB: Subnet-aware routing: overriding dev 0 with dev 1
node1:64:74 [0] NCCL INFO NET/IB: ncclIbReceiverQpsCreateToRts: QP created: port=1 dev=1 devName=rocep1s0f1 ndevs=4 nmdevs=4 qp_num=15612 pkey=0 pd=0xf398fc231350 oooRq=0
node1:64:74 [0] NCCL INFO NET/IB: ncclIbReceiverQpsCreateToRts: Flush QP created: port=1 dev=1 devName=rocep1s0f1 ndevs=4 nmdevs=4 qp_num=15613 pkey=0 pd=0xf398fc231350
node1:64:74 [0] NCCL INFO NET/IB: Subnet-aware routing: overriding dev 1 with dev 0
node1:64:74 [0] NCCL INFO NET/IB: ncclIbSenderQpsToRts: Set ECE: IbDev 0 Port 1 qp_num 12261 set_ece={supported=1, vendor_id=0x15b3, options=0x30000002, comp_mask=0x0}
node1:64:74 [0] NCCL INFO NET/IB: ncclIbSenderQpsCreate: QP created: port=1 dev=2 devName=roceP2p1s0f0 ndevs=4 nmdevs=4 qp_num=1924 pkey=0 pd=0xf398fc07d520 oooRq=0
node1:64:74 [0] NCCL INFO NET/IB: ncclIbConnectImpl: NCCL Dev 2 IbDev 2 Port 1 qp_num 1924 mtu 5 GID 3 (0/170A8C0FFFF0000) ctsFifoRkey=0x187978 ctsFifoLkey=0x187978
node1:64:74 [0] NCCL INFO NET/IB: ncclIbConnectImpl: IbDev 2 Port 1 qp_num 1924 query_ece={supported=1, vendor_id=0x15b3, options=0x30000002, comp_mask=0x0}
node1:64:74 [0] NCCL INFO NET/IB: Subnet-aware routing: overriding dev 2 with dev 3
node1:64:74 [0] NCCL INFO NET/IB: ncclIbReceiverQpsCreateToRts: QP created: port=1 dev=3 devName=roceP2p1s0f1 ndevs=4 nmdevs=4 qp_num=2688 pkey=0 pd=0xf398fc5dee10 oooRq=0
node1:64:74 [0] NCCL INFO NET/IB: ncclIbReceiverQpsCreateToRts: Flush QP created: port=1 dev=3 devName=roceP2p1s0f1 ndevs=4 nmdevs=4 qp_num=2689 pkey=0 pd=0xf398fc5dee10
node1:64:74 [0] NCCL INFO NET/IB: Subnet-aware routing: overriding dev 3 with dev 2
node1:64:74 [0] NCCL INFO NET/IB: ncclIbResiliencyInit: Resiliency is disabled on the send communicator (comm=0xf398fdc91000)
node1:64:74 [0] NCCL INFO NET/IB: Subnet-aware routing: overriding dev 1 with dev 0
node1:64:74 [0] NCCL INFO NET/IB: ncclIbSenderQpsToRts: Set ECE: IbDev 0 Port 1 qp_num 12259 set_ece={supported=1, vendor_id=0x15b3, options=0x30000002, comp_mask=0x0}
node1:64:74 [0] NCCL INFO NET/IB: ncclIbSenderQpsToRts: Set ECE: IbDev 2 Port 1 qp_num 1922 set_ece={supported=1, vendor_id=0x15b3, options=0x30000002, comp_mask=0x0}
node1:64:74 [0] NCCL INFO NET/IB: Subnet-aware routing: overriding dev 3 with dev 2
node1:64:74 [0] NCCL INFO NET/IB: Subnet-aware routing: overriding dev 3 with dev 2
node1:64:74 [0] NCCL INFO NET/IB: ncclIbResiliencyInit: Resiliency is disabled on the recv communicator (comm=0xf398fdcd2000)
node1:64:74 [0] NCCL INFO NET/IB: ncclIbRecvCommInit: Receive work requests will be posted on-demand
node1:64:74 [0] NCCL INFO NET/IB: Subnet-aware routing: overriding dev 3 with dev 2
node1:64:74 [0] NCCL INFO NET/IB: Subnet-aware routing: overriding dev 3 with dev 2
node1:64:74 [0] NCCL INFO NET/IB: ncclIbResiliencyInit: Resiliency is disabled on the send communicator (comm=0xf398fdd17000)
node1:64:74 [0] NCCL INFO NET/IB: Subnet-aware routing: overriding dev 3 with dev 2
node1:64:74 [0] NCCL INFO NET/IB: Subnet-aware routing: overriding dev 3 with dev 2
node1:64:74 [0] NCCL INFO NET/IB: ncclIbResiliencyInit: Resiliency is disabled on the recv communicator (comm=0xf398fdd58000)
node1:64:74 [0] NCCL INFO NET/IB: ncclIbRecvCommInit: Receive work requests will be posted on-demand
node1:64:74 [0] NCCL INFO NET/IB: Subnet-aware routing: overriding dev 3 with dev 2
node1:64:74 [0] NCCL INFO NET/IB: Subnet-aware routing: overriding dev 3 with dev 2
node1:64:74 [0] NCCL INFO NET/IB: Subnet-aware routing: overriding dev 1 with dev 0
node1:64:74 [0] NCCL INFO NET/IB: ncclIbResiliencyInit: Resiliency is disabled on the send communicator (comm=0xf398fdd9d000)
node1:64:74 [0] NCCL INFO NET/IB: Subnet-aware routing: overriding dev 3 with dev 2
node1:64:74 [0] NCCL INFO NET/IB: Subnet-aware routing: overriding dev 3 with dev 2
node1:64:74 [0] NCCL INFO NET/IB: Subnet-aware routing: overriding dev 1 with dev 0
node1:64:74 [0] NCCL INFO NET/IB: ncclIbResiliencyInit: Resiliency is disabled on the recv communicator (comm=0xf398fddde000)
node1:64:74 [0] NCCL INFO NET/IB: ncclIbRecvCommInit: Receive work requests will be posted on-demand
node1:64:74 [0] NCCL INFO NET/IB: Subnet-aware routing: overriding dev 3 with dev 2
node1:64:74 [0] NCCL INFO NET/IB: ncclIbSenderQpsToRts: Set ECE: IbDev 2 Port 1 qp_num 1924 set_ece={supported=1, vendor_id=0x15b3, options=0x30000002, comp_mask=0x0}
node1:64:74 [0] NCCL INFO NET/IB: Subnet-aware routing: overriding dev 3 with dev 2
node1:64:74 [0] NCCL INFO NET/IB: Subnet-aware routing: overriding dev 1 with dev 0
node1:64:74 [0] NCCL INFO NET/IB: ncclIbResiliencyInit: Resiliency is disabled on the send communicator (comm=0xf398fde2c000)
node1:64:74 [0] NCCL INFO NET/IB: Subnet-aware routing: overriding dev 3 with dev 2
node1:64:74 [0] NCCL INFO NET/IB: ncclIbSenderQpsToRts: Set ECE: IbDev 2 Port 1 qp_num 1923 set_ece={supported=1, vendor_id=0x15b3, options=0x30000002, comp_mask=0x0}
node1:64:74 [0] NCCL INFO NET/IB: Subnet-aware routing: overriding dev 3 with dev 2
node1:64:74 [0] NCCL INFO NET/IB: ncclIbReceiverQpsCreateToRts: QP created: port=1 dev=3 devName=roceP2p1s0f1 ndevs=4 nmdevs=4 qp_num=2690 pkey=0 pd=0xf398fc5dee10 oooRq=0
node1:64:74 [0] NCCL INFO NET/IB: ncclIbReceiverQpsCreateToRts: Flush QP created: port=1 dev=3 devName=roceP2p1s0f1 ndevs=4 nmdevs=4 qp_num=2691 pkey=0 pd=0xf398fc5dee10
node1:64:74 [0] NCCL INFO NET/IB: Subnet-aware routing: overriding dev 1 with dev 0
node1:64:74 [0] NCCL INFO NET/IB: ncclIbResiliencyInit: Resiliency is disabled on the recv communicator (comm=0xf398fdeb8000)
node1:64:74 [0] NCCL INFO NET/IB: ncclIbRecvCommInit: Receive work requests will be posted on-demand
node1:64:74 [0] NCCL INFO NET/IB: Subnet-aware routing: overriding dev 3 with dev 2
node1:64:74 [0] NCCL INFO NET/IB: Subnet-aware routing: overriding dev 1 with dev 0
node1:64:74 [0] NCCL INFO NET/IB: ncclIbReceiverQpsCreateToRts: QP created: port=1 dev=1 devName=rocep1s0f1 ndevs=4 nmdevs=4 qp_num=15614 pkey=0 pd=0xf398fc231350 oooRq=0
node1:64:74 [0] NCCL INFO NET/IB: ncclIbReceiverQpsCreateToRts: Flush QP created: port=1 dev=1 devName=rocep1s0f1 ndevs=4 nmdevs=4 qp_num=15615 pkey=0 pd=0xf398fc231350
node1:64:74 [0] NCCL INFO NET/IB: Subnet-aware routing: overriding dev 3 with dev 2
node1:64:74 [0] NCCL INFO NET/IB: ncclIbResiliencyInit: Resiliency is disabled on the send communicator (comm=0xf398fdf4a000)
node1:64:74 [0] NCCL INFO NET/IB: Subnet-aware routing: overriding dev 3 with dev 2
node1:64:74 [0] NCCL INFO NET/IB: ncclIbSenderQpsCreate: QP created: port=1 dev=2 devName=roceP2p1s0f0 ndevs=4 nmdevs=4 qp_num=1925 pkey=0 pd=0xf398fc07d520 oooRq=0
node1:64:74 [0] NCCL INFO NET/IB: ncclIbConnectImpl: NCCL Dev 2 IbDev 2 Port 1 qp_num 1925 mtu 5 GID 3 (0/170A8C0FFFF0000) ctsFifoRkey=0x190e0a ctsFifoLkey=0x190e0a
node1:64:74 [0] NCCL INFO NET/IB: ncclIbConnectImpl: IbDev 2 Port 1 qp_num 1925 query_ece={supported=1, vendor_id=0x15b3, options=0x30000002, comp_mask=0x0}
node1:64:74 [0] NCCL INFO NET/IB: ncclIbSenderQpsCreate: QP created: port=1 dev=0 devName=rocep1s0f0 ndevs=4 nmdevs=4 qp_num=12262 pkey=0 pd=0xf398fc07ded0 oooRq=0
node1:64:74 [0] NCCL INFO NET/IB: ncclIbConnectImpl: NCCL Dev 0 IbDev 0 Port 1 qp_num 12262 mtu 5 GID 6 (0/166A8C0FFFF0000) ctsFifoRkey=0x178f4d ctsFifoLkey=0x178f4d
node1:64:74 [0] NCCL INFO NET/IB: ncclIbConnectImpl: IbDev 0 Port 1 qp_num 12262 query_ece={supported=1, vendor_id=0x15b3, options=0x30000002, comp_mask=0x0}
node1:64:74 [0] NCCL INFO NET/IB: Subnet-aware routing: overriding dev 0 with dev 1
node1:64:74 [0] NCCL INFO NET/IB: ncclIbReceiverQpsCreateToRts: QP created: port=1 dev=1 devName=rocep1s0f1 ndevs=4 nmdevs=4 qp_num=15616 pkey=0 pd=0xf398fc231350 oooRq=0
node1:64:74 [0] NCCL INFO NET/IB: ncclIbReceiverQpsCreateToRts: Flush QP created: port=1 dev=1 devName=rocep1s0f1 ndevs=4 nmdevs=4 qp_num=15617 pkey=0 pd=0xf398fc231350
node1:64:74 [0] NCCL INFO NET/IB: Subnet-aware routing: overriding dev 1 with dev 0
node1:64:74 [0] NCCL INFO NET/IB: ncclIbSenderQpsCreate: QP created: port=1 dev=0 devName=rocep1s0f0 ndevs=4 nmdevs=4 qp_num=12263 pkey=0 pd=0xf398fc07ded0 oooRq=0
node1:64:74 [0] NCCL INFO NET/IB: ncclIbConnectImpl: NCCL Dev 0 IbDev 0 Port 1 qp_num 12263 mtu 5 GID 6 (0/166A8C0FFFF0000) ctsFifoRkey=0x153dfb ctsFifoLkey=0x153dfb
node1:64:74 [0] NCCL INFO NET/IB: ncclIbConnectImpl: IbDev 0 Port 1 qp_num 12263 query_ece={supported=1, vendor_id=0x15b3, options=0x30000002, comp_mask=0x0}
node1:64:74 [0] NCCL INFO NET/IB: ncclIbSenderQpsCreate: QP created: port=1 dev=2 devName=roceP2p1s0f0 ndevs=4 nmdevs=4 qp_num=1926 pkey=0 pd=0xf398fc07d520 oooRq=0
node1:64:74 [0] NCCL INFO NET/IB: ncclIbConnectImpl: NCCL Dev 2 IbDev 2 Port 1 qp_num 1926 mtu 5 GID 3 (0/170A8C0FFFF0000) ctsFifoRkey=0x18706f ctsFifoLkey=0x18706f
node1:64:74 [0] NCCL INFO NET/IB: ncclIbConnectImpl: IbDev 2 Port 1 qp_num 1926 query_ece={supported=1, vendor_id=0x15b3, options=0x30000002, comp_mask=0x0}
node1:64:74 [0] NCCL INFO NET/IB: Subnet-aware routing: overriding dev 2 with dev 3
node1:64:74 [0] NCCL INFO NET/IB: ncclIbReceiverQpsCreateToRts: QP created: port=1 dev=3 devName=roceP2p1s0f1 ndevs=4 nmdevs=4 qp_num=2692 pkey=0 pd=0xf398fc5dee10 oooRq=0
node1:64:74 [0] NCCL INFO NET/IB: ncclIbReceiverQpsCreateToRts: Flush QP created: port=1 dev=3 devName=roceP2p1s0f1 ndevs=4 nmdevs=4 qp_num=2693 pkey=0 pd=0xf398fc5dee10
node1:64:74 [0] NCCL INFO NET/IB: Subnet-aware routing: overriding dev 3 with dev 2
node1:64:74 [0] NCCL INFO NET/IB: ncclIbResiliencyInit: Resiliency is disabled on the recv communicator (comm=0xf398fe0f1000)
node1:64:74 [0] NCCL INFO NET/IB: ncclIbRecvCommInit: Receive work requests will be posted on-demand
node1:64:74 [0] NCCL INFO NET/IB: Subnet-aware routing: overriding dev 3 with dev 2
node1:64:74 [0] NCCL INFO NET/IB: ncclIbSenderQpsToRts: Set ECE: IbDev 2 Port 1 qp_num 1925 set_ece={supported=1, vendor_id=0x15b3, options=0x30000002, comp_mask=0x0}
node1:64:74 [0] NCCL INFO NET/IB: ncclIbSenderQpsToRts: Set ECE: IbDev 0 Port 1 qp_num 12262 set_ece={supported=1, vendor_id=0x15b3, options=0x30000002, comp_mask=0x0}
node1:64:74 [0] NCCL INFO NET/IB: Subnet-aware routing: overriding dev 1 with dev 0
node1:64:74 [0] NCCL INFO NET/IB: ncclIbSenderQpsToRts: Set ECE: IbDev 0 Port 1 qp_num 12263 set_ece={supported=1, vendor_id=0x15b3, options=0x30000002, comp_mask=0x0}
node1:64:74 [0] NCCL INFO NET/IB: ncclIbSenderQpsToRts: Set ECE: IbDev 2 Port 1 qp_num 1926 set_ece={supported=1, vendor_id=0x15b3, options=0x30000002, comp_mask=0x0}
node1:64:74 [0] NCCL INFO NET/IB: Subnet-aware routing: overriding dev 3 with dev 2
node1:64:74 [0] NCCL INFO NET/IB: ncclIbSenderQpsCreate: QP created: port=1 dev=2 devName=roceP2p1s0f0 ndevs=4 nmdevs=4 qp_num=1927 pkey=0 pd=0xf398fc07d520 oooRq=0
node1:64:74 [0] NCCL INFO NET/IB: ncclIbConnectImpl: NCCL Dev 2 IbDev 2 Port 1 qp_num 1927 mtu 5 GID 3 (0/170A8C0FFFF0000) ctsFifoRkey=0x19b5b0 ctsFifoLkey=0x19b5b0
node1:64:74 [0] NCCL INFO NET/IB: ncclIbConnectImpl: IbDev 2 Port 1 qp_num 1927 query_ece={supported=1, vendor_id=0x15b3, options=0x30000002, comp_mask=0x0}
node1:64:74 [0] NCCL INFO NET/IB: ncclIbReceiverQpsCreateToRts: QP created: port=1 dev=3 devName=roceP2p1s0f1 ndevs=4 nmdevs=4 qp_num=2694 pkey=0 pd=0xf398fc5dee10 oooRq=0
node1:64:74 [0] NCCL INFO NET/IB: ncclIbReceiverQpsCreateToRts: Flush QP created: port=1 dev=3 devName=roceP2p1s0f1 ndevs=4 nmdevs=4 qp_num=2695 pkey=0 pd=0xf398fc5dee10
node1:64:74 [0] NCCL INFO NET/IB: ncclIbResiliencyInit: Resiliency is disabled on the send communicator (comm=0xf398fe1b0000)
node1:64:74 [0] NCCL INFO NET/IB: Subnet-aware routing: overriding dev 3 with dev 2
node1:64:74 [0] NCCL INFO NET/IB: ncclIbResiliencyInit: Resiliency is disabled on the recv communicator (comm=0xf398fe1f1000)
node1:64:74 [0] NCCL INFO NET/IB: ncclIbRecvCommInit: Receive work requests will be posted on-demand
node1:64:74 [0] NCCL INFO NET/IB: Subnet-aware routing: overriding dev 3 with dev 2
node1:64:74 [0] NCCL INFO NET/IB: Subnet-aware routing: overriding dev 1 with dev 0
node1:64:74 [0] NCCL INFO NET/IB: ncclIbResiliencyInit: Resiliency is disabled on the send communicator (comm=0xf398fe239000)
node1:64:74 [0] NCCL INFO NET/IB: Subnet-aware routing: overriding dev 3 with dev 2
node1:64:74 [0] NCCL INFO NET/IB: Subnet-aware routing: overriding dev 1 with dev 0
node1:64:74 [0] NCCL INFO NET/IB: ncclIbResiliencyInit: Resiliency is disabled on the recv communicator (comm=0xf398fe27a000)
node1:64:74 [0] NCCL INFO NET/IB: ncclIbRecvCommInit: Receive work requests will be posted on-demand
node1:64:74 [0] NCCL INFO NET/IB: Subnet-aware routing: overriding dev 3 with dev 2
node1:64:74 [0] NCCL INFO NET/IB: Subnet-aware routing: overriding dev 1 with dev 0
node1:64:74 [0] NCCL INFO NET/IB: ncclIbResiliencyInit: Resiliency is disabled on the send communicator (comm=0xf398fe2c2000)
node1:64:74 [0] NCCL INFO NET/IB: Subnet-aware routing: overriding dev 3 with dev 2
node1:64:74 [0] NCCL INFO NET/IB: Subnet-aware routing: overriding dev 1 with dev 0
node1:64:74 [0] NCCL INFO NET/IB: ncclIbResiliencyInit: Resiliency is disabled on the recv communicator (comm=0xf398fe303000)
node1:64:74 [0] NCCL INFO NET/IB: ncclIbRecvCommInit: Receive work requests will be posted on-demand
node1:64:74 [0] NCCL INFO NET/IB: Subnet-aware routing: overriding dev 3 with dev 2
node1:64:74 [0] NCCL INFO NET/IB: Subnet-aware routing: overriding dev 1 with dev 0
node1:64:74 [0] NCCL INFO NET/IB: Subnet-aware routing: overriding dev 3 with dev 2
node1:64:74 [0] NCCL INFO NET/IB: ncclIbResiliencyInit: Resiliency is disabled on the send communicator (comm=0xf398fe34b000)
node1:64:74 [0] NCCL INFO NET/IB: Subnet-aware routing: overriding dev 3 with dev 2
node1:64:74 [0] NCCL INFO NET/IB: Subnet-aware routing: overriding dev 1 with dev 0
node1:64:74 [0] NCCL INFO NET/IB: Subnet-aware routing: overriding dev 3 with dev 2
node1:64:74 [0] NCCL INFO NET/IB: ncclIbResiliencyInit: Resiliency is disabled on the recv communicator (comm=0xf398fe38c000)
node1:64:74 [0] NCCL INFO NET/IB: ncclIbRecvCommInit: Receive work requests will be posted on-demand
node1:64:74 [0] NCCL INFO NET/IB: Subnet-aware routing: overriding dev 3 with dev 2
node1:64:74 [0] NCCL INFO NET/IB: Subnet-aware routing: overriding dev 1 with dev 0
node1:64:74 [0] NCCL INFO NET/IB: Subnet-aware routing: overriding dev 3 with dev 2
node1:64:74 [0] NCCL INFO NET/IB: ncclIbResiliencyInit: Resiliency is disabled on the send communicator (comm=0xf398fe3d4000)
node1:64:74 [0] NCCL INFO NET/IB: Subnet-aware routing: overriding dev 3 with dev 2
node1:64:74 [0] NCCL INFO NET/IB: Subnet-aware routing: overriding dev 1 with dev 0
node1:64:74 [0] NCCL INFO NET/IB: Subnet-aware routing: overriding dev 3 with dev 2
node1:64:74 [0] NCCL INFO NET/IB: ncclIbResiliencyInit: Resiliency is disabled on the recv communicator (comm=0xf398fe424000)
node1:64:74 [0] NCCL INFO NET/IB: ncclIbRecvCommInit: Receive work requests will be posted on-demand
node1:64:74 [0] NCCL INFO NET/IB: Subnet-aware routing: overriding dev 3 with dev 2
node1:64:74 [0] NCCL INFO NET/IB: ncclIbSenderQpsCreate: QP created: port=1 dev=0 devName=rocep1s0f0 ndevs=4 nmdevs=4 qp_num=12264 pkey=0 pd=0xf398fc07ded0 oooRq=0
node1:64:74 [0] NCCL INFO NET/IB: ncclIbConnectImpl: NCCL Dev 0 IbDev 0 Port 1 qp_num 12264 mtu 5 GID 6 (0/166A8C0FFFF0000) ctsFifoRkey=0x17b673 ctsFifoLkey=0x17b673
node1:64:74 [0] NCCL INFO NET/IB: ncclIbConnectImpl: IbDev 0 Port 1 qp_num 12264 query_ece={supported=1, vendor_id=0x15b3, options=0x30000002, comp_mask=0x0}
node1:64:74 [0] NCCL INFO NET/IB: Subnet-aware routing: overriding dev 1 with dev 0
node1:64:74 [0] NCCL INFO NET/IB: ncclIbSenderQpsCreate: QP created: port=1 dev=0 devName=rocep1s0f0 ndevs=4 nmdevs=4 qp_num=12265 pkey=0 pd=0xf398fc07ded0 oooRq=0
node1:64:74 [0] NCCL INFO NET/IB: ncclIbConnectImpl: NCCL Dev 0 IbDev 0 Port 1 qp_num 12265 mtu 5 GID 6 (0/166A8C0FFFF0000) ctsFifoRkey=0x17b06e ctsFifoLkey=0x17b06e
node1:64:74 [0] NCCL INFO NET/IB: ncclIbConnectImpl: IbDev 0 Port 1 qp_num 12265 query_ece={supported=1, vendor_id=0x15b3, options=0x30000002, comp_mask=0x0}
node1:64:74 [0] NCCL INFO NET/IB: ncclIbSenderQpsCreate: QP created: port=1 dev=2 devName=roceP2p1s0f0 ndevs=4 nmdevs=4 qp_num=1928 pkey=0 pd=0xf398fc07d520 oooRq=0
node1:64:74 [0] NCCL INFO NET/IB: ncclIbConnectImpl: NCCL Dev 2 IbDev 2 Port 1 qp_num 1928 mtu 5 GID 3 (0/170A8C0FFFF0000) ctsFifoRkey=0x19605e ctsFifoLkey=0x19605e
node1:64:74 [0] NCCL INFO NET/IB: ncclIbConnectImpl: IbDev 2 Port 1 qp_num 1928 query_ece={supported=1, vendor_id=0x15b3, options=0x30000002, comp_mask=0x0}
node1:64:74 [0] NCCL INFO NET/IB: Subnet-aware routing: overriding dev 3 with dev 2
node1:64:74 [0] NCCL INFO NET/IB: ncclIbSenderQpsCreate: QP created: port=1 dev=2 devName=roceP2p1s0f0 ndevs=4 nmdevs=4 qp_num=1929 pkey=0 pd=0xf398fc07d520 oooRq=0
node1:64:74 [0] NCCL INFO NET/IB: ncclIbConnectImpl: NCCL Dev 2 IbDev 2 Port 1 qp_num 1929 mtu 5 GID 3 (0/170A8C0FFFF0000) ctsFifoRkey=0x1906fc ctsFifoLkey=0x1906fc
node1:64:74 [0] NCCL INFO NET/IB: ncclIbConnectImpl: IbDev 2 Port 1 qp_num 1929 query_ece={supported=1, vendor_id=0x15b3, options=0x30000002, comp_mask=0x0}
node1:64:74 [0] NCCL INFO NET/IB: ncclIbSenderQpsCreate: QP created: port=1 dev=0 devName=rocep1s0f0 ndevs=4 nmdevs=4 qp_num=12266 pkey=0 pd=0xf398fc07ded0 oooRq=0
node1:64:74 [0] NCCL INFO NET/IB: ncclIbConnectImpl: NCCL Dev 0 IbDev 0 Port 1 qp_num 12266 mtu 5 GID 6 (0/166A8C0FFFF0000) ctsFifoRkey=0x15ca87 ctsFifoLkey=0x15ca87
node1:64:74 [0] NCCL INFO NET/IB: ncclIbConnectImpl: IbDev 0 Port 1 qp_num 12266 query_ece={supported=1, vendor_id=0x15b3, options=0x30000002, comp_mask=0x0}
node1:64:74 [0] NCCL INFO NET/IB: Subnet-aware routing: overriding dev 1 with dev 0
node1:64:74 [0] NCCL INFO NET/IB: ncclIbResiliencyInit: Resiliency is disabled on the send communicator (comm=0xf398fe564000)
node1:64:74 [0] NCCL INFO NET/IB: Subnet-aware routing: overriding dev 3 with dev 2
node1:64:74 [0] NCCL INFO NET/IB: ncclIbSenderQpsToRts: Set ECE: IbDev 2 Port 1 qp_num 1927 set_ece={supported=1, vendor_id=0x15b3, options=0x30000002, comp_mask=0x0}
node1:64:74 [0] NCCL INFO NET/IB: ncclIbSenderQpsToRts: Set ECE: IbDev 0 Port 1 qp_num 12264 set_ece={supported=1, vendor_id=0x15b3, options=0x30000002, comp_mask=0x0}
node1:64:74 [0] NCCL INFO NET/IB: Subnet-aware routing: overriding dev 0 with dev 1
node1:64:74 [0] NCCL INFO NET/IB: ncclIbReceiverQpsCreateToRts: QP created: port=1 dev=1 devName=rocep1s0f1 ndevs=4 nmdevs=4 qp_num=15618 pkey=0 pd=0xf398fc231350 oooRq=0
node1:64:74 [0] NCCL INFO NET/IB: ncclIbReceiverQpsCreateToRts: Flush QP created: port=1 dev=1 devName=rocep1s0f1 ndevs=4 nmdevs=4 qp_num=15619 pkey=0 pd=0xf398fc231350
node1:64:74 [0] NCCL INFO NET/IB: Subnet-aware routing: overriding dev 1 with dev 0
node1:64:74 [0] NCCL INFO NET/IB: ncclIbSenderQpsToRts: Set ECE: IbDev 0 Port 1 qp_num 12265 set_ece={supported=1, vendor_id=0x15b3, options=0x30000002, comp_mask=0x0}
node1:64:74 [0] NCCL INFO NET/IB: ncclIbReceiverQpsCreateToRts: QP created: port=1 dev=1 devName=rocep1s0f1 ndevs=4 nmdevs=4 qp_num=15620 pkey=0 pd=0xf398fc231350 oooRq=0
node1:64:74 [0] NCCL INFO NET/IB: ncclIbReceiverQpsCreateToRts: Flush QP created: port=1 dev=1 devName=rocep1s0f1 ndevs=4 nmdevs=4 qp_num=15621 pkey=0 pd=0xf398fc231350
node1:64:74 [0] NCCL INFO NET/IB: ncclIbSenderQpsToRts: Set ECE: IbDev 2 Port 1 qp_num 1928 set_ece={supported=1, vendor_id=0x15b3, options=0x30000002, comp_mask=0x0}
node1:64:74 [0] NCCL INFO NET/IB: Subnet-aware routing: overriding dev 3 with dev 2
node1:64:74 [0] NCCL INFO NET/IB: ncclIbSenderQpsToRts: Set ECE: IbDev 2 Port 1 qp_num 1929 set_ece={supported=1, vendor_id=0x15b3, options=0x30000002, comp_mask=0x0}
node1:64:74 [0] NCCL INFO NET/IB: ncclIbSenderQpsToRts: Set ECE: IbDev 0 Port 1 qp_num 12266 set_ece={supported=1, vendor_id=0x15b3, options=0x30000002, comp_mask=0x0}
node1:64:74 [0] NCCL INFO NET/IB: Subnet-aware routing: overriding dev 0 with dev 1
node1:64:74 [0] NCCL INFO NET/IB: ncclIbReceiverQpsCreateToRts: QP created: port=1 dev=1 devName=rocep1s0f1 ndevs=4 nmdevs=4 qp_num=15622 pkey=0 pd=0xf398fc231350 oooRq=0
node1:64:74 [0] NCCL INFO NET/IB: ncclIbReceiverQpsCreateToRts: Flush QP created: port=1 dev=1 devName=rocep1s0f1 ndevs=4 nmdevs=4 qp_num=15623 pkey=0 pd=0xf398fc231350
node1:64:74 [0] NCCL INFO NET/IB: Subnet-aware routing: overriding dev 1 with dev 0
node1:64:74 [0] NCCL INFO NET/IB: ncclIbResiliencyInit: Resiliency is disabled on the recv communicator (comm=0xf398fe689000)
node1:64:74 [0] NCCL INFO NET/IB: ncclIbRecvCommInit: Receive work requests will be posted on-demand
node1:64:74 [0] NCCL INFO NET/IB: Subnet-aware routing: overriding dev 2 with dev 3
node1:64:74 [0] NCCL INFO NET/IB: ncclIbReceiverQpsCreateToRts: QP created: port=1 dev=3 devName=roceP2p1s0f1 ndevs=4 nmdevs=4 qp_num=2696 pkey=0 pd=0xf398fc5dee10 oooRq=0
node1:64:74 [0] NCCL INFO NET/IB: ncclIbReceiverQpsCreateToRts: Flush QP created: port=1 dev=3 devName=roceP2p1s0f1 ndevs=4 nmdevs=4 qp_num=2697 pkey=0 pd=0xf398fc5dee10
node1:64:74 [0] NCCL INFO NET/IB: ncclIbReceiverQpsCreateToRts: QP created: port=1 dev=3 devName=roceP2p1s0f1 ndevs=4 nmdevs=4 qp_num=2698 pkey=0 pd=0xf398fc5dee10 oooRq=0
node1:64:74 [0] NCCL INFO NET/IB: ncclIbReceiverQpsCreateToRts: Flush QP created: port=1 dev=3 devName=roceP2p1s0f1 ndevs=4 nmdevs=4 qp_num=2699 pkey=0 pd=0xf398fc5dee10
node1:64:74 [0] NCCL INFO NET/IB: Subnet-aware routing: overriding dev 1 with dev 0
node1:64:74 [0] NCCL INFO NET/IB: ncclIbSenderQpsCreate: QP created: port=1 dev=0 devName=rocep1s0f0 ndevs=4 nmdevs=4 qp_num=12267 pkey=0 pd=0xf398fc07ded0 oooRq=0
node1:64:74 [0] NCCL INFO NET/IB: ncclIbConnectImpl: NCCL Dev 0 IbDev 0 Port 1 qp_num 12267 mtu 5 GID 6 (0/166A8C0FFFF0000) ctsFifoRkey=0x15be7a ctsFifoLkey=0x15be7a
node1:64:74 [0] NCCL INFO NET/IB: ncclIbConnectImpl: IbDev 0 Port 1 qp_num 12267 query_ece={supported=1, vendor_id=0x15b3, options=0x30000002, comp_mask=0x0}
node1:64:74 [0] NCCL INFO NET/IB: ncclIbReceiverQpsCreateToRts: QP created: port=1 dev=1 devName=rocep1s0f1 ndevs=4 nmdevs=4 qp_num=15624 pkey=0 pd=0xf398fc231350 oooRq=0
node1:64:74 [0] NCCL INFO NET/IB: ncclIbReceiverQpsCreateToRts: Flush QP created: port=1 dev=1 devName=rocep1s0f1 ndevs=4 nmdevs=4 qp_num=15625 pkey=0 pd=0xf398fc231350
node1:64:74 [0] NCCL INFO NET/IB: ncclIbResiliencyInit: Resiliency is disabled on the send communicator (comm=0xf398fe7f1000)
node1:64:74 [0] NCCL INFO NET/IB: Subnet-aware routing: overriding dev 1 with dev 0
node1:64:74 [0] NCCL INFO NET/IB: ncclIbResiliencyInit: Resiliency is disabled on the recv communicator (comm=0xf398fe832000)
node1:64:74 [0] NCCL INFO NET/IB: ncclIbRecvCommInit: Receive work requests will be posted on-demand
node1:64:74 [0] NCCL INFO NET/IB: Subnet-aware routing: overriding dev 1 with dev 0
node1:64:74 [0] NCCL INFO NET/IB: Subnet-aware routing: overriding dev 3 with dev 2
node1:64:74 [0] NCCL INFO NET/IB: ncclIbResiliencyInit: Resiliency is disabled on the send communicator (comm=0xf398fe877000)
node1:64:74 [0] NCCL INFO NET/IB: Subnet-aware routing: overriding dev 1 with dev 0
node1:64:74 [0] NCCL INFO NET/IB: Subnet-aware routing: overriding dev 3 with dev 2
node1:64:74 [0] NCCL INFO NET/IB: ncclIbResiliencyInit: Resiliency is disabled on the recv communicator (comm=0xf398fe8b8000)
node1:64:74 [0] NCCL INFO NET/IB: ncclIbRecvCommInit: Receive work requests will be posted on-demand
node1:64:74 [0] NCCL INFO NET/IB: Subnet-aware routing: overriding dev 1 with dev 0
node1:64:74 [0] NCCL INFO NET/IB: Subnet-aware routing: overriding dev 3 with dev 2
node1:64:74 [0] NCCL INFO NET/IB: ncclIbResiliencyInit: Resiliency is disabled on the send communicator (comm=0xf398fe900000)
node1:64:74 [0] NCCL INFO NET/IB: Subnet-aware routing: overriding dev 1 with dev 0
node1:64:74 [0] NCCL INFO NET/IB: Subnet-aware routing: overriding dev 3 with dev 2
node1:64:74 [0] NCCL INFO NET/IB: ncclIbResiliencyInit: Resiliency is disabled on the recv communicator (comm=0xf398fe941000)
node1:64:74 [0] NCCL INFO NET/IB: ncclIbRecvCommInit: Receive work requests will be posted on-demand
node1:64:74 [0] NCCL INFO NET/IB: Subnet-aware routing: overriding dev 1 with dev 0
node1:64:74 [0] NCCL INFO NET/IB: Subnet-aware routing: overriding dev 3 with dev 2
node1:64:74 [0] NCCL INFO NET/IB: Subnet-aware routing: overriding dev 1 with dev 0
node1:64:74 [0] NCCL INFO NET/IB: ncclIbResiliencyInit: Resiliency is disabled on the send communicator (comm=0xf398fe989000)
node1:64:74 [0] NCCL INFO NET/IB: Subnet-aware routing: overriding dev 1 with dev 0
node1:64:74 [0] NCCL INFO NET/IB: Subnet-aware routing: overriding dev 3 with dev 2
node1:64:74 [0] NCCL INFO NET/IB: Subnet-aware routing: overriding dev 1 with dev 0
node1:64:74 [0] NCCL INFO NET/IB: ncclIbResiliencyInit: Resiliency is disabled on the recv communicator (comm=0xf398fe9ca000)
node1:64:74 [0] NCCL INFO NET/IB: ncclIbRecvCommInit: Receive work requests will be posted on-demand
node1:64:74 [0] NCCL INFO NET/IB: Subnet-aware routing: overriding dev 1 with dev 0
node1:64:74 [0] NCCL INFO NET/IB: Subnet-aware routing: overriding dev 3 with dev 2
node1:64:74 [0] NCCL INFO NET/IB: Subnet-aware routing: overriding dev 1 with dev 0
node1:64:74 [0] NCCL INFO NET/IB: ncclIbResiliencyInit: Resiliency is disabled on the send communicator (comm=0xf398fea12000)
node1:64:74 [0] NCCL INFO NET/IB: Subnet-aware routing: overriding dev 1 with dev 0
node1:64:74 [0] NCCL INFO NET/IB: Subnet-aware routing: overriding dev 3 with dev 2
node1:64:74 [0] NCCL INFO NET/IB: Subnet-aware routing: overriding dev 1 with dev 0
node1:64:74 [0] NCCL INFO NET/IB: ncclIbResiliencyInit: Resiliency is disabled on the recv communicator (comm=0xf398fea53000)
node1:64:74 [0] NCCL INFO NET/IB: ncclIbRecvCommInit: Receive work requests will be posted on-demand
node1:64:74 [0] NCCL INFO NET/IB: Subnet-aware routing: overriding dev 1 with dev 0
node1:64:74 [0] NCCL INFO NET/IB: Subnet-aware routing: overriding dev 3 with dev 2
node1:64:74 [0] NCCL INFO NET/IB: Subnet-aware routing: overriding dev 1 with dev 0
node1:64:74 [0] NCCL INFO NET/IB: Subnet-aware routing: overriding dev 3 with dev 2
node1:64:74 [0] NCCL INFO NET/IB: ncclIbResiliencyInit: Resiliency is disabled on the send communicator (comm=0xf398feaa1000)
node1:64:74 [0] NCCL INFO NET/IB: Subnet-aware routing: overriding dev 1 with dev 0
node1:64:74 [0] NCCL INFO NET/IB: ncclIbSenderQpsToRts: Set ECE: IbDev 0 Port 1 qp_num 12267 set_ece={supported=1, vendor_id=0x15b3, options=0x30000002, comp_mask=0x0}
node1:64:74 [0] NCCL INFO NET/IB: Subnet-aware routing: overriding dev 2 with dev 3
node1:64:74 [0] NCCL INFO NET/IB: ncclIbReceiverQpsCreateToRts: QP created: port=1 dev=3 devName=roceP2p1s0f1 ndevs=4 nmdevs=4 qp_num=2700 pkey=0 pd=0xf398fc5dee10 oooRq=0
node1:64:74 [0] NCCL INFO NET/IB: ncclIbReceiverQpsCreateToRts: Flush QP created: port=1 dev=3 devName=roceP2p1s0f1 ndevs=4 nmdevs=4 qp_num=2701 pkey=0 pd=0xf398fc5dee10
node1:64:74 [0] NCCL INFO NET/IB: Subnet-aware routing: overriding dev 3 with dev 2
node1:64:74 [0] NCCL INFO NET/IB: ncclIbReceiverQpsCreateToRts: QP created: port=1 dev=3 devName=roceP2p1s0f1 ndevs=4 nmdevs=4 qp_num=2702 pkey=0 pd=0xf398fc5dee10 oooRq=0
node1:64:74 [0] NCCL INFO NET/IB: ncclIbReceiverQpsCreateToRts: Flush QP created: port=1 dev=3 devName=roceP2p1s0f1 ndevs=4 nmdevs=4 qp_num=2703 pkey=0 pd=0xf398fc5dee10
node1:64:74 [0] NCCL INFO NET/IB: Subnet-aware routing: overriding dev 1 with dev 0
node1:64:74 [0] NCCL INFO NET/IB: ncclIbSenderQpsCreate: QP created: port=1 dev=0 devName=rocep1s0f0 ndevs=4 nmdevs=4 qp_num=12268 pkey=0 pd=0xf398fc07ded0 oooRq=0
node1:64:74 [0] NCCL INFO NET/IB: ncclIbConnectImpl: NCCL Dev 0 IbDev 0 Port 1 qp_num 12268 mtu 5 GID 6 (0/166A8C0FFFF0000) ctsFifoRkey=0x1606c3 ctsFifoLkey=0x1606c3
node1:64:74 [0] NCCL INFO NET/IB: ncclIbConnectImpl: IbDev 0 Port 1 qp_num 12268 query_ece={supported=1, vendor_id=0x15b3, options=0x30000002, comp_mask=0x0}
node1:64:74 [0] NCCL INFO NET/IB: ncclIbSenderQpsCreate: QP created: port=1 dev=2 devName=roceP2p1s0f0 ndevs=4 nmdevs=4 qp_num=1930 pkey=0 pd=0xf398fc07d520 oooRq=0
node1:64:74 [0] NCCL INFO NET/IB: ncclIbConnectImpl: NCCL Dev 2 IbDev 2 Port 1 qp_num 1930 mtu 5 GID 3 (0/170A8C0FFFF0000) ctsFifoRkey=0x199794 ctsFifoLkey=0x199794
node1:64:74 [0] NCCL INFO NET/IB: ncclIbConnectImpl: IbDev 2 Port 1 qp_num 1930 query_ece={supported=1, vendor_id=0x15b3, options=0x30000002, comp_mask=0x0}
node1:64:74 [0] NCCL INFO NET/IB: Subnet-aware routing: overriding dev 3 with dev 2
node1:64:74 [0] NCCL INFO NET/IB: ncclIbResiliencyInit: Resiliency is disabled on the recv communicator (comm=0xf398febeb000)
node1:64:74 [0] NCCL INFO NET/IB: ncclIbRecvCommInit: Receive work requests will be posted on-demand
node1:64:74 [0] NCCL INFO NET/IB: Subnet-aware routing: overriding dev 3 with dev 2
node1:64:74 [0] NCCL INFO NET/IB: ncclIbSenderQpsCreate: QP created: port=1 dev=2 devName=roceP2p1s0f0 ndevs=4 nmdevs=4 qp_num=1931 pkey=0 pd=0xf398fc07d520 oooRq=0
node1:64:74 [0] NCCL INFO NET/IB: ncclIbConnectImpl: NCCL Dev 2 IbDev 2 Port 1 qp_num 1931 mtu 5 GID 3 (0/170A8C0FFFF0000) ctsFifoRkey=0x18e1da ctsFifoLkey=0x18e1da
node1:64:74 [0] NCCL INFO NET/IB: ncclIbConnectImpl: IbDev 2 Port 1 qp_num 1931 query_ece={supported=1, vendor_id=0x15b3, options=0x30000002, comp_mask=0x0}
node1:64:74 [0] NCCL INFO NET/IB: ncclIbSenderQpsCreate: QP created: port=1 dev=0 devName=rocep1s0f0 ndevs=4 nmdevs=4 qp_num=12269 pkey=0 pd=0xf398fc07ded0 oooRq=0
node1:64:74 [0] NCCL INFO NET/IB: ncclIbConnectImpl: NCCL Dev 0 IbDev 0 Port 1 qp_num 12269 mtu 5 GID 6 (0/166A8C0FFFF0000) ctsFifoRkey=0x179852 ctsFifoLkey=0x179852
node1:64:74 [0] NCCL INFO NET/IB: ncclIbConnectImpl: IbDev 0 Port 1 qp_num 12269 query_ece={supported=1, vendor_id=0x15b3, options=0x30000002, comp_mask=0x0}
node1:64:74 [0] NCCL INFO NET/IB: Subnet-aware routing: overriding dev 0 with dev 1
node1:64:74 [0] NCCL INFO NET/IB: ncclIbReceiverQpsCreateToRts: QP created: port=1 dev=1 devName=rocep1s0f1 ndevs=4 nmdevs=4 qp_num=15626 pkey=0 pd=0xf398fc231350 oooRq=0
node1:64:74 [0] NCCL INFO NET/IB: ncclIbReceiverQpsCreateToRts: Flush QP created: port=1 dev=1 devName=rocep1s0f1 ndevs=4 nmdevs=4 qp_num=15627 pkey=0 pd=0xf398fc231350
node1:64:74 [0] NCCL INFO NET/IB: Subnet-aware routing: overriding dev 1 with dev 0
node1:64:74 [0] NCCL INFO NET/IB: ncclIbSenderQpsToRts: Set ECE: IbDev 0 Port 1 qp_num 12268 set_ece={supported=1, vendor_id=0x15b3, options=0x30000002, comp_mask=0x0}
node1:64:74 [0] NCCL INFO NET/IB: ncclIbReceiverQpsCreateToRts: QP created: port=1 dev=1 devName=rocep1s0f1 ndevs=4 nmdevs=4 qp_num=15628 pkey=0 pd=0xf398fc231350 oooRq=0
node1:64:74 [0] NCCL INFO NET/IB: ncclIbReceiverQpsCreateToRts: Flush QP created: port=1 dev=1 devName=rocep1s0f1 ndevs=4 nmdevs=4 qp_num=15629 pkey=0 pd=0xf398fc231350
node1:64:74 [0] NCCL INFO NET/IB: ncclIbSenderQpsToRts: Set ECE: IbDev 2 Port 1 qp_num 1930 set_ece={supported=1, vendor_id=0x15b3, options=0x30000002, comp_mask=0x0}
node1:64:74 [0] NCCL INFO NET/IB: Subnet-aware routing: overriding dev 2 with dev 3
node1:64:74 [0] NCCL INFO NET/IB: ncclIbReceiverQpsCreateToRts: QP created: port=1 dev=3 devName=roceP2p1s0f1 ndevs=4 nmdevs=4 qp_num=2704 pkey=0 pd=0xf398fc5dee10 oooRq=0
node1:64:74 [0] NCCL INFO NET/IB: ncclIbReceiverQpsCreateToRts: Flush QP created: port=1 dev=3 devName=roceP2p1s0f1 ndevs=4 nmdevs=4 qp_num=2705 pkey=0 pd=0xf398fc5dee10
node1:64:74 [0] NCCL INFO NET/IB: Subnet-aware routing: overriding dev 3 with dev 2
node1:64:74 [0] NCCL INFO NET/IB: ncclIbSenderQpsCreate: QP created: port=1 dev=2 devName=roceP2p1s0f0 ndevs=4 nmdevs=4 qp_num=1932 pkey=0 pd=0xf398fc07d520 oooRq=0
node1:64:74 [0] NCCL INFO NET/IB: ncclIbConnectImpl: NCCL Dev 2 IbDev 2 Port 1 qp_num 1932 mtu 5 GID 3 (0/170A8C0FFFF0000) ctsFifoRkey=0x18958f ctsFifoLkey=0x18958f
node1:64:74 [0] NCCL INFO NET/IB: ncclIbConnectImpl: IbDev 2 Port 1 qp_num 1932 query_ece={supported=1, vendor_id=0x15b3, options=0x30000002, comp_mask=0x0}
node1:64:74 [0] NCCL INFO NET/IB: ncclIbReceiverQpsCreateToRts: QP created: port=1 dev=3 devName=roceP2p1s0f1 ndevs=4 nmdevs=4 qp_num=2706 pkey=0 pd=0xf398fc5dee10 oooRq=0
node1:64:74 [0] NCCL INFO NET/IB: ncclIbReceiverQpsCreateToRts: Flush QP created: port=1 dev=3 devName=roceP2p1s0f1 ndevs=4 nmdevs=4 qp_num=2707 pkey=0 pd=0xf398fc5dee10
node1:64:74 [0] NCCL INFO NET/IB: ncclIbResiliencyInit: Resiliency is disabled on the send communicator (comm=0xf398fee07000)
node1:64:74 [0] NCCL INFO NET/IB: ncclIbSenderQpsCreate: QP created: port=1 dev=2 devName=roceP2p1s0f0 ndevs=4 nmdevs=4 qp_num=1933 pkey=0 pd=0xf398fc07d520 oooRq=0
node1:64:74 [0] NCCL INFO NET/IB: ncclIbConnectImpl: NCCL Dev 2 IbDev 2 Port 1 qp_num 1933 mtu 5 GID 3 (0/170A8C0FFFF0000) ctsFifoRkey=0x18c4c2 ctsFifoLkey=0x18c4c2
node1:64:74 [0] NCCL INFO NET/IB: ncclIbConnectImpl: IbDev 2 Port 1 qp_num 1933 query_ece={supported=1, vendor_id=0x15b3, options=0x30000002, comp_mask=0x0}
node1:64:74 [0] NCCL INFO NET/IB: Subnet-aware routing: overriding dev 3 with dev 2
node1:64:74 [0] NCCL INFO NET/IB: ncclIbSenderQpsToRts: Set ECE: IbDev 2 Port 1 qp_num 1931 set_ece={supported=1, vendor_id=0x15b3, options=0x30000002, comp_mask=0x0}
node1:64:74 [0] NCCL INFO NET/IB: ncclIbSenderQpsToRts: Set ECE: IbDev 0 Port 1 qp_num 12269 set_ece={supported=1, vendor_id=0x15b3, options=0x30000002, comp_mask=0x0}
node1:64:74 [0] NCCL INFO NET/IB: Subnet-aware routing: overriding dev 3 with dev 2
node1:64:74 [0] NCCL INFO NET/IB: ncclIbResiliencyInit: Resiliency is disabled on the recv communicator (comm=0xf398fee78000)
node1:64:74 [0] NCCL INFO NET/IB: ncclIbRecvCommInit: Receive work requests will be posted on-demand
node1:64:74 [0] NCCL INFO NET/IB: Subnet-aware routing: overriding dev 3 with dev 2
node1:64:74 [0] NCCL INFO NET/IB: Subnet-aware routing: overriding dev 1 with dev 0
node1:64:74 [0] NCCL INFO NET/IB: ncclIbResiliencyInit: Resiliency is disabled on the send communicator (comm=0xf398feebd000)
node1:64:74 [0] NCCL INFO NET/IB: Subnet-aware routing: overriding dev 3 with dev 2
node1:64:74 [0] NCCL INFO NET/IB: Subnet-aware routing: overriding dev 1 with dev 0
node1:64:74 [0] NCCL INFO NET/IB: ncclIbResiliencyInit: Resiliency is disabled on the recv communicator (comm=0xf398feefe000)
node1:64:74 [0] NCCL INFO NET/IB: ncclIbRecvCommInit: Receive work requests will be posted on-demand
node1:64:74 [0] NCCL INFO NET/IB: Subnet-aware routing: overriding dev 3 with dev 2
node1:64:74 [0] NCCL INFO NET/IB: Subnet-aware routing: overriding dev 1 with dev 0
node1:64:74 [0] NCCL INFO NET/IB: ncclIbResiliencyInit: Resiliency is disabled on the send communicator (comm=0xf398fef46000)
node1:64:74 [0] NCCL INFO NET/IB: Subnet-aware routing: overriding dev 3 with dev 2
node1:64:74 [0] NCCL INFO NET/IB: Subnet-aware routing: overriding dev 1 with dev 0
node1:64:74 [0] NCCL INFO NET/IB: ncclIbResiliencyInit: Resiliency is disabled on the recv communicator (comm=0xf398fef87000)
node1:64:74 [0] NCCL INFO NET/IB: ncclIbRecvCommInit: Receive work requests will be posted on-demand
node1:64:74 [0] NCCL INFO NET/IB: Subnet-aware routing: overriding dev 3 with dev 2
node1:64:74 [0] NCCL INFO NET/IB: Subnet-aware routing: overriding dev 1 with dev 0
node1:64:74 [0] NCCL INFO NET/IB: Subnet-aware routing: overriding dev 3 with dev 2
node1:64:74 [0] NCCL INFO NET/IB: ncclIbResiliencyInit: Resiliency is disabled on the send communicator (comm=0xf398fefcf000)
node1:64:74 [0] NCCL INFO NET/IB: Subnet-aware routing: overriding dev 3 with dev 2
node1:64:74 [0] NCCL INFO NET/IB: Subnet-aware routing: overriding dev 1 with dev 0
node1:64:74 [0] NCCL INFO NET/IB: Subnet-aware routing: overriding dev 3 with dev 2
node1:64:74 [0] NCCL INFO NET/IB: ncclIbResiliencyInit: Resiliency is disabled on the recv communicator (comm=0xf398ff010000)
node1:64:74 [0] NCCL INFO NET/IB: ncclIbRecvCommInit: Receive work requests will be posted on-demand
node1:64:74 [0] NCCL INFO NET/IB: Subnet-aware routing: overriding dev 3 with dev 2
node1:64:74 [0] NCCL INFO NET/IB: Subnet-aware routing: overriding dev 1 with dev 0
node1:64:74 [0] NCCL INFO NET/IB: Subnet-aware routing: overriding dev 3 with dev 2
node1:64:74 [0] NCCL INFO NET/IB: ncclIbResiliencyInit: Resiliency is disabled on the send communicator (comm=0xf398ff061000)
node1:64:74 [0] NCCL INFO NET/IB: ncclIbSenderQpsToRts: Set ECE: IbDev 2 Port 1 qp_num 1933 set_ece={supported=1, vendor_id=0x15b3, options=0x30000002, comp_mask=0x0}
node1:64:74 [0] NCCL INFO NET/IB: Subnet-aware routing: overriding dev 3 with dev 2
node1:64:74 [0] NCCL INFO NET/IB: ncclIbSenderQpsToRts: Set ECE: IbDev 2 Port 1 qp_num 1932 set_ece={supported=1, vendor_id=0x15b3, options=0x30000002, comp_mask=0x0}
node1:64:74 [0] NCCL INFO NET/IB: ncclIbSenderQpsCreate: QP created: port=1 dev=0 devName=rocep1s0f0 ndevs=4 nmdevs=4 qp_num=12270 pkey=0 pd=0xf398fc07ded0 oooRq=0
node1:64:74 [0] NCCL INFO NET/IB: ncclIbConnectImpl: NCCL Dev 0 IbDev 0 Port 1 qp_num 12270 mtu 5 GID 6 (0/166A8C0FFFF0000) ctsFifoRkey=0x163dfb ctsFifoLkey=0x163dfb
node1:64:74 [0] NCCL INFO NET/IB: ncclIbConnectImpl: IbDev 0 Port 1 qp_num 12270 query_ece={supported=1, vendor_id=0x15b3, options=0x30000002, comp_mask=0x0}
node1:64:74 [0] NCCL INFO NET/IB: Subnet-aware routing: overriding dev 0 with dev 1
node1:64:74 [0] NCCL INFO NET/IB: ncclIbReceiverQpsCreateToRts: QP created: port=1 dev=1 devName=rocep1s0f1 ndevs=4 nmdevs=4 qp_num=15630 pkey=0 pd=0xf398fc231350 oooRq=0
node1:64:74 [0] NCCL INFO NET/IB: ncclIbReceiverQpsCreateToRts: Flush QP created: port=1 dev=1 devName=rocep1s0f1 ndevs=4 nmdevs=4 qp_num=15631 pkey=0 pd=0xf398fc231350
node1:64:74 [0] NCCL INFO NET/IB: Subnet-aware routing: overriding dev 1 with dev 0
node1:64:74 [0] NCCL INFO NET/IB: ncclIbSenderQpsCreate: QP created: port=1 dev=0 devName=rocep1s0f0 ndevs=4 nmdevs=4 qp_num=12271 pkey=0 pd=0xf398fc07ded0 oooRq=0
node1:64:74 [0] NCCL INFO NET/IB: ncclIbConnectImpl: NCCL Dev 0 IbDev 0 Port 1 qp_num 12271 mtu 5 GID 6 (0/166A8C0FFFF0000) ctsFifoRkey=0x16c96f ctsFifoLkey=0x16c96f
node1:64:74 [0] NCCL INFO NET/IB: ncclIbConnectImpl: IbDev 0 Port 1 qp_num 12271 query_ece={supported=1, vendor_id=0x15b3, options=0x30000002, comp_mask=0x0}
node1:64:74 [0] NCCL INFO NET/IB: ncclIbSenderQpsCreate: QP created: port=1 dev=2 devName=roceP2p1s0f0 ndevs=4 nmdevs=4 qp_num=1934 pkey=0 pd=0xf398fc07d520 oooRq=0
node1:64:74 [0] NCCL INFO NET/IB: ncclIbConnectImpl: NCCL Dev 2 IbDev 2 Port 1 qp_num 1934 mtu 5 GID 3 (0/170A8C0FFFF0000) ctsFifoRkey=0x199e9b ctsFifoLkey=0x199e9b
node1:64:74 [0] NCCL INFO NET/IB: ncclIbConnectImpl: IbDev 2 Port 1 qp_num 1934 query_ece={supported=1, vendor_id=0x15b3, options=0x30000002, comp_mask=0x0}
node1:64:74 [0] NCCL INFO NET/IB: Subnet-aware routing: overriding dev 3 with dev 2
node1:64:74 [0] NCCL INFO NET/IB: ncclIbSenderQpsCreate: QP created: port=1 dev=2 devName=roceP2p1s0f0 ndevs=4 nmdevs=4 qp_num=1935 pkey=0 pd=0xf398fc07d520 oooRq=0
node1:64:74 [0] NCCL INFO NET/IB: ncclIbConnectImpl: NCCL Dev 2 IbDev 2 Port 1 qp_num 1935 mtu 5 GID 3 (0/170A8C0FFFF0000) ctsFifoRkey=0x18acaa ctsFifoLkey=0x18acaa
node1:64:74 [0] NCCL INFO NET/IB: ncclIbConnectImpl: IbDev 2 Port 1 qp_num 1935 query_ece={supported=1, vendor_id=0x15b3, options=0x30000002, comp_mask=0x0}
node1:64:74 [0] NCCL INFO NET/IB: ncclIbResiliencyInit: Resiliency is disabled on the recv communicator (comm=0xf398ff1b4000)
node1:64:74 [0] NCCL INFO NET/IB: ncclIbRecvCommInit: Receive work requests will be posted on-demand
node1:64:74 [0] NCCL INFO NET/IB: ncclIbSenderQpsToRts: Set ECE: IbDev 0 Port 1 qp_num 12270 set_ece={supported=1, vendor_id=0x15b3, options=0x30000002, comp_mask=0x0}
node1:64:74 [0] NCCL INFO NET/IB: Subnet-aware routing: overriding dev 1 with dev 0
node1:64:74 [0] NCCL INFO NET/IB: ncclIbSenderQpsToRts: Set ECE: IbDev 0 Port 1 qp_num 12271 set_ece={supported=1, vendor_id=0x15b3, options=0x30000002, comp_mask=0x0}
node1:64:74 [0] NCCL INFO NET/IB: ncclIbReceiverQpsCreateToRts: QP created: port=1 dev=1 devName=rocep1s0f1 ndevs=4 nmdevs=4 qp_num=15632 pkey=0 pd=0xf398fc231350 oooRq=0
node1:64:74 [0] NCCL INFO NET/IB: ncclIbReceiverQpsCreateToRts: Flush QP created: port=1 dev=1 devName=rocep1s0f1 ndevs=4 nmdevs=4 qp_num=15633 pkey=0 pd=0xf398fc231350
node1:64:74 [0] NCCL INFO NET/IB: ncclIbSenderQpsToRts: Set ECE: IbDev 2 Port 1 qp_num 1934 set_ece={supported=1, vendor_id=0x15b3, options=0x30000002, comp_mask=0x0}
node1:64:74 [0] NCCL INFO NET/IB: Subnet-aware routing: overriding dev 2 with dev 3
node1:64:74 [0] NCCL INFO NET/IB: ncclIbReceiverQpsCreateToRts: QP created: port=1 dev=3 devName=roceP2p1s0f1 ndevs=4 nmdevs=4 qp_num=2708 pkey=0 pd=0xf398fc5dee10 oooRq=0
node1:64:74 [0] NCCL INFO NET/IB: ncclIbReceiverQpsCreateToRts: Flush QP created: port=1 dev=3 devName=roceP2p1s0f1 ndevs=4 nmdevs=4 qp_num=2709 pkey=0 pd=0xf398fc5dee10
node1:64:74 [0] NCCL INFO NET/IB: Subnet-aware routing: overriding dev 3 with dev 2
node1:64:74 [0] NCCL INFO NET/IB: ncclIbSenderQpsToRts: Set ECE: IbDev 2 Port 1 qp_num 1935 set_ece={supported=1, vendor_id=0x15b3, options=0x30000002, comp_mask=0x0}
node1:64:74 [0] NCCL INFO NET/IB: ncclIbReceiverQpsCreateToRts: QP created: port=1 dev=3 devName=roceP2p1s0f1 ndevs=4 nmdevs=4 qp_num=2710 pkey=0 pd=0xf398fc5dee10 oooRq=0
node1:64:74 [0] NCCL INFO NET/IB: ncclIbReceiverQpsCreateToRts: Flush QP created: port=1 dev=3 devName=roceP2p1s0f1 ndevs=4 nmdevs=4 qp_num=2711 pkey=0 pd=0xf398fc5dee10
node1:64:74 [0] NCCL INFO NET/IB: ncclIbSenderQpsCreate: QP created: port=1 dev=0 devName=rocep1s0f0 ndevs=4 nmdevs=4 qp_num=12272 pkey=0 pd=0xf398fc07ded0 oooRq=0
node1:64:74 [0] NCCL INFO NET/IB: ncclIbConnectImpl: NCCL Dev 0 IbDev 0 Port 1 qp_num 12272 mtu 5 GID 6 (0/166A8C0FFFF0000) ctsFifoRkey=0x161fdb ctsFifoLkey=0x161fdb
node1:64:74 [0] NCCL INFO NET/IB: ncclIbConnectImpl: IbDev 0 Port 1 qp_num 12272 query_ece={supported=1, vendor_id=0x15b3, options=0x30000002, comp_mask=0x0}
node1:64:74 [0] NCCL INFO NET/IB: Subnet-aware routing: overriding dev 0 with dev 1
node1:64:74 [0] NCCL INFO NET/IB: ncclIbReceiverQpsCreateToRts: QP created: port=1 dev=1 devName=rocep1s0f1 ndevs=4 nmdevs=4 qp_num=15634 pkey=0 pd=0xf398fc231350 oooRq=0
node1:64:74 [0] NCCL INFO NET/IB: ncclIbReceiverQpsCreateToRts: Flush QP created: port=1 dev=1 devName=rocep1s0f1 ndevs=4 nmdevs=4 qp_num=15635 pkey=0 pd=0xf398fc231350
node1:64:74 [0] NCCL INFO NET/IB: Subnet-aware routing: overriding dev 1 with dev 0
node1:64:74 [0] NCCL INFO NET/IB: ncclIbResiliencyInit: Resiliency is disabled on the send communicator (comm=0xf398ff366000)
node1:64:74 [0] NCCL INFO NET/IB: Subnet-aware routing: overriding dev 1 with dev 0
node1:64:74 [0] NCCL INFO NET/IB: ncclIbResiliencyInit: Resiliency is disabled on the recv communicator (comm=0xf398ff3a7000)
node1:64:74 [0] NCCL INFO NET/IB: ncclIbRecvCommInit: Receive work requests will be posted on-demand
node1:64:74 [0] NCCL INFO NET/IB: Subnet-aware routing: overriding dev 1 with dev 0
node1:64:74 [0] NCCL INFO NET/IB: ncclIbResiliencyInit: Resiliency is disabled on the send communicator (comm=0xf398ff3ef000)
node1:64:74 [0] NCCL INFO NET/IB: Subnet-aware routing: overriding dev 1 with dev 0
node1:64:74 [0] NCCL INFO NET/IB: ncclIbResiliencyInit: Resiliency is disabled on the recv communicator (comm=0xf398ff430000)
node1:64:74 [0] NCCL INFO NET/IB: ncclIbRecvCommInit: Receive work requests will be posted on-demand
node1:64:74 [0] NCCL INFO NET/IB: Subnet-aware routing: overriding dev 1 with dev 0
node1:64:74 [0] NCCL INFO NET/IB: Subnet-aware routing: overriding dev 3 with dev 2
node1:64:74 [0] NCCL INFO NET/IB: ncclIbResiliencyInit: Resiliency is disabled on the send communicator (comm=0xf398ff478000)
node1:64:74 [0] NCCL INFO NET/IB: Subnet-aware routing: overriding dev 1 with dev 0
node1:64:74 [0] NCCL INFO NET/IB: Subnet-aware routing: overriding dev 3 with dev 2
node1:64:74 [0] NCCL INFO NET/IB: ncclIbResiliencyInit: Resiliency is disabled on the recv communicator (comm=0xf398ff4b9000)
node1:64:74 [0] NCCL INFO NET/IB: ncclIbRecvCommInit: Receive work requests will be posted on-demand
node1:64:74 [0] NCCL INFO NET/IB: Subnet-aware routing: overriding dev 1 with dev 0
node1:64:74 [0] NCCL INFO NET/IB: Subnet-aware routing: overriding dev 3 with dev 2
node1:64:74 [0] NCCL INFO NET/IB: ncclIbResiliencyInit: Resiliency is disabled on the send communicator (comm=0xf398ff501000)
node1:64:74 [0] NCCL INFO NET/IB: Subnet-aware routing: overriding dev 1 with dev 0
node1:64:74 [0] NCCL INFO NET/IB: Subnet-aware routing: overriding dev 3 with dev 2
node1:64:74 [0] NCCL INFO NET/IB: ncclIbResiliencyInit: Resiliency is disabled on the recv communicator (comm=0xf398ff542000)
node1:64:74 [0] NCCL INFO NET/IB: ncclIbRecvCommInit: Receive work requests will be posted on-demand
node1:64:74 [0] NCCL INFO NET/IB: Subnet-aware routing: overriding dev 1 with dev 0
node1:64:74 [0] NCCL INFO NET/IB: Subnet-aware routing: overriding dev 3 with dev 2
node1:64:74 [0] NCCL INFO NET/IB: Subnet-aware routing: overriding dev 1 with dev 0
node1:64:74 [0] NCCL INFO NET/IB: ncclIbResiliencyInit: Resiliency is disabled on the send communicator (comm=0xf398ff58a000)
node1:64:74 [0] NCCL INFO NET/IB: Subnet-aware routing: overriding dev 1 with dev 0
node1:64:74 [0] NCCL INFO NET/IB: Subnet-aware routing: overriding dev 3 with dev 2
node1:64:74 [0] NCCL INFO NET/IB: Subnet-aware routing: overriding dev 1 with dev 0
node1:64:74 [0] NCCL INFO NET/IB: ncclIbResiliencyInit: Resiliency is disabled on the recv communicator (comm=0xf398ff5cb000)
node1:64:74 [0] NCCL INFO NET/IB: ncclIbRecvCommInit: Receive work requests will be posted on-demand
node1:64:74 [0] NCCL INFO NET/IB: Subnet-aware routing: overriding dev 1 with dev 0
node1:64:74 [0] NCCL INFO NET/IB: Subnet-aware routing: overriding dev 3 with dev 2
node1:64:74 [0] NCCL INFO NET/IB: Subnet-aware routing: overriding dev 1 with dev 0
node1:64:74 [0] NCCL INFO NET/IB: ncclIbResiliencyInit: Resiliency is disabled on the send communicator (comm=0xf398ff613000)
node1:64:74 [0] NCCL INFO NET/IB: Subnet-aware routing: overriding dev 1 with dev 0
node1:64:74 [0] NCCL INFO NET/IB: Subnet-aware routing: overriding dev 3 with dev 2
node1:64:74 [0] NCCL INFO NET/IB: Subnet-aware routing: overriding dev 1 with dev 0
node1:64:74 [0] NCCL INFO NET/IB: ncclIbResiliencyInit: Resiliency is disabled on the recv communicator (comm=0xf398ff657000)
node1:64:74 [0] NCCL INFO NET/IB: ncclIbRecvCommInit: Receive work requests will be posted on-demand
node1:64:74 [0] NCCL INFO NET/IB: ncclIbSenderQpsToRts: Set ECE: IbDev 0 Port 1 qp_num 12272 set_ece={supported=1, vendor_id=0x15b3, options=0x30000002, comp_mask=0x0}
node1:64:74 [0] NCCL INFO NET/IB: Subnet-aware routing: overriding dev 1 with dev 0
node1:64:74 [0] NCCL INFO NET/IB: ncclIbSenderQpsCreate: QP created: port=1 dev=0 devName=rocep1s0f0 ndevs=4 nmdevs=4 qp_num=12273 pkey=0 pd=0xf398fc07ded0 oooRq=0
node1:64:74 [0] NCCL INFO NET/IB: ncclIbConnectImpl: NCCL Dev 0 IbDev 0 Port 1 qp_num 12273 mtu 5 GID 6 (0/166A8C0FFFF0000) ctsFifoRkey=0x176c2a ctsFifoLkey=0x176c2a
node1:64:74 [0] NCCL INFO NET/IB: ncclIbConnectImpl: IbDev 0 Port 1 qp_num 12273 query_ece={supported=1, vendor_id=0x15b3, options=0x30000002, comp_mask=0x0}
node1:64:74 [0] NCCL INFO NET/IB: ncclIbReceiverQpsCreateToRts: QP created: port=1 dev=1 devName=rocep1s0f1 ndevs=4 nmdevs=4 qp_num=15636 pkey=0 pd=0xf398fc231350 oooRq=0
node1:64:74 [0] NCCL INFO NET/IB: ncclIbReceiverQpsCreateToRts: Flush QP created: port=1 dev=1 devName=rocep1s0f1 ndevs=4 nmdevs=4 qp_num=15637 pkey=0 pd=0xf398fc231350
node1:64:74 [0] NCCL INFO NET/IB: Subnet-aware routing: overriding dev 2 with dev 3
node1:64:74 [0] NCCL INFO NET/IB: ncclIbReceiverQpsCreateToRts: QP created: port=1 dev=3 devName=roceP2p1s0f1 ndevs=4 nmdevs=4 qp_num=2712 pkey=0 pd=0xf398fc5dee10 oooRq=0
node1:64:74 [0] NCCL INFO NET/IB: ncclIbReceiverQpsCreateToRts: Flush QP created: port=1 dev=3 devName=roceP2p1s0f1 ndevs=4 nmdevs=4 qp_num=2713 pkey=0 pd=0xf398fc5dee10
node1:64:74 [0] NCCL INFO NET/IB: Subnet-aware routing: overriding dev 3 with dev 2
node1:64:74 [0] NCCL INFO NET/IB: ncclIbReceiverQpsCreateToRts: QP created: port=1 dev=3 devName=roceP2p1s0f1 ndevs=4 nmdevs=4 qp_num=2714 pkey=0 pd=0xf398fc5dee10 oooRq=0
node1:64:74 [0] NCCL INFO NET/IB: ncclIbReceiverQpsCreateToRts: Flush QP created: port=1 dev=3 devName=roceP2p1s0f1 ndevs=4 nmdevs=4 qp_num=2715 pkey=0 pd=0xf398fc5dee10
node1:64:74 [0] NCCL INFO NET/IB: Subnet-aware routing: overriding dev 0 with dev 1
node1:64:74 [0] NCCL INFO NET/IB: ncclIbReceiverQpsCreateToRts: QP created: port=1 dev=1 devName=rocep1s0f1 ndevs=4 nmdevs=4 qp_num=15638 pkey=0 pd=0xf398fc231350 oooRq=0
node1:64:74 [0] NCCL INFO NET/IB: ncclIbReceiverQpsCreateToRts: Flush QP created: port=1 dev=1 devName=rocep1s0f1 ndevs=4 nmdevs=4 qp_num=15639 pkey=0 pd=0xf398fc231350
node1:64:74 [0] NCCL INFO NET/IB: Subnet-aware routing: overriding dev 1 with dev 0
node1:64:74 [0] NCCL INFO NET/IB: ncclIbSenderQpsCreate: QP created: port=1 dev=2 devName=roceP2p1s0f0 ndevs=4 nmdevs=4 qp_num=1936 pkey=0 pd=0xf398fc07d520 oooRq=0
node1:64:74 [0] NCCL INFO NET/IB: ncclIbConnectImpl: NCCL Dev 2 IbDev 2 Port 1 qp_num 1936 mtu 5 GID 3 (0/170A8C0FFFF0000) ctsFifoRkey=0x18bbb6 ctsFifoLkey=0x18bbb6
node1:64:74 [0] NCCL INFO NET/IB: ncclIbConnectImpl: IbDev 2 Port 1 qp_num 1936 query_ece={supported=1, vendor_id=0x15b3, options=0x30000002, comp_mask=0x0}
node1:64:74 [0] NCCL INFO NET/IB: Subnet-aware routing: overriding dev 3 with dev 2
node1:64:74 [0] NCCL INFO NET/IB: ncclIbResiliencyInit: Resiliency is disabled on the send communicator (comm=0xf398ff846000)
node1:64:74 [0] NCCL INFO NET/IB: Subnet-aware routing: overriding dev 1 with dev 0
node1:64:74 [0] NCCL INFO NET/IB: ncclIbSenderQpsToRts: Set ECE: IbDev 0 Port 1 qp_num 12273 set_ece={supported=1, vendor_id=0x15b3, options=0x30000002, comp_mask=0x0}
node1:64:74 [0] NCCL INFO NET/IB: ncclIbSenderQpsCreate: QP created: port=1 dev=2 devName=roceP2p1s0f0 ndevs=4 nmdevs=4 qp_num=1937 pkey=0 pd=0xf398fc07d520 oooRq=0
node1:64:74 [0] NCCL INFO NET/IB: ncclIbConnectImpl: NCCL Dev 2 IbDev 2 Port 1 qp_num 1937 mtu 5 GID 3 (0/170A8C0FFFF0000) ctsFifoRkey=0x18d1ce ctsFifoLkey=0x18d1ce
node1:64:74 [0] NCCL INFO NET/IB: ncclIbConnectImpl: IbDev 2 Port 1 qp_num 1937 query_ece={supported=1, vendor_id=0x15b3, options=0x30000002, comp_mask=0x0}
node1:64:74 [0] NCCL INFO NET/IB: Subnet-aware routing: overriding dev 3 with dev 2
node1:64:74 [0] NCCL INFO NET/IB: ncclIbSenderQpsCreate: QP created: port=1 dev=2 devName=roceP2p1s0f0 ndevs=4 nmdevs=4 qp_num=1938 pkey=0 pd=0xf398fc07d520 oooRq=0
node1:64:74 [0] NCCL INFO NET/IB: ncclIbConnectImpl: NCCL Dev 2 IbDev 2 Port 1 qp_num 1938 mtu 5 GID 3 (0/170A8C0FFFF0000) ctsFifoRkey=0x1cae97 ctsFifoLkey=0x1cae97
node1:64:74 [0] NCCL INFO NET/IB: ncclIbConnectImpl: IbDev 2 Port 1 qp_num 1938 query_ece={supported=1, vendor_id=0x15b3, options=0x30000002, comp_mask=0x0}
node1:64:74 [0] NCCL INFO NET/IB: ncclIbSenderQpsCreate: QP created: port=1 dev=0 devName=rocep1s0f0 ndevs=4 nmdevs=4 qp_num=12274 pkey=0 pd=0xf398fc07ded0 oooRq=0
node1:64:74 [0] NCCL INFO NET/IB: ncclIbConnectImpl: NCCL Dev 0 IbDev 0 Port 1 qp_num 12274 mtu 5 GID 6 (0/166A8C0FFFF0000) ctsFifoRkey=0x157434 ctsFifoLkey=0x157434
node1:64:74 [0] NCCL INFO NET/IB: ncclIbConnectImpl: IbDev 0 Port 1 qp_num 12274 query_ece={supported=1, vendor_id=0x15b3, options=0x30000002, comp_mask=0x0}
node1:64:74 [0] NCCL INFO NET/IB: Subnet-aware routing: overriding dev 1 with dev 0
node1:64:74 [0] NCCL INFO NET/IB: ncclIbSenderQpsCreate: QP created: port=1 dev=0 devName=rocep1s0f0 ndevs=4 nmdevs=4 qp_num=12275 pkey=0 pd=0xf398fc07ded0 oooRq=0
node1:64:74 [0] NCCL INFO NET/IB: ncclIbConnectImpl: NCCL Dev 0 IbDev 0 Port 1 qp_num 12275 mtu 5 GID 6 (0/166A8C0FFFF0000) ctsFifoRkey=0x1808c1 ctsFifoLkey=0x1808c1
node1:64:74 [0] NCCL INFO NET/IB: ncclIbConnectImpl: IbDev 0 Port 1 qp_num 12275 query_ece={supported=1, vendor_id=0x15b3, options=0x30000002, comp_mask=0x0}
node1:64:74 [0] NCCL INFO NET/IB: ncclIbReceiverQpsCreateToRts: QP created: port=1 dev=1 devName=rocep1s0f1 ndevs=4 nmdevs=4 qp_num=15640 pkey=0 pd=0xf398fc231350 oooRq=0
node1:64:74 [0] NCCL INFO NET/IB: ncclIbReceiverQpsCreateToRts: Flush QP created: port=1 dev=1 devName=rocep1s0f1 ndevs=4 nmdevs=4 qp_num=15641 pkey=0 pd=0xf398fc231350
node1:64:74 [0] NCCL INFO NET/IB: ncclIbSenderQpsToRts: Set ECE: IbDev 2 Port 1 qp_num 1936 set_ece={supported=1, vendor_id=0x15b3, options=0x30000002, comp_mask=0x0}
node1:64:74 [0] NCCL INFO NET/IB: Subnet-aware routing: overriding dev 2 with dev 3
node1:64:74 [0] NCCL INFO NET/IB: ncclIbReceiverQpsCreateToRts: QP created: port=1 dev=3 devName=roceP2p1s0f1 ndevs=4 nmdevs=4 qp_num=2716 pkey=0 pd=0xf398fc5dee10 oooRq=0
node1:64:74 [0] NCCL INFO NET/IB: ncclIbReceiverQpsCreateToRts: Flush QP created: port=1 dev=3 devName=roceP2p1s0f1 ndevs=4 nmdevs=4 qp_num=2717 pkey=0 pd=0xf398fc5dee10
node1:64:74 [0] NCCL INFO NET/IB: Subnet-aware routing: overriding dev 3 with dev 2
node1:64:74 [0] NCCL INFO NET/IB: ncclIbResiliencyInit: Resiliency is disabled on the recv communicator (comm=0xf398ff9e6000)
node1:64:74 [0] NCCL INFO NET/IB: ncclIbRecvCommInit: Receive work requests will be posted on-demand
node1:64:74 [0] NCCL INFO NET/IB: ncclIbSenderQpsToRts: Set ECE: IbDev 2 Port 1 qp_num 1937 set_ece={supported=1, vendor_id=0x15b3, options=0x30000002, comp_mask=0x0}
node1:64:74 [0] NCCL INFO NET/IB: Subnet-aware routing: overriding dev 3 with dev 2
node1:64:74 [0] NCCL INFO NET/IB: ncclIbSenderQpsToRts: Set ECE: IbDev 2 Port 1 qp_num 1938 set_ece={supported=1, vendor_id=0x15b3, options=0x30000002, comp_mask=0x0}
node1:64:74 [0] NCCL INFO NET/IB: ncclIbSenderQpsToRts: Set ECE: IbDev 0 Port 1 qp_num 12274 set_ece={supported=1, vendor_id=0x15b3, options=0x30000002, comp_mask=0x0}
node1:64:74 [0] NCCL INFO NET/IB: Subnet-aware routing: overriding dev 1 with dev 0
node1:64:74 [0] NCCL INFO NET/IB: ncclIbSenderQpsToRts: Set ECE: IbDev 0 Port 1 qp_num 12275 set_ece={supported=1, vendor_id=0x15b3, options=0x30000002, comp_mask=0x0}
node1:64:74 [0] NCCL INFO NET/IB: Subnet-aware routing: overriding dev 3 with dev 2
node1:64:74 [0] NCCL INFO NET/IB: ncclIbResiliencyInit: Resiliency is disabled on the send communicator (comm=0xf398ffa2e000)
node1:64:74 [0] NCCL INFO NET/IB: Subnet-aware routing: overriding dev 3 with dev 2
node1:64:74 [0] NCCL INFO NET/IB: ncclIbResiliencyInit: Resiliency is disabled on the recv communicator (comm=0xf398ffa6f000)
node1:64:74 [0] NCCL INFO NET/IB: ncclIbRecvCommInit: Receive work requests will be posted on-demand
node1:64:74 [0] NCCL INFO NET/IB: Subnet-aware routing: overriding dev 3 with dev 2
node1:64:74 [0] NCCL INFO NET/IB: Subnet-aware routing: overriding dev 1 with dev 0
node1:64:74 [0] NCCL INFO NET/IB: ncclIbResiliencyInit: Resiliency is disabled on the send communicator (comm=0xf398ffab4000)
node1:64:74 [0] NCCL INFO NET/IB: Subnet-aware routing: overriding dev 3 with dev 2
node1:64:74 [0] NCCL INFO NET/IB: Subnet-aware routing: overriding dev 1 with dev 0
node1:64:74 [0] NCCL INFO NET/IB: ncclIbResiliencyInit: Resiliency is disabled on the recv communicator (comm=0xf398ffaf5000)
node1:64:74 [0] NCCL INFO NET/IB: ncclIbRecvCommInit: Receive work requests will be posted on-demand
node1:64:74 [0] NCCL INFO NET/IB: Subnet-aware routing: overriding dev 3 with dev 2
node1:64:74 [0] NCCL INFO NET/IB: Subnet-aware routing: overriding dev 1 with dev 0
node1:64:74 [0] NCCL INFO NET/IB: ncclIbResiliencyInit: Resiliency is disabled on the send communicator (comm=0xf398ffb3a000)
node1:64:74 [0] NCCL INFO NET/IB: Subnet-aware routing: overriding dev 3 with dev 2
node1:64:74 [0] NCCL INFO NET/IB: Subnet-aware routing: overriding dev 1 with dev 0
node1:64:74 [0] NCCL INFO NET/IB: ncclIbResiliencyInit: Resiliency is disabled on the recv communicator (comm=0xf398ffb7b000)
node1:64:74 [0] NCCL INFO NET/IB: ncclIbRecvCommInit: Receive work requests will be posted on-demand
node1:64:74 [0] NCCL INFO NET/IB: Subnet-aware routing: overriding dev 3 with dev 2
node1:64:74 [0] NCCL INFO NET/IB: Subnet-aware routing: overriding dev 1 with dev 0
node1:64:74 [0] NCCL INFO NET/IB: Subnet-aware routing: overriding dev 3 with dev 2
node1:64:74 [0] NCCL INFO NET/IB: ncclIbResiliencyInit: Resiliency is disabled on the send communicator (comm=0xf398ffbc3000)
node1:64:74 [0] NCCL INFO NET/IB: Subnet-aware routing: overriding dev 3 with dev 2
node1:64:74 [0] NCCL INFO NET/IB: ncclIbSenderQpsCreate: QP created: port=1 dev=2 devName=roceP2p1s0f0 ndevs=4 nmdevs=4 qp_num=1939 pkey=0 pd=0xf398fc07d520 oooRq=0
node1:64:74 [0] NCCL INFO NET/IB: ncclIbConnectImpl: NCCL Dev 2 IbDev 2 Port 1 qp_num 1939 mtu 5 GID 3 (0/170A8C0FFFF0000) ctsFifoRkey=0x18e4de ctsFifoLkey=0x18e4de
node1:64:74 [0] NCCL INFO NET/IB: ncclIbConnectImpl: IbDev 2 Port 1 qp_num 1939 query_ece={supported=1, vendor_id=0x15b3, options=0x30000002, comp_mask=0x0}
node1:64:74 [0] NCCL INFO NET/IB: ncclIbReceiverQpsCreateToRts: QP created: port=1 dev=3 devName=roceP2p1s0f1 ndevs=4 nmdevs=4 qp_num=2718 pkey=0 pd=0xf398fc5dee10 oooRq=0
node1:64:74 [0] NCCL INFO NET/IB: ncclIbReceiverQpsCreateToRts: Flush QP created: port=1 dev=3 devName=roceP2p1s0f1 ndevs=4 nmdevs=4 qp_num=2719 pkey=0 pd=0xf398fc5dee10
node1:64:74 [0] NCCL INFO NET/IB: Subnet-aware routing: overriding dev 1 with dev 0
node1:64:74 [0] NCCL INFO NET/IB: Subnet-aware routing: overriding dev 3 with dev 2
node1:64:74 [0] NCCL INFO NET/IB: ncclIbResiliencyInit: Resiliency is disabled on the recv communicator (comm=0xf398ffc8d000)
node1:64:74 [0] NCCL INFO NET/IB: ncclIbRecvCommInit: Receive work requests will be posted on-demand
node1:64:74 [0] NCCL INFO NET/IB: Subnet-aware routing: overriding dev 3 with dev 2
node1:64:74 [0] NCCL INFO NET/IB: Subnet-aware routing: overriding dev 0 with dev 1
node1:64:74 [0] NCCL INFO NET/IB: ncclIbReceiverQpsCreateToRts: QP created: port=1 dev=1 devName=rocep1s0f1 ndevs=4 nmdevs=4 qp_num=15642 pkey=0 pd=0xf398fc231350 oooRq=0
node1:64:74 [0] NCCL INFO NET/IB: ncclIbReceiverQpsCreateToRts: Flush QP created: port=1 dev=1 devName=rocep1s0f1 ndevs=4 nmdevs=4 qp_num=15643 pkey=0 pd=0xf398fc231350
node1:64:74 [0] NCCL INFO NET/IB: Subnet-aware routing: overriding dev 1 with dev 0
node1:64:74 [0] NCCL INFO NET/IB: ncclIbReceiverQpsCreateToRts: QP created: port=1 dev=1 devName=rocep1s0f1 ndevs=4 nmdevs=4 qp_num=15644 pkey=0 pd=0xf398fc231350 oooRq=0
node1:64:74 [0] NCCL INFO NET/IB: ncclIbReceiverQpsCreateToRts: Flush QP created: port=1 dev=1 devName=rocep1s0f1 ndevs=4 nmdevs=4 qp_num=15645 pkey=0 pd=0xf398fc231350
node1:64:74 [0] NCCL INFO NET/IB: Subnet-aware routing: overriding dev 2 with dev 3
node1:64:74 [0] NCCL INFO NET/IB: ncclIbReceiverQpsCreateToRts: QP created: port=1 dev=3 devName=roceP2p1s0f1 ndevs=4 nmdevs=4 qp_num=2720 pkey=0 pd=0xf398fc5dee10 oooRq=0
node1:64:74 [0] NCCL INFO NET/IB: ncclIbReceiverQpsCreateToRts: Flush QP created: port=1 dev=3 devName=roceP2p1s0f1 ndevs=4 nmdevs=4 qp_num=2721 pkey=0 pd=0xf398fc5dee10
node1:64:74 [0] NCCL INFO NET/IB: Subnet-aware routing: overriding dev 3 with dev 2
node1:64:74 [0] NCCL INFO NET/IB: ncclIbResiliencyInit: Resiliency is disabled on the send communicator (comm=0xf398ffdc0000)
node1:64:74 [0] NCCL INFO NET/IB: Subnet-aware routing: overriding dev 3 with dev 2
node1:64:74 [0] NCCL INFO NET/IB: ncclIbSenderQpsCreate: QP created: port=1 dev=0 devName=rocep1s0f0 ndevs=4 nmdevs=4 qp_num=12276 pkey=0 pd=0xf398fc07ded0 oooRq=0
node1:64:74 [0] NCCL INFO NET/IB: ncclIbConnectImpl: NCCL Dev 0 IbDev 0 Port 1 qp_num 12276 mtu 5 GID 6 (0/166A8C0FFFF0000) ctsFifoRkey=0x17b975 ctsFifoLkey=0x17b975
node1:64:74 [0] NCCL INFO NET/IB: ncclIbConnectImpl: IbDev 0 Port 1 qp_num 12276 query_ece={supported=1, vendor_id=0x15b3, options=0x30000002, comp_mask=0x0}
node1:64:74 [0] NCCL INFO NET/IB: Subnet-aware routing: overriding dev 1 with dev 0
node1:64:74 [0] NCCL INFO NET/IB: ncclIbSenderQpsCreate: QP created: port=1 dev=0 devName=rocep1s0f0 ndevs=4 nmdevs=4 qp_num=12277 pkey=0 pd=0xf398fc07ded0 oooRq=0
node1:64:74 [0] NCCL INFO NET/IB: ncclIbConnectImpl: NCCL Dev 0 IbDev 0 Port 1 qp_num 12277 mtu 5 GID 6 (0/166A8C0FFFF0000) ctsFifoRkey=0x179753 ctsFifoLkey=0x179753
node1:64:74 [0] NCCL INFO NET/IB: ncclIbConnectImpl: IbDev 0 Port 1 qp_num 12277 query_ece={supported=1, vendor_id=0x15b3, options=0x30000002, comp_mask=0x0}
node1:64:74 [0] NCCL INFO NET/IB: ncclIbSenderQpsCreate: QP created: port=1 dev=2 devName=roceP2p1s0f0 ndevs=4 nmdevs=4 qp_num=1940 pkey=0 pd=0xf398fc07d520 oooRq=0
node1:64:74 [0] NCCL INFO NET/IB: ncclIbConnectImpl: NCCL Dev 2 IbDev 2 Port 1 qp_num 1940 mtu 5 GID 3 (0/170A8C0FFFF0000) ctsFifoRkey=0x191412 ctsFifoLkey=0x191412
node1:64:74 [0] NCCL INFO NET/IB: ncclIbConnectImpl: IbDev 2 Port 1 qp_num 1940 query_ece={supported=1, vendor_id=0x15b3, options=0x30000002, comp_mask=0x0}
node1:64:74 [0] NCCL INFO NET/IB: Subnet-aware routing: overriding dev 3 with dev 2
node1:64:74 [0] NCCL INFO NET/IB: ncclIbSenderQpsCreate: QP created: port=1 dev=2 devName=roceP2p1s0f0 ndevs=4 nmdevs=4 qp_num=1941 pkey=0 pd=0xf398fc07d520 oooRq=0
node1:64:74 [0] NCCL INFO NET/IB: ncclIbConnectImpl: NCCL Dev 2 IbDev 2 Port 1 qp_num 1941 mtu 5 GID 3 (0/170A8C0FFFF0000) ctsFifoRkey=0x18a19e ctsFifoLkey=0x18a19e
node1:64:74 [0] NCCL INFO NET/IB: ncclIbConnectImpl: IbDev 2 Port 1 qp_num 1941 query_ece={supported=1, vendor_id=0x15b3, options=0x30000002, comp_mask=0x0}
node1:64:74 [0] NCCL INFO NET/IB: ncclIbReceiverQpsCreateToRts: QP created: port=1 dev=3 devName=roceP2p1s0f1 ndevs=4 nmdevs=4 qp_num=2722 pkey=0 pd=0xf398fc5dee10 oooRq=0
node1:64:74 [0] NCCL INFO NET/IB: ncclIbReceiverQpsCreateToRts: Flush QP created: port=1 dev=3 devName=roceP2p1s0f1 ndevs=4 nmdevs=4 qp_num=2723 pkey=0 pd=0xf398fc5dee10
node1:64:74 [0] NCCL INFO NET/IB: ncclIbResiliencyInit: Resiliency is disabled on the recv communicator (comm=0xf398fff15000)
node1:64:74 [0] NCCL INFO NET/IB: ncclIbRecvCommInit: Receive work requests will be posted on-demand
node1:64:74 [0] NCCL INFO NET/IB: Subnet-aware routing: overriding dev 3 with dev 2
node1:64:74 [0] NCCL INFO NET/IB: ncclIbSenderQpsToRts: Set ECE: IbDev 2 Port 1 qp_num 1939 set_ece={supported=1, vendor_id=0x15b3, options=0x30000002, comp_mask=0x0}
node1:64:74 [0] NCCL INFO NET/IB: ncclIbSenderQpsToRts: Set ECE: IbDev 0 Port 1 qp_num 12276 set_ece={supported=1, vendor_id=0x15b3, options=0x30000002, comp_mask=0x0}
node1:64:74 [0] NCCL INFO NET/IB: Subnet-aware routing: overriding dev 1 with dev 0
node1:64:74 [0] NCCL INFO NET/IB: ncclIbSenderQpsToRts: Set ECE: IbDev 0 Port 1 qp_num 12277 set_ece={supported=1, vendor_id=0x15b3, options=0x30000002, comp_mask=0x0}
node1:64:74 [0] NCCL INFO NET/IB: ncclIbSenderQpsToRts: Set ECE: IbDev 2 Port 1 qp_num 1940 set_ece={supported=1, vendor_id=0x15b3, options=0x30000002, comp_mask=0x0}
node1:64:74 [0] NCCL INFO NET/IB: Subnet-aware routing: overriding dev 3 with dev 2
node1:64:74 [0] NCCL INFO NET/IB: ncclIbSenderQpsToRts: Set ECE: IbDev 2 Port 1 qp_num 1941 set_ece={supported=1, vendor_id=0x15b3, options=0x30000002, comp_mask=0x0}
node1:64:74 [0] NCCL INFO NET/IB: ncclIbSenderQpsCreate: QP created: port=1 dev=0 devName=rocep1s0f0 ndevs=4 nmdevs=4 qp_num=12278 pkey=0 pd=0xf398fc07ded0 oooRq=0
node1:64:74 [0] NCCL INFO NET/IB: ncclIbConnectImpl: NCCL Dev 0 IbDev 0 Port 1 qp_num 12278 mtu 5 GID 6 (0/166A8C0FFFF0000) ctsFifoRkey=0x178a47 ctsFifoLkey=0x178a47
node1:64:74 [0] NCCL INFO NET/IB: ncclIbConnectImpl: IbDev 0 Port 1 qp_num 12278 query_ece={supported=1, vendor_id=0x15b3, options=0x30000002, comp_mask=0x0}
node1:64:74 [0] NCCL INFO NET/IB: Subnet-aware routing: overriding dev 0 with dev 1
node1:64:74 [0] NCCL INFO NET/IB: ncclIbReceiverQpsCreateToRts: QP created: port=1 dev=1 devName=rocep1s0f1 ndevs=4 nmdevs=4 qp_num=15646 pkey=0 pd=0xf398fc231350 oooRq=0
node1:64:74 [0] NCCL INFO NET/IB: ncclIbReceiverQpsCreateToRts: Flush QP created: port=1 dev=1 devName=rocep1s0f1 ndevs=4 nmdevs=4 qp_num=15647 pkey=0 pd=0xf398fc231350
node1:64:74 [0] NCCL INFO NET/IB: Subnet-aware routing: overriding dev 1 with dev 0
node1:64:74 [0] NCCL INFO NET/IB: ncclIbResiliencyInit: Resiliency is disabled on the send communicator (comm=0xf398f0001000)
node1:64:74 [0] NCCL INFO NET/IB: Subnet-aware routing: overriding dev 1 with dev 0
node1:64:74 [0] NCCL INFO NET/IB: ncclIbResiliencyInit: Resiliency is disabled on the recv communicator (comm=0xf398f0042000)
node1:64:74 [0] NCCL INFO NET/IB: ncclIbRecvCommInit: Receive work requests will be posted on-demand
node1:64:74 [0] NCCL INFO NET/IB: Subnet-aware routing: overriding dev 1 with dev 0
node1:64:74 [0] NCCL INFO NET/IB: ncclIbResiliencyInit: Resiliency is disabled on the send communicator (comm=0xf398f008a000)
node1:64:74 [0] NCCL INFO NET/IB: Subnet-aware routing: overriding dev 1 with dev 0
node1:64:74 [0] NCCL INFO NET/IB: ncclIbResiliencyInit: Resiliency is disabled on the recv communicator (comm=0xf398f00cb000)
node1:64:74 [0] NCCL INFO NET/IB: ncclIbRecvCommInit: Receive work requests will be posted on-demand
node1:64:74 [0] NCCL INFO NET/IB: Subnet-aware routing: overriding dev 1 with dev 0
node1:64:74 [0] NCCL INFO NET/IB: Subnet-aware routing: overriding dev 3 with dev 2
node1:64:74 [0] NCCL INFO NET/IB: ncclIbResiliencyInit: Resiliency is disabled on the send communicator (comm=0xf398f0113000)
node1:64:74 [0] NCCL INFO NET/IB: Subnet-aware routing: overriding dev 1 with dev 0
node1:64:74 [0] NCCL INFO NET/IB: Subnet-aware routing: overriding dev 3 with dev 2
node1:64:74 [0] NCCL INFO NET/IB: ncclIbResiliencyInit: Resiliency is disabled on the recv communicator (comm=0xf398f0154000)
node1:64:74 [0] NCCL INFO NET/IB: ncclIbRecvCommInit: Receive work requests will be posted on-demand
node1:64:74 [0] NCCL INFO NET/IB: Subnet-aware routing: overriding dev 1 with dev 0
node1:64:74 [0] NCCL INFO NET/IB: Subnet-aware routing: overriding dev 3 with dev 2
node1:64:74 [0] NCCL INFO NET/IB: Subnet-aware routing: overriding dev 1 with dev 0
node1:64:74 [0] NCCL INFO NET/IB: Subnet-aware routing: overriding dev 3 with dev 2
node1:64:74 [0] NCCL INFO NET/IB: Subnet-aware routing: overriding dev 1 with dev 0
node1:64:74 [0] NCCL INFO NET/IB: Subnet-aware routing: overriding dev 3 with dev 2
node1:64:74 [0] NCCL INFO NET/IB: Subnet-aware routing: overriding dev 1 with dev 0
node1:64:74 [0] NCCL INFO NET/IB: Subnet-aware routing: overriding dev 3 with dev 2
node1:64:74 [0] NCCL INFO NET/IB: Subnet-aware routing: overriding dev 1 with dev 0
node1:64:74 [0] NCCL INFO NET/IB: Subnet-aware routing: overriding dev 3 with dev 2
node1:64:74 [0] NCCL INFO NET/IB: Subnet-aware routing: overriding dev 1 with dev 0
node1:64:74 [0] NCCL INFO NET/IB: Subnet-aware routing: overriding dev 3 with dev 2
node1:64:74 [0] NCCL INFO NET/IB: Subnet-aware routing: overriding dev 1 with dev 0
node1:64:74 [0] NCCL INFO NET/IB: Subnet-aware routing: overriding dev 3 with dev 2
node1:64:74 [0] NCCL INFO NET/IB: Subnet-aware routing: overriding dev 1 with dev 0
node1:64:74 [0] NCCL INFO NET/IB: Subnet-aware routing: overriding dev 3 with dev 2
node1:64:74 [0] NCCL INFO NET/IB: ncclIbSenderQpsToRts: Set ECE: IbDev 0 Port 1 qp_num 12278 set_ece={supported=1, vendor_id=0x15b3, options=0x30000002, comp_mask=0x0}
node1:64:74 [0] NCCL INFO NET/IB: Subnet-aware routing: overriding dev 1 with dev 0
node1:64:74 [0] NCCL INFO NET/IB: ncclIbSenderQpsCreate: QP created: port=1 dev=0 devName=rocep1s0f0 ndevs=4 nmdevs=4 qp_num=12279 pkey=0 pd=0xf398fc07ded0 oooRq=0
node1:64:74 [0] NCCL INFO NET/IB: ncclIbConnectImpl: NCCL Dev 0 IbDev 0 Port 1 qp_num 12279 mtu 5 GID 6 (0/166A8C0FFFF0000) ctsFifoRkey=0x176622 ctsFifoLkey=0x176622
node1:64:74 [0] NCCL INFO NET/IB: ncclIbConnectImpl: IbDev 0 Port 1 qp_num 12279 query_ece={supported=1, vendor_id=0x15b3, options=0x30000002, comp_mask=0x0}
node1:64:74 [0] NCCL INFO NET/IB: ncclIbReceiverQpsCreateToRts: QP created: port=1 dev=1 devName=rocep1s0f1 ndevs=4 nmdevs=4 qp_num=15648 pkey=0 pd=0xf398fc231350 oooRq=0
node1:64:74 [0] NCCL INFO NET/IB: ncclIbReceiverQpsCreateToRts: Flush QP created: port=1 dev=1 devName=rocep1s0f1 ndevs=4 nmdevs=4 qp_num=15649 pkey=0 pd=0xf398fc231350
node1:64:74 [0] NCCL INFO NET/IB: ncclIbSenderQpsCreate: QP created: port=1 dev=2 devName=roceP2p1s0f0 ndevs=4 nmdevs=4 qp_num=1942 pkey=0 pd=0xf398fc07d520 oooRq=0
node1:64:74 [0] NCCL INFO NET/IB: ncclIbConnectImpl: NCCL Dev 2 IbDev 2 Port 1 qp_num 1942 mtu 5 GID 3 (0/170A8C0FFFF0000) ctsFifoRkey=0x18eeed ctsFifoLkey=0x18eeed
node1:64:74 [0] NCCL INFO NET/IB: ncclIbConnectImpl: IbDev 2 Port 1 qp_num 1942 query_ece={supported=1, vendor_id=0x15b3, options=0x30000002, comp_mask=0x0}
node1:64:74 [0] NCCL INFO NET/IB: Subnet-aware routing: overriding dev 2 with dev 3
node1:64:74 [0] NCCL INFO NET/IB: ncclIbReceiverQpsCreateToRts: QP created: port=1 dev=3 devName=roceP2p1s0f1 ndevs=4 nmdevs=4 qp_num=2724 pkey=0 pd=0xf398fc5dee10 oooRq=0
node1:64:74 [0] NCCL INFO NET/IB: ncclIbReceiverQpsCreateToRts: Flush QP created: port=1 dev=3 devName=roceP2p1s0f1 ndevs=4 nmdevs=4 qp_num=2725 pkey=0 pd=0xf398fc5dee10
node1:64:74 [0] NCCL INFO NET/IB: Subnet-aware routing: overriding dev 3 with dev 2
node1:64:74 [0] NCCL INFO NET/IB: ncclIbSenderQpsCreate: QP created: port=1 dev=2 devName=roceP2p1s0f0 ndevs=4 nmdevs=4 qp_num=1943 pkey=0 pd=0xf398fc07d520 oooRq=0
node1:64:74 [0] NCCL INFO NET/IB: ncclIbConnectImpl: NCCL Dev 2 IbDev 2 Port 1 qp_num 1943 mtu 5 GID 3 (0/170A8C0FFFF0000) ctsFifoRkey=0x187777 ctsFifoLkey=0x187777
node1:64:74 [0] NCCL INFO NET/IB: ncclIbConnectImpl: IbDev 2 Port 1 qp_num 1943 query_ece={supported=1, vendor_id=0x15b3, options=0x30000002, comp_mask=0x0}
node1:64:74 [0] NCCL INFO NET/IB: ncclIbReceiverQpsCreateToRts: QP created: port=1 dev=3 devName=roceP2p1s0f1 ndevs=4 nmdevs=4 qp_num=2726 pkey=0 pd=0xf398fc5dee10 oooRq=0
node1:64:74 [0] NCCL INFO NET/IB: ncclIbReceiverQpsCreateToRts: Flush QP created: port=1 dev=3 devName=roceP2p1s0f1 ndevs=4 nmdevs=4 qp_num=2727 pkey=0 pd=0xf398fc5dee10
node1:64:74 [0] NCCL INFO NET/IB: Subnet-aware routing: overriding dev 1 with dev 0
node1:64:74 [0] NCCL INFO NET/IB: ncclIbSenderQpsToRts: Set ECE: IbDev 0 Port 1 qp_num 12279 set_ece={supported=1, vendor_id=0x15b3, options=0x30000002, comp_mask=0x0}
node1:64:74 [0] NCCL INFO NET/IB: ncclIbSenderQpsToRts: Set ECE: IbDev 2 Port 1 qp_num 1942 set_ece={supported=1, vendor_id=0x15b3, options=0x30000002, comp_mask=0x0}
node1:64:74 [0] NCCL INFO NET/IB: Subnet-aware routing: overriding dev 3 with dev 2
node1:64:74 [0] NCCL INFO NET/IB: ncclIbSenderQpsToRts: Set ECE: IbDev 2 Port 1 qp_num 1943 set_ece={supported=1, vendor_id=0x15b3, options=0x30000002, comp_mask=0x0}
node1:64:64 [0] NCCL INFO Connected all rings, use ring PXN 0 GDR 0
########## NCCL_DEBUG from spark2 ##########
node2:64:64 [0] NCCL INFO ncclOsDlopen(libnccl-env.so) failed: libnccl-env.so: cannot open shared object file: No such file or directory
node2:64:64 [0] NCCL INFO ENV/Plugin: Could not find: libnccl-env.so
node2:64:64 [0] NCCL INFO cudaDriverVersion 13000
node2:64:64 [0] NCCL INFO NCCL_SOCKET_IFNAME set by environment to wlP9s9
node2:64:64 [0] NCCL INFO NCCL_SOCKET_IFNAME set to wlP9s9
node2:64:64 [0] NCCL INFO NCCL version 2.30.7+cuda13.3
node2:64:64 [0] NCCL INFO NCCL git version HEAD a5187fa2e
node2:64:64 [0] NCCL INFO Comm config nvlinkCentricSched set to 1
node2:64:64 [0] NCCL INFO NCCL_NET_PLUGIN set by environment to none
node2:64:64 [0] NCCL INFO NCCL_IB_DISABLE set by environment to 0.
node2:64:64 [0] NCCL INFO dlvsym failed on mlx5dv_get_data_direct_sysfs_path - /lib/aarch64-linux-gnu/libmlx5.so: undefined symbol: mlx5dv_get_data_direct_sysfs_path, version MLX5_1.25 version MLX5_1.25
node2:64:64 [0] NCCL INFO dlvsym failed on mlx5dv_reg_dmabuf_mr - /lib/aarch64-linux-gnu/libmlx5.so: undefined symbol: mlx5dv_reg_dmabuf_mr, version MLX5_1.25 version MLX5_1.25
node2:64:64 [0] NCCL INFO NCCL_SOCKET_IFNAME set by environment to wlP9s9
node2:64:64 [0] NCCL INFO NCCL_IB_HCA set to =rocep1s0f0,roceP2p1s0f0,rocep1s0f1,roceP2p1s0f1
node2:64:64 [0] NCCL INFO NET/IB: [0] rocep1s0f0:uverbs0:1/RoCE provider=Mlx5 speed=200000 context=0xc4848a63b070 pciPath=/sys/devices/pci0000:00/0000:00:00.0/0000:01:00.0 ar=0 oooRqSize=0
node2:64:64 [0] NCCL INFO NET/IB: [1] rocep1s0f1:uverbs1:1/RoCE provider=Mlx5 speed=200000 context=0xc4848a67c6c0 pciPath=/sys/devices/pci0000:00/0000:00:00.0/0000:01:00.0 ar=0 oooRqSize=0
node2:64:64 [0] NCCL INFO NET/IB: [2] roceP2p1s0f0:uverbs2:1/RoCE provider=Mlx5 speed=200000 context=0xc4848a6bdd10 pciPath=/sys/devices/pci0002:00/0002:00:00.0/0002:01:00.0 ar=0 oooRqSize=0
node2:64:64 [0] NCCL INFO NET/IB: [3] roceP2p1s0f1:uverbs3:1/RoCE provider=Mlx5 speed=200000 context=0xc4848a6ff360 pciPath=/sys/devices/pci0002:00/0002:00:00.0/0002:01:00.0 ar=0 oooRqSize=0
node2:64:64 [0] NCCL INFO NCCL_IB_MERGE_NICS set by environment to 0.
node2:64:64 [0] NCCL INFO NET/IB : Made virtual device [0] name=rocep1s0f0 speed=200000 ndevs=1 rail=-1 plane=-1
node2:64:64 [0] NCCL INFO NET/IB : Made virtual device [1] name=rocep1s0f1 speed=200000 ndevs=1 rail=-1 plane=-1
node2:64:64 [0] NCCL INFO NET/IB : Made virtual device [2] name=roceP2p1s0f0 speed=200000 ndevs=1 rail=-1 plane=-1
node2:64:64 [0] NCCL INFO NET/IB : Made virtual device [3] name=roceP2p1s0f1 speed=200000 ndevs=1 rail=-1 plane=-1
node2:64:64 [0] NCCL INFO NET/IB : Using [0]rocep1s0f0:1/RoCE [1]rocep1s0f1:1/RoCE [2]roceP2p1s0f0:1/RoCE [3]roceP2p1s0f1:1/RoCE [RO]; OOB wlP9s9:192.168.10.3<0>
node2:64:64 [0] NCCL INFO Initialized NET plugin IB
node2:64:64 [0] NCCL INFO Assigned NET plugin IB to comm
node2:64:64 [0] NCCL INFO ncclOsDlopen(libnccl-rma.so) failed: libnccl-rma.so: cannot open shared object file: No such file or directory
node2:64:64 [0] NCCL INFO RMA/Plugin: Could not find: libnccl-rma.so
node2:64:64 [0] NCCL INFO RMA/Plugin: Failed to load external plugin libnccl-rma.so, dlHandle: (nil), ncclRma: (nil)
node2:64:64 [0] NCCL INFO RMA/Plugin: Assigned plugin RMA_IB_PROXY to comm
node2:64:64 [0] NCCL INFO ncclOsDlopen(libnccl-gin.so) failed: libnccl-gin.so: cannot open shared object file: No such file or directory
node2:64:64 [0] NCCL INFO GIN/Plugin: Could not find: libnccl-gin.so
node2:64:64 [0] NCCL INFO GIN/Plugin: Failed to load external plugin libnccl-gin.so, dlHandle: (nil), ncclGin: (nil)
node2:64:64 [0] NCCL INFO GIN/Plugin: Assigned plugin GIN_IB_GDAKI type 3 to comm
node2:64:64 [0] NCCL INFO Using network IB
node2:64:64 [0] NCCL INFO Loaded NVML from libnvidia-ml.so.1
node2:64:64 [0] NCCL INFO [Rank 2] ncclCommInitRankConfig comm 0xc48487b79c90 rank 2 nranks 3 cudaDev 0 nvmlDev 0 busId f01000 commId 0x59db66a3bb61896a - Init START
node2:64:64 [0] NCCL INFO Socket handshake magic 0x564ab9f2fc4b9d6c (built-in default)
node2:64:64 [0] NCCL INFO RAS client listening socket at 127.0.0.1<28028>
node2:64:64 [0] NCCL INFO Topology detection: could not read /sys/devices/system/node/node4294967295/cpumap, using empty affinity
node2:64:64 [0] NCCL INFO TOPO/NET : Importing network plugins to topology
node2:64:64 [0] NCCL INFO NET/GIN_IB_GDAKI : GPU Direct RDMA Disabled for HCA 0 'rocep1s0f0'
node2:64:64 [0] NCCL INFO ncclTopoPopulateNics : Filled rocep1s0f0 in topo with pciPath=/sys/devices/pci0000:00/0000:00:00.0/0000:01:00.0 net=0 gin=1 rma=(null) keep=1 coll=(null) rail=-1 plane=-1
node2:64:64 [0] NCCL INFO NET/GIN_IB_GDAKI : GPU Direct RDMA Disabled for HCA 1 'rocep1s0f1'
node2:64:64 [0] NCCL INFO ncclTopoPopulateNics : Filled rocep1s0f1 in topo with pciPath=/sys/devices/pci0000:00/0000:00:00.0/0000:01:00.0 net=0 gin=1 rma=(null) keep=1 coll=(null) rail=-1 plane=-1
node2:64:64 [0] NCCL INFO NET/GIN_IB_GDAKI : GPU Direct RDMA Disabled for HCA 2 'roceP2p1s0f0'
node2:64:64 [0] NCCL INFO ncclTopoPopulateNics : Filled roceP2p1s0f0 in topo with pciPath=/sys/devices/pci0002:00/0002:00:00.0/0002:01:00.0 net=0 gin=1 rma=(null) keep=1 coll=(null) rail=-1 plane=-1
node2:64:64 [0] NCCL INFO NET/GIN_IB_GDAKI : GPU Direct RDMA Disabled for HCA 3 'roceP2p1s0f1'
node2:64:64 [0] NCCL INFO ncclTopoPopulateNics : Filled roceP2p1s0f1 in topo with pciPath=/sys/devices/pci0002:00/0002:00:00.0/0002:01:00.0 net=0 gin=1 rma=(null) keep=1 coll=(null) rail=-1 plane=-1
node2:64:64 [0] NCCL INFO NET/RMA_IB_PROXY : GPU Direct RDMA Disabled for HCA 0 'rocep1s0f0'
node2:64:64 [0] NCCL INFO ncclTopoPopulateNics : Filled rocep1s0f0 in topo with pciPath=/sys/devices/pci0000:00/0000:00:00.0/0000:01:00.0 net=0 gin=1 rma=1 keep=1 coll=(null) rail=-1 plane=-1
node2:64:64 [0] NCCL INFO NET/RMA_IB_PROXY : GPU Direct RDMA Disabled for HCA 1 'rocep1s0f1'
node2:64:64 [0] NCCL INFO ncclTopoPopulateNics : Filled rocep1s0f1 in topo with pciPath=/sys/devices/pci0000:00/0000:00:00.0/0000:01:00.0 net=0 gin=1 rma=1 keep=1 coll=(null) rail=-1 plane=-1
node2:64:64 [0] NCCL INFO NET/RMA_IB_PROXY : GPU Direct RDMA Disabled for HCA 2 'roceP2p1s0f0'
node2:64:64 [0] NCCL INFO ncclTopoPopulateNics : Filled roceP2p1s0f0 in topo with pciPath=/sys/devices/pci0002:00/0002:00:00.0/0002:01:00.0 net=0 gin=1 rma=1 keep=1 coll=(null) rail=-1 plane=-1
node2:64:64 [0] NCCL INFO NET/RMA_IB_PROXY : GPU Direct RDMA Disabled for HCA 3 'roceP2p1s0f1'
node2:64:64 [0] NCCL INFO ncclTopoPopulateNics : Filled roceP2p1s0f1 in topo with pciPath=/sys/devices/pci0002:00/0002:00:00.0/0002:01:00.0 net=0 gin=1 rma=1 keep=1 coll=(null) rail=-1 plane=-1
node2:64:64 [0] NCCL INFO NET/IB : GPU Direct RDMA Disabled for HCA 0 'rocep1s0f0'
node2:64:64 [0] NCCL INFO ncclTopoPopulateNics : Filled rocep1s0f0 in topo with pciPath=/sys/devices/pci0000:00/0000:00:00.0/0000:01:00.0 net=1 gin=1 rma=1 keep=1 coll=(null) rail=-1 plane=-1
node2:64:64 [0] NCCL INFO NET/IB : GPU Direct RDMA Disabled for HCA 1 'rocep1s0f1'
node2:64:64 [0] NCCL INFO ncclTopoPopulateNics : Filled rocep1s0f1 in topo with pciPath=/sys/devices/pci0000:00/0000:00:00.0/0000:01:00.0 net=1 gin=1 rma=1 keep=1 coll=(null) rail=-1 plane=-1
node2:64:64 [0] NCCL INFO NET/IB : GPU Direct RDMA Disabled for HCA 2 'roceP2p1s0f0'
node2:64:64 [0] NCCL INFO ncclTopoPopulateNics : Filled roceP2p1s0f0 in topo with pciPath=/sys/devices/pci0002:00/0002:00:00.0/0002:01:00.0 net=1 gin=1 rma=1 keep=1 coll=(null) rail=-1 plane=-1
node2:64:64 [0] NCCL INFO NET/IB : GPU Direct RDMA Disabled for HCA 3 'roceP2p1s0f1'
node2:64:64 [0] NCCL INFO ncclTopoPopulateNics : Filled roceP2p1s0f1 in topo with pciPath=/sys/devices/pci0002:00/0002:00:00.0/0002:01:00.0 net=1 gin=1 rma=1 keep=1 coll=(null) rail=-1 plane=-1
node2:64:64 [0] NCCL INFO NET/IB : Skipping makeVDevice, NCCL_IB_MERGE_NICS=0
node2:64:64 [0] NCCL INFO TOPO/NET : Tried merging multiple devices together and failed. vProps={ndevs=2, devs=[0 1 0 0]}. Set NCCL_NET_MERGE_LEVEL=LOC to disable NIC fusion.
node2:64:64 [0] NCCL INFO Marking physical devices as unplaced, increasing distance and restarting search.
node2:64:64 [0] NCCL INFO NET/IB : Skipping makeVDevice, NCCL_IB_MERGE_NICS=0
node2:64:64 [0] NCCL INFO TOPO/NET : Tried merging multiple devices together and failed. vProps={ndevs=2, devs=[2 3 0 0]}. Set NCCL_NET_MERGE_LEVEL=LOC to disable NIC fusion.
node2:64:64 [0] NCCL INFO Marking physical devices as unplaced, increasing distance and restarting search.
node2:64:64 [0] NCCL INFO === System : maxBw 12.0 totalBw 0.2 ===
node2:64:64 [0] NCCL INFO CPU/0-ffffffffffffff (3/-1/-1)
node2:64:64 [0] NCCL INFO + C2C[345.0] - DEV/0-f01000
node2:64:64 [0] NCCL INFO + PCI[12.0] - NIC/0-1000
node2:64:64 [0] NCCL INFO               + NET[25.0] - NET/0-0 (0/426bbe000399c530/1/25.000000)
node2:64:64 [0] NCCL INFO               + NET[25.0] - GIN/0-0
node2:64:64 [0] NCCL INFO               + NET[25.0] - RMA/0-0
node2:64:64 [0] NCCL INFO               + NET[25.0] - NET/0-1 (0/426bbe000399c530/2/25.000000)
node2:64:64 [0] NCCL INFO               + NET[25.0] - GIN/0-1
node2:64:64 [0] NCCL INFO               + NET[25.0] - RMA/0-1
node2:64:64 [0] NCCL INFO + PCI[12.0] - NIC/0-201000
node2:64:64 [0] NCCL INFO               + NET[25.0] - NET/0-2 (0/426bbe000399c530/1/25.000000)
node2:64:64 [0] NCCL INFO               + NET[25.0] - GIN/0-2
node2:64:64 [0] NCCL INFO               + NET[25.0] - RMA/0-2
node2:64:64 [0] NCCL INFO               + NET[25.0] - NET/0-3 (0/426bbe000399c530/2/25.000000)
node2:64:64 [0] NCCL INFO               + NET[25.0] - GIN/0-3
node2:64:64 [0] NCCL INFO               + NET[25.0] - RMA/0-3
node2:64:64 [0] NCCL INFO + PCI[0.2] - DEV/0-f01000 (10de2e1210de0000)
node2:64:64 [0] NCCL INFO              + LOC[5000.0] - GPU/0-f01000
node2:64:64 [0] NCCL INFO              + C2C[345.0] - CPU/0-ffffffffffffff
node2:64:64 [0] NCCL INFO ==========================================
node2:64:64 [0] NCCL INFO GPU/0-f01000 :GPU/0-f01000 (0/5000.0/LOC) CPU/0-ffffffffffffff (2/345.0/C2C) NET/0-0 (4/12.0/P2C) NET/0-1 (4/12.0/P2C) NET/0-2 (4/12.0/P2C) NET/0-3 (4/12.0/P2C) GIN/0-0 (4/12.0/PHB) GIN/0-1 (4/12.0/PHB) GIN/0-2 (4/12.0/PHB) GIN/0-3 (4/12.0/PHB) RMA/0-0 (4/12.0/PHB) RMA/0-1 (4/12.0/PHB) RMA/0-2 (4/12.0/PHB) RMA/0-3 (4/12.0/PHB) DEV/0-f01000 (1/5000.0/LOC) 
node2:64:64 [0] NCCL INFO NET/0-0 :GPU/0-f01000 (4/12.0/P2C) CPU/0-ffffffffffffff (2/12.0/PHB) NET/0-0 (0/5000.0/LOC) NET/0-1 (2/25.0/LOC) NET/0-2 (4/12.0/PHB) NET/0-3 (4/12.0/PHB) GIN/0-0 (2/25.0/LOC) GIN/0-1 (2/25.0/LOC) GIN/0-2 (4/12.0/PHB) GIN/0-3 (4/12.0/PHB) RMA/0-0 (2/25.0/LOC) RMA/0-1 (2/25.0/LOC) RMA/0-2 (4/12.0/PHB) RMA/0-3 (4/12.0/PHB) DEV/0-f01000 (3/12.0/PHB) 
node2:64:64 [0] NCCL INFO NET/0-1 :GPU/0-f01000 (4/12.0/P2C) CPU/0-ffffffffffffff (2/12.0/PHB) NET/0-0 (2/25.0/LOC) NET/0-1 (0/5000.0/LOC) NET/0-2 (4/12.0/PHB) NET/0-3 (4/12.0/PHB) GIN/0-0 (2/25.0/LOC) GIN/0-1 (2/25.0/LOC) GIN/0-2 (4/12.0/PHB) GIN/0-3 (4/12.0/PHB) RMA/0-0 (2/25.0/LOC) RMA/0-1 (2/25.0/LOC) RMA/0-2 (4/12.0/PHB) RMA/0-3 (4/12.0/PHB) DEV/0-f01000 (3/12.0/PHB) 
node2:64:64 [0] NCCL INFO NET/0-2 :GPU/0-f01000 (4/12.0/P2C) CPU/0-ffffffffffffff (2/12.0/PHB) NET/0-0 (4/12.0/PHB) NET/0-1 (4/12.0/PHB) NET/0-2 (0/5000.0/LOC) NET/0-3 (2/25.0/LOC) GIN/0-0 (4/12.0/PHB) GIN/0-1 (4/12.0/PHB) GIN/0-2 (2/25.0/LOC) GIN/0-3 (2/25.0/LOC) RMA/0-0 (4/12.0/PHB) RMA/0-1 (4/12.0/PHB) RMA/0-2 (2/25.0/LOC) RMA/0-3 (2/25.0/LOC) DEV/0-f01000 (3/12.0/PHB) 
node2:64:64 [0] NCCL INFO NET/0-3 :GPU/0-f01000 (4/12.0/P2C) CPU/0-ffffffffffffff (2/12.0/PHB) NET/0-0 (4/12.0/PHB) NET/0-1 (4/12.0/PHB) NET/0-2 (2/25.0/LOC) NET/0-3 (0/5000.0/LOC) GIN/0-0 (4/12.0/PHB) GIN/0-1 (4/12.0/PHB) GIN/0-2 (2/25.0/LOC) GIN/0-3 (2/25.0/LOC) RMA/0-0 (4/12.0/PHB) RMA/0-1 (4/12.0/PHB) RMA/0-2 (2/25.0/LOC) RMA/0-3 (2/25.0/LOC) DEV/0-f01000 (3/12.0/PHB) 
node2:64:64 [0] NCCL INFO GIN/0-0 :GPU/0-f01000 (4/12.0/PHB) CPU/0-ffffffffffffff (2/12.0/PHB) NET/0-0 (2/25.0/LOC) NET/0-1 (2/25.0/LOC) NET/0-2 (4/12.0/PHB) NET/0-3 (4/12.0/PHB) GIN/0-0 (0/5000.0/LOC) GIN/0-1 (2/25.0/LOC) GIN/0-2 (4/12.0/PHB) GIN/0-3 (4/12.0/PHB) RMA/0-0 (2/25.0/LOC) RMA/0-1 (2/25.0/LOC) RMA/0-2 (4/12.0/PHB) RMA/0-3 (4/12.0/PHB) DEV/0-f01000 (3/12.0/PHB) 
node2:64:64 [0] NCCL INFO GIN/0-1 :GPU/0-f01000 (4/12.0/PHB) CPU/0-ffffffffffffff (2/12.0/PHB) NET/0-0 (2/25.0/LOC) NET/0-1 (2/25.0/LOC) NET/0-2 (4/12.0/PHB) NET/0-3 (4/12.0/PHB) GIN/0-0 (2/25.0/LOC) GIN/0-1 (0/5000.0/LOC) GIN/0-2 (4/12.0/PHB) GIN/0-3 (4/12.0/PHB) RMA/0-0 (2/25.0/LOC) RMA/0-1 (2/25.0/LOC) RMA/0-2 (4/12.0/PHB) RMA/0-3 (4/12.0/PHB) DEV/0-f01000 (3/12.0/PHB) 
node2:64:64 [0] NCCL INFO GIN/0-2 :GPU/0-f01000 (4/12.0/PHB) CPU/0-ffffffffffffff (2/12.0/PHB) NET/0-0 (4/12.0/PHB) NET/0-1 (4/12.0/PHB) NET/0-2 (2/25.0/LOC) NET/0-3 (2/25.0/LOC) GIN/0-0 (4/12.0/PHB) GIN/0-1 (4/12.0/PHB) GIN/0-2 (0/5000.0/LOC) GIN/0-3 (2/25.0/LOC) RMA/0-0 (4/12.0/PHB) RMA/0-1 (4/12.0/PHB) RMA/0-2 (2/25.0/LOC) RMA/0-3 (2/25.0/LOC) DEV/0-f01000 (3/12.0/PHB) 
node2:64:64 [0] NCCL INFO GIN/0-3 :GPU/0-f01000 (4/12.0/PHB) CPU/0-ffffffffffffff (2/12.0/PHB) NET/0-0 (4/12.0/PHB) NET/0-1 (4/12.0/PHB) NET/0-2 (2/25.0/LOC) NET/0-3 (2/25.0/LOC) GIN/0-0 (4/12.0/PHB) GIN/0-1 (4/12.0/PHB) GIN/0-2 (2/25.0/LOC) GIN/0-3 (0/5000.0/LOC) RMA/0-0 (4/12.0/PHB) RMA/0-1 (4/12.0/PHB) RMA/0-2 (2/25.0/LOC) RMA/0-3 (2/25.0/LOC) DEV/0-f01000 (3/12.0/PHB) 
node2:64:64 [0] NCCL INFO RMA/0-0 :GPU/0-f01000 (4/12.0/PHB) CPU/0-ffffffffffffff (2/12.0/PHB) NET/0-0 (2/25.0/LOC) NET/0-1 (2/25.0/LOC) NET/0-2 (4/12.0/PHB) NET/0-3 (4/12.0/PHB) GIN/0-0 (2/25.0/LOC) GIN/0-1 (2/25.0/LOC) GIN/0-2 (4/12.0/PHB) GIN/0-3 (4/12.0/PHB) RMA/0-0 (0/5000.0/LOC) RMA/0-1 (2/25.0/LOC) RMA/0-2 (4/12.0/PHB) RMA/0-3 (4/12.0/PHB) DEV/0-f01000 (3/12.0/PHB) 
node2:64:64 [0] NCCL INFO RMA/0-1 :GPU/0-f01000 (4/12.0/PHB) CPU/0-ffffffffffffff (2/12.0/PHB) NET/0-0 (2/25.0/LOC) NET/0-1 (2/25.0/LOC) NET/0-2 (4/12.0/PHB) NET/0-3 (4/12.0/PHB) GIN/0-0 (2/25.0/LOC) GIN/0-1 (2/25.0/LOC) GIN/0-2 (4/12.0/PHB) GIN/0-3 (4/12.0/PHB) RMA/0-0 (2/25.0/LOC) RMA/0-1 (0/5000.0/LOC) RMA/0-2 (4/12.0/PHB) RMA/0-3 (4/12.0/PHB) DEV/0-f01000 (3/12.0/PHB) 
node2:64:64 [0] NCCL INFO RMA/0-2 :GPU/0-f01000 (4/12.0/PHB) CPU/0-ffffffffffffff (2/12.0/PHB) NET/0-0 (4/12.0/PHB) NET/0-1 (4/12.0/PHB) NET/0-2 (2/25.0/LOC) NET/0-3 (2/25.0/LOC) GIN/0-0 (4/12.0/PHB) GIN/0-1 (4/12.0/PHB) GIN/0-2 (2/25.0/LOC) GIN/0-3 (2/25.0/LOC) RMA/0-0 (4/12.0/PHB) RMA/0-1 (4/12.0/PHB) RMA/0-2 (0/5000.0/LOC) RMA/0-3 (2/25.0/LOC) DEV/0-f01000 (3/12.0/PHB) 
node2:64:64 [0] NCCL INFO RMA/0-3 :GPU/0-f01000 (4/12.0/PHB) CPU/0-ffffffffffffff (2/12.0/PHB) NET/0-0 (4/12.0/PHB) NET/0-1 (4/12.0/PHB) NET/0-2 (2/25.0/LOC) NET/0-3 (2/25.0/LOC) GIN/0-0 (4/12.0/PHB) GIN/0-1 (4/12.0/PHB) GIN/0-2 (2/25.0/LOC) GIN/0-3 (2/25.0/LOC) RMA/0-0 (4/12.0/PHB) RMA/0-1 (4/12.0/PHB) RMA/0-2 (2/25.0/LOC) RMA/0-3 (0/5000.0/LOC) DEV/0-f01000 (3/12.0/PHB) 
node2:64:64 [0] NCCL INFO ncclTopoGetCpuAffinity: Affinity for GPU 0 is empty, ignoring. (GPU affinity =  ; CPU affinity = 0-19).
node2:64:64 [0] NCCL INFO Pattern 4, crossNic 0, nChannels 32, bw 0.240000/0.240000, type LOC/P2C, sameChannels 1
node2:64:64 [0] NCCL INFO  0 : NET/0-0 GPU/0-f01000 NET/0-0
node2:64:64 [0] NCCL INFO  1 : NET/0-1 GPU/0-f01000 NET/0-1
node2:64:64 [0] NCCL INFO  2 : NET/0-2 GPU/0-f01000 NET/0-0
node2:64:64 [0] NCCL INFO  3 : NET/0-3 GPU/0-f01000 NET/0-1
node2:64:64 [0] NCCL INFO  4 : NET/0-0 GPU/0-f01000 NET/0-0
node2:64:64 [0] NCCL INFO  5 : NET/0-1 GPU/0-f01000 NET/0-1
node2:64:64 [0] NCCL INFO  6 : NET/0-2 GPU/0-f01000 NET/0-0
node2:64:64 [0] NCCL INFO  7 : NET/0-3 GPU/0-f01000 NET/0-1
node2:64:64 [0] NCCL INFO  8 : NET/0-0 GPU/0-f01000 NET/0-0
node2:64:64 [0] NCCL INFO  9 : NET/0-1 GPU/0-f01000 NET/0-1
node2:64:64 [0] NCCL INFO 10 : NET/0-2 GPU/0-f01000 NET/0-0
node2:64:64 [0] NCCL INFO 11 : NET/0-3 GPU/0-f01000 NET/0-1
node2:64:64 [0] NCCL INFO 12 : NET/0-0 GPU/0-f01000 NET/0-0
node2:64:64 [0] NCCL INFO 13 : NET/0-1 GPU/0-f01000 NET/0-1
node2:64:64 [0] NCCL INFO 14 : NET/0-2 GPU/0-f01000 NET/0-0
node2:64:64 [0] NCCL INFO 15 : NET/0-3 GPU/0-f01000 NET/0-1
node2:64:64 [0] NCCL INFO 16 : NET/0-0 GPU/0-f01000 NET/0-0
node2:64:64 [0] NCCL INFO 17 : NET/0-1 GPU/0-f01000 NET/0-1
node2:64:64 [0] NCCL INFO 18 : NET/0-2 GPU/0-f01000 NET/0-0
node2:64:64 [0] NCCL INFO 19 : NET/0-3 GPU/0-f01000 NET/0-1
node2:64:64 [0] NCCL INFO 20 : NET/0-0 GPU/0-f01000 NET/0-0
node2:64:64 [0] NCCL INFO 21 : NET/0-1 GPU/0-f01000 NET/0-1
node2:64:64 [0] NCCL INFO 22 : NET/0-2 GPU/0-f01000 NET/0-0
node2:64:64 [0] NCCL INFO 23 : NET/0-3 GPU/0-f01000 NET/0-1
node2:64:64 [0] NCCL INFO 24 : NET/0-0 GPU/0-f01000 NET/0-0
node2:64:64 [0] NCCL INFO 25 : NET/0-1 GPU/0-f01000 NET/0-1
node2:64:64 [0] NCCL INFO 26 : NET/0-2 GPU/0-f01000 NET/0-0
node2:64:64 [0] NCCL INFO 27 : NET/0-3 GPU/0-f01000 NET/0-1
node2:64:64 [0] NCCL INFO 28 : NET/0-0 GPU/0-f01000 NET/0-0
node2:64:64 [0] NCCL INFO 29 : NET/0-1 GPU/0-f01000 NET/0-1
node2:64:64 [0] NCCL INFO 30 : NET/0-2 GPU/0-f01000 NET/0-0
node2:64:64 [0] NCCL INFO 31 : NET/0-3 GPU/0-f01000 NET/0-1
node2:64:64 [0] NCCL INFO Pattern 3, crossNic 0, nChannels 32, bw 0.240000/0.120000, type LOC/P2C, sameChannels 1
node2:64:64 [0] NCCL INFO  0 : NET/0-0 GPU/0-f01000 NET/0-0
node2:64:64 [0] NCCL INFO  1 : NET/0-1 GPU/0-f01000 NET/0-1
node2:64:64 [0] NCCL INFO  2 : NET/0-2 GPU/0-f01000 NET/0-2
node2:64:64 [0] NCCL INFO  3 : NET/0-3 GPU/0-f01000 NET/0-3
node2:64:64 [0] NCCL INFO  4 : NET/0-0 GPU/0-f01000 NET/0-0
node2:64:64 [0] NCCL INFO  5 : NET/0-1 GPU/0-f01000 NET/0-1
node2:64:64 [0] NCCL INFO  6 : NET/0-2 GPU/0-f01000 NET/0-2
node2:64:64 [0] NCCL INFO  7 : NET/0-3 GPU/0-f01000 NET/0-3
node2:64:64 [0] NCCL INFO  8 : NET/0-0 GPU/0-f01000 NET/0-0
node2:64:64 [0] NCCL INFO  9 : NET/0-1 GPU/0-f01000 NET/0-1
node2:64:64 [0] NCCL INFO 10 : NET/0-2 GPU/0-f01000 NET/0-2
node2:64:64 [0] NCCL INFO 11 : NET/0-3 GPU/0-f01000 NET/0-3
node2:64:64 [0] NCCL INFO 12 : NET/0-0 GPU/0-f01000 NET/0-0
node2:64:64 [0] NCCL INFO 13 : NET/0-1 GPU/0-f01000 NET/0-1
node2:64:64 [0] NCCL INFO 14 : NET/0-2 GPU/0-f01000 NET/0-2
node2:64:64 [0] NCCL INFO 15 : NET/0-3 GPU/0-f01000 NET/0-3
node2:64:64 [0] NCCL INFO 16 : NET/0-0 GPU/0-f01000 NET/0-0
node2:64:64 [0] NCCL INFO 17 : NET/0-1 GPU/0-f01000 NET/0-1
node2:64:64 [0] NCCL INFO 18 : NET/0-2 GPU/0-f01000 NET/0-2
node2:64:64 [0] NCCL INFO 19 : NET/0-3 GPU/0-f01000 NET/0-3
node2:64:64 [0] NCCL INFO 20 : NET/0-0 GPU/0-f01000 NET/0-0
node2:64:64 [0] NCCL INFO 21 : NET/0-1 GPU/0-f01000 NET/0-1
node2:64:64 [0] NCCL INFO 22 : NET/0-2 GPU/0-f01000 NET/0-2
node2:64:64 [0] NCCL INFO 23 : NET/0-3 GPU/0-f01000 NET/0-3
node2:64:64 [0] NCCL INFO 24 : NET/0-0 GPU/0-f01000 NET/0-0
node2:64:64 [0] NCCL INFO 25 : NET/0-1 GPU/0-f01000 NET/0-1
node2:64:64 [0] NCCL INFO 26 : NET/0-2 GPU/0-f01000 NET/0-2
node2:64:64 [0] NCCL INFO 27 : NET/0-3 GPU/0-f01000 NET/0-3
node2:64:64 [0] NCCL INFO 28 : NET/0-0 GPU/0-f01000 NET/0-0
node2:64:64 [0] NCCL INFO 29 : NET/0-1 GPU/0-f01000 NET/0-1
node2:64:64 [0] NCCL INFO 30 : NET/0-2 GPU/0-f01000 NET/0-2
node2:64:64 [0] NCCL INFO 31 : NET/0-3 GPU/0-f01000 NET/0-3
node2:64:64 [0] NCCL INFO Rank 2: 4 Net devices
node2:64:64 [0] NCCL INFO Rank 2: 0 CollNet devices
node2:64:64 [0] NCCL INFO comm 0xc48487b79c90 rank 2 nRanks 3 nNodes 3 localRanks 1 localRank 0 MNNVL 0
node2:64:64 [0] NCCL INFO Tree 0 : 0 -> 2 -> 1/-1/-1
node2:64:64 [0] NCCL INFO Tree 32 : 0 -> 2 -> -1/-1/-1
node2:64:64 [0] NCCL INFO Tree 1 : 0 -> 2 -> 1/-1/-1
node2:64:64 [0] NCCL INFO Tree 33 : 0 -> 2 -> -1/-1/-1
node2:64:64 [0] NCCL INFO Tree 2 : 0 -> 2 -> 1/-1/-1
node2:64:64 [0] NCCL INFO Tree 34 : 0 -> 2 -> -1/-1/-1
node2:64:64 [0] NCCL INFO Tree 3 : 0 -> 2 -> 1/-1/-1
node2:64:64 [0] NCCL INFO Tree 35 : 0 -> 2 -> -1/-1/-1
node2:64:64 [0] NCCL INFO Tree 4 : 0 -> 2 -> 1/-1/-1
node2:64:64 [0] NCCL INFO Tree 36 : 0 -> 2 -> -1/-1/-1
node2:64:64 [0] NCCL INFO Tree 5 : 0 -> 2 -> 1/-1/-1
node2:64:64 [0] NCCL INFO Tree 37 : 0 -> 2 -> -1/-1/-1
node2:64:64 [0] NCCL INFO Tree 6 : 0 -> 2 -> 1/-1/-1
node2:64:64 [0] NCCL INFO Tree 38 : 0 -> 2 -> -1/-1/-1
node2:64:64 [0] NCCL INFO Tree 7 : 0 -> 2 -> 1/-1/-1
node2:64:64 [0] NCCL INFO Tree 39 : 0 -> 2 -> -1/-1/-1
node2:64:64 [0] NCCL INFO Tree 8 : 0 -> 2 -> 1/-1/-1
node2:64:64 [0] NCCL INFO Tree 40 : 0 -> 2 -> -1/-1/-1
node2:64:64 [0] NCCL INFO Tree 9 : 0 -> 2 -> 1/-1/-1
node2:64:64 [0] NCCL INFO Tree 41 : 0 -> 2 -> -1/-1/-1
node2:64:64 [0] NCCL INFO Tree 10 : 0 -> 2 -> 1/-1/-1
node2:64:64 [0] NCCL INFO Tree 42 : 0 -> 2 -> -1/-1/-1
node2:64:64 [0] NCCL INFO Tree 11 : 0 -> 2 -> 1/-1/-1
node2:64:64 [0] NCCL INFO Tree 43 : 0 -> 2 -> -1/-1/-1
node2:64:64 [0] NCCL INFO Tree 12 : 0 -> 2 -> 1/-1/-1
node2:64:64 [0] NCCL INFO Tree 44 : 0 -> 2 -> -1/-1/-1
node2:64:64 [0] NCCL INFO Tree 13 : 0 -> 2 -> 1/-1/-1
node2:64:64 [0] NCCL INFO Tree 45 : 0 -> 2 -> -1/-1/-1
node2:64:64 [0] NCCL INFO Tree 14 : 0 -> 2 -> 1/-1/-1
node2:64:64 [0] NCCL INFO Tree 46 : 0 -> 2 -> -1/-1/-1
node2:64:64 [0] NCCL INFO Tree 15 : 0 -> 2 -> 1/-1/-1
node2:64:64 [0] NCCL INFO Tree 47 : 0 -> 2 -> -1/-1/-1
node2:64:64 [0] NCCL INFO Tree 16 : 0 -> 2 -> 1/-1/-1
node2:64:64 [0] NCCL INFO Tree 48 : 0 -> 2 -> -1/-1/-1
node2:64:64 [0] NCCL INFO Tree 17 : 0 -> 2 -> 1/-1/-1
node2:64:64 [0] NCCL INFO Tree 49 : 0 -> 2 -> -1/-1/-1
node2:64:64 [0] NCCL INFO Tree 18 : 0 -> 2 -> 1/-1/-1
node2:64:64 [0] NCCL INFO Tree 50 : 0 -> 2 -> -1/-1/-1
node2:64:64 [0] NCCL INFO Tree 19 : 0 -> 2 -> 1/-1/-1
node2:64:64 [0] NCCL INFO Tree 51 : 0 -> 2 -> -1/-1/-1
node2:64:64 [0] NCCL INFO Tree 20 : 0 -> 2 -> 1/-1/-1
node2:64:64 [0] NCCL INFO Tree 52 : 0 -> 2 -> -1/-1/-1
node2:64:64 [0] NCCL INFO Tree 21 : 0 -> 2 -> 1/-1/-1
node2:64:64 [0] NCCL INFO Tree 53 : 0 -> 2 -> -1/-1/-1
node2:64:64 [0] NCCL INFO Tree 22 : 0 -> 2 -> 1/-1/-1
node2:64:64 [0] NCCL INFO Tree 54 : 0 -> 2 -> -1/-1/-1
node2:64:64 [0] NCCL INFO Tree 23 : 0 -> 2 -> 1/-1/-1
node2:64:64 [0] NCCL INFO Tree 55 : 0 -> 2 -> -1/-1/-1
node2:64:64 [0] NCCL INFO Tree 24 : 0 -> 2 -> 1/-1/-1
node2:64:64 [0] NCCL INFO Tree 56 : 0 -> 2 -> -1/-1/-1
node2:64:64 [0] NCCL INFO Tree 25 : 0 -> 2 -> 1/-1/-1
node2:64:64 [0] NCCL INFO Tree 57 : 0 -> 2 -> -1/-1/-1
node2:64:64 [0] NCCL INFO Tree 26 : 0 -> 2 -> 1/-1/-1
node2:64:64 [0] NCCL INFO Tree 58 : 0 -> 2 -> -1/-1/-1
node2:64:64 [0] NCCL INFO Tree 27 : 0 -> 2 -> 1/-1/-1
node2:64:64 [0] NCCL INFO Tree 59 : 0 -> 2 -> -1/-1/-1
node2:64:64 [0] NCCL INFO Tree 28 : 0 -> 2 -> 1/-1/-1
node2:64:64 [0] NCCL INFO Tree 60 : 0 -> 2 -> -1/-1/-1
node2:64:64 [0] NCCL INFO Tree 29 : 0 -> 2 -> 1/-1/-1
node2:64:64 [0] NCCL INFO Tree 61 : 0 -> 2 -> -1/-1/-1
node2:64:64 [0] NCCL INFO Tree 30 : 0 -> 2 -> 1/-1/-1
node2:64:64 [0] NCCL INFO Tree 62 : 0 -> 2 -> -1/-1/-1
node2:64:64 [0] NCCL INFO Tree 31 : 0 -> 2 -> 1/-1/-1
node2:64:64 [0] NCCL INFO Tree 63 : 0 -> 2 -> -1/-1/-1
node2:64:64 [0] NCCL INFO Ring 00 : 1 -> 2 -> 0
node2:64:64 [0] NCCL INFO Ring 01 : 1 -> 2 -> 0
node2:64:64 [0] NCCL INFO Ring 02 : 1 -> 2 -> 0
node2:64:64 [0] NCCL INFO Ring 03 : 1 -> 2 -> 0
node2:64:64 [0] NCCL INFO Ring 04 : 1 -> 2 -> 0
node2:64:64 [0] NCCL INFO Ring 05 : 1 -> 2 -> 0
node2:64:64 [0] NCCL INFO Ring 06 : 1 -> 2 -> 0
node2:64:64 [0] NCCL INFO Ring 07 : 1 -> 2 -> 0
node2:64:64 [0] NCCL INFO Ring 08 : 1 -> 2 -> 0
node2:64:64 [0] NCCL INFO Ring 09 : 1 -> 2 -> 0
node2:64:64 [0] NCCL INFO Ring 10 : 1 -> 2 -> 0
node2:64:64 [0] NCCL INFO Ring 11 : 1 -> 2 -> 0
node2:64:64 [0] NCCL INFO Ring 12 : 1 -> 2 -> 0
node2:64:64 [0] NCCL INFO Ring 13 : 1 -> 2 -> 0
node2:64:64 [0] NCCL INFO Ring 14 : 1 -> 2 -> 0
node2:64:64 [0] NCCL INFO Ring 15 : 1 -> 2 -> 0
node2:64:64 [0] NCCL INFO Ring 16 : 1 -> 2 -> 0
node2:64:64 [0] NCCL INFO Ring 17 : 1 -> 2 -> 0
node2:64:64 [0] NCCL INFO Ring 18 : 1 -> 2 -> 0
node2:64:64 [0] NCCL INFO Ring 19 : 1 -> 2 -> 0
node2:64:64 [0] NCCL INFO Ring 20 : 1 -> 2 -> 0
node2:64:64 [0] NCCL INFO Ring 21 : 1 -> 2 -> 0
node2:64:64 [0] NCCL INFO Ring 22 : 1 -> 2 -> 0
node2:64:64 [0] NCCL INFO Ring 23 : 1 -> 2 -> 0
node2:64:64 [0] NCCL INFO Ring 24 : 1 -> 2 -> 0
node2:64:64 [0] NCCL INFO Ring 25 : 1 -> 2 -> 0
node2:64:64 [0] NCCL INFO Ring 26 : 1 -> 2 -> 0
node2:64:64 [0] NCCL INFO Ring 27 : 1 -> 2 -> 0
node2:64:64 [0] NCCL INFO Ring 28 : 1 -> 2 -> 0
node2:64:64 [0] NCCL INFO Ring 29 : 1 -> 2 -> 0
node2:64:64 [0] NCCL INFO Ring 30 : 1 -> 2 -> 0
node2:64:64 [0] NCCL INFO Ring 31 : 1 -> 2 -> 0
node2:64:64 [0] NCCL INFO Ring 32 : 1 -> 2 -> 0
node2:64:64 [0] NCCL INFO Ring 33 : 1 -> 2 -> 0
node2:64:64 [0] NCCL INFO Ring 34 : 1 -> 2 -> 0
node2:64:64 [0] NCCL INFO Ring 35 : 1 -> 2 -> 0
node2:64:64 [0] NCCL INFO Ring 36 : 1 -> 2 -> 0
node2:64:64 [0] NCCL INFO Ring 37 : 1 -> 2 -> 0
node2:64:64 [0] NCCL INFO Ring 38 : 1 -> 2 -> 0
node2:64:64 [0] NCCL INFO Ring 39 : 1 -> 2 -> 0
node2:64:64 [0] NCCL INFO Ring 40 : 1 -> 2 -> 0
node2:64:64 [0] NCCL INFO Ring 41 : 1 -> 2 -> 0
node2:64:64 [0] NCCL INFO Ring 42 : 1 -> 2 -> 0
node2:64:64 [0] NCCL INFO Ring 43 : 1 -> 2 -> 0
node2:64:64 [0] NCCL INFO Ring 44 : 1 -> 2 -> 0
node2:64:64 [0] NCCL INFO Ring 45 : 1 -> 2 -> 0
node2:64:64 [0] NCCL INFO Ring 46 : 1 -> 2 -> 0
node2:64:64 [0] NCCL INFO Ring 47 : 1 -> 2 -> 0
node2:64:64 [0] NCCL INFO Ring 48 : 1 -> 2 -> 0
node2:64:64 [0] NCCL INFO Ring 49 : 1 -> 2 -> 0
node2:64:64 [0] NCCL INFO Ring 50 : 1 -> 2 -> 0
node2:64:64 [0] NCCL INFO Ring 51 : 1 -> 2 -> 0
node2:64:64 [0] NCCL INFO Ring 52 : 1 -> 2 -> 0
node2:64:64 [0] NCCL INFO Ring 53 : 1 -> 2 -> 0
node2:64:64 [0] NCCL INFO Ring 54 : 1 -> 2 -> 0
node2:64:64 [0] NCCL INFO Ring 55 : 1 -> 2 -> 0
node2:64:64 [0] NCCL INFO Ring 56 : 1 -> 2 -> 0
node2:64:64 [0] NCCL INFO Ring 57 : 1 -> 2 -> 0
node2:64:64 [0] NCCL INFO Ring 58 : 1 -> 2 -> 0
node2:64:64 [0] NCCL INFO Ring 59 : 1 -> 2 -> 0
node2:64:64 [0] NCCL INFO Ring 60 : 1 -> 2 -> 0
node2:64:64 [0] NCCL INFO Ring 61 : 1 -> 2 -> 0
node2:64:64 [0] NCCL INFO Ring 62 : 1 -> 2 -> 0
node2:64:64 [0] NCCL INFO Ring 63 : 1 -> 2 -> 0
node2:64:64 [0] NCCL INFO Trees [0] 1/-1/-1->2->0 [1] 1/-1/-1->2->0 [2] 1/-1/-1->2->0 [3] 1/-1/-1->2->0 [4] 1/-1/-1->2->0 [5] 1/-1/-1->2->0 [6] 1/-1/-1->2->0 [7] 1/-1/-1->2->0 [8] 1/-1/-1->2->0 [9] 1/-1/-1->2->0 [10] 1/-1/-1->2->0 [11] 1/-1/-1->2->0 [12] 1/-1/-1->2->0 [13] 1/-1/-1->2->0 [14] 1/-1/-1->2->0 [15] 1/-1/-1->2->0 [16] 1/-1/-1->2->0 [17] 1/-1/-1->2->0 [18] 1/-1/-1->2->0 [19] 1/-1/-1->2->0 [20] 1/-1/-1->2->0 [21] 1/-1/-1->2->0 [22] 1/-1/-1->2->0 [23] 1/-1/-1->2->0 [24] 1/-1/-1->2->0 [25] 1/-1/-1->2->0 [26] 1/-1/-1->2->0 [27] 1/-1/-1->2->0 [28] 1/-1/-1->2->0 [29] 1/-1/-1->2->0 [30] 1/-1/-1->2->0 [31] 1/-1/-1->2->0 [32] -1/-1/-1->2->0 [33] -1/-1/-1->2->0 [34] -1/-1/-1->2->0 [35] -1/-1/-1->2->0 [36] -1/-1/-1->2->0 [37] -1/-1/-1->2->0 [38] -1/-1/-1->2->0 [39] -1/-1/-1->2->0 [40] -1/-1/-1->2->0 [41] -1/-1/-1->2->0 [42] -1/-1/-1->2->0 [43] -1/-1/-1->2->0 [44] -1/-1/-1->2->0 [45] -1/-1/-1->2->0 [46] -1/-1/-1->2->0 [47] -1/-1/-1->2->0 [48] -1/-1/-1->2->0 [49] -1/-1/-1->2->0 [50] -1/-1/-1->2->0 [51] -1/-1/-1->2->0 [52] -1/-1/-1->2->0 [53
node2:64:64 [0] NCCL INFO P2P Chunksize set to 262144
node2:64:64 [0] NCCL INFO Tuning P2P operations with maxP2pPeers = 3
node2:64:64 [0] NCCL INFO ncclOsDlopen(libnccl-profiler.so) failed: libnccl-profiler.so: cannot open shared object file: No such file or directory
node2:64:64 [0] NCCL INFO PROFILER/Plugin: Could not find: libnccl-profiler.so
node2:64:64 [0] NCCL INFO Check P2P Type isAllDirectP2p 1 directMode 0 isAllCudaP2p 1
node2:64:74 [0] NCCL INFO [Proxy Service] Device 0 CPU core 9
node2:64:64 [0] NCCL INFO ncclP2pSchedule: group size used is 1
node2:64:74 [0] NCCL INFO proxy listening socket at 192.168.10.3<39127>
node2:64:75 [0] NCCL INFO [Proxy Service UDS] Device 0 CPU core 18
node2:64:64 [0] NCCL INFO ncclOsDlopen(libnccl-tuner.so) failed: libnccl-tuner.so: cannot open shared object file: No such file or directory
node2:64:64 [0] NCCL INFO TUNER/Plugin: Could not find: libnccl-tuner.so
node2:64:64 [0] NCCL INFO threadThresholds 8/8/64 | 24/8/64 | 512 | 512
node2:64:64 [0] NCCL INFO 64 coll channels, 64 collnet channels, 0 nvls channels, 64 p2p channels, 4 p2p channels per peer
node2:64:64 [0] NCCL INFO Symmetric memory is not supported. cuMemEnable 1, globalGinSupport 0, cuMemGdrSupport 0
node2:64:64 [0] NCCL INFO ncclCommInitRankConfig comm 0xc48487b79c90 rank 2 nranks 3 cudaDev 0 nvmlDev 0 busId f01000 commId 0x59db66a3bb61896a - Init COMPLETE
node2:64:64 [0] NCCL INFO Init timings - ncclCommInitRankConfig: rank 2 nranks 3 total 0.34 (kernels 0.18, alloc 0.05, bootstrap 0.05, allgathers 0.02, topo 0.01, graphs 0.00, connections 0.02, rest 0.00)
node2:64:64 [0] NCCL INFO Symmetric VA size=124GB
node2:64:76 [0] NCCL INFO [Proxy Progress] Device 0 CPU core 9
node2:64:74 [0] NCCL INFO NCCL_IB_SUBNET_AWARE_ROUTING set by environment to 1.
node2:64:64 [0] NCCL INFO Channel 00/0 : 1[0] -> 2[0] [receive] via NET/IB/0
node2:64:64 [0] NCCL INFO Channel 01/0 : 1[0] -> 2[0] [receive] via NET/IB/1
node2:64:64 [0] NCCL INFO Channel 02/0 : 1[0] -> 2[0] [receive] via NET/IB/2
node2:64:64 [0] NCCL INFO Channel 03/0 : 1[0] -> 2[0] [receive] via NET/IB/3
node2:64:64 [0] NCCL INFO Channel 04/0 : 1[0] -> 2[0] [receive] via NET/IB/0
node2:64:64 [0] NCCL INFO Channel 05/0 : 1[0] -> 2[0] [receive] via NET/IB/1
node2:64:64 [0] NCCL INFO Channel 06/0 : 1[0] -> 2[0] [receive] via NET/IB/2
node2:64:64 [0] NCCL INFO Channel 07/0 : 1[0] -> 2[0] [receive] via NET/IB/3
node2:64:64 [0] NCCL INFO Channel 08/0 : 1[0] -> 2[0] [receive] via NET/IB/0
node2:64:64 [0] NCCL INFO Channel 09/0 : 1[0] -> 2[0] [receive] via NET/IB/1
node2:64:64 [0] NCCL INFO Channel 10/0 : 1[0] -> 2[0] [receive] via NET/IB/2
node2:64:64 [0] NCCL INFO Channel 11/0 : 1[0] -> 2[0] [receive] via NET/IB/3
node2:64:64 [0] NCCL INFO Channel 12/0 : 1[0] -> 2[0] [receive] via NET/IB/0
node2:64:64 [0] NCCL INFO Channel 13/0 : 1[0] -> 2[0] [receive] via NET/IB/1
node2:64:64 [0] NCCL INFO Channel 14/0 : 1[0] -> 2[0] [receive] via NET/IB/2
node2:64:64 [0] NCCL INFO Channel 15/0 : 1[0] -> 2[0] [receive] via NET/IB/3
node2:64:64 [0] NCCL INFO Channel 16/0 : 1[0] -> 2[0] [receive] via NET/IB/0
node2:64:64 [0] NCCL INFO Channel 17/0 : 1[0] -> 2[0] [receive] via NET/IB/1
node2:64:64 [0] NCCL INFO Channel 18/0 : 1[0] -> 2[0] [receive] via NET/IB/2
node2:64:64 [0] NCCL INFO Channel 19/0 : 1[0] -> 2[0] [receive] via NET/IB/3
node2:64:64 [0] NCCL INFO Channel 20/0 : 1[0] -> 2[0] [receive] via NET/IB/0
node2:64:64 [0] NCCL INFO Channel 21/0 : 1[0] -> 2[0] [receive] via NET/IB/1
node2:64:64 [0] NCCL INFO Channel 22/0 : 1[0] -> 2[0] [receive] via NET/IB/2
node2:64:64 [0] NCCL INFO Channel 23/0 : 1[0] -> 2[0] [receive] via NET/IB/3
node2:64:64 [0] NCCL INFO Channel 24/0 : 1[0] -> 2[0] [receive] via NET/IB/0
node2:64:64 [0] NCCL INFO Channel 25/0 : 1[0] -> 2[0] [receive] via NET/IB/1
node2:64:64 [0] NCCL INFO Channel 26/0 : 1[0] -> 2[0] [receive] via NET/IB/2
node2:64:64 [0] NCCL INFO Channel 27/0 : 1[0] -> 2[0] [receive] via NET/IB/3
node2:64:64 [0] NCCL INFO Channel 28/0 : 1[0] -> 2[0] [receive] via NET/IB/0
node2:64:64 [0] NCCL INFO Channel 29/0 : 1[0] -> 2[0] [receive] via NET/IB/1
node2:64:64 [0] NCCL INFO Channel 30/0 : 1[0] -> 2[0] [receive] via NET/IB/2
node2:64:64 [0] NCCL INFO Channel 31/0 : 1[0] -> 2[0] [receive] via NET/IB/3
node2:64:64 [0] NCCL INFO Channel 32/0 : 1[0] -> 2[0] [receive] via NET/IB/0
node2:64:64 [0] NCCL INFO Channel 33/0 : 1[0] -> 2[0] [receive] via NET/IB/1
node2:64:64 [0] NCCL INFO Channel 34/0 : 1[0] -> 2[0] [receive] via NET/IB/2
node2:64:64 [0] NCCL INFO Channel 35/0 : 1[0] -> 2[0] [receive] via NET/IB/3
node2:64:64 [0] NCCL INFO Channel 36/0 : 1[0] -> 2[0] [receive] via NET/IB/0
node2:64:64 [0] NCCL INFO Channel 37/0 : 1[0] -> 2[0] [receive] via NET/IB/1
node2:64:64 [0] NCCL INFO Channel 38/0 : 1[0] -> 2[0] [receive] via NET/IB/2
node2:64:64 [0] NCCL INFO Channel 39/0 : 1[0] -> 2[0] [receive] via NET/IB/3
node2:64:64 [0] NCCL INFO Channel 40/0 : 1[0] -> 2[0] [receive] via NET/IB/0
node2:64:64 [0] NCCL INFO Channel 41/0 : 1[0] -> 2[0] [receive] via NET/IB/1
node2:64:64 [0] NCCL INFO Channel 42/0 : 1[0] -> 2[0] [receive] via NET/IB/2
node2:64:64 [0] NCCL INFO Channel 43/0 : 1[0] -> 2[0] [receive] via NET/IB/3
node2:64:64 [0] NCCL INFO Channel 44/0 : 1[0] -> 2[0] [receive] via NET/IB/0
node2:64:64 [0] NCCL INFO Channel 45/0 : 1[0] -> 2[0] [receive] via NET/IB/1
node2:64:64 [0] NCCL INFO Channel 46/0 : 1[0] -> 2[0] [receive] via NET/IB/2
node2:64:64 [0] NCCL INFO Channel 47/0 : 1[0] -> 2[0] [receive] via NET/IB/3
node2:64:64 [0] NCCL INFO Channel 48/0 : 1[0] -> 2[0] [receive] via NET/IB/0
node2:64:64 [0] NCCL INFO Channel 49/0 : 1[0] -> 2[0] [receive] via NET/IB/1
node2:64:64 [0] NCCL INFO Channel 50/0 : 1[0] -> 2[0] [receive] via NET/IB/2
node2:64:64 [0] NCCL INFO Channel 51/0 : 1[0] -> 2[0] [receive] via NET/IB/3
node2:64:64 [0] NCCL INFO Channel 52/0 : 1[0] -> 2[0] [receive] via NET/IB/0
node2:64:64 [0] NCCL INFO Channel 53/0 : 1[0] -> 2[0] [receive] via NET/IB/1
node2:64:64 [0] NCCL INFO Channel 54/0 : 1[0] -> 2[0] [receive] via NET/IB/2
node2:64:64 [0] NCCL INFO Channel 55/0 : 1[0] -> 2[0] [receive] via NET/IB/3
node2:64:64 [0] NCCL INFO Channel 56/0 : 1[0] -> 2[0] [receive] via NET/IB/0
node2:64:64 [0] NCCL INFO Channel 57/0 : 1[0] -> 2[0] [receive] via NET/IB/1
node2:64:64 [0] NCCL INFO Channel 58/0 : 1[0] -> 2[0] [receive] via NET/IB/2
node2:64:64 [0] NCCL INFO Channel 59/0 : 1[0] -> 2[0] [receive] via NET/IB/3
node2:64:64 [0] NCCL INFO Channel 60/0 : 1[0] -> 2[0] [receive] via NET/IB/0
node2:64:64 [0] NCCL INFO Channel 61/0 : 1[0] -> 2[0] [receive] via NET/IB/1
node2:64:64 [0] NCCL INFO Channel 62/0 : 1[0] -> 2[0] [receive] via NET/IB/2
node2:64:64 [0] NCCL INFO Channel 63/0 : 1[0] -> 2[0] [receive] via NET/IB/3
node2:64:64 [0] NCCL INFO Channel 00/0 : 2[0] -> 0[0] [send] via NET/IB/0
node2:64:64 [0] NCCL INFO Channel 01/0 : 2[0] -> 0[0] [send] via NET/IB/1
node2:64:64 [0] NCCL INFO Channel 02/0 : 2[0] -> 0[0] [send] via NET/IB/2
node2:64:64 [0] NCCL INFO Channel 03/0 : 2[0] -> 0[0] [send] via NET/IB/3
node2:64:64 [0] NCCL INFO Channel 04/0 : 2[0] -> 0[0] [send] via NET/IB/0
node2:64:64 [0] NCCL INFO Channel 05/0 : 2[0] -> 0[0] [send] via NET/IB/1
node2:64:64 [0] NCCL INFO Channel 06/0 : 2[0] -> 0[0] [send] via NET/IB/2
node2:64:64 [0] NCCL INFO Channel 07/0 : 2[0] -> 0[0] [send] via NET/IB/3
node2:64:64 [0] NCCL INFO Channel 08/0 : 2[0] -> 0[0] [send] via NET/IB/0
node2:64:64 [0] NCCL INFO Channel 09/0 : 2[0] -> 0[0] [send] via NET/IB/1
node2:64:64 [0] NCCL INFO Channel 10/0 : 2[0] -> 0[0] [send] via NET/IB/2
node2:64:64 [0] NCCL INFO Channel 11/0 : 2[0] -> 0[0] [send] via NET/IB/3
node2:64:64 [0] NCCL INFO Channel 12/0 : 2[0] -> 0[0] [send] via NET/IB/0
node2:64:64 [0] NCCL INFO Channel 13/0 : 2[0] -> 0[0] [send] via NET/IB/1
node2:64:64 [0] NCCL INFO Channel 14/0 : 2[0] -> 0[0] [send] via NET/IB/2
node2:64:64 [0] NCCL INFO Channel 15/0 : 2[0] -> 0[0] [send] via NET/IB/3
node2:64:64 [0] NCCL INFO Channel 16/0 : 2[0] -> 0[0] [send] via NET/IB/0
node2:64:64 [0] NCCL INFO Channel 17/0 : 2[0] -> 0[0] [send] via NET/IB/1
node2:64:64 [0] NCCL INFO Channel 18/0 : 2[0] -> 0[0] [send] via NET/IB/2
node2:64:64 [0] NCCL INFO Channel 19/0 : 2[0] -> 0[0] [send] via NET/IB/3
node2:64:64 [0] NCCL INFO Channel 20/0 : 2[0] -> 0[0] [send] via NET/IB/0
node2:64:64 [0] NCCL INFO Channel 21/0 : 2[0] -> 0[0] [send] via NET/IB/1
node2:64:64 [0] NCCL INFO Channel 22/0 : 2[0] -> 0[0] [send] via NET/IB/2
node2:64:64 [0] NCCL INFO Channel 23/0 : 2[0] -> 0[0] [send] via NET/IB/3
node2:64:64 [0] NCCL INFO Channel 24/0 : 2[0] -> 0[0] [send] via NET/IB/0
node2:64:64 [0] NCCL INFO Channel 25/0 : 2[0] -> 0[0] [send] via NET/IB/1
node2:64:64 [0] NCCL INFO Channel 26/0 : 2[0] -> 0[0] [send] via NET/IB/2
node2:64:64 [0] NCCL INFO Channel 27/0 : 2[0] -> 0[0] [send] via NET/IB/3
node2:64:64 [0] NCCL INFO Channel 28/0 : 2[0] -> 0[0] [send] via NET/IB/0
node2:64:64 [0] NCCL INFO Channel 29/0 : 2[0] -> 0[0] [send] via NET/IB/1
node2:64:64 [0] NCCL INFO Channel 30/0 : 2[0] -> 0[0] [send] via NET/IB/2
node2:64:64 [0] NCCL INFO Channel 31/0 : 2[0] -> 0[0] [send] via NET/IB/3
node2:64:64 [0] NCCL INFO Channel 32/0 : 2[0] -> 0[0] [send] via NET/IB/0
node2:64:64 [0] NCCL INFO Channel 33/0 : 2[0] -> 0[0] [send] via NET/IB/1
node2:64:64 [0] NCCL INFO Channel 34/0 : 2[0] -> 0[0] [send] via NET/IB/2
node2:64:64 [0] NCCL INFO Channel 35/0 : 2[0] -> 0[0] [send] via NET/IB/3
node2:64:64 [0] NCCL INFO Channel 36/0 : 2[0] -> 0[0] [send] via NET/IB/0
node2:64:64 [0] NCCL INFO Channel 37/0 : 2[0] -> 0[0] [send] via NET/IB/1
node2:64:64 [0] NCCL INFO Channel 38/0 : 2[0] -> 0[0] [send] via NET/IB/2
node2:64:64 [0] NCCL INFO Channel 39/0 : 2[0] -> 0[0] [send] via NET/IB/3
node2:64:64 [0] NCCL INFO Channel 40/0 : 2[0] -> 0[0] [send] via NET/IB/0
node2:64:64 [0] NCCL INFO Channel 41/0 : 2[0] -> 0[0] [send] via NET/IB/1
node2:64:64 [0] NCCL INFO Channel 42/0 : 2[0] -> 0[0] [send] via NET/IB/2
node2:64:64 [0] NCCL INFO Channel 43/0 : 2[0] -> 0[0] [send] via NET/IB/3
node2:64:64 [0] NCCL INFO Channel 44/0 : 2[0] -> 0[0] [send] via NET/IB/0
node2:64:64 [0] NCCL INFO Channel 45/0 : 2[0] -> 0[0] [send] via NET/IB/1
node2:64:64 [0] NCCL INFO Channel 46/0 : 2[0] -> 0[0] [send] via NET/IB/2
node2:64:64 [0] NCCL INFO Channel 47/0 : 2[0] -> 0[0] [send] via NET/IB/3
node2:64:64 [0] NCCL INFO Channel 48/0 : 2[0] -> 0[0] [send] via NET/IB/0
node2:64:64 [0] NCCL INFO Channel 49/0 : 2[0] -> 0[0] [send] via NET/IB/1
node2:64:64 [0] NCCL INFO Channel 50/0 : 2[0] -> 0[0] [send] via NET/IB/2
node2:64:64 [0] NCCL INFO Channel 51/0 : 2[0] -> 0[0] [send] via NET/IB/3
node2:64:64 [0] NCCL INFO Channel 52/0 : 2[0] -> 0[0] [send] via NET/IB/0
node2:64:64 [0] NCCL INFO Channel 53/0 : 2[0] -> 0[0] [send] via NET/IB/1
node2:64:64 [0] NCCL INFO Channel 54/0 : 2[0] -> 0[0] [send] via NET/IB/2
node2:64:64 [0] NCCL INFO Channel 55/0 : 2[0] -> 0[0] [send] via NET/IB/3
node2:64:64 [0] NCCL INFO Channel 56/0 : 2[0] -> 0[0] [send] via NET/IB/0
node2:64:64 [0] NCCL INFO Channel 57/0 : 2[0] -> 0[0] [send] via NET/IB/1
node2:64:64 [0] NCCL INFO Channel 58/0 : 2[0] -> 0[0] [send] via NET/IB/2
node2:64:64 [0] NCCL INFO Channel 59/0 : 2[0] -> 0[0] [send] via NET/IB/3
node2:64:64 [0] NCCL INFO Channel 60/0 : 2[0] -> 0[0] [send] via NET/IB/0
node2:64:64 [0] NCCL INFO Channel 61/0 : 2[0] -> 0[0] [send] via NET/IB/1
node2:64:64 [0] NCCL INFO Channel 62/0 : 2[0] -> 0[0] [send] via NET/IB/2
node2:64:64 [0] NCCL INFO Channel 63/0 : 2[0] -> 0[0] [send] via NET/IB/3
node2:64:74 [0] NCCL INFO NET/IB: ncclIbResiliencyInit: Resiliency is disabled on the send communicator (comm=0xe6284803d000)
node2:64:74 [0] NCCL INFO NET/IB: ncclIbResiliencyInit: Resiliency is disabled on the recv communicator (comm=0xe62848081000)
node2:64:74 [0] NCCL INFO NET/IB: ncclIbRecvCommInit: Receive work requests will be posted on-demand
node2:64:74 [0] NCCL INFO NET/IB: Subnet-aware routing: overriding dev 1 with dev 0
node2:64:74 [0] NCCL INFO NET/IB: ncclIbResiliencyInit: Resiliency is disabled on the send communicator (comm=0xe628480c9000)
node2:64:74 [0] NCCL INFO NET/IB: Subnet-aware routing: overriding dev 1 with dev 0
node2:64:74 [0] NCCL INFO NET/IB: ncclIbResiliencyInit: Resiliency is disabled on the recv communicator (comm=0xe6284810d000)
node2:64:74 [0] NCCL INFO NET/IB: ncclIbRecvCommInit: Receive work requests will be posted on-demand
node2:64:74 [0] NCCL INFO NET/IB: Subnet-aware routing: overriding dev 1 with dev 0
node2:64:74 [0] NCCL INFO NET/IB: ncclIbResiliencyInit: Resiliency is disabled on the send communicator (comm=0xe62848155000)
node2:64:74 [0] NCCL INFO NET/IB: ncclIbSenderQpsCreate: QP created: port=1 dev=0 devName=rocep1s0f0 ndevs=4 nmdevs=4 qp_num=40726 pkey=0 pd=0xe6284807dd30 oooRq=0
node2:64:74 [0] NCCL INFO NET/IB: ncclIbConnectImpl: NCCL Dev 0 IbDev 0 Port 1 qp_num 40726 mtu 5 GID 6 (0/265A8C0FFFF0000) ctsFifoRkey=0x14a262 ctsFifoLkey=0x14a262
node2:64:74 [0] NCCL INFO NET/IB: ncclIbConnectImpl: IbDev 0 Port 1 qp_num 40726 query_ece={supported=1, vendor_id=0x15b3, options=0x30000002, comp_mask=0x0}
node2:64:74 [0] NCCL INFO NET/IB: Subnet-aware routing: overriding dev 1 with dev 0
node2:64:74 [0] NCCL INFO NET/IB: ncclIbResiliencyInit: Resiliency is disabled on the recv communicator (comm=0xe628481d5000)
node2:64:74 [0] NCCL INFO NET/IB: ncclIbRecvCommInit: Receive work requests will be posted on-demand
node2:64:74 [0] NCCL INFO NET/IB: Subnet-aware routing: overriding dev 0 with dev 1
node2:64:74 [0] NCCL INFO NET/IB: ncclIbReceiverQpsCreateToRts: QP created: port=1 dev=1 devName=rocep1s0f1 ndevs=4 nmdevs=4 qp_num=39778 pkey=0 pd=0xe6284819eba0 oooRq=0
node2:64:74 [0] NCCL INFO NET/IB: ncclIbReceiverQpsCreateToRts: Flush QP created: port=1 dev=1 devName=rocep1s0f1 ndevs=4 nmdevs=4 qp_num=39779 pkey=0 pd=0xe6284819eba0
node2:64:74 [0] NCCL INFO NET/IB: Subnet-aware routing: overriding dev 1 with dev 0
node2:64:74 [0] NCCL INFO NET/IB: ncclIbSenderQpsCreate: QP created: port=1 dev=0 devName=rocep1s0f0 ndevs=4 nmdevs=4 qp_num=40727 pkey=0 pd=0xe6284807dd30 oooRq=0
node2:64:74 [0] NCCL INFO NET/IB: ncclIbConnectImpl: NCCL Dev 0 IbDev 0 Port 1 qp_num 40727 mtu 5 GID 6 (0/265A8C0FFFF0000) ctsFifoRkey=0x168a48 ctsFifoLkey=0x168a48
node2:64:74 [0] NCCL INFO NET/IB: ncclIbConnectImpl: IbDev 0 Port 1 qp_num 40727 query_ece={supported=1, vendor_id=0x15b3, options=0x30000002, comp_mask=0x0}
node2:64:74 [0] NCCL INFO NET/IB: ncclIbReceiverQpsCreateToRts: QP created: port=1 dev=1 devName=rocep1s0f1 ndevs=4 nmdevs=4 qp_num=39780 pkey=0 pd=0xe6284819eba0 oooRq=0
node2:64:74 [0] NCCL INFO NET/IB: ncclIbReceiverQpsCreateToRts: Flush QP created: port=1 dev=1 devName=rocep1s0f1 ndevs=4 nmdevs=4 qp_num=39781 pkey=0 pd=0xe6284819eba0
node2:64:74 [0] NCCL INFO NET/IB: Subnet-aware routing: overriding dev 3 with dev 2
node2:64:74 [0] NCCL INFO NET/IB: ncclIbResiliencyInit: Resiliency is disabled on the send communicator (comm=0xe628482fd000)
node2:64:74 [0] NCCL INFO NET/IB: Subnet-aware routing: overriding dev 1 with dev 0
node2:64:74 [0] NCCL INFO NET/IB: ncclIbSenderQpsCreate: QP created: port=1 dev=2 devName=roceP2p1s0f0 ndevs=4 nmdevs=4 qp_num=1964 pkey=0 pd=0xe628482e8d50 oooRq=0
node2:64:74 [0] NCCL INFO NET/IB: ncclIbConnectImpl: NCCL Dev 2 IbDev 2 Port 1 qp_num 1964 mtu 5 GID 3 (0/26FA8C0FFFF0000) ctsFifoRkey=0x192523 ctsFifoLkey=0x192523
node2:64:74 [0] NCCL INFO NET/IB: ncclIbConnectImpl: IbDev 2 Port 1 qp_num 1964 query_ece={supported=1, vendor_id=0x15b3, options=0x30000002, comp_mask=0x0}
node2:64:74 [0] NCCL INFO NET/IB: Subnet-aware routing: overriding dev 3 with dev 2
node2:64:74 [0] NCCL INFO NET/IB: ncclIbResiliencyInit: Resiliency is disabled on the recv communicator (comm=0xe62848377000)
node2:64:74 [0] NCCL INFO NET/IB: ncclIbRecvCommInit: Receive work requests will be posted on-demand
node2:64:74 [0] NCCL INFO NET/IB: ncclIbSenderQpsToRts: Set ECE: IbDev 0 Port 1 qp_num 40726 set_ece={supported=1, vendor_id=0x15b3, options=0x30000002, comp_mask=0x0}
node2:64:74 [0] NCCL INFO NET/IB: Subnet-aware routing: overriding dev 1 with dev 0
node2:64:74 [0] NCCL INFO NET/IB: ncclIbSenderQpsToRts: Set ECE: IbDev 0 Port 1 qp_num 40727 set_ece={supported=1, vendor_id=0x15b3, options=0x30000002, comp_mask=0x0}
node2:64:74 [0] NCCL INFO NET/IB: Subnet-aware routing: overriding dev 3 with dev 2
node2:64:74 [0] NCCL INFO NET/IB: ncclIbResiliencyInit: Resiliency is disabled on the send communicator (comm=0xe628483bf000)
node2:64:74 [0] NCCL INFO NET/IB: Subnet-aware routing: overriding dev 3 with dev 2
node2:64:74 [0] NCCL INFO NET/IB: ncclIbResiliencyInit: Resiliency is disabled on the recv communicator (comm=0xe62848403000)
node2:64:74 [0] NCCL INFO NET/IB: ncclIbRecvCommInit: Receive work requests will be posted on-demand
node2:64:74 [0] NCCL INFO NET/IB: ncclIbSenderQpsToRts: Set ECE: IbDev 2 Port 1 qp_num 1964 set_ece={supported=1, vendor_id=0x15b3, options=0x30000002, comp_mask=0x0}
node2:64:74 [0] NCCL INFO NET/IB: Subnet-aware routing: overriding dev 3 with dev 2
node2:64:74 [0] NCCL INFO NET/IB: ncclIbSenderQpsCreate: QP created: port=1 dev=2 devName=roceP2p1s0f0 ndevs=4 nmdevs=4 qp_num=1965 pkey=0 pd=0xe628482e8d50 oooRq=0
node2:64:74 [0] NCCL INFO NET/IB: ncclIbConnectImpl: NCCL Dev 2 IbDev 2 Port 1 qp_num 1965 mtu 5 GID 3 (0/26FA8C0FFFF0000) ctsFifoRkey=0x19372e ctsFifoLkey=0x19372e
node2:64:74 [0] NCCL INFO NET/IB: ncclIbConnectImpl: IbDev 2 Port 1 qp_num 1965 query_ece={supported=1, vendor_id=0x15b3, options=0x30000002, comp_mask=0x0}
node2:64:74 [0] NCCL INFO NET/IB: Subnet-aware routing: overriding dev 1 with dev 0
node2:64:74 [0] NCCL INFO NET/IB: ncclIbResiliencyInit: Resiliency is disabled on the send communicator (comm=0xe62848479000)
node2:64:74 [0] NCCL INFO NET/IB: Subnet-aware routing: overriding dev 3 with dev 2
node2:64:74 [0] NCCL INFO NET/IB: Subnet-aware routing: overriding dev 1 with dev 0
node2:64:74 [0] NCCL INFO NET/IB: ncclIbResiliencyInit: Resiliency is disabled on the recv communicator (comm=0xe628484ba000)
node2:64:74 [0] NCCL INFO NET/IB: ncclIbRecvCommInit: Receive work requests will be posted on-demand
node2:64:74 [0] NCCL INFO NET/IB: Subnet-aware routing: overriding dev 3 with dev 2
node2:64:74 [0] NCCL INFO NET/IB: ncclIbSenderQpsCreate: QP created: port=1 dev=0 devName=rocep1s0f0 ndevs=4 nmdevs=4 qp_num=40728 pkey=0 pd=0xe6284807dd30 oooRq=0
node2:64:74 [0] NCCL INFO NET/IB: ncclIbConnectImpl: NCCL Dev 0 IbDev 0 Port 1 qp_num 40728 mtu 5 GID 6 (0/265A8C0FFFF0000) ctsFifoRkey=0x16c382 ctsFifoLkey=0x16c382
node2:64:74 [0] NCCL INFO NET/IB: ncclIbConnectImpl: IbDev 0 Port 1 qp_num 40728 query_ece={supported=1, vendor_id=0x15b3, options=0x30000002, comp_mask=0x0}
node2:64:74 [0] NCCL INFO NET/IB: Subnet-aware routing: overriding dev 1 with dev 0
node2:64:74 [0] NCCL INFO NET/IB: ncclIbResiliencyInit: Resiliency is disabled on the send communicator (comm=0xe62848535000)
node2:64:74 [0] NCCL INFO NET/IB: Subnet-aware routing: overriding dev 3 with dev 2
node2:64:74 [0] NCCL INFO NET/IB: ncclIbSenderQpsToRts: Set ECE: IbDev 2 Port 1 qp_num 1965 set_ece={supported=1, vendor_id=0x15b3, options=0x30000002, comp_mask=0x0}
node2:64:74 [0] NCCL INFO NET/IB: Subnet-aware routing: overriding dev 1 with dev 0
node2:64:74 [0] NCCL INFO NET/IB: ncclIbResiliencyInit: Resiliency is disabled on the recv communicator (comm=0xe62848579000)
node2:64:74 [0] NCCL INFO NET/IB: ncclIbRecvCommInit: Receive work requests will be posted on-demand
node2:64:74 [0] NCCL INFO NET/IB: Subnet-aware routing: overriding dev 1 with dev 0
node2:64:74 [0] NCCL INFO NET/IB: Subnet-aware routing: overriding dev 3 with dev 2
node2:64:74 [0] NCCL INFO NET/IB: ncclIbResiliencyInit: Resiliency is disabled on the send communicator (comm=0xe628485c1000)
node2:64:74 [0] NCCL INFO NET/IB: Subnet-aware routing: overriding dev 1 with dev 0
node2:64:74 [0] NCCL INFO NET/IB: Subnet-aware routing: overriding dev 3 with dev 2
node2:64:74 [0] NCCL INFO NET/IB: ncclIbResiliencyInit: Resiliency is disabled on the recv communicator (comm=0xe62848605000)
node2:64:74 [0] NCCL INFO NET/IB: ncclIbRecvCommInit: Receive work requests will be posted on-demand
node2:64:74 [0] NCCL INFO NET/IB: Subnet-aware routing: overriding dev 1 with dev 0
node2:64:74 [0] NCCL INFO NET/IB: Subnet-aware routing: overriding dev 3 with dev 2
node2:64:74 [0] NCCL INFO NET/IB: ncclIbResiliencyInit: Resiliency is disabled on the send communicator (comm=0xe6284864d000)
node2:64:74 [0] NCCL INFO NET/IB: Subnet-aware routing: overriding dev 2 with dev 3
node2:64:74 [0] NCCL INFO NET/IB: ncclIbReceiverQpsCreateToRts: QP created: port=1 dev=3 devName=roceP2p1s0f1 ndevs=4 nmdevs=4 qp_num=2379 pkey=0 pd=0xe62848534e20 oooRq=0
node2:64:74 [0] NCCL INFO NET/IB: ncclIbReceiverQpsCreateToRts: Flush QP created: port=1 dev=3 devName=roceP2p1s0f1 ndevs=4 nmdevs=4 qp_num=2380 pkey=0 pd=0xe62848534e20
node2:64:74 [0] NCCL INFO NET/IB: ncclIbSenderQpsToRts: Set ECE: IbDev 0 Port 1 qp_num 40728 set_ece={supported=1, vendor_id=0x15b3, options=0x30000002, comp_mask=0x0}
node2:64:74 [0] NCCL INFO NET/IB: Subnet-aware routing: overriding dev 1 with dev 0
node2:64:74 [0] NCCL INFO NET/IB: ncclIbSenderQpsCreate: QP created: port=1 dev=0 devName=rocep1s0f0 ndevs=4 nmdevs=4 qp_num=40729 pkey=0 pd=0xe6284807dd30 oooRq=0
node2:64:74 [0] NCCL INFO NET/IB: ncclIbConnectImpl: NCCL Dev 0 IbDev 0 Port 1 qp_num 40729 mtu 5 GID 6 (0/265A8C0FFFF0000) ctsFifoRkey=0x1410cd ctsFifoLkey=0x1410cd
node2:64:74 [0] NCCL INFO NET/IB: ncclIbConnectImpl: IbDev 0 Port 1 qp_num 40729 query_ece={supported=1, vendor_id=0x15b3, options=0x30000002, comp_mask=0x0}
node2:64:74 [0] NCCL INFO NET/IB: ncclIbSenderQpsCreate: QP created: port=1 dev=2 devName=roceP2p1s0f0 ndevs=4 nmdevs=4 qp_num=1966 pkey=0 pd=0xe628482e8d50 oooRq=0
node2:64:74 [0] NCCL INFO NET/IB: ncclIbConnectImpl: NCCL Dev 2 IbDev 2 Port 1 qp_num 1966 mtu 5 GID 3 (0/26FA8C0FFFF0000) ctsFifoRkey=0x196461 ctsFifoLkey=0x196461
node2:64:74 [0] NCCL INFO NET/IB: ncclIbConnectImpl: IbDev 2 Port 1 qp_num 1966 query_ece={supported=1, vendor_id=0x15b3, options=0x30000002, comp_mask=0x0}
node2:64:74 [0] NCCL INFO NET/IB: Subnet-aware routing: overriding dev 3 with dev 2
node2:64:74 [0] NCCL INFO NET/IB: ncclIbSenderQpsCreate: QP created: port=1 dev=2 devName=roceP2p1s0f0 ndevs=4 nmdevs=4 qp_num=1967 pkey=0 pd=0xe628482e8d50 oooRq=0
node2:64:74 [0] NCCL INFO NET/IB: ncclIbConnectImpl: NCCL Dev 2 IbDev 2 Port 1 qp_num 1967 mtu 5 GID 3 (0/26FA8C0FFFF0000) ctsFifoRkey=0x19726c ctsFifoLkey=0x19726c
node2:64:74 [0] NCCL INFO NET/IB: ncclIbConnectImpl: IbDev 2 Port 1 qp_num 1967 query_ece={supported=1, vendor_id=0x15b3, options=0x30000002, comp_mask=0x0}
node2:64:74 [0] NCCL INFO NET/IB: ncclIbResiliencyInit: Resiliency is disabled on the recv communicator (comm=0xe6284877d000)
node2:64:74 [0] NCCL INFO NET/IB: ncclIbRecvCommInit: Receive work requests will be posted on-demand
node2:64:74 [0] NCCL INFO NET/IB: ncclIbReceiverQpsCreateToRts: QP created: port=1 dev=3 devName=roceP2p1s0f1 ndevs=4 nmdevs=4 qp_num=2381 pkey=0 pd=0xe62848534e20 oooRq=0
node2:64:74 [0] NCCL INFO NET/IB: ncclIbReceiverQpsCreateToRts: Flush QP created: port=1 dev=3 devName=roceP2p1s0f1 ndevs=4 nmdevs=4 qp_num=2382 pkey=0 pd=0xe62848534e20
node2:64:74 [0] NCCL INFO NET/IB: Subnet-aware routing: overriding dev 1 with dev 0
node2:64:74 [0] NCCL INFO NET/IB: Subnet-aware routing: overriding dev 3 with dev 2
node2:64:74 [0] NCCL INFO NET/IB: Subnet-aware routing: overriding dev 1 with dev 0
node2:64:74 [0] NCCL INFO NET/IB: ncclIbResiliencyInit: Resiliency is disabled on the send communicator (comm=0xe62848818000)
node2:64:74 [0] NCCL INFO NET/IB: Subnet-aware routing: overriding dev 1 with dev 0
node2:64:74 [0] NCCL INFO NET/IB: Subnet-aware routing: overriding dev 3 with dev 2
node2:64:74 [0] NCCL INFO NET/IB: Subnet-aware routing: overriding dev 1 with dev 0
node2:64:74 [0] NCCL INFO NET/IB: ncclIbResiliencyInit: Resiliency is disabled on the recv communicator (comm=0xe6284885c000)
node2:64:74 [0] NCCL INFO NET/IB: ncclIbRecvCommInit: Receive work requests will be posted on-demand
node2:64:74 [0] NCCL INFO NET/IB: Subnet-aware routing: overriding dev 1 with dev 0
node2:64:74 [0] NCCL INFO NET/IB: ncclIbSenderQpsToRts: Set ECE: IbDev 0 Port 1 qp_num 40729 set_ece={supported=1, vendor_id=0x15b3, options=0x30000002, comp_mask=0x0}
node2:64:74 [0] NCCL INFO NET/IB: ncclIbSenderQpsToRts: Set ECE: IbDev 2 Port 1 qp_num 1966 set_ece={supported=1, vendor_id=0x15b3, options=0x30000002, comp_mask=0x0}
node2:64:74 [0] NCCL INFO NET/IB: Subnet-aware routing: overriding dev 3 with dev 2
node2:64:74 [0] NCCL INFO NET/IB: ncclIbSenderQpsToRts: Set ECE: IbDev 2 Port 1 qp_num 1967 set_ece={supported=1, vendor_id=0x15b3, options=0x30000002, comp_mask=0x0}
node2:64:74 [0] NCCL INFO NET/IB: ncclIbReceiverQpsCreateToRts: QP created: port=1 dev=3 devName=roceP2p1s0f1 ndevs=4 nmdevs=4 qp_num=2383 pkey=0 pd=0xe62848534e20 oooRq=0
node2:64:74 [0] NCCL INFO NET/IB: ncclIbReceiverQpsCreateToRts: Flush QP created: port=1 dev=3 devName=roceP2p1s0f1 ndevs=4 nmdevs=4 qp_num=2384 pkey=0 pd=0xe62848534e20
node2:64:74 [0] NCCL INFO NET/IB: ncclIbSenderQpsCreate: QP created: port=1 dev=0 devName=rocep1s0f0 ndevs=4 nmdevs=4 qp_num=40730 pkey=0 pd=0xe6284807dd30 oooRq=0
node2:64:74 [0] NCCL INFO NET/IB: ncclIbConnectImpl: NCCL Dev 0 IbDev 0 Port 1 qp_num 40730 mtu 5 GID 6 (0/265A8C0FFFF0000) ctsFifoRkey=0x15c278 ctsFifoLkey=0x15c278
node2:64:74 [0] NCCL INFO NET/IB: ncclIbConnectImpl: IbDev 0 Port 1 qp_num 40730 query_ece={supported=1, vendor_id=0x15b3, options=0x30000002, comp_mask=0x0}
node2:64:74 [0] NCCL INFO NET/IB: Subnet-aware routing: overriding dev 0 with dev 1
node2:64:74 [0] NCCL INFO NET/IB: ncclIbReceiverQpsCreateToRts: QP created: port=1 dev=1 devName=rocep1s0f1 ndevs=4 nmdevs=4 qp_num=39782 pkey=0 pd=0xe6284819eba0 oooRq=0
node2:64:74 [0] NCCL INFO NET/IB: ncclIbReceiverQpsCreateToRts: Flush QP created: port=1 dev=1 devName=rocep1s0f1 ndevs=4 nmdevs=4 qp_num=39783 pkey=0 pd=0xe6284819eba0
node2:64:74 [0] NCCL INFO NET/IB: Subnet-aware routing: overriding dev 1 with dev 0
node2:64:74 [0] NCCL INFO NET/IB: ncclIbReceiverQpsCreateToRts: QP created: port=1 dev=1 devName=rocep1s0f1 ndevs=4 nmdevs=4 qp_num=39784 pkey=0 pd=0xe6284819eba0 oooRq=0
node2:64:74 [0] NCCL INFO NET/IB: ncclIbReceiverQpsCreateToRts: Flush QP created: port=1 dev=1 devName=rocep1s0f1 ndevs=4 nmdevs=4 qp_num=39785 pkey=0 pd=0xe6284819eba0
node2:64:74 [0] NCCL INFO NET/IB: ncclIbResiliencyInit: Resiliency is disabled on the send communicator (comm=0xe628489bf000)
node2:64:74 [0] NCCL INFO NET/IB: Subnet-aware routing: overriding dev 0 with dev 1
node2:64:74 [0] NCCL INFO NET/IB: ncclIbReceiverQpsCreateToRts: QP created: port=1 dev=1 devName=rocep1s0f1 ndevs=4 nmdevs=4 qp_num=39786 pkey=0 pd=0xe6284819eba0 oooRq=0
node2:64:74 [0] NCCL INFO NET/IB: ncclIbReceiverQpsCreateToRts: Flush QP created: port=1 dev=1 devName=rocep1s0f1 ndevs=4 nmdevs=4 qp_num=39787 pkey=0 pd=0xe6284819eba0
node2:64:74 [0] NCCL INFO NET/IB: ncclIbReceiverQpsCreateToRts: QP created: port=1 dev=1 devName=rocep1s0f1 ndevs=4 nmdevs=4 qp_num=39788 pkey=0 pd=0xe6284819eba0 oooRq=0
node2:64:74 [0] NCCL INFO NET/IB: ncclIbReceiverQpsCreateToRts: Flush QP created: port=1 dev=1 devName=rocep1s0f1 ndevs=4 nmdevs=4 qp_num=39789 pkey=0 pd=0xe6284819eba0
node2:64:74 [0] NCCL INFO NET/IB: Subnet-aware routing: overriding dev 2 with dev 3
node2:64:74 [0] NCCL INFO NET/IB: ncclIbReceiverQpsCreateToRts: QP created: port=1 dev=3 devName=roceP2p1s0f1 ndevs=4 nmdevs=4 qp_num=2385 pkey=0 pd=0xe62848534e20 oooRq=0
node2:64:74 [0] NCCL INFO NET/IB: ncclIbReceiverQpsCreateToRts: Flush QP created: port=1 dev=3 devName=roceP2p1s0f1 ndevs=4 nmdevs=4 qp_num=2386 pkey=0 pd=0xe62848534e20
node2:64:74 [0] NCCL INFO NET/IB: ncclIbSenderQpsToRts: Set ECE: IbDev 0 Port 1 qp_num 40730 set_ece={supported=1, vendor_id=0x15b3, options=0x30000002, comp_mask=0x0}
node2:64:74 [0] NCCL INFO NET/IB: Subnet-aware routing: overriding dev 1 with dev 0
node2:64:74 [0] NCCL INFO NET/IB: ncclIbSenderQpsCreate: QP created: port=1 dev=0 devName=rocep1s0f0 ndevs=4 nmdevs=4 qp_num=40731 pkey=0 pd=0xe6284807dd30 oooRq=0
node2:64:74 [0] NCCL INFO NET/IB: ncclIbConnectImpl: NCCL Dev 0 IbDev 0 Port 1 qp_num 40731 mtu 5 GID 6 (0/265A8C0FFFF0000) ctsFifoRkey=0x1d56d4 ctsFifoLkey=0x1d56d4
node2:64:74 [0] NCCL INFO NET/IB: ncclIbConnectImpl: IbDev 0 Port 1 qp_num 40731 query_ece={supported=1, vendor_id=0x15b3, options=0x30000002, comp_mask=0x0}
node2:64:74 [0] NCCL INFO NET/IB: ncclIbResiliencyInit: Resiliency is disabled on the recv communicator (comm=0xe62848b21000)
node2:64:74 [0] NCCL INFO NET/IB: ncclIbRecvCommInit: Receive work requests will be posted on-demand
node2:64:74 [0] NCCL INFO NET/IB: Subnet-aware routing: overriding dev 1 with dev 0
node2:64:74 [0] NCCL INFO NET/IB: Subnet-aware routing: overriding dev 3 with dev 2
node2:64:74 [0] NCCL INFO NET/IB: ncclIbResiliencyInit: Resiliency is disabled on the send communicator (comm=0xe62848b69000)
node2:64:74 [0] NCCL INFO NET/IB: Subnet-aware routing: overriding dev 1 with dev 0
node2:64:74 [0] NCCL INFO NET/IB: Subnet-aware routing: overriding dev 3 with dev 2
node2:64:74 [0] NCCL INFO NET/IB: ncclIbResiliencyInit: Resiliency is disabled on the recv communicator (comm=0xe62848bad000)
node2:64:74 [0] NCCL INFO NET/IB: ncclIbRecvCommInit: Receive work requests will be posted on-demand
node2:64:74 [0] NCCL INFO NET/IB: Subnet-aware routing: overriding dev 1 with dev 0
node2:64:74 [0] NCCL INFO NET/IB: Subnet-aware routing: overriding dev 3 with dev 2
node2:64:74 [0] NCCL INFO NET/IB: ncclIbResiliencyInit: Resiliency is disabled on the send communicator (comm=0xe62848bf5000)
node2:64:74 [0] NCCL INFO NET/IB: Subnet-aware routing: overriding dev 1 with dev 0
node2:64:74 [0] NCCL INFO NET/IB: Subnet-aware routing: overriding dev 3 with dev 2
node2:64:74 [0] NCCL INFO NET/IB: ncclIbResiliencyInit: Resiliency is disabled on the recv communicator (comm=0xe62848c39000)
node2:64:74 [0] NCCL INFO NET/IB: ncclIbRecvCommInit: Receive work requests will be posted on-demand
node2:64:74 [0] NCCL INFO NET/IB: Subnet-aware routing: overriding dev 1 with dev 0
node2:64:74 [0] NCCL INFO NET/IB: Subnet-aware routing: overriding dev 3 with dev 2
node2:64:74 [0] NCCL INFO NET/IB: Subnet-aware routing: overriding dev 1 with dev 0
node2:64:74 [0] NCCL INFO NET/IB: ncclIbResiliencyInit: Resiliency is disabled on the send communicator (comm=0xe62848c81000)
node2:64:74 [0] NCCL INFO NET/IB: Subnet-aware routing: overriding dev 1 with dev 0
node2:64:74 [0] NCCL INFO NET/IB: ncclIbSenderQpsToRts: Set ECE: IbDev 0 Port 1 qp_num 40731 set_ece={supported=1, vendor_id=0x15b3, options=0x30000002, comp_mask=0x0}
node2:64:74 [0] NCCL INFO NET/IB: ncclIbSenderQpsCreate: QP created: port=1 dev=2 devName=roceP2p1s0f0 ndevs=4 nmdevs=4 qp_num=1968 pkey=0 pd=0xe628482e8d50 oooRq=0
node2:64:74 [0] NCCL INFO NET/IB: ncclIbConnectImpl: NCCL Dev 2 IbDev 2 Port 1 qp_num 1968 mtu 5 GID 3 (0/26FA8C0FFFF0000) ctsFifoRkey=0x19867f ctsFifoLkey=0x19867f
node2:64:74 [0] NCCL INFO NET/IB: ncclIbConnectImpl: IbDev 2 Port 1 qp_num 1968 query_ece={supported=1, vendor_id=0x15b3, options=0x30000002, comp_mask=0x0}
node2:64:74 [0] NCCL INFO NET/IB: Subnet-aware routing: overriding dev 3 with dev 2
node2:64:74 [0] NCCL INFO NET/IB: Subnet-aware routing: overriding dev 1 with dev 0
node2:64:74 [0] NCCL INFO NET/IB: ncclIbResiliencyInit: Resiliency is disabled on the recv communicator (comm=0xe62848cf3000)
node2:64:74 [0] NCCL INFO NET/IB: ncclIbRecvCommInit: Receive work requests will be posted on-demand
node2:64:74 [0] NCCL INFO NET/IB: Subnet-aware routing: overriding dev 3 with dev 2
node2:64:74 [0] NCCL INFO NET/IB: Subnet-aware routing: overriding dev 1 with dev 0
node2:64:74 [0] NCCL INFO NET/IB: ncclIbResiliencyInit: Resiliency is disabled on the send communicator (comm=0xe62848d3b000)
node2:64:74 [0] NCCL INFO NET/IB: Subnet-aware routing: overriding dev 3 with dev 2
node2:64:74 [0] NCCL INFO NET/IB: Subnet-aware routing: overriding dev 1 with dev 0
node2:64:74 [0] NCCL INFO NET/IB: ncclIbResiliencyInit: Resiliency is disabled on the recv communicator (comm=0xe62848d7f000)
node2:64:74 [0] NCCL INFO NET/IB: ncclIbRecvCommInit: Receive work requests will be posted on-demand
node2:64:74 [0] NCCL INFO NET/IB: ncclIbSenderQpsToRts: Set ECE: IbDev 2 Port 1 qp_num 1968 set_ece={supported=1, vendor_id=0x15b3, options=0x30000002, comp_mask=0x0}
node2:64:74 [0] NCCL INFO NET/IB: Subnet-aware routing: overriding dev 3 with dev 2
node2:64:74 [0] NCCL INFO NET/IB: ncclIbSenderQpsCreate: QP created: port=1 dev=2 devName=roceP2p1s0f0 ndevs=4 nmdevs=4 qp_num=1969 pkey=0 pd=0xe628482e8d50 oooRq=0
node2:64:74 [0] NCCL INFO NET/IB: ncclIbConnectImpl: NCCL Dev 2 IbDev 2 Port 1 qp_num 1969 mtu 5 GID 3 (0/26FA8C0FFFF0000) ctsFifoRkey=0x19c4c2 ctsFifoLkey=0x19c4c2
node2:64:74 [0] NCCL INFO NET/IB: ncclIbConnectImpl: IbDev 2 Port 1 qp_num 1969 query_ece={supported=1, vendor_id=0x15b3, options=0x30000002, comp_mask=0x0}
node2:64:74 [0] NCCL INFO NET/IB: Subnet-aware routing: overriding dev 1 with dev 0
node2:64:74 [0] NCCL INFO NET/IB: Subnet-aware routing: overriding dev 3 with dev 2
node2:64:74 [0] NCCL INFO NET/IB: ncclIbResiliencyInit: Resiliency is disabled on the send communicator (comm=0xe62848df5000)
node2:64:74 [0] NCCL INFO NET/IB: Subnet-aware routing: overriding dev 3 with dev 2
node2:64:74 [0] NCCL INFO NET/IB: Subnet-aware routing: overriding dev 1 with dev 0
node2:64:74 [0] NCCL INFO NET/IB: Subnet-aware routing: overriding dev 3 with dev 2
node2:64:74 [0] NCCL INFO NET/IB: ncclIbResiliencyInit: Resiliency is disabled on the recv communicator (comm=0xe62848e39000)
node2:64:74 [0] NCCL INFO NET/IB: ncclIbRecvCommInit: Receive work requests will be posted on-demand
node2:64:74 [0] NCCL INFO NET/IB: Subnet-aware routing: overriding dev 3 with dev 2
node2:64:74 [0] NCCL INFO NET/IB: Subnet-aware routing: overriding dev 1 with dev 0
node2:64:74 [0] NCCL INFO NET/IB: Subnet-aware routing: overriding dev 3 with dev 2
node2:64:74 [0] NCCL INFO NET/IB: ncclIbResiliencyInit: Resiliency is disabled on the send communicator (comm=0xe62848e81000)
node2:64:74 [0] NCCL INFO NET/IB: Subnet-aware routing: overriding dev 3 with dev 2
node2:64:74 [0] NCCL INFO NET/IB: ncclIbSenderQpsToRts: Set ECE: IbDev 2 Port 1 qp_num 1969 set_ece={supported=1, vendor_id=0x15b3, options=0x30000002, comp_mask=0x0}
node2:64:74 [0] NCCL INFO NET/IB: ncclIbSenderQpsCreate: QP created: port=1 dev=0 devName=rocep1s0f0 ndevs=4 nmdevs=4 qp_num=40732 pkey=0 pd=0xe6284807dd30 oooRq=0
node2:64:74 [0] NCCL INFO NET/IB: ncclIbConnectImpl: NCCL Dev 0 IbDev 0 Port 1 qp_num 40732 mtu 5 GID 6 (0/265A8C0FFFF0000) ctsFifoRkey=0x173cf0 ctsFifoLkey=0x173cf0
node2:64:74 [0] NCCL INFO NET/IB: ncclIbConnectImpl: IbDev 0 Port 1 qp_num 40732 query_ece={supported=1, vendor_id=0x15b3, options=0x30000002, comp_mask=0x0}
node2:64:74 [0] NCCL INFO NET/IB: Subnet-aware routing: overriding dev 1 with dev 0
node2:64:74 [0] NCCL INFO NET/IB: ncclIbSenderQpsCreate: QP created: port=1 dev=0 devName=rocep1s0f0 ndevs=4 nmdevs=4 qp_num=40733 pkey=0 pd=0xe6284807dd30 oooRq=0
node2:64:74 [0] NCCL INFO NET/IB: ncclIbConnectImpl: NCCL Dev 0 IbDev 0 Port 1 qp_num 40733 mtu 5 GID 6 (0/265A8C0FFFF0000) ctsFifoRkey=0x1624e4 ctsFifoLkey=0x1624e4
node2:64:74 [0] NCCL INFO NET/IB: ncclIbConnectImpl: IbDev 0 Port 1 qp_num 40733 query_ece={supported=1, vendor_id=0x15b3, options=0x30000002, comp_mask=0x0}
node2:64:74 [0] NCCL INFO NET/IB: Subnet-aware routing: overriding dev 3 with dev 2
node2:64:74 [0] NCCL INFO NET/IB: ncclIbResiliencyInit: Resiliency is disabled on the recv communicator (comm=0xe62848f23000)
node2:64:74 [0] NCCL INFO NET/IB: ncclIbRecvCommInit: Receive work requests will be posted on-demand
node2:64:74 [0] NCCL INFO NET/IB: ncclIbSenderQpsToRts: Set ECE: IbDev 0 Port 1 qp_num 40732 set_ece={supported=1, vendor_id=0x15b3, options=0x30000002, comp_mask=0x0}
node2:64:74 [0] NCCL INFO NET/IB: Subnet-aware routing: overriding dev 1 with dev 0
node2:64:74 [0] NCCL INFO NET/IB: ncclIbSenderQpsToRts: Set ECE: IbDev 0 Port 1 qp_num 40733 set_ece={supported=1, vendor_id=0x15b3, options=0x30000002, comp_mask=0x0}
node2:64:74 [0] NCCL INFO NET/IB: Subnet-aware routing: overriding dev 3 with dev 2
node2:64:74 [0] NCCL INFO NET/IB: Subnet-aware routing: overriding dev 1 with dev 0
node2:64:74 [0] NCCL INFO NET/IB: ncclIbResiliencyInit: Resiliency is disabled on the send communicator (comm=0xe62848f6b000)
node2:64:74 [0] NCCL INFO NET/IB: Subnet-aware routing: overriding dev 2 with dev 3
node2:64:74 [0] NCCL INFO NET/IB: ncclIbReceiverQpsCreateToRts: QP created: port=1 dev=3 devName=roceP2p1s0f1 ndevs=4 nmdevs=4 qp_num=2387 pkey=0 pd=0xe62848534e20 oooRq=0
node2:64:74 [0] NCCL INFO NET/IB: ncclIbReceiverQpsCreateToRts: Flush QP created: port=1 dev=3 devName=roceP2p1s0f1 ndevs=4 nmdevs=4 qp_num=2388 pkey=0 pd=0xe62848534e20
node2:64:74 [0] NCCL INFO NET/IB: Subnet-aware routing: overriding dev 0 with dev 1
node2:64:74 [0] NCCL INFO NET/IB: ncclIbReceiverQpsCreateToRts: QP created: port=1 dev=1 devName=rocep1s0f1 ndevs=4 nmdevs=4 qp_num=39790 pkey=0 pd=0xe6284819eba0 oooRq=0
node2:64:74 [0] NCCL INFO NET/IB: ncclIbReceiverQpsCreateToRts: Flush QP created: port=1 dev=1 devName=rocep1s0f1 ndevs=4 nmdevs=4 qp_num=39791 pkey=0 pd=0xe6284819eba0
node2:64:74 [0] NCCL INFO NET/IB: Subnet-aware routing: overriding dev 3 with dev 2
node2:64:74 [0] NCCL INFO NET/IB: Subnet-aware routing: overriding dev 1 with dev 0
node2:64:74 [0] NCCL INFO NET/IB: ncclIbResiliencyInit: Resiliency is disabled on the recv communicator (comm=0xe62849047000)
node2:64:74 [0] NCCL INFO NET/IB: ncclIbRecvCommInit: Receive work requests will be posted on-demand
node2:64:74 [0] NCCL INFO NET/IB: ncclIbSenderQpsCreate: QP created: port=1 dev=2 devName=roceP2p1s0f0 ndevs=4 nmdevs=4 qp_num=1970 pkey=0 pd=0xe628482e8d50 oooRq=0
node2:64:74 [0] NCCL INFO NET/IB: ncclIbConnectImpl: NCCL Dev 2 IbDev 2 Port 1 qp_num 1970 mtu 5 GID 3 (0/26FA8C0FFFF0000) ctsFifoRkey=0x19bbb9 ctsFifoLkey=0x19bbb9
node2:64:74 [0] NCCL INFO NET/IB: ncclIbConnectImpl: IbDev 2 Port 1 qp_num 1970 query_ece={supported=1, vendor_id=0x15b3, options=0x30000002, comp_mask=0x0}
node2:64:74 [0] NCCL INFO NET/IB: Subnet-aware routing: overriding dev 3 with dev 2
node2:64:74 [0] NCCL INFO NET/IB: Subnet-aware routing: overriding dev 1 with dev 0
node2:64:74 [0] NCCL INFO NET/IB: ncclIbResiliencyInit: Resiliency is disabled on the send communicator (comm=0xe628490c1000)
node2:64:74 [0] NCCL INFO NET/IB: ncclIbReceiverQpsCreateToRts: QP created: port=1 dev=1 devName=rocep1s0f1 ndevs=4 nmdevs=4 qp_num=39792 pkey=0 pd=0xe6284819eba0 oooRq=0
node2:64:74 [0] NCCL INFO NET/IB: ncclIbReceiverQpsCreateToRts: Flush QP created: port=1 dev=1 devName=rocep1s0f1 ndevs=4 nmdevs=4 qp_num=39793 pkey=0 pd=0xe6284819eba0
node2:64:74 [0] NCCL INFO NET/IB: Subnet-aware routing: overriding dev 2 with dev 3
node2:64:74 [0] NCCL INFO NET/IB: ncclIbReceiverQpsCreateToRts: QP created: port=1 dev=3 devName=roceP2p1s0f1 ndevs=4 nmdevs=4 qp_num=2389 pkey=0 pd=0xe62848534e20 oooRq=0
node2:64:74 [0] NCCL INFO NET/IB: ncclIbReceiverQpsCreateToRts: Flush QP created: port=1 dev=3 devName=roceP2p1s0f1 ndevs=4 nmdevs=4 qp_num=2390 pkey=0 pd=0xe62848534e20
node2:64:74 [0] NCCL INFO NET/IB: Subnet-aware routing: overriding dev 3 with dev 2
node2:64:74 [0] NCCL INFO NET/IB: ncclIbReceiverQpsCreateToRts: QP created: port=1 dev=3 devName=roceP2p1s0f1 ndevs=4 nmdevs=4 qp_num=2391 pkey=0 pd=0xe62848534e20 oooRq=0
node2:64:74 [0] NCCL INFO NET/IB: ncclIbReceiverQpsCreateToRts: Flush QP created: port=1 dev=3 devName=roceP2p1s0f1 ndevs=4 nmdevs=4 qp_num=2392 pkey=0 pd=0xe62848534e20
node2:64:74 [0] NCCL INFO NET/IB: Subnet-aware routing: overriding dev 1 with dev 0
node2:64:74 [0] NCCL INFO NET/IB: ncclIbResiliencyInit: Resiliency is disabled on the recv communicator (comm=0xe628491f5000)
node2:64:74 [0] NCCL INFO NET/IB: ncclIbRecvCommInit: Receive work requests will be posted on-demand
node2:64:74 [0] NCCL INFO NET/IB: ncclIbReceiverQpsCreateToRts: QP created: port=1 dev=3 devName=roceP2p1s0f1 ndevs=4 nmdevs=4 qp_num=2393 pkey=0 pd=0xe62848534e20 oooRq=0
node2:64:74 [0] NCCL INFO NET/IB: ncclIbReceiverQpsCreateToRts: Flush QP created: port=1 dev=3 devName=roceP2p1s0f1 ndevs=4 nmdevs=4 qp_num=2394 pkey=0 pd=0xe62848534e20
node2:64:74 [0] NCCL INFO NET/IB: Subnet-aware routing: overriding dev 3 with dev 2
node2:64:74 [0] NCCL INFO NET/IB: Subnet-aware routing: overriding dev 1 with dev 0
node2:64:74 [0] NCCL INFO NET/IB: Subnet-aware routing: overriding dev 3 with dev 2
node2:64:74 [0] NCCL INFO NET/IB: ncclIbResiliencyInit: Resiliency is disabled on the send communicator (comm=0xe6284928b000)
node2:64:74 [0] NCCL INFO NET/IB: ncclIbSenderQpsToRts: Set ECE: IbDev 2 Port 1 qp_num 1970 set_ece={supported=1, vendor_id=0x15b3, options=0x30000002, comp_mask=0x0}
node2:64:74 [0] NCCL INFO NET/IB: Subnet-aware routing: overriding dev 3 with dev 2
node2:64:74 [0] NCCL INFO NET/IB: ncclIbSenderQpsCreate: QP created: port=1 dev=2 devName=roceP2p1s0f0 ndevs=4 nmdevs=4 qp_num=1971 pkey=0 pd=0xe628482e8d50 oooRq=0
node2:64:74 [0] NCCL INFO NET/IB: ncclIbConnectImpl: NCCL Dev 2 IbDev 2 Port 1 qp_num 1971 mtu 5 GID 3 (0/26FA8C0FFFF0000) ctsFifoRkey=0x197f76 ctsFifoLkey=0x197f76
node2:64:74 [0] NCCL INFO NET/IB: ncclIbConnectImpl: IbDev 2 Port 1 qp_num 1971 query_ece={supported=1, vendor_id=0x15b3, options=0x30000002, comp_mask=0x0}
node2:64:74 [0] NCCL INFO NET/IB: Subnet-aware routing: overriding dev 1 with dev 0
node2:64:74 [0] NCCL INFO NET/IB: Subnet-aware routing: overriding dev 3 with dev 2
node2:64:74 [0] NCCL INFO NET/IB: ncclIbResiliencyInit: Resiliency is disabled on the recv communicator (comm=0xe628492ff000)
node2:64:74 [0] NCCL INFO NET/IB: ncclIbRecvCommInit: Receive work requests will be posted on-demand
node2:64:74 [0] NCCL INFO NET/IB: Subnet-aware routing: overriding dev 3 with dev 2
node2:64:74 [0] NCCL INFO NET/IB: ncclIbSenderQpsCreate: QP created: port=1 dev=0 devName=rocep1s0f0 ndevs=4 nmdevs=4 qp_num=40734 pkey=0 pd=0xe6284807dd30 oooRq=0
node2:64:74 [0] NCCL INFO NET/IB: ncclIbConnectImpl: NCCL Dev 0 IbDev 0 Port 1 qp_num 40734 mtu 5 GID 6 (0/265A8C0FFFF0000) ctsFifoRkey=0x15a463 ctsFifoLkey=0x15a463
node2:64:74 [0] NCCL INFO NET/IB: ncclIbConnectImpl: IbDev 0 Port 1 qp_num 40734 query_ece={supported=1, vendor_id=0x15b3, options=0x30000002, comp_mask=0x0}
node2:64:74 [0] NCCL INFO NET/IB: Subnet-aware routing: overriding dev 1 with dev 0
node2:64:74 [0] NCCL INFO NET/IB: Subnet-aware routing: overriding dev 3 with dev 2
node2:64:74 [0] NCCL INFO NET/IB: ncclIbResiliencyInit: Resiliency is disabled on the send communicator (comm=0xe62849379000)
node2:64:74 [0] NCCL INFO NET/IB: Subnet-aware routing: overriding dev 3 with dev 2
node2:64:74 [0] NCCL INFO NET/IB: ncclIbSenderQpsToRts: Set ECE: IbDev 2 Port 1 qp_num 1971 set_ece={supported=1, vendor_id=0x15b3, options=0x30000002, comp_mask=0x0}
node2:64:74 [0] NCCL INFO NET/IB: ncclIbSenderQpsToRts: Set ECE: IbDev 0 Port 1 qp_num 40734 set_ece={supported=1, vendor_id=0x15b3, options=0x30000002, comp_mask=0x0}
node2:64:74 [0] NCCL INFO NET/IB: Subnet-aware routing: overriding dev 1 with dev 0
node2:64:74 [0] NCCL INFO NET/IB: Subnet-aware routing: overriding dev 3 with dev 2
node2:64:74 [0] NCCL INFO NET/IB: ncclIbResiliencyInit: Resiliency is disabled on the recv communicator (comm=0xe628493ba000)
node2:64:74 [0] NCCL INFO NET/IB: ncclIbRecvCommInit: Receive work requests will be posted on-demand
node2:64:74 [0] NCCL INFO NET/IB: Subnet-aware routing: overriding dev 1 with dev 0
node2:64:74 [0] NCCL INFO NET/IB: Subnet-aware routing: overriding dev 3 with dev 2
node2:64:74 [0] NCCL INFO NET/IB: Subnet-aware routing: overriding dev 1 with dev 0
node2:64:74 [0] NCCL INFO NET/IB: ncclIbResiliencyInit: Resiliency is disabled on the send communicator (comm=0xe62849402000)
node2:64:74 [0] NCCL INFO NET/IB: Subnet-aware routing: overriding dev 1 with dev 0
node2:64:74 [0] NCCL INFO NET/IB: ncclIbSenderQpsCreate: QP created: port=1 dev=0 devName=rocep1s0f0 ndevs=4 nmdevs=4 qp_num=40735 pkey=0 pd=0xe6284807dd30 oooRq=0
node2:64:74 [0] NCCL INFO NET/IB: ncclIbConnectImpl: NCCL Dev 0 IbDev 0 Port 1 qp_num 40735 mtu 5 GID 6 (0/265A8C0FFFF0000) ctsFifoRkey=0x164f0c ctsFifoLkey=0x164f0c
node2:64:74 [0] NCCL INFO NET/IB: ncclIbConnectImpl: IbDev 0 Port 1 qp_num 40735 query_ece={supported=1, vendor_id=0x15b3, options=0x30000002, comp_mask=0x0}
node2:64:74 [0] NCCL INFO NET/IB: Subnet-aware routing: overriding dev 3 with dev 2
node2:64:74 [0] NCCL INFO NET/IB: Subnet-aware routing: overriding dev 1 with dev 0
node2:64:74 [0] NCCL INFO NET/IB: ncclIbResiliencyInit: Resiliency is disabled on the recv communicator (comm=0xe62849476000)
node2:64:74 [0] NCCL INFO NET/IB: ncclIbRecvCommInit: Receive work requests will be posted on-demand
node2:64:74 [0] NCCL INFO NET/IB: Subnet-aware routing: overriding dev 1 with dev 0
node2:64:74 [0] NCCL INFO NET/IB: Subnet-aware routing: overriding dev 3 with dev 2
node2:64:74 [0] NCCL INFO NET/IB: Subnet-aware routing: overriding dev 1 with dev 0
node2:64:74 [0] NCCL INFO NET/IB: ncclIbResiliencyInit: Resiliency is disabled on the send communicator (comm=0xe628494be000)
node2:64:74 [0] NCCL INFO NET/IB: Subnet-aware routing: overriding dev 1 with dev 0
node2:64:74 [0] NCCL INFO NET/IB: Subnet-aware routing: overriding dev 3 with dev 2
node2:64:74 [0] NCCL INFO NET/IB: Subnet-aware routing: overriding dev 1 with dev 0
node2:64:74 [0] NCCL INFO NET/IB: ncclIbResiliencyInit: Resiliency is disabled on the recv communicator (comm=0xe62849502000)
node2:64:74 [0] NCCL INFO NET/IB: ncclIbRecvCommInit: Receive work requests will be posted on-demand
node2:64:74 [0] NCCL INFO NET/IB: Subnet-aware routing: overriding dev 1 with dev 0
node2:64:74 [0] NCCL INFO NET/IB: Subnet-aware routing: overriding dev 3 with dev 2
node2:64:74 [0] NCCL INFO NET/IB: Subnet-aware routing: overriding dev 1 with dev 0
node2:64:74 [0] NCCL INFO NET/IB: Subnet-aware routing: overriding dev 3 with dev 2
node2:64:74 [0] NCCL INFO NET/IB: ncclIbResiliencyInit: Resiliency is disabled on the send communicator (comm=0xe6284954a000)
node2:64:74 [0] NCCL INFO NET/IB: Subnet-aware routing: overriding dev 1 with dev 0
node2:64:74 [0] NCCL INFO NET/IB: ncclIbSenderQpsToRts: Set ECE: IbDev 0 Port 1 qp_num 40735 set_ece={supported=1, vendor_id=0x15b3, options=0x30000002, comp_mask=0x0}
node2:64:74 [0] NCCL INFO NET/IB: ncclIbSenderQpsCreate: QP created: port=1 dev=2 devName=roceP2p1s0f0 ndevs=4 nmdevs=4 qp_num=1972 pkey=0 pd=0xe628482e8d50 oooRq=0
node2:64:74 [0] NCCL INFO NET/IB: ncclIbConnectImpl: NCCL Dev 2 IbDev 2 Port 1 qp_num 1972 mtu 5 GID 3 (0/26FA8C0FFFF0000) ctsFifoRkey=0x195653 ctsFifoLkey=0x195653
node2:64:74 [0] NCCL INFO NET/IB: ncclIbConnectImpl: IbDev 2 Port 1 qp_num 1972 query_ece={supported=1, vendor_id=0x15b3, options=0x30000002, comp_mask=0x0}
node2:64:74 [0] NCCL INFO NET/IB: Subnet-aware routing: overriding dev 3 with dev 2
node2:64:74 [0] NCCL INFO NET/IB: ncclIbSenderQpsCreate: QP created: port=1 dev=2 devName=roceP2p1s0f0 ndevs=4 nmdevs=4 qp_num=1973 pkey=0 pd=0xe628482e8d50 oooRq=0
node2:64:74 [0] NCCL INFO NET/IB: ncclIbConnectImpl: NCCL Dev 2 IbDev 2 Port 1 qp_num 1973 mtu 5 GID 3 (0/26FA8C0FFFF0000) ctsFifoRkey=0x194848 ctsFifoLkey=0x194848
node2:64:74 [0] NCCL INFO NET/IB: ncclIbConnectImpl: IbDev 2 Port 1 qp_num 1973 query_ece={supported=1, vendor_id=0x15b3, options=0x30000002, comp_mask=0x0}
node2:64:74 [0] NCCL INFO NET/IB: ncclIbSenderQpsCreate: QP created: port=1 dev=0 devName=rocep1s0f0 ndevs=4 nmdevs=4 qp_num=40736 pkey=0 pd=0xe6284807dd30 oooRq=0
node2:64:74 [0] NCCL INFO NET/IB: ncclIbConnectImpl: NCCL Dev 0 IbDev 0 Port 1 qp_num 40736 mtu 5 GID 6 (0/265A8C0FFFF0000) ctsFifoRkey=0x1606c6 ctsFifoLkey=0x1606c6
node2:64:74 [0] NCCL INFO NET/IB: ncclIbConnectImpl: IbDev 0 Port 1 qp_num 40736 query_ece={supported=1, vendor_id=0x15b3, options=0x30000002, comp_mask=0x0}
node2:64:74 [0] NCCL INFO NET/IB: Subnet-aware routing: overriding dev 1 with dev 0
node2:64:74 [0] NCCL INFO NET/IB: Subnet-aware routing: overriding dev 3 with dev 2
node2:64:74 [0] NCCL INFO NET/IB: ncclIbResiliencyInit: Resiliency is disabled on the recv communicator (comm=0xe6284961c000)
node2:64:74 [0] NCCL INFO NET/IB: ncclIbRecvCommInit: Receive work requests will be posted on-demand
node2:64:74 [0] NCCL INFO NET/IB: Subnet-aware routing: overriding dev 0 with dev 1
node2:64:74 [0] NCCL INFO NET/IB: ncclIbReceiverQpsCreateToRts: QP created: port=1 dev=1 devName=rocep1s0f1 ndevs=4 nmdevs=4 qp_num=39794 pkey=0 pd=0xe6284819eba0 oooRq=0
node2:64:74 [0] NCCL INFO NET/IB: ncclIbReceiverQpsCreateToRts: Flush QP created: port=1 dev=1 devName=rocep1s0f1 ndevs=4 nmdevs=4 qp_num=39795 pkey=0 pd=0xe6284819eba0
node2:64:74 [0] NCCL INFO NET/IB: ncclIbSenderQpsToRts: Set ECE: IbDev 2 Port 1 qp_num 1972 set_ece={supported=1, vendor_id=0x15b3, options=0x30000002, comp_mask=0x0}
node2:64:74 [0] NCCL INFO NET/IB: Subnet-aware routing: overriding dev 3 with dev 2
node2:64:74 [0] NCCL INFO NET/IB: ncclIbSenderQpsToRts: Set ECE: IbDev 2 Port 1 qp_num 1973 set_ece={supported=1, vendor_id=0x15b3, options=0x30000002, comp_mask=0x0}
node2:64:74 [0] NCCL INFO NET/IB: ncclIbSenderQpsToRts: Set ECE: IbDev 0 Port 1 qp_num 40736 set_ece={supported=1, vendor_id=0x15b3, options=0x30000002, comp_mask=0x0}
node2:64:74 [0] NCCL INFO NET/IB: Subnet-aware routing: overriding dev 0 with dev 1
node2:64:74 [0] NCCL INFO NET/IB: ncclIbReceiverQpsCreateToRts: QP created: port=1 dev=1 devName=rocep1s0f1 ndevs=4 nmdevs=4 qp_num=39796 pkey=0 pd=0xe6284819eba0 oooRq=0
node2:64:74 [0] NCCL INFO NET/IB: ncclIbReceiverQpsCreateToRts: Flush QP created: port=1 dev=1 devName=rocep1s0f1 ndevs=4 nmdevs=4 qp_num=39797 pkey=0 pd=0xe6284819eba0
node2:64:74 [0] NCCL INFO NET/IB: Subnet-aware routing: overriding dev 1 with dev 0
node2:64:74 [0] NCCL INFO NET/IB: Subnet-aware routing: overriding dev 3 with dev 2
node2:64:74 [0] NCCL INFO NET/IB: ncclIbResiliencyInit: Resiliency is disabled on the send communicator (comm=0xe628496f9000)
node2:64:74 [0] NCCL INFO NET/IB: ncclIbReceiverQpsCreateToRts: QP created: port=1 dev=1 devName=rocep1s0f1 ndevs=4 nmdevs=4 qp_num=39798 pkey=0 pd=0xe6284819eba0 oooRq=0
node2:64:74 [0] NCCL INFO NET/IB: ncclIbReceiverQpsCreateToRts: Flush QP created: port=1 dev=1 devName=rocep1s0f1 ndevs=4 nmdevs=4 qp_num=39799 pkey=0 pd=0xe6284819eba0
node2:64:74 [0] NCCL INFO NET/IB: Subnet-aware routing: overriding dev 2 with dev 3
node2:64:74 [0] NCCL INFO NET/IB: ncclIbReceiverQpsCreateToRts: QP created: port=1 dev=3 devName=roceP2p1s0f1 ndevs=4 nmdevs=4 qp_num=2395 pkey=0 pd=0xe62848534e20 oooRq=0
node2:64:74 [0] NCCL INFO NET/IB: ncclIbReceiverQpsCreateToRts: Flush QP created: port=1 dev=3 devName=roceP2p1s0f1 ndevs=4 nmdevs=4 qp_num=2396 pkey=0 pd=0xe62848534e20
node2:64:74 [0] NCCL INFO NET/IB: Subnet-aware routing: overriding dev 1 with dev 0
node2:64:74 [0] NCCL INFO NET/IB: Subnet-aware routing: overriding dev 3 with dev 2
node2:64:74 [0] NCCL INFO NET/IB: ncclIbResiliencyInit: Resiliency is disabled on the recv communicator (comm=0xe628497db000)
node2:64:74 [0] NCCL INFO NET/IB: ncclIbRecvCommInit: Receive work requests will be posted on-demand
node2:64:74 [0] NCCL INFO NET/IB: Subnet-aware routing: overriding dev 1 with dev 0
node2:64:74 [0] NCCL INFO NET/IB: Subnet-aware routing: overriding dev 3 with dev 2
node2:64:74 [0] NCCL INFO NET/IB: Subnet-aware routing: overriding dev 1 with dev 0
node2:64:74 [0] NCCL INFO NET/IB: ncclIbResiliencyInit: Resiliency is disabled on the send communicator (comm=0xe62849823000)
node2:64:74 [0] NCCL INFO NET/IB: Subnet-aware routing: overriding dev 1 with dev 0
node2:64:74 [0] NCCL INFO NET/IB: Subnet-aware routing: overriding dev 3 with dev 2
node2:64:74 [0] NCCL INFO NET/IB: Subnet-aware routing: overriding dev 1 with dev 0
node2:64:74 [0] NCCL INFO NET/IB: ncclIbResiliencyInit: Resiliency is disabled on the recv communicator (comm=0xe62849867000)
node2:64:74 [0] NCCL INFO NET/IB: ncclIbRecvCommInit: Receive work requests will be posted on-demand
node2:64:74 [0] NCCL INFO NET/IB: Subnet-aware routing: overriding dev 1 with dev 0
node2:64:74 [0] NCCL INFO NET/IB: Subnet-aware routing: overriding dev 3 with dev 2
node2:64:74 [0] NCCL INFO NET/IB: Subnet-aware routing: overriding dev 1 with dev 0
node2:64:74 [0] NCCL INFO NET/IB: ncclIbResiliencyInit: Resiliency is disabled on the send communicator (comm=0xe628498af000)
node2:64:74 [0] NCCL INFO NET/IB: Subnet-aware routing: overriding dev 1 with dev 0
node2:64:74 [0] NCCL INFO NET/IB: Subnet-aware routing: overriding dev 3 with dev 2
node2:64:74 [0] NCCL INFO NET/IB: Subnet-aware routing: overriding dev 1 with dev 0
node2:64:74 [0] NCCL INFO NET/IB: ncclIbResiliencyInit: Resiliency is disabled on the recv communicator (comm=0xe628498f3000)
node2:64:74 [0] NCCL INFO NET/IB: ncclIbRecvCommInit: Receive work requests will be posted on-demand
node2:64:74 [0] NCCL INFO NET/IB: Subnet-aware routing: overriding dev 1 with dev 0
node2:64:74 [0] NCCL INFO NET/IB: Subnet-aware routing: overriding dev 3 with dev 2
node2:64:74 [0] NCCL INFO NET/IB: Subnet-aware routing: overriding dev 1 with dev 0
node2:64:74 [0] NCCL INFO NET/IB: Subnet-aware routing: overriding dev 3 with dev 2
node2:64:74 [0] NCCL INFO NET/IB: ncclIbResiliencyInit: Resiliency is disabled on the send communicator (comm=0xe6284993b000)
node2:64:74 [0] NCCL INFO NET/IB: Subnet-aware routing: overriding dev 1 with dev 0
node2:64:74 [0] NCCL INFO NET/IB: Subnet-aware routing: overriding dev 3 with dev 2
node2:64:74 [0] NCCL INFO NET/IB: Subnet-aware routing: overriding dev 1 with dev 0
node2:64:74 [0] NCCL INFO NET/IB: Subnet-aware routing: overriding dev 3 with dev 2
node2:64:74 [0] NCCL INFO NET/IB: ncclIbResiliencyInit: Resiliency is disabled on the recv communicator (comm=0xe6284997f000)
node2:64:74 [0] NCCL INFO NET/IB: ncclIbRecvCommInit: Receive work requests will be posted on-demand
node2:64:74 [0] NCCL INFO NET/IB: Subnet-aware routing: overriding dev 1 with dev 0
node2:64:74 [0] NCCL INFO NET/IB: Subnet-aware routing: overriding dev 3 with dev 2
node2:64:74 [0] NCCL INFO NET/IB: Subnet-aware routing: overriding dev 1 with dev 0
node2:64:74 [0] NCCL INFO NET/IB: Subnet-aware routing: overriding dev 3 with dev 2
node2:64:74 [0] NCCL INFO NET/IB: ncclIbResiliencyInit: Resiliency is disabled on the send communicator (comm=0xe628499c7000)
node2:64:74 [0] NCCL INFO NET/IB: Subnet-aware routing: overriding dev 1 with dev 0
node2:64:74 [0] NCCL INFO NET/IB: ncclIbSenderQpsCreate: QP created: port=1 dev=0 devName=rocep1s0f0 ndevs=4 nmdevs=4 qp_num=40737 pkey=0 pd=0xe6284807dd30 oooRq=0
node2:64:74 [0] NCCL INFO NET/IB: ncclIbConnectImpl: NCCL Dev 0 IbDev 0 Port 1 qp_num 40737 mtu 5 GID 6 (0/265A8C0FFFF0000) ctsFifoRkey=0x1720e0 ctsFifoLkey=0x1720e0
node2:64:74 [0] NCCL INFO NET/IB: ncclIbConnectImpl: IbDev 0 Port 1 qp_num 40737 query_ece={supported=1, vendor_id=0x15b3, options=0x30000002, comp_mask=0x0}
node2:64:74 [0] NCCL INFO NET/IB: ncclIbSenderQpsCreate: QP created: port=1 dev=2 devName=roceP2p1s0f0 ndevs=4 nmdevs=4 qp_num=1974 pkey=0 pd=0xe628482e8d50 oooRq=0
node2:64:74 [0] NCCL INFO NET/IB: ncclIbConnectImpl: NCCL Dev 2 IbDev 2 Port 1 qp_num 1974 mtu 5 GID 3 (0/26FA8C0FFFF0000) ctsFifoRkey=0x194f4c ctsFifoLkey=0x194f4c
node2:64:74 [0] NCCL INFO NET/IB: ncclIbConnectImpl: IbDev 2 Port 1 qp_num 1974 query_ece={supported=1, vendor_id=0x15b3, options=0x30000002, comp_mask=0x0}
node2:64:74 [0] NCCL INFO NET/IB: Subnet-aware routing: overriding dev 3 with dev 2
node2:64:74 [0] NCCL INFO NET/IB: Subnet-aware routing: overriding dev 1 with dev 0
node2:64:74 [0] NCCL INFO NET/IB: Subnet-aware routing: overriding dev 3 with dev 2
node2:64:74 [0] NCCL INFO NET/IB: ncclIbResiliencyInit: Resiliency is disabled on the recv communicator (comm=0xe62849a6d000)
node2:64:74 [0] NCCL INFO NET/IB: ncclIbRecvCommInit: Receive work requests will be posted on-demand
node2:64:74 [0] NCCL INFO NET/IB: Subnet-aware routing: overriding dev 1 with dev 0
node2:64:74 [0] NCCL INFO NET/IB: Subnet-aware routing: overriding dev 3 with dev 2
node2:64:74 [0] NCCL INFO NET/IB: Subnet-aware routing: overriding dev 1 with dev 0
node2:64:74 [0] NCCL INFO NET/IB: Subnet-aware routing: overriding dev 3 with dev 2
node2:64:74 [0] NCCL INFO NET/IB: Subnet-aware routing: overriding dev 1 with dev 0
node2:64:74 [0] NCCL INFO NET/IB: ncclIbResiliencyInit: Resiliency is disabled on the send communicator (comm=0xe62849ab5000)
node2:64:74 [0] NCCL INFO NET/IB: Subnet-aware routing: overriding dev 1 with dev 0
node2:64:74 [0] NCCL INFO NET/IB: ncclIbSenderQpsToRts: Set ECE: IbDev 0 Port 1 qp_num 40737 set_ece={supported=1, vendor_id=0x15b3, options=0x30000002, comp_mask=0x0}
node2:64:74 [0] NCCL INFO NET/IB: ncclIbSenderQpsToRts: Set ECE: IbDev 2 Port 1 qp_num 1974 set_ece={supported=1, vendor_id=0x15b3, options=0x30000002, comp_mask=0x0}
node2:64:74 [0] NCCL INFO NET/IB: Subnet-aware routing: overriding dev 3 with dev 2
node2:64:74 [0] NCCL INFO NET/IB: ncclIbSenderQpsCreate: QP created: port=1 dev=2 devName=roceP2p1s0f0 ndevs=4 nmdevs=4 qp_num=1975 pkey=0 pd=0xe628482e8d50 oooRq=0
node2:64:74 [0] NCCL INFO NET/IB: ncclIbConnectImpl: NCCL Dev 2 IbDev 2 Port 1 qp_num 1975 mtu 5 GID 3 (0/26FA8C0FFFF0000) ctsFifoRkey=0x192b28 ctsFifoLkey=0x192b28
node2:64:74 [0] NCCL INFO NET/IB: ncclIbConnectImpl: IbDev 2 Port 1 qp_num 1975 query_ece={supported=1, vendor_id=0x15b3, options=0x30000002, comp_mask=0x0}
node2:64:74 [0] NCCL INFO NET/IB: Subnet-aware routing: overriding dev 1 with dev 0
node2:64:74 [0] NCCL INFO NET/IB: Subnet-aware routing: overriding dev 3 with dev 2
node2:64:74 [0] NCCL INFO NET/IB: Subnet-aware routing: overriding dev 1 with dev 0
node2:64:74 [0] NCCL INFO NET/IB: ncclIbResiliencyInit: Resiliency is disabled on the recv communicator (comm=0xe62849b27000)
node2:64:74 [0] NCCL INFO NET/IB: ncclIbRecvCommInit: Receive work requests will be posted on-demand
node2:64:74 [0] NCCL INFO NET/IB: ncclIbReceiverQpsCreateToRts: QP created: port=1 dev=3 devName=roceP2p1s0f1 ndevs=4 nmdevs=4 qp_num=2397 pkey=0 pd=0xe62848534e20 oooRq=0
node2:64:74 [0] NCCL INFO NET/IB: ncclIbReceiverQpsCreateToRts: Flush QP created: port=1 dev=3 devName=roceP2p1s0f1 ndevs=4 nmdevs=4 qp_num=2398 pkey=0 pd=0xe62848534e20
node2:64:74 [0] NCCL INFO NET/IB: Subnet-aware routing: overriding dev 3 with dev 2
node2:64:74 [0] NCCL INFO NET/IB: ncclIbSenderQpsToRts: Set ECE: IbDev 2 Port 1 qp_num 1975 set_ece={supported=1, vendor_id=0x15b3, options=0x30000002, comp_mask=0x0}
node2:64:74 [0] NCCL INFO NET/IB: ncclIbSenderQpsCreate: QP created: port=1 dev=0 devName=rocep1s0f0 ndevs=4 nmdevs=4 qp_num=40738 pkey=0 pd=0xe6284807dd30 oooRq=0
node2:64:74 [0] NCCL INFO NET/IB: ncclIbConnectImpl: NCCL Dev 0 IbDev 0 Port 1 qp_num 40738 mtu 5 GID 6 (0/265A8C0FFFF0000) ctsFifoRkey=0x168642 ctsFifoLkey=0x168642
node2:64:74 [0] NCCL INFO NET/IB: ncclIbConnectImpl: IbDev 0 Port 1 qp_num 40738 query_ece={supported=1, vendor_id=0x15b3, options=0x30000002, comp_mask=0x0}
node2:64:74 [0] NCCL INFO NET/IB: Subnet-aware routing: overriding dev 1 with dev 0
node2:64:74 [0] NCCL INFO NET/IB: ncclIbSenderQpsCreate: QP created: port=1 dev=0 devName=rocep1s0f0 ndevs=4 nmdevs=4 qp_num=40739 pkey=0 pd=0xe6284807dd30 oooRq=0
node2:64:74 [0] NCCL INFO NET/IB: ncclIbConnectImpl: NCCL Dev 0 IbDev 0 Port 1 qp_num 40739 mtu 5 GID 6 (0/265A8C0FFFF0000) ctsFifoRkey=0x13c381 ctsFifoLkey=0x13c381
node2:64:74 [0] NCCL INFO NET/IB: ncclIbConnectImpl: IbDev 0 Port 1 qp_num 40739 query_ece={supported=1, vendor_id=0x15b3, options=0x30000002, comp_mask=0x0}
node2:64:74 [0] NCCL INFO NET/IB: Subnet-aware routing: overriding dev 3 with dev 2
node2:64:74 [0] NCCL INFO NET/IB: Subnet-aware routing: overriding dev 1 with dev 0
node2:64:74 [0] NCCL INFO NET/IB: ncclIbResiliencyInit: Resiliency is disabled on the send communicator (comm=0xe62849c1e000)
node2:64:74 [0] NCCL INFO NET/IB: ncclIbReceiverQpsCreateToRts: QP created: port=1 dev=1 devName=rocep1s0f1 ndevs=4 nmdevs=4 qp_num=39800 pkey=0 pd=0xe6284819eba0 oooRq=0
node2:64:74 [0] NCCL INFO NET/IB: ncclIbReceiverQpsCreateToRts: Flush QP created: port=1 dev=1 devName=rocep1s0f1 ndevs=4 nmdevs=4 qp_num=39801 pkey=0 pd=0xe6284819eba0
node2:64:74 [0] NCCL INFO NET/IB: ncclIbSenderQpsToRts: Set ECE: IbDev 0 Port 1 qp_num 40738 set_ece={supported=1, vendor_id=0x15b3, options=0x30000002, comp_mask=0x0}
node2:64:74 [0] NCCL INFO NET/IB: Subnet-aware routing: overriding dev 0 with dev 1
node2:64:74 [0] NCCL INFO NET/IB: ncclIbReceiverQpsCreateToRts: QP created: port=1 dev=1 devName=rocep1s0f1 ndevs=4 nmdevs=4 qp_num=39802 pkey=0 pd=0xe6284819eba0 oooRq=0
node2:64:74 [0] NCCL INFO NET/IB: ncclIbReceiverQpsCreateToRts: Flush QP created: port=1 dev=1 devName=rocep1s0f1 ndevs=4 nmdevs=4 qp_num=39803 pkey=0 pd=0xe6284819eba0
node2:64:74 [0] NCCL INFO NET/IB: Subnet-aware routing: overriding dev 1 with dev 0
node2:64:74 [0] NCCL INFO NET/IB: ncclIbSenderQpsToRts: Set ECE: IbDev 0 Port 1 qp_num 40739 set_ece={supported=1, vendor_id=0x15b3, options=0x30000002, comp_mask=0x0}
node2:64:74 [0] NCCL INFO NET/IB: ncclIbReceiverQpsCreateToRts: QP created: port=1 dev=1 devName=rocep1s0f1 ndevs=4 nmdevs=4 qp_num=39804 pkey=0 pd=0xe6284819eba0 oooRq=0
node2:64:74 [0] NCCL INFO NET/IB: ncclIbReceiverQpsCreateToRts: Flush QP created: port=1 dev=1 devName=rocep1s0f1 ndevs=4 nmdevs=4 qp_num=39805 pkey=0 pd=0xe6284819eba0
node2:64:74 [0] NCCL INFO NET/IB: ncclIbSenderQpsCreate: QP created: port=1 dev=2 devName=roceP2p1s0f0 ndevs=4 nmdevs=4 qp_num=1976 pkey=0 pd=0xe628482e8d50 oooRq=0
node2:64:74 [0] NCCL INFO NET/IB: ncclIbConnectImpl: NCCL Dev 2 IbDev 2 Port 1 qp_num 1976 mtu 5 GID 3 (0/26FA8C0FFFF0000) ctsFifoRkey=0x193f3c ctsFifoLkey=0x193f3c
node2:64:74 [0] NCCL INFO NET/IB: ncclIbConnectImpl: IbDev 2 Port 1 qp_num 1976 query_ece={supported=1, vendor_id=0x15b3, options=0x30000002, comp_mask=0x0}
node2:64:74 [0] NCCL INFO NET/IB: Subnet-aware routing: overriding dev 3 with dev 2
node2:64:74 [0] NCCL INFO NET/IB: ncclIbSenderQpsCreate: QP created: port=1 dev=2 devName=roceP2p1s0f0 ndevs=4 nmdevs=4 qp_num=1977 pkey=0 pd=0xe628482e8d50 oooRq=0
node2:64:74 [0] NCCL INFO NET/IB: ncclIbConnectImpl: NCCL Dev 2 IbDev 2 Port 1 qp_num 1977 mtu 5 GID 3 (0/26FA8C0FFFF0000) ctsFifoRkey=0x18f3f3 ctsFifoLkey=0x18f3f3
node2:64:74 [0] NCCL INFO NET/IB: ncclIbConnectImpl: IbDev 2 Port 1 qp_num 1977 query_ece={supported=1, vendor_id=0x15b3, options=0x30000002, comp_mask=0x0}
node2:64:74 [0] NCCL INFO NET/IB: Subnet-aware routing: overriding dev 1 with dev 0
node2:64:74 [0] NCCL INFO NET/IB: ncclIbResiliencyInit: Resiliency is disabled on the recv communicator (comm=0xe62849dac000)
node2:64:74 [0] NCCL INFO NET/IB: ncclIbRecvCommInit: Receive work requests will be posted on-demand
node2:64:74 [0] NCCL INFO NET/IB: Subnet-aware routing: overriding dev 2 with dev 3
node2:64:74 [0] NCCL INFO NET/IB: ncclIbReceiverQpsCreateToRts: QP created: port=1 dev=3 devName=roceP2p1s0f1 ndevs=4 nmdevs=4 qp_num=2399 pkey=0 pd=0xe62848534e20 oooRq=0
node2:64:74 [0] NCCL INFO NET/IB: ncclIbReceiverQpsCreateToRts: Flush QP created: port=1 dev=3 devName=roceP2p1s0f1 ndevs=4 nmdevs=4 qp_num=2400 pkey=0 pd=0xe62848534e20
node2:64:74 [0] NCCL INFO NET/IB: ncclIbReceiverQpsCreateToRts: QP created: port=1 dev=3 devName=roceP2p1s0f1 ndevs=4 nmdevs=4 qp_num=2401 pkey=0 pd=0xe62848534e20 oooRq=0
node2:64:74 [0] NCCL INFO NET/IB: ncclIbReceiverQpsCreateToRts: Flush QP created: port=1 dev=3 devName=roceP2p1s0f1 ndevs=4 nmdevs=4 qp_num=2402 pkey=0 pd=0xe62848534e20
node2:64:74 [0] NCCL INFO NET/IB: Subnet-aware routing: overriding dev 2 with dev 3
node2:64:74 [0] NCCL INFO NET/IB: ncclIbReceiverQpsCreateToRts: QP created: port=1 dev=3 devName=roceP2p1s0f1 ndevs=4 nmdevs=4 qp_num=2403 pkey=0 pd=0xe62848534e20 oooRq=0
node2:64:74 [0] NCCL INFO NET/IB: ncclIbReceiverQpsCreateToRts: Flush QP created: port=1 dev=3 devName=roceP2p1s0f1 ndevs=4 nmdevs=4 qp_num=2404 pkey=0 pd=0xe62848534e20
node2:64:74 [0] NCCL INFO NET/IB: Subnet-aware routing: overriding dev 3 with dev 2
node2:64:74 [0] NCCL INFO NET/IB: Subnet-aware routing: overriding dev 1 with dev 0
node2:64:74 [0] NCCL INFO NET/IB: Subnet-aware routing: overriding dev 3 with dev 2
node2:64:74 [0] NCCL INFO NET/IB: ncclIbResiliencyInit: Resiliency is disabled on the send communicator (comm=0xe62849ee0000)
node2:64:74 [0] NCCL INFO NET/IB: ncclIbSenderQpsToRts: Set ECE: IbDev 2 Port 1 qp_num 1976 set_ece={supported=1, vendor_id=0x15b3, options=0x30000002, comp_mask=0x0}
node2:64:74 [0] NCCL INFO NET/IB: Subnet-aware routing: overriding dev 3 with dev 2
node2:64:74 [0] NCCL INFO NET/IB: ncclIbSenderQpsToRts: Set ECE: IbDev 2 Port 1 qp_num 1977 set_ece={supported=1, vendor_id=0x15b3, options=0x30000002, comp_mask=0x0}
node2:64:74 [0] NCCL INFO NET/IB: ncclIbSenderQpsCreate: QP created: port=1 dev=0 devName=rocep1s0f0 ndevs=4 nmdevs=4 qp_num=40740 pkey=0 pd=0xe6284807dd30 oooRq=0
node2:64:74 [0] NCCL INFO NET/IB: ncclIbConnectImpl: NCCL Dev 0 IbDev 0 Port 1 qp_num 40740 mtu 5 GID 6 (0/265A8C0FFFF0000) ctsFifoRkey=0x16db96 ctsFifoLkey=0x16db96
node2:64:74 [0] NCCL INFO NET/IB: ncclIbConnectImpl: IbDev 0 Port 1 qp_num 40740 query_ece={supported=1, vendor_id=0x15b3, options=0x30000002, comp_mask=0x0}
node2:64:74 [0] NCCL INFO NET/IB: Subnet-aware routing: overriding dev 1 with dev 0
node2:64:74 [0] NCCL INFO NET/IB: Subnet-aware routing: overriding dev 3 with dev 2
node2:64:74 [0] NCCL INFO NET/IB: ncclIbResiliencyInit: Resiliency is disabled on the recv communicator (comm=0xe62849f52000)
node2:64:74 [0] NCCL INFO NET/IB: ncclIbRecvCommInit: Receive work requests will be posted on-demand
node2:64:74 [0] NCCL INFO NET/IB: Subnet-aware routing: overriding dev 1 with dev 0
node2:64:74 [0] NCCL INFO NET/IB: Subnet-aware routing: overriding dev 3 with dev 2
node2:64:74 [0] NCCL INFO NET/IB: ncclIbResiliencyInit: Resiliency is disabled on the send communicator (comm=0xe62849f9a000)
node2:64:74 [0] NCCL INFO NET/IB: Subnet-aware routing: overriding dev 1 with dev 0
node2:64:74 [0] NCCL INFO NET/IB: Subnet-aware routing: overriding dev 3 with dev 2
node2:64:74 [0] NCCL INFO NET/IB: ncclIbResiliencyInit: Resiliency is disabled on the recv communicator (comm=0xe62849fde000)
node2:64:74 [0] NCCL INFO NET/IB: ncclIbRecvCommInit: Receive work requests will be posted on-demand
node2:64:74 [0] NCCL INFO NET/IB: ncclIbSenderQpsToRts: Set ECE: IbDev 0 Port 1 qp_num 40740 set_ece={supported=1, vendor_id=0x15b3, options=0x30000002, comp_mask=0x0}
node2:64:74 [0] NCCL INFO NET/IB: Subnet-aware routing: overriding dev 1 with dev 0
node2:64:74 [0] NCCL INFO NET/IB: ncclIbSenderQpsCreate: QP created: port=1 dev=0 devName=rocep1s0f0 ndevs=4 nmdevs=4 qp_num=40741 pkey=0 pd=0xe6284807dd30 oooRq=0
node2:64:74 [0] NCCL INFO NET/IB: ncclIbConnectImpl: NCCL Dev 0 IbDev 0 Port 1 qp_num 40741 mtu 5 GID 6 (0/265A8C0FFFF0000) ctsFifoRkey=0x1727e5 ctsFifoLkey=0x1727e5
node2:64:74 [0] NCCL INFO NET/IB: ncclIbConnectImpl: IbDev 0 Port 1 qp_num 40741 query_ece={supported=1, vendor_id=0x15b3, options=0x30000002, comp_mask=0x0}
node2:64:74 [0] NCCL INFO NET/IB: Subnet-aware routing: overriding dev 3 with dev 2
node2:64:74 [0] NCCL INFO NET/IB: Subnet-aware routing: overriding dev 1 with dev 0
node2:64:74 [0] NCCL INFO NET/IB: ncclIbResiliencyInit: Resiliency is disabled on the send communicator (comm=0xe6284a056000)
node2:64:74 [0] NCCL INFO NET/IB: Subnet-aware routing: overriding dev 1 with dev 0
node2:64:74 [0] NCCL INFO NET/IB: Subnet-aware routing: overriding dev 3 with dev 2
node2:64:74 [0] NCCL INFO NET/IB: Subnet-aware routing: overriding dev 1 with dev 0
node2:64:74 [0] NCCL INFO NET/IB: ncclIbResiliencyInit: Resiliency is disabled on the recv communicator (comm=0xe6284a09a000)
node2:64:74 [0] NCCL INFO NET/IB: ncclIbRecvCommInit: Receive work requests will be posted on-demand
node2:64:74 [0] NCCL INFO NET/IB: Subnet-aware routing: overriding dev 1 with dev 0
node2:64:74 [0] NCCL INFO NET/IB: Subnet-aware routing: overriding dev 3 with dev 2
node2:64:74 [0] NCCL INFO NET/IB: Subnet-aware routing: overriding dev 1 with dev 0
node2:64:74 [0] NCCL INFO NET/IB: ncclIbResiliencyInit: Resiliency is disabled on the send communicator (comm=0xe6284a0e2000)
node2:64:74 [0] NCCL INFO NET/IB: Subnet-aware routing: overriding dev 1 with dev 0
node2:64:74 [0] NCCL INFO NET/IB: ncclIbSenderQpsToRts: Set ECE: IbDev 0 Port 1 qp_num 40741 set_ece={supported=1, vendor_id=0x15b3, options=0x30000002, comp_mask=0x0}
node2:64:74 [0] NCCL INFO NET/IB: ncclIbSenderQpsCreate: QP created: port=1 dev=2 devName=roceP2p1s0f0 ndevs=4 nmdevs=4 qp_num=1978 pkey=0 pd=0xe628482e8d50 oooRq=0
node2:64:74 [0] NCCL INFO NET/IB: ncclIbConnectImpl: NCCL Dev 2 IbDev 2 Port 1 qp_num 1978 mtu 5 GID 3 (0/26FA8C0FFFF0000) ctsFifoRkey=0x19201f ctsFifoLkey=0x19201f
node2:64:74 [0] NCCL INFO NET/IB: ncclIbConnectImpl: IbDev 2 Port 1 qp_num 1978 query_ece={supported=1, vendor_id=0x15b3, options=0x30000002, comp_mask=0x0}
node2:64:74 [0] NCCL INFO NET/IB: Subnet-aware routing: overriding dev 3 with dev 2
node2:64:74 [0] NCCL INFO NET/IB: Subnet-aware routing: overriding dev 1 with dev 0
node2:64:74 [0] NCCL INFO NET/IB: ncclIbResiliencyInit: Resiliency is disabled on the recv communicator (comm=0xe6284a156000)
node2:64:74 [0] NCCL INFO NET/IB: ncclIbRecvCommInit: Receive work requests will be posted on-demand
node2:64:74 [0] NCCL INFO NET/IB: ncclIbSenderQpsToRts: Set ECE: IbDev 2 Port 1 qp_num 1978 set_ece={supported=1, vendor_id=0x15b3, options=0x30000002, comp_mask=0x0}
node2:64:74 [0] NCCL INFO NET/IB: Subnet-aware routing: overriding dev 3 with dev 2
node2:64:74 [0] NCCL INFO NET/IB: ncclIbSenderQpsCreate: QP created: port=1 dev=2 devName=roceP2p1s0f0 ndevs=4 nmdevs=4 qp_num=1979 pkey=0 pd=0xe628482e8d50 oooRq=0
node2:64:74 [0] NCCL INFO NET/IB: ncclIbConnectImpl: NCCL Dev 2 IbDev 2 Port 1 qp_num 1979 mtu 5 GID 3 (0/26FA8C0FFFF0000) ctsFifoRkey=0x190704 ctsFifoLkey=0x190704
node2:64:74 [0] NCCL INFO NET/IB: ncclIbConnectImpl: IbDev 2 Port 1 qp_num 1979 query_ece={supported=1, vendor_id=0x15b3, options=0x30000002, comp_mask=0x0}
node2:64:74 [0] NCCL INFO NET/IB: Subnet-aware routing: overriding dev 1 with dev 0
node2:64:74 [0] NCCL INFO NET/IB: Subnet-aware routing: overriding dev 3 with dev 2
node2:64:74 [0] NCCL INFO NET/IB: ncclIbResiliencyInit: Resiliency is disabled on the send communicator (comm=0xe6284a1cc000)
node2:64:74 [0] NCCL INFO NET/IB: ncclIbReceiverQpsCreateToRts: QP created: port=1 dev=3 devName=roceP2p1s0f1 ndevs=4 nmdevs=4 qp_num=2405 pkey=0 pd=0xe62848534e20 oooRq=0
node2:64:74 [0] NCCL INFO NET/IB: ncclIbReceiverQpsCreateToRts: Flush QP created: port=1 dev=3 devName=roceP2p1s0f1 ndevs=4 nmdevs=4 qp_num=2406 pkey=0 pd=0xe62848534e20
node2:64:74 [0] NCCL INFO NET/IB: Subnet-aware routing: overriding dev 3 with dev 2
node2:64:74 [0] NCCL INFO NET/IB: Subnet-aware routing: overriding dev 1 with dev 0
node2:64:74 [0] NCCL INFO NET/IB: Subnet-aware routing: overriding dev 3 with dev 2
node2:64:74 [0] NCCL INFO NET/IB: ncclIbResiliencyInit: Resiliency is disabled on the recv communicator (comm=0xe6284a25b000)
node2:64:74 [0] NCCL INFO NET/IB: ncclIbRecvCommInit: Receive work requests will be posted on-demand
node2:64:74 [0] NCCL INFO NET/IB: Subnet-aware routing: overriding dev 0 with dev 1
node2:64:74 [0] NCCL INFO NET/IB: ncclIbReceiverQpsCreateToRts: QP created: port=1 dev=1 devName=rocep1s0f1 ndevs=4 nmdevs=4 qp_num=39806 pkey=0 pd=0xe6284819eba0 oooRq=0
node2:64:74 [0] NCCL INFO NET/IB: ncclIbReceiverQpsCreateToRts: Flush QP created: port=1 dev=1 devName=rocep1s0f1 ndevs=4 nmdevs=4 qp_num=39807 pkey=0 pd=0xe6284819eba0
node2:64:74 [0] NCCL INFO NET/IB: ncclIbReceiverQpsCreateToRts: QP created: port=1 dev=1 devName=rocep1s0f1 ndevs=4 nmdevs=4 qp_num=39808 pkey=0 pd=0xe6284819eba0 oooRq=0
node2:64:74 [0] NCCL INFO NET/IB: ncclIbReceiverQpsCreateToRts: Flush QP created: port=1 dev=1 devName=rocep1s0f1 ndevs=4 nmdevs=4 qp_num=39809 pkey=0 pd=0xe6284819eba0
node2:64:74 [0] NCCL INFO NET/IB: Subnet-aware routing: overriding dev 2 with dev 3
node2:64:74 [0] NCCL INFO NET/IB: ncclIbReceiverQpsCreateToRts: QP created: port=1 dev=3 devName=roceP2p1s0f1 ndevs=4 nmdevs=4 qp_num=2407 pkey=0 pd=0xe62848534e20 oooRq=0
node2:64:74 [0] NCCL INFO NET/IB: ncclIbReceiverQpsCreateToRts: Flush QP created: port=1 dev=3 devName=roceP2p1s0f1 ndevs=4 nmdevs=4 qp_num=2408 pkey=0 pd=0xe62848534e20
node2:64:74 [0] NCCL INFO NET/IB: Subnet-aware routing: overriding dev 3 with dev 2
node2:64:74 [0] NCCL INFO NET/IB: ncclIbSenderQpsToRts: Set ECE: IbDev 2 Port 1 qp_num 1979 set_ece={supported=1, vendor_id=0x15b3, options=0x30000002, comp_mask=0x0}
node2:64:74 [0] NCCL INFO NET/IB: Subnet-aware routing: overriding dev 1 with dev 0
node2:64:74 [0] NCCL INFO NET/IB: Subnet-aware routing: overriding dev 3 with dev 2
node2:64:74 [0] NCCL INFO NET/IB: ncclIbResiliencyInit: Resiliency is disabled on the send communicator (comm=0xe6284a395000)
node2:64:74 [0] NCCL INFO NET/IB: ncclIbSenderQpsCreate: QP created: port=1 dev=0 devName=rocep1s0f0 ndevs=4 nmdevs=4 qp_num=40742 pkey=0 pd=0xe6284807dd30 oooRq=0
node2:64:74 [0] NCCL INFO NET/IB: ncclIbConnectImpl: NCCL Dev 0 IbDev 0 Port 1 qp_num 40742 mtu 5 GID 6 (0/265A8C0FFFF0000) ctsFifoRkey=0x154504 ctsFifoLkey=0x154504
node2:64:74 [0] NCCL INFO NET/IB: ncclIbConnectImpl: IbDev 0 Port 1 qp_num 40742 query_ece={supported=1, vendor_id=0x15b3, options=0x30000002, comp_mask=0x0}
node2:64:74 [0] NCCL INFO NET/IB: Subnet-aware routing: overriding dev 1 with dev 0
node2:64:74 [0] NCCL INFO NET/IB: ncclIbSenderQpsCreate: QP created: port=1 dev=0 devName=rocep1s0f0 ndevs=4 nmdevs=4 qp_num=40743 pkey=0 pd=0xe6284807dd30 oooRq=0
node2:64:74 [0] NCCL INFO NET/IB: ncclIbConnectImpl: NCCL Dev 0 IbDev 0 Port 1 qp_num 40743 mtu 5 GID 6 (0/265A8C0FFFF0000) ctsFifoRkey=0x1740ff ctsFifoLkey=0x1740ff
node2:64:74 [0] NCCL INFO NET/IB: ncclIbConnectImpl: IbDev 0 Port 1 qp_num 40743 query_ece={supported=1, vendor_id=0x15b3, options=0x30000002, comp_mask=0x0}
node2:64:74 [0] NCCL INFO NET/IB: ncclIbSenderQpsCreate: QP created: port=1 dev=2 devName=roceP2p1s0f0 ndevs=4 nmdevs=4 qp_num=1980 pkey=0 pd=0xe628482e8d50 oooRq=0
node2:64:74 [0] NCCL INFO NET/IB: ncclIbConnectImpl: NCCL Dev 2 IbDev 2 Port 1 qp_num 1980 mtu 5 GID 3 (0/26FA8C0FFFF0000) ctsFifoRkey=0x19797b ctsFifoLkey=0x19797b
node2:64:74 [0] NCCL INFO NET/IB: ncclIbConnectImpl: IbDev 2 Port 1 qp_num 1980 query_ece={supported=1, vendor_id=0x15b3, options=0x30000002, comp_mask=0x0}
node2:64:74 [0] NCCL INFO NET/IB: Subnet-aware routing: overriding dev 3 with dev 2
node2:64:74 [0] NCCL INFO NET/IB: ncclIbSenderQpsCreate: QP created: port=1 dev=2 devName=roceP2p1s0f0 ndevs=4 nmdevs=4 qp_num=1981 pkey=0 pd=0xe628482e8d50 oooRq=0
node2:64:74 [0] NCCL INFO NET/IB: ncclIbConnectImpl: NCCL Dev 2 IbDev 2 Port 1 qp_num 1981 mtu 5 GID 3 (0/26FA8C0FFFF0000) ctsFifoRkey=0x18a69d ctsFifoLkey=0x18a69d
node2:64:74 [0] NCCL INFO NET/IB: ncclIbConnectImpl: IbDev 2 Port 1 qp_num 1981 query_ece={supported=1, vendor_id=0x15b3, options=0x30000002, comp_mask=0x0}
node2:64:74 [0] NCCL INFO NET/IB: ncclIbResiliencyInit: Resiliency is disabled on the recv communicator (comm=0xe6284a495000)
node2:64:74 [0] NCCL INFO NET/IB: ncclIbRecvCommInit: Receive work requests will be posted on-demand
node2:64:74 [0] NCCL INFO NET/IB: Subnet-aware routing: overriding dev 1 with dev 0
node2:64:74 [0] NCCL INFO NET/IB: Subnet-aware routing: overriding dev 3 with dev 2
node2:64:74 [0] NCCL INFO NET/IB: Subnet-aware routing: overriding dev 1 with dev 0
node2:64:74 [0] NCCL INFO NET/IB: ncclIbResiliencyInit: Resiliency is disabled on the send communicator (comm=0xe6284a4dd000)
node2:64:74 [0] NCCL INFO NET/IB: ncclIbSenderQpsToRts: Set ECE: IbDev 0 Port 1 qp_num 40742 set_ece={supported=1, vendor_id=0x15b3, options=0x30000002, comp_mask=0x0}
node2:64:74 [0] NCCL INFO NET/IB: Subnet-aware routing: overriding dev 1 with dev 0
node2:64:74 [0] NCCL INFO NET/IB: ncclIbSenderQpsToRts: Set ECE: IbDev 0 Port 1 qp_num 40743 set_ece={supported=1, vendor_id=0x15b3, options=0x30000002, comp_mask=0x0}
node2:64:74 [0] NCCL INFO NET/IB: ncclIbSenderQpsToRts: Set ECE: IbDev 2 Port 1 qp_num 1980 set_ece={supported=1, vendor_id=0x15b3, options=0x30000002, comp_mask=0x0}
node2:64:74 [0] NCCL INFO NET/IB: Subnet-aware routing: overriding dev 3 with dev 2
node2:64:74 [0] NCCL INFO NET/IB: ncclIbSenderQpsToRts: Set ECE: IbDev 2 Port 1 qp_num 1981 set_ece={supported=1, vendor_id=0x15b3, options=0x30000002, comp_mask=0x0}
node2:64:74 [0] NCCL INFO NET/IB: ncclIbSenderQpsCreate: QP created: port=1 dev=0 devName=rocep1s0f0 ndevs=4 nmdevs=4 qp_num=40744 pkey=0 pd=0xe6284807dd30 oooRq=0
node2:64:74 [0] NCCL INFO NET/IB: ncclIbConnectImpl: NCCL Dev 0 IbDev 0 Port 1 qp_num 40744 mtu 5 GID 6 (0/265A8C0FFFF0000) ctsFifoRkey=0x16f4ae ctsFifoLkey=0x16f4ae
node2:64:74 [0] NCCL INFO NET/IB: ncclIbConnectImpl: IbDev 0 Port 1 qp_num 40744 query_ece={supported=1, vendor_id=0x15b3, options=0x30000002, comp_mask=0x0}
node2:64:74 [0] NCCL INFO NET/IB: Subnet-aware routing: overriding dev 1 with dev 0
node2:64:74 [0] NCCL INFO NET/IB: ncclIbResiliencyInit: Resiliency is disabled on the recv communicator (comm=0xe6284a54c000)
node2:64:74 [0] NCCL INFO NET/IB: ncclIbRecvCommInit: Receive work requests will be posted on-demand
node2:64:74 [0] NCCL INFO NET/IB: Subnet-aware routing: overriding dev 1 with dev 0
node2:64:74 [0] NCCL INFO NET/IB: ncclIbResiliencyInit: Resiliency is disabled on the send communicator (comm=0xe6284a594000)
node2:64:74 [0] NCCL INFO NET/IB: Subnet-aware routing: overriding dev 1 with dev 0
node2:64:74 [0] NCCL INFO NET/IB: ncclIbResiliencyInit: Resiliency is disabled on the recv communicator (comm=0xe6284a5d8000)
node2:64:74 [0] NCCL INFO NET/IB: ncclIbRecvCommInit: Receive work requests will be posted on-demand
node2:64:74 [0] NCCL INFO NET/IB: Subnet-aware routing: overriding dev 1 with dev 0
node2:64:74 [0] NCCL INFO NET/IB: Subnet-aware routing: overriding dev 3 with dev 2
node2:64:74 [0] NCCL INFO NET/IB: ncclIbResiliencyInit: Resiliency is disabled on the send communicator (comm=0xe6284a620000)
node2:64:74 [0] NCCL INFO NET/IB: ncclIbReceiverQpsCreateToRts: QP created: port=1 dev=3 devName=roceP2p1s0f1 ndevs=4 nmdevs=4 qp_num=2409 pkey=0 pd=0xe62848534e20 oooRq=0
node2:64:74 [0] NCCL INFO NET/IB: ncclIbReceiverQpsCreateToRts: Flush QP created: port=1 dev=3 devName=roceP2p1s0f1 ndevs=4 nmdevs=4 qp_num=2410 pkey=0 pd=0xe62848534e20
node2:64:74 [0] NCCL INFO NET/IB: Subnet-aware routing: overriding dev 1 with dev 0
node2:64:74 [0] NCCL INFO NET/IB: Subnet-aware routing: overriding dev 3 with dev 2
node2:64:74 [0] NCCL INFO NET/IB: ncclIbResiliencyInit: Resiliency is disabled on the recv communicator (comm=0xe6284a6b5000)
node2:64:74 [0] NCCL INFO NET/IB: ncclIbRecvCommInit: Receive work requests will be posted on-demand
node2:64:74 [0] NCCL INFO NET/IB: Subnet-aware routing: overriding dev 1 with dev 0
node2:64:74 [0] NCCL INFO NET/IB: Subnet-aware routing: overriding dev 3 with dev 2
node2:64:74 [0] NCCL INFO NET/IB: ncclIbResiliencyInit: Resiliency is disabled on the send communicator (comm=0xe6284a6fd000)
node2:64:74 [0] NCCL INFO NET/IB: ncclIbSenderQpsToRts: Set ECE: IbDev 0 Port 1 qp_num 40744 set_ece={supported=1, vendor_id=0x15b3, options=0x30000002, comp_mask=0x0}
node2:64:74 [0] NCCL INFO NET/IB: Subnet-aware routing: overriding dev 1 with dev 0
node2:64:74 [0] NCCL INFO NET/IB: Subnet-aware routing: overriding dev 3 with dev 2
node2:64:74 [0] NCCL INFO NET/IB: ncclIbResiliencyInit: Resiliency is disabled on the recv communicator (comm=0xe6284a741000)
node2:64:74 [0] NCCL INFO NET/IB: ncclIbRecvCommInit: Receive work requests will be posted on-demand
node2:64:74 [0] NCCL INFO NET/IB: Subnet-aware routing: overriding dev 0 with dev 1
node2:64:74 [0] NCCL INFO NET/IB: ncclIbReceiverQpsCreateToRts: QP created: port=1 dev=1 devName=rocep1s0f1 ndevs=4 nmdevs=4 qp_num=39810 pkey=0 pd=0xe6284819eba0 oooRq=0
node2:64:74 [0] NCCL INFO NET/IB: ncclIbReceiverQpsCreateToRts: Flush QP created: port=1 dev=1 devName=rocep1s0f1 ndevs=4 nmdevs=4 qp_num=39811 pkey=0 pd=0xe6284819eba0
node2:64:74 [0] NCCL INFO NET/IB: ncclIbReceiverQpsCreateToRts: QP created: port=1 dev=1 devName=rocep1s0f1 ndevs=4 nmdevs=4 qp_num=39812 pkey=0 pd=0xe6284819eba0 oooRq=0
node2:64:74 [0] NCCL INFO NET/IB: ncclIbReceiverQpsCreateToRts: Flush QP created: port=1 dev=1 devName=rocep1s0f1 ndevs=4 nmdevs=4 qp_num=39813 pkey=0 pd=0xe6284819eba0
node2:64:74 [0] NCCL INFO NET/IB: Subnet-aware routing: overriding dev 2 with dev 3
node2:64:74 [0] NCCL INFO NET/IB: ncclIbReceiverQpsCreateToRts: QP created: port=1 dev=3 devName=roceP2p1s0f1 ndevs=4 nmdevs=4 qp_num=2411 pkey=0 pd=0xe62848534e20 oooRq=0
node2:64:74 [0] NCCL INFO NET/IB: ncclIbReceiverQpsCreateToRts: Flush QP created: port=1 dev=3 devName=roceP2p1s0f1 ndevs=4 nmdevs=4 qp_num=2412 pkey=0 pd=0xe62848534e20
node2:64:74 [0] NCCL INFO NET/IB: ncclIbReceiverQpsCreateToRts: QP created: port=1 dev=3 devName=roceP2p1s0f1 ndevs=4 nmdevs=4 qp_num=2413 pkey=0 pd=0xe62848534e20 oooRq=0
node2:64:74 [0] NCCL INFO NET/IB: ncclIbReceiverQpsCreateToRts: Flush QP created: port=1 dev=3 devName=roceP2p1s0f1 ndevs=4 nmdevs=4 qp_num=2414 pkey=0 pd=0xe62848534e20
node2:64:74 [0] NCCL INFO NET/IB: Subnet-aware routing: overriding dev 0 with dev 1
node2:64:74 [0] NCCL INFO NET/IB: ncclIbReceiverQpsCreateToRts: QP created: port=1 dev=1 devName=rocep1s0f1 ndevs=4 nmdevs=4 qp_num=39814 pkey=0 pd=0xe6284819eba0 oooRq=0
node2:64:74 [0] NCCL INFO NET/IB: ncclIbReceiverQpsCreateToRts: Flush QP created: port=1 dev=1 devName=rocep1s0f1 ndevs=4 nmdevs=4 qp_num=39815 pkey=0 pd=0xe6284819eba0
node2:64:74 [0] NCCL INFO NET/IB: Subnet-aware routing: overriding dev 1 with dev 0
node2:64:74 [0] NCCL INFO NET/IB: ncclIbSenderQpsCreate: QP created: port=1 dev=0 devName=rocep1s0f0 ndevs=4 nmdevs=4 qp_num=40745 pkey=0 pd=0xe6284807dd30 oooRq=0
node2:64:74 [0] NCCL INFO NET/IB: ncclIbConnectImpl: NCCL Dev 0 IbDev 0 Port 1 qp_num 40745 mtu 5 GID 6 (0/265A8C0FFFF0000) ctsFifoRkey=0x152be8 ctsFifoLkey=0x152be8
node2:64:74 [0] NCCL INFO NET/IB: ncclIbConnectImpl: IbDev 0 Port 1 qp_num 40745 query_ece={supported=1, vendor_id=0x15b3, options=0x30000002, comp_mask=0x0}
node2:64:74 [0] NCCL INFO NET/IB: ncclIbSenderQpsCreate: QP created: port=1 dev=2 devName=roceP2p1s0f0 ndevs=4 nmdevs=4 qp_num=1982 pkey=0 pd=0xe628482e8d50 oooRq=0
node2:64:74 [0] NCCL INFO NET/IB: ncclIbConnectImpl: NCCL Dev 2 IbDev 2 Port 1 qp_num 1982 mtu 5 GID 3 (0/26FA8C0FFFF0000) ctsFifoRkey=0x18c9c7 ctsFifoLkey=0x18c9c7
node2:64:74 [0] NCCL INFO NET/IB: ncclIbConnectImpl: IbDev 2 Port 1 qp_num 1982 query_ece={supported=1, vendor_id=0x15b3, options=0x30000002, comp_mask=0x0}
node2:64:74 [0] NCCL INFO NET/IB: Subnet-aware routing: overriding dev 3 with dev 2
node2:64:74 [0] NCCL INFO NET/IB: Subnet-aware routing: overriding dev 1 with dev 0
node2:64:74 [0] NCCL INFO NET/IB: ncclIbResiliencyInit: Resiliency is disabled on the send communicator (comm=0xe6284a97e000)
node2:64:74 [0] NCCL INFO NET/IB: Subnet-aware routing: overriding dev 1 with dev 0
node2:64:74 [0] NCCL INFO NET/IB: ncclIbSenderQpsToRts: Set ECE: IbDev 0 Port 1 qp_num 40745 set_ece={supported=1, vendor_id=0x15b3, options=0x30000002, comp_mask=0x0}
node2:64:74 [0] NCCL INFO NET/IB: ncclIbSenderQpsToRts: Set ECE: IbDev 2 Port 1 qp_num 1982 set_ece={supported=1, vendor_id=0x15b3, options=0x30000002, comp_mask=0x0}
node2:64:74 [0] NCCL INFO NET/IB: Subnet-aware routing: overriding dev 3 with dev 2
node2:64:74 [0] NCCL INFO NET/IB: ncclIbSenderQpsCreate: QP created: port=1 dev=2 devName=roceP2p1s0f0 ndevs=4 nmdevs=4 qp_num=1983 pkey=0 pd=0xe628482e8d50 oooRq=0
node2:64:74 [0] NCCL INFO NET/IB: ncclIbConnectImpl: NCCL Dev 2 IbDev 2 Port 1 qp_num 1983 mtu 5 GID 3 (0/26FA8C0FFFF0000) ctsFifoRkey=0x194a40 ctsFifoLkey=0x194a40
node2:64:74 [0] NCCL INFO NET/IB: ncclIbConnectImpl: IbDev 2 Port 1 qp_num 1983 query_ece={supported=1, vendor_id=0x15b3, options=0x30000002, comp_mask=0x0}
node2:64:74 [0] NCCL INFO NET/IB: Subnet-aware routing: overriding dev 1 with dev 0
node2:64:74 [0] NCCL INFO NET/IB: ncclIbResiliencyInit: Resiliency is disabled on the recv communicator (comm=0xe6284a9ed000)
node2:64:74 [0] NCCL INFO NET/IB: ncclIbRecvCommInit: Receive work requests will be posted on-demand
node2:64:74 [0] NCCL INFO NET/IB: ncclIbReceiverQpsCreateToRts: QP created: port=1 dev=1 devName=rocep1s0f1 ndevs=4 nmdevs=4 qp_num=39816 pkey=0 pd=0xe6284819eba0 oooRq=0
node2:64:74 [0] NCCL INFO NET/IB: ncclIbReceiverQpsCreateToRts: Flush QP created: port=1 dev=1 devName=rocep1s0f1 ndevs=4 nmdevs=4 qp_num=39817 pkey=0 pd=0xe6284819eba0
node2:64:74 [0] NCCL INFO NET/IB: Subnet-aware routing: overriding dev 3 with dev 2
node2:64:74 [0] NCCL INFO NET/IB: Subnet-aware routing: overriding dev 1 with dev 0
node2:64:74 [0] NCCL INFO NET/IB: ncclIbResiliencyInit: Resiliency is disabled on the send communicator (comm=0xe6284aa80000)
node2:64:74 [0] NCCL INFO NET/IB: Subnet-aware routing: overriding dev 3 with dev 2
node2:64:74 [0] NCCL INFO NET/IB: Subnet-aware routing: overriding dev 1 with dev 0
node2:64:74 [0] NCCL INFO NET/IB: ncclIbResiliencyInit: Resiliency is disabled on the recv communicator (comm=0xe6284aac4000)
node2:64:74 [0] NCCL INFO NET/IB: ncclIbRecvCommInit: Receive work requests will be posted on-demand
node2:64:74 [0] NCCL INFO NET/IB: Subnet-aware routing: overriding dev 3 with dev 2
node2:64:74 [0] NCCL INFO NET/IB: Subnet-aware routing: overriding dev 1 with dev 0
node2:64:74 [0] NCCL INFO NET/IB: Subnet-aware routing: overriding dev 3 with dev 2
node2:64:74 [0] NCCL INFO NET/IB: ncclIbResiliencyInit: Resiliency is disabled on the send communicator (comm=0xe6284ab0c000)
node2:64:74 [0] NCCL INFO NET/IB: Subnet-aware routing: overriding dev 3 with dev 2
node2:64:74 [0] NCCL INFO NET/IB: Subnet-aware routing: overriding dev 1 with dev 0
node2:64:74 [0] NCCL INFO NET/IB: Subnet-aware routing: overriding dev 3 with dev 2
node2:64:74 [0] NCCL INFO NET/IB: ncclIbResiliencyInit: Resiliency is disabled on the recv communicator (comm=0xe6284ab50000)
node2:64:74 [0] NCCL INFO NET/IB: ncclIbRecvCommInit: Receive work requests will be posted on-demand
node2:64:74 [0] NCCL INFO NET/IB: Subnet-aware routing: overriding dev 3 with dev 2
node2:64:74 [0] NCCL INFO NET/IB: ncclIbSenderQpsToRts: Set ECE: IbDev 2 Port 1 qp_num 1983 set_ece={supported=1, vendor_id=0x15b3, options=0x30000002, comp_mask=0x0}
node2:64:74 [0] NCCL INFO NET/IB: ncclIbSenderQpsCreate: QP created: port=1 dev=0 devName=rocep1s0f0 ndevs=4 nmdevs=4 qp_num=40746 pkey=0 pd=0xe6284807dd30 oooRq=0
node2:64:74 [0] NCCL INFO NET/IB: ncclIbConnectImpl: NCCL Dev 0 IbDev 0 Port 1 qp_num 40746 mtu 5 GID 6 (0/265A8C0FFFF0000) ctsFifoRkey=0x16a969 ctsFifoLkey=0x16a969
node2:64:74 [0] NCCL INFO NET/IB: ncclIbConnectImpl: IbDev 0 Port 1 qp_num 40746 query_ece={supported=1, vendor_id=0x15b3, options=0x30000002, comp_mask=0x0}
node2:64:74 [0] NCCL INFO NET/IB: Subnet-aware routing: overriding dev 1 with dev 0
node2:64:74 [0] NCCL INFO NET/IB: Subnet-aware routing: overriding dev 3 with dev 2
node2:64:74 [0] NCCL INFO NET/IB: ncclIbResiliencyInit: Resiliency is disabled on the send communicator (comm=0xe6284abc6000)
node2:64:74 [0] NCCL INFO NET/IB: Subnet-aware routing: overriding dev 1 with dev 0
node2:64:74 [0] NCCL INFO NET/IB: Subnet-aware routing: overriding dev 3 with dev 2
node2:64:74 [0] NCCL INFO NET/IB: ncclIbResiliencyInit: Resiliency is disabled on the recv communicator (comm=0xe6284ac0a000)
node2:64:74 [0] NCCL INFO NET/IB: ncclIbRecvCommInit: Receive work requests will be posted on-demand
node2:64:74 [0] NCCL INFO NET/IB: Subnet-aware routing: overriding dev 1 with dev 0
node2:64:74 [0] NCCL INFO NET/IB: Subnet-aware routing: overriding dev 3 with dev 2
node2:64:74 [0] NCCL INFO NET/IB: Subnet-aware routing: overriding dev 1 with dev 0
node2:64:74 [0] NCCL INFO NET/IB: ncclIbResiliencyInit: Resiliency is disabled on the send communicator (comm=0xe6284ac52000)
node2:64:74 [0] NCCL INFO NET/IB: ncclIbSenderQpsToRts: Set ECE: IbDev 0 Port 1 qp_num 40746 set_ece={supported=1, vendor_id=0x15b3, options=0x30000002, comp_mask=0x0}
node2:64:74 [0] NCCL INFO NET/IB: Subnet-aware routing: overriding dev 1 with dev 0
node2:64:74 [0] NCCL INFO NET/IB: ncclIbSenderQpsCreate: QP created: port=1 dev=0 devName=rocep1s0f0 ndevs=4 nmdevs=4 qp_num=40747 pkey=0 pd=0xe6284807dd30 oooRq=0
node2:64:74 [0] NCCL INFO NET/IB: ncclIbConnectImpl: NCCL Dev 0 IbDev 0 Port 1 qp_num 40747 mtu 5 GID 6 (0/265A8C0FFFF0000) ctsFifoRkey=0x1540f8 ctsFifoLkey=0x1540f8
node2:64:74 [0] NCCL INFO NET/IB: ncclIbConnectImpl: IbDev 0 Port 1 qp_num 40747 query_ece={supported=1, vendor_id=0x15b3, options=0x30000002, comp_mask=0x0}
node2:64:74 [0] NCCL INFO NET/IB: Subnet-aware routing: overriding dev 3 with dev 2
node2:64:74 [0] NCCL INFO NET/IB: Subnet-aware routing: overriding dev 1 with dev 0
node2:64:74 [0] NCCL INFO NET/IB: ncclIbResiliencyInit: Resiliency is disabled on the recv communicator (comm=0xe6284acc4000)
node2:64:74 [0] NCCL INFO NET/IB: ncclIbRecvCommInit: Receive work requests will be posted on-demand
node2:64:74 [0] NCCL INFO NET/IB: Subnet-aware routing: overriding dev 1 with dev 0
node2:64:74 [0] NCCL INFO NET/IB: Subnet-aware routing: overriding dev 3 with dev 2
node2:64:74 [0] NCCL INFO NET/IB: Subnet-aware routing: overriding dev 1 with dev 0
node2:64:74 [0] NCCL INFO NET/IB: ncclIbResiliencyInit: Resiliency is disabled on the send communicator (comm=0xe6284ad0c000)
node2:64:74 [0] NCCL INFO NET/IB: Subnet-aware routing: overriding dev 1 with dev 0
node2:64:74 [0] NCCL INFO NET/IB: ncclIbSenderQpsToRts: Set ECE: IbDev 0 Port 1 qp_num 40747 set_ece={supported=1, vendor_id=0x15b3, options=0x30000002, comp_mask=0x0}
node2:64:74 [0] NCCL INFO NET/IB: ncclIbSenderQpsCreate: QP created: port=1 dev=2 devName=roceP2p1s0f0 ndevs=4 nmdevs=4 qp_num=1984 pkey=0 pd=0xe628482e8d50 oooRq=0
node2:64:74 [0] NCCL INFO NET/IB: ncclIbConnectImpl: NCCL Dev 2 IbDev 2 Port 1 qp_num 1984 mtu 5 GID 3 (0/26FA8C0FFFF0000) ctsFifoRkey=0x192829 ctsFifoLkey=0x192829
node2:64:74 [0] NCCL INFO NET/IB: ncclIbConnectImpl: IbDev 2 Port 1 qp_num 1984 query_ece={supported=1, vendor_id=0x15b3, options=0x30000002, comp_mask=0x0}
node2:64:74 [0] NCCL INFO NET/IB: Subnet-aware routing: overriding dev 3 with dev 2
node2:64:74 [0] NCCL INFO NET/IB: Subnet-aware routing: overriding dev 1 with dev 0
node2:64:74 [0] NCCL INFO NET/IB: ncclIbResiliencyInit: Resiliency is disabled on the recv communicator (comm=0xe6284ad80000)
node2:64:74 [0] NCCL INFO NET/IB: ncclIbRecvCommInit: Receive work requests will be posted on-demand
node2:64:74 [0] NCCL INFO NET/IB: Subnet-aware routing: overriding dev 3 with dev 2
node2:64:74 [0] NCCL INFO NET/IB: Subnet-aware routing: overriding dev 1 with dev 0
node2:64:74 [0] NCCL INFO NET/IB: Subnet-aware routing: overriding dev 3 with dev 2
node2:64:74 [0] NCCL INFO NET/IB: ncclIbResiliencyInit: Resiliency is disabled on the send communicator (comm=0xe6284adc8000)
node2:64:74 [0] NCCL INFO NET/IB: Subnet-aware routing: overriding dev 3 with dev 2
node2:64:74 [0] NCCL INFO NET/IB: Subnet-aware routing: overriding dev 1 with dev 0
node2:64:74 [0] NCCL INFO NET/IB: Subnet-aware routing: overriding dev 3 with dev 2
node2:64:74 [0] NCCL INFO NET/IB: ncclIbResiliencyInit: Resiliency is disabled on the recv communicator (comm=0xe6284ae0c000)
node2:64:74 [0] NCCL INFO NET/IB: ncclIbRecvCommInit: Receive work requests will be posted on-demand
node2:64:74 [0] NCCL INFO NET/IB: Subnet-aware routing: overriding dev 3 with dev 2
node2:64:74 [0] NCCL INFO NET/IB: ncclIbSenderQpsCreate: QP created: port=1 dev=2 devName=roceP2p1s0f0 ndevs=4 nmdevs=4 qp_num=1985 pkey=0 pd=0xe628482e8d50 oooRq=0
node2:64:74 [0] NCCL INFO NET/IB: ncclIbConnectImpl: NCCL Dev 2 IbDev 2 Port 1 qp_num 1985 mtu 5 GID 3 (0/26FA8C0FFFF0000) ctsFifoRkey=0x18bcbb ctsFifoLkey=0x18bcbb
node2:64:74 [0] NCCL INFO NET/IB: ncclIbConnectImpl: IbDev 2 Port 1 qp_num 1985 query_ece={supported=1, vendor_id=0x15b3, options=0x30000002, comp_mask=0x0}
node2:64:74 [0] NCCL INFO NET/IB: Subnet-aware routing: overriding dev 1 with dev 0
node2:64:74 [0] NCCL INFO NET/IB: Subnet-aware routing: overriding dev 3 with dev 2
node2:64:74 [0] NCCL INFO NET/IB: ncclIbResiliencyInit: Resiliency is disabled on the send communicator (comm=0xe6284ae86000)
node2:64:74 [0] NCCL INFO NET/IB: ncclIbSenderQpsToRts: Set ECE: IbDev 2 Port 1 qp_num 1984 set_ece={supported=1, vendor_id=0x15b3, options=0x30000002, comp_mask=0x0}
node2:64:74 [0] NCCL INFO NET/IB: Subnet-aware routing: overriding dev 3 with dev 2
node2:64:74 [0] NCCL INFO NET/IB: ncclIbSenderQpsToRts: Set ECE: IbDev 2 Port 1 qp_num 1985 set_ece={supported=1, vendor_id=0x15b3, options=0x30000002, comp_mask=0x0}
node2:64:74 [0] NCCL INFO NET/IB: Subnet-aware routing: overriding dev 1 with dev 0
node2:64:74 [0] NCCL INFO NET/IB: Subnet-aware routing: overriding dev 3 with dev 2
node2:64:74 [0] NCCL INFO NET/IB: ncclIbResiliencyInit: Resiliency is disabled on the recv communicator (comm=0xe6284aec7000)
node2:64:74 [0] NCCL INFO NET/IB: ncclIbRecvCommInit: Receive work requests will be posted on-demand
node2:64:74 [0] NCCL INFO NET/IB: ncclIbReceiverQpsCreateToRts: QP created: port=1 dev=1 devName=rocep1s0f1 ndevs=4 nmdevs=4 qp_num=39818 pkey=0 pd=0xe6284819eba0 oooRq=0
node2:64:74 [0] NCCL INFO NET/IB: ncclIbReceiverQpsCreateToRts: Flush QP created: port=1 dev=1 devName=rocep1s0f1 ndevs=4 nmdevs=4 qp_num=39819 pkey=0 pd=0xe6284819eba0
node2:64:74 [0] NCCL INFO NET/IB: Subnet-aware routing: overriding dev 2 with dev 3
node2:64:74 [0] NCCL INFO NET/IB: ncclIbReceiverQpsCreateToRts: QP created: port=1 dev=3 devName=roceP2p1s0f1 ndevs=4 nmdevs=4 qp_num=2415 pkey=0 pd=0xe62848534e20 oooRq=0
node2:64:74 [0] NCCL INFO NET/IB: ncclIbReceiverQpsCreateToRts: Flush QP created: port=1 dev=3 devName=roceP2p1s0f1 ndevs=4 nmdevs=4 qp_num=2416 pkey=0 pd=0xe62848534e20
node2:64:74 [0] NCCL INFO NET/IB: Subnet-aware routing: overriding dev 1 with dev 0
node2:64:74 [0] NCCL INFO NET/IB: Subnet-aware routing: overriding dev 3 with dev 2
node2:64:74 [0] NCCL INFO NET/IB: Subnet-aware routing: overriding dev 1 with dev 0
node2:64:74 [0] NCCL INFO NET/IB: ncclIbResiliencyInit: Resiliency is disabled on the send communicator (comm=0xe6284afaa000)
node2:64:74 [0] NCCL INFO NET/IB: ncclIbReceiverQpsCreateToRts: QP created: port=1 dev=3 devName=roceP2p1s0f1 ndevs=4 nmdevs=4 qp_num=2417 pkey=0 pd=0xe62848534e20 oooRq=0
node2:64:74 [0] NCCL INFO NET/IB: ncclIbReceiverQpsCreateToRts: Flush QP created: port=1 dev=3 devName=roceP2p1s0f1 ndevs=4 nmdevs=4 qp_num=2418 pkey=0 pd=0xe62848534e20
node2:64:74 [0] NCCL INFO NET/IB: Subnet-aware routing: overriding dev 0 with dev 1
node2:64:74 [0] NCCL INFO NET/IB: ncclIbReceiverQpsCreateToRts: QP created: port=1 dev=1 devName=rocep1s0f1 ndevs=4 nmdevs=4 qp_num=39820 pkey=0 pd=0xe6284819eba0 oooRq=0
node2:64:74 [0] NCCL INFO NET/IB: ncclIbReceiverQpsCreateToRts: Flush QP created: port=1 dev=1 devName=rocep1s0f1 ndevs=4 nmdevs=4 qp_num=39821 pkey=0 pd=0xe6284819eba0
node2:64:74 [0] NCCL INFO NET/IB: ncclIbSenderQpsCreate: QP created: port=1 dev=0 devName=rocep1s0f0 ndevs=4 nmdevs=4 qp_num=40748 pkey=0 pd=0xe6284807dd30 oooRq=0
node2:64:74 [0] NCCL INFO NET/IB: ncclIbConnectImpl: NCCL Dev 0 IbDev 0 Port 1 qp_num 40748 mtu 5 GID 6 (0/265A8C0FFFF0000) ctsFifoRkey=0x174e09 ctsFifoLkey=0x174e09
node2:64:74 [0] NCCL INFO NET/IB: ncclIbConnectImpl: IbDev 0 Port 1 qp_num 40748 query_ece={supported=1, vendor_id=0x15b3, options=0x30000002, comp_mask=0x0}
node2:64:74 [0] NCCL INFO NET/IB: Subnet-aware routing: overriding dev 1 with dev 0
node2:64:74 [0] NCCL INFO NET/IB: Subnet-aware routing: overriding dev 3 with dev 2
node2:64:74 [0] NCCL INFO NET/IB: Subnet-aware routing: overriding dev 1 with dev 0
node2:64:74 [0] NCCL INFO NET/IB: ncclIbResiliencyInit: Resiliency is disabled on the recv communicator (comm=0xe6284b0bf000)
node2:64:74 [0] NCCL INFO NET/IB: ncclIbRecvCommInit: Receive work requests will be posted on-demand
node2:64:74 [0] NCCL INFO NET/IB: ncclIbReceiverQpsCreateToRts: QP created: port=1 dev=3 devName=roceP2p1s0f1 ndevs=4 nmdevs=4 qp_num=2419 pkey=0 pd=0xe62848534e20 oooRq=0
node2:64:74 [0] NCCL INFO NET/IB: ncclIbReceiverQpsCreateToRts: Flush QP created: port=1 dev=3 devName=roceP2p1s0f1 ndevs=4 nmdevs=4 qp_num=2420 pkey=0 pd=0xe62848534e20
node2:64:74 [0] NCCL INFO NET/IB: Subnet-aware routing: overriding dev 1 with dev 0
node2:64:74 [0] NCCL INFO NET/IB: Subnet-aware routing: overriding dev 3 with dev 2
node2:64:74 [0] NCCL INFO NET/IB: Subnet-aware routing: overriding dev 1 with dev 0
node2:64:74 [0] NCCL INFO NET/IB: ncclIbResiliencyInit: Resiliency is disabled on the send communicator (comm=0xe6284b156000)
node2:64:74 [0] NCCL INFO NET/IB: Subnet-aware routing: overriding dev 2 with dev 3
node2:64:74 [0] NCCL INFO NET/IB: ncclIbReceiverQpsCreateToRts: QP created: port=1 dev=3 devName=roceP2p1s0f1 ndevs=4 nmdevs=4 qp_num=2421 pkey=0 pd=0xe62848534e20 oooRq=0
node2:64:74 [0] NCCL INFO NET/IB: ncclIbReceiverQpsCreateToRts: Flush QP created: port=1 dev=3 devName=roceP2p1s0f1 ndevs=4 nmdevs=4 qp_num=2422 pkey=0 pd=0xe62848534e20
node2:64:74 [0] NCCL INFO NET/IB: ncclIbSenderQpsToRts: Set ECE: IbDev 0 Port 1 qp_num 40748 set_ece={supported=1, vendor_id=0x15b3, options=0x30000002, comp_mask=0x0}
node2:64:74 [0] NCCL INFO NET/IB: Subnet-aware routing: overriding dev 1 with dev 0
node2:64:74 [0] NCCL INFO NET/IB: ncclIbSenderQpsCreate: QP created: port=1 dev=0 devName=rocep1s0f0 ndevs=4 nmdevs=4 qp_num=40749 pkey=0 pd=0xe6284807dd30 oooRq=0
node2:64:74 [0] NCCL INFO NET/IB: ncclIbConnectImpl: NCCL Dev 0 IbDev 0 Port 1 qp_num 40749 mtu 5 GID 6 (0/265A8C0FFFF0000) ctsFifoRkey=0x15c57b ctsFifoLkey=0x15c57b
node2:64:74 [0] NCCL INFO NET/IB: ncclIbConnectImpl: IbDev 0 Port 1 qp_num 40749 query_ece={supported=1, vendor_id=0x15b3, options=0x30000002, comp_mask=0x0}
node2:64:74 [0] NCCL INFO NET/IB: Subnet-aware routing: overriding dev 3 with dev 2
node2:64:74 [0] NCCL INFO NET/IB: Subnet-aware routing: overriding dev 1 with dev 0
node2:64:74 [0] NCCL INFO NET/IB: ncclIbResiliencyInit: Resiliency is disabled on the recv communicator (comm=0xe6284b21d000)
node2:64:74 [0] NCCL INFO NET/IB: ncclIbRecvCommInit: Receive work requests will be posted on-demand
node2:64:74 [0] NCCL INFO NET/IB: Subnet-aware routing: overriding dev 1 with dev 0
node2:64:74 [0] NCCL INFO NET/IB: Subnet-aware routing: overriding dev 3 with dev 2
node2:64:74 [0] NCCL INFO NET/IB: Subnet-aware routing: overriding dev 1 with dev 0
node2:64:74 [0] NCCL INFO NET/IB: Subnet-aware routing: overriding dev 3 with dev 2
node2:64:74 [0] NCCL INFO NET/IB: ncclIbResiliencyInit: Resiliency is disabled on the send communicator (comm=0xe6284b265000)
node2:64:74 [0] NCCL INFO NET/IB: Subnet-aware routing: overriding dev 1 with dev 0
node2:64:74 [0] NCCL INFO NET/IB: ncclIbSenderQpsCreate: QP created: port=1 dev=2 devName=roceP2p1s0f0 ndevs=4 nmdevs=4 qp_num=1986 pkey=0 pd=0xe628482e8d50 oooRq=0
node2:64:74 [0] NCCL INFO NET/IB: ncclIbConnectImpl: NCCL Dev 2 IbDev 2 Port 1 qp_num 1986 mtu 5 GID 3 (0/26FA8C0FFFF0000) ctsFifoRkey=0x18b1af ctsFifoLkey=0x18b1af
node2:64:74 [0] NCCL INFO NET/IB: ncclIbConnectImpl: IbDev 2 Port 1 qp_num 1986 query_ece={supported=1, vendor_id=0x15b3, options=0x30000002, comp_mask=0x0}
node2:64:74 [0] NCCL INFO NET/IB: Subnet-aware routing: overriding dev 3 with dev 2
node2:64:74 [0] NCCL INFO NET/IB: Subnet-aware routing: overriding dev 1 with dev 0
node2:64:74 [0] NCCL INFO NET/IB: Subnet-aware routing: overriding dev 3 with dev 2
node2:64:74 [0] NCCL INFO NET/IB: ncclIbResiliencyInit: Resiliency is disabled on the recv communicator (comm=0xe6284b2db000)
node2:64:74 [0] NCCL INFO NET/IB: ncclIbRecvCommInit: Receive work requests will be posted on-demand
node2:64:74 [0] NCCL INFO NET/IB: Subnet-aware routing: overriding dev 1 with dev 0
node2:64:74 [0] NCCL INFO NET/IB: ncclIbSenderQpsToRts: Set ECE: IbDev 0 Port 1 qp_num 40749 set_ece={supported=1, vendor_id=0x15b3, options=0x30000002, comp_mask=0x0}
node2:64:74 [0] NCCL INFO NET/IB: ncclIbSenderQpsToRts: Set ECE: IbDev 2 Port 1 qp_num 1986 set_ece={supported=1, vendor_id=0x15b3, options=0x30000002, comp_mask=0x0}
node2:64:74 [0] NCCL INFO NET/IB: Subnet-aware routing: overriding dev 3 with dev 2
node2:64:74 [0] NCCL INFO NET/IB: ncclIbSenderQpsCreate: QP created: port=1 dev=2 devName=roceP2p1s0f0 ndevs=4 nmdevs=4 qp_num=1987 pkey=0 pd=0xe628482e8d50 oooRq=0
node2:64:74 [0] NCCL INFO NET/IB: ncclIbConnectImpl: NCCL Dev 2 IbDev 2 Port 1 qp_num 1987 mtu 5 GID 3 (0/26FA8C0FFFF0000) ctsFifoRkey=0x139b96 ctsFifoLkey=0x139b96
node2:64:74 [0] NCCL INFO NET/IB: ncclIbConnectImpl: IbDev 2 Port 1 qp_num 1987 query_ece={supported=1, vendor_id=0x15b3, options=0x30000002, comp_mask=0x0}
node2:64:74 [0] NCCL INFO NET/IB: Subnet-aware routing: overriding dev 1 with dev 0
node2:64:74 [0] NCCL INFO NET/IB: Subnet-aware routing: overriding dev 3 with dev 2
node2:64:74 [0] NCCL INFO NET/IB: ncclIbResiliencyInit: Resiliency is disabled on the send communicator (comm=0xe6284b351000)
node2:64:74 [0] NCCL INFO NET/IB: Subnet-aware routing: overriding dev 3 with dev 2
node2:64:74 [0] NCCL INFO NET/IB: Subnet-aware routing: overriding dev 1 with dev 0
node2:64:74 [0] NCCL INFO NET/IB: Subnet-aware routing: overriding dev 3 with dev 2
node2:64:74 [0] NCCL INFO NET/IB: ncclIbResiliencyInit: Resiliency is disabled on the recv communicator (comm=0xe6284b395000)
node2:64:74 [0] NCCL INFO NET/IB: ncclIbRecvCommInit: Receive work requests will be posted on-demand
node2:64:74 [0] NCCL INFO NET/IB: Subnet-aware routing: overriding dev 3 with dev 2
node2:64:74 [0] NCCL INFO NET/IB: Subnet-aware routing: overriding dev 1 with dev 0
node2:64:74 [0] NCCL INFO NET/IB: Subnet-aware routing: overriding dev 3 with dev 2
node2:64:74 [0] NCCL INFO NET/IB: Subnet-aware routing: overriding dev 1 with dev 0
node2:64:74 [0] NCCL INFO NET/IB: ncclIbResiliencyInit: Resiliency is disabled on the send communicator (comm=0xe6284b3dd000)
node2:64:74 [0] NCCL INFO NET/IB: Subnet-aware routing: overriding dev 3 with dev 2
node2:64:74 [0] NCCL INFO NET/IB: ncclIbSenderQpsToRts: Set ECE: IbDev 2 Port 1 qp_num 1987 set_ece={supported=1, vendor_id=0x15b3, options=0x30000002, comp_mask=0x0}
node2:64:74 [0] NCCL INFO NET/IB: Subnet-aware routing: overriding dev 1 with dev 0
node2:64:74 [0] NCCL INFO NET/IB: Subnet-aware routing: overriding dev 3 with dev 2
node2:64:74 [0] NCCL INFO NET/IB: Subnet-aware routing: overriding dev 1 with dev 0
node2:64:74 [0] NCCL INFO NET/IB: ncclIbResiliencyInit: Resiliency is disabled on the recv communicator (comm=0xe6284b421000)
node2:64:74 [0] NCCL INFO NET/IB: ncclIbRecvCommInit: Receive work requests will be posted on-demand
node2:64:74 [0] NCCL INFO NET/IB: ncclIbSenderQpsCreate: QP created: port=1 dev=0 devName=rocep1s0f0 ndevs=4 nmdevs=4 qp_num=40750 pkey=0 pd=0xe6284807dd30 oooRq=0
node2:64:74 [0] NCCL INFO NET/IB: ncclIbConnectImpl: NCCL Dev 0 IbDev 0 Port 1 qp_num 40750 mtu 5 GID 6 (0/265A8C0FFFF0000) ctsFifoRkey=0x1717d7 ctsFifoLkey=0x1717d7
node2:64:74 [0] NCCL INFO NET/IB: ncclIbConnectImpl: IbDev 0 Port 1 qp_num 40750 query_ece={supported=1, vendor_id=0x15b3, options=0x30000002, comp_mask=0x0}
node2:64:74 [0] NCCL INFO NET/IB: Subnet-aware routing: overriding dev 1 with dev 0
node2:64:74 [0] NCCL INFO NET/IB: Subnet-aware routing: overriding dev 3 with dev 2
node2:64:74 [0] NCCL INFO NET/IB: Subnet-aware routing: overriding dev 1 with dev 0
node2:64:74 [0] NCCL INFO NET/IB: ncclIbResiliencyInit: Resiliency is disabled on the send communicator (comm=0xe6284b497000)
node2:64:74 [0] NCCL INFO NET/IB: Subnet-aware routing: overriding dev 0 with dev 1
node2:64:74 [0] NCCL INFO NET/IB: ncclIbReceiverQpsCreateToRts: QP created: port=1 dev=1 devName=rocep1s0f1 ndevs=4 nmdevs=4 qp_num=39822 pkey=0 pd=0xe6284819eba0 oooRq=0
node2:64:74 [0] NCCL INFO NET/IB: ncclIbReceiverQpsCreateToRts: Flush QP created: port=1 dev=1 devName=rocep1s0f1 ndevs=4 nmdevs=4 qp_num=39823 pkey=0 pd=0xe6284819eba0
node2:64:74 [0] NCCL INFO NET/IB: ncclIbReceiverQpsCreateToRts: QP created: port=1 dev=1 devName=rocep1s0f1 ndevs=4 nmdevs=4 qp_num=39824 pkey=0 pd=0xe6284819eba0 oooRq=0
node2:64:74 [0] NCCL INFO NET/IB: ncclIbReceiverQpsCreateToRts: Flush QP created: port=1 dev=1 devName=rocep1s0f1 ndevs=4 nmdevs=4 qp_num=39825 pkey=0 pd=0xe6284819eba0
node2:64:74 [0] NCCL INFO NET/IB: Subnet-aware routing: overriding dev 2 with dev 3
node2:64:74 [0] NCCL INFO NET/IB: ncclIbReceiverQpsCreateToRts: QP created: port=1 dev=3 devName=roceP2p1s0f1 ndevs=4 nmdevs=4 qp_num=2423 pkey=0 pd=0xe62848534e20 oooRq=0
node2:64:74 [0] NCCL INFO NET/IB: ncclIbReceiverQpsCreateToRts: Flush QP created: port=1 dev=3 devName=roceP2p1s0f1 ndevs=4 nmdevs=4 qp_num=2424 pkey=0 pd=0xe62848534e20
node2:64:74 [0] NCCL INFO NET/IB: ncclIbReceiverQpsCreateToRts: QP created: port=1 dev=3 devName=roceP2p1s0f1 ndevs=4 nmdevs=4 qp_num=2425 pkey=0 pd=0xe62848534e20 oooRq=0
node2:64:74 [0] NCCL INFO NET/IB: ncclIbReceiverQpsCreateToRts: Flush QP created: port=1 dev=3 devName=roceP2p1s0f1 ndevs=4 nmdevs=4 qp_num=2426 pkey=0 pd=0xe62848534e20
node2:64:74 [0] NCCL INFO NET/IB: ncclIbSenderQpsToRts: Set ECE: IbDev 0 Port 1 qp_num 40750 set_ece={supported=1, vendor_id=0x15b3, options=0x30000002, comp_mask=0x0}
node2:64:74 [0] NCCL INFO NET/IB: Subnet-aware routing: overriding dev 1 with dev 0
node2:64:74 [0] NCCL INFO NET/IB: ncclIbSenderQpsCreate: QP created: port=1 dev=0 devName=rocep1s0f0 ndevs=4 nmdevs=4 qp_num=40751 pkey=0 pd=0xe6284807dd30 oooRq=0
node2:64:74 [0] NCCL INFO NET/IB: ncclIbConnectImpl: NCCL Dev 0 IbDev 0 Port 1 qp_num 40751 mtu 5 GID 6 (0/265A8C0FFFF0000) ctsFifoRkey=0x15914c ctsFifoLkey=0x15914c
node2:64:74 [0] NCCL INFO NET/IB: ncclIbConnectImpl: IbDev 0 Port 1 qp_num 40751 query_ece={supported=1, vendor_id=0x15b3, options=0x30000002, comp_mask=0x0}
node2:64:74 [0] NCCL INFO NET/IB: ncclIbSenderQpsCreate: QP created: port=1 dev=2 devName=roceP2p1s0f0 ndevs=4 nmdevs=4 qp_num=1988 pkey=0 pd=0xe628482e8d50 oooRq=0
node2:64:74 [0] NCCL INFO NET/IB: ncclIbConnectImpl: NCCL Dev 2 IbDev 2 Port 1 qp_num 1988 mtu 5 GID 3 (0/26FA8C0FFFF0000) ctsFifoRkey=0x19716e ctsFifoLkey=0x19716e
node2:64:74 [0] NCCL INFO NET/IB: ncclIbConnectImpl: IbDev 2 Port 1 qp_num 1988 query_ece={supported=1, vendor_id=0x15b3, options=0x30000002, comp_mask=0x0}
node2:64:74 [0] NCCL INFO NET/IB: Subnet-aware routing: overriding dev 3 with dev 2
node2:64:74 [0] NCCL INFO NET/IB: ncclIbSenderQpsCreate: QP created: port=1 dev=2 devName=roceP2p1s0f0 ndevs=4 nmdevs=4 qp_num=1989 pkey=0 pd=0xe628482e8d50 oooRq=0
node2:64:74 [0] NCCL INFO NET/IB: ncclIbConnectImpl: NCCL Dev 2 IbDev 2 Port 1 qp_num 1989 mtu 5 GID 3 (0/26FA8C0FFFF0000) ctsFifoRkey=0x18dedd ctsFifoLkey=0x18dedd
node2:64:74 [0] NCCL INFO NET/IB: ncclIbConnectImpl: IbDev 2 Port 1 qp_num 1989 query_ece={supported=1, vendor_id=0x15b3, options=0x30000002, comp_mask=0x0}
node2:64:74 [0] NCCL INFO NET/IB: Subnet-aware routing: overriding dev 1 with dev 0
node2:64:74 [0] NCCL INFO NET/IB: ncclIbResiliencyInit: Resiliency is disabled on the recv communicator (comm=0xe6284b6ab000)
node2:64:74 [0] NCCL INFO NET/IB: ncclIbRecvCommInit: Receive work requests will be posted on-demand
node2:64:74 [0] NCCL INFO NET/IB: Subnet-aware routing: overriding dev 1 with dev 0
node2:64:74 [0] NCCL INFO NET/IB: ncclIbSenderQpsToRts: Set ECE: IbDev 0 Port 1 qp_num 40751 set_ece={supported=1, vendor_id=0x15b3, options=0x30000002, comp_mask=0x0}
node2:64:74 [0] NCCL INFO NET/IB: ncclIbSenderQpsToRts: Set ECE: IbDev 2 Port 1 qp_num 1988 set_ece={supported=1, vendor_id=0x15b3, options=0x30000002, comp_mask=0x0}
node2:64:74 [0] NCCL INFO NET/IB: Subnet-aware routing: overriding dev 3 with dev 2
node2:64:74 [0] NCCL INFO NET/IB: ncclIbSenderQpsToRts: Set ECE: IbDev 2 Port 1 qp_num 1989 set_ece={supported=1, vendor_id=0x15b3, options=0x30000002, comp_mask=0x0}
node2:64:74 [0] NCCL INFO NET/IB: ncclIbSenderQpsCreate: QP created: port=1 dev=0 devName=rocep1s0f0 ndevs=4 nmdevs=4 qp_num=40752 pkey=0 pd=0xe6284807dd30 oooRq=0
node2:64:74 [0] NCCL INFO NET/IB: ncclIbConnectImpl: NCCL Dev 0 IbDev 0 Port 1 qp_num 40752 mtu 5 GID 6 (0/265A8C0FFFF0000) ctsFifoRkey=0x14cf8c ctsFifoLkey=0x14cf8c
node2:64:74 [0] NCCL INFO NET/IB: ncclIbConnectImpl: IbDev 0 Port 1 qp_num 40752 query_ece={supported=1, vendor_id=0x15b3, options=0x30000002, comp_mask=0x0}
node2:64:74 [0] NCCL INFO NET/IB: Subnet-aware routing: overriding dev 1 with dev 0
node2:64:74 [0] NCCL INFO NET/IB: Subnet-aware routing: overriding dev 3 with dev 2
node2:64:74 [0] NCCL INFO NET/IB: ncclIbResiliencyInit: Resiliency is disabled on the send communicator (comm=0xe6284b721000)
node2:64:74 [0] NCCL INFO NET/IB: Subnet-aware routing: overriding dev 0 with dev 1
node2:64:74 [0] NCCL INFO NET/IB: ncclIbReceiverQpsCreateToRts: QP created: port=1 dev=1 devName=rocep1s0f1 ndevs=4 nmdevs=4 qp_num=39826 pkey=0 pd=0xe6284819eba0 oooRq=0
node2:64:74 [0] NCCL INFO NET/IB: ncclIbReceiverQpsCreateToRts: Flush QP created: port=1 dev=1 devName=rocep1s0f1 ndevs=4 nmdevs=4 qp_num=39827 pkey=0 pd=0xe6284819eba0
node2:64:74 [0] NCCL INFO NET/IB: Subnet-aware routing: overriding dev 1 with dev 0
node2:64:74 [0] NCCL INFO NET/IB: Subnet-aware routing: overriding dev 3 with dev 2
node2:64:74 [0] NCCL INFO NET/IB: ncclIbResiliencyInit: Resiliency is disabled on the recv communicator (comm=0xe6284b7aa000)
node2:64:74 [0] NCCL INFO NET/IB: ncclIbRecvCommInit: Receive work requests will be posted on-demand
node2:64:74 [0] NCCL INFO NET/IB: Subnet-aware routing: overriding dev 1 with dev 0
node2:64:74 [0] NCCL INFO NET/IB: Subnet-aware routing: overriding dev 3 with dev 2
node2:64:74 [0] NCCL INFO NET/IB: ncclIbResiliencyInit: Resiliency is disabled on the send communicator (comm=0xe6284b7f2000)
node2:64:74 [0] NCCL INFO NET/IB: Subnet-aware routing: overriding dev 1 with dev 0
node2:64:74 [0] NCCL INFO NET/IB: Subnet-aware routing: overriding dev 3 with dev 2
node2:64:74 [0] NCCL INFO NET/IB: ncclIbResiliencyInit: Resiliency is disabled on the recv communicator (comm=0xe6284b836000)
node2:64:74 [0] NCCL INFO NET/IB: ncclIbRecvCommInit: Receive work requests will be posted on-demand
node2:64:74 [0] NCCL INFO NET/IB: Subnet-aware routing: overriding dev 1 with dev 0
node2:64:74 [0] NCCL INFO NET/IB: Subnet-aware routing: overriding dev 3 with dev 2
node2:64:74 [0] NCCL INFO NET/IB: Subnet-aware routing: overriding dev 1 with dev 0
node2:64:74 [0] NCCL INFO NET/IB: ncclIbResiliencyInit: Resiliency is disabled on the send communicator (comm=0xe6284b87e000)
node2:64:74 [0] NCCL INFO NET/IB: Subnet-aware routing: overriding dev 1 with dev 0
node2:64:74 [0] NCCL INFO NET/IB: Subnet-aware routing: overriding dev 3 with dev 2
node2:64:74 [0] NCCL INFO NET/IB: Subnet-aware routing: overriding dev 1 with dev 0
node2:64:74 [0] NCCL INFO NET/IB: ncclIbResiliencyInit: Resiliency is disabled on the recv communicator (comm=0xe6284b8c2000)
node2:64:74 [0] NCCL INFO NET/IB: ncclIbRecvCommInit: Receive work requests will be posted on-demand
node2:64:74 [0] NCCL INFO NET/IB: Subnet-aware routing: overriding dev 1 with dev 0
node2:64:74 [0] NCCL INFO NET/IB: Subnet-aware routing: overriding dev 3 with dev 2
node2:64:74 [0] NCCL INFO NET/IB: Subnet-aware routing: overriding dev 1 with dev 0
node2:64:74 [0] NCCL INFO NET/IB: ncclIbResiliencyInit: Resiliency is disabled on the send communicator (comm=0xe6284b90a000)
node2:64:74 [0] NCCL INFO NET/IB: ncclIbSenderQpsToRts: Set ECE: IbDev 0 Port 1 qp_num 40752 set_ece={supported=1, vendor_id=0x15b3, options=0x30000002, comp_mask=0x0}
node2:64:74 [0] NCCL INFO NET/IB: Subnet-aware routing: overriding dev 1 with dev 0
node2:64:74 [0] NCCL INFO NET/IB: ncclIbSenderQpsCreate: QP created: port=1 dev=0 devName=rocep1s0f0 ndevs=4 nmdevs=4 qp_num=40753 pkey=0 pd=0xe6284807dd30 oooRq=0
node2:64:74 [0] NCCL INFO NET/IB: ncclIbConnectImpl: NCCL Dev 0 IbDev 0 Port 1 qp_num 40753 mtu 5 GID 6 (0/265A8C0FFFF0000) ctsFifoRkey=0x155714 ctsFifoLkey=0x155714
node2:64:74 [0] NCCL INFO NET/IB: ncclIbConnectImpl: IbDev 0 Port 1 qp_num 40753 query_ece={supported=1, vendor_id=0x15b3, options=0x30000002, comp_mask=0x0}
node2:64:74 [0] NCCL INFO NET/IB: Subnet-aware routing: overriding dev 3 with dev 2
node2:64:74 [0] NCCL INFO NET/IB: Subnet-aware routing: overriding dev 1 with dev 0
node2:64:74 [0] NCCL INFO NET/IB: ncclIbResiliencyInit: Resiliency is disabled on the recv communicator (comm=0xe6284b97e000)
node2:64:74 [0] NCCL INFO NET/IB: ncclIbRecvCommInit: Receive work requests will be posted on-demand
node2:64:74 [0] NCCL INFO NET/IB: Subnet-aware routing: overriding dev 1 with dev 0
node2:64:74 [0] NCCL INFO NET/IB: Subnet-aware routing: overriding dev 3 with dev 2
node2:64:74 [0] NCCL INFO NET/IB: Subnet-aware routing: overriding dev 1 with dev 0
node2:64:74 [0] NCCL INFO NET/IB: Subnet-aware routing: overriding dev 3 with dev 2
node2:64:74 [0] NCCL INFO NET/IB: ncclIbResiliencyInit: Resiliency is disabled on the send communicator (comm=0xe6284b9c6000)
node2:64:74 [0] NCCL INFO NET/IB: Subnet-aware routing: overriding dev 1 with dev 0
node2:64:74 [0] NCCL INFO NET/IB: ncclIbSenderQpsToRts: Set ECE: IbDev 0 Port 1 qp_num 40753 set_ece={supported=1, vendor_id=0x15b3, options=0x30000002, comp_mask=0x0}
node2:64:74 [0] NCCL INFO NET/IB: Subnet-aware routing: overriding dev 3 with dev 2
node2:64:74 [0] NCCL INFO NET/IB: Subnet-aware routing: overriding dev 1 with dev 0
node2:64:74 [0] NCCL INFO NET/IB: Subnet-aware routing: overriding dev 3 with dev 2
node2:64:74 [0] NCCL INFO NET/IB: ncclIbResiliencyInit: Resiliency is disabled on the recv communicator (comm=0xe6284ba0a000)
node2:64:74 [0] NCCL INFO NET/IB: ncclIbRecvCommInit: Receive work requests will be posted on-demand
node2:64:74 [0] NCCL INFO NET/IB: Subnet-aware routing: overriding dev 3 with dev 2
node2:64:74 [0] NCCL INFO NET/IB: Subnet-aware routing: overriding dev 1 with dev 0
node2:64:74 [0] NCCL INFO NET/IB: Subnet-aware routing: overriding dev 3 with dev 2
node2:64:74 [0] NCCL INFO NET/IB: ncclIbResiliencyInit: Resiliency is disabled on the send communicator (comm=0xe6284ba52000)
node2:64:74 [0] NCCL INFO NET/IB: ncclIbSenderQpsCreate: QP created: port=1 dev=2 devName=roceP2p1s0f0 ndevs=4 nmdevs=4 qp_num=1990 pkey=0 pd=0xe628482e8d50 oooRq=0
node2:64:74 [0] NCCL INFO NET/IB: ncclIbConnectImpl: NCCL Dev 2 IbDev 2 Port 1 qp_num 1990 mtu 5 GID 3 (0/26FA8C0FFFF0000) ctsFifoRkey=0x18d4d1 ctsFifoLkey=0x18d4d1
node2:64:74 [0] NCCL INFO NET/IB: ncclIbConnectImpl: IbDev 2 Port 1 qp_num 1990 query_ece={supported=1, vendor_id=0x15b3, options=0x30000002, comp_mask=0x0}
node2:64:74 [0] NCCL INFO NET/IB: Subnet-aware routing: overriding dev 3 with dev 2
node2:64:74 [0] NCCL INFO NET/IB: Subnet-aware routing: overriding dev 1 with dev 0
node2:64:74 [0] NCCL INFO NET/IB: Subnet-aware routing: overriding dev 3 with dev 2
node2:64:74 [0] NCCL INFO NET/IB: ncclIbResiliencyInit: Resiliency is disabled on the recv communicator (comm=0xe6284bac6000)
node2:64:74 [0] NCCL INFO NET/IB: ncclIbRecvCommInit: Receive work requests will be posted on-demand
node2:64:74 [0] NCCL INFO NET/IB: Subnet-aware routing: overriding dev 3 with dev 2
node2:64:74 [0] NCCL INFO NET/IB: Subnet-aware routing: overriding dev 1 with dev 0
node2:64:74 [0] NCCL INFO NET/IB: Subnet-aware routing: overriding dev 3 with dev 2
node2:64:74 [0] NCCL INFO NET/IB: Subnet-aware routing: overriding dev 1 with dev 0
node2:64:74 [0] NCCL INFO NET/IB: ncclIbResiliencyInit: Resiliency is disabled on the send communicator (comm=0xe6284bb0e000)
node2:64:74 [0] NCCL INFO NET/IB: Subnet-aware routing: overriding dev 3 with dev 2
node2:64:74 [0] NCCL INFO NET/IB: Subnet-aware routing: overriding dev 1 with dev 0
node2:64:74 [0] NCCL INFO NET/IB: Subnet-aware routing: overriding dev 3 with dev 2
node2:64:74 [0] NCCL INFO NET/IB: Subnet-aware routing: overriding dev 1 with dev 0
node2:64:74 [0] NCCL INFO NET/IB: ncclIbResiliencyInit: Resiliency is disabled on the recv communicator (comm=0xe6284bb52000)
node2:64:74 [0] NCCL INFO NET/IB: ncclIbRecvCommInit: Receive work requests will be posted on-demand
node2:64:74 [0] NCCL INFO NET/IB: ncclIbSenderQpsToRts: Set ECE: IbDev 2 Port 1 qp_num 1990 set_ece={supported=1, vendor_id=0x15b3, options=0x30000002, comp_mask=0x0}
node2:64:74 [0] NCCL INFO NET/IB: Subnet-aware routing: overriding dev 3 with dev 2
node2:64:74 [0] NCCL INFO NET/IB: ncclIbSenderQpsCreate: QP created: port=1 dev=2 devName=roceP2p1s0f0 ndevs=4 nmdevs=4 qp_num=1991 pkey=0 pd=0xe628482e8d50 oooRq=0
node2:64:74 [0] NCCL INFO NET/IB: ncclIbConnectImpl: NCCL Dev 2 IbDev 2 Port 1 qp_num 1991 mtu 5 GID 3 (0/26FA8C0FFFF0000) ctsFifoRkey=0x18c7c2 ctsFifoLkey=0x18c7c2
node2:64:74 [0] NCCL INFO NET/IB: ncclIbConnectImpl: IbDev 2 Port 1 qp_num 1991 query_ece={supported=1, vendor_id=0x15b3, options=0x30000002, comp_mask=0x0}
node2:64:74 [0] NCCL INFO NET/IB: Subnet-aware routing: overriding dev 1 with dev 0
node2:64:74 [0] NCCL INFO NET/IB: Subnet-aware routing: overriding dev 3 with dev 2
node2:64:74 [0] NCCL INFO NET/IB: Subnet-aware routing: overriding dev 1 with dev 0
node2:64:74 [0] NCCL INFO NET/IB: ncclIbResiliencyInit: Resiliency is disabled on the send communicator (comm=0xe6284bbc8000)
node2:64:74 [0] NCCL INFO NET/IB: ncclIbReceiverQpsCreateToRts: QP created: port=1 dev=1 devName=rocep1s0f1 ndevs=4 nmdevs=4 qp_num=39828 pkey=0 pd=0xe6284819eba0 oooRq=0
node2:64:74 [0] NCCL INFO NET/IB: ncclIbReceiverQpsCreateToRts: Flush QP created: port=1 dev=1 devName=rocep1s0f1 ndevs=4 nmdevs=4 qp_num=39829 pkey=0 pd=0xe6284819eba0
node2:64:74 [0] NCCL INFO NET/IB: Subnet-aware routing: overriding dev 3 with dev 2
node2:64:74 [0] NCCL INFO NET/IB: Subnet-aware routing: overriding dev 1 with dev 0
node2:64:74 [0] NCCL INFO NET/IB: Subnet-aware routing: overriding dev 3 with dev 2
node2:64:74 [0] NCCL INFO NET/IB: Subnet-aware routing: overriding dev 1 with dev 0
node2:64:74 [0] NCCL INFO NET/IB: ncclIbResiliencyInit: Resiliency is disabled on the recv communicator (comm=0xe6284bc5d000)
node2:64:74 [0] NCCL INFO NET/IB: ncclIbRecvCommInit: Receive work requests will be posted on-demand
node2:64:74 [0] NCCL INFO NET/IB: Subnet-aware routing: overriding dev 3 with dev 2
node2:64:74 [0] NCCL INFO NET/IB: ncclIbSenderQpsToRts: Set ECE: IbDev 2 Port 1 qp_num 1991 set_ece={supported=1, vendor_id=0x15b3, options=0x30000002, comp_mask=0x0}
node2:64:74 [0] NCCL INFO NET/IB: ncclIbSenderQpsCreate: QP created: port=1 dev=0 devName=rocep1s0f0 ndevs=4 nmdevs=4 qp_num=40754 pkey=0 pd=0xe6284807dd30 oooRq=0
node2:64:74 [0] NCCL INFO NET/IB: ncclIbConnectImpl: NCCL Dev 0 IbDev 0 Port 1 qp_num 40754 mtu 5 GID 6 (0/265A8C0FFFF0000) ctsFifoRkey=0x1619d5 ctsFifoLkey=0x1619d5
node2:64:74 [0] NCCL INFO NET/IB: ncclIbConnectImpl: IbDev 0 Port 1 qp_num 40754 query_ece={supported=1, vendor_id=0x15b3, options=0x30000002, comp_mask=0x0}
node2:64:74 [0] NCCL INFO NET/IB: Subnet-aware routing: overriding dev 1 with dev 0
node2:64:74 [0] NCCL INFO NET/IB: Subnet-aware routing: overriding dev 3 with dev 2
node2:64:74 [0] NCCL INFO NET/IB: Subnet-aware routing: overriding dev 1 with dev 0
node2:64:74 [0] NCCL INFO NET/IB: Subnet-aware routing: overriding dev 3 with dev 2
node2:64:74 [0] NCCL INFO NET/IB: ncclIbResiliencyInit: Resiliency is disabled on the send communicator (comm=0xe6284bcd3000)
node2:64:74 [0] NCCL INFO NET/IB: Subnet-aware routing: overriding dev 2 with dev 3
node2:64:74 [0] NCCL INFO NET/IB: ncclIbReceiverQpsCreateToRts: QP created: port=1 dev=3 devName=roceP2p1s0f1 ndevs=4 nmdevs=4 qp_num=2427 pkey=0 pd=0xe62848534e20 oooRq=0
node2:64:74 [0] NCCL INFO NET/IB: ncclIbReceiverQpsCreateToRts: Flush QP created: port=1 dev=3 devName=roceP2p1s0f1 ndevs=4 nmdevs=4 qp_num=2428 pkey=0 pd=0xe62848534e20
node2:64:74 [0] NCCL INFO NET/IB: Subnet-aware routing: overriding dev 1 with dev 0
node2:64:74 [0] NCCL INFO NET/IB: Subnet-aware routing: overriding dev 3 with dev 2
node2:64:74 [0] NCCL INFO NET/IB: Subnet-aware routing: overriding dev 1 with dev 0
node2:64:74 [0] NCCL INFO NET/IB: Subnet-aware routing: overriding dev 3 with dev 2
node2:64:74 [0] NCCL INFO NET/IB: ncclIbResiliencyInit: Resiliency is disabled on the recv communicator (comm=0xe6284bd66000)
node2:64:74 [0] NCCL INFO NET/IB: ncclIbRecvCommInit: Receive work requests will be posted on-demand
node2:64:74 [0] NCCL INFO NET/IB: Subnet-aware routing: overriding dev 2 with dev 3
node2:64:74 [0] NCCL INFO NET/IB: ncclIbReceiverQpsCreateToRts: QP created: port=1 dev=3 devName=roceP2p1s0f1 ndevs=4 nmdevs=4 qp_num=2429 pkey=0 pd=0xe62848534e20 oooRq=0
node2:64:74 [0] NCCL INFO NET/IB: ncclIbReceiverQpsCreateToRts: Flush QP created: port=1 dev=3 devName=roceP2p1s0f1 ndevs=4 nmdevs=4 qp_num=2430 pkey=0 pd=0xe62848534e20
node2:64:74 [0] NCCL INFO NET/IB: ncclIbReceiverQpsCreateToRts: QP created: port=1 dev=3 devName=roceP2p1s0f1 ndevs=4 nmdevs=4 qp_num=2431 pkey=0 pd=0xe62848534e20 oooRq=0
node2:64:74 [0] NCCL INFO NET/IB: ncclIbReceiverQpsCreateToRts: Flush QP created: port=1 dev=3 devName=roceP2p1s0f1 ndevs=4 nmdevs=4 qp_num=2432 pkey=0 pd=0xe62848534e20
node2:64:74 [0] NCCL INFO NET/IB: Subnet-aware routing: overriding dev 0 with dev 1
node2:64:74 [0] NCCL INFO NET/IB: ncclIbReceiverQpsCreateToRts: QP created: port=1 dev=1 devName=rocep1s0f1 ndevs=4 nmdevs=4 qp_num=39830 pkey=0 pd=0xe6284819eba0 oooRq=0
node2:64:74 [0] NCCL INFO NET/IB: ncclIbReceiverQpsCreateToRts: Flush QP created: port=1 dev=1 devName=rocep1s0f1 ndevs=4 nmdevs=4 qp_num=39831 pkey=0 pd=0xe6284819eba0
node2:64:74 [0] NCCL INFO NET/IB: Subnet-aware routing: overriding dev 1 with dev 0
node2:64:74 [0] NCCL INFO NET/IB: Subnet-aware routing: overriding dev 3 with dev 2
node2:64:74 [0] NCCL INFO NET/IB: Subnet-aware routing: overriding dev 1 with dev 0
node2:64:74 [0] NCCL INFO NET/IB: Subnet-aware routing: overriding dev 3 with dev 2
node2:64:74 [0] NCCL INFO NET/IB: ncclIbReceiverQpsCreateToRts: QP created: port=1 dev=1 devName=rocep1s0f1 ndevs=4 nmdevs=4 qp_num=39832 pkey=0 pd=0xe6284819eba0 oooRq=0
node2:64:74 [0] NCCL INFO NET/IB: ncclIbReceiverQpsCreateToRts: Flush QP created: port=1 dev=1 devName=rocep1s0f1 ndevs=4 nmdevs=4 qp_num=39833 pkey=0 pd=0xe6284819eba0
node2:64:74 [0] NCCL INFO NET/IB: ncclIbSenderQpsToRts: Set ECE: IbDev 0 Port 1 qp_num 40754 set_ece={supported=1, vendor_id=0x15b3, options=0x30000002, comp_mask=0x0}
node2:64:74 [0] NCCL INFO NET/IB: Subnet-aware routing: overriding dev 1 with dev 0
node2:64:74 [0] NCCL INFO NET/IB: ncclIbSenderQpsCreate: QP created: port=1 dev=0 devName=rocep1s0f0 ndevs=4 nmdevs=4 qp_num=40755 pkey=0 pd=0xe6284807dd30 oooRq=0
node2:64:74 [0] NCCL INFO NET/IB: ncclIbConnectImpl: NCCL Dev 0 IbDev 0 Port 1 qp_num 40755 mtu 5 GID 6 (0/265A8C0FFFF0000) ctsFifoRkey=0x169f5c ctsFifoLkey=0x169f5c
node2:64:74 [0] NCCL INFO NET/IB: ncclIbConnectImpl: IbDev 0 Port 1 qp_num 40755 query_ece={supported=1, vendor_id=0x15b3, options=0x30000002, comp_mask=0x0}
node2:64:74 [0] NCCL INFO NET/IB: Subnet-aware routing: overriding dev 3 with dev 2
node2:64:74 [0] NCCL INFO NET/IB: Subnet-aware routing: overriding dev 1 with dev 0
node2:64:74 [0] NCCL INFO NET/IB: Subnet-aware routing: overriding dev 3 with dev 2
node2:64:74 [0] NCCL INFO NET/IB: Subnet-aware routing: overriding dev 1 with dev 0
node2:64:74 [0] NCCL INFO NET/IB: Subnet-aware routing: overriding dev 3 with dev 2
node2:64:74 [0] NCCL INFO NET/IB: Subnet-aware routing: overriding dev 1 with dev 0
node2:64:74 [0] NCCL INFO NET/IB: Subnet-aware routing: overriding dev 3 with dev 2
node2:64:74 [0] NCCL INFO NET/IB: Subnet-aware routing: overriding dev 1 with dev 0
node2:64:74 [0] NCCL INFO NET/IB: Subnet-aware routing: overriding dev 3 with dev 2
node2:64:74 [0] NCCL INFO NET/IB: Subnet-aware routing: overriding dev 1 with dev 0
node2:64:74 [0] NCCL INFO NET/IB: Subnet-aware routing: overriding dev 3 with dev 2
node2:64:74 [0] NCCL INFO NET/IB: Subnet-aware routing: overriding dev 1 with dev 0
node2:64:74 [0] NCCL INFO NET/IB: ncclIbSenderQpsToRts: Set ECE: IbDev 0 Port 1 qp_num 40755 set_ece={supported=1, vendor_id=0x15b3, options=0x30000002, comp_mask=0x0}
node2:64:74 [0] NCCL INFO NET/IB: ncclIbSenderQpsCreate: QP created: port=1 dev=2 devName=roceP2p1s0f0 ndevs=4 nmdevs=4 qp_num=1992 pkey=0 pd=0xe628482e8d50 oooRq=0
node2:64:74 [0] NCCL INFO NET/IB: ncclIbConnectImpl: NCCL Dev 2 IbDev 2 Port 1 qp_num 1992 mtu 5 GID 3 (0/26FA8C0FFFF0000) ctsFifoRkey=0x19c5c4 ctsFifoLkey=0x19c5c4
node2:64:74 [0] NCCL INFO NET/IB: ncclIbConnectImpl: IbDev 2 Port 1 qp_num 1992 query_ece={supported=1, vendor_id=0x15b3, options=0x30000002, comp_mask=0x0}
node2:64:74 [0] NCCL INFO NET/IB: Subnet-aware routing: overriding dev 3 with dev 2
node2:64:74 [0] NCCL INFO NET/IB: Subnet-aware routing: overriding dev 1 with dev 0
node2:64:74 [0] NCCL INFO NET/IB: Subnet-aware routing: overriding dev 3 with dev 2
node2:64:74 [0] NCCL INFO NET/IB: Subnet-aware routing: overriding dev 3 with dev 2
node2:64:74 [0] NCCL INFO NET/IB: Subnet-aware routing: overriding dev 1 with dev 0
node2:64:74 [0] NCCL INFO NET/IB: Subnet-aware routing: overriding dev 3 with dev 2
node2:64:74 [0] NCCL INFO NET/IB: Subnet-aware routing: overriding dev 3 with dev 2
node2:64:74 [0] NCCL INFO NET/IB: Subnet-aware routing: overriding dev 1 with dev 0
node2:64:74 [0] NCCL INFO NET/IB: Subnet-aware routing: overriding dev 3 with dev 2
node2:64:74 [0] NCCL INFO NET/IB: Subnet-aware routing: overriding dev 3 with dev 2
node2:64:74 [0] NCCL INFO NET/IB: Subnet-aware routing: overriding dev 1 with dev 0
node2:64:74 [0] NCCL INFO NET/IB: Subnet-aware routing: overriding dev 3 with dev 2
node2:64:74 [0] NCCL INFO NET/IB: Subnet-aware routing: overriding dev 3 with dev 2
node2:64:74 [0] NCCL INFO NET/IB: Subnet-aware routing: overriding dev 1 with dev 0
node2:64:74 [0] NCCL INFO NET/IB: Subnet-aware routing: overriding dev 3 with dev 2
node2:64:74 [0] NCCL INFO NET/IB: ncclIbSenderQpsToRts: Set ECE: IbDev 2 Port 1 qp_num 1992 set_ece={supported=1, vendor_id=0x15b3, options=0x30000002, comp_mask=0x0}
node2:64:74 [0] NCCL INFO NET/IB: Subnet-aware routing: overriding dev 3 with dev 2
node2:64:74 [0] NCCL INFO NET/IB: ncclIbSenderQpsCreate: QP created: port=1 dev=2 devName=roceP2p1s0f0 ndevs=4 nmdevs=4 qp_num=1993 pkey=0 pd=0xe628482e8d50 oooRq=0
node2:64:74 [0] NCCL INFO NET/IB: ncclIbConnectImpl: NCCL Dev 2 IbDev 2 Port 1 qp_num 1993 mtu 5 GID 3 (0/26FA8C0FFFF0000) ctsFifoRkey=0x193d36 ctsFifoLkey=0x193d36
node2:64:74 [0] NCCL INFO NET/IB: ncclIbConnectImpl: IbDev 2 Port 1 qp_num 1993 query_ece={supported=1, vendor_id=0x15b3, options=0x30000002, comp_mask=0x0}
node2:64:74 [0] NCCL INFO NET/IB: Subnet-aware routing: overriding dev 1 with dev 0
node2:64:74 [0] NCCL INFO NET/IB: Subnet-aware routing: overriding dev 3 with dev 2
node2:64:74 [0] NCCL INFO NET/IB: Subnet-aware routing: overriding dev 3 with dev 2
node2:64:74 [0] NCCL INFO NET/IB: Subnet-aware routing: overriding dev 1 with dev 0
node2:64:74 [0] NCCL INFO NET/IB: Subnet-aware routing: overriding dev 3 with dev 2
node2:64:74 [0] NCCL INFO NET/IB: Subnet-aware routing: overriding dev 3 with dev 2
node2:64:74 [0] NCCL INFO NET/IB: Subnet-aware routing: overriding dev 1 with dev 0
node2:64:74 [0] NCCL INFO NET/IB: Subnet-aware routing: overriding dev 3 with dev 2
node2:64:74 [0] NCCL INFO NET/IB: Subnet-aware routing: overriding dev 3 with dev 2
node2:64:74 [0] NCCL INFO NET/IB: Subnet-aware routing: overriding dev 1 with dev 0
node2:64:74 [0] NCCL INFO NET/IB: Subnet-aware routing: overriding dev 3 with dev 2
node2:64:74 [0] NCCL INFO NET/IB: Subnet-aware routing: overriding dev 3 with dev 2
node2:64:74 [0] NCCL INFO NET/IB: Subnet-aware routing: overriding dev 1 with dev 0
node2:64:74 [0] NCCL INFO NET/IB: Subnet-aware routing: overriding dev 3 with dev 2
node2:64:74 [0] NCCL INFO NET/IB: Subnet-aware routing: overriding dev 3 with dev 2
node2:64:74 [0] NCCL INFO NET/IB: ncclIbSenderQpsToRts: Set ECE: IbDev 2 Port 1 qp_num 1993 set_ece={supported=1, vendor_id=0x15b3, options=0x30000002, comp_mask=0x0}
node2:64:74 [0] NCCL INFO NET/IB: Subnet-aware routing: overriding dev 1 with dev 0
node2:64:74 [0] NCCL INFO NET/IB: Subnet-aware routing: overriding dev 3 with dev 2
node2:64:74 [0] NCCL INFO NET/IB: ncclIbReceiverQpsCreateToRts: QP created: port=1 dev=3 devName=roceP2p1s0f1 ndevs=4 nmdevs=4 qp_num=2433 pkey=0 pd=0xe62848534e20 oooRq=0
node2:64:74 [0] NCCL INFO NET/IB: ncclIbReceiverQpsCreateToRts: Flush QP created: port=1 dev=3 devName=roceP2p1s0f1 ndevs=4 nmdevs=4 qp_num=2434 pkey=0 pd=0xe62848534e20
node2:64:74 [0] NCCL INFO NET/IB: ncclIbSenderQpsCreate: QP created: port=1 dev=0 devName=rocep1s0f0 ndevs=4 nmdevs=4 qp_num=40756 pkey=0 pd=0xe6284807dd30 oooRq=0
node2:64:74 [0] NCCL INFO NET/IB: ncclIbConnectImpl: NCCL Dev 0 IbDev 0 Port 1 qp_num 40756 mtu 5 GID 6 (0/265A8C0FFFF0000) ctsFifoRkey=0x152ff0 ctsFifoLkey=0x152ff0
node2:64:74 [0] NCCL INFO NET/IB: ncclIbConnectImpl: IbDev 0 Port 1 qp_num 40756 query_ece={supported=1, vendor_id=0x15b3, options=0x30000002, comp_mask=0x0}
node2:64:74 [0] NCCL INFO NET/IB: Subnet-aware routing: overriding dev 1 with dev 0
node2:64:74 [0] NCCL INFO NET/IB: Subnet-aware routing: overriding dev 3 with dev 2
node2:64:74 [0] NCCL INFO NET/IB: Subnet-aware routing: overriding dev 1 with dev 0
node2:64:74 [0] NCCL INFO NET/IB: Subnet-aware routing: overriding dev 3 with dev 2
node2:64:74 [0] NCCL INFO NET/IB: Subnet-aware routing: overriding dev 1 with dev 0
node2:64:74 [0] NCCL INFO NET/IB: Subnet-aware routing: overriding dev 3 with dev 2
node2:64:74 [0] NCCL INFO NET/IB: Subnet-aware routing: overriding dev 1 with dev 0
node2:64:74 [0] NCCL INFO NET/IB: Subnet-aware routing: overriding dev 3 with dev 2
node2:64:74 [0] NCCL INFO NET/IB: Subnet-aware routing: overriding dev 1 with dev 0
node2:64:74 [0] NCCL INFO NET/IB: Subnet-aware routing: overriding dev 3 with dev 2
node2:64:74 [0] NCCL INFO NET/IB: Subnet-aware routing: overriding dev 0 with dev 1
node2:64:74 [0] NCCL INFO NET/IB: ncclIbReceiverQpsCreateToRts: QP created: port=1 dev=1 devName=rocep1s0f1 ndevs=4 nmdevs=4 qp_num=39834 pkey=0 pd=0xe6284819eba0 oooRq=0
node2:64:74 [0] NCCL INFO NET/IB: ncclIbReceiverQpsCreateToRts: Flush QP created: port=1 dev=1 devName=rocep1s0f1 ndevs=4 nmdevs=4 qp_num=39835 pkey=0 pd=0xe6284819eba0
node2:64:74 [0] NCCL INFO NET/IB: ncclIbReceiverQpsCreateToRts: QP created: port=1 dev=1 devName=rocep1s0f1 ndevs=4 nmdevs=4 qp_num=39836 pkey=0 pd=0xe6284819eba0 oooRq=0
node2:64:74 [0] NCCL INFO NET/IB: ncclIbReceiverQpsCreateToRts: Flush QP created: port=1 dev=1 devName=rocep1s0f1 ndevs=4 nmdevs=4 qp_num=39837 pkey=0 pd=0xe6284819eba0
node2:64:74 [0] NCCL INFO NET/IB: Subnet-aware routing: overriding dev 1 with dev 0
node2:64:74 [0] NCCL INFO NET/IB: Subnet-aware routing: overriding dev 3 with dev 2
node2:64:74 [0] NCCL INFO NET/IB: Subnet-aware routing: overriding dev 2 with dev 3
node2:64:74 [0] NCCL INFO NET/IB: ncclIbReceiverQpsCreateToRts: QP created: port=1 dev=3 devName=roceP2p1s0f1 ndevs=4 nmdevs=4 qp_num=2435 pkey=0 pd=0xe62848534e20 oooRq=0
node2:64:74 [0] NCCL INFO NET/IB: ncclIbReceiverQpsCreateToRts: Flush QP created: port=1 dev=3 devName=roceP2p1s0f1 ndevs=4 nmdevs=4 qp_num=2436 pkey=0 pd=0xe62848534e20
node2:64:74 [0] NCCL INFO NET/IB: ncclIbSenderQpsToRts: Set ECE: IbDev 0 Port 1 qp_num 40756 set_ece={supported=1, vendor_id=0x15b3, options=0x30000002, comp_mask=0x0}
node2:64:74 [0] NCCL INFO NET/IB: Subnet-aware routing: overriding dev 1 with dev 0
node2:64:74 [0] NCCL INFO NET/IB: ncclIbSenderQpsCreate: QP created: port=1 dev=0 devName=rocep1s0f0 ndevs=4 nmdevs=4 qp_num=40757 pkey=0 pd=0xe6284807dd30 oooRq=0
node2:64:74 [0] NCCL INFO NET/IB: ncclIbConnectImpl: NCCL Dev 0 IbDev 0 Port 1 qp_num 40757 mtu 5 GID 6 (0/265A8C0FFFF0000) ctsFifoRkey=0x164504 ctsFifoLkey=0x164504
node2:64:74 [0] NCCL INFO NET/IB: ncclIbConnectImpl: IbDev 0 Port 1 qp_num 40757 query_ece={supported=1, vendor_id=0x15b3, options=0x30000002, comp_mask=0x0}
node2:64:74 [0] NCCL INFO NET/IB: ncclIbSenderQpsCreate: QP created: port=1 dev=2 devName=roceP2p1s0f0 ndevs=4 nmdevs=4 qp_num=1994 pkey=0 pd=0xe628482e8d50 oooRq=0
node2:64:74 [0] NCCL INFO NET/IB: ncclIbConnectImpl: NCCL Dev 2 IbDev 2 Port 1 qp_num 1994 mtu 5 GID 3 (0/26FA8C0FFFF0000) ctsFifoRkey=0x121817 ctsFifoLkey=0x121817
node2:64:74 [0] NCCL INFO NET/IB: ncclIbConnectImpl: IbDev 2 Port 1 qp_num 1994 query_ece={supported=1, vendor_id=0x15b3, options=0x30000002, comp_mask=0x0}
node2:64:74 [0] NCCL INFO NET/IB: Subnet-aware routing: overriding dev 3 with dev 2
node2:64:74 [0] NCCL INFO NET/IB: ncclIbReceiverQpsCreateToRts: QP created: port=1 dev=3 devName=roceP2p1s0f1 ndevs=4 nmdevs=4 qp_num=2437 pkey=0 pd=0xe62848534e20 oooRq=0
node2:64:74 [0] NCCL INFO NET/IB: ncclIbReceiverQpsCreateToRts: Flush QP created: port=1 dev=3 devName=roceP2p1s0f1 ndevs=4 nmdevs=4 qp_num=2438 pkey=0 pd=0xe62848534e20
node2:64:74 [0] NCCL INFO NET/IB: Subnet-aware routing: overriding dev 1 with dev 0
node2:64:74 [0] NCCL INFO NET/IB: ncclIbSenderQpsToRts: Set ECE: IbDev 2 Port 1 qp_num 1994 set_ece={supported=1, vendor_id=0x15b3, options=0x30000002, comp_mask=0x0}
node2:64:74 [0] NCCL INFO NET/IB: Subnet-aware routing: overriding dev 3 with dev 2
node2:64:74 [0] NCCL INFO NET/IB: Subnet-aware routing: overriding dev 1 with dev 0
node2:64:74 [0] NCCL INFO NET/IB: ncclIbSenderQpsToRts: Set ECE: IbDev 0 Port 1 qp_num 40757 set_ece={supported=1, vendor_id=0x15b3, options=0x30000002, comp_mask=0x0}
node2:64:74 [0] NCCL INFO NET/IB: Subnet-aware routing: overriding dev 3 with dev 2
node2:64:74 [0] NCCL INFO NET/IB: ncclIbSenderQpsCreate: QP created: port=1 dev=2 devName=roceP2p1s0f0 ndevs=4 nmdevs=4 qp_num=1995 pkey=0 pd=0xe628482e8d50 oooRq=0
node2:64:74 [0] NCCL INFO NET/IB: ncclIbConnectImpl: NCCL Dev 2 IbDev 2 Port 1 qp_num 1995 mtu 5 GID 3 (0/26FA8C0FFFF0000) ctsFifoRkey=0x18a09b ctsFifoLkey=0x18a09b
node2:64:74 [0] NCCL INFO NET/IB: ncclIbConnectImpl: IbDev 2 Port 1 qp_num 1995 query_ece={supported=1, vendor_id=0x15b3, options=0x30000002, comp_mask=0x0}
node2:64:74 [0] NCCL INFO NET/IB: Subnet-aware routing: overriding dev 3 with dev 2
node2:64:74 [0] NCCL INFO NET/IB: Subnet-aware routing: overriding dev 3 with dev 2
node2:64:74 [0] NCCL INFO NET/IB: Subnet-aware routing: overriding dev 3 with dev 2
node2:64:74 [0] NCCL INFO NET/IB: Subnet-aware routing: overriding dev 3 with dev 2
node2:64:74 [0] NCCL INFO NET/IB: Subnet-aware routing: overriding dev 3 with dev 2
node2:64:74 [0] NCCL INFO NET/IB: Subnet-aware routing: overriding dev 3 with dev 2
node2:64:74 [0] NCCL INFO NET/IB: Subnet-aware routing: overriding dev 3 with dev 2
node2:64:74 [0] NCCL INFO NET/IB: Subnet-aware routing: overriding dev 3 with dev 2
node2:64:74 [0] NCCL INFO NET/IB: Subnet-aware routing: overriding dev 3 with dev 2
node2:64:74 [0] NCCL INFO NET/IB: Subnet-aware routing: overriding dev 3 with dev 2
node2:64:74 [0] NCCL INFO NET/IB: Subnet-aware routing: overriding dev 3 with dev 2
node2:64:74 [0] NCCL INFO NET/IB: Subnet-aware routing: overriding dev 3 with dev 2
node2:64:74 [0] NCCL INFO NET/IB: Subnet-aware routing: overriding dev 3 with dev 2
node2:64:74 [0] NCCL INFO NET/IB: Subnet-aware routing: overriding dev 3 with dev 2
node2:64:74 [0] NCCL INFO NET/IB: Subnet-aware routing: overriding dev 3 with dev 2
node2:64:74 [0] NCCL INFO NET/IB: ncclIbSenderQpsToRts: Set ECE: IbDev 2 Port 1 qp_num 1995 set_ece={supported=1, vendor_id=0x15b3, options=0x30000002, comp_mask=0x0}
node2:64:74 [0] NCCL INFO NET/IB: Subnet-aware routing: overriding dev 0 with dev 1
node2:64:74 [0] NCCL INFO NET/IB: ncclIbReceiverQpsCreateToRts: QP created: port=1 dev=1 devName=rocep1s0f1 ndevs=4 nmdevs=4 qp_num=39838 pkey=0 pd=0xe6284819eba0 oooRq=0
node2:64:74 [0] NCCL INFO NET/IB: ncclIbReceiverQpsCreateToRts: Flush QP created: port=1 dev=1 devName=rocep1s0f1 ndevs=4 nmdevs=4 qp_num=39839 pkey=0 pd=0xe6284819eba0
node2:64:74 [0] NCCL INFO NET/IB: ncclIbReceiverQpsCreateToRts: QP created: port=1 dev=1 devName=rocep1s0f1 ndevs=4 nmdevs=4 qp_num=39840 pkey=0 pd=0xe6284819eba0 oooRq=0
node2:64:74 [0] NCCL INFO NET/IB: ncclIbReceiverQpsCreateToRts: Flush QP created: port=1 dev=1 devName=rocep1s0f1 ndevs=4 nmdevs=4 qp_num=39841 pkey=0 pd=0xe6284819eba0
node2:64:74 [0] NCCL INFO NET/IB: Subnet-aware routing: overriding dev 2 with dev 3
node2:64:74 [0] NCCL INFO NET/IB: ncclIbReceiverQpsCreateToRts: QP created: port=1 dev=3 devName=roceP2p1s0f1 ndevs=4 nmdevs=4 qp_num=2439 pkey=0 pd=0xe62848534e20 oooRq=0
node2:64:74 [0] NCCL INFO NET/IB: ncclIbReceiverQpsCreateToRts: Flush QP created: port=1 dev=3 devName=roceP2p1s0f1 ndevs=4 nmdevs=4 qp_num=2440 pkey=0 pd=0xe62848534e20
node2:64:74 [0] NCCL INFO NET/IB: ncclIbReceiverQpsCreateToRts: QP created: port=1 dev=3 devName=roceP2p1s0f1 ndevs=4 nmdevs=4 qp_num=2441 pkey=0 pd=0xe62848534e20 oooRq=0
node2:64:74 [0] NCCL INFO NET/IB: ncclIbReceiverQpsCreateToRts: Flush QP created: port=1 dev=3 devName=roceP2p1s0f1 ndevs=4 nmdevs=4 qp_num=2442 pkey=0 pd=0xe62848534e20
node2:64:64 [0] NCCL INFO Connected all rings, use ring PXN 0 GDR 0
