########## NCCL_DEBUG from sparkmain ##########
spark-5fa1:63:63 [0] NCCL INFO ncclOsDlopen(libnccl-env.so) failed: libnccl-env.so: cannot open shared object file: No such file or directory
spark-5fa1:63:63 [0] NCCL INFO ENV/Plugin: Could not find: libnccl-env.so
spark-5fa1:63:63 [0] NCCL INFO NCCL_SOCKET_IFNAME set by environment to wlP9s9
spark-5fa1:63:63 [0] NCCL INFO NCCL_SOCKET_IFNAME set to wlP9s9
spark-5fa1:63:67 [0] NCCL INFO Socket handshake magic 0x564ab9f2fc4b9d6c (built-in default)
spark-5fa1:63:63 [0] NCCL INFO cudaDriverVersion 13000
spark-5fa1:63:63 [0] NCCL INFO NCCL version 2.30.7+cuda13.3
spark-5fa1:63:63 [0] NCCL INFO NCCL git version HEAD a5187fa2e
spark-5fa1:63:63 [0] NCCL INFO Comm config nvlinkCentricSched set to 1
spark-5fa1:63:63 [0] NCCL INFO NCCL_NET_PLUGIN set by environment to none
spark-5fa1:63:63 [0] NCCL INFO NCCL_IB_DISABLE set by environment to 0.
spark-5fa1:63:63 [0] NCCL INFO dlvsym failed on mlx5dv_get_data_direct_sysfs_path - /lib/aarch64-linux-gnu/libmlx5.so: undefined symbol: mlx5dv_get_data_direct_sysfs_path, version MLX5_1.25 version MLX5_1.25
spark-5fa1:63:63 [0] NCCL INFO dlvsym failed on mlx5dv_reg_dmabuf_mr - /lib/aarch64-linux-gnu/libmlx5.so: undefined symbol: mlx5dv_reg_dmabuf_mr, version MLX5_1.25 version MLX5_1.25
spark-5fa1:63:63 [0] NCCL INFO NCCL_SOCKET_IFNAME set by environment to wlP9s9
spark-5fa1:63:63 [0] NCCL INFO NET/IB: [0] rocep1s0f0:uverbs0:1/RoCE provider=Mlx5 speed=200000 context=0xc11f2112c580 pciPath=/sys/devices/pci0000:00/0000:00:00.0/0000:01:00.0 ar=0 oooRqSize=0
spark-5fa1:63:63 [0] NCCL INFO NET/IB: [1] rocep1s0f1:uverbs1:1/RoCE provider=Mlx5 speed=200000 context=0xc11f2116dbd0 pciPath=/sys/devices/pci0000:00/0000:00:00.0/0000:01:00.0 ar=0 oooRqSize=0
spark-5fa1:63:63 [0] NCCL INFO NET/IB: [2] roceP2p1s0f0:uverbs2:1/RoCE provider=Mlx5 speed=200000 context=0xc11f211af220 pciPath=/sys/devices/pci0002:00/0002:00:00.0/0002:01:00.0 ar=0 oooRqSize=0
spark-5fa1:63:63 [0] NCCL INFO NET/IB: [3] roceP2p1s0f1:uverbs3:1/RoCE provider=Mlx5 speed=200000 context=0xc11f211f0870 pciPath=/sys/devices/pci0002:00/0002:00:00.0/0002:01:00.0 ar=0 oooRqSize=0
spark-5fa1:63:63 [0] NCCL INFO NET/IB : Made virtual device [0] name=rocep1s0f0 speed=200000 ndevs=1 rail=-1 plane=-1
spark-5fa1:63:63 [0] NCCL INFO NET/IB : Made virtual device [1] name=rocep1s0f1 speed=200000 ndevs=1 rail=-1 plane=-1
spark-5fa1:63:63 [0] NCCL INFO NET/IB : Made virtual device [2] name=roceP2p1s0f0 speed=200000 ndevs=1 rail=-1 plane=-1
spark-5fa1:63:63 [0] NCCL INFO NET/IB : Made virtual device [3] name=roceP2p1s0f1 speed=200000 ndevs=1 rail=-1 plane=-1
spark-5fa1:63:63 [0] NCCL INFO NET/IB : Using [0]rocep1s0f0:1/RoCE [1]rocep1s0f1:1/RoCE [2]roceP2p1s0f0:1/RoCE [3]roceP2p1s0f1:1/RoCE [RO]; OOB wlP9s9:192.168.1.223<0>
spark-5fa1:63:63 [0] NCCL INFO Initialized NET plugin IB
spark-5fa1:63:63 [0] NCCL INFO Assigned NET plugin IB to comm
spark-5fa1:63:63 [0] NCCL INFO ncclOsDlopen(libnccl-rma.so) failed: libnccl-rma.so: cannot open shared object file: No such file or directory
spark-5fa1:63:63 [0] NCCL INFO RMA/Plugin: Could not find: libnccl-rma.so
spark-5fa1:63:63 [0] NCCL INFO RMA/Plugin: Failed to load external plugin libnccl-rma.so, dlHandle: (nil), ncclRma: (nil)
spark-5fa1:63:63 [0] NCCL INFO RMA/Plugin: Assigned plugin RMA_IB_PROXY to comm
spark-5fa1:63:63 [0] NCCL INFO ncclOsDlopen(libnccl-gin.so) failed: libnccl-gin.so: cannot open shared object file: No such file or directory
spark-5fa1:63:63 [0] NCCL INFO GIN/Plugin: Could not find: libnccl-gin.so
spark-5fa1:63:63 [0] NCCL INFO GIN/Plugin: Failed to load external plugin libnccl-gin.so, dlHandle: (nil), ncclGin: (nil)
spark-5fa1:63:63 [0] NCCL INFO GIN/Plugin: Assigned plugin GIN_IB_GDAKI type 3 to comm
spark-5fa1:63:63 [0] NCCL INFO Using network IB
spark-5fa1:63:63 [0] NCCL INFO Loaded NVML from libnvidia-ml.so.1
spark-5fa1:63:63 [0] NCCL INFO [Rank 0] ncclCommInitRankConfig comm 0xc11f1e677fc0 rank 0 nranks 3 cudaDev 0 nvmlDev 0 busId f01000 commId 0xd5911fddcc38eeb0 - Init START
spark-5fa1:63:63 [0] NCCL INFO RAS client listening socket at 127.0.0.1<28028>
spark-5fa1:63:63 [0] NCCL INFO Topology detection: could not read /sys/devices/system/node/node4294967295/cpumap, using empty affinity
spark-5fa1:63:63 [0] NCCL INFO TOPO/NET : Importing network plugins to topology
spark-5fa1:63:63 [0] NCCL INFO NET/GIN_IB_GDAKI : GPU Direct RDMA Disabled for HCA 0 'rocep1s0f0'
spark-5fa1:63:63 [0] NCCL INFO ncclTopoPopulateNics : Filled rocep1s0f0 in topo with pciPath=/sys/devices/pci0000:00/0000:00:00.0/0000:01:00.0 net=0 gin=1 rma=(null) keep=1 coll=(null) rail=-1 plane=-1
spark-5fa1:63:63 [0] NCCL INFO NET/GIN_IB_GDAKI : GPU Direct RDMA Disabled for HCA 1 'rocep1s0f1'
spark-5fa1:63:63 [0] NCCL INFO ncclTopoPopulateNics : Filled rocep1s0f1 in topo with pciPath=/sys/devices/pci0000:00/0000:00:00.0/0000:01:00.0 net=0 gin=1 rma=(null) keep=1 coll=(null) rail=-1 plane=-1
spark-5fa1:63:63 [0] NCCL INFO NET/GIN_IB_GDAKI : GPU Direct RDMA Disabled for HCA 2 'roceP2p1s0f0'
spark-5fa1:63:63 [0] NCCL INFO ncclTopoPopulateNics : Filled roceP2p1s0f0 in topo with pciPath=/sys/devices/pci0002:00/0002:00:00.0/0002:01:00.0 net=0 gin=1 rma=(null) keep=1 coll=(null) rail=-1 plane=-1
spark-5fa1:63:63 [0] NCCL INFO NET/GIN_IB_GDAKI : GPU Direct RDMA Disabled for HCA 3 'roceP2p1s0f1'
spark-5fa1:63:63 [0] NCCL INFO ncclTopoPopulateNics : Filled roceP2p1s0f1 in topo with pciPath=/sys/devices/pci0002:00/0002:00:00.0/0002:01:00.0 net=0 gin=1 rma=(null) keep=1 coll=(null) rail=-1 plane=-1
spark-5fa1:63:63 [0] NCCL INFO NET/RMA_IB_PROXY : GPU Direct RDMA Disabled for HCA 0 'rocep1s0f0'
spark-5fa1:63:63 [0] NCCL INFO ncclTopoPopulateNics : Filled rocep1s0f0 in topo with pciPath=/sys/devices/pci0000:00/0000:00:00.0/0000:01:00.0 net=0 gin=1 rma=1 keep=1 coll=(null) rail=-1 plane=-1
spark-5fa1:63:63 [0] NCCL INFO NET/RMA_IB_PROXY : GPU Direct RDMA Disabled for HCA 1 'rocep1s0f1'
spark-5fa1:63:63 [0] NCCL INFO ncclTopoPopulateNics : Filled rocep1s0f1 in topo with pciPath=/sys/devices/pci0000:00/0000:00:00.0/0000:01:00.0 net=0 gin=1 rma=1 keep=1 coll=(null) rail=-1 plane=-1
spark-5fa1:63:63 [0] NCCL INFO NET/RMA_IB_PROXY : GPU Direct RDMA Disabled for HCA 2 'roceP2p1s0f0'
spark-5fa1:63:63 [0] NCCL INFO ncclTopoPopulateNics : Filled roceP2p1s0f0 in topo with pciPath=/sys/devices/pci0002:00/0002:00:00.0/0002:01:00.0 net=0 gin=1 rma=1 keep=1 coll=(null) rail=-1 plane=-1
spark-5fa1:63:63 [0] NCCL INFO NET/RMA_IB_PROXY : GPU Direct RDMA Disabled for HCA 3 'roceP2p1s0f1'
spark-5fa1:63:63 [0] NCCL INFO ncclTopoPopulateNics : Filled roceP2p1s0f1 in topo with pciPath=/sys/devices/pci0002:00/0002:00:00.0/0002:01:00.0 net=0 gin=1 rma=1 keep=1 coll=(null) rail=-1 plane=-1
spark-5fa1:63:63 [0] NCCL INFO NET/IB : GPU Direct RDMA Disabled for HCA 0 'rocep1s0f0'
spark-5fa1:63:63 [0] NCCL INFO ncclTopoPopulateNics : Filled rocep1s0f0 in topo with pciPath=/sys/devices/pci0000:00/0000:00:00.0/0000:01:00.0 net=1 gin=1 rma=1 keep=1 coll=(null) rail=-1 plane=-1
spark-5fa1:63:63 [0] NCCL INFO NET/IB : GPU Direct RDMA Disabled for HCA 1 'rocep1s0f1'
spark-5fa1:63:63 [0] NCCL INFO ncclTopoPopulateNics : Filled rocep1s0f1 in topo with pciPath=/sys/devices/pci0000:00/0000:00:00.0/0000:01:00.0 net=1 gin=1 rma=1 keep=1 coll=(null) rail=-1 plane=-1
spark-5fa1:63:63 [0] NCCL INFO NET/IB : GPU Direct RDMA Disabled for HCA 2 'roceP2p1s0f0'
spark-5fa1:63:63 [0] NCCL INFO ncclTopoPopulateNics : Filled roceP2p1s0f0 in topo with pciPath=/sys/devices/pci0002:00/0002:00:00.0/0002:01:00.0 net=1 gin=1 rma=1 keep=1 coll=(null) rail=-1 plane=-1
spark-5fa1:63:63 [0] NCCL INFO NET/IB : GPU Direct RDMA Disabled for HCA 3 'roceP2p1s0f1'
spark-5fa1:63:63 [0] NCCL INFO ncclTopoPopulateNics : Filled roceP2p1s0f1 in topo with pciPath=/sys/devices/pci0002:00/0002:00:00.0/0002:01:00.0 net=1 gin=1 rma=1 keep=1 coll=(null) rail=-1 plane=-1
spark-5fa1:63:63 [0] NCCL INFO NET/IB : Made virtual device [4] name=rocep1s0f0+rocep1s0f1 speed=400000 ndevs=2 rail=-1 plane=16385
spark-5fa1:63:63 [0] NCCL INFO TOPO/NET : Made vNic 4
spark-5fa1:63:63 [0] NCCL INFO NET/IB : Made virtual device [5] name=roceP2p1s0f0+roceP2p1s0f1 speed=400000 ndevs=2 rail=-1 plane=16385
spark-5fa1:63:63 [0] NCCL INFO TOPO/NET : Made vNic 5
spark-5fa1:63:63 [0] NCCL INFO NET/IB : GPU Direct RDMA Disabled for HCA 4 'rocep1s0f0+rocep1s0f1'
spark-5fa1:63:63 [0] NCCL INFO ncclTopoPopulateNics : Filled rocep1s0f0+rocep1s0f1 in topo with pciPath=/sys/devices/pci0000:00/0000:00:00.0/0000:01:00.0 net=1 gin=(null) rma=(null) keep=1 coll=(null) rail=-1 plane=16385
spark-5fa1:63:63 [0] NCCL INFO NET/IB : GPU Direct RDMA Disabled for HCA 5 'roceP2p1s0f0+roceP2p1s0f1'
spark-5fa1:63:63 [0] NCCL INFO ncclTopoPopulateNics : Filled roceP2p1s0f0+roceP2p1s0f1 in topo with pciPath=/sys/devices/pci0002:00/0002:00:00.0/0002:01:00.0 net=1 gin=(null) rma=(null) keep=1 coll=(null) rail=-1 plane=16385
spark-5fa1:63:63 [0] NCCL INFO === System : maxBw 12.0 totalBw 0.2 ===
spark-5fa1:63:63 [0] NCCL INFO CPU/0-ffffffffffffff (3/-1/-1)
spark-5fa1:63:63 [0] NCCL INFO + C2C[345.0] - DEV/0-f01000
spark-5fa1:63:63 [0] NCCL INFO + PCI[12.0] - NIC/0-1000
spark-5fa1:63:63 [0] NCCL INFO               + NET[50.0] - NET/0-4 (0/a25f2e000347bb4c/1/50.000000)
spark-5fa1:63:63 [0] NCCL INFO               + NET[25.0] - GIN/0-0
spark-5fa1:63:63 [0] NCCL INFO               + NET[25.0] - RMA/0-0
spark-5fa1:63:63 [0] NCCL INFO               + NET[25.0] - GIN/0-1
spark-5fa1:63:63 [0] NCCL INFO               + NET[25.0] - RMA/0-1
spark-5fa1:63:63 [0] NCCL INFO + PCI[12.0] - NIC/0-201000
spark-5fa1:63:63 [0] NCCL INFO               + NET[50.0] - NET/0-5 (0/a25f2e000347bb4c/1/50.000000)
spark-5fa1:63:63 [0] NCCL INFO               + NET[25.0] - GIN/0-2
spark-5fa1:63:63 [0] NCCL INFO               + NET[25.0] - RMA/0-2
spark-5fa1:63:63 [0] NCCL INFO               + NET[25.0] - GIN/0-3
spark-5fa1:63:63 [0] NCCL INFO               + NET[25.0] - RMA/0-3
spark-5fa1:63:63 [0] NCCL INFO + PCI[0.2] - DEV/0-f01000 (10de2e1210de0000)
spark-5fa1:63:63 [0] NCCL INFO              + LOC[5000.0] - GPU/0-f01000
spark-5fa1:63:63 [0] NCCL INFO              + C2C[345.0] - CPU/0-ffffffffffffff
spark-5fa1:63:63 [0] NCCL INFO ==========================================
spark-5fa1:63:63 [0] NCCL INFO GPU/0-f01000 :GPU/0-f01000 (0/5000.0/LOC) CPU/0-ffffffffffffff (2/345.0/C2C) NET/0-4 (4/12.0/P2C) NET/0-5 (4/12.0/P2C) GIN/0-0 (4/12.0/PHB) GIN/0-1 (4/12.0/PHB) GIN/0-2 (4/12.0/PHB) GIN/0-3 (4/12.0/PHB) RMA/0-0 (4/12.0/PHB) RMA/0-1 (4/12.0/PHB) RMA/0-2 (4/12.0/PHB) RMA/0-3 (4/12.0/PHB) DEV/0-f01000 (1/5000.0/LOC) 
spark-5fa1:63:63 [0] NCCL INFO NET/0-4 :GPU/0-f01000 (4/12.0/P2C) CPU/0-ffffffffffffff (2/12.0/PHB) NET/0-4 (0/5000.0/LOC) NET/0-5 (4/12.0/PHB) GIN/0-0 (2/25.0/LOC) GIN/0-1 (2/25.0/LOC) GIN/0-2 (4/12.0/PHB) GIN/0-3 (4/12.0/PHB) RMA/0-0 (2/25.0/LOC) RMA/0-1 (2/25.0/LOC) RMA/0-2 (4/12.0/PHB) RMA/0-3 (4/12.0/PHB) DEV/0-f01000 (3/12.0/PHB) 
spark-5fa1:63:63 [0] NCCL INFO NET/0-5 :GPU/0-f01000 (4/12.0/P2C) CPU/0-ffffffffffffff (2/12.0/PHB) NET/0-4 (4/12.0/PHB) NET/0-5 (0/5000.0/LOC) GIN/0-0 (4/12.0/PHB) GIN/0-1 (4/12.0/PHB) GIN/0-2 (2/25.0/LOC) GIN/0-3 (2/25.0/LOC) RMA/0-0 (4/12.0/PHB) RMA/0-1 (4/12.0/PHB) RMA/0-2 (2/25.0/LOC) RMA/0-3 (2/25.0/LOC) DEV/0-f01000 (3/12.0/PHB) 
spark-5fa1:63:63 [0] NCCL INFO GIN/0-0 :GPU/0-f01000 (4/12.0/PHB) CPU/0-ffffffffffffff (2/12.0/PHB) NET/0-4 (2/25.0/LOC) NET/0-5 (4/12.0/PHB) GIN/0-0 (0/5000.0/LOC) GIN/0-1 (2/25.0/LOC) GIN/0-2 (4/12.0/PHB) GIN/0-3 (4/12.0/PHB) RMA/0-0 (2/25.0/LOC) RMA/0-1 (2/25.0/LOC) RMA/0-2 (4/12.0/PHB) RMA/0-3 (4/12.0/PHB) DEV/0-f01000 (3/12.0/PHB) 
spark-5fa1:63:63 [0] NCCL INFO GIN/0-1 :GPU/0-f01000 (4/12.0/PHB) CPU/0-ffffffffffffff (2/12.0/PHB) NET/0-4 (2/25.0/LOC) NET/0-5 (4/12.0/PHB) GIN/0-0 (2/25.0/LOC) GIN/0-1 (0/5000.0/LOC) GIN/0-2 (4/12.0/PHB) GIN/0-3 (4/12.0/PHB) RMA/0-0 (2/25.0/LOC) RMA/0-1 (2/25.0/LOC) RMA/0-2 (4/12.0/PHB) RMA/0-3 (4/12.0/PHB) DEV/0-f01000 (3/12.0/PHB) 
spark-5fa1:63:63 [0] NCCL INFO GIN/0-2 :GPU/0-f01000 (4/12.0/PHB) CPU/0-ffffffffffffff (2/12.0/PHB) NET/0-4 (4/12.0/PHB) NET/0-5 (2/25.0/LOC) GIN/0-0 (4/12.0/PHB) GIN/0-1 (4/12.0/PHB) GIN/0-2 (0/5000.0/LOC) GIN/0-3 (2/25.0/LOC) RMA/0-0 (4/12.0/PHB) RMA/0-1 (4/12.0/PHB) RMA/0-2 (2/25.0/LOC) RMA/0-3 (2/25.0/LOC) DEV/0-f01000 (3/12.0/PHB) 
spark-5fa1:63:63 [0] NCCL INFO GIN/0-3 :GPU/0-f01000 (4/12.0/PHB) CPU/0-ffffffffffffff (2/12.0/PHB) NET/0-4 (4/12.0/PHB) NET/0-5 (2/25.0/LOC) GIN/0-0 (4/12.0/PHB) GIN/0-1 (4/12.0/PHB) GIN/0-2 (2/25.0/LOC) GIN/0-3 (0/5000.0/LOC) RMA/0-0 (4/12.0/PHB) RMA/0-1 (4/12.0/PHB) RMA/0-2 (2/25.0/LOC) RMA/0-3 (2/25.0/LOC) DEV/0-f01000 (3/12.0/PHB) 
spark-5fa1:63:63 [0] NCCL INFO RMA/0-0 :GPU/0-f01000 (4/12.0/PHB) CPU/0-ffffffffffffff (2/12.0/PHB) NET/0-4 (2/25.0/LOC) NET/0-5 (4/12.0/PHB) GIN/0-0 (2/25.0/LOC) GIN/0-1 (2/25.0/LOC) GIN/0-2 (4/12.0/PHB) GIN/0-3 (4/12.0/PHB) RMA/0-0 (0/5000.0/LOC) RMA/0-1 (2/25.0/LOC) RMA/0-2 (4/12.0/PHB) RMA/0-3 (4/12.0/PHB) DEV/0-f01000 (3/12.0/PHB) 
spark-5fa1:63:63 [0] NCCL INFO RMA/0-1 :GPU/0-f01000 (4/12.0/PHB) CPU/0-ffffffffffffff (2/12.0/PHB) NET/0-4 (2/25.0/LOC) NET/0-5 (4/12.0/PHB) GIN/0-0 (2/25.0/LOC) GIN/0-1 (2/25.0/LOC) GIN/0-2 (4/12.0/PHB) GIN/0-3 (4/12.0/PHB) RMA/0-0 (2/25.0/LOC) RMA/0-1 (0/5000.0/LOC) RMA/0-2 (4/12.0/PHB) RMA/0-3 (4/12.0/PHB) DEV/0-f01000 (3/12.0/PHB) 
spark-5fa1:63:63 [0] NCCL INFO RMA/0-2 :GPU/0-f01000 (4/12.0/PHB) CPU/0-ffffffffffffff (2/12.0/PHB) NET/0-4 (4/12.0/PHB) NET/0-5 (2/25.0/LOC) GIN/0-0 (4/12.0/PHB) GIN/0-1 (4/12.0/PHB) GIN/0-2 (2/25.0/LOC) GIN/0-3 (2/25.0/LOC) RMA/0-0 (4/12.0/PHB) RMA/0-1 (4/12.0/PHB) RMA/0-2 (0/5000.0/LOC) RMA/0-3 (2/25.0/LOC) DEV/0-f01000 (3/12.0/PHB) 
spark-5fa1:63:63 [0] NCCL INFO RMA/0-3 :GPU/0-f01000 (4/12.0/PHB) CPU/0-ffffffffffffff (2/12.0/PHB) NET/0-4 (4/12.0/PHB) NET/0-5 (2/25.0/LOC) GIN/0-0 (4/12.0/PHB) GIN/0-1 (4/12.0/PHB) GIN/0-2 (2/25.0/LOC) GIN/0-3 (2/25.0/LOC) RMA/0-0 (4/12.0/PHB) RMA/0-1 (4/12.0/PHB) RMA/0-2 (2/25.0/LOC) RMA/0-3 (0/5000.0/LOC) DEV/0-f01000 (3/12.0/PHB) 
spark-5fa1:63:63 [0] NCCL INFO ncclTopoGetCpuAffinity: Affinity for GPU 0 is empty, ignoring. (GPU affinity =  ; CPU affinity = 0-19).
spark-5fa1:63:63 [0] NCCL INFO Pattern 4, crossNic 0, nChannels 32, bw 0.240000/0.240000, type LOC/P2C, sameChannels 1
spark-5fa1:63:63 [0] NCCL INFO  0 : NET/0-4 GPU/0-f01000 NET/0-4
spark-5fa1:63:63 [0] NCCL INFO  1 : NET/0-5 GPU/0-f01000 NET/0-4
spark-5fa1:63:63 [0] NCCL INFO  2 : NET/0-4 GPU/0-f01000 NET/0-4
spark-5fa1:63:63 [0] NCCL INFO  3 : NET/0-5 GPU/0-f01000 NET/0-4
spark-5fa1:63:63 [0] NCCL INFO  4 : NET/0-4 GPU/0-f01000 NET/0-4
spark-5fa1:63:63 [0] NCCL INFO  5 : NET/0-5 GPU/0-f01000 NET/0-4
spark-5fa1:63:63 [0] NCCL INFO  6 : NET/0-4 GPU/0-f01000 NET/0-4
spark-5fa1:63:63 [0] NCCL INFO  7 : NET/0-5 GPU/0-f01000 NET/0-4
spark-5fa1:63:63 [0] NCCL INFO  8 : NET/0-4 GPU/0-f01000 NET/0-4
spark-5fa1:63:63 [0] NCCL INFO  9 : NET/0-5 GPU/0-f01000 NET/0-4
spark-5fa1:63:63 [0] NCCL INFO 10 : NET/0-4 GPU/0-f01000 NET/0-4
spark-5fa1:63:63 [0] NCCL INFO 11 : NET/0-5 GPU/0-f01000 NET/0-4
spark-5fa1:63:63 [0] NCCL INFO 12 : NET/0-4 GPU/0-f01000 NET/0-4
spark-5fa1:63:63 [0] NCCL INFO 13 : NET/0-5 GPU/0-f01000 NET/0-4
spark-5fa1:63:63 [0] NCCL INFO 14 : NET/0-4 GPU/0-f01000 NET/0-4
spark-5fa1:63:63 [0] NCCL INFO 15 : NET/0-5 GPU/0-f01000 NET/0-4
spark-5fa1:63:63 [0] NCCL INFO 16 : NET/0-4 GPU/0-f01000 NET/0-4
spark-5fa1:63:63 [0] NCCL INFO 17 : NET/0-5 GPU/0-f01000 NET/0-4
spark-5fa1:63:63 [0] NCCL INFO 18 : NET/0-4 GPU/0-f01000 NET/0-4
spark-5fa1:63:63 [0] NCCL INFO 19 : NET/0-5 GPU/0-f01000 NET/0-4
spark-5fa1:63:63 [0] NCCL INFO 20 : NET/0-4 GPU/0-f01000 NET/0-4
spark-5fa1:63:63 [0] NCCL INFO 21 : NET/0-5 GPU/0-f01000 NET/0-4
spark-5fa1:63:63 [0] NCCL INFO 22 : NET/0-4 GPU/0-f01000 NET/0-4
spark-5fa1:63:63 [0] NCCL INFO 23 : NET/0-5 GPU/0-f01000 NET/0-4
spark-5fa1:63:63 [0] NCCL INFO 24 : NET/0-4 GPU/0-f01000 NET/0-4
spark-5fa1:63:63 [0] NCCL INFO 25 : NET/0-5 GPU/0-f01000 NET/0-4
spark-5fa1:63:63 [0] NCCL INFO 26 : NET/0-4 GPU/0-f01000 NET/0-4
spark-5fa1:63:63 [0] NCCL INFO 27 : NET/0-5 GPU/0-f01000 NET/0-4
spark-5fa1:63:63 [0] NCCL INFO 28 : NET/0-4 GPU/0-f01000 NET/0-4
spark-5fa1:63:63 [0] NCCL INFO 29 : NET/0-5 GPU/0-f01000 NET/0-4
spark-5fa1:63:63 [0] NCCL INFO 30 : NET/0-4 GPU/0-f01000 NET/0-4
spark-5fa1:63:63 [0] NCCL INFO 31 : NET/0-5 GPU/0-f01000 NET/0-4
spark-5fa1:63:63 [0] NCCL INFO Pattern 3, crossNic 0, nChannels 32, bw 0.240000/0.120000, type LOC/P2C, sameChannels 1
spark-5fa1:63:63 [0] NCCL INFO  0 : NET/0-4 GPU/0-f01000 NET/0-4
spark-5fa1:63:63 [0] NCCL INFO  1 : NET/0-5 GPU/0-f01000 NET/0-5
spark-5fa1:63:63 [0] NCCL INFO  2 : NET/0-4 GPU/0-f01000 NET/0-4
spark-5fa1:63:63 [0] NCCL INFO  3 : NET/0-5 GPU/0-f01000 NET/0-5
spark-5fa1:63:63 [0] NCCL INFO  4 : NET/0-4 GPU/0-f01000 NET/0-4
spark-5fa1:63:63 [0] NCCL INFO  5 : NET/0-5 GPU/0-f01000 NET/0-5
spark-5fa1:63:63 [0] NCCL INFO  6 : NET/0-4 GPU/0-f01000 NET/0-4
spark-5fa1:63:63 [0] NCCL INFO  7 : NET/0-5 GPU/0-f01000 NET/0-5
spark-5fa1:63:63 [0] NCCL INFO  8 : NET/0-4 GPU/0-f01000 NET/0-4
spark-5fa1:63:63 [0] NCCL INFO  9 : NET/0-5 GPU/0-f01000 NET/0-5
spark-5fa1:63:63 [0] NCCL INFO 10 : NET/0-4 GPU/0-f01000 NET/0-4
spark-5fa1:63:63 [0] NCCL INFO 11 : NET/0-5 GPU/0-f01000 NET/0-5
spark-5fa1:63:63 [0] NCCL INFO 12 : NET/0-4 GPU/0-f01000 NET/0-4
spark-5fa1:63:63 [0] NCCL INFO 13 : NET/0-5 GPU/0-f01000 NET/0-5
spark-5fa1:63:63 [0] NCCL INFO 14 : NET/0-4 GPU/0-f01000 NET/0-4
spark-5fa1:63:63 [0] NCCL INFO 15 : NET/0-5 GPU/0-f01000 NET/0-5
spark-5fa1:63:63 [0] NCCL INFO 16 : NET/0-4 GPU/0-f01000 NET/0-4
spark-5fa1:63:63 [0] NCCL INFO 17 : NET/0-5 GPU/0-f01000 NET/0-5
spark-5fa1:63:63 [0] NCCL INFO 18 : NET/0-4 GPU/0-f01000 NET/0-4
spark-5fa1:63:63 [0] NCCL INFO 19 : NET/0-5 GPU/0-f01000 NET/0-5
spark-5fa1:63:63 [0] NCCL INFO 20 : NET/0-4 GPU/0-f01000 NET/0-4
spark-5fa1:63:63 [0] NCCL INFO 21 : NET/0-5 GPU/0-f01000 NET/0-5
spark-5fa1:63:63 [0] NCCL INFO 22 : NET/0-4 GPU/0-f01000 NET/0-4
spark-5fa1:63:63 [0] NCCL INFO 23 : NET/0-5 GPU/0-f01000 NET/0-5
spark-5fa1:63:63 [0] NCCL INFO 24 : NET/0-4 GPU/0-f01000 NET/0-4
spark-5fa1:63:63 [0] NCCL INFO 25 : NET/0-5 GPU/0-f01000 NET/0-5
spark-5fa1:63:63 [0] NCCL INFO 26 : NET/0-4 GPU/0-f01000 NET/0-4
spark-5fa1:63:63 [0] NCCL INFO 27 : NET/0-5 GPU/0-f01000 NET/0-5
spark-5fa1:63:63 [0] NCCL INFO 28 : NET/0-4 GPU/0-f01000 NET/0-4
spark-5fa1:63:63 [0] NCCL INFO 29 : NET/0-5 GPU/0-f01000 NET/0-5
spark-5fa1:63:63 [0] NCCL INFO 30 : NET/0-4 GPU/0-f01000 NET/0-4
spark-5fa1:63:63 [0] NCCL INFO 31 : NET/0-5 GPU/0-f01000 NET/0-5
spark-5fa1:63:63 [0] NCCL INFO Rank 0: 6 Net devices
spark-5fa1:63:63 [0] NCCL INFO Rank 0: 0 CollNet devices
spark-5fa1:63:63 [0] NCCL INFO Local Net device counts across ranks: min 6 max 6
spark-5fa1:63:63 [0] NCCL INFO Local CollNet device counts across ranks: min 0 max 0
spark-5fa1:63:63 [0] NCCL INFO comm 0xc11f1e677fc0 rank 0 nRanks 3 nNodes 3 localRanks 1 localRank 0 MNNVL 0
spark-5fa1:63:63 [0] NCCL INFO Tree 0 : -1 -> 0 -> 2/-1/-1
spark-5fa1:63:63 [0] NCCL INFO Tree 32 : 1 -> 0 -> 2/-1/-1
spark-5fa1:63:63 [0] NCCL INFO Tree 1 : -1 -> 0 -> 2/-1/-1
spark-5fa1:63:63 [0] NCCL INFO Tree 33 : 1 -> 0 -> 2/-1/-1
spark-5fa1:63:63 [0] NCCL INFO Tree 2 : -1 -> 0 -> 2/-1/-1
spark-5fa1:63:63 [0] NCCL INFO Tree 34 : 1 -> 0 -> 2/-1/-1
spark-5fa1:63:63 [0] NCCL INFO Tree 3 : -1 -> 0 -> 2/-1/-1
spark-5fa1:63:63 [0] NCCL INFO Tree 35 : 1 -> 0 -> 2/-1/-1
spark-5fa1:63:63 [0] NCCL INFO Tree 4 : -1 -> 0 -> 2/-1/-1
spark-5fa1:63:63 [0] NCCL INFO Tree 36 : 1 -> 0 -> 2/-1/-1
spark-5fa1:63:63 [0] NCCL INFO Tree 5 : -1 -> 0 -> 2/-1/-1
spark-5fa1:63:63 [0] NCCL INFO Tree 37 : 1 -> 0 -> 2/-1/-1
spark-5fa1:63:63 [0] NCCL INFO Tree 6 : -1 -> 0 -> 2/-1/-1
spark-5fa1:63:63 [0] NCCL INFO Tree 38 : 1 -> 0 -> 2/-1/-1
spark-5fa1:63:63 [0] NCCL INFO Tree 7 : -1 -> 0 -> 2/-1/-1
spark-5fa1:63:63 [0] NCCL INFO Tree 39 : 1 -> 0 -> 2/-1/-1
spark-5fa1:63:63 [0] NCCL INFO Tree 8 : -1 -> 0 -> 2/-1/-1
spark-5fa1:63:63 [0] NCCL INFO Tree 40 : 1 -> 0 -> 2/-1/-1
spark-5fa1:63:63 [0] NCCL INFO Tree 9 : -1 -> 0 -> 2/-1/-1
spark-5fa1:63:63 [0] NCCL INFO Tree 41 : 1 -> 0 -> 2/-1/-1
spark-5fa1:63:63 [0] NCCL INFO Tree 10 : -1 -> 0 -> 2/-1/-1
spark-5fa1:63:63 [0] NCCL INFO Tree 42 : 1 -> 0 -> 2/-1/-1
spark-5fa1:63:63 [0] NCCL INFO Tree 11 : -1 -> 0 -> 2/-1/-1
spark-5fa1:63:63 [0] NCCL INFO Tree 43 : 1 -> 0 -> 2/-1/-1
spark-5fa1:63:63 [0] NCCL INFO Tree 12 : -1 -> 0 -> 2/-1/-1
spark-5fa1:63:63 [0] NCCL INFO Tree 44 : 1 -> 0 -> 2/-1/-1
spark-5fa1:63:63 [0] NCCL INFO Tree 13 : -1 -> 0 -> 2/-1/-1
spark-5fa1:63:63 [0] NCCL INFO Tree 45 : 1 -> 0 -> 2/-1/-1
spark-5fa1:63:63 [0] NCCL INFO Tree 14 : -1 -> 0 -> 2/-1/-1
spark-5fa1:63:63 [0] NCCL INFO Tree 46 : 1 -> 0 -> 2/-1/-1
spark-5fa1:63:63 [0] NCCL INFO Tree 15 : -1 -> 0 -> 2/-1/-1
spark-5fa1:63:63 [0] NCCL INFO Tree 47 : 1 -> 0 -> 2/-1/-1
spark-5fa1:63:63 [0] NCCL INFO Tree 16 : -1 -> 0 -> 2/-1/-1
spark-5fa1:63:63 [0] NCCL INFO Tree 48 : 1 -> 0 -> 2/-1/-1
spark-5fa1:63:63 [0] NCCL INFO Tree 17 : -1 -> 0 -> 2/-1/-1
spark-5fa1:63:63 [0] NCCL INFO Tree 49 : 1 -> 0 -> 2/-1/-1
spark-5fa1:63:63 [0] NCCL INFO Tree 18 : -1 -> 0 -> 2/-1/-1
spark-5fa1:63:63 [0] NCCL INFO Tree 50 : 1 -> 0 -> 2/-1/-1
spark-5fa1:63:63 [0] NCCL INFO Tree 19 : -1 -> 0 -> 2/-1/-1
spark-5fa1:63:63 [0] NCCL INFO Tree 51 : 1 -> 0 -> 2/-1/-1
spark-5fa1:63:63 [0] NCCL INFO Tree 20 : -1 -> 0 -> 2/-1/-1
spark-5fa1:63:63 [0] NCCL INFO Tree 52 : 1 -> 0 -> 2/-1/-1
spark-5fa1:63:63 [0] NCCL INFO Tree 21 : -1 -> 0 -> 2/-1/-1
spark-5fa1:63:63 [0] NCCL INFO Tree 53 : 1 -> 0 -> 2/-1/-1
spark-5fa1:63:63 [0] NCCL INFO Tree 22 : -1 -> 0 -> 2/-1/-1
spark-5fa1:63:63 [0] NCCL INFO Tree 54 : 1 -> 0 -> 2/-1/-1
spark-5fa1:63:63 [0] NCCL INFO Tree 23 : -1 -> 0 -> 2/-1/-1
spark-5fa1:63:63 [0] NCCL INFO Tree 55 : 1 -> 0 -> 2/-1/-1
spark-5fa1:63:63 [0] NCCL INFO Tree 24 : -1 -> 0 -> 2/-1/-1
spark-5fa1:63:63 [0] NCCL INFO Tree 56 : 1 -> 0 -> 2/-1/-1
spark-5fa1:63:63 [0] NCCL INFO Tree 25 : -1 -> 0 -> 2/-1/-1
spark-5fa1:63:63 [0] NCCL INFO Tree 57 : 1 -> 0 -> 2/-1/-1
spark-5fa1:63:63 [0] NCCL INFO Tree 26 : -1 -> 0 -> 2/-1/-1
spark-5fa1:63:63 [0] NCCL INFO Tree 58 : 1 -> 0 -> 2/-1/-1
spark-5fa1:63:63 [0] NCCL INFO Tree 27 : -1 -> 0 -> 2/-1/-1
spark-5fa1:63:63 [0] NCCL INFO Tree 59 : 1 -> 0 -> 2/-1/-1
spark-5fa1:63:63 [0] NCCL INFO Tree 28 : -1 -> 0 -> 2/-1/-1
spark-5fa1:63:63 [0] NCCL INFO Tree 60 : 1 -> 0 -> 2/-1/-1
spark-5fa1:63:63 [0] NCCL INFO Tree 29 : -1 -> 0 -> 2/-1/-1
spark-5fa1:63:63 [0] NCCL INFO Tree 61 : 1 -> 0 -> 2/-1/-1
spark-5fa1:63:63 [0] NCCL INFO Tree 30 : -1 -> 0 -> 2/-1/-1
spark-5fa1:63:63 [0] NCCL INFO Tree 62 : 1 -> 0 -> 2/-1/-1
spark-5fa1:63:63 [0] NCCL INFO Tree 31 : -1 -> 0 -> 2/-1/-1
spark-5fa1:63:63 [0] NCCL INFO Tree 63 : 1 -> 0 -> 2/-1/-1
spark-5fa1:63:63 [0] NCCL INFO Channel 00/64 : 0 1 2
spark-5fa1:63:63 [0] NCCL INFO Channel 01/64 : 0 1 2
spark-5fa1:63:63 [0] NCCL INFO Channel 02/64 : 0 1 2
spark-5fa1:63:63 [0] NCCL INFO Channel 03/64 : 0 1 2
spark-5fa1:63:63 [0] NCCL INFO Channel 04/64 : 0 1 2
spark-5fa1:63:63 [0] NCCL INFO Channel 05/64 : 0 1 2
spark-5fa1:63:63 [0] NCCL INFO Channel 06/64 : 0 1 2
spark-5fa1:63:63 [0] NCCL INFO Channel 07/64 : 0 1 2
spark-5fa1:63:63 [0] NCCL INFO Channel 08/64 : 0 1 2
spark-5fa1:63:63 [0] NCCL INFO Channel 09/64 : 0 1 2
spark-5fa1:63:63 [0] NCCL INFO Channel 10/64 : 0 1 2
spark-5fa1:63:63 [0] NCCL INFO Channel 11/64 : 0 1 2
spark-5fa1:63:63 [0] NCCL INFO Channel 12/64 : 0 1 2
spark-5fa1:63:63 [0] NCCL INFO Channel 13/64 : 0 1 2
spark-5fa1:63:63 [0] NCCL INFO Channel 14/64 : 0 1 2
spark-5fa1:63:63 [0] NCCL INFO Channel 15/64 : 0 1 2
spark-5fa1:63:63 [0] NCCL INFO Channel 16/64 : 0 1 2
spark-5fa1:63:63 [0] NCCL INFO Channel 17/64 : 0 1 2
spark-5fa1:63:63 [0] NCCL INFO Channel 18/64 : 0 1 2
spark-5fa1:63:63 [0] NCCL INFO Channel 19/64 : 0 1 2
spark-5fa1:63:63 [0] NCCL INFO Channel 20/64 : 0 1 2
spark-5fa1:63:63 [0] NCCL INFO Channel 21/64 : 0 1 2
spark-5fa1:63:63 [0] NCCL INFO Channel 22/64 : 0 1 2
spark-5fa1:63:63 [0] NCCL INFO Channel 23/64 : 0 1 2
spark-5fa1:63:63 [0] NCCL INFO Channel 24/64 : 0 1 2
spark-5fa1:63:63 [0] NCCL INFO Channel 25/64 : 0 1 2
spark-5fa1:63:63 [0] NCCL INFO Channel 26/64 : 0 1 2
spark-5fa1:63:63 [0] NCCL INFO Channel 27/64 : 0 1 2
spark-5fa1:63:63 [0] NCCL INFO Channel 28/64 : 0 1 2
spark-5fa1:63:63 [0] NCCL INFO Channel 29/64 : 0 1 2
spark-5fa1:63:63 [0] NCCL INFO Channel 30/64 : 0 1 2
spark-5fa1:63:63 [0] NCCL INFO Channel 31/64 : 0 1 2
spark-5fa1:63:63 [0] NCCL INFO Channel 32/64 : 0 1 2
spark-5fa1:63:63 [0] NCCL INFO Channel 33/64 : 0 1 2
spark-5fa1:63:63 [0] NCCL INFO Channel 34/64 : 0 1 2
spark-5fa1:63:63 [0] NCCL INFO Channel 35/64 : 0 1 2
spark-5fa1:63:63 [0] NCCL INFO Channel 36/64 : 0 1 2
spark-5fa1:63:63 [0] NCCL INFO Channel 37/64 : 0 1 2
spark-5fa1:63:63 [0] NCCL INFO Channel 38/64 : 0 1 2
spark-5fa1:63:63 [0] NCCL INFO Channel 39/64 : 0 1 2
spark-5fa1:63:63 [0] NCCL INFO Channel 40/64 : 0 1 2
spark-5fa1:63:63 [0] NCCL INFO Channel 41/64 : 0 1 2
spark-5fa1:63:63 [0] NCCL INFO Channel 42/64 : 0 1 2
spark-5fa1:63:63 [0] NCCL INFO Channel 43/64 : 0 1 2
spark-5fa1:63:63 [0] NCCL INFO Channel 44/64 : 0 1 2
spark-5fa1:63:63 [0] NCCL INFO Channel 45/64 : 0 1 2
spark-5fa1:63:63 [0] NCCL INFO Channel 46/64 : 0 1 2
spark-5fa1:63:63 [0] NCCL INFO Channel 47/64 : 0 1 2
spark-5fa1:63:63 [0] NCCL INFO Channel 48/64 : 0 1 2
spark-5fa1:63:63 [0] NCCL INFO Channel 49/64 : 0 1 2
spark-5fa1:63:63 [0] NCCL INFO Channel 50/64 : 0 1 2
spark-5fa1:63:63 [0] NCCL INFO Channel 51/64 : 0 1 2
spark-5fa1:63:63 [0] NCCL INFO Channel 52/64 : 0 1 2
spark-5fa1:63:63 [0] NCCL INFO Channel 53/64 : 0 1 2
spark-5fa1:63:63 [0] NCCL INFO Channel 54/64 : 0 1 2
spark-5fa1:63:63 [0] NCCL INFO Channel 55/64 : 0 1 2
spark-5fa1:63:63 [0] NCCL INFO Channel 56/64 : 0 1 2
spark-5fa1:63:63 [0] NCCL INFO Channel 57/64 : 0 1 2
spark-5fa1:63:63 [0] NCCL INFO Channel 58/64 : 0 1 2
spark-5fa1:63:63 [0] NCCL INFO Channel 59/64 : 0 1 2
spark-5fa1:63:63 [0] NCCL INFO Channel 60/64 : 0 1 2
spark-5fa1:63:63 [0] NCCL INFO Channel 61/64 : 0 1 2
spark-5fa1:63:63 [0] NCCL INFO Channel 62/64 : 0 1 2
spark-5fa1:63:63 [0] NCCL INFO Channel 63/64 : 0 1 2
spark-5fa1:63:63 [0] NCCL INFO Ring 00 : 2 -> 0 -> 1
spark-5fa1:63:63 [0] NCCL INFO Ring 01 : 2 -> 0 -> 1
spark-5fa1:63:63 [0] NCCL INFO Ring 02 : 2 -> 0 -> 1
spark-5fa1:63:63 [0] NCCL INFO Ring 03 : 2 -> 0 -> 1
spark-5fa1:63:63 [0] NCCL INFO Ring 04 : 2 -> 0 -> 1
spark-5fa1:63:63 [0] NCCL INFO Ring 05 : 2 -> 0 -> 1
spark-5fa1:63:63 [0] NCCL INFO Ring 06 : 2 -> 0 -> 1
spark-5fa1:63:63 [0] NCCL INFO Ring 07 : 2 -> 0 -> 1
spark-5fa1:63:63 [0] NCCL INFO Ring 08 : 2 -> 0 -> 1
spark-5fa1:63:63 [0] NCCL INFO Ring 09 : 2 -> 0 -> 1
spark-5fa1:63:63 [0] NCCL INFO Ring 10 : 2 -> 0 -> 1
spark-5fa1:63:63 [0] NCCL INFO Ring 11 : 2 -> 0 -> 1
spark-5fa1:63:63 [0] NCCL INFO Ring 12 : 2 -> 0 -> 1
spark-5fa1:63:63 [0] NCCL INFO Ring 13 : 2 -> 0 -> 1
spark-5fa1:63:63 [0] NCCL INFO Ring 14 : 2 -> 0 -> 1
spark-5fa1:63:63 [0] NCCL INFO Ring 15 : 2 -> 0 -> 1
spark-5fa1:63:63 [0] NCCL INFO Ring 16 : 2 -> 0 -> 1
spark-5fa1:63:63 [0] NCCL INFO Ring 17 : 2 -> 0 -> 1
spark-5fa1:63:63 [0] NCCL INFO Ring 18 : 2 -> 0 -> 1
spark-5fa1:63:63 [0] NCCL INFO Ring 19 : 2 -> 0 -> 1
spark-5fa1:63:63 [0] NCCL INFO Ring 20 : 2 -> 0 -> 1
spark-5fa1:63:63 [0] NCCL INFO Ring 21 : 2 -> 0 -> 1
spark-5fa1:63:63 [0] NCCL INFO Ring 22 : 2 -> 0 -> 1
spark-5fa1:63:63 [0] NCCL INFO Ring 23 : 2 -> 0 -> 1
spark-5fa1:63:63 [0] NCCL INFO Ring 24 : 2 -> 0 -> 1
spark-5fa1:63:63 [0] NCCL INFO Ring 25 : 2 -> 0 -> 1
spark-5fa1:63:63 [0] NCCL INFO Ring 26 : 2 -> 0 -> 1
spark-5fa1:63:63 [0] NCCL INFO Ring 27 : 2 -> 0 -> 1
spark-5fa1:63:63 [0] NCCL INFO Ring 28 : 2 -> 0 -> 1
spark-5fa1:63:63 [0] NCCL INFO Ring 29 : 2 -> 0 -> 1
spark-5fa1:63:63 [0] NCCL INFO Ring 30 : 2 -> 0 -> 1
spark-5fa1:63:63 [0] NCCL INFO Ring 31 : 2 -> 0 -> 1
spark-5fa1:63:63 [0] NCCL INFO Ring 32 : 2 -> 0 -> 1
spark-5fa1:63:63 [0] NCCL INFO Ring 33 : 2 -> 0 -> 1
spark-5fa1:63:63 [0] NCCL INFO Ring 34 : 2 -> 0 -> 1
spark-5fa1:63:63 [0] NCCL INFO Ring 35 : 2 -> 0 -> 1
spark-5fa1:63:63 [0] NCCL INFO Ring 36 : 2 -> 0 -> 1
spark-5fa1:63:63 [0] NCCL INFO Ring 37 : 2 -> 0 -> 1
spark-5fa1:63:63 [0] NCCL INFO Ring 38 : 2 -> 0 -> 1
spark-5fa1:63:63 [0] NCCL INFO Ring 39 : 2 -> 0 -> 1
spark-5fa1:63:63 [0] NCCL INFO Ring 40 : 2 -> 0 -> 1
spark-5fa1:63:63 [0] NCCL INFO Ring 41 : 2 -> 0 -> 1
spark-5fa1:63:63 [0] NCCL INFO Ring 42 : 2 -> 0 -> 1
spark-5fa1:63:63 [0] NCCL INFO Ring 43 : 2 -> 0 -> 1
spark-5fa1:63:63 [0] NCCL INFO Ring 44 : 2 -> 0 -> 1
spark-5fa1:63:63 [0] NCCL INFO Ring 45 : 2 -> 0 -> 1
spark-5fa1:63:63 [0] NCCL INFO Ring 46 : 2 -> 0 -> 1
spark-5fa1:63:63 [0] NCCL INFO Ring 47 : 2 -> 0 -> 1
spark-5fa1:63:63 [0] NCCL INFO Ring 48 : 2 -> 0 -> 1
spark-5fa1:63:63 [0] NCCL INFO Ring 49 : 2 -> 0 -> 1
spark-5fa1:63:63 [0] NCCL INFO Ring 50 : 2 -> 0 -> 1
spark-5fa1:63:63 [0] NCCL INFO Ring 51 : 2 -> 0 -> 1
spark-5fa1:63:63 [0] NCCL INFO Ring 52 : 2 -> 0 -> 1
spark-5fa1:63:63 [0] NCCL INFO Ring 53 : 2 -> 0 -> 1
spark-5fa1:63:63 [0] NCCL INFO Ring 54 : 2 -> 0 -> 1
spark-5fa1:63:63 [0] NCCL INFO Ring 55 : 2 -> 0 -> 1
spark-5fa1:63:63 [0] NCCL INFO Ring 56 : 2 -> 0 -> 1
spark-5fa1:63:63 [0] NCCL INFO Ring 57 : 2 -> 0 -> 1
spark-5fa1:63:63 [0] NCCL INFO Ring 58 : 2 -> 0 -> 1
spark-5fa1:63:63 [0] NCCL INFO Ring 59 : 2 -> 0 -> 1
spark-5fa1:63:63 [0] NCCL INFO Ring 60 : 2 -> 0 -> 1
spark-5fa1:63:63 [0] NCCL INFO Ring 61 : 2 -> 0 -> 1
spark-5fa1:63:63 [0] NCCL INFO Ring 62 : 2 -> 0 -> 1
spark-5fa1:63:63 [0] NCCL INFO Ring 63 : 2 -> 0 -> 1
spark-5fa1:63:63 [0] NCCL INFO Trees [0] 2/-1/-1->0->-1 [1] 2/-1/-1->0->-1 [2] 2/-1/-1->0->-1 [3] 2/-1/-1->0->-1 [4] 2/-1/-1->0->-1 [5] 2/-1/-1->0->-1 [6] 2/-1/-1->0->-1 [7] 2/-1/-1->0->-1 [8] 2/-1/-1->0->-1 [9] 2/-1/-1->0->-1 [10] 2/-1/-1->0->-1 [11] 2/-1/-1->0->-1 [12] 2/-1/-1->0->-1 [13] 2/-1/-1->0->-1 [14] 2/-1/-1->0->-1 [15] 2/-1/-1->0->-1 [16] 2/-1/-1->0->-1 [17] 2/-1/-1->0->-1 [18] 2/-1/-1->0->-1 [19] 2/-1/-1->0->-1 [20] 2/-1/-1->0->-1 [21] 2/-1/-1->0->-1 [22] 2/-1/-1->0->-1 [23] 2/-1/-1->0->-1 [24] 2/-1/-1->0->-1 [25] 2/-1/-1->0->-1 [26] 2/-1/-1->0->-1 [27] 2/-1/-1->0->-1 [28] 2/-1/-1->0->-1 [29] 2/-1/-1->0->-1 [30] 2/-1/-1->0->-1 [31] 2/-1/-1->0->-1 [32] 2/-1/-1->0->1 [33] 2/-1/-1->0->1 [34] 2/-1/-1->0->1 [35] 2/-1/-1->0->1 [36] 2/-1/-1->0->1 [37] 2/-1/-1->0->1 [38] 2/-1/-1->0->1 [39] 2/-1/-1->0->1 [40] 2/-1/-1->0->1 [41] 2/-1/-1->0->1 [42] 2/-1/-1->0->1 [43] 2/-1/-1->0->1 [44] 2/-1/-1->0->1 [45] 2/-1/-1->0->1 [46] 2/-1/-1->0->1 [47] 2/-1/-1->0->1 [48] 2/-1/-1->0->1 [49] 2/-1/-1->0->1 [50] 2/-1/-1->0->1 [51] 2/-1/-1->0->1 [52] 2/-1/-
spark-5fa1:63:63 [0] NCCL INFO P2P Chunksize set to 262144
spark-5fa1:63:63 [0] NCCL INFO Tuning P2P operations with maxP2pPeers = 3
spark-5fa1:63:63 [0] NCCL INFO ncclOsDlopen(libnccl-profiler.so) failed: libnccl-profiler.so: cannot open shared object file: No such file or directory
spark-5fa1:63:63 [0] NCCL INFO PROFILER/Plugin: Could not find: libnccl-profiler.so
spark-5fa1:63:63 [0] NCCL INFO Check P2P Type isAllDirectP2p 1 directMode 0 isAllCudaP2p 1
spark-5fa1:63:63 [0] NCCL INFO ncclP2pSchedule: group size used is 1
spark-5fa1:63:75 [0] NCCL INFO [Proxy Service UDS] Device 0 CPU core 17
spark-5fa1:63:74 [0] NCCL INFO [Proxy Service] Device 0 CPU core 9
spark-5fa1:63:74 [0] NCCL INFO proxy listening socket at 192.168.1.223<57133>
spark-5fa1:63:63 [0] NCCL INFO ncclOsDlopen(libnccl-tuner.so) failed: libnccl-tuner.so: cannot open shared object file: No such file or directory
spark-5fa1:63:63 [0] NCCL INFO TUNER/Plugin: Could not find: libnccl-tuner.so
spark-5fa1:63:63 [0] NCCL INFO   Algorithm   |                            Tree                  |                            Ring                  |                   CollNetDirect                  |
spark-5fa1:63:63 [0] NCCL INFO   Protocol    |             LL |          LL128 |         Simple |             LL |          LL128 |         Simple |             LL |          LL128 |         Simple |
spark-5fa1:63:63 [0] NCCL INFO  Max NThreads |            512 |            640 |            512 |            512 |            640 |            256 |              0 |              0 |            640 |
spark-5fa1:63:63 [0] NCCL INFO     Broadcast |     0.0/   0.0 |     0.0/   0.0 |     0.0/   0.0 |     9.3/   3.8 |    18.0/   7.1 |    22.4/   7.7 |     0.0/   0.0 |     0.0/   0.0 |     0.0/   0.0 |
spark-5fa1:63:63 [0] NCCL INFO        Reduce |     0.0/   0.0 |     0.0/   0.0 |     0.0/   0.0 |     9.3/   3.8 |    18.0/   7.1 |    22.4/   7.7 |     0.0/   0.0 |     0.0/   0.0 |     0.0/   0.0 |
spark-5fa1:63:63 [0] NCCL INFO     AllGather |     0.0/   0.0 |     0.0/   0.0 |     0.0/   0.0 |    16.6/   5.8 |    31.0/  10.6 |    36.4/  11.5 |     5.0/   0.0 |     8.5/   0.0 |    14.0/   0.0 |
spark-5fa1:63:63 [0] NCCL INFO ReduceScatter |     0.0/   0.0 |     0.0/   0.0 |     0.0/   0.0 |    16.6/   5.8 |    31.0/  10.6 |    36.4/  11.5 |     5.0/   0.0 |     8.5/   0.0 |    14.0/   0.0 |
spark-5fa1:63:63 [0] NCCL INFO     AllReduce |    16.8/   0.4 |    31.0/   1.4 |    36.4/   1.5 |    26.6/   2.9 |    48.0/   5.3 |    64.4/   5.8 |     5.0/   0.0 |     8.5/   0.0 |    14.0/   0.0 |
spark-5fa1:63:63 [0] NCCL INFO   Algorithm   |                    CollNetChain                  |                            NVLS                  |                        NVLSTree                  |
spark-5fa1:63:63 [0] NCCL INFO   Protocol    |             LL |          LL128 |         Simple |             LL |          LL128 |         Simple |             LL |          LL128 |         Simple |
spark-5fa1:63:63 [0] NCCL INFO  Max NThreads |              0 |              0 |            640 |              0 |              0 |            640 |              0 |              0 |            640 |
spark-5fa1:63:63 [0] NCCL INFO     Broadcast |     0.0/   0.0 |     0.0/   0.0 |     0.0/   0.0 |     0.0/   0.0 |     0.0/   0.0 |     0.0/   0.0 |     0.0/   0.0 |     0.0/   0.0 |     0.0/   0.0 |
spark-5fa1:63:63 [0] NCCL INFO        Reduce |     0.0/   0.0 |     0.0/   0.0 |     0.0/   0.0 |     0.0/   0.0 |     0.0/   0.0 |     0.0/   0.0 |     0.0/   0.0 |     0.0/   0.0 |     0.0/   0.0 |
spark-5fa1:63:63 [0] NCCL INFO     AllGather |     0.0/   0.0 |     0.0/   0.0 |     0.0/   0.0 |     0.0/   0.0 |     0.0/   0.0 |     0.0/   0.0 |     0.0/   0.0 |     0.0/   0.0 |     0.0/   0.0 |
spark-5fa1:63:63 [0] NCCL INFO ReduceScatter |     0.0/   0.0 |     0.0/   0.0 |     0.0/   0.0 |     0.0/   0.0 |     0.0/   0.0 |     0.0/   0.0 |     0.0/   0.0 |     0.0/   0.0 |     0.0/   0.0 |
spark-5fa1:63:63 [0] NCCL INFO     AllReduce |     5.0/   0.0 |     8.5/   0.0 |    14.0/   0.0 |     0.0/   0.0 |     0.0/   0.0 |     0.0/   0.0 |     0.0/   0.0 |     0.0/   0.0 |     0.0/   0.0 |
spark-5fa1:63:63 [0] NCCL INFO   Algorithm   |                             PAT                  |
spark-5fa1:63:63 [0] NCCL INFO   Protocol    |             LL |          LL128 |         Simple |             LL |          LL128 |         Simple |             LL |          LL128 |         Simple |
spark-5fa1:63:63 [0] NCCL INFO  Max NThreads |              0 |              0 |              0 |
spark-5fa1:63:63 [0] NCCL INFO     Broadcast |     0.0/   0.0 |     0.0/   0.0 |     0.0/   0.0 |
spark-5fa1:63:63 [0] NCCL INFO        Reduce |     0.0/   0.0 |     0.0/   0.0 |     0.0/   0.0 |
spark-5fa1:63:63 [0] NCCL INFO     AllGather |     0.0/   0.0 |     0.0/   0.0 |    20.4/   2.9 |
spark-5fa1:63:63 [0] NCCL INFO ReduceScatter |     0.0/   0.0 |     0.0/   0.0 |    20.4/   2.9 |
spark-5fa1:63:63 [0] NCCL INFO     AllReduce |     0.0/   0.0 |     0.0/   0.0 |     0.0/   0.0 |
spark-5fa1:63:63 [0] NCCL INFO threadThresholds 8/8/64 | 24/8/64 | 512 | 512
spark-5fa1:63:63 [0] NCCL INFO 64 coll channels, 64 collnet channels, 0 nvls channels, 64 p2p channels, 2 p2p channels per peer
spark-5fa1:63:63 [0] NCCL INFO Symmetric memory is not supported. cuMemEnable 1, globalGinSupport 0, cuMemGdrSupport 0
spark-5fa1:63:63 [0] NCCL INFO CC Off, workFifoBytes 1048576
spark-5fa1:63:63 [0] NCCL INFO ncclCommInitRankConfig comm 0xc11f1e677fc0 rank 0 nranks 3 cudaDev 0 nvmlDev 0 busId f01000 commId 0xd5911fddcc38eeb0 - Init COMPLETE
spark-5fa1:63:63 [0] NCCL INFO Init timings - ncclCommInitRankConfig: rank 0 nranks 3 total 0.35 (kernels 0.18, alloc 0.06, bootstrap 0.05, allgathers 0.03, topo 0.01, graphs 0.00, connections 0.02, rest 0.00)
spark-5fa1:63:63 [0] NCCL INFO Symmetric VA size=124GB
spark-5fa1:63:74 [0] NCCL INFO NCCL_IB_SUBNET_AWARE_ROUTING set by environment to 1.
spark-5fa1:63:76 [0] NCCL INFO [Proxy Progress] Device 0 CPU core 6
spark-5fa1:63:63 [0] NCCL INFO Channel 00/0 : 2[0] -> 0[0] [receive] via NET/IB/4
spark-5fa1:63:63 [0] NCCL INFO Channel 01/0 : 2[0] -> 0[0] [receive] via NET/IB/5
spark-5fa1:63:63 [0] NCCL INFO Channel 02/0 : 2[0] -> 0[0] [receive] via NET/IB/4
spark-5fa1:63:63 [0] NCCL INFO Channel 03/0 : 2[0] -> 0[0] [receive] via NET/IB/5
spark-5fa1:63:63 [0] NCCL INFO Channel 04/0 : 2[0] -> 0[0] [receive] via NET/IB/4
spark-5fa1:63:63 [0] NCCL INFO Channel 05/0 : 2[0] -> 0[0] [receive] via NET/IB/5
spark-5fa1:63:63 [0] NCCL INFO Channel 06/0 : 2[0] -> 0[0] [receive] via NET/IB/4
spark-5fa1:63:63 [0] NCCL INFO Channel 07/0 : 2[0] -> 0[0] [receive] via NET/IB/5
spark-5fa1:63:63 [0] NCCL INFO Channel 08/0 : 2[0] -> 0[0] [receive] via NET/IB/4
spark-5fa1:63:63 [0] NCCL INFO Channel 09/0 : 2[0] -> 0[0] [receive] via NET/IB/5
spark-5fa1:63:63 [0] NCCL INFO Channel 10/0 : 2[0] -> 0[0] [receive] via NET/IB/4
spark-5fa1:63:63 [0] NCCL INFO Channel 11/0 : 2[0] -> 0[0] [receive] via NET/IB/5
spark-5fa1:63:63 [0] NCCL INFO Channel 12/0 : 2[0] -> 0[0] [receive] via NET/IB/4
spark-5fa1:63:63 [0] NCCL INFO Channel 13/0 : 2[0] -> 0[0] [receive] via NET/IB/5
spark-5fa1:63:63 [0] NCCL INFO Channel 14/0 : 2[0] -> 0[0] [receive] via NET/IB/4
spark-5fa1:63:63 [0] NCCL INFO Channel 15/0 : 2[0] -> 0[0] [receive] via NET/IB/5
spark-5fa1:63:63 [0] NCCL INFO Channel 16/0 : 2[0] -> 0[0] [receive] via NET/IB/4
spark-5fa1:63:63 [0] NCCL INFO Channel 17/0 : 2[0] -> 0[0] [receive] via NET/IB/5
spark-5fa1:63:63 [0] NCCL INFO Channel 18/0 : 2[0] -> 0[0] [receive] via NET/IB/4
spark-5fa1:63:63 [0] NCCL INFO Channel 19/0 : 2[0] -> 0[0] [receive] via NET/IB/5
spark-5fa1:63:63 [0] NCCL INFO Channel 20/0 : 2[0] -> 0[0] [receive] via NET/IB/4
spark-5fa1:63:63 [0] NCCL INFO Channel 21/0 : 2[0] -> 0[0] [receive] via NET/IB/5
spark-5fa1:63:63 [0] NCCL INFO Channel 22/0 : 2[0] -> 0[0] [receive] via NET/IB/4
spark-5fa1:63:63 [0] NCCL INFO Channel 23/0 : 2[0] -> 0[0] [receive] via NET/IB/5
spark-5fa1:63:63 [0] NCCL INFO Channel 24/0 : 2[0] -> 0[0] [receive] via NET/IB/4
spark-5fa1:63:63 [0] NCCL INFO Channel 25/0 : 2[0] -> 0[0] [receive] via NET/IB/5
spark-5fa1:63:63 [0] NCCL INFO Channel 26/0 : 2[0] -> 0[0] [receive] via NET/IB/4
spark-5fa1:63:63 [0] NCCL INFO Channel 27/0 : 2[0] -> 0[0] [receive] via NET/IB/5
spark-5fa1:63:63 [0] NCCL INFO Channel 28/0 : 2[0] -> 0[0] [receive] via NET/IB/4
spark-5fa1:63:63 [0] NCCL INFO Channel 29/0 : 2[0] -> 0[0] [receive] via NET/IB/5
spark-5fa1:63:63 [0] NCCL INFO Channel 30/0 : 2[0] -> 0[0] [receive] via NET/IB/4
spark-5fa1:63:63 [0] NCCL INFO Channel 31/0 : 2[0] -> 0[0] [receive] via NET/IB/5
spark-5fa1:63:63 [0] NCCL INFO Channel 32/0 : 2[0] -> 0[0] [receive] via NET/IB/4
spark-5fa1:63:63 [0] NCCL INFO Channel 33/0 : 2[0] -> 0[0] [receive] via NET/IB/5
spark-5fa1:63:63 [0] NCCL INFO Channel 34/0 : 2[0] -> 0[0] [receive] via NET/IB/4
spark-5fa1:63:63 [0] NCCL INFO Channel 35/0 : 2[0] -> 0[0] [receive] via NET/IB/5
spark-5fa1:63:63 [0] NCCL INFO Channel 36/0 : 2[0] -> 0[0] [receive] via NET/IB/4
spark-5fa1:63:63 [0] NCCL INFO Channel 37/0 : 2[0] -> 0[0] [receive] via NET/IB/5
spark-5fa1:63:63 [0] NCCL INFO Channel 38/0 : 2[0] -> 0[0] [receive] via NET/IB/4
spark-5fa1:63:63 [0] NCCL INFO Channel 39/0 : 2[0] -> 0[0] [receive] via NET/IB/5
spark-5fa1:63:63 [0] NCCL INFO Channel 40/0 : 2[0] -> 0[0] [receive] via NET/IB/4
spark-5fa1:63:63 [0] NCCL INFO Channel 41/0 : 2[0] -> 0[0] [receive] via NET/IB/5
spark-5fa1:63:63 [0] NCCL INFO Channel 42/0 : 2[0] -> 0[0] [receive] via NET/IB/4
spark-5fa1:63:63 [0] NCCL INFO Channel 43/0 : 2[0] -> 0[0] [receive] via NET/IB/5
spark-5fa1:63:63 [0] NCCL INFO Channel 44/0 : 2[0] -> 0[0] [receive] via NET/IB/4
spark-5fa1:63:63 [0] NCCL INFO Channel 45/0 : 2[0] -> 0[0] [receive] via NET/IB/5
spark-5fa1:63:63 [0] NCCL INFO Channel 46/0 : 2[0] -> 0[0] [receive] via NET/IB/4
spark-5fa1:63:63 [0] NCCL INFO Channel 47/0 : 2[0] -> 0[0] [receive] via NET/IB/5
spark-5fa1:63:63 [0] NCCL INFO Channel 48/0 : 2[0] -> 0[0] [receive] via NET/IB/4
spark-5fa1:63:63 [0] NCCL INFO Channel 49/0 : 2[0] -> 0[0] [receive] via NET/IB/5
spark-5fa1:63:63 [0] NCCL INFO Channel 50/0 : 2[0] -> 0[0] [receive] via NET/IB/4
spark-5fa1:63:63 [0] NCCL INFO Channel 51/0 : 2[0] -> 0[0] [receive] via NET/IB/5
spark-5fa1:63:63 [0] NCCL INFO Channel 52/0 : 2[0] -> 0[0] [receive] via NET/IB/4
spark-5fa1:63:63 [0] NCCL INFO Channel 53/0 : 2[0] -> 0[0] [receive] via NET/IB/5
spark-5fa1:63:63 [0] NCCL INFO Channel 54/0 : 2[0] -> 0[0] [receive] via NET/IB/4
spark-5fa1:63:63 [0] NCCL INFO Channel 55/0 : 2[0] -> 0[0] [receive] via NET/IB/5
spark-5fa1:63:63 [0] NCCL INFO Channel 56/0 : 2[0] -> 0[0] [receive] via NET/IB/4
spark-5fa1:63:63 [0] NCCL INFO Channel 57/0 : 2[0] -> 0[0] [receive] via NET/IB/5
spark-5fa1:63:63 [0] NCCL INFO Channel 58/0 : 2[0] -> 0[0] [receive] via NET/IB/4
spark-5fa1:63:63 [0] NCCL INFO Channel 59/0 : 2[0] -> 0[0] [receive] via NET/IB/5
spark-5fa1:63:63 [0] NCCL INFO Channel 60/0 : 2[0] -> 0[0] [receive] via NET/IB/4
spark-5fa1:63:63 [0] NCCL INFO Channel 61/0 : 2[0] -> 0[0] [receive] via NET/IB/5
spark-5fa1:63:63 [0] NCCL INFO Channel 62/0 : 2[0] -> 0[0] [receive] via NET/IB/4
spark-5fa1:63:63 [0] NCCL INFO Channel 63/0 : 2[0] -> 0[0] [receive] via NET/IB/5
spark-5fa1:63:63 [0] NCCL INFO Channel 00/0 : 0[0] -> 1[0] [send] via NET/IB/4
spark-5fa1:63:63 [0] NCCL INFO Channel 01/0 : 0[0] -> 1[0] [send] via NET/IB/5
spark-5fa1:63:63 [0] NCCL INFO Channel 02/0 : 0[0] -> 1[0] [send] via NET/IB/4
spark-5fa1:63:63 [0] NCCL INFO Channel 03/0 : 0[0] -> 1[0] [send] via NET/IB/5
spark-5fa1:63:63 [0] NCCL INFO Channel 04/0 : 0[0] -> 1[0] [send] via NET/IB/4
spark-5fa1:63:63 [0] NCCL INFO Channel 05/0 : 0[0] -> 1[0] [send] via NET/IB/5
spark-5fa1:63:63 [0] NCCL INFO Channel 06/0 : 0[0] -> 1[0] [send] via NET/IB/4
spark-5fa1:63:63 [0] NCCL INFO Channel 07/0 : 0[0] -> 1[0] [send] via NET/IB/5
spark-5fa1:63:63 [0] NCCL INFO Channel 08/0 : 0[0] -> 1[0] [send] via NET/IB/4
spark-5fa1:63:63 [0] NCCL INFO Channel 09/0 : 0[0] -> 1[0] [send] via NET/IB/5
spark-5fa1:63:63 [0] NCCL INFO Channel 10/0 : 0[0] -> 1[0] [send] via NET/IB/4
spark-5fa1:63:63 [0] NCCL INFO Channel 11/0 : 0[0] -> 1[0] [send] via NET/IB/5
spark-5fa1:63:63 [0] NCCL INFO Channel 12/0 : 0[0] -> 1[0] [send] via NET/IB/4
spark-5fa1:63:63 [0] NCCL INFO Channel 13/0 : 0[0] -> 1[0] [send] via NET/IB/5
spark-5fa1:63:63 [0] NCCL INFO Channel 14/0 : 0[0] -> 1[0] [send] via NET/IB/4
spark-5fa1:63:63 [0] NCCL INFO Channel 15/0 : 0[0] -> 1[0] [send] via NET/IB/5
spark-5fa1:63:63 [0] NCCL INFO Channel 16/0 : 0[0] -> 1[0] [send] via NET/IB/4
spark-5fa1:63:63 [0] NCCL INFO Channel 17/0 : 0[0] -> 1[0] [send] via NET/IB/5
spark-5fa1:63:63 [0] NCCL INFO Channel 18/0 : 0[0] -> 1[0] [send] via NET/IB/4
spark-5fa1:63:63 [0] NCCL INFO Channel 19/0 : 0[0] -> 1[0] [send] via NET/IB/5
spark-5fa1:63:63 [0] NCCL INFO Channel 20/0 : 0[0] -> 1[0] [send] via NET/IB/4
spark-5fa1:63:63 [0] NCCL INFO Channel 21/0 : 0[0] -> 1[0] [send] via NET/IB/5
spark-5fa1:63:63 [0] NCCL INFO Channel 22/0 : 0[0] -> 1[0] [send] via NET/IB/4
spark-5fa1:63:63 [0] NCCL INFO Channel 23/0 : 0[0] -> 1[0] [send] via NET/IB/5
spark-5fa1:63:63 [0] NCCL INFO Channel 24/0 : 0[0] -> 1[0] [send] via NET/IB/4
spark-5fa1:63:63 [0] NCCL INFO Channel 25/0 : 0[0] -> 1[0] [send] via NET/IB/5
spark-5fa1:63:63 [0] NCCL INFO Channel 26/0 : 0[0] -> 1[0] [send] via NET/IB/4
spark-5fa1:63:63 [0] NCCL INFO Channel 27/0 : 0[0] -> 1[0] [send] via NET/IB/5
spark-5fa1:63:63 [0] NCCL INFO Channel 28/0 : 0[0] -> 1[0] [send] via NET/IB/4
spark-5fa1:63:63 [0] NCCL INFO Channel 29/0 : 0[0] -> 1[0] [send] via NET/IB/5
spark-5fa1:63:63 [0] NCCL INFO Channel 30/0 : 0[0] -> 1[0] [send] via NET/IB/4
spark-5fa1:63:63 [0] NCCL INFO Channel 31/0 : 0[0] -> 1[0] [send] via NET/IB/5
spark-5fa1:63:63 [0] NCCL INFO Channel 32/0 : 0[0] -> 1[0] [send] via NET/IB/4
spark-5fa1:63:63 [0] NCCL INFO Channel 33/0 : 0[0] -> 1[0] [send] via NET/IB/5
spark-5fa1:63:63 [0] NCCL INFO Channel 34/0 : 0[0] -> 1[0] [send] via NET/IB/4
spark-5fa1:63:63 [0] NCCL INFO Channel 35/0 : 0[0] -> 1[0] [send] via NET/IB/5
spark-5fa1:63:63 [0] NCCL INFO Channel 36/0 : 0[0] -> 1[0] [send] via NET/IB/4
spark-5fa1:63:63 [0] NCCL INFO Channel 37/0 : 0[0] -> 1[0] [send] via NET/IB/5
spark-5fa1:63:63 [0] NCCL INFO Channel 38/0 : 0[0] -> 1[0] [send] via NET/IB/4
spark-5fa1:63:63 [0] NCCL INFO Channel 39/0 : 0[0] -> 1[0] [send] via NET/IB/5
spark-5fa1:63:63 [0] NCCL INFO Channel 40/0 : 0[0] -> 1[0] [send] via NET/IB/4
spark-5fa1:63:63 [0] NCCL INFO Channel 41/0 : 0[0] -> 1[0] [send] via NET/IB/5
spark-5fa1:63:63 [0] NCCL INFO Channel 42/0 : 0[0] -> 1[0] [send] via NET/IB/4
spark-5fa1:63:63 [0] NCCL INFO Channel 43/0 : 0[0] -> 1[0] [send] via NET/IB/5
spark-5fa1:63:63 [0] NCCL INFO Channel 44/0 : 0[0] -> 1[0] [send] via NET/IB/4
spark-5fa1:63:63 [0] NCCL INFO Channel 45/0 : 0[0] -> 1[0] [send] via NET/IB/5
spark-5fa1:63:63 [0] NCCL INFO Channel 46/0 : 0[0] -> 1[0] [send] via NET/IB/4
spark-5fa1:63:63 [0] NCCL INFO Channel 47/0 : 0[0] -> 1[0] [send] via NET/IB/5
spark-5fa1:63:63 [0] NCCL INFO Channel 48/0 : 0[0] -> 1[0] [send] via NET/IB/4
spark-5fa1:63:63 [0] NCCL INFO Channel 49/0 : 0[0] -> 1[0] [send] via NET/IB/5
spark-5fa1:63:63 [0] NCCL INFO Channel 50/0 : 0[0] -> 1[0] [send] via NET/IB/4
spark-5fa1:63:63 [0] NCCL INFO Channel 51/0 : 0[0] -> 1[0] [send] via NET/IB/5
spark-5fa1:63:63 [0] NCCL INFO Channel 52/0 : 0[0] -> 1[0] [send] via NET/IB/4
spark-5fa1:63:63 [0] NCCL INFO Channel 53/0 : 0[0] -> 1[0] [send] via NET/IB/5
spark-5fa1:63:63 [0] NCCL INFO Channel 54/0 : 0[0] -> 1[0] [send] via NET/IB/4
spark-5fa1:63:63 [0] NCCL INFO Channel 55/0 : 0[0] -> 1[0] [send] via NET/IB/5
spark-5fa1:63:63 [0] NCCL INFO Channel 56/0 : 0[0] -> 1[0] [send] via NET/IB/4
spark-5fa1:63:63 [0] NCCL INFO Channel 57/0 : 0[0] -> 1[0] [send] via NET/IB/5
spark-5fa1:63:63 [0] NCCL INFO Channel 58/0 : 0[0] -> 1[0] [send] via NET/IB/4
spark-5fa1:63:63 [0] NCCL INFO Channel 59/0 : 0[0] -> 1[0] [send] via NET/IB/5
spark-5fa1:63:63 [0] NCCL INFO Channel 60/0 : 0[0] -> 1[0] [send] via NET/IB/4
spark-5fa1:63:63 [0] NCCL INFO Channel 61/0 : 0[0] -> 1[0] [send] via NET/IB/5
spark-5fa1:63:63 [0] NCCL INFO Channel 62/0 : 0[0] -> 1[0] [send] via NET/IB/4
spark-5fa1:63:63 [0] NCCL INFO Channel 63/0 : 0[0] -> 1[0] [send] via NET/IB/5
spark-5fa1:63:74 [0] NCCL INFO NET/IB: Subnet-aware routing: overriding dev 4 with dev 0
spark-5fa1:63:74 [0] NCCL INFO NET/IB: ncclIbResiliencyInit: Resiliency is disabled on the send communicator (comm=0xfcc1c803d000)
spark-5fa1:63:74 [0] NCCL INFO NET/IB: Subnet-aware routing: overriding dev 4 with dev 0
spark-5fa1:63:74 [0] NCCL INFO NET/IB: ncclIbResiliencyInit: Resiliency is disabled on the recv communicator (comm=0xfcc1c807e000)
spark-5fa1:63:74 [0] NCCL INFO NET/IB: ncclIbRecvCommInit: Receive work requests will be posted on-demand
spark-5fa1:63:74 [0] NCCL INFO NET/IB: Subnet-aware routing: overriding dev 4 with dev 0
spark-5fa1:63:74 [0] NCCL INFO NET/IB: Subnet-aware routing: overriding dev 5 with dev 2
spark-5fa1:63:74 [0] NCCL INFO NET/IB: ncclIbResiliencyInit: Resiliency is disabled on the send communicator (comm=0xfcc1c80c9000)
spark-5fa1:63:74 [0] NCCL INFO NET/IB: Subnet-aware routing: overriding dev 4 with dev 0
spark-5fa1:63:74 [0] NCCL INFO NET/IB: Subnet-aware routing: overriding dev 5 with dev 2
spark-5fa1:63:74 [0] NCCL INFO NET/IB: ncclIbResiliencyInit: Resiliency is disabled on the recv communicator (comm=0xfcc1c810a000)
spark-5fa1:63:74 [0] NCCL INFO NET/IB: ncclIbRecvCommInit: Receive work requests will be posted on-demand
spark-5fa1:63:74 [0] NCCL INFO NET/IB: Subnet-aware routing: overriding dev 4 with dev 0
spark-5fa1:63:74 [0] NCCL INFO NET/IB: ncclIbSenderQpsCreate: QP created: port=1 dev=0 devName=rocep1s0f0 ndevs=4 nmdevs=6 qp_num=46202 pkey=0 pd=0xfcc1c807dc30 oooRq=0
spark-5fa1:63:74 [0] NCCL INFO NET/IB: ncclIbSenderQpsCreate: QP created: port=1 dev=0 devName=rocep1s0f0 ndevs=4 nmdevs=6 qp_num=46203 pkey=0 pd=0xfcc1c807dc30 oooRq=0
spark-5fa1:63:74 [0] NCCL INFO NET/IB: ncclIbConnectImpl: NCCL Dev 0 IbDev 0 Port 1 qp_num 46202 mtu 5 GID 6 (0/164A8C0FFFF0000) ctsFifoRkey=0x2236a5 ctsFifoLkey=0x2236a5
spark-5fa1:63:74 [0] NCCL INFO NET/IB: ncclIbConnectImpl: IbDev 0 Port 1 qp_num 46202 query_ece={supported=1, vendor_id=0x15b3, options=0x30000002, comp_mask=0x0}
spark-5fa1:63:74 [0] NCCL INFO NET/IB: ncclIbConnectImpl: NCCL Dev 0 IbDev 0 Port 1 qp_num 46203 mtu 5 GID 6 (0/164A8C0FFFF0000) ctsFifoRkey=0x2236a5 ctsFifoLkey=0x2236a5
spark-5fa1:63:74 [0] NCCL INFO NET/IB: ncclIbConnectImpl: IbDev 0 Port 1 qp_num 46203 query_ece={supported=1, vendor_id=0x15b3, options=0x30000002, comp_mask=0x0}
spark-5fa1:63:74 [0] NCCL INFO NET/IB: Subnet-aware routing: overriding dev 5 with dev 2
spark-5fa1:63:74 [0] NCCL INFO NET/IB: Subnet-aware routing: overriding dev 4 with dev 0
spark-5fa1:63:74 [0] NCCL INFO NET/IB: ncclIbResiliencyInit: Resiliency is disabled on the send communicator (comm=0xfcc1c81ba000)
spark-5fa1:63:74 [0] NCCL INFO NET/IB: Subnet-aware routing: overriding dev 4 with dev 0
spark-5fa1:63:74 [0] NCCL INFO NET/IB: Subnet-aware routing: overriding dev 5 with dev 2
spark-5fa1:63:74 [0] NCCL INFO NET/IB: Subnet-aware routing: overriding dev 4 with dev 0
spark-5fa1:63:74 [0] NCCL INFO NET/IB: ncclIbResiliencyInit: Resiliency is disabled on the recv communicator (comm=0xfcc1c81fe000)
spark-5fa1:63:74 [0] NCCL INFO NET/IB: ncclIbRecvCommInit: Receive work requests will be posted on-demand
spark-5fa1:63:74 [0] NCCL INFO NET/IB: Subnet-aware routing: overriding dev 4 with dev 0
spark-5fa1:63:74 [0] NCCL INFO NET/IB: Subnet-aware routing: overriding dev 4 with dev 1
spark-5fa1:63:74 [0] NCCL INFO NET/IB: ncclIbReceiverQpsCreateToRts: QP created: port=1 dev=1 devName=rocep1s0f1 ndevs=4 nmdevs=6 qp_num=41190 pkey=0 pd=0xfcc1c8195ef0 oooRq=0
spark-5fa1:63:74 [0] NCCL INFO NET/IB: ncclIbReceiverQpsCreateToRts: QP created: port=1 dev=1 devName=rocep1s0f1 ndevs=4 nmdevs=6 qp_num=41191 pkey=0 pd=0xfcc1c8195ef0 oooRq=0
spark-5fa1:63:74 [0] NCCL INFO NET/IB: ncclIbReceiverQpsCreateToRts: Flush QP created: port=1 dev=1 devName=rocep1s0f1 ndevs=4 nmdevs=6 qp_num=41192 pkey=0 pd=0xfcc1c8195ef0
spark-5fa1:63:74 [0] NCCL INFO NET/IB: Subnet-aware routing: overriding dev 5 with dev 2
spark-5fa1:63:74 [0] NCCL INFO NET/IB: ncclIbSenderQpsCreate: QP created: port=1 dev=2 devName=roceP2p1s0f0 ndevs=4 nmdevs=6 qp_num=2424 pkey=0 pd=0xfcc1c81fd3e0 oooRq=0
spark-5fa1:63:74 [0] NCCL INFO NET/IB: ncclIbSenderQpsCreate: QP created: port=1 dev=2 devName=roceP2p1s0f0 ndevs=4 nmdevs=6 qp_num=2425 pkey=0 pd=0xfcc1c81fd3e0 oooRq=0
spark-5fa1:63:74 [0] NCCL INFO NET/IB: ncclIbConnectImpl: NCCL Dev 2 IbDev 2 Port 1 qp_num 2424 mtu 5 GID 3 (0/16EA8C0FFFF0000) ctsFifoRkey=0x198c8b ctsFifoLkey=0x198c8b
spark-5fa1:63:74 [0] NCCL INFO NET/IB: ncclIbConnectImpl: IbDev 2 Port 1 qp_num 2424 query_ece={supported=1, vendor_id=0x15b3, options=0x30000002, comp_mask=0x0}
spark-5fa1:63:74 [0] NCCL INFO NET/IB: ncclIbConnectImpl: NCCL Dev 2 IbDev 2 Port 1 qp_num 2425 mtu 5 GID 3 (0/16EA8C0FFFF0000) ctsFifoRkey=0x198c8b ctsFifoLkey=0x198c8b
spark-5fa1:63:74 [0] NCCL INFO NET/IB: ncclIbConnectImpl: IbDev 2 Port 1 qp_num 2425 query_ece={supported=1, vendor_id=0x15b3, options=0x30000002, comp_mask=0x0}
spark-5fa1:63:74 [0] NCCL INFO NET/IB: Subnet-aware routing: overriding dev 5 with dev 3
spark-5fa1:63:74 [0] NCCL INFO NET/IB: ncclIbReceiverQpsCreateToRts: QP created: port=1 dev=3 devName=roceP2p1s0f1 ndevs=4 nmdevs=6 qp_num=2472 pkey=0 pd=0xfcc1c81fdf20 oooRq=0
spark-5fa1:63:74 [0] NCCL INFO NET/IB: ncclIbReceiverQpsCreateToRts: QP created: port=1 dev=3 devName=roceP2p1s0f1 ndevs=4 nmdevs=6 qp_num=2473 pkey=0 pd=0xfcc1c81fdf20 oooRq=0
spark-5fa1:63:74 [0] NCCL INFO NET/IB: ncclIbReceiverQpsCreateToRts: Flush QP created: port=1 dev=3 devName=roceP2p1s0f1 ndevs=4 nmdevs=6 qp_num=2474 pkey=0 pd=0xfcc1c81fdf20
spark-5fa1:63:74 [0] NCCL INFO NET/IB: Subnet-aware routing: overriding dev 4 with dev 0
spark-5fa1:63:74 [0] NCCL INFO NET/IB: ncclIbSenderQpsCreate: QP created: port=1 dev=0 devName=rocep1s0f0 ndevs=4 nmdevs=6 qp_num=46204 pkey=0 pd=0xfcc1c807dc30 oooRq=0
spark-5fa1:63:74 [0] NCCL INFO NET/IB: ncclIbSenderQpsCreate: QP created: port=1 dev=0 devName=rocep1s0f0 ndevs=4 nmdevs=6 qp_num=46205 pkey=0 pd=0xfcc1c807dc30 oooRq=0
spark-5fa1:63:74 [0] NCCL INFO NET/IB: ncclIbConnectImpl: NCCL Dev 0 IbDev 0 Port 1 qp_num 46204 mtu 5 GID 6 (0/164A8C0FFFF0000) ctsFifoRkey=0x16c987 ctsFifoLkey=0x16c987
spark-5fa1:63:74 [0] NCCL INFO NET/IB: ncclIbConnectImpl: IbDev 0 Port 1 qp_num 46204 query_ece={supported=1, vendor_id=0x15b3, options=0x30000002, comp_mask=0x0}
spark-5fa1:63:74 [0] NCCL INFO NET/IB: ncclIbConnectImpl: NCCL Dev 0 IbDev 0 Port 1 qp_num 46205 mtu 5 GID 6 (0/164A8C0FFFF0000) ctsFifoRkey=0x16c987 ctsFifoLkey=0x16c987
spark-5fa1:63:74 [0] NCCL INFO NET/IB: ncclIbConnectImpl: IbDev 0 Port 1 qp_num 46205 query_ece={supported=1, vendor_id=0x15b3, options=0x30000002, comp_mask=0x0}
spark-5fa1:63:74 [0] NCCL INFO NET/IB: Subnet-aware routing: overriding dev 5 with dev 2
spark-5fa1:63:74 [0] NCCL INFO NET/IB: ncclIbResiliencyInit: Resiliency is disabled on the send communicator (comm=0xfcc1c840f000)
spark-5fa1:63:74 [0] NCCL INFO NET/IB: Subnet-aware routing: overriding dev 4 with dev 0
spark-5fa1:63:74 [0] NCCL INFO NET/IB: ncclIbSenderQpsToRts: Set ECE: IbDev 0 Port 1 qp_num 46202 set_ece={supported=1, vendor_id=0x15b3, options=0x30000002, comp_mask=0x0}
spark-5fa1:63:74 [0] NCCL INFO NET/IB: ncclIbSenderQpsToRts: Set ECE: IbDev 0 Port 1 qp_num 46203 set_ece={supported=1, vendor_id=0x15b3, options=0x30000002, comp_mask=0x0}
spark-5fa1:63:74 [0] NCCL INFO NET/IB: Subnet-aware routing: overriding dev 5 with dev 2
spark-5fa1:63:74 [0] NCCL INFO NET/IB: ncclIbSenderQpsToRts: Set ECE: IbDev 2 Port 1 qp_num 2424 set_ece={supported=1, vendor_id=0x15b3, options=0x30000002, comp_mask=0x0}
spark-5fa1:63:74 [0] NCCL INFO NET/IB: ncclIbSenderQpsToRts: Set ECE: IbDev 2 Port 1 qp_num 2425 set_ece={supported=1, vendor_id=0x15b3, options=0x30000002, comp_mask=0x0}
spark-5fa1:63:74 [0] NCCL INFO NET/IB: Subnet-aware routing: overriding dev 4 with dev 0
spark-5fa1:63:74 [0] NCCL INFO NET/IB: ncclIbSenderQpsToRts: Set ECE: IbDev 0 Port 1 qp_num 46204 set_ece={supported=1, vendor_id=0x15b3, options=0x30000002, comp_mask=0x0}
spark-5fa1:63:74 [0] NCCL INFO NET/IB: ncclIbSenderQpsToRts: Set ECE: IbDev 0 Port 1 qp_num 46205 set_ece={supported=1, vendor_id=0x15b3, options=0x30000002, comp_mask=0x0}
spark-5fa1:63:74 [0] NCCL INFO NET/IB: Subnet-aware routing: overriding dev 5 with dev 2
spark-5fa1:63:74 [0] NCCL INFO NET/IB: ncclIbResiliencyInit: Resiliency is disabled on the recv communicator (comm=0xfcc1c8453000)
spark-5fa1:63:74 [0] NCCL INFO NET/IB: ncclIbRecvCommInit: Receive work requests will be posted on-demand
spark-5fa1:63:74 [0] NCCL INFO NET/IB: Subnet-aware routing: overriding dev 5 with dev 2
spark-5fa1:63:74 [0] NCCL INFO NET/IB: Subnet-aware routing: overriding dev 4 with dev 0
spark-5fa1:63:74 [0] NCCL INFO NET/IB: ncclIbResiliencyInit: Resiliency is disabled on the send communicator (comm=0xfcc1c849b000)
spark-5fa1:63:74 [0] NCCL INFO NET/IB: Subnet-aware routing: overriding dev 5 with dev 2
spark-5fa1:63:74 [0] NCCL INFO NET/IB: Subnet-aware routing: overriding dev 4 with dev 0
spark-5fa1:63:74 [0] NCCL INFO NET/IB: ncclIbResiliencyInit: Resiliency is disabled on the recv communicator (comm=0xfcc1c84dc000)
spark-5fa1:63:74 [0] NCCL INFO NET/IB: ncclIbRecvCommInit: Receive work requests will be posted on-demand
spark-5fa1:63:74 [0] NCCL INFO NET/IB: Subnet-aware routing: overriding dev 5 with dev 2
spark-5fa1:63:74 [0] NCCL INFO NET/IB: ncclIbSenderQpsCreate: QP created: port=1 dev=2 devName=roceP2p1s0f0 ndevs=4 nmdevs=6 qp_num=2426 pkey=0 pd=0xfcc1c81fd3e0 oooRq=0
spark-5fa1:63:74 [0] NCCL INFO NET/IB: ncclIbSenderQpsCreate: QP created: port=1 dev=2 devName=roceP2p1s0f0 ndevs=4 nmdevs=6 qp_num=2427 pkey=0 pd=0xfcc1c81fd3e0 oooRq=0
spark-5fa1:63:74 [0] NCCL INFO NET/IB: ncclIbConnectImpl: NCCL Dev 2 IbDev 2 Port 1 qp_num 2426 mtu 5 GID 3 (0/16EA8C0FFFF0000) ctsFifoRkey=0x198381 ctsFifoLkey=0x198381
spark-5fa1:63:74 [0] NCCL INFO NET/IB: ncclIbConnectImpl: IbDev 2 Port 1 qp_num 2426 query_ece={supported=1, vendor_id=0x15b3, options=0x30000002, comp_mask=0x0}
spark-5fa1:63:74 [0] NCCL INFO NET/IB: ncclIbConnectImpl: NCCL Dev 2 IbDev 2 Port 1 qp_num 2427 mtu 5 GID 3 (0/16EA8C0FFFF0000) ctsFifoRkey=0x198381 ctsFifoLkey=0x198381
spark-5fa1:63:74 [0] NCCL INFO NET/IB: ncclIbConnectImpl: IbDev 2 Port 1 qp_num 2427 query_ece={supported=1, vendor_id=0x15b3, options=0x30000002, comp_mask=0x0}
spark-5fa1:63:74 [0] NCCL INFO NET/IB: Subnet-aware routing: overriding dev 4 with dev 0
spark-5fa1:63:74 [0] NCCL INFO NET/IB: Subnet-aware routing: overriding dev 5 with dev 2
spark-5fa1:63:74 [0] NCCL INFO NET/IB: ncclIbResiliencyInit: Resiliency is disabled on the send communicator (comm=0xfcc1c857a000)
spark-5fa1:63:74 [0] NCCL INFO NET/IB: Subnet-aware routing: overriding dev 4 with dev 1
spark-5fa1:63:74 [0] NCCL INFO NET/IB: ncclIbReceiverQpsCreateToRts: QP created: port=1 dev=1 devName=rocep1s0f1 ndevs=4 nmdevs=6 qp_num=41193 pkey=0 pd=0xfcc1c8195ef0 oooRq=0
spark-5fa1:63:74 [0] NCCL INFO NET/IB: ncclIbReceiverQpsCreateToRts: QP created: port=1 dev=1 devName=rocep1s0f1 ndevs=4 nmdevs=6 qp_num=41194 pkey=0 pd=0xfcc1c8195ef0 oooRq=0
spark-5fa1:63:74 [0] NCCL INFO NET/IB: ncclIbReceiverQpsCreateToRts: Flush QP created: port=1 dev=1 devName=rocep1s0f1 ndevs=4 nmdevs=6 qp_num=41195 pkey=0 pd=0xfcc1c8195ef0
spark-5fa1:63:74 [0] NCCL INFO NET/IB: Subnet-aware routing: overriding dev 5 with dev 2
spark-5fa1:63:74 [0] NCCL INFO NET/IB: Subnet-aware routing: overriding dev 4 with dev 0
spark-5fa1:63:74 [0] NCCL INFO NET/IB: Subnet-aware routing: overriding dev 5 with dev 2
spark-5fa1:63:74 [0] NCCL INFO NET/IB: ncclIbResiliencyInit: Resiliency is disabled on the recv communicator (comm=0xfcc1c863a000)
spark-5fa1:63:74 [0] NCCL INFO NET/IB: ncclIbRecvCommInit: Receive work requests will be posted on-demand
spark-5fa1:63:74 [0] NCCL INFO NET/IB: Subnet-aware routing: overriding dev 5 with dev 2
spark-5fa1:63:74 [0] NCCL INFO NET/IB: Subnet-aware routing: overriding dev 4 with dev 0
spark-5fa1:63:74 [0] NCCL INFO NET/IB: Subnet-aware routing: overriding dev 5 with dev 2
spark-5fa1:63:74 [0] NCCL INFO NET/IB: Subnet-aware routing: overriding dev 4 with dev 0
spark-5fa1:63:74 [0] NCCL INFO NET/IB: ncclIbResiliencyInit: Resiliency is disabled on the send communicator (comm=0xfcc1c8682000)
spark-5fa1:63:74 [0] NCCL INFO NET/IB: Subnet-aware routing: overriding dev 5 with dev 2
spark-5fa1:63:74 [0] NCCL INFO NET/IB: ncclIbSenderQpsToRts: Set ECE: IbDev 2 Port 1 qp_num 2426 set_ece={supported=1, vendor_id=0x15b3, options=0x30000002, comp_mask=0x0}
spark-5fa1:63:74 [0] NCCL INFO NET/IB: ncclIbSenderQpsToRts: Set ECE: IbDev 2 Port 1 qp_num 2427 set_ece={supported=1, vendor_id=0x15b3, options=0x30000002, comp_mask=0x0}
spark-5fa1:63:74 [0] NCCL INFO NET/IB: Subnet-aware routing: overriding dev 5 with dev 3
spark-5fa1:63:74 [0] NCCL INFO NET/IB: ncclIbReceiverQpsCreateToRts: QP created: port=1 dev=3 devName=roceP2p1s0f1 ndevs=4 nmdevs=6 qp_num=2475 pkey=0 pd=0xfcc1c81fdf20 oooRq=0
spark-5fa1:63:74 [0] NCCL INFO NET/IB: ncclIbReceiverQpsCreateToRts: QP created: port=1 dev=3 devName=roceP2p1s0f1 ndevs=4 nmdevs=6 qp_num=2476 pkey=0 pd=0xfcc1c81fdf20 oooRq=0
spark-5fa1:63:74 [0] NCCL INFO NET/IB: ncclIbReceiverQpsCreateToRts: Flush QP created: port=1 dev=3 devName=roceP2p1s0f1 ndevs=4 nmdevs=6 qp_num=2477 pkey=0 pd=0xfcc1c81fdf20
spark-5fa1:63:74 [0] NCCL INFO NET/IB: Subnet-aware routing: overriding dev 4 with dev 0
spark-5fa1:63:74 [0] NCCL INFO NET/IB: ncclIbSenderQpsCreate: QP created: port=1 dev=0 devName=rocep1s0f0 ndevs=4 nmdevs=6 qp_num=46206 pkey=0 pd=0xfcc1c807dc30 oooRq=0
spark-5fa1:63:74 [0] NCCL INFO NET/IB: ncclIbSenderQpsCreate: QP created: port=1 dev=0 devName=rocep1s0f0 ndevs=4 nmdevs=6 qp_num=46207 pkey=0 pd=0xfcc1c807dc30 oooRq=0
spark-5fa1:63:74 [0] NCCL INFO NET/IB: ncclIbConnectImpl: NCCL Dev 0 IbDev 0 Port 1 qp_num 46206 mtu 5 GID 6 (0/164A8C0FFFF0000) ctsFifoRkey=0x222e9d ctsFifoLkey=0x222e9d
spark-5fa1:63:74 [0] NCCL INFO NET/IB: ncclIbConnectImpl: IbDev 0 Port 1 qp_num 46206 query_ece={supported=1, vendor_id=0x15b3, options=0x30000002, comp_mask=0x0}
spark-5fa1:63:74 [0] NCCL INFO NET/IB: ncclIbConnectImpl: NCCL Dev 0 IbDev 0 Port 1 qp_num 46207 mtu 5 GID 6 (0/164A8C0FFFF0000) ctsFifoRkey=0x222e9d ctsFifoLkey=0x222e9d
spark-5fa1:63:74 [0] NCCL INFO NET/IB: ncclIbConnectImpl: IbDev 0 Port 1 qp_num 46207 query_ece={supported=1, vendor_id=0x15b3, options=0x30000002, comp_mask=0x0}
spark-5fa1:63:74 [0] NCCL INFO NET/IB: Subnet-aware routing: overriding dev 4 with dev 1
spark-5fa1:63:74 [0] NCCL INFO NET/IB: ncclIbReceiverQpsCreateToRts: QP created: port=1 dev=1 devName=rocep1s0f1 ndevs=4 nmdevs=6 qp_num=41196 pkey=0 pd=0xfcc1c8195ef0 oooRq=0
spark-5fa1:63:74 [0] NCCL INFO NET/IB: ncclIbReceiverQpsCreateToRts: QP created: port=1 dev=1 devName=rocep1s0f1 ndevs=4 nmdevs=6 qp_num=41197 pkey=0 pd=0xfcc1c8195ef0 oooRq=0
spark-5fa1:63:74 [0] NCCL INFO NET/IB: ncclIbReceiverQpsCreateToRts: Flush QP created: port=1 dev=1 devName=rocep1s0f1 ndevs=4 nmdevs=6 qp_num=41198 pkey=0 pd=0xfcc1c8195ef0
spark-5fa1:63:74 [0] NCCL INFO NET/IB: Subnet-aware routing: overriding dev 5 with dev 2
spark-5fa1:63:74 [0] NCCL INFO NET/IB: ncclIbSenderQpsCreate: QP created: port=1 dev=2 devName=roceP2p1s0f0 ndevs=4 nmdevs=6 qp_num=2428 pkey=0 pd=0xfcc1c81fd3e0 oooRq=0
spark-5fa1:63:74 [0] NCCL INFO NET/IB: ncclIbSenderQpsCreate: QP created: port=1 dev=2 devName=roceP2p1s0f0 ndevs=4 nmdevs=6 qp_num=2429 pkey=0 pd=0xfcc1c81fd3e0 oooRq=0
spark-5fa1:63:74 [0] NCCL INFO NET/IB: ncclIbConnectImpl: NCCL Dev 2 IbDev 2 Port 1 qp_num 2428 mtu 5 GID 3 (0/16EA8C0FFFF0000) ctsFifoRkey=0x189a98 ctsFifoLkey=0x189a98
spark-5fa1:63:74 [0] NCCL INFO NET/IB: ncclIbConnectImpl: IbDev 2 Port 1 qp_num 2428 query_ece={supported=1, vendor_id=0x15b3, options=0x30000002, comp_mask=0x0}
spark-5fa1:63:74 [0] NCCL INFO NET/IB: ncclIbConnectImpl: NCCL Dev 2 IbDev 2 Port 1 qp_num 2429 mtu 5 GID 3 (0/16EA8C0FFFF0000) ctsFifoRkey=0x189a98 ctsFifoLkey=0x189a98
spark-5fa1:63:74 [0] NCCL INFO NET/IB: ncclIbConnectImpl: IbDev 2 Port 1 qp_num 2429 query_ece={supported=1, vendor_id=0x15b3, options=0x30000002, comp_mask=0x0}
spark-5fa1:63:74 [0] NCCL INFO NET/IB: Subnet-aware routing: overriding dev 4 with dev 0
spark-5fa1:63:74 [0] NCCL INFO NET/IB: ncclIbResiliencyInit: Resiliency is disabled on the recv communicator (comm=0xfcc1c886e000)
spark-5fa1:63:74 [0] NCCL INFO NET/IB: ncclIbRecvCommInit: Receive work requests will be posted on-demand
spark-5fa1:63:74 [0] NCCL INFO NET/IB: Subnet-aware routing: overriding dev 4 with dev 0
spark-5fa1:63:74 [0] NCCL INFO NET/IB: Subnet-aware routing: overriding dev 5 with dev 2
spark-5fa1:63:74 [0] NCCL INFO NET/IB: Subnet-aware routing: overriding dev 4 with dev 0
spark-5fa1:63:74 [0] NCCL INFO NET/IB: Subnet-aware routing: overriding dev 5 with dev 2
spark-5fa1:63:74 [0] NCCL INFO NET/IB: ncclIbResiliencyInit: Resiliency is disabled on the send communicator (comm=0xfcc1c88b6000)
spark-5fa1:63:74 [0] NCCL INFO NET/IB: Subnet-aware routing: overriding dev 4 with dev 0
spark-5fa1:63:74 [0] NCCL INFO NET/IB: ncclIbSenderQpsToRts: Set ECE: IbDev 0 Port 1 qp_num 46206 set_ece={supported=1, vendor_id=0x15b3, options=0x30000002, comp_mask=0x0}
spark-5fa1:63:74 [0] NCCL INFO NET/IB: ncclIbSenderQpsToRts: Set ECE: IbDev 0 Port 1 qp_num 46207 set_ece={supported=1, vendor_id=0x15b3, options=0x30000002, comp_mask=0x0}
spark-5fa1:63:74 [0] NCCL INFO NET/IB: Subnet-aware routing: overriding dev 5 with dev 2
spark-5fa1:63:74 [0] NCCL INFO NET/IB: Subnet-aware routing: overriding dev 4 with dev 0
spark-5fa1:63:74 [0] NCCL INFO NET/IB: Subnet-aware routing: overriding dev 5 with dev 2
spark-5fa1:63:74 [0] NCCL INFO NET/IB: ncclIbResiliencyInit: Resiliency is disabled on the recv communicator (comm=0xfcc1c88fa000)
spark-5fa1:63:74 [0] NCCL INFO NET/IB: ncclIbRecvCommInit: Receive work requests will be posted on-demand
spark-5fa1:63:74 [0] NCCL INFO NET/IB: Subnet-aware routing: overriding dev 5 with dev 2
spark-5fa1:63:74 [0] NCCL INFO NET/IB: Subnet-aware routing: overriding dev 4 with dev 0
spark-5fa1:63:74 [0] NCCL INFO NET/IB: Subnet-aware routing: overriding dev 5 with dev 2
spark-5fa1:63:74 [0] NCCL INFO NET/IB: ncclIbSenderQpsCreate: QP created: port=1 dev=2 devName=roceP2p1s0f0 ndevs=4 nmdevs=6 qp_num=2430 pkey=0 pd=0xfcc1c81fd3e0 oooRq=0
spark-5fa1:63:74 [0] NCCL INFO NET/IB: ncclIbSenderQpsCreate: QP created: port=1 dev=2 devName=roceP2p1s0f0 ndevs=4 nmdevs=6 qp_num=2431 pkey=0 pd=0xfcc1c81fd3e0 oooRq=0
spark-5fa1:63:74 [0] NCCL INFO NET/IB: ncclIbConnectImpl: NCCL Dev 2 IbDev 2 Port 1 qp_num 2430 mtu 5 GID 3 (0/16EA8C0FFFF0000) ctsFifoRkey=0x188e8c ctsFifoLkey=0x188e8c
spark-5fa1:63:74 [0] NCCL INFO NET/IB: ncclIbConnectImpl: IbDev 2 Port 1 qp_num 2430 query_ece={supported=1, vendor_id=0x15b3, options=0x30000002, comp_mask=0x0}
spark-5fa1:63:74 [0] NCCL INFO NET/IB: ncclIbConnectImpl: NCCL Dev 2 IbDev 2 Port 1 qp_num 2431 mtu 5 GID 3 (0/16EA8C0FFFF0000) ctsFifoRkey=0x188e8c ctsFifoLkey=0x188e8c
spark-5fa1:63:74 [0] NCCL INFO NET/IB: ncclIbConnectImpl: IbDev 2 Port 1 qp_num 2431 query_ece={supported=1, vendor_id=0x15b3, options=0x30000002, comp_mask=0x0}
spark-5fa1:63:74 [0] NCCL INFO NET/IB: Subnet-aware routing: overriding dev 4 with dev 0
spark-5fa1:63:74 [0] NCCL INFO NET/IB: ncclIbResiliencyInit: Resiliency is disabled on the send communicator (comm=0xfcc1c8997000)
spark-5fa1:63:74 [0] NCCL INFO NET/IB: Subnet-aware routing: overriding dev 5 with dev 2
spark-5fa1:63:74 [0] NCCL INFO NET/IB: ncclIbSenderQpsToRts: Set ECE: IbDev 2 Port 1 qp_num 2428 set_ece={supported=1, vendor_id=0x15b3, options=0x30000002, comp_mask=0x0}
spark-5fa1:63:74 [0] NCCL INFO NET/IB: ncclIbSenderQpsToRts: Set ECE: IbDev 2 Port 1 qp_num 2429 set_ece={supported=1, vendor_id=0x15b3, options=0x30000002, comp_mask=0x0}
spark-5fa1:63:74 [0] NCCL INFO NET/IB: Subnet-aware routing: overriding dev 4 with dev 0
spark-5fa1:63:74 [0] NCCL INFO NET/IB: ncclIbSenderQpsCreate: QP created: port=1 dev=0 devName=rocep1s0f0 ndevs=4 nmdevs=6 qp_num=46208 pkey=0 pd=0xfcc1c807dc30 oooRq=0
spark-5fa1:63:74 [0] NCCL INFO NET/IB: ncclIbSenderQpsCreate: QP created: port=1 dev=0 devName=rocep1s0f0 ndevs=4 nmdevs=6 qp_num=46209 pkey=0 pd=0xfcc1c807dc30 oooRq=0
spark-5fa1:63:74 [0] NCCL INFO NET/IB: ncclIbConnectImpl: NCCL Dev 0 IbDev 0 Port 1 qp_num 46208 mtu 5 GID 6 (0/164A8C0FFFF0000) ctsFifoRkey=0x169d5d ctsFifoLkey=0x169d5d
spark-5fa1:63:74 [0] NCCL INFO NET/IB: ncclIbConnectImpl: IbDev 0 Port 1 qp_num 46208 query_ece={supported=1, vendor_id=0x15b3, options=0x30000002, comp_mask=0x0}
spark-5fa1:63:74 [0] NCCL INFO NET/IB: ncclIbConnectImpl: NCCL Dev 0 IbDev 0 Port 1 qp_num 46209 mtu 5 GID 6 (0/164A8C0FFFF0000) ctsFifoRkey=0x169d5d ctsFifoLkey=0x169d5d
spark-5fa1:63:74 [0] NCCL INFO NET/IB: ncclIbConnectImpl: IbDev 0 Port 1 qp_num 46209 query_ece={supported=1, vendor_id=0x15b3, options=0x30000002, comp_mask=0x0}
spark-5fa1:63:74 [0] NCCL INFO NET/IB: Subnet-aware routing: overriding dev 5 with dev 2
spark-5fa1:63:74 [0] NCCL INFO NET/IB: ncclIbSenderQpsToRts: Set ECE: IbDev 2 Port 1 qp_num 2430 set_ece={supported=1, vendor_id=0x15b3, options=0x30000002, comp_mask=0x0}
spark-5fa1:63:74 [0] NCCL INFO NET/IB: ncclIbSenderQpsToRts: Set ECE: IbDev 2 Port 1 qp_num 2431 set_ece={supported=1, vendor_id=0x15b3, options=0x30000002, comp_mask=0x0}
spark-5fa1:63:74 [0] NCCL INFO NET/IB: Subnet-aware routing: overriding dev 4 with dev 0
spark-5fa1:63:74 [0] NCCL INFO NET/IB: ncclIbResiliencyInit: Resiliency is disabled on the recv communicator (comm=0xfcc1c8a32000)
spark-5fa1:63:74 [0] NCCL INFO NET/IB: ncclIbRecvCommInit: Receive work requests will be posted on-demand
spark-5fa1:63:74 [0] NCCL INFO NET/IB: Subnet-aware routing: overriding dev 4 with dev 0
spark-5fa1:63:74 [0] NCCL INFO NET/IB: Subnet-aware routing: overriding dev 4 with dev 0
spark-5fa1:63:74 [0] NCCL INFO NET/IB: Subnet-aware routing: overriding dev 5 with dev 2
spark-5fa1:63:74 [0] NCCL INFO NET/IB: ncclIbResiliencyInit: Resiliency is disabled on the send communicator (comm=0xfcc1c8a7a000)
spark-5fa1:63:74 [0] NCCL INFO NET/IB: Subnet-aware routing: overriding dev 5 with dev 3
spark-5fa1:63:74 [0] NCCL INFO NET/IB: ncclIbReceiverQpsCreateToRts: QP created: port=1 dev=3 devName=roceP2p1s0f1 ndevs=4 nmdevs=6 qp_num=2478 pkey=0 pd=0xfcc1c81fdf20 oooRq=0
spark-5fa1:63:74 [0] NCCL INFO NET/IB: ncclIbReceiverQpsCreateToRts: QP created: port=1 dev=3 devName=roceP2p1s0f1 ndevs=4 nmdevs=6 qp_num=2479 pkey=0 pd=0xfcc1c81fdf20 oooRq=0
spark-5fa1:63:74 [0] NCCL INFO NET/IB: ncclIbReceiverQpsCreateToRts: Flush QP created: port=1 dev=3 devName=roceP2p1s0f1 ndevs=4 nmdevs=6 qp_num=2480 pkey=0 pd=0xfcc1c81fdf20
spark-5fa1:63:74 [0] NCCL INFO NET/IB: Subnet-aware routing: overriding dev 4 with dev 0
spark-5fa1:63:74 [0] NCCL INFO NET/IB: Subnet-aware routing: overriding dev 4 with dev 0
spark-5fa1:63:74 [0] NCCL INFO NET/IB: Subnet-aware routing: overriding dev 5 with dev 2
spark-5fa1:63:74 [0] NCCL INFO NET/IB: ncclIbResiliencyInit: Resiliency is disabled on the recv communicator (comm=0xfcc1c8b39000)
spark-5fa1:63:74 [0] NCCL INFO NET/IB: ncclIbRecvCommInit: Receive work requests will be posted on-demand
spark-5fa1:63:74 [0] NCCL INFO NET/IB: Subnet-aware routing: overriding dev 4 with dev 0
spark-5fa1:63:74 [0] NCCL INFO NET/IB: ncclIbSenderQpsToRts: Set ECE: IbDev 0 Port 1 qp_num 46208 set_ece={supported=1, vendor_id=0x15b3, options=0x30000002, comp_mask=0x0}
spark-5fa1:63:74 [0] NCCL INFO NET/IB: ncclIbSenderQpsToRts: Set ECE: IbDev 0 Port 1 qp_num 46209 set_ece={supported=1, vendor_id=0x15b3, options=0x30000002, comp_mask=0x0}
spark-5fa1:63:74 [0] NCCL INFO NET/IB: Subnet-aware routing: overriding dev 4 with dev 0
spark-5fa1:63:74 [0] NCCL INFO NET/IB: ncclIbSenderQpsCreate: QP created: port=1 dev=0 devName=rocep1s0f0 ndevs=4 nmdevs=6 qp_num=46210 pkey=0 pd=0xfcc1c807dc30 oooRq=0
spark-5fa1:63:74 [0] NCCL INFO NET/IB: ncclIbSenderQpsCreate: QP created: port=1 dev=0 devName=rocep1s0f0 ndevs=4 nmdevs=6 qp_num=46211 pkey=0 pd=0xfcc1c807dc30 oooRq=0
spark-5fa1:63:74 [0] NCCL INFO NET/IB: ncclIbConnectImpl: NCCL Dev 0 IbDev 0 Port 1 qp_num 46210 mtu 5 GID 6 (0/164A8C0FFFF0000) ctsFifoRkey=0x220c7e ctsFifoLkey=0x220c7e
spark-5fa1:63:74 [0] NCCL INFO NET/IB: ncclIbConnectImpl: IbDev 0 Port 1 qp_num 46210 query_ece={supported=1, vendor_id=0x15b3, options=0x30000002, comp_mask=0x0}
spark-5fa1:63:74 [0] NCCL INFO NET/IB: ncclIbConnectImpl: NCCL Dev 0 IbDev 0 Port 1 qp_num 46211 mtu 5 GID 6 (0/164A8C0FFFF0000) ctsFifoRkey=0x220c7e ctsFifoLkey=0x220c7e
spark-5fa1:63:74 [0] NCCL INFO NET/IB: ncclIbConnectImpl: IbDev 0 Port 1 qp_num 46211 query_ece={supported=1, vendor_id=0x15b3, options=0x30000002, comp_mask=0x0}
spark-5fa1:63:74 [0] NCCL INFO NET/IB: Subnet-aware routing: overriding dev 5 with dev 2
spark-5fa1:63:74 [0] NCCL INFO NET/IB: ncclIbSenderQpsCreate: QP created: port=1 dev=2 devName=roceP2p1s0f0 ndevs=4 nmdevs=6 qp_num=2432 pkey=0 pd=0xfcc1c81fd3e0 oooRq=0
spark-5fa1:63:74 [0] NCCL INFO NET/IB: ncclIbSenderQpsCreate: QP created: port=1 dev=2 devName=roceP2p1s0f0 ndevs=4 nmdevs=6 qp_num=2433 pkey=0 pd=0xfcc1c81fd3e0 oooRq=0
spark-5fa1:63:74 [0] NCCL INFO NET/IB: ncclIbConnectImpl: NCCL Dev 2 IbDev 2 Port 1 qp_num 2432 mtu 5 GID 3 (0/16EA8C0FFFF0000) ctsFifoRkey=0x18bdbb ctsFifoLkey=0x18bdbb
spark-5fa1:63:74 [0] NCCL INFO NET/IB: ncclIbConnectImpl: IbDev 2 Port 1 qp_num 2432 query_ece={supported=1, vendor_id=0x15b3, options=0x30000002, comp_mask=0x0}
spark-5fa1:63:74 [0] NCCL INFO NET/IB: ncclIbConnectImpl: NCCL Dev 2 IbDev 2 Port 1 qp_num 2433 mtu 5 GID 3 (0/16EA8C0FFFF0000) ctsFifoRkey=0x18bdbb ctsFifoLkey=0x18bdbb
spark-5fa1:63:74 [0] NCCL INFO NET/IB: ncclIbConnectImpl: IbDev 2 Port 1 qp_num 2433 query_ece={supported=1, vendor_id=0x15b3, options=0x30000002, comp_mask=0x0}
spark-5fa1:63:74 [0] NCCL INFO NET/IB: Subnet-aware routing: overriding dev 4 with dev 0
spark-5fa1:63:74 [0] NCCL INFO NET/IB: ncclIbResiliencyInit: Resiliency is disabled on the send communicator (comm=0xfcc1c8c33000)
spark-5fa1:63:74 [0] NCCL INFO NET/IB: Subnet-aware routing: overriding dev 4 with dev 0
spark-5fa1:63:74 [0] NCCL INFO NET/IB: Subnet-aware routing: overriding dev 5 with dev 2
spark-5fa1:63:74 [0] NCCL INFO NET/IB: Subnet-aware routing: overriding dev 4 with dev 0
spark-5fa1:63:74 [0] NCCL INFO NET/IB: ncclIbResiliencyInit: Resiliency is disabled on the recv communicator (comm=0xfcc1c8c77000)
spark-5fa1:63:74 [0] NCCL INFO NET/IB: ncclIbRecvCommInit: Receive work requests will be posted on-demand
spark-5fa1:63:74 [0] NCCL INFO NET/IB: Subnet-aware routing: overriding dev 4 with dev 0
spark-5fa1:63:74 [0] NCCL INFO NET/IB: Subnet-aware routing: overriding dev 5 with dev 2
spark-5fa1:63:74 [0] NCCL INFO NET/IB: Subnet-aware routing: overriding dev 4 with dev 0
spark-5fa1:63:74 [0] NCCL INFO NET/IB: Subnet-aware routing: overriding dev 5 with dev 2
spark-5fa1:63:74 [0] NCCL INFO NET/IB: ncclIbResiliencyInit: Resiliency is disabled on the send communicator (comm=0xfcc1c8cbf000)
spark-5fa1:63:74 [0] NCCL INFO NET/IB: Subnet-aware routing: overriding dev 4 with dev 0
spark-5fa1:63:74 [0] NCCL INFO NET/IB: Subnet-aware routing: overriding dev 5 with dev 2
spark-5fa1:63:74 [0] NCCL INFO NET/IB: Subnet-aware routing: overriding dev 4 with dev 0
spark-5fa1:63:74 [0] NCCL INFO NET/IB: Subnet-aware routing: overriding dev 5 with dev 2
spark-5fa1:63:74 [0] NCCL INFO NET/IB: ncclIbResiliencyInit: Resiliency is disabled on the recv communicator (comm=0xfcc1c8d03000)
spark-5fa1:63:74 [0] NCCL INFO NET/IB: ncclIbRecvCommInit: Receive work requests will be posted on-demand
spark-5fa1:63:74 [0] NCCL INFO NET/IB: Subnet-aware routing: overriding dev 4 with dev 1
spark-5fa1:63:74 [0] NCCL INFO NET/IB: ncclIbReceiverQpsCreateToRts: QP created: port=1 dev=1 devName=rocep1s0f1 ndevs=4 nmdevs=6 qp_num=41199 pkey=0 pd=0xfcc1c8195ef0 oooRq=0
spark-5fa1:63:74 [0] NCCL INFO NET/IB: ncclIbReceiverQpsCreateToRts: QP created: port=1 dev=1 devName=rocep1s0f1 ndevs=4 nmdevs=6 qp_num=41200 pkey=0 pd=0xfcc1c8195ef0 oooRq=0
spark-5fa1:63:74 [0] NCCL INFO NET/IB: ncclIbReceiverQpsCreateToRts: Flush QP created: port=1 dev=1 devName=rocep1s0f1 ndevs=4 nmdevs=6 qp_num=41201 pkey=0 pd=0xfcc1c8195ef0
spark-5fa1:63:74 [0] NCCL INFO NET/IB: Subnet-aware routing: overriding dev 4 with dev 0
spark-5fa1:63:74 [0] NCCL INFO NET/IB: ncclIbSenderQpsToRts: Set ECE: IbDev 0 Port 1 qp_num 46210 set_ece={supported=1, vendor_id=0x15b3, options=0x30000002, comp_mask=0x0}
spark-5fa1:63:74 [0] NCCL INFO NET/IB: ncclIbSenderQpsToRts: Set ECE: IbDev 0 Port 1 qp_num 46211 set_ece={supported=1, vendor_id=0x15b3, options=0x30000002, comp_mask=0x0}
spark-5fa1:63:74 [0] NCCL INFO NET/IB: Subnet-aware routing: overriding dev 5 with dev 2
spark-5fa1:63:74 [0] NCCL INFO NET/IB: ncclIbSenderQpsToRts: Set ECE: IbDev 2 Port 1 qp_num 2432 set_ece={supported=1, vendor_id=0x15b3, options=0x30000002, comp_mask=0x0}
spark-5fa1:63:74 [0] NCCL INFO NET/IB: ncclIbSenderQpsToRts: Set ECE: IbDev 2 Port 1 qp_num 2433 set_ece={supported=1, vendor_id=0x15b3, options=0x30000002, comp_mask=0x0}
spark-5fa1:63:74 [0] NCCL INFO NET/IB: Subnet-aware routing: overriding dev 4 with dev 0
spark-5fa1:63:74 [0] NCCL INFO NET/IB: Subnet-aware routing: overriding dev 5 with dev 2
spark-5fa1:63:74 [0] NCCL INFO NET/IB: Subnet-aware routing: overriding dev 4 with dev 0
spark-5fa1:63:74 [0] NCCL INFO NET/IB: ncclIbResiliencyInit: Resiliency is disabled on the send communicator (comm=0xfcc1c8dc6000)
spark-5fa1:63:74 [0] NCCL INFO NET/IB: Subnet-aware routing: overriding dev 5 with dev 3
spark-5fa1:63:74 [0] NCCL INFO NET/IB: ncclIbReceiverQpsCreateToRts: QP created: port=1 dev=3 devName=roceP2p1s0f1 ndevs=4 nmdevs=6 qp_num=2481 pkey=0 pd=0xfcc1c81fdf20 oooRq=0
spark-5fa1:63:74 [0] NCCL INFO NET/IB: ncclIbReceiverQpsCreateToRts: QP created: port=1 dev=3 devName=roceP2p1s0f1 ndevs=4 nmdevs=6 qp_num=2482 pkey=0 pd=0xfcc1c81fdf20 oooRq=0
spark-5fa1:63:74 [0] NCCL INFO NET/IB: ncclIbReceiverQpsCreateToRts: Flush QP created: port=1 dev=3 devName=roceP2p1s0f1 ndevs=4 nmdevs=6 qp_num=2483 pkey=0 pd=0xfcc1c81fdf20
spark-5fa1:63:74 [0] NCCL INFO NET/IB: Subnet-aware routing: overriding dev 4 with dev 0
spark-5fa1:63:74 [0] NCCL INFO NET/IB: ncclIbSenderQpsCreate: QP created: port=1 dev=0 devName=rocep1s0f0 ndevs=4 nmdevs=6 qp_num=46212 pkey=0 pd=0xfcc1c807dc30 oooRq=0
spark-5fa1:63:74 [0] NCCL INFO NET/IB: ncclIbSenderQpsCreate: QP created: port=1 dev=0 devName=rocep1s0f0 ndevs=4 nmdevs=6 qp_num=46213 pkey=0 pd=0xfcc1c807dc30 oooRq=0
spark-5fa1:63:74 [0] NCCL INFO NET/IB: ncclIbConnectImpl: NCCL Dev 0 IbDev 0 Port 1 qp_num 46212 mtu 5 GID 6 (0/164A8C0FFFF0000) ctsFifoRkey=0x221383 ctsFifoLkey=0x221383
spark-5fa1:63:74 [0] NCCL INFO NET/IB: ncclIbConnectImpl: IbDev 0 Port 1 qp_num 46212 query_ece={supported=1, vendor_id=0x15b3, options=0x30000002, comp_mask=0x0}
spark-5fa1:63:74 [0] NCCL INFO NET/IB: ncclIbConnectImpl: NCCL Dev 0 IbDev 0 Port 1 qp_num 46213 mtu 5 GID 6 (0/164A8C0FFFF0000) ctsFifoRkey=0x221383 ctsFifoLkey=0x221383
spark-5fa1:63:74 [0] NCCL INFO NET/IB: ncclIbConnectImpl: IbDev 0 Port 1 qp_num 46213 query_ece={supported=1, vendor_id=0x15b3, options=0x30000002, comp_mask=0x0}
spark-5fa1:63:74 [0] NCCL INFO NET/IB: Subnet-aware routing: overriding dev 5 with dev 2
spark-5fa1:63:74 [0] NCCL INFO NET/IB: Subnet-aware routing: overriding dev 4 with dev 0
spark-5fa1:63:74 [0] NCCL INFO NET/IB: ncclIbResiliencyInit: Resiliency is disabled on the recv communicator (comm=0xfcc1c8eda000)
spark-5fa1:63:74 [0] NCCL INFO NET/IB: ncclIbRecvCommInit: Receive work requests will be posted on-demand
spark-5fa1:63:74 [0] NCCL INFO NET/IB: Subnet-aware routing: overriding dev 4 with dev 0
spark-5fa1:63:74 [0] NCCL INFO NET/IB: Subnet-aware routing: overriding dev 5 with dev 2
spark-5fa1:63:74 [0] NCCL INFO NET/IB: Subnet-aware routing: overriding dev 4 with dev 0
spark-5fa1:63:74 [0] NCCL INFO NET/IB: Subnet-aware routing: overriding dev 5 with dev 2
spark-5fa1:63:74 [0] NCCL INFO NET/IB: ncclIbResiliencyInit: Resiliency is disabled on the send communicator (comm=0xfcc1c8f22000)
spark-5fa1:63:74 [0] NCCL INFO NET/IB: Subnet-aware routing: overriding dev 4 with dev 0
spark-5fa1:63:74 [0] NCCL INFO NET/IB: ncclIbSenderQpsToRts: Set ECE: IbDev 0 Port 1 qp_num 46212 set_ece={supported=1, vendor_id=0x15b3, options=0x30000002, comp_mask=0x0}
spark-5fa1:63:74 [0] NCCL INFO NET/IB: ncclIbSenderQpsToRts: Set ECE: IbDev 0 Port 1 qp_num 46213 set_ece={supported=1, vendor_id=0x15b3, options=0x30000002, comp_mask=0x0}
spark-5fa1:63:74 [0] NCCL INFO NET/IB: Subnet-aware routing: overriding dev 5 with dev 2
spark-5fa1:63:74 [0] NCCL INFO NET/IB: ncclIbSenderQpsCreate: QP created: port=1 dev=2 devName=roceP2p1s0f0 ndevs=4 nmdevs=6 qp_num=2434 pkey=0 pd=0xfcc1c81fd3e0 oooRq=0
spark-5fa1:63:74 [0] NCCL INFO NET/IB: ncclIbSenderQpsCreate: QP created: port=1 dev=2 devName=roceP2p1s0f0 ndevs=4 nmdevs=6 qp_num=2435 pkey=0 pd=0xfcc1c81fd3e0 oooRq=0
spark-5fa1:63:74 [0] NCCL INFO NET/IB: ncclIbConnectImpl: NCCL Dev 2 IbDev 2 Port 1 qp_num 2434 mtu 5 GID 3 (0/16EA8C0FFFF0000) ctsFifoRkey=0x170f0d ctsFifoLkey=0x170f0d
spark-5fa1:63:74 [0] NCCL INFO NET/IB: ncclIbConnectImpl: IbDev 2 Port 1 qp_num 2434 query_ece={supported=1, vendor_id=0x15b3, options=0x30000002, comp_mask=0x0}
spark-5fa1:63:74 [0] NCCL INFO NET/IB: ncclIbConnectImpl: NCCL Dev 2 IbDev 2 Port 1 qp_num 2435 mtu 5 GID 3 (0/16EA8C0FFFF0000) ctsFifoRkey=0x170f0d ctsFifoLkey=0x170f0d
spark-5fa1:63:74 [0] NCCL INFO NET/IB: ncclIbConnectImpl: IbDev 2 Port 1 qp_num 2435 query_ece={supported=1, vendor_id=0x15b3, options=0x30000002, comp_mask=0x0}
spark-5fa1:63:74 [0] NCCL INFO NET/IB: Subnet-aware routing: overriding dev 4 with dev 0
spark-5fa1:63:74 [0] NCCL INFO NET/IB: Subnet-aware routing: overriding dev 5 with dev 2
spark-5fa1:63:74 [0] NCCL INFO NET/IB: ncclIbResiliencyInit: Resiliency is disabled on the recv communicator (comm=0xfcc1c8fbb000)
spark-5fa1:63:74 [0] NCCL INFO NET/IB: ncclIbRecvCommInit: Receive work requests will be posted on-demand
spark-5fa1:63:74 [0] NCCL INFO NET/IB: Subnet-aware routing: overriding dev 4 with dev 1
spark-5fa1:63:74 [0] NCCL INFO NET/IB: ncclIbReceiverQpsCreateToRts: QP created: port=1 dev=1 devName=rocep1s0f1 ndevs=4 nmdevs=6 qp_num=41202 pkey=0 pd=0xfcc1c8195ef0 oooRq=0
spark-5fa1:63:74 [0] NCCL INFO NET/IB: ncclIbReceiverQpsCreateToRts: QP created: port=1 dev=1 devName=rocep1s0f1 ndevs=4 nmdevs=6 qp_num=41203 pkey=0 pd=0xfcc1c8195ef0 oooRq=0
spark-5fa1:63:74 [0] NCCL INFO NET/IB: ncclIbReceiverQpsCreateToRts: Flush QP created: port=1 dev=1 devName=rocep1s0f1 ndevs=4 nmdevs=6 qp_num=41204 pkey=0 pd=0xfcc1c8195ef0
spark-5fa1:63:74 [0] NCCL INFO NET/IB: Subnet-aware routing: overriding dev 5 with dev 2
spark-5fa1:63:74 [0] NCCL INFO NET/IB: Subnet-aware routing: overriding dev 4 with dev 0
spark-5fa1:63:74 [0] NCCL INFO NET/IB: ncclIbSenderQpsCreate: QP created: port=1 dev=0 devName=rocep1s0f0 ndevs=4 nmdevs=6 qp_num=46214 pkey=0 pd=0xfcc1c807dc30 oooRq=0
spark-5fa1:63:74 [0] NCCL INFO NET/IB: ncclIbSenderQpsCreate: QP created: port=1 dev=0 devName=rocep1s0f0 ndevs=4 nmdevs=6 qp_num=46215 pkey=0 pd=0xfcc1c807dc30 oooRq=0
spark-5fa1:63:74 [0] NCCL INFO NET/IB: ncclIbConnectImpl: NCCL Dev 0 IbDev 0 Port 1 qp_num 46214 mtu 5 GID 6 (0/164A8C0FFFF0000) ctsFifoRkey=0x160eca ctsFifoLkey=0x160eca
spark-5fa1:63:74 [0] NCCL INFO NET/IB: ncclIbConnectImpl: IbDev 0 Port 1 qp_num 46214 query_ece={supported=1, vendor_id=0x15b3, options=0x30000002, comp_mask=0x0}
spark-5fa1:63:74 [0] NCCL INFO NET/IB: ncclIbConnectImpl: NCCL Dev 0 IbDev 0 Port 1 qp_num 46215 mtu 5 GID 6 (0/164A8C0FFFF0000) ctsFifoRkey=0x160eca ctsFifoLkey=0x160eca
spark-5fa1:63:74 [0] NCCL INFO NET/IB: ncclIbConnectImpl: IbDev 0 Port 1 qp_num 46215 query_ece={supported=1, vendor_id=0x15b3, options=0x30000002, comp_mask=0x0}
spark-5fa1:63:74 [0] NCCL INFO NET/IB: Subnet-aware routing: overriding dev 5 with dev 2
spark-5fa1:63:74 [0] NCCL INFO NET/IB: Subnet-aware routing: overriding dev 4 with dev 0
spark-5fa1:63:74 [0] NCCL INFO NET/IB: ncclIbResiliencyInit: Resiliency is disabled on the send communicator (comm=0xfcc1c90d9000)
spark-5fa1:63:74 [0] NCCL INFO NET/IB: Subnet-aware routing: overriding dev 5 with dev 2
spark-5fa1:63:74 [0] NCCL INFO NET/IB: ncclIbSenderQpsToRts: Set ECE: IbDev 2 Port 1 qp_num 2434 set_ece={supported=1, vendor_id=0x15b3, options=0x30000002, comp_mask=0x0}
spark-5fa1:63:74 [0] NCCL INFO NET/IB: ncclIbSenderQpsToRts: Set ECE: IbDev 2 Port 1 qp_num 2435 set_ece={supported=1, vendor_id=0x15b3, options=0x30000002, comp_mask=0x0}
spark-5fa1:63:74 [0] NCCL INFO NET/IB: Subnet-aware routing: overriding dev 4 with dev 0
spark-5fa1:63:74 [0] NCCL INFO NET/IB: Subnet-aware routing: overriding dev 5 with dev 2
spark-5fa1:63:74 [0] NCCL INFO NET/IB: Subnet-aware routing: overriding dev 4 with dev 0
spark-5fa1:63:74 [0] NCCL INFO NET/IB: ncclIbResiliencyInit: Resiliency is disabled on the recv communicator (comm=0xfcc1c911d000)
spark-5fa1:63:74 [0] NCCL INFO NET/IB: ncclIbRecvCommInit: Receive work requests will be posted on-demand
spark-5fa1:63:74 [0] NCCL INFO NET/IB: Subnet-aware routing: overriding dev 4 with dev 0
spark-5fa1:63:74 [0] NCCL INFO NET/IB: Subnet-aware routing: overriding dev 5 with dev 2
spark-5fa1:63:74 [0] NCCL INFO NET/IB: Subnet-aware routing: overriding dev 4 with dev 0
spark-5fa1:63:74 [0] NCCL INFO NET/IB: Subnet-aware routing: overriding dev 5 with dev 2
spark-5fa1:63:74 [0] NCCL INFO NET/IB: ncclIbResiliencyInit: Resiliency is disabled on the send communicator (comm=0xfcc1c9165000)
spark-5fa1:63:74 [0] NCCL INFO NET/IB: Subnet-aware routing: overriding dev 4 with dev 0
spark-5fa1:63:74 [0] NCCL INFO NET/IB: Subnet-aware routing: overriding dev 5 with dev 2
spark-5fa1:63:74 [0] NCCL INFO NET/IB: Subnet-aware routing: overriding dev 4 with dev 0
spark-5fa1:63:74 [0] NCCL INFO NET/IB: Subnet-aware routing: overriding dev 5 with dev 2
spark-5fa1:63:74 [0] NCCL INFO NET/IB: ncclIbResiliencyInit: Resiliency is disabled on the recv communicator (comm=0xfcc1c91a9000)
spark-5fa1:63:74 [0] NCCL INFO NET/IB: ncclIbRecvCommInit: Receive work requests will be posted on-demand
spark-5fa1:63:74 [0] NCCL INFO NET/IB: Subnet-aware routing: overriding dev 4 with dev 0
spark-5fa1:63:74 [0] NCCL INFO NET/IB: Subnet-aware routing: overriding dev 5 with dev 2
spark-5fa1:63:74 [0] NCCL INFO NET/IB: Subnet-aware routing: overriding dev 4 with dev 0
spark-5fa1:63:74 [0] NCCL INFO NET/IB: Subnet-aware routing: overriding dev 5 with dev 2
spark-5fa1:63:74 [0] NCCL INFO NET/IB: Subnet-aware routing: overriding dev 4 with dev 0
spark-5fa1:63:74 [0] NCCL INFO NET/IB: ncclIbResiliencyInit: Resiliency is disabled on the send communicator (comm=0xfcc1c91f1000)
spark-5fa1:63:74 [0] NCCL INFO NET/IB: Subnet-aware routing: overriding dev 4 with dev 0
spark-5fa1:63:74 [0] NCCL INFO NET/IB: Subnet-aware routing: overriding dev 5 with dev 2
spark-5fa1:63:74 [0] NCCL INFO NET/IB: Subnet-aware routing: overriding dev 4 with dev 0
spark-5fa1:63:74 [0] NCCL INFO NET/IB: Subnet-aware routing: overriding dev 5 with dev 2
spark-5fa1:63:74 [0] NCCL INFO NET/IB: Subnet-aware routing: overriding dev 4 with dev 0
spark-5fa1:63:74 [0] NCCL INFO NET/IB: ncclIbResiliencyInit: Resiliency is disabled on the recv communicator (comm=0xfcc1c9235000)
spark-5fa1:63:74 [0] NCCL INFO NET/IB: ncclIbRecvCommInit: Receive work requests will be posted on-demand
spark-5fa1:63:74 [0] NCCL INFO NET/IB: Subnet-aware routing: overriding dev 5 with dev 3
spark-5fa1:63:74 [0] NCCL INFO NET/IB: ncclIbReceiverQpsCreateToRts: QP created: port=1 dev=3 devName=roceP2p1s0f1 ndevs=4 nmdevs=6 qp_num=2484 pkey=0 pd=0xfcc1c81fdf20 oooRq=0
spark-5fa1:63:74 [0] NCCL INFO NET/IB: ncclIbReceiverQpsCreateToRts: QP created: port=1 dev=3 devName=roceP2p1s0f1 ndevs=4 nmdevs=6 qp_num=2485 pkey=0 pd=0xfcc1c81fdf20 oooRq=0
spark-5fa1:63:74 [0] NCCL INFO NET/IB: ncclIbReceiverQpsCreateToRts: Flush QP created: port=1 dev=3 devName=roceP2p1s0f1 ndevs=4 nmdevs=6 qp_num=2486 pkey=0 pd=0xfcc1c81fdf20
spark-5fa1:63:74 [0] NCCL INFO NET/IB: Subnet-aware routing: overriding dev 4 with dev 0
spark-5fa1:63:74 [0] NCCL INFO NET/IB: ncclIbSenderQpsToRts: Set ECE: IbDev 0 Port 1 qp_num 46214 set_ece={supported=1, vendor_id=0x15b3, options=0x30000002, comp_mask=0x0}
spark-5fa1:63:74 [0] NCCL INFO NET/IB: ncclIbSenderQpsToRts: Set ECE: IbDev 0 Port 1 qp_num 46215 set_ece={supported=1, vendor_id=0x15b3, options=0x30000002, comp_mask=0x0}
spark-5fa1:63:74 [0] NCCL INFO NET/IB: Subnet-aware routing: overriding dev 5 with dev 2
spark-5fa1:63:74 [0] NCCL INFO NET/IB: ncclIbSenderQpsCreate: QP created: port=1 dev=2 devName=roceP2p1s0f0 ndevs=4 nmdevs=6 qp_num=2436 pkey=0 pd=0xfcc1c81fd3e0 oooRq=0
spark-5fa1:63:74 [0] NCCL INFO NET/IB: ncclIbSenderQpsCreate: QP created: port=1 dev=2 devName=roceP2p1s0f0 ndevs=4 nmdevs=6 qp_num=2437 pkey=0 pd=0xfcc1c81fd3e0 oooRq=0
spark-5fa1:63:74 [0] NCCL INFO NET/IB: ncclIbConnectImpl: NCCL Dev 2 IbDev 2 Port 1 qp_num 2436 mtu 5 GID 3 (0/16EA8C0FFFF0000) ctsFifoRkey=0x18f2f2 ctsFifoLkey=0x18f2f2
spark-5fa1:63:74 [0] NCCL INFO NET/IB: ncclIbConnectImpl: IbDev 2 Port 1 qp_num 2436 query_ece={supported=1, vendor_id=0x15b3, options=0x30000002, comp_mask=0x0}
spark-5fa1:63:74 [0] NCCL INFO NET/IB: ncclIbConnectImpl: NCCL Dev 2 IbDev 2 Port 1 qp_num 2437 mtu 5 GID 3 (0/16EA8C0FFFF0000) ctsFifoRkey=0x18f2f2 ctsFifoLkey=0x18f2f2
spark-5fa1:63:74 [0] NCCL INFO NET/IB: ncclIbConnectImpl: IbDev 2 Port 1 qp_num 2437 query_ece={supported=1, vendor_id=0x15b3, options=0x30000002, comp_mask=0x0}
spark-5fa1:63:74 [0] NCCL INFO NET/IB: Subnet-aware routing: overriding dev 4 with dev 0
spark-5fa1:63:74 [0] NCCL INFO NET/IB: Subnet-aware routing: overriding dev 5 with dev 2
spark-5fa1:63:74 [0] NCCL INFO NET/IB: Subnet-aware routing: overriding dev 4 with dev 0
spark-5fa1:63:74 [0] NCCL INFO NET/IB: Subnet-aware routing: overriding dev 5 with dev 2
spark-5fa1:63:74 [0] NCCL INFO NET/IB: ncclIbResiliencyInit: Resiliency is disabled on the send communicator (comm=0xfcc1c934d000)
spark-5fa1:63:74 [0] NCCL INFO NET/IB: Subnet-aware routing: overriding dev 4 with dev 1
spark-5fa1:63:74 [0] NCCL INFO NET/IB: ncclIbReceiverQpsCreateToRts: QP created: port=1 dev=1 devName=rocep1s0f1 ndevs=4 nmdevs=6 qp_num=41205 pkey=0 pd=0xfcc1c8195ef0 oooRq=0
spark-5fa1:63:74 [0] NCCL INFO NET/IB: ncclIbReceiverQpsCreateToRts: QP created: port=1 dev=1 devName=rocep1s0f1 ndevs=4 nmdevs=6 qp_num=41206 pkey=0 pd=0xfcc1c8195ef0 oooRq=0
spark-5fa1:63:74 [0] NCCL INFO NET/IB: ncclIbReceiverQpsCreateToRts: Flush QP created: port=1 dev=1 devName=rocep1s0f1 ndevs=4 nmdevs=6 qp_num=41207 pkey=0 pd=0xfcc1c8195ef0
spark-5fa1:63:74 [0] NCCL INFO NET/IB: Subnet-aware routing: overriding dev 5 with dev 3
spark-5fa1:63:74 [0] NCCL INFO NET/IB: ncclIbReceiverQpsCreateToRts: QP created: port=1 dev=3 devName=roceP2p1s0f1 ndevs=4 nmdevs=6 qp_num=2487 pkey=0 pd=0xfcc1c81fdf20 oooRq=0
spark-5fa1:63:74 [0] NCCL INFO NET/IB: ncclIbReceiverQpsCreateToRts: QP created: port=1 dev=3 devName=roceP2p1s0f1 ndevs=4 nmdevs=6 qp_num=2488 pkey=0 pd=0xfcc1c81fdf20 oooRq=0
spark-5fa1:63:74 [0] NCCL INFO NET/IB: ncclIbReceiverQpsCreateToRts: Flush QP created: port=1 dev=3 devName=roceP2p1s0f1 ndevs=4 nmdevs=6 qp_num=2489 pkey=0 pd=0xfcc1c81fdf20
spark-5fa1:63:74 [0] NCCL INFO NET/IB: Subnet-aware routing: overriding dev 5 with dev 2
spark-5fa1:63:74 [0] NCCL INFO NET/IB: ncclIbSenderQpsToRts: Set ECE: IbDev 2 Port 1 qp_num 2436 set_ece={supported=1, vendor_id=0x15b3, options=0x30000002, comp_mask=0x0}
spark-5fa1:63:74 [0] NCCL INFO NET/IB: ncclIbSenderQpsToRts: Set ECE: IbDev 2 Port 1 qp_num 2437 set_ece={supported=1, vendor_id=0x15b3, options=0x30000002, comp_mask=0x0}
spark-5fa1:63:74 [0] NCCL INFO NET/IB: Subnet-aware routing: overriding dev 4 with dev 0
spark-5fa1:63:74 [0] NCCL INFO NET/IB: ncclIbSenderQpsCreate: QP created: port=1 dev=0 devName=rocep1s0f0 ndevs=4 nmdevs=6 qp_num=46216 pkey=0 pd=0xfcc1c807dc30 oooRq=0
spark-5fa1:63:74 [0] NCCL INFO NET/IB: ncclIbSenderQpsCreate: QP created: port=1 dev=0 devName=rocep1s0f0 ndevs=4 nmdevs=6 qp_num=46217 pkey=0 pd=0xfcc1c807dc30 oooRq=0
spark-5fa1:63:74 [0] NCCL INFO NET/IB: ncclIbConnectImpl: NCCL Dev 0 IbDev 0 Port 1 qp_num 46216 mtu 5 GID 6 (0/164A8C0FFFF0000) ctsFifoRkey=0x221f8e ctsFifoLkey=0x221f8e
spark-5fa1:63:74 [0] NCCL INFO NET/IB: ncclIbConnectImpl: IbDev 0 Port 1 qp_num 46216 query_ece={supported=1, vendor_id=0x15b3, options=0x30000002, comp_mask=0x0}
spark-5fa1:63:74 [0] NCCL INFO NET/IB: ncclIbConnectImpl: NCCL Dev 0 IbDev 0 Port 1 qp_num 46217 mtu 5 GID 6 (0/164A8C0FFFF0000) ctsFifoRkey=0x221f8e ctsFifoLkey=0x221f8e
spark-5fa1:63:74 [0] NCCL INFO NET/IB: ncclIbConnectImpl: IbDev 0 Port 1 qp_num 46217 query_ece={supported=1, vendor_id=0x15b3, options=0x30000002, comp_mask=0x0}
spark-5fa1:63:74 [0] NCCL INFO NET/IB: Subnet-aware routing: overriding dev 5 with dev 2
spark-5fa1:63:74 [0] NCCL INFO NET/IB: Subnet-aware routing: overriding dev 4 with dev 0
spark-5fa1:63:74 [0] NCCL INFO NET/IB: Subnet-aware routing: overriding dev 5 with dev 2
spark-5fa1:63:74 [0] NCCL INFO NET/IB: ncclIbResiliencyInit: Resiliency is disabled on the recv communicator (comm=0xfcc1c94e0000)
spark-5fa1:63:74 [0] NCCL INFO NET/IB: ncclIbRecvCommInit: Receive work requests will be posted on-demand
spark-5fa1:63:74 [0] NCCL INFO NET/IB: Subnet-aware routing: overriding dev 4 with dev 0
spark-5fa1:63:74 [0] NCCL INFO NET/IB: Subnet-aware routing: overriding dev 5 with dev 2
spark-5fa1:63:74 [0] NCCL INFO NET/IB: Subnet-aware routing: overriding dev 4 with dev 0
spark-5fa1:63:74 [0] NCCL INFO NET/IB: Subnet-aware routing: overriding dev 5 with dev 2
spark-5fa1:63:74 [0] NCCL INFO NET/IB: Subnet-aware routing: overriding dev 4 with dev 0
spark-5fa1:63:74 [0] NCCL INFO NET/IB: ncclIbResiliencyInit: Resiliency is disabled on the send communicator (comm=0xfcc1c9528000)
spark-5fa1:63:74 [0] NCCL INFO NET/IB: Subnet-aware routing: overriding dev 4 with dev 0
spark-5fa1:63:74 [0] NCCL INFO NET/IB: ncclIbSenderQpsToRts: Set ECE: IbDev 0 Port 1 qp_num 46216 set_ece={supported=1, vendor_id=0x15b3, options=0x30000002, comp_mask=0x0}
spark-5fa1:63:74 [0] NCCL INFO NET/IB: ncclIbSenderQpsToRts: Set ECE: IbDev 0 Port 1 qp_num 46217 set_ece={supported=1, vendor_id=0x15b3, options=0x30000002, comp_mask=0x0}
spark-5fa1:63:74 [0] NCCL INFO NET/IB: Subnet-aware routing: overriding dev 5 with dev 2
spark-5fa1:63:74 [0] NCCL INFO NET/IB: ncclIbSenderQpsCreate: QP created: port=1 dev=2 devName=roceP2p1s0f0 ndevs=4 nmdevs=6 qp_num=2438 pkey=0 pd=0xfcc1c81fd3e0 oooRq=0
spark-5fa1:63:74 [0] NCCL INFO NET/IB: ncclIbSenderQpsCreate: QP created: port=1 dev=2 devName=roceP2p1s0f0 ndevs=4 nmdevs=6 qp_num=2439 pkey=0 pd=0xfcc1c81fd3e0 oooRq=0
spark-5fa1:63:74 [0] NCCL INFO NET/IB: ncclIbConnectImpl: NCCL Dev 2 IbDev 2 Port 1 qp_num 2438 mtu 5 GID 3 (0/16EA8C0FFFF0000) ctsFifoRkey=0x18e6e3 ctsFifoLkey=0x18e6e3
spark-5fa1:63:74 [0] NCCL INFO NET/IB: ncclIbConnectImpl: IbDev 2 Port 1 qp_num 2438 query_ece={supported=1, vendor_id=0x15b3, options=0x30000002, comp_mask=0x0}
spark-5fa1:63:74 [0] NCCL INFO NET/IB: ncclIbConnectImpl: NCCL Dev 2 IbDev 2 Port 1 qp_num 2439 mtu 5 GID 3 (0/16EA8C0FFFF0000) ctsFifoRkey=0x18e6e3 ctsFifoLkey=0x18e6e3
spark-5fa1:63:74 [0] NCCL INFO NET/IB: ncclIbConnectImpl: IbDev 2 Port 1 qp_num 2439 query_ece={supported=1, vendor_id=0x15b3, options=0x30000002, comp_mask=0x0}
spark-5fa1:63:74 [0] NCCL INFO NET/IB: Subnet-aware routing: overriding dev 4 with dev 0
spark-5fa1:63:74 [0] NCCL INFO NET/IB: ncclIbSenderQpsCreate: QP created: port=1 dev=0 devName=rocep1s0f0 ndevs=4 nmdevs=6 qp_num=46218 pkey=0 pd=0xfcc1c807dc30 oooRq=0
spark-5fa1:63:74 [0] NCCL INFO NET/IB: ncclIbSenderQpsCreate: QP created: port=1 dev=0 devName=rocep1s0f0 ndevs=4 nmdevs=6 qp_num=46219 pkey=0 pd=0xfcc1c807dc30 oooRq=0
spark-5fa1:63:74 [0] NCCL INFO NET/IB: ncclIbConnectImpl: NCCL Dev 0 IbDev 0 Port 1 qp_num 46218 mtu 5 GID 6 (0/164A8C0FFFF0000) ctsFifoRkey=0x222c9b ctsFifoLkey=0x222c9b
spark-5fa1:63:74 [0] NCCL INFO NET/IB: ncclIbConnectImpl: IbDev 0 Port 1 qp_num 46218 query_ece={supported=1, vendor_id=0x15b3, options=0x30000002, comp_mask=0x0}
spark-5fa1:63:74 [0] NCCL INFO NET/IB: ncclIbConnectImpl: NCCL Dev 0 IbDev 0 Port 1 qp_num 46219 mtu 5 GID 6 (0/164A8C0FFFF0000) ctsFifoRkey=0x222c9b ctsFifoLkey=0x222c9b
spark-5fa1:63:74 [0] NCCL INFO NET/IB: ncclIbConnectImpl: IbDev 0 Port 1 qp_num 46219 query_ece={supported=1, vendor_id=0x15b3, options=0x30000002, comp_mask=0x0}
spark-5fa1:63:74 [0] NCCL INFO NET/IB: Subnet-aware routing: overriding dev 5 with dev 2
spark-5fa1:63:74 [0] NCCL INFO NET/IB: Subnet-aware routing: overriding dev 4 with dev 0
spark-5fa1:63:74 [0] NCCL INFO NET/IB: ncclIbResiliencyInit: Resiliency is disabled on the recv communicator (comm=0xfcc1c961a000)
spark-5fa1:63:74 [0] NCCL INFO NET/IB: ncclIbRecvCommInit: Receive work requests will be posted on-demand
spark-5fa1:63:74 [0] NCCL INFO NET/IB: Subnet-aware routing: overriding dev 5 with dev 2
spark-5fa1:63:74 [0] NCCL INFO NET/IB: Subnet-aware routing: overriding dev 4 with dev 0
spark-5fa1:63:74 [0] NCCL INFO NET/IB: Subnet-aware routing: overriding dev 5 with dev 2
spark-5fa1:63:74 [0] NCCL INFO NET/IB: Subnet-aware routing: overriding dev 4 with dev 0
spark-5fa1:63:74 [0] NCCL INFO NET/IB: Subnet-aware routing: overriding dev 5 with dev 2
spark-5fa1:63:74 [0] NCCL INFO NET/IB: ncclIbResiliencyInit: Resiliency is disabled on the send communicator (comm=0xfcc1c9662000)
spark-5fa1:63:74 [0] NCCL INFO NET/IB: Subnet-aware routing: overriding dev 5 with dev 2
spark-5fa1:63:74 [0] NCCL INFO NET/IB: Subnet-aware routing: overriding dev 4 with dev 0
spark-5fa1:63:74 [0] NCCL INFO NET/IB: Subnet-aware routing: overriding dev 5 with dev 2
spark-5fa1:63:74 [0] NCCL INFO NET/IB: Subnet-aware routing: overriding dev 4 with dev 0
spark-5fa1:63:74 [0] NCCL INFO NET/IB: Subnet-aware routing: overriding dev 5 with dev 2
spark-5fa1:63:74 [0] NCCL INFO NET/IB: ncclIbResiliencyInit: Resiliency is disabled on the recv communicator (comm=0xfcc1c96a6000)
spark-5fa1:63:74 [0] NCCL INFO NET/IB: ncclIbRecvCommInit: Receive work requests will be posted on-demand
spark-5fa1:63:74 [0] NCCL INFO NET/IB: Subnet-aware routing: overriding dev 4 with dev 1
spark-5fa1:63:74 [0] NCCL INFO NET/IB: ncclIbReceiverQpsCreateToRts: QP created: port=1 dev=1 devName=rocep1s0f1 ndevs=4 nmdevs=6 qp_num=41208 pkey=0 pd=0xfcc1c8195ef0 oooRq=0
spark-5fa1:63:74 [0] NCCL INFO NET/IB: ncclIbReceiverQpsCreateToRts: QP created: port=1 dev=1 devName=rocep1s0f1 ndevs=4 nmdevs=6 qp_num=41209 pkey=0 pd=0xfcc1c8195ef0 oooRq=0
spark-5fa1:63:74 [0] NCCL INFO NET/IB: ncclIbReceiverQpsCreateToRts: Flush QP created: port=1 dev=1 devName=rocep1s0f1 ndevs=4 nmdevs=6 qp_num=41210 pkey=0 pd=0xfcc1c8195ef0
spark-5fa1:63:74 [0] NCCL INFO NET/IB: Subnet-aware routing: overriding dev 5 with dev 2
spark-5fa1:63:74 [0] NCCL INFO NET/IB: ncclIbSenderQpsToRts: Set ECE: IbDev 2 Port 1 qp_num 2438 set_ece={supported=1, vendor_id=0x15b3, options=0x30000002, comp_mask=0x0}
spark-5fa1:63:74 [0] NCCL INFO NET/IB: ncclIbSenderQpsToRts: Set ECE: IbDev 2 Port 1 qp_num 2439 set_ece={supported=1, vendor_id=0x15b3, options=0x30000002, comp_mask=0x0}
spark-5fa1:63:74 [0] NCCL INFO NET/IB: Subnet-aware routing: overriding dev 4 with dev 0
spark-5fa1:63:74 [0] NCCL INFO NET/IB: ncclIbSenderQpsToRts: Set ECE: IbDev 0 Port 1 qp_num 46218 set_ece={supported=1, vendor_id=0x15b3, options=0x30000002, comp_mask=0x0}
spark-5fa1:63:74 [0] NCCL INFO NET/IB: ncclIbSenderQpsToRts: Set ECE: IbDev 0 Port 1 qp_num 46219 set_ece={supported=1, vendor_id=0x15b3, options=0x30000002, comp_mask=0x0}
spark-5fa1:63:74 [0] NCCL INFO NET/IB: Subnet-aware routing: overriding dev 5 with dev 2
spark-5fa1:63:74 [0] NCCL INFO NET/IB: ncclIbSenderQpsCreate: QP created: port=1 dev=2 devName=roceP2p1s0f0 ndevs=4 nmdevs=6 qp_num=2440 pkey=0 pd=0xfcc1c81fd3e0 oooRq=0
spark-5fa1:63:74 [0] NCCL INFO NET/IB: ncclIbSenderQpsCreate: QP created: port=1 dev=2 devName=roceP2p1s0f0 ndevs=4 nmdevs=6 qp_num=2441 pkey=0 pd=0xfcc1c81fd3e0 oooRq=0
spark-5fa1:63:74 [0] NCCL INFO NET/IB: ncclIbConnectImpl: NCCL Dev 2 IbDev 2 Port 1 qp_num 2440 mtu 5 GID 3 (0/16EA8C0FFFF0000) ctsFifoRkey=0x190906 ctsFifoLkey=0x190906
spark-5fa1:63:74 [0] NCCL INFO NET/IB: ncclIbConnectImpl: IbDev 2 Port 1 qp_num 2440 query_ece={supported=1, vendor_id=0x15b3, options=0x30000002, comp_mask=0x0}
spark-5fa1:63:74 [0] NCCL INFO NET/IB: ncclIbConnectImpl: NCCL Dev 2 IbDev 2 Port 1 qp_num 2441 mtu 5 GID 3 (0/16EA8C0FFFF0000) ctsFifoRkey=0x190906 ctsFifoLkey=0x190906
spark-5fa1:63:74 [0] NCCL INFO NET/IB: ncclIbConnectImpl: IbDev 2 Port 1 qp_num 2441 query_ece={supported=1, vendor_id=0x15b3, options=0x30000002, comp_mask=0x0}
spark-5fa1:63:74 [0] NCCL INFO NET/IB: Subnet-aware routing: overriding dev 4 with dev 0
spark-5fa1:63:74 [0] NCCL INFO NET/IB: Subnet-aware routing: overriding dev 5 with dev 2
spark-5fa1:63:74 [0] NCCL INFO NET/IB: Subnet-aware routing: overriding dev 4 with dev 0
spark-5fa1:63:74 [0] NCCL INFO NET/IB: ncclIbResiliencyInit: Resiliency is disabled on the send communicator (comm=0xfcc1c97bf000)
spark-5fa1:63:74 [0] NCCL INFO NET/IB: Subnet-aware routing: overriding dev 5 with dev 3
spark-5fa1:63:74 [0] NCCL INFO NET/IB: ncclIbReceiverQpsCreateToRts: QP created: port=1 dev=3 devName=roceP2p1s0f1 ndevs=4 nmdevs=6 qp_num=2490 pkey=0 pd=0xfcc1c81fdf20 oooRq=0
spark-5fa1:63:74 [0] NCCL INFO NET/IB: ncclIbReceiverQpsCreateToRts: QP created: port=1 dev=3 devName=roceP2p1s0f1 ndevs=4 nmdevs=6 qp_num=2491 pkey=0 pd=0xfcc1c81fdf20 oooRq=0
spark-5fa1:63:74 [0] NCCL INFO NET/IB: ncclIbReceiverQpsCreateToRts: Flush QP created: port=1 dev=3 devName=roceP2p1s0f1 ndevs=4 nmdevs=6 qp_num=2492 pkey=0 pd=0xfcc1c81fdf20
spark-5fa1:63:74 [0] NCCL INFO NET/IB: Subnet-aware routing: overriding dev 4 with dev 1
spark-5fa1:63:74 [0] NCCL INFO NET/IB: ncclIbReceiverQpsCreateToRts: QP created: port=1 dev=1 devName=rocep1s0f1 ndevs=4 nmdevs=6 qp_num=41211 pkey=0 pd=0xfcc1c8195ef0 oooRq=0
spark-5fa1:63:74 [0] NCCL INFO NET/IB: ncclIbReceiverQpsCreateToRts: QP created: port=1 dev=1 devName=rocep1s0f1 ndevs=4 nmdevs=6 qp_num=41212 pkey=0 pd=0xfcc1c8195ef0 oooRq=0
spark-5fa1:63:74 [0] NCCL INFO NET/IB: ncclIbReceiverQpsCreateToRts: Flush QP created: port=1 dev=1 devName=rocep1s0f1 ndevs=4 nmdevs=6 qp_num=41213 pkey=0 pd=0xfcc1c8195ef0
spark-5fa1:63:74 [0] NCCL INFO NET/IB: Subnet-aware routing: overriding dev 5 with dev 2
spark-5fa1:63:74 [0] NCCL INFO NET/IB: ncclIbSenderQpsToRts: Set ECE: IbDev 2 Port 1 qp_num 2440 set_ece={supported=1, vendor_id=0x15b3, options=0x30000002, comp_mask=0x0}
spark-5fa1:63:74 [0] NCCL INFO NET/IB: ncclIbSenderQpsToRts: Set ECE: IbDev 2 Port 1 qp_num 2441 set_ece={supported=1, vendor_id=0x15b3, options=0x30000002, comp_mask=0x0}
spark-5fa1:63:74 [0] NCCL INFO NET/IB: Subnet-aware routing: overriding dev 4 with dev 0
spark-5fa1:63:74 [0] NCCL INFO NET/IB: Subnet-aware routing: overriding dev 5 with dev 2
spark-5fa1:63:74 [0] NCCL INFO NET/IB: Subnet-aware routing: overriding dev 4 with dev 0
spark-5fa1:63:74 [0] NCCL INFO NET/IB: ncclIbResiliencyInit: Resiliency is disabled on the recv communicator (comm=0xfcc1c98f8000)
spark-5fa1:63:74 [0] NCCL INFO NET/IB: ncclIbRecvCommInit: Receive work requests will be posted on-demand
spark-5fa1:63:74 [0] NCCL INFO NET/IB: Subnet-aware routing: overriding dev 4 with dev 0
spark-5fa1:63:74 [0] NCCL INFO NET/IB: ncclIbSenderQpsCreate: QP created: port=1 dev=0 devName=rocep1s0f0 ndevs=4 nmdevs=6 qp_num=46220 pkey=0 pd=0xfcc1c807dc30 oooRq=0
spark-5fa1:63:74 [0] NCCL INFO NET/IB: ncclIbSenderQpsCreate: QP created: port=1 dev=0 devName=rocep1s0f0 ndevs=4 nmdevs=6 qp_num=46221 pkey=0 pd=0xfcc1c807dc30 oooRq=0
spark-5fa1:63:74 [0] NCCL INFO NET/IB: ncclIbConnectImpl: NCCL Dev 0 IbDev 0 Port 1 qp_num 46220 mtu 5 GID 6 (0/164A8C0FFFF0000) ctsFifoRkey=0x188f7a ctsFifoLkey=0x188f7a
spark-5fa1:63:74 [0] NCCL INFO NET/IB: ncclIbConnectImpl: IbDev 0 Port 1 qp_num 46220 query_ece={supported=1, vendor_id=0x15b3, options=0x30000002, comp_mask=0x0}
spark-5fa1:63:74 [0] NCCL INFO NET/IB: ncclIbConnectImpl: NCCL Dev 0 IbDev 0 Port 1 qp_num 46221 mtu 5 GID 6 (0/164A8C0FFFF0000) ctsFifoRkey=0x188f7a ctsFifoLkey=0x188f7a
spark-5fa1:63:74 [0] NCCL INFO NET/IB: ncclIbConnectImpl: IbDev 0 Port 1 qp_num 46221 query_ece={supported=1, vendor_id=0x15b3, options=0x30000002, comp_mask=0x0}
spark-5fa1:63:74 [0] NCCL INFO NET/IB: Subnet-aware routing: overriding dev 5 with dev 2
spark-5fa1:63:74 [0] NCCL INFO NET/IB: Subnet-aware routing: overriding dev 4 with dev 0
spark-5fa1:63:74 [0] NCCL INFO NET/IB: Subnet-aware routing: overriding dev 5 with dev 2
spark-5fa1:63:74 [0] NCCL INFO NET/IB: ncclIbResiliencyInit: Resiliency is disabled on the send communicator (comm=0xfcc1c9993000)
spark-5fa1:63:74 [0] NCCL INFO NET/IB: Subnet-aware routing: overriding dev 5 with dev 3
spark-5fa1:63:74 [0] NCCL INFO NET/IB: ncclIbReceiverQpsCreateToRts: QP created: port=1 dev=3 devName=roceP2p1s0f1 ndevs=4 nmdevs=6 qp_num=2493 pkey=0 pd=0xfcc1c81fdf20 oooRq=0
spark-5fa1:63:74 [0] NCCL INFO NET/IB: ncclIbReceiverQpsCreateToRts: QP created: port=1 dev=3 devName=roceP2p1s0f1 ndevs=4 nmdevs=6 qp_num=2494 pkey=0 pd=0xfcc1c81fdf20 oooRq=0
spark-5fa1:63:74 [0] NCCL INFO NET/IB: ncclIbReceiverQpsCreateToRts: Flush QP created: port=1 dev=3 devName=roceP2p1s0f1 ndevs=4 nmdevs=6 qp_num=2495 pkey=0 pd=0xfcc1c81fdf20
spark-5fa1:63:74 [0] NCCL INFO NET/IB: Subnet-aware routing: overriding dev 4 with dev 0
spark-5fa1:63:74 [0] NCCL INFO NET/IB: Subnet-aware routing: overriding dev 5 with dev 2
spark-5fa1:63:74 [0] NCCL INFO NET/IB: Subnet-aware routing: overriding dev 4 with dev 0
spark-5fa1:63:74 [0] NCCL INFO NET/IB: Subnet-aware routing: overriding dev 5 with dev 2
spark-5fa1:63:74 [0] NCCL INFO NET/IB: ncclIbResiliencyInit: Resiliency is disabled on the recv communicator (comm=0xfcc1c9a51000)
spark-5fa1:63:74 [0] NCCL INFO NET/IB: ncclIbRecvCommInit: Receive work requests will be posted on-demand
spark-5fa1:63:74 [0] NCCL INFO NET/IB: Subnet-aware routing: overriding dev 4 with dev 0
spark-5fa1:63:74 [0] NCCL INFO NET/IB: ncclIbSenderQpsToRts: Set ECE: IbDev 0 Port 1 qp_num 46220 set_ece={supported=1, vendor_id=0x15b3, options=0x30000002, comp_mask=0x0}
spark-5fa1:63:74 [0] NCCL INFO NET/IB: ncclIbSenderQpsToRts: Set ECE: IbDev 0 Port 1 qp_num 46221 set_ece={supported=1, vendor_id=0x15b3, options=0x30000002, comp_mask=0x0}
spark-5fa1:63:74 [0] NCCL INFO NET/IB: Subnet-aware routing: overriding dev 5 with dev 2
spark-5fa1:63:74 [0] NCCL INFO NET/IB: ncclIbSenderQpsCreate: QP created: port=1 dev=2 devName=roceP2p1s0f0 ndevs=4 nmdevs=6 qp_num=2442 pkey=0 pd=0xfcc1c81fd3e0 oooRq=0
spark-5fa1:63:74 [0] NCCL INFO NET/IB: ncclIbSenderQpsCreate: QP created: port=1 dev=2 devName=roceP2p1s0f0 ndevs=4 nmdevs=6 qp_num=2443 pkey=0 pd=0xfcc1c81fd3e0 oooRq=0
spark-5fa1:63:74 [0] NCCL INFO NET/IB: ncclIbConnectImpl: NCCL Dev 2 IbDev 2 Port 1 qp_num 2442 mtu 5 GID 3 (0/16EA8C0FFFF0000) ctsFifoRkey=0x18c8c6 ctsFifoLkey=0x18c8c6
spark-5fa1:63:74 [0] NCCL INFO NET/IB: ncclIbConnectImpl: IbDev 2 Port 1 qp_num 2442 query_ece={supported=1, vendor_id=0x15b3, options=0x30000002, comp_mask=0x0}
spark-5fa1:63:74 [0] NCCL INFO NET/IB: ncclIbConnectImpl: NCCL Dev 2 IbDev 2 Port 1 qp_num 2443 mtu 5 GID 3 (0/16EA8C0FFFF0000) ctsFifoRkey=0x18c8c6 ctsFifoLkey=0x18c8c6
spark-5fa1:63:74 [0] NCCL INFO NET/IB: ncclIbConnectImpl: IbDev 2 Port 1 qp_num 2443 query_ece={supported=1, vendor_id=0x15b3, options=0x30000002, comp_mask=0x0}
spark-5fa1:63:74 [0] NCCL INFO NET/IB: Subnet-aware routing: overriding dev 4 with dev 0
spark-5fa1:63:74 [0] NCCL INFO NET/IB: Subnet-aware routing: overriding dev 5 with dev 2
spark-5fa1:63:74 [0] NCCL INFO NET/IB: Subnet-aware routing: overriding dev 4 with dev 0
spark-5fa1:63:74 [0] NCCL INFO NET/IB: ncclIbResiliencyInit: Resiliency is disabled on the send communicator (comm=0xfcc1c9af2000)
spark-5fa1:63:74 [0] NCCL INFO NET/IB: Subnet-aware routing: overriding dev 4 with dev 1
spark-5fa1:63:74 [0] NCCL INFO NET/IB: ncclIbReceiverQpsCreateToRts: QP created: port=1 dev=1 devName=rocep1s0f1 ndevs=4 nmdevs=6 qp_num=41214 pkey=0 pd=0xfcc1c8195ef0 oooRq=0
spark-5fa1:63:74 [0] NCCL INFO NET/IB: ncclIbReceiverQpsCreateToRts: QP created: port=1 dev=1 devName=rocep1s0f1 ndevs=4 nmdevs=6 qp_num=41215 pkey=0 pd=0xfcc1c8195ef0 oooRq=0
spark-5fa1:63:74 [0] NCCL INFO NET/IB: ncclIbReceiverQpsCreateToRts: Flush QP created: port=1 dev=1 devName=rocep1s0f1 ndevs=4 nmdevs=6 qp_num=41216 pkey=0 pd=0xfcc1c8195ef0
spark-5fa1:63:74 [0] NCCL INFO NET/IB: Subnet-aware routing: overriding dev 5 with dev 2
spark-5fa1:63:74 [0] NCCL INFO NET/IB: Subnet-aware routing: overriding dev 4 with dev 0
spark-5fa1:63:74 [0] NCCL INFO NET/IB: Subnet-aware routing: overriding dev 5 with dev 2
spark-5fa1:63:74 [0] NCCL INFO NET/IB: Subnet-aware routing: overriding dev 4 with dev 0
spark-5fa1:63:74 [0] NCCL INFO NET/IB: ncclIbResiliencyInit: Resiliency is disabled on the recv communicator (comm=0xfcc1c9bad000)
spark-5fa1:63:74 [0] NCCL INFO NET/IB: ncclIbRecvCommInit: Receive work requests will be posted on-demand
spark-5fa1:63:74 [0] NCCL INFO NET/IB: Subnet-aware routing: overriding dev 5 with dev 2
spark-5fa1:63:74 [0] NCCL INFO NET/IB: ncclIbSenderQpsToRts: Set ECE: IbDev 2 Port 1 qp_num 2442 set_ece={supported=1, vendor_id=0x15b3, options=0x30000002, comp_mask=0x0}
spark-5fa1:63:74 [0] NCCL INFO NET/IB: ncclIbSenderQpsToRts: Set ECE: IbDev 2 Port 1 qp_num 2443 set_ece={supported=1, vendor_id=0x15b3, options=0x30000002, comp_mask=0x0}
spark-5fa1:63:74 [0] NCCL INFO NET/IB: Subnet-aware routing: overriding dev 4 with dev 0
spark-5fa1:63:74 [0] NCCL INFO NET/IB: Subnet-aware routing: overriding dev 5 with dev 2
spark-5fa1:63:74 [0] NCCL INFO NET/IB: Subnet-aware routing: overriding dev 4 with dev 0
spark-5fa1:63:74 [0] NCCL INFO NET/IB: Subnet-aware routing: overriding dev 5 with dev 2
spark-5fa1:63:74 [0] NCCL INFO NET/IB: ncclIbResiliencyInit: Resiliency is disabled on the send communicator (comm=0xfcc1c9bf5000)
spark-5fa1:63:74 [0] NCCL INFO NET/IB: Subnet-aware routing: overriding dev 5 with dev 3
spark-5fa1:63:74 [0] NCCL INFO NET/IB: ncclIbReceiverQpsCreateToRts: QP created: port=1 dev=3 devName=roceP2p1s0f1 ndevs=4 nmdevs=6 qp_num=2496 pkey=0 pd=0xfcc1c81fdf20 oooRq=0
spark-5fa1:63:74 [0] NCCL INFO NET/IB: ncclIbReceiverQpsCreateToRts: QP created: port=1 dev=3 devName=roceP2p1s0f1 ndevs=4 nmdevs=6 qp_num=2497 pkey=0 pd=0xfcc1c81fdf20 oooRq=0
spark-5fa1:63:74 [0] NCCL INFO NET/IB: ncclIbReceiverQpsCreateToRts: Flush QP created: port=1 dev=3 devName=roceP2p1s0f1 ndevs=4 nmdevs=6 qp_num=2498 pkey=0 pd=0xfcc1c81fdf20
spark-5fa1:63:74 [0] NCCL INFO NET/IB: Subnet-aware routing: overriding dev 4 with dev 0
spark-5fa1:63:74 [0] NCCL INFO NET/IB: Subnet-aware routing: overriding dev 5 with dev 2
spark-5fa1:63:74 [0] NCCL INFO NET/IB: Subnet-aware routing: overriding dev 4 with dev 0
spark-5fa1:63:74 [0] NCCL INFO NET/IB: Subnet-aware routing: overriding dev 5 with dev 2
spark-5fa1:63:74 [0] NCCL INFO NET/IB: ncclIbResiliencyInit: Resiliency is disabled on the recv communicator (comm=0xfcc1c9cb1000)
spark-5fa1:63:74 [0] NCCL INFO NET/IB: ncclIbRecvCommInit: Receive work requests will be posted on-demand
spark-5fa1:63:74 [0] NCCL INFO NET/IB: Subnet-aware routing: overriding dev 4 with dev 0
spark-5fa1:63:74 [0] NCCL INFO NET/IB: Subnet-aware routing: overriding dev 5 with dev 2
spark-5fa1:63:74 [0] NCCL INFO NET/IB: Subnet-aware routing: overriding dev 4 with dev 0
spark-5fa1:63:74 [0] NCCL INFO NET/IB: Subnet-aware routing: overriding dev 5 with dev 2
spark-5fa1:63:74 [0] NCCL INFO NET/IB: Subnet-aware routing: overriding dev 4 with dev 0
spark-5fa1:63:74 [0] NCCL INFO NET/IB: ncclIbResiliencyInit: Resiliency is disabled on the send communicator (comm=0xfcc1c9cf9000)
spark-5fa1:63:74 [0] NCCL INFO NET/IB: Subnet-aware routing: overriding dev 4 with dev 0
spark-5fa1:63:74 [0] NCCL INFO NET/IB: ncclIbSenderQpsCreate: QP created: port=1 dev=0 devName=rocep1s0f0 ndevs=4 nmdevs=6 qp_num=46222 pkey=0 pd=0xfcc1c807dc30 oooRq=0
spark-5fa1:63:74 [0] NCCL INFO NET/IB: ncclIbSenderQpsCreate: QP created: port=1 dev=0 devName=rocep1s0f0 ndevs=4 nmdevs=6 qp_num=46223 pkey=0 pd=0xfcc1c807dc30 oooRq=0
spark-5fa1:63:74 [0] NCCL INFO NET/IB: ncclIbConnectImpl: NCCL Dev 0 IbDev 0 Port 1 qp_num 46222 mtu 5 GID 6 (0/164A8C0FFFF0000) ctsFifoRkey=0x222291 ctsFifoLkey=0x222291
spark-5fa1:63:74 [0] NCCL INFO NET/IB: ncclIbConnectImpl: IbDev 0 Port 1 qp_num 46222 query_ece={supported=1, vendor_id=0x15b3, options=0x30000002, comp_mask=0x0}
spark-5fa1:63:74 [0] NCCL INFO NET/IB: ncclIbConnectImpl: NCCL Dev 0 IbDev 0 Port 1 qp_num 46223 mtu 5 GID 6 (0/164A8C0FFFF0000) ctsFifoRkey=0x222291 ctsFifoLkey=0x222291
spark-5fa1:63:74 [0] NCCL INFO NET/IB: ncclIbConnectImpl: IbDev 0 Port 1 qp_num 46223 query_ece={supported=1, vendor_id=0x15b3, options=0x30000002, comp_mask=0x0}
spark-5fa1:63:74 [0] NCCL INFO NET/IB: Subnet-aware routing: overriding dev 5 with dev 2
spark-5fa1:63:74 [0] NCCL INFO NET/IB: Subnet-aware routing: overriding dev 4 with dev 0
spark-5fa1:63:74 [0] NCCL INFO NET/IB: Subnet-aware routing: overriding dev 5 with dev 2
spark-5fa1:63:74 [0] NCCL INFO NET/IB: Subnet-aware routing: overriding dev 4 with dev 0
spark-5fa1:63:74 [0] NCCL INFO NET/IB: ncclIbResiliencyInit: Resiliency is disabled on the recv communicator (comm=0xfcc1c9d93000)
spark-5fa1:63:74 [0] NCCL INFO NET/IB: ncclIbRecvCommInit: Receive work requests will be posted on-demand
spark-5fa1:63:74 [0] NCCL INFO NET/IB: Subnet-aware routing: overriding dev 4 with dev 0
spark-5fa1:63:74 [0] NCCL INFO NET/IB: Subnet-aware routing: overriding dev 5 with dev 2
spark-5fa1:63:74 [0] NCCL INFO NET/IB: ncclIbSenderQpsCreate: QP created: port=1 dev=2 devName=roceP2p1s0f0 ndevs=4 nmdevs=6 qp_num=2444 pkey=0 pd=0xfcc1c81fd3e0 oooRq=0
spark-5fa1:63:74 [0] NCCL INFO NET/IB: ncclIbSenderQpsCreate: QP created: port=1 dev=2 devName=roceP2p1s0f0 ndevs=4 nmdevs=6 qp_num=2445 pkey=0 pd=0xfcc1c81fd3e0 oooRq=0
spark-5fa1:63:74 [0] NCCL INFO NET/IB: ncclIbConnectImpl: NCCL Dev 2 IbDev 2 Port 1 qp_num 2444 mtu 5 GID 3 (0/16EA8C0FFFF0000) ctsFifoRkey=0x174846 ctsFifoLkey=0x174846
spark-5fa1:63:74 [0] NCCL INFO NET/IB: ncclIbConnectImpl: IbDev 2 Port 1 qp_num 2444 query_ece={supported=1, vendor_id=0x15b3, options=0x30000002, comp_mask=0x0}
spark-5fa1:63:74 [0] NCCL INFO NET/IB: ncclIbConnectImpl: NCCL Dev 2 IbDev 2 Port 1 qp_num 2445 mtu 5 GID 3 (0/16EA8C0FFFF0000) ctsFifoRkey=0x174846 ctsFifoLkey=0x174846
spark-5fa1:63:74 [0] NCCL INFO NET/IB: ncclIbConnectImpl: IbDev 2 Port 1 qp_num 2445 query_ece={supported=1, vendor_id=0x15b3, options=0x30000002, comp_mask=0x0}
spark-5fa1:63:74 [0] NCCL INFO NET/IB: Subnet-aware routing: overriding dev 4 with dev 0
spark-5fa1:63:74 [0] NCCL INFO NET/IB: Subnet-aware routing: overriding dev 5 with dev 2
spark-5fa1:63:74 [0] NCCL INFO NET/IB: Subnet-aware routing: overriding dev 4 with dev 0
spark-5fa1:63:74 [0] NCCL INFO NET/IB: Subnet-aware routing: overriding dev 5 with dev 2
spark-5fa1:63:74 [0] NCCL INFO NET/IB: ncclIbResiliencyInit: Resiliency is disabled on the send communicator (comm=0xfcc1c9e37000)
spark-5fa1:63:74 [0] NCCL INFO NET/IB: Subnet-aware routing: overriding dev 4 with dev 1
spark-5fa1:63:74 [0] NCCL INFO NET/IB: ncclIbReceiverQpsCreateToRts: QP created: port=1 dev=1 devName=rocep1s0f1 ndevs=4 nmdevs=6 qp_num=41217 pkey=0 pd=0xfcc1c8195ef0 oooRq=0
spark-5fa1:63:74 [0] NCCL INFO NET/IB: ncclIbReceiverQpsCreateToRts: QP created: port=1 dev=1 devName=rocep1s0f1 ndevs=4 nmdevs=6 qp_num=41218 pkey=0 pd=0xfcc1c8195ef0 oooRq=0
spark-5fa1:63:74 [0] NCCL INFO NET/IB: ncclIbReceiverQpsCreateToRts: Flush QP created: port=1 dev=1 devName=rocep1s0f1 ndevs=4 nmdevs=6 qp_num=41219 pkey=0 pd=0xfcc1c8195ef0
spark-5fa1:63:74 [0] NCCL INFO NET/IB: Subnet-aware routing: overriding dev 4 with dev 0
spark-5fa1:63:74 [0] NCCL INFO NET/IB: Subnet-aware routing: overriding dev 5 with dev 2
spark-5fa1:63:74 [0] NCCL INFO NET/IB: Subnet-aware routing: overriding dev 4 with dev 0
spark-5fa1:63:74 [0] NCCL INFO NET/IB: Subnet-aware routing: overriding dev 5 with dev 2
spark-5fa1:63:74 [0] NCCL INFO NET/IB: Subnet-aware routing: overriding dev 4 with dev 0
spark-5fa1:63:74 [0] NCCL INFO NET/IB: Subnet-aware routing: overriding dev 5 with dev 2
spark-5fa1:63:74 [0] NCCL INFO NET/IB: ncclIbResiliencyInit: Resiliency is disabled on the recv communicator (comm=0xfcc1c9ef8000)
spark-5fa1:63:74 [0] NCCL INFO NET/IB: ncclIbRecvCommInit: Receive work requests will be posted on-demand
spark-5fa1:63:74 [0] NCCL INFO NET/IB: Subnet-aware routing: overriding dev 4 with dev 0
spark-5fa1:63:74 [0] NCCL INFO NET/IB: Subnet-aware routing: overriding dev 5 with dev 2
spark-5fa1:63:74 [0] NCCL INFO NET/IB: Subnet-aware routing: overriding dev 4 with dev 0
spark-5fa1:63:74 [0] NCCL INFO NET/IB: Subnet-aware routing: overriding dev 5 with dev 2
spark-5fa1:63:74 [0] NCCL INFO NET/IB: Subnet-aware routing: overriding dev 4 with dev 0
spark-5fa1:63:74 [0] NCCL INFO NET/IB: Subnet-aware routing: overriding dev 5 with dev 2
spark-5fa1:63:74 [0] NCCL INFO NET/IB: Subnet-aware routing: overriding dev 4 with dev 0
spark-5fa1:63:74 [0] NCCL INFO NET/IB: ncclIbResiliencyInit: Resiliency is disabled on the send communicator (comm=0xfcc1c9f40000)
spark-5fa1:63:74 [0] NCCL INFO NET/IB: Subnet-aware routing: overriding dev 5 with dev 3
spark-5fa1:63:74 [0] NCCL INFO NET/IB: ncclIbReceiverQpsCreateToRts: QP created: port=1 dev=3 devName=roceP2p1s0f1 ndevs=4 nmdevs=6 qp_num=2499 pkey=0 pd=0xfcc1c81fdf20 oooRq=0
spark-5fa1:63:74 [0] NCCL INFO NET/IB: ncclIbReceiverQpsCreateToRts: QP created: port=1 dev=3 devName=roceP2p1s0f1 ndevs=4 nmdevs=6 qp_num=2500 pkey=0 pd=0xfcc1c81fdf20 oooRq=0
spark-5fa1:63:74 [0] NCCL INFO NET/IB: ncclIbReceiverQpsCreateToRts: Flush QP created: port=1 dev=3 devName=roceP2p1s0f1 ndevs=4 nmdevs=6 qp_num=2501 pkey=0 pd=0xfcc1c81fdf20
spark-5fa1:63:74 [0] NCCL INFO NET/IB: Subnet-aware routing: overriding dev 4 with dev 0
spark-5fa1:63:74 [0] NCCL INFO NET/IB: ncclIbSenderQpsToRts: Set ECE: IbDev 0 Port 1 qp_num 46222 set_ece={supported=1, vendor_id=0x15b3, options=0x30000002, comp_mask=0x0}
spark-5fa1:63:74 [0] NCCL INFO NET/IB: ncclIbSenderQpsToRts: Set ECE: IbDev 0 Port 1 qp_num 46223 set_ece={supported=1, vendor_id=0x15b3, options=0x30000002, comp_mask=0x0}
spark-5fa1:63:74 [0] NCCL INFO NET/IB: Subnet-aware routing: overriding dev 5 with dev 2
spark-5fa1:63:74 [0] NCCL INFO NET/IB: ncclIbSenderQpsToRts: Set ECE: IbDev 2 Port 1 qp_num 2444 set_ece={supported=1, vendor_id=0x15b3, options=0x30000002, comp_mask=0x0}
spark-5fa1:63:74 [0] NCCL INFO NET/IB: ncclIbSenderQpsToRts: Set ECE: IbDev 2 Port 1 qp_num 2445 set_ece={supported=1, vendor_id=0x15b3, options=0x30000002, comp_mask=0x0}
spark-5fa1:63:74 [0] NCCL INFO NET/IB: Subnet-aware routing: overriding dev 4 with dev 0
spark-5fa1:63:74 [0] NCCL INFO NET/IB: ncclIbSenderQpsCreate: QP created: port=1 dev=0 devName=rocep1s0f0 ndevs=4 nmdevs=6 qp_num=46224 pkey=0 pd=0xfcc1c807dc30 oooRq=0
spark-5fa1:63:74 [0] NCCL INFO NET/IB: ncclIbSenderQpsCreate: QP created: port=1 dev=0 devName=rocep1s0f0 ndevs=4 nmdevs=6 qp_num=46225 pkey=0 pd=0xfcc1c807dc30 oooRq=0
spark-5fa1:63:74 [0] NCCL INFO NET/IB: ncclIbConnectImpl: NCCL Dev 0 IbDev 0 Port 1 qp_num 46224 mtu 5 GID 6 (0/164A8C0FFFF0000) ctsFifoRkey=0x170bc9 ctsFifoLkey=0x170bc9
spark-5fa1:63:74 [0] NCCL INFO NET/IB: ncclIbConnectImpl: IbDev 0 Port 1 qp_num 46224 query_ece={supported=1, vendor_id=0x15b3, options=0x30000002, comp_mask=0x0}
spark-5fa1:63:74 [0] NCCL INFO NET/IB: ncclIbConnectImpl: NCCL Dev 0 IbDev 0 Port 1 qp_num 46225 mtu 5 GID 6 (0/164A8C0FFFF0000) ctsFifoRkey=0x170bc9 ctsFifoLkey=0x170bc9
spark-5fa1:63:74 [0] NCCL INFO NET/IB: ncclIbConnectImpl: IbDev 0 Port 1 qp_num 46225 query_ece={supported=1, vendor_id=0x15b3, options=0x30000002, comp_mask=0x0}
spark-5fa1:63:74 [0] NCCL INFO NET/IB: Subnet-aware routing: overriding dev 5 with dev 2
spark-5fa1:63:74 [0] NCCL INFO NET/IB: Subnet-aware routing: overriding dev 4 with dev 0
spark-5fa1:63:74 [0] NCCL INFO NET/IB: Subnet-aware routing: overriding dev 5 with dev 2
spark-5fa1:63:74 [0] NCCL INFO NET/IB: Subnet-aware routing: overriding dev 4 with dev 0
spark-5fa1:63:74 [0] NCCL INFO NET/IB: ncclIbResiliencyInit: Resiliency is disabled on the recv communicator (comm=0xfcc1ca052000)
spark-5fa1:63:74 [0] NCCL INFO NET/IB: ncclIbRecvCommInit: Receive work requests will be posted on-demand
spark-5fa1:63:74 [0] NCCL INFO NET/IB: Subnet-aware routing: overriding dev 4 with dev 1
spark-5fa1:63:74 [0] NCCL INFO NET/IB: ncclIbReceiverQpsCreateToRts: QP created: port=1 dev=1 devName=rocep1s0f1 ndevs=4 nmdevs=6 qp_num=41220 pkey=0 pd=0xfcc1c8195ef0 oooRq=0
spark-5fa1:63:74 [0] NCCL INFO NET/IB: ncclIbReceiverQpsCreateToRts: QP created: port=1 dev=1 devName=rocep1s0f1 ndevs=4 nmdevs=6 qp_num=41221 pkey=0 pd=0xfcc1c8195ef0 oooRq=0
spark-5fa1:63:74 [0] NCCL INFO NET/IB: ncclIbReceiverQpsCreateToRts: Flush QP created: port=1 dev=1 devName=rocep1s0f1 ndevs=4 nmdevs=6 qp_num=41222 pkey=0 pd=0xfcc1c8195ef0
spark-5fa1:63:74 [0] NCCL INFO NET/IB: Subnet-aware routing: overriding dev 4 with dev 0
spark-5fa1:63:74 [0] NCCL INFO NET/IB: Subnet-aware routing: overriding dev 5 with dev 2
spark-5fa1:63:74 [0] NCCL INFO NET/IB: Subnet-aware routing: overriding dev 4 with dev 0
spark-5fa1:63:74 [0] NCCL INFO NET/IB: Subnet-aware routing: overriding dev 5 with dev 2
spark-5fa1:63:74 [0] NCCL INFO NET/IB: Subnet-aware routing: overriding dev 4 with dev 0
spark-5fa1:63:74 [0] NCCL INFO NET/IB: Subnet-aware routing: overriding dev 5 with dev 2
spark-5fa1:63:74 [0] NCCL INFO NET/IB: ncclIbResiliencyInit: Resiliency is disabled on the send communicator (comm=0xfcc1ca111000)
spark-5fa1:63:74 [0] NCCL INFO NET/IB: Subnet-aware routing: overriding dev 5 with dev 3
spark-5fa1:63:74 [0] NCCL INFO NET/IB: ncclIbReceiverQpsCreateToRts: QP created: port=1 dev=3 devName=roceP2p1s0f1 ndevs=4 nmdevs=6 qp_num=2502 pkey=0 pd=0xfcc1c81fdf20 oooRq=0
spark-5fa1:63:74 [0] NCCL INFO NET/IB: ncclIbReceiverQpsCreateToRts: QP created: port=1 dev=3 devName=roceP2p1s0f1 ndevs=4 nmdevs=6 qp_num=2503 pkey=0 pd=0xfcc1c81fdf20 oooRq=0
spark-5fa1:63:74 [0] NCCL INFO NET/IB: ncclIbReceiverQpsCreateToRts: Flush QP created: port=1 dev=3 devName=roceP2p1s0f1 ndevs=4 nmdevs=6 qp_num=2504 pkey=0 pd=0xfcc1c81fdf20
spark-5fa1:63:74 [0] NCCL INFO NET/IB: Subnet-aware routing: overriding dev 4 with dev 0
spark-5fa1:63:74 [0] NCCL INFO NET/IB: Subnet-aware routing: overriding dev 5 with dev 2
spark-5fa1:63:74 [0] NCCL INFO NET/IB: Subnet-aware routing: overriding dev 4 with dev 0
spark-5fa1:63:74 [0] NCCL INFO NET/IB: Subnet-aware routing: overriding dev 5 with dev 2
spark-5fa1:63:74 [0] NCCL INFO NET/IB: Subnet-aware routing: overriding dev 4 with dev 0
spark-5fa1:63:74 [0] NCCL INFO NET/IB: Subnet-aware routing: overriding dev 5 with dev 2
spark-5fa1:63:74 [0] NCCL INFO NET/IB: ncclIbResiliencyInit: Resiliency is disabled on the recv communicator (comm=0xfcc1ca1d2000)
spark-5fa1:63:74 [0] NCCL INFO NET/IB: ncclIbRecvCommInit: Receive work requests will be posted on-demand
spark-5fa1:63:74 [0] NCCL INFO NET/IB: Subnet-aware routing: overriding dev 4 with dev 0
spark-5fa1:63:74 [0] NCCL INFO NET/IB: ncclIbSenderQpsToRts: Set ECE: IbDev 0 Port 1 qp_num 46224 set_ece={supported=1, vendor_id=0x15b3, options=0x30000002, comp_mask=0x0}
spark-5fa1:63:74 [0] NCCL INFO NET/IB: ncclIbSenderQpsToRts: Set ECE: IbDev 0 Port 1 qp_num 46225 set_ece={supported=1, vendor_id=0x15b3, options=0x30000002, comp_mask=0x0}
spark-5fa1:63:74 [0] NCCL INFO NET/IB: Subnet-aware routing: overriding dev 5 with dev 2
spark-5fa1:63:74 [0] NCCL INFO NET/IB: ncclIbSenderQpsCreate: QP created: port=1 dev=2 devName=roceP2p1s0f0 ndevs=4 nmdevs=6 qp_num=2446 pkey=0 pd=0xfcc1c81fd3e0 oooRq=0
spark-5fa1:63:74 [0] NCCL INFO NET/IB: ncclIbSenderQpsCreate: QP created: port=1 dev=2 devName=roceP2p1s0f0 ndevs=4 nmdevs=6 qp_num=2447 pkey=0 pd=0xfcc1c81fd3e0 oooRq=0
spark-5fa1:63:74 [0] NCCL INFO NET/IB: ncclIbConnectImpl: NCCL Dev 2 IbDev 2 Port 1 qp_num 2446 mtu 5 GID 3 (0/16EA8C0FFFF0000) ctsFifoRkey=0x191e1c ctsFifoLkey=0x191e1c
spark-5fa1:63:74 [0] NCCL INFO NET/IB: ncclIbConnectImpl: IbDev 2 Port 1 qp_num 2446 query_ece={supported=1, vendor_id=0x15b3, options=0x30000002, comp_mask=0x0}
spark-5fa1:63:74 [0] NCCL INFO NET/IB: ncclIbConnectImpl: NCCL Dev 2 IbDev 2 Port 1 qp_num 2447 mtu 5 GID 3 (0/16EA8C0FFFF0000) ctsFifoRkey=0x191e1c ctsFifoLkey=0x191e1c
spark-5fa1:63:74 [0] NCCL INFO NET/IB: ncclIbConnectImpl: IbDev 2 Port 1 qp_num 2447 query_ece={supported=1, vendor_id=0x15b3, options=0x30000002, comp_mask=0x0}
spark-5fa1:63:74 [0] NCCL INFO NET/IB: Subnet-aware routing: overriding dev 4 with dev 0
spark-5fa1:63:74 [0] NCCL INFO NET/IB: Subnet-aware routing: overriding dev 5 with dev 2
spark-5fa1:63:74 [0] NCCL INFO NET/IB: Subnet-aware routing: overriding dev 4 with dev 0
spark-5fa1:63:74 [0] NCCL INFO NET/IB: Subnet-aware routing: overriding dev 5 with dev 2
spark-5fa1:63:74 [0] NCCL INFO NET/IB: Subnet-aware routing: overriding dev 4 with dev 0
spark-5fa1:63:74 [0] NCCL INFO NET/IB: ncclIbResiliencyInit: Resiliency is disabled on the send communicator (comm=0xfcc1ca26f000)
spark-5fa1:63:74 [0] NCCL INFO NET/IB: Subnet-aware routing: overriding dev 4 with dev 1
spark-5fa1:63:74 [0] NCCL INFO NET/IB: ncclIbReceiverQpsCreateToRts: QP created: port=1 dev=1 devName=rocep1s0f1 ndevs=4 nmdevs=6 qp_num=41223 pkey=0 pd=0xfcc1c8195ef0 oooRq=0
spark-5fa1:63:74 [0] NCCL INFO NET/IB: ncclIbReceiverQpsCreateToRts: QP created: port=1 dev=1 devName=rocep1s0f1 ndevs=4 nmdevs=6 qp_num=41224 pkey=0 pd=0xfcc1c8195ef0 oooRq=0
spark-5fa1:63:74 [0] NCCL INFO NET/IB: ncclIbReceiverQpsCreateToRts: Flush QP created: port=1 dev=1 devName=rocep1s0f1 ndevs=4 nmdevs=6 qp_num=41225 pkey=0 pd=0xfcc1c8195ef0
spark-5fa1:63:74 [0] NCCL INFO NET/IB: Subnet-aware routing: overriding dev 5 with dev 2
spark-5fa1:63:74 [0] NCCL INFO NET/IB: ncclIbSenderQpsToRts: Set ECE: IbDev 2 Port 1 qp_num 2446 set_ece={supported=1, vendor_id=0x15b3, options=0x30000002, comp_mask=0x0}
spark-5fa1:63:74 [0] NCCL INFO NET/IB: ncclIbSenderQpsToRts: Set ECE: IbDev 2 Port 1 qp_num 2447 set_ece={supported=1, vendor_id=0x15b3, options=0x30000002, comp_mask=0x0}
spark-5fa1:63:74 [0] NCCL INFO NET/IB: Subnet-aware routing: overriding dev 4 with dev 0
spark-5fa1:63:74 [0] NCCL INFO NET/IB: ncclIbSenderQpsCreate: QP created: port=1 dev=0 devName=rocep1s0f0 ndevs=4 nmdevs=6 qp_num=46226 pkey=0 pd=0xfcc1c807dc30 oooRq=0
spark-5fa1:63:74 [0] NCCL INFO NET/IB: ncclIbSenderQpsCreate: QP created: port=1 dev=0 devName=rocep1s0f0 ndevs=4 nmdevs=6 qp_num=46227 pkey=0 pd=0xfcc1c807dc30 oooRq=0
spark-5fa1:63:74 [0] NCCL INFO NET/IB: ncclIbConnectImpl: NCCL Dev 0 IbDev 0 Port 1 qp_num 46226 mtu 5 GID 6 (0/164A8C0FFFF0000) ctsFifoRkey=0x2242b1 ctsFifoLkey=0x2242b1
spark-5fa1:63:74 [0] NCCL INFO NET/IB: ncclIbConnectImpl: IbDev 0 Port 1 qp_num 46226 query_ece={supported=1, vendor_id=0x15b3, options=0x30000002, comp_mask=0x0}
spark-5fa1:63:74 [0] NCCL INFO NET/IB: ncclIbConnectImpl: NCCL Dev 0 IbDev 0 Port 1 qp_num 46227 mtu 5 GID 6 (0/164A8C0FFFF0000) ctsFifoRkey=0x2242b1 ctsFifoLkey=0x2242b1
spark-5fa1:63:74 [0] NCCL INFO NET/IB: ncclIbConnectImpl: IbDev 0 Port 1 qp_num 46227 query_ece={supported=1, vendor_id=0x15b3, options=0x30000002, comp_mask=0x0}
spark-5fa1:63:74 [0] NCCL INFO NET/IB: Subnet-aware routing: overriding dev 5 with dev 2
spark-5fa1:63:74 [0] NCCL INFO NET/IB: Subnet-aware routing: overriding dev 4 with dev 0
spark-5fa1:63:74 [0] NCCL INFO NET/IB: Subnet-aware routing: overriding dev 5 with dev 2
spark-5fa1:63:74 [0] NCCL INFO NET/IB: Subnet-aware routing: overriding dev 4 with dev 0
spark-5fa1:63:74 [0] NCCL INFO NET/IB: ncclIbResiliencyInit: Resiliency is disabled on the recv communicator (comm=0xfcc1ca384000)
spark-5fa1:63:74 [0] NCCL INFO NET/IB: ncclIbRecvCommInit: Receive work requests will be posted on-demand
spark-5fa1:63:74 [0] NCCL INFO NET/IB: Subnet-aware routing: overriding dev 4 with dev 0
spark-5fa1:63:74 [0] NCCL INFO NET/IB: Subnet-aware routing: overriding dev 5 with dev 2
spark-5fa1:63:74 [0] NCCL INFO NET/IB: Subnet-aware routing: overriding dev 4 with dev 0
spark-5fa1:63:74 [0] NCCL INFO NET/IB: Subnet-aware routing: overriding dev 5 with dev 2
spark-5fa1:63:74 [0] NCCL INFO NET/IB: Subnet-aware routing: overriding dev 4 with dev 0
spark-5fa1:63:74 [0] NCCL INFO NET/IB: Subnet-aware routing: overriding dev 5 with dev 2
spark-5fa1:63:74 [0] NCCL INFO NET/IB: ncclIbResiliencyInit: Resiliency is disabled on the send communicator (comm=0xfcc1ca3cc000)
spark-5fa1:63:74 [0] NCCL INFO NET/IB: Subnet-aware routing: overriding dev 5 with dev 3
spark-5fa1:63:74 [0] NCCL INFO NET/IB: ncclIbReceiverQpsCreateToRts: QP created: port=1 dev=3 devName=roceP2p1s0f1 ndevs=4 nmdevs=6 qp_num=2505 pkey=0 pd=0xfcc1c81fdf20 oooRq=0
spark-5fa1:63:74 [0] NCCL INFO NET/IB: ncclIbReceiverQpsCreateToRts: QP created: port=1 dev=3 devName=roceP2p1s0f1 ndevs=4 nmdevs=6 qp_num=2506 pkey=0 pd=0xfcc1c81fdf20 oooRq=0
spark-5fa1:63:74 [0] NCCL INFO NET/IB: ncclIbReceiverQpsCreateToRts: Flush QP created: port=1 dev=3 devName=roceP2p1s0f1 ndevs=4 nmdevs=6 qp_num=2507 pkey=0 pd=0xfcc1c81fdf20
spark-5fa1:63:74 [0] NCCL INFO NET/IB: Subnet-aware routing: overriding dev 4 with dev 0
spark-5fa1:63:74 [0] NCCL INFO NET/IB: ncclIbSenderQpsToRts: Set ECE: IbDev 0 Port 1 qp_num 46226 set_ece={supported=1, vendor_id=0x15b3, options=0x30000002, comp_mask=0x0}
spark-5fa1:63:74 [0] NCCL INFO NET/IB: ncclIbSenderQpsToRts: Set ECE: IbDev 0 Port 1 qp_num 46227 set_ece={supported=1, vendor_id=0x15b3, options=0x30000002, comp_mask=0x0}
spark-5fa1:63:74 [0] NCCL INFO NET/IB: Subnet-aware routing: overriding dev 5 with dev 2
spark-5fa1:63:74 [0] NCCL INFO NET/IB: ncclIbSenderQpsCreate: QP created: port=1 dev=2 devName=roceP2p1s0f0 ndevs=4 nmdevs=6 qp_num=2448 pkey=0 pd=0xfcc1c81fd3e0 oooRq=0
spark-5fa1:63:74 [0] NCCL INFO NET/IB: ncclIbSenderQpsCreate: QP created: port=1 dev=2 devName=roceP2p1s0f0 ndevs=4 nmdevs=6 qp_num=2449 pkey=0 pd=0xfcc1c81fd3e0 oooRq=0
spark-5fa1:63:74 [0] NCCL INFO NET/IB: ncclIbConnectImpl: NCCL Dev 2 IbDev 2 Port 1 qp_num 2448 mtu 5 GID 3 (0/16EA8C0FFFF0000) ctsFifoRkey=0x18dcd9 ctsFifoLkey=0x18dcd9
spark-5fa1:63:74 [0] NCCL INFO NET/IB: ncclIbConnectImpl: IbDev 2 Port 1 qp_num 2448 query_ece={supported=1, vendor_id=0x15b3, options=0x30000002, comp_mask=0x0}
spark-5fa1:63:74 [0] NCCL INFO NET/IB: ncclIbConnectImpl: NCCL Dev 2 IbDev 2 Port 1 qp_num 2449 mtu 5 GID 3 (0/16EA8C0FFFF0000) ctsFifoRkey=0x18dcd9 ctsFifoLkey=0x18dcd9
spark-5fa1:63:74 [0] NCCL INFO NET/IB: ncclIbConnectImpl: IbDev 2 Port 1 qp_num 2449 query_ece={supported=1, vendor_id=0x15b3, options=0x30000002, comp_mask=0x0}
spark-5fa1:63:74 [0] NCCL INFO NET/IB: Subnet-aware routing: overriding dev 4 with dev 0
spark-5fa1:63:74 [0] NCCL INFO NET/IB: Subnet-aware routing: overriding dev 5 with dev 2
spark-5fa1:63:74 [0] NCCL INFO NET/IB: Subnet-aware routing: overriding dev 4 with dev 0
spark-5fa1:63:74 [0] NCCL INFO NET/IB: Subnet-aware routing: overriding dev 5 with dev 2
spark-5fa1:63:74 [0] NCCL INFO NET/IB: ncclIbResiliencyInit: Resiliency is disabled on the recv communicator (comm=0xfcc1ca4e2000)
spark-5fa1:63:74 [0] NCCL INFO NET/IB: ncclIbRecvCommInit: Receive work requests will be posted on-demand
spark-5fa1:63:74 [0] NCCL INFO NET/IB: Subnet-aware routing: overriding dev 4 with dev 1
spark-5fa1:63:74 [0] NCCL INFO NET/IB: ncclIbReceiverQpsCreateToRts: QP created: port=1 dev=1 devName=rocep1s0f1 ndevs=4 nmdevs=6 qp_num=41226 pkey=0 pd=0xfcc1c8195ef0 oooRq=0
spark-5fa1:63:74 [0] NCCL INFO NET/IB: ncclIbReceiverQpsCreateToRts: QP created: port=1 dev=1 devName=rocep1s0f1 ndevs=4 nmdevs=6 qp_num=41227 pkey=0 pd=0xfcc1c8195ef0 oooRq=0
spark-5fa1:63:74 [0] NCCL INFO NET/IB: ncclIbReceiverQpsCreateToRts: Flush QP created: port=1 dev=1 devName=rocep1s0f1 ndevs=4 nmdevs=6 qp_num=41228 pkey=0 pd=0xfcc1c8195ef0
spark-5fa1:63:74 [0] NCCL INFO NET/IB: Subnet-aware routing: overriding dev 5 with dev 2
spark-5fa1:63:74 [0] NCCL INFO NET/IB: Subnet-aware routing: overriding dev 5 with dev 3
spark-5fa1:63:74 [0] NCCL INFO NET/IB: ncclIbReceiverQpsCreateToRts: QP created: port=1 dev=3 devName=roceP2p1s0f1 ndevs=4 nmdevs=6 qp_num=2508 pkey=0 pd=0xfcc1c81fdf20 oooRq=0
spark-5fa1:63:74 [0] NCCL INFO NET/IB: ncclIbReceiverQpsCreateToRts: QP created: port=1 dev=3 devName=roceP2p1s0f1 ndevs=4 nmdevs=6 qp_num=2509 pkey=0 pd=0xfcc1c81fdf20 oooRq=0
spark-5fa1:63:74 [0] NCCL INFO NET/IB: ncclIbReceiverQpsCreateToRts: Flush QP created: port=1 dev=3 devName=roceP2p1s0f1 ndevs=4 nmdevs=6 qp_num=2510 pkey=0 pd=0xfcc1c81fdf20
spark-5fa1:63:74 [0] NCCL INFO NET/IB: Subnet-aware routing: overriding dev 4 with dev 0
spark-5fa1:63:74 [0] NCCL INFO NET/IB: ncclIbSenderQpsCreate: QP created: port=1 dev=0 devName=rocep1s0f0 ndevs=4 nmdevs=6 qp_num=46228 pkey=0 pd=0xfcc1c807dc30 oooRq=0
spark-5fa1:63:74 [0] NCCL INFO NET/IB: ncclIbSenderQpsCreate: QP created: port=1 dev=0 devName=rocep1s0f0 ndevs=4 nmdevs=6 qp_num=46229 pkey=0 pd=0xfcc1c807dc30 oooRq=0
spark-5fa1:63:74 [0] NCCL INFO NET/IB: ncclIbConnectImpl: NCCL Dev 0 IbDev 0 Port 1 qp_num 46228 mtu 5 GID 6 (0/164A8C0FFFF0000) ctsFifoRkey=0x1738f5 ctsFifoLkey=0x1738f5
spark-5fa1:63:74 [0] NCCL INFO NET/IB: ncclIbConnectImpl: IbDev 0 Port 1 qp_num 46228 query_ece={supported=1, vendor_id=0x15b3, options=0x30000002, comp_mask=0x0}
spark-5fa1:63:74 [0] NCCL INFO NET/IB: ncclIbConnectImpl: NCCL Dev 0 IbDev 0 Port 1 qp_num 46229 mtu 5 GID 6 (0/164A8C0FFFF0000) ctsFifoRkey=0x1738f5 ctsFifoLkey=0x1738f5
spark-5fa1:63:74 [0] NCCL INFO NET/IB: ncclIbConnectImpl: IbDev 0 Port 1 qp_num 46229 query_ece={supported=1, vendor_id=0x15b3, options=0x30000002, comp_mask=0x0}
spark-5fa1:63:74 [0] NCCL INFO NET/IB: Subnet-aware routing: overriding dev 5 with dev 2
spark-5fa1:63:74 [0] NCCL INFO NET/IB: Subnet-aware routing: overriding dev 4 with dev 0
spark-5fa1:63:74 [0] NCCL INFO NET/IB: Subnet-aware routing: overriding dev 5 with dev 2
spark-5fa1:63:74 [0] NCCL INFO NET/IB: Subnet-aware routing: overriding dev 4 with dev 0
spark-5fa1:63:74 [0] NCCL INFO NET/IB: ncclIbResiliencyInit: Resiliency is disabled on the send communicator (comm=0xfcc1ca67a000)
spark-5fa1:63:74 [0] NCCL INFO NET/IB: Subnet-aware routing: overriding dev 5 with dev 2
spark-5fa1:63:74 [0] NCCL INFO NET/IB: ncclIbSenderQpsToRts: Set ECE: IbDev 2 Port 1 qp_num 2448 set_ece={supported=1, vendor_id=0x15b3, options=0x30000002, comp_mask=0x0}
spark-5fa1:63:74 [0] NCCL INFO NET/IB: ncclIbSenderQpsToRts: Set ECE: IbDev 2 Port 1 qp_num 2449 set_ece={supported=1, vendor_id=0x15b3, options=0x30000002, comp_mask=0x0}
spark-5fa1:63:74 [0] NCCL INFO NET/IB: Subnet-aware routing: overriding dev 4 with dev 0
spark-5fa1:63:74 [0] NCCL INFO NET/IB: ncclIbSenderQpsToRts: Set ECE: IbDev 0 Port 1 qp_num 46228 set_ece={supported=1, vendor_id=0x15b3, options=0x30000002, comp_mask=0x0}
spark-5fa1:63:74 [0] NCCL INFO NET/IB: ncclIbSenderQpsToRts: Set ECE: IbDev 0 Port 1 qp_num 46229 set_ece={supported=1, vendor_id=0x15b3, options=0x30000002, comp_mask=0x0}
spark-5fa1:63:74 [0] NCCL INFO NET/IB: Subnet-aware routing: overriding dev 5 with dev 2
spark-5fa1:63:74 [0] NCCL INFO NET/IB: Subnet-aware routing: overriding dev 4 with dev 0
spark-5fa1:63:74 [0] NCCL INFO NET/IB: Subnet-aware routing: overriding dev 5 with dev 2
spark-5fa1:63:74 [0] NCCL INFO NET/IB: Subnet-aware routing: overriding dev 4 with dev 0
spark-5fa1:63:74 [0] NCCL INFO NET/IB: ncclIbResiliencyInit: Resiliency is disabled on the recv communicator (comm=0xfcc1ca6bb000)
spark-5fa1:63:74 [0] NCCL INFO NET/IB: ncclIbRecvCommInit: Receive work requests will be posted on-demand
spark-5fa1:63:74 [0] NCCL INFO NET/IB: Subnet-aware routing: overriding dev 5 with dev 2
spark-5fa1:63:74 [0] NCCL INFO NET/IB: Subnet-aware routing: overriding dev 4 with dev 0
spark-5fa1:63:74 [0] NCCL INFO NET/IB: Subnet-aware routing: overriding dev 5 with dev 2
spark-5fa1:63:74 [0] NCCL INFO NET/IB: Subnet-aware routing: overriding dev 4 with dev 0
spark-5fa1:63:74 [0] NCCL INFO NET/IB: Subnet-aware routing: overriding dev 5 with dev 2
spark-5fa1:63:74 [0] NCCL INFO NET/IB: ncclIbResiliencyInit: Resiliency is disabled on the send communicator (comm=0xfcc1ca700000)
spark-5fa1:63:74 [0] NCCL INFO NET/IB: Subnet-aware routing: overriding dev 4 with dev 1
spark-5fa1:63:74 [0] NCCL INFO NET/IB: ncclIbReceiverQpsCreateToRts: QP created: port=1 dev=1 devName=rocep1s0f1 ndevs=4 nmdevs=6 qp_num=41229 pkey=0 pd=0xfcc1c8195ef0 oooRq=0
spark-5fa1:63:74 [0] NCCL INFO NET/IB: ncclIbReceiverQpsCreateToRts: QP created: port=1 dev=1 devName=rocep1s0f1 ndevs=4 nmdevs=6 qp_num=41230 pkey=0 pd=0xfcc1c8195ef0 oooRq=0
spark-5fa1:63:74 [0] NCCL INFO NET/IB: ncclIbReceiverQpsCreateToRts: Flush QP created: port=1 dev=1 devName=rocep1s0f1 ndevs=4 nmdevs=6 qp_num=41231 pkey=0 pd=0xfcc1c8195ef0
spark-5fa1:63:74 [0] NCCL INFO NET/IB: Subnet-aware routing: overriding dev 5 with dev 2
spark-5fa1:63:74 [0] NCCL INFO NET/IB: ncclIbSenderQpsCreate: QP created: port=1 dev=2 devName=roceP2p1s0f0 ndevs=4 nmdevs=6 qp_num=2450 pkey=0 pd=0xfcc1c81fd3e0 oooRq=0
spark-5fa1:63:74 [0] NCCL INFO NET/IB: ncclIbSenderQpsCreate: QP created: port=1 dev=2 devName=roceP2p1s0f0 ndevs=4 nmdevs=6 qp_num=2451 pkey=0 pd=0xfcc1c81fd3e0 oooRq=0
spark-5fa1:63:74 [0] NCCL INFO NET/IB: ncclIbConnectImpl: NCCL Dev 2 IbDev 2 Port 1 qp_num 2450 mtu 5 GID 3 (0/16EA8C0FFFF0000) ctsFifoRkey=0x18c0bf ctsFifoLkey=0x18c0bf
spark-5fa1:63:74 [0] NCCL INFO NET/IB: ncclIbConnectImpl: IbDev 2 Port 1 qp_num 2450 query_ece={supported=1, vendor_id=0x15b3, options=0x30000002, comp_mask=0x0}
spark-5fa1:63:74 [0] NCCL INFO NET/IB: ncclIbConnectImpl: NCCL Dev 2 IbDev 2 Port 1 qp_num 2451 mtu 5 GID 3 (0/16EA8C0FFFF0000) ctsFifoRkey=0x18c0bf ctsFifoLkey=0x18c0bf
spark-5fa1:63:74 [0] NCCL INFO NET/IB: ncclIbConnectImpl: IbDev 2 Port 1 qp_num 2451 query_ece={supported=1, vendor_id=0x15b3, options=0x30000002, comp_mask=0x0}
spark-5fa1:63:74 [0] NCCL INFO NET/IB: Subnet-aware routing: overriding dev 5 with dev 3
spark-5fa1:63:74 [0] NCCL INFO NET/IB: ncclIbReceiverQpsCreateToRts: QP created: port=1 dev=3 devName=roceP2p1s0f1 ndevs=4 nmdevs=6 qp_num=2511 pkey=0 pd=0xfcc1c81fdf20 oooRq=0
spark-5fa1:63:74 [0] NCCL INFO NET/IB: ncclIbReceiverQpsCreateToRts: QP created: port=1 dev=3 devName=roceP2p1s0f1 ndevs=4 nmdevs=6 qp_num=2512 pkey=0 pd=0xfcc1c81fdf20 oooRq=0
spark-5fa1:63:74 [0] NCCL INFO NET/IB: ncclIbReceiverQpsCreateToRts: Flush QP created: port=1 dev=3 devName=roceP2p1s0f1 ndevs=4 nmdevs=6 qp_num=2513 pkey=0 pd=0xfcc1c81fdf20
spark-5fa1:63:74 [0] NCCL INFO NET/IB: Subnet-aware routing: overriding dev 4 with dev 0
spark-5fa1:63:74 [0] NCCL INFO NET/IB: ncclIbSenderQpsCreate: QP created: port=1 dev=0 devName=rocep1s0f0 ndevs=4 nmdevs=6 qp_num=46230 pkey=0 pd=0xfcc1c807dc30 oooRq=0
spark-5fa1:63:74 [0] NCCL INFO NET/IB: ncclIbSenderQpsCreate: QP created: port=1 dev=0 devName=rocep1s0f0 ndevs=4 nmdevs=6 qp_num=46231 pkey=0 pd=0xfcc1c807dc30 oooRq=0
spark-5fa1:63:74 [0] NCCL INFO NET/IB: ncclIbConnectImpl: NCCL Dev 0 IbDev 0 Port 1 qp_num 46230 mtu 5 GID 6 (0/164A8C0FFFF0000) ctsFifoRkey=0x220577 ctsFifoLkey=0x220577
spark-5fa1:63:74 [0] NCCL INFO NET/IB: ncclIbConnectImpl: IbDev 0 Port 1 qp_num 46230 query_ece={supported=1, vendor_id=0x15b3, options=0x30000002, comp_mask=0x0}
spark-5fa1:63:74 [0] NCCL INFO NET/IB: ncclIbConnectImpl: NCCL Dev 0 IbDev 0 Port 1 qp_num 46231 mtu 5 GID 6 (0/164A8C0FFFF0000) ctsFifoRkey=0x220577 ctsFifoLkey=0x220577
spark-5fa1:63:74 [0] NCCL INFO NET/IB: ncclIbConnectImpl: IbDev 0 Port 1 qp_num 46231 query_ece={supported=1, vendor_id=0x15b3, options=0x30000002, comp_mask=0x0}
spark-5fa1:63:74 [0] NCCL INFO NET/IB: Subnet-aware routing: overriding dev 5 with dev 2
spark-5fa1:63:74 [0] NCCL INFO NET/IB: Subnet-aware routing: overriding dev 4 with dev 0
spark-5fa1:63:74 [0] NCCL INFO NET/IB: Subnet-aware routing: overriding dev 5 with dev 2
spark-5fa1:63:74 [0] NCCL INFO NET/IB: ncclIbResiliencyInit: Resiliency is disabled on the recv communicator (comm=0xfcc1ca8e9000)
spark-5fa1:63:74 [0] NCCL INFO NET/IB: ncclIbRecvCommInit: Receive work requests will be posted on-demand
spark-5fa1:63:74 [0] NCCL INFO NET/IB: Subnet-aware routing: overriding dev 5 with dev 2
spark-5fa1:63:74 [0] NCCL INFO NET/IB: Subnet-aware routing: overriding dev 4 with dev 0
spark-5fa1:63:74 [0] NCCL INFO NET/IB: Subnet-aware routing: overriding dev 5 with dev 2
spark-5fa1:63:74 [0] NCCL INFO NET/IB: Subnet-aware routing: overriding dev 4 with dev 0
spark-5fa1:63:74 [0] NCCL INFO NET/IB: Subnet-aware routing: overriding dev 5 with dev 2
spark-5fa1:63:74 [0] NCCL INFO NET/IB: Subnet-aware routing: overriding dev 4 with dev 0
spark-5fa1:63:74 [0] NCCL INFO NET/IB: ncclIbResiliencyInit: Resiliency is disabled on the send communicator (comm=0xfcc1ca931000)
spark-5fa1:63:74 [0] NCCL INFO NET/IB: Subnet-aware routing: overriding dev 5 with dev 2
spark-5fa1:63:74 [0] NCCL INFO NET/IB: ncclIbSenderQpsToRts: Set ECE: IbDev 2 Port 1 qp_num 2450 set_ece={supported=1, vendor_id=0x15b3, options=0x30000002, comp_mask=0x0}
spark-5fa1:63:74 [0] NCCL INFO NET/IB: ncclIbSenderQpsToRts: Set ECE: IbDev 2 Port 1 qp_num 2451 set_ece={supported=1, vendor_id=0x15b3, options=0x30000002, comp_mask=0x0}
spark-5fa1:63:74 [0] NCCL INFO NET/IB: Subnet-aware routing: overriding dev 4 with dev 0
spark-5fa1:63:74 [0] NCCL INFO NET/IB: ncclIbSenderQpsToRts: Set ECE: IbDev 0 Port 1 qp_num 46230 set_ece={supported=1, vendor_id=0x15b3, options=0x30000002, comp_mask=0x0}
spark-5fa1:63:74 [0] NCCL INFO NET/IB: ncclIbSenderQpsToRts: Set ECE: IbDev 0 Port 1 qp_num 46231 set_ece={supported=1, vendor_id=0x15b3, options=0x30000002, comp_mask=0x0}
spark-5fa1:63:74 [0] NCCL INFO NET/IB: Subnet-aware routing: overriding dev 4 with dev 1
spark-5fa1:63:74 [0] NCCL INFO NET/IB: ncclIbReceiverQpsCreateToRts: QP created: port=1 dev=1 devName=rocep1s0f1 ndevs=4 nmdevs=6 qp_num=41232 pkey=0 pd=0xfcc1c8195ef0 oooRq=0
spark-5fa1:63:74 [0] NCCL INFO NET/IB: ncclIbReceiverQpsCreateToRts: QP created: port=1 dev=1 devName=rocep1s0f1 ndevs=4 nmdevs=6 qp_num=41233 pkey=0 pd=0xfcc1c8195ef0 oooRq=0
spark-5fa1:63:74 [0] NCCL INFO NET/IB: ncclIbReceiverQpsCreateToRts: Flush QP created: port=1 dev=1 devName=rocep1s0f1 ndevs=4 nmdevs=6 qp_num=41234 pkey=0 pd=0xfcc1c8195ef0
spark-5fa1:63:74 [0] NCCL INFO NET/IB: Subnet-aware routing: overriding dev 5 with dev 2
spark-5fa1:63:74 [0] NCCL INFO NET/IB: ncclIbSenderQpsCreate: QP created: port=1 dev=2 devName=roceP2p1s0f0 ndevs=4 nmdevs=6 qp_num=2452 pkey=0 pd=0xfcc1c81fd3e0 oooRq=0
spark-5fa1:63:74 [0] NCCL INFO NET/IB: ncclIbSenderQpsCreate: QP created: port=1 dev=2 devName=roceP2p1s0f0 ndevs=4 nmdevs=6 qp_num=2453 pkey=0 pd=0xfcc1c81fd3e0 oooRq=0
spark-5fa1:63:74 [0] NCCL INFO NET/IB: ncclIbConnectImpl: NCCL Dev 2 IbDev 2 Port 1 qp_num 2452 mtu 5 GID 3 (0/16EA8C0FFFF0000) ctsFifoRkey=0x17a5a3 ctsFifoLkey=0x17a5a3
spark-5fa1:63:74 [0] NCCL INFO NET/IB: ncclIbConnectImpl: IbDev 2 Port 1 qp_num 2452 query_ece={supported=1, vendor_id=0x15b3, options=0x30000002, comp_mask=0x0}
spark-5fa1:63:74 [0] NCCL INFO NET/IB: ncclIbConnectImpl: NCCL Dev 2 IbDev 2 Port 1 qp_num 2453 mtu 5 GID 3 (0/16EA8C0FFFF0000) ctsFifoRkey=0x17a5a3 ctsFifoLkey=0x17a5a3
spark-5fa1:63:74 [0] NCCL INFO NET/IB: ncclIbConnectImpl: IbDev 2 Port 1 qp_num 2453 query_ece={supported=1, vendor_id=0x15b3, options=0x30000002, comp_mask=0x0}
spark-5fa1:63:74 [0] NCCL INFO NET/IB: Subnet-aware routing: overriding dev 4 with dev 0
spark-5fa1:63:74 [0] NCCL INFO NET/IB: Subnet-aware routing: overriding dev 5 with dev 2
spark-5fa1:63:74 [0] NCCL INFO NET/IB: Subnet-aware routing: overriding dev 4 with dev 0
spark-5fa1:63:74 [0] NCCL INFO NET/IB: ncclIbResiliencyInit: Resiliency is disabled on the recv communicator (comm=0xfcc1caa41000)
spark-5fa1:63:74 [0] NCCL INFO NET/IB: ncclIbRecvCommInit: Receive work requests will be posted on-demand
spark-5fa1:63:74 [0] NCCL INFO NET/IB: Subnet-aware routing: overriding dev 5 with dev 2
spark-5fa1:63:74 [0] NCCL INFO NET/IB: Subnet-aware routing: overriding dev 4 with dev 0
spark-5fa1:63:74 [0] NCCL INFO NET/IB: Subnet-aware routing: overriding dev 5 with dev 2
spark-5fa1:63:74 [0] NCCL INFO NET/IB: Subnet-aware routing: overriding dev 4 with dev 0
spark-5fa1:63:74 [0] NCCL INFO NET/IB: Subnet-aware routing: overriding dev 5 with dev 2
spark-5fa1:63:74 [0] NCCL INFO NET/IB: ncclIbResiliencyInit: Resiliency is disabled on the send communicator (comm=0xfcc1caa89000)
spark-5fa1:63:74 [0] NCCL INFO NET/IB: Subnet-aware routing: overriding dev 5 with dev 2
spark-5fa1:63:74 [0] NCCL INFO NET/IB: Subnet-aware routing: overriding dev 4 with dev 0
spark-5fa1:63:74 [0] NCCL INFO NET/IB: Subnet-aware routing: overriding dev 4 with dev 1
spark-5fa1:63:74 [0] NCCL INFO NET/IB: ncclIbReceiverQpsCreateToRts: QP created: port=1 dev=1 devName=rocep1s0f1 ndevs=4 nmdevs=6 qp_num=41235 pkey=0 pd=0xfcc1c8195ef0 oooRq=0
spark-5fa1:63:74 [0] NCCL INFO NET/IB: ncclIbReceiverQpsCreateToRts: QP created: port=1 dev=1 devName=rocep1s0f1 ndevs=4 nmdevs=6 qp_num=41236 pkey=0 pd=0xfcc1c8195ef0 oooRq=0
spark-5fa1:63:74 [0] NCCL INFO NET/IB: ncclIbReceiverQpsCreateToRts: Flush QP created: port=1 dev=1 devName=rocep1s0f1 ndevs=4 nmdevs=6 qp_num=41237 pkey=0 pd=0xfcc1c8195ef0
spark-5fa1:63:74 [0] NCCL INFO NET/IB: Subnet-aware routing: overriding dev 5 with dev 2
spark-5fa1:63:74 [0] NCCL INFO NET/IB: Subnet-aware routing: overriding dev 4 with dev 0
spark-5fa1:63:74 [0] NCCL INFO NET/IB: Subnet-aware routing: overriding dev 5 with dev 2
spark-5fa1:63:74 [0] NCCL INFO NET/IB: ncclIbResiliencyInit: Resiliency is disabled on the recv communicator (comm=0xfcc1cab47000)
spark-5fa1:63:74 [0] NCCL INFO NET/IB: ncclIbRecvCommInit: Receive work requests will be posted on-demand
spark-5fa1:63:74 [0] NCCL INFO NET/IB: Subnet-aware routing: overriding dev 5 with dev 2
spark-5fa1:63:74 [0] NCCL INFO NET/IB: ncclIbSenderQpsToRts: Set ECE: IbDev 2 Port 1 qp_num 2452 set_ece={supported=1, vendor_id=0x15b3, options=0x30000002, comp_mask=0x0}
spark-5fa1:63:74 [0] NCCL INFO NET/IB: ncclIbSenderQpsToRts: Set ECE: IbDev 2 Port 1 qp_num 2453 set_ece={supported=1, vendor_id=0x15b3, options=0x30000002, comp_mask=0x0}
spark-5fa1:63:74 [0] NCCL INFO NET/IB: Subnet-aware routing: overriding dev 5 with dev 3
spark-5fa1:63:74 [0] NCCL INFO NET/IB: ncclIbReceiverQpsCreateToRts: QP created: port=1 dev=3 devName=roceP2p1s0f1 ndevs=4 nmdevs=6 qp_num=2514 pkey=0 pd=0xfcc1c81fdf20 oooRq=0
spark-5fa1:63:74 [0] NCCL INFO NET/IB: ncclIbReceiverQpsCreateToRts: QP created: port=1 dev=3 devName=roceP2p1s0f1 ndevs=4 nmdevs=6 qp_num=2515 pkey=0 pd=0xfcc1c81fdf20 oooRq=0
spark-5fa1:63:74 [0] NCCL INFO NET/IB: ncclIbReceiverQpsCreateToRts: Flush QP created: port=1 dev=3 devName=roceP2p1s0f1 ndevs=4 nmdevs=6 qp_num=2516 pkey=0 pd=0xfcc1c81fdf20
spark-5fa1:63:74 [0] NCCL INFO NET/IB: Subnet-aware routing: overriding dev 4 with dev 0
spark-5fa1:63:74 [0] NCCL INFO NET/IB: ncclIbSenderQpsCreate: QP created: port=1 dev=0 devName=rocep1s0f0 ndevs=4 nmdevs=6 qp_num=46232 pkey=0 pd=0xfcc1c807dc30 oooRq=0
spark-5fa1:63:74 [0] NCCL INFO NET/IB: ncclIbSenderQpsCreate: QP created: port=1 dev=0 devName=rocep1s0f0 ndevs=4 nmdevs=6 qp_num=46233 pkey=0 pd=0xfcc1c807dc30 oooRq=0
spark-5fa1:63:74 [0] NCCL INFO NET/IB: ncclIbConnectImpl: NCCL Dev 0 IbDev 0 Port 1 qp_num 46232 mtu 5 GID 6 (0/164A8C0FFFF0000) ctsFifoRkey=0x178c49 ctsFifoLkey=0x178c49
spark-5fa1:63:74 [0] NCCL INFO NET/IB: ncclIbConnectImpl: IbDev 0 Port 1 qp_num 46232 query_ece={supported=1, vendor_id=0x15b3, options=0x30000002, comp_mask=0x0}
spark-5fa1:63:74 [0] NCCL INFO NET/IB: ncclIbConnectImpl: NCCL Dev 0 IbDev 0 Port 1 qp_num 46233 mtu 5 GID 6 (0/164A8C0FFFF0000) ctsFifoRkey=0x178c49 ctsFifoLkey=0x178c49
spark-5fa1:63:74 [0] NCCL INFO NET/IB: ncclIbConnectImpl: IbDev 0 Port 1 qp_num 46233 query_ece={supported=1, vendor_id=0x15b3, options=0x30000002, comp_mask=0x0}
spark-5fa1:63:74 [0] NCCL INFO NET/IB: Subnet-aware routing: overriding dev 5 with dev 2
spark-5fa1:63:74 [0] NCCL INFO NET/IB: ncclIbSenderQpsCreate: QP created: port=1 dev=2 devName=roceP2p1s0f0 ndevs=4 nmdevs=6 qp_num=2454 pkey=0 pd=0xfcc1c81fd3e0 oooRq=0
spark-5fa1:63:74 [0] NCCL INFO NET/IB: ncclIbSenderQpsCreate: QP created: port=1 dev=2 devName=roceP2p1s0f0 ndevs=4 nmdevs=6 qp_num=2455 pkey=0 pd=0xfcc1c81fd3e0 oooRq=0
spark-5fa1:63:74 [0] NCCL INFO NET/IB: ncclIbConnectImpl: NCCL Dev 2 IbDev 2 Port 1 qp_num 2454 mtu 5 GID 3 (0/16EA8C0FFFF0000) ctsFifoRkey=0x19938e ctsFifoLkey=0x19938e
spark-5fa1:63:74 [0] NCCL INFO NET/IB: ncclIbConnectImpl: IbDev 2 Port 1 qp_num 2454 query_ece={supported=1, vendor_id=0x15b3, options=0x30000002, comp_mask=0x0}
spark-5fa1:63:74 [0] NCCL INFO NET/IB: ncclIbConnectImpl: NCCL Dev 2 IbDev 2 Port 1 qp_num 2455 mtu 5 GID 3 (0/16EA8C0FFFF0000) ctsFifoRkey=0x19938e ctsFifoLkey=0x19938e
spark-5fa1:63:74 [0] NCCL INFO NET/IB: ncclIbConnectImpl: IbDev 2 Port 1 qp_num 2455 query_ece={supported=1, vendor_id=0x15b3, options=0x30000002, comp_mask=0x0}
spark-5fa1:63:74 [0] NCCL INFO NET/IB: Subnet-aware routing: overriding dev 5 with dev 3
spark-5fa1:63:74 [0] NCCL INFO NET/IB: ncclIbReceiverQpsCreateToRts: QP created: port=1 dev=3 devName=roceP2p1s0f1 ndevs=4 nmdevs=6 qp_num=2517 pkey=0 pd=0xfcc1c81fdf20 oooRq=0
spark-5fa1:63:74 [0] NCCL INFO NET/IB: ncclIbReceiverQpsCreateToRts: QP created: port=1 dev=3 devName=roceP2p1s0f1 ndevs=4 nmdevs=6 qp_num=2518 pkey=0 pd=0xfcc1c81fdf20 oooRq=0
spark-5fa1:63:74 [0] NCCL INFO NET/IB: ncclIbReceiverQpsCreateToRts: Flush QP created: port=1 dev=3 devName=roceP2p1s0f1 ndevs=4 nmdevs=6 qp_num=2519 pkey=0 pd=0xfcc1c81fdf20
spark-5fa1:63:74 [0] NCCL INFO NET/IB: Subnet-aware routing: overriding dev 4 with dev 0
spark-5fa1:63:74 [0] NCCL INFO NET/IB: Subnet-aware routing: overriding dev 5 with dev 2
spark-5fa1:63:74 [0] NCCL INFO NET/IB: Subnet-aware routing: overriding dev 4 with dev 0
spark-5fa1:63:74 [0] NCCL INFO NET/IB: ncclIbResiliencyInit: Resiliency is disabled on the send communicator (comm=0xfcc1cad36000)
spark-5fa1:63:74 [0] NCCL INFO NET/IB: Subnet-aware routing: overriding dev 4 with dev 0
spark-5fa1:63:74 [0] NCCL INFO NET/IB: ncclIbSenderQpsToRts: Set ECE: IbDev 0 Port 1 qp_num 46232 set_ece={supported=1, vendor_id=0x15b3, options=0x30000002, comp_mask=0x0}
spark-5fa1:63:74 [0] NCCL INFO NET/IB: ncclIbSenderQpsToRts: Set ECE: IbDev 0 Port 1 qp_num 46233 set_ece={supported=1, vendor_id=0x15b3, options=0x30000002, comp_mask=0x0}
spark-5fa1:63:74 [0] NCCL INFO NET/IB: Subnet-aware routing: overriding dev 5 with dev 2
spark-5fa1:63:74 [0] NCCL INFO NET/IB: ncclIbSenderQpsToRts: Set ECE: IbDev 2 Port 1 qp_num 2454 set_ece={supported=1, vendor_id=0x15b3, options=0x30000002, comp_mask=0x0}
spark-5fa1:63:74 [0] NCCL INFO NET/IB: ncclIbSenderQpsToRts: Set ECE: IbDev 2 Port 1 qp_num 2455 set_ece={supported=1, vendor_id=0x15b3, options=0x30000002, comp_mask=0x0}
spark-5fa1:63:74 [0] NCCL INFO NET/IB: Subnet-aware routing: overriding dev 4 with dev 0
spark-5fa1:63:74 [0] NCCL INFO NET/IB: ncclIbSenderQpsCreate: QP created: port=1 dev=0 devName=rocep1s0f0 ndevs=4 nmdevs=6 qp_num=46234 pkey=0 pd=0xfcc1c807dc30 oooRq=0
spark-5fa1:63:74 [0] NCCL INFO NET/IB: ncclIbSenderQpsCreate: QP created: port=1 dev=0 devName=rocep1s0f0 ndevs=4 nmdevs=6 qp_num=46235 pkey=0 pd=0xfcc1c807dc30 oooRq=0
spark-5fa1:63:74 [0] NCCL INFO NET/IB: ncclIbConnectImpl: NCCL Dev 0 IbDev 0 Port 1 qp_num 46234 mtu 5 GID 6 (0/164A8C0FFFF0000) ctsFifoRkey=0x221081 ctsFifoLkey=0x221081
spark-5fa1:63:74 [0] NCCL INFO NET/IB: ncclIbConnectImpl: IbDev 0 Port 1 qp_num 46234 query_ece={supported=1, vendor_id=0x15b3, options=0x30000002, comp_mask=0x0}
spark-5fa1:63:74 [0] NCCL INFO NET/IB: ncclIbConnectImpl: NCCL Dev 0 IbDev 0 Port 1 qp_num 46235 mtu 5 GID 6 (0/164A8C0FFFF0000) ctsFifoRkey=0x221081 ctsFifoLkey=0x221081
spark-5fa1:63:74 [0] NCCL INFO NET/IB: ncclIbConnectImpl: IbDev 0 Port 1 qp_num 46235 query_ece={supported=1, vendor_id=0x15b3, options=0x30000002, comp_mask=0x0}
spark-5fa1:63:74 [0] NCCL INFO NET/IB: Subnet-aware routing: overriding dev 5 with dev 2
spark-5fa1:63:74 [0] NCCL INFO NET/IB: Subnet-aware routing: overriding dev 4 with dev 0
spark-5fa1:63:74 [0] NCCL INFO NET/IB: ncclIbResiliencyInit: Resiliency is disabled on the recv communicator (comm=0xfcc1cadca000)
spark-5fa1:63:74 [0] NCCL INFO NET/IB: ncclIbRecvCommInit: Receive work requests will be posted on-demand
spark-5fa1:63:74 [0] NCCL INFO NET/IB: Subnet-aware routing: overriding dev 4 with dev 0
spark-5fa1:63:74 [0] NCCL INFO NET/IB: Subnet-aware routing: overriding dev 5 with dev 2
spark-5fa1:63:74 [0] NCCL INFO NET/IB: Subnet-aware routing: overriding dev 4 with dev 0
spark-5fa1:63:74 [0] NCCL INFO NET/IB: Subnet-aware routing: overriding dev 5 with dev 2
spark-5fa1:63:74 [0] NCCL INFO NET/IB: ncclIbResiliencyInit: Resiliency is disabled on the send communicator (comm=0xfcc1cae12000)
spark-5fa1:63:74 [0] NCCL INFO NET/IB: Subnet-aware routing: overriding dev 4 with dev 0
spark-5fa1:63:74 [0] NCCL INFO NET/IB: Subnet-aware routing: overriding dev 5 with dev 2
spark-5fa1:63:74 [0] NCCL INFO NET/IB: Subnet-aware routing: overriding dev 4 with dev 0
spark-5fa1:63:74 [0] NCCL INFO NET/IB: Subnet-aware routing: overriding dev 5 with dev 2
spark-5fa1:63:74 [0] NCCL INFO NET/IB: ncclIbResiliencyInit: Resiliency is disabled on the recv communicator (comm=0xfcc1cae53000)
spark-5fa1:63:74 [0] NCCL INFO NET/IB: ncclIbRecvCommInit: Receive work requests will be posted on-demand
spark-5fa1:63:74 [0] NCCL INFO NET/IB: Subnet-aware routing: overriding dev 4 with dev 0
spark-5fa1:63:74 [0] NCCL INFO NET/IB: Subnet-aware routing: overriding dev 5 with dev 2
spark-5fa1:63:74 [0] NCCL INFO NET/IB: Subnet-aware routing: overriding dev 4 with dev 0
spark-5fa1:63:74 [0] NCCL INFO NET/IB: Subnet-aware routing: overriding dev 5 with dev 2
spark-5fa1:63:74 [0] NCCL INFO NET/IB: Subnet-aware routing: overriding dev 4 with dev 0
spark-5fa1:63:74 [0] NCCL INFO NET/IB: ncclIbResiliencyInit: Resiliency is disabled on the send communicator (comm=0xfcc1cae9e000)
spark-5fa1:63:74 [0] NCCL INFO NET/IB: Subnet-aware routing: overriding dev 4 with dev 0
spark-5fa1:63:74 [0] NCCL INFO NET/IB: ncclIbSenderQpsToRts: Set ECE: IbDev 0 Port 1 qp_num 46234 set_ece={supported=1, vendor_id=0x15b3, options=0x30000002, comp_mask=0x0}
spark-5fa1:63:74 [0] NCCL INFO NET/IB: ncclIbSenderQpsToRts: Set ECE: IbDev 0 Port 1 qp_num 46235 set_ece={supported=1, vendor_id=0x15b3, options=0x30000002, comp_mask=0x0}
spark-5fa1:63:74 [0] NCCL INFO NET/IB: Subnet-aware routing: overriding dev 4 with dev 1
spark-5fa1:63:74 [0] NCCL INFO NET/IB: ncclIbReceiverQpsCreateToRts: QP created: port=1 dev=1 devName=rocep1s0f1 ndevs=4 nmdevs=6 qp_num=41238 pkey=0 pd=0xfcc1c8195ef0 oooRq=0
spark-5fa1:63:74 [0] NCCL INFO NET/IB: ncclIbReceiverQpsCreateToRts: QP created: port=1 dev=1 devName=rocep1s0f1 ndevs=4 nmdevs=6 qp_num=41239 pkey=0 pd=0xfcc1c8195ef0 oooRq=0
spark-5fa1:63:74 [0] NCCL INFO NET/IB: ncclIbReceiverQpsCreateToRts: Flush QP created: port=1 dev=1 devName=rocep1s0f1 ndevs=4 nmdevs=6 qp_num=41240 pkey=0 pd=0xfcc1c8195ef0
spark-5fa1:63:74 [0] NCCL INFO NET/IB: Subnet-aware routing: overriding dev 5 with dev 2
spark-5fa1:63:74 [0] NCCL INFO NET/IB: ncclIbSenderQpsCreate: QP created: port=1 dev=2 devName=roceP2p1s0f0 ndevs=4 nmdevs=6 qp_num=2456 pkey=0 pd=0xfcc1c81fd3e0 oooRq=0
spark-5fa1:63:74 [0] NCCL INFO NET/IB: ncclIbSenderQpsCreate: QP created: port=1 dev=2 devName=roceP2p1s0f0 ndevs=4 nmdevs=6 qp_num=2457 pkey=0 pd=0xfcc1c81fd3e0 oooRq=0
spark-5fa1:63:74 [0] NCCL INFO NET/IB: ncclIbConnectImpl: NCCL Dev 2 IbDev 2 Port 1 qp_num 2456 mtu 5 GID 3 (0/16EA8C0FFFF0000) ctsFifoRkey=0x194947 ctsFifoLkey=0x194947
spark-5fa1:63:74 [0] NCCL INFO NET/IB: ncclIbConnectImpl: IbDev 2 Port 1 qp_num 2456 query_ece={supported=1, vendor_id=0x15b3, options=0x30000002, comp_mask=0x0}
spark-5fa1:63:74 [0] NCCL INFO NET/IB: ncclIbConnectImpl: NCCL Dev 2 IbDev 2 Port 1 qp_num 2457 mtu 5 GID 3 (0/16EA8C0FFFF0000) ctsFifoRkey=0x194947 ctsFifoLkey=0x194947
spark-5fa1:63:74 [0] NCCL INFO NET/IB: ncclIbConnectImpl: IbDev 2 Port 1 qp_num 2457 query_ece={supported=1, vendor_id=0x15b3, options=0x30000002, comp_mask=0x0}
spark-5fa1:63:74 [0] NCCL INFO NET/IB: Subnet-aware routing: overriding dev 5 with dev 3
spark-5fa1:63:74 [0] NCCL INFO NET/IB: ncclIbReceiverQpsCreateToRts: QP created: port=1 dev=3 devName=roceP2p1s0f1 ndevs=4 nmdevs=6 qp_num=2520 pkey=0 pd=0xfcc1c81fdf20 oooRq=0
spark-5fa1:63:74 [0] NCCL INFO NET/IB: ncclIbReceiverQpsCreateToRts: QP created: port=1 dev=3 devName=roceP2p1s0f1 ndevs=4 nmdevs=6 qp_num=2521 pkey=0 pd=0xfcc1c81fdf20 oooRq=0
spark-5fa1:63:74 [0] NCCL INFO NET/IB: ncclIbReceiverQpsCreateToRts: Flush QP created: port=1 dev=3 devName=roceP2p1s0f1 ndevs=4 nmdevs=6 qp_num=2522 pkey=0 pd=0xfcc1c81fdf20
spark-5fa1:63:74 [0] NCCL INFO NET/IB: Subnet-aware routing: overriding dev 4 with dev 0
spark-5fa1:63:74 [0] NCCL INFO NET/IB: Subnet-aware routing: overriding dev 4 with dev 1
spark-5fa1:63:74 [0] NCCL INFO NET/IB: ncclIbReceiverQpsCreateToRts: QP created: port=1 dev=1 devName=rocep1s0f1 ndevs=4 nmdevs=6 qp_num=41241 pkey=0 pd=0xfcc1c8195ef0 oooRq=0
spark-5fa1:63:74 [0] NCCL INFO NET/IB: ncclIbReceiverQpsCreateToRts: QP created: port=1 dev=1 devName=rocep1s0f1 ndevs=4 nmdevs=6 qp_num=41242 pkey=0 pd=0xfcc1c8195ef0 oooRq=0
spark-5fa1:63:74 [0] NCCL INFO NET/IB: ncclIbReceiverQpsCreateToRts: Flush QP created: port=1 dev=1 devName=rocep1s0f1 ndevs=4 nmdevs=6 qp_num=41243 pkey=0 pd=0xfcc1c8195ef0
spark-5fa1:63:74 [0] NCCL INFO NET/IB: Subnet-aware routing: overriding dev 5 with dev 2
spark-5fa1:63:74 [0] NCCL INFO NET/IB: Subnet-aware routing: overriding dev 4 with dev 0
spark-5fa1:63:74 [0] NCCL INFO NET/IB: ncclIbResiliencyInit: Resiliency is disabled on the recv communicator (comm=0xfcc1cb0b2000)
spark-5fa1:63:74 [0] NCCL INFO NET/IB: ncclIbRecvCommInit: Receive work requests will be posted on-demand
spark-5fa1:63:74 [0] NCCL INFO NET/IB: Subnet-aware routing: overriding dev 5 with dev 2
spark-5fa1:63:74 [0] NCCL INFO NET/IB: ncclIbSenderQpsToRts: Set ECE: IbDev 2 Port 1 qp_num 2456 set_ece={supported=1, vendor_id=0x15b3, options=0x30000002, comp_mask=0x0}
spark-5fa1:63:74 [0] NCCL INFO NET/IB: ncclIbSenderQpsToRts: Set ECE: IbDev 2 Port 1 qp_num 2457 set_ece={supported=1, vendor_id=0x15b3, options=0x30000002, comp_mask=0x0}
spark-5fa1:63:74 [0] NCCL INFO NET/IB: Subnet-aware routing: overriding dev 4 with dev 0
spark-5fa1:63:74 [0] NCCL INFO NET/IB: ncclIbSenderQpsCreate: QP created: port=1 dev=0 devName=rocep1s0f0 ndevs=4 nmdevs=6 qp_num=46236 pkey=0 pd=0xfcc1c807dc30 oooRq=0
spark-5fa1:63:74 [0] NCCL INFO NET/IB: ncclIbSenderQpsCreate: QP created: port=1 dev=0 devName=rocep1s0f0 ndevs=4 nmdevs=6 qp_num=46237 pkey=0 pd=0xfcc1c807dc30 oooRq=0
spark-5fa1:63:74 [0] NCCL INFO NET/IB: ncclIbConnectImpl: NCCL Dev 0 IbDev 0 Port 1 qp_num 46236 mtu 5 GID 6 (0/164A8C0FFFF0000) ctsFifoRkey=0x175916 ctsFifoLkey=0x175916
spark-5fa1:63:74 [0] NCCL INFO NET/IB: ncclIbConnectImpl: IbDev 0 Port 1 qp_num 46236 query_ece={supported=1, vendor_id=0x15b3, options=0x30000002, comp_mask=0x0}
spark-5fa1:63:74 [0] NCCL INFO NET/IB: ncclIbConnectImpl: NCCL Dev 0 IbDev 0 Port 1 qp_num 46237 mtu 5 GID 6 (0/164A8C0FFFF0000) ctsFifoRkey=0x175916 ctsFifoLkey=0x175916
spark-5fa1:63:74 [0] NCCL INFO NET/IB: ncclIbConnectImpl: IbDev 0 Port 1 qp_num 46237 query_ece={supported=1, vendor_id=0x15b3, options=0x30000002, comp_mask=0x0}
spark-5fa1:63:74 [0] NCCL INFO NET/IB: Subnet-aware routing: overriding dev 5 with dev 2
spark-5fa1:63:74 [0] NCCL INFO NET/IB: ncclIbSenderQpsCreate: QP created: port=1 dev=2 devName=roceP2p1s0f0 ndevs=4 nmdevs=6 qp_num=2458 pkey=0 pd=0xfcc1c81fd3e0 oooRq=0
spark-5fa1:63:74 [0] NCCL INFO NET/IB: ncclIbSenderQpsCreate: QP created: port=1 dev=2 devName=roceP2p1s0f0 ndevs=4 nmdevs=6 qp_num=2459 pkey=0 pd=0xfcc1c81fd3e0 oooRq=0
spark-5fa1:63:74 [0] NCCL INFO NET/IB: ncclIbConnectImpl: NCCL Dev 2 IbDev 2 Port 1 qp_num 2458 mtu 5 GID 3 (0/16EA8C0FFFF0000) ctsFifoRkey=0x182e2d ctsFifoLkey=0x182e2d
spark-5fa1:63:74 [0] NCCL INFO NET/IB: ncclIbConnectImpl: IbDev 2 Port 1 qp_num 2458 query_ece={supported=1, vendor_id=0x15b3, options=0x30000002, comp_mask=0x0}
spark-5fa1:63:74 [0] NCCL INFO NET/IB: ncclIbConnectImpl: NCCL Dev 2 IbDev 2 Port 1 qp_num 2459 mtu 5 GID 3 (0/16EA8C0FFFF0000) ctsFifoRkey=0x182e2d ctsFifoLkey=0x182e2d
spark-5fa1:63:74 [0] NCCL INFO NET/IB: ncclIbConnectImpl: IbDev 2 Port 1 qp_num 2459 query_ece={supported=1, vendor_id=0x15b3, options=0x30000002, comp_mask=0x0}
spark-5fa1:63:74 [0] NCCL INFO NET/IB: Subnet-aware routing: overriding dev 5 with dev 3
spark-5fa1:63:74 [0] NCCL INFO NET/IB: ncclIbReceiverQpsCreateToRts: QP created: port=1 dev=3 devName=roceP2p1s0f1 ndevs=4 nmdevs=6 qp_num=2523 pkey=0 pd=0xfcc1c81fdf20 oooRq=0
spark-5fa1:63:74 [0] NCCL INFO NET/IB: ncclIbReceiverQpsCreateToRts: QP created: port=1 dev=3 devName=roceP2p1s0f1 ndevs=4 nmdevs=6 qp_num=2524 pkey=0 pd=0xfcc1c81fdf20 oooRq=0
spark-5fa1:63:74 [0] NCCL INFO NET/IB: ncclIbReceiverQpsCreateToRts: Flush QP created: port=1 dev=3 devName=roceP2p1s0f1 ndevs=4 nmdevs=6 qp_num=2525 pkey=0 pd=0xfcc1c81fdf20
spark-5fa1:63:74 [0] NCCL INFO NET/IB: Subnet-aware routing: overriding dev 4 with dev 0
spark-5fa1:63:74 [0] NCCL INFO NET/IB: Subnet-aware routing: overriding dev 5 with dev 2
spark-5fa1:63:74 [0] NCCL INFO NET/IB: ncclIbResiliencyInit: Resiliency is disabled on the send communicator (comm=0xfcc1cb21f000)
spark-5fa1:63:74 [0] NCCL INFO NET/IB: Subnet-aware routing: overriding dev 4 with dev 0
spark-5fa1:63:74 [0] NCCL INFO NET/IB: ncclIbSenderQpsToRts: Set ECE: IbDev 0 Port 1 qp_num 46236 set_ece={supported=1, vendor_id=0x15b3, options=0x30000002, comp_mask=0x0}
spark-5fa1:63:74 [0] NCCL INFO NET/IB: ncclIbSenderQpsToRts: Set ECE: IbDev 0 Port 1 qp_num 46237 set_ece={supported=1, vendor_id=0x15b3, options=0x30000002, comp_mask=0x0}
spark-5fa1:63:74 [0] NCCL INFO NET/IB: Subnet-aware routing: overriding dev 5 with dev 2
spark-5fa1:63:74 [0] NCCL INFO NET/IB: ncclIbSenderQpsToRts: Set ECE: IbDev 2 Port 1 qp_num 2458 set_ece={supported=1, vendor_id=0x15b3, options=0x30000002, comp_mask=0x0}
spark-5fa1:63:74 [0] NCCL INFO NET/IB: ncclIbSenderQpsToRts: Set ECE: IbDev 2 Port 1 qp_num 2459 set_ece={supported=1, vendor_id=0x15b3, options=0x30000002, comp_mask=0x0}
spark-5fa1:63:74 [0] NCCL INFO NET/IB: Subnet-aware routing: overriding dev 4 with dev 0
spark-5fa1:63:74 [0] NCCL INFO NET/IB: Subnet-aware routing: overriding dev 5 with dev 2
spark-5fa1:63:74 [0] NCCL INFO NET/IB: ncclIbResiliencyInit: Resiliency is disabled on the recv communicator (comm=0xfcc1cb260000)
spark-5fa1:63:74 [0] NCCL INFO NET/IB: ncclIbRecvCommInit: Receive work requests will be posted on-demand
spark-5fa1:63:74 [0] NCCL INFO NET/IB: Subnet-aware routing: overriding dev 4 with dev 0
spark-5fa1:63:74 [0] NCCL INFO NET/IB: Subnet-aware routing: overriding dev 4 with dev 1
spark-5fa1:63:74 [0] NCCL INFO NET/IB: ncclIbReceiverQpsCreateToRts: QP created: port=1 dev=1 devName=rocep1s0f1 ndevs=4 nmdevs=6 qp_num=41244 pkey=0 pd=0xfcc1c8195ef0 oooRq=0
spark-5fa1:63:74 [0] NCCL INFO NET/IB: ncclIbReceiverQpsCreateToRts: QP created: port=1 dev=1 devName=rocep1s0f1 ndevs=4 nmdevs=6 qp_num=41245 pkey=0 pd=0xfcc1c8195ef0 oooRq=0
spark-5fa1:63:74 [0] NCCL INFO NET/IB: ncclIbReceiverQpsCreateToRts: Flush QP created: port=1 dev=1 devName=rocep1s0f1 ndevs=4 nmdevs=6 qp_num=41246 pkey=0 pd=0xfcc1c8195ef0
spark-5fa1:63:74 [0] NCCL INFO NET/IB: Subnet-aware routing: overriding dev 5 with dev 2
spark-5fa1:63:74 [0] NCCL INFO NET/IB: Subnet-aware routing: overriding dev 4 with dev 0
spark-5fa1:63:74 [0] NCCL INFO NET/IB: ncclIbResiliencyInit: Resiliency is disabled on the send communicator (comm=0xfcc1cb31d000)
spark-5fa1:63:74 [0] NCCL INFO NET/IB: Subnet-aware routing: overriding dev 4 with dev 0
spark-5fa1:63:74 [0] NCCL INFO NET/IB: Subnet-aware routing: overriding dev 5 with dev 2
spark-5fa1:63:74 [0] NCCL INFO NET/IB: Subnet-aware routing: overriding dev 5 with dev 3
spark-5fa1:63:74 [0] NCCL INFO NET/IB: ncclIbReceiverQpsCreateToRts: QP created: port=1 dev=3 devName=roceP2p1s0f1 ndevs=4 nmdevs=6 qp_num=2526 pkey=0 pd=0xfcc1c81fdf20 oooRq=0
spark-5fa1:63:74 [0] NCCL INFO NET/IB: ncclIbReceiverQpsCreateToRts: QP created: port=1 dev=3 devName=roceP2p1s0f1 ndevs=4 nmdevs=6 qp_num=2527 pkey=0 pd=0xfcc1c81fdf20 oooRq=0
spark-5fa1:63:74 [0] NCCL INFO NET/IB: ncclIbReceiverQpsCreateToRts: Flush QP created: port=1 dev=3 devName=roceP2p1s0f1 ndevs=4 nmdevs=6 qp_num=2528 pkey=0 pd=0xfcc1c81fdf20
spark-5fa1:63:74 [0] NCCL INFO NET/IB: Subnet-aware routing: overriding dev 4 with dev 0
spark-5fa1:63:74 [0] NCCL INFO NET/IB: ncclIbResiliencyInit: Resiliency is disabled on the recv communicator (comm=0xfcc1cb3de000)
spark-5fa1:63:74 [0] NCCL INFO NET/IB: ncclIbRecvCommInit: Receive work requests will be posted on-demand
spark-5fa1:63:74 [0] NCCL INFO NET/IB: Subnet-aware routing: overriding dev 4 with dev 0
spark-5fa1:63:74 [0] NCCL INFO NET/IB: ncclIbSenderQpsCreate: QP created: port=1 dev=0 devName=rocep1s0f0 ndevs=4 nmdevs=6 qp_num=46238 pkey=0 pd=0xfcc1c807dc30 oooRq=0
spark-5fa1:63:74 [0] NCCL INFO NET/IB: ncclIbSenderQpsCreate: QP created: port=1 dev=0 devName=rocep1s0f0 ndevs=4 nmdevs=6 qp_num=46239 pkey=0 pd=0xfcc1c807dc30 oooRq=0
spark-5fa1:63:74 [0] NCCL INFO NET/IB: ncclIbConnectImpl: NCCL Dev 0 IbDev 0 Port 1 qp_num 46238 mtu 5 GID 6 (0/164A8C0FFFF0000) ctsFifoRkey=0x167432 ctsFifoLkey=0x167432
spark-5fa1:63:74 [0] NCCL INFO NET/IB: ncclIbConnectImpl: IbDev 0 Port 1 qp_num 46238 query_ece={supported=1, vendor_id=0x15b3, options=0x30000002, comp_mask=0x0}
spark-5fa1:63:74 [0] NCCL INFO NET/IB: ncclIbConnectImpl: NCCL Dev 0 IbDev 0 Port 1 qp_num 46239 mtu 5 GID 6 (0/164A8C0FFFF0000) ctsFifoRkey=0x167432 ctsFifoLkey=0x167432
spark-5fa1:63:74 [0] NCCL INFO NET/IB: ncclIbConnectImpl: IbDev 0 Port 1 qp_num 46239 query_ece={supported=1, vendor_id=0x15b3, options=0x30000002, comp_mask=0x0}
spark-5fa1:63:74 [0] NCCL INFO NET/IB: Subnet-aware routing: overriding dev 5 with dev 2
spark-5fa1:63:74 [0] NCCL INFO NET/IB: ncclIbSenderQpsCreate: QP created: port=1 dev=2 devName=roceP2p1s0f0 ndevs=4 nmdevs=6 qp_num=2460 pkey=0 pd=0xfcc1c81fd3e0 oooRq=0
spark-5fa1:63:74 [0] NCCL INFO NET/IB: ncclIbSenderQpsCreate: QP created: port=1 dev=2 devName=roceP2p1s0f0 ndevs=4 nmdevs=6 qp_num=2461 pkey=0 pd=0xfcc1c81fd3e0 oooRq=0
spark-5fa1:63:74 [0] NCCL INFO NET/IB: ncclIbConnectImpl: NCCL Dev 2 IbDev 2 Port 1 qp_num 2460 mtu 5 GID 3 (0/16EA8C0FFFF0000) ctsFifoRkey=0x171919 ctsFifoLkey=0x171919
spark-5fa1:63:74 [0] NCCL INFO NET/IB: ncclIbConnectImpl: IbDev 2 Port 1 qp_num 2460 query_ece={supported=1, vendor_id=0x15b3, options=0x30000002, comp_mask=0x0}
spark-5fa1:63:74 [0] NCCL INFO NET/IB: ncclIbConnectImpl: NCCL Dev 2 IbDev 2 Port 1 qp_num 2461 mtu 5 GID 3 (0/16EA8C0FFFF0000) ctsFifoRkey=0x171919 ctsFifoLkey=0x171919
spark-5fa1:63:74 [0] NCCL INFO NET/IB: ncclIbConnectImpl: IbDev 2 Port 1 qp_num 2461 query_ece={supported=1, vendor_id=0x15b3, options=0x30000002, comp_mask=0x0}
spark-5fa1:63:74 [0] NCCL INFO NET/IB: Subnet-aware routing: overriding dev 4 with dev 0
spark-5fa1:63:74 [0] NCCL INFO NET/IB: Subnet-aware routing: overriding dev 5 with dev 2
spark-5fa1:63:74 [0] NCCL INFO NET/IB: ncclIbResiliencyInit: Resiliency is disabled on the send communicator (comm=0xfcc1cb4d8000)
spark-5fa1:63:74 [0] NCCL INFO NET/IB: Subnet-aware routing: overriding dev 4 with dev 0
spark-5fa1:63:74 [0] NCCL INFO NET/IB: ncclIbSenderQpsToRts: Set ECE: IbDev 0 Port 1 qp_num 46238 set_ece={supported=1, vendor_id=0x15b3, options=0x30000002, comp_mask=0x0}
spark-5fa1:63:74 [0] NCCL INFO NET/IB: ncclIbSenderQpsToRts: Set ECE: IbDev 0 Port 1 qp_num 46239 set_ece={supported=1, vendor_id=0x15b3, options=0x30000002, comp_mask=0x0}
spark-5fa1:63:74 [0] NCCL INFO NET/IB: Subnet-aware routing: overriding dev 5 with dev 2
spark-5fa1:63:74 [0] NCCL INFO NET/IB: Subnet-aware routing: overriding dev 4 with dev 0
spark-5fa1:63:74 [0] NCCL INFO NET/IB: Subnet-aware routing: overriding dev 4 with dev 1
spark-5fa1:63:74 [0] NCCL INFO NET/IB: ncclIbReceiverQpsCreateToRts: QP created: port=1 dev=1 devName=rocep1s0f1 ndevs=4 nmdevs=6 qp_num=41247 pkey=0 pd=0xfcc1c8195ef0 oooRq=0
spark-5fa1:63:74 [0] NCCL INFO NET/IB: ncclIbReceiverQpsCreateToRts: QP created: port=1 dev=1 devName=rocep1s0f1 ndevs=4 nmdevs=6 qp_num=41248 pkey=0 pd=0xfcc1c8195ef0 oooRq=0
spark-5fa1:63:74 [0] NCCL INFO NET/IB: ncclIbReceiverQpsCreateToRts: Flush QP created: port=1 dev=1 devName=rocep1s0f1 ndevs=4 nmdevs=6 qp_num=41249 pkey=0 pd=0xfcc1c8195ef0
spark-5fa1:63:74 [0] NCCL INFO NET/IB: Subnet-aware routing: overriding dev 5 with dev 2
spark-5fa1:63:74 [0] NCCL INFO NET/IB: ncclIbResiliencyInit: Resiliency is disabled on the recv communicator (comm=0xfcc1cb590000)
spark-5fa1:63:74 [0] NCCL INFO NET/IB: ncclIbRecvCommInit: Receive work requests will be posted on-demand
spark-5fa1:63:74 [0] NCCL INFO NET/IB: Subnet-aware routing: overriding dev 5 with dev 2
spark-5fa1:63:74 [0] NCCL INFO NET/IB: ncclIbSenderQpsToRts: Set ECE: IbDev 2 Port 1 qp_num 2460 set_ece={supported=1, vendor_id=0x15b3, options=0x30000002, comp_mask=0x0}
spark-5fa1:63:74 [0] NCCL INFO NET/IB: ncclIbSenderQpsToRts: Set ECE: IbDev 2 Port 1 qp_num 2461 set_ece={supported=1, vendor_id=0x15b3, options=0x30000002, comp_mask=0x0}
spark-5fa1:63:74 [0] NCCL INFO NET/IB: Subnet-aware routing: overriding dev 4 with dev 0
spark-5fa1:63:74 [0] NCCL INFO NET/IB: ncclIbSenderQpsCreate: QP created: port=1 dev=0 devName=rocep1s0f0 ndevs=4 nmdevs=6 qp_num=46240 pkey=0 pd=0xfcc1c807dc30 oooRq=0
spark-5fa1:63:74 [0] NCCL INFO NET/IB: ncclIbSenderQpsCreate: QP created: port=1 dev=0 devName=rocep1s0f0 ndevs=4 nmdevs=6 qp_num=46241 pkey=0 pd=0xfcc1c807dc30 oooRq=0
spark-5fa1:63:74 [0] NCCL INFO NET/IB: ncclIbConnectImpl: NCCL Dev 0 IbDev 0 Port 1 qp_num 46240 mtu 5 GID 6 (0/164A8C0FFFF0000) ctsFifoRkey=0x22208f ctsFifoLkey=0x22208f
spark-5fa1:63:74 [0] NCCL INFO NET/IB: ncclIbConnectImpl: IbDev 0 Port 1 qp_num 46240 query_ece={supported=1, vendor_id=0x15b3, options=0x30000002, comp_mask=0x0}
spark-5fa1:63:74 [0] NCCL INFO NET/IB: ncclIbConnectImpl: NCCL Dev 0 IbDev 0 Port 1 qp_num 46241 mtu 5 GID 6 (0/164A8C0FFFF0000) ctsFifoRkey=0x22208f ctsFifoLkey=0x22208f
spark-5fa1:63:74 [0] NCCL INFO NET/IB: ncclIbConnectImpl: IbDev 0 Port 1 qp_num 46241 query_ece={supported=1, vendor_id=0x15b3, options=0x30000002, comp_mask=0x0}
spark-5fa1:63:74 [0] NCCL INFO NET/IB: Subnet-aware routing: overriding dev 5 with dev 2
spark-5fa1:63:74 [0] NCCL INFO NET/IB: Subnet-aware routing: overriding dev 5 with dev 3
spark-5fa1:63:74 [0] NCCL INFO NET/IB: ncclIbReceiverQpsCreateToRts: QP created: port=1 dev=3 devName=roceP2p1s0f1 ndevs=4 nmdevs=6 qp_num=2529 pkey=0 pd=0xfcc1c81fdf20 oooRq=0
spark-5fa1:63:74 [0] NCCL INFO NET/IB: ncclIbReceiverQpsCreateToRts: QP created: port=1 dev=3 devName=roceP2p1s0f1 ndevs=4 nmdevs=6 qp_num=2530 pkey=0 pd=0xfcc1c81fdf20 oooRq=0
spark-5fa1:63:74 [0] NCCL INFO NET/IB: ncclIbReceiverQpsCreateToRts: Flush QP created: port=1 dev=3 devName=roceP2p1s0f1 ndevs=4 nmdevs=6 qp_num=2531 pkey=0 pd=0xfcc1c81fdf20
spark-5fa1:63:74 [0] NCCL INFO NET/IB: Subnet-aware routing: overriding dev 4 with dev 0
spark-5fa1:63:74 [0] NCCL INFO NET/IB: ncclIbResiliencyInit: Resiliency is disabled on the send communicator (comm=0xfcc1cb6a7000)
spark-5fa1:63:74 [0] NCCL INFO NET/IB: Subnet-aware routing: overriding dev 4 with dev 0
spark-5fa1:63:74 [0] NCCL INFO NET/IB: Subnet-aware routing: overriding dev 5 with dev 2
spark-5fa1:63:74 [0] NCCL INFO NET/IB: Subnet-aware routing: overriding dev 4 with dev 0
spark-5fa1:63:74 [0] NCCL INFO NET/IB: ncclIbResiliencyInit: Resiliency is disabled on the recv communicator (comm=0xfcc1cb6eb000)
spark-5fa1:63:74 [0] NCCL INFO NET/IB: ncclIbRecvCommInit: Receive work requests will be posted on-demand
spark-5fa1:63:74 [0] NCCL INFO NET/IB: Subnet-aware routing: overriding dev 4 with dev 0
spark-5fa1:63:74 [0] NCCL INFO NET/IB: Subnet-aware routing: overriding dev 5 with dev 2
spark-5fa1:63:74 [0] NCCL INFO NET/IB: Subnet-aware routing: overriding dev 4 with dev 0
spark-5fa1:63:74 [0] NCCL INFO NET/IB: Subnet-aware routing: overriding dev 5 with dev 2
spark-5fa1:63:74 [0] NCCL INFO NET/IB: ncclIbResiliencyInit: Resiliency is disabled on the send communicator (comm=0xfcc1cb733000)
spark-5fa1:63:74 [0] NCCL INFO NET/IB: Subnet-aware routing: overriding dev 4 with dev 0
spark-5fa1:63:74 [0] NCCL INFO NET/IB: ncclIbSenderQpsToRts: Set ECE: IbDev 0 Port 1 qp_num 46240 set_ece={supported=1, vendor_id=0x15b3, options=0x30000002, comp_mask=0x0}
spark-5fa1:63:74 [0] NCCL INFO NET/IB: ncclIbSenderQpsToRts: Set ECE: IbDev 0 Port 1 qp_num 46241 set_ece={supported=1, vendor_id=0x15b3, options=0x30000002, comp_mask=0x0}
spark-5fa1:63:74 [0] NCCL INFO NET/IB: Subnet-aware routing: overriding dev 5 with dev 2
spark-5fa1:63:74 [0] NCCL INFO NET/IB: ncclIbSenderQpsCreate: QP created: port=1 dev=2 devName=roceP2p1s0f0 ndevs=4 nmdevs=6 qp_num=2462 pkey=0 pd=0xfcc1c81fd3e0 oooRq=0
spark-5fa1:63:74 [0] NCCL INFO NET/IB: ncclIbSenderQpsCreate: QP created: port=1 dev=2 devName=roceP2p1s0f0 ndevs=4 nmdevs=6 qp_num=2463 pkey=0 pd=0xfcc1c81fd3e0 oooRq=0
spark-5fa1:63:74 [0] NCCL INFO NET/IB: ncclIbConnectImpl: NCCL Dev 2 IbDev 2 Port 1 qp_num 2462 mtu 5 GID 3 (0/16EA8C0FFFF0000) ctsFifoRkey=0x1cba55 ctsFifoLkey=0x1cba55
spark-5fa1:63:74 [0] NCCL INFO NET/IB: ncclIbConnectImpl: IbDev 2 Port 1 qp_num 2462 query_ece={supported=1, vendor_id=0x15b3, options=0x30000002, comp_mask=0x0}
spark-5fa1:63:74 [0] NCCL INFO NET/IB: ncclIbConnectImpl: NCCL Dev 2 IbDev 2 Port 1 qp_num 2463 mtu 5 GID 3 (0/16EA8C0FFFF0000) ctsFifoRkey=0x1cba55 ctsFifoLkey=0x1cba55
spark-5fa1:63:74 [0] NCCL INFO NET/IB: ncclIbConnectImpl: IbDev 2 Port 1 qp_num 2463 query_ece={supported=1, vendor_id=0x15b3, options=0x30000002, comp_mask=0x0}
spark-5fa1:63:74 [0] NCCL INFO NET/IB: Subnet-aware routing: overriding dev 4 with dev 0
spark-5fa1:63:74 [0] NCCL INFO NET/IB: Subnet-aware routing: overriding dev 4 with dev 1
spark-5fa1:63:74 [0] NCCL INFO NET/IB: ncclIbReceiverQpsCreateToRts: QP created: port=1 dev=1 devName=rocep1s0f1 ndevs=4 nmdevs=6 qp_num=41250 pkey=0 pd=0xfcc1c8195ef0 oooRq=0
spark-5fa1:63:74 [0] NCCL INFO NET/IB: ncclIbReceiverQpsCreateToRts: QP created: port=1 dev=1 devName=rocep1s0f1 ndevs=4 nmdevs=6 qp_num=41251 pkey=0 pd=0xfcc1c8195ef0 oooRq=0
spark-5fa1:63:74 [0] NCCL INFO NET/IB: ncclIbReceiverQpsCreateToRts: Flush QP created: port=1 dev=1 devName=rocep1s0f1 ndevs=4 nmdevs=6 qp_num=41252 pkey=0 pd=0xfcc1c8195ef0
spark-5fa1:63:74 [0] NCCL INFO NET/IB: Subnet-aware routing: overriding dev 5 with dev 2
spark-5fa1:63:74 [0] NCCL INFO NET/IB: ncclIbResiliencyInit: Resiliency is disabled on the recv communicator (comm=0xfcc1cb849000)
spark-5fa1:63:74 [0] NCCL INFO NET/IB: ncclIbRecvCommInit: Receive work requests will be posted on-demand
spark-5fa1:63:74 [0] NCCL INFO NET/IB: Subnet-aware routing: overriding dev 5 with dev 2
spark-5fa1:63:74 [0] NCCL INFO NET/IB: Subnet-aware routing: overriding dev 4 with dev 0
spark-5fa1:63:74 [0] NCCL INFO NET/IB: Subnet-aware routing: overriding dev 5 with dev 2
spark-5fa1:63:74 [0] NCCL INFO NET/IB: Subnet-aware routing: overriding dev 4 with dev 0
spark-5fa1:63:74 [0] NCCL INFO NET/IB: ncclIbResiliencyInit: Resiliency is disabled on the send communicator (comm=0xfcc1cb891000)
spark-5fa1:63:74 [0] NCCL INFO NET/IB: Subnet-aware routing: overriding dev 5 with dev 2
spark-5fa1:63:74 [0] NCCL INFO NET/IB: ncclIbSenderQpsToRts: Set ECE: IbDev 2 Port 1 qp_num 2462 set_ece={supported=1, vendor_id=0x15b3, options=0x30000002, comp_mask=0x0}
spark-5fa1:63:74 [0] NCCL INFO NET/IB: ncclIbSenderQpsToRts: Set ECE: IbDev 2 Port 1 qp_num 2463 set_ece={supported=1, vendor_id=0x15b3, options=0x30000002, comp_mask=0x0}
spark-5fa1:63:74 [0] NCCL INFO NET/IB: Subnet-aware routing: overriding dev 4 with dev 0
spark-5fa1:63:74 [0] NCCL INFO NET/IB: ncclIbSenderQpsCreate: QP created: port=1 dev=0 devName=rocep1s0f0 ndevs=4 nmdevs=6 qp_num=46242 pkey=0 pd=0xfcc1c807dc30 oooRq=0
spark-5fa1:63:74 [0] NCCL INFO NET/IB: ncclIbSenderQpsCreate: QP created: port=1 dev=0 devName=rocep1s0f0 ndevs=4 nmdevs=6 qp_num=46243 pkey=0 pd=0xfcc1c807dc30 oooRq=0
spark-5fa1:63:74 [0] NCCL INFO NET/IB: ncclIbConnectImpl: NCCL Dev 0 IbDev 0 Port 1 qp_num 46242 mtu 5 GID 6 (0/164A8C0FFFF0000) ctsFifoRkey=0x2239a8 ctsFifoLkey=0x2239a8
spark-5fa1:63:74 [0] NCCL INFO NET/IB: ncclIbConnectImpl: IbDev 0 Port 1 qp_num 46242 query_ece={supported=1, vendor_id=0x15b3, options=0x30000002, comp_mask=0x0}
spark-5fa1:63:74 [0] NCCL INFO NET/IB: ncclIbConnectImpl: NCCL Dev 0 IbDev 0 Port 1 qp_num 46243 mtu 5 GID 6 (0/164A8C0FFFF0000) ctsFifoRkey=0x2239a8 ctsFifoLkey=0x2239a8
spark-5fa1:63:74 [0] NCCL INFO NET/IB: ncclIbConnectImpl: IbDev 0 Port 1 qp_num 46243 query_ece={supported=1, vendor_id=0x15b3, options=0x30000002, comp_mask=0x0}
spark-5fa1:63:74 [0] NCCL INFO NET/IB: Subnet-aware routing: overriding dev 5 with dev 2
spark-5fa1:63:74 [0] NCCL INFO NET/IB: Subnet-aware routing: overriding dev 5 with dev 3
spark-5fa1:63:74 [0] NCCL INFO NET/IB: ncclIbReceiverQpsCreateToRts: QP created: port=1 dev=3 devName=roceP2p1s0f1 ndevs=4 nmdevs=6 qp_num=2532 pkey=0 pd=0xfcc1c81fdf20 oooRq=0
spark-5fa1:63:74 [0] NCCL INFO NET/IB: ncclIbReceiverQpsCreateToRts: QP created: port=1 dev=3 devName=roceP2p1s0f1 ndevs=4 nmdevs=6 qp_num=2533 pkey=0 pd=0xfcc1c81fdf20 oooRq=0
spark-5fa1:63:74 [0] NCCL INFO NET/IB: ncclIbReceiverQpsCreateToRts: Flush QP created: port=1 dev=3 devName=roceP2p1s0f1 ndevs=4 nmdevs=6 qp_num=2534 pkey=0 pd=0xfcc1c81fdf20
spark-5fa1:63:74 [0] NCCL INFO NET/IB: Subnet-aware routing: overriding dev 4 with dev 0
spark-5fa1:63:74 [0] NCCL INFO NET/IB: ncclIbResiliencyInit: Resiliency is disabled on the recv communicator (comm=0xfcc1cb9a5000)
spark-5fa1:63:74 [0] NCCL INFO NET/IB: ncclIbRecvCommInit: Receive work requests will be posted on-demand
spark-5fa1:63:74 [0] NCCL INFO NET/IB: Subnet-aware routing: overriding dev 4 with dev 0
spark-5fa1:63:74 [0] NCCL INFO NET/IB: Subnet-aware routing: overriding dev 5 with dev 2
spark-5fa1:63:74 [0] NCCL INFO NET/IB: Subnet-aware routing: overriding dev 4 with dev 0
spark-5fa1:63:74 [0] NCCL INFO NET/IB: Subnet-aware routing: overriding dev 5 with dev 2
spark-5fa1:63:74 [0] NCCL INFO NET/IB: ncclIbResiliencyInit: Resiliency is disabled on the send communicator (comm=0xfcc1cb9ed000)
spark-5fa1:63:74 [0] NCCL INFO NET/IB: Subnet-aware routing: overriding dev 4 with dev 0
spark-5fa1:63:74 [0] NCCL INFO NET/IB: Subnet-aware routing: overriding dev 5 with dev 2
spark-5fa1:63:74 [0] NCCL INFO NET/IB: Subnet-aware routing: overriding dev 4 with dev 0
spark-5fa1:63:74 [0] NCCL INFO NET/IB: Subnet-aware routing: overriding dev 5 with dev 2
spark-5fa1:63:74 [0] NCCL INFO NET/IB: ncclIbResiliencyInit: Resiliency is disabled on the recv communicator (comm=0xfcc1cba31000)
spark-5fa1:63:74 [0] NCCL INFO NET/IB: ncclIbRecvCommInit: Receive work requests will be posted on-demand
spark-5fa1:63:74 [0] NCCL INFO NET/IB: Subnet-aware routing: overriding dev 4 with dev 0
spark-5fa1:63:74 [0] NCCL INFO NET/IB: ncclIbSenderQpsToRts: Set ECE: IbDev 0 Port 1 qp_num 46242 set_ece={supported=1, vendor_id=0x15b3, options=0x30000002, comp_mask=0x0}
spark-5fa1:63:74 [0] NCCL INFO NET/IB: ncclIbSenderQpsToRts: Set ECE: IbDev 0 Port 1 qp_num 46243 set_ece={supported=1, vendor_id=0x15b3, options=0x30000002, comp_mask=0x0}
spark-5fa1:63:74 [0] NCCL INFO NET/IB: Subnet-aware routing: overriding dev 5 with dev 2
spark-5fa1:63:74 [0] NCCL INFO NET/IB: ncclIbSenderQpsCreate: QP created: port=1 dev=2 devName=roceP2p1s0f0 ndevs=4 nmdevs=6 qp_num=2464 pkey=0 pd=0xfcc1c81fd3e0 oooRq=0
spark-5fa1:63:74 [0] NCCL INFO NET/IB: ncclIbSenderQpsCreate: QP created: port=1 dev=2 devName=roceP2p1s0f0 ndevs=4 nmdevs=6 qp_num=2465 pkey=0 pd=0xfcc1c81fd3e0 oooRq=0
spark-5fa1:63:74 [0] NCCL INFO NET/IB: ncclIbConnectImpl: NCCL Dev 2 IbDev 2 Port 1 qp_num 2464 mtu 5 GID 3 (0/16EA8C0FFFF0000) ctsFifoRkey=0x17302e ctsFifoLkey=0x17302e
spark-5fa1:63:74 [0] NCCL INFO NET/IB: ncclIbConnectImpl: IbDev 2 Port 1 qp_num 2464 query_ece={supported=1, vendor_id=0x15b3, options=0x30000002, comp_mask=0x0}
spark-5fa1:63:74 [0] NCCL INFO NET/IB: ncclIbConnectImpl: NCCL Dev 2 IbDev 2 Port 1 qp_num 2465 mtu 5 GID 3 (0/16EA8C0FFFF0000) ctsFifoRkey=0x17302e ctsFifoLkey=0x17302e
spark-5fa1:63:74 [0] NCCL INFO NET/IB: ncclIbConnectImpl: IbDev 2 Port 1 qp_num 2465 query_ece={supported=1, vendor_id=0x15b3, options=0x30000002, comp_mask=0x0}
spark-5fa1:63:74 [0] NCCL INFO NET/IB: Subnet-aware routing: overriding dev 4 with dev 0
spark-5fa1:63:74 [0] NCCL INFO NET/IB: Subnet-aware routing: overriding dev 4 with dev 1
spark-5fa1:63:74 [0] NCCL INFO NET/IB: ncclIbReceiverQpsCreateToRts: QP created: port=1 dev=1 devName=rocep1s0f1 ndevs=4 nmdevs=6 qp_num=41253 pkey=0 pd=0xfcc1c8195ef0 oooRq=0
spark-5fa1:63:74 [0] NCCL INFO NET/IB: ncclIbReceiverQpsCreateToRts: QP created: port=1 dev=1 devName=rocep1s0f1 ndevs=4 nmdevs=6 qp_num=41254 pkey=0 pd=0xfcc1c8195ef0 oooRq=0
spark-5fa1:63:74 [0] NCCL INFO NET/IB: ncclIbReceiverQpsCreateToRts: Flush QP created: port=1 dev=1 devName=rocep1s0f1 ndevs=4 nmdevs=6 qp_num=41255 pkey=0 pd=0xfcc1c8195ef0
spark-5fa1:63:74 [0] NCCL INFO NET/IB: Subnet-aware routing: overriding dev 5 with dev 2
spark-5fa1:63:74 [0] NCCL INFO NET/IB: Subnet-aware routing: overriding dev 5 with dev 3
spark-5fa1:63:74 [0] NCCL INFO NET/IB: ncclIbReceiverQpsCreateToRts: QP created: port=1 dev=3 devName=roceP2p1s0f1 ndevs=4 nmdevs=6 qp_num=2535 pkey=0 pd=0xfcc1c81fdf20 oooRq=0
spark-5fa1:63:74 [0] NCCL INFO NET/IB: ncclIbReceiverQpsCreateToRts: QP created: port=1 dev=3 devName=roceP2p1s0f1 ndevs=4 nmdevs=6 qp_num=2536 pkey=0 pd=0xfcc1c81fdf20 oooRq=0
spark-5fa1:63:74 [0] NCCL INFO NET/IB: ncclIbReceiverQpsCreateToRts: Flush QP created: port=1 dev=3 devName=roceP2p1s0f1 ndevs=4 nmdevs=6 qp_num=2537 pkey=0 pd=0xfcc1c81fdf20
spark-5fa1:63:74 [0] NCCL INFO NET/IB: Subnet-aware routing: overriding dev 4 with dev 0
spark-5fa1:63:74 [0] NCCL INFO NET/IB: ncclIbResiliencyInit: Resiliency is disabled on the send communicator (comm=0xfcc1cbbc5000)
spark-5fa1:63:74 [0] NCCL INFO NET/IB: Subnet-aware routing: overriding dev 5 with dev 2
spark-5fa1:63:74 [0] NCCL INFO NET/IB: ncclIbSenderQpsToRts: Set ECE: IbDev 2 Port 1 qp_num 2464 set_ece={supported=1, vendor_id=0x15b3, options=0x30000002, comp_mask=0x0}
spark-5fa1:63:74 [0] NCCL INFO NET/IB: ncclIbSenderQpsToRts: Set ECE: IbDev 2 Port 1 qp_num 2465 set_ece={supported=1, vendor_id=0x15b3, options=0x30000002, comp_mask=0x0}
spark-5fa1:63:74 [0] NCCL INFO NET/IB: Subnet-aware routing: overriding dev 4 with dev 0
spark-5fa1:63:74 [0] NCCL INFO NET/IB: ncclIbSenderQpsCreate: QP created: port=1 dev=0 devName=rocep1s0f0 ndevs=4 nmdevs=6 qp_num=46244 pkey=0 pd=0xfcc1c807dc30 oooRq=0
spark-5fa1:63:74 [0] NCCL INFO NET/IB: ncclIbSenderQpsCreate: QP created: port=1 dev=0 devName=rocep1s0f0 ndevs=4 nmdevs=6 qp_num=46245 pkey=0 pd=0xfcc1c807dc30 oooRq=0
spark-5fa1:63:74 [0] NCCL INFO NET/IB: ncclIbConnectImpl: NCCL Dev 0 IbDev 0 Port 1 qp_num 46244 mtu 5 GID 6 (0/164A8C0FFFF0000) ctsFifoRkey=0x222594 ctsFifoLkey=0x222594
spark-5fa1:63:74 [0] NCCL INFO NET/IB: ncclIbConnectImpl: IbDev 0 Port 1 qp_num 46244 query_ece={supported=1, vendor_id=0x15b3, options=0x30000002, comp_mask=0x0}
spark-5fa1:63:74 [0] NCCL INFO NET/IB: ncclIbConnectImpl: NCCL Dev 0 IbDev 0 Port 1 qp_num 46245 mtu 5 GID 6 (0/164A8C0FFFF0000) ctsFifoRkey=0x222594 ctsFifoLkey=0x222594
spark-5fa1:63:74 [0] NCCL INFO NET/IB: ncclIbConnectImpl: IbDev 0 Port 1 qp_num 46245 query_ece={supported=1, vendor_id=0x15b3, options=0x30000002, comp_mask=0x0}
spark-5fa1:63:74 [0] NCCL INFO NET/IB: Subnet-aware routing: overriding dev 5 with dev 2
spark-5fa1:63:74 [0] NCCL INFO NET/IB: Subnet-aware routing: overriding dev 4 with dev 0
spark-5fa1:63:74 [0] NCCL INFO NET/IB: ncclIbResiliencyInit: Resiliency is disabled on the recv communicator (comm=0xfcc1cbc62000)
spark-5fa1:63:74 [0] NCCL INFO NET/IB: ncclIbRecvCommInit: Receive work requests will be posted on-demand
spark-5fa1:63:74 [0] NCCL INFO NET/IB: Subnet-aware routing: overriding dev 4 with dev 0
spark-5fa1:63:74 [0] NCCL INFO NET/IB: Subnet-aware routing: overriding dev 5 with dev 2
spark-5fa1:63:74 [0] NCCL INFO NET/IB: Subnet-aware routing: overriding dev 4 with dev 0
spark-5fa1:63:74 [0] NCCL INFO NET/IB: Subnet-aware routing: overriding dev 5 with dev 2
spark-5fa1:63:74 [0] NCCL INFO NET/IB: ncclIbResiliencyInit: Resiliency is disabled on the send communicator (comm=0xfcc1cbcaa000)
spark-5fa1:63:74 [0] NCCL INFO NET/IB: Subnet-aware routing: overriding dev 4 with dev 0
spark-5fa1:63:74 [0] NCCL INFO NET/IB: ncclIbSenderQpsToRts: Set ECE: IbDev 0 Port 1 qp_num 46244 set_ece={supported=1, vendor_id=0x15b3, options=0x30000002, comp_mask=0x0}
spark-5fa1:63:74 [0] NCCL INFO NET/IB: ncclIbSenderQpsToRts: Set ECE: IbDev 0 Port 1 qp_num 46245 set_ece={supported=1, vendor_id=0x15b3, options=0x30000002, comp_mask=0x0}
spark-5fa1:63:74 [0] NCCL INFO NET/IB: Subnet-aware routing: overriding dev 5 with dev 2
spark-5fa1:63:74 [0] NCCL INFO NET/IB: ncclIbSenderQpsCreate: QP created: port=1 dev=2 devName=roceP2p1s0f0 ndevs=4 nmdevs=6 qp_num=2466 pkey=0 pd=0xfcc1c81fd3e0 oooRq=0
spark-5fa1:63:74 [0] NCCL INFO NET/IB: ncclIbSenderQpsCreate: QP created: port=1 dev=2 devName=roceP2p1s0f0 ndevs=4 nmdevs=6 qp_num=2467 pkey=0 pd=0xfcc1c81fd3e0 oooRq=0
spark-5fa1:63:74 [0] NCCL INFO NET/IB: ncclIbConnectImpl: NCCL Dev 2 IbDev 2 Port 1 qp_num 2466 mtu 5 GID 3 (0/16EA8C0FFFF0000) ctsFifoRkey=0x19a19f ctsFifoLkey=0x19a19f
spark-5fa1:63:74 [0] NCCL INFO NET/IB: ncclIbConnectImpl: IbDev 2 Port 1 qp_num 2466 query_ece={supported=1, vendor_id=0x15b3, options=0x30000002, comp_mask=0x0}
spark-5fa1:63:74 [0] NCCL INFO NET/IB: ncclIbConnectImpl: NCCL Dev 2 IbDev 2 Port 1 qp_num 2467 mtu 5 GID 3 (0/16EA8C0FFFF0000) ctsFifoRkey=0x19a19f ctsFifoLkey=0x19a19f
spark-5fa1:63:74 [0] NCCL INFO NET/IB: ncclIbConnectImpl: IbDev 2 Port 1 qp_num 2467 query_ece={supported=1, vendor_id=0x15b3, options=0x30000002, comp_mask=0x0}
spark-5fa1:63:74 [0] NCCL INFO NET/IB: Subnet-aware routing: overriding dev 4 with dev 0
spark-5fa1:63:74 [0] NCCL INFO NET/IB: ncclIbSenderQpsCreate: QP created: port=1 dev=0 devName=rocep1s0f0 ndevs=4 nmdevs=6 qp_num=46246 pkey=0 pd=0xfcc1c807dc30 oooRq=0
spark-5fa1:63:74 [0] NCCL INFO NET/IB: ncclIbSenderQpsCreate: QP created: port=1 dev=0 devName=rocep1s0f0 ndevs=4 nmdevs=6 qp_num=46247 pkey=0 pd=0xfcc1c807dc30 oooRq=0
spark-5fa1:63:74 [0] NCCL INFO NET/IB: ncclIbConnectImpl: NCCL Dev 0 IbDev 0 Port 1 qp_num 46246 mtu 5 GID 6 (0/164A8C0FFFF0000) ctsFifoRkey=0x221b8a ctsFifoLkey=0x221b8a
spark-5fa1:63:74 [0] NCCL INFO NET/IB: ncclIbConnectImpl: IbDev 0 Port 1 qp_num 46246 query_ece={supported=1, vendor_id=0x15b3, options=0x30000002, comp_mask=0x0}
spark-5fa1:63:74 [0] NCCL INFO NET/IB: ncclIbConnectImpl: NCCL Dev 0 IbDev 0 Port 1 qp_num 46247 mtu 5 GID 6 (0/164A8C0FFFF0000) ctsFifoRkey=0x221b8a ctsFifoLkey=0x221b8a
spark-5fa1:63:74 [0] NCCL INFO NET/IB: ncclIbConnectImpl: IbDev 0 Port 1 qp_num 46247 query_ece={supported=1, vendor_id=0x15b3, options=0x30000002, comp_mask=0x0}
spark-5fa1:63:74 [0] NCCL INFO NET/IB: Subnet-aware routing: overriding dev 4 with dev 1
spark-5fa1:63:74 [0] NCCL INFO NET/IB: ncclIbReceiverQpsCreateToRts: QP created: port=1 dev=1 devName=rocep1s0f1 ndevs=4 nmdevs=6 qp_num=41256 pkey=0 pd=0xfcc1c8195ef0 oooRq=0
spark-5fa1:63:74 [0] NCCL INFO NET/IB: ncclIbReceiverQpsCreateToRts: QP created: port=1 dev=1 devName=rocep1s0f1 ndevs=4 nmdevs=6 qp_num=41257 pkey=0 pd=0xfcc1c8195ef0 oooRq=0
spark-5fa1:63:74 [0] NCCL INFO NET/IB: ncclIbReceiverQpsCreateToRts: Flush QP created: port=1 dev=1 devName=rocep1s0f1 ndevs=4 nmdevs=6 qp_num=41258 pkey=0 pd=0xfcc1c8195ef0
spark-5fa1:63:74 [0] NCCL INFO NET/IB: Subnet-aware routing: overriding dev 5 with dev 2
spark-5fa1:63:74 [0] NCCL INFO NET/IB: ncclIbResiliencyInit: Resiliency is disabled on the recv communicator (comm=0xfcc1cbe20000)
spark-5fa1:63:74 [0] NCCL INFO NET/IB: ncclIbRecvCommInit: Receive work requests will be posted on-demand
spark-5fa1:63:74 [0] NCCL INFO NET/IB: Subnet-aware routing: overriding dev 5 with dev 2
spark-5fa1:63:74 [0] NCCL INFO NET/IB: Subnet-aware routing: overriding dev 4 with dev 0
spark-5fa1:63:74 [0] NCCL INFO NET/IB: Subnet-aware routing: overriding dev 5 with dev 2
spark-5fa1:63:74 [0] NCCL INFO NET/IB: Subnet-aware routing: overriding dev 4 with dev 0
spark-5fa1:63:74 [0] NCCL INFO NET/IB: ncclIbResiliencyInit: Resiliency is disabled on the send communicator (comm=0xfcc1cbe68000)
spark-5fa1:63:74 [0] NCCL INFO NET/IB: Subnet-aware routing: overriding dev 5 with dev 2
spark-5fa1:63:74 [0] NCCL INFO NET/IB: Subnet-aware routing: overriding dev 4 with dev 0
spark-5fa1:63:74 [0] NCCL INFO NET/IB: Subnet-aware routing: overriding dev 5 with dev 2
spark-5fa1:63:74 [0] NCCL INFO NET/IB: Subnet-aware routing: overriding dev 4 with dev 0
spark-5fa1:63:74 [0] NCCL INFO NET/IB: ncclIbResiliencyInit: Resiliency is disabled on the recv communicator (comm=0xfcc1cbeac000)
spark-5fa1:63:74 [0] NCCL INFO NET/IB: ncclIbRecvCommInit: Receive work requests will be posted on-demand
spark-5fa1:63:74 [0] NCCL INFO NET/IB: Subnet-aware routing: overriding dev 5 with dev 2
spark-5fa1:63:74 [0] NCCL INFO NET/IB: Subnet-aware routing: overriding dev 4 with dev 0
spark-5fa1:63:74 [0] NCCL INFO NET/IB: Subnet-aware routing: overriding dev 5 with dev 2
spark-5fa1:63:74 [0] NCCL INFO NET/IB: Subnet-aware routing: overriding dev 4 with dev 0
spark-5fa1:63:74 [0] NCCL INFO NET/IB: Subnet-aware routing: overriding dev 5 with dev 2
spark-5fa1:63:74 [0] NCCL INFO NET/IB: ncclIbResiliencyInit: Resiliency is disabled on the send communicator (comm=0xfcc1cbef4000)
spark-5fa1:63:74 [0] NCCL INFO NET/IB: Subnet-aware routing: overriding dev 5 with dev 2
spark-5fa1:63:74 [0] NCCL INFO NET/IB: ncclIbSenderQpsToRts: Set ECE: IbDev 2 Port 1 qp_num 2466 set_ece={supported=1, vendor_id=0x15b3, options=0x30000002, comp_mask=0x0}
spark-5fa1:63:74 [0] NCCL INFO NET/IB: ncclIbSenderQpsToRts: Set ECE: IbDev 2 Port 1 qp_num 2467 set_ece={supported=1, vendor_id=0x15b3, options=0x30000002, comp_mask=0x0}
spark-5fa1:63:74 [0] NCCL INFO NET/IB: Subnet-aware routing: overriding dev 4 with dev 0
spark-5fa1:63:74 [0] NCCL INFO NET/IB: ncclIbSenderQpsToRts: Set ECE: IbDev 0 Port 1 qp_num 46246 set_ece={supported=1, vendor_id=0x15b3, options=0x30000002, comp_mask=0x0}
spark-5fa1:63:74 [0] NCCL INFO NET/IB: ncclIbSenderQpsToRts: Set ECE: IbDev 0 Port 1 qp_num 46247 set_ece={supported=1, vendor_id=0x15b3, options=0x30000002, comp_mask=0x0}
spark-5fa1:63:74 [0] NCCL INFO NET/IB: Subnet-aware routing: overriding dev 5 with dev 2
spark-5fa1:63:74 [0] NCCL INFO NET/IB: Subnet-aware routing: overriding dev 5 with dev 3
spark-5fa1:63:74 [0] NCCL INFO NET/IB: ncclIbReceiverQpsCreateToRts: QP created: port=1 dev=3 devName=roceP2p1s0f1 ndevs=4 nmdevs=6 qp_num=2538 pkey=0 pd=0xfcc1c81fdf20 oooRq=0
spark-5fa1:63:74 [0] NCCL INFO NET/IB: ncclIbReceiverQpsCreateToRts: QP created: port=1 dev=3 devName=roceP2p1s0f1 ndevs=4 nmdevs=6 qp_num=2539 pkey=0 pd=0xfcc1c81fdf20 oooRq=0
spark-5fa1:63:74 [0] NCCL INFO NET/IB: ncclIbReceiverQpsCreateToRts: Flush QP created: port=1 dev=3 devName=roceP2p1s0f1 ndevs=4 nmdevs=6 qp_num=2540 pkey=0 pd=0xfcc1c81fdf20
spark-5fa1:63:74 [0] NCCL INFO NET/IB: Subnet-aware routing: overriding dev 4 with dev 0
spark-5fa1:63:74 [0] NCCL INFO NET/IB: Subnet-aware routing: overriding dev 4 with dev 1
spark-5fa1:63:74 [0] NCCL INFO NET/IB: ncclIbReceiverQpsCreateToRts: QP created: port=1 dev=1 devName=rocep1s0f1 ndevs=4 nmdevs=6 qp_num=41259 pkey=0 pd=0xfcc1c8195ef0 oooRq=0
spark-5fa1:63:74 [0] NCCL INFO NET/IB: ncclIbReceiverQpsCreateToRts: QP created: port=1 dev=1 devName=rocep1s0f1 ndevs=4 nmdevs=6 qp_num=41260 pkey=0 pd=0xfcc1c8195ef0 oooRq=0
spark-5fa1:63:74 [0] NCCL INFO NET/IB: ncclIbReceiverQpsCreateToRts: Flush QP created: port=1 dev=1 devName=rocep1s0f1 ndevs=4 nmdevs=6 qp_num=41261 pkey=0 pd=0xfcc1c8195ef0
spark-5fa1:63:74 [0] NCCL INFO NET/IB: Subnet-aware routing: overriding dev 5 with dev 2
spark-5fa1:63:74 [0] NCCL INFO NET/IB: ncclIbResiliencyInit: Resiliency is disabled on the recv communicator (comm=0xfcc19803b000)
spark-5fa1:63:74 [0] NCCL INFO NET/IB: ncclIbRecvCommInit: Receive work requests will be posted on-demand
spark-5fa1:63:74 [0] NCCL INFO NET/IB: Subnet-aware routing: overriding dev 5 with dev 2
spark-5fa1:63:74 [0] NCCL INFO NET/IB: ncclIbSenderQpsCreate: QP created: port=1 dev=2 devName=roceP2p1s0f0 ndevs=4 nmdevs=6 qp_num=2468 pkey=0 pd=0xfcc1c81fd3e0 oooRq=0
spark-5fa1:63:74 [0] NCCL INFO NET/IB: ncclIbSenderQpsCreate: QP created: port=1 dev=2 devName=roceP2p1s0f0 ndevs=4 nmdevs=6 qp_num=2469 pkey=0 pd=0xfcc1c81fd3e0 oooRq=0
spark-5fa1:63:74 [0] NCCL INFO NET/IB: ncclIbConnectImpl: NCCL Dev 2 IbDev 2 Port 1 qp_num 2468 mtu 5 GID 3 (0/16EA8C0FFFF0000) ctsFifoRkey=0x184744 ctsFifoLkey=0x184744
spark-5fa1:63:74 [0] NCCL INFO NET/IB: ncclIbConnectImpl: IbDev 2 Port 1 qp_num 2468 query_ece={supported=1, vendor_id=0x15b3, options=0x30000002, comp_mask=0x0}
spark-5fa1:63:74 [0] NCCL INFO NET/IB: ncclIbConnectImpl: NCCL Dev 2 IbDev 2 Port 1 qp_num 2469 mtu 5 GID 3 (0/16EA8C0FFFF0000) ctsFifoRkey=0x184744 ctsFifoLkey=0x184744
spark-5fa1:63:74 [0] NCCL INFO NET/IB: ncclIbConnectImpl: IbDev 2 Port 1 qp_num 2469 query_ece={supported=1, vendor_id=0x15b3, options=0x30000002, comp_mask=0x0}
spark-5fa1:63:74 [0] NCCL INFO NET/IB: Subnet-aware routing: overriding dev 4 with dev 0
spark-5fa1:63:74 [0] NCCL INFO NET/IB: Subnet-aware routing: overriding dev 5 with dev 2
spark-5fa1:63:74 [0] NCCL INFO NET/IB: Subnet-aware routing: overriding dev 4 with dev 0
spark-5fa1:63:74 [0] NCCL INFO NET/IB: ncclIbResiliencyInit: Resiliency is disabled on the send communicator (comm=0xfcc1980de000)
spark-5fa1:63:74 [0] NCCL INFO NET/IB: Subnet-aware routing: overriding dev 5 with dev 2
spark-5fa1:63:74 [0] NCCL INFO NET/IB: Subnet-aware routing: overriding dev 4 with dev 0
spark-5fa1:63:74 [0] NCCL INFO NET/IB: Subnet-aware routing: overriding dev 5 with dev 2
spark-5fa1:63:74 [0] NCCL INFO NET/IB: Subnet-aware routing: overriding dev 4 with dev 0
spark-5fa1:63:74 [0] NCCL INFO NET/IB: ncclIbResiliencyInit: Resiliency is disabled on the recv communicator (comm=0xfcc19811f000)
spark-5fa1:63:74 [0] NCCL INFO NET/IB: ncclIbRecvCommInit: Receive work requests will be posted on-demand
spark-5fa1:63:74 [0] NCCL INFO NET/IB: Subnet-aware routing: overriding dev 5 with dev 2
spark-5fa1:63:74 [0] NCCL INFO NET/IB: ncclIbSenderQpsToRts: Set ECE: IbDev 2 Port 1 qp_num 2468 set_ece={supported=1, vendor_id=0x15b3, options=0x30000002, comp_mask=0x0}
spark-5fa1:63:74 [0] NCCL INFO NET/IB: ncclIbSenderQpsToRts: Set ECE: IbDev 2 Port 1 qp_num 2469 set_ece={supported=1, vendor_id=0x15b3, options=0x30000002, comp_mask=0x0}
spark-5fa1:63:74 [0] NCCL INFO NET/IB: Subnet-aware routing: overriding dev 4 with dev 0
spark-5fa1:63:74 [0] NCCL INFO NET/IB: ncclIbSenderQpsCreate: QP created: port=1 dev=0 devName=rocep1s0f0 ndevs=4 nmdevs=6 qp_num=46248 pkey=0 pd=0xfcc1c807dc30 oooRq=0
spark-5fa1:63:74 [0] NCCL INFO NET/IB: ncclIbSenderQpsCreate: QP created: port=1 dev=0 devName=rocep1s0f0 ndevs=4 nmdevs=6 qp_num=46249 pkey=0 pd=0xfcc1c807dc30 oooRq=0
spark-5fa1:63:74 [0] NCCL INFO NET/IB: ncclIbConnectImpl: NCCL Dev 0 IbDev 0 Port 1 qp_num 46248 mtu 5 GID 6 (0/164A8C0FFFF0000) ctsFifoRkey=0x18a18c ctsFifoLkey=0x18a18c
spark-5fa1:63:74 [0] NCCL INFO NET/IB: ncclIbConnectImpl: IbDev 0 Port 1 qp_num 46248 query_ece={supported=1, vendor_id=0x15b3, options=0x30000002, comp_mask=0x0}
spark-5fa1:63:74 [0] NCCL INFO NET/IB: ncclIbConnectImpl: NCCL Dev 0 IbDev 0 Port 1 qp_num 46249 mtu 5 GID 6 (0/164A8C0FFFF0000) ctsFifoRkey=0x18a18c ctsFifoLkey=0x18a18c
spark-5fa1:63:74 [0] NCCL INFO NET/IB: ncclIbConnectImpl: IbDev 0 Port 1 qp_num 46249 query_ece={supported=1, vendor_id=0x15b3, options=0x30000002, comp_mask=0x0}
spark-5fa1:63:74 [0] NCCL INFO NET/IB: Subnet-aware routing: overriding dev 5 with dev 2
spark-5fa1:63:74 [0] NCCL INFO NET/IB: ncclIbSenderQpsCreate: QP created: port=1 dev=2 devName=roceP2p1s0f0 ndevs=4 nmdevs=6 qp_num=2470 pkey=0 pd=0xfcc1c81fd3e0 oooRq=0
spark-5fa1:63:74 [0] NCCL INFO NET/IB: ncclIbSenderQpsCreate: QP created: port=1 dev=2 devName=roceP2p1s0f0 ndevs=4 nmdevs=6 qp_num=2471 pkey=0 pd=0xfcc1c81fd3e0 oooRq=0
spark-5fa1:63:74 [0] NCCL INFO NET/IB: ncclIbConnectImpl: NCCL Dev 2 IbDev 2 Port 1 qp_num 2470 mtu 5 GID 3 (0/16EA8C0FFFF0000) ctsFifoRkey=0x17bdba ctsFifoLkey=0x17bdba
spark-5fa1:63:74 [0] NCCL INFO NET/IB: ncclIbConnectImpl: IbDev 2 Port 1 qp_num 2470 query_ece={supported=1, vendor_id=0x15b3, options=0x30000002, comp_mask=0x0}
spark-5fa1:63:74 [0] NCCL INFO NET/IB: ncclIbConnectImpl: NCCL Dev 2 IbDev 2 Port 1 qp_num 2471 mtu 5 GID 3 (0/16EA8C0FFFF0000) ctsFifoRkey=0x17bdba ctsFifoLkey=0x17bdba
spark-5fa1:63:74 [0] NCCL INFO NET/IB: ncclIbConnectImpl: IbDev 2 Port 1 qp_num 2471 query_ece={supported=1, vendor_id=0x15b3, options=0x30000002, comp_mask=0x0}
spark-5fa1:63:74 [0] NCCL INFO NET/IB: Subnet-aware routing: overriding dev 5 with dev 3
spark-5fa1:63:74 [0] NCCL INFO NET/IB: ncclIbReceiverQpsCreateToRts: QP created: port=1 dev=3 devName=roceP2p1s0f1 ndevs=4 nmdevs=6 qp_num=2541 pkey=0 pd=0xfcc1c81fdf20 oooRq=0
spark-5fa1:63:74 [0] NCCL INFO NET/IB: ncclIbReceiverQpsCreateToRts: QP created: port=1 dev=3 devName=roceP2p1s0f1 ndevs=4 nmdevs=6 qp_num=2542 pkey=0 pd=0xfcc1c81fdf20 oooRq=0
spark-5fa1:63:74 [0] NCCL INFO NET/IB: ncclIbReceiverQpsCreateToRts: Flush QP created: port=1 dev=3 devName=roceP2p1s0f1 ndevs=4 nmdevs=6 qp_num=2543 pkey=0 pd=0xfcc1c81fdf20
spark-5fa1:63:74 [0] NCCL INFO NET/IB: Subnet-aware routing: overriding dev 4 with dev 0
spark-5fa1:63:74 [0] NCCL INFO NET/IB: Subnet-aware routing: overriding dev 4 with dev 1
spark-5fa1:63:74 [0] NCCL INFO NET/IB: ncclIbReceiverQpsCreateToRts: QP created: port=1 dev=1 devName=rocep1s0f1 ndevs=4 nmdevs=6 qp_num=41262 pkey=0 pd=0xfcc1c8195ef0 oooRq=0
spark-5fa1:63:74 [0] NCCL INFO NET/IB: ncclIbReceiverQpsCreateToRts: QP created: port=1 dev=1 devName=rocep1s0f1 ndevs=4 nmdevs=6 qp_num=41263 pkey=0 pd=0xfcc1c8195ef0 oooRq=0
spark-5fa1:63:74 [0] NCCL INFO NET/IB: ncclIbReceiverQpsCreateToRts: Flush QP created: port=1 dev=1 devName=rocep1s0f1 ndevs=4 nmdevs=6 qp_num=41264 pkey=0 pd=0xfcc1c8195ef0
spark-5fa1:63:74 [0] NCCL INFO NET/IB: Subnet-aware routing: overriding dev 5 with dev 2
spark-5fa1:63:74 [0] NCCL INFO NET/IB: ncclIbResiliencyInit: Resiliency is disabled on the send communicator (comm=0xfcc19830f000)
spark-5fa1:63:74 [0] NCCL INFO NET/IB: Subnet-aware routing: overriding dev 4 with dev 0
spark-5fa1:63:74 [0] NCCL INFO NET/IB: ncclIbSenderQpsToRts: Set ECE: IbDev 0 Port 1 qp_num 46248 set_ece={supported=1, vendor_id=0x15b3, options=0x30000002, comp_mask=0x0}
spark-5fa1:63:74 [0] NCCL INFO NET/IB: ncclIbSenderQpsToRts: Set ECE: IbDev 0 Port 1 qp_num 46249 set_ece={supported=1, vendor_id=0x15b3, options=0x30000002, comp_mask=0x0}
spark-5fa1:63:74 [0] NCCL INFO NET/IB: Subnet-aware routing: overriding dev 5 with dev 2
spark-5fa1:63:74 [0] NCCL INFO NET/IB: ncclIbSenderQpsToRts: Set ECE: IbDev 2 Port 1 qp_num 2470 set_ece={supported=1, vendor_id=0x15b3, options=0x30000002, comp_mask=0x0}
spark-5fa1:63:74 [0] NCCL INFO NET/IB: ncclIbSenderQpsToRts: Set ECE: IbDev 2 Port 1 qp_num 2471 set_ece={supported=1, vendor_id=0x15b3, options=0x30000002, comp_mask=0x0}
spark-5fa1:63:74 [0] NCCL INFO NET/IB: Subnet-aware routing: overriding dev 4 with dev 0
spark-5fa1:63:74 [0] NCCL INFO NET/IB: Subnet-aware routing: overriding dev 5 with dev 2
spark-5fa1:63:74 [0] NCCL INFO NET/IB: ncclIbResiliencyInit: Resiliency is disabled on the recv communicator (comm=0xfcc198350000)
spark-5fa1:63:74 [0] NCCL INFO NET/IB: ncclIbRecvCommInit: Receive work requests will be posted on-demand
spark-5fa1:63:74 [0] NCCL INFO NET/IB: Subnet-aware routing: overriding dev 4 with dev 0
spark-5fa1:63:74 [0] NCCL INFO NET/IB: Subnet-aware routing: overriding dev 5 with dev 2
spark-5fa1:63:74 [0] NCCL INFO NET/IB: Subnet-aware routing: overriding dev 4 with dev 0
spark-5fa1:63:74 [0] NCCL INFO NET/IB: ncclIbResiliencyInit: Resiliency is disabled on the send communicator (comm=0xfcc198398000)
spark-5fa1:63:74 [0] NCCL INFO NET/IB: Subnet-aware routing: overriding dev 4 with dev 0
spark-5fa1:63:74 [0] NCCL INFO NET/IB: Subnet-aware routing: overriding dev 5 with dev 2
spark-5fa1:63:74 [0] NCCL INFO NET/IB: Subnet-aware routing: overriding dev 4 with dev 0
spark-5fa1:63:74 [0] NCCL INFO NET/IB: ncclIbResiliencyInit: Resiliency is disabled on the recv communicator (comm=0xfcc1983dc000)
spark-5fa1:63:74 [0] NCCL INFO NET/IB: ncclIbRecvCommInit: Receive work requests will be posted on-demand
spark-5fa1:63:74 [0] NCCL INFO NET/IB: Subnet-aware routing: overriding dev 4 with dev 0
spark-5fa1:63:74 [0] NCCL INFO NET/IB: Subnet-aware routing: overriding dev 5 with dev 2
spark-5fa1:63:74 [0] NCCL INFO NET/IB: Subnet-aware routing: overriding dev 4 with dev 0
spark-5fa1:63:74 [0] NCCL INFO NET/IB: Subnet-aware routing: overriding dev 5 with dev 2
spark-5fa1:63:74 [0] NCCL INFO NET/IB: ncclIbResiliencyInit: Resiliency is disabled on the send communicator (comm=0xfcc198424000)
spark-5fa1:63:74 [0] NCCL INFO NET/IB: Subnet-aware routing: overriding dev 4 with dev 0
spark-5fa1:63:74 [0] NCCL INFO NET/IB: ncclIbSenderQpsCreate: QP created: port=1 dev=0 devName=rocep1s0f0 ndevs=4 nmdevs=6 qp_num=46250 pkey=0 pd=0xfcc1c807dc30 oooRq=0
spark-5fa1:63:74 [0] NCCL INFO NET/IB: ncclIbSenderQpsCreate: QP created: port=1 dev=0 devName=rocep1s0f0 ndevs=4 nmdevs=6 qp_num=46251 pkey=0 pd=0xfcc1c807dc30 oooRq=0
spark-5fa1:63:74 [0] NCCL INFO NET/IB: ncclIbConnectImpl: NCCL Dev 0 IbDev 0 Port 1 qp_num 46250 mtu 5 GID 6 (0/164A8C0FFFF0000) ctsFifoRkey=0x1601bf ctsFifoLkey=0x1601bf
spark-5fa1:63:74 [0] NCCL INFO NET/IB: ncclIbConnectImpl: IbDev 0 Port 1 qp_num 46250 query_ece={supported=1, vendor_id=0x15b3, options=0x30000002, comp_mask=0x0}
spark-5fa1:63:74 [0] NCCL INFO NET/IB: ncclIbConnectImpl: NCCL Dev 0 IbDev 0 Port 1 qp_num 46251 mtu 5 GID 6 (0/164A8C0FFFF0000) ctsFifoRkey=0x1601bf ctsFifoLkey=0x1601bf
spark-5fa1:63:74 [0] NCCL INFO NET/IB: ncclIbConnectImpl: IbDev 0 Port 1 qp_num 46251 query_ece={supported=1, vendor_id=0x15b3, options=0x30000002, comp_mask=0x0}
spark-5fa1:63:74 [0] NCCL INFO NET/IB: Subnet-aware routing: overriding dev 5 with dev 2
spark-5fa1:63:74 [0] NCCL INFO NET/IB: Subnet-aware routing: overriding dev 5 with dev 3
spark-5fa1:63:74 [0] NCCL INFO NET/IB: ncclIbReceiverQpsCreateToRts: QP created: port=1 dev=3 devName=roceP2p1s0f1 ndevs=4 nmdevs=6 qp_num=2544 pkey=0 pd=0xfcc1c81fdf20 oooRq=0
spark-5fa1:63:74 [0] NCCL INFO NET/IB: ncclIbReceiverQpsCreateToRts: QP created: port=1 dev=3 devName=roceP2p1s0f1 ndevs=4 nmdevs=6 qp_num=2545 pkey=0 pd=0xfcc1c81fdf20 oooRq=0
spark-5fa1:63:74 [0] NCCL INFO NET/IB: ncclIbReceiverQpsCreateToRts: Flush QP created: port=1 dev=3 devName=roceP2p1s0f1 ndevs=4 nmdevs=6 qp_num=2546 pkey=0 pd=0xfcc1c81fdf20
spark-5fa1:63:74 [0] NCCL INFO NET/IB: Subnet-aware routing: overriding dev 4 with dev 0
spark-5fa1:63:74 [0] NCCL INFO NET/IB: Subnet-aware routing: overriding dev 4 with dev 1
spark-5fa1:63:74 [0] NCCL INFO NET/IB: ncclIbReceiverQpsCreateToRts: QP created: port=1 dev=1 devName=rocep1s0f1 ndevs=4 nmdevs=6 qp_num=41265 pkey=0 pd=0xfcc1c8195ef0 oooRq=0
spark-5fa1:63:74 [0] NCCL INFO NET/IB: ncclIbReceiverQpsCreateToRts: QP created: port=1 dev=1 devName=rocep1s0f1 ndevs=4 nmdevs=6 qp_num=41266 pkey=0 pd=0xfcc1c8195ef0 oooRq=0
spark-5fa1:63:74 [0] NCCL INFO NET/IB: ncclIbReceiverQpsCreateToRts: Flush QP created: port=1 dev=1 devName=rocep1s0f1 ndevs=4 nmdevs=6 qp_num=41267 pkey=0 pd=0xfcc1c8195ef0
spark-5fa1:63:74 [0] NCCL INFO NET/IB: Subnet-aware routing: overriding dev 5 with dev 2
spark-5fa1:63:74 [0] NCCL INFO NET/IB: ncclIbResiliencyInit: Resiliency is disabled on the recv communicator (comm=0xfcc1985af000)
spark-5fa1:63:74 [0] NCCL INFO NET/IB: ncclIbRecvCommInit: Receive work requests will be posted on-demand
spark-5fa1:63:74 [0] NCCL INFO NET/IB: Subnet-aware routing: overriding dev 4 with dev 0
spark-5fa1:63:74 [0] NCCL INFO NET/IB: ncclIbSenderQpsToRts: Set ECE: IbDev 0 Port 1 qp_num 46250 set_ece={supported=1, vendor_id=0x15b3, options=0x30000002, comp_mask=0x0}
spark-5fa1:63:74 [0] NCCL INFO NET/IB: ncclIbSenderQpsToRts: Set ECE: IbDev 0 Port 1 qp_num 46251 set_ece={supported=1, vendor_id=0x15b3, options=0x30000002, comp_mask=0x0}
spark-5fa1:63:74 [0] NCCL INFO NET/IB: Subnet-aware routing: overriding dev 5 with dev 2
spark-5fa1:63:74 [0] NCCL INFO NET/IB: ncclIbSenderQpsCreate: QP created: port=1 dev=2 devName=roceP2p1s0f0 ndevs=4 nmdevs=6 qp_num=2472 pkey=0 pd=0xfcc1c81fd3e0 oooRq=0
spark-5fa1:63:74 [0] NCCL INFO NET/IB: ncclIbSenderQpsCreate: QP created: port=1 dev=2 devName=roceP2p1s0f0 ndevs=4 nmdevs=6 qp_num=2473 pkey=0 pd=0xfcc1c81fd3e0 oooRq=0
spark-5fa1:63:74 [0] NCCL INFO NET/IB: ncclIbConnectImpl: NCCL Dev 2 IbDev 2 Port 1 qp_num 2472 mtu 5 GID 3 (0/16EA8C0FFFF0000) ctsFifoRkey=0x197978 ctsFifoLkey=0x197978
spark-5fa1:63:74 [0] NCCL INFO NET/IB: ncclIbConnectImpl: IbDev 2 Port 1 qp_num 2472 query_ece={supported=1, vendor_id=0x15b3, options=0x30000002, comp_mask=0x0}
spark-5fa1:63:74 [0] NCCL INFO NET/IB: ncclIbConnectImpl: NCCL Dev 2 IbDev 2 Port 1 qp_num 2473 mtu 5 GID 3 (0/16EA8C0FFFF0000) ctsFifoRkey=0x197978 ctsFifoLkey=0x197978
spark-5fa1:63:74 [0] NCCL INFO NET/IB: ncclIbConnectImpl: IbDev 2 Port 1 qp_num 2473 query_ece={supported=1, vendor_id=0x15b3, options=0x30000002, comp_mask=0x0}
spark-5fa1:63:74 [0] NCCL INFO NET/IB: Subnet-aware routing: overriding dev 4 with dev 0
spark-5fa1:63:74 [0] NCCL INFO NET/IB: ncclIbSenderQpsCreate: QP created: port=1 dev=0 devName=rocep1s0f0 ndevs=4 nmdevs=6 qp_num=46252 pkey=0 pd=0xfcc1c807dc30 oooRq=0
spark-5fa1:63:74 [0] NCCL INFO NET/IB: ncclIbSenderQpsCreate: QP created: port=1 dev=0 devName=rocep1s0f0 ndevs=4 nmdevs=6 qp_num=46253 pkey=0 pd=0xfcc1c807dc30 oooRq=0
spark-5fa1:63:74 [0] NCCL INFO NET/IB: ncclIbConnectImpl: NCCL Dev 0 IbDev 0 Port 1 qp_num 46252 mtu 5 GID 6 (0/164A8C0FFFF0000) ctsFifoRkey=0x186c57 ctsFifoLkey=0x186c57
spark-5fa1:63:74 [0] NCCL INFO NET/IB: ncclIbConnectImpl: IbDev 0 Port 1 qp_num 46252 query_ece={supported=1, vendor_id=0x15b3, options=0x30000002, comp_mask=0x0}
spark-5fa1:63:74 [0] NCCL INFO NET/IB: ncclIbConnectImpl: NCCL Dev 0 IbDev 0 Port 1 qp_num 46253 mtu 5 GID 6 (0/164A8C0FFFF0000) ctsFifoRkey=0x186c57 ctsFifoLkey=0x186c57
spark-5fa1:63:74 [0] NCCL INFO NET/IB: ncclIbConnectImpl: IbDev 0 Port 1 qp_num 46253 query_ece={supported=1, vendor_id=0x15b3, options=0x30000002, comp_mask=0x0}
spark-5fa1:63:74 [0] NCCL INFO NET/IB: Subnet-aware routing: overriding dev 5 with dev 2
spark-5fa1:63:74 [0] NCCL INFO NET/IB: Subnet-aware routing: overriding dev 4 with dev 0
spark-5fa1:63:74 [0] NCCL INFO NET/IB: ncclIbResiliencyInit: Resiliency is disabled on the send communicator (comm=0xfcc1986a9000)
spark-5fa1:63:74 [0] NCCL INFO NET/IB: Subnet-aware routing: overriding dev 5 with dev 2
spark-5fa1:63:74 [0] NCCL INFO NET/IB: ncclIbSenderQpsToRts: Set ECE: IbDev 2 Port 1 qp_num 2472 set_ece={supported=1, vendor_id=0x15b3, options=0x30000002, comp_mask=0x0}
spark-5fa1:63:74 [0] NCCL INFO NET/IB: ncclIbSenderQpsToRts: Set ECE: IbDev 2 Port 1 qp_num 2473 set_ece={supported=1, vendor_id=0x15b3, options=0x30000002, comp_mask=0x0}
spark-5fa1:63:74 [0] NCCL INFO NET/IB: Subnet-aware routing: overriding dev 4 with dev 0
spark-5fa1:63:74 [0] NCCL INFO NET/IB: Subnet-aware routing: overriding dev 5 with dev 2
spark-5fa1:63:74 [0] NCCL INFO NET/IB: Subnet-aware routing: overriding dev 4 with dev 0
spark-5fa1:63:74 [0] NCCL INFO NET/IB: ncclIbResiliencyInit: Resiliency is disabled on the recv communicator (comm=0xfcc1986ea000)
spark-5fa1:63:74 [0] NCCL INFO NET/IB: ncclIbRecvCommInit: Receive work requests will be posted on-demand
spark-5fa1:63:74 [0] NCCL INFO NET/IB: Subnet-aware routing: overriding dev 4 with dev 0
spark-5fa1:63:74 [0] NCCL INFO NET/IB: ncclIbSenderQpsToRts: Set ECE: IbDev 0 Port 1 qp_num 46252 set_ece={supported=1, vendor_id=0x15b3, options=0x30000002, comp_mask=0x0}
spark-5fa1:63:74 [0] NCCL INFO NET/IB: ncclIbSenderQpsToRts: Set ECE: IbDev 0 Port 1 qp_num 46253 set_ece={supported=1, vendor_id=0x15b3, options=0x30000002, comp_mask=0x0}
spark-5fa1:63:74 [0] NCCL INFO NET/IB: Subnet-aware routing: overriding dev 5 with dev 2
spark-5fa1:63:74 [0] NCCL INFO NET/IB: Subnet-aware routing: overriding dev 5 with dev 3
spark-5fa1:63:74 [0] NCCL INFO NET/IB: ncclIbReceiverQpsCreateToRts: QP created: port=1 dev=3 devName=roceP2p1s0f1 ndevs=4 nmdevs=6 qp_num=2547 pkey=0 pd=0xfcc1c81fdf20 oooRq=0
spark-5fa1:63:74 [0] NCCL INFO NET/IB: ncclIbReceiverQpsCreateToRts: QP created: port=1 dev=3 devName=roceP2p1s0f1 ndevs=4 nmdevs=6 qp_num=2548 pkey=0 pd=0xfcc1c81fdf20 oooRq=0
spark-5fa1:63:74 [0] NCCL INFO NET/IB: ncclIbReceiverQpsCreateToRts: Flush QP created: port=1 dev=3 devName=roceP2p1s0f1 ndevs=4 nmdevs=6 qp_num=2549 pkey=0 pd=0xfcc1c81fdf20
spark-5fa1:63:74 [0] NCCL INFO NET/IB: Subnet-aware routing: overriding dev 4 with dev 0
spark-5fa1:63:74 [0] NCCL INFO NET/IB: Subnet-aware routing: overriding dev 4 with dev 1
spark-5fa1:63:74 [0] NCCL INFO NET/IB: ncclIbReceiverQpsCreateToRts: QP created: port=1 dev=1 devName=rocep1s0f1 ndevs=4 nmdevs=6 qp_num=41268 pkey=0 pd=0xfcc1c8195ef0 oooRq=0
spark-5fa1:63:74 [0] NCCL INFO NET/IB: ncclIbReceiverQpsCreateToRts: QP created: port=1 dev=1 devName=rocep1s0f1 ndevs=4 nmdevs=6 qp_num=41269 pkey=0 pd=0xfcc1c8195ef0 oooRq=0
spark-5fa1:63:74 [0] NCCL INFO NET/IB: ncclIbReceiverQpsCreateToRts: Flush QP created: port=1 dev=1 devName=rocep1s0f1 ndevs=4 nmdevs=6 qp_num=41270 pkey=0 pd=0xfcc1c8195ef0
spark-5fa1:63:74 [0] NCCL INFO NET/IB: Subnet-aware routing: overriding dev 5 with dev 2
spark-5fa1:63:74 [0] NCCL INFO NET/IB: ncclIbResiliencyInit: Resiliency is disabled on the send communicator (comm=0xfcc198822000)
spark-5fa1:63:74 [0] NCCL INFO NET/IB: Subnet-aware routing: overriding dev 5 with dev 2
spark-5fa1:63:74 [0] NCCL INFO NET/IB: Subnet-aware routing: overriding dev 4 with dev 0
spark-5fa1:63:74 [0] NCCL INFO NET/IB: Subnet-aware routing: overriding dev 5 with dev 2
spark-5fa1:63:74 [0] NCCL INFO NET/IB: ncclIbResiliencyInit: Resiliency is disabled on the recv communicator (comm=0xfcc198866000)
spark-5fa1:63:74 [0] NCCL INFO NET/IB: ncclIbRecvCommInit: Receive work requests will be posted on-demand
spark-5fa1:63:74 [0] NCCL INFO NET/IB: Subnet-aware routing: overriding dev 5 with dev 2
spark-5fa1:63:74 [0] NCCL INFO NET/IB: Subnet-aware routing: overriding dev 4 with dev 0
spark-5fa1:63:74 [0] NCCL INFO NET/IB: Subnet-aware routing: overriding dev 5 with dev 2
spark-5fa1:63:74 [0] NCCL INFO NET/IB: Subnet-aware routing: overriding dev 4 with dev 0
spark-5fa1:63:74 [0] NCCL INFO NET/IB: ncclIbResiliencyInit: Resiliency is disabled on the send communicator (comm=0xfcc1988ae000)
spark-5fa1:63:74 [0] NCCL INFO NET/IB: Subnet-aware routing: overriding dev 5 with dev 2
spark-5fa1:63:74 [0] NCCL INFO NET/IB: ncclIbSenderQpsCreate: QP created: port=1 dev=2 devName=roceP2p1s0f0 ndevs=4 nmdevs=6 qp_num=2474 pkey=0 pd=0xfcc1c81fd3e0 oooRq=0
spark-5fa1:63:74 [0] NCCL INFO NET/IB: ncclIbSenderQpsCreate: QP created: port=1 dev=2 devName=roceP2p1s0f0 ndevs=4 nmdevs=6 qp_num=2475 pkey=0 pd=0xfcc1c81fd3e0 oooRq=0
spark-5fa1:63:74 [0] NCCL INFO NET/IB: ncclIbConnectImpl: NCCL Dev 2 IbDev 2 Port 1 qp_num 2474 mtu 5 GID 3 (0/16EA8C0FFFF0000) ctsFifoRkey=0x172e2b ctsFifoLkey=0x172e2b
spark-5fa1:63:74 [0] NCCL INFO NET/IB: ncclIbConnectImpl: IbDev 2 Port 1 qp_num 2474 query_ece={supported=1, vendor_id=0x15b3, options=0x30000002, comp_mask=0x0}
spark-5fa1:63:74 [0] NCCL INFO NET/IB: ncclIbConnectImpl: NCCL Dev 2 IbDev 2 Port 1 qp_num 2475 mtu 5 GID 3 (0/16EA8C0FFFF0000) ctsFifoRkey=0x172e2b ctsFifoLkey=0x172e2b
spark-5fa1:63:74 [0] NCCL INFO NET/IB: ncclIbConnectImpl: IbDev 2 Port 1 qp_num 2475 query_ece={supported=1, vendor_id=0x15b3, options=0x30000002, comp_mask=0x0}
spark-5fa1:63:74 [0] NCCL INFO NET/IB: Subnet-aware routing: overriding dev 4 with dev 0
spark-5fa1:63:74 [0] NCCL INFO NET/IB: Subnet-aware routing: overriding dev 5 with dev 2
spark-5fa1:63:74 [0] NCCL INFO NET/IB: Subnet-aware routing: overriding dev 4 with dev 0
spark-5fa1:63:74 [0] NCCL INFO NET/IB: ncclIbResiliencyInit: Resiliency is disabled on the recv communicator (comm=0xfcc198948000)
spark-5fa1:63:74 [0] NCCL INFO NET/IB: ncclIbRecvCommInit: Receive work requests will be posted on-demand
spark-5fa1:63:74 [0] NCCL INFO NET/IB: Subnet-aware routing: overriding dev 5 with dev 2
spark-5fa1:63:74 [0] NCCL INFO NET/IB: Subnet-aware routing: overriding dev 4 with dev 0
spark-5fa1:63:74 [0] NCCL INFO NET/IB: Subnet-aware routing: overriding dev 5 with dev 2
spark-5fa1:63:74 [0] NCCL INFO NET/IB: Subnet-aware routing: overriding dev 5 with dev 3
spark-5fa1:63:74 [0] NCCL INFO NET/IB: ncclIbReceiverQpsCreateToRts: QP created: port=1 dev=3 devName=roceP2p1s0f1 ndevs=4 nmdevs=6 qp_num=2550 pkey=0 pd=0xfcc1c81fdf20 oooRq=0
spark-5fa1:63:74 [0] NCCL INFO NET/IB: ncclIbReceiverQpsCreateToRts: QP created: port=1 dev=3 devName=roceP2p1s0f1 ndevs=4 nmdevs=6 qp_num=2551 pkey=0 pd=0xfcc1c81fdf20 oooRq=0
spark-5fa1:63:74 [0] NCCL INFO NET/IB: ncclIbReceiverQpsCreateToRts: Flush QP created: port=1 dev=3 devName=roceP2p1s0f1 ndevs=4 nmdevs=6 qp_num=2552 pkey=0 pd=0xfcc1c81fdf20
spark-5fa1:63:74 [0] NCCL INFO NET/IB: Subnet-aware routing: overriding dev 4 with dev 0
spark-5fa1:63:74 [0] NCCL INFO NET/IB: Subnet-aware routing: overriding dev 5 with dev 2
spark-5fa1:63:74 [0] NCCL INFO NET/IB: ncclIbResiliencyInit: Resiliency is disabled on the send communicator (comm=0xfcc198a0b000)
spark-5fa1:63:74 [0] NCCL INFO NET/IB: Subnet-aware routing: overriding dev 5 with dev 2
spark-5fa1:63:74 [0] NCCL INFO NET/IB: ncclIbSenderQpsToRts: Set ECE: IbDev 2 Port 1 qp_num 2474 set_ece={supported=1, vendor_id=0x15b3, options=0x30000002, comp_mask=0x0}
spark-5fa1:63:74 [0] NCCL INFO NET/IB: ncclIbSenderQpsToRts: Set ECE: IbDev 2 Port 1 qp_num 2475 set_ece={supported=1, vendor_id=0x15b3, options=0x30000002, comp_mask=0x0}
spark-5fa1:63:74 [0] NCCL INFO NET/IB: Subnet-aware routing: overriding dev 4 with dev 0
spark-5fa1:63:74 [0] NCCL INFO NET/IB: ncclIbSenderQpsCreate: QP created: port=1 dev=0 devName=rocep1s0f0 ndevs=4 nmdevs=6 qp_num=46254 pkey=0 pd=0xfcc1c807dc30 oooRq=0
spark-5fa1:63:74 [0] NCCL INFO NET/IB: ncclIbSenderQpsCreate: QP created: port=1 dev=0 devName=rocep1s0f0 ndevs=4 nmdevs=6 qp_num=46255 pkey=0 pd=0xfcc1c807dc30 oooRq=0
spark-5fa1:63:74 [0] NCCL INFO NET/IB: ncclIbConnectImpl: NCCL Dev 0 IbDev 0 Port 1 qp_num 46254 mtu 5 GID 6 (0/164A8C0FFFF0000) ctsFifoRkey=0x221c8b ctsFifoLkey=0x221c8b
spark-5fa1:63:74 [0] NCCL INFO NET/IB: ncclIbConnectImpl: IbDev 0 Port 1 qp_num 46254 query_ece={supported=1, vendor_id=0x15b3, options=0x30000002, comp_mask=0x0}
spark-5fa1:63:74 [0] NCCL INFO NET/IB: ncclIbConnectImpl: NCCL Dev 0 IbDev 0 Port 1 qp_num 46255 mtu 5 GID 6 (0/164A8C0FFFF0000) ctsFifoRkey=0x221c8b ctsFifoLkey=0x221c8b
spark-5fa1:63:74 [0] NCCL INFO NET/IB: ncclIbConnectImpl: IbDev 0 Port 1 qp_num 46255 query_ece={supported=1, vendor_id=0x15b3, options=0x30000002, comp_mask=0x0}
spark-5fa1:63:74 [0] NCCL INFO NET/IB: Subnet-aware routing: overriding dev 5 with dev 2
spark-5fa1:63:74 [0] NCCL INFO NET/IB: ncclIbSenderQpsCreate: QP created: port=1 dev=2 devName=roceP2p1s0f0 ndevs=4 nmdevs=6 qp_num=2476 pkey=0 pd=0xfcc1c81fd3e0 oooRq=0
spark-5fa1:63:74 [0] NCCL INFO NET/IB: ncclIbSenderQpsCreate: QP created: port=1 dev=2 devName=roceP2p1s0f0 ndevs=4 nmdevs=6 qp_num=2477 pkey=0 pd=0xfcc1c81fd3e0 oooRq=0
spark-5fa1:63:74 [0] NCCL INFO NET/IB: ncclIbConnectImpl: NCCL Dev 2 IbDev 2 Port 1 qp_num 2476 mtu 5 GID 3 (0/16EA8C0FFFF0000) ctsFifoRkey=0x187976 ctsFifoLkey=0x187976
spark-5fa1:63:74 [0] NCCL INFO NET/IB: ncclIbConnectImpl: IbDev 2 Port 1 qp_num 2476 query_ece={supported=1, vendor_id=0x15b3, options=0x30000002, comp_mask=0x0}
spark-5fa1:63:74 [0] NCCL INFO NET/IB: ncclIbConnectImpl: NCCL Dev 2 IbDev 2 Port 1 qp_num 2477 mtu 5 GID 3 (0/16EA8C0FFFF0000) ctsFifoRkey=0x187976 ctsFifoLkey=0x187976
spark-5fa1:63:74 [0] NCCL INFO NET/IB: ncclIbConnectImpl: IbDev 2 Port 1 qp_num 2477 query_ece={supported=1, vendor_id=0x15b3, options=0x30000002, comp_mask=0x0}
spark-5fa1:63:74 [0] NCCL INFO NET/IB: Subnet-aware routing: overriding dev 4 with dev 0
spark-5fa1:63:74 [0] NCCL INFO NET/IB: Subnet-aware routing: overriding dev 4 with dev 1
spark-5fa1:63:74 [0] NCCL INFO NET/IB: ncclIbReceiverQpsCreateToRts: QP created: port=1 dev=1 devName=rocep1s0f1 ndevs=4 nmdevs=6 qp_num=41271 pkey=0 pd=0xfcc1c8195ef0 oooRq=0
spark-5fa1:63:74 [0] NCCL INFO NET/IB: ncclIbReceiverQpsCreateToRts: QP created: port=1 dev=1 devName=rocep1s0f1 ndevs=4 nmdevs=6 qp_num=41272 pkey=0 pd=0xfcc1c8195ef0 oooRq=0
spark-5fa1:63:74 [0] NCCL INFO NET/IB: ncclIbReceiverQpsCreateToRts: Flush QP created: port=1 dev=1 devName=rocep1s0f1 ndevs=4 nmdevs=6 qp_num=41273 pkey=0 pd=0xfcc1c8195ef0
spark-5fa1:63:74 [0] NCCL INFO NET/IB: Subnet-aware routing: overriding dev 5 with dev 2
spark-5fa1:63:74 [0] NCCL INFO NET/IB: ncclIbResiliencyInit: Resiliency is disabled on the recv communicator (comm=0xfcc198b79000)
spark-5fa1:63:74 [0] NCCL INFO NET/IB: ncclIbRecvCommInit: Receive work requests will be posted on-demand
spark-5fa1:63:74 [0] NCCL INFO NET/IB: Subnet-aware routing: overriding dev 4 with dev 0
spark-5fa1:63:74 [0] NCCL INFO NET/IB: Subnet-aware routing: overriding dev 5 with dev 2
spark-5fa1:63:74 [0] NCCL INFO NET/IB: Subnet-aware routing: overriding dev 4 with dev 0
spark-5fa1:63:74 [0] NCCL INFO NET/IB: Subnet-aware routing: overriding dev 5 with dev 2
spark-5fa1:63:74 [0] NCCL INFO NET/IB: Subnet-aware routing: overriding dev 4 with dev 0
spark-5fa1:63:74 [0] NCCL INFO NET/IB: ncclIbResiliencyInit: Resiliency is disabled on the send communicator (comm=0xfcc198bc1000)
spark-5fa1:63:74 [0] NCCL INFO NET/IB: Subnet-aware routing: overriding dev 4 with dev 0
spark-5fa1:63:74 [0] NCCL INFO NET/IB: ncclIbSenderQpsToRts: Set ECE: IbDev 0 Port 1 qp_num 46254 set_ece={supported=1, vendor_id=0x15b3, options=0x30000002, comp_mask=0x0}
spark-5fa1:63:74 [0] NCCL INFO NET/IB: ncclIbSenderQpsToRts: Set ECE: IbDev 0 Port 1 qp_num 46255 set_ece={supported=1, vendor_id=0x15b3, options=0x30000002, comp_mask=0x0}
spark-5fa1:63:74 [0] NCCL INFO NET/IB: Subnet-aware routing: overriding dev 5 with dev 2
spark-5fa1:63:74 [0] NCCL INFO NET/IB: ncclIbSenderQpsToRts: Set ECE: IbDev 2 Port 1 qp_num 2476 set_ece={supported=1, vendor_id=0x15b3, options=0x30000002, comp_mask=0x0}
spark-5fa1:63:74 [0] NCCL INFO NET/IB: ncclIbSenderQpsToRts: Set ECE: IbDev 2 Port 1 qp_num 2477 set_ece={supported=1, vendor_id=0x15b3, options=0x30000002, comp_mask=0x0}
spark-5fa1:63:74 [0] NCCL INFO NET/IB: Subnet-aware routing: overriding dev 4 with dev 0
spark-5fa1:63:74 [0] NCCL INFO NET/IB: ncclIbSenderQpsCreate: QP created: port=1 dev=0 devName=rocep1s0f0 ndevs=4 nmdevs=6 qp_num=46256 pkey=0 pd=0xfcc1c807dc30 oooRq=0
spark-5fa1:63:74 [0] NCCL INFO NET/IB: ncclIbSenderQpsCreate: QP created: port=1 dev=0 devName=rocep1s0f0 ndevs=4 nmdevs=6 qp_num=46257 pkey=0 pd=0xfcc1c807dc30 oooRq=0
spark-5fa1:63:74 [0] NCCL INFO NET/IB: ncclIbConnectImpl: NCCL Dev 0 IbDev 0 Port 1 qp_num 46256 mtu 5 GID 6 (0/164A8C0FFFF0000) ctsFifoRkey=0x1730ed ctsFifoLkey=0x1730ed
spark-5fa1:63:74 [0] NCCL INFO NET/IB: ncclIbConnectImpl: IbDev 0 Port 1 qp_num 46256 query_ece={supported=1, vendor_id=0x15b3, options=0x30000002, comp_mask=0x0}
spark-5fa1:63:74 [0] NCCL INFO NET/IB: ncclIbConnectImpl: NCCL Dev 0 IbDev 0 Port 1 qp_num 46257 mtu 5 GID 6 (0/164A8C0FFFF0000) ctsFifoRkey=0x1730ed ctsFifoLkey=0x1730ed
spark-5fa1:63:74 [0] NCCL INFO NET/IB: ncclIbConnectImpl: IbDev 0 Port 1 qp_num 46257 query_ece={supported=1, vendor_id=0x15b3, options=0x30000002, comp_mask=0x0}
spark-5fa1:63:74 [0] NCCL INFO NET/IB: Subnet-aware routing: overriding dev 5 with dev 2
spark-5fa1:63:74 [0] NCCL INFO NET/IB: Subnet-aware routing: overriding dev 5 with dev 3
spark-5fa1:63:74 [0] NCCL INFO NET/IB: ncclIbReceiverQpsCreateToRts: QP created: port=1 dev=3 devName=roceP2p1s0f1 ndevs=4 nmdevs=6 qp_num=2553 pkey=0 pd=0xfcc1c81fdf20 oooRq=0
spark-5fa1:63:74 [0] NCCL INFO NET/IB: ncclIbReceiverQpsCreateToRts: QP created: port=1 dev=3 devName=roceP2p1s0f1 ndevs=4 nmdevs=6 qp_num=2554 pkey=0 pd=0xfcc1c81fdf20 oooRq=0
spark-5fa1:63:74 [0] NCCL INFO NET/IB: ncclIbReceiverQpsCreateToRts: Flush QP created: port=1 dev=3 devName=roceP2p1s0f1 ndevs=4 nmdevs=6 qp_num=2555 pkey=0 pd=0xfcc1c81fdf20
spark-5fa1:63:74 [0] NCCL INFO NET/IB: Subnet-aware routing: overriding dev 4 with dev 0
spark-5fa1:63:74 [0] NCCL INFO NET/IB: ncclIbResiliencyInit: Resiliency is disabled on the recv communicator (comm=0xfcc198cd5000)
spark-5fa1:63:74 [0] NCCL INFO NET/IB: ncclIbRecvCommInit: Receive work requests will be posted on-demand
spark-5fa1:63:74 [0] NCCL INFO NET/IB: Subnet-aware routing: overriding dev 4 with dev 0
spark-5fa1:63:74 [0] NCCL INFO NET/IB: Subnet-aware routing: overriding dev 5 with dev 2
spark-5fa1:63:74 [0] NCCL INFO NET/IB: Subnet-aware routing: overriding dev 4 with dev 0
spark-5fa1:63:74 [0] NCCL INFO NET/IB: Subnet-aware routing: overriding dev 5 with dev 2
spark-5fa1:63:74 [0] NCCL INFO NET/IB: ncclIbResiliencyInit: Resiliency is disabled on the send communicator (comm=0xfcc198d1d000)
spark-5fa1:63:74 [0] NCCL INFO NET/IB: Subnet-aware routing: overriding dev 4 with dev 0
spark-5fa1:63:74 [0] NCCL INFO NET/IB: Subnet-aware routing: overriding dev 5 with dev 2
spark-5fa1:63:74 [0] NCCL INFO NET/IB: Subnet-aware routing: overriding dev 4 with dev 0
spark-5fa1:63:74 [0] NCCL INFO NET/IB: Subnet-aware routing: overriding dev 5 with dev 2
spark-5fa1:63:74 [0] NCCL INFO NET/IB: ncclIbResiliencyInit: Resiliency is disabled on the recv communicator (comm=0xfcc198d5e000)
spark-5fa1:63:74 [0] NCCL INFO NET/IB: ncclIbRecvCommInit: Receive work requests will be posted on-demand
spark-5fa1:63:74 [0] NCCL INFO NET/IB: Subnet-aware routing: overriding dev 4 with dev 0
spark-5fa1:63:74 [0] NCCL INFO NET/IB: ncclIbSenderQpsToRts: Set ECE: IbDev 0 Port 1 qp_num 46256 set_ece={supported=1, vendor_id=0x15b3, options=0x30000002, comp_mask=0x0}
spark-5fa1:63:74 [0] NCCL INFO NET/IB: ncclIbSenderQpsToRts: Set ECE: IbDev 0 Port 1 qp_num 46257 set_ece={supported=1, vendor_id=0x15b3, options=0x30000002, comp_mask=0x0}
spark-5fa1:63:74 [0] NCCL INFO NET/IB: Subnet-aware routing: overriding dev 5 with dev 2
spark-5fa1:63:74 [0] NCCL INFO NET/IB: ncclIbSenderQpsCreate: QP created: port=1 dev=2 devName=roceP2p1s0f0 ndevs=4 nmdevs=6 qp_num=2478 pkey=0 pd=0xfcc1c81fd3e0 oooRq=0
spark-5fa1:63:74 [0] NCCL INFO NET/IB: ncclIbSenderQpsCreate: QP created: port=1 dev=2 devName=roceP2p1s0f0 ndevs=4 nmdevs=6 qp_num=2479 pkey=0 pd=0xfcc1c81fd3e0 oooRq=0
spark-5fa1:63:74 [0] NCCL INFO NET/IB: ncclIbConnectImpl: NCCL Dev 2 IbDev 2 Port 1 qp_num 2478 mtu 5 GID 3 (0/16EA8C0FFFF0000) ctsFifoRkey=0x177572 ctsFifoLkey=0x177572
spark-5fa1:63:74 [0] NCCL INFO NET/IB: ncclIbConnectImpl: IbDev 2 Port 1 qp_num 2478 query_ece={supported=1, vendor_id=0x15b3, options=0x30000002, comp_mask=0x0}
spark-5fa1:63:74 [0] NCCL INFO NET/IB: ncclIbConnectImpl: NCCL Dev 2 IbDev 2 Port 1 qp_num 2479 mtu 5 GID 3 (0/16EA8C0FFFF0000) ctsFifoRkey=0x177572 ctsFifoLkey=0x177572
spark-5fa1:63:74 [0] NCCL INFO NET/IB: ncclIbConnectImpl: IbDev 2 Port 1 qp_num 2479 query_ece={supported=1, vendor_id=0x15b3, options=0x30000002, comp_mask=0x0}
spark-5fa1:63:74 [0] NCCL INFO NET/IB: Subnet-aware routing: overriding dev 4 with dev 0
spark-5fa1:63:74 [0] NCCL INFO NET/IB: Subnet-aware routing: overriding dev 4 with dev 1
spark-5fa1:63:74 [0] NCCL INFO NET/IB: ncclIbReceiverQpsCreateToRts: QP created: port=1 dev=1 devName=rocep1s0f1 ndevs=4 nmdevs=6 qp_num=41274 pkey=0 pd=0xfcc1c8195ef0 oooRq=0
spark-5fa1:63:74 [0] NCCL INFO NET/IB: ncclIbReceiverQpsCreateToRts: QP created: port=1 dev=1 devName=rocep1s0f1 ndevs=4 nmdevs=6 qp_num=41275 pkey=0 pd=0xfcc1c8195ef0 oooRq=0
spark-5fa1:63:74 [0] NCCL INFO NET/IB: ncclIbReceiverQpsCreateToRts: Flush QP created: port=1 dev=1 devName=rocep1s0f1 ndevs=4 nmdevs=6 qp_num=41276 pkey=0 pd=0xfcc1c8195ef0
spark-5fa1:63:74 [0] NCCL INFO NET/IB: Subnet-aware routing: overriding dev 5 with dev 2
spark-5fa1:63:74 [0] NCCL INFO NET/IB: Subnet-aware routing: overriding dev 4 with dev 0
spark-5fa1:63:74 [0] NCCL INFO NET/IB: ncclIbResiliencyInit: Resiliency is disabled on the send communicator (comm=0xfcc198e79000)
spark-5fa1:63:74 [0] NCCL INFO NET/IB: Subnet-aware routing: overriding dev 5 with dev 2
spark-5fa1:63:74 [0] NCCL INFO NET/IB: Subnet-aware routing: overriding dev 4 with dev 0
spark-5fa1:63:74 [0] NCCL INFO NET/IB: ncclIbSenderQpsCreate: QP created: port=1 dev=0 devName=rocep1s0f0 ndevs=4 nmdevs=6 qp_num=46258 pkey=0 pd=0xfcc1c807dc30 oooRq=0
spark-5fa1:63:74 [0] NCCL INFO NET/IB: ncclIbSenderQpsCreate: QP created: port=1 dev=0 devName=rocep1s0f0 ndevs=4 nmdevs=6 qp_num=46259 pkey=0 pd=0xfcc1c807dc30 oooRq=0
spark-5fa1:63:74 [0] NCCL INFO NET/IB: ncclIbConnectImpl: NCCL Dev 0 IbDev 0 Port 1 qp_num 46258 mtu 5 GID 6 (0/164A8C0FFFF0000) ctsFifoRkey=0x2243b2 ctsFifoLkey=0x2243b2
spark-5fa1:63:74 [0] NCCL INFO NET/IB: ncclIbConnectImpl: IbDev 0 Port 1 qp_num 46258 query_ece={supported=1, vendor_id=0x15b3, options=0x30000002, comp_mask=0x0}
spark-5fa1:63:74 [0] NCCL INFO NET/IB: ncclIbConnectImpl: NCCL Dev 0 IbDev 0 Port 1 qp_num 46259 mtu 5 GID 6 (0/164A8C0FFFF0000) ctsFifoRkey=0x2243b2 ctsFifoLkey=0x2243b2
spark-5fa1:63:74 [0] NCCL INFO NET/IB: ncclIbConnectImpl: IbDev 0 Port 1 qp_num 46259 query_ece={supported=1, vendor_id=0x15b3, options=0x30000002, comp_mask=0x0}
spark-5fa1:63:74 [0] NCCL INFO NET/IB: Subnet-aware routing: overriding dev 5 with dev 2
spark-5fa1:63:74 [0] NCCL INFO NET/IB: Subnet-aware routing: overriding dev 4 with dev 0
spark-5fa1:63:74 [0] NCCL INFO NET/IB: ncclIbResiliencyInit: Resiliency is disabled on the recv communicator (comm=0xfcc198f16000)
spark-5fa1:63:74 [0] NCCL INFO NET/IB: ncclIbRecvCommInit: Receive work requests will be posted on-demand
spark-5fa1:63:74 [0] NCCL INFO NET/IB: Subnet-aware routing: overriding dev 5 with dev 2
spark-5fa1:63:74 [0] NCCL INFO NET/IB: Subnet-aware routing: overriding dev 4 with dev 0
spark-5fa1:63:74 [0] NCCL INFO NET/IB: Subnet-aware routing: overriding dev 5 with dev 2
spark-5fa1:63:74 [0] NCCL INFO NET/IB: Subnet-aware routing: overriding dev 4 with dev 0
spark-5fa1:63:74 [0] NCCL INFO NET/IB: Subnet-aware routing: overriding dev 5 with dev 2
spark-5fa1:63:74 [0] NCCL INFO NET/IB: ncclIbResiliencyInit: Resiliency is disabled on the send communicator (comm=0xfcc198f5e000)
spark-5fa1:63:74 [0] NCCL INFO NET/IB: Subnet-aware routing: overriding dev 5 with dev 2
spark-5fa1:63:74 [0] NCCL INFO NET/IB: ncclIbSenderQpsToRts: Set ECE: IbDev 2 Port 1 qp_num 2478 set_ece={supported=1, vendor_id=0x15b3, options=0x30000002, comp_mask=0x0}
spark-5fa1:63:74 [0] NCCL INFO NET/IB: ncclIbSenderQpsToRts: Set ECE: IbDev 2 Port 1 qp_num 2479 set_ece={supported=1, vendor_id=0x15b3, options=0x30000002, comp_mask=0x0}
spark-5fa1:63:74 [0] NCCL INFO NET/IB: Subnet-aware routing: overriding dev 4 with dev 0
spark-5fa1:63:74 [0] NCCL INFO NET/IB: ncclIbSenderQpsToRts: Set ECE: IbDev 0 Port 1 qp_num 46258 set_ece={supported=1, vendor_id=0x15b3, options=0x30000002, comp_mask=0x0}
spark-5fa1:63:74 [0] NCCL INFO NET/IB: ncclIbSenderQpsToRts: Set ECE: IbDev 0 Port 1 qp_num 46259 set_ece={supported=1, vendor_id=0x15b3, options=0x30000002, comp_mask=0x0}
spark-5fa1:63:74 [0] NCCL INFO NET/IB: Subnet-aware routing: overriding dev 5 with dev 2
spark-5fa1:63:74 [0] NCCL INFO NET/IB: Subnet-aware routing: overriding dev 5 with dev 3
spark-5fa1:63:74 [0] NCCL INFO NET/IB: ncclIbReceiverQpsCreateToRts: QP created: port=1 dev=3 devName=roceP2p1s0f1 ndevs=4 nmdevs=6 qp_num=2556 pkey=0 pd=0xfcc1c81fdf20 oooRq=0
spark-5fa1:63:74 [0] NCCL INFO NET/IB: ncclIbReceiverQpsCreateToRts: QP created: port=1 dev=3 devName=roceP2p1s0f1 ndevs=4 nmdevs=6 qp_num=2557 pkey=0 pd=0xfcc1c81fdf20 oooRq=0
spark-5fa1:63:74 [0] NCCL INFO NET/IB: ncclIbReceiverQpsCreateToRts: Flush QP created: port=1 dev=3 devName=roceP2p1s0f1 ndevs=4 nmdevs=6 qp_num=2558 pkey=0 pd=0xfcc1c81fdf20
spark-5fa1:63:74 [0] NCCL INFO NET/IB: Subnet-aware routing: overriding dev 4 with dev 0
spark-5fa1:63:74 [0] NCCL INFO NET/IB: Subnet-aware routing: overriding dev 4 with dev 1
spark-5fa1:63:74 [0] NCCL INFO NET/IB: ncclIbReceiverQpsCreateToRts: QP created: port=1 dev=1 devName=rocep1s0f1 ndevs=4 nmdevs=6 qp_num=41277 pkey=0 pd=0xfcc1c8195ef0 oooRq=0
spark-5fa1:63:74 [0] NCCL INFO NET/IB: ncclIbReceiverQpsCreateToRts: QP created: port=1 dev=1 devName=rocep1s0f1 ndevs=4 nmdevs=6 qp_num=41278 pkey=0 pd=0xfcc1c8195ef0 oooRq=0
spark-5fa1:63:74 [0] NCCL INFO NET/IB: ncclIbReceiverQpsCreateToRts: Flush QP created: port=1 dev=1 devName=rocep1s0f1 ndevs=4 nmdevs=6 qp_num=41279 pkey=0 pd=0xfcc1c8195ef0
spark-5fa1:63:74 [0] NCCL INFO NET/IB: Subnet-aware routing: overriding dev 5 with dev 2
spark-5fa1:63:74 [0] NCCL INFO NET/IB: ncclIbResiliencyInit: Resiliency is disabled on the recv communicator (comm=0xfcc199093000)
spark-5fa1:63:74 [0] NCCL INFO NET/IB: ncclIbRecvCommInit: Receive work requests will be posted on-demand
spark-5fa1:63:74 [0] NCCL INFO NET/IB: Subnet-aware routing: overriding dev 5 with dev 2
spark-5fa1:63:74 [0] NCCL INFO NET/IB: ncclIbSenderQpsCreate: QP created: port=1 dev=2 devName=roceP2p1s0f0 ndevs=4 nmdevs=6 qp_num=2480 pkey=0 pd=0xfcc1c81fd3e0 oooRq=0
spark-5fa1:63:74 [0] NCCL INFO NET/IB: ncclIbSenderQpsCreate: QP created: port=1 dev=2 devName=roceP2p1s0f0 ndevs=4 nmdevs=6 qp_num=2481 pkey=0 pd=0xfcc1c81fd3e0 oooRq=0
spark-5fa1:63:74 [0] NCCL INFO NET/IB: ncclIbConnectImpl: NCCL Dev 2 IbDev 2 Port 1 qp_num 2480 mtu 5 GID 3 (0/16EA8C0FFFF0000) ctsFifoRkey=0x18b4b3 ctsFifoLkey=0x18b4b3
spark-5fa1:63:74 [0] NCCL INFO NET/IB: ncclIbConnectImpl: IbDev 2 Port 1 qp_num 2480 query_ece={supported=1, vendor_id=0x15b3, options=0x30000002, comp_mask=0x0}
spark-5fa1:63:74 [0] NCCL INFO NET/IB: ncclIbConnectImpl: NCCL Dev 2 IbDev 2 Port 1 qp_num 2481 mtu 5 GID 3 (0/16EA8C0FFFF0000) ctsFifoRkey=0x18b4b3 ctsFifoLkey=0x18b4b3
spark-5fa1:63:74 [0] NCCL INFO NET/IB: ncclIbConnectImpl: IbDev 2 Port 1 qp_num 2481 query_ece={supported=1, vendor_id=0x15b3, options=0x30000002, comp_mask=0x0}
spark-5fa1:63:74 [0] NCCL INFO NET/IB: Subnet-aware routing: overriding dev 4 with dev 0
spark-5fa1:63:74 [0] NCCL INFO NET/IB: Subnet-aware routing: overriding dev 5 with dev 2
spark-5fa1:63:74 [0] NCCL INFO NET/IB: Subnet-aware routing: overriding dev 4 with dev 0
spark-5fa1:63:74 [0] NCCL INFO NET/IB: ncclIbResiliencyInit: Resiliency is disabled on the send communicator (comm=0xfcc199134000)
spark-5fa1:63:74 [0] NCCL INFO NET/IB: Subnet-aware routing: overriding dev 5 with dev 2
spark-5fa1:63:74 [0] NCCL INFO NET/IB: Subnet-aware routing: overriding dev 4 with dev 0
spark-5fa1:63:74 [0] NCCL INFO NET/IB: ncclIbSenderQpsCreate: QP created: port=1 dev=0 devName=rocep1s0f0 ndevs=4 nmdevs=6 qp_num=46260 pkey=0 pd=0xfcc1c807dc30 oooRq=0
spark-5fa1:63:74 [0] NCCL INFO NET/IB: ncclIbSenderQpsCreate: QP created: port=1 dev=0 devName=rocep1s0f0 ndevs=4 nmdevs=6 qp_num=46261 pkey=0 pd=0xfcc1c807dc30 oooRq=0
spark-5fa1:63:74 [0] NCCL INFO NET/IB: ncclIbConnectImpl: NCCL Dev 0 IbDev 0 Port 1 qp_num 46260 mtu 5 GID 6 (0/164A8C0FFFF0000) ctsFifoRkey=0x221182 ctsFifoLkey=0x221182
spark-5fa1:63:74 [0] NCCL INFO NET/IB: ncclIbConnectImpl: IbDev 0 Port 1 qp_num 46260 query_ece={supported=1, vendor_id=0x15b3, options=0x30000002, comp_mask=0x0}
spark-5fa1:63:74 [0] NCCL INFO NET/IB: ncclIbConnectImpl: NCCL Dev 0 IbDev 0 Port 1 qp_num 46261 mtu 5 GID 6 (0/164A8C0FFFF0000) ctsFifoRkey=0x221182 ctsFifoLkey=0x221182
spark-5fa1:63:74 [0] NCCL INFO NET/IB: ncclIbConnectImpl: IbDev 0 Port 1 qp_num 46261 query_ece={supported=1, vendor_id=0x15b3, options=0x30000002, comp_mask=0x0}
spark-5fa1:63:74 [0] NCCL INFO NET/IB: Subnet-aware routing: overriding dev 5 with dev 2
spark-5fa1:63:74 [0] NCCL INFO NET/IB: Subnet-aware routing: overriding dev 5 with dev 3
spark-5fa1:63:74 [0] NCCL INFO NET/IB: ncclIbReceiverQpsCreateToRts: QP created: port=1 dev=3 devName=roceP2p1s0f1 ndevs=4 nmdevs=6 qp_num=2559 pkey=0 pd=0xfcc1c81fdf20 oooRq=0
spark-5fa1:63:74 [0] NCCL INFO NET/IB: ncclIbReceiverQpsCreateToRts: QP created: port=1 dev=3 devName=roceP2p1s0f1 ndevs=4 nmdevs=6 qp_num=2560 pkey=0 pd=0xfcc1c81fdf20 oooRq=0
spark-5fa1:63:74 [0] NCCL INFO NET/IB: ncclIbReceiverQpsCreateToRts: Flush QP created: port=1 dev=3 devName=roceP2p1s0f1 ndevs=4 nmdevs=6 qp_num=2561 pkey=0 pd=0xfcc1c81fdf20
spark-5fa1:63:74 [0] NCCL INFO NET/IB: Subnet-aware routing: overriding dev 4 with dev 0
spark-5fa1:63:74 [0] NCCL INFO NET/IB: ncclIbResiliencyInit: Resiliency is disabled on the recv communicator (comm=0xfcc199248000)
spark-5fa1:63:74 [0] NCCL INFO NET/IB: ncclIbRecvCommInit: Receive work requests will be posted on-demand
spark-5fa1:63:74 [0] NCCL INFO NET/IB: Subnet-aware routing: overriding dev 5 with dev 2
spark-5fa1:63:74 [0] NCCL INFO NET/IB: ncclIbSenderQpsToRts: Set ECE: IbDev 2 Port 1 qp_num 2480 set_ece={supported=1, vendor_id=0x15b3, options=0x30000002, comp_mask=0x0}
spark-5fa1:63:74 [0] NCCL INFO NET/IB: ncclIbSenderQpsToRts: Set ECE: IbDev 2 Port 1 qp_num 2481 set_ece={supported=1, vendor_id=0x15b3, options=0x30000002, comp_mask=0x0}
spark-5fa1:63:74 [0] NCCL INFO NET/IB: Subnet-aware routing: overriding dev 4 with dev 0
spark-5fa1:63:74 [0] NCCL INFO NET/IB: Subnet-aware routing: overriding dev 5 with dev 2
spark-5fa1:63:74 [0] NCCL INFO NET/IB: Subnet-aware routing: overriding dev 4 with dev 0
spark-5fa1:63:74 [0] NCCL INFO NET/IB: Subnet-aware routing: overriding dev 5 with dev 2
spark-5fa1:63:74 [0] NCCL INFO NET/IB: ncclIbResiliencyInit: Resiliency is disabled on the send communicator (comm=0xfcc199290000)
spark-5fa1:63:74 [0] NCCL INFO NET/IB: Subnet-aware routing: overriding dev 4 with dev 0
spark-5fa1:63:74 [0] NCCL INFO NET/IB: ncclIbSenderQpsToRts: Set ECE: IbDev 0 Port 1 qp_num 46260 set_ece={supported=1, vendor_id=0x15b3, options=0x30000002, comp_mask=0x0}
spark-5fa1:63:74 [0] NCCL INFO NET/IB: ncclIbSenderQpsToRts: Set ECE: IbDev 0 Port 1 qp_num 46261 set_ece={supported=1, vendor_id=0x15b3, options=0x30000002, comp_mask=0x0}
spark-5fa1:63:74 [0] NCCL INFO NET/IB: Subnet-aware routing: overriding dev 5 with dev 2
spark-5fa1:63:74 [0] NCCL INFO NET/IB: ncclIbSenderQpsCreate: QP created: port=1 dev=2 devName=roceP2p1s0f0 ndevs=4 nmdevs=6 qp_num=2482 pkey=0 pd=0xfcc1c81fd3e0 oooRq=0
spark-5fa1:63:74 [0] NCCL INFO NET/IB: ncclIbSenderQpsCreate: QP created: port=1 dev=2 devName=roceP2p1s0f0 ndevs=4 nmdevs=6 qp_num=2483 pkey=0 pd=0xfcc1c81fd3e0 oooRq=0
spark-5fa1:63:74 [0] NCCL INFO NET/IB: ncclIbConnectImpl: NCCL Dev 2 IbDev 2 Port 1 qp_num 2482 mtu 5 GID 3 (0/16EA8C0FFFF0000) ctsFifoRkey=0x18dfdc ctsFifoLkey=0x18dfdc
spark-5fa1:63:74 [0] NCCL INFO NET/IB: ncclIbConnectImpl: IbDev 2 Port 1 qp_num 2482 query_ece={supported=1, vendor_id=0x15b3, options=0x30000002, comp_mask=0x0}
spark-5fa1:63:74 [0] NCCL INFO NET/IB: ncclIbConnectImpl: NCCL Dev 2 IbDev 2 Port 1 qp_num 2483 mtu 5 GID 3 (0/16EA8C0FFFF0000) ctsFifoRkey=0x18dfdc ctsFifoLkey=0x18dfdc
spark-5fa1:63:74 [0] NCCL INFO NET/IB: ncclIbConnectImpl: IbDev 2 Port 1 qp_num 2483 query_ece={supported=1, vendor_id=0x15b3, options=0x30000002, comp_mask=0x0}
spark-5fa1:63:74 [0] NCCL INFO NET/IB: Subnet-aware routing: overriding dev 4 with dev 0
spark-5fa1:63:74 [0] NCCL INFO NET/IB: Subnet-aware routing: overriding dev 4 with dev 1
spark-5fa1:63:74 [0] NCCL INFO NET/IB: ncclIbReceiverQpsCreateToRts: QP created: port=1 dev=1 devName=rocep1s0f1 ndevs=4 nmdevs=6 qp_num=41280 pkey=0 pd=0xfcc1c8195ef0 oooRq=0
spark-5fa1:63:74 [0] NCCL INFO NET/IB: ncclIbReceiverQpsCreateToRts: QP created: port=1 dev=1 devName=rocep1s0f1 ndevs=4 nmdevs=6 qp_num=41281 pkey=0 pd=0xfcc1c8195ef0 oooRq=0
spark-5fa1:63:74 [0] NCCL INFO NET/IB: ncclIbReceiverQpsCreateToRts: Flush QP created: port=1 dev=1 devName=rocep1s0f1 ndevs=4 nmdevs=6 qp_num=41282 pkey=0 pd=0xfcc1c8195ef0
spark-5fa1:63:74 [0] NCCL INFO NET/IB: Subnet-aware routing: overriding dev 5 with dev 2
spark-5fa1:63:74 [0] NCCL INFO NET/IB: ncclIbResiliencyInit: Resiliency is disabled on the recv communicator (comm=0xfcc1993a5000)
spark-5fa1:63:74 [0] NCCL INFO NET/IB: ncclIbRecvCommInit: Receive work requests will be posted on-demand
spark-5fa1:63:74 [0] NCCL INFO NET/IB: Subnet-aware routing: overriding dev 5 with dev 2
spark-5fa1:63:74 [0] NCCL INFO NET/IB: Subnet-aware routing: overriding dev 4 with dev 0
spark-5fa1:63:74 [0] NCCL INFO NET/IB: Subnet-aware routing: overriding dev 5 with dev 2
spark-5fa1:63:74 [0] NCCL INFO NET/IB: Subnet-aware routing: overriding dev 4 with dev 0
spark-5fa1:63:74 [0] NCCL INFO NET/IB: ncclIbResiliencyInit: Resiliency is disabled on the send communicator (comm=0xfcc1993ed000)
spark-5fa1:63:74 [0] NCCL INFO NET/IB: Subnet-aware routing: overriding dev 5 with dev 2
spark-5fa1:63:74 [0] NCCL INFO NET/IB: ncclIbSenderQpsToRts: Set ECE: IbDev 2 Port 1 qp_num 2482 set_ece={supported=1, vendor_id=0x15b3, options=0x30000002, comp_mask=0x0}
spark-5fa1:63:74 [0] NCCL INFO NET/IB: ncclIbSenderQpsToRts: Set ECE: IbDev 2 Port 1 qp_num 2483 set_ece={supported=1, vendor_id=0x15b3, options=0x30000002, comp_mask=0x0}
spark-5fa1:63:74 [0] NCCL INFO NET/IB: Subnet-aware routing: overriding dev 4 with dev 0
spark-5fa1:63:74 [0] NCCL INFO NET/IB: Subnet-aware routing: overriding dev 5 with dev 2
spark-5fa1:63:74 [0] NCCL INFO NET/IB: Subnet-aware routing: overriding dev 5 with dev 3
spark-5fa1:63:74 [0] NCCL INFO NET/IB: ncclIbReceiverQpsCreateToRts: QP created: port=1 dev=3 devName=roceP2p1s0f1 ndevs=4 nmdevs=6 qp_num=2562 pkey=0 pd=0xfcc1c81fdf20 oooRq=0
spark-5fa1:63:74 [0] NCCL INFO NET/IB: ncclIbReceiverQpsCreateToRts: QP created: port=1 dev=3 devName=roceP2p1s0f1 ndevs=4 nmdevs=6 qp_num=2563 pkey=0 pd=0xfcc1c81fdf20 oooRq=0
spark-5fa1:63:74 [0] NCCL INFO NET/IB: ncclIbReceiverQpsCreateToRts: Flush QP created: port=1 dev=3 devName=roceP2p1s0f1 ndevs=4 nmdevs=6 qp_num=2564 pkey=0 pd=0xfcc1c81fdf20
spark-5fa1:63:74 [0] NCCL INFO NET/IB: Subnet-aware routing: overriding dev 4 with dev 0
spark-5fa1:63:74 [0] NCCL INFO NET/IB: ncclIbResiliencyInit: Resiliency is disabled on the recv communicator (comm=0xfcc1994a4000)
spark-5fa1:63:74 [0] NCCL INFO NET/IB: ncclIbRecvCommInit: Receive work requests will be posted on-demand
spark-5fa1:63:74 [0] NCCL INFO NET/IB: Subnet-aware routing: overriding dev 4 with dev 0
spark-5fa1:63:74 [0] NCCL INFO NET/IB: ncclIbSenderQpsCreate: QP created: port=1 dev=0 devName=rocep1s0f0 ndevs=4 nmdevs=6 qp_num=46262 pkey=0 pd=0xfcc1c807dc30 oooRq=0
spark-5fa1:63:74 [0] NCCL INFO NET/IB: ncclIbSenderQpsCreate: QP created: port=1 dev=0 devName=rocep1s0f0 ndevs=4 nmdevs=6 qp_num=46263 pkey=0 pd=0xfcc1c807dc30 oooRq=0
spark-5fa1:63:74 [0] NCCL INFO NET/IB: ncclIbConnectImpl: NCCL Dev 0 IbDev 0 Port 1 qp_num 46262 mtu 5 GID 6 (0/164A8C0FFFF0000) ctsFifoRkey=0x181dda ctsFifoLkey=0x181dda
spark-5fa1:63:74 [0] NCCL INFO NET/IB: ncclIbConnectImpl: IbDev 0 Port 1 qp_num 46262 query_ece={supported=1, vendor_id=0x15b3, options=0x30000002, comp_mask=0x0}
spark-5fa1:63:74 [0] NCCL INFO NET/IB: ncclIbConnectImpl: NCCL Dev 0 IbDev 0 Port 1 qp_num 46263 mtu 5 GID 6 (0/164A8C0FFFF0000) ctsFifoRkey=0x181dda ctsFifoLkey=0x181dda
spark-5fa1:63:74 [0] NCCL INFO NET/IB: ncclIbConnectImpl: IbDev 0 Port 1 qp_num 46263 query_ece={supported=1, vendor_id=0x15b3, options=0x30000002, comp_mask=0x0}
spark-5fa1:63:74 [0] NCCL INFO NET/IB: Subnet-aware routing: overriding dev 5 with dev 2
spark-5fa1:63:74 [0] NCCL INFO NET/IB: Subnet-aware routing: overriding dev 4 with dev 0
spark-5fa1:63:74 [0] NCCL INFO NET/IB: Subnet-aware routing: overriding dev 5 with dev 2
spark-5fa1:63:74 [0] NCCL INFO NET/IB: ncclIbResiliencyInit: Resiliency is disabled on the send communicator (comm=0xfcc199547000)
spark-5fa1:63:74 [0] NCCL INFO NET/IB: Subnet-aware routing: overriding dev 4 with dev 0
spark-5fa1:63:74 [0] NCCL INFO NET/IB: Subnet-aware routing: overriding dev 5 with dev 2
spark-5fa1:63:74 [0] NCCL INFO NET/IB: ncclIbSenderQpsCreate: QP created: port=1 dev=2 devName=roceP2p1s0f0 ndevs=4 nmdevs=6 qp_num=2484 pkey=0 pd=0xfcc1c81fd3e0 oooRq=0
spark-5fa1:63:74 [0] NCCL INFO NET/IB: ncclIbSenderQpsCreate: QP created: port=1 dev=2 devName=roceP2p1s0f0 ndevs=4 nmdevs=6 qp_num=2485 pkey=0 pd=0xfcc1c81fd3e0 oooRq=0
spark-5fa1:63:74 [0] NCCL INFO NET/IB: ncclIbConnectImpl: NCCL Dev 2 IbDev 2 Port 1 qp_num 2484 mtu 5 GID 3 (0/16EA8C0FFFF0000) ctsFifoRkey=0x192221 ctsFifoLkey=0x192221
spark-5fa1:63:74 [0] NCCL INFO NET/IB: ncclIbConnectImpl: IbDev 2 Port 1 qp_num 2484 query_ece={supported=1, vendor_id=0x15b3, options=0x30000002, comp_mask=0x0}
spark-5fa1:63:74 [0] NCCL INFO NET/IB: ncclIbConnectImpl: NCCL Dev 2 IbDev 2 Port 1 qp_num 2485 mtu 5 GID 3 (0/16EA8C0FFFF0000) ctsFifoRkey=0x192221 ctsFifoLkey=0x192221
spark-5fa1:63:74 [0] NCCL INFO NET/IB: ncclIbConnectImpl: IbDev 2 Port 1 qp_num 2485 query_ece={supported=1, vendor_id=0x15b3, options=0x30000002, comp_mask=0x0}
spark-5fa1:63:74 [0] NCCL INFO NET/IB: Subnet-aware routing: overriding dev 4 with dev 0
spark-5fa1:63:74 [0] NCCL INFO NET/IB: Subnet-aware routing: overriding dev 4 with dev 1
spark-5fa1:63:74 [0] NCCL INFO NET/IB: ncclIbReceiverQpsCreateToRts: QP created: port=1 dev=1 devName=rocep1s0f1 ndevs=4 nmdevs=6 qp_num=41283 pkey=0 pd=0xfcc1c8195ef0 oooRq=0
spark-5fa1:63:74 [0] NCCL INFO NET/IB: ncclIbReceiverQpsCreateToRts: QP created: port=1 dev=1 devName=rocep1s0f1 ndevs=4 nmdevs=6 qp_num=41284 pkey=0 pd=0xfcc1c8195ef0 oooRq=0
spark-5fa1:63:74 [0] NCCL INFO NET/IB: ncclIbReceiverQpsCreateToRts: Flush QP created: port=1 dev=1 devName=rocep1s0f1 ndevs=4 nmdevs=6 qp_num=41285 pkey=0 pd=0xfcc1c8195ef0
spark-5fa1:63:74 [0] NCCL INFO NET/IB: Subnet-aware routing: overriding dev 5 with dev 2
spark-5fa1:63:74 [0] NCCL INFO NET/IB: ncclIbResiliencyInit: Resiliency is disabled on the recv communicator (comm=0xfcc199660000)
spark-5fa1:63:74 [0] NCCL INFO NET/IB: ncclIbRecvCommInit: Receive work requests will be posted on-demand
spark-5fa1:63:74 [0] NCCL INFO NET/IB: Subnet-aware routing: overriding dev 4 with dev 0
spark-5fa1:63:74 [0] NCCL INFO NET/IB: ncclIbSenderQpsToRts: Set ECE: IbDev 0 Port 1 qp_num 46262 set_ece={supported=1, vendor_id=0x15b3, options=0x30000002, comp_mask=0x0}
spark-5fa1:63:74 [0] NCCL INFO NET/IB: ncclIbSenderQpsToRts: Set ECE: IbDev 0 Port 1 qp_num 46263 set_ece={supported=1, vendor_id=0x15b3, options=0x30000002, comp_mask=0x0}
spark-5fa1:63:74 [0] NCCL INFO NET/IB: Subnet-aware routing: overriding dev 5 with dev 2
spark-5fa1:63:74 [0] NCCL INFO NET/IB: Subnet-aware routing: overriding dev 4 with dev 0
spark-5fa1:63:74 [0] NCCL INFO NET/IB: Subnet-aware routing: overriding dev 5 with dev 2
spark-5fa1:63:74 [0] NCCL INFO NET/IB: Subnet-aware routing: overriding dev 5 with dev 3
spark-5fa1:63:74 [0] NCCL INFO NET/IB: ncclIbReceiverQpsCreateToRts: QP created: port=1 dev=3 devName=roceP2p1s0f1 ndevs=4 nmdevs=6 qp_num=2565 pkey=0 pd=0xfcc1c81fdf20 oooRq=0
spark-5fa1:63:74 [0] NCCL INFO NET/IB: ncclIbReceiverQpsCreateToRts: QP created: port=1 dev=3 devName=roceP2p1s0f1 ndevs=4 nmdevs=6 qp_num=2566 pkey=0 pd=0xfcc1c81fdf20 oooRq=0
spark-5fa1:63:74 [0] NCCL INFO NET/IB: ncclIbReceiverQpsCreateToRts: Flush QP created: port=1 dev=3 devName=roceP2p1s0f1 ndevs=4 nmdevs=6 qp_num=2567 pkey=0 pd=0xfcc1c81fdf20
spark-5fa1:63:74 [0] NCCL INFO NET/IB: Subnet-aware routing: overriding dev 5 with dev 2
spark-5fa1:63:74 [0] NCCL INFO NET/IB: ncclIbSenderQpsToRts: Set ECE: IbDev 2 Port 1 qp_num 2484 set_ece={supported=1, vendor_id=0x15b3, options=0x30000002, comp_mask=0x0}
spark-5fa1:63:74 [0] NCCL INFO NET/IB: ncclIbSenderQpsToRts: Set ECE: IbDev 2 Port 1 qp_num 2485 set_ece={supported=1, vendor_id=0x15b3, options=0x30000002, comp_mask=0x0}
spark-5fa1:63:74 [0] NCCL INFO NET/IB: Subnet-aware routing: overriding dev 4 with dev 0
spark-5fa1:63:74 [0] NCCL INFO NET/IB: Subnet-aware routing: overriding dev 5 with dev 2
spark-5fa1:63:74 [0] NCCL INFO NET/IB: Subnet-aware routing: overriding dev 4 with dev 0
spark-5fa1:63:74 [0] NCCL INFO NET/IB: Subnet-aware routing: overriding dev 5 with dev 2
spark-5fa1:63:74 [0] NCCL INFO NET/IB: Subnet-aware routing: overriding dev 4 with dev 0
spark-5fa1:63:74 [0] NCCL INFO NET/IB: Subnet-aware routing: overriding dev 5 with dev 2
spark-5fa1:63:74 [0] NCCL INFO NET/IB: Subnet-aware routing: overriding dev 4 with dev 0
spark-5fa1:63:74 [0] NCCL INFO NET/IB: Subnet-aware routing: overriding dev 5 with dev 2
spark-5fa1:63:74 [0] NCCL INFO NET/IB: Subnet-aware routing: overriding dev 4 with dev 0
spark-5fa1:63:74 [0] NCCL INFO NET/IB: Subnet-aware routing: overriding dev 5 with dev 2
spark-5fa1:63:74 [0] NCCL INFO NET/IB: Subnet-aware routing: overriding dev 4 with dev 0
spark-5fa1:63:74 [0] NCCL INFO NET/IB: ncclIbSenderQpsCreate: QP created: port=1 dev=0 devName=rocep1s0f0 ndevs=4 nmdevs=6 qp_num=46264 pkey=0 pd=0xfcc1c807dc30 oooRq=0
spark-5fa1:63:74 [0] NCCL INFO NET/IB: ncclIbSenderQpsCreate: QP created: port=1 dev=0 devName=rocep1s0f0 ndevs=4 nmdevs=6 qp_num=46265 pkey=0 pd=0xfcc1c807dc30 oooRq=0
spark-5fa1:63:74 [0] NCCL INFO NET/IB: ncclIbConnectImpl: NCCL Dev 0 IbDev 0 Port 1 qp_num 46264 mtu 5 GID 6 (0/164A8C0FFFF0000) ctsFifoRkey=0x222392 ctsFifoLkey=0x222392
spark-5fa1:63:74 [0] NCCL INFO NET/IB: ncclIbConnectImpl: IbDev 0 Port 1 qp_num 46264 query_ece={supported=1, vendor_id=0x15b3, options=0x30000002, comp_mask=0x0}
spark-5fa1:63:74 [0] NCCL INFO NET/IB: ncclIbConnectImpl: NCCL Dev 0 IbDev 0 Port 1 qp_num 46265 mtu 5 GID 6 (0/164A8C0FFFF0000) ctsFifoRkey=0x222392 ctsFifoLkey=0x222392
spark-5fa1:63:74 [0] NCCL INFO NET/IB: ncclIbConnectImpl: IbDev 0 Port 1 qp_num 46265 query_ece={supported=1, vendor_id=0x15b3, options=0x30000002, comp_mask=0x0}
spark-5fa1:63:74 [0] NCCL INFO NET/IB: Subnet-aware routing: overriding dev 5 with dev 2
spark-5fa1:63:74 [0] NCCL INFO NET/IB: Subnet-aware routing: overriding dev 4 with dev 0
spark-5fa1:63:74 [0] NCCL INFO NET/IB: Subnet-aware routing: overriding dev 5 with dev 2
spark-5fa1:63:74 [0] NCCL INFO NET/IB: Subnet-aware routing: overriding dev 4 with dev 0
spark-5fa1:63:74 [0] NCCL INFO NET/IB: Subnet-aware routing: overriding dev 5 with dev 2
spark-5fa1:63:74 [0] NCCL INFO NET/IB: Subnet-aware routing: overriding dev 4 with dev 0
spark-5fa1:63:74 [0] NCCL INFO NET/IB: Subnet-aware routing: overriding dev 5 with dev 2
spark-5fa1:63:74 [0] NCCL INFO NET/IB: Subnet-aware routing: overriding dev 4 with dev 0
spark-5fa1:63:74 [0] NCCL INFO NET/IB: Subnet-aware routing: overriding dev 5 with dev 2
spark-5fa1:63:74 [0] NCCL INFO NET/IB: Subnet-aware routing: overriding dev 4 with dev 0
spark-5fa1:63:74 [0] NCCL INFO NET/IB: Subnet-aware routing: overriding dev 5 with dev 2
spark-5fa1:63:74 [0] NCCL INFO NET/IB: Subnet-aware routing: overriding dev 4 with dev 0
spark-5fa1:63:74 [0] NCCL INFO NET/IB: Subnet-aware routing: overriding dev 5 with dev 2
spark-5fa1:63:74 [0] NCCL INFO NET/IB: Subnet-aware routing: overriding dev 4 with dev 0
spark-5fa1:63:74 [0] NCCL INFO NET/IB: Subnet-aware routing: overriding dev 5 with dev 2
spark-5fa1:63:74 [0] NCCL INFO NET/IB: Subnet-aware routing: overriding dev 4 with dev 0
spark-5fa1:63:74 [0] NCCL INFO NET/IB: ncclIbSenderQpsToRts: Set ECE: IbDev 0 Port 1 qp_num 46264 set_ece={supported=1, vendor_id=0x15b3, options=0x30000002, comp_mask=0x0}
spark-5fa1:63:74 [0] NCCL INFO NET/IB: ncclIbSenderQpsToRts: Set ECE: IbDev 0 Port 1 qp_num 46265 set_ece={supported=1, vendor_id=0x15b3, options=0x30000002, comp_mask=0x0}
spark-5fa1:63:74 [0] NCCL INFO NET/IB: Subnet-aware routing: overriding dev 5 with dev 2
spark-5fa1:63:74 [0] NCCL INFO NET/IB: ncclIbSenderQpsCreate: QP created: port=1 dev=2 devName=roceP2p1s0f0 ndevs=4 nmdevs=6 qp_num=2486 pkey=0 pd=0xfcc1c81fd3e0 oooRq=0
spark-5fa1:63:74 [0] NCCL INFO NET/IB: ncclIbSenderQpsCreate: QP created: port=1 dev=2 devName=roceP2p1s0f0 ndevs=4 nmdevs=6 qp_num=2487 pkey=0 pd=0xfcc1c81fd3e0 oooRq=0
spark-5fa1:63:74 [0] NCCL INFO NET/IB: ncclIbConnectImpl: NCCL Dev 2 IbDev 2 Port 1 qp_num 2486 mtu 5 GID 3 (0/16EA8C0FFFF0000) ctsFifoRkey=0x170201 ctsFifoLkey=0x170201
spark-5fa1:63:74 [0] NCCL INFO NET/IB: ncclIbConnectImpl: IbDev 2 Port 1 qp_num 2486 query_ece={supported=1, vendor_id=0x15b3, options=0x30000002, comp_mask=0x0}
spark-5fa1:63:74 [0] NCCL INFO NET/IB: ncclIbConnectImpl: NCCL Dev 2 IbDev 2 Port 1 qp_num 2487 mtu 5 GID 3 (0/16EA8C0FFFF0000) ctsFifoRkey=0x170201 ctsFifoLkey=0x170201
spark-5fa1:63:74 [0] NCCL INFO NET/IB: ncclIbConnectImpl: IbDev 2 Port 1 qp_num 2487 query_ece={supported=1, vendor_id=0x15b3, options=0x30000002, comp_mask=0x0}
spark-5fa1:63:74 [0] NCCL INFO NET/IB: Subnet-aware routing: overriding dev 5 with dev 2
spark-5fa1:63:74 [0] NCCL INFO NET/IB: Subnet-aware routing: overriding dev 5 with dev 2
spark-5fa1:63:74 [0] NCCL INFO NET/IB: Subnet-aware routing: overriding dev 5 with dev 2
spark-5fa1:63:74 [0] NCCL INFO NET/IB: Subnet-aware routing: overriding dev 5 with dev 2
spark-5fa1:63:74 [0] NCCL INFO NET/IB: Subnet-aware routing: overriding dev 5 with dev 2
spark-5fa1:63:74 [0] NCCL INFO NET/IB: Subnet-aware routing: overriding dev 5 with dev 2
spark-5fa1:63:74 [0] NCCL INFO NET/IB: Subnet-aware routing: overriding dev 5 with dev 2
spark-5fa1:63:74 [0] NCCL INFO NET/IB: Subnet-aware routing: overriding dev 5 with dev 2
spark-5fa1:63:74 [0] NCCL INFO NET/IB: Subnet-aware routing: overriding dev 5 with dev 2
spark-5fa1:63:74 [0] NCCL INFO NET/IB: Subnet-aware routing: overriding dev 5 with dev 2
spark-5fa1:63:74 [0] NCCL INFO NET/IB: Subnet-aware routing: overriding dev 5 with dev 2
spark-5fa1:63:74 [0] NCCL INFO NET/IB: Subnet-aware routing: overriding dev 5 with dev 2
spark-5fa1:63:74 [0] NCCL INFO NET/IB: Subnet-aware routing: overriding dev 5 with dev 2
spark-5fa1:63:74 [0] NCCL INFO NET/IB: Subnet-aware routing: overriding dev 5 with dev 2
spark-5fa1:63:74 [0] NCCL INFO NET/IB: Subnet-aware routing: overriding dev 5 with dev 2
spark-5fa1:63:74 [0] NCCL INFO NET/IB: Subnet-aware routing: overriding dev 5 with dev 2
spark-5fa1:63:74 [0] NCCL INFO NET/IB: Subnet-aware routing: overriding dev 5 with dev 2
spark-5fa1:63:74 [0] NCCL INFO NET/IB: Subnet-aware routing: overriding dev 5 with dev 2
spark-5fa1:63:74 [0] NCCL INFO NET/IB: Subnet-aware routing: overriding dev 5 with dev 2
spark-5fa1:63:74 [0] NCCL INFO NET/IB: ncclIbSenderQpsToRts: Set ECE: IbDev 2 Port 1 qp_num 2486 set_ece={supported=1, vendor_id=0x15b3, options=0x30000002, comp_mask=0x0}
spark-5fa1:63:74 [0] NCCL INFO NET/IB: ncclIbSenderQpsToRts: Set ECE: IbDev 2 Port 1 qp_num 2487 set_ece={supported=1, vendor_id=0x15b3, options=0x30000002, comp_mask=0x0}
spark-5fa1:63:63 [0] NCCL INFO Connected all rings, use ring PXN 0 GDR 0
spark-5fa1:63:63 [0] NCCL INFO AllGather: 11184800 Bytes -> Algo RING proto SIMPLE channel{Lo..Hi}={0..63}
spark-5fa1:63:63 [0] NCCL INFO AllGather: 11184800 Bytes -> Algo RING proto SIMPLE channel{Lo..Hi}={0..63}
spark-5fa1:63:63 [0] NCCL INFO AllGather: 11184800 Bytes -> Algo RING proto SIMPLE channel{Lo..Hi}={0..63}
spark-5fa1:63:63 [0] NCCL INFO AllGather: 11184800 Bytes -> Algo RING proto SIMPLE channel{Lo..Hi}={0..63}
spark-5fa1:63:63 [0] NCCL INFO AllGather: 11184800 Bytes -> Algo RING proto SIMPLE channel{Lo..Hi}={0..63}
spark-5fa1:63:63 [0] NCCL INFO AllGather: 11184800 Bytes -> Algo RING proto SIMPLE channel{Lo..Hi}={0..63}
spark-5fa1:63:63 [0] NCCL INFO AllGather: 11184800 Bytes -> Algo RING proto SIMPLE channel{Lo..Hi}={0..63}
spark-5fa1:63:63 [0] NCCL INFO AllGather: 11184800 Bytes -> Algo RING proto SIMPLE channel{Lo..Hi}={0..63}
spark-5fa1:63:63 [0] NCCL INFO AllGather: 11184800 Bytes -> Algo RING proto SIMPLE channel{Lo..Hi}={0..63}
spark-5fa1:63:63 [0] NCCL INFO AllGather: 11184800 Bytes -> Algo RING proto SIMPLE channel{Lo..Hi}={0..63}
spark-5fa1:63:63 [0] NCCL INFO AllGather: 11184800 Bytes -> Algo RING proto SIMPLE channel{Lo..Hi}={0..63}
spark-5fa1:63:63 [0] NCCL INFO AllGather: 11184800 Bytes -> Algo RING proto SIMPLE channel{Lo..Hi}={0..63}
spark-5fa1:63:63 [0] NCCL INFO AllGather: 11184800 Bytes -> Algo RING proto SIMPLE channel{Lo..Hi}={0..63}
spark-5fa1:63:63 [0] NCCL INFO AllGather: 11184800 Bytes -> Algo RING proto SIMPLE channel{Lo..Hi}={0..63}
spark-5fa1:63:63 [0] NCCL INFO AllGather: 11184800 Bytes -> Algo RING proto SIMPLE channel{Lo..Hi}={0..63}
spark-5fa1:63:63 [0] NCCL INFO AllGather: 11184800 Bytes -> Algo RING proto SIMPLE channel{Lo..Hi}={0..63}
spark-5fa1:63:63 [0] NCCL INFO AllGather: 11184800 Bytes -> Algo RING proto SIMPLE channel{Lo..Hi}={0..63}
spark-5fa1:63:63 [0] NCCL INFO AllGather: 11184800 Bytes -> Algo RING proto SIMPLE channel{Lo..Hi}={0..63}
spark-5fa1:63:63 [0] NCCL INFO AllGather: 11184800 Bytes -> Algo RING proto SIMPLE channel{Lo..Hi}={0..63}
spark-5fa1:63:63 [0] NCCL INFO AllGather: 11184800 Bytes -> Algo RING proto SIMPLE channel{Lo..Hi}={0..63}
spark-5fa1:63:63 [0] NCCL INFO AllGather: 11184800 Bytes -> Algo RING proto SIMPLE channel{Lo..Hi}={0..63}
spark-5fa1:63:63 [0] NCCL INFO AllGather: 11184800 Bytes -> Algo RING proto SIMPLE channel{Lo..Hi}={0..63}
spark-5fa1:63:63 [0] NCCL INFO AllGather: 11184800 Bytes -> Algo RING proto SIMPLE channel{Lo..Hi}={0..63}
spark-5fa1:63:63 [0] NCCL INFO AllGather: 11184800 Bytes -> Algo RING proto SIMPLE channel{Lo..Hi}={0..63}
spark-5fa1:63:63 [0] NCCL INFO AllGather: 11184800 Bytes -> Algo RING proto SIMPLE channel{Lo..Hi}={0..63}
spark-5fa1:63:63 [0] NCCL INFO AllGather: 11184800 Bytes -> Algo RING proto SIMPLE channel{Lo..Hi}={0..63}
spark-5fa1:63:63 [0] NCCL INFO AllGather: 11184800 Bytes -> Algo RING proto SIMPLE channel{Lo..Hi}={0..63}
spark-5fa1:63:63 [0] NCCL INFO AllGather: 11184800 Bytes -> Algo RING proto SIMPLE channel{Lo..Hi}={0..63}
spark-5fa1:63:63 [0] NCCL INFO AllGather: 11184800 Bytes -> Algo RING proto SIMPLE channel{Lo..Hi}={0..63}
spark-5fa1:63:63 [0] NCCL INFO AllGather: 11184800 Bytes -> Algo RING proto SIMPLE channel{Lo..Hi}={0..63}
spark-5fa1:63:63 [0] NCCL INFO AllGather: 11184800 Bytes -> Algo RING proto SIMPLE channel{Lo..Hi}={0..63}
spark-5fa1:63:63 [0] NCCL INFO AllGather: 11184800 Bytes -> Algo RING proto SIMPLE channel{Lo..Hi}={0..63}
spark-5fa1:63:63 [0] NCCL INFO AllGather: 11184800 Bytes -> Algo RING proto SIMPLE channel{Lo..Hi}={0..63}
spark-5fa1:63:63 [0] NCCL INFO AllGather: 11184800 Bytes -> Algo RING proto SIMPLE channel{Lo..Hi}={0..63}
spark-5fa1:63:63 [0] NCCL INFO AllGather: 11184800 Bytes -> Algo RING proto SIMPLE channel{Lo..Hi}={0..63}
spark-5fa1:63:63 [0] NCCL INFO AllGather: 11184800 Bytes -> Algo RING proto SIMPLE channel{Lo..Hi}={0..63}
spark-5fa1:63:63 [0] NCCL INFO AllGather: 11184800 Bytes -> Algo RING proto SIMPLE channel{Lo..Hi}={0..63}
spark-5fa1:63:63 [0] NCCL INFO AllGather: 11184800 Bytes -> Algo RING proto SIMPLE channel{Lo..Hi}={0..63}
spark-5fa1:63:63 [0] NCCL INFO AllGather: 11184800 Bytes -> Algo RING proto SIMPLE channel{Lo..Hi}={0..63}
spark-5fa1:63:63 [0] NCCL INFO AllGather: 11184800 Bytes -> Algo RING proto SIMPLE channel{Lo..Hi}={0..63}
spark-5fa1:63:63 [0] NCCL INFO AllGather: 11184800 Bytes -> Algo RING proto SIMPLE channel{Lo..Hi}={0..63}
spark-5fa1:63:63 [0] NCCL INFO AllGather: 11184800 Bytes -> Algo RING proto SIMPLE channel{Lo..Hi}={0..63}
spark-5fa1:63:63 [0] NCCL INFO AllGather: 11184800 Bytes -> Algo RING proto SIMPLE channel{Lo..Hi}={0..63}
spark-5fa1:63:63 [0] NCCL INFO AllGather: 11184800 Bytes -> Algo RING proto SIMPLE channel{Lo..Hi}={0..63}
spark-5fa1:63:63 [0] NCCL INFO AllGather: 11184800 Bytes -> Algo RING proto SIMPLE channel{Lo..Hi}={0..63}
spark-5fa1:63:63 [0] NCCL INFO AllGather: 11184800 Bytes -> Algo RING proto SIMPLE channel{Lo..Hi}={0..63}
spark-5fa1:63:63 [0] NCCL INFO AllGather: 11184800 Bytes -> Algo RING proto SIMPLE channel{Lo..Hi}={0..63}
spark-5fa1:63:63 [0] NCCL INFO AllGather: 11184800 Bytes -> Algo RING proto SIMPLE channel{Lo..Hi}={0..63}
spark-5fa1:63:63 [0] NCCL INFO AllGather: 11184800 Bytes -> Algo RING proto SIMPLE channel{Lo..Hi}={0..63}
########## NCCL_DEBUG from spark1 ##########
gx10-e146:63:63 [0] NCCL INFO ncclOsDlopen(libnccl-env.so) failed: libnccl-env.so: cannot open shared object file: No such file or directory
gx10-e146:63:63 [0] NCCL INFO ENV/Plugin: Could not find: libnccl-env.so
gx10-e146:63:63 [0] NCCL INFO cudaDriverVersion 13000
gx10-e146:63:63 [0] NCCL INFO NCCL_SOCKET_IFNAME set by environment to wlP9s9
gx10-e146:63:63 [0] NCCL INFO NCCL_SOCKET_IFNAME set to wlP9s9
gx10-e146:63:63 [0] NCCL INFO NCCL version 2.30.7+cuda13.3
gx10-e146:63:63 [0] NCCL INFO NCCL git version HEAD a5187fa2e
gx10-e146:63:63 [0] NCCL INFO Comm config nvlinkCentricSched set to 1
gx10-e146:63:63 [0] NCCL INFO NCCL_NET_PLUGIN set by environment to none
gx10-e146:63:63 [0] NCCL INFO NCCL_IB_DISABLE set by environment to 0.
gx10-e146:63:63 [0] NCCL INFO dlvsym failed on mlx5dv_get_data_direct_sysfs_path - /lib/aarch64-linux-gnu/libmlx5.so: undefined symbol: mlx5dv_get_data_direct_sysfs_path, version MLX5_1.25 version MLX5_1.25
gx10-e146:63:63 [0] NCCL INFO dlvsym failed on mlx5dv_reg_dmabuf_mr - /lib/aarch64-linux-gnu/libmlx5.so: undefined symbol: mlx5dv_reg_dmabuf_mr, version MLX5_1.25 version MLX5_1.25
gx10-e146:63:63 [0] NCCL INFO NCCL_SOCKET_IFNAME set by environment to wlP9s9
gx10-e146:63:63 [0] NCCL INFO NET/IB: [0] rocep1s0f0:uverbs0:1/RoCE provider=Mlx5 speed=200000 context=0xb626dc2ff800 pciPath=/sys/devices/pci0000:00/0000:00:00.0/0000:01:00.0 ar=0 oooRqSize=0
gx10-e146:63:63 [0] NCCL INFO NET/IB: [1] rocep1s0f1:uverbs1:1/RoCE provider=Mlx5 speed=200000 context=0xb626dc341010 pciPath=/sys/devices/pci0000:00/0000:00:00.0/0000:01:00.0 ar=0 oooRqSize=0
gx10-e146:63:63 [0] NCCL INFO NET/IB: [2] roceP2p1s0f0:uverbs2:1/RoCE provider=Mlx5 speed=200000 context=0xb626dc382b20 pciPath=/sys/devices/pci0002:00/0002:00:00.0/0002:01:00.0 ar=0 oooRqSize=0
gx10-e146:63:63 [0] NCCL INFO NET/IB: [3] roceP2p1s0f1:uverbs3:1/RoCE provider=Mlx5 speed=200000 context=0xb626dc3c46d0 pciPath=/sys/devices/pci0002:00/0002:00:00.0/0002:01:00.0 ar=0 oooRqSize=0
gx10-e146:63:63 [0] NCCL INFO NET/IB : Made virtual device [0] name=rocep1s0f0 speed=200000 ndevs=1 rail=-1 plane=-1
gx10-e146:63:63 [0] NCCL INFO NET/IB : Made virtual device [1] name=rocep1s0f1 speed=200000 ndevs=1 rail=-1 plane=-1
gx10-e146:63:63 [0] NCCL INFO NET/IB : Made virtual device [2] name=roceP2p1s0f0 speed=200000 ndevs=1 rail=-1 plane=-1
gx10-e146:63:63 [0] NCCL INFO NET/IB : Made virtual device [3] name=roceP2p1s0f1 speed=200000 ndevs=1 rail=-1 plane=-1
gx10-e146:63:63 [0] NCCL INFO NET/IB : Using [0]rocep1s0f0:1/RoCE [1]rocep1s0f1:1/RoCE [2]roceP2p1s0f0:1/RoCE [3]roceP2p1s0f1:1/RoCE [RO]; OOB wlP9s9:192.168.1.50<0>
gx10-e146:63:63 [0] NCCL INFO Initialized NET plugin IB
gx10-e146:63:63 [0] NCCL INFO Assigned NET plugin IB to comm
gx10-e146:63:63 [0] NCCL INFO ncclOsDlopen(libnccl-rma.so) failed: libnccl-rma.so: cannot open shared object file: No such file or directory
gx10-e146:63:63 [0] NCCL INFO RMA/Plugin: Could not find: libnccl-rma.so
gx10-e146:63:63 [0] NCCL INFO RMA/Plugin: Failed to load external plugin libnccl-rma.so, dlHandle: (nil), ncclRma: (nil)
gx10-e146:63:63 [0] NCCL INFO RMA/Plugin: Assigned plugin RMA_IB_PROXY to comm
gx10-e146:63:63 [0] NCCL INFO ncclOsDlopen(libnccl-gin.so) failed: libnccl-gin.so: cannot open shared object file: No such file or directory
gx10-e146:63:63 [0] NCCL INFO GIN/Plugin: Could not find: libnccl-gin.so
gx10-e146:63:63 [0] NCCL INFO GIN/Plugin: Failed to load external plugin libnccl-gin.so, dlHandle: (nil), ncclGin: (nil)
gx10-e146:63:63 [0] NCCL INFO GIN/Plugin: Assigned plugin GIN_IB_GDAKI type 3 to comm
gx10-e146:63:63 [0] NCCL INFO Using network IB
gx10-e146:63:63 [0] NCCL INFO Loaded NVML from libnvidia-ml.so.1
gx10-e146:63:63 [0] NCCL INFO [Rank 1] ncclCommInitRankConfig comm 0xb626d983fff0 rank 1 nranks 3 cudaDev 0 nvmlDev 0 busId f01000 commId 0xd5911fddcc38eeb0 - Init START
gx10-e146:63:63 [0] NCCL INFO Socket handshake magic 0x564ab9f2fc4b9d6c (built-in default)
gx10-e146:63:63 [0] NCCL INFO RAS client listening socket at 127.0.0.1<28028>
gx10-e146:63:63 [0] NCCL INFO Topology detection: could not read /sys/devices/system/node/node4294967295/cpumap, using empty affinity
gx10-e146:63:63 [0] NCCL INFO TOPO/NET : Importing network plugins to topology
gx10-e146:63:63 [0] NCCL INFO NET/GIN_IB_GDAKI : GPU Direct RDMA Disabled for HCA 0 'rocep1s0f0'
gx10-e146:63:63 [0] NCCL INFO ncclTopoPopulateNics : Filled rocep1s0f0 in topo with pciPath=/sys/devices/pci0000:00/0000:00:00.0/0000:01:00.0 net=0 gin=1 rma=(null) keep=1 coll=(null) rail=-1 plane=-1
gx10-e146:63:63 [0] NCCL INFO NET/GIN_IB_GDAKI : GPU Direct RDMA Disabled for HCA 1 'rocep1s0f1'
gx10-e146:63:63 [0] NCCL INFO ncclTopoPopulateNics : Filled rocep1s0f1 in topo with pciPath=/sys/devices/pci0000:00/0000:00:00.0/0000:01:00.0 net=0 gin=1 rma=(null) keep=1 coll=(null) rail=-1 plane=-1
gx10-e146:63:63 [0] NCCL INFO NET/GIN_IB_GDAKI : GPU Direct RDMA Disabled for HCA 2 'roceP2p1s0f0'
gx10-e146:63:63 [0] NCCL INFO ncclTopoPopulateNics : Filled roceP2p1s0f0 in topo with pciPath=/sys/devices/pci0002:00/0002:00:00.0/0002:01:00.0 net=0 gin=1 rma=(null) keep=1 coll=(null) rail=-1 plane=-1
gx10-e146:63:63 [0] NCCL INFO NET/GIN_IB_GDAKI : GPU Direct RDMA Disabled for HCA 3 'roceP2p1s0f1'
gx10-e146:63:63 [0] NCCL INFO ncclTopoPopulateNics : Filled roceP2p1s0f1 in topo with pciPath=/sys/devices/pci0002:00/0002:00:00.0/0002:01:00.0 net=0 gin=1 rma=(null) keep=1 coll=(null) rail=-1 plane=-1
gx10-e146:63:63 [0] NCCL INFO NET/RMA_IB_PROXY : GPU Direct RDMA Disabled for HCA 0 'rocep1s0f0'
gx10-e146:63:63 [0] NCCL INFO ncclTopoPopulateNics : Filled rocep1s0f0 in topo with pciPath=/sys/devices/pci0000:00/0000:00:00.0/0000:01:00.0 net=0 gin=1 rma=1 keep=1 coll=(null) rail=-1 plane=-1
gx10-e146:63:63 [0] NCCL INFO NET/RMA_IB_PROXY : GPU Direct RDMA Disabled for HCA 1 'rocep1s0f1'
gx10-e146:63:63 [0] NCCL INFO ncclTopoPopulateNics : Filled rocep1s0f1 in topo with pciPath=/sys/devices/pci0000:00/0000:00:00.0/0000:01:00.0 net=0 gin=1 rma=1 keep=1 coll=(null) rail=-1 plane=-1
gx10-e146:63:63 [0] NCCL INFO NET/RMA_IB_PROXY : GPU Direct RDMA Disabled for HCA 2 'roceP2p1s0f0'
gx10-e146:63:63 [0] NCCL INFO ncclTopoPopulateNics : Filled roceP2p1s0f0 in topo with pciPath=/sys/devices/pci0002:00/0002:00:00.0/0002:01:00.0 net=0 gin=1 rma=1 keep=1 coll=(null) rail=-1 plane=-1
gx10-e146:63:63 [0] NCCL INFO NET/RMA_IB_PROXY : GPU Direct RDMA Disabled for HCA 3 'roceP2p1s0f1'
gx10-e146:63:63 [0] NCCL INFO ncclTopoPopulateNics : Filled roceP2p1s0f1 in topo with pciPath=/sys/devices/pci0002:00/0002:00:00.0/0002:01:00.0 net=0 gin=1 rma=1 keep=1 coll=(null) rail=-1 plane=-1
gx10-e146:63:63 [0] NCCL INFO NET/IB : GPU Direct RDMA Disabled for HCA 0 'rocep1s0f0'
gx10-e146:63:63 [0] NCCL INFO ncclTopoPopulateNics : Filled rocep1s0f0 in topo with pciPath=/sys/devices/pci0000:00/0000:00:00.0/0000:01:00.0 net=1 gin=1 rma=1 keep=1 coll=(null) rail=-1 plane=-1
gx10-e146:63:63 [0] NCCL INFO NET/IB : GPU Direct RDMA Disabled for HCA 1 'rocep1s0f1'
gx10-e146:63:63 [0] NCCL INFO ncclTopoPopulateNics : Filled rocep1s0f1 in topo with pciPath=/sys/devices/pci0000:00/0000:00:00.0/0000:01:00.0 net=1 gin=1 rma=1 keep=1 coll=(null) rail=-1 plane=-1
gx10-e146:63:63 [0] NCCL INFO NET/IB : GPU Direct RDMA Disabled for HCA 2 'roceP2p1s0f0'
gx10-e146:63:63 [0] NCCL INFO ncclTopoPopulateNics : Filled roceP2p1s0f0 in topo with pciPath=/sys/devices/pci0002:00/0002:00:00.0/0002:01:00.0 net=1 gin=1 rma=1 keep=1 coll=(null) rail=-1 plane=-1
gx10-e146:63:63 [0] NCCL INFO NET/IB : GPU Direct RDMA Disabled for HCA 3 'roceP2p1s0f1'
gx10-e146:63:63 [0] NCCL INFO ncclTopoPopulateNics : Filled roceP2p1s0f1 in topo with pciPath=/sys/devices/pci0002:00/0002:00:00.0/0002:01:00.0 net=1 gin=1 rma=1 keep=1 coll=(null) rail=-1 plane=-1
gx10-e146:63:63 [0] NCCL INFO NET/IB : Made virtual device [4] name=rocep1s0f0+rocep1s0f1 speed=400000 ndevs=2 rail=-1 plane=16385
gx10-e146:63:63 [0] NCCL INFO TOPO/NET : Made vNic 4
gx10-e146:63:63 [0] NCCL INFO NET/IB : Made virtual device [5] name=roceP2p1s0f0+roceP2p1s0f1 speed=400000 ndevs=2 rail=-1 plane=16385
gx10-e146:63:63 [0] NCCL INFO TOPO/NET : Made vNic 5
gx10-e146:63:63 [0] NCCL INFO NET/IB : GPU Direct RDMA Disabled for HCA 4 'rocep1s0f0+rocep1s0f1'
gx10-e146:63:63 [0] NCCL INFO ncclTopoPopulateNics : Filled rocep1s0f0+rocep1s0f1 in topo with pciPath=/sys/devices/pci0000:00/0000:00:00.0/0000:01:00.0 net=1 gin=(null) rma=(null) keep=1 coll=(null) rail=-1 plane=16385
gx10-e146:63:63 [0] NCCL INFO NET/IB : GPU Direct RDMA Disabled for HCA 5 'roceP2p1s0f0+roceP2p1s0f1'
gx10-e146:63:63 [0] NCCL INFO ncclTopoPopulateNics : Filled roceP2p1s0f0+roceP2p1s0f1 in topo with pciPath=/sys/devices/pci0002:00/0002:00:00.0/0002:01:00.0 net=1 gin=(null) rma=(null) keep=1 coll=(null) rail=-1 plane=16385
gx10-e146:63:63 [0] NCCL INFO === System : maxBw 12.0 totalBw 0.2 ===
gx10-e146:63:63 [0] NCCL INFO CPU/0-ffffffffffffff (3/-1/-1)
gx10-e146:63:63 [0] NCCL INFO + C2C[345.0] - DEV/0-f01000
gx10-e146:63:63 [0] NCCL INFO + PCI[12.0] - NIC/0-1000
gx10-e146:63:63 [0] NCCL INFO               + NET[50.0] - NET/0-4 (0/47e1bf000399c530/1/50.000000)
gx10-e146:63:63 [0] NCCL INFO               + NET[25.0] - GIN/0-0
gx10-e146:63:63 [0] NCCL INFO               + NET[25.0] - RMA/0-0
gx10-e146:63:63 [0] NCCL INFO               + NET[25.0] - GIN/0-1
gx10-e146:63:63 [0] NCCL INFO               + NET[25.0] - RMA/0-1
gx10-e146:63:63 [0] NCCL INFO + PCI[12.0] - NIC/0-201000
gx10-e146:63:63 [0] NCCL INFO               + NET[50.0] - NET/0-5 (0/47e1bf000399c530/1/50.000000)
gx10-e146:63:63 [0] NCCL INFO               + NET[25.0] - GIN/0-2
gx10-e146:63:63 [0] NCCL INFO               + NET[25.0] - RMA/0-2
gx10-e146:63:63 [0] NCCL INFO               + NET[25.0] - GIN/0-3
gx10-e146:63:63 [0] NCCL INFO               + NET[25.0] - RMA/0-3
gx10-e146:63:63 [0] NCCL INFO + PCI[0.2] - DEV/0-f01000 (10de2e1210de0000)
gx10-e146:63:63 [0] NCCL INFO              + LOC[5000.0] - GPU/0-f01000
gx10-e146:63:63 [0] NCCL INFO              + C2C[345.0] - CPU/0-ffffffffffffff
gx10-e146:63:63 [0] NCCL INFO ==========================================
gx10-e146:63:63 [0] NCCL INFO GPU/0-f01000 :GPU/0-f01000 (0/5000.0/LOC) CPU/0-ffffffffffffff (2/345.0/C2C) NET/0-4 (4/12.0/P2C) NET/0-5 (4/12.0/P2C) GIN/0-0 (4/12.0/PHB) GIN/0-1 (4/12.0/PHB) GIN/0-2 (4/12.0/PHB) GIN/0-3 (4/12.0/PHB) RMA/0-0 (4/12.0/PHB) RMA/0-1 (4/12.0/PHB) RMA/0-2 (4/12.0/PHB) RMA/0-3 (4/12.0/PHB) DEV/0-f01000 (1/5000.0/LOC) 
gx10-e146:63:63 [0] NCCL INFO NET/0-4 :GPU/0-f01000 (4/12.0/P2C) CPU/0-ffffffffffffff (2/12.0/PHB) NET/0-4 (0/5000.0/LOC) NET/0-5 (4/12.0/PHB) GIN/0-0 (2/25.0/LOC) GIN/0-1 (2/25.0/LOC) GIN/0-2 (4/12.0/PHB) GIN/0-3 (4/12.0/PHB) RMA/0-0 (2/25.0/LOC) RMA/0-1 (2/25.0/LOC) RMA/0-2 (4/12.0/PHB) RMA/0-3 (4/12.0/PHB) DEV/0-f01000 (3/12.0/PHB) 
gx10-e146:63:63 [0] NCCL INFO NET/0-5 :GPU/0-f01000 (4/12.0/P2C) CPU/0-ffffffffffffff (2/12.0/PHB) NET/0-4 (4/12.0/PHB) NET/0-5 (0/5000.0/LOC) GIN/0-0 (4/12.0/PHB) GIN/0-1 (4/12.0/PHB) GIN/0-2 (2/25.0/LOC) GIN/0-3 (2/25.0/LOC) RMA/0-0 (4/12.0/PHB) RMA/0-1 (4/12.0/PHB) RMA/0-2 (2/25.0/LOC) RMA/0-3 (2/25.0/LOC) DEV/0-f01000 (3/12.0/PHB) 
gx10-e146:63:63 [0] NCCL INFO GIN/0-0 :GPU/0-f01000 (4/12.0/PHB) CPU/0-ffffffffffffff (2/12.0/PHB) NET/0-4 (2/25.0/LOC) NET/0-5 (4/12.0/PHB) GIN/0-0 (0/5000.0/LOC) GIN/0-1 (2/25.0/LOC) GIN/0-2 (4/12.0/PHB) GIN/0-3 (4/12.0/PHB) RMA/0-0 (2/25.0/LOC) RMA/0-1 (2/25.0/LOC) RMA/0-2 (4/12.0/PHB) RMA/0-3 (4/12.0/PHB) DEV/0-f01000 (3/12.0/PHB) 
gx10-e146:63:63 [0] NCCL INFO GIN/0-1 :GPU/0-f01000 (4/12.0/PHB) CPU/0-ffffffffffffff (2/12.0/PHB) NET/0-4 (2/25.0/LOC) NET/0-5 (4/12.0/PHB) GIN/0-0 (2/25.0/LOC) GIN/0-1 (0/5000.0/LOC) GIN/0-2 (4/12.0/PHB) GIN/0-3 (4/12.0/PHB) RMA/0-0 (2/25.0/LOC) RMA/0-1 (2/25.0/LOC) RMA/0-2 (4/12.0/PHB) RMA/0-3 (4/12.0/PHB) DEV/0-f01000 (3/12.0/PHB) 
gx10-e146:63:63 [0] NCCL INFO GIN/0-2 :GPU/0-f01000 (4/12.0/PHB) CPU/0-ffffffffffffff (2/12.0/PHB) NET/0-4 (4/12.0/PHB) NET/0-5 (2/25.0/LOC) GIN/0-0 (4/12.0/PHB) GIN/0-1 (4/12.0/PHB) GIN/0-2 (0/5000.0/LOC) GIN/0-3 (2/25.0/LOC) RMA/0-0 (4/12.0/PHB) RMA/0-1 (4/12.0/PHB) RMA/0-2 (2/25.0/LOC) RMA/0-3 (2/25.0/LOC) DEV/0-f01000 (3/12.0/PHB) 
gx10-e146:63:63 [0] NCCL INFO GIN/0-3 :GPU/0-f01000 (4/12.0/PHB) CPU/0-ffffffffffffff (2/12.0/PHB) NET/0-4 (4/12.0/PHB) NET/0-5 (2/25.0/LOC) GIN/0-0 (4/12.0/PHB) GIN/0-1 (4/12.0/PHB) GIN/0-2 (2/25.0/LOC) GIN/0-3 (0/5000.0/LOC) RMA/0-0 (4/12.0/PHB) RMA/0-1 (4/12.0/PHB) RMA/0-2 (2/25.0/LOC) RMA/0-3 (2/25.0/LOC) DEV/0-f01000 (3/12.0/PHB) 
gx10-e146:63:63 [0] NCCL INFO RMA/0-0 :GPU/0-f01000 (4/12.0/PHB) CPU/0-ffffffffffffff (2/12.0/PHB) NET/0-4 (2/25.0/LOC) NET/0-5 (4/12.0/PHB) GIN/0-0 (2/25.0/LOC) GIN/0-1 (2/25.0/LOC) GIN/0-2 (4/12.0/PHB) GIN/0-3 (4/12.0/PHB) RMA/0-0 (0/5000.0/LOC) RMA/0-1 (2/25.0/LOC) RMA/0-2 (4/12.0/PHB) RMA/0-3 (4/12.0/PHB) DEV/0-f01000 (3/12.0/PHB) 
gx10-e146:63:63 [0] NCCL INFO RMA/0-1 :GPU/0-f01000 (4/12.0/PHB) CPU/0-ffffffffffffff (2/12.0/PHB) NET/0-4 (2/25.0/LOC) NET/0-5 (4/12.0/PHB) GIN/0-0 (2/25.0/LOC) GIN/0-1 (2/25.0/LOC) GIN/0-2 (4/12.0/PHB) GIN/0-3 (4/12.0/PHB) RMA/0-0 (2/25.0/LOC) RMA/0-1 (0/5000.0/LOC) RMA/0-2 (4/12.0/PHB) RMA/0-3 (4/12.0/PHB) DEV/0-f01000 (3/12.0/PHB) 
gx10-e146:63:63 [0] NCCL INFO RMA/0-2 :GPU/0-f01000 (4/12.0/PHB) CPU/0-ffffffffffffff (2/12.0/PHB) NET/0-4 (4/12.0/PHB) NET/0-5 (2/25.0/LOC) GIN/0-0 (4/12.0/PHB) GIN/0-1 (4/12.0/PHB) GIN/0-2 (2/25.0/LOC) GIN/0-3 (2/25.0/LOC) RMA/0-0 (4/12.0/PHB) RMA/0-1 (4/12.0/PHB) RMA/0-2 (0/5000.0/LOC) RMA/0-3 (2/25.0/LOC) DEV/0-f01000 (3/12.0/PHB) 
gx10-e146:63:63 [0] NCCL INFO RMA/0-3 :GPU/0-f01000 (4/12.0/PHB) CPU/0-ffffffffffffff (2/12.0/PHB) NET/0-4 (4/12.0/PHB) NET/0-5 (2/25.0/LOC) GIN/0-0 (4/12.0/PHB) GIN/0-1 (4/12.0/PHB) GIN/0-2 (2/25.0/LOC) GIN/0-3 (2/25.0/LOC) RMA/0-0 (4/12.0/PHB) RMA/0-1 (4/12.0/PHB) RMA/0-2 (2/25.0/LOC) RMA/0-3 (0/5000.0/LOC) DEV/0-f01000 (3/12.0/PHB) 
gx10-e146:63:63 [0] NCCL INFO ncclTopoGetCpuAffinity: Affinity for GPU 0 is empty, ignoring. (GPU affinity =  ; CPU affinity = 0-19).
gx10-e146:63:63 [0] NCCL INFO Pattern 4, crossNic 0, nChannels 32, bw 0.240000/0.240000, type LOC/P2C, sameChannels 1
gx10-e146:63:63 [0] NCCL INFO  0 : NET/0-4 GPU/0-f01000 NET/0-4
gx10-e146:63:63 [0] NCCL INFO  1 : NET/0-5 GPU/0-f01000 NET/0-4
gx10-e146:63:63 [0] NCCL INFO  2 : NET/0-4 GPU/0-f01000 NET/0-4
gx10-e146:63:63 [0] NCCL INFO  3 : NET/0-5 GPU/0-f01000 NET/0-4
gx10-e146:63:63 [0] NCCL INFO  4 : NET/0-4 GPU/0-f01000 NET/0-4
gx10-e146:63:63 [0] NCCL INFO  5 : NET/0-5 GPU/0-f01000 NET/0-4
gx10-e146:63:63 [0] NCCL INFO  6 : NET/0-4 GPU/0-f01000 NET/0-4
gx10-e146:63:63 [0] NCCL INFO  7 : NET/0-5 GPU/0-f01000 NET/0-4
gx10-e146:63:63 [0] NCCL INFO  8 : NET/0-4 GPU/0-f01000 NET/0-4
gx10-e146:63:63 [0] NCCL INFO  9 : NET/0-5 GPU/0-f01000 NET/0-4
gx10-e146:63:63 [0] NCCL INFO 10 : NET/0-4 GPU/0-f01000 NET/0-4
gx10-e146:63:63 [0] NCCL INFO 11 : NET/0-5 GPU/0-f01000 NET/0-4
gx10-e146:63:63 [0] NCCL INFO 12 : NET/0-4 GPU/0-f01000 NET/0-4
gx10-e146:63:63 [0] NCCL INFO 13 : NET/0-5 GPU/0-f01000 NET/0-4
gx10-e146:63:63 [0] NCCL INFO 14 : NET/0-4 GPU/0-f01000 NET/0-4
gx10-e146:63:63 [0] NCCL INFO 15 : NET/0-5 GPU/0-f01000 NET/0-4
gx10-e146:63:63 [0] NCCL INFO 16 : NET/0-4 GPU/0-f01000 NET/0-4
gx10-e146:63:63 [0] NCCL INFO 17 : NET/0-5 GPU/0-f01000 NET/0-4
gx10-e146:63:63 [0] NCCL INFO 18 : NET/0-4 GPU/0-f01000 NET/0-4
gx10-e146:63:63 [0] NCCL INFO 19 : NET/0-5 GPU/0-f01000 NET/0-4
gx10-e146:63:63 [0] NCCL INFO 20 : NET/0-4 GPU/0-f01000 NET/0-4
gx10-e146:63:63 [0] NCCL INFO 21 : NET/0-5 GPU/0-f01000 NET/0-4
gx10-e146:63:63 [0] NCCL INFO 22 : NET/0-4 GPU/0-f01000 NET/0-4
gx10-e146:63:63 [0] NCCL INFO 23 : NET/0-5 GPU/0-f01000 NET/0-4
gx10-e146:63:63 [0] NCCL INFO 24 : NET/0-4 GPU/0-f01000 NET/0-4
gx10-e146:63:63 [0] NCCL INFO 25 : NET/0-5 GPU/0-f01000 NET/0-4
gx10-e146:63:63 [0] NCCL INFO 26 : NET/0-4 GPU/0-f01000 NET/0-4
gx10-e146:63:63 [0] NCCL INFO 27 : NET/0-5 GPU/0-f01000 NET/0-4
gx10-e146:63:63 [0] NCCL INFO 28 : NET/0-4 GPU/0-f01000 NET/0-4
gx10-e146:63:63 [0] NCCL INFO 29 : NET/0-5 GPU/0-f01000 NET/0-4
gx10-e146:63:63 [0] NCCL INFO 30 : NET/0-4 GPU/0-f01000 NET/0-4
gx10-e146:63:63 [0] NCCL INFO 31 : NET/0-5 GPU/0-f01000 NET/0-4
gx10-e146:63:63 [0] NCCL INFO Pattern 3, crossNic 0, nChannels 32, bw 0.240000/0.120000, type LOC/P2C, sameChannels 1
gx10-e146:63:63 [0] NCCL INFO  0 : NET/0-4 GPU/0-f01000 NET/0-4
gx10-e146:63:63 [0] NCCL INFO  1 : NET/0-5 GPU/0-f01000 NET/0-5
gx10-e146:63:63 [0] NCCL INFO  2 : NET/0-4 GPU/0-f01000 NET/0-4
gx10-e146:63:63 [0] NCCL INFO  3 : NET/0-5 GPU/0-f01000 NET/0-5
gx10-e146:63:63 [0] NCCL INFO  4 : NET/0-4 GPU/0-f01000 NET/0-4
gx10-e146:63:63 [0] NCCL INFO  5 : NET/0-5 GPU/0-f01000 NET/0-5
gx10-e146:63:63 [0] NCCL INFO  6 : NET/0-4 GPU/0-f01000 NET/0-4
gx10-e146:63:63 [0] NCCL INFO  7 : NET/0-5 GPU/0-f01000 NET/0-5
gx10-e146:63:63 [0] NCCL INFO  8 : NET/0-4 GPU/0-f01000 NET/0-4
gx10-e146:63:63 [0] NCCL INFO  9 : NET/0-5 GPU/0-f01000 NET/0-5
gx10-e146:63:63 [0] NCCL INFO 10 : NET/0-4 GPU/0-f01000 NET/0-4
gx10-e146:63:63 [0] NCCL INFO 11 : NET/0-5 GPU/0-f01000 NET/0-5
gx10-e146:63:63 [0] NCCL INFO 12 : NET/0-4 GPU/0-f01000 NET/0-4
gx10-e146:63:63 [0] NCCL INFO 13 : NET/0-5 GPU/0-f01000 NET/0-5
gx10-e146:63:63 [0] NCCL INFO 14 : NET/0-4 GPU/0-f01000 NET/0-4
gx10-e146:63:63 [0] NCCL INFO 15 : NET/0-5 GPU/0-f01000 NET/0-5
gx10-e146:63:63 [0] NCCL INFO 16 : NET/0-4 GPU/0-f01000 NET/0-4
gx10-e146:63:63 [0] NCCL INFO 17 : NET/0-5 GPU/0-f01000 NET/0-5
gx10-e146:63:63 [0] NCCL INFO 18 : NET/0-4 GPU/0-f01000 NET/0-4
gx10-e146:63:63 [0] NCCL INFO 19 : NET/0-5 GPU/0-f01000 NET/0-5
gx10-e146:63:63 [0] NCCL INFO 20 : NET/0-4 GPU/0-f01000 NET/0-4
gx10-e146:63:63 [0] NCCL INFO 21 : NET/0-5 GPU/0-f01000 NET/0-5
gx10-e146:63:63 [0] NCCL INFO 22 : NET/0-4 GPU/0-f01000 NET/0-4
gx10-e146:63:63 [0] NCCL INFO 23 : NET/0-5 GPU/0-f01000 NET/0-5
gx10-e146:63:63 [0] NCCL INFO 24 : NET/0-4 GPU/0-f01000 NET/0-4
gx10-e146:63:63 [0] NCCL INFO 25 : NET/0-5 GPU/0-f01000 NET/0-5
gx10-e146:63:63 [0] NCCL INFO 26 : NET/0-4 GPU/0-f01000 NET/0-4
gx10-e146:63:63 [0] NCCL INFO 27 : NET/0-5 GPU/0-f01000 NET/0-5
gx10-e146:63:63 [0] NCCL INFO 28 : NET/0-4 GPU/0-f01000 NET/0-4
gx10-e146:63:63 [0] NCCL INFO 29 : NET/0-5 GPU/0-f01000 NET/0-5
gx10-e146:63:63 [0] NCCL INFO 30 : NET/0-4 GPU/0-f01000 NET/0-4
gx10-e146:63:63 [0] NCCL INFO 31 : NET/0-5 GPU/0-f01000 NET/0-5
gx10-e146:63:63 [0] NCCL INFO Rank 1: 6 Net devices
gx10-e146:63:63 [0] NCCL INFO Rank 1: 0 CollNet devices
gx10-e146:63:63 [0] NCCL INFO comm 0xb626d983fff0 rank 1 nRanks 3 nNodes 3 localRanks 1 localRank 0 MNNVL 0
gx10-e146:63:63 [0] NCCL INFO Tree 0 : 2 -> 1 -> -1/-1/-1
gx10-e146:63:63 [0] NCCL INFO Tree 32 : -1 -> 1 -> 0/-1/-1
gx10-e146:63:63 [0] NCCL INFO Tree 1 : 2 -> 1 -> -1/-1/-1
gx10-e146:63:63 [0] NCCL INFO Tree 33 : -1 -> 1 -> 0/-1/-1
gx10-e146:63:63 [0] NCCL INFO Tree 2 : 2 -> 1 -> -1/-1/-1
gx10-e146:63:63 [0] NCCL INFO Tree 34 : -1 -> 1 -> 0/-1/-1
gx10-e146:63:63 [0] NCCL INFO Tree 3 : 2 -> 1 -> -1/-1/-1
gx10-e146:63:63 [0] NCCL INFO Tree 35 : -1 -> 1 -> 0/-1/-1
gx10-e146:63:63 [0] NCCL INFO Tree 4 : 2 -> 1 -> -1/-1/-1
gx10-e146:63:63 [0] NCCL INFO Tree 36 : -1 -> 1 -> 0/-1/-1
gx10-e146:63:63 [0] NCCL INFO Tree 5 : 2 -> 1 -> -1/-1/-1
gx10-e146:63:63 [0] NCCL INFO Tree 37 : -1 -> 1 -> 0/-1/-1
gx10-e146:63:63 [0] NCCL INFO Tree 6 : 2 -> 1 -> -1/-1/-1
gx10-e146:63:63 [0] NCCL INFO Tree 38 : -1 -> 1 -> 0/-1/-1
gx10-e146:63:63 [0] NCCL INFO Tree 7 : 2 -> 1 -> -1/-1/-1
gx10-e146:63:63 [0] NCCL INFO Tree 39 : -1 -> 1 -> 0/-1/-1
gx10-e146:63:63 [0] NCCL INFO Tree 8 : 2 -> 1 -> -1/-1/-1
gx10-e146:63:63 [0] NCCL INFO Tree 40 : -1 -> 1 -> 0/-1/-1
gx10-e146:63:63 [0] NCCL INFO Tree 9 : 2 -> 1 -> -1/-1/-1
gx10-e146:63:63 [0] NCCL INFO Tree 41 : -1 -> 1 -> 0/-1/-1
gx10-e146:63:63 [0] NCCL INFO Tree 10 : 2 -> 1 -> -1/-1/-1
gx10-e146:63:63 [0] NCCL INFO Tree 42 : -1 -> 1 -> 0/-1/-1
gx10-e146:63:63 [0] NCCL INFO Tree 11 : 2 -> 1 -> -1/-1/-1
gx10-e146:63:63 [0] NCCL INFO Tree 43 : -1 -> 1 -> 0/-1/-1
gx10-e146:63:63 [0] NCCL INFO Tree 12 : 2 -> 1 -> -1/-1/-1
gx10-e146:63:63 [0] NCCL INFO Tree 44 : -1 -> 1 -> 0/-1/-1
gx10-e146:63:63 [0] NCCL INFO Tree 13 : 2 -> 1 -> -1/-1/-1
gx10-e146:63:63 [0] NCCL INFO Tree 45 : -1 -> 1 -> 0/-1/-1
gx10-e146:63:63 [0] NCCL INFO Tree 14 : 2 -> 1 -> -1/-1/-1
gx10-e146:63:63 [0] NCCL INFO Tree 46 : -1 -> 1 -> 0/-1/-1
gx10-e146:63:63 [0] NCCL INFO Tree 15 : 2 -> 1 -> -1/-1/-1
gx10-e146:63:63 [0] NCCL INFO Tree 47 : -1 -> 1 -> 0/-1/-1
gx10-e146:63:63 [0] NCCL INFO Tree 16 : 2 -> 1 -> -1/-1/-1
gx10-e146:63:63 [0] NCCL INFO Tree 48 : -1 -> 1 -> 0/-1/-1
gx10-e146:63:63 [0] NCCL INFO Tree 17 : 2 -> 1 -> -1/-1/-1
gx10-e146:63:63 [0] NCCL INFO Tree 49 : -1 -> 1 -> 0/-1/-1
gx10-e146:63:63 [0] NCCL INFO Tree 18 : 2 -> 1 -> -1/-1/-1
gx10-e146:63:63 [0] NCCL INFO Tree 50 : -1 -> 1 -> 0/-1/-1
gx10-e146:63:63 [0] NCCL INFO Tree 19 : 2 -> 1 -> -1/-1/-1
gx10-e146:63:63 [0] NCCL INFO Tree 51 : -1 -> 1 -> 0/-1/-1
gx10-e146:63:63 [0] NCCL INFO Tree 20 : 2 -> 1 -> -1/-1/-1
gx10-e146:63:63 [0] NCCL INFO Tree 52 : -1 -> 1 -> 0/-1/-1
gx10-e146:63:63 [0] NCCL INFO Tree 21 : 2 -> 1 -> -1/-1/-1
gx10-e146:63:63 [0] NCCL INFO Tree 53 : -1 -> 1 -> 0/-1/-1
gx10-e146:63:63 [0] NCCL INFO Tree 22 : 2 -> 1 -> -1/-1/-1
gx10-e146:63:63 [0] NCCL INFO Tree 54 : -1 -> 1 -> 0/-1/-1
gx10-e146:63:63 [0] NCCL INFO Tree 23 : 2 -> 1 -> -1/-1/-1
gx10-e146:63:63 [0] NCCL INFO Tree 55 : -1 -> 1 -> 0/-1/-1
gx10-e146:63:63 [0] NCCL INFO Tree 24 : 2 -> 1 -> -1/-1/-1
gx10-e146:63:63 [0] NCCL INFO Tree 56 : -1 -> 1 -> 0/-1/-1
gx10-e146:63:63 [0] NCCL INFO Tree 25 : 2 -> 1 -> -1/-1/-1
gx10-e146:63:63 [0] NCCL INFO Tree 57 : -1 -> 1 -> 0/-1/-1
gx10-e146:63:63 [0] NCCL INFO Tree 26 : 2 -> 1 -> -1/-1/-1
gx10-e146:63:63 [0] NCCL INFO Tree 58 : -1 -> 1 -> 0/-1/-1
gx10-e146:63:63 [0] NCCL INFO Tree 27 : 2 -> 1 -> -1/-1/-1
gx10-e146:63:63 [0] NCCL INFO Tree 59 : -1 -> 1 -> 0/-1/-1
gx10-e146:63:63 [0] NCCL INFO Tree 28 : 2 -> 1 -> -1/-1/-1
gx10-e146:63:63 [0] NCCL INFO Tree 60 : -1 -> 1 -> 0/-1/-1
gx10-e146:63:63 [0] NCCL INFO Tree 29 : 2 -> 1 -> -1/-1/-1
gx10-e146:63:63 [0] NCCL INFO Tree 61 : -1 -> 1 -> 0/-1/-1
gx10-e146:63:63 [0] NCCL INFO Tree 30 : 2 -> 1 -> -1/-1/-1
gx10-e146:63:63 [0] NCCL INFO Tree 62 : -1 -> 1 -> 0/-1/-1
gx10-e146:63:63 [0] NCCL INFO Tree 31 : 2 -> 1 -> -1/-1/-1
gx10-e146:63:63 [0] NCCL INFO Tree 63 : -1 -> 1 -> 0/-1/-1
gx10-e146:63:63 [0] NCCL INFO Ring 00 : 0 -> 1 -> 2
gx10-e146:63:63 [0] NCCL INFO Ring 01 : 0 -> 1 -> 2
gx10-e146:63:63 [0] NCCL INFO Ring 02 : 0 -> 1 -> 2
gx10-e146:63:63 [0] NCCL INFO Ring 03 : 0 -> 1 -> 2
gx10-e146:63:63 [0] NCCL INFO Ring 04 : 0 -> 1 -> 2
gx10-e146:63:63 [0] NCCL INFO Ring 05 : 0 -> 1 -> 2
gx10-e146:63:63 [0] NCCL INFO Ring 06 : 0 -> 1 -> 2
gx10-e146:63:63 [0] NCCL INFO Ring 07 : 0 -> 1 -> 2
gx10-e146:63:63 [0] NCCL INFO Ring 08 : 0 -> 1 -> 2
gx10-e146:63:63 [0] NCCL INFO Ring 09 : 0 -> 1 -> 2
gx10-e146:63:63 [0] NCCL INFO Ring 10 : 0 -> 1 -> 2
gx10-e146:63:63 [0] NCCL INFO Ring 11 : 0 -> 1 -> 2
gx10-e146:63:63 [0] NCCL INFO Ring 12 : 0 -> 1 -> 2
gx10-e146:63:63 [0] NCCL INFO Ring 13 : 0 -> 1 -> 2
gx10-e146:63:63 [0] NCCL INFO Ring 14 : 0 -> 1 -> 2
gx10-e146:63:63 [0] NCCL INFO Ring 15 : 0 -> 1 -> 2
gx10-e146:63:63 [0] NCCL INFO Ring 16 : 0 -> 1 -> 2
gx10-e146:63:63 [0] NCCL INFO Ring 17 : 0 -> 1 -> 2
gx10-e146:63:63 [0] NCCL INFO Ring 18 : 0 -> 1 -> 2
gx10-e146:63:63 [0] NCCL INFO Ring 19 : 0 -> 1 -> 2
gx10-e146:63:63 [0] NCCL INFO Ring 20 : 0 -> 1 -> 2
gx10-e146:63:63 [0] NCCL INFO Ring 21 : 0 -> 1 -> 2
gx10-e146:63:63 [0] NCCL INFO Ring 22 : 0 -> 1 -> 2
gx10-e146:63:63 [0] NCCL INFO Ring 23 : 0 -> 1 -> 2
gx10-e146:63:63 [0] NCCL INFO Ring 24 : 0 -> 1 -> 2
gx10-e146:63:63 [0] NCCL INFO Ring 25 : 0 -> 1 -> 2
gx10-e146:63:63 [0] NCCL INFO Ring 26 : 0 -> 1 -> 2
gx10-e146:63:63 [0] NCCL INFO Ring 27 : 0 -> 1 -> 2
gx10-e146:63:63 [0] NCCL INFO Ring 28 : 0 -> 1 -> 2
gx10-e146:63:63 [0] NCCL INFO Ring 29 : 0 -> 1 -> 2
gx10-e146:63:63 [0] NCCL INFO Ring 30 : 0 -> 1 -> 2
gx10-e146:63:63 [0] NCCL INFO Ring 31 : 0 -> 1 -> 2
gx10-e146:63:63 [0] NCCL INFO Ring 32 : 0 -> 1 -> 2
gx10-e146:63:63 [0] NCCL INFO Ring 33 : 0 -> 1 -> 2
gx10-e146:63:63 [0] NCCL INFO Ring 34 : 0 -> 1 -> 2
gx10-e146:63:63 [0] NCCL INFO Ring 35 : 0 -> 1 -> 2
gx10-e146:63:63 [0] NCCL INFO Ring 36 : 0 -> 1 -> 2
gx10-e146:63:63 [0] NCCL INFO Ring 37 : 0 -> 1 -> 2
gx10-e146:63:63 [0] NCCL INFO Ring 38 : 0 -> 1 -> 2
gx10-e146:63:63 [0] NCCL INFO Ring 39 : 0 -> 1 -> 2
gx10-e146:63:63 [0] NCCL INFO Ring 40 : 0 -> 1 -> 2
gx10-e146:63:63 [0] NCCL INFO Ring 41 : 0 -> 1 -> 2
gx10-e146:63:63 [0] NCCL INFO Ring 42 : 0 -> 1 -> 2
gx10-e146:63:63 [0] NCCL INFO Ring 43 : 0 -> 1 -> 2
gx10-e146:63:63 [0] NCCL INFO Ring 44 : 0 -> 1 -> 2
gx10-e146:63:63 [0] NCCL INFO Ring 45 : 0 -> 1 -> 2
gx10-e146:63:63 [0] NCCL INFO Ring 46 : 0 -> 1 -> 2
gx10-e146:63:63 [0] NCCL INFO Ring 47 : 0 -> 1 -> 2
gx10-e146:63:63 [0] NCCL INFO Ring 48 : 0 -> 1 -> 2
gx10-e146:63:63 [0] NCCL INFO Ring 49 : 0 -> 1 -> 2
gx10-e146:63:63 [0] NCCL INFO Ring 50 : 0 -> 1 -> 2
gx10-e146:63:63 [0] NCCL INFO Ring 51 : 0 -> 1 -> 2
gx10-e146:63:63 [0] NCCL INFO Ring 52 : 0 -> 1 -> 2
gx10-e146:63:63 [0] NCCL INFO Ring 53 : 0 -> 1 -> 2
gx10-e146:63:63 [0] NCCL INFO Ring 54 : 0 -> 1 -> 2
gx10-e146:63:63 [0] NCCL INFO Ring 55 : 0 -> 1 -> 2
gx10-e146:63:63 [0] NCCL INFO Ring 56 : 0 -> 1 -> 2
gx10-e146:63:63 [0] NCCL INFO Ring 57 : 0 -> 1 -> 2
gx10-e146:63:63 [0] NCCL INFO Ring 58 : 0 -> 1 -> 2
gx10-e146:63:63 [0] NCCL INFO Ring 59 : 0 -> 1 -> 2
gx10-e146:63:63 [0] NCCL INFO Ring 60 : 0 -> 1 -> 2
gx10-e146:63:63 [0] NCCL INFO Ring 61 : 0 -> 1 -> 2
gx10-e146:63:63 [0] NCCL INFO Ring 62 : 0 -> 1 -> 2
gx10-e146:63:63 [0] NCCL INFO Ring 63 : 0 -> 1 -> 2
gx10-e146:63:63 [0] NCCL INFO Trees [0] -1/-1/-1->1->2 [1] -1/-1/-1->1->2 [2] -1/-1/-1->1->2 [3] -1/-1/-1->1->2 [4] -1/-1/-1->1->2 [5] -1/-1/-1->1->2 [6] -1/-1/-1->1->2 [7] -1/-1/-1->1->2 [8] -1/-1/-1->1->2 [9] -1/-1/-1->1->2 [10] -1/-1/-1->1->2 [11] -1/-1/-1->1->2 [12] -1/-1/-1->1->2 [13] -1/-1/-1->1->2 [14] -1/-1/-1->1->2 [15] -1/-1/-1->1->2 [16] -1/-1/-1->1->2 [17] -1/-1/-1->1->2 [18] -1/-1/-1->1->2 [19] -1/-1/-1->1->2 [20] -1/-1/-1->1->2 [21] -1/-1/-1->1->2 [22] -1/-1/-1->1->2 [23] -1/-1/-1->1->2 [24] -1/-1/-1->1->2 [25] -1/-1/-1->1->2 [26] -1/-1/-1->1->2 [27] -1/-1/-1->1->2 [28] -1/-1/-1->1->2 [29] -1/-1/-1->1->2 [30] -1/-1/-1->1->2 [31] -1/-1/-1->1->2 [32] 0/-1/-1->1->-1 [33] 0/-1/-1->1->-1 [34] 0/-1/-1->1->-1 [35] 0/-1/-1->1->-1 [36] 0/-1/-1->1->-1 [37] 0/-1/-1->1->-1 [38] 0/-1/-1->1->-1 [39] 0/-1/-1->1->-1 [40] 0/-1/-1->1->-1 [41] 0/-1/-1->1->-1 [42] 0/-1/-1->1->-1 [43] 0/-1/-1->1->-1 [44] 0/-1/-1->1->-1 [45] 0/-1/-1->1->-1 [46] 0/-1/-1->1->-1 [47] 0/-1/-1->1->-1 [48] 0/-1/-1->1->-1 [49] 0/-1/-1->1->-1 [50] 0/-1/-1->1->-1 [51] 0/-1/-
gx10-e146:63:63 [0] NCCL INFO P2P Chunksize set to 262144
gx10-e146:63:63 [0] NCCL INFO Tuning P2P operations with maxP2pPeers = 3
gx10-e146:63:63 [0] NCCL INFO ncclOsDlopen(libnccl-profiler.so) failed: libnccl-profiler.so: cannot open shared object file: No such file or directory
gx10-e146:63:63 [0] NCCL INFO PROFILER/Plugin: Could not find: libnccl-profiler.so
gx10-e146:63:63 [0] NCCL INFO Check P2P Type isAllDirectP2p 1 directMode 0 isAllCudaP2p 1
gx10-e146:63:63 [0] NCCL INFO ncclP2pSchedule: group size used is 1
gx10-e146:63:74 [0] NCCL INFO [Proxy Service UDS] Device 0 CPU core 19
gx10-e146:63:73 [0] NCCL INFO [Proxy Service] Device 0 CPU core 9
gx10-e146:63:73 [0] NCCL INFO proxy listening socket at 192.168.1.50<53891>
gx10-e146:63:63 [0] NCCL INFO ncclOsDlopen(libnccl-tuner.so) failed: libnccl-tuner.so: cannot open shared object file: No such file or directory
gx10-e146:63:63 [0] NCCL INFO TUNER/Plugin: Could not find: libnccl-tuner.so
gx10-e146:63:63 [0] NCCL INFO threadThresholds 8/8/64 | 24/8/64 | 512 | 512
gx10-e146:63:63 [0] NCCL INFO 64 coll channels, 64 collnet channels, 0 nvls channels, 64 p2p channels, 2 p2p channels per peer
gx10-e146:63:63 [0] NCCL INFO Symmetric memory is not supported. cuMemEnable 1, globalGinSupport 0, cuMemGdrSupport 0
gx10-e146:63:63 [0] NCCL INFO ncclCommInitRankConfig comm 0xb626d983fff0 rank 1 nranks 3 cudaDev 0 nvmlDev 0 busId f01000 commId 0xd5911fddcc38eeb0 - Init COMPLETE
gx10-e146:63:63 [0] NCCL INFO Init timings - ncclCommInitRankConfig: rank 1 nranks 3 total 0.36 (kernels 0.17, alloc 0.05, bootstrap 0.07, allgathers 0.03, topo 0.01, graphs 0.00, connections 0.02, rest 0.00)
gx10-e146:63:63 [0] NCCL INFO Symmetric VA size=124GB
gx10-e146:63:73 [0] NCCL INFO NCCL_IB_SUBNET_AWARE_ROUTING set by environment to 1.
gx10-e146:63:75 [0] NCCL INFO [Proxy Progress] Device 0 CPU core 9
gx10-e146:63:63 [0] NCCL INFO Channel 00/0 : 0[0] -> 1[0] [receive] via NET/IB/4
gx10-e146:63:63 [0] NCCL INFO Channel 01/0 : 0[0] -> 1[0] [receive] via NET/IB/5
gx10-e146:63:63 [0] NCCL INFO Channel 02/0 : 0[0] -> 1[0] [receive] via NET/IB/4
gx10-e146:63:63 [0] NCCL INFO Channel 03/0 : 0[0] -> 1[0] [receive] via NET/IB/5
gx10-e146:63:63 [0] NCCL INFO Channel 04/0 : 0[0] -> 1[0] [receive] via NET/IB/4
gx10-e146:63:63 [0] NCCL INFO Channel 05/0 : 0[0] -> 1[0] [receive] via NET/IB/5
gx10-e146:63:63 [0] NCCL INFO Channel 06/0 : 0[0] -> 1[0] [receive] via NET/IB/4
gx10-e146:63:63 [0] NCCL INFO Channel 07/0 : 0[0] -> 1[0] [receive] via NET/IB/5
gx10-e146:63:63 [0] NCCL INFO Channel 08/0 : 0[0] -> 1[0] [receive] via NET/IB/4
gx10-e146:63:63 [0] NCCL INFO Channel 09/0 : 0[0] -> 1[0] [receive] via NET/IB/5
gx10-e146:63:63 [0] NCCL INFO Channel 10/0 : 0[0] -> 1[0] [receive] via NET/IB/4
gx10-e146:63:63 [0] NCCL INFO Channel 11/0 : 0[0] -> 1[0] [receive] via NET/IB/5
gx10-e146:63:63 [0] NCCL INFO Channel 12/0 : 0[0] -> 1[0] [receive] via NET/IB/4
gx10-e146:63:63 [0] NCCL INFO Channel 13/0 : 0[0] -> 1[0] [receive] via NET/IB/5
gx10-e146:63:63 [0] NCCL INFO Channel 14/0 : 0[0] -> 1[0] [receive] via NET/IB/4
gx10-e146:63:63 [0] NCCL INFO Channel 15/0 : 0[0] -> 1[0] [receive] via NET/IB/5
gx10-e146:63:63 [0] NCCL INFO Channel 16/0 : 0[0] -> 1[0] [receive] via NET/IB/4
gx10-e146:63:63 [0] NCCL INFO Channel 17/0 : 0[0] -> 1[0] [receive] via NET/IB/5
gx10-e146:63:63 [0] NCCL INFO Channel 18/0 : 0[0] -> 1[0] [receive] via NET/IB/4
gx10-e146:63:63 [0] NCCL INFO Channel 19/0 : 0[0] -> 1[0] [receive] via NET/IB/5
gx10-e146:63:63 [0] NCCL INFO Channel 20/0 : 0[0] -> 1[0] [receive] via NET/IB/4
gx10-e146:63:63 [0] NCCL INFO Channel 21/0 : 0[0] -> 1[0] [receive] via NET/IB/5
gx10-e146:63:63 [0] NCCL INFO Channel 22/0 : 0[0] -> 1[0] [receive] via NET/IB/4
gx10-e146:63:63 [0] NCCL INFO Channel 23/0 : 0[0] -> 1[0] [receive] via NET/IB/5
gx10-e146:63:63 [0] NCCL INFO Channel 24/0 : 0[0] -> 1[0] [receive] via NET/IB/4
gx10-e146:63:63 [0] NCCL INFO Channel 25/0 : 0[0] -> 1[0] [receive] via NET/IB/5
gx10-e146:63:63 [0] NCCL INFO Channel 26/0 : 0[0] -> 1[0] [receive] via NET/IB/4
gx10-e146:63:63 [0] NCCL INFO Channel 27/0 : 0[0] -> 1[0] [receive] via NET/IB/5
gx10-e146:63:63 [0] NCCL INFO Channel 28/0 : 0[0] -> 1[0] [receive] via NET/IB/4
gx10-e146:63:63 [0] NCCL INFO Channel 29/0 : 0[0] -> 1[0] [receive] via NET/IB/5
gx10-e146:63:63 [0] NCCL INFO Channel 30/0 : 0[0] -> 1[0] [receive] via NET/IB/4
gx10-e146:63:63 [0] NCCL INFO Channel 31/0 : 0[0] -> 1[0] [receive] via NET/IB/5
gx10-e146:63:63 [0] NCCL INFO Channel 32/0 : 0[0] -> 1[0] [receive] via NET/IB/4
gx10-e146:63:63 [0] NCCL INFO Channel 33/0 : 0[0] -> 1[0] [receive] via NET/IB/5
gx10-e146:63:63 [0] NCCL INFO Channel 34/0 : 0[0] -> 1[0] [receive] via NET/IB/4
gx10-e146:63:63 [0] NCCL INFO Channel 35/0 : 0[0] -> 1[0] [receive] via NET/IB/5
gx10-e146:63:63 [0] NCCL INFO Channel 36/0 : 0[0] -> 1[0] [receive] via NET/IB/4
gx10-e146:63:63 [0] NCCL INFO Channel 37/0 : 0[0] -> 1[0] [receive] via NET/IB/5
gx10-e146:63:63 [0] NCCL INFO Channel 38/0 : 0[0] -> 1[0] [receive] via NET/IB/4
gx10-e146:63:63 [0] NCCL INFO Channel 39/0 : 0[0] -> 1[0] [receive] via NET/IB/5
gx10-e146:63:63 [0] NCCL INFO Channel 40/0 : 0[0] -> 1[0] [receive] via NET/IB/4
gx10-e146:63:63 [0] NCCL INFO Channel 41/0 : 0[0] -> 1[0] [receive] via NET/IB/5
gx10-e146:63:63 [0] NCCL INFO Channel 42/0 : 0[0] -> 1[0] [receive] via NET/IB/4
gx10-e146:63:63 [0] NCCL INFO Channel 43/0 : 0[0] -> 1[0] [receive] via NET/IB/5
gx10-e146:63:63 [0] NCCL INFO Channel 44/0 : 0[0] -> 1[0] [receive] via NET/IB/4
gx10-e146:63:63 [0] NCCL INFO Channel 45/0 : 0[0] -> 1[0] [receive] via NET/IB/5
gx10-e146:63:63 [0] NCCL INFO Channel 46/0 : 0[0] -> 1[0] [receive] via NET/IB/4
gx10-e146:63:63 [0] NCCL INFO Channel 47/0 : 0[0] -> 1[0] [receive] via NET/IB/5
gx10-e146:63:63 [0] NCCL INFO Channel 48/0 : 0[0] -> 1[0] [receive] via NET/IB/4
gx10-e146:63:63 [0] NCCL INFO Channel 49/0 : 0[0] -> 1[0] [receive] via NET/IB/5
gx10-e146:63:63 [0] NCCL INFO Channel 50/0 : 0[0] -> 1[0] [receive] via NET/IB/4
gx10-e146:63:63 [0] NCCL INFO Channel 51/0 : 0[0] -> 1[0] [receive] via NET/IB/5
gx10-e146:63:63 [0] NCCL INFO Channel 52/0 : 0[0] -> 1[0] [receive] via NET/IB/4
gx10-e146:63:63 [0] NCCL INFO Channel 53/0 : 0[0] -> 1[0] [receive] via NET/IB/5
gx10-e146:63:63 [0] NCCL INFO Channel 54/0 : 0[0] -> 1[0] [receive] via NET/IB/4
gx10-e146:63:63 [0] NCCL INFO Channel 55/0 : 0[0] -> 1[0] [receive] via NET/IB/5
gx10-e146:63:63 [0] NCCL INFO Channel 56/0 : 0[0] -> 1[0] [receive] via NET/IB/4
gx10-e146:63:63 [0] NCCL INFO Channel 57/0 : 0[0] -> 1[0] [receive] via NET/IB/5
gx10-e146:63:63 [0] NCCL INFO Channel 58/0 : 0[0] -> 1[0] [receive] via NET/IB/4
gx10-e146:63:63 [0] NCCL INFO Channel 59/0 : 0[0] -> 1[0] [receive] via NET/IB/5
gx10-e146:63:63 [0] NCCL INFO Channel 60/0 : 0[0] -> 1[0] [receive] via NET/IB/4
gx10-e146:63:63 [0] NCCL INFO Channel 61/0 : 0[0] -> 1[0] [receive] via NET/IB/5
gx10-e146:63:63 [0] NCCL INFO Channel 62/0 : 0[0] -> 1[0] [receive] via NET/IB/4
gx10-e146:63:63 [0] NCCL INFO Channel 63/0 : 0[0] -> 1[0] [receive] via NET/IB/5
gx10-e146:63:63 [0] NCCL INFO Channel 00/0 : 1[0] -> 2[0] [send] via NET/IB/4
gx10-e146:63:63 [0] NCCL INFO Channel 01/0 : 1[0] -> 2[0] [send] via NET/IB/5
gx10-e146:63:63 [0] NCCL INFO Channel 02/0 : 1[0] -> 2[0] [send] via NET/IB/4
gx10-e146:63:63 [0] NCCL INFO Channel 03/0 : 1[0] -> 2[0] [send] via NET/IB/5
gx10-e146:63:63 [0] NCCL INFO Channel 04/0 : 1[0] -> 2[0] [send] via NET/IB/4
gx10-e146:63:63 [0] NCCL INFO Channel 05/0 : 1[0] -> 2[0] [send] via NET/IB/5
gx10-e146:63:63 [0] NCCL INFO Channel 06/0 : 1[0] -> 2[0] [send] via NET/IB/4
gx10-e146:63:63 [0] NCCL INFO Channel 07/0 : 1[0] -> 2[0] [send] via NET/IB/5
gx10-e146:63:63 [0] NCCL INFO Channel 08/0 : 1[0] -> 2[0] [send] via NET/IB/4
gx10-e146:63:63 [0] NCCL INFO Channel 09/0 : 1[0] -> 2[0] [send] via NET/IB/5
gx10-e146:63:63 [0] NCCL INFO Channel 10/0 : 1[0] -> 2[0] [send] via NET/IB/4
gx10-e146:63:63 [0] NCCL INFO Channel 11/0 : 1[0] -> 2[0] [send] via NET/IB/5
gx10-e146:63:63 [0] NCCL INFO Channel 12/0 : 1[0] -> 2[0] [send] via NET/IB/4
gx10-e146:63:63 [0] NCCL INFO Channel 13/0 : 1[0] -> 2[0] [send] via NET/IB/5
gx10-e146:63:63 [0] NCCL INFO Channel 14/0 : 1[0] -> 2[0] [send] via NET/IB/4
gx10-e146:63:63 [0] NCCL INFO Channel 15/0 : 1[0] -> 2[0] [send] via NET/IB/5
gx10-e146:63:63 [0] NCCL INFO Channel 16/0 : 1[0] -> 2[0] [send] via NET/IB/4
gx10-e146:63:63 [0] NCCL INFO Channel 17/0 : 1[0] -> 2[0] [send] via NET/IB/5
gx10-e146:63:63 [0] NCCL INFO Channel 18/0 : 1[0] -> 2[0] [send] via NET/IB/4
gx10-e146:63:63 [0] NCCL INFO Channel 19/0 : 1[0] -> 2[0] [send] via NET/IB/5
gx10-e146:63:63 [0] NCCL INFO Channel 20/0 : 1[0] -> 2[0] [send] via NET/IB/4
gx10-e146:63:63 [0] NCCL INFO Channel 21/0 : 1[0] -> 2[0] [send] via NET/IB/5
gx10-e146:63:63 [0] NCCL INFO Channel 22/0 : 1[0] -> 2[0] [send] via NET/IB/4
gx10-e146:63:63 [0] NCCL INFO Channel 23/0 : 1[0] -> 2[0] [send] via NET/IB/5
gx10-e146:63:63 [0] NCCL INFO Channel 24/0 : 1[0] -> 2[0] [send] via NET/IB/4
gx10-e146:63:63 [0] NCCL INFO Channel 25/0 : 1[0] -> 2[0] [send] via NET/IB/5
gx10-e146:63:63 [0] NCCL INFO Channel 26/0 : 1[0] -> 2[0] [send] via NET/IB/4
gx10-e146:63:63 [0] NCCL INFO Channel 27/0 : 1[0] -> 2[0] [send] via NET/IB/5
gx10-e146:63:63 [0] NCCL INFO Channel 28/0 : 1[0] -> 2[0] [send] via NET/IB/4
gx10-e146:63:63 [0] NCCL INFO Channel 29/0 : 1[0] -> 2[0] [send] via NET/IB/5
gx10-e146:63:63 [0] NCCL INFO Channel 30/0 : 1[0] -> 2[0] [send] via NET/IB/4
gx10-e146:63:63 [0] NCCL INFO Channel 31/0 : 1[0] -> 2[0] [send] via NET/IB/5
gx10-e146:63:63 [0] NCCL INFO Channel 32/0 : 1[0] -> 2[0] [send] via NET/IB/4
gx10-e146:63:63 [0] NCCL INFO Channel 33/0 : 1[0] -> 2[0] [send] via NET/IB/5
gx10-e146:63:63 [0] NCCL INFO Channel 34/0 : 1[0] -> 2[0] [send] via NET/IB/4
gx10-e146:63:63 [0] NCCL INFO Channel 35/0 : 1[0] -> 2[0] [send] via NET/IB/5
gx10-e146:63:63 [0] NCCL INFO Channel 36/0 : 1[0] -> 2[0] [send] via NET/IB/4
gx10-e146:63:63 [0] NCCL INFO Channel 37/0 : 1[0] -> 2[0] [send] via NET/IB/5
gx10-e146:63:63 [0] NCCL INFO Channel 38/0 : 1[0] -> 2[0] [send] via NET/IB/4
gx10-e146:63:63 [0] NCCL INFO Channel 39/0 : 1[0] -> 2[0] [send] via NET/IB/5
gx10-e146:63:63 [0] NCCL INFO Channel 40/0 : 1[0] -> 2[0] [send] via NET/IB/4
gx10-e146:63:63 [0] NCCL INFO Channel 41/0 : 1[0] -> 2[0] [send] via NET/IB/5
gx10-e146:63:63 [0] NCCL INFO Channel 42/0 : 1[0] -> 2[0] [send] via NET/IB/4
gx10-e146:63:63 [0] NCCL INFO Channel 43/0 : 1[0] -> 2[0] [send] via NET/IB/5
gx10-e146:63:63 [0] NCCL INFO Channel 44/0 : 1[0] -> 2[0] [send] via NET/IB/4
gx10-e146:63:63 [0] NCCL INFO Channel 45/0 : 1[0] -> 2[0] [send] via NET/IB/5
gx10-e146:63:63 [0] NCCL INFO Channel 46/0 : 1[0] -> 2[0] [send] via NET/IB/4
gx10-e146:63:63 [0] NCCL INFO Channel 47/0 : 1[0] -> 2[0] [send] via NET/IB/5
gx10-e146:63:63 [0] NCCL INFO Channel 48/0 : 1[0] -> 2[0] [send] via NET/IB/4
gx10-e146:63:63 [0] NCCL INFO Channel 49/0 : 1[0] -> 2[0] [send] via NET/IB/5
gx10-e146:63:63 [0] NCCL INFO Channel 50/0 : 1[0] -> 2[0] [send] via NET/IB/4
gx10-e146:63:63 [0] NCCL INFO Channel 51/0 : 1[0] -> 2[0] [send] via NET/IB/5
gx10-e146:63:63 [0] NCCL INFO Channel 52/0 : 1[0] -> 2[0] [send] via NET/IB/4
gx10-e146:63:63 [0] NCCL INFO Channel 53/0 : 1[0] -> 2[0] [send] via NET/IB/5
gx10-e146:63:63 [0] NCCL INFO Channel 54/0 : 1[0] -> 2[0] [send] via NET/IB/4
gx10-e146:63:63 [0] NCCL INFO Channel 55/0 : 1[0] -> 2[0] [send] via NET/IB/5
gx10-e146:63:63 [0] NCCL INFO Channel 56/0 : 1[0] -> 2[0] [send] via NET/IB/4
gx10-e146:63:63 [0] NCCL INFO Channel 57/0 : 1[0] -> 2[0] [send] via NET/IB/5
gx10-e146:63:63 [0] NCCL INFO Channel 58/0 : 1[0] -> 2[0] [send] via NET/IB/4
gx10-e146:63:63 [0] NCCL INFO Channel 59/0 : 1[0] -> 2[0] [send] via NET/IB/5
gx10-e146:63:63 [0] NCCL INFO Channel 60/0 : 1[0] -> 2[0] [send] via NET/IB/4
gx10-e146:63:63 [0] NCCL INFO Channel 61/0 : 1[0] -> 2[0] [send] via NET/IB/5
gx10-e146:63:63 [0] NCCL INFO Channel 62/0 : 1[0] -> 2[0] [send] via NET/IB/4
gx10-e146:63:63 [0] NCCL INFO Channel 63/0 : 1[0] -> 2[0] [send] via NET/IB/5
gx10-e146:63:73 [0] NCCL INFO NET/IB: Subnet-aware routing: overriding dev 4 with dev 0
gx10-e146:63:73 [0] NCCL INFO NET/IB: ncclIbResiliencyInit: Resiliency is disabled on the send communicator (comm=0xeff94803d000)
gx10-e146:63:73 [0] NCCL INFO NET/IB: Subnet-aware routing: overriding dev 4 with dev 0
gx10-e146:63:73 [0] NCCL INFO NET/IB: ncclIbResiliencyInit: Resiliency is disabled on the recv communicator (comm=0xeff94807e000)
gx10-e146:63:73 [0] NCCL INFO NET/IB: ncclIbRecvCommInit: Receive work requests will be posted on-demand
gx10-e146:63:73 [0] NCCL INFO NET/IB: Subnet-aware routing: overriding dev 4 with dev 0
gx10-e146:63:73 [0] NCCL INFO NET/IB: Subnet-aware routing: overriding dev 5 with dev 2
gx10-e146:63:73 [0] NCCL INFO NET/IB: ncclIbResiliencyInit: Resiliency is disabled on the send communicator (comm=0xeff9480c6000)
gx10-e146:63:73 [0] NCCL INFO NET/IB: Subnet-aware routing: overriding dev 4 with dev 0
gx10-e146:63:73 [0] NCCL INFO NET/IB: Subnet-aware routing: overriding dev 5 with dev 2
gx10-e146:63:73 [0] NCCL INFO NET/IB: ncclIbResiliencyInit: Resiliency is disabled on the recv communicator (comm=0xeff94810a000)
gx10-e146:63:73 [0] NCCL INFO NET/IB: ncclIbRecvCommInit: Receive work requests will be posted on-demand
gx10-e146:63:73 [0] NCCL INFO NET/IB: Subnet-aware routing: overriding dev 4 with dev 0
gx10-e146:63:73 [0] NCCL INFO NET/IB: Subnet-aware routing: overriding dev 5 with dev 2
gx10-e146:63:73 [0] NCCL INFO NET/IB: Subnet-aware routing: overriding dev 4 with dev 0
gx10-e146:63:73 [0] NCCL INFO NET/IB: ncclIbResiliencyInit: Resiliency is disabled on the send communicator (comm=0xeff948155000)
gx10-e146:63:73 [0] NCCL INFO NET/IB: Subnet-aware routing: overriding dev 4 with dev 0
gx10-e146:63:73 [0] NCCL INFO NET/IB: ncclIbSenderQpsCreate: QP created: port=1 dev=0 devName=rocep1s0f0 ndevs=4 nmdevs=6 qp_num=12280 pkey=0 pd=0xeff94807dd30 oooRq=0
gx10-e146:63:73 [0] NCCL INFO NET/IB: ncclIbSenderQpsCreate: QP created: port=1 dev=0 devName=rocep1s0f0 ndevs=4 nmdevs=6 qp_num=12281 pkey=0 pd=0xeff94807dd30 oooRq=0
gx10-e146:63:73 [0] NCCL INFO NET/IB: ncclIbConnectImpl: NCCL Dev 0 IbDev 0 Port 1 qp_num 12280 mtu 5 GID 6 (0/166A8C0FFFF0000) ctsFifoRkey=0x176622 ctsFifoLkey=0x176622
gx10-e146:63:73 [0] NCCL INFO NET/IB: ncclIbConnectImpl: IbDev 0 Port 1 qp_num 12280 query_ece={supported=1, vendor_id=0x15b3, options=0x30000002, comp_mask=0x0}
gx10-e146:63:73 [0] NCCL INFO NET/IB: ncclIbConnectImpl: NCCL Dev 0 IbDev 0 Port 1 qp_num 12281 mtu 5 GID 6 (0/166A8C0FFFF0000) ctsFifoRkey=0x176622 ctsFifoLkey=0x176622
gx10-e146:63:73 [0] NCCL INFO NET/IB: ncclIbConnectImpl: IbDev 0 Port 1 qp_num 12281 query_ece={supported=1, vendor_id=0x15b3, options=0x30000002, comp_mask=0x0}
gx10-e146:63:73 [0] NCCL INFO NET/IB: Subnet-aware routing: overriding dev 5 with dev 2
gx10-e146:63:73 [0] NCCL INFO NET/IB: ncclIbSenderQpsCreate: QP created: port=1 dev=2 devName=roceP2p1s0f0 ndevs=4 nmdevs=6 qp_num=1944 pkey=0 pd=0xeff9481a8970 oooRq=0
gx10-e146:63:73 [0] NCCL INFO NET/IB: ncclIbSenderQpsCreate: QP created: port=1 dev=2 devName=roceP2p1s0f0 ndevs=4 nmdevs=6 qp_num=1945 pkey=0 pd=0xeff9481a8970 oooRq=0
gx10-e146:63:73 [0] NCCL INFO NET/IB: ncclIbConnectImpl: NCCL Dev 2 IbDev 2 Port 1 qp_num 1944 mtu 5 GID 3 (0/170A8C0FFFF0000) ctsFifoRkey=0x18eeed ctsFifoLkey=0x18eeed
gx10-e146:63:73 [0] NCCL INFO NET/IB: ncclIbConnectImpl: IbDev 2 Port 1 qp_num 1944 query_ece={supported=1, vendor_id=0x15b3, options=0x30000002, comp_mask=0x0}
gx10-e146:63:73 [0] NCCL INFO NET/IB: ncclIbConnectImpl: NCCL Dev 2 IbDev 2 Port 1 qp_num 1945 mtu 5 GID 3 (0/170A8C0FFFF0000) ctsFifoRkey=0x18eeed ctsFifoLkey=0x18eeed
gx10-e146:63:73 [0] NCCL INFO NET/IB: ncclIbConnectImpl: IbDev 2 Port 1 qp_num 1945 query_ece={supported=1, vendor_id=0x15b3, options=0x30000002, comp_mask=0x0}
gx10-e146:63:73 [0] NCCL INFO NET/IB: Subnet-aware routing: overriding dev 4 with dev 0
gx10-e146:63:73 [0] NCCL INFO NET/IB: ncclIbResiliencyInit: Resiliency is disabled on the recv communicator (comm=0xeff948263000)
gx10-e146:63:73 [0] NCCL INFO NET/IB: ncclIbRecvCommInit: Receive work requests will be posted on-demand
gx10-e146:63:73 [0] NCCL INFO NET/IB: Subnet-aware routing: overriding dev 4 with dev 0
gx10-e146:63:73 [0] NCCL INFO NET/IB: Subnet-aware routing: overriding dev 5 with dev 2
gx10-e146:63:73 [0] NCCL INFO NET/IB: Subnet-aware routing: overriding dev 4 with dev 0
gx10-e146:63:73 [0] NCCL INFO NET/IB: Subnet-aware routing: overriding dev 5 with dev 2
gx10-e146:63:73 [0] NCCL INFO NET/IB: ncclIbResiliencyInit: Resiliency is disabled on the send communicator (comm=0xeff9482ab000)
gx10-e146:63:73 [0] NCCL INFO NET/IB: Subnet-aware routing: overriding dev 4 with dev 0
gx10-e146:63:73 [0] NCCL INFO NET/IB: Subnet-aware routing: overriding dev 4 with dev 1
gx10-e146:63:73 [0] NCCL INFO NET/IB: ncclIbReceiverQpsCreateToRts: QP created: port=1 dev=1 devName=rocep1s0f1 ndevs=4 nmdevs=6 qp_num=15650 pkey=0 pd=0xeff94820def0 oooRq=0
gx10-e146:63:73 [0] NCCL INFO NET/IB: ncclIbReceiverQpsCreateToRts: QP created: port=1 dev=1 devName=rocep1s0f1 ndevs=4 nmdevs=6 qp_num=15651 pkey=0 pd=0xeff94820def0 oooRq=0
gx10-e146:63:73 [0] NCCL INFO NET/IB: ncclIbReceiverQpsCreateToRts: Flush QP created: port=1 dev=1 devName=rocep1s0f1 ndevs=4 nmdevs=6 qp_num=15652 pkey=0 pd=0xeff94820def0
gx10-e146:63:73 [0] NCCL INFO NET/IB: Subnet-aware routing: overriding dev 5 with dev 2
gx10-e146:63:73 [0] NCCL INFO NET/IB: Subnet-aware routing: overriding dev 4 with dev 0
gx10-e146:63:73 [0] NCCL INFO NET/IB: Subnet-aware routing: overriding dev 5 with dev 2
gx10-e146:63:73 [0] NCCL INFO NET/IB: ncclIbResiliencyInit: Resiliency is disabled on the recv communicator (comm=0xeff948376000)
gx10-e146:63:73 [0] NCCL INFO NET/IB: ncclIbRecvCommInit: Receive work requests will be posted on-demand
gx10-e146:63:73 [0] NCCL INFO NET/IB: Subnet-aware routing: overriding dev 4 with dev 0
gx10-e146:63:73 [0] NCCL INFO NET/IB: Subnet-aware routing: overriding dev 5 with dev 2
gx10-e146:63:73 [0] NCCL INFO NET/IB: Subnet-aware routing: overriding dev 4 with dev 0
gx10-e146:63:73 [0] NCCL INFO NET/IB: Subnet-aware routing: overriding dev 5 with dev 2
gx10-e146:63:73 [0] NCCL INFO NET/IB: Subnet-aware routing: overriding dev 4 with dev 0
gx10-e146:63:73 [0] NCCL INFO NET/IB: ncclIbResiliencyInit: Resiliency is disabled on the send communicator (comm=0xeff9483be000)
gx10-e146:63:73 [0] NCCL INFO NET/IB: Subnet-aware routing: overriding dev 4 with dev 0
gx10-e146:63:73 [0] NCCL INFO NET/IB: ncclIbSenderQpsToRts: Set ECE: IbDev 0 Port 1 qp_num 12280 set_ece={supported=1, vendor_id=0x15b3, options=0x30000002, comp_mask=0x0}
gx10-e146:63:73 [0] NCCL INFO NET/IB: ncclIbSenderQpsToRts: Set ECE: IbDev 0 Port 1 qp_num 12281 set_ece={supported=1, vendor_id=0x15b3, options=0x30000002, comp_mask=0x0}
gx10-e146:63:73 [0] NCCL INFO NET/IB: Subnet-aware routing: overriding dev 5 with dev 2
gx10-e146:63:73 [0] NCCL INFO NET/IB: Subnet-aware routing: overriding dev 5 with dev 3
gx10-e146:63:73 [0] NCCL INFO NET/IB: ncclIbReceiverQpsCreateToRts: QP created: port=1 dev=3 devName=roceP2p1s0f1 ndevs=4 nmdevs=6 qp_num=2728 pkey=0 pd=0xeff94803c970 oooRq=0
gx10-e146:63:73 [0] NCCL INFO NET/IB: ncclIbReceiverQpsCreateToRts: QP created: port=1 dev=3 devName=roceP2p1s0f1 ndevs=4 nmdevs=6 qp_num=2729 pkey=0 pd=0xeff94803c970 oooRq=0
gx10-e146:63:73 [0] NCCL INFO NET/IB: ncclIbReceiverQpsCreateToRts: Flush QP created: port=1 dev=3 devName=roceP2p1s0f1 ndevs=4 nmdevs=6 qp_num=2730 pkey=0 pd=0xeff94803c970
gx10-e146:63:73 [0] NCCL INFO NET/IB: Subnet-aware routing: overriding dev 4 with dev 0
gx10-e146:63:73 [0] NCCL INFO NET/IB: ncclIbSenderQpsCreate: QP created: port=1 dev=0 devName=rocep1s0f0 ndevs=4 nmdevs=6 qp_num=12282 pkey=0 pd=0xeff94807dd30 oooRq=0
gx10-e146:63:73 [0] NCCL INFO NET/IB: ncclIbSenderQpsCreate: QP created: port=1 dev=0 devName=rocep1s0f0 ndevs=4 nmdevs=6 qp_num=12283 pkey=0 pd=0xeff94807dd30 oooRq=0
gx10-e146:63:73 [0] NCCL INFO NET/IB: ncclIbConnectImpl: NCCL Dev 0 IbDev 0 Port 1 qp_num 12282 mtu 5 GID 6 (0/166A8C0FFFF0000) ctsFifoRkey=0x157434 ctsFifoLkey=0x157434
gx10-e146:63:73 [0] NCCL INFO NET/IB: ncclIbConnectImpl: IbDev 0 Port 1 qp_num 12282 query_ece={supported=1, vendor_id=0x15b3, options=0x30000002, comp_mask=0x0}
gx10-e146:63:73 [0] NCCL INFO NET/IB: ncclIbConnectImpl: NCCL Dev 0 IbDev 0 Port 1 qp_num 12283 mtu 5 GID 6 (0/166A8C0FFFF0000) ctsFifoRkey=0x157434 ctsFifoLkey=0x157434
gx10-e146:63:73 [0] NCCL INFO NET/IB: ncclIbConnectImpl: IbDev 0 Port 1 qp_num 12283 query_ece={supported=1, vendor_id=0x15b3, options=0x30000002, comp_mask=0x0}
gx10-e146:63:73 [0] NCCL INFO NET/IB: Subnet-aware routing: overriding dev 4 with dev 1
gx10-e146:63:73 [0] NCCL INFO NET/IB: ncclIbReceiverQpsCreateToRts: QP created: port=1 dev=1 devName=rocep1s0f1 ndevs=4 nmdevs=6 qp_num=15653 pkey=0 pd=0xeff94820def0 oooRq=0
gx10-e146:63:73 [0] NCCL INFO NET/IB: ncclIbReceiverQpsCreateToRts: QP created: port=1 dev=1 devName=rocep1s0f1 ndevs=4 nmdevs=6 qp_num=15654 pkey=0 pd=0xeff94820def0 oooRq=0
gx10-e146:63:73 [0] NCCL INFO NET/IB: ncclIbReceiverQpsCreateToRts: Flush QP created: port=1 dev=1 devName=rocep1s0f1 ndevs=4 nmdevs=6 qp_num=15655 pkey=0 pd=0xeff94820def0
gx10-e146:63:73 [0] NCCL INFO NET/IB: Subnet-aware routing: overriding dev 5 with dev 2
gx10-e146:63:73 [0] NCCL INFO NET/IB: Subnet-aware routing: overriding dev 4 with dev 0
gx10-e146:63:73 [0] NCCL INFO NET/IB: ncclIbResiliencyInit: Resiliency is disabled on the recv communicator (comm=0xeff94855b000)
gx10-e146:63:73 [0] NCCL INFO NET/IB: ncclIbRecvCommInit: Receive work requests will be posted on-demand
gx10-e146:63:73 [0] NCCL INFO NET/IB: Subnet-aware routing: overriding dev 5 with dev 2
gx10-e146:63:73 [0] NCCL INFO NET/IB: ncclIbSenderQpsToRts: Set ECE: IbDev 2 Port 1 qp_num 1944 set_ece={supported=1, vendor_id=0x15b3, options=0x30000002, comp_mask=0x0}
gx10-e146:63:73 [0] NCCL INFO NET/IB: ncclIbSenderQpsToRts: Set ECE: IbDev 2 Port 1 qp_num 1945 set_ece={supported=1, vendor_id=0x15b3, options=0x30000002, comp_mask=0x0}
gx10-e146:63:73 [0] NCCL INFO NET/IB: Subnet-aware routing: overriding dev 4 with dev 0
gx10-e146:63:73 [0] NCCL INFO NET/IB: Subnet-aware routing: overriding dev 5 with dev 2
gx10-e146:63:73 [0] NCCL INFO NET/IB: Subnet-aware routing: overriding dev 4 with dev 0
gx10-e146:63:73 [0] NCCL INFO NET/IB: Subnet-aware routing: overriding dev 5 with dev 2
gx10-e146:63:73 [0] NCCL INFO NET/IB: ncclIbResiliencyInit: Resiliency is disabled on the send communicator (comm=0xeff9485a3000)
gx10-e146:63:73 [0] NCCL INFO NET/IB: Subnet-aware routing: overriding dev 4 with dev 0
gx10-e146:63:73 [0] NCCL INFO NET/IB: Subnet-aware routing: overriding dev 5 with dev 2
gx10-e146:63:73 [0] NCCL INFO NET/IB: Subnet-aware routing: overriding dev 4 with dev 0
gx10-e146:63:73 [0] NCCL INFO NET/IB: Subnet-aware routing: overriding dev 5 with dev 2
gx10-e146:63:73 [0] NCCL INFO NET/IB: ncclIbResiliencyInit: Resiliency is disabled on the recv communicator (comm=0xeff9485e4000)
gx10-e146:63:73 [0] NCCL INFO NET/IB: ncclIbRecvCommInit: Receive work requests will be posted on-demand
gx10-e146:63:73 [0] NCCL INFO NET/IB: Subnet-aware routing: overriding dev 4 with dev 0
gx10-e146:63:73 [0] NCCL INFO NET/IB: ncclIbSenderQpsToRts: Set ECE: IbDev 0 Port 1 qp_num 12282 set_ece={supported=1, vendor_id=0x15b3, options=0x30000002, comp_mask=0x0}
gx10-e146:63:73 [0] NCCL INFO NET/IB: ncclIbSenderQpsToRts: Set ECE: IbDev 0 Port 1 qp_num 12283 set_ece={supported=1, vendor_id=0x15b3, options=0x30000002, comp_mask=0x0}
gx10-e146:63:73 [0] NCCL INFO NET/IB: Subnet-aware routing: overriding dev 5 with dev 2
gx10-e146:63:73 [0] NCCL INFO NET/IB: ncclIbSenderQpsCreate: QP created: port=1 dev=2 devName=roceP2p1s0f0 ndevs=4 nmdevs=6 qp_num=1946 pkey=0 pd=0xeff9481a8970 oooRq=0
gx10-e146:63:73 [0] NCCL INFO NET/IB: ncclIbSenderQpsCreate: QP created: port=1 dev=2 devName=roceP2p1s0f0 ndevs=4 nmdevs=6 qp_num=1947 pkey=0 pd=0xeff9481a8970 oooRq=0
gx10-e146:63:73 [0] NCCL INFO NET/IB: ncclIbConnectImpl: NCCL Dev 2 IbDev 2 Port 1 qp_num 1946 mtu 5 GID 3 (0/170A8C0FFFF0000) ctsFifoRkey=0x187777 ctsFifoLkey=0x187777
gx10-e146:63:73 [0] NCCL INFO NET/IB: ncclIbConnectImpl: IbDev 2 Port 1 qp_num 1946 query_ece={supported=1, vendor_id=0x15b3, options=0x30000002, comp_mask=0x0}
gx10-e146:63:73 [0] NCCL INFO NET/IB: ncclIbConnectImpl: NCCL Dev 2 IbDev 2 Port 1 qp_num 1947 mtu 5 GID 3 (0/170A8C0FFFF0000) ctsFifoRkey=0x187777 ctsFifoLkey=0x187777
gx10-e146:63:73 [0] NCCL INFO NET/IB: ncclIbConnectImpl: IbDev 2 Port 1 qp_num 1947 query_ece={supported=1, vendor_id=0x15b3, options=0x30000002, comp_mask=0x0}
gx10-e146:63:73 [0] NCCL INFO NET/IB: Subnet-aware routing: overriding dev 5 with dev 3
gx10-e146:63:73 [0] NCCL INFO NET/IB: ncclIbReceiverQpsCreateToRts: QP created: port=1 dev=3 devName=roceP2p1s0f1 ndevs=4 nmdevs=6 qp_num=2731 pkey=0 pd=0xeff94803c970 oooRq=0
gx10-e146:63:73 [0] NCCL INFO NET/IB: ncclIbReceiverQpsCreateToRts: QP created: port=1 dev=3 devName=roceP2p1s0f1 ndevs=4 nmdevs=6 qp_num=2732 pkey=0 pd=0xeff94803c970 oooRq=0
gx10-e146:63:73 [0] NCCL INFO NET/IB: ncclIbReceiverQpsCreateToRts: Flush QP created: port=1 dev=3 devName=roceP2p1s0f1 ndevs=4 nmdevs=6 qp_num=2733 pkey=0 pd=0xeff94803c970
gx10-e146:63:73 [0] NCCL INFO NET/IB: Subnet-aware routing: overriding dev 4 with dev 0
gx10-e146:63:73 [0] NCCL INFO NET/IB: ncclIbSenderQpsCreate: QP created: port=1 dev=0 devName=rocep1s0f0 ndevs=4 nmdevs=6 qp_num=12284 pkey=0 pd=0xeff94807dd30 oooRq=0
gx10-e146:63:73 [0] NCCL INFO NET/IB: ncclIbSenderQpsCreate: QP created: port=1 dev=0 devName=rocep1s0f0 ndevs=4 nmdevs=6 qp_num=12285 pkey=0 pd=0xeff94807dd30 oooRq=0
gx10-e146:63:73 [0] NCCL INFO NET/IB: ncclIbConnectImpl: NCCL Dev 0 IbDev 0 Port 1 qp_num 12284 mtu 5 GID 6 (0/166A8C0FFFF0000) ctsFifoRkey=0x17b975 ctsFifoLkey=0x17b975
gx10-e146:63:73 [0] NCCL INFO NET/IB: ncclIbConnectImpl: IbDev 0 Port 1 qp_num 12284 query_ece={supported=1, vendor_id=0x15b3, options=0x30000002, comp_mask=0x0}
gx10-e146:63:73 [0] NCCL INFO NET/IB: ncclIbConnectImpl: NCCL Dev 0 IbDev 0 Port 1 qp_num 12285 mtu 5 GID 6 (0/166A8C0FFFF0000) ctsFifoRkey=0x17b975 ctsFifoLkey=0x17b975
gx10-e146:63:73 [0] NCCL INFO NET/IB: ncclIbConnectImpl: IbDev 0 Port 1 qp_num 12285 query_ece={supported=1, vendor_id=0x15b3, options=0x30000002, comp_mask=0x0}
gx10-e146:63:73 [0] NCCL INFO NET/IB: Subnet-aware routing: overriding dev 5 with dev 2
gx10-e146:63:73 [0] NCCL INFO NET/IB: Subnet-aware routing: overriding dev 4 with dev 0
gx10-e146:63:73 [0] NCCL INFO NET/IB: ncclIbResiliencyInit: Resiliency is disabled on the send communicator (comm=0xeff948754000)
gx10-e146:63:73 [0] NCCL INFO NET/IB: Subnet-aware routing: overriding dev 5 with dev 2
gx10-e146:63:73 [0] NCCL INFO NET/IB: Subnet-aware routing: overriding dev 4 with dev 0
gx10-e146:63:73 [0] NCCL INFO NET/IB: Subnet-aware routing: overriding dev 5 with dev 2
gx10-e146:63:73 [0] NCCL INFO NET/IB: Subnet-aware routing: overriding dev 4 with dev 0
gx10-e146:63:73 [0] NCCL INFO NET/IB: ncclIbResiliencyInit: Resiliency is disabled on the recv communicator (comm=0xeff948798000)
gx10-e146:63:73 [0] NCCL INFO NET/IB: ncclIbRecvCommInit: Receive work requests will be posted on-demand
gx10-e146:63:73 [0] NCCL INFO NET/IB: Subnet-aware routing: overriding dev 5 with dev 2
gx10-e146:63:73 [0] NCCL INFO NET/IB: ncclIbSenderQpsToRts: Set ECE: IbDev 2 Port 1 qp_num 1946 set_ece={supported=1, vendor_id=0x15b3, options=0x30000002, comp_mask=0x0}
gx10-e146:63:73 [0] NCCL INFO NET/IB: ncclIbSenderQpsToRts: Set ECE: IbDev 2 Port 1 qp_num 1947 set_ece={supported=1, vendor_id=0x15b3, options=0x30000002, comp_mask=0x0}
gx10-e146:63:73 [0] NCCL INFO NET/IB: Subnet-aware routing: overriding dev 4 with dev 0
gx10-e146:63:73 [0] NCCL INFO NET/IB: Subnet-aware routing: overriding dev 4 with dev 1
gx10-e146:63:73 [0] NCCL INFO NET/IB: ncclIbReceiverQpsCreateToRts: QP created: port=1 dev=1 devName=rocep1s0f1 ndevs=4 nmdevs=6 qp_num=15656 pkey=0 pd=0xeff94820def0 oooRq=0
gx10-e146:63:73 [0] NCCL INFO NET/IB: ncclIbReceiverQpsCreateToRts: QP created: port=1 dev=1 devName=rocep1s0f1 ndevs=4 nmdevs=6 qp_num=15657 pkey=0 pd=0xeff94820def0 oooRq=0
gx10-e146:63:73 [0] NCCL INFO NET/IB: ncclIbReceiverQpsCreateToRts: Flush QP created: port=1 dev=1 devName=rocep1s0f1 ndevs=4 nmdevs=6 qp_num=15658 pkey=0 pd=0xeff94820def0
gx10-e146:63:73 [0] NCCL INFO NET/IB: Subnet-aware routing: overriding dev 5 with dev 2
gx10-e146:63:73 [0] NCCL INFO NET/IB: Subnet-aware routing: overriding dev 4 with dev 0
gx10-e146:63:73 [0] NCCL INFO NET/IB: Subnet-aware routing: overriding dev 5 with dev 2
gx10-e146:63:73 [0] NCCL INFO NET/IB: ncclIbResiliencyInit: Resiliency is disabled on the send communicator (comm=0xeff948859000)
gx10-e146:63:73 [0] NCCL INFO NET/IB: Subnet-aware routing: overriding dev 4 with dev 0
gx10-e146:63:73 [0] NCCL INFO NET/IB: ncclIbSenderQpsToRts: Set ECE: IbDev 0 Port 1 qp_num 12284 set_ece={supported=1, vendor_id=0x15b3, options=0x30000002, comp_mask=0x0}
gx10-e146:63:73 [0] NCCL INFO NET/IB: ncclIbSenderQpsToRts: Set ECE: IbDev 0 Port 1 qp_num 12285 set_ece={supported=1, vendor_id=0x15b3, options=0x30000002, comp_mask=0x0}
gx10-e146:63:73 [0] NCCL INFO NET/IB: Subnet-aware routing: overriding dev 5 with dev 2
gx10-e146:63:73 [0] NCCL INFO NET/IB: Subnet-aware routing: overriding dev 5 with dev 3
gx10-e146:63:73 [0] NCCL INFO NET/IB: ncclIbReceiverQpsCreateToRts: QP created: port=1 dev=3 devName=roceP2p1s0f1 ndevs=4 nmdevs=6 qp_num=2734 pkey=0 pd=0xeff94803c970 oooRq=0
gx10-e146:63:73 [0] NCCL INFO NET/IB: ncclIbReceiverQpsCreateToRts: QP created: port=1 dev=3 devName=roceP2p1s0f1 ndevs=4 nmdevs=6 qp_num=2735 pkey=0 pd=0xeff94803c970 oooRq=0
gx10-e146:63:73 [0] NCCL INFO NET/IB: ncclIbReceiverQpsCreateToRts: Flush QP created: port=1 dev=3 devName=roceP2p1s0f1 ndevs=4 nmdevs=6 qp_num=2736 pkey=0 pd=0xeff94803c970
gx10-e146:63:73 [0] NCCL INFO NET/IB: Subnet-aware routing: overriding dev 4 with dev 0
gx10-e146:63:73 [0] NCCL INFO NET/IB: Subnet-aware routing: overriding dev 5 with dev 2
gx10-e146:63:73 [0] NCCL INFO NET/IB: ncclIbResiliencyInit: Resiliency is disabled on the recv communicator (comm=0xeff948914000)
gx10-e146:63:73 [0] NCCL INFO NET/IB: ncclIbRecvCommInit: Receive work requests will be posted on-demand
gx10-e146:63:73 [0] NCCL INFO NET/IB: Subnet-aware routing: overriding dev 5 with dev 2
gx10-e146:63:73 [0] NCCL INFO NET/IB: Subnet-aware routing: overriding dev 4 with dev 0
gx10-e146:63:73 [0] NCCL INFO NET/IB: Subnet-aware routing: overriding dev 5 with dev 2
gx10-e146:63:73 [0] NCCL INFO NET/IB: Subnet-aware routing: overriding dev 4 with dev 0
gx10-e146:63:73 [0] NCCL INFO NET/IB: ncclIbResiliencyInit: Resiliency is disabled on the send communicator (comm=0xeff94895c000)
gx10-e146:63:73 [0] NCCL INFO NET/IB: Subnet-aware routing: overriding dev 5 with dev 2
gx10-e146:63:73 [0] NCCL INFO NET/IB: Subnet-aware routing: overriding dev 4 with dev 0
gx10-e146:63:73 [0] NCCL INFO NET/IB: Subnet-aware routing: overriding dev 5 with dev 2
gx10-e146:63:73 [0] NCCL INFO NET/IB: Subnet-aware routing: overriding dev 5 with dev 3
gx10-e146:63:73 [0] NCCL INFO NET/IB: ncclIbReceiverQpsCreateToRts: QP created: port=1 dev=3 devName=roceP2p1s0f1 ndevs=4 nmdevs=6 qp_num=2737 pkey=0 pd=0xeff94803c970 oooRq=0
gx10-e146:63:73 [0] NCCL INFO NET/IB: ncclIbReceiverQpsCreateToRts: QP created: port=1 dev=3 devName=roceP2p1s0f1 ndevs=4 nmdevs=6 qp_num=2738 pkey=0 pd=0xeff94803c970 oooRq=0
gx10-e146:63:73 [0] NCCL INFO NET/IB: ncclIbReceiverQpsCreateToRts: Flush QP created: port=1 dev=3 devName=roceP2p1s0f1 ndevs=4 nmdevs=6 qp_num=2739 pkey=0 pd=0xeff94803c970
gx10-e146:63:73 [0] NCCL INFO NET/IB: Subnet-aware routing: overriding dev 4 with dev 0
gx10-e146:63:73 [0] NCCL INFO NET/IB: ncclIbResiliencyInit: Resiliency is disabled on the recv communicator (comm=0xeff948a1b000)
gx10-e146:63:73 [0] NCCL INFO NET/IB: ncclIbRecvCommInit: Receive work requests will be posted on-demand
gx10-e146:63:73 [0] NCCL INFO NET/IB: Subnet-aware routing: overriding dev 5 with dev 2
gx10-e146:63:73 [0] NCCL INFO NET/IB: Subnet-aware routing: overriding dev 4 with dev 0
gx10-e146:63:73 [0] NCCL INFO NET/IB: Subnet-aware routing: overriding dev 5 with dev 2
gx10-e146:63:73 [0] NCCL INFO NET/IB: Subnet-aware routing: overriding dev 4 with dev 0
gx10-e146:63:73 [0] NCCL INFO NET/IB: Subnet-aware routing: overriding dev 5 with dev 2
gx10-e146:63:73 [0] NCCL INFO NET/IB: ncclIbResiliencyInit: Resiliency is disabled on the send communicator (comm=0xeff948a63000)
gx10-e146:63:73 [0] NCCL INFO NET/IB: Subnet-aware routing: overriding dev 5 with dev 2
gx10-e146:63:73 [0] NCCL INFO NET/IB: ncclIbSenderQpsCreate: QP created: port=1 dev=2 devName=roceP2p1s0f0 ndevs=4 nmdevs=6 qp_num=1948 pkey=0 pd=0xeff9481a8970 oooRq=0
gx10-e146:63:73 [0] NCCL INFO NET/IB: ncclIbSenderQpsCreate: QP created: port=1 dev=2 devName=roceP2p1s0f0 ndevs=4 nmdevs=6 qp_num=1949 pkey=0 pd=0xeff9481a8970 oooRq=0
gx10-e146:63:73 [0] NCCL INFO NET/IB: ncclIbConnectImpl: NCCL Dev 2 IbDev 2 Port 1 qp_num 1948 mtu 5 GID 3 (0/170A8C0FFFF0000) ctsFifoRkey=0x18a19e ctsFifoLkey=0x18a19e
gx10-e146:63:73 [0] NCCL INFO NET/IB: ncclIbConnectImpl: IbDev 2 Port 1 qp_num 1948 query_ece={supported=1, vendor_id=0x15b3, options=0x30000002, comp_mask=0x0}
gx10-e146:63:73 [0] NCCL INFO NET/IB: ncclIbConnectImpl: NCCL Dev 2 IbDev 2 Port 1 qp_num 1949 mtu 5 GID 3 (0/170A8C0FFFF0000) ctsFifoRkey=0x18a19e ctsFifoLkey=0x18a19e
gx10-e146:63:73 [0] NCCL INFO NET/IB: ncclIbConnectImpl: IbDev 2 Port 1 qp_num 1949 query_ece={supported=1, vendor_id=0x15b3, options=0x30000002, comp_mask=0x0}
gx10-e146:63:73 [0] NCCL INFO NET/IB: Subnet-aware routing: overriding dev 4 with dev 0
gx10-e146:63:73 [0] NCCL INFO NET/IB: ncclIbSenderQpsCreate: QP created: port=1 dev=0 devName=rocep1s0f0 ndevs=4 nmdevs=6 qp_num=12286 pkey=0 pd=0xeff94807dd30 oooRq=0
gx10-e146:63:73 [0] NCCL INFO NET/IB: ncclIbSenderQpsCreate: QP created: port=1 dev=0 devName=rocep1s0f0 ndevs=4 nmdevs=6 qp_num=12287 pkey=0 pd=0xeff94807dd30 oooRq=0
gx10-e146:63:73 [0] NCCL INFO NET/IB: ncclIbConnectImpl: NCCL Dev 0 IbDev 0 Port 1 qp_num 12286 mtu 5 GID 6 (0/166A8C0FFFF0000) ctsFifoRkey=0x179753 ctsFifoLkey=0x179753
gx10-e146:63:73 [0] NCCL INFO NET/IB: ncclIbConnectImpl: IbDev 0 Port 1 qp_num 12286 query_ece={supported=1, vendor_id=0x15b3, options=0x30000002, comp_mask=0x0}
gx10-e146:63:73 [0] NCCL INFO NET/IB: ncclIbConnectImpl: NCCL Dev 0 IbDev 0 Port 1 qp_num 12287 mtu 5 GID 6 (0/166A8C0FFFF0000) ctsFifoRkey=0x179753 ctsFifoLkey=0x179753
gx10-e146:63:73 [0] NCCL INFO NET/IB: ncclIbConnectImpl: IbDev 0 Port 1 qp_num 12287 query_ece={supported=1, vendor_id=0x15b3, options=0x30000002, comp_mask=0x0}
gx10-e146:63:73 [0] NCCL INFO NET/IB: Subnet-aware routing: overriding dev 4 with dev 1
gx10-e146:63:73 [0] NCCL INFO NET/IB: ncclIbReceiverQpsCreateToRts: QP created: port=1 dev=1 devName=rocep1s0f1 ndevs=4 nmdevs=6 qp_num=15659 pkey=0 pd=0xeff94820def0 oooRq=0
gx10-e146:63:73 [0] NCCL INFO NET/IB: ncclIbReceiverQpsCreateToRts: QP created: port=1 dev=1 devName=rocep1s0f1 ndevs=4 nmdevs=6 qp_num=15660 pkey=0 pd=0xeff94820def0 oooRq=0
gx10-e146:63:73 [0] NCCL INFO NET/IB: ncclIbReceiverQpsCreateToRts: Flush QP created: port=1 dev=1 devName=rocep1s0f1 ndevs=4 nmdevs=6 qp_num=15661 pkey=0 pd=0xeff94820def0
gx10-e146:63:73 [0] NCCL INFO NET/IB: Subnet-aware routing: overriding dev 5 with dev 2
gx10-e146:63:73 [0] NCCL INFO NET/IB: Subnet-aware routing: overriding dev 4 with dev 0
gx10-e146:63:73 [0] NCCL INFO NET/IB: Subnet-aware routing: overriding dev 5 with dev 2
gx10-e146:63:73 [0] NCCL INFO NET/IB: ncclIbResiliencyInit: Resiliency is disabled on the recv communicator (comm=0xeff948bd6000)
gx10-e146:63:73 [0] NCCL INFO NET/IB: ncclIbRecvCommInit: Receive work requests will be posted on-demand
gx10-e146:63:73 [0] NCCL INFO NET/IB: Subnet-aware routing: overriding dev 5 with dev 2
gx10-e146:63:73 [0] NCCL INFO NET/IB: ncclIbSenderQpsToRts: Set ECE: IbDev 2 Port 1 qp_num 1948 set_ece={supported=1, vendor_id=0x15b3, options=0x30000002, comp_mask=0x0}
gx10-e146:63:73 [0] NCCL INFO NET/IB: ncclIbSenderQpsToRts: Set ECE: IbDev 2 Port 1 qp_num 1949 set_ece={supported=1, vendor_id=0x15b3, options=0x30000002, comp_mask=0x0}
gx10-e146:63:73 [0] NCCL INFO NET/IB: Subnet-aware routing: overriding dev 4 with dev 0
gx10-e146:63:73 [0] NCCL INFO NET/IB: ncclIbSenderQpsToRts: Set ECE: IbDev 0 Port 1 qp_num 12286 set_ece={supported=1, vendor_id=0x15b3, options=0x30000002, comp_mask=0x0}
gx10-e146:63:73 [0] NCCL INFO NET/IB: ncclIbSenderQpsToRts: Set ECE: IbDev 0 Port 1 qp_num 12287 set_ece={supported=1, vendor_id=0x15b3, options=0x30000002, comp_mask=0x0}
gx10-e146:63:73 [0] NCCL INFO NET/IB: Subnet-aware routing: overriding dev 5 with dev 2
gx10-e146:63:73 [0] NCCL INFO NET/IB: ncclIbSenderQpsCreate: QP created: port=1 dev=2 devName=roceP2p1s0f0 ndevs=4 nmdevs=6 qp_num=1950 pkey=0 pd=0xeff9481a8970 oooRq=0
gx10-e146:63:73 [0] NCCL INFO NET/IB: ncclIbSenderQpsCreate: QP created: port=1 dev=2 devName=roceP2p1s0f0 ndevs=4 nmdevs=6 qp_num=1951 pkey=0 pd=0xeff9481a8970 oooRq=0
gx10-e146:63:73 [0] NCCL INFO NET/IB: ncclIbConnectImpl: NCCL Dev 2 IbDev 2 Port 1 qp_num 1950 mtu 5 GID 3 (0/170A8C0FFFF0000) ctsFifoRkey=0x18bbb6 ctsFifoLkey=0x18bbb6
gx10-e146:63:73 [0] NCCL INFO NET/IB: ncclIbConnectImpl: IbDev 2 Port 1 qp_num 1950 query_ece={supported=1, vendor_id=0x15b3, options=0x30000002, comp_mask=0x0}
gx10-e146:63:73 [0] NCCL INFO NET/IB: ncclIbConnectImpl: NCCL Dev 2 IbDev 2 Port 1 qp_num 1951 mtu 5 GID 3 (0/170A8C0FFFF0000) ctsFifoRkey=0x18bbb6 ctsFifoLkey=0x18bbb6
gx10-e146:63:73 [0] NCCL INFO NET/IB: ncclIbConnectImpl: IbDev 2 Port 1 qp_num 1951 query_ece={supported=1, vendor_id=0x15b3, options=0x30000002, comp_mask=0x0}
gx10-e146:63:73 [0] NCCL INFO NET/IB: Subnet-aware routing: overriding dev 4 with dev 0
gx10-e146:63:73 [0] NCCL INFO NET/IB: Subnet-aware routing: overriding dev 4 with dev 1
gx10-e146:63:73 [0] NCCL INFO NET/IB: ncclIbReceiverQpsCreateToRts: QP created: port=1 dev=1 devName=rocep1s0f1 ndevs=4 nmdevs=6 qp_num=15662 pkey=0 pd=0xeff94820def0 oooRq=0
gx10-e146:63:73 [0] NCCL INFO NET/IB: ncclIbReceiverQpsCreateToRts: QP created: port=1 dev=1 devName=rocep1s0f1 ndevs=4 nmdevs=6 qp_num=15663 pkey=0 pd=0xeff94820def0 oooRq=0
gx10-e146:63:73 [0] NCCL INFO NET/IB: ncclIbReceiverQpsCreateToRts: Flush QP created: port=1 dev=1 devName=rocep1s0f1 ndevs=4 nmdevs=6 qp_num=15664 pkey=0 pd=0xeff94820def0
gx10-e146:63:73 [0] NCCL INFO NET/IB: Subnet-aware routing: overriding dev 5 with dev 2
gx10-e146:63:73 [0] NCCL INFO NET/IB: Subnet-aware routing: overriding dev 5 with dev 3
gx10-e146:63:73 [0] NCCL INFO NET/IB: ncclIbReceiverQpsCreateToRts: QP created: port=1 dev=3 devName=roceP2p1s0f1 ndevs=4 nmdevs=6 qp_num=2740 pkey=0 pd=0xeff94803c970 oooRq=0
gx10-e146:63:73 [0] NCCL INFO NET/IB: ncclIbReceiverQpsCreateToRts: QP created: port=1 dev=3 devName=roceP2p1s0f1 ndevs=4 nmdevs=6 qp_num=2741 pkey=0 pd=0xeff94803c970 oooRq=0
gx10-e146:63:73 [0] NCCL INFO NET/IB: ncclIbReceiverQpsCreateToRts: Flush QP created: port=1 dev=3 devName=roceP2p1s0f1 ndevs=4 nmdevs=6 qp_num=2742 pkey=0 pd=0xeff94803c970
gx10-e146:63:73 [0] NCCL INFO NET/IB: Subnet-aware routing: overriding dev 4 with dev 0
gx10-e146:63:73 [0] NCCL INFO NET/IB: ncclIbResiliencyInit: Resiliency is disabled on the send communicator (comm=0xeff948d66000)
gx10-e146:63:73 [0] NCCL INFO NET/IB: Subnet-aware routing: overriding dev 5 with dev 2
gx10-e146:63:73 [0] NCCL INFO NET/IB: Subnet-aware routing: overriding dev 4 with dev 0
gx10-e146:63:73 [0] NCCL INFO NET/IB: Subnet-aware routing: overriding dev 5 with dev 2
gx10-e146:63:73 [0] NCCL INFO NET/IB: Subnet-aware routing: overriding dev 4 with dev 0
gx10-e146:63:73 [0] NCCL INFO NET/IB: ncclIbResiliencyInit: Resiliency is disabled on the recv communicator (comm=0xeff948daa000)
gx10-e146:63:73 [0] NCCL INFO NET/IB: ncclIbRecvCommInit: Receive work requests will be posted on-demand
gx10-e146:63:73 [0] NCCL INFO NET/IB: Subnet-aware routing: overriding dev 5 with dev 2
gx10-e146:63:73 [0] NCCL INFO NET/IB: ncclIbSenderQpsToRts: Set ECE: IbDev 2 Port 1 qp_num 1950 set_ece={supported=1, vendor_id=0x15b3, options=0x30000002, comp_mask=0x0}
gx10-e146:63:73 [0] NCCL INFO NET/IB: ncclIbSenderQpsToRts: Set ECE: IbDev 2 Port 1 qp_num 1951 set_ece={supported=1, vendor_id=0x15b3, options=0x30000002, comp_mask=0x0}
gx10-e146:63:73 [0] NCCL INFO NET/IB: Subnet-aware routing: overriding dev 4 with dev 0
gx10-e146:63:73 [0] NCCL INFO NET/IB: Subnet-aware routing: overriding dev 5 with dev 2
gx10-e146:63:73 [0] NCCL INFO NET/IB: Subnet-aware routing: overriding dev 4 with dev 0
gx10-e146:63:73 [0] NCCL INFO NET/IB: Subnet-aware routing: overriding dev 5 with dev 2
gx10-e146:63:73 [0] NCCL INFO NET/IB: ncclIbResiliencyInit: Resiliency is disabled on the send communicator (comm=0xeff948df2000)
gx10-e146:63:73 [0] NCCL INFO NET/IB: Subnet-aware routing: overriding dev 4 with dev 0
gx10-e146:63:73 [0] NCCL INFO NET/IB: Subnet-aware routing: overriding dev 5 with dev 2
gx10-e146:63:73 [0] NCCL INFO NET/IB: Subnet-aware routing: overriding dev 4 with dev 0
gx10-e146:63:73 [0] NCCL INFO NET/IB: Subnet-aware routing: overriding dev 4 with dev 1
gx10-e146:63:73 [0] NCCL INFO NET/IB: ncclIbReceiverQpsCreateToRts: QP created: port=1 dev=1 devName=rocep1s0f1 ndevs=4 nmdevs=6 qp_num=15665 pkey=0 pd=0xeff94820def0 oooRq=0
gx10-e146:63:73 [0] NCCL INFO NET/IB: ncclIbReceiverQpsCreateToRts: QP created: port=1 dev=1 devName=rocep1s0f1 ndevs=4 nmdevs=6 qp_num=15666 pkey=0 pd=0xeff94820def0 oooRq=0
gx10-e146:63:73 [0] NCCL INFO NET/IB: ncclIbReceiverQpsCreateToRts: Flush QP created: port=1 dev=1 devName=rocep1s0f1 ndevs=4 nmdevs=6 qp_num=15667 pkey=0 pd=0xeff94820def0
gx10-e146:63:73 [0] NCCL INFO NET/IB: Subnet-aware routing: overriding dev 5 with dev 2
gx10-e146:63:73 [0] NCCL INFO NET/IB: ncclIbResiliencyInit: Resiliency is disabled on the recv communicator (comm=0xeff948eab000)
gx10-e146:63:73 [0] NCCL INFO NET/IB: ncclIbRecvCommInit: Receive work requests will be posted on-demand
gx10-e146:63:73 [0] NCCL INFO NET/IB: Subnet-aware routing: overriding dev 4 with dev 0
gx10-e146:63:73 [0] NCCL INFO NET/IB: ncclIbSenderQpsCreate: QP created: port=1 dev=0 devName=rocep1s0f0 ndevs=4 nmdevs=6 qp_num=12288 pkey=0 pd=0xeff94807dd30 oooRq=0
gx10-e146:63:73 [0] NCCL INFO NET/IB: ncclIbSenderQpsCreate: QP created: port=1 dev=0 devName=rocep1s0f0 ndevs=4 nmdevs=6 qp_num=12289 pkey=0 pd=0xeff94807dd30 oooRq=0
gx10-e146:63:73 [0] NCCL INFO NET/IB: ncclIbConnectImpl: NCCL Dev 0 IbDev 0 Port 1 qp_num 12288 mtu 5 GID 6 (0/166A8C0FFFF0000) ctsFifoRkey=0x15be7a ctsFifoLkey=0x15be7a
gx10-e146:63:73 [0] NCCL INFO NET/IB: ncclIbConnectImpl: IbDev 0 Port 1 qp_num 12288 query_ece={supported=1, vendor_id=0x15b3, options=0x30000002, comp_mask=0x0}
gx10-e146:63:73 [0] NCCL INFO NET/IB: ncclIbConnectImpl: NCCL Dev 0 IbDev 0 Port 1 qp_num 12289 mtu 5 GID 6 (0/166A8C0FFFF0000) ctsFifoRkey=0x15be7a ctsFifoLkey=0x15be7a
gx10-e146:63:73 [0] NCCL INFO NET/IB: ncclIbConnectImpl: IbDev 0 Port 1 qp_num 12289 query_ece={supported=1, vendor_id=0x15b3, options=0x30000002, comp_mask=0x0}
gx10-e146:63:73 [0] NCCL INFO NET/IB: Subnet-aware routing: overriding dev 5 with dev 2
gx10-e146:63:73 [0] NCCL INFO NET/IB: Subnet-aware routing: overriding dev 4 with dev 0
gx10-e146:63:73 [0] NCCL INFO NET/IB: Subnet-aware routing: overriding dev 5 with dev 2
gx10-e146:63:73 [0] NCCL INFO NET/IB: Subnet-aware routing: overriding dev 4 with dev 0
gx10-e146:63:73 [0] NCCL INFO NET/IB: ncclIbResiliencyInit: Resiliency is disabled on the send communicator (comm=0xeff948f4c000)
gx10-e146:63:73 [0] NCCL INFO NET/IB: Subnet-aware routing: overriding dev 4 with dev 0
gx10-e146:63:73 [0] NCCL INFO NET/IB: Subnet-aware routing: overriding dev 5 with dev 2
gx10-e146:63:73 [0] NCCL INFO NET/IB: Subnet-aware routing: overriding dev 4 with dev 0
gx10-e146:63:73 [0] NCCL INFO NET/IB: Subnet-aware routing: overriding dev 5 with dev 2
gx10-e146:63:73 [0] NCCL INFO NET/IB: Subnet-aware routing: overriding dev 4 with dev 0
gx10-e146:63:73 [0] NCCL INFO NET/IB: ncclIbResiliencyInit: Resiliency is disabled on the recv communicator (comm=0xeff948f90000)
gx10-e146:63:73 [0] NCCL INFO NET/IB: ncclIbRecvCommInit: Receive work requests will be posted on-demand
gx10-e146:63:73 [0] NCCL INFO NET/IB: Subnet-aware routing: overriding dev 4 with dev 0
gx10-e146:63:73 [0] NCCL INFO NET/IB: Subnet-aware routing: overriding dev 5 with dev 2
gx10-e146:63:73 [0] NCCL INFO NET/IB: Subnet-aware routing: overriding dev 4 with dev 0
gx10-e146:63:73 [0] NCCL INFO NET/IB: Subnet-aware routing: overriding dev 5 with dev 2
gx10-e146:63:73 [0] NCCL INFO NET/IB: Subnet-aware routing: overriding dev 5 with dev 3
gx10-e146:63:73 [0] NCCL INFO NET/IB: ncclIbReceiverQpsCreateToRts: QP created: port=1 dev=3 devName=roceP2p1s0f1 ndevs=4 nmdevs=6 qp_num=2743 pkey=0 pd=0xeff94803c970 oooRq=0
gx10-e146:63:73 [0] NCCL INFO NET/IB: ncclIbReceiverQpsCreateToRts: QP created: port=1 dev=3 devName=roceP2p1s0f1 ndevs=4 nmdevs=6 qp_num=2744 pkey=0 pd=0xeff94803c970 oooRq=0
gx10-e146:63:73 [0] NCCL INFO NET/IB: ncclIbReceiverQpsCreateToRts: Flush QP created: port=1 dev=3 devName=roceP2p1s0f1 ndevs=4 nmdevs=6 qp_num=2745 pkey=0 pd=0xeff94803c970
gx10-e146:63:73 [0] NCCL INFO NET/IB: Subnet-aware routing: overriding dev 4 with dev 0
gx10-e146:63:73 [0] NCCL INFO NET/IB: Subnet-aware routing: overriding dev 5 with dev 2
gx10-e146:63:73 [0] NCCL INFO NET/IB: ncclIbResiliencyInit: Resiliency is disabled on the send communicator (comm=0xeff949053000)
gx10-e146:63:73 [0] NCCL INFO NET/IB: Subnet-aware routing: overriding dev 4 with dev 0
gx10-e146:63:73 [0] NCCL INFO NET/IB: ncclIbSenderQpsToRts: Set ECE: IbDev 0 Port 1 qp_num 12288 set_ece={supported=1, vendor_id=0x15b3, options=0x30000002, comp_mask=0x0}
gx10-e146:63:73 [0] NCCL INFO NET/IB: ncclIbSenderQpsToRts: Set ECE: IbDev 0 Port 1 qp_num 12289 set_ece={supported=1, vendor_id=0x15b3, options=0x30000002, comp_mask=0x0}
gx10-e146:63:73 [0] NCCL INFO NET/IB: Subnet-aware routing: overriding dev 5 with dev 2
gx10-e146:63:73 [0] NCCL INFO NET/IB: ncclIbSenderQpsCreate: QP created: port=1 dev=2 devName=roceP2p1s0f0 ndevs=4 nmdevs=6 qp_num=1952 pkey=0 pd=0xeff9481a8970 oooRq=0
gx10-e146:63:73 [0] NCCL INFO NET/IB: ncclIbSenderQpsCreate: QP created: port=1 dev=2 devName=roceP2p1s0f0 ndevs=4 nmdevs=6 qp_num=1953 pkey=0 pd=0xeff9481a8970 oooRq=0
gx10-e146:63:73 [0] NCCL INFO NET/IB: ncclIbConnectImpl: NCCL Dev 2 IbDev 2 Port 1 qp_num 1952 mtu 5 GID 3 (0/170A8C0FFFF0000) ctsFifoRkey=0x18d1ce ctsFifoLkey=0x18d1ce
gx10-e146:63:73 [0] NCCL INFO NET/IB: ncclIbConnectImpl: IbDev 2 Port 1 qp_num 1952 query_ece={supported=1, vendor_id=0x15b3, options=0x30000002, comp_mask=0x0}
gx10-e146:63:73 [0] NCCL INFO NET/IB: ncclIbConnectImpl: NCCL Dev 2 IbDev 2 Port 1 qp_num 1953 mtu 5 GID 3 (0/170A8C0FFFF0000) ctsFifoRkey=0x18d1ce ctsFifoLkey=0x18d1ce
gx10-e146:63:73 [0] NCCL INFO NET/IB: ncclIbConnectImpl: IbDev 2 Port 1 qp_num 1953 query_ece={supported=1, vendor_id=0x15b3, options=0x30000002, comp_mask=0x0}
gx10-e146:63:73 [0] NCCL INFO NET/IB: Subnet-aware routing: overriding dev 4 with dev 0
gx10-e146:63:73 [0] NCCL INFO NET/IB: ncclIbSenderQpsCreate: QP created: port=1 dev=0 devName=rocep1s0f0 ndevs=4 nmdevs=6 qp_num=12290 pkey=0 pd=0xeff94807dd30 oooRq=0
gx10-e146:63:73 [0] NCCL INFO NET/IB: ncclIbSenderQpsCreate: QP created: port=1 dev=0 devName=rocep1s0f0 ndevs=4 nmdevs=6 qp_num=12291 pkey=0 pd=0xeff94807dd30 oooRq=0
gx10-e146:63:73 [0] NCCL INFO NET/IB: ncclIbConnectImpl: NCCL Dev 0 IbDev 0 Port 1 qp_num 12290 mtu 5 GID 6 (0/166A8C0FFFF0000) ctsFifoRkey=0x1808c1 ctsFifoLkey=0x1808c1
gx10-e146:63:73 [0] NCCL INFO NET/IB: ncclIbConnectImpl: IbDev 0 Port 1 qp_num 12290 query_ece={supported=1, vendor_id=0x15b3, options=0x30000002, comp_mask=0x0}
gx10-e146:63:73 [0] NCCL INFO NET/IB: ncclIbConnectImpl: NCCL Dev 0 IbDev 0 Port 1 qp_num 12291 mtu 5 GID 6 (0/166A8C0FFFF0000) ctsFifoRkey=0x1808c1 ctsFifoLkey=0x1808c1
gx10-e146:63:73 [0] NCCL INFO NET/IB: ncclIbConnectImpl: IbDev 0 Port 1 qp_num 12291 query_ece={supported=1, vendor_id=0x15b3, options=0x30000002, comp_mask=0x0}
gx10-e146:63:73 [0] NCCL INFO NET/IB: Subnet-aware routing: overriding dev 5 with dev 2
gx10-e146:63:73 [0] NCCL INFO NET/IB: ncclIbSenderQpsCreate: QP created: port=1 dev=2 devName=roceP2p1s0f0 ndevs=4 nmdevs=6 qp_num=1954 pkey=0 pd=0xeff9481a8970 oooRq=0
gx10-e146:63:73 [0] NCCL INFO NET/IB: ncclIbSenderQpsCreate: QP created: port=1 dev=2 devName=roceP2p1s0f0 ndevs=4 nmdevs=6 qp_num=1955 pkey=0 pd=0xeff9481a8970 oooRq=0
gx10-e146:63:73 [0] NCCL INFO NET/IB: ncclIbConnectImpl: NCCL Dev 2 IbDev 2 Port 1 qp_num 1954 mtu 5 GID 3 (0/170A8C0FFFF0000) ctsFifoRkey=0x191412 ctsFifoLkey=0x191412
gx10-e146:63:73 [0] NCCL INFO NET/IB: ncclIbConnectImpl: IbDev 2 Port 1 qp_num 1954 query_ece={supported=1, vendor_id=0x15b3, options=0x30000002, comp_mask=0x0}
gx10-e146:63:73 [0] NCCL INFO NET/IB: ncclIbConnectImpl: NCCL Dev 2 IbDev 2 Port 1 qp_num 1955 mtu 5 GID 3 (0/170A8C0FFFF0000) ctsFifoRkey=0x191412 ctsFifoLkey=0x191412
gx10-e146:63:73 [0] NCCL INFO NET/IB: ncclIbConnectImpl: IbDev 2 Port 1 qp_num 1955 query_ece={supported=1, vendor_id=0x15b3, options=0x30000002, comp_mask=0x0}
gx10-e146:63:73 [0] NCCL INFO NET/IB: Subnet-aware routing: overriding dev 4 with dev 0
gx10-e146:63:73 [0] NCCL INFO NET/IB: Subnet-aware routing: overriding dev 4 with dev 1
gx10-e146:63:73 [0] NCCL INFO NET/IB: ncclIbReceiverQpsCreateToRts: QP created: port=1 dev=1 devName=rocep1s0f1 ndevs=4 nmdevs=6 qp_num=15668 pkey=0 pd=0xeff94820def0 oooRq=0
gx10-e146:63:73 [0] NCCL INFO NET/IB: ncclIbReceiverQpsCreateToRts: QP created: port=1 dev=1 devName=rocep1s0f1 ndevs=4 nmdevs=6 qp_num=15669 pkey=0 pd=0xeff94820def0 oooRq=0
gx10-e146:63:73 [0] NCCL INFO NET/IB: ncclIbReceiverQpsCreateToRts: Flush QP created: port=1 dev=1 devName=rocep1s0f1 ndevs=4 nmdevs=6 qp_num=15670 pkey=0 pd=0xeff94820def0
gx10-e146:63:73 [0] NCCL INFO NET/IB: Subnet-aware routing: overriding dev 5 with dev 2
gx10-e146:63:73 [0] NCCL INFO NET/IB: ncclIbResiliencyInit: Resiliency is disabled on the recv communicator (comm=0xeff94921f000)
gx10-e146:63:73 [0] NCCL INFO NET/IB: ncclIbRecvCommInit: Receive work requests will be posted on-demand
gx10-e146:63:73 [0] NCCL INFO NET/IB: Subnet-aware routing: overriding dev 5 with dev 2
gx10-e146:63:73 [0] NCCL INFO NET/IB: Subnet-aware routing: overriding dev 4 with dev 0
gx10-e146:63:73 [0] NCCL INFO NET/IB: Subnet-aware routing: overriding dev 5 with dev 2
gx10-e146:63:73 [0] NCCL INFO NET/IB: Subnet-aware routing: overriding dev 4 with dev 0
gx10-e146:63:73 [0] NCCL INFO NET/IB: Subnet-aware routing: overriding dev 5 with dev 2
gx10-e146:63:73 [0] NCCL INFO NET/IB: Subnet-aware routing: overriding dev 4 with dev 0
gx10-e146:63:73 [0] NCCL INFO NET/IB: ncclIbResiliencyInit: Resiliency is disabled on the send communicator (comm=0xeff949267000)
gx10-e146:63:73 [0] NCCL INFO NET/IB: Subnet-aware routing: overriding dev 5 with dev 2
gx10-e146:63:73 [0] NCCL INFO NET/IB: ncclIbSenderQpsToRts: Set ECE: IbDev 2 Port 1 qp_num 1952 set_ece={supported=1, vendor_id=0x15b3, options=0x30000002, comp_mask=0x0}
gx10-e146:63:73 [0] NCCL INFO NET/IB: ncclIbSenderQpsToRts: Set ECE: IbDev 2 Port 1 qp_num 1953 set_ece={supported=1, vendor_id=0x15b3, options=0x30000002, comp_mask=0x0}
gx10-e146:63:73 [0] NCCL INFO NET/IB: Subnet-aware routing: overriding dev 4 with dev 0
gx10-e146:63:73 [0] NCCL INFO NET/IB: Subnet-aware routing: overriding dev 5 with dev 2
gx10-e146:63:73 [0] NCCL INFO NET/IB: Subnet-aware routing: overriding dev 4 with dev 0
gx10-e146:63:73 [0] NCCL INFO NET/IB: Subnet-aware routing: overriding dev 5 with dev 2
gx10-e146:63:73 [0] NCCL INFO NET/IB: Subnet-aware routing: overriding dev 5 with dev 3
gx10-e146:63:73 [0] NCCL INFO NET/IB: ncclIbReceiverQpsCreateToRts: QP created: port=1 dev=3 devName=roceP2p1s0f1 ndevs=4 nmdevs=6 qp_num=2746 pkey=0 pd=0xeff94803c970 oooRq=0
gx10-e146:63:73 [0] NCCL INFO NET/IB: ncclIbReceiverQpsCreateToRts: QP created: port=1 dev=3 devName=roceP2p1s0f1 ndevs=4 nmdevs=6 qp_num=2747 pkey=0 pd=0xeff94803c970 oooRq=0
gx10-e146:63:73 [0] NCCL INFO NET/IB: ncclIbReceiverQpsCreateToRts: Flush QP created: port=1 dev=3 devName=roceP2p1s0f1 ndevs=4 nmdevs=6 qp_num=2748 pkey=0 pd=0xeff94803c970
gx10-e146:63:73 [0] NCCL INFO NET/IB: Subnet-aware routing: overriding dev 4 with dev 0
gx10-e146:63:73 [0] NCCL INFO NET/IB: ncclIbResiliencyInit: Resiliency is disabled on the recv communicator (comm=0xeff949321000)
gx10-e146:63:73 [0] NCCL INFO NET/IB: ncclIbRecvCommInit: Receive work requests will be posted on-demand
gx10-e146:63:73 [0] NCCL INFO NET/IB: Subnet-aware routing: overriding dev 4 with dev 0
gx10-e146:63:73 [0] NCCL INFO NET/IB: ncclIbSenderQpsToRts: Set ECE: IbDev 0 Port 1 qp_num 12290 set_ece={supported=1, vendor_id=0x15b3, options=0x30000002, comp_mask=0x0}
gx10-e146:63:73 [0] NCCL INFO NET/IB: ncclIbSenderQpsToRts: Set ECE: IbDev 0 Port 1 qp_num 12291 set_ece={supported=1, vendor_id=0x15b3, options=0x30000002, comp_mask=0x0}
gx10-e146:63:73 [0] NCCL INFO NET/IB: Subnet-aware routing: overriding dev 5 with dev 2
gx10-e146:63:73 [0] NCCL INFO NET/IB: ncclIbSenderQpsToRts: Set ECE: IbDev 2 Port 1 qp_num 1954 set_ece={supported=1, vendor_id=0x15b3, options=0x30000002, comp_mask=0x0}
gx10-e146:63:73 [0] NCCL INFO NET/IB: ncclIbSenderQpsToRts: Set ECE: IbDev 2 Port 1 qp_num 1955 set_ece={supported=1, vendor_id=0x15b3, options=0x30000002, comp_mask=0x0}
gx10-e146:63:73 [0] NCCL INFO NET/IB: Subnet-aware routing: overriding dev 4 with dev 0
gx10-e146:63:73 [0] NCCL INFO NET/IB: Subnet-aware routing: overriding dev 5 with dev 2
gx10-e146:63:73 [0] NCCL INFO NET/IB: Subnet-aware routing: overriding dev 4 with dev 0
gx10-e146:63:73 [0] NCCL INFO NET/IB: Subnet-aware routing: overriding dev 5 with dev 2
gx10-e146:63:73 [0] NCCL INFO NET/IB: ncclIbResiliencyInit: Resiliency is disabled on the send communicator (comm=0xeff949369000)
gx10-e146:63:73 [0] NCCL INFO NET/IB: Subnet-aware routing: overriding dev 4 with dev 0
gx10-e146:63:73 [0] NCCL INFO NET/IB: Subnet-aware routing: overriding dev 5 with dev 2
gx10-e146:63:73 [0] NCCL INFO NET/IB: Subnet-aware routing: overriding dev 4 with dev 0
gx10-e146:63:73 [0] NCCL INFO NET/IB: Subnet-aware routing: overriding dev 4 with dev 1
gx10-e146:63:73 [0] NCCL INFO NET/IB: ncclIbReceiverQpsCreateToRts: QP created: port=1 dev=1 devName=rocep1s0f1 ndevs=4 nmdevs=6 qp_num=15671 pkey=0 pd=0xeff94820def0 oooRq=0
gx10-e146:63:73 [0] NCCL INFO NET/IB: ncclIbReceiverQpsCreateToRts: QP created: port=1 dev=1 devName=rocep1s0f1 ndevs=4 nmdevs=6 qp_num=15672 pkey=0 pd=0xeff94820def0 oooRq=0
gx10-e146:63:73 [0] NCCL INFO NET/IB: ncclIbReceiverQpsCreateToRts: Flush QP created: port=1 dev=1 devName=rocep1s0f1 ndevs=4 nmdevs=6 qp_num=15673 pkey=0 pd=0xeff94820def0
gx10-e146:63:73 [0] NCCL INFO NET/IB: Subnet-aware routing: overriding dev 5 with dev 2
gx10-e146:63:73 [0] NCCL INFO NET/IB: ncclIbResiliencyInit: Resiliency is disabled on the recv communicator (comm=0xeff949422000)
gx10-e146:63:73 [0] NCCL INFO NET/IB: ncclIbRecvCommInit: Receive work requests will be posted on-demand
gx10-e146:63:73 [0] NCCL INFO NET/IB: Subnet-aware routing: overriding dev 4 with dev 0
gx10-e146:63:73 [0] NCCL INFO NET/IB: Subnet-aware routing: overriding dev 5 with dev 2
gx10-e146:63:73 [0] NCCL INFO NET/IB: Subnet-aware routing: overriding dev 4 with dev 0
gx10-e146:63:73 [0] NCCL INFO NET/IB: Subnet-aware routing: overriding dev 5 with dev 2
gx10-e146:63:73 [0] NCCL INFO NET/IB: Subnet-aware routing: overriding dev 4 with dev 0
gx10-e146:63:73 [0] NCCL INFO NET/IB: ncclIbResiliencyInit: Resiliency is disabled on the send communicator (comm=0xeff94946a000)
gx10-e146:63:73 [0] NCCL INFO NET/IB: Subnet-aware routing: overriding dev 4 with dev 0
gx10-e146:63:73 [0] NCCL INFO NET/IB: Subnet-aware routing: overriding dev 5 with dev 2
gx10-e146:63:73 [0] NCCL INFO NET/IB: Subnet-aware routing: overriding dev 4 with dev 0
gx10-e146:63:73 [0] NCCL INFO NET/IB: Subnet-aware routing: overriding dev 5 with dev 2
gx10-e146:63:73 [0] NCCL INFO NET/IB: Subnet-aware routing: overriding dev 4 with dev 0
gx10-e146:63:73 [0] NCCL INFO NET/IB: ncclIbResiliencyInit: Resiliency is disabled on the recv communicator (comm=0xeff9494ae000)
gx10-e146:63:73 [0] NCCL INFO NET/IB: ncclIbRecvCommInit: Receive work requests will be posted on-demand
gx10-e146:63:73 [0] NCCL INFO NET/IB: Subnet-aware routing: overriding dev 4 with dev 0
gx10-e146:63:73 [0] NCCL INFO NET/IB: Subnet-aware routing: overriding dev 5 with dev 2
gx10-e146:63:73 [0] NCCL INFO NET/IB: Subnet-aware routing: overriding dev 4 with dev 0
gx10-e146:63:73 [0] NCCL INFO NET/IB: Subnet-aware routing: overriding dev 5 with dev 2
gx10-e146:63:73 [0] NCCL INFO NET/IB: Subnet-aware routing: overriding dev 4 with dev 0
gx10-e146:63:73 [0] NCCL INFO NET/IB: Subnet-aware routing: overriding dev 5 with dev 2
gx10-e146:63:73 [0] NCCL INFO NET/IB: ncclIbResiliencyInit: Resiliency is disabled on the send communicator (comm=0xeff9494f6000)
gx10-e146:63:73 [0] NCCL INFO NET/IB: Subnet-aware routing: overriding dev 4 with dev 0
gx10-e146:63:73 [0] NCCL INFO NET/IB: ncclIbSenderQpsCreate: QP created: port=1 dev=0 devName=rocep1s0f0 ndevs=4 nmdevs=6 qp_num=12292 pkey=0 pd=0xeff94807dd30 oooRq=0
gx10-e146:63:73 [0] NCCL INFO NET/IB: ncclIbSenderQpsCreate: QP created: port=1 dev=0 devName=rocep1s0f0 ndevs=4 nmdevs=6 qp_num=12293 pkey=0 pd=0xeff94807dd30 oooRq=0
gx10-e146:63:73 [0] NCCL INFO NET/IB: ncclIbConnectImpl: NCCL Dev 0 IbDev 0 Port 1 qp_num 12292 mtu 5 GID 6 (0/166A8C0FFFF0000) ctsFifoRkey=0x15ca87 ctsFifoLkey=0x15ca87
gx10-e146:63:73 [0] NCCL INFO NET/IB: ncclIbConnectImpl: IbDev 0 Port 1 qp_num 12292 query_ece={supported=1, vendor_id=0x15b3, options=0x30000002, comp_mask=0x0}
gx10-e146:63:73 [0] NCCL INFO NET/IB: ncclIbConnectImpl: NCCL Dev 0 IbDev 0 Port 1 qp_num 12293 mtu 5 GID 6 (0/166A8C0FFFF0000) ctsFifoRkey=0x15ca87 ctsFifoLkey=0x15ca87
gx10-e146:63:73 [0] NCCL INFO NET/IB: ncclIbConnectImpl: IbDev 0 Port 1 qp_num 12293 query_ece={supported=1, vendor_id=0x15b3, options=0x30000002, comp_mask=0x0}
gx10-e146:63:73 [0] NCCL INFO NET/IB: Subnet-aware routing: overriding dev 5 with dev 2
gx10-e146:63:73 [0] NCCL INFO NET/IB: ncclIbSenderQpsCreate: QP created: port=1 dev=2 devName=roceP2p1s0f0 ndevs=4 nmdevs=6 qp_num=1956 pkey=0 pd=0xeff9481a8970 oooRq=0
gx10-e146:63:73 [0] NCCL INFO NET/IB: ncclIbSenderQpsCreate: QP created: port=1 dev=2 devName=roceP2p1s0f0 ndevs=4 nmdevs=6 qp_num=1957 pkey=0 pd=0xeff9481a8970 oooRq=0
gx10-e146:63:73 [0] NCCL INFO NET/IB: ncclIbConnectImpl: NCCL Dev 2 IbDev 2 Port 1 qp_num 1956 mtu 5 GID 3 (0/170A8C0FFFF0000) ctsFifoRkey=0x18acaa ctsFifoLkey=0x18acaa
gx10-e146:63:73 [0] NCCL INFO NET/IB: ncclIbConnectImpl: IbDev 2 Port 1 qp_num 1956 query_ece={supported=1, vendor_id=0x15b3, options=0x30000002, comp_mask=0x0}
gx10-e146:63:73 [0] NCCL INFO NET/IB: ncclIbConnectImpl: NCCL Dev 2 IbDev 2 Port 1 qp_num 1957 mtu 5 GID 3 (0/170A8C0FFFF0000) ctsFifoRkey=0x18acaa ctsFifoLkey=0x18acaa
gx10-e146:63:73 [0] NCCL INFO NET/IB: ncclIbConnectImpl: IbDev 2 Port 1 qp_num 1957 query_ece={supported=1, vendor_id=0x15b3, options=0x30000002, comp_mask=0x0}
gx10-e146:63:73 [0] NCCL INFO NET/IB: Subnet-aware routing: overriding dev 4 with dev 0
gx10-e146:63:73 [0] NCCL INFO NET/IB: Subnet-aware routing: overriding dev 5 with dev 2
gx10-e146:63:73 [0] NCCL INFO NET/IB: Subnet-aware routing: overriding dev 5 with dev 3
gx10-e146:63:73 [0] NCCL INFO NET/IB: ncclIbReceiverQpsCreateToRts: QP created: port=1 dev=3 devName=roceP2p1s0f1 ndevs=4 nmdevs=6 qp_num=2749 pkey=0 pd=0xeff94803c970 oooRq=0
gx10-e146:63:73 [0] NCCL INFO NET/IB: ncclIbReceiverQpsCreateToRts: QP created: port=1 dev=3 devName=roceP2p1s0f1 ndevs=4 nmdevs=6 qp_num=2750 pkey=0 pd=0xeff94803c970 oooRq=0
gx10-e146:63:73 [0] NCCL INFO NET/IB: ncclIbReceiverQpsCreateToRts: Flush QP created: port=1 dev=3 devName=roceP2p1s0f1 ndevs=4 nmdevs=6 qp_num=2751 pkey=0 pd=0xeff94803c970
gx10-e146:63:73 [0] NCCL INFO NET/IB: Subnet-aware routing: overriding dev 4 with dev 0
gx10-e146:63:73 [0] NCCL INFO NET/IB: Subnet-aware routing: overriding dev 4 with dev 1
gx10-e146:63:73 [0] NCCL INFO NET/IB: ncclIbReceiverQpsCreateToRts: QP created: port=1 dev=1 devName=rocep1s0f1 ndevs=4 nmdevs=6 qp_num=15674 pkey=0 pd=0xeff94820def0 oooRq=0
gx10-e146:63:73 [0] NCCL INFO NET/IB: ncclIbReceiverQpsCreateToRts: QP created: port=1 dev=1 devName=rocep1s0f1 ndevs=4 nmdevs=6 qp_num=15675 pkey=0 pd=0xeff94820def0 oooRq=0
gx10-e146:63:73 [0] NCCL INFO NET/IB: ncclIbReceiverQpsCreateToRts: Flush QP created: port=1 dev=1 devName=rocep1s0f1 ndevs=4 nmdevs=6 qp_num=15676 pkey=0 pd=0xeff94820def0
gx10-e146:63:73 [0] NCCL INFO NET/IB: Subnet-aware routing: overriding dev 5 with dev 2
gx10-e146:63:73 [0] NCCL INFO NET/IB: ncclIbResiliencyInit: Resiliency is disabled on the recv communicator (comm=0xeff9496e0000)
gx10-e146:63:73 [0] NCCL INFO NET/IB: ncclIbRecvCommInit: Receive work requests will be posted on-demand
gx10-e146:63:73 [0] NCCL INFO NET/IB: Subnet-aware routing: overriding dev 4 with dev 0
gx10-e146:63:73 [0] NCCL INFO NET/IB: ncclIbSenderQpsToRts: Set ECE: IbDev 0 Port 1 qp_num 12292 set_ece={supported=1, vendor_id=0x15b3, options=0x30000002, comp_mask=0x0}
gx10-e146:63:73 [0] NCCL INFO NET/IB: ncclIbSenderQpsToRts: Set ECE: IbDev 0 Port 1 qp_num 12293 set_ece={supported=1, vendor_id=0x15b3, options=0x30000002, comp_mask=0x0}
gx10-e146:63:73 [0] NCCL INFO NET/IB: Subnet-aware routing: overriding dev 5 with dev 2
gx10-e146:63:73 [0] NCCL INFO NET/IB: Subnet-aware routing: overriding dev 4 with dev 0
gx10-e146:63:73 [0] NCCL INFO NET/IB: ncclIbSenderQpsCreate: QP created: port=1 dev=0 devName=rocep1s0f0 ndevs=4 nmdevs=6 qp_num=12294 pkey=0 pd=0xeff94807dd30 oooRq=0
gx10-e146:63:73 [0] NCCL INFO NET/IB: ncclIbSenderQpsCreate: QP created: port=1 dev=0 devName=rocep1s0f0 ndevs=4 nmdevs=6 qp_num=12295 pkey=0 pd=0xeff94807dd30 oooRq=0
gx10-e146:63:73 [0] NCCL INFO NET/IB: ncclIbConnectImpl: NCCL Dev 0 IbDev 0 Port 1 qp_num 12294 mtu 5 GID 6 (0/166A8C0FFFF0000) ctsFifoRkey=0x161fdb ctsFifoLkey=0x161fdb
gx10-e146:63:73 [0] NCCL INFO NET/IB: ncclIbConnectImpl: IbDev 0 Port 1 qp_num 12294 query_ece={supported=1, vendor_id=0x15b3, options=0x30000002, comp_mask=0x0}
gx10-e146:63:73 [0] NCCL INFO NET/IB: ncclIbConnectImpl: NCCL Dev 0 IbDev 0 Port 1 qp_num 12295 mtu 5 GID 6 (0/166A8C0FFFF0000) ctsFifoRkey=0x161fdb ctsFifoLkey=0x161fdb
gx10-e146:63:73 [0] NCCL INFO NET/IB: ncclIbConnectImpl: IbDev 0 Port 1 qp_num 12295 query_ece={supported=1, vendor_id=0x15b3, options=0x30000002, comp_mask=0x0}
gx10-e146:63:73 [0] NCCL INFO NET/IB: Subnet-aware routing: overriding dev 5 with dev 2
gx10-e146:63:73 [0] NCCL INFO NET/IB: Subnet-aware routing: overriding dev 4 with dev 0
gx10-e146:63:73 [0] NCCL INFO NET/IB: Subnet-aware routing: overriding dev 5 with dev 2
gx10-e146:63:73 [0] NCCL INFO NET/IB: Subnet-aware routing: overriding dev 5 with dev 3
gx10-e146:63:73 [0] NCCL INFO NET/IB: ncclIbReceiverQpsCreateToRts: QP created: port=1 dev=3 devName=roceP2p1s0f1 ndevs=4 nmdevs=6 qp_num=2752 pkey=0 pd=0xeff94803c970 oooRq=0
gx10-e146:63:73 [0] NCCL INFO NET/IB: ncclIbReceiverQpsCreateToRts: QP created: port=1 dev=3 devName=roceP2p1s0f1 ndevs=4 nmdevs=6 qp_num=2753 pkey=0 pd=0xeff94803c970 oooRq=0
gx10-e146:63:73 [0] NCCL INFO NET/IB: ncclIbReceiverQpsCreateToRts: Flush QP created: port=1 dev=3 devName=roceP2p1s0f1 ndevs=4 nmdevs=6 qp_num=2754 pkey=0 pd=0xeff94803c970
gx10-e146:63:73 [0] NCCL INFO NET/IB: Subnet-aware routing: overriding dev 4 with dev 0
gx10-e146:63:73 [0] NCCL INFO NET/IB: ncclIbResiliencyInit: Resiliency is disabled on the send communicator (comm=0xeff9497f8000)
gx10-e146:63:73 [0] NCCL INFO NET/IB: Subnet-aware routing: overriding dev 5 with dev 2
gx10-e146:63:73 [0] NCCL INFO NET/IB: ncclIbSenderQpsToRts: Set ECE: IbDev 2 Port 1 qp_num 1956 set_ece={supported=1, vendor_id=0x15b3, options=0x30000002, comp_mask=0x0}
gx10-e146:63:73 [0] NCCL INFO NET/IB: ncclIbSenderQpsToRts: Set ECE: IbDev 2 Port 1 qp_num 1957 set_ece={supported=1, vendor_id=0x15b3, options=0x30000002, comp_mask=0x0}
gx10-e146:63:73 [0] NCCL INFO NET/IB: Subnet-aware routing: overriding dev 4 with dev 0
gx10-e146:63:73 [0] NCCL INFO NET/IB: ncclIbSenderQpsToRts: Set ECE: IbDev 0 Port 1 qp_num 12294 set_ece={supported=1, vendor_id=0x15b3, options=0x30000002, comp_mask=0x0}
gx10-e146:63:73 [0] NCCL INFO NET/IB: ncclIbSenderQpsToRts: Set ECE: IbDev 0 Port 1 qp_num 12295 set_ece={supported=1, vendor_id=0x15b3, options=0x30000002, comp_mask=0x0}
gx10-e146:63:73 [0] NCCL INFO NET/IB: Subnet-aware routing: overriding dev 5 with dev 2
gx10-e146:63:73 [0] NCCL INFO NET/IB: ncclIbSenderQpsCreate: QP created: port=1 dev=2 devName=roceP2p1s0f0 ndevs=4 nmdevs=6 qp_num=1958 pkey=0 pd=0xeff9481a8970 oooRq=0
gx10-e146:63:73 [0] NCCL INFO NET/IB: ncclIbSenderQpsCreate: QP created: port=1 dev=2 devName=roceP2p1s0f0 ndevs=4 nmdevs=6 qp_num=1959 pkey=0 pd=0xeff9481a8970 oooRq=0
gx10-e146:63:73 [0] NCCL INFO NET/IB: ncclIbConnectImpl: NCCL Dev 2 IbDev 2 Port 1 qp_num 1958 mtu 5 GID 3 (0/170A8C0FFFF0000) ctsFifoRkey=0x18958f ctsFifoLkey=0x18958f
gx10-e146:63:73 [0] NCCL INFO NET/IB: ncclIbConnectImpl: IbDev 2 Port 1 qp_num 1958 query_ece={supported=1, vendor_id=0x15b3, options=0x30000002, comp_mask=0x0}
gx10-e146:63:73 [0] NCCL INFO NET/IB: ncclIbConnectImpl: NCCL Dev 2 IbDev 2 Port 1 qp_num 1959 mtu 5 GID 3 (0/170A8C0FFFF0000) ctsFifoRkey=0x18958f ctsFifoLkey=0x18958f
gx10-e146:63:73 [0] NCCL INFO NET/IB: ncclIbConnectImpl: IbDev 2 Port 1 qp_num 1959 query_ece={supported=1, vendor_id=0x15b3, options=0x30000002, comp_mask=0x0}
gx10-e146:63:73 [0] NCCL INFO NET/IB: Subnet-aware routing: overriding dev 4 with dev 0
gx10-e146:63:73 [0] NCCL INFO NET/IB: Subnet-aware routing: overriding dev 5 with dev 2
gx10-e146:63:73 [0] NCCL INFO NET/IB: Subnet-aware routing: overriding dev 4 with dev 0
gx10-e146:63:73 [0] NCCL INFO NET/IB: ncclIbResiliencyInit: Resiliency is disabled on the recv communicator (comm=0xeff949891000)
gx10-e146:63:73 [0] NCCL INFO NET/IB: ncclIbRecvCommInit: Receive work requests will be posted on-demand
gx10-e146:63:73 [0] NCCL INFO NET/IB: Subnet-aware routing: overriding dev 5 with dev 2
gx10-e146:63:73 [0] NCCL INFO NET/IB: Subnet-aware routing: overriding dev 4 with dev 0
gx10-e146:63:73 [0] NCCL INFO NET/IB: Subnet-aware routing: overriding dev 5 with dev 2
gx10-e146:63:73 [0] NCCL INFO NET/IB: Subnet-aware routing: overriding dev 4 with dev 0
gx10-e146:63:73 [0] NCCL INFO NET/IB: Subnet-aware routing: overriding dev 5 with dev 2
gx10-e146:63:73 [0] NCCL INFO NET/IB: ncclIbResiliencyInit: Resiliency is disabled on the send communicator (comm=0xeff9498d9000)
gx10-e146:63:73 [0] NCCL INFO NET/IB: Subnet-aware routing: overriding dev 5 with dev 2
gx10-e146:63:73 [0] NCCL INFO NET/IB: Subnet-aware routing: overriding dev 4 with dev 0
gx10-e146:63:73 [0] NCCL INFO NET/IB: Subnet-aware routing: overriding dev 5 with dev 2
gx10-e146:63:73 [0] NCCL INFO NET/IB: Subnet-aware routing: overriding dev 4 with dev 0
gx10-e146:63:73 [0] NCCL INFO NET/IB: Subnet-aware routing: overriding dev 4 with dev 1
gx10-e146:63:73 [0] NCCL INFO NET/IB: ncclIbReceiverQpsCreateToRts: QP created: port=1 dev=1 devName=rocep1s0f1 ndevs=4 nmdevs=6 qp_num=15677 pkey=0 pd=0xeff94820def0 oooRq=0
gx10-e146:63:73 [0] NCCL INFO NET/IB: ncclIbReceiverQpsCreateToRts: QP created: port=1 dev=1 devName=rocep1s0f1 ndevs=4 nmdevs=6 qp_num=15678 pkey=0 pd=0xeff94820def0 oooRq=0
gx10-e146:63:73 [0] NCCL INFO NET/IB: ncclIbReceiverQpsCreateToRts: Flush QP created: port=1 dev=1 devName=rocep1s0f1 ndevs=4 nmdevs=6 qp_num=15679 pkey=0 pd=0xeff94820def0
gx10-e146:63:73 [0] NCCL INFO NET/IB: Subnet-aware routing: overriding dev 5 with dev 2
gx10-e146:63:73 [0] NCCL INFO NET/IB: ncclIbResiliencyInit: Resiliency is disabled on the recv communicator (comm=0xeff949998000)
gx10-e146:63:73 [0] NCCL INFO NET/IB: ncclIbRecvCommInit: Receive work requests will be posted on-demand
gx10-e146:63:73 [0] NCCL INFO NET/IB: Subnet-aware routing: overriding dev 5 with dev 2
gx10-e146:63:73 [0] NCCL INFO NET/IB: ncclIbSenderQpsToRts: Set ECE: IbDev 2 Port 1 qp_num 1958 set_ece={supported=1, vendor_id=0x15b3, options=0x30000002, comp_mask=0x0}
gx10-e146:63:73 [0] NCCL INFO NET/IB: ncclIbSenderQpsToRts: Set ECE: IbDev 2 Port 1 qp_num 1959 set_ece={supported=1, vendor_id=0x15b3, options=0x30000002, comp_mask=0x0}
gx10-e146:63:73 [0] NCCL INFO NET/IB: Subnet-aware routing: overriding dev 4 with dev 0
gx10-e146:63:73 [0] NCCL INFO NET/IB: ncclIbSenderQpsCreate: QP created: port=1 dev=0 devName=rocep1s0f0 ndevs=4 nmdevs=6 qp_num=12296 pkey=0 pd=0xeff94807dd30 oooRq=0
gx10-e146:63:73 [0] NCCL INFO NET/IB: ncclIbSenderQpsCreate: QP created: port=1 dev=0 devName=rocep1s0f0 ndevs=4 nmdevs=6 qp_num=12297 pkey=0 pd=0xeff94807dd30 oooRq=0
gx10-e146:63:73 [0] NCCL INFO NET/IB: ncclIbConnectImpl: NCCL Dev 0 IbDev 0 Port 1 qp_num 12296 mtu 5 GID 6 (0/166A8C0FFFF0000) ctsFifoRkey=0x176c2a ctsFifoLkey=0x176c2a
gx10-e146:63:73 [0] NCCL INFO NET/IB: ncclIbConnectImpl: IbDev 0 Port 1 qp_num 12296 query_ece={supported=1, vendor_id=0x15b3, options=0x30000002, comp_mask=0x0}
gx10-e146:63:73 [0] NCCL INFO NET/IB: ncclIbConnectImpl: NCCL Dev 0 IbDev 0 Port 1 qp_num 12297 mtu 5 GID 6 (0/166A8C0FFFF0000) ctsFifoRkey=0x176c2a ctsFifoLkey=0x176c2a
gx10-e146:63:73 [0] NCCL INFO NET/IB: ncclIbConnectImpl: IbDev 0 Port 1 qp_num 12297 query_ece={supported=1, vendor_id=0x15b3, options=0x30000002, comp_mask=0x0}
gx10-e146:63:73 [0] NCCL INFO NET/IB: Subnet-aware routing: overriding dev 5 with dev 2
gx10-e146:63:73 [0] NCCL INFO NET/IB: Subnet-aware routing: overriding dev 4 with dev 0
gx10-e146:63:73 [0] NCCL INFO NET/IB: Subnet-aware routing: overriding dev 5 with dev 2
gx10-e146:63:73 [0] NCCL INFO NET/IB: Subnet-aware routing: overriding dev 5 with dev 3
gx10-e146:63:73 [0] NCCL INFO NET/IB: ncclIbReceiverQpsCreateToRts: QP created: port=1 dev=3 devName=roceP2p1s0f1 ndevs=4 nmdevs=6 qp_num=2755 pkey=0 pd=0xeff94803c970 oooRq=0
gx10-e146:63:73 [0] NCCL INFO NET/IB: ncclIbReceiverQpsCreateToRts: QP created: port=1 dev=3 devName=roceP2p1s0f1 ndevs=4 nmdevs=6 qp_num=2756 pkey=0 pd=0xeff94803c970 oooRq=0
gx10-e146:63:73 [0] NCCL INFO NET/IB: ncclIbReceiverQpsCreateToRts: Flush QP created: port=1 dev=3 devName=roceP2p1s0f1 ndevs=4 nmdevs=6 qp_num=2757 pkey=0 pd=0xeff94803c970
gx10-e146:63:73 [0] NCCL INFO NET/IB: Subnet-aware routing: overriding dev 4 with dev 0
gx10-e146:63:73 [0] NCCL INFO NET/IB: ncclIbResiliencyInit: Resiliency is disabled on the send communicator (comm=0xeff949ab2000)
gx10-e146:63:73 [0] NCCL INFO NET/IB: Subnet-aware routing: overriding dev 4 with dev 0
gx10-e146:63:73 [0] NCCL INFO NET/IB: ncclIbSenderQpsToRts: Set ECE: IbDev 0 Port 1 qp_num 12296 set_ece={supported=1, vendor_id=0x15b3, options=0x30000002, comp_mask=0x0}
gx10-e146:63:73 [0] NCCL INFO NET/IB: ncclIbSenderQpsToRts: Set ECE: IbDev 0 Port 1 qp_num 12297 set_ece={supported=1, vendor_id=0x15b3, options=0x30000002, comp_mask=0x0}
gx10-e146:63:73 [0] NCCL INFO NET/IB: Subnet-aware routing: overriding dev 5 with dev 2
gx10-e146:63:73 [0] NCCL INFO NET/IB: ncclIbSenderQpsCreate: QP created: port=1 dev=2 devName=roceP2p1s0f0 ndevs=4 nmdevs=6 qp_num=1960 pkey=0 pd=0xeff9481a8970 oooRq=0
gx10-e146:63:73 [0] NCCL INFO NET/IB: ncclIbSenderQpsCreate: QP created: port=1 dev=2 devName=roceP2p1s0f0 ndevs=4 nmdevs=6 qp_num=1961 pkey=0 pd=0xeff9481a8970 oooRq=0
gx10-e146:63:73 [0] NCCL INFO NET/IB: ncclIbConnectImpl: NCCL Dev 2 IbDev 2 Port 1 qp_num 1960 mtu 5 GID 3 (0/170A8C0FFFF0000) ctsFifoRkey=0x18e4de ctsFifoLkey=0x18e4de
gx10-e146:63:73 [0] NCCL INFO NET/IB: ncclIbConnectImpl: IbDev 2 Port 1 qp_num 1960 query_ece={supported=1, vendor_id=0x15b3, options=0x30000002, comp_mask=0x0}
gx10-e146:63:73 [0] NCCL INFO NET/IB: ncclIbConnectImpl: NCCL Dev 2 IbDev 2 Port 1 qp_num 1961 mtu 5 GID 3 (0/170A8C0FFFF0000) ctsFifoRkey=0x18e4de ctsFifoLkey=0x18e4de
gx10-e146:63:73 [0] NCCL INFO NET/IB: ncclIbConnectImpl: IbDev 2 Port 1 qp_num 1961 query_ece={supported=1, vendor_id=0x15b3, options=0x30000002, comp_mask=0x0}
gx10-e146:63:73 [0] NCCL INFO NET/IB: Subnet-aware routing: overriding dev 4 with dev 0
gx10-e146:63:73 [0] NCCL INFO NET/IB: ncclIbSenderQpsCreate: QP created: port=1 dev=0 devName=rocep1s0f0 ndevs=4 nmdevs=6 qp_num=12298 pkey=0 pd=0xeff94807dd30 oooRq=0
gx10-e146:63:73 [0] NCCL INFO NET/IB: ncclIbSenderQpsCreate: QP created: port=1 dev=0 devName=rocep1s0f0 ndevs=4 nmdevs=6 qp_num=12299 pkey=0 pd=0xeff94807dd30 oooRq=0
gx10-e146:63:73 [0] NCCL INFO NET/IB: ncclIbConnectImpl: NCCL Dev 0 IbDev 0 Port 1 qp_num 12298 mtu 5 GID 6 (0/166A8C0FFFF0000) ctsFifoRkey=0x1ba413 ctsFifoLkey=0x1ba413
gx10-e146:63:73 [0] NCCL INFO NET/IB: ncclIbConnectImpl: IbDev 0 Port 1 qp_num 12298 query_ece={supported=1, vendor_id=0x15b3, options=0x30000002, comp_mask=0x0}
gx10-e146:63:73 [0] NCCL INFO NET/IB: ncclIbConnectImpl: NCCL Dev 0 IbDev 0 Port 1 qp_num 12299 mtu 5 GID 6 (0/166A8C0FFFF0000) ctsFifoRkey=0x1ba413 ctsFifoLkey=0x1ba413
gx10-e146:63:73 [0] NCCL INFO NET/IB: ncclIbConnectImpl: IbDev 0 Port 1 qp_num 12299 query_ece={supported=1, vendor_id=0x15b3, options=0x30000002, comp_mask=0x0}
gx10-e146:63:73 [0] NCCL INFO NET/IB: Subnet-aware routing: overriding dev 5 with dev 2
gx10-e146:63:73 [0] NCCL INFO NET/IB: Subnet-aware routing: overriding dev 4 with dev 0
gx10-e146:63:73 [0] NCCL INFO NET/IB: ncclIbResiliencyInit: Resiliency is disabled on the recv communicator (comm=0xeff949ba8000)
gx10-e146:63:73 [0] NCCL INFO NET/IB: ncclIbRecvCommInit: Receive work requests will be posted on-demand
gx10-e146:63:73 [0] NCCL INFO NET/IB: Subnet-aware routing: overriding dev 5 with dev 2
gx10-e146:63:73 [0] NCCL INFO NET/IB: Subnet-aware routing: overriding dev 4 with dev 0
gx10-e146:63:73 [0] NCCL INFO NET/IB: Subnet-aware routing: overriding dev 5 with dev 2
gx10-e146:63:73 [0] NCCL INFO NET/IB: Subnet-aware routing: overriding dev 4 with dev 0
gx10-e146:63:73 [0] NCCL INFO NET/IB: Subnet-aware routing: overriding dev 5 with dev 2
gx10-e146:63:73 [0] NCCL INFO NET/IB: ncclIbResiliencyInit: Resiliency is disabled on the send communicator (comm=0xeff949bf0000)
gx10-e146:63:73 [0] NCCL INFO NET/IB: Subnet-aware routing: overriding dev 5 with dev 2
gx10-e146:63:73 [0] NCCL INFO NET/IB: Subnet-aware routing: overriding dev 4 with dev 0
gx10-e146:63:73 [0] NCCL INFO NET/IB: Subnet-aware routing: overriding dev 5 with dev 2
gx10-e146:63:73 [0] NCCL INFO NET/IB: Subnet-aware routing: overriding dev 4 with dev 0
gx10-e146:63:73 [0] NCCL INFO NET/IB: Subnet-aware routing: overriding dev 5 with dev 2
gx10-e146:63:73 [0] NCCL INFO NET/IB: ncclIbResiliencyInit: Resiliency is disabled on the recv communicator (comm=0xeff949c31000)
gx10-e146:63:73 [0] NCCL INFO NET/IB: ncclIbRecvCommInit: Receive work requests will be posted on-demand
gx10-e146:63:73 [0] NCCL INFO NET/IB: Subnet-aware routing: overriding dev 5 with dev 2
gx10-e146:63:73 [0] NCCL INFO NET/IB: Subnet-aware routing: overriding dev 4 with dev 0
gx10-e146:63:73 [0] NCCL INFO NET/IB: Subnet-aware routing: overriding dev 5 with dev 2
gx10-e146:63:73 [0] NCCL INFO NET/IB: Subnet-aware routing: overriding dev 4 with dev 0
gx10-e146:63:73 [0] NCCL INFO NET/IB: Subnet-aware routing: overriding dev 5 with dev 2
gx10-e146:63:73 [0] NCCL INFO NET/IB: Subnet-aware routing: overriding dev 4 with dev 0
gx10-e146:63:73 [0] NCCL INFO NET/IB: ncclIbResiliencyInit: Resiliency is disabled on the send communicator (comm=0xeff949c79000)
gx10-e146:63:73 [0] NCCL INFO NET/IB: Subnet-aware routing: overriding dev 5 with dev 2
gx10-e146:63:73 [0] NCCL INFO NET/IB: ncclIbSenderQpsToRts: Set ECE: IbDev 2 Port 1 qp_num 1960 set_ece={supported=1, vendor_id=0x15b3, options=0x30000002, comp_mask=0x0}
gx10-e146:63:73 [0] NCCL INFO NET/IB: ncclIbSenderQpsToRts: Set ECE: IbDev 2 Port 1 qp_num 1961 set_ece={supported=1, vendor_id=0x15b3, options=0x30000002, comp_mask=0x0}
gx10-e146:63:73 [0] NCCL INFO NET/IB: Subnet-aware routing: overriding dev 4 with dev 0
gx10-e146:63:73 [0] NCCL INFO NET/IB: ncclIbSenderQpsToRts: Set ECE: IbDev 0 Port 1 qp_num 12298 set_ece={supported=1, vendor_id=0x15b3, options=0x30000002, comp_mask=0x0}
gx10-e146:63:73 [0] NCCL INFO NET/IB: ncclIbSenderQpsToRts: Set ECE: IbDev 0 Port 1 qp_num 12299 set_ece={supported=1, vendor_id=0x15b3, options=0x30000002, comp_mask=0x0}
gx10-e146:63:73 [0] NCCL INFO NET/IB: Subnet-aware routing: overriding dev 5 with dev 2
gx10-e146:63:73 [0] NCCL INFO NET/IB: ncclIbSenderQpsCreate: QP created: port=1 dev=2 devName=roceP2p1s0f0 ndevs=4 nmdevs=6 qp_num=1962 pkey=0 pd=0xeff9481a8970 oooRq=0
gx10-e146:63:73 [0] NCCL INFO NET/IB: ncclIbSenderQpsCreate: QP created: port=1 dev=2 devName=roceP2p1s0f0 ndevs=4 nmdevs=6 qp_num=1963 pkey=0 pd=0xeff9481a8970 oooRq=0
gx10-e146:63:73 [0] NCCL INFO NET/IB: ncclIbConnectImpl: NCCL Dev 2 IbDev 2 Port 1 qp_num 1962 mtu 5 GID 3 (0/170A8C0FFFF0000) ctsFifoRkey=0x18e1da ctsFifoLkey=0x18e1da
gx10-e146:63:73 [0] NCCL INFO NET/IB: ncclIbConnectImpl: IbDev 2 Port 1 qp_num 1962 query_ece={supported=1, vendor_id=0x15b3, options=0x30000002, comp_mask=0x0}
gx10-e146:63:73 [0] NCCL INFO NET/IB: ncclIbConnectImpl: NCCL Dev 2 IbDev 2 Port 1 qp_num 1963 mtu 5 GID 3 (0/170A8C0FFFF0000) ctsFifoRkey=0x18e1da ctsFifoLkey=0x18e1da
gx10-e146:63:73 [0] NCCL INFO NET/IB: ncclIbConnectImpl: IbDev 2 Port 1 qp_num 1963 query_ece={supported=1, vendor_id=0x15b3, options=0x30000002, comp_mask=0x0}
gx10-e146:63:73 [0] NCCL INFO NET/IB: Subnet-aware routing: overriding dev 4 with dev 0
gx10-e146:63:73 [0] NCCL INFO NET/IB: Subnet-aware routing: overriding dev 4 with dev 1
gx10-e146:63:73 [0] NCCL INFO NET/IB: ncclIbReceiverQpsCreateToRts: QP created: port=1 dev=1 devName=rocep1s0f1 ndevs=4 nmdevs=6 qp_num=15680 pkey=0 pd=0xeff94820def0 oooRq=0
gx10-e146:63:73 [0] NCCL INFO NET/IB: ncclIbReceiverQpsCreateToRts: QP created: port=1 dev=1 devName=rocep1s0f1 ndevs=4 nmdevs=6 qp_num=15681 pkey=0 pd=0xeff94820def0 oooRq=0
gx10-e146:63:73 [0] NCCL INFO NET/IB: ncclIbReceiverQpsCreateToRts: Flush QP created: port=1 dev=1 devName=rocep1s0f1 ndevs=4 nmdevs=6 qp_num=15682 pkey=0 pd=0xeff94820def0
gx10-e146:63:73 [0] NCCL INFO NET/IB: Subnet-aware routing: overriding dev 5 with dev 2
gx10-e146:63:73 [0] NCCL INFO NET/IB: Subnet-aware routing: overriding dev 5 with dev 3
gx10-e146:63:73 [0] NCCL INFO NET/IB: ncclIbReceiverQpsCreateToRts: QP created: port=1 dev=3 devName=roceP2p1s0f1 ndevs=4 nmdevs=6 qp_num=2758 pkey=0 pd=0xeff94803c970 oooRq=0
gx10-e146:63:73 [0] NCCL INFO NET/IB: ncclIbReceiverQpsCreateToRts: QP created: port=1 dev=3 devName=roceP2p1s0f1 ndevs=4 nmdevs=6 qp_num=2759 pkey=0 pd=0xeff94803c970 oooRq=0
gx10-e146:63:73 [0] NCCL INFO NET/IB: ncclIbReceiverQpsCreateToRts: Flush QP created: port=1 dev=3 devName=roceP2p1s0f1 ndevs=4 nmdevs=6 qp_num=2760 pkey=0 pd=0xeff94803c970
gx10-e146:63:73 [0] NCCL INFO NET/IB: Subnet-aware routing: overriding dev 4 with dev 0
gx10-e146:63:73 [0] NCCL INFO NET/IB: ncclIbResiliencyInit: Resiliency is disabled on the recv communicator (comm=0xeff949e0c000)
gx10-e146:63:73 [0] NCCL INFO NET/IB: ncclIbRecvCommInit: Receive work requests will be posted on-demand
gx10-e146:63:73 [0] NCCL INFO NET/IB: Subnet-aware routing: overriding dev 5 with dev 2
gx10-e146:63:73 [0] NCCL INFO NET/IB: Subnet-aware routing: overriding dev 4 with dev 0
gx10-e146:63:73 [0] NCCL INFO NET/IB: ncclIbSenderQpsCreate: QP created: port=1 dev=0 devName=rocep1s0f0 ndevs=4 nmdevs=6 qp_num=12300 pkey=0 pd=0xeff94807dd30 oooRq=0
gx10-e146:63:73 [0] NCCL INFO NET/IB: ncclIbSenderQpsCreate: QP created: port=1 dev=0 devName=rocep1s0f0 ndevs=4 nmdevs=6 qp_num=12301 pkey=0 pd=0xeff94807dd30 oooRq=0
gx10-e146:63:73 [0] NCCL INFO NET/IB: ncclIbConnectImpl: NCCL Dev 0 IbDev 0 Port 1 qp_num 12300 mtu 5 GID 6 (0/166A8C0FFFF0000) ctsFifoRkey=0x17f2af ctsFifoLkey=0x17f2af
gx10-e146:63:73 [0] NCCL INFO NET/IB: ncclIbConnectImpl: IbDev 0 Port 1 qp_num 12300 query_ece={supported=1, vendor_id=0x15b3, options=0x30000002, comp_mask=0x0}
gx10-e146:63:73 [0] NCCL INFO NET/IB: ncclIbConnectImpl: NCCL Dev 0 IbDev 0 Port 1 qp_num 12301 mtu 5 GID 6 (0/166A8C0FFFF0000) ctsFifoRkey=0x17f2af ctsFifoLkey=0x17f2af
gx10-e146:63:73 [0] NCCL INFO NET/IB: ncclIbConnectImpl: IbDev 0 Port 1 qp_num 12301 query_ece={supported=1, vendor_id=0x15b3, options=0x30000002, comp_mask=0x0}
gx10-e146:63:73 [0] NCCL INFO NET/IB: Subnet-aware routing: overriding dev 5 with dev 2
gx10-e146:63:73 [0] NCCL INFO NET/IB: Subnet-aware routing: overriding dev 4 with dev 0
gx10-e146:63:73 [0] NCCL INFO NET/IB: Subnet-aware routing: overriding dev 5 with dev 2
gx10-e146:63:73 [0] NCCL INFO NET/IB: ncclIbResiliencyInit: Resiliency is disabled on the send communicator (comm=0xeff949ead000)
gx10-e146:63:73 [0] NCCL INFO NET/IB: Subnet-aware routing: overriding dev 5 with dev 2
gx10-e146:63:73 [0] NCCL INFO NET/IB: ncclIbSenderQpsToRts: Set ECE: IbDev 2 Port 1 qp_num 1962 set_ece={supported=1, vendor_id=0x15b3, options=0x30000002, comp_mask=0x0}
gx10-e146:63:73 [0] NCCL INFO NET/IB: ncclIbSenderQpsToRts: Set ECE: IbDev 2 Port 1 qp_num 1963 set_ece={supported=1, vendor_id=0x15b3, options=0x30000002, comp_mask=0x0}
gx10-e146:63:73 [0] NCCL INFO NET/IB: Subnet-aware routing: overriding dev 4 with dev 0
gx10-e146:63:73 [0] NCCL INFO NET/IB: Subnet-aware routing: overriding dev 5 with dev 2
gx10-e146:63:73 [0] NCCL INFO NET/IB: ncclIbSenderQpsCreate: QP created: port=1 dev=2 devName=roceP2p1s0f0 ndevs=4 nmdevs=6 qp_num=1964 pkey=0 pd=0xeff9481a8970 oooRq=0
gx10-e146:63:73 [0] NCCL INFO NET/IB: ncclIbSenderQpsCreate: QP created: port=1 dev=2 devName=roceP2p1s0f0 ndevs=4 nmdevs=6 qp_num=1965 pkey=0 pd=0xeff9481a8970 oooRq=0
gx10-e146:63:73 [0] NCCL INFO NET/IB: ncclIbConnectImpl: NCCL Dev 2 IbDev 2 Port 1 qp_num 1964 mtu 5 GID 3 (0/170A8C0FFFF0000) ctsFifoRkey=0x18dad4 ctsFifoLkey=0x18dad4
gx10-e146:63:73 [0] NCCL INFO NET/IB: ncclIbConnectImpl: IbDev 2 Port 1 qp_num 1964 query_ece={supported=1, vendor_id=0x15b3, options=0x30000002, comp_mask=0x0}
gx10-e146:63:73 [0] NCCL INFO NET/IB: ncclIbConnectImpl: NCCL Dev 2 IbDev 2 Port 1 qp_num 1965 mtu 5 GID 3 (0/170A8C0FFFF0000) ctsFifoRkey=0x18dad4 ctsFifoLkey=0x18dad4
gx10-e146:63:73 [0] NCCL INFO NET/IB: ncclIbConnectImpl: IbDev 2 Port 1 qp_num 1965 query_ece={supported=1, vendor_id=0x15b3, options=0x30000002, comp_mask=0x0}
gx10-e146:63:73 [0] NCCL INFO NET/IB: Subnet-aware routing: overriding dev 4 with dev 0
gx10-e146:63:73 [0] NCCL INFO NET/IB: Subnet-aware routing: overriding dev 4 with dev 1
gx10-e146:63:73 [0] NCCL INFO NET/IB: ncclIbReceiverQpsCreateToRts: QP created: port=1 dev=1 devName=rocep1s0f1 ndevs=4 nmdevs=6 qp_num=15683 pkey=0 pd=0xeff94820def0 oooRq=0
gx10-e146:63:73 [0] NCCL INFO NET/IB: ncclIbReceiverQpsCreateToRts: QP created: port=1 dev=1 devName=rocep1s0f1 ndevs=4 nmdevs=6 qp_num=15684 pkey=0 pd=0xeff94820def0 oooRq=0
gx10-e146:63:73 [0] NCCL INFO NET/IB: ncclIbReceiverQpsCreateToRts: Flush QP created: port=1 dev=1 devName=rocep1s0f1 ndevs=4 nmdevs=6 qp_num=15685 pkey=0 pd=0xeff94820def0
gx10-e146:63:73 [0] NCCL INFO NET/IB: Subnet-aware routing: overriding dev 5 with dev 2
gx10-e146:63:73 [0] NCCL INFO NET/IB: ncclIbResiliencyInit: Resiliency is disabled on the recv communicator (comm=0xeff949fc2000)
gx10-e146:63:73 [0] NCCL INFO NET/IB: ncclIbRecvCommInit: Receive work requests will be posted on-demand
gx10-e146:63:73 [0] NCCL INFO NET/IB: Subnet-aware routing: overriding dev 4 with dev 0
gx10-e146:63:73 [0] NCCL INFO NET/IB: ncclIbSenderQpsToRts: Set ECE: IbDev 0 Port 1 qp_num 12300 set_ece={supported=1, vendor_id=0x15b3, options=0x30000002, comp_mask=0x0}
gx10-e146:63:73 [0] NCCL INFO NET/IB: ncclIbSenderQpsToRts: Set ECE: IbDev 0 Port 1 qp_num 12301 set_ece={supported=1, vendor_id=0x15b3, options=0x30000002, comp_mask=0x0}
gx10-e146:63:73 [0] NCCL INFO NET/IB: Subnet-aware routing: overriding dev 5 with dev 2
gx10-e146:63:73 [0] NCCL INFO NET/IB: ncclIbSenderQpsToRts: Set ECE: IbDev 2 Port 1 qp_num 1964 set_ece={supported=1, vendor_id=0x15b3, options=0x30000002, comp_mask=0x0}
gx10-e146:63:73 [0] NCCL INFO NET/IB: ncclIbSenderQpsToRts: Set ECE: IbDev 2 Port 1 qp_num 1965 set_ece={supported=1, vendor_id=0x15b3, options=0x30000002, comp_mask=0x0}
gx10-e146:63:73 [0] NCCL INFO NET/IB: Subnet-aware routing: overriding dev 4 with dev 0
gx10-e146:63:73 [0] NCCL INFO NET/IB: ncclIbSenderQpsCreate: QP created: port=1 dev=0 devName=rocep1s0f0 ndevs=4 nmdevs=6 qp_num=12302 pkey=0 pd=0xeff94807dd30 oooRq=0
gx10-e146:63:73 [0] NCCL INFO NET/IB: ncclIbSenderQpsCreate: QP created: port=1 dev=0 devName=rocep1s0f0 ndevs=4 nmdevs=6 qp_num=12303 pkey=0 pd=0xeff94807dd30 oooRq=0
gx10-e146:63:73 [0] NCCL INFO NET/IB: ncclIbConnectImpl: NCCL Dev 0 IbDev 0 Port 1 qp_num 12302 mtu 5 GID 6 (0/166A8C0FFFF0000) ctsFifoRkey=0x16c96f ctsFifoLkey=0x16c96f
gx10-e146:63:73 [0] NCCL INFO NET/IB: ncclIbConnectImpl: IbDev 0 Port 1 qp_num 12302 query_ece={supported=1, vendor_id=0x15b3, options=0x30000002, comp_mask=0x0}
gx10-e146:63:73 [0] NCCL INFO NET/IB: ncclIbConnectImpl: NCCL Dev 0 IbDev 0 Port 1 qp_num 12303 mtu 5 GID 6 (0/166A8C0FFFF0000) ctsFifoRkey=0x16c96f ctsFifoLkey=0x16c96f
gx10-e146:63:73 [0] NCCL INFO NET/IB: ncclIbConnectImpl: IbDev 0 Port 1 qp_num 12303 query_ece={supported=1, vendor_id=0x15b3, options=0x30000002, comp_mask=0x0}
gx10-e146:63:73 [0] NCCL INFO NET/IB: Subnet-aware routing: overriding dev 5 with dev 2
gx10-e146:63:73 [0] NCCL INFO NET/IB: Subnet-aware routing: overriding dev 4 with dev 0
gx10-e146:63:73 [0] NCCL INFO NET/IB: ncclIbResiliencyInit: Resiliency is disabled on the send communicator (comm=0xeff94a05f000)
gx10-e146:63:73 [0] NCCL INFO NET/IB: Subnet-aware routing: overriding dev 4 with dev 0
gx10-e146:63:73 [0] NCCL INFO NET/IB: Subnet-aware routing: overriding dev 5 with dev 2
gx10-e146:63:73 [0] NCCL INFO NET/IB: Subnet-aware routing: overriding dev 5 with dev 3
gx10-e146:63:73 [0] NCCL INFO NET/IB: ncclIbReceiverQpsCreateToRts: QP created: port=1 dev=3 devName=roceP2p1s0f1 ndevs=4 nmdevs=6 qp_num=2761 pkey=0 pd=0xeff94803c970 oooRq=0
gx10-e146:63:73 [0] NCCL INFO NET/IB: ncclIbReceiverQpsCreateToRts: QP created: port=1 dev=3 devName=roceP2p1s0f1 ndevs=4 nmdevs=6 qp_num=2762 pkey=0 pd=0xeff94803c970 oooRq=0
gx10-e146:63:73 [0] NCCL INFO NET/IB: ncclIbReceiverQpsCreateToRts: Flush QP created: port=1 dev=3 devName=roceP2p1s0f1 ndevs=4 nmdevs=6 qp_num=2763 pkey=0 pd=0xeff94803c970
gx10-e146:63:73 [0] NCCL INFO NET/IB: Subnet-aware routing: overriding dev 4 with dev 0
gx10-e146:63:73 [0] NCCL INFO NET/IB: ncclIbResiliencyInit: Resiliency is disabled on the recv communicator (comm=0xeff94a11d000)
gx10-e146:63:73 [0] NCCL INFO NET/IB: ncclIbRecvCommInit: Receive work requests will be posted on-demand
gx10-e146:63:73 [0] NCCL INFO NET/IB: Subnet-aware routing: overriding dev 4 with dev 0
gx10-e146:63:73 [0] NCCL INFO NET/IB: ncclIbSenderQpsToRts: Set ECE: IbDev 0 Port 1 qp_num 12302 set_ece={supported=1, vendor_id=0x15b3, options=0x30000002, comp_mask=0x0}
gx10-e146:63:73 [0] NCCL INFO NET/IB: ncclIbSenderQpsToRts: Set ECE: IbDev 0 Port 1 qp_num 12303 set_ece={supported=1, vendor_id=0x15b3, options=0x30000002, comp_mask=0x0}
gx10-e146:63:73 [0] NCCL INFO NET/IB: Subnet-aware routing: overriding dev 5 with dev 2
gx10-e146:63:73 [0] NCCL INFO NET/IB: ncclIbSenderQpsCreate: QP created: port=1 dev=2 devName=roceP2p1s0f0 ndevs=4 nmdevs=6 qp_num=1966 pkey=0 pd=0xeff9481a8970 oooRq=0
gx10-e146:63:73 [0] NCCL INFO NET/IB: ncclIbSenderQpsCreate: QP created: port=1 dev=2 devName=roceP2p1s0f0 ndevs=4 nmdevs=6 qp_num=1967 pkey=0 pd=0xeff9481a8970 oooRq=0
gx10-e146:63:73 [0] NCCL INFO NET/IB: ncclIbConnectImpl: NCCL Dev 2 IbDev 2 Port 1 qp_num 1966 mtu 5 GID 3 (0/170A8C0FFFF0000) ctsFifoRkey=0x18c4c2 ctsFifoLkey=0x18c4c2
gx10-e146:63:73 [0] NCCL INFO NET/IB: ncclIbConnectImpl: IbDev 2 Port 1 qp_num 1966 query_ece={supported=1, vendor_id=0x15b3, options=0x30000002, comp_mask=0x0}
gx10-e146:63:73 [0] NCCL INFO NET/IB: ncclIbConnectImpl: NCCL Dev 2 IbDev 2 Port 1 qp_num 1967 mtu 5 GID 3 (0/170A8C0FFFF0000) ctsFifoRkey=0x18c4c2 ctsFifoLkey=0x18c4c2
gx10-e146:63:73 [0] NCCL INFO NET/IB: ncclIbConnectImpl: IbDev 2 Port 1 qp_num 1967 query_ece={supported=1, vendor_id=0x15b3, options=0x30000002, comp_mask=0x0}
gx10-e146:63:73 [0] NCCL INFO NET/IB: Subnet-aware routing: overriding dev 4 with dev 0
gx10-e146:63:73 [0] NCCL INFO NET/IB: Subnet-aware routing: overriding dev 5 with dev 2
gx10-e146:63:73 [0] NCCL INFO NET/IB: ncclIbResiliencyInit: Resiliency is disabled on the send communicator (comm=0xeff94a1bc000)
gx10-e146:63:73 [0] NCCL INFO NET/IB: Subnet-aware routing: overriding dev 5 with dev 2
gx10-e146:63:73 [0] NCCL INFO NET/IB: Subnet-aware routing: overriding dev 4 with dev 0
gx10-e146:63:73 [0] NCCL INFO NET/IB: Subnet-aware routing: overriding dev 4 with dev 1
gx10-e146:63:73 [0] NCCL INFO NET/IB: ncclIbReceiverQpsCreateToRts: QP created: port=1 dev=1 devName=rocep1s0f1 ndevs=4 nmdevs=6 qp_num=15686 pkey=0 pd=0xeff94820def0 oooRq=0
gx10-e146:63:73 [0] NCCL INFO NET/IB: ncclIbReceiverQpsCreateToRts: QP created: port=1 dev=1 devName=rocep1s0f1 ndevs=4 nmdevs=6 qp_num=15687 pkey=0 pd=0xeff94820def0 oooRq=0
gx10-e146:63:73 [0] NCCL INFO NET/IB: ncclIbReceiverQpsCreateToRts: Flush QP created: port=1 dev=1 devName=rocep1s0f1 ndevs=4 nmdevs=6 qp_num=15688 pkey=0 pd=0xeff94820def0
gx10-e146:63:73 [0] NCCL INFO NET/IB: Subnet-aware routing: overriding dev 5 with dev 2
gx10-e146:63:73 [0] NCCL INFO NET/IB: ncclIbResiliencyInit: Resiliency is disabled on the recv communicator (comm=0xeff94a27b000)
gx10-e146:63:73 [0] NCCL INFO NET/IB: ncclIbRecvCommInit: Receive work requests will be posted on-demand
gx10-e146:63:73 [0] NCCL INFO NET/IB: Subnet-aware routing: overriding dev 5 with dev 2
gx10-e146:63:73 [0] NCCL INFO NET/IB: ncclIbSenderQpsToRts: Set ECE: IbDev 2 Port 1 qp_num 1966 set_ece={supported=1, vendor_id=0x15b3, options=0x30000002, comp_mask=0x0}
gx10-e146:63:73 [0] NCCL INFO NET/IB: ncclIbSenderQpsToRts: Set ECE: IbDev 2 Port 1 qp_num 1967 set_ece={supported=1, vendor_id=0x15b3, options=0x30000002, comp_mask=0x0}
gx10-e146:63:73 [0] NCCL INFO NET/IB: Subnet-aware routing: overriding dev 4 with dev 0
gx10-e146:63:73 [0] NCCL INFO NET/IB: ncclIbSenderQpsCreate: QP created: port=1 dev=0 devName=rocep1s0f0 ndevs=4 nmdevs=6 qp_num=12304 pkey=0 pd=0xeff94807dd30 oooRq=0
gx10-e146:63:73 [0] NCCL INFO NET/IB: ncclIbSenderQpsCreate: QP created: port=1 dev=0 devName=rocep1s0f0 ndevs=4 nmdevs=6 qp_num=12305 pkey=0 pd=0xeff94807dd30 oooRq=0
gx10-e146:63:73 [0] NCCL INFO NET/IB: ncclIbConnectImpl: NCCL Dev 0 IbDev 0 Port 1 qp_num 12304 mtu 5 GID 6 (0/166A8C0FFFF0000) ctsFifoRkey=0x163dfb ctsFifoLkey=0x163dfb
gx10-e146:63:73 [0] NCCL INFO NET/IB: ncclIbConnectImpl: IbDev 0 Port 1 qp_num 12304 query_ece={supported=1, vendor_id=0x15b3, options=0x30000002, comp_mask=0x0}
gx10-e146:63:73 [0] NCCL INFO NET/IB: ncclIbConnectImpl: NCCL Dev 0 IbDev 0 Port 1 qp_num 12305 mtu 5 GID 6 (0/166A8C0FFFF0000) ctsFifoRkey=0x163dfb ctsFifoLkey=0x163dfb
gx10-e146:63:73 [0] NCCL INFO NET/IB: ncclIbConnectImpl: IbDev 0 Port 1 qp_num 12305 query_ece={supported=1, vendor_id=0x15b3, options=0x30000002, comp_mask=0x0}
gx10-e146:63:73 [0] NCCL INFO NET/IB: Subnet-aware routing: overriding dev 5 with dev 2
gx10-e146:63:73 [0] NCCL INFO NET/IB: ncclIbSenderQpsCreate: QP created: port=1 dev=2 devName=roceP2p1s0f0 ndevs=4 nmdevs=6 qp_num=1968 pkey=0 pd=0xeff9481a8970 oooRq=0
gx10-e146:63:73 [0] NCCL INFO NET/IB: ncclIbSenderQpsCreate: QP created: port=1 dev=2 devName=roceP2p1s0f0 ndevs=4 nmdevs=6 qp_num=1969 pkey=0 pd=0xeff9481a8970 oooRq=0
gx10-e146:63:73 [0] NCCL INFO NET/IB: ncclIbConnectImpl: NCCL Dev 2 IbDev 2 Port 1 qp_num 1968 mtu 5 GID 3 (0/170A8C0FFFF0000) ctsFifoRkey=0x18706f ctsFifoLkey=0x18706f
gx10-e146:63:73 [0] NCCL INFO NET/IB: ncclIbConnectImpl: IbDev 2 Port 1 qp_num 1968 query_ece={supported=1, vendor_id=0x15b3, options=0x30000002, comp_mask=0x0}
gx10-e146:63:73 [0] NCCL INFO NET/IB: ncclIbConnectImpl: NCCL Dev 2 IbDev 2 Port 1 qp_num 1969 mtu 5 GID 3 (0/170A8C0FFFF0000) ctsFifoRkey=0x18706f ctsFifoLkey=0x18706f
gx10-e146:63:73 [0] NCCL INFO NET/IB: ncclIbConnectImpl: IbDev 2 Port 1 qp_num 1969 query_ece={supported=1, vendor_id=0x15b3, options=0x30000002, comp_mask=0x0}
gx10-e146:63:73 [0] NCCL INFO NET/IB: Subnet-aware routing: overriding dev 4 with dev 0
gx10-e146:63:73 [0] NCCL INFO NET/IB: ncclIbResiliencyInit: Resiliency is disabled on the send communicator (comm=0xeff94a373000)
gx10-e146:63:73 [0] NCCL INFO NET/IB: Subnet-aware routing: overriding dev 4 with dev 0
gx10-e146:63:73 [0] NCCL INFO NET/IB: Subnet-aware routing: overriding dev 5 with dev 2
gx10-e146:63:73 [0] NCCL INFO NET/IB: Subnet-aware routing: overriding dev 5 with dev 3
gx10-e146:63:73 [0] NCCL INFO NET/IB: ncclIbReceiverQpsCreateToRts: QP created: port=1 dev=3 devName=roceP2p1s0f1 ndevs=4 nmdevs=6 qp_num=2764 pkey=0 pd=0xeff94803c970 oooRq=0
gx10-e146:63:73 [0] NCCL INFO NET/IB: ncclIbReceiverQpsCreateToRts: QP created: port=1 dev=3 devName=roceP2p1s0f1 ndevs=4 nmdevs=6 qp_num=2765 pkey=0 pd=0xeff94803c970 oooRq=0
gx10-e146:63:73 [0] NCCL INFO NET/IB: ncclIbReceiverQpsCreateToRts: Flush QP created: port=1 dev=3 devName=roceP2p1s0f1 ndevs=4 nmdevs=6 qp_num=2766 pkey=0 pd=0xeff94803c970
gx10-e146:63:73 [0] NCCL INFO NET/IB: Subnet-aware routing: overriding dev 4 with dev 0
gx10-e146:63:73 [0] NCCL INFO NET/IB: ncclIbResiliencyInit: Resiliency is disabled on the recv communicator (comm=0xeff94a431000)
gx10-e146:63:73 [0] NCCL INFO NET/IB: ncclIbRecvCommInit: Receive work requests will be posted on-demand
gx10-e146:63:73 [0] NCCL INFO NET/IB: Subnet-aware routing: overriding dev 4 with dev 0
gx10-e146:63:73 [0] NCCL INFO NET/IB: ncclIbSenderQpsToRts: Set ECE: IbDev 0 Port 1 qp_num 12304 set_ece={supported=1, vendor_id=0x15b3, options=0x30000002, comp_mask=0x0}
gx10-e146:63:73 [0] NCCL INFO NET/IB: ncclIbSenderQpsToRts: Set ECE: IbDev 0 Port 1 qp_num 12305 set_ece={supported=1, vendor_id=0x15b3, options=0x30000002, comp_mask=0x0}
gx10-e146:63:73 [0] NCCL INFO NET/IB: Subnet-aware routing: overriding dev 5 with dev 2
gx10-e146:63:73 [0] NCCL INFO NET/IB: ncclIbSenderQpsToRts: Set ECE: IbDev 2 Port 1 qp_num 1968 set_ece={supported=1, vendor_id=0x15b3, options=0x30000002, comp_mask=0x0}
gx10-e146:63:73 [0] NCCL INFO NET/IB: ncclIbSenderQpsToRts: Set ECE: IbDev 2 Port 1 qp_num 1969 set_ece={supported=1, vendor_id=0x15b3, options=0x30000002, comp_mask=0x0}
gx10-e146:63:73 [0] NCCL INFO NET/IB: Subnet-aware routing: overriding dev 4 with dev 0
gx10-e146:63:73 [0] NCCL INFO NET/IB: Subnet-aware routing: overriding dev 4 with dev 1
gx10-e146:63:73 [0] NCCL INFO NET/IB: ncclIbReceiverQpsCreateToRts: QP created: port=1 dev=1 devName=rocep1s0f1 ndevs=4 nmdevs=6 qp_num=15689 pkey=0 pd=0xeff94820def0 oooRq=0
gx10-e146:63:73 [0] NCCL INFO NET/IB: ncclIbReceiverQpsCreateToRts: QP created: port=1 dev=1 devName=rocep1s0f1 ndevs=4 nmdevs=6 qp_num=15690 pkey=0 pd=0xeff94820def0 oooRq=0
gx10-e146:63:73 [0] NCCL INFO NET/IB: ncclIbReceiverQpsCreateToRts: Flush QP created: port=1 dev=1 devName=rocep1s0f1 ndevs=4 nmdevs=6 qp_num=15691 pkey=0 pd=0xeff94820def0
gx10-e146:63:73 [0] NCCL INFO NET/IB: Subnet-aware routing: overriding dev 5 with dev 2
gx10-e146:63:73 [0] NCCL INFO NET/IB: ncclIbResiliencyInit: Resiliency is disabled on the send communicator (comm=0xeff94a4f1000)
gx10-e146:63:73 [0] NCCL INFO NET/IB: Subnet-aware routing: overriding dev 4 with dev 0
gx10-e146:63:73 [0] NCCL INFO NET/IB: ncclIbSenderQpsCreate: QP created: port=1 dev=0 devName=rocep1s0f0 ndevs=4 nmdevs=6 qp_num=12306 pkey=0 pd=0xeff94807dd30 oooRq=0
gx10-e146:63:73 [0] NCCL INFO NET/IB: ncclIbSenderQpsCreate: QP created: port=1 dev=0 devName=rocep1s0f0 ndevs=4 nmdevs=6 qp_num=12307 pkey=0 pd=0xeff94807dd30 oooRq=0
gx10-e146:63:73 [0] NCCL INFO NET/IB: ncclIbConnectImpl: NCCL Dev 0 IbDev 0 Port 1 qp_num 12306 mtu 5 GID 6 (0/166A8C0FFFF0000) ctsFifoRkey=0x1606c3 ctsFifoLkey=0x1606c3
gx10-e146:63:73 [0] NCCL INFO NET/IB: ncclIbConnectImpl: IbDev 0 Port 1 qp_num 12306 query_ece={supported=1, vendor_id=0x15b3, options=0x30000002, comp_mask=0x0}
gx10-e146:63:73 [0] NCCL INFO NET/IB: ncclIbConnectImpl: NCCL Dev 0 IbDev 0 Port 1 qp_num 12307 mtu 5 GID 6 (0/166A8C0FFFF0000) ctsFifoRkey=0x1606c3 ctsFifoLkey=0x1606c3
gx10-e146:63:73 [0] NCCL INFO NET/IB: ncclIbConnectImpl: IbDev 0 Port 1 qp_num 12307 query_ece={supported=1, vendor_id=0x15b3, options=0x30000002, comp_mask=0x0}
gx10-e146:63:73 [0] NCCL INFO NET/IB: Subnet-aware routing: overriding dev 5 with dev 2
gx10-e146:63:73 [0] NCCL INFO NET/IB: ncclIbResiliencyInit: Resiliency is disabled on the recv communicator (comm=0xeff94a58c000)
gx10-e146:63:73 [0] NCCL INFO NET/IB: ncclIbRecvCommInit: Receive work requests will be posted on-demand
gx10-e146:63:73 [0] NCCL INFO NET/IB: Subnet-aware routing: overriding dev 4 with dev 0
gx10-e146:63:73 [0] NCCL INFO NET/IB: Subnet-aware routing: overriding dev 5 with dev 2
gx10-e146:63:73 [0] NCCL INFO NET/IB: Subnet-aware routing: overriding dev 4 with dev 0
gx10-e146:63:73 [0] NCCL INFO NET/IB: ncclIbResiliencyInit: Resiliency is disabled on the send communicator (comm=0xeff94a5d4000)
gx10-e146:63:73 [0] NCCL INFO NET/IB: Subnet-aware routing: overriding dev 4 with dev 0
gx10-e146:63:73 [0] NCCL INFO NET/IB: Subnet-aware routing: overriding dev 5 with dev 2
gx10-e146:63:73 [0] NCCL INFO NET/IB: Subnet-aware routing: overriding dev 4 with dev 0
gx10-e146:63:73 [0] NCCL INFO NET/IB: ncclIbResiliencyInit: Resiliency is disabled on the recv communicator (comm=0xeff94a618000)
gx10-e146:63:73 [0] NCCL INFO NET/IB: ncclIbRecvCommInit: Receive work requests will be posted on-demand
gx10-e146:63:73 [0] NCCL INFO NET/IB: Subnet-aware routing: overriding dev 4 with dev 0
gx10-e146:63:73 [0] NCCL INFO NET/IB: Subnet-aware routing: overriding dev 5 with dev 2
gx10-e146:63:73 [0] NCCL INFO NET/IB: Subnet-aware routing: overriding dev 4 with dev 0
gx10-e146:63:73 [0] NCCL INFO NET/IB: Subnet-aware routing: overriding dev 5 with dev 2
gx10-e146:63:73 [0] NCCL INFO NET/IB: ncclIbResiliencyInit: Resiliency is disabled on the send communicator (comm=0xeff94a660000)
gx10-e146:63:73 [0] NCCL INFO NET/IB: Subnet-aware routing: overriding dev 4 with dev 0
gx10-e146:63:73 [0] NCCL INFO NET/IB: ncclIbSenderQpsToRts: Set ECE: IbDev 0 Port 1 qp_num 12306 set_ece={supported=1, vendor_id=0x15b3, options=0x30000002, comp_mask=0x0}
gx10-e146:63:73 [0] NCCL INFO NET/IB: ncclIbSenderQpsToRts: Set ECE: IbDev 0 Port 1 qp_num 12307 set_ece={supported=1, vendor_id=0x15b3, options=0x30000002, comp_mask=0x0}
gx10-e146:63:73 [0] NCCL INFO NET/IB: Subnet-aware routing: overriding dev 5 with dev 2
gx10-e146:63:73 [0] NCCL INFO NET/IB: ncclIbSenderQpsCreate: QP created: port=1 dev=2 devName=roceP2p1s0f0 ndevs=4 nmdevs=6 qp_num=1970 pkey=0 pd=0xeff9481a8970 oooRq=0
gx10-e146:63:73 [0] NCCL INFO NET/IB: ncclIbSenderQpsCreate: QP created: port=1 dev=2 devName=roceP2p1s0f0 ndevs=4 nmdevs=6 qp_num=1971 pkey=0 pd=0xeff9481a8970 oooRq=0
gx10-e146:63:73 [0] NCCL INFO NET/IB: ncclIbConnectImpl: NCCL Dev 2 IbDev 2 Port 1 qp_num 1970 mtu 5 GID 3 (0/170A8C0FFFF0000) ctsFifoRkey=0x1906fc ctsFifoLkey=0x1906fc
gx10-e146:63:73 [0] NCCL INFO NET/IB: ncclIbConnectImpl: IbDev 2 Port 1 qp_num 1970 query_ece={supported=1, vendor_id=0x15b3, options=0x30000002, comp_mask=0x0}
gx10-e146:63:73 [0] NCCL INFO NET/IB: ncclIbConnectImpl: NCCL Dev 2 IbDev 2 Port 1 qp_num 1971 mtu 5 GID 3 (0/170A8C0FFFF0000) ctsFifoRkey=0x1906fc ctsFifoLkey=0x1906fc
gx10-e146:63:73 [0] NCCL INFO NET/IB: ncclIbConnectImpl: IbDev 2 Port 1 qp_num 1971 query_ece={supported=1, vendor_id=0x15b3, options=0x30000002, comp_mask=0x0}
gx10-e146:63:73 [0] NCCL INFO NET/IB: Subnet-aware routing: overriding dev 5 with dev 3
gx10-e146:63:73 [0] NCCL INFO NET/IB: ncclIbReceiverQpsCreateToRts: QP created: port=1 dev=3 devName=roceP2p1s0f1 ndevs=4 nmdevs=6 qp_num=2767 pkey=0 pd=0xeff94803c970 oooRq=0
gx10-e146:63:73 [0] NCCL INFO NET/IB: ncclIbReceiverQpsCreateToRts: QP created: port=1 dev=3 devName=roceP2p1s0f1 ndevs=4 nmdevs=6 qp_num=2768 pkey=0 pd=0xeff94803c970 oooRq=0
gx10-e146:63:73 [0] NCCL INFO NET/IB: ncclIbReceiverQpsCreateToRts: Flush QP created: port=1 dev=3 devName=roceP2p1s0f1 ndevs=4 nmdevs=6 qp_num=2769 pkey=0 pd=0xeff94803c970
gx10-e146:63:73 [0] NCCL INFO NET/IB: Subnet-aware routing: overriding dev 4 with dev 0
gx10-e146:63:73 [0] NCCL INFO NET/IB: Subnet-aware routing: overriding dev 4 with dev 1
gx10-e146:63:73 [0] NCCL INFO NET/IB: ncclIbReceiverQpsCreateToRts: QP created: port=1 dev=1 devName=rocep1s0f1 ndevs=4 nmdevs=6 qp_num=15692 pkey=0 pd=0xeff94820def0 oooRq=0
gx10-e146:63:73 [0] NCCL INFO NET/IB: ncclIbReceiverQpsCreateToRts: QP created: port=1 dev=1 devName=rocep1s0f1 ndevs=4 nmdevs=6 qp_num=15693 pkey=0 pd=0xeff94820def0 oooRq=0
gx10-e146:63:73 [0] NCCL INFO NET/IB: ncclIbReceiverQpsCreateToRts: Flush QP created: port=1 dev=1 devName=rocep1s0f1 ndevs=4 nmdevs=6 qp_num=15694 pkey=0 pd=0xeff94820def0
gx10-e146:63:73 [0] NCCL INFO NET/IB: Subnet-aware routing: overriding dev 5 with dev 2
gx10-e146:63:73 [0] NCCL INFO NET/IB: ncclIbResiliencyInit: Resiliency is disabled on the recv communicator (comm=0xeff94a7f2000)
gx10-e146:63:73 [0] NCCL INFO NET/IB: ncclIbRecvCommInit: Receive work requests will be posted on-demand
gx10-e146:63:73 [0] NCCL INFO NET/IB: Subnet-aware routing: overriding dev 5 with dev 2
gx10-e146:63:73 [0] NCCL INFO NET/IB: Subnet-aware routing: overriding dev 4 with dev 0
gx10-e146:63:73 [0] NCCL INFO NET/IB: ncclIbSenderQpsCreate: QP created: port=1 dev=0 devName=rocep1s0f0 ndevs=4 nmdevs=6 qp_num=12308 pkey=0 pd=0xeff94807dd30 oooRq=0
gx10-e146:63:73 [0] NCCL INFO NET/IB: ncclIbSenderQpsCreate: QP created: port=1 dev=0 devName=rocep1s0f0 ndevs=4 nmdevs=6 qp_num=12309 pkey=0 pd=0xeff94807dd30 oooRq=0
gx10-e146:63:73 [0] NCCL INFO NET/IB: ncclIbConnectImpl: NCCL Dev 0 IbDev 0 Port 1 qp_num 12308 mtu 5 GID 6 (0/166A8C0FFFF0000) ctsFifoRkey=0x1636e9 ctsFifoLkey=0x1636e9
gx10-e146:63:73 [0] NCCL INFO NET/IB: ncclIbConnectImpl: IbDev 0 Port 1 qp_num 12308 query_ece={supported=1, vendor_id=0x15b3, options=0x30000002, comp_mask=0x0}
gx10-e146:63:73 [0] NCCL INFO NET/IB: ncclIbConnectImpl: NCCL Dev 0 IbDev 0 Port 1 qp_num 12309 mtu 5 GID 6 (0/166A8C0FFFF0000) ctsFifoRkey=0x1636e9 ctsFifoLkey=0x1636e9
gx10-e146:63:73 [0] NCCL INFO NET/IB: ncclIbConnectImpl: IbDev 0 Port 1 qp_num 12309 query_ece={supported=1, vendor_id=0x15b3, options=0x30000002, comp_mask=0x0}
gx10-e146:63:73 [0] NCCL INFO NET/IB: Subnet-aware routing: overriding dev 5 with dev 2
gx10-e146:63:73 [0] NCCL INFO NET/IB: ncclIbSenderQpsCreate: QP created: port=1 dev=2 devName=roceP2p1s0f0 ndevs=4 nmdevs=6 qp_num=1972 pkey=0 pd=0xeff9481a8970 oooRq=0
gx10-e146:63:73 [0] NCCL INFO NET/IB: ncclIbSenderQpsCreate: QP created: port=1 dev=2 devName=roceP2p1s0f0 ndevs=4 nmdevs=6 qp_num=1973 pkey=0 pd=0xeff9481a8970 oooRq=0
gx10-e146:63:73 [0] NCCL INFO NET/IB: ncclIbConnectImpl: NCCL Dev 2 IbDev 2 Port 1 qp_num 1972 mtu 5 GID 3 (0/170A8C0FFFF0000) ctsFifoRkey=0x18e2e0 ctsFifoLkey=0x18e2e0
gx10-e146:63:73 [0] NCCL INFO NET/IB: ncclIbConnectImpl: IbDev 2 Port 1 qp_num 1972 query_ece={supported=1, vendor_id=0x15b3, options=0x30000002, comp_mask=0x0}
gx10-e146:63:73 [0] NCCL INFO NET/IB: ncclIbConnectImpl: NCCL Dev 2 IbDev 2 Port 1 qp_num 1973 mtu 5 GID 3 (0/170A8C0FFFF0000) ctsFifoRkey=0x18e2e0 ctsFifoLkey=0x18e2e0
gx10-e146:63:73 [0] NCCL INFO NET/IB: ncclIbConnectImpl: IbDev 2 Port 1 qp_num 1973 query_ece={supported=1, vendor_id=0x15b3, options=0x30000002, comp_mask=0x0}
gx10-e146:63:73 [0] NCCL INFO NET/IB: Subnet-aware routing: overriding dev 4 with dev 0
gx10-e146:63:73 [0] NCCL INFO NET/IB: ncclIbResiliencyInit: Resiliency is disabled on the send communicator (comm=0xeff94a8ec000)
gx10-e146:63:73 [0] NCCL INFO NET/IB: Subnet-aware routing: overriding dev 5 with dev 2
gx10-e146:63:73 [0] NCCL INFO NET/IB: ncclIbSenderQpsToRts: Set ECE: IbDev 2 Port 1 qp_num 1970 set_ece={supported=1, vendor_id=0x15b3, options=0x30000002, comp_mask=0x0}
gx10-e146:63:73 [0] NCCL INFO NET/IB: ncclIbSenderQpsToRts: Set ECE: IbDev 2 Port 1 qp_num 1971 set_ece={supported=1, vendor_id=0x15b3, options=0x30000002, comp_mask=0x0}
gx10-e146:63:73 [0] NCCL INFO NET/IB: Subnet-aware routing: overriding dev 4 with dev 0
gx10-e146:63:73 [0] NCCL INFO NET/IB: Subnet-aware routing: overriding dev 5 with dev 2
gx10-e146:63:73 [0] NCCL INFO NET/IB: ncclIbSenderQpsToRts: Set ECE: IbDev 2 Port 1 qp_num 1972 set_ece={supported=1, vendor_id=0x15b3, options=0x30000002, comp_mask=0x0}
gx10-e146:63:73 [0] NCCL INFO NET/IB: ncclIbSenderQpsToRts: Set ECE: IbDev 2 Port 1 qp_num 1973 set_ece={supported=1, vendor_id=0x15b3, options=0x30000002, comp_mask=0x0}
gx10-e146:63:73 [0] NCCL INFO NET/IB: Subnet-aware routing: overriding dev 5 with dev 3
gx10-e146:63:73 [0] NCCL INFO NET/IB: ncclIbReceiverQpsCreateToRts: QP created: port=1 dev=3 devName=roceP2p1s0f1 ndevs=4 nmdevs=6 qp_num=2770 pkey=0 pd=0xeff94803c970 oooRq=0
gx10-e146:63:73 [0] NCCL INFO NET/IB: ncclIbReceiverQpsCreateToRts: QP created: port=1 dev=3 devName=roceP2p1s0f1 ndevs=4 nmdevs=6 qp_num=2771 pkey=0 pd=0xeff94803c970 oooRq=0
gx10-e146:63:73 [0] NCCL INFO NET/IB: ncclIbReceiverQpsCreateToRts: Flush QP created: port=1 dev=3 devName=roceP2p1s0f1 ndevs=4 nmdevs=6 qp_num=2772 pkey=0 pd=0xeff94803c970
gx10-e146:63:73 [0] NCCL INFO NET/IB: Subnet-aware routing: overriding dev 4 with dev 0
gx10-e146:63:73 [0] NCCL INFO NET/IB: ncclIbResiliencyInit: Resiliency is disabled on the recv communicator (comm=0xeff94a9a7000)
gx10-e146:63:73 [0] NCCL INFO NET/IB: ncclIbRecvCommInit: Receive work requests will be posted on-demand
gx10-e146:63:73 [0] NCCL INFO NET/IB: Subnet-aware routing: overriding dev 4 with dev 0
gx10-e146:63:73 [0] NCCL INFO NET/IB: ncclIbSenderQpsToRts: Set ECE: IbDev 0 Port 1 qp_num 12308 set_ece={supported=1, vendor_id=0x15b3, options=0x30000002, comp_mask=0x0}
gx10-e146:63:73 [0] NCCL INFO NET/IB: ncclIbSenderQpsToRts: Set ECE: IbDev 0 Port 1 qp_num 12309 set_ece={supported=1, vendor_id=0x15b3, options=0x30000002, comp_mask=0x0}
gx10-e146:63:73 [0] NCCL INFO NET/IB: Subnet-aware routing: overriding dev 4 with dev 0
gx10-e146:63:73 [0] NCCL INFO NET/IB: Subnet-aware routing: overriding dev 5 with dev 2
gx10-e146:63:73 [0] NCCL INFO NET/IB: ncclIbResiliencyInit: Resiliency is disabled on the send communicator (comm=0xeff94a9ef000)
gx10-e146:63:73 [0] NCCL INFO NET/IB: Subnet-aware routing: overriding dev 4 with dev 0
gx10-e146:63:73 [0] NCCL INFO NET/IB: ncclIbSenderQpsCreate: QP created: port=1 dev=0 devName=rocep1s0f0 ndevs=4 nmdevs=6 qp_num=12310 pkey=0 pd=0xeff94807dd30 oooRq=0
gx10-e146:63:73 [0] NCCL INFO NET/IB: ncclIbSenderQpsCreate: QP created: port=1 dev=0 devName=rocep1s0f0 ndevs=4 nmdevs=6 qp_num=12311 pkey=0 pd=0xeff94807dd30 oooRq=0
gx10-e146:63:73 [0] NCCL INFO NET/IB: ncclIbConnectImpl: NCCL Dev 0 IbDev 0 Port 1 qp_num 12310 mtu 5 GID 6 (0/166A8C0FFFF0000) ctsFifoRkey=0x172aea ctsFifoLkey=0x172aea
gx10-e146:63:73 [0] NCCL INFO NET/IB: ncclIbConnectImpl: IbDev 0 Port 1 qp_num 12310 query_ece={supported=1, vendor_id=0x15b3, options=0x30000002, comp_mask=0x0}
gx10-e146:63:73 [0] NCCL INFO NET/IB: ncclIbConnectImpl: NCCL Dev 0 IbDev 0 Port 1 qp_num 12311 mtu 5 GID 6 (0/166A8C0FFFF0000) ctsFifoRkey=0x172aea ctsFifoLkey=0x172aea
gx10-e146:63:73 [0] NCCL INFO NET/IB: ncclIbConnectImpl: IbDev 0 Port 1 qp_num 12311 query_ece={supported=1, vendor_id=0x15b3, options=0x30000002, comp_mask=0x0}
gx10-e146:63:73 [0] NCCL INFO NET/IB: Subnet-aware routing: overriding dev 5 with dev 2
gx10-e146:63:73 [0] NCCL INFO NET/IB: ncclIbResiliencyInit: Resiliency is disabled on the recv communicator (comm=0xeff94aa88000)
gx10-e146:63:73 [0] NCCL INFO NET/IB: ncclIbRecvCommInit: Receive work requests will be posted on-demand
gx10-e146:63:73 [0] NCCL INFO NET/IB: Subnet-aware routing: overriding dev 4 with dev 0
gx10-e146:63:73 [0] NCCL INFO NET/IB: Subnet-aware routing: overriding dev 5 with dev 2
gx10-e146:63:73 [0] NCCL INFO NET/IB: Subnet-aware routing: overriding dev 4 with dev 0
gx10-e146:63:73 [0] NCCL INFO NET/IB: ncclIbResiliencyInit: Resiliency is disabled on the send communicator (comm=0xeff94aad0000)
gx10-e146:63:73 [0] NCCL INFO NET/IB: Subnet-aware routing: overriding dev 4 with dev 0
gx10-e146:63:73 [0] NCCL INFO NET/IB: Subnet-aware routing: overriding dev 4 with dev 1
gx10-e146:63:73 [0] NCCL INFO NET/IB: ncclIbReceiverQpsCreateToRts: QP created: port=1 dev=1 devName=rocep1s0f1 ndevs=4 nmdevs=6 qp_num=15695 pkey=0 pd=0xeff94820def0 oooRq=0
gx10-e146:63:73 [0] NCCL INFO NET/IB: ncclIbReceiverQpsCreateToRts: QP created: port=1 dev=1 devName=rocep1s0f1 ndevs=4 nmdevs=6 qp_num=15696 pkey=0 pd=0xeff94820def0 oooRq=0
gx10-e146:63:73 [0] NCCL INFO NET/IB: ncclIbReceiverQpsCreateToRts: Flush QP created: port=1 dev=1 devName=rocep1s0f1 ndevs=4 nmdevs=6 qp_num=15697 pkey=0 pd=0xeff94820def0
gx10-e146:63:73 [0] NCCL INFO NET/IB: Subnet-aware routing: overriding dev 5 with dev 2
gx10-e146:63:73 [0] NCCL INFO NET/IB: Subnet-aware routing: overriding dev 4 with dev 0
gx10-e146:63:73 [0] NCCL INFO NET/IB: ncclIbResiliencyInit: Resiliency is disabled on the recv communicator (comm=0xeff94ab8e000)
gx10-e146:63:73 [0] NCCL INFO NET/IB: ncclIbRecvCommInit: Receive work requests will be posted on-demand
gx10-e146:63:73 [0] NCCL INFO NET/IB: Subnet-aware routing: overriding dev 4 with dev 0
gx10-e146:63:73 [0] NCCL INFO NET/IB: Subnet-aware routing: overriding dev 5 with dev 2
gx10-e146:63:73 [0] NCCL INFO NET/IB: Subnet-aware routing: overriding dev 5 with dev 3
gx10-e146:63:73 [0] NCCL INFO NET/IB: ncclIbReceiverQpsCreateToRts: QP created: port=1 dev=3 devName=roceP2p1s0f1 ndevs=4 nmdevs=6 qp_num=2773 pkey=0 pd=0xeff94803c970 oooRq=0
gx10-e146:63:73 [0] NCCL INFO NET/IB: ncclIbReceiverQpsCreateToRts: QP created: port=1 dev=3 devName=roceP2p1s0f1 ndevs=4 nmdevs=6 qp_num=2774 pkey=0 pd=0xeff94803c970 oooRq=0
gx10-e146:63:73 [0] NCCL INFO NET/IB: ncclIbReceiverQpsCreateToRts: Flush QP created: port=1 dev=3 devName=roceP2p1s0f1 ndevs=4 nmdevs=6 qp_num=2775 pkey=0 pd=0xeff94803c970
gx10-e146:63:73 [0] NCCL INFO NET/IB: Subnet-aware routing: overriding dev 4 with dev 0
gx10-e146:63:73 [0] NCCL INFO NET/IB: Subnet-aware routing: overriding dev 5 with dev 2
gx10-e146:63:73 [0] NCCL INFO NET/IB: ncclIbResiliencyInit: Resiliency is disabled on the send communicator (comm=0xeff94ac53000)
gx10-e146:63:73 [0] NCCL INFO NET/IB: Subnet-aware routing: overriding dev 4 with dev 0
gx10-e146:63:73 [0] NCCL INFO NET/IB: ncclIbSenderQpsToRts: Set ECE: IbDev 0 Port 1 qp_num 12310 set_ece={supported=1, vendor_id=0x15b3, options=0x30000002, comp_mask=0x0}
gx10-e146:63:73 [0] NCCL INFO NET/IB: ncclIbSenderQpsToRts: Set ECE: IbDev 0 Port 1 qp_num 12311 set_ece={supported=1, vendor_id=0x15b3, options=0x30000002, comp_mask=0x0}
gx10-e146:63:73 [0] NCCL INFO NET/IB: Subnet-aware routing: overriding dev 5 with dev 2
gx10-e146:63:73 [0] NCCL INFO NET/IB: ncclIbSenderQpsCreate: QP created: port=1 dev=2 devName=roceP2p1s0f0 ndevs=4 nmdevs=6 qp_num=1974 pkey=0 pd=0xeff9481a8970 oooRq=0
gx10-e146:63:73 [0] NCCL INFO NET/IB: ncclIbSenderQpsCreate: QP created: port=1 dev=2 devName=roceP2p1s0f0 ndevs=4 nmdevs=6 qp_num=1975 pkey=0 pd=0xeff9481a8970 oooRq=0
gx10-e146:63:73 [0] NCCL INFO NET/IB: ncclIbConnectImpl: NCCL Dev 2 IbDev 2 Port 1 qp_num 1974 mtu 5 GID 3 (0/170A8C0FFFF0000) ctsFifoRkey=0x190e0a ctsFifoLkey=0x190e0a
gx10-e146:63:73 [0] NCCL INFO NET/IB: ncclIbConnectImpl: IbDev 2 Port 1 qp_num 1974 query_ece={supported=1, vendor_id=0x15b3, options=0x30000002, comp_mask=0x0}
gx10-e146:63:73 [0] NCCL INFO NET/IB: ncclIbConnectImpl: NCCL Dev 2 IbDev 2 Port 1 qp_num 1975 mtu 5 GID 3 (0/170A8C0FFFF0000) ctsFifoRkey=0x190e0a ctsFifoLkey=0x190e0a
gx10-e146:63:73 [0] NCCL INFO NET/IB: ncclIbConnectImpl: IbDev 2 Port 1 qp_num 1975 query_ece={supported=1, vendor_id=0x15b3, options=0x30000002, comp_mask=0x0}
gx10-e146:63:73 [0] NCCL INFO NET/IB: Subnet-aware routing: overriding dev 4 with dev 0
gx10-e146:63:73 [0] NCCL INFO NET/IB: ncclIbSenderQpsCreate: QP created: port=1 dev=0 devName=rocep1s0f0 ndevs=4 nmdevs=6 qp_num=12312 pkey=0 pd=0xeff94807dd30 oooRq=0
gx10-e146:63:73 [0] NCCL INFO NET/IB: ncclIbSenderQpsCreate: QP created: port=1 dev=0 devName=rocep1s0f0 ndevs=4 nmdevs=6 qp_num=12313 pkey=0 pd=0xeff94807dd30 oooRq=0
gx10-e146:63:73 [0] NCCL INFO NET/IB: ncclIbConnectImpl: NCCL Dev 0 IbDev 0 Port 1 qp_num 12312 mtu 5 GID 6 (0/166A8C0FFFF0000) ctsFifoRkey=0x178a47 ctsFifoLkey=0x178a47
gx10-e146:63:73 [0] NCCL INFO NET/IB: ncclIbConnectImpl: IbDev 0 Port 1 qp_num 12312 query_ece={supported=1, vendor_id=0x15b3, options=0x30000002, comp_mask=0x0}
gx10-e146:63:73 [0] NCCL INFO NET/IB: ncclIbConnectImpl: NCCL Dev 0 IbDev 0 Port 1 qp_num 12313 mtu 5 GID 6 (0/166A8C0FFFF0000) ctsFifoRkey=0x178a47 ctsFifoLkey=0x178a47
gx10-e146:63:73 [0] NCCL INFO NET/IB: ncclIbConnectImpl: IbDev 0 Port 1 qp_num 12313 query_ece={supported=1, vendor_id=0x15b3, options=0x30000002, comp_mask=0x0}
gx10-e146:63:73 [0] NCCL INFO NET/IB: Subnet-aware routing: overriding dev 4 with dev 1
gx10-e146:63:73 [0] NCCL INFO NET/IB: ncclIbReceiverQpsCreateToRts: QP created: port=1 dev=1 devName=rocep1s0f1 ndevs=4 nmdevs=6 qp_num=15698 pkey=0 pd=0xeff94820def0 oooRq=0
gx10-e146:63:73 [0] NCCL INFO NET/IB: ncclIbReceiverQpsCreateToRts: QP created: port=1 dev=1 devName=rocep1s0f1 ndevs=4 nmdevs=6 qp_num=15699 pkey=0 pd=0xeff94820def0 oooRq=0
gx10-e146:63:73 [0] NCCL INFO NET/IB: ncclIbReceiverQpsCreateToRts: Flush QP created: port=1 dev=1 devName=rocep1s0f1 ndevs=4 nmdevs=6 qp_num=15700 pkey=0 pd=0xeff94820def0
gx10-e146:63:73 [0] NCCL INFO NET/IB: Subnet-aware routing: overriding dev 5 with dev 2
gx10-e146:63:73 [0] NCCL INFO NET/IB: ncclIbResiliencyInit: Resiliency is disabled on the recv communicator (comm=0xeff94adc2000)
gx10-e146:63:73 [0] NCCL INFO NET/IB: ncclIbRecvCommInit: Receive work requests will be posted on-demand
gx10-e146:63:73 [0] NCCL INFO NET/IB: Subnet-aware routing: overriding dev 5 with dev 2
gx10-e146:63:73 [0] NCCL INFO NET/IB: ncclIbSenderQpsToRts: Set ECE: IbDev 2 Port 1 qp_num 1974 set_ece={supported=1, vendor_id=0x15b3, options=0x30000002, comp_mask=0x0}
gx10-e146:63:73 [0] NCCL INFO NET/IB: ncclIbSenderQpsToRts: Set ECE: IbDev 2 Port 1 qp_num 1975 set_ece={supported=1, vendor_id=0x15b3, options=0x30000002, comp_mask=0x0}
gx10-e146:63:73 [0] NCCL INFO NET/IB: Subnet-aware routing: overriding dev 4 with dev 0
gx10-e146:63:73 [0] NCCL INFO NET/IB: ncclIbSenderQpsToRts: Set ECE: IbDev 0 Port 1 qp_num 12312 set_ece={supported=1, vendor_id=0x15b3, options=0x30000002, comp_mask=0x0}
gx10-e146:63:73 [0] NCCL INFO NET/IB: ncclIbSenderQpsToRts: Set ECE: IbDev 0 Port 1 qp_num 12313 set_ece={supported=1, vendor_id=0x15b3, options=0x30000002, comp_mask=0x0}
gx10-e146:63:73 [0] NCCL INFO NET/IB: Subnet-aware routing: overriding dev 5 with dev 2
gx10-e146:63:73 [0] NCCL INFO NET/IB: ncclIbSenderQpsCreate: QP created: port=1 dev=2 devName=roceP2p1s0f0 ndevs=4 nmdevs=6 qp_num=1976 pkey=0 pd=0xeff9481a8970 oooRq=0
gx10-e146:63:73 [0] NCCL INFO NET/IB: ncclIbSenderQpsCreate: QP created: port=1 dev=2 devName=roceP2p1s0f0 ndevs=4 nmdevs=6 qp_num=1977 pkey=0 pd=0xeff9481a8970 oooRq=0
gx10-e146:63:73 [0] NCCL INFO NET/IB: ncclIbConnectImpl: NCCL Dev 2 IbDev 2 Port 1 qp_num 1976 mtu 5 GID 3 (0/170A8C0FFFF0000) ctsFifoRkey=0x19918f ctsFifoLkey=0x19918f
gx10-e146:63:73 [0] NCCL INFO NET/IB: ncclIbConnectImpl: IbDev 2 Port 1 qp_num 1976 query_ece={supported=1, vendor_id=0x15b3, options=0x30000002, comp_mask=0x0}
gx10-e146:63:73 [0] NCCL INFO NET/IB: ncclIbConnectImpl: NCCL Dev 2 IbDev 2 Port 1 qp_num 1977 mtu 5 GID 3 (0/170A8C0FFFF0000) ctsFifoRkey=0x19918f ctsFifoLkey=0x19918f
gx10-e146:63:73 [0] NCCL INFO NET/IB: ncclIbConnectImpl: IbDev 2 Port 1 qp_num 1977 query_ece={supported=1, vendor_id=0x15b3, options=0x30000002, comp_mask=0x0}
gx10-e146:63:73 [0] NCCL INFO NET/IB: Subnet-aware routing: overriding dev 5 with dev 3
gx10-e146:63:73 [0] NCCL INFO NET/IB: ncclIbReceiverQpsCreateToRts: QP created: port=1 dev=3 devName=roceP2p1s0f1 ndevs=4 nmdevs=6 qp_num=2776 pkey=0 pd=0xeff94803c970 oooRq=0
gx10-e146:63:73 [0] NCCL INFO NET/IB: ncclIbReceiverQpsCreateToRts: QP created: port=1 dev=3 devName=roceP2p1s0f1 ndevs=4 nmdevs=6 qp_num=2777 pkey=0 pd=0xeff94803c970 oooRq=0
gx10-e146:63:73 [0] NCCL INFO NET/IB: ncclIbReceiverQpsCreateToRts: Flush QP created: port=1 dev=3 devName=roceP2p1s0f1 ndevs=4 nmdevs=6 qp_num=2778 pkey=0 pd=0xeff94803c970
gx10-e146:63:73 [0] NCCL INFO NET/IB: Subnet-aware routing: overriding dev 4 with dev 0
gx10-e146:63:73 [0] NCCL INFO NET/IB: ncclIbResiliencyInit: Resiliency is disabled on the send communicator (comm=0xeff94aed9000)
gx10-e146:63:73 [0] NCCL INFO NET/IB: Subnet-aware routing: overriding dev 5 with dev 2
gx10-e146:63:73 [0] NCCL INFO NET/IB: Subnet-aware routing: overriding dev 4 with dev 0
gx10-e146:63:73 [0] NCCL INFO NET/IB: ncclIbResiliencyInit: Resiliency is disabled on the recv communicator (comm=0xeff94af1d000)
gx10-e146:63:73 [0] NCCL INFO NET/IB: ncclIbRecvCommInit: Receive work requests will be posted on-demand
gx10-e146:63:73 [0] NCCL INFO NET/IB: Subnet-aware routing: overriding dev 5 with dev 2
gx10-e146:63:73 [0] NCCL INFO NET/IB: Subnet-aware routing: overriding dev 4 with dev 0
gx10-e146:63:73 [0] NCCL INFO NET/IB: Subnet-aware routing: overriding dev 5 with dev 2
gx10-e146:63:73 [0] NCCL INFO NET/IB: ncclIbResiliencyInit: Resiliency is disabled on the send communicator (comm=0xeff94af65000)
gx10-e146:63:73 [0] NCCL INFO NET/IB: Subnet-aware routing: overriding dev 5 with dev 2
gx10-e146:63:73 [0] NCCL INFO NET/IB: Subnet-aware routing: overriding dev 4 with dev 0
gx10-e146:63:73 [0] NCCL INFO NET/IB: Subnet-aware routing: overriding dev 5 with dev 2
gx10-e146:63:73 [0] NCCL INFO NET/IB: ncclIbResiliencyInit: Resiliency is disabled on the recv communicator (comm=0xeff94afa6000)
gx10-e146:63:73 [0] NCCL INFO NET/IB: ncclIbRecvCommInit: Receive work requests will be posted on-demand
gx10-e146:63:73 [0] NCCL INFO NET/IB: Subnet-aware routing: overriding dev 5 with dev 2
gx10-e146:63:73 [0] NCCL INFO NET/IB: ncclIbSenderQpsToRts: Set ECE: IbDev 2 Port 1 qp_num 1976 set_ece={supported=1, vendor_id=0x15b3, options=0x30000002, comp_mask=0x0}
gx10-e146:63:73 [0] NCCL INFO NET/IB: ncclIbSenderQpsToRts: Set ECE: IbDev 2 Port 1 qp_num 1977 set_ece={supported=1, vendor_id=0x15b3, options=0x30000002, comp_mask=0x0}
gx10-e146:63:73 [0] NCCL INFO NET/IB: Subnet-aware routing: overriding dev 4 with dev 0
gx10-e146:63:73 [0] NCCL INFO NET/IB: ncclIbSenderQpsCreate: QP created: port=1 dev=0 devName=rocep1s0f0 ndevs=4 nmdevs=6 qp_num=12314 pkey=0 pd=0xeff94807dd30 oooRq=0
gx10-e146:63:73 [0] NCCL INFO NET/IB: ncclIbSenderQpsCreate: QP created: port=1 dev=0 devName=rocep1s0f0 ndevs=4 nmdevs=6 qp_num=12315 pkey=0 pd=0xeff94807dd30 oooRq=0
gx10-e146:63:73 [0] NCCL INFO NET/IB: ncclIbConnectImpl: NCCL Dev 0 IbDev 0 Port 1 qp_num 12314 mtu 5 GID 6 (0/166A8C0FFFF0000) ctsFifoRkey=0x17b06e ctsFifoLkey=0x17b06e
gx10-e146:63:73 [0] NCCL INFO NET/IB: ncclIbConnectImpl: IbDev 0 Port 1 qp_num 12314 query_ece={supported=1, vendor_id=0x15b3, options=0x30000002, comp_mask=0x0}
gx10-e146:63:73 [0] NCCL INFO NET/IB: ncclIbConnectImpl: NCCL Dev 0 IbDev 0 Port 1 qp_num 12315 mtu 5 GID 6 (0/166A8C0FFFF0000) ctsFifoRkey=0x17b06e ctsFifoLkey=0x17b06e
gx10-e146:63:73 [0] NCCL INFO NET/IB: ncclIbConnectImpl: IbDev 0 Port 1 qp_num 12315 query_ece={supported=1, vendor_id=0x15b3, options=0x30000002, comp_mask=0x0}
gx10-e146:63:73 [0] NCCL INFO NET/IB: Subnet-aware routing: overriding dev 4 with dev 1
gx10-e146:63:73 [0] NCCL INFO NET/IB: ncclIbReceiverQpsCreateToRts: QP created: port=1 dev=1 devName=rocep1s0f1 ndevs=4 nmdevs=6 qp_num=15701 pkey=0 pd=0xeff94820def0 oooRq=0
gx10-e146:63:73 [0] NCCL INFO NET/IB: ncclIbReceiverQpsCreateToRts: QP created: port=1 dev=1 devName=rocep1s0f1 ndevs=4 nmdevs=6 qp_num=15702 pkey=0 pd=0xeff94820def0 oooRq=0
gx10-e146:63:73 [0] NCCL INFO NET/IB: ncclIbReceiverQpsCreateToRts: Flush QP created: port=1 dev=1 devName=rocep1s0f1 ndevs=4 nmdevs=6 qp_num=15703 pkey=0 pd=0xeff94820def0
gx10-e146:63:73 [0] NCCL INFO NET/IB: Subnet-aware routing: overriding dev 5 with dev 2
gx10-e146:63:73 [0] NCCL INFO NET/IB: ncclIbSenderQpsCreate: QP created: port=1 dev=2 devName=roceP2p1s0f0 ndevs=4 nmdevs=6 qp_num=1978 pkey=0 pd=0xeff9481a8970 oooRq=0
gx10-e146:63:73 [0] NCCL INFO NET/IB: ncclIbSenderQpsCreate: QP created: port=1 dev=2 devName=roceP2p1s0f0 ndevs=4 nmdevs=6 qp_num=1979 pkey=0 pd=0xeff9481a8970 oooRq=0
gx10-e146:63:73 [0] NCCL INFO NET/IB: ncclIbConnectImpl: NCCL Dev 2 IbDev 2 Port 1 qp_num 1978 mtu 5 GID 3 (0/170A8C0FFFF0000) ctsFifoRkey=0x196363 ctsFifoLkey=0x196363
gx10-e146:63:73 [0] NCCL INFO NET/IB: ncclIbConnectImpl: IbDev 2 Port 1 qp_num 1978 query_ece={supported=1, vendor_id=0x15b3, options=0x30000002, comp_mask=0x0}
gx10-e146:63:73 [0] NCCL INFO NET/IB: ncclIbConnectImpl: NCCL Dev 2 IbDev 2 Port 1 qp_num 1979 mtu 5 GID 3 (0/170A8C0FFFF0000) ctsFifoRkey=0x196363 ctsFifoLkey=0x196363
gx10-e146:63:73 [0] NCCL INFO NET/IB: ncclIbConnectImpl: IbDev 2 Port 1 qp_num 1979 query_ece={supported=1, vendor_id=0x15b3, options=0x30000002, comp_mask=0x0}
gx10-e146:63:73 [0] NCCL INFO NET/IB: Subnet-aware routing: overriding dev 5 with dev 3
gx10-e146:63:73 [0] NCCL INFO NET/IB: ncclIbReceiverQpsCreateToRts: QP created: port=1 dev=3 devName=roceP2p1s0f1 ndevs=4 nmdevs=6 qp_num=2779 pkey=0 pd=0xeff94803c970 oooRq=0
gx10-e146:63:73 [0] NCCL INFO NET/IB: ncclIbReceiverQpsCreateToRts: QP created: port=1 dev=3 devName=roceP2p1s0f1 ndevs=4 nmdevs=6 qp_num=2780 pkey=0 pd=0xeff94803c970 oooRq=0
gx10-e146:63:73 [0] NCCL INFO NET/IB: ncclIbReceiverQpsCreateToRts: Flush QP created: port=1 dev=3 devName=roceP2p1s0f1 ndevs=4 nmdevs=6 qp_num=2781 pkey=0 pd=0xeff94803c970
gx10-e146:63:73 [0] NCCL INFO NET/IB: Subnet-aware routing: overriding dev 4 with dev 0
gx10-e146:63:73 [0] NCCL INFO NET/IB: ncclIbResiliencyInit: Resiliency is disabled on the send communicator (comm=0xeff94b199000)
gx10-e146:63:73 [0] NCCL INFO NET/IB: Subnet-aware routing: overriding dev 4 with dev 0
gx10-e146:63:73 [0] NCCL INFO NET/IB: ncclIbSenderQpsToRts: Set ECE: IbDev 0 Port 1 qp_num 12314 set_ece={supported=1, vendor_id=0x15b3, options=0x30000002, comp_mask=0x0}
gx10-e146:63:73 [0] NCCL INFO NET/IB: ncclIbSenderQpsToRts: Set ECE: IbDev 0 Port 1 qp_num 12315 set_ece={supported=1, vendor_id=0x15b3, options=0x30000002, comp_mask=0x0}
gx10-e146:63:73 [0] NCCL INFO NET/IB: Subnet-aware routing: overriding dev 5 with dev 2
gx10-e146:63:73 [0] NCCL INFO NET/IB: ncclIbSenderQpsToRts: Set ECE: IbDev 2 Port 1 qp_num 1978 set_ece={supported=1, vendor_id=0x15b3, options=0x30000002, comp_mask=0x0}
gx10-e146:63:73 [0] NCCL INFO NET/IB: ncclIbSenderQpsToRts: Set ECE: IbDev 2 Port 1 qp_num 1979 set_ece={supported=1, vendor_id=0x15b3, options=0x30000002, comp_mask=0x0}
gx10-e146:63:73 [0] NCCL INFO NET/IB: Subnet-aware routing: overriding dev 4 with dev 0
gx10-e146:63:73 [0] NCCL INFO NET/IB: ncclIbResiliencyInit: Resiliency is disabled on the recv communicator (comm=0xeff94b1da000)
gx10-e146:63:73 [0] NCCL INFO NET/IB: ncclIbRecvCommInit: Receive work requests will be posted on-demand
gx10-e146:63:73 [0] NCCL INFO NET/IB: Subnet-aware routing: overriding dev 4 with dev 0
gx10-e146:63:73 [0] NCCL INFO NET/IB: Subnet-aware routing: overriding dev 5 with dev 2
gx10-e146:63:73 [0] NCCL INFO NET/IB: ncclIbResiliencyInit: Resiliency is disabled on the send communicator (comm=0xeff94b222000)
gx10-e146:63:73 [0] NCCL INFO NET/IB: Subnet-aware routing: overriding dev 4 with dev 0
gx10-e146:63:73 [0] NCCL INFO NET/IB: Subnet-aware routing: overriding dev 5 with dev 2
gx10-e146:63:73 [0] NCCL INFO NET/IB: ncclIbResiliencyInit: Resiliency is disabled on the recv communicator (comm=0xeff94b266000)
gx10-e146:63:73 [0] NCCL INFO NET/IB: ncclIbRecvCommInit: Receive work requests will be posted on-demand
gx10-e146:63:73 [0] NCCL INFO NET/IB: Subnet-aware routing: overriding dev 4 with dev 0
gx10-e146:63:73 [0] NCCL INFO NET/IB: Subnet-aware routing: overriding dev 5 with dev 2
gx10-e146:63:73 [0] NCCL INFO NET/IB: Subnet-aware routing: overriding dev 4 with dev 0
gx10-e146:63:73 [0] NCCL INFO NET/IB: ncclIbResiliencyInit: Resiliency is disabled on the send communicator (comm=0xeff94b2ae000)
gx10-e146:63:73 [0] NCCL INFO NET/IB: Subnet-aware routing: overriding dev 4 with dev 0
gx10-e146:63:73 [0] NCCL INFO NET/IB: ncclIbSenderQpsCreate: QP created: port=1 dev=0 devName=rocep1s0f0 ndevs=4 nmdevs=6 qp_num=12316 pkey=0 pd=0xeff94807dd30 oooRq=0
gx10-e146:63:73 [0] NCCL INFO NET/IB: ncclIbSenderQpsCreate: QP created: port=1 dev=0 devName=rocep1s0f0 ndevs=4 nmdevs=6 qp_num=12317 pkey=0 pd=0xeff94807dd30 oooRq=0
gx10-e146:63:73 [0] NCCL INFO NET/IB: ncclIbConnectImpl: NCCL Dev 0 IbDev 0 Port 1 qp_num 12316 mtu 5 GID 6 (0/166A8C0FFFF0000) ctsFifoRkey=0x153dfb ctsFifoLkey=0x153dfb
gx10-e146:63:73 [0] NCCL INFO NET/IB: ncclIbConnectImpl: IbDev 0 Port 1 qp_num 12316 query_ece={supported=1, vendor_id=0x15b3, options=0x30000002, comp_mask=0x0}
gx10-e146:63:73 [0] NCCL INFO NET/IB: ncclIbConnectImpl: NCCL Dev 0 IbDev 0 Port 1 qp_num 12317 mtu 5 GID 6 (0/166A8C0FFFF0000) ctsFifoRkey=0x153dfb ctsFifoLkey=0x153dfb
gx10-e146:63:73 [0] NCCL INFO NET/IB: ncclIbConnectImpl: IbDev 0 Port 1 qp_num 12317 query_ece={supported=1, vendor_id=0x15b3, options=0x30000002, comp_mask=0x0}
gx10-e146:63:73 [0] NCCL INFO NET/IB: Subnet-aware routing: overriding dev 4 with dev 1
gx10-e146:63:73 [0] NCCL INFO NET/IB: ncclIbReceiverQpsCreateToRts: QP created: port=1 dev=1 devName=rocep1s0f1 ndevs=4 nmdevs=6 qp_num=15704 pkey=0 pd=0xeff94820def0 oooRq=0
gx10-e146:63:73 [0] NCCL INFO NET/IB: ncclIbReceiverQpsCreateToRts: QP created: port=1 dev=1 devName=rocep1s0f1 ndevs=4 nmdevs=6 qp_num=15705 pkey=0 pd=0xeff94820def0 oooRq=0
gx10-e146:63:73 [0] NCCL INFO NET/IB: ncclIbReceiverQpsCreateToRts: Flush QP created: port=1 dev=1 devName=rocep1s0f1 ndevs=4 nmdevs=6 qp_num=15706 pkey=0 pd=0xeff94820def0
gx10-e146:63:73 [0] NCCL INFO NET/IB: Subnet-aware routing: overriding dev 5 with dev 2
gx10-e146:63:73 [0] NCCL INFO NET/IB: ncclIbSenderQpsCreate: QP created: port=1 dev=2 devName=roceP2p1s0f0 ndevs=4 nmdevs=6 qp_num=1980 pkey=0 pd=0xeff9481a8970 oooRq=0
gx10-e146:63:73 [0] NCCL INFO NET/IB: ncclIbSenderQpsCreate: QP created: port=1 dev=2 devName=roceP2p1s0f0 ndevs=4 nmdevs=6 qp_num=1981 pkey=0 pd=0xeff9481a8970 oooRq=0
gx10-e146:63:73 [0] NCCL INFO NET/IB: ncclIbConnectImpl: NCCL Dev 2 IbDev 2 Port 1 qp_num 1980 mtu 5 GID 3 (0/170A8C0FFFF0000) ctsFifoRkey=0x199e9b ctsFifoLkey=0x199e9b
gx10-e146:63:73 [0] NCCL INFO NET/IB: ncclIbConnectImpl: IbDev 2 Port 1 qp_num 1980 query_ece={supported=1, vendor_id=0x15b3, options=0x30000002, comp_mask=0x0}
gx10-e146:63:73 [0] NCCL INFO NET/IB: ncclIbConnectImpl: NCCL Dev 2 IbDev 2 Port 1 qp_num 1981 mtu 5 GID 3 (0/170A8C0FFFF0000) ctsFifoRkey=0x199e9b ctsFifoLkey=0x199e9b
gx10-e146:63:73 [0] NCCL INFO NET/IB: ncclIbConnectImpl: IbDev 2 Port 1 qp_num 1981 query_ece={supported=1, vendor_id=0x15b3, options=0x30000002, comp_mask=0x0}
gx10-e146:63:73 [0] NCCL INFO NET/IB: Subnet-aware routing: overriding dev 5 with dev 3
gx10-e146:63:73 [0] NCCL INFO NET/IB: ncclIbReceiverQpsCreateToRts: QP created: port=1 dev=3 devName=roceP2p1s0f1 ndevs=4 nmdevs=6 qp_num=2782 pkey=0 pd=0xeff94803c970 oooRq=0
gx10-e146:63:73 [0] NCCL INFO NET/IB: ncclIbReceiverQpsCreateToRts: QP created: port=1 dev=3 devName=roceP2p1s0f1 ndevs=4 nmdevs=6 qp_num=2783 pkey=0 pd=0xeff94803c970 oooRq=0
gx10-e146:63:73 [0] NCCL INFO NET/IB: ncclIbReceiverQpsCreateToRts: Flush QP created: port=1 dev=3 devName=roceP2p1s0f1 ndevs=4 nmdevs=6 qp_num=2784 pkey=0 pd=0xeff94803c970
gx10-e146:63:73 [0] NCCL INFO NET/IB: Subnet-aware routing: overriding dev 4 with dev 0
gx10-e146:63:73 [0] NCCL INFO NET/IB: ncclIbResiliencyInit: Resiliency is disabled on the recv communicator (comm=0xeff94b496000)
gx10-e146:63:73 [0] NCCL INFO NET/IB: ncclIbRecvCommInit: Receive work requests will be posted on-demand
gx10-e146:63:73 [0] NCCL INFO NET/IB: Subnet-aware routing: overriding dev 4 with dev 0
gx10-e146:63:73 [0] NCCL INFO NET/IB: ncclIbSenderQpsToRts: Set ECE: IbDev 0 Port 1 qp_num 12316 set_ece={supported=1, vendor_id=0x15b3, options=0x30000002, comp_mask=0x0}
gx10-e146:63:73 [0] NCCL INFO NET/IB: ncclIbSenderQpsToRts: Set ECE: IbDev 0 Port 1 qp_num 12317 set_ece={supported=1, vendor_id=0x15b3, options=0x30000002, comp_mask=0x0}
gx10-e146:63:73 [0] NCCL INFO NET/IB: Subnet-aware routing: overriding dev 5 with dev 2
gx10-e146:63:73 [0] NCCL INFO NET/IB: ncclIbSenderQpsToRts: Set ECE: IbDev 2 Port 1 qp_num 1980 set_ece={supported=1, vendor_id=0x15b3, options=0x30000002, comp_mask=0x0}
gx10-e146:63:73 [0] NCCL INFO NET/IB: ncclIbSenderQpsToRts: Set ECE: IbDev 2 Port 1 qp_num 1981 set_ece={supported=1, vendor_id=0x15b3, options=0x30000002, comp_mask=0x0}
gx10-e146:63:73 [0] NCCL INFO NET/IB: Subnet-aware routing: overriding dev 4 with dev 0
gx10-e146:63:73 [0] NCCL INFO NET/IB: ncclIbSenderQpsCreate: QP created: port=1 dev=0 devName=rocep1s0f0 ndevs=4 nmdevs=6 qp_num=12318 pkey=0 pd=0xeff94807dd30 oooRq=0
gx10-e146:63:73 [0] NCCL INFO NET/IB: ncclIbSenderQpsCreate: QP created: port=1 dev=0 devName=rocep1s0f0 ndevs=4 nmdevs=6 qp_num=12319 pkey=0 pd=0xeff94807dd30 oooRq=0
gx10-e146:63:73 [0] NCCL INFO NET/IB: ncclIbConnectImpl: NCCL Dev 0 IbDev 0 Port 1 qp_num 12318 mtu 5 GID 6 (0/166A8C0FFFF0000) ctsFifoRkey=0x182ae7 ctsFifoLkey=0x182ae7
gx10-e146:63:73 [0] NCCL INFO NET/IB: ncclIbConnectImpl: IbDev 0 Port 1 qp_num 12318 query_ece={supported=1, vendor_id=0x15b3, options=0x30000002, comp_mask=0x0}
gx10-e146:63:73 [0] NCCL INFO NET/IB: ncclIbConnectImpl: NCCL Dev 0 IbDev 0 Port 1 qp_num 12319 mtu 5 GID 6 (0/166A8C0FFFF0000) ctsFifoRkey=0x182ae7 ctsFifoLkey=0x182ae7
gx10-e146:63:73 [0] NCCL INFO NET/IB: ncclIbConnectImpl: IbDev 0 Port 1 qp_num 12319 query_ece={supported=1, vendor_id=0x15b3, options=0x30000002, comp_mask=0x0}
gx10-e146:63:73 [0] NCCL INFO NET/IB: Subnet-aware routing: overriding dev 4 with dev 1
gx10-e146:63:73 [0] NCCL INFO NET/IB: ncclIbReceiverQpsCreateToRts: QP created: port=1 dev=1 devName=rocep1s0f1 ndevs=4 nmdevs=6 qp_num=15707 pkey=0 pd=0xeff94820def0 oooRq=0
gx10-e146:63:73 [0] NCCL INFO NET/IB: ncclIbReceiverQpsCreateToRts: QP created: port=1 dev=1 devName=rocep1s0f1 ndevs=4 nmdevs=6 qp_num=15708 pkey=0 pd=0xeff94820def0 oooRq=0
gx10-e146:63:73 [0] NCCL INFO NET/IB: ncclIbReceiverQpsCreateToRts: Flush QP created: port=1 dev=1 devName=rocep1s0f1 ndevs=4 nmdevs=6 qp_num=15709 pkey=0 pd=0xeff94820def0
gx10-e146:63:73 [0] NCCL INFO NET/IB: Subnet-aware routing: overriding dev 5 with dev 2
gx10-e146:63:73 [0] NCCL INFO NET/IB: ncclIbResiliencyInit: Resiliency is disabled on the send communicator (comm=0xeff94b5ac000)
gx10-e146:63:73 [0] NCCL INFO NET/IB: Subnet-aware routing: overriding dev 4 with dev 0
gx10-e146:63:73 [0] NCCL INFO NET/IB: Subnet-aware routing: overriding dev 5 with dev 2
gx10-e146:63:73 [0] NCCL INFO NET/IB: ncclIbResiliencyInit: Resiliency is disabled on the recv communicator (comm=0xeff94b5f0000)
gx10-e146:63:73 [0] NCCL INFO NET/IB: ncclIbRecvCommInit: Receive work requests will be posted on-demand
gx10-e146:63:73 [0] NCCL INFO NET/IB: Subnet-aware routing: overriding dev 4 with dev 0
gx10-e146:63:73 [0] NCCL INFO NET/IB: ncclIbSenderQpsToRts: Set ECE: IbDev 0 Port 1 qp_num 12318 set_ece={supported=1, vendor_id=0x15b3, options=0x30000002, comp_mask=0x0}
gx10-e146:63:73 [0] NCCL INFO NET/IB: ncclIbSenderQpsToRts: Set ECE: IbDev 0 Port 1 qp_num 12319 set_ece={supported=1, vendor_id=0x15b3, options=0x30000002, comp_mask=0x0}
gx10-e146:63:73 [0] NCCL INFO NET/IB: Subnet-aware routing: overriding dev 5 with dev 2
gx10-e146:63:73 [0] NCCL INFO NET/IB: ncclIbSenderQpsCreate: QP created: port=1 dev=2 devName=roceP2p1s0f0 ndevs=4 nmdevs=6 qp_num=1982 pkey=0 pd=0xeff9481a8970 oooRq=0
gx10-e146:63:73 [0] NCCL INFO NET/IB: ncclIbSenderQpsCreate: QP created: port=1 dev=2 devName=roceP2p1s0f0 ndevs=4 nmdevs=6 qp_num=1983 pkey=0 pd=0xeff9481a8970 oooRq=0
gx10-e146:63:73 [0] NCCL INFO NET/IB: ncclIbConnectImpl: NCCL Dev 2 IbDev 2 Port 1 qp_num 1982 mtu 5 GID 3 (0/170A8C0FFFF0000) ctsFifoRkey=0x187978 ctsFifoLkey=0x187978
gx10-e146:63:73 [0] NCCL INFO NET/IB: ncclIbConnectImpl: IbDev 2 Port 1 qp_num 1982 query_ece={supported=1, vendor_id=0x15b3, options=0x30000002, comp_mask=0x0}
gx10-e146:63:73 [0] NCCL INFO NET/IB: ncclIbConnectImpl: NCCL Dev 2 IbDev 2 Port 1 qp_num 1983 mtu 5 GID 3 (0/170A8C0FFFF0000) ctsFifoRkey=0x187978 ctsFifoLkey=0x187978
gx10-e146:63:73 [0] NCCL INFO NET/IB: ncclIbConnectImpl: IbDev 2 Port 1 qp_num 1983 query_ece={supported=1, vendor_id=0x15b3, options=0x30000002, comp_mask=0x0}
gx10-e146:63:73 [0] NCCL INFO NET/IB: Subnet-aware routing: overriding dev 5 with dev 3
gx10-e146:63:73 [0] NCCL INFO NET/IB: ncclIbReceiverQpsCreateToRts: QP created: port=1 dev=3 devName=roceP2p1s0f1 ndevs=4 nmdevs=6 qp_num=2785 pkey=0 pd=0xeff94803c970 oooRq=0
gx10-e146:63:73 [0] NCCL INFO NET/IB: ncclIbReceiverQpsCreateToRts: QP created: port=1 dev=3 devName=roceP2p1s0f1 ndevs=4 nmdevs=6 qp_num=2786 pkey=0 pd=0xeff94803c970 oooRq=0
gx10-e146:63:73 [0] NCCL INFO NET/IB: ncclIbReceiverQpsCreateToRts: Flush QP created: port=1 dev=3 devName=roceP2p1s0f1 ndevs=4 nmdevs=6 qp_num=2787 pkey=0 pd=0xeff94803c970
gx10-e146:63:73 [0] NCCL INFO NET/IB: Subnet-aware routing: overriding dev 4 with dev 0
gx10-e146:63:73 [0] NCCL INFO NET/IB: ncclIbResiliencyInit: Resiliency is disabled on the send communicator (comm=0xeff94b708000)
gx10-e146:63:73 [0] NCCL INFO NET/IB: Subnet-aware routing: overriding dev 5 with dev 2
gx10-e146:63:73 [0] NCCL INFO NET/IB: Subnet-aware routing: overriding dev 4 with dev 0
gx10-e146:63:73 [0] NCCL INFO NET/IB: ncclIbResiliencyInit: Resiliency is disabled on the recv communicator (comm=0xeff94b74c000)
gx10-e146:63:73 [0] NCCL INFO NET/IB: ncclIbRecvCommInit: Receive work requests will be posted on-demand
gx10-e146:63:73 [0] NCCL INFO NET/IB: Subnet-aware routing: overriding dev 5 with dev 2
gx10-e146:63:73 [0] NCCL INFO NET/IB: Subnet-aware routing: overriding dev 4 with dev 0
gx10-e146:63:73 [0] NCCL INFO NET/IB: Subnet-aware routing: overriding dev 5 with dev 2
gx10-e146:63:73 [0] NCCL INFO NET/IB: ncclIbResiliencyInit: Resiliency is disabled on the send communicator (comm=0xeff94b794000)
gx10-e146:63:73 [0] NCCL INFO NET/IB: Subnet-aware routing: overriding dev 5 with dev 2
gx10-e146:63:73 [0] NCCL INFO NET/IB: ncclIbSenderQpsToRts: Set ECE: IbDev 2 Port 1 qp_num 1982 set_ece={supported=1, vendor_id=0x15b3, options=0x30000002, comp_mask=0x0}
gx10-e146:63:73 [0] NCCL INFO NET/IB: ncclIbSenderQpsToRts: Set ECE: IbDev 2 Port 1 qp_num 1983 set_ece={supported=1, vendor_id=0x15b3, options=0x30000002, comp_mask=0x0}
gx10-e146:63:73 [0] NCCL INFO NET/IB: Subnet-aware routing: overriding dev 4 with dev 0
gx10-e146:63:73 [0] NCCL INFO NET/IB: ncclIbSenderQpsCreate: QP created: port=1 dev=0 devName=rocep1s0f0 ndevs=4 nmdevs=6 qp_num=12320 pkey=0 pd=0xeff94807dd30 oooRq=0
gx10-e146:63:73 [0] NCCL INFO NET/IB: ncclIbSenderQpsCreate: QP created: port=1 dev=0 devName=rocep1s0f0 ndevs=4 nmdevs=6 qp_num=12321 pkey=0 pd=0xeff94807dd30 oooRq=0
gx10-e146:63:73 [0] NCCL INFO NET/IB: ncclIbConnectImpl: NCCL Dev 0 IbDev 0 Port 1 qp_num 12320 mtu 5 GID 6 (0/166A8C0FFFF0000) ctsFifoRkey=0x1cd3c9 ctsFifoLkey=0x1cd3c9
gx10-e146:63:73 [0] NCCL INFO NET/IB: ncclIbConnectImpl: IbDev 0 Port 1 qp_num 12320 query_ece={supported=1, vendor_id=0x15b3, options=0x30000002, comp_mask=0x0}
gx10-e146:63:73 [0] NCCL INFO NET/IB: ncclIbConnectImpl: NCCL Dev 0 IbDev 0 Port 1 qp_num 12321 mtu 5 GID 6 (0/166A8C0FFFF0000) ctsFifoRkey=0x1cd3c9 ctsFifoLkey=0x1cd3c9
gx10-e146:63:73 [0] NCCL INFO NET/IB: ncclIbConnectImpl: IbDev 0 Port 1 qp_num 12321 query_ece={supported=1, vendor_id=0x15b3, options=0x30000002, comp_mask=0x0}
gx10-e146:63:73 [0] NCCL INFO NET/IB: Subnet-aware routing: overriding dev 4 with dev 1
gx10-e146:63:73 [0] NCCL INFO NET/IB: ncclIbReceiverQpsCreateToRts: QP created: port=1 dev=1 devName=rocep1s0f1 ndevs=4 nmdevs=6 qp_num=15710 pkey=0 pd=0xeff94820def0 oooRq=0
gx10-e146:63:73 [0] NCCL INFO NET/IB: ncclIbReceiverQpsCreateToRts: QP created: port=1 dev=1 devName=rocep1s0f1 ndevs=4 nmdevs=6 qp_num=15711 pkey=0 pd=0xeff94820def0 oooRq=0
gx10-e146:63:73 [0] NCCL INFO NET/IB: ncclIbReceiverQpsCreateToRts: Flush QP created: port=1 dev=1 devName=rocep1s0f1 ndevs=4 nmdevs=6 qp_num=15712 pkey=0 pd=0xeff94820def0
gx10-e146:63:73 [0] NCCL INFO NET/IB: Subnet-aware routing: overriding dev 5 with dev 2
gx10-e146:63:73 [0] NCCL INFO NET/IB: ncclIbResiliencyInit: Resiliency is disabled on the recv communicator (comm=0xeff94b8a6000)
gx10-e146:63:73 [0] NCCL INFO NET/IB: ncclIbRecvCommInit: Receive work requests will be posted on-demand
gx10-e146:63:73 [0] NCCL INFO NET/IB: Subnet-aware routing: overriding dev 4 with dev 0
gx10-e146:63:73 [0] NCCL INFO NET/IB: Subnet-aware routing: overriding dev 5 with dev 2
gx10-e146:63:73 [0] NCCL INFO NET/IB: Subnet-aware routing: overriding dev 4 with dev 0
gx10-e146:63:73 [0] NCCL INFO NET/IB: ncclIbResiliencyInit: Resiliency is disabled on the send communicator (comm=0xeff94b8ee000)
gx10-e146:63:73 [0] NCCL INFO NET/IB: Subnet-aware routing: overriding dev 4 with dev 0
gx10-e146:63:73 [0] NCCL INFO NET/IB: ncclIbSenderQpsToRts: Set ECE: IbDev 0 Port 1 qp_num 12320 set_ece={supported=1, vendor_id=0x15b3, options=0x30000002, comp_mask=0x0}
gx10-e146:63:73 [0] NCCL INFO NET/IB: ncclIbSenderQpsToRts: Set ECE: IbDev 0 Port 1 qp_num 12321 set_ece={supported=1, vendor_id=0x15b3, options=0x30000002, comp_mask=0x0}
gx10-e146:63:73 [0] NCCL INFO NET/IB: Subnet-aware routing: overriding dev 5 with dev 2
gx10-e146:63:73 [0] NCCL INFO NET/IB: ncclIbSenderQpsCreate: QP created: port=1 dev=2 devName=roceP2p1s0f0 ndevs=4 nmdevs=6 qp_num=1984 pkey=0 pd=0xeff9481a8970 oooRq=0
gx10-e146:63:73 [0] NCCL INFO NET/IB: ncclIbSenderQpsCreate: QP created: port=1 dev=2 devName=roceP2p1s0f0 ndevs=4 nmdevs=6 qp_num=1985 pkey=0 pd=0xeff9481a8970 oooRq=0
gx10-e146:63:73 [0] NCCL INFO NET/IB: ncclIbConnectImpl: NCCL Dev 2 IbDev 2 Port 1 qp_num 1984 mtu 5 GID 3 (0/170A8C0FFFF0000) ctsFifoRkey=0x188584 ctsFifoLkey=0x188584
gx10-e146:63:73 [0] NCCL INFO NET/IB: ncclIbConnectImpl: IbDev 2 Port 1 qp_num 1984 query_ece={supported=1, vendor_id=0x15b3, options=0x30000002, comp_mask=0x0}
gx10-e146:63:73 [0] NCCL INFO NET/IB: ncclIbConnectImpl: NCCL Dev 2 IbDev 2 Port 1 qp_num 1985 mtu 5 GID 3 (0/170A8C0FFFF0000) ctsFifoRkey=0x188584 ctsFifoLkey=0x188584
gx10-e146:63:73 [0] NCCL INFO NET/IB: ncclIbConnectImpl: IbDev 2 Port 1 qp_num 1985 query_ece={supported=1, vendor_id=0x15b3, options=0x30000002, comp_mask=0x0}
gx10-e146:63:73 [0] NCCL INFO NET/IB: Subnet-aware routing: overriding dev 5 with dev 3
gx10-e146:63:73 [0] NCCL INFO NET/IB: ncclIbReceiverQpsCreateToRts: QP created: port=1 dev=3 devName=roceP2p1s0f1 ndevs=4 nmdevs=6 qp_num=2788 pkey=0 pd=0xeff94803c970 oooRq=0
gx10-e146:63:73 [0] NCCL INFO NET/IB: ncclIbReceiverQpsCreateToRts: QP created: port=1 dev=3 devName=roceP2p1s0f1 ndevs=4 nmdevs=6 qp_num=2789 pkey=0 pd=0xeff94803c970 oooRq=0
gx10-e146:63:73 [0] NCCL INFO NET/IB: ncclIbReceiverQpsCreateToRts: Flush QP created: port=1 dev=3 devName=roceP2p1s0f1 ndevs=4 nmdevs=6 qp_num=2790 pkey=0 pd=0xeff94803c970
gx10-e146:63:73 [0] NCCL INFO NET/IB: Subnet-aware routing: overriding dev 4 with dev 0
gx10-e146:63:73 [0] NCCL INFO NET/IB: ncclIbResiliencyInit: Resiliency is disabled on the recv communicator (comm=0xeff94ba04000)
gx10-e146:63:73 [0] NCCL INFO NET/IB: ncclIbRecvCommInit: Receive work requests will be posted on-demand
gx10-e146:63:73 [0] NCCL INFO NET/IB: Subnet-aware routing: overriding dev 5 with dev 2
gx10-e146:63:73 [0] NCCL INFO NET/IB: Subnet-aware routing: overriding dev 4 with dev 0
gx10-e146:63:73 [0] NCCL INFO NET/IB: Subnet-aware routing: overriding dev 5 with dev 2
gx10-e146:63:73 [0] NCCL INFO NET/IB: ncclIbResiliencyInit: Resiliency is disabled on the send communicator (comm=0xeff94ba4c000)
gx10-e146:63:73 [0] NCCL INFO NET/IB: Subnet-aware routing: overriding dev 5 with dev 2
gx10-e146:63:73 [0] NCCL INFO NET/IB: ncclIbSenderQpsToRts: Set ECE: IbDev 2 Port 1 qp_num 1984 set_ece={supported=1, vendor_id=0x15b3, options=0x30000002, comp_mask=0x0}
gx10-e146:63:73 [0] NCCL INFO NET/IB: ncclIbSenderQpsToRts: Set ECE: IbDev 2 Port 1 qp_num 1985 set_ece={supported=1, vendor_id=0x15b3, options=0x30000002, comp_mask=0x0}
gx10-e146:63:73 [0] NCCL INFO NET/IB: Subnet-aware routing: overriding dev 4 with dev 0
gx10-e146:63:73 [0] NCCL INFO NET/IB: ncclIbSenderQpsCreate: QP created: port=1 dev=0 devName=rocep1s0f0 ndevs=4 nmdevs=6 qp_num=12322 pkey=0 pd=0xeff94807dd30 oooRq=0
gx10-e146:63:73 [0] NCCL INFO NET/IB: ncclIbSenderQpsCreate: QP created: port=1 dev=0 devName=rocep1s0f0 ndevs=4 nmdevs=6 qp_num=12323 pkey=0 pd=0xeff94807dd30 oooRq=0
gx10-e146:63:73 [0] NCCL INFO NET/IB: ncclIbConnectImpl: NCCL Dev 0 IbDev 0 Port 1 qp_num 12322 mtu 5 GID 6 (0/166A8C0FFFF0000) ctsFifoRkey=0x179956 ctsFifoLkey=0x179956
gx10-e146:63:73 [0] NCCL INFO NET/IB: ncclIbConnectImpl: IbDev 0 Port 1 qp_num 12322 query_ece={supported=1, vendor_id=0x15b3, options=0x30000002, comp_mask=0x0}
gx10-e146:63:73 [0] NCCL INFO NET/IB: ncclIbConnectImpl: NCCL Dev 0 IbDev 0 Port 1 qp_num 12323 mtu 5 GID 6 (0/166A8C0FFFF0000) ctsFifoRkey=0x179956 ctsFifoLkey=0x179956
gx10-e146:63:73 [0] NCCL INFO NET/IB: ncclIbConnectImpl: IbDev 0 Port 1 qp_num 12323 query_ece={supported=1, vendor_id=0x15b3, options=0x30000002, comp_mask=0x0}
gx10-e146:63:73 [0] NCCL INFO NET/IB: Subnet-aware routing: overriding dev 4 with dev 1
gx10-e146:63:73 [0] NCCL INFO NET/IB: ncclIbReceiverQpsCreateToRts: QP created: port=1 dev=1 devName=rocep1s0f1 ndevs=4 nmdevs=6 qp_num=15713 pkey=0 pd=0xeff94820def0 oooRq=0
gx10-e146:63:73 [0] NCCL INFO NET/IB: ncclIbReceiverQpsCreateToRts: QP created: port=1 dev=1 devName=rocep1s0f1 ndevs=4 nmdevs=6 qp_num=15714 pkey=0 pd=0xeff94820def0 oooRq=0
gx10-e146:63:73 [0] NCCL INFO NET/IB: ncclIbReceiverQpsCreateToRts: Flush QP created: port=1 dev=1 devName=rocep1s0f1 ndevs=4 nmdevs=6 qp_num=15715 pkey=0 pd=0xeff94820def0
gx10-e146:63:73 [0] NCCL INFO NET/IB: Subnet-aware routing: overriding dev 5 with dev 2
gx10-e146:63:73 [0] NCCL INFO NET/IB: ncclIbResiliencyInit: Resiliency is disabled on the recv communicator (comm=0xeff94bb63000)
gx10-e146:63:73 [0] NCCL INFO NET/IB: ncclIbRecvCommInit: Receive work requests will be posted on-demand
gx10-e146:63:73 [0] NCCL INFO NET/IB: Subnet-aware routing: overriding dev 4 with dev 0
gx10-e146:63:73 [0] NCCL INFO NET/IB: Subnet-aware routing: overriding dev 5 with dev 2
gx10-e146:63:73 [0] NCCL INFO NET/IB: Subnet-aware routing: overriding dev 4 with dev 0
gx10-e146:63:73 [0] NCCL INFO NET/IB: ncclIbResiliencyInit: Resiliency is disabled on the send communicator (comm=0xeff94bbab000)
gx10-e146:63:73 [0] NCCL INFO NET/IB: Subnet-aware routing: overriding dev 4 with dev 0
gx10-e146:63:73 [0] NCCL INFO NET/IB: Subnet-aware routing: overriding dev 5 with dev 2
gx10-e146:63:73 [0] NCCL INFO NET/IB: Subnet-aware routing: overriding dev 4 with dev 0
gx10-e146:63:73 [0] NCCL INFO NET/IB: ncclIbResiliencyInit: Resiliency is disabled on the recv communicator (comm=0xeff94bbec000)
gx10-e146:63:73 [0] NCCL INFO NET/IB: ncclIbRecvCommInit: Receive work requests will be posted on-demand
gx10-e146:63:73 [0] NCCL INFO NET/IB: Subnet-aware routing: overriding dev 4 with dev 0
gx10-e146:63:73 [0] NCCL INFO NET/IB: ncclIbSenderQpsToRts: Set ECE: IbDev 0 Port 1 qp_num 12322 set_ece={supported=1, vendor_id=0x15b3, options=0x30000002, comp_mask=0x0}
gx10-e146:63:73 [0] NCCL INFO NET/IB: ncclIbSenderQpsToRts: Set ECE: IbDev 0 Port 1 qp_num 12323 set_ece={supported=1, vendor_id=0x15b3, options=0x30000002, comp_mask=0x0}
gx10-e146:63:73 [0] NCCL INFO NET/IB: Subnet-aware routing: overriding dev 5 with dev 2
gx10-e146:63:73 [0] NCCL INFO NET/IB: ncclIbSenderQpsCreate: QP created: port=1 dev=2 devName=roceP2p1s0f0 ndevs=4 nmdevs=6 qp_num=1986 pkey=0 pd=0xeff9481a8970 oooRq=0
gx10-e146:63:73 [0] NCCL INFO NET/IB: ncclIbSenderQpsCreate: QP created: port=1 dev=2 devName=roceP2p1s0f0 ndevs=4 nmdevs=6 qp_num=1987 pkey=0 pd=0xeff9481a8970 oooRq=0
gx10-e146:63:73 [0] NCCL INFO NET/IB: ncclIbConnectImpl: NCCL Dev 2 IbDev 2 Port 1 qp_num 1986 mtu 5 GID 3 (0/170A8C0FFFF0000) ctsFifoRkey=0x185250 ctsFifoLkey=0x185250
gx10-e146:63:73 [0] NCCL INFO NET/IB: ncclIbConnectImpl: IbDev 2 Port 1 qp_num 1986 query_ece={supported=1, vendor_id=0x15b3, options=0x30000002, comp_mask=0x0}
gx10-e146:63:73 [0] NCCL INFO NET/IB: ncclIbConnectImpl: NCCL Dev 2 IbDev 2 Port 1 qp_num 1987 mtu 5 GID 3 (0/170A8C0FFFF0000) ctsFifoRkey=0x185250 ctsFifoLkey=0x185250
gx10-e146:63:73 [0] NCCL INFO NET/IB: ncclIbConnectImpl: IbDev 2 Port 1 qp_num 1987 query_ece={supported=1, vendor_id=0x15b3, options=0x30000002, comp_mask=0x0}
gx10-e146:63:73 [0] NCCL INFO NET/IB: Subnet-aware routing: overriding dev 5 with dev 3
gx10-e146:63:73 [0] NCCL INFO NET/IB: ncclIbReceiverQpsCreateToRts: QP created: port=1 dev=3 devName=roceP2p1s0f1 ndevs=4 nmdevs=6 qp_num=2791 pkey=0 pd=0xeff94803c970 oooRq=0
gx10-e146:63:73 [0] NCCL INFO NET/IB: ncclIbReceiverQpsCreateToRts: QP created: port=1 dev=3 devName=roceP2p1s0f1 ndevs=4 nmdevs=6 qp_num=2792 pkey=0 pd=0xeff94803c970 oooRq=0
gx10-e146:63:73 [0] NCCL INFO NET/IB: ncclIbReceiverQpsCreateToRts: Flush QP created: port=1 dev=3 devName=roceP2p1s0f1 ndevs=4 nmdevs=6 qp_num=2793 pkey=0 pd=0xeff94803c970
gx10-e146:63:73 [0] NCCL INFO NET/IB: Subnet-aware routing: overriding dev 4 with dev 0
gx10-e146:63:73 [0] NCCL INFO NET/IB: Subnet-aware routing: overriding dev 4 with dev 1
gx10-e146:63:73 [0] NCCL INFO NET/IB: ncclIbReceiverQpsCreateToRts: QP created: port=1 dev=1 devName=rocep1s0f1 ndevs=4 nmdevs=6 qp_num=15716 pkey=0 pd=0xeff94820def0 oooRq=0
gx10-e146:63:73 [0] NCCL INFO NET/IB: ncclIbReceiverQpsCreateToRts: QP created: port=1 dev=1 devName=rocep1s0f1 ndevs=4 nmdevs=6 qp_num=15717 pkey=0 pd=0xeff94820def0 oooRq=0
gx10-e146:63:73 [0] NCCL INFO NET/IB: ncclIbReceiverQpsCreateToRts: Flush QP created: port=1 dev=1 devName=rocep1s0f1 ndevs=4 nmdevs=6 qp_num=15718 pkey=0 pd=0xeff94820def0
gx10-e146:63:73 [0] NCCL INFO NET/IB: Subnet-aware routing: overriding dev 5 with dev 2
gx10-e146:63:73 [0] NCCL INFO NET/IB: ncclIbResiliencyInit: Resiliency is disabled on the send communicator (comm=0xeff94bd87000)
gx10-e146:63:73 [0] NCCL INFO NET/IB: Subnet-aware routing: overriding dev 5 with dev 2
gx10-e146:63:73 [0] NCCL INFO NET/IB: ncclIbSenderQpsToRts: Set ECE: IbDev 2 Port 1 qp_num 1986 set_ece={supported=1, vendor_id=0x15b3, options=0x30000002, comp_mask=0x0}
gx10-e146:63:73 [0] NCCL INFO NET/IB: ncclIbSenderQpsToRts: Set ECE: IbDev 2 Port 1 qp_num 1987 set_ece={supported=1, vendor_id=0x15b3, options=0x30000002, comp_mask=0x0}
gx10-e146:63:73 [0] NCCL INFO NET/IB: Subnet-aware routing: overriding dev 4 with dev 0
gx10-e146:63:73 [0] NCCL INFO NET/IB: ncclIbSenderQpsCreate: QP created: port=1 dev=0 devName=rocep1s0f0 ndevs=4 nmdevs=6 qp_num=12324 pkey=0 pd=0xeff94807dd30 oooRq=0
gx10-e146:63:73 [0] NCCL INFO NET/IB: ncclIbSenderQpsCreate: QP created: port=1 dev=0 devName=rocep1s0f0 ndevs=4 nmdevs=6 qp_num=12325 pkey=0 pd=0xeff94807dd30 oooRq=0
gx10-e146:63:73 [0] NCCL INFO NET/IB: ncclIbConnectImpl: NCCL Dev 0 IbDev 0 Port 1 qp_num 12324 mtu 5 GID 6 (0/166A8C0FFFF0000) ctsFifoRkey=0x178f4d ctsFifoLkey=0x178f4d
gx10-e146:63:73 [0] NCCL INFO NET/IB: ncclIbConnectImpl: IbDev 0 Port 1 qp_num 12324 query_ece={supported=1, vendor_id=0x15b3, options=0x30000002, comp_mask=0x0}
gx10-e146:63:73 [0] NCCL INFO NET/IB: ncclIbConnectImpl: NCCL Dev 0 IbDev 0 Port 1 qp_num 12325 mtu 5 GID 6 (0/166A8C0FFFF0000) ctsFifoRkey=0x178f4d ctsFifoLkey=0x178f4d
gx10-e146:63:73 [0] NCCL INFO NET/IB: ncclIbConnectImpl: IbDev 0 Port 1 qp_num 12325 query_ece={supported=1, vendor_id=0x15b3, options=0x30000002, comp_mask=0x0}
gx10-e146:63:73 [0] NCCL INFO NET/IB: Subnet-aware routing: overriding dev 5 with dev 2
gx10-e146:63:73 [0] NCCL INFO NET/IB: ncclIbResiliencyInit: Resiliency is disabled on the recv communicator (comm=0xeff94be22000)
gx10-e146:63:73 [0] NCCL INFO NET/IB: ncclIbRecvCommInit: Receive work requests will be posted on-demand
gx10-e146:63:73 [0] NCCL INFO NET/IB: Subnet-aware routing: overriding dev 4 with dev 0
gx10-e146:63:73 [0] NCCL INFO NET/IB: Subnet-aware routing: overriding dev 5 with dev 2
gx10-e146:63:73 [0] NCCL INFO NET/IB: Subnet-aware routing: overriding dev 4 with dev 0
gx10-e146:63:73 [0] NCCL INFO NET/IB: ncclIbResiliencyInit: Resiliency is disabled on the send communicator (comm=0xeff94be6a000)
gx10-e146:63:73 [0] NCCL INFO NET/IB: Subnet-aware routing: overriding dev 4 with dev 0
gx10-e146:63:73 [0] NCCL INFO NET/IB: ncclIbSenderQpsToRts: Set ECE: IbDev 0 Port 1 qp_num 12324 set_ece={supported=1, vendor_id=0x15b3, options=0x30000002, comp_mask=0x0}
gx10-e146:63:73 [0] NCCL INFO NET/IB: ncclIbSenderQpsToRts: Set ECE: IbDev 0 Port 1 qp_num 12325 set_ece={supported=1, vendor_id=0x15b3, options=0x30000002, comp_mask=0x0}
gx10-e146:63:73 [0] NCCL INFO NET/IB: Subnet-aware routing: overriding dev 5 with dev 2
gx10-e146:63:73 [0] NCCL INFO NET/IB: Subnet-aware routing: overriding dev 5 with dev 3
gx10-e146:63:73 [0] NCCL INFO NET/IB: ncclIbReceiverQpsCreateToRts: QP created: port=1 dev=3 devName=roceP2p1s0f1 ndevs=4 nmdevs=6 qp_num=2794 pkey=0 pd=0xeff94803c970 oooRq=0
gx10-e146:63:73 [0] NCCL INFO NET/IB: ncclIbReceiverQpsCreateToRts: QP created: port=1 dev=3 devName=roceP2p1s0f1 ndevs=4 nmdevs=6 qp_num=2795 pkey=0 pd=0xeff94803c970 oooRq=0
gx10-e146:63:73 [0] NCCL INFO NET/IB: ncclIbReceiverQpsCreateToRts: Flush QP created: port=1 dev=3 devName=roceP2p1s0f1 ndevs=4 nmdevs=6 qp_num=2796 pkey=0 pd=0xeff94803c970
gx10-e146:63:73 [0] NCCL INFO NET/IB: Subnet-aware routing: overriding dev 4 with dev 0
gx10-e146:63:73 [0] NCCL INFO NET/IB: ncclIbResiliencyInit: Resiliency is disabled on the recv communicator (comm=0xeff94bf25000)
gx10-e146:63:73 [0] NCCL INFO NET/IB: ncclIbRecvCommInit: Receive work requests will be posted on-demand
gx10-e146:63:73 [0] NCCL INFO NET/IB: Subnet-aware routing: overriding dev 5 with dev 2
gx10-e146:63:73 [0] NCCL INFO NET/IB: ncclIbSenderQpsCreate: QP created: port=1 dev=2 devName=roceP2p1s0f0 ndevs=4 nmdevs=6 qp_num=1988 pkey=0 pd=0xeff9481a8970 oooRq=0
gx10-e146:63:73 [0] NCCL INFO NET/IB: ncclIbSenderQpsCreate: QP created: port=1 dev=2 devName=roceP2p1s0f0 ndevs=4 nmdevs=6 qp_num=1989 pkey=0 pd=0xeff9481a8970 oooRq=0
gx10-e146:63:73 [0] NCCL INFO NET/IB: ncclIbConnectImpl: NCCL Dev 2 IbDev 2 Port 1 qp_num 1988 mtu 5 GID 3 (0/170A8C0FFFF0000) ctsFifoRkey=0x194f4d ctsFifoLkey=0x194f4d
gx10-e146:63:73 [0] NCCL INFO NET/IB: ncclIbConnectImpl: IbDev 2 Port 1 qp_num 1988 query_ece={supported=1, vendor_id=0x15b3, options=0x30000002, comp_mask=0x0}
gx10-e146:63:73 [0] NCCL INFO NET/IB: ncclIbConnectImpl: NCCL Dev 2 IbDev 2 Port 1 qp_num 1989 mtu 5 GID 3 (0/170A8C0FFFF0000) ctsFifoRkey=0x194f4d ctsFifoLkey=0x194f4d
gx10-e146:63:73 [0] NCCL INFO NET/IB: ncclIbConnectImpl: IbDev 2 Port 1 qp_num 1989 query_ece={supported=1, vendor_id=0x15b3, options=0x30000002, comp_mask=0x0}
gx10-e146:63:73 [0] NCCL INFO NET/IB: Subnet-aware routing: overriding dev 4 with dev 0
gx10-e146:63:73 [0] NCCL INFO NET/IB: Subnet-aware routing: overriding dev 5 with dev 2
gx10-e146:63:73 [0] NCCL INFO NET/IB: ncclIbResiliencyInit: Resiliency is disabled on the send communicator (comm=0xeff8f8001000)
gx10-e146:63:73 [0] NCCL INFO NET/IB: Subnet-aware routing: overriding dev 5 with dev 2
gx10-e146:63:73 [0] NCCL INFO NET/IB: Subnet-aware routing: overriding dev 4 with dev 0
gx10-e146:63:73 [0] NCCL INFO NET/IB: Subnet-aware routing: overriding dev 5 with dev 2
gx10-e146:63:73 [0] NCCL INFO NET/IB: ncclIbResiliencyInit: Resiliency is disabled on the recv communicator (comm=0xeff8f8045000)
gx10-e146:63:73 [0] NCCL INFO NET/IB: ncclIbRecvCommInit: Receive work requests will be posted on-demand
gx10-e146:63:73 [0] NCCL INFO NET/IB: Subnet-aware routing: overriding dev 5 with dev 2
gx10-e146:63:73 [0] NCCL INFO NET/IB: Subnet-aware routing: overriding dev 4 with dev 0
gx10-e146:63:73 [0] NCCL INFO NET/IB: Subnet-aware routing: overriding dev 4 with dev 1
gx10-e146:63:73 [0] NCCL INFO NET/IB: ncclIbReceiverQpsCreateToRts: QP created: port=1 dev=1 devName=rocep1s0f1 ndevs=4 nmdevs=6 qp_num=15719 pkey=0 pd=0xeff94820def0 oooRq=0
gx10-e146:63:73 [0] NCCL INFO NET/IB: ncclIbReceiverQpsCreateToRts: QP created: port=1 dev=1 devName=rocep1s0f1 ndevs=4 nmdevs=6 qp_num=15720 pkey=0 pd=0xeff94820def0 oooRq=0
gx10-e146:63:73 [0] NCCL INFO NET/IB: ncclIbReceiverQpsCreateToRts: Flush QP created: port=1 dev=1 devName=rocep1s0f1 ndevs=4 nmdevs=6 qp_num=15721 pkey=0 pd=0xeff94820def0
gx10-e146:63:73 [0] NCCL INFO NET/IB: Subnet-aware routing: overriding dev 5 with dev 2
gx10-e146:63:73 [0] NCCL INFO NET/IB: ncclIbSenderQpsCreate: QP created: port=1 dev=2 devName=roceP2p1s0f0 ndevs=4 nmdevs=6 qp_num=1990 pkey=0 pd=0xeff9481a8970 oooRq=0
gx10-e146:63:73 [0] NCCL INFO NET/IB: ncclIbSenderQpsCreate: QP created: port=1 dev=2 devName=roceP2p1s0f0 ndevs=4 nmdevs=6 qp_num=1991 pkey=0 pd=0xeff9481a8970 oooRq=0
gx10-e146:63:73 [0] NCCL INFO NET/IB: ncclIbConnectImpl: NCCL Dev 2 IbDev 2 Port 1 qp_num 1990 mtu 5 GID 3 (0/170A8C0FFFF0000) ctsFifoRkey=0x194941 ctsFifoLkey=0x194941
gx10-e146:63:73 [0] NCCL INFO NET/IB: ncclIbConnectImpl: IbDev 2 Port 1 qp_num 1990 query_ece={supported=1, vendor_id=0x15b3, options=0x30000002, comp_mask=0x0}
gx10-e146:63:73 [0] NCCL INFO NET/IB: ncclIbConnectImpl: NCCL Dev 2 IbDev 2 Port 1 qp_num 1991 mtu 5 GID 3 (0/170A8C0FFFF0000) ctsFifoRkey=0x194941 ctsFifoLkey=0x194941
gx10-e146:63:73 [0] NCCL INFO NET/IB: ncclIbConnectImpl: IbDev 2 Port 1 qp_num 1991 query_ece={supported=1, vendor_id=0x15b3, options=0x30000002, comp_mask=0x0}
gx10-e146:63:73 [0] NCCL INFO NET/IB: Subnet-aware routing: overriding dev 5 with dev 3
gx10-e146:63:73 [0] NCCL INFO NET/IB: ncclIbReceiverQpsCreateToRts: QP created: port=1 dev=3 devName=roceP2p1s0f1 ndevs=4 nmdevs=6 qp_num=2797 pkey=0 pd=0xeff94803c970 oooRq=0
gx10-e146:63:73 [0] NCCL INFO NET/IB: ncclIbReceiverQpsCreateToRts: QP created: port=1 dev=3 devName=roceP2p1s0f1 ndevs=4 nmdevs=6 qp_num=2798 pkey=0 pd=0xeff94803c970 oooRq=0
gx10-e146:63:73 [0] NCCL INFO NET/IB: ncclIbReceiverQpsCreateToRts: Flush QP created: port=1 dev=3 devName=roceP2p1s0f1 ndevs=4 nmdevs=6 qp_num=2799 pkey=0 pd=0xeff94803c970
gx10-e146:63:73 [0] NCCL INFO NET/IB: Subnet-aware routing: overriding dev 4 with dev 0
gx10-e146:63:73 [0] NCCL INFO NET/IB: ncclIbResiliencyInit: Resiliency is disabled on the send communicator (comm=0xeff8f81dd000)
gx10-e146:63:73 [0] NCCL INFO NET/IB: Subnet-aware routing: overriding dev 5 with dev 2
gx10-e146:63:73 [0] NCCL INFO NET/IB: ncclIbSenderQpsToRts: Set ECE: IbDev 2 Port 1 qp_num 1988 set_ece={supported=1, vendor_id=0x15b3, options=0x30000002, comp_mask=0x0}
gx10-e146:63:73 [0] NCCL INFO NET/IB: ncclIbSenderQpsToRts: Set ECE: IbDev 2 Port 1 qp_num 1989 set_ece={supported=1, vendor_id=0x15b3, options=0x30000002, comp_mask=0x0}
gx10-e146:63:73 [0] NCCL INFO NET/IB: Subnet-aware routing: overriding dev 4 with dev 0
gx10-e146:63:73 [0] NCCL INFO NET/IB: ncclIbSenderQpsCreate: QP created: port=1 dev=0 devName=rocep1s0f0 ndevs=4 nmdevs=6 qp_num=12326 pkey=0 pd=0xeff94807dd30 oooRq=0
gx10-e146:63:73 [0] NCCL INFO NET/IB: ncclIbSenderQpsCreate: QP created: port=1 dev=0 devName=rocep1s0f0 ndevs=4 nmdevs=6 qp_num=12327 pkey=0 pd=0xeff94807dd30 oooRq=0
gx10-e146:63:73 [0] NCCL INFO NET/IB: ncclIbConnectImpl: NCCL Dev 0 IbDev 0 Port 1 qp_num 12326 mtu 5 GID 6 (0/166A8C0FFFF0000) ctsFifoRkey=0x1803b8 ctsFifoLkey=0x1803b8
gx10-e146:63:73 [0] NCCL INFO NET/IB: ncclIbConnectImpl: IbDev 0 Port 1 qp_num 12326 query_ece={supported=1, vendor_id=0x15b3, options=0x30000002, comp_mask=0x0}
gx10-e146:63:73 [0] NCCL INFO NET/IB: ncclIbConnectImpl: NCCL Dev 0 IbDev 0 Port 1 qp_num 12327 mtu 5 GID 6 (0/166A8C0FFFF0000) ctsFifoRkey=0x1803b8 ctsFifoLkey=0x1803b8
gx10-e146:63:73 [0] NCCL INFO NET/IB: ncclIbConnectImpl: IbDev 0 Port 1 qp_num 12327 query_ece={supported=1, vendor_id=0x15b3, options=0x30000002, comp_mask=0x0}
gx10-e146:63:73 [0] NCCL INFO NET/IB: Subnet-aware routing: overriding dev 5 with dev 2
gx10-e146:63:73 [0] NCCL INFO NET/IB: ncclIbSenderQpsToRts: Set ECE: IbDev 2 Port 1 qp_num 1990 set_ece={supported=1, vendor_id=0x15b3, options=0x30000002, comp_mask=0x0}
gx10-e146:63:73 [0] NCCL INFO NET/IB: ncclIbSenderQpsToRts: Set ECE: IbDev 2 Port 1 qp_num 1991 set_ece={supported=1, vendor_id=0x15b3, options=0x30000002, comp_mask=0x0}
gx10-e146:63:73 [0] NCCL INFO NET/IB: Subnet-aware routing: overriding dev 4 with dev 0
gx10-e146:63:73 [0] NCCL INFO NET/IB: ncclIbResiliencyInit: Resiliency is disabled on the recv communicator (comm=0xeff8f8278000)
gx10-e146:63:73 [0] NCCL INFO NET/IB: ncclIbRecvCommInit: Receive work requests will be posted on-demand
gx10-e146:63:73 [0] NCCL INFO NET/IB: Subnet-aware routing: overriding dev 4 with dev 0
gx10-e146:63:73 [0] NCCL INFO NET/IB: ncclIbSenderQpsToRts: Set ECE: IbDev 0 Port 1 qp_num 12326 set_ece={supported=1, vendor_id=0x15b3, options=0x30000002, comp_mask=0x0}
gx10-e146:63:73 [0] NCCL INFO NET/IB: ncclIbSenderQpsToRts: Set ECE: IbDev 0 Port 1 qp_num 12327 set_ece={supported=1, vendor_id=0x15b3, options=0x30000002, comp_mask=0x0}
gx10-e146:63:73 [0] NCCL INFO NET/IB: Subnet-aware routing: overriding dev 4 with dev 0
gx10-e146:63:73 [0] NCCL INFO NET/IB: Subnet-aware routing: overriding dev 4 with dev 1
gx10-e146:63:73 [0] NCCL INFO NET/IB: ncclIbReceiverQpsCreateToRts: QP created: port=1 dev=1 devName=rocep1s0f1 ndevs=4 nmdevs=6 qp_num=15722 pkey=0 pd=0xeff94820def0 oooRq=0
gx10-e146:63:73 [0] NCCL INFO NET/IB: ncclIbReceiverQpsCreateToRts: QP created: port=1 dev=1 devName=rocep1s0f1 ndevs=4 nmdevs=6 qp_num=15723 pkey=0 pd=0xeff94820def0 oooRq=0
gx10-e146:63:73 [0] NCCL INFO NET/IB: ncclIbReceiverQpsCreateToRts: Flush QP created: port=1 dev=1 devName=rocep1s0f1 ndevs=4 nmdevs=6 qp_num=15724 pkey=0 pd=0xeff94820def0
gx10-e146:63:73 [0] NCCL INFO NET/IB: Subnet-aware routing: overriding dev 5 with dev 2
gx10-e146:63:73 [0] NCCL INFO NET/IB: ncclIbResiliencyInit: Resiliency is disabled on the send communicator (comm=0xeff8f8335000)
gx10-e146:63:73 [0] NCCL INFO NET/IB: Subnet-aware routing: overriding dev 4 with dev 0
gx10-e146:63:73 [0] NCCL INFO NET/IB: ncclIbSenderQpsCreate: QP created: port=1 dev=0 devName=rocep1s0f0 ndevs=4 nmdevs=6 qp_num=12328 pkey=0 pd=0xeff94807dd30 oooRq=0
gx10-e146:63:73 [0] NCCL INFO NET/IB: ncclIbSenderQpsCreate: QP created: port=1 dev=0 devName=rocep1s0f0 ndevs=4 nmdevs=6 qp_num=12329 pkey=0 pd=0xeff94807dd30 oooRq=0
gx10-e146:63:73 [0] NCCL INFO NET/IB: ncclIbConnectImpl: NCCL Dev 0 IbDev 0 Port 1 qp_num 12328 mtu 5 GID 6 (0/166A8C0FFFF0000) ctsFifoRkey=0x15b673 ctsFifoLkey=0x15b673
gx10-e146:63:73 [0] NCCL INFO NET/IB: ncclIbConnectImpl: IbDev 0 Port 1 qp_num 12328 query_ece={supported=1, vendor_id=0x15b3, options=0x30000002, comp_mask=0x0}
gx10-e146:63:73 [0] NCCL INFO NET/IB: ncclIbConnectImpl: NCCL Dev 0 IbDev 0 Port 1 qp_num 12329 mtu 5 GID 6 (0/166A8C0FFFF0000) ctsFifoRkey=0x15b673 ctsFifoLkey=0x15b673
gx10-e146:63:73 [0] NCCL INFO NET/IB: ncclIbConnectImpl: IbDev 0 Port 1 qp_num 12329 query_ece={supported=1, vendor_id=0x15b3, options=0x30000002, comp_mask=0x0}
gx10-e146:63:73 [0] NCCL INFO NET/IB: Subnet-aware routing: overriding dev 5 with dev 2
gx10-e146:63:73 [0] NCCL INFO NET/IB: ncclIbResiliencyInit: Resiliency is disabled on the recv communicator (comm=0xeff8f83d2000)
gx10-e146:63:73 [0] NCCL INFO NET/IB: ncclIbRecvCommInit: Receive work requests will be posted on-demand
gx10-e146:63:73 [0] NCCL INFO NET/IB: Subnet-aware routing: overriding dev 4 with dev 0
gx10-e146:63:73 [0] NCCL INFO NET/IB: Subnet-aware routing: overriding dev 5 with dev 2
gx10-e146:63:73 [0] NCCL INFO NET/IB: Subnet-aware routing: overriding dev 4 with dev 0
gx10-e146:63:73 [0] NCCL INFO NET/IB: ncclIbResiliencyInit: Resiliency is disabled on the send communicator (comm=0xeff8f841a000)
gx10-e146:63:73 [0] NCCL INFO NET/IB: Subnet-aware routing: overriding dev 4 with dev 0
gx10-e146:63:73 [0] NCCL INFO NET/IB: Subnet-aware routing: overriding dev 5 with dev 2
gx10-e146:63:73 [0] NCCL INFO NET/IB: Subnet-aware routing: overriding dev 4 with dev 0
gx10-e146:63:73 [0] NCCL INFO NET/IB: ncclIbResiliencyInit: Resiliency is disabled on the recv communicator (comm=0xeff8f845e000)
gx10-e146:63:73 [0] NCCL INFO NET/IB: ncclIbRecvCommInit: Receive work requests will be posted on-demand
gx10-e146:63:73 [0] NCCL INFO NET/IB: Subnet-aware routing: overriding dev 4 with dev 0
gx10-e146:63:73 [0] NCCL INFO NET/IB: Subnet-aware routing: overriding dev 5 with dev 2
gx10-e146:63:73 [0] NCCL INFO NET/IB: Subnet-aware routing: overriding dev 5 with dev 3
gx10-e146:63:73 [0] NCCL INFO NET/IB: ncclIbReceiverQpsCreateToRts: QP created: port=1 dev=3 devName=roceP2p1s0f1 ndevs=4 nmdevs=6 qp_num=2800 pkey=0 pd=0xeff94803c970 oooRq=0
gx10-e146:63:73 [0] NCCL INFO NET/IB: ncclIbReceiverQpsCreateToRts: QP created: port=1 dev=3 devName=roceP2p1s0f1 ndevs=4 nmdevs=6 qp_num=2801 pkey=0 pd=0xeff94803c970 oooRq=0
gx10-e146:63:73 [0] NCCL INFO NET/IB: ncclIbReceiverQpsCreateToRts: Flush QP created: port=1 dev=3 devName=roceP2p1s0f1 ndevs=4 nmdevs=6 qp_num=2802 pkey=0 pd=0xeff94803c970
gx10-e146:63:73 [0] NCCL INFO NET/IB: Subnet-aware routing: overriding dev 4 with dev 0
gx10-e146:63:73 [0] NCCL INFO NET/IB: ncclIbSenderQpsCreate: QP created: port=1 dev=0 devName=rocep1s0f0 ndevs=4 nmdevs=6 qp_num=12330 pkey=0 pd=0xeff94807dd30 oooRq=0
gx10-e146:63:73 [0] NCCL INFO NET/IB: ncclIbSenderQpsCreate: QP created: port=1 dev=0 devName=rocep1s0f0 ndevs=4 nmdevs=6 qp_num=12331 pkey=0 pd=0xeff94807dd30 oooRq=0
gx10-e146:63:73 [0] NCCL INFO NET/IB: ncclIbConnectImpl: NCCL Dev 0 IbDev 0 Port 1 qp_num 12330 mtu 5 GID 6 (0/166A8C0FFFF0000) ctsFifoRkey=0x175613 ctsFifoLkey=0x175613
gx10-e146:63:73 [0] NCCL INFO NET/IB: ncclIbConnectImpl: IbDev 0 Port 1 qp_num 12330 query_ece={supported=1, vendor_id=0x15b3, options=0x30000002, comp_mask=0x0}
gx10-e146:63:73 [0] NCCL INFO NET/IB: ncclIbConnectImpl: NCCL Dev 0 IbDev 0 Port 1 qp_num 12331 mtu 5 GID 6 (0/166A8C0FFFF0000) ctsFifoRkey=0x175613 ctsFifoLkey=0x175613
gx10-e146:63:73 [0] NCCL INFO NET/IB: ncclIbConnectImpl: IbDev 0 Port 1 qp_num 12331 query_ece={supported=1, vendor_id=0x15b3, options=0x30000002, comp_mask=0x0}
gx10-e146:63:73 [0] NCCL INFO NET/IB: Subnet-aware routing: overriding dev 4 with dev 1
gx10-e146:63:73 [0] NCCL INFO NET/IB: ncclIbReceiverQpsCreateToRts: QP created: port=1 dev=1 devName=rocep1s0f1 ndevs=4 nmdevs=6 qp_num=15725 pkey=0 pd=0xeff94820def0 oooRq=0
gx10-e146:63:73 [0] NCCL INFO NET/IB: ncclIbReceiverQpsCreateToRts: QP created: port=1 dev=1 devName=rocep1s0f1 ndevs=4 nmdevs=6 qp_num=15726 pkey=0 pd=0xeff94820def0 oooRq=0
gx10-e146:63:73 [0] NCCL INFO NET/IB: ncclIbReceiverQpsCreateToRts: Flush QP created: port=1 dev=1 devName=rocep1s0f1 ndevs=4 nmdevs=6 qp_num=15727 pkey=0 pd=0xeff94820def0
gx10-e146:63:73 [0] NCCL INFO NET/IB: Subnet-aware routing: overriding dev 5 with dev 2
gx10-e146:63:73 [0] NCCL INFO NET/IB: ncclIbResiliencyInit: Resiliency is disabled on the send communicator (comm=0xeff8f85f7000)
gx10-e146:63:73 [0] NCCL INFO NET/IB: Subnet-aware routing: overriding dev 4 with dev 0
gx10-e146:63:73 [0] NCCL INFO NET/IB: ncclIbSenderQpsToRts: Set ECE: IbDev 0 Port 1 qp_num 12328 set_ece={supported=1, vendor_id=0x15b3, options=0x30000002, comp_mask=0x0}
gx10-e146:63:73 [0] NCCL INFO NET/IB: ncclIbSenderQpsToRts: Set ECE: IbDev 0 Port 1 qp_num 12329 set_ece={supported=1, vendor_id=0x15b3, options=0x30000002, comp_mask=0x0}
gx10-e146:63:73 [0] NCCL INFO NET/IB: Subnet-aware routing: overriding dev 5 with dev 2
gx10-e146:63:73 [0] NCCL INFO NET/IB: ncclIbSenderQpsCreate: QP created: port=1 dev=2 devName=roceP2p1s0f0 ndevs=4 nmdevs=6 qp_num=1992 pkey=0 pd=0xeff9481a8970 oooRq=0
gx10-e146:63:73 [0] NCCL INFO NET/IB: ncclIbSenderQpsCreate: QP created: port=1 dev=2 devName=roceP2p1s0f0 ndevs=4 nmdevs=6 qp_num=1993 pkey=0 pd=0xeff9481a8970 oooRq=0
gx10-e146:63:73 [0] NCCL INFO NET/IB: ncclIbConnectImpl: NCCL Dev 2 IbDev 2 Port 1 qp_num 1992 mtu 5 GID 3 (0/170A8C0FFFF0000) ctsFifoRkey=0x191f16 ctsFifoLkey=0x191f16
gx10-e146:63:73 [0] NCCL INFO NET/IB: ncclIbConnectImpl: IbDev 2 Port 1 qp_num 1992 query_ece={supported=1, vendor_id=0x15b3, options=0x30000002, comp_mask=0x0}
gx10-e146:63:73 [0] NCCL INFO NET/IB: ncclIbConnectImpl: NCCL Dev 2 IbDev 2 Port 1 qp_num 1993 mtu 5 GID 3 (0/170A8C0FFFF0000) ctsFifoRkey=0x191f16 ctsFifoLkey=0x191f16
gx10-e146:63:73 [0] NCCL INFO NET/IB: ncclIbConnectImpl: IbDev 2 Port 1 qp_num 1993 query_ece={supported=1, vendor_id=0x15b3, options=0x30000002, comp_mask=0x0}
gx10-e146:63:73 [0] NCCL INFO NET/IB: Subnet-aware routing: overriding dev 4 with dev 0
gx10-e146:63:73 [0] NCCL INFO NET/IB: ncclIbSenderQpsToRts: Set ECE: IbDev 0 Port 1 qp_num 12330 set_ece={supported=1, vendor_id=0x15b3, options=0x30000002, comp_mask=0x0}
gx10-e146:63:73 [0] NCCL INFO NET/IB: ncclIbSenderQpsToRts: Set ECE: IbDev 0 Port 1 qp_num 12331 set_ece={supported=1, vendor_id=0x15b3, options=0x30000002, comp_mask=0x0}
gx10-e146:63:73 [0] NCCL INFO NET/IB: Subnet-aware routing: overriding dev 5 with dev 2
gx10-e146:63:73 [0] NCCL INFO NET/IB: ncclIbResiliencyInit: Resiliency is disabled on the recv communicator (comm=0xeff8f8692000)
gx10-e146:63:73 [0] NCCL INFO NET/IB: ncclIbRecvCommInit: Receive work requests will be posted on-demand
gx10-e146:63:73 [0] NCCL INFO NET/IB: Subnet-aware routing: overriding dev 5 with dev 2
gx10-e146:63:73 [0] NCCL INFO NET/IB: ncclIbSenderQpsToRts: Set ECE: IbDev 2 Port 1 qp_num 1992 set_ece={supported=1, vendor_id=0x15b3, options=0x30000002, comp_mask=0x0}
gx10-e146:63:73 [0] NCCL INFO NET/IB: ncclIbSenderQpsToRts: Set ECE: IbDev 2 Port 1 qp_num 1993 set_ece={supported=1, vendor_id=0x15b3, options=0x30000002, comp_mask=0x0}
gx10-e146:63:73 [0] NCCL INFO NET/IB: Subnet-aware routing: overriding dev 5 with dev 2
gx10-e146:63:73 [0] NCCL INFO NET/IB: Subnet-aware routing: overriding dev 4 with dev 0
gx10-e146:63:73 [0] NCCL INFO NET/IB: ncclIbResiliencyInit: Resiliency is disabled on the send communicator (comm=0xeff8f86da000)
gx10-e146:63:73 [0] NCCL INFO NET/IB: Subnet-aware routing: overriding dev 5 with dev 2
gx10-e146:63:73 [0] NCCL INFO NET/IB: ncclIbSenderQpsCreate: QP created: port=1 dev=2 devName=roceP2p1s0f0 ndevs=4 nmdevs=6 qp_num=1994 pkey=0 pd=0xeff9481a8970 oooRq=0
gx10-e146:63:73 [0] NCCL INFO NET/IB: ncclIbSenderQpsCreate: QP created: port=1 dev=2 devName=roceP2p1s0f0 ndevs=4 nmdevs=6 qp_num=1995 pkey=0 pd=0xeff9481a8970 oooRq=0
gx10-e146:63:73 [0] NCCL INFO NET/IB: ncclIbConnectImpl: NCCL Dev 2 IbDev 2 Port 1 qp_num 1994 mtu 5 GID 3 (0/170A8C0FFFF0000) ctsFifoRkey=0x193b35 ctsFifoLkey=0x193b35
gx10-e146:63:73 [0] NCCL INFO NET/IB: ncclIbConnectImpl: IbDev 2 Port 1 qp_num 1994 query_ece={supported=1, vendor_id=0x15b3, options=0x30000002, comp_mask=0x0}
gx10-e146:63:73 [0] NCCL INFO NET/IB: ncclIbConnectImpl: NCCL Dev 2 IbDev 2 Port 1 qp_num 1995 mtu 5 GID 3 (0/170A8C0FFFF0000) ctsFifoRkey=0x193b35 ctsFifoLkey=0x193b35
gx10-e146:63:73 [0] NCCL INFO NET/IB: ncclIbConnectImpl: IbDev 2 Port 1 qp_num 1995 query_ece={supported=1, vendor_id=0x15b3, options=0x30000002, comp_mask=0x0}
gx10-e146:63:73 [0] NCCL INFO NET/IB: Subnet-aware routing: overriding dev 5 with dev 3
gx10-e146:63:73 [0] NCCL INFO NET/IB: ncclIbReceiverQpsCreateToRts: QP created: port=1 dev=3 devName=roceP2p1s0f1 ndevs=4 nmdevs=6 qp_num=2803 pkey=0 pd=0xeff94803c970 oooRq=0
gx10-e146:63:73 [0] NCCL INFO NET/IB: ncclIbReceiverQpsCreateToRts: QP created: port=1 dev=3 devName=roceP2p1s0f1 ndevs=4 nmdevs=6 qp_num=2804 pkey=0 pd=0xeff94803c970 oooRq=0
gx10-e146:63:73 [0] NCCL INFO NET/IB: ncclIbReceiverQpsCreateToRts: Flush QP created: port=1 dev=3 devName=roceP2p1s0f1 ndevs=4 nmdevs=6 qp_num=2805 pkey=0 pd=0xeff94803c970
gx10-e146:63:73 [0] NCCL INFO NET/IB: Subnet-aware routing: overriding dev 4 with dev 0
gx10-e146:63:73 [0] NCCL INFO NET/IB: ncclIbResiliencyInit: Resiliency is disabled on the recv communicator (comm=0xeff8f87ee000)
gx10-e146:63:73 [0] NCCL INFO NET/IB: ncclIbRecvCommInit: Receive work requests will be posted on-demand
gx10-e146:63:73 [0] NCCL INFO NET/IB: Subnet-aware routing: overriding dev 5 with dev 2
gx10-e146:63:73 [0] NCCL INFO NET/IB: Subnet-aware routing: overriding dev 4 with dev 0
gx10-e146:63:73 [0] NCCL INFO NET/IB: Subnet-aware routing: overriding dev 5 with dev 2
gx10-e146:63:73 [0] NCCL INFO NET/IB: ncclIbResiliencyInit: Resiliency is disabled on the send communicator (comm=0xeff8f8836000)
gx10-e146:63:73 [0] NCCL INFO NET/IB: Subnet-aware routing: overriding dev 5 with dev 2
gx10-e146:63:73 [0] NCCL INFO NET/IB: Subnet-aware routing: overriding dev 4 with dev 0
gx10-e146:63:73 [0] NCCL INFO NET/IB: Subnet-aware routing: overriding dev 5 with dev 2
gx10-e146:63:73 [0] NCCL INFO NET/IB: ncclIbResiliencyInit: Resiliency is disabled on the recv communicator (comm=0xeff8f887a000)
gx10-e146:63:73 [0] NCCL INFO NET/IB: ncclIbRecvCommInit: Receive work requests will be posted on-demand
gx10-e146:63:73 [0] NCCL INFO NET/IB: Subnet-aware routing: overriding dev 5 with dev 2
gx10-e146:63:73 [0] NCCL INFO NET/IB: Subnet-aware routing: overriding dev 4 with dev 0
gx10-e146:63:73 [0] NCCL INFO NET/IB: Subnet-aware routing: overriding dev 5 with dev 2
gx10-e146:63:73 [0] NCCL INFO NET/IB: Subnet-aware routing: overriding dev 4 with dev 0
gx10-e146:63:73 [0] NCCL INFO NET/IB: ncclIbResiliencyInit: Resiliency is disabled on the send communicator (comm=0xeff8f88c2000)
gx10-e146:63:73 [0] NCCL INFO NET/IB: Subnet-aware routing: overriding dev 5 with dev 2
gx10-e146:63:73 [0] NCCL INFO NET/IB: ncclIbSenderQpsToRts: Set ECE: IbDev 2 Port 1 qp_num 1994 set_ece={supported=1, vendor_id=0x15b3, options=0x30000002, comp_mask=0x0}
gx10-e146:63:73 [0] NCCL INFO NET/IB: ncclIbSenderQpsToRts: Set ECE: IbDev 2 Port 1 qp_num 1995 set_ece={supported=1, vendor_id=0x15b3, options=0x30000002, comp_mask=0x0}
gx10-e146:63:73 [0] NCCL INFO NET/IB: Subnet-aware routing: overriding dev 4 with dev 0
gx10-e146:63:73 [0] NCCL INFO NET/IB: ncclIbSenderQpsCreate: QP created: port=1 dev=0 devName=rocep1s0f0 ndevs=4 nmdevs=6 qp_num=12332 pkey=0 pd=0xeff94807dd30 oooRq=0
gx10-e146:63:73 [0] NCCL INFO NET/IB: ncclIbSenderQpsCreate: QP created: port=1 dev=0 devName=rocep1s0f0 ndevs=4 nmdevs=6 qp_num=12333 pkey=0 pd=0xeff94807dd30 oooRq=0
gx10-e146:63:73 [0] NCCL INFO NET/IB: ncclIbConnectImpl: NCCL Dev 0 IbDev 0 Port 1 qp_num 12332 mtu 5 GID 6 (0/166A8C0FFFF0000) ctsFifoRkey=0x17ca8a ctsFifoLkey=0x17ca8a
gx10-e146:63:73 [0] NCCL INFO NET/IB: ncclIbConnectImpl: IbDev 0 Port 1 qp_num 12332 query_ece={supported=1, vendor_id=0x15b3, options=0x30000002, comp_mask=0x0}
gx10-e146:63:73 [0] NCCL INFO NET/IB: ncclIbConnectImpl: NCCL Dev 0 IbDev 0 Port 1 qp_num 12333 mtu 5 GID 6 (0/166A8C0FFFF0000) ctsFifoRkey=0x17ca8a ctsFifoLkey=0x17ca8a
gx10-e146:63:73 [0] NCCL INFO NET/IB: ncclIbConnectImpl: IbDev 0 Port 1 qp_num 12333 query_ece={supported=1, vendor_id=0x15b3, options=0x30000002, comp_mask=0x0}
gx10-e146:63:73 [0] NCCL INFO NET/IB: Subnet-aware routing: overriding dev 4 with dev 1
gx10-e146:63:73 [0] NCCL INFO NET/IB: ncclIbReceiverQpsCreateToRts: QP created: port=1 dev=1 devName=rocep1s0f1 ndevs=4 nmdevs=6 qp_num=15728 pkey=0 pd=0xeff94820def0 oooRq=0
gx10-e146:63:73 [0] NCCL INFO NET/IB: ncclIbReceiverQpsCreateToRts: QP created: port=1 dev=1 devName=rocep1s0f1 ndevs=4 nmdevs=6 qp_num=15729 pkey=0 pd=0xeff94820def0 oooRq=0
gx10-e146:63:73 [0] NCCL INFO NET/IB: ncclIbReceiverQpsCreateToRts: Flush QP created: port=1 dev=1 devName=rocep1s0f1 ndevs=4 nmdevs=6 qp_num=15730 pkey=0 pd=0xeff94820def0
gx10-e146:63:73 [0] NCCL INFO NET/IB: Subnet-aware routing: overriding dev 5 with dev 2
gx10-e146:63:73 [0] NCCL INFO NET/IB: ncclIbSenderQpsCreate: QP created: port=1 dev=2 devName=roceP2p1s0f0 ndevs=4 nmdevs=6 qp_num=1996 pkey=0 pd=0xeff9481a8970 oooRq=0
gx10-e146:63:73 [0] NCCL INFO NET/IB: ncclIbSenderQpsCreate: QP created: port=1 dev=2 devName=roceP2p1s0f0 ndevs=4 nmdevs=6 qp_num=1997 pkey=0 pd=0xeff9481a8970 oooRq=0
gx10-e146:63:73 [0] NCCL INFO NET/IB: ncclIbConnectImpl: NCCL Dev 2 IbDev 2 Port 1 qp_num 1996 mtu 5 GID 3 (0/170A8C0FFFF0000) ctsFifoRkey=0x199794 ctsFifoLkey=0x199794
gx10-e146:63:73 [0] NCCL INFO NET/IB: ncclIbConnectImpl: IbDev 2 Port 1 qp_num 1996 query_ece={supported=1, vendor_id=0x15b3, options=0x30000002, comp_mask=0x0}
gx10-e146:63:73 [0] NCCL INFO NET/IB: ncclIbConnectImpl: NCCL Dev 2 IbDev 2 Port 1 qp_num 1997 mtu 5 GID 3 (0/170A8C0FFFF0000) ctsFifoRkey=0x199794 ctsFifoLkey=0x199794
gx10-e146:63:73 [0] NCCL INFO NET/IB: ncclIbConnectImpl: IbDev 2 Port 1 qp_num 1997 query_ece={supported=1, vendor_id=0x15b3, options=0x30000002, comp_mask=0x0}
gx10-e146:63:73 [0] NCCL INFO NET/IB: Subnet-aware routing: overriding dev 5 with dev 3
gx10-e146:63:73 [0] NCCL INFO NET/IB: ncclIbReceiverQpsCreateToRts: QP created: port=1 dev=3 devName=roceP2p1s0f1 ndevs=4 nmdevs=6 qp_num=2806 pkey=0 pd=0xeff94803c970 oooRq=0
gx10-e146:63:73 [0] NCCL INFO NET/IB: ncclIbReceiverQpsCreateToRts: QP created: port=1 dev=3 devName=roceP2p1s0f1 ndevs=4 nmdevs=6 qp_num=2807 pkey=0 pd=0xeff94803c970 oooRq=0
gx10-e146:63:73 [0] NCCL INFO NET/IB: ncclIbReceiverQpsCreateToRts: Flush QP created: port=1 dev=3 devName=roceP2p1s0f1 ndevs=4 nmdevs=6 qp_num=2808 pkey=0 pd=0xeff94803c970
gx10-e146:63:73 [0] NCCL INFO NET/IB: Subnet-aware routing: overriding dev 4 with dev 0
gx10-e146:63:73 [0] NCCL INFO NET/IB: ncclIbResiliencyInit: Resiliency is disabled on the recv communicator (comm=0xeff8f8aaa000)
gx10-e146:63:73 [0] NCCL INFO NET/IB: ncclIbRecvCommInit: Receive work requests will be posted on-demand
gx10-e146:63:73 [0] NCCL INFO NET/IB: Subnet-aware routing: overriding dev 4 with dev 0
gx10-e146:63:73 [0] NCCL INFO NET/IB: ncclIbSenderQpsToRts: Set ECE: IbDev 0 Port 1 qp_num 12332 set_ece={supported=1, vendor_id=0x15b3, options=0x30000002, comp_mask=0x0}
gx10-e146:63:73 [0] NCCL INFO NET/IB: ncclIbSenderQpsToRts: Set ECE: IbDev 0 Port 1 qp_num 12333 set_ece={supported=1, vendor_id=0x15b3, options=0x30000002, comp_mask=0x0}
gx10-e146:63:73 [0] NCCL INFO NET/IB: Subnet-aware routing: overriding dev 5 with dev 2
gx10-e146:63:73 [0] NCCL INFO NET/IB: ncclIbSenderQpsToRts: Set ECE: IbDev 2 Port 1 qp_num 1996 set_ece={supported=1, vendor_id=0x15b3, options=0x30000002, comp_mask=0x0}
gx10-e146:63:73 [0] NCCL INFO NET/IB: ncclIbSenderQpsToRts: Set ECE: IbDev 2 Port 1 qp_num 1997 set_ece={supported=1, vendor_id=0x15b3, options=0x30000002, comp_mask=0x0}
gx10-e146:63:73 [0] NCCL INFO NET/IB: Subnet-aware routing: overriding dev 4 with dev 0
gx10-e146:63:73 [0] NCCL INFO NET/IB: ncclIbSenderQpsCreate: QP created: port=1 dev=0 devName=rocep1s0f0 ndevs=4 nmdevs=6 qp_num=12334 pkey=0 pd=0xeff94807dd30 oooRq=0
gx10-e146:63:73 [0] NCCL INFO NET/IB: ncclIbSenderQpsCreate: QP created: port=1 dev=0 devName=rocep1s0f0 ndevs=4 nmdevs=6 qp_num=12335 pkey=0 pd=0xeff94807dd30 oooRq=0
gx10-e146:63:73 [0] NCCL INFO NET/IB: ncclIbConnectImpl: NCCL Dev 0 IbDev 0 Port 1 qp_num 12334 mtu 5 GID 6 (0/166A8C0FFFF0000) ctsFifoRkey=0x1823e0 ctsFifoLkey=0x1823e0
gx10-e146:63:73 [0] NCCL INFO NET/IB: ncclIbConnectImpl: IbDev 0 Port 1 qp_num 12334 query_ece={supported=1, vendor_id=0x15b3, options=0x30000002, comp_mask=0x0}
gx10-e146:63:73 [0] NCCL INFO NET/IB: ncclIbConnectImpl: NCCL Dev 0 IbDev 0 Port 1 qp_num 12335 mtu 5 GID 6 (0/166A8C0FFFF0000) ctsFifoRkey=0x1823e0 ctsFifoLkey=0x1823e0
gx10-e146:63:73 [0] NCCL INFO NET/IB: ncclIbConnectImpl: IbDev 0 Port 1 qp_num 12335 query_ece={supported=1, vendor_id=0x15b3, options=0x30000002, comp_mask=0x0}
gx10-e146:63:73 [0] NCCL INFO NET/IB: Subnet-aware routing: overriding dev 4 with dev 1
gx10-e146:63:73 [0] NCCL INFO NET/IB: ncclIbReceiverQpsCreateToRts: QP created: port=1 dev=1 devName=rocep1s0f1 ndevs=4 nmdevs=6 qp_num=15731 pkey=0 pd=0xeff94820def0 oooRq=0
gx10-e146:63:73 [0] NCCL INFO NET/IB: ncclIbReceiverQpsCreateToRts: QP created: port=1 dev=1 devName=rocep1s0f1 ndevs=4 nmdevs=6 qp_num=15732 pkey=0 pd=0xeff94820def0 oooRq=0
gx10-e146:63:73 [0] NCCL INFO NET/IB: ncclIbReceiverQpsCreateToRts: Flush QP created: port=1 dev=1 devName=rocep1s0f1 ndevs=4 nmdevs=6 qp_num=15733 pkey=0 pd=0xeff94820def0
gx10-e146:63:73 [0] NCCL INFO NET/IB: Subnet-aware routing: overriding dev 5 with dev 2
gx10-e146:63:73 [0] NCCL INFO NET/IB: ncclIbResiliencyInit: Resiliency is disabled on the send communicator (comm=0xeff8f8bc0000)
gx10-e146:63:73 [0] NCCL INFO NET/IB: Subnet-aware routing: overriding dev 4 with dev 0
gx10-e146:63:73 [0] NCCL INFO NET/IB: Subnet-aware routing: overriding dev 5 with dev 2
gx10-e146:63:73 [0] NCCL INFO NET/IB: ncclIbResiliencyInit: Resiliency is disabled on the recv communicator (comm=0xeff8f8c04000)
gx10-e146:63:73 [0] NCCL INFO NET/IB: ncclIbRecvCommInit: Receive work requests will be posted on-demand
gx10-e146:63:73 [0] NCCL INFO NET/IB: Subnet-aware routing: overriding dev 4 with dev 0
gx10-e146:63:73 [0] NCCL INFO NET/IB: Subnet-aware routing: overriding dev 5 with dev 2
gx10-e146:63:73 [0] NCCL INFO NET/IB: Subnet-aware routing: overriding dev 4 with dev 0
gx10-e146:63:73 [0] NCCL INFO NET/IB: ncclIbResiliencyInit: Resiliency is disabled on the send communicator (comm=0xeff8f8c4c000)
gx10-e146:63:73 [0] NCCL INFO NET/IB: Subnet-aware routing: overriding dev 4 with dev 0
gx10-e146:63:73 [0] NCCL INFO NET/IB: Subnet-aware routing: overriding dev 5 with dev 2
gx10-e146:63:73 [0] NCCL INFO NET/IB: ncclIbSenderQpsCreate: QP created: port=1 dev=2 devName=roceP2p1s0f0 ndevs=4 nmdevs=6 qp_num=1998 pkey=0 pd=0xeff9481a8970 oooRq=0
gx10-e146:63:73 [0] NCCL INFO NET/IB: ncclIbSenderQpsCreate: QP created: port=1 dev=2 devName=roceP2p1s0f0 ndevs=4 nmdevs=6 qp_num=1999 pkey=0 pd=0xeff9481a8970 oooRq=0
gx10-e146:63:73 [0] NCCL INFO NET/IB: ncclIbConnectImpl: NCCL Dev 2 IbDev 2 Port 1 qp_num 1998 mtu 5 GID 3 (0/170A8C0FFFF0000) ctsFifoRkey=0x18cac8 ctsFifoLkey=0x18cac8
gx10-e146:63:73 [0] NCCL INFO NET/IB: ncclIbConnectImpl: IbDev 2 Port 1 qp_num 1998 query_ece={supported=1, vendor_id=0x15b3, options=0x30000002, comp_mask=0x0}
gx10-e146:63:73 [0] NCCL INFO NET/IB: ncclIbConnectImpl: NCCL Dev 2 IbDev 2 Port 1 qp_num 1999 mtu 5 GID 3 (0/170A8C0FFFF0000) ctsFifoRkey=0x18cac8 ctsFifoLkey=0x18cac8
gx10-e146:63:73 [0] NCCL INFO NET/IB: ncclIbConnectImpl: IbDev 2 Port 1 qp_num 1999 query_ece={supported=1, vendor_id=0x15b3, options=0x30000002, comp_mask=0x0}
gx10-e146:63:73 [0] NCCL INFO NET/IB: Subnet-aware routing: overriding dev 4 with dev 0
gx10-e146:63:73 [0] NCCL INFO NET/IB: ncclIbResiliencyInit: Resiliency is disabled on the recv communicator (comm=0xeff8f8ce7000)
gx10-e146:63:73 [0] NCCL INFO NET/IB: ncclIbRecvCommInit: Receive work requests will be posted on-demand
gx10-e146:63:73 [0] NCCL INFO NET/IB: Subnet-aware routing: overriding dev 4 with dev 0
gx10-e146:63:73 [0] NCCL INFO NET/IB: ncclIbSenderQpsToRts: Set ECE: IbDev 0 Port 1 qp_num 12334 set_ece={supported=1, vendor_id=0x15b3, options=0x30000002, comp_mask=0x0}
gx10-e146:63:73 [0] NCCL INFO NET/IB: ncclIbSenderQpsToRts: Set ECE: IbDev 0 Port 1 qp_num 12335 set_ece={supported=1, vendor_id=0x15b3, options=0x30000002, comp_mask=0x0}
gx10-e146:63:73 [0] NCCL INFO NET/IB: Subnet-aware routing: overriding dev 5 with dev 2
gx10-e146:63:73 [0] NCCL INFO NET/IB: Subnet-aware routing: overriding dev 5 with dev 3
gx10-e146:63:73 [0] NCCL INFO NET/IB: ncclIbReceiverQpsCreateToRts: QP created: port=1 dev=3 devName=roceP2p1s0f1 ndevs=4 nmdevs=6 qp_num=2809 pkey=0 pd=0xeff94803c970 oooRq=0
gx10-e146:63:73 [0] NCCL INFO NET/IB: ncclIbReceiverQpsCreateToRts: QP created: port=1 dev=3 devName=roceP2p1s0f1 ndevs=4 nmdevs=6 qp_num=2810 pkey=0 pd=0xeff94803c970 oooRq=0
gx10-e146:63:73 [0] NCCL INFO NET/IB: ncclIbReceiverQpsCreateToRts: Flush QP created: port=1 dev=3 devName=roceP2p1s0f1 ndevs=4 nmdevs=6 qp_num=2811 pkey=0 pd=0xeff94803c970
gx10-e146:63:73 [0] NCCL INFO NET/IB: Subnet-aware routing: overriding dev 4 with dev 0
gx10-e146:63:73 [0] NCCL INFO NET/IB: Subnet-aware routing: overriding dev 4 with dev 1
gx10-e146:63:73 [0] NCCL INFO NET/IB: ncclIbReceiverQpsCreateToRts: QP created: port=1 dev=1 devName=rocep1s0f1 ndevs=4 nmdevs=6 qp_num=15734 pkey=0 pd=0xeff94820def0 oooRq=0
gx10-e146:63:73 [0] NCCL INFO NET/IB: ncclIbReceiverQpsCreateToRts: QP created: port=1 dev=1 devName=rocep1s0f1 ndevs=4 nmdevs=6 qp_num=15735 pkey=0 pd=0xeff94820def0 oooRq=0
gx10-e146:63:73 [0] NCCL INFO NET/IB: ncclIbReceiverQpsCreateToRts: Flush QP created: port=1 dev=1 devName=rocep1s0f1 ndevs=4 nmdevs=6 qp_num=15736 pkey=0 pd=0xeff94820def0
gx10-e146:63:73 [0] NCCL INFO NET/IB: Subnet-aware routing: overriding dev 5 with dev 2
gx10-e146:63:73 [0] NCCL INFO NET/IB: ncclIbResiliencyInit: Resiliency is disabled on the send communicator (comm=0xeff8f8e21000)
gx10-e146:63:73 [0] NCCL INFO NET/IB: Subnet-aware routing: overriding dev 5 with dev 2
gx10-e146:63:73 [0] NCCL INFO NET/IB: ncclIbSenderQpsToRts: Set ECE: IbDev 2 Port 1 qp_num 1998 set_ece={supported=1, vendor_id=0x15b3, options=0x30000002, comp_mask=0x0}
gx10-e146:63:73 [0] NCCL INFO NET/IB: ncclIbSenderQpsToRts: Set ECE: IbDev 2 Port 1 qp_num 1999 set_ece={supported=1, vendor_id=0x15b3, options=0x30000002, comp_mask=0x0}
gx10-e146:63:73 [0] NCCL INFO NET/IB: Subnet-aware routing: overriding dev 4 with dev 0
gx10-e146:63:73 [0] NCCL INFO NET/IB: ncclIbSenderQpsCreate: QP created: port=1 dev=0 devName=rocep1s0f0 ndevs=4 nmdevs=6 qp_num=12336 pkey=0 pd=0xeff94807dd30 oooRq=0
gx10-e146:63:73 [0] NCCL INFO NET/IB: ncclIbSenderQpsCreate: QP created: port=1 dev=0 devName=rocep1s0f0 ndevs=4 nmdevs=6 qp_num=12337 pkey=0 pd=0xeff94807dd30 oooRq=0
gx10-e146:63:73 [0] NCCL INFO NET/IB: ncclIbConnectImpl: NCCL Dev 0 IbDev 0 Port 1 qp_num 12336 mtu 5 GID 6 (0/166A8C0FFFF0000) ctsFifoRkey=0x167021 ctsFifoLkey=0x167021
gx10-e146:63:73 [0] NCCL INFO NET/IB: ncclIbConnectImpl: IbDev 0 Port 1 qp_num 12336 query_ece={supported=1, vendor_id=0x15b3, options=0x30000002, comp_mask=0x0}
gx10-e146:63:73 [0] NCCL INFO NET/IB: ncclIbConnectImpl: NCCL Dev 0 IbDev 0 Port 1 qp_num 12337 mtu 5 GID 6 (0/166A8C0FFFF0000) ctsFifoRkey=0x167021 ctsFifoLkey=0x167021
gx10-e146:63:73 [0] NCCL INFO NET/IB: ncclIbConnectImpl: IbDev 0 Port 1 qp_num 12337 query_ece={supported=1, vendor_id=0x15b3, options=0x30000002, comp_mask=0x0}
gx10-e146:63:73 [0] NCCL INFO NET/IB: Subnet-aware routing: overriding dev 5 with dev 2
gx10-e146:63:73 [0] NCCL INFO NET/IB: ncclIbResiliencyInit: Resiliency is disabled on the recv communicator (comm=0xeff8f8eba000)
gx10-e146:63:73 [0] NCCL INFO NET/IB: ncclIbRecvCommInit: Receive work requests will be posted on-demand
gx10-e146:63:73 [0] NCCL INFO NET/IB: Subnet-aware routing: overriding dev 4 with dev 0
gx10-e146:63:73 [0] NCCL INFO NET/IB: Subnet-aware routing: overriding dev 5 with dev 2
gx10-e146:63:73 [0] NCCL INFO NET/IB: Subnet-aware routing: overriding dev 4 with dev 0
gx10-e146:63:73 [0] NCCL INFO NET/IB: ncclIbResiliencyInit: Resiliency is disabled on the send communicator (comm=0xeff8f8f02000)
gx10-e146:63:73 [0] NCCL INFO NET/IB: Subnet-aware routing: overriding dev 4 with dev 0
gx10-e146:63:73 [0] NCCL INFO NET/IB: Subnet-aware routing: overriding dev 5 with dev 2
gx10-e146:63:73 [0] NCCL INFO NET/IB: Subnet-aware routing: overriding dev 4 with dev 0
gx10-e146:63:73 [0] NCCL INFO NET/IB: ncclIbResiliencyInit: Resiliency is disabled on the recv communicator (comm=0xeff8f8f43000)
gx10-e146:63:73 [0] NCCL INFO NET/IB: ncclIbRecvCommInit: Receive work requests will be posted on-demand
gx10-e146:63:73 [0] NCCL INFO NET/IB: Subnet-aware routing: overriding dev 4 with dev 0
gx10-e146:63:73 [0] NCCL INFO NET/IB: Subnet-aware routing: overriding dev 5 with dev 2
gx10-e146:63:73 [0] NCCL INFO NET/IB: Subnet-aware routing: overriding dev 4 with dev 0
gx10-e146:63:73 [0] NCCL INFO NET/IB: Subnet-aware routing: overriding dev 5 with dev 2
gx10-e146:63:73 [0] NCCL INFO NET/IB: ncclIbResiliencyInit: Resiliency is disabled on the send communicator (comm=0xeff8f8f8e000)
gx10-e146:63:73 [0] NCCL INFO NET/IB: Subnet-aware routing: overriding dev 4 with dev 0
gx10-e146:63:73 [0] NCCL INFO NET/IB: ncclIbSenderQpsToRts: Set ECE: IbDev 0 Port 1 qp_num 12336 set_ece={supported=1, vendor_id=0x15b3, options=0x30000002, comp_mask=0x0}
gx10-e146:63:73 [0] NCCL INFO NET/IB: ncclIbSenderQpsToRts: Set ECE: IbDev 0 Port 1 qp_num 12337 set_ece={supported=1, vendor_id=0x15b3, options=0x30000002, comp_mask=0x0}
gx10-e146:63:73 [0] NCCL INFO NET/IB: Subnet-aware routing: overriding dev 5 with dev 2
gx10-e146:63:73 [0] NCCL INFO NET/IB: ncclIbSenderQpsCreate: QP created: port=1 dev=2 devName=roceP2p1s0f0 ndevs=4 nmdevs=6 qp_num=2000 pkey=0 pd=0xeff9481a8970 oooRq=0
gx10-e146:63:73 [0] NCCL INFO NET/IB: ncclIbSenderQpsCreate: QP created: port=1 dev=2 devName=roceP2p1s0f0 ndevs=4 nmdevs=6 qp_num=2001 pkey=0 pd=0xeff9481a8970 oooRq=0
gx10-e146:63:73 [0] NCCL INFO NET/IB: ncclIbConnectImpl: NCCL Dev 2 IbDev 2 Port 1 qp_num 2000 mtu 5 GID 3 (0/170A8C0FFFF0000) ctsFifoRkey=0x192923 ctsFifoLkey=0x192923
gx10-e146:63:73 [0] NCCL INFO NET/IB: ncclIbConnectImpl: IbDev 2 Port 1 qp_num 2000 query_ece={supported=1, vendor_id=0x15b3, options=0x30000002, comp_mask=0x0}
gx10-e146:63:73 [0] NCCL INFO NET/IB: ncclIbConnectImpl: NCCL Dev 2 IbDev 2 Port 1 qp_num 2001 mtu 5 GID 3 (0/170A8C0FFFF0000) ctsFifoRkey=0x192923 ctsFifoLkey=0x192923
gx10-e146:63:73 [0] NCCL INFO NET/IB: ncclIbConnectImpl: IbDev 2 Port 1 qp_num 2001 query_ece={supported=1, vendor_id=0x15b3, options=0x30000002, comp_mask=0x0}
gx10-e146:63:73 [0] NCCL INFO NET/IB: Subnet-aware routing: overriding dev 5 with dev 3
gx10-e146:63:73 [0] NCCL INFO NET/IB: ncclIbReceiverQpsCreateToRts: QP created: port=1 dev=3 devName=roceP2p1s0f1 ndevs=4 nmdevs=6 qp_num=2812 pkey=0 pd=0xeff94803c970 oooRq=0
gx10-e146:63:73 [0] NCCL INFO NET/IB: ncclIbReceiverQpsCreateToRts: QP created: port=1 dev=3 devName=roceP2p1s0f1 ndevs=4 nmdevs=6 qp_num=2813 pkey=0 pd=0xeff94803c970 oooRq=0
gx10-e146:63:73 [0] NCCL INFO NET/IB: ncclIbReceiverQpsCreateToRts: Flush QP created: port=1 dev=3 devName=roceP2p1s0f1 ndevs=4 nmdevs=6 qp_num=2814 pkey=0 pd=0xeff94803c970
gx10-e146:63:73 [0] NCCL INFO NET/IB: Subnet-aware routing: overriding dev 4 with dev 0
gx10-e146:63:73 [0] NCCL INFO NET/IB: ncclIbSenderQpsCreate: QP created: port=1 dev=0 devName=rocep1s0f0 ndevs=4 nmdevs=6 qp_num=12338 pkey=0 pd=0xeff94807dd30 oooRq=0
gx10-e146:63:73 [0] NCCL INFO NET/IB: ncclIbSenderQpsCreate: QP created: port=1 dev=0 devName=rocep1s0f0 ndevs=4 nmdevs=6 qp_num=12339 pkey=0 pd=0xeff94807dd30 oooRq=0
gx10-e146:63:73 [0] NCCL INFO NET/IB: ncclIbConnectImpl: NCCL Dev 0 IbDev 0 Port 1 qp_num 12338 mtu 5 GID 6 (0/166A8C0FFFF0000) ctsFifoRkey=0x174a07 ctsFifoLkey=0x174a07
gx10-e146:63:73 [0] NCCL INFO NET/IB: ncclIbConnectImpl: IbDev 0 Port 1 qp_num 12338 query_ece={supported=1, vendor_id=0x15b3, options=0x30000002, comp_mask=0x0}
gx10-e146:63:73 [0] NCCL INFO NET/IB: ncclIbConnectImpl: NCCL Dev 0 IbDev 0 Port 1 qp_num 12339 mtu 5 GID 6 (0/166A8C0FFFF0000) ctsFifoRkey=0x174a07 ctsFifoLkey=0x174a07
gx10-e146:63:73 [0] NCCL INFO NET/IB: ncclIbConnectImpl: IbDev 0 Port 1 qp_num 12339 query_ece={supported=1, vendor_id=0x15b3, options=0x30000002, comp_mask=0x0}
gx10-e146:63:73 [0] NCCL INFO NET/IB: Subnet-aware routing: overriding dev 4 with dev 1
gx10-e146:63:73 [0] NCCL INFO NET/IB: ncclIbReceiverQpsCreateToRts: QP created: port=1 dev=1 devName=rocep1s0f1 ndevs=4 nmdevs=6 qp_num=15737 pkey=0 pd=0xeff94820def0 oooRq=0
gx10-e146:63:73 [0] NCCL INFO NET/IB: ncclIbReceiverQpsCreateToRts: QP created: port=1 dev=1 devName=rocep1s0f1 ndevs=4 nmdevs=6 qp_num=15738 pkey=0 pd=0xeff94820def0 oooRq=0
gx10-e146:63:73 [0] NCCL INFO NET/IB: ncclIbReceiverQpsCreateToRts: Flush QP created: port=1 dev=1 devName=rocep1s0f1 ndevs=4 nmdevs=6 qp_num=15739 pkey=0 pd=0xeff94820def0
gx10-e146:63:73 [0] NCCL INFO NET/IB: Subnet-aware routing: overriding dev 5 with dev 2
gx10-e146:63:73 [0] NCCL INFO NET/IB: ncclIbResiliencyInit: Resiliency is disabled on the recv communicator (comm=0xeff8f9179000)
gx10-e146:63:73 [0] NCCL INFO NET/IB: ncclIbRecvCommInit: Receive work requests will be posted on-demand
gx10-e146:63:73 [0] NCCL INFO NET/IB: Subnet-aware routing: overriding dev 5 with dev 2
gx10-e146:63:73 [0] NCCL INFO NET/IB: ncclIbSenderQpsToRts: Set ECE: IbDev 2 Port 1 qp_num 2000 set_ece={supported=1, vendor_id=0x15b3, options=0x30000002, comp_mask=0x0}
gx10-e146:63:73 [0] NCCL INFO NET/IB: ncclIbSenderQpsToRts: Set ECE: IbDev 2 Port 1 qp_num 2001 set_ece={supported=1, vendor_id=0x15b3, options=0x30000002, comp_mask=0x0}
gx10-e146:63:73 [0] NCCL INFO NET/IB: Subnet-aware routing: overriding dev 4 with dev 0
gx10-e146:63:73 [0] NCCL INFO NET/IB: Subnet-aware routing: overriding dev 5 with dev 2
gx10-e146:63:73 [0] NCCL INFO NET/IB: Subnet-aware routing: overriding dev 5 with dev 3
gx10-e146:63:73 [0] NCCL INFO NET/IB: ncclIbReceiverQpsCreateToRts: QP created: port=1 dev=3 devName=roceP2p1s0f1 ndevs=4 nmdevs=6 qp_num=2815 pkey=0 pd=0xeff94803c970 oooRq=0
gx10-e146:63:73 [0] NCCL INFO NET/IB: ncclIbReceiverQpsCreateToRts: QP created: port=1 dev=3 devName=roceP2p1s0f1 ndevs=4 nmdevs=6 qp_num=2816 pkey=0 pd=0xeff94803c970 oooRq=0
gx10-e146:63:73 [0] NCCL INFO NET/IB: ncclIbReceiverQpsCreateToRts: Flush QP created: port=1 dev=3 devName=roceP2p1s0f1 ndevs=4 nmdevs=6 qp_num=2817 pkey=0 pd=0xeff94803c970
gx10-e146:63:73 [0] NCCL INFO NET/IB: Subnet-aware routing: overriding dev 4 with dev 0
gx10-e146:63:73 [0] NCCL INFO NET/IB: ncclIbResiliencyInit: Resiliency is disabled on the send communicator (comm=0xeff8f9231000)
gx10-e146:63:73 [0] NCCL INFO NET/IB: Subnet-aware routing: overriding dev 4 with dev 0
gx10-e146:63:73 [0] NCCL INFO NET/IB: ncclIbSenderQpsToRts: Set ECE: IbDev 0 Port 1 qp_num 12338 set_ece={supported=1, vendor_id=0x15b3, options=0x30000002, comp_mask=0x0}
gx10-e146:63:73 [0] NCCL INFO NET/IB: ncclIbSenderQpsToRts: Set ECE: IbDev 0 Port 1 qp_num 12339 set_ece={supported=1, vendor_id=0x15b3, options=0x30000002, comp_mask=0x0}
gx10-e146:63:73 [0] NCCL INFO NET/IB: Subnet-aware routing: overriding dev 5 with dev 2
gx10-e146:63:73 [0] NCCL INFO NET/IB: ncclIbSenderQpsCreate: QP created: port=1 dev=2 devName=roceP2p1s0f0 ndevs=4 nmdevs=6 qp_num=2002 pkey=0 pd=0xeff9481a8970 oooRq=0
gx10-e146:63:73 [0] NCCL INFO NET/IB: ncclIbSenderQpsCreate: QP created: port=1 dev=2 devName=roceP2p1s0f0 ndevs=4 nmdevs=6 qp_num=2003 pkey=0 pd=0xeff9481a8970 oooRq=0
gx10-e146:63:73 [0] NCCL INFO NET/IB: ncclIbConnectImpl: NCCL Dev 2 IbDev 2 Port 1 qp_num 2002 mtu 5 GID 3 (0/170A8C0FFFF0000) ctsFifoRkey=0x19605e ctsFifoLkey=0x19605e
gx10-e146:63:73 [0] NCCL INFO NET/IB: ncclIbConnectImpl: IbDev 2 Port 1 qp_num 2002 query_ece={supported=1, vendor_id=0x15b3, options=0x30000002, comp_mask=0x0}
gx10-e146:63:73 [0] NCCL INFO NET/IB: ncclIbConnectImpl: NCCL Dev 2 IbDev 2 Port 1 qp_num 2003 mtu 5 GID 3 (0/170A8C0FFFF0000) ctsFifoRkey=0x19605e ctsFifoLkey=0x19605e
gx10-e146:63:73 [0] NCCL INFO NET/IB: ncclIbConnectImpl: IbDev 2 Port 1 qp_num 2003 query_ece={supported=1, vendor_id=0x15b3, options=0x30000002, comp_mask=0x0}
gx10-e146:63:73 [0] NCCL INFO NET/IB: Subnet-aware routing: overriding dev 4 with dev 0
gx10-e146:63:73 [0] NCCL INFO NET/IB: ncclIbResiliencyInit: Resiliency is disabled on the recv communicator (comm=0xeff8f92cb000)
gx10-e146:63:73 [0] NCCL INFO NET/IB: ncclIbRecvCommInit: Receive work requests will be posted on-demand
gx10-e146:63:73 [0] NCCL INFO NET/IB: Subnet-aware routing: overriding dev 5 with dev 2
gx10-e146:63:73 [0] NCCL INFO NET/IB: Subnet-aware routing: overriding dev 4 with dev 0
gx10-e146:63:73 [0] NCCL INFO NET/IB: Subnet-aware routing: overriding dev 5 with dev 2
gx10-e146:63:73 [0] NCCL INFO NET/IB: ncclIbResiliencyInit: Resiliency is disabled on the send communicator (comm=0xeff8f9313000)
gx10-e146:63:73 [0] NCCL INFO NET/IB: Subnet-aware routing: overriding dev 5 with dev 2
gx10-e146:63:73 [0] NCCL INFO NET/IB: Subnet-aware routing: overriding dev 4 with dev 0
gx10-e146:63:73 [0] NCCL INFO NET/IB: Subnet-aware routing: overriding dev 5 with dev 2
gx10-e146:63:73 [0] NCCL INFO NET/IB: ncclIbResiliencyInit: Resiliency is disabled on the recv communicator (comm=0xeff8f9357000)
gx10-e146:63:73 [0] NCCL INFO NET/IB: ncclIbRecvCommInit: Receive work requests will be posted on-demand
gx10-e146:63:73 [0] NCCL INFO NET/IB: Subnet-aware routing: overriding dev 5 with dev 2
gx10-e146:63:73 [0] NCCL INFO NET/IB: ncclIbSenderQpsToRts: Set ECE: IbDev 2 Port 1 qp_num 2002 set_ece={supported=1, vendor_id=0x15b3, options=0x30000002, comp_mask=0x0}
gx10-e146:63:73 [0] NCCL INFO NET/IB: ncclIbSenderQpsToRts: Set ECE: IbDev 2 Port 1 qp_num 2003 set_ece={supported=1, vendor_id=0x15b3, options=0x30000002, comp_mask=0x0}
gx10-e146:63:73 [0] NCCL INFO NET/IB: Subnet-aware routing: overriding dev 4 with dev 0
gx10-e146:63:73 [0] NCCL INFO NET/IB: ncclIbSenderQpsCreate: QP created: port=1 dev=0 devName=rocep1s0f0 ndevs=4 nmdevs=6 qp_num=12340 pkey=0 pd=0xeff94807dd30 oooRq=0
gx10-e146:63:73 [0] NCCL INFO NET/IB: ncclIbSenderQpsCreate: QP created: port=1 dev=0 devName=rocep1s0f0 ndevs=4 nmdevs=6 qp_num=12341 pkey=0 pd=0xeff94807dd30 oooRq=0
gx10-e146:63:73 [0] NCCL INFO NET/IB: ncclIbConnectImpl: NCCL Dev 0 IbDev 0 Port 1 qp_num 12340 mtu 5 GID 6 (0/166A8C0FFFF0000) ctsFifoRkey=0x17d592 ctsFifoLkey=0x17d592
gx10-e146:63:73 [0] NCCL INFO NET/IB: ncclIbConnectImpl: IbDev 0 Port 1 qp_num 12340 query_ece={supported=1, vendor_id=0x15b3, options=0x30000002, comp_mask=0x0}
gx10-e146:63:73 [0] NCCL INFO NET/IB: ncclIbConnectImpl: NCCL Dev 0 IbDev 0 Port 1 qp_num 12341 mtu 5 GID 6 (0/166A8C0FFFF0000) ctsFifoRkey=0x17d592 ctsFifoLkey=0x17d592
gx10-e146:63:73 [0] NCCL INFO NET/IB: ncclIbConnectImpl: IbDev 0 Port 1 qp_num 12341 query_ece={supported=1, vendor_id=0x15b3, options=0x30000002, comp_mask=0x0}
gx10-e146:63:73 [0] NCCL INFO NET/IB: Subnet-aware routing: overriding dev 4 with dev 1
gx10-e146:63:73 [0] NCCL INFO NET/IB: ncclIbReceiverQpsCreateToRts: QP created: port=1 dev=1 devName=rocep1s0f1 ndevs=4 nmdevs=6 qp_num=15740 pkey=0 pd=0xeff94820def0 oooRq=0
gx10-e146:63:73 [0] NCCL INFO NET/IB: ncclIbReceiverQpsCreateToRts: QP created: port=1 dev=1 devName=rocep1s0f1 ndevs=4 nmdevs=6 qp_num=15741 pkey=0 pd=0xeff94820def0 oooRq=0
gx10-e146:63:73 [0] NCCL INFO NET/IB: ncclIbReceiverQpsCreateToRts: Flush QP created: port=1 dev=1 devName=rocep1s0f1 ndevs=4 nmdevs=6 qp_num=15742 pkey=0 pd=0xeff94820def0
gx10-e146:63:73 [0] NCCL INFO NET/IB: Subnet-aware routing: overriding dev 5 with dev 2
gx10-e146:63:73 [0] NCCL INFO NET/IB: ncclIbSenderQpsCreate: QP created: port=1 dev=2 devName=roceP2p1s0f0 ndevs=4 nmdevs=6 qp_num=2004 pkey=0 pd=0xeff9481a8970 oooRq=0
gx10-e146:63:73 [0] NCCL INFO NET/IB: ncclIbSenderQpsCreate: QP created: port=1 dev=2 devName=roceP2p1s0f0 ndevs=4 nmdevs=6 qp_num=2005 pkey=0 pd=0xeff9481a8970 oooRq=0
gx10-e146:63:73 [0] NCCL INFO NET/IB: ncclIbConnectImpl: NCCL Dev 2 IbDev 2 Port 1 qp_num 2004 mtu 5 GID 3 (0/170A8C0FFFF0000) ctsFifoRkey=0x18f3f2 ctsFifoLkey=0x18f3f2
gx10-e146:63:73 [0] NCCL INFO NET/IB: ncclIbConnectImpl: IbDev 2 Port 1 qp_num 2004 query_ece={supported=1, vendor_id=0x15b3, options=0x30000002, comp_mask=0x0}
gx10-e146:63:73 [0] NCCL INFO NET/IB: ncclIbConnectImpl: NCCL Dev 2 IbDev 2 Port 1 qp_num 2005 mtu 5 GID 3 (0/170A8C0FFFF0000) ctsFifoRkey=0x18f3f2 ctsFifoLkey=0x18f3f2
gx10-e146:63:73 [0] NCCL INFO NET/IB: ncclIbConnectImpl: IbDev 2 Port 1 qp_num 2005 query_ece={supported=1, vendor_id=0x15b3, options=0x30000002, comp_mask=0x0}
gx10-e146:63:73 [0] NCCL INFO NET/IB: Subnet-aware routing: overriding dev 5 with dev 3
gx10-e146:63:73 [0] NCCL INFO NET/IB: ncclIbReceiverQpsCreateToRts: QP created: port=1 dev=3 devName=roceP2p1s0f1 ndevs=4 nmdevs=6 qp_num=2818 pkey=0 pd=0xeff94803c970 oooRq=0
gx10-e146:63:73 [0] NCCL INFO NET/IB: ncclIbReceiverQpsCreateToRts: QP created: port=1 dev=3 devName=roceP2p1s0f1 ndevs=4 nmdevs=6 qp_num=2819 pkey=0 pd=0xeff94803c970 oooRq=0
gx10-e146:63:73 [0] NCCL INFO NET/IB: ncclIbReceiverQpsCreateToRts: Flush QP created: port=1 dev=3 devName=roceP2p1s0f1 ndevs=4 nmdevs=6 qp_num=2820 pkey=0 pd=0xeff94803c970
gx10-e146:63:73 [0] NCCL INFO NET/IB: Subnet-aware routing: overriding dev 4 with dev 0
gx10-e146:63:73 [0] NCCL INFO NET/IB: ncclIbResiliencyInit: Resiliency is disabled on the send communicator (comm=0xeff8f9545000)
gx10-e146:63:73 [0] NCCL INFO NET/IB: Subnet-aware routing: overriding dev 4 with dev 0
gx10-e146:63:73 [0] NCCL INFO NET/IB: ncclIbSenderQpsToRts: Set ECE: IbDev 0 Port 1 qp_num 12340 set_ece={supported=1, vendor_id=0x15b3, options=0x30000002, comp_mask=0x0}
gx10-e146:63:73 [0] NCCL INFO NET/IB: ncclIbSenderQpsToRts: Set ECE: IbDev 0 Port 1 qp_num 12341 set_ece={supported=1, vendor_id=0x15b3, options=0x30000002, comp_mask=0x0}
gx10-e146:63:73 [0] NCCL INFO NET/IB: Subnet-aware routing: overriding dev 5 with dev 2
gx10-e146:63:73 [0] NCCL INFO NET/IB: ncclIbSenderQpsToRts: Set ECE: IbDev 2 Port 1 qp_num 2004 set_ece={supported=1, vendor_id=0x15b3, options=0x30000002, comp_mask=0x0}
gx10-e146:63:73 [0] NCCL INFO NET/IB: ncclIbSenderQpsToRts: Set ECE: IbDev 2 Port 1 qp_num 2005 set_ece={supported=1, vendor_id=0x15b3, options=0x30000002, comp_mask=0x0}
gx10-e146:63:73 [0] NCCL INFO NET/IB: Subnet-aware routing: overriding dev 4 with dev 0
gx10-e146:63:73 [0] NCCL INFO NET/IB: ncclIbResiliencyInit: Resiliency is disabled on the recv communicator (comm=0xeff8f9586000)
gx10-e146:63:73 [0] NCCL INFO NET/IB: ncclIbRecvCommInit: Receive work requests will be posted on-demand
gx10-e146:63:73 [0] NCCL INFO NET/IB: Subnet-aware routing: overriding dev 4 with dev 0
gx10-e146:63:73 [0] NCCL INFO NET/IB: Subnet-aware routing: overriding dev 5 with dev 2
gx10-e146:63:73 [0] NCCL INFO NET/IB: ncclIbResiliencyInit: Resiliency is disabled on the send communicator (comm=0xeff8f95cb000)
gx10-e146:63:73 [0] NCCL INFO NET/IB: Subnet-aware routing: overriding dev 4 with dev 0
gx10-e146:63:73 [0] NCCL INFO NET/IB: ncclIbSenderQpsCreate: QP created: port=1 dev=0 devName=rocep1s0f0 ndevs=4 nmdevs=6 qp_num=12342 pkey=0 pd=0xeff94807dd30 oooRq=0
gx10-e146:63:73 [0] NCCL INFO NET/IB: ncclIbSenderQpsCreate: QP created: port=1 dev=0 devName=rocep1s0f0 ndevs=4 nmdevs=6 qp_num=12343 pkey=0 pd=0xeff94807dd30 oooRq=0
gx10-e146:63:73 [0] NCCL INFO NET/IB: ncclIbConnectImpl: NCCL Dev 0 IbDev 0 Port 1 qp_num 12342 mtu 5 GID 6 (0/166A8C0FFFF0000) ctsFifoRkey=0x15f9b6 ctsFifoLkey=0x15f9b6
gx10-e146:63:73 [0] NCCL INFO NET/IB: ncclIbConnectImpl: IbDev 0 Port 1 qp_num 12342 query_ece={supported=1, vendor_id=0x15b3, options=0x30000002, comp_mask=0x0}
gx10-e146:63:73 [0] NCCL INFO NET/IB: ncclIbConnectImpl: NCCL Dev 0 IbDev 0 Port 1 qp_num 12343 mtu 5 GID 6 (0/166A8C0FFFF0000) ctsFifoRkey=0x15f9b6 ctsFifoLkey=0x15f9b6
gx10-e146:63:73 [0] NCCL INFO NET/IB: ncclIbConnectImpl: IbDev 0 Port 1 qp_num 12343 query_ece={supported=1, vendor_id=0x15b3, options=0x30000002, comp_mask=0x0}
gx10-e146:63:73 [0] NCCL INFO NET/IB: Subnet-aware routing: overriding dev 4 with dev 1
gx10-e146:63:73 [0] NCCL INFO NET/IB: ncclIbReceiverQpsCreateToRts: QP created: port=1 dev=1 devName=rocep1s0f1 ndevs=4 nmdevs=6 qp_num=15743 pkey=0 pd=0xeff94820def0 oooRq=0
gx10-e146:63:73 [0] NCCL INFO NET/IB: ncclIbReceiverQpsCreateToRts: QP created: port=1 dev=1 devName=rocep1s0f1 ndevs=4 nmdevs=6 qp_num=15744 pkey=0 pd=0xeff94820def0 oooRq=0
gx10-e146:63:73 [0] NCCL INFO NET/IB: ncclIbReceiverQpsCreateToRts: Flush QP created: port=1 dev=1 devName=rocep1s0f1 ndevs=4 nmdevs=6 qp_num=15745 pkey=0 pd=0xeff94820def0
gx10-e146:63:73 [0] NCCL INFO NET/IB: Subnet-aware routing: overriding dev 5 with dev 2
gx10-e146:63:73 [0] NCCL INFO NET/IB: ncclIbResiliencyInit: Resiliency is disabled on the recv communicator (comm=0xeff8f96de000)
gx10-e146:63:73 [0] NCCL INFO NET/IB: ncclIbRecvCommInit: Receive work requests will be posted on-demand
gx10-e146:63:73 [0] NCCL INFO NET/IB: Subnet-aware routing: overriding dev 4 with dev 0
gx10-e146:63:73 [0] NCCL INFO NET/IB: Subnet-aware routing: overriding dev 5 with dev 2
gx10-e146:63:73 [0] NCCL INFO NET/IB: Subnet-aware routing: overriding dev 4 with dev 0
gx10-e146:63:73 [0] NCCL INFO NET/IB: ncclIbSenderQpsToRts: Set ECE: IbDev 0 Port 1 qp_num 12342 set_ece={supported=1, vendor_id=0x15b3, options=0x30000002, comp_mask=0x0}
gx10-e146:63:73 [0] NCCL INFO NET/IB: ncclIbSenderQpsToRts: Set ECE: IbDev 0 Port 1 qp_num 12343 set_ece={supported=1, vendor_id=0x15b3, options=0x30000002, comp_mask=0x0}
gx10-e146:63:73 [0] NCCL INFO NET/IB: Subnet-aware routing: overriding dev 5 with dev 2
gx10-e146:63:73 [0] NCCL INFO NET/IB: ncclIbSenderQpsCreate: QP created: port=1 dev=2 devName=roceP2p1s0f0 ndevs=4 nmdevs=6 qp_num=2006 pkey=0 pd=0xeff9481a8970 oooRq=0
gx10-e146:63:73 [0] NCCL INFO NET/IB: ncclIbSenderQpsCreate: QP created: port=1 dev=2 devName=roceP2p1s0f0 ndevs=4 nmdevs=6 qp_num=2007 pkey=0 pd=0xeff9481a8970 oooRq=0
gx10-e146:63:73 [0] NCCL INFO NET/IB: ncclIbConnectImpl: NCCL Dev 2 IbDev 2 Port 1 qp_num 2006 mtu 5 GID 3 (0/170A8C0FFFF0000) ctsFifoRkey=0x188481 ctsFifoLkey=0x188481
gx10-e146:63:73 [0] NCCL INFO NET/IB: ncclIbConnectImpl: IbDev 2 Port 1 qp_num 2006 query_ece={supported=1, vendor_id=0x15b3, options=0x30000002, comp_mask=0x0}
gx10-e146:63:73 [0] NCCL INFO NET/IB: ncclIbConnectImpl: NCCL Dev 2 IbDev 2 Port 1 qp_num 2007 mtu 5 GID 3 (0/170A8C0FFFF0000) ctsFifoRkey=0x188481 ctsFifoLkey=0x188481
gx10-e146:63:73 [0] NCCL INFO NET/IB: ncclIbConnectImpl: IbDev 2 Port 1 qp_num 2007 query_ece={supported=1, vendor_id=0x15b3, options=0x30000002, comp_mask=0x0}
gx10-e146:63:73 [0] NCCL INFO NET/IB: Subnet-aware routing: overriding dev 5 with dev 3
gx10-e146:63:73 [0] NCCL INFO NET/IB: ncclIbReceiverQpsCreateToRts: QP created: port=1 dev=3 devName=roceP2p1s0f1 ndevs=4 nmdevs=6 qp_num=2821 pkey=0 pd=0xeff94803c970 oooRq=0
gx10-e146:63:73 [0] NCCL INFO NET/IB: ncclIbReceiverQpsCreateToRts: QP created: port=1 dev=3 devName=roceP2p1s0f1 ndevs=4 nmdevs=6 qp_num=2822 pkey=0 pd=0xeff94803c970 oooRq=0
gx10-e146:63:73 [0] NCCL INFO NET/IB: ncclIbReceiverQpsCreateToRts: Flush QP created: port=1 dev=3 devName=roceP2p1s0f1 ndevs=4 nmdevs=6 qp_num=2823 pkey=0 pd=0xeff94803c970
gx10-e146:63:73 [0] NCCL INFO NET/IB: Subnet-aware routing: overriding dev 5 with dev 2
gx10-e146:63:73 [0] NCCL INFO NET/IB: Subnet-aware routing: overriding dev 5 with dev 2
gx10-e146:63:73 [0] NCCL INFO NET/IB: Subnet-aware routing: overriding dev 5 with dev 2
gx10-e146:63:73 [0] NCCL INFO NET/IB: ncclIbSenderQpsToRts: Set ECE: IbDev 2 Port 1 qp_num 2006 set_ece={supported=1, vendor_id=0x15b3, options=0x30000002, comp_mask=0x0}
gx10-e146:63:73 [0] NCCL INFO NET/IB: ncclIbSenderQpsToRts: Set ECE: IbDev 2 Port 1 qp_num 2007 set_ece={supported=1, vendor_id=0x15b3, options=0x30000002, comp_mask=0x0}
gx10-e146:63:63 [0] NCCL INFO Connected all rings, use ring PXN 0 GDR 0
########## NCCL_DEBUG from spark2 ##########
gx10-6b41:64:64 [0] NCCL INFO ncclOsDlopen(libnccl-env.so) failed: libnccl-env.so: cannot open shared object file: No such file or directory
gx10-6b41:64:64 [0] NCCL INFO ENV/Plugin: Could not find: libnccl-env.so
gx10-6b41:64:64 [0] NCCL INFO cudaDriverVersion 13000
gx10-6b41:64:64 [0] NCCL INFO NCCL_SOCKET_IFNAME set by environment to wlP9s9
gx10-6b41:64:64 [0] NCCL INFO NCCL_SOCKET_IFNAME set to wlP9s9
gx10-6b41:64:64 [0] NCCL INFO NCCL version 2.30.7+cuda13.3
gx10-6b41:64:64 [0] NCCL INFO NCCL git version HEAD a5187fa2e
gx10-6b41:64:64 [0] NCCL INFO Comm config nvlinkCentricSched set to 1
gx10-6b41:64:64 [0] NCCL INFO NCCL_NET_PLUGIN set by environment to none
gx10-6b41:64:64 [0] NCCL INFO NCCL_IB_DISABLE set by environment to 0.
gx10-6b41:64:64 [0] NCCL INFO dlvsym failed on mlx5dv_get_data_direct_sysfs_path - /lib/aarch64-linux-gnu/libmlx5.so: undefined symbol: mlx5dv_get_data_direct_sysfs_path, version MLX5_1.25 version MLX5_1.25
gx10-6b41:64:64 [0] NCCL INFO dlvsym failed on mlx5dv_reg_dmabuf_mr - /lib/aarch64-linux-gnu/libmlx5.so: undefined symbol: mlx5dv_reg_dmabuf_mr, version MLX5_1.25 version MLX5_1.25
gx10-6b41:64:64 [0] NCCL INFO NCCL_SOCKET_IFNAME set by environment to wlP9s9
gx10-6b41:64:64 [0] NCCL INFO NET/IB: [0] rocep1s0f0:uverbs0:1/RoCE provider=Mlx5 speed=200000 context=0xb40b52481070 pciPath=/sys/devices/pci0000:00/0000:00:00.0/0000:01:00.0 ar=0 oooRqSize=0
gx10-6b41:64:64 [0] NCCL INFO NET/IB: [1] rocep1s0f1:uverbs1:1/RoCE provider=Mlx5 speed=200000 context=0xb40b524c26c0 pciPath=/sys/devices/pci0000:00/0000:00:00.0/0000:01:00.0 ar=0 oooRqSize=0
gx10-6b41:64:64 [0] NCCL INFO NET/IB: [2] roceP2p1s0f0:uverbs2:1/RoCE provider=Mlx5 speed=200000 context=0xb40b52503d10 pciPath=/sys/devices/pci0002:00/0002:00:00.0/0002:01:00.0 ar=0 oooRqSize=0
gx10-6b41:64:64 [0] NCCL INFO NET/IB: [3] roceP2p1s0f1:uverbs3:1/RoCE provider=Mlx5 speed=200000 context=0xb40b52545360 pciPath=/sys/devices/pci0002:00/0002:00:00.0/0002:01:00.0 ar=0 oooRqSize=0
gx10-6b41:64:64 [0] NCCL INFO NET/IB : Made virtual device [0] name=rocep1s0f0 speed=200000 ndevs=1 rail=-1 plane=-1
gx10-6b41:64:64 [0] NCCL INFO NET/IB : Made virtual device [1] name=rocep1s0f1 speed=200000 ndevs=1 rail=-1 plane=-1
gx10-6b41:64:64 [0] NCCL INFO NET/IB : Made virtual device [2] name=roceP2p1s0f0 speed=200000 ndevs=1 rail=-1 plane=-1
gx10-6b41:64:64 [0] NCCL INFO NET/IB : Made virtual device [3] name=roceP2p1s0f1 speed=200000 ndevs=1 rail=-1 plane=-1
gx10-6b41:64:64 [0] NCCL INFO NET/IB : Using [0]rocep1s0f0:1/RoCE [1]rocep1s0f1:1/RoCE [2]roceP2p1s0f0:1/RoCE [3]roceP2p1s0f1:1/RoCE [RO]; OOB wlP9s9:192.168.1.27<0>
gx10-6b41:64:64 [0] NCCL INFO Initialized NET plugin IB
gx10-6b41:64:64 [0] NCCL INFO Assigned NET plugin IB to comm
gx10-6b41:64:64 [0] NCCL INFO ncclOsDlopen(libnccl-rma.so) failed: libnccl-rma.so: cannot open shared object file: No such file or directory
gx10-6b41:64:64 [0] NCCL INFO RMA/Plugin: Could not find: libnccl-rma.so
gx10-6b41:64:64 [0] NCCL INFO RMA/Plugin: Failed to load external plugin libnccl-rma.so, dlHandle: (nil), ncclRma: (nil)
gx10-6b41:64:64 [0] NCCL INFO RMA/Plugin: Assigned plugin RMA_IB_PROXY to comm
gx10-6b41:64:64 [0] NCCL INFO ncclOsDlopen(libnccl-gin.so) failed: libnccl-gin.so: cannot open shared object file: No such file or directory
gx10-6b41:64:64 [0] NCCL INFO GIN/Plugin: Could not find: libnccl-gin.so
gx10-6b41:64:64 [0] NCCL INFO GIN/Plugin: Failed to load external plugin libnccl-gin.so, dlHandle: (nil), ncclGin: (nil)
gx10-6b41:64:64 [0] NCCL INFO GIN/Plugin: Assigned plugin GIN_IB_GDAKI type 3 to comm
gx10-6b41:64:64 [0] NCCL INFO Using network IB
gx10-6b41:64:64 [0] NCCL INFO Loaded NVML from libnvidia-ml.so.1
gx10-6b41:64:64 [0] NCCL INFO [Rank 2] ncclCommInitRankConfig comm 0xb40b4f9bfe90 rank 2 nranks 3 cudaDev 0 nvmlDev 0 busId f01000 commId 0xd5911fddcc38eeb0 - Init START
gx10-6b41:64:64 [0] NCCL INFO Socket handshake magic 0x564ab9f2fc4b9d6c (built-in default)
gx10-6b41:64:64 [0] NCCL INFO RAS client listening socket at 127.0.0.1<28028>
gx10-6b41:64:64 [0] NCCL INFO Topology detection: could not read /sys/devices/system/node/node4294967295/cpumap, using empty affinity
gx10-6b41:64:64 [0] NCCL INFO TOPO/NET : Importing network plugins to topology
gx10-6b41:64:64 [0] NCCL INFO NET/GIN_IB_GDAKI : GPU Direct RDMA Disabled for HCA 0 'rocep1s0f0'
gx10-6b41:64:64 [0] NCCL INFO ncclTopoPopulateNics : Filled rocep1s0f0 in topo with pciPath=/sys/devices/pci0000:00/0000:00:00.0/0000:01:00.0 net=0 gin=1 rma=(null) keep=1 coll=(null) rail=-1 plane=-1
gx10-6b41:64:64 [0] NCCL INFO NET/GIN_IB_GDAKI : GPU Direct RDMA Disabled for HCA 1 'rocep1s0f1'
gx10-6b41:64:64 [0] NCCL INFO ncclTopoPopulateNics : Filled rocep1s0f1 in topo with pciPath=/sys/devices/pci0000:00/0000:00:00.0/0000:01:00.0 net=0 gin=1 rma=(null) keep=1 coll=(null) rail=-1 plane=-1
gx10-6b41:64:64 [0] NCCL INFO NET/GIN_IB_GDAKI : GPU Direct RDMA Disabled for HCA 2 'roceP2p1s0f0'
gx10-6b41:64:64 [0] NCCL INFO ncclTopoPopulateNics : Filled roceP2p1s0f0 in topo with pciPath=/sys/devices/pci0002:00/0002:00:00.0/0002:01:00.0 net=0 gin=1 rma=(null) keep=1 coll=(null) rail=-1 plane=-1
gx10-6b41:64:64 [0] NCCL INFO NET/GIN_IB_GDAKI : GPU Direct RDMA Disabled for HCA 3 'roceP2p1s0f1'
gx10-6b41:64:64 [0] NCCL INFO ncclTopoPopulateNics : Filled roceP2p1s0f1 in topo with pciPath=/sys/devices/pci0002:00/0002:00:00.0/0002:01:00.0 net=0 gin=1 rma=(null) keep=1 coll=(null) rail=-1 plane=-1
gx10-6b41:64:64 [0] NCCL INFO NET/RMA_IB_PROXY : GPU Direct RDMA Disabled for HCA 0 'rocep1s0f0'
gx10-6b41:64:64 [0] NCCL INFO ncclTopoPopulateNics : Filled rocep1s0f0 in topo with pciPath=/sys/devices/pci0000:00/0000:00:00.0/0000:01:00.0 net=0 gin=1 rma=1 keep=1 coll=(null) rail=-1 plane=-1
gx10-6b41:64:64 [0] NCCL INFO NET/RMA_IB_PROXY : GPU Direct RDMA Disabled for HCA 1 'rocep1s0f1'
gx10-6b41:64:64 [0] NCCL INFO ncclTopoPopulateNics : Filled rocep1s0f1 in topo with pciPath=/sys/devices/pci0000:00/0000:00:00.0/0000:01:00.0 net=0 gin=1 rma=1 keep=1 coll=(null) rail=-1 plane=-1
gx10-6b41:64:64 [0] NCCL INFO NET/RMA_IB_PROXY : GPU Direct RDMA Disabled for HCA 2 'roceP2p1s0f0'
gx10-6b41:64:64 [0] NCCL INFO ncclTopoPopulateNics : Filled roceP2p1s0f0 in topo with pciPath=/sys/devices/pci0002:00/0002:00:00.0/0002:01:00.0 net=0 gin=1 rma=1 keep=1 coll=(null) rail=-1 plane=-1
gx10-6b41:64:64 [0] NCCL INFO NET/RMA_IB_PROXY : GPU Direct RDMA Disabled for HCA 3 'roceP2p1s0f1'
gx10-6b41:64:64 [0] NCCL INFO ncclTopoPopulateNics : Filled roceP2p1s0f1 in topo with pciPath=/sys/devices/pci0002:00/0002:00:00.0/0002:01:00.0 net=0 gin=1 rma=1 keep=1 coll=(null) rail=-1 plane=-1
gx10-6b41:64:64 [0] NCCL INFO NET/IB : GPU Direct RDMA Disabled for HCA 0 'rocep1s0f0'
gx10-6b41:64:64 [0] NCCL INFO ncclTopoPopulateNics : Filled rocep1s0f0 in topo with pciPath=/sys/devices/pci0000:00/0000:00:00.0/0000:01:00.0 net=1 gin=1 rma=1 keep=1 coll=(null) rail=-1 plane=-1
gx10-6b41:64:64 [0] NCCL INFO NET/IB : GPU Direct RDMA Disabled for HCA 1 'rocep1s0f1'
gx10-6b41:64:64 [0] NCCL INFO ncclTopoPopulateNics : Filled rocep1s0f1 in topo with pciPath=/sys/devices/pci0000:00/0000:00:00.0/0000:01:00.0 net=1 gin=1 rma=1 keep=1 coll=(null) rail=-1 plane=-1
gx10-6b41:64:64 [0] NCCL INFO NET/IB : GPU Direct RDMA Disabled for HCA 2 'roceP2p1s0f0'
gx10-6b41:64:64 [0] NCCL INFO ncclTopoPopulateNics : Filled roceP2p1s0f0 in topo with pciPath=/sys/devices/pci0002:00/0002:00:00.0/0002:01:00.0 net=1 gin=1 rma=1 keep=1 coll=(null) rail=-1 plane=-1
gx10-6b41:64:64 [0] NCCL INFO NET/IB : GPU Direct RDMA Disabled for HCA 3 'roceP2p1s0f1'
gx10-6b41:64:64 [0] NCCL INFO ncclTopoPopulateNics : Filled roceP2p1s0f1 in topo with pciPath=/sys/devices/pci0002:00/0002:00:00.0/0002:01:00.0 net=1 gin=1 rma=1 keep=1 coll=(null) rail=-1 plane=-1
gx10-6b41:64:64 [0] NCCL INFO NET/IB : Made virtual device [4] name=rocep1s0f0+rocep1s0f1 speed=400000 ndevs=2 rail=-1 plane=16385
gx10-6b41:64:64 [0] NCCL INFO TOPO/NET : Made vNic 4
gx10-6b41:64:64 [0] NCCL INFO NET/IB : Made virtual device [5] name=roceP2p1s0f0+roceP2p1s0f1 speed=400000 ndevs=2 rail=-1 plane=16385
gx10-6b41:64:64 [0] NCCL INFO TOPO/NET : Made vNic 5
gx10-6b41:64:64 [0] NCCL INFO NET/IB : GPU Direct RDMA Disabled for HCA 4 'rocep1s0f0+rocep1s0f1'
gx10-6b41:64:64 [0] NCCL INFO ncclTopoPopulateNics : Filled rocep1s0f0+rocep1s0f1 in topo with pciPath=/sys/devices/pci0000:00/0000:00:00.0/0000:01:00.0 net=1 gin=(null) rma=(null) keep=1 coll=(null) rail=-1 plane=16385
gx10-6b41:64:64 [0] NCCL INFO NET/IB : GPU Direct RDMA Disabled for HCA 5 'roceP2p1s0f0+roceP2p1s0f1'
gx10-6b41:64:64 [0] NCCL INFO ncclTopoPopulateNics : Filled roceP2p1s0f0+roceP2p1s0f1 in topo with pciPath=/sys/devices/pci0002:00/0002:00:00.0/0002:01:00.0 net=1 gin=(null) rma=(null) keep=1 coll=(null) rail=-1 plane=16385
gx10-6b41:64:64 [0] NCCL INFO === System : maxBw 12.0 totalBw 0.2 ===
gx10-6b41:64:64 [0] NCCL INFO CPU/0-ffffffffffffff (3/-1/-1)
gx10-6b41:64:64 [0] NCCL INFO + C2C[345.0] - DEV/0-f01000
gx10-6b41:64:64 [0] NCCL INFO + PCI[12.0] - NIC/0-1000
gx10-6b41:64:64 [0] NCCL INFO               + NET[50.0] - NET/0-4 (0/426bbe000399c530/1/50.000000)
gx10-6b41:64:64 [0] NCCL INFO               + NET[25.0] - GIN/0-0
gx10-6b41:64:64 [0] NCCL INFO               + NET[25.0] - RMA/0-0
gx10-6b41:64:64 [0] NCCL INFO               + NET[25.0] - GIN/0-1
gx10-6b41:64:64 [0] NCCL INFO               + NET[25.0] - RMA/0-1
gx10-6b41:64:64 [0] NCCL INFO + PCI[12.0] - NIC/0-201000
gx10-6b41:64:64 [0] NCCL INFO               + NET[50.0] - NET/0-5 (0/426bbe000399c530/1/50.000000)
gx10-6b41:64:64 [0] NCCL INFO               + NET[25.0] - GIN/0-2
gx10-6b41:64:64 [0] NCCL INFO               + NET[25.0] - RMA/0-2
gx10-6b41:64:64 [0] NCCL INFO               + NET[25.0] - GIN/0-3
gx10-6b41:64:64 [0] NCCL INFO               + NET[25.0] - RMA/0-3
gx10-6b41:64:64 [0] NCCL INFO + PCI[0.2] - DEV/0-f01000 (10de2e1210de0000)
gx10-6b41:64:64 [0] NCCL INFO              + LOC[5000.0] - GPU/0-f01000
gx10-6b41:64:64 [0] NCCL INFO              + C2C[345.0] - CPU/0-ffffffffffffff
gx10-6b41:64:64 [0] NCCL INFO ==========================================
gx10-6b41:64:64 [0] NCCL INFO GPU/0-f01000 :GPU/0-f01000 (0/5000.0/LOC) CPU/0-ffffffffffffff (2/345.0/C2C) NET/0-4 (4/12.0/P2C) NET/0-5 (4/12.0/P2C) GIN/0-0 (4/12.0/PHB) GIN/0-1 (4/12.0/PHB) GIN/0-2 (4/12.0/PHB) GIN/0-3 (4/12.0/PHB) RMA/0-0 (4/12.0/PHB) RMA/0-1 (4/12.0/PHB) RMA/0-2 (4/12.0/PHB) RMA/0-3 (4/12.0/PHB) DEV/0-f01000 (1/5000.0/LOC) 
gx10-6b41:64:64 [0] NCCL INFO NET/0-4 :GPU/0-f01000 (4/12.0/P2C) CPU/0-ffffffffffffff (2/12.0/PHB) NET/0-4 (0/5000.0/LOC) NET/0-5 (4/12.0/PHB) GIN/0-0 (2/25.0/LOC) GIN/0-1 (2/25.0/LOC) GIN/0-2 (4/12.0/PHB) GIN/0-3 (4/12.0/PHB) RMA/0-0 (2/25.0/LOC) RMA/0-1 (2/25.0/LOC) RMA/0-2 (4/12.0/PHB) RMA/0-3 (4/12.0/PHB) DEV/0-f01000 (3/12.0/PHB) 
gx10-6b41:64:64 [0] NCCL INFO NET/0-5 :GPU/0-f01000 (4/12.0/P2C) CPU/0-ffffffffffffff (2/12.0/PHB) NET/0-4 (4/12.0/PHB) NET/0-5 (0/5000.0/LOC) GIN/0-0 (4/12.0/PHB) GIN/0-1 (4/12.0/PHB) GIN/0-2 (2/25.0/LOC) GIN/0-3 (2/25.0/LOC) RMA/0-0 (4/12.0/PHB) RMA/0-1 (4/12.0/PHB) RMA/0-2 (2/25.0/LOC) RMA/0-3 (2/25.0/LOC) DEV/0-f01000 (3/12.0/PHB) 
gx10-6b41:64:64 [0] NCCL INFO GIN/0-0 :GPU/0-f01000 (4/12.0/PHB) CPU/0-ffffffffffffff (2/12.0/PHB) NET/0-4 (2/25.0/LOC) NET/0-5 (4/12.0/PHB) GIN/0-0 (0/5000.0/LOC) GIN/0-1 (2/25.0/LOC) GIN/0-2 (4/12.0/PHB) GIN/0-3 (4/12.0/PHB) RMA/0-0 (2/25.0/LOC) RMA/0-1 (2/25.0/LOC) RMA/0-2 (4/12.0/PHB) RMA/0-3 (4/12.0/PHB) DEV/0-f01000 (3/12.0/PHB) 
gx10-6b41:64:64 [0] NCCL INFO GIN/0-1 :GPU/0-f01000 (4/12.0/PHB) CPU/0-ffffffffffffff (2/12.0/PHB) NET/0-4 (2/25.0/LOC) NET/0-5 (4/12.0/PHB) GIN/0-0 (2/25.0/LOC) GIN/0-1 (0/5000.0/LOC) GIN/0-2 (4/12.0/PHB) GIN/0-3 (4/12.0/PHB) RMA/0-0 (2/25.0/LOC) RMA/0-1 (2/25.0/LOC) RMA/0-2 (4/12.0/PHB) RMA/0-3 (4/12.0/PHB) DEV/0-f01000 (3/12.0/PHB) 
gx10-6b41:64:64 [0] NCCL INFO GIN/0-2 :GPU/0-f01000 (4/12.0/PHB) CPU/0-ffffffffffffff (2/12.0/PHB) NET/0-4 (4/12.0/PHB) NET/0-5 (2/25.0/LOC) GIN/0-0 (4/12.0/PHB) GIN/0-1 (4/12.0/PHB) GIN/0-2 (0/5000.0/LOC) GIN/0-3 (2/25.0/LOC) RMA/0-0 (4/12.0/PHB) RMA/0-1 (4/12.0/PHB) RMA/0-2 (2/25.0/LOC) RMA/0-3 (2/25.0/LOC) DEV/0-f01000 (3/12.0/PHB) 
gx10-6b41:64:64 [0] NCCL INFO GIN/0-3 :GPU/0-f01000 (4/12.0/PHB) CPU/0-ffffffffffffff (2/12.0/PHB) NET/0-4 (4/12.0/PHB) NET/0-5 (2/25.0/LOC) GIN/0-0 (4/12.0/PHB) GIN/0-1 (4/12.0/PHB) GIN/0-2 (2/25.0/LOC) GIN/0-3 (0/5000.0/LOC) RMA/0-0 (4/12.0/PHB) RMA/0-1 (4/12.0/PHB) RMA/0-2 (2/25.0/LOC) RMA/0-3 (2/25.0/LOC) DEV/0-f01000 (3/12.0/PHB) 
gx10-6b41:64:64 [0] NCCL INFO RMA/0-0 :GPU/0-f01000 (4/12.0/PHB) CPU/0-ffffffffffffff (2/12.0/PHB) NET/0-4 (2/25.0/LOC) NET/0-5 (4/12.0/PHB) GIN/0-0 (2/25.0/LOC) GIN/0-1 (2/25.0/LOC) GIN/0-2 (4/12.0/PHB) GIN/0-3 (4/12.0/PHB) RMA/0-0 (0/5000.0/LOC) RMA/0-1 (2/25.0/LOC) RMA/0-2 (4/12.0/PHB) RMA/0-3 (4/12.0/PHB) DEV/0-f01000 (3/12.0/PHB) 
gx10-6b41:64:64 [0] NCCL INFO RMA/0-1 :GPU/0-f01000 (4/12.0/PHB) CPU/0-ffffffffffffff (2/12.0/PHB) NET/0-4 (2/25.0/LOC) NET/0-5 (4/12.0/PHB) GIN/0-0 (2/25.0/LOC) GIN/0-1 (2/25.0/LOC) GIN/0-2 (4/12.0/PHB) GIN/0-3 (4/12.0/PHB) RMA/0-0 (2/25.0/LOC) RMA/0-1 (0/5000.0/LOC) RMA/0-2 (4/12.0/PHB) RMA/0-3 (4/12.0/PHB) DEV/0-f01000 (3/12.0/PHB) 
gx10-6b41:64:64 [0] NCCL INFO RMA/0-2 :GPU/0-f01000 (4/12.0/PHB) CPU/0-ffffffffffffff (2/12.0/PHB) NET/0-4 (4/12.0/PHB) NET/0-5 (2/25.0/LOC) GIN/0-0 (4/12.0/PHB) GIN/0-1 (4/12.0/PHB) GIN/0-2 (2/25.0/LOC) GIN/0-3 (2/25.0/LOC) RMA/0-0 (4/12.0/PHB) RMA/0-1 (4/12.0/PHB) RMA/0-2 (0/5000.0/LOC) RMA/0-3 (2/25.0/LOC) DEV/0-f01000 (3/12.0/PHB) 
gx10-6b41:64:64 [0] NCCL INFO RMA/0-3 :GPU/0-f01000 (4/12.0/PHB) CPU/0-ffffffffffffff (2/12.0/PHB) NET/0-4 (4/12.0/PHB) NET/0-5 (2/25.0/LOC) GIN/0-0 (4/12.0/PHB) GIN/0-1 (4/12.0/PHB) GIN/0-2 (2/25.0/LOC) GIN/0-3 (2/25.0/LOC) RMA/0-0 (4/12.0/PHB) RMA/0-1 (4/12.0/PHB) RMA/0-2 (2/25.0/LOC) RMA/0-3 (0/5000.0/LOC) DEV/0-f01000 (3/12.0/PHB) 
gx10-6b41:64:64 [0] NCCL INFO ncclTopoGetCpuAffinity: Affinity for GPU 0 is empty, ignoring. (GPU affinity =  ; CPU affinity = 0-19).
gx10-6b41:64:64 [0] NCCL INFO Pattern 4, crossNic 0, nChannels 32, bw 0.240000/0.240000, type LOC/P2C, sameChannels 1
gx10-6b41:64:64 [0] NCCL INFO  0 : NET/0-4 GPU/0-f01000 NET/0-4
gx10-6b41:64:64 [0] NCCL INFO  1 : NET/0-5 GPU/0-f01000 NET/0-4
gx10-6b41:64:64 [0] NCCL INFO  2 : NET/0-4 GPU/0-f01000 NET/0-4
gx10-6b41:64:64 [0] NCCL INFO  3 : NET/0-5 GPU/0-f01000 NET/0-4
gx10-6b41:64:64 [0] NCCL INFO  4 : NET/0-4 GPU/0-f01000 NET/0-4
gx10-6b41:64:64 [0] NCCL INFO  5 : NET/0-5 GPU/0-f01000 NET/0-4
gx10-6b41:64:64 [0] NCCL INFO  6 : NET/0-4 GPU/0-f01000 NET/0-4
gx10-6b41:64:64 [0] NCCL INFO  7 : NET/0-5 GPU/0-f01000 NET/0-4
gx10-6b41:64:64 [0] NCCL INFO  8 : NET/0-4 GPU/0-f01000 NET/0-4
gx10-6b41:64:64 [0] NCCL INFO  9 : NET/0-5 GPU/0-f01000 NET/0-4
gx10-6b41:64:64 [0] NCCL INFO 10 : NET/0-4 GPU/0-f01000 NET/0-4
gx10-6b41:64:64 [0] NCCL INFO 11 : NET/0-5 GPU/0-f01000 NET/0-4
gx10-6b41:64:64 [0] NCCL INFO 12 : NET/0-4 GPU/0-f01000 NET/0-4
gx10-6b41:64:64 [0] NCCL INFO 13 : NET/0-5 GPU/0-f01000 NET/0-4
gx10-6b41:64:64 [0] NCCL INFO 14 : NET/0-4 GPU/0-f01000 NET/0-4
gx10-6b41:64:64 [0] NCCL INFO 15 : NET/0-5 GPU/0-f01000 NET/0-4
gx10-6b41:64:64 [0] NCCL INFO 16 : NET/0-4 GPU/0-f01000 NET/0-4
gx10-6b41:64:64 [0] NCCL INFO 17 : NET/0-5 GPU/0-f01000 NET/0-4
gx10-6b41:64:64 [0] NCCL INFO 18 : NET/0-4 GPU/0-f01000 NET/0-4
gx10-6b41:64:64 [0] NCCL INFO 19 : NET/0-5 GPU/0-f01000 NET/0-4
gx10-6b41:64:64 [0] NCCL INFO 20 : NET/0-4 GPU/0-f01000 NET/0-4
gx10-6b41:64:64 [0] NCCL INFO 21 : NET/0-5 GPU/0-f01000 NET/0-4
gx10-6b41:64:64 [0] NCCL INFO 22 : NET/0-4 GPU/0-f01000 NET/0-4
gx10-6b41:64:64 [0] NCCL INFO 23 : NET/0-5 GPU/0-f01000 NET/0-4
gx10-6b41:64:64 [0] NCCL INFO 24 : NET/0-4 GPU/0-f01000 NET/0-4
gx10-6b41:64:64 [0] NCCL INFO 25 : NET/0-5 GPU/0-f01000 NET/0-4
gx10-6b41:64:64 [0] NCCL INFO 26 : NET/0-4 GPU/0-f01000 NET/0-4
gx10-6b41:64:64 [0] NCCL INFO 27 : NET/0-5 GPU/0-f01000 NET/0-4
gx10-6b41:64:64 [0] NCCL INFO 28 : NET/0-4 GPU/0-f01000 NET/0-4
gx10-6b41:64:64 [0] NCCL INFO 29 : NET/0-5 GPU/0-f01000 NET/0-4
gx10-6b41:64:64 [0] NCCL INFO 30 : NET/0-4 GPU/0-f01000 NET/0-4
gx10-6b41:64:64 [0] NCCL INFO 31 : NET/0-5 GPU/0-f01000 NET/0-4
gx10-6b41:64:64 [0] NCCL INFO Pattern 3, crossNic 0, nChannels 32, bw 0.240000/0.120000, type LOC/P2C, sameChannels 1
gx10-6b41:64:64 [0] NCCL INFO  0 : NET/0-4 GPU/0-f01000 NET/0-4
gx10-6b41:64:64 [0] NCCL INFO  1 : NET/0-5 GPU/0-f01000 NET/0-5
gx10-6b41:64:64 [0] NCCL INFO  2 : NET/0-4 GPU/0-f01000 NET/0-4
gx10-6b41:64:64 [0] NCCL INFO  3 : NET/0-5 GPU/0-f01000 NET/0-5
gx10-6b41:64:64 [0] NCCL INFO  4 : NET/0-4 GPU/0-f01000 NET/0-4
gx10-6b41:64:64 [0] NCCL INFO  5 : NET/0-5 GPU/0-f01000 NET/0-5
gx10-6b41:64:64 [0] NCCL INFO  6 : NET/0-4 GPU/0-f01000 NET/0-4
gx10-6b41:64:64 [0] NCCL INFO  7 : NET/0-5 GPU/0-f01000 NET/0-5
gx10-6b41:64:64 [0] NCCL INFO  8 : NET/0-4 GPU/0-f01000 NET/0-4
gx10-6b41:64:64 [0] NCCL INFO  9 : NET/0-5 GPU/0-f01000 NET/0-5
gx10-6b41:64:64 [0] NCCL INFO 10 : NET/0-4 GPU/0-f01000 NET/0-4
gx10-6b41:64:64 [0] NCCL INFO 11 : NET/0-5 GPU/0-f01000 NET/0-5
gx10-6b41:64:64 [0] NCCL INFO 12 : NET/0-4 GPU/0-f01000 NET/0-4
gx10-6b41:64:64 [0] NCCL INFO 13 : NET/0-5 GPU/0-f01000 NET/0-5
gx10-6b41:64:64 [0] NCCL INFO 14 : NET/0-4 GPU/0-f01000 NET/0-4
gx10-6b41:64:64 [0] NCCL INFO 15 : NET/0-5 GPU/0-f01000 NET/0-5
gx10-6b41:64:64 [0] NCCL INFO 16 : NET/0-4 GPU/0-f01000 NET/0-4
gx10-6b41:64:64 [0] NCCL INFO 17 : NET/0-5 GPU/0-f01000 NET/0-5
gx10-6b41:64:64 [0] NCCL INFO 18 : NET/0-4 GPU/0-f01000 NET/0-4
gx10-6b41:64:64 [0] NCCL INFO 19 : NET/0-5 GPU/0-f01000 NET/0-5
gx10-6b41:64:64 [0] NCCL INFO 20 : NET/0-4 GPU/0-f01000 NET/0-4
gx10-6b41:64:64 [0] NCCL INFO 21 : NET/0-5 GPU/0-f01000 NET/0-5
gx10-6b41:64:64 [0] NCCL INFO 22 : NET/0-4 GPU/0-f01000 NET/0-4
gx10-6b41:64:64 [0] NCCL INFO 23 : NET/0-5 GPU/0-f01000 NET/0-5
gx10-6b41:64:64 [0] NCCL INFO 24 : NET/0-4 GPU/0-f01000 NET/0-4
gx10-6b41:64:64 [0] NCCL INFO 25 : NET/0-5 GPU/0-f01000 NET/0-5
gx10-6b41:64:64 [0] NCCL INFO 26 : NET/0-4 GPU/0-f01000 NET/0-4
gx10-6b41:64:64 [0] NCCL INFO 27 : NET/0-5 GPU/0-f01000 NET/0-5
gx10-6b41:64:64 [0] NCCL INFO 28 : NET/0-4 GPU/0-f01000 NET/0-4
gx10-6b41:64:64 [0] NCCL INFO 29 : NET/0-5 GPU/0-f01000 NET/0-5
gx10-6b41:64:64 [0] NCCL INFO 30 : NET/0-4 GPU/0-f01000 NET/0-4
gx10-6b41:64:64 [0] NCCL INFO 31 : NET/0-5 GPU/0-f01000 NET/0-5
gx10-6b41:64:64 [0] NCCL INFO Rank 2: 6 Net devices
gx10-6b41:64:64 [0] NCCL INFO Rank 2: 0 CollNet devices
gx10-6b41:64:64 [0] NCCL INFO comm 0xb40b4f9bfe90 rank 2 nRanks 3 nNodes 3 localRanks 1 localRank 0 MNNVL 0
gx10-6b41:64:64 [0] NCCL INFO Tree 0 : 0 -> 2 -> 1/-1/-1
gx10-6b41:64:64 [0] NCCL INFO Tree 32 : 0 -> 2 -> -1/-1/-1
gx10-6b41:64:64 [0] NCCL INFO Tree 1 : 0 -> 2 -> 1/-1/-1
gx10-6b41:64:64 [0] NCCL INFO Tree 33 : 0 -> 2 -> -1/-1/-1
gx10-6b41:64:64 [0] NCCL INFO Tree 2 : 0 -> 2 -> 1/-1/-1
gx10-6b41:64:64 [0] NCCL INFO Tree 34 : 0 -> 2 -> -1/-1/-1
gx10-6b41:64:64 [0] NCCL INFO Tree 3 : 0 -> 2 -> 1/-1/-1
gx10-6b41:64:64 [0] NCCL INFO Tree 35 : 0 -> 2 -> -1/-1/-1
gx10-6b41:64:64 [0] NCCL INFO Tree 4 : 0 -> 2 -> 1/-1/-1
gx10-6b41:64:64 [0] NCCL INFO Tree 36 : 0 -> 2 -> -1/-1/-1
gx10-6b41:64:64 [0] NCCL INFO Tree 5 : 0 -> 2 -> 1/-1/-1
gx10-6b41:64:64 [0] NCCL INFO Tree 37 : 0 -> 2 -> -1/-1/-1
gx10-6b41:64:64 [0] NCCL INFO Tree 6 : 0 -> 2 -> 1/-1/-1
gx10-6b41:64:64 [0] NCCL INFO Tree 38 : 0 -> 2 -> -1/-1/-1
gx10-6b41:64:64 [0] NCCL INFO Tree 7 : 0 -> 2 -> 1/-1/-1
gx10-6b41:64:64 [0] NCCL INFO Tree 39 : 0 -> 2 -> -1/-1/-1
gx10-6b41:64:64 [0] NCCL INFO Tree 8 : 0 -> 2 -> 1/-1/-1
gx10-6b41:64:64 [0] NCCL INFO Tree 40 : 0 -> 2 -> -1/-1/-1
gx10-6b41:64:64 [0] NCCL INFO Tree 9 : 0 -> 2 -> 1/-1/-1
gx10-6b41:64:64 [0] NCCL INFO Tree 41 : 0 -> 2 -> -1/-1/-1
gx10-6b41:64:64 [0] NCCL INFO Tree 10 : 0 -> 2 -> 1/-1/-1
gx10-6b41:64:64 [0] NCCL INFO Tree 42 : 0 -> 2 -> -1/-1/-1
gx10-6b41:64:64 [0] NCCL INFO Tree 11 : 0 -> 2 -> 1/-1/-1
gx10-6b41:64:64 [0] NCCL INFO Tree 43 : 0 -> 2 -> -1/-1/-1
gx10-6b41:64:64 [0] NCCL INFO Tree 12 : 0 -> 2 -> 1/-1/-1
gx10-6b41:64:64 [0] NCCL INFO Tree 44 : 0 -> 2 -> -1/-1/-1
gx10-6b41:64:64 [0] NCCL INFO Tree 13 : 0 -> 2 -> 1/-1/-1
gx10-6b41:64:64 [0] NCCL INFO Tree 45 : 0 -> 2 -> -1/-1/-1
gx10-6b41:64:64 [0] NCCL INFO Tree 14 : 0 -> 2 -> 1/-1/-1
gx10-6b41:64:64 [0] NCCL INFO Tree 46 : 0 -> 2 -> -1/-1/-1
gx10-6b41:64:64 [0] NCCL INFO Tree 15 : 0 -> 2 -> 1/-1/-1
gx10-6b41:64:64 [0] NCCL INFO Tree 47 : 0 -> 2 -> -1/-1/-1
gx10-6b41:64:64 [0] NCCL INFO Tree 16 : 0 -> 2 -> 1/-1/-1
gx10-6b41:64:64 [0] NCCL INFO Tree 48 : 0 -> 2 -> -1/-1/-1
gx10-6b41:64:64 [0] NCCL INFO Tree 17 : 0 -> 2 -> 1/-1/-1
gx10-6b41:64:64 [0] NCCL INFO Tree 49 : 0 -> 2 -> -1/-1/-1
gx10-6b41:64:64 [0] NCCL INFO Tree 18 : 0 -> 2 -> 1/-1/-1
gx10-6b41:64:64 [0] NCCL INFO Tree 50 : 0 -> 2 -> -1/-1/-1
gx10-6b41:64:64 [0] NCCL INFO Tree 19 : 0 -> 2 -> 1/-1/-1
gx10-6b41:64:64 [0] NCCL INFO Tree 51 : 0 -> 2 -> -1/-1/-1
gx10-6b41:64:64 [0] NCCL INFO Tree 20 : 0 -> 2 -> 1/-1/-1
gx10-6b41:64:64 [0] NCCL INFO Tree 52 : 0 -> 2 -> -1/-1/-1
gx10-6b41:64:64 [0] NCCL INFO Tree 21 : 0 -> 2 -> 1/-1/-1
gx10-6b41:64:64 [0] NCCL INFO Tree 53 : 0 -> 2 -> -1/-1/-1
gx10-6b41:64:64 [0] NCCL INFO Tree 22 : 0 -> 2 -> 1/-1/-1
gx10-6b41:64:64 [0] NCCL INFO Tree 54 : 0 -> 2 -> -1/-1/-1
gx10-6b41:64:64 [0] NCCL INFO Tree 23 : 0 -> 2 -> 1/-1/-1
gx10-6b41:64:64 [0] NCCL INFO Tree 55 : 0 -> 2 -> -1/-1/-1
gx10-6b41:64:64 [0] NCCL INFO Tree 24 : 0 -> 2 -> 1/-1/-1
gx10-6b41:64:64 [0] NCCL INFO Tree 56 : 0 -> 2 -> -1/-1/-1
gx10-6b41:64:64 [0] NCCL INFO Tree 25 : 0 -> 2 -> 1/-1/-1
gx10-6b41:64:64 [0] NCCL INFO Tree 57 : 0 -> 2 -> -1/-1/-1
gx10-6b41:64:64 [0] NCCL INFO Tree 26 : 0 -> 2 -> 1/-1/-1
gx10-6b41:64:64 [0] NCCL INFO Tree 58 : 0 -> 2 -> -1/-1/-1
gx10-6b41:64:64 [0] NCCL INFO Tree 27 : 0 -> 2 -> 1/-1/-1
gx10-6b41:64:64 [0] NCCL INFO Tree 59 : 0 -> 2 -> -1/-1/-1
gx10-6b41:64:64 [0] NCCL INFO Tree 28 : 0 -> 2 -> 1/-1/-1
gx10-6b41:64:64 [0] NCCL INFO Tree 60 : 0 -> 2 -> -1/-1/-1
gx10-6b41:64:64 [0] NCCL INFO Tree 29 : 0 -> 2 -> 1/-1/-1
gx10-6b41:64:64 [0] NCCL INFO Tree 61 : 0 -> 2 -> -1/-1/-1
gx10-6b41:64:64 [0] NCCL INFO Tree 30 : 0 -> 2 -> 1/-1/-1
gx10-6b41:64:64 [0] NCCL INFO Tree 62 : 0 -> 2 -> -1/-1/-1
gx10-6b41:64:64 [0] NCCL INFO Tree 31 : 0 -> 2 -> 1/-1/-1
gx10-6b41:64:64 [0] NCCL INFO Tree 63 : 0 -> 2 -> -1/-1/-1
gx10-6b41:64:64 [0] NCCL INFO Ring 00 : 1 -> 2 -> 0
gx10-6b41:64:64 [0] NCCL INFO Ring 01 : 1 -> 2 -> 0
gx10-6b41:64:64 [0] NCCL INFO Ring 02 : 1 -> 2 -> 0
gx10-6b41:64:64 [0] NCCL INFO Ring 03 : 1 -> 2 -> 0
gx10-6b41:64:64 [0] NCCL INFO Ring 04 : 1 -> 2 -> 0
gx10-6b41:64:64 [0] NCCL INFO Ring 05 : 1 -> 2 -> 0
gx10-6b41:64:64 [0] NCCL INFO Ring 06 : 1 -> 2 -> 0
gx10-6b41:64:64 [0] NCCL INFO Ring 07 : 1 -> 2 -> 0
gx10-6b41:64:64 [0] NCCL INFO Ring 08 : 1 -> 2 -> 0
gx10-6b41:64:64 [0] NCCL INFO Ring 09 : 1 -> 2 -> 0
gx10-6b41:64:64 [0] NCCL INFO Ring 10 : 1 -> 2 -> 0
gx10-6b41:64:64 [0] NCCL INFO Ring 11 : 1 -> 2 -> 0
gx10-6b41:64:64 [0] NCCL INFO Ring 12 : 1 -> 2 -> 0
gx10-6b41:64:64 [0] NCCL INFO Ring 13 : 1 -> 2 -> 0
gx10-6b41:64:64 [0] NCCL INFO Ring 14 : 1 -> 2 -> 0
gx10-6b41:64:64 [0] NCCL INFO Ring 15 : 1 -> 2 -> 0
gx10-6b41:64:64 [0] NCCL INFO Ring 16 : 1 -> 2 -> 0
gx10-6b41:64:64 [0] NCCL INFO Ring 17 : 1 -> 2 -> 0
gx10-6b41:64:64 [0] NCCL INFO Ring 18 : 1 -> 2 -> 0
gx10-6b41:64:64 [0] NCCL INFO Ring 19 : 1 -> 2 -> 0
gx10-6b41:64:64 [0] NCCL INFO Ring 20 : 1 -> 2 -> 0
gx10-6b41:64:64 [0] NCCL INFO Ring 21 : 1 -> 2 -> 0
gx10-6b41:64:64 [0] NCCL INFO Ring 22 : 1 -> 2 -> 0
gx10-6b41:64:64 [0] NCCL INFO Ring 23 : 1 -> 2 -> 0
gx10-6b41:64:64 [0] NCCL INFO Ring 24 : 1 -> 2 -> 0
gx10-6b41:64:64 [0] NCCL INFO Ring 25 : 1 -> 2 -> 0
gx10-6b41:64:64 [0] NCCL INFO Ring 26 : 1 -> 2 -> 0
gx10-6b41:64:64 [0] NCCL INFO Ring 27 : 1 -> 2 -> 0
gx10-6b41:64:64 [0] NCCL INFO Ring 28 : 1 -> 2 -> 0
gx10-6b41:64:64 [0] NCCL INFO Ring 29 : 1 -> 2 -> 0
gx10-6b41:64:64 [0] NCCL INFO Ring 30 : 1 -> 2 -> 0
gx10-6b41:64:64 [0] NCCL INFO Ring 31 : 1 -> 2 -> 0
gx10-6b41:64:64 [0] NCCL INFO Ring 32 : 1 -> 2 -> 0
gx10-6b41:64:64 [0] NCCL INFO Ring 33 : 1 -> 2 -> 0
gx10-6b41:64:64 [0] NCCL INFO Ring 34 : 1 -> 2 -> 0
gx10-6b41:64:64 [0] NCCL INFO Ring 35 : 1 -> 2 -> 0
gx10-6b41:64:64 [0] NCCL INFO Ring 36 : 1 -> 2 -> 0
gx10-6b41:64:64 [0] NCCL INFO Ring 37 : 1 -> 2 -> 0
gx10-6b41:64:64 [0] NCCL INFO Ring 38 : 1 -> 2 -> 0
gx10-6b41:64:64 [0] NCCL INFO Ring 39 : 1 -> 2 -> 0
gx10-6b41:64:64 [0] NCCL INFO Ring 40 : 1 -> 2 -> 0
gx10-6b41:64:64 [0] NCCL INFO Ring 41 : 1 -> 2 -> 0
gx10-6b41:64:64 [0] NCCL INFO Ring 42 : 1 -> 2 -> 0
gx10-6b41:64:64 [0] NCCL INFO Ring 43 : 1 -> 2 -> 0
gx10-6b41:64:64 [0] NCCL INFO Ring 44 : 1 -> 2 -> 0
gx10-6b41:64:64 [0] NCCL INFO Ring 45 : 1 -> 2 -> 0
gx10-6b41:64:64 [0] NCCL INFO Ring 46 : 1 -> 2 -> 0
gx10-6b41:64:64 [0] NCCL INFO Ring 47 : 1 -> 2 -> 0
gx10-6b41:64:64 [0] NCCL INFO Ring 48 : 1 -> 2 -> 0
gx10-6b41:64:64 [0] NCCL INFO Ring 49 : 1 -> 2 -> 0
gx10-6b41:64:64 [0] NCCL INFO Ring 50 : 1 -> 2 -> 0
gx10-6b41:64:64 [0] NCCL INFO Ring 51 : 1 -> 2 -> 0
gx10-6b41:64:64 [0] NCCL INFO Ring 52 : 1 -> 2 -> 0
gx10-6b41:64:64 [0] NCCL INFO Ring 53 : 1 -> 2 -> 0
gx10-6b41:64:64 [0] NCCL INFO Ring 54 : 1 -> 2 -> 0
gx10-6b41:64:64 [0] NCCL INFO Ring 55 : 1 -> 2 -> 0
gx10-6b41:64:64 [0] NCCL INFO Ring 56 : 1 -> 2 -> 0
gx10-6b41:64:64 [0] NCCL INFO Ring 57 : 1 -> 2 -> 0
gx10-6b41:64:64 [0] NCCL INFO Ring 58 : 1 -> 2 -> 0
gx10-6b41:64:64 [0] NCCL INFO Ring 59 : 1 -> 2 -> 0
gx10-6b41:64:64 [0] NCCL INFO Ring 60 : 1 -> 2 -> 0
gx10-6b41:64:64 [0] NCCL INFO Ring 61 : 1 -> 2 -> 0
gx10-6b41:64:64 [0] NCCL INFO Ring 62 : 1 -> 2 -> 0
gx10-6b41:64:64 [0] NCCL INFO Ring 63 : 1 -> 2 -> 0
gx10-6b41:64:64 [0] NCCL INFO Trees [0] 1/-1/-1->2->0 [1] 1/-1/-1->2->0 [2] 1/-1/-1->2->0 [3] 1/-1/-1->2->0 [4] 1/-1/-1->2->0 [5] 1/-1/-1->2->0 [6] 1/-1/-1->2->0 [7] 1/-1/-1->2->0 [8] 1/-1/-1->2->0 [9] 1/-1/-1->2->0 [10] 1/-1/-1->2->0 [11] 1/-1/-1->2->0 [12] 1/-1/-1->2->0 [13] 1/-1/-1->2->0 [14] 1/-1/-1->2->0 [15] 1/-1/-1->2->0 [16] 1/-1/-1->2->0 [17] 1/-1/-1->2->0 [18] 1/-1/-1->2->0 [19] 1/-1/-1->2->0 [20] 1/-1/-1->2->0 [21] 1/-1/-1->2->0 [22] 1/-1/-1->2->0 [23] 1/-1/-1->2->0 [24] 1/-1/-1->2->0 [25] 1/-1/-1->2->0 [26] 1/-1/-1->2->0 [27] 1/-1/-1->2->0 [28] 1/-1/-1->2->0 [29] 1/-1/-1->2->0 [30] 1/-1/-1->2->0 [31] 1/-1/-1->2->0 [32] -1/-1/-1->2->0 [33] -1/-1/-1->2->0 [34] -1/-1/-1->2->0 [35] -1/-1/-1->2->0 [36] -1/-1/-1->2->0 [37] -1/-1/-1->2->0 [38] -1/-1/-1->2->0 [39] -1/-1/-1->2->0 [40] -1/-1/-1->2->0 [41] -1/-1/-1->2->0 [42] -1/-1/-1->2->0 [43] -1/-1/-1->2->0 [44] -1/-1/-1->2->0 [45] -1/-1/-1->2->0 [46] -1/-1/-1->2->0 [47] -1/-1/-1->2->0 [48] -1/-1/-1->2->0 [49] -1/-1/-1->2->0 [50] -1/-1/-1->2->0 [51] -1/-1/-1->2->0 [52] -1/-1/-1->2->0 [53
gx10-6b41:64:64 [0] NCCL INFO P2P Chunksize set to 262144
gx10-6b41:64:64 [0] NCCL INFO Tuning P2P operations with maxP2pPeers = 3
gx10-6b41:64:64 [0] NCCL INFO ncclOsDlopen(libnccl-profiler.so) failed: libnccl-profiler.so: cannot open shared object file: No such file or directory
gx10-6b41:64:64 [0] NCCL INFO PROFILER/Plugin: Could not find: libnccl-profiler.so
gx10-6b41:64:64 [0] NCCL INFO Check P2P Type isAllDirectP2p 1 directMode 0 isAllCudaP2p 1
gx10-6b41:64:64 [0] NCCL INFO ncclP2pSchedule: group size used is 1
gx10-6b41:64:75 [0] NCCL INFO [Proxy Service UDS] Device 0 CPU core 7
gx10-6b41:64:74 [0] NCCL INFO [Proxy Service] Device 0 CPU core 19
gx10-6b41:64:74 [0] NCCL INFO proxy listening socket at 192.168.1.27<56865>
gx10-6b41:64:64 [0] NCCL INFO ncclOsDlopen(libnccl-tuner.so) failed: libnccl-tuner.so: cannot open shared object file: No such file or directory
gx10-6b41:64:64 [0] NCCL INFO TUNER/Plugin: Could not find: libnccl-tuner.so
gx10-6b41:64:64 [0] NCCL INFO threadThresholds 8/8/64 | 24/8/64 | 512 | 512
gx10-6b41:64:64 [0] NCCL INFO 64 coll channels, 64 collnet channels, 0 nvls channels, 64 p2p channels, 2 p2p channels per peer
gx10-6b41:64:64 [0] NCCL INFO Symmetric memory is not supported. cuMemEnable 1, globalGinSupport 0, cuMemGdrSupport 0
gx10-6b41:64:64 [0] NCCL INFO ncclCommInitRankConfig comm 0xb40b4f9bfe90 rank 2 nranks 3 cudaDev 0 nvmlDev 0 busId f01000 commId 0xd5911fddcc38eeb0 - Init COMPLETE
gx10-6b41:64:64 [0] NCCL INFO Init timings - ncclCommInitRankConfig: rank 2 nranks 3 total 0.36 (kernels 0.18, alloc 0.05, bootstrap 0.07, allgathers 0.02, topo 0.01, graphs 0.00, connections 0.03, rest 0.00)
gx10-6b41:64:64 [0] NCCL INFO Symmetric VA size=124GB
gx10-6b41:64:74 [0] NCCL INFO NCCL_IB_SUBNET_AWARE_ROUTING set by environment to 1.
gx10-6b41:64:76 [0] NCCL INFO [Proxy Progress] Device 0 CPU core 19
gx10-6b41:64:64 [0] NCCL INFO Channel 00/0 : 1[0] -> 2[0] [receive] via NET/IB/4
gx10-6b41:64:64 [0] NCCL INFO Channel 01/0 : 1[0] -> 2[0] [receive] via NET/IB/5
gx10-6b41:64:64 [0] NCCL INFO Channel 02/0 : 1[0] -> 2[0] [receive] via NET/IB/4
gx10-6b41:64:64 [0] NCCL INFO Channel 03/0 : 1[0] -> 2[0] [receive] via NET/IB/5
gx10-6b41:64:64 [0] NCCL INFO Channel 04/0 : 1[0] -> 2[0] [receive] via NET/IB/4
gx10-6b41:64:64 [0] NCCL INFO Channel 05/0 : 1[0] -> 2[0] [receive] via NET/IB/5
gx10-6b41:64:64 [0] NCCL INFO Channel 06/0 : 1[0] -> 2[0] [receive] via NET/IB/4
gx10-6b41:64:64 [0] NCCL INFO Channel 07/0 : 1[0] -> 2[0] [receive] via NET/IB/5
gx10-6b41:64:64 [0] NCCL INFO Channel 08/0 : 1[0] -> 2[0] [receive] via NET/IB/4
gx10-6b41:64:64 [0] NCCL INFO Channel 09/0 : 1[0] -> 2[0] [receive] via NET/IB/5
gx10-6b41:64:64 [0] NCCL INFO Channel 10/0 : 1[0] -> 2[0] [receive] via NET/IB/4
gx10-6b41:64:64 [0] NCCL INFO Channel 11/0 : 1[0] -> 2[0] [receive] via NET/IB/5
gx10-6b41:64:64 [0] NCCL INFO Channel 12/0 : 1[0] -> 2[0] [receive] via NET/IB/4
gx10-6b41:64:64 [0] NCCL INFO Channel 13/0 : 1[0] -> 2[0] [receive] via NET/IB/5
gx10-6b41:64:64 [0] NCCL INFO Channel 14/0 : 1[0] -> 2[0] [receive] via NET/IB/4
gx10-6b41:64:64 [0] NCCL INFO Channel 15/0 : 1[0] -> 2[0] [receive] via NET/IB/5
gx10-6b41:64:64 [0] NCCL INFO Channel 16/0 : 1[0] -> 2[0] [receive] via NET/IB/4
gx10-6b41:64:64 [0] NCCL INFO Channel 17/0 : 1[0] -> 2[0] [receive] via NET/IB/5
gx10-6b41:64:64 [0] NCCL INFO Channel 18/0 : 1[0] -> 2[0] [receive] via NET/IB/4
gx10-6b41:64:64 [0] NCCL INFO Channel 19/0 : 1[0] -> 2[0] [receive] via NET/IB/5
gx10-6b41:64:64 [0] NCCL INFO Channel 20/0 : 1[0] -> 2[0] [receive] via NET/IB/4
gx10-6b41:64:64 [0] NCCL INFO Channel 21/0 : 1[0] -> 2[0] [receive] via NET/IB/5
gx10-6b41:64:64 [0] NCCL INFO Channel 22/0 : 1[0] -> 2[0] [receive] via NET/IB/4
gx10-6b41:64:64 [0] NCCL INFO Channel 23/0 : 1[0] -> 2[0] [receive] via NET/IB/5
gx10-6b41:64:64 [0] NCCL INFO Channel 24/0 : 1[0] -> 2[0] [receive] via NET/IB/4
gx10-6b41:64:64 [0] NCCL INFO Channel 25/0 : 1[0] -> 2[0] [receive] via NET/IB/5
gx10-6b41:64:64 [0] NCCL INFO Channel 26/0 : 1[0] -> 2[0] [receive] via NET/IB/4
gx10-6b41:64:64 [0] NCCL INFO Channel 27/0 : 1[0] -> 2[0] [receive] via NET/IB/5
gx10-6b41:64:64 [0] NCCL INFO Channel 28/0 : 1[0] -> 2[0] [receive] via NET/IB/4
gx10-6b41:64:64 [0] NCCL INFO Channel 29/0 : 1[0] -> 2[0] [receive] via NET/IB/5
gx10-6b41:64:64 [0] NCCL INFO Channel 30/0 : 1[0] -> 2[0] [receive] via NET/IB/4
gx10-6b41:64:64 [0] NCCL INFO Channel 31/0 : 1[0] -> 2[0] [receive] via NET/IB/5
gx10-6b41:64:64 [0] NCCL INFO Channel 32/0 : 1[0] -> 2[0] [receive] via NET/IB/4
gx10-6b41:64:64 [0] NCCL INFO Channel 33/0 : 1[0] -> 2[0] [receive] via NET/IB/5
gx10-6b41:64:64 [0] NCCL INFO Channel 34/0 : 1[0] -> 2[0] [receive] via NET/IB/4
gx10-6b41:64:64 [0] NCCL INFO Channel 35/0 : 1[0] -> 2[0] [receive] via NET/IB/5
gx10-6b41:64:64 [0] NCCL INFO Channel 36/0 : 1[0] -> 2[0] [receive] via NET/IB/4
gx10-6b41:64:64 [0] NCCL INFO Channel 37/0 : 1[0] -> 2[0] [receive] via NET/IB/5
gx10-6b41:64:64 [0] NCCL INFO Channel 38/0 : 1[0] -> 2[0] [receive] via NET/IB/4
gx10-6b41:64:64 [0] NCCL INFO Channel 39/0 : 1[0] -> 2[0] [receive] via NET/IB/5
gx10-6b41:64:64 [0] NCCL INFO Channel 40/0 : 1[0] -> 2[0] [receive] via NET/IB/4
gx10-6b41:64:64 [0] NCCL INFO Channel 41/0 : 1[0] -> 2[0] [receive] via NET/IB/5
gx10-6b41:64:64 [0] NCCL INFO Channel 42/0 : 1[0] -> 2[0] [receive] via NET/IB/4
gx10-6b41:64:64 [0] NCCL INFO Channel 43/0 : 1[0] -> 2[0] [receive] via NET/IB/5
gx10-6b41:64:64 [0] NCCL INFO Channel 44/0 : 1[0] -> 2[0] [receive] via NET/IB/4
gx10-6b41:64:64 [0] NCCL INFO Channel 45/0 : 1[0] -> 2[0] [receive] via NET/IB/5
gx10-6b41:64:64 [0] NCCL INFO Channel 46/0 : 1[0] -> 2[0] [receive] via NET/IB/4
gx10-6b41:64:64 [0] NCCL INFO Channel 47/0 : 1[0] -> 2[0] [receive] via NET/IB/5
gx10-6b41:64:64 [0] NCCL INFO Channel 48/0 : 1[0] -> 2[0] [receive] via NET/IB/4
gx10-6b41:64:64 [0] NCCL INFO Channel 49/0 : 1[0] -> 2[0] [receive] via NET/IB/5
gx10-6b41:64:64 [0] NCCL INFO Channel 50/0 : 1[0] -> 2[0] [receive] via NET/IB/4
gx10-6b41:64:64 [0] NCCL INFO Channel 51/0 : 1[0] -> 2[0] [receive] via NET/IB/5
gx10-6b41:64:64 [0] NCCL INFO Channel 52/0 : 1[0] -> 2[0] [receive] via NET/IB/4
gx10-6b41:64:64 [0] NCCL INFO Channel 53/0 : 1[0] -> 2[0] [receive] via NET/IB/5
gx10-6b41:64:64 [0] NCCL INFO Channel 54/0 : 1[0] -> 2[0] [receive] via NET/IB/4
gx10-6b41:64:64 [0] NCCL INFO Channel 55/0 : 1[0] -> 2[0] [receive] via NET/IB/5
gx10-6b41:64:64 [0] NCCL INFO Channel 56/0 : 1[0] -> 2[0] [receive] via NET/IB/4
gx10-6b41:64:64 [0] NCCL INFO Channel 57/0 : 1[0] -> 2[0] [receive] via NET/IB/5
gx10-6b41:64:64 [0] NCCL INFO Channel 58/0 : 1[0] -> 2[0] [receive] via NET/IB/4
gx10-6b41:64:64 [0] NCCL INFO Channel 59/0 : 1[0] -> 2[0] [receive] via NET/IB/5
gx10-6b41:64:64 [0] NCCL INFO Channel 60/0 : 1[0] -> 2[0] [receive] via NET/IB/4
gx10-6b41:64:64 [0] NCCL INFO Channel 61/0 : 1[0] -> 2[0] [receive] via NET/IB/5
gx10-6b41:64:64 [0] NCCL INFO Channel 62/0 : 1[0] -> 2[0] [receive] via NET/IB/4
gx10-6b41:64:64 [0] NCCL INFO Channel 63/0 : 1[0] -> 2[0] [receive] via NET/IB/5
gx10-6b41:64:64 [0] NCCL INFO Channel 00/0 : 2[0] -> 0[0] [send] via NET/IB/4
gx10-6b41:64:64 [0] NCCL INFO Channel 01/0 : 2[0] -> 0[0] [send] via NET/IB/5
gx10-6b41:64:64 [0] NCCL INFO Channel 02/0 : 2[0] -> 0[0] [send] via NET/IB/4
gx10-6b41:64:64 [0] NCCL INFO Channel 03/0 : 2[0] -> 0[0] [send] via NET/IB/5
gx10-6b41:64:64 [0] NCCL INFO Channel 04/0 : 2[0] -> 0[0] [send] via NET/IB/4
gx10-6b41:64:64 [0] NCCL INFO Channel 05/0 : 2[0] -> 0[0] [send] via NET/IB/5
gx10-6b41:64:64 [0] NCCL INFO Channel 06/0 : 2[0] -> 0[0] [send] via NET/IB/4
gx10-6b41:64:64 [0] NCCL INFO Channel 07/0 : 2[0] -> 0[0] [send] via NET/IB/5
gx10-6b41:64:64 [0] NCCL INFO Channel 08/0 : 2[0] -> 0[0] [send] via NET/IB/4
gx10-6b41:64:64 [0] NCCL INFO Channel 09/0 : 2[0] -> 0[0] [send] via NET/IB/5
gx10-6b41:64:64 [0] NCCL INFO Channel 10/0 : 2[0] -> 0[0] [send] via NET/IB/4
gx10-6b41:64:64 [0] NCCL INFO Channel 11/0 : 2[0] -> 0[0] [send] via NET/IB/5
gx10-6b41:64:64 [0] NCCL INFO Channel 12/0 : 2[0] -> 0[0] [send] via NET/IB/4
gx10-6b41:64:64 [0] NCCL INFO Channel 13/0 : 2[0] -> 0[0] [send] via NET/IB/5
gx10-6b41:64:64 [0] NCCL INFO Channel 14/0 : 2[0] -> 0[0] [send] via NET/IB/4
gx10-6b41:64:64 [0] NCCL INFO Channel 15/0 : 2[0] -> 0[0] [send] via NET/IB/5
gx10-6b41:64:64 [0] NCCL INFO Channel 16/0 : 2[0] -> 0[0] [send] via NET/IB/4
gx10-6b41:64:64 [0] NCCL INFO Channel 17/0 : 2[0] -> 0[0] [send] via NET/IB/5
gx10-6b41:64:64 [0] NCCL INFO Channel 18/0 : 2[0] -> 0[0] [send] via NET/IB/4
gx10-6b41:64:64 [0] NCCL INFO Channel 19/0 : 2[0] -> 0[0] [send] via NET/IB/5
gx10-6b41:64:64 [0] NCCL INFO Channel 20/0 : 2[0] -> 0[0] [send] via NET/IB/4
gx10-6b41:64:64 [0] NCCL INFO Channel 21/0 : 2[0] -> 0[0] [send] via NET/IB/5
gx10-6b41:64:64 [0] NCCL INFO Channel 22/0 : 2[0] -> 0[0] [send] via NET/IB/4
gx10-6b41:64:64 [0] NCCL INFO Channel 23/0 : 2[0] -> 0[0] [send] via NET/IB/5
gx10-6b41:64:64 [0] NCCL INFO Channel 24/0 : 2[0] -> 0[0] [send] via NET/IB/4
gx10-6b41:64:64 [0] NCCL INFO Channel 25/0 : 2[0] -> 0[0] [send] via NET/IB/5
gx10-6b41:64:64 [0] NCCL INFO Channel 26/0 : 2[0] -> 0[0] [send] via NET/IB/4
gx10-6b41:64:64 [0] NCCL INFO Channel 27/0 : 2[0] -> 0[0] [send] via NET/IB/5
gx10-6b41:64:64 [0] NCCL INFO Channel 28/0 : 2[0] -> 0[0] [send] via NET/IB/4
gx10-6b41:64:64 [0] NCCL INFO Channel 29/0 : 2[0] -> 0[0] [send] via NET/IB/5
gx10-6b41:64:64 [0] NCCL INFO Channel 30/0 : 2[0] -> 0[0] [send] via NET/IB/4
gx10-6b41:64:64 [0] NCCL INFO Channel 31/0 : 2[0] -> 0[0] [send] via NET/IB/5
gx10-6b41:64:64 [0] NCCL INFO Channel 32/0 : 2[0] -> 0[0] [send] via NET/IB/4
gx10-6b41:64:64 [0] NCCL INFO Channel 33/0 : 2[0] -> 0[0] [send] via NET/IB/5
gx10-6b41:64:64 [0] NCCL INFO Channel 34/0 : 2[0] -> 0[0] [send] via NET/IB/4
gx10-6b41:64:64 [0] NCCL INFO Channel 35/0 : 2[0] -> 0[0] [send] via NET/IB/5
gx10-6b41:64:64 [0] NCCL INFO Channel 36/0 : 2[0] -> 0[0] [send] via NET/IB/4
gx10-6b41:64:64 [0] NCCL INFO Channel 37/0 : 2[0] -> 0[0] [send] via NET/IB/5
gx10-6b41:64:64 [0] NCCL INFO Channel 38/0 : 2[0] -> 0[0] [send] via NET/IB/4
gx10-6b41:64:64 [0] NCCL INFO Channel 39/0 : 2[0] -> 0[0] [send] via NET/IB/5
gx10-6b41:64:64 [0] NCCL INFO Channel 40/0 : 2[0] -> 0[0] [send] via NET/IB/4
gx10-6b41:64:64 [0] NCCL INFO Channel 41/0 : 2[0] -> 0[0] [send] via NET/IB/5
gx10-6b41:64:64 [0] NCCL INFO Channel 42/0 : 2[0] -> 0[0] [send] via NET/IB/4
gx10-6b41:64:64 [0] NCCL INFO Channel 43/0 : 2[0] -> 0[0] [send] via NET/IB/5
gx10-6b41:64:64 [0] NCCL INFO Channel 44/0 : 2[0] -> 0[0] [send] via NET/IB/4
gx10-6b41:64:64 [0] NCCL INFO Channel 45/0 : 2[0] -> 0[0] [send] via NET/IB/5
gx10-6b41:64:64 [0] NCCL INFO Channel 46/0 : 2[0] -> 0[0] [send] via NET/IB/4
gx10-6b41:64:64 [0] NCCL INFO Channel 47/0 : 2[0] -> 0[0] [send] via NET/IB/5
gx10-6b41:64:64 [0] NCCL INFO Channel 48/0 : 2[0] -> 0[0] [send] via NET/IB/4
gx10-6b41:64:64 [0] NCCL INFO Channel 49/0 : 2[0] -> 0[0] [send] via NET/IB/5
gx10-6b41:64:64 [0] NCCL INFO Channel 50/0 : 2[0] -> 0[0] [send] via NET/IB/4
gx10-6b41:64:64 [0] NCCL INFO Channel 51/0 : 2[0] -> 0[0] [send] via NET/IB/5
gx10-6b41:64:64 [0] NCCL INFO Channel 52/0 : 2[0] -> 0[0] [send] via NET/IB/4
gx10-6b41:64:64 [0] NCCL INFO Channel 53/0 : 2[0] -> 0[0] [send] via NET/IB/5
gx10-6b41:64:64 [0] NCCL INFO Channel 54/0 : 2[0] -> 0[0] [send] via NET/IB/4
gx10-6b41:64:64 [0] NCCL INFO Channel 55/0 : 2[0] -> 0[0] [send] via NET/IB/5
gx10-6b41:64:64 [0] NCCL INFO Channel 56/0 : 2[0] -> 0[0] [send] via NET/IB/4
gx10-6b41:64:64 [0] NCCL INFO Channel 57/0 : 2[0] -> 0[0] [send] via NET/IB/5
gx10-6b41:64:64 [0] NCCL INFO Channel 58/0 : 2[0] -> 0[0] [send] via NET/IB/4
gx10-6b41:64:64 [0] NCCL INFO Channel 59/0 : 2[0] -> 0[0] [send] via NET/IB/5
gx10-6b41:64:64 [0] NCCL INFO Channel 60/0 : 2[0] -> 0[0] [send] via NET/IB/4
gx10-6b41:64:64 [0] NCCL INFO Channel 61/0 : 2[0] -> 0[0] [send] via NET/IB/5
gx10-6b41:64:64 [0] NCCL INFO Channel 62/0 : 2[0] -> 0[0] [send] via NET/IB/4
gx10-6b41:64:64 [0] NCCL INFO Channel 63/0 : 2[0] -> 0[0] [send] via NET/IB/5
gx10-6b41:64:74 [0] NCCL INFO NET/IB: Subnet-aware routing: overriding dev 4 with dev 0
gx10-6b41:64:74 [0] NCCL INFO NET/IB: ncclIbResiliencyInit: Resiliency is disabled on the send communicator (comm=0xe6af2803d000)
gx10-6b41:64:74 [0] NCCL INFO NET/IB: Subnet-aware routing: overriding dev 4 with dev 0
gx10-6b41:64:74 [0] NCCL INFO NET/IB: ncclIbResiliencyInit: Resiliency is disabled on the recv communicator (comm=0xe6af2807e000)
gx10-6b41:64:74 [0] NCCL INFO NET/IB: ncclIbRecvCommInit: Receive work requests will be posted on-demand
gx10-6b41:64:74 [0] NCCL INFO NET/IB: Subnet-aware routing: overriding dev 4 with dev 0
gx10-6b41:64:74 [0] NCCL INFO NET/IB: Subnet-aware routing: overriding dev 5 with dev 2
gx10-6b41:64:74 [0] NCCL INFO NET/IB: ncclIbResiliencyInit: Resiliency is disabled on the send communicator (comm=0xe6af280c6000)
gx10-6b41:64:74 [0] NCCL INFO NET/IB: Subnet-aware routing: overriding dev 4 with dev 0
gx10-6b41:64:74 [0] NCCL INFO NET/IB: Subnet-aware routing: overriding dev 5 with dev 2
gx10-6b41:64:74 [0] NCCL INFO NET/IB: ncclIbResiliencyInit: Resiliency is disabled on the recv communicator (comm=0xe6af2810a000)
gx10-6b41:64:74 [0] NCCL INFO NET/IB: ncclIbRecvCommInit: Receive work requests will be posted on-demand
gx10-6b41:64:74 [0] NCCL INFO NET/IB: Subnet-aware routing: overriding dev 4 with dev 0
gx10-6b41:64:74 [0] NCCL INFO NET/IB: Subnet-aware routing: overriding dev 5 with dev 2
gx10-6b41:64:74 [0] NCCL INFO NET/IB: Subnet-aware routing: overriding dev 4 with dev 0
gx10-6b41:64:74 [0] NCCL INFO NET/IB: ncclIbResiliencyInit: Resiliency is disabled on the send communicator (comm=0xe6af28155000)
gx10-6b41:64:74 [0] NCCL INFO NET/IB: Subnet-aware routing: overriding dev 4 with dev 0
gx10-6b41:64:74 [0] NCCL INFO NET/IB: Subnet-aware routing: overriding dev 5 with dev 2
gx10-6b41:64:74 [0] NCCL INFO NET/IB: Subnet-aware routing: overriding dev 4 with dev 0
gx10-6b41:64:74 [0] NCCL INFO NET/IB: ncclIbResiliencyInit: Resiliency is disabled on the recv communicator (comm=0xe6af28196000)
gx10-6b41:64:74 [0] NCCL INFO NET/IB: ncclIbRecvCommInit: Receive work requests will be posted on-demand
gx10-6b41:64:74 [0] NCCL INFO NET/IB: Subnet-aware routing: overriding dev 4 with dev 0
gx10-6b41:64:74 [0] NCCL INFO NET/IB: ncclIbSenderQpsCreate: QP created: port=1 dev=0 devName=rocep1s0f0 ndevs=4 nmdevs=6 qp_num=40758 pkey=0 pd=0xe6af2807ddd0 oooRq=0
gx10-6b41:64:74 [0] NCCL INFO NET/IB: ncclIbSenderQpsCreate: QP created: port=1 dev=0 devName=rocep1s0f0 ndevs=4 nmdevs=6 qp_num=40759 pkey=0 pd=0xe6af2807ddd0 oooRq=0
gx10-6b41:64:74 [0] NCCL INFO NET/IB: ncclIbConnectImpl: NCCL Dev 0 IbDev 0 Port 1 qp_num 40758 mtu 5 GID 6 (0/265A8C0FFFF0000) ctsFifoRkey=0x155714 ctsFifoLkey=0x155714
gx10-6b41:64:74 [0] NCCL INFO NET/IB: ncclIbConnectImpl: IbDev 0 Port 1 qp_num 40758 query_ece={supported=1, vendor_id=0x15b3, options=0x30000002, comp_mask=0x0}
gx10-6b41:64:74 [0] NCCL INFO NET/IB: ncclIbConnectImpl: NCCL Dev 0 IbDev 0 Port 1 qp_num 40759 mtu 5 GID 6 (0/265A8C0FFFF0000) ctsFifoRkey=0x155714 ctsFifoLkey=0x155714
gx10-6b41:64:74 [0] NCCL INFO NET/IB: ncclIbConnectImpl: IbDev 0 Port 1 qp_num 40759 query_ece={supported=1, vendor_id=0x15b3, options=0x30000002, comp_mask=0x0}
gx10-6b41:64:74 [0] NCCL INFO NET/IB: Subnet-aware routing: overriding dev 4 with dev 1
gx10-6b41:64:74 [0] NCCL INFO NET/IB: ncclIbReceiverQpsCreateToRts: QP created: port=1 dev=1 devName=rocep1s0f1 ndevs=4 nmdevs=6 qp_num=39842 pkey=0 pd=0xe6af28106e80 oooRq=0
gx10-6b41:64:74 [0] NCCL INFO NET/IB: ncclIbReceiverQpsCreateToRts: QP created: port=1 dev=1 devName=rocep1s0f1 ndevs=4 nmdevs=6 qp_num=39843 pkey=0 pd=0xe6af28106e80 oooRq=0
gx10-6b41:64:74 [0] NCCL INFO NET/IB: ncclIbReceiverQpsCreateToRts: Flush QP created: port=1 dev=1 devName=rocep1s0f1 ndevs=4 nmdevs=6 qp_num=39844 pkey=0 pd=0xe6af28106e80
gx10-6b41:64:74 [0] NCCL INFO NET/IB: Subnet-aware routing: overriding dev 5 with dev 2
gx10-6b41:64:74 [0] NCCL INFO NET/IB: ncclIbSenderQpsCreate: QP created: port=1 dev=2 devName=roceP2p1s0f0 ndevs=4 nmdevs=6 qp_num=1996 pkey=0 pd=0xe6af281f0300 oooRq=0
gx10-6b41:64:74 [0] NCCL INFO NET/IB: ncclIbSenderQpsCreate: QP created: port=1 dev=2 devName=roceP2p1s0f0 ndevs=4 nmdevs=6 qp_num=1997 pkey=0 pd=0xe6af281f0300 oooRq=0
gx10-6b41:64:74 [0] NCCL INFO NET/IB: ncclIbConnectImpl: NCCL Dev 2 IbDev 2 Port 1 qp_num 1996 mtu 5 GID 3 (0/26FA8C0FFFF0000) ctsFifoRkey=0x193d36 ctsFifoLkey=0x193d36
gx10-6b41:64:74 [0] NCCL INFO NET/IB: ncclIbConnectImpl: IbDev 2 Port 1 qp_num 1996 query_ece={supported=1, vendor_id=0x15b3, options=0x30000002, comp_mask=0x0}
gx10-6b41:64:74 [0] NCCL INFO NET/IB: ncclIbConnectImpl: NCCL Dev 2 IbDev 2 Port 1 qp_num 1997 mtu 5 GID 3 (0/26FA8C0FFFF0000) ctsFifoRkey=0x193d36 ctsFifoLkey=0x193d36
gx10-6b41:64:74 [0] NCCL INFO NET/IB: ncclIbConnectImpl: IbDev 2 Port 1 qp_num 1997 query_ece={supported=1, vendor_id=0x15b3, options=0x30000002, comp_mask=0x0}
gx10-6b41:64:74 [0] NCCL INFO NET/IB: Subnet-aware routing: overriding dev 5 with dev 3
gx10-6b41:64:74 [0] NCCL INFO NET/IB: ncclIbReceiverQpsCreateToRts: QP created: port=1 dev=3 devName=roceP2p1s0f1 ndevs=4 nmdevs=6 qp_num=2443 pkey=0 pd=0xe6af2830b4c0 oooRq=0
gx10-6b41:64:74 [0] NCCL INFO NET/IB: ncclIbReceiverQpsCreateToRts: QP created: port=1 dev=3 devName=roceP2p1s0f1 ndevs=4 nmdevs=6 qp_num=2444 pkey=0 pd=0xe6af2830b4c0 oooRq=0
gx10-6b41:64:74 [0] NCCL INFO NET/IB: ncclIbReceiverQpsCreateToRts: Flush QP created: port=1 dev=3 devName=roceP2p1s0f1 ndevs=4 nmdevs=6 qp_num=2445 pkey=0 pd=0xe6af2830b4c0
gx10-6b41:64:74 [0] NCCL INFO NET/IB: Subnet-aware routing: overriding dev 4 with dev 0
gx10-6b41:64:74 [0] NCCL INFO NET/IB: Subnet-aware routing: overriding dev 5 with dev 2
gx10-6b41:64:74 [0] NCCL INFO NET/IB: ncclIbResiliencyInit: Resiliency is disabled on the send communicator (comm=0xe6af283b7000)
gx10-6b41:64:74 [0] NCCL INFO NET/IB: Subnet-aware routing: overriding dev 4 with dev 0
gx10-6b41:64:74 [0] NCCL INFO NET/IB: ncclIbSenderQpsToRts: Set ECE: IbDev 0 Port 1 qp_num 40758 set_ece={supported=1, vendor_id=0x15b3, options=0x30000002, comp_mask=0x0}
gx10-6b41:64:74 [0] NCCL INFO NET/IB: ncclIbSenderQpsToRts: Set ECE: IbDev 0 Port 1 qp_num 40759 set_ece={supported=1, vendor_id=0x15b3, options=0x30000002, comp_mask=0x0}
gx10-6b41:64:74 [0] NCCL INFO NET/IB: Subnet-aware routing: overriding dev 5 with dev 2
gx10-6b41:64:74 [0] NCCL INFO NET/IB: ncclIbSenderQpsToRts: Set ECE: IbDev 2 Port 1 qp_num 1996 set_ece={supported=1, vendor_id=0x15b3, options=0x30000002, comp_mask=0x0}
gx10-6b41:64:74 [0] NCCL INFO NET/IB: ncclIbSenderQpsToRts: Set ECE: IbDev 2 Port 1 qp_num 1997 set_ece={supported=1, vendor_id=0x15b3, options=0x30000002, comp_mask=0x0}
gx10-6b41:64:74 [0] NCCL INFO NET/IB: Subnet-aware routing: overriding dev 4 with dev 0
gx10-6b41:64:74 [0] NCCL INFO NET/IB: Subnet-aware routing: overriding dev 4 with dev 1
gx10-6b41:64:74 [0] NCCL INFO NET/IB: ncclIbReceiverQpsCreateToRts: QP created: port=1 dev=1 devName=rocep1s0f1 ndevs=4 nmdevs=6 qp_num=39845 pkey=0 pd=0xe6af28106e80 oooRq=0
gx10-6b41:64:74 [0] NCCL INFO NET/IB: ncclIbReceiverQpsCreateToRts: QP created: port=1 dev=1 devName=rocep1s0f1 ndevs=4 nmdevs=6 qp_num=39846 pkey=0 pd=0xe6af28106e80 oooRq=0
gx10-6b41:64:74 [0] NCCL INFO NET/IB: ncclIbReceiverQpsCreateToRts: Flush QP created: port=1 dev=1 devName=rocep1s0f1 ndevs=4 nmdevs=6 qp_num=39847 pkey=0 pd=0xe6af28106e80
gx10-6b41:64:74 [0] NCCL INFO NET/IB: Subnet-aware routing: overriding dev 5 with dev 2
gx10-6b41:64:74 [0] NCCL INFO NET/IB: ncclIbResiliencyInit: Resiliency is disabled on the recv communicator (comm=0xe6af2846e000)
gx10-6b41:64:74 [0] NCCL INFO NET/IB: ncclIbRecvCommInit: Receive work requests will be posted on-demand
gx10-6b41:64:74 [0] NCCL INFO NET/IB: Subnet-aware routing: overriding dev 4 with dev 0
gx10-6b41:64:74 [0] NCCL INFO NET/IB: ncclIbSenderQpsCreate: QP created: port=1 dev=0 devName=rocep1s0f0 ndevs=4 nmdevs=6 qp_num=40760 pkey=0 pd=0xe6af2807ddd0 oooRq=0
gx10-6b41:64:74 [0] NCCL INFO NET/IB: ncclIbSenderQpsCreate: QP created: port=1 dev=0 devName=rocep1s0f0 ndevs=4 nmdevs=6 qp_num=40761 pkey=0 pd=0xe6af2807ddd0 oooRq=0
gx10-6b41:64:74 [0] NCCL INFO NET/IB: ncclIbConnectImpl: NCCL Dev 0 IbDev 0 Port 1 qp_num 40760 mtu 5 GID 6 (0/265A8C0FFFF0000) ctsFifoRkey=0x14cf8c ctsFifoLkey=0x14cf8c
gx10-6b41:64:74 [0] NCCL INFO NET/IB: ncclIbConnectImpl: IbDev 0 Port 1 qp_num 40760 query_ece={supported=1, vendor_id=0x15b3, options=0x30000002, comp_mask=0x0}
gx10-6b41:64:74 [0] NCCL INFO NET/IB: ncclIbConnectImpl: NCCL Dev 0 IbDev 0 Port 1 qp_num 40761 mtu 5 GID 6 (0/265A8C0FFFF0000) ctsFifoRkey=0x14cf8c ctsFifoLkey=0x14cf8c
gx10-6b41:64:74 [0] NCCL INFO NET/IB: ncclIbConnectImpl: IbDev 0 Port 1 qp_num 40761 query_ece={supported=1, vendor_id=0x15b3, options=0x30000002, comp_mask=0x0}
gx10-6b41:64:74 [0] NCCL INFO NET/IB: Subnet-aware routing: overriding dev 5 with dev 2
gx10-6b41:64:74 [0] NCCL INFO NET/IB: Subnet-aware routing: overriding dev 4 with dev 0
gx10-6b41:64:74 [0] NCCL INFO NET/IB: ncclIbResiliencyInit: Resiliency is disabled on the send communicator (comm=0xe6af2850f000)
gx10-6b41:64:74 [0] NCCL INFO NET/IB: Subnet-aware routing: overriding dev 4 with dev 0
gx10-6b41:64:74 [0] NCCL INFO NET/IB: Subnet-aware routing: overriding dev 5 with dev 2
gx10-6b41:64:74 [0] NCCL INFO NET/IB: Subnet-aware routing: overriding dev 4 with dev 0
gx10-6b41:64:74 [0] NCCL INFO NET/IB: ncclIbResiliencyInit: Resiliency is disabled on the recv communicator (comm=0xe6af28553000)
gx10-6b41:64:74 [0] NCCL INFO NET/IB: ncclIbRecvCommInit: Receive work requests will be posted on-demand
gx10-6b41:64:74 [0] NCCL INFO NET/IB: Subnet-aware routing: overriding dev 4 with dev 0
gx10-6b41:64:74 [0] NCCL INFO NET/IB: Subnet-aware routing: overriding dev 5 with dev 2
gx10-6b41:64:74 [0] NCCL INFO NET/IB: ncclIbSenderQpsCreate: QP created: port=1 dev=2 devName=roceP2p1s0f0 ndevs=4 nmdevs=6 qp_num=1998 pkey=0 pd=0xe6af281f0300 oooRq=0
gx10-6b41:64:74 [0] NCCL INFO NET/IB: ncclIbSenderQpsCreate: QP created: port=1 dev=2 devName=roceP2p1s0f0 ndevs=4 nmdevs=6 qp_num=1999 pkey=0 pd=0xe6af281f0300 oooRq=0
gx10-6b41:64:74 [0] NCCL INFO NET/IB: ncclIbConnectImpl: NCCL Dev 2 IbDev 2 Port 1 qp_num 1998 mtu 5 GID 3 (0/26FA8C0FFFF0000) ctsFifoRkey=0x18a09b ctsFifoLkey=0x18a09b
gx10-6b41:64:74 [0] NCCL INFO NET/IB: ncclIbConnectImpl: IbDev 2 Port 1 qp_num 1998 query_ece={supported=1, vendor_id=0x15b3, options=0x30000002, comp_mask=0x0}
gx10-6b41:64:74 [0] NCCL INFO NET/IB: ncclIbConnectImpl: NCCL Dev 2 IbDev 2 Port 1 qp_num 1999 mtu 5 GID 3 (0/26FA8C0FFFF0000) ctsFifoRkey=0x18a09b ctsFifoLkey=0x18a09b
gx10-6b41:64:74 [0] NCCL INFO NET/IB: ncclIbConnectImpl: IbDev 2 Port 1 qp_num 1999 query_ece={supported=1, vendor_id=0x15b3, options=0x30000002, comp_mask=0x0}
gx10-6b41:64:74 [0] NCCL INFO NET/IB: Subnet-aware routing: overriding dev 5 with dev 3
gx10-6b41:64:74 [0] NCCL INFO NET/IB: ncclIbReceiverQpsCreateToRts: QP created: port=1 dev=3 devName=roceP2p1s0f1 ndevs=4 nmdevs=6 qp_num=2446 pkey=0 pd=0xe6af2830b4c0 oooRq=0
gx10-6b41:64:74 [0] NCCL INFO NET/IB: ncclIbReceiverQpsCreateToRts: QP created: port=1 dev=3 devName=roceP2p1s0f1 ndevs=4 nmdevs=6 qp_num=2447 pkey=0 pd=0xe6af2830b4c0 oooRq=0
gx10-6b41:64:74 [0] NCCL INFO NET/IB: ncclIbReceiverQpsCreateToRts: Flush QP created: port=1 dev=3 devName=roceP2p1s0f1 ndevs=4 nmdevs=6 qp_num=2448 pkey=0 pd=0xe6af2830b4c0
gx10-6b41:64:74 [0] NCCL INFO NET/IB: Subnet-aware routing: overriding dev 4 with dev 0
gx10-6b41:64:74 [0] NCCL INFO NET/IB: ncclIbSenderQpsCreate: QP created: port=1 dev=0 devName=rocep1s0f0 ndevs=4 nmdevs=6 qp_num=40762 pkey=0 pd=0xe6af2807ddd0 oooRq=0
gx10-6b41:64:74 [0] NCCL INFO NET/IB: ncclIbSenderQpsCreate: QP created: port=1 dev=0 devName=rocep1s0f0 ndevs=4 nmdevs=6 qp_num=40763 pkey=0 pd=0xe6af2807ddd0 oooRq=0
gx10-6b41:64:74 [0] NCCL INFO NET/IB: ncclIbConnectImpl: NCCL Dev 0 IbDev 0 Port 1 qp_num 40762 mtu 5 GID 6 (0/265A8C0FFFF0000) ctsFifoRkey=0x16a969 ctsFifoLkey=0x16a969
gx10-6b41:64:74 [0] NCCL INFO NET/IB: ncclIbConnectImpl: IbDev 0 Port 1 qp_num 40762 query_ece={supported=1, vendor_id=0x15b3, options=0x30000002, comp_mask=0x0}
gx10-6b41:64:74 [0] NCCL INFO NET/IB: ncclIbConnectImpl: NCCL Dev 0 IbDev 0 Port 1 qp_num 40763 mtu 5 GID 6 (0/265A8C0FFFF0000) ctsFifoRkey=0x16a969 ctsFifoLkey=0x16a969
gx10-6b41:64:74 [0] NCCL INFO NET/IB: ncclIbConnectImpl: IbDev 0 Port 1 qp_num 40763 query_ece={supported=1, vendor_id=0x15b3, options=0x30000002, comp_mask=0x0}
gx10-6b41:64:74 [0] NCCL INFO NET/IB: Subnet-aware routing: overriding dev 4 with dev 1
gx10-6b41:64:74 [0] NCCL INFO NET/IB: ncclIbReceiverQpsCreateToRts: QP created: port=1 dev=1 devName=rocep1s0f1 ndevs=4 nmdevs=6 qp_num=39848 pkey=0 pd=0xe6af28106e80 oooRq=0
gx10-6b41:64:74 [0] NCCL INFO NET/IB: ncclIbReceiverQpsCreateToRts: QP created: port=1 dev=1 devName=rocep1s0f1 ndevs=4 nmdevs=6 qp_num=39849 pkey=0 pd=0xe6af28106e80 oooRq=0
gx10-6b41:64:74 [0] NCCL INFO NET/IB: ncclIbReceiverQpsCreateToRts: Flush QP created: port=1 dev=1 devName=rocep1s0f1 ndevs=4 nmdevs=6 qp_num=39850 pkey=0 pd=0xe6af28106e80
gx10-6b41:64:74 [0] NCCL INFO NET/IB: Subnet-aware routing: overriding dev 5 with dev 2
gx10-6b41:64:74 [0] NCCL INFO NET/IB: ncclIbResiliencyInit: Resiliency is disabled on the send communicator (comm=0xe6af28747000)
gx10-6b41:64:74 [0] NCCL INFO NET/IB: Subnet-aware routing: overriding dev 4 with dev 0
gx10-6b41:64:74 [0] NCCL INFO NET/IB: ncclIbSenderQpsToRts: Set ECE: IbDev 0 Port 1 qp_num 40760 set_ece={supported=1, vendor_id=0x15b3, options=0x30000002, comp_mask=0x0}
gx10-6b41:64:74 [0] NCCL INFO NET/IB: ncclIbSenderQpsToRts: Set ECE: IbDev 0 Port 1 qp_num 40761 set_ece={supported=1, vendor_id=0x15b3, options=0x30000002, comp_mask=0x0}
gx10-6b41:64:74 [0] NCCL INFO NET/IB: Subnet-aware routing: overriding dev 5 with dev 2
gx10-6b41:64:74 [0] NCCL INFO NET/IB: ncclIbSenderQpsToRts: Set ECE: IbDev 2 Port 1 qp_num 1998 set_ece={supported=1, vendor_id=0x15b3, options=0x30000002, comp_mask=0x0}
gx10-6b41:64:74 [0] NCCL INFO NET/IB: ncclIbSenderQpsToRts: Set ECE: IbDev 2 Port 1 qp_num 1999 set_ece={supported=1, vendor_id=0x15b3, options=0x30000002, comp_mask=0x0}
gx10-6b41:64:74 [0] NCCL INFO NET/IB: Subnet-aware routing: overriding dev 4 with dev 0
gx10-6b41:64:74 [0] NCCL INFO NET/IB: ncclIbSenderQpsToRts: Set ECE: IbDev 0 Port 1 qp_num 40762 set_ece={supported=1, vendor_id=0x15b3, options=0x30000002, comp_mask=0x0}
gx10-6b41:64:74 [0] NCCL INFO NET/IB: ncclIbSenderQpsToRts: Set ECE: IbDev 0 Port 1 qp_num 40763 set_ece={supported=1, vendor_id=0x15b3, options=0x30000002, comp_mask=0x0}
gx10-6b41:64:74 [0] NCCL INFO NET/IB: Subnet-aware routing: overriding dev 5 with dev 2
gx10-6b41:64:74 [0] NCCL INFO NET/IB: ncclIbResiliencyInit: Resiliency is disabled on the recv communicator (comm=0xe6af2878b000)
gx10-6b41:64:74 [0] NCCL INFO NET/IB: ncclIbRecvCommInit: Receive work requests will be posted on-demand
gx10-6b41:64:74 [0] NCCL INFO NET/IB: Subnet-aware routing: overriding dev 5 with dev 2
gx10-6b41:64:74 [0] NCCL INFO NET/IB: Subnet-aware routing: overriding dev 4 with dev 0
gx10-6b41:64:74 [0] NCCL INFO NET/IB: ncclIbResiliencyInit: Resiliency is disabled on the send communicator (comm=0xe6af287d3000)
gx10-6b41:64:74 [0] NCCL INFO NET/IB: Subnet-aware routing: overriding dev 5 with dev 2
gx10-6b41:64:74 [0] NCCL INFO NET/IB: Subnet-aware routing: overriding dev 4 with dev 0
gx10-6b41:64:74 [0] NCCL INFO NET/IB: ncclIbResiliencyInit: Resiliency is disabled on the recv communicator (comm=0xe6af28814000)
gx10-6b41:64:74 [0] NCCL INFO NET/IB: ncclIbRecvCommInit: Receive work requests will be posted on-demand
gx10-6b41:64:74 [0] NCCL INFO NET/IB: Subnet-aware routing: overriding dev 5 with dev 2
gx10-6b41:64:74 [0] NCCL INFO NET/IB: ncclIbSenderQpsCreate: QP created: port=1 dev=2 devName=roceP2p1s0f0 ndevs=4 nmdevs=6 qp_num=2000 pkey=0 pd=0xe6af281f0300 oooRq=0
gx10-6b41:64:74 [0] NCCL INFO NET/IB: ncclIbSenderQpsCreate: QP created: port=1 dev=2 devName=roceP2p1s0f0 ndevs=4 nmdevs=6 qp_num=2001 pkey=0 pd=0xe6af281f0300 oooRq=0
gx10-6b41:64:74 [0] NCCL INFO NET/IB: ncclIbConnectImpl: NCCL Dev 2 IbDev 2 Port 1 qp_num 2000 mtu 5 GID 3 (0/26FA8C0FFFF0000) ctsFifoRkey=0x18c7c2 ctsFifoLkey=0x18c7c2
gx10-6b41:64:74 [0] NCCL INFO NET/IB: ncclIbConnectImpl: IbDev 2 Port 1 qp_num 2000 query_ece={supported=1, vendor_id=0x15b3, options=0x30000002, comp_mask=0x0}
gx10-6b41:64:74 [0] NCCL INFO NET/IB: ncclIbConnectImpl: NCCL Dev 2 IbDev 2 Port 1 qp_num 2001 mtu 5 GID 3 (0/26FA8C0FFFF0000) ctsFifoRkey=0x18c7c2 ctsFifoLkey=0x18c7c2
gx10-6b41:64:74 [0] NCCL INFO NET/IB: ncclIbConnectImpl: IbDev 2 Port 1 qp_num 2001 query_ece={supported=1, vendor_id=0x15b3, options=0x30000002, comp_mask=0x0}
gx10-6b41:64:74 [0] NCCL INFO NET/IB: Subnet-aware routing: overriding dev 4 with dev 0
gx10-6b41:64:74 [0] NCCL INFO NET/IB: Subnet-aware routing: overriding dev 5 with dev 2
gx10-6b41:64:74 [0] NCCL INFO NET/IB: ncclIbResiliencyInit: Resiliency is disabled on the send communicator (comm=0xe6af288b2000)
gx10-6b41:64:74 [0] NCCL INFO NET/IB: Subnet-aware routing: overriding dev 5 with dev 2
gx10-6b41:64:74 [0] NCCL INFO NET/IB: Subnet-aware routing: overriding dev 5 with dev 3
gx10-6b41:64:74 [0] NCCL INFO NET/IB: ncclIbReceiverQpsCreateToRts: QP created: port=1 dev=3 devName=roceP2p1s0f1 ndevs=4 nmdevs=6 qp_num=2449 pkey=0 pd=0xe6af2830b4c0 oooRq=0
gx10-6b41:64:74 [0] NCCL INFO NET/IB: ncclIbReceiverQpsCreateToRts: QP created: port=1 dev=3 devName=roceP2p1s0f1 ndevs=4 nmdevs=6 qp_num=2450 pkey=0 pd=0xe6af2830b4c0 oooRq=0
gx10-6b41:64:74 [0] NCCL INFO NET/IB: ncclIbReceiverQpsCreateToRts: Flush QP created: port=1 dev=3 devName=roceP2p1s0f1 ndevs=4 nmdevs=6 qp_num=2451 pkey=0 pd=0xe6af2830b4c0
gx10-6b41:64:74 [0] NCCL INFO NET/IB: Subnet-aware routing: overriding dev 4 with dev 0
gx10-6b41:64:74 [0] NCCL INFO NET/IB: Subnet-aware routing: overriding dev 4 with dev 1
gx10-6b41:64:74 [0] NCCL INFO NET/IB: ncclIbReceiverQpsCreateToRts: QP created: port=1 dev=1 devName=rocep1s0f1 ndevs=4 nmdevs=6 qp_num=39851 pkey=0 pd=0xe6af28106e80 oooRq=0
gx10-6b41:64:74 [0] NCCL INFO NET/IB: ncclIbReceiverQpsCreateToRts: QP created: port=1 dev=1 devName=rocep1s0f1 ndevs=4 nmdevs=6 qp_num=39852 pkey=0 pd=0xe6af28106e80 oooRq=0
gx10-6b41:64:74 [0] NCCL INFO NET/IB: ncclIbReceiverQpsCreateToRts: Flush QP created: port=1 dev=1 devName=rocep1s0f1 ndevs=4 nmdevs=6 qp_num=39853 pkey=0 pd=0xe6af28106e80
gx10-6b41:64:74 [0] NCCL INFO NET/IB: Subnet-aware routing: overriding dev 5 with dev 2
gx10-6b41:64:74 [0] NCCL INFO NET/IB: ncclIbResiliencyInit: Resiliency is disabled on the recv communicator (comm=0xe6af289ea000)
gx10-6b41:64:74 [0] NCCL INFO NET/IB: ncclIbRecvCommInit: Receive work requests will be posted on-demand
gx10-6b41:64:74 [0] NCCL INFO NET/IB: Subnet-aware routing: overriding dev 5 with dev 2
gx10-6b41:64:74 [0] NCCL INFO NET/IB: ncclIbSenderQpsToRts: Set ECE: IbDev 2 Port 1 qp_num 2000 set_ece={supported=1, vendor_id=0x15b3, options=0x30000002, comp_mask=0x0}
gx10-6b41:64:74 [0] NCCL INFO NET/IB: ncclIbSenderQpsToRts: Set ECE: IbDev 2 Port 1 qp_num 2001 set_ece={supported=1, vendor_id=0x15b3, options=0x30000002, comp_mask=0x0}
gx10-6b41:64:74 [0] NCCL INFO NET/IB: Subnet-aware routing: overriding dev 4 with dev 0
gx10-6b41:64:74 [0] NCCL INFO NET/IB: ncclIbSenderQpsCreate: QP created: port=1 dev=0 devName=rocep1s0f0 ndevs=4 nmdevs=6 qp_num=40764 pkey=0 pd=0xe6af2807ddd0 oooRq=0
gx10-6b41:64:74 [0] NCCL INFO NET/IB: ncclIbSenderQpsCreate: QP created: port=1 dev=0 devName=rocep1s0f0 ndevs=4 nmdevs=6 qp_num=40765 pkey=0 pd=0xe6af2807ddd0 oooRq=0
gx10-6b41:64:74 [0] NCCL INFO NET/IB: ncclIbConnectImpl: NCCL Dev 0 IbDev 0 Port 1 qp_num 40764 mtu 5 GID 6 (0/265A8C0FFFF0000) ctsFifoRkey=0x152be8 ctsFifoLkey=0x152be8
gx10-6b41:64:74 [0] NCCL INFO NET/IB: ncclIbConnectImpl: IbDev 0 Port 1 qp_num 40764 query_ece={supported=1, vendor_id=0x15b3, options=0x30000002, comp_mask=0x0}
gx10-6b41:64:74 [0] NCCL INFO NET/IB: ncclIbConnectImpl: NCCL Dev 0 IbDev 0 Port 1 qp_num 40765 mtu 5 GID 6 (0/265A8C0FFFF0000) ctsFifoRkey=0x152be8 ctsFifoLkey=0x152be8
gx10-6b41:64:74 [0] NCCL INFO NET/IB: ncclIbConnectImpl: IbDev 0 Port 1 qp_num 40765 query_ece={supported=1, vendor_id=0x15b3, options=0x30000002, comp_mask=0x0}
gx10-6b41:64:74 [0] NCCL INFO NET/IB: Subnet-aware routing: overriding dev 5 with dev 2
gx10-6b41:64:74 [0] NCCL INFO NET/IB: ncclIbSenderQpsCreate: QP created: port=1 dev=2 devName=roceP2p1s0f0 ndevs=4 nmdevs=6 qp_num=2002 pkey=0 pd=0xe6af281f0300 oooRq=0
gx10-6b41:64:74 [0] NCCL INFO NET/IB: ncclIbSenderQpsCreate: QP created: port=1 dev=2 devName=roceP2p1s0f0 ndevs=4 nmdevs=6 qp_num=2003 pkey=0 pd=0xe6af281f0300 oooRq=0
gx10-6b41:64:74 [0] NCCL INFO NET/IB: ncclIbConnectImpl: NCCL Dev 2 IbDev 2 Port 1 qp_num 2002 mtu 5 GID 3 (0/26FA8C0FFFF0000) ctsFifoRkey=0x19c5c4 ctsFifoLkey=0x19c5c4
gx10-6b41:64:74 [0] NCCL INFO NET/IB: ncclIbConnectImpl: IbDev 2 Port 1 qp_num 2002 query_ece={supported=1, vendor_id=0x15b3, options=0x30000002, comp_mask=0x0}
gx10-6b41:64:74 [0] NCCL INFO NET/IB: ncclIbConnectImpl: NCCL Dev 2 IbDev 2 Port 1 qp_num 2003 mtu 5 GID 3 (0/26FA8C0FFFF0000) ctsFifoRkey=0x19c5c4 ctsFifoLkey=0x19c5c4
gx10-6b41:64:74 [0] NCCL INFO NET/IB: ncclIbConnectImpl: IbDev 2 Port 1 qp_num 2003 query_ece={supported=1, vendor_id=0x15b3, options=0x30000002, comp_mask=0x0}
gx10-6b41:64:74 [0] NCCL INFO NET/IB: Subnet-aware routing: overriding dev 5 with dev 3
gx10-6b41:64:74 [0] NCCL INFO NET/IB: ncclIbReceiverQpsCreateToRts: QP created: port=1 dev=3 devName=roceP2p1s0f1 ndevs=4 nmdevs=6 qp_num=2452 pkey=0 pd=0xe6af2830b4c0 oooRq=0
gx10-6b41:64:74 [0] NCCL INFO NET/IB: ncclIbReceiverQpsCreateToRts: QP created: port=1 dev=3 devName=roceP2p1s0f1 ndevs=4 nmdevs=6 qp_num=2453 pkey=0 pd=0xe6af2830b4c0 oooRq=0
gx10-6b41:64:74 [0] NCCL INFO NET/IB: ncclIbReceiverQpsCreateToRts: Flush QP created: port=1 dev=3 devName=roceP2p1s0f1 ndevs=4 nmdevs=6 qp_num=2454 pkey=0 pd=0xe6af2830b4c0
gx10-6b41:64:74 [0] NCCL INFO NET/IB: Subnet-aware routing: overriding dev 4 with dev 0
gx10-6b41:64:74 [0] NCCL INFO NET/IB: ncclIbResiliencyInit: Resiliency is disabled on the send communicator (comm=0xe6af28b5a000)
gx10-6b41:64:74 [0] NCCL INFO NET/IB: Subnet-aware routing: overriding dev 4 with dev 0
gx10-6b41:64:74 [0] NCCL INFO NET/IB: ncclIbSenderQpsToRts: Set ECE: IbDev 0 Port 1 qp_num 40764 set_ece={supported=1, vendor_id=0x15b3, options=0x30000002, comp_mask=0x0}
gx10-6b41:64:74 [0] NCCL INFO NET/IB: ncclIbSenderQpsToRts: Set ECE: IbDev 0 Port 1 qp_num 40765 set_ece={supported=1, vendor_id=0x15b3, options=0x30000002, comp_mask=0x0}
gx10-6b41:64:74 [0] NCCL INFO NET/IB: Subnet-aware routing: overriding dev 5 with dev 2
gx10-6b41:64:74 [0] NCCL INFO NET/IB: Subnet-aware routing: overriding dev 4 with dev 0
gx10-6b41:64:74 [0] NCCL INFO NET/IB: ncclIbResiliencyInit: Resiliency is disabled on the recv communicator (comm=0xe6af28b9b000)
gx10-6b41:64:74 [0] NCCL INFO NET/IB: ncclIbRecvCommInit: Receive work requests will be posted on-demand
gx10-6b41:64:74 [0] NCCL INFO NET/IB: Subnet-aware routing: overriding dev 5 with dev 2
gx10-6b41:64:74 [0] NCCL INFO NET/IB: ncclIbSenderQpsToRts: Set ECE: IbDev 2 Port 1 qp_num 2002 set_ece={supported=1, vendor_id=0x15b3, options=0x30000002, comp_mask=0x0}
gx10-6b41:64:74 [0] NCCL INFO NET/IB: ncclIbSenderQpsToRts: Set ECE: IbDev 2 Port 1 qp_num 2003 set_ece={supported=1, vendor_id=0x15b3, options=0x30000002, comp_mask=0x0}
gx10-6b41:64:74 [0] NCCL INFO NET/IB: Subnet-aware routing: overriding dev 4 with dev 0
gx10-6b41:64:74 [0] NCCL INFO NET/IB: ncclIbSenderQpsCreate: QP created: port=1 dev=0 devName=rocep1s0f0 ndevs=4 nmdevs=6 qp_num=40766 pkey=0 pd=0xe6af2807ddd0 oooRq=0
gx10-6b41:64:74 [0] NCCL INFO NET/IB: ncclIbSenderQpsCreate: QP created: port=1 dev=0 devName=rocep1s0f0 ndevs=4 nmdevs=6 qp_num=40767 pkey=0 pd=0xe6af2807ddd0 oooRq=0
gx10-6b41:64:74 [0] NCCL INFO NET/IB: ncclIbConnectImpl: NCCL Dev 0 IbDev 0 Port 1 qp_num 40766 mtu 5 GID 6 (0/265A8C0FFFF0000) ctsFifoRkey=0x164504 ctsFifoLkey=0x164504
gx10-6b41:64:74 [0] NCCL INFO NET/IB: ncclIbConnectImpl: IbDev 0 Port 1 qp_num 40766 query_ece={supported=1, vendor_id=0x15b3, options=0x30000002, comp_mask=0x0}
gx10-6b41:64:74 [0] NCCL INFO NET/IB: ncclIbConnectImpl: NCCL Dev 0 IbDev 0 Port 1 qp_num 40767 mtu 5 GID 6 (0/265A8C0FFFF0000) ctsFifoRkey=0x164504 ctsFifoLkey=0x164504
gx10-6b41:64:74 [0] NCCL INFO NET/IB: ncclIbConnectImpl: IbDev 0 Port 1 qp_num 40767 query_ece={supported=1, vendor_id=0x15b3, options=0x30000002, comp_mask=0x0}
gx10-6b41:64:74 [0] NCCL INFO NET/IB: Subnet-aware routing: overriding dev 4 with dev 1
gx10-6b41:64:74 [0] NCCL INFO NET/IB: ncclIbReceiverQpsCreateToRts: QP created: port=1 dev=1 devName=rocep1s0f1 ndevs=4 nmdevs=6 qp_num=39854 pkey=0 pd=0xe6af28106e80 oooRq=0
gx10-6b41:64:74 [0] NCCL INFO NET/IB: ncclIbReceiverQpsCreateToRts: QP created: port=1 dev=1 devName=rocep1s0f1 ndevs=4 nmdevs=6 qp_num=39855 pkey=0 pd=0xe6af28106e80 oooRq=0
gx10-6b41:64:74 [0] NCCL INFO NET/IB: ncclIbReceiverQpsCreateToRts: Flush QP created: port=1 dev=1 devName=rocep1s0f1 ndevs=4 nmdevs=6 qp_num=39856 pkey=0 pd=0xe6af28106e80
gx10-6b41:64:74 [0] NCCL INFO NET/IB: Subnet-aware routing: overriding dev 5 with dev 2
gx10-6b41:64:74 [0] NCCL INFO NET/IB: ncclIbResiliencyInit: Resiliency is disabled on the send communicator (comm=0xe6af28cb6000)
gx10-6b41:64:74 [0] NCCL INFO NET/IB: Subnet-aware routing: overriding dev 4 with dev 0
gx10-6b41:64:74 [0] NCCL INFO NET/IB: Subnet-aware routing: overriding dev 5 with dev 2
gx10-6b41:64:74 [0] NCCL INFO NET/IB: ncclIbResiliencyInit: Resiliency is disabled on the recv communicator (comm=0xe6af28cf7000)
gx10-6b41:64:74 [0] NCCL INFO NET/IB: ncclIbRecvCommInit: Receive work requests will be posted on-demand
gx10-6b41:64:74 [0] NCCL INFO NET/IB: Subnet-aware routing: overriding dev 4 with dev 0
gx10-6b41:64:74 [0] NCCL INFO NET/IB: Subnet-aware routing: overriding dev 5 with dev 2
gx10-6b41:64:74 [0] NCCL INFO NET/IB: Subnet-aware routing: overriding dev 4 with dev 0
gx10-6b41:64:74 [0] NCCL INFO NET/IB: ncclIbResiliencyInit: Resiliency is disabled on the send communicator (comm=0xe6af28d42000)
gx10-6b41:64:74 [0] NCCL INFO NET/IB: Subnet-aware routing: overriding dev 4 with dev 0
gx10-6b41:64:74 [0] NCCL INFO NET/IB: Subnet-aware routing: overriding dev 5 with dev 2
gx10-6b41:64:74 [0] NCCL INFO NET/IB: Subnet-aware routing: overriding dev 4 with dev 0
gx10-6b41:64:74 [0] NCCL INFO NET/IB: ncclIbResiliencyInit: Resiliency is disabled on the recv communicator (comm=0xe6af28d83000)
gx10-6b41:64:74 [0] NCCL INFO NET/IB: ncclIbRecvCommInit: Receive work requests will be posted on-demand
gx10-6b41:64:74 [0] NCCL INFO NET/IB: Subnet-aware routing: overriding dev 4 with dev 0
gx10-6b41:64:74 [0] NCCL INFO NET/IB: Subnet-aware routing: overriding dev 5 with dev 2
gx10-6b41:64:74 [0] NCCL INFO NET/IB: Subnet-aware routing: overriding dev 4 with dev 0
gx10-6b41:64:74 [0] NCCL INFO NET/IB: Subnet-aware routing: overriding dev 5 with dev 2
gx10-6b41:64:74 [0] NCCL INFO NET/IB: ncclIbResiliencyInit: Resiliency is disabled on the send communicator (comm=0xe6af28dcb000)
gx10-6b41:64:74 [0] NCCL INFO NET/IB: Subnet-aware routing: overriding dev 4 with dev 0
gx10-6b41:64:74 [0] NCCL INFO NET/IB: Subnet-aware routing: overriding dev 5 with dev 2
gx10-6b41:64:74 [0] NCCL INFO NET/IB: Subnet-aware routing: overriding dev 4 with dev 0
gx10-6b41:64:74 [0] NCCL INFO NET/IB: Subnet-aware routing: overriding dev 5 with dev 2
gx10-6b41:64:74 [0] NCCL INFO NET/IB: ncclIbResiliencyInit: Resiliency is disabled on the recv communicator (comm=0xe6af28e12000)
gx10-6b41:64:74 [0] NCCL INFO NET/IB: ncclIbRecvCommInit: Receive work requests will be posted on-demand
gx10-6b41:64:74 [0] NCCL INFO NET/IB: Subnet-aware routing: overriding dev 4 with dev 0
gx10-6b41:64:74 [0] NCCL INFO NET/IB: ncclIbSenderQpsToRts: Set ECE: IbDev 0 Port 1 qp_num 40766 set_ece={supported=1, vendor_id=0x15b3, options=0x30000002, comp_mask=0x0}
gx10-6b41:64:74 [0] NCCL INFO NET/IB: ncclIbSenderQpsToRts: Set ECE: IbDev 0 Port 1 qp_num 40767 set_ece={supported=1, vendor_id=0x15b3, options=0x30000002, comp_mask=0x0}
gx10-6b41:64:74 [0] NCCL INFO NET/IB: Subnet-aware routing: overriding dev 5 with dev 2
gx10-6b41:64:74 [0] NCCL INFO NET/IB: ncclIbSenderQpsCreate: QP created: port=1 dev=2 devName=roceP2p1s0f0 ndevs=4 nmdevs=6 qp_num=2004 pkey=0 pd=0xe6af281f0300 oooRq=0
gx10-6b41:64:74 [0] NCCL INFO NET/IB: ncclIbSenderQpsCreate: QP created: port=1 dev=2 devName=roceP2p1s0f0 ndevs=4 nmdevs=6 qp_num=2005 pkey=0 pd=0xe6af281f0300 oooRq=0
gx10-6b41:64:74 [0] NCCL INFO NET/IB: ncclIbConnectImpl: NCCL Dev 2 IbDev 2 Port 1 qp_num 2004 mtu 5 GID 3 (0/26FA8C0FFFF0000) ctsFifoRkey=0x19716e ctsFifoLkey=0x19716e
gx10-6b41:64:74 [0] NCCL INFO NET/IB: ncclIbConnectImpl: IbDev 2 Port 1 qp_num 2004 query_ece={supported=1, vendor_id=0x15b3, options=0x30000002, comp_mask=0x0}
gx10-6b41:64:74 [0] NCCL INFO NET/IB: ncclIbConnectImpl: NCCL Dev 2 IbDev 2 Port 1 qp_num 2005 mtu 5 GID 3 (0/26FA8C0FFFF0000) ctsFifoRkey=0x19716e ctsFifoLkey=0x19716e
gx10-6b41:64:74 [0] NCCL INFO NET/IB: ncclIbConnectImpl: IbDev 2 Port 1 qp_num 2005 query_ece={supported=1, vendor_id=0x15b3, options=0x30000002, comp_mask=0x0}
gx10-6b41:64:74 [0] NCCL INFO NET/IB: Subnet-aware routing: overriding dev 5 with dev 3
gx10-6b41:64:74 [0] NCCL INFO NET/IB: ncclIbReceiverQpsCreateToRts: QP created: port=1 dev=3 devName=roceP2p1s0f1 ndevs=4 nmdevs=6 qp_num=2455 pkey=0 pd=0xe6af2830b4c0 oooRq=0
gx10-6b41:64:74 [0] NCCL INFO NET/IB: ncclIbReceiverQpsCreateToRts: QP created: port=1 dev=3 devName=roceP2p1s0f1 ndevs=4 nmdevs=6 qp_num=2456 pkey=0 pd=0xe6af2830b4c0 oooRq=0
gx10-6b41:64:74 [0] NCCL INFO NET/IB: ncclIbReceiverQpsCreateToRts: Flush QP created: port=1 dev=3 devName=roceP2p1s0f1 ndevs=4 nmdevs=6 qp_num=2457 pkey=0 pd=0xe6af2830b4c0
gx10-6b41:64:74 [0] NCCL INFO NET/IB: Subnet-aware routing: overriding dev 4 with dev 0
gx10-6b41:64:74 [0] NCCL INFO NET/IB: ncclIbSenderQpsCreate: QP created: port=1 dev=0 devName=rocep1s0f0 ndevs=4 nmdevs=6 qp_num=40768 pkey=0 pd=0xe6af2807ddd0 oooRq=0
gx10-6b41:64:74 [0] NCCL INFO NET/IB: ncclIbSenderQpsCreate: QP created: port=1 dev=0 devName=rocep1s0f0 ndevs=4 nmdevs=6 qp_num=40769 pkey=0 pd=0xe6af2807ddd0 oooRq=0
gx10-6b41:64:74 [0] NCCL INFO NET/IB: ncclIbConnectImpl: NCCL Dev 0 IbDev 0 Port 1 qp_num 40768 mtu 5 GID 6 (0/265A8C0FFFF0000) ctsFifoRkey=0x152ff0 ctsFifoLkey=0x152ff0
gx10-6b41:64:74 [0] NCCL INFO NET/IB: ncclIbConnectImpl: IbDev 0 Port 1 qp_num 40768 query_ece={supported=1, vendor_id=0x15b3, options=0x30000002, comp_mask=0x0}
gx10-6b41:64:74 [0] NCCL INFO NET/IB: ncclIbConnectImpl: NCCL Dev 0 IbDev 0 Port 1 qp_num 40769 mtu 5 GID 6 (0/265A8C0FFFF0000) ctsFifoRkey=0x152ff0 ctsFifoLkey=0x152ff0
gx10-6b41:64:74 [0] NCCL INFO NET/IB: ncclIbConnectImpl: IbDev 0 Port 1 qp_num 40769 query_ece={supported=1, vendor_id=0x15b3, options=0x30000002, comp_mask=0x0}
gx10-6b41:64:74 [0] NCCL INFO NET/IB: Subnet-aware routing: overriding dev 4 with dev 1
gx10-6b41:64:74 [0] NCCL INFO NET/IB: ncclIbReceiverQpsCreateToRts: QP created: port=1 dev=1 devName=rocep1s0f1 ndevs=4 nmdevs=6 qp_num=39857 pkey=0 pd=0xe6af28106e80 oooRq=0
gx10-6b41:64:74 [0] NCCL INFO NET/IB: ncclIbReceiverQpsCreateToRts: QP created: port=1 dev=1 devName=rocep1s0f1 ndevs=4 nmdevs=6 qp_num=39858 pkey=0 pd=0xe6af28106e80 oooRq=0
gx10-6b41:64:74 [0] NCCL INFO NET/IB: ncclIbReceiverQpsCreateToRts: Flush QP created: port=1 dev=1 devName=rocep1s0f1 ndevs=4 nmdevs=6 qp_num=39859 pkey=0 pd=0xe6af28106e80
gx10-6b41:64:74 [0] NCCL INFO NET/IB: Subnet-aware routing: overriding dev 5 with dev 2
gx10-6b41:64:74 [0] NCCL INFO NET/IB: ncclIbSenderQpsCreate: QP created: port=1 dev=2 devName=roceP2p1s0f0 ndevs=4 nmdevs=6 qp_num=2006 pkey=0 pd=0xe6af281f0300 oooRq=0
gx10-6b41:64:74 [0] NCCL INFO NET/IB: ncclIbSenderQpsCreate: QP created: port=1 dev=2 devName=roceP2p1s0f0 ndevs=4 nmdevs=6 qp_num=2007 pkey=0 pd=0xe6af281f0300 oooRq=0
gx10-6b41:64:74 [0] NCCL INFO NET/IB: ncclIbConnectImpl: NCCL Dev 2 IbDev 2 Port 1 qp_num 2006 mtu 5 GID 3 (0/26FA8C0FFFF0000) ctsFifoRkey=0x18d4d1 ctsFifoLkey=0x18d4d1
gx10-6b41:64:74 [0] NCCL INFO NET/IB: ncclIbConnectImpl: IbDev 2 Port 1 qp_num 2006 query_ece={supported=1, vendor_id=0x15b3, options=0x30000002, comp_mask=0x0}
gx10-6b41:64:74 [0] NCCL INFO NET/IB: ncclIbConnectImpl: NCCL Dev 2 IbDev 2 Port 1 qp_num 2007 mtu 5 GID 3 (0/26FA8C0FFFF0000) ctsFifoRkey=0x18d4d1 ctsFifoLkey=0x18d4d1
gx10-6b41:64:74 [0] NCCL INFO NET/IB: ncclIbConnectImpl: IbDev 2 Port 1 qp_num 2007 query_ece={supported=1, vendor_id=0x15b3, options=0x30000002, comp_mask=0x0}
gx10-6b41:64:74 [0] NCCL INFO NET/IB: Subnet-aware routing: overriding dev 5 with dev 3
gx10-6b41:64:74 [0] NCCL INFO NET/IB: ncclIbReceiverQpsCreateToRts: QP created: port=1 dev=3 devName=roceP2p1s0f1 ndevs=4 nmdevs=6 qp_num=2458 pkey=0 pd=0xe6af2830b4c0 oooRq=0
gx10-6b41:64:74 [0] NCCL INFO NET/IB: ncclIbReceiverQpsCreateToRts: QP created: port=1 dev=3 devName=roceP2p1s0f1 ndevs=4 nmdevs=6 qp_num=2459 pkey=0 pd=0xe6af2830b4c0 oooRq=0
gx10-6b41:64:74 [0] NCCL INFO NET/IB: ncclIbReceiverQpsCreateToRts: Flush QP created: port=1 dev=3 devName=roceP2p1s0f1 ndevs=4 nmdevs=6 qp_num=2460 pkey=0 pd=0xe6af2830b4c0
gx10-6b41:64:74 [0] NCCL INFO NET/IB: Subnet-aware routing: overriding dev 4 with dev 0
gx10-6b41:64:74 [0] NCCL INFO NET/IB: ncclIbResiliencyInit: Resiliency is disabled on the send communicator (comm=0xe6af290d4000)
gx10-6b41:64:74 [0] NCCL INFO NET/IB: Subnet-aware routing: overriding dev 5 with dev 2
gx10-6b41:64:74 [0] NCCL INFO NET/IB: ncclIbSenderQpsToRts: Set ECE: IbDev 2 Port 1 qp_num 2004 set_ece={supported=1, vendor_id=0x15b3, options=0x30000002, comp_mask=0x0}
gx10-6b41:64:74 [0] NCCL INFO NET/IB: ncclIbSenderQpsToRts: Set ECE: IbDev 2 Port 1 qp_num 2005 set_ece={supported=1, vendor_id=0x15b3, options=0x30000002, comp_mask=0x0}
gx10-6b41:64:74 [0] NCCL INFO NET/IB: Subnet-aware routing: overriding dev 4 with dev 0
gx10-6b41:64:74 [0] NCCL INFO NET/IB: ncclIbSenderQpsToRts: Set ECE: IbDev 0 Port 1 qp_num 40768 set_ece={supported=1, vendor_id=0x15b3, options=0x30000002, comp_mask=0x0}
gx10-6b41:64:74 [0] NCCL INFO NET/IB: ncclIbSenderQpsToRts: Set ECE: IbDev 0 Port 1 qp_num 40769 set_ece={supported=1, vendor_id=0x15b3, options=0x30000002, comp_mask=0x0}
gx10-6b41:64:74 [0] NCCL INFO NET/IB: Subnet-aware routing: overriding dev 5 with dev 2
gx10-6b41:64:74 [0] NCCL INFO NET/IB: ncclIbSenderQpsToRts: Set ECE: IbDev 2 Port 1 qp_num 2006 set_ece={supported=1, vendor_id=0x15b3, options=0x30000002, comp_mask=0x0}
gx10-6b41:64:74 [0] NCCL INFO NET/IB: ncclIbSenderQpsToRts: Set ECE: IbDev 2 Port 1 qp_num 2007 set_ece={supported=1, vendor_id=0x15b3, options=0x30000002, comp_mask=0x0}
gx10-6b41:64:74 [0] NCCL INFO NET/IB: Subnet-aware routing: overriding dev 4 with dev 0
gx10-6b41:64:74 [0] NCCL INFO NET/IB: ncclIbResiliencyInit: Resiliency is disabled on the recv communicator (comm=0xe6af29115000)
gx10-6b41:64:74 [0] NCCL INFO NET/IB: ncclIbRecvCommInit: Receive work requests will be posted on-demand
gx10-6b41:64:74 [0] NCCL INFO NET/IB: Subnet-aware routing: overriding dev 4 with dev 0
gx10-6b41:64:74 [0] NCCL INFO NET/IB: Subnet-aware routing: overriding dev 5 with dev 2
gx10-6b41:64:74 [0] NCCL INFO NET/IB: ncclIbResiliencyInit: Resiliency is disabled on the send communicator (comm=0xe6af2915a000)
gx10-6b41:64:74 [0] NCCL INFO NET/IB: Subnet-aware routing: overriding dev 4 with dev 0
gx10-6b41:64:74 [0] NCCL INFO NET/IB: Subnet-aware routing: overriding dev 5 with dev 2
gx10-6b41:64:74 [0] NCCL INFO NET/IB: ncclIbResiliencyInit: Resiliency is disabled on the recv communicator (comm=0xe6af2919e000)
gx10-6b41:64:74 [0] NCCL INFO NET/IB: ncclIbRecvCommInit: Receive work requests will be posted on-demand
gx10-6b41:64:74 [0] NCCL INFO NET/IB: Subnet-aware routing: overriding dev 4 with dev 0
gx10-6b41:64:74 [0] NCCL INFO NET/IB: Subnet-aware routing: overriding dev 5 with dev 2
gx10-6b41:64:74 [0] NCCL INFO NET/IB: Subnet-aware routing: overriding dev 4 with dev 0
gx10-6b41:64:74 [0] NCCL INFO NET/IB: ncclIbResiliencyInit: Resiliency is disabled on the send communicator (comm=0xe6af291e6000)
gx10-6b41:64:74 [0] NCCL INFO NET/IB: Subnet-aware routing: overriding dev 4 with dev 0
gx10-6b41:64:74 [0] NCCL INFO NET/IB: Subnet-aware routing: overriding dev 5 with dev 2
gx10-6b41:64:74 [0] NCCL INFO NET/IB: Subnet-aware routing: overriding dev 4 with dev 0
gx10-6b41:64:74 [0] NCCL INFO NET/IB: ncclIbResiliencyInit: Resiliency is disabled on the recv communicator (comm=0xe6af2922a000)
gx10-6b41:64:74 [0] NCCL INFO NET/IB: ncclIbRecvCommInit: Receive work requests will be posted on-demand
gx10-6b41:64:74 [0] NCCL INFO NET/IB: Subnet-aware routing: overriding dev 4 with dev 0
gx10-6b41:64:74 [0] NCCL INFO NET/IB: Subnet-aware routing: overriding dev 5 with dev 2
gx10-6b41:64:74 [0] NCCL INFO NET/IB: Subnet-aware routing: overriding dev 4 with dev 0
gx10-6b41:64:74 [0] NCCL INFO NET/IB: Subnet-aware routing: overriding dev 5 with dev 2
gx10-6b41:64:74 [0] NCCL INFO NET/IB: ncclIbResiliencyInit: Resiliency is disabled on the send communicator (comm=0xe6af29272000)
gx10-6b41:64:74 [0] NCCL INFO NET/IB: Subnet-aware routing: overriding dev 4 with dev 0
gx10-6b41:64:74 [0] NCCL INFO NET/IB: ncclIbSenderQpsCreate: QP created: port=1 dev=0 devName=rocep1s0f0 ndevs=4 nmdevs=6 qp_num=40770 pkey=0 pd=0xe6af2807ddd0 oooRq=0
gx10-6b41:64:74 [0] NCCL INFO NET/IB: ncclIbSenderQpsCreate: QP created: port=1 dev=0 devName=rocep1s0f0 ndevs=4 nmdevs=6 qp_num=40771 pkey=0 pd=0xe6af2807ddd0 oooRq=0
gx10-6b41:64:74 [0] NCCL INFO NET/IB: ncclIbConnectImpl: NCCL Dev 0 IbDev 0 Port 1 qp_num 40770 mtu 5 GID 6 (0/265A8C0FFFF0000) ctsFifoRkey=0x16b274 ctsFifoLkey=0x16b274
gx10-6b41:64:74 [0] NCCL INFO NET/IB: ncclIbConnectImpl: IbDev 0 Port 1 qp_num 40770 query_ece={supported=1, vendor_id=0x15b3, options=0x30000002, comp_mask=0x0}
gx10-6b41:64:74 [0] NCCL INFO NET/IB: ncclIbConnectImpl: NCCL Dev 0 IbDev 0 Port 1 qp_num 40771 mtu 5 GID 6 (0/265A8C0FFFF0000) ctsFifoRkey=0x16b274 ctsFifoLkey=0x16b274
gx10-6b41:64:74 [0] NCCL INFO NET/IB: ncclIbConnectImpl: IbDev 0 Port 1 qp_num 40771 query_ece={supported=1, vendor_id=0x15b3, options=0x30000002, comp_mask=0x0}
gx10-6b41:64:74 [0] NCCL INFO NET/IB: Subnet-aware routing: overriding dev 4 with dev 1
gx10-6b41:64:74 [0] NCCL INFO NET/IB: ncclIbReceiverQpsCreateToRts: QP created: port=1 dev=1 devName=rocep1s0f1 ndevs=4 nmdevs=6 qp_num=39860 pkey=0 pd=0xe6af28106e80 oooRq=0
gx10-6b41:64:74 [0] NCCL INFO NET/IB: ncclIbReceiverQpsCreateToRts: QP created: port=1 dev=1 devName=rocep1s0f1 ndevs=4 nmdevs=6 qp_num=39861 pkey=0 pd=0xe6af28106e80 oooRq=0
gx10-6b41:64:74 [0] NCCL INFO NET/IB: ncclIbReceiverQpsCreateToRts: Flush QP created: port=1 dev=1 devName=rocep1s0f1 ndevs=4 nmdevs=6 qp_num=39862 pkey=0 pd=0xe6af28106e80
gx10-6b41:64:74 [0] NCCL INFO NET/IB: Subnet-aware routing: overriding dev 5 with dev 2
gx10-6b41:64:74 [0] NCCL INFO NET/IB: ncclIbSenderQpsCreate: QP created: port=1 dev=2 devName=roceP2p1s0f0 ndevs=4 nmdevs=6 qp_num=2008 pkey=0 pd=0xe6af281f0300 oooRq=0
gx10-6b41:64:74 [0] NCCL INFO NET/IB: ncclIbSenderQpsCreate: QP created: port=1 dev=2 devName=roceP2p1s0f0 ndevs=4 nmdevs=6 qp_num=2009 pkey=0 pd=0xe6af281f0300 oooRq=0
gx10-6b41:64:74 [0] NCCL INFO NET/IB: ncclIbConnectImpl: NCCL Dev 2 IbDev 2 Port 1 qp_num 2008 mtu 5 GID 3 (0/26FA8C0FFFF0000) ctsFifoRkey=0x19797b ctsFifoLkey=0x19797b
gx10-6b41:64:74 [0] NCCL INFO NET/IB: ncclIbConnectImpl: IbDev 2 Port 1 qp_num 2008 query_ece={supported=1, vendor_id=0x15b3, options=0x30000002, comp_mask=0x0}
gx10-6b41:64:74 [0] NCCL INFO NET/IB: ncclIbConnectImpl: NCCL Dev 2 IbDev 2 Port 1 qp_num 2009 mtu 5 GID 3 (0/26FA8C0FFFF0000) ctsFifoRkey=0x19797b ctsFifoLkey=0x19797b
gx10-6b41:64:74 [0] NCCL INFO NET/IB: ncclIbConnectImpl: IbDev 2 Port 1 qp_num 2009 query_ece={supported=1, vendor_id=0x15b3, options=0x30000002, comp_mask=0x0}
gx10-6b41:64:74 [0] NCCL INFO NET/IB: Subnet-aware routing: overriding dev 5 with dev 3
gx10-6b41:64:74 [0] NCCL INFO NET/IB: ncclIbReceiverQpsCreateToRts: QP created: port=1 dev=3 devName=roceP2p1s0f1 ndevs=4 nmdevs=6 qp_num=2461 pkey=0 pd=0xe6af2830b4c0 oooRq=0
gx10-6b41:64:74 [0] NCCL INFO NET/IB: ncclIbReceiverQpsCreateToRts: QP created: port=1 dev=3 devName=roceP2p1s0f1 ndevs=4 nmdevs=6 qp_num=2462 pkey=0 pd=0xe6af2830b4c0 oooRq=0
gx10-6b41:64:74 [0] NCCL INFO NET/IB: ncclIbReceiverQpsCreateToRts: Flush QP created: port=1 dev=3 devName=roceP2p1s0f1 ndevs=4 nmdevs=6 qp_num=2463 pkey=0 pd=0xe6af2830b4c0
gx10-6b41:64:74 [0] NCCL INFO NET/IB: Subnet-aware routing: overriding dev 4 with dev 0
gx10-6b41:64:74 [0] NCCL INFO NET/IB: ncclIbSenderQpsCreate: QP created: port=1 dev=0 devName=rocep1s0f0 ndevs=4 nmdevs=6 qp_num=40772 pkey=0 pd=0xe6af2807ddd0 oooRq=0
gx10-6b41:64:74 [0] NCCL INFO NET/IB: ncclIbSenderQpsCreate: QP created: port=1 dev=0 devName=rocep1s0f0 ndevs=4 nmdevs=6 qp_num=40773 pkey=0 pd=0xe6af2807ddd0 oooRq=0
gx10-6b41:64:74 [0] NCCL INFO NET/IB: ncclIbConnectImpl: NCCL Dev 0 IbDev 0 Port 1 qp_num 40772 mtu 5 GID 6 (0/265A8C0FFFF0000) ctsFifoRkey=0x169f5c ctsFifoLkey=0x169f5c
gx10-6b41:64:74 [0] NCCL INFO NET/IB: ncclIbConnectImpl: IbDev 0 Port 1 qp_num 40772 query_ece={supported=1, vendor_id=0x15b3, options=0x30000002, comp_mask=0x0}
gx10-6b41:64:74 [0] NCCL INFO NET/IB: ncclIbConnectImpl: NCCL Dev 0 IbDev 0 Port 1 qp_num 40773 mtu 5 GID 6 (0/265A8C0FFFF0000) ctsFifoRkey=0x169f5c ctsFifoLkey=0x169f5c
gx10-6b41:64:74 [0] NCCL INFO NET/IB: ncclIbConnectImpl: IbDev 0 Port 1 qp_num 40773 query_ece={supported=1, vendor_id=0x15b3, options=0x30000002, comp_mask=0x0}
gx10-6b41:64:74 [0] NCCL INFO NET/IB: Subnet-aware routing: overriding dev 5 with dev 2
gx10-6b41:64:74 [0] NCCL INFO NET/IB: ncclIbResiliencyInit: Resiliency is disabled on the recv communicator (comm=0xe6af294b3000)
gx10-6b41:64:74 [0] NCCL INFO NET/IB: ncclIbRecvCommInit: Receive work requests will be posted on-demand
gx10-6b41:64:74 [0] NCCL INFO NET/IB: Subnet-aware routing: overriding dev 4 with dev 0
gx10-6b41:64:74 [0] NCCL INFO NET/IB: ncclIbSenderQpsToRts: Set ECE: IbDev 0 Port 1 qp_num 40770 set_ece={supported=1, vendor_id=0x15b3, options=0x30000002, comp_mask=0x0}
gx10-6b41:64:74 [0] NCCL INFO NET/IB: ncclIbSenderQpsToRts: Set ECE: IbDev 0 Port 1 qp_num 40771 set_ece={supported=1, vendor_id=0x15b3, options=0x30000002, comp_mask=0x0}
gx10-6b41:64:74 [0] NCCL INFO NET/IB: Subnet-aware routing: overriding dev 5 with dev 2
gx10-6b41:64:74 [0] NCCL INFO NET/IB: Subnet-aware routing: overriding dev 4 with dev 0
gx10-6b41:64:74 [0] NCCL INFO NET/IB: Subnet-aware routing: overriding dev 4 with dev 1
gx10-6b41:64:74 [0] NCCL INFO NET/IB: ncclIbReceiverQpsCreateToRts: QP created: port=1 dev=1 devName=rocep1s0f1 ndevs=4 nmdevs=6 qp_num=39863 pkey=0 pd=0xe6af28106e80 oooRq=0
gx10-6b41:64:74 [0] NCCL INFO NET/IB: ncclIbReceiverQpsCreateToRts: QP created: port=1 dev=1 devName=rocep1s0f1 ndevs=4 nmdevs=6 qp_num=39864 pkey=0 pd=0xe6af28106e80 oooRq=0
gx10-6b41:64:74 [0] NCCL INFO NET/IB: ncclIbReceiverQpsCreateToRts: Flush QP created: port=1 dev=1 devName=rocep1s0f1 ndevs=4 nmdevs=6 qp_num=39865 pkey=0 pd=0xe6af28106e80
gx10-6b41:64:74 [0] NCCL INFO NET/IB: Subnet-aware routing: overriding dev 5 with dev 2
gx10-6b41:64:74 [0] NCCL INFO NET/IB: Subnet-aware routing: overriding dev 4 with dev 0
gx10-6b41:64:74 [0] NCCL INFO NET/IB: ncclIbResiliencyInit: Resiliency is disabled on the send communicator (comm=0xe6af2956f000)
gx10-6b41:64:74 [0] NCCL INFO NET/IB: Subnet-aware routing: overriding dev 5 with dev 2
gx10-6b41:64:74 [0] NCCL INFO NET/IB: ncclIbSenderQpsToRts: Set ECE: IbDev 2 Port 1 qp_num 2008 set_ece={supported=1, vendor_id=0x15b3, options=0x30000002, comp_mask=0x0}
gx10-6b41:64:74 [0] NCCL INFO NET/IB: ncclIbSenderQpsToRts: Set ECE: IbDev 2 Port 1 qp_num 2009 set_ece={supported=1, vendor_id=0x15b3, options=0x30000002, comp_mask=0x0}
gx10-6b41:64:74 [0] NCCL INFO NET/IB: Subnet-aware routing: overriding dev 4 with dev 0
gx10-6b41:64:74 [0] NCCL INFO NET/IB: ncclIbSenderQpsToRts: Set ECE: IbDev 0 Port 1 qp_num 40772 set_ece={supported=1, vendor_id=0x15b3, options=0x30000002, comp_mask=0x0}
gx10-6b41:64:74 [0] NCCL INFO NET/IB: ncclIbSenderQpsToRts: Set ECE: IbDev 0 Port 1 qp_num 40773 set_ece={supported=1, vendor_id=0x15b3, options=0x30000002, comp_mask=0x0}
gx10-6b41:64:74 [0] NCCL INFO NET/IB: Subnet-aware routing: overriding dev 5 with dev 2
gx10-6b41:64:74 [0] NCCL INFO NET/IB: ncclIbSenderQpsCreate: QP created: port=1 dev=2 devName=roceP2p1s0f0 ndevs=4 nmdevs=6 qp_num=2010 pkey=0 pd=0xe6af281f0300 oooRq=0
gx10-6b41:64:74 [0] NCCL INFO NET/IB: ncclIbSenderQpsCreate: QP created: port=1 dev=2 devName=roceP2p1s0f0 ndevs=4 nmdevs=6 qp_num=2011 pkey=0 pd=0xe6af281f0300 oooRq=0
gx10-6b41:64:74 [0] NCCL INFO NET/IB: ncclIbConnectImpl: NCCL Dev 2 IbDev 2 Port 1 qp_num 2010 mtu 5 GID 3 (0/26FA8C0FFFF0000) ctsFifoRkey=0x19201f ctsFifoLkey=0x19201f
gx10-6b41:64:74 [0] NCCL INFO NET/IB: ncclIbConnectImpl: IbDev 2 Port 1 qp_num 2010 query_ece={supported=1, vendor_id=0x15b3, options=0x30000002, comp_mask=0x0}
gx10-6b41:64:74 [0] NCCL INFO NET/IB: ncclIbConnectImpl: NCCL Dev 2 IbDev 2 Port 1 qp_num 2011 mtu 5 GID 3 (0/26FA8C0FFFF0000) ctsFifoRkey=0x19201f ctsFifoLkey=0x19201f
gx10-6b41:64:74 [0] NCCL INFO NET/IB: ncclIbConnectImpl: IbDev 2 Port 1 qp_num 2011 query_ece={supported=1, vendor_id=0x15b3, options=0x30000002, comp_mask=0x0}
gx10-6b41:64:74 [0] NCCL INFO NET/IB: Subnet-aware routing: overriding dev 5 with dev 3
gx10-6b41:64:74 [0] NCCL INFO NET/IB: ncclIbReceiverQpsCreateToRts: QP created: port=1 dev=3 devName=roceP2p1s0f1 ndevs=4 nmdevs=6 qp_num=2464 pkey=0 pd=0xe6af2830b4c0 oooRq=0
gx10-6b41:64:74 [0] NCCL INFO NET/IB: ncclIbReceiverQpsCreateToRts: QP created: port=1 dev=3 devName=roceP2p1s0f1 ndevs=4 nmdevs=6 qp_num=2465 pkey=0 pd=0xe6af2830b4c0 oooRq=0
gx10-6b41:64:74 [0] NCCL INFO NET/IB: ncclIbReceiverQpsCreateToRts: Flush QP created: port=1 dev=3 devName=roceP2p1s0f1 ndevs=4 nmdevs=6 qp_num=2466 pkey=0 pd=0xe6af2830b4c0
gx10-6b41:64:74 [0] NCCL INFO NET/IB: Subnet-aware routing: overriding dev 4 with dev 0
gx10-6b41:64:74 [0] NCCL INFO NET/IB: ncclIbResiliencyInit: Resiliency is disabled on the recv communicator (comm=0xe6af29681000)
gx10-6b41:64:74 [0] NCCL INFO NET/IB: ncclIbRecvCommInit: Receive work requests will be posted on-demand
gx10-6b41:64:74 [0] NCCL INFO NET/IB: Subnet-aware routing: overriding dev 5 with dev 2
gx10-6b41:64:74 [0] NCCL INFO NET/IB: Subnet-aware routing: overriding dev 4 with dev 0
gx10-6b41:64:74 [0] NCCL INFO NET/IB: Subnet-aware routing: overriding dev 5 with dev 2
gx10-6b41:64:74 [0] NCCL INFO NET/IB: ncclIbResiliencyInit: Resiliency is disabled on the send communicator (comm=0xe6af296c9000)
gx10-6b41:64:74 [0] NCCL INFO NET/IB: Subnet-aware routing: overriding dev 5 with dev 2
gx10-6b41:64:74 [0] NCCL INFO NET/IB: ncclIbSenderQpsToRts: Set ECE: IbDev 2 Port 1 qp_num 2010 set_ece={supported=1, vendor_id=0x15b3, options=0x30000002, comp_mask=0x0}
gx10-6b41:64:74 [0] NCCL INFO NET/IB: ncclIbSenderQpsToRts: Set ECE: IbDev 2 Port 1 qp_num 2011 set_ece={supported=1, vendor_id=0x15b3, options=0x30000002, comp_mask=0x0}
gx10-6b41:64:74 [0] NCCL INFO NET/IB: Subnet-aware routing: overriding dev 4 with dev 0
gx10-6b41:64:74 [0] NCCL INFO NET/IB: ncclIbSenderQpsCreate: QP created: port=1 dev=0 devName=rocep1s0f0 ndevs=4 nmdevs=6 qp_num=40774 pkey=0 pd=0xe6af2807ddd0 oooRq=0
gx10-6b41:64:74 [0] NCCL INFO NET/IB: ncclIbSenderQpsCreate: QP created: port=1 dev=0 devName=rocep1s0f0 ndevs=4 nmdevs=6 qp_num=40775 pkey=0 pd=0xe6af2807ddd0 oooRq=0
gx10-6b41:64:74 [0] NCCL INFO NET/IB: ncclIbConnectImpl: NCCL Dev 0 IbDev 0 Port 1 qp_num 40774 mtu 5 GID 6 (0/265A8C0FFFF0000) ctsFifoRkey=0x16f4ae ctsFifoLkey=0x16f4ae
gx10-6b41:64:74 [0] NCCL INFO NET/IB: ncclIbConnectImpl: IbDev 0 Port 1 qp_num 40774 query_ece={supported=1, vendor_id=0x15b3, options=0x30000002, comp_mask=0x0}
gx10-6b41:64:74 [0] NCCL INFO NET/IB: ncclIbConnectImpl: NCCL Dev 0 IbDev 0 Port 1 qp_num 40775 mtu 5 GID 6 (0/265A8C0FFFF0000) ctsFifoRkey=0x16f4ae ctsFifoLkey=0x16f4ae
gx10-6b41:64:74 [0] NCCL INFO NET/IB: ncclIbConnectImpl: IbDev 0 Port 1 qp_num 40775 query_ece={supported=1, vendor_id=0x15b3, options=0x30000002, comp_mask=0x0}
gx10-6b41:64:74 [0] NCCL INFO NET/IB: Subnet-aware routing: overriding dev 4 with dev 1
gx10-6b41:64:74 [0] NCCL INFO NET/IB: ncclIbReceiverQpsCreateToRts: QP created: port=1 dev=1 devName=rocep1s0f1 ndevs=4 nmdevs=6 qp_num=39866 pkey=0 pd=0xe6af28106e80 oooRq=0
gx10-6b41:64:74 [0] NCCL INFO NET/IB: ncclIbReceiverQpsCreateToRts: QP created: port=1 dev=1 devName=rocep1s0f1 ndevs=4 nmdevs=6 qp_num=39867 pkey=0 pd=0xe6af28106e80 oooRq=0
gx10-6b41:64:74 [0] NCCL INFO NET/IB: ncclIbReceiverQpsCreateToRts: Flush QP created: port=1 dev=1 devName=rocep1s0f1 ndevs=4 nmdevs=6 qp_num=39868 pkey=0 pd=0xe6af28106e80
gx10-6b41:64:74 [0] NCCL INFO NET/IB: Subnet-aware routing: overriding dev 5 with dev 2
gx10-6b41:64:74 [0] NCCL INFO NET/IB: ncclIbResiliencyInit: Resiliency is disabled on the recv communicator (comm=0xe6af297de000)
gx10-6b41:64:74 [0] NCCL INFO NET/IB: ncclIbRecvCommInit: Receive work requests will be posted on-demand
gx10-6b41:64:74 [0] NCCL INFO NET/IB: Subnet-aware routing: overriding dev 4 with dev 0
gx10-6b41:64:74 [0] NCCL INFO NET/IB: Subnet-aware routing: overriding dev 5 with dev 2
gx10-6b41:64:74 [0] NCCL INFO NET/IB: Subnet-aware routing: overriding dev 4 with dev 0
gx10-6b41:64:74 [0] NCCL INFO NET/IB: ncclIbResiliencyInit: Resiliency is disabled on the send communicator (comm=0xe6af29826000)
gx10-6b41:64:74 [0] NCCL INFO NET/IB: Subnet-aware routing: overriding dev 4 with dev 0
gx10-6b41:64:74 [0] NCCL INFO NET/IB: Subnet-aware routing: overriding dev 5 with dev 2
gx10-6b41:64:74 [0] NCCL INFO NET/IB: ncclIbSenderQpsCreate: QP created: port=1 dev=2 devName=roceP2p1s0f0 ndevs=4 nmdevs=6 qp_num=2012 pkey=0 pd=0xe6af281f0300 oooRq=0
gx10-6b41:64:74 [0] NCCL INFO NET/IB: ncclIbSenderQpsCreate: QP created: port=1 dev=2 devName=roceP2p1s0f0 ndevs=4 nmdevs=6 qp_num=2013 pkey=0 pd=0xe6af281f0300 oooRq=0
gx10-6b41:64:74 [0] NCCL INFO NET/IB: ncclIbConnectImpl: NCCL Dev 2 IbDev 2 Port 1 qp_num 2012 mtu 5 GID 3 (0/26FA8C0FFFF0000) ctsFifoRkey=0x18dedd ctsFifoLkey=0x18dedd
gx10-6b41:64:74 [0] NCCL INFO NET/IB: ncclIbConnectImpl: IbDev 2 Port 1 qp_num 2012 query_ece={supported=1, vendor_id=0x15b3, options=0x30000002, comp_mask=0x0}
gx10-6b41:64:74 [0] NCCL INFO NET/IB: ncclIbConnectImpl: NCCL Dev 2 IbDev 2 Port 1 qp_num 2013 mtu 5 GID 3 (0/26FA8C0FFFF0000) ctsFifoRkey=0x18dedd ctsFifoLkey=0x18dedd
gx10-6b41:64:74 [0] NCCL INFO NET/IB: ncclIbConnectImpl: IbDev 2 Port 1 qp_num 2013 query_ece={supported=1, vendor_id=0x15b3, options=0x30000002, comp_mask=0x0}
gx10-6b41:64:74 [0] NCCL INFO NET/IB: Subnet-aware routing: overriding dev 4 with dev 0
gx10-6b41:64:74 [0] NCCL INFO NET/IB: ncclIbResiliencyInit: Resiliency is disabled on the recv communicator (comm=0xe6af298c3000)
gx10-6b41:64:74 [0] NCCL INFO NET/IB: ncclIbRecvCommInit: Receive work requests will be posted on-demand
gx10-6b41:64:74 [0] NCCL INFO NET/IB: Subnet-aware routing: overriding dev 4 with dev 0
gx10-6b41:64:74 [0] NCCL INFO NET/IB: ncclIbSenderQpsToRts: Set ECE: IbDev 0 Port 1 qp_num 40774 set_ece={supported=1, vendor_id=0x15b3, options=0x30000002, comp_mask=0x0}
gx10-6b41:64:74 [0] NCCL INFO NET/IB: ncclIbSenderQpsToRts: Set ECE: IbDev 0 Port 1 qp_num 40775 set_ece={supported=1, vendor_id=0x15b3, options=0x30000002, comp_mask=0x0}
gx10-6b41:64:74 [0] NCCL INFO NET/IB: Subnet-aware routing: overriding dev 5 with dev 2
gx10-6b41:64:74 [0] NCCL INFO NET/IB: Subnet-aware routing: overriding dev 5 with dev 3
gx10-6b41:64:74 [0] NCCL INFO NET/IB: ncclIbReceiverQpsCreateToRts: QP created: port=1 dev=3 devName=roceP2p1s0f1 ndevs=4 nmdevs=6 qp_num=2467 pkey=0 pd=0xe6af2830b4c0 oooRq=0
gx10-6b41:64:74 [0] NCCL INFO NET/IB: ncclIbReceiverQpsCreateToRts: QP created: port=1 dev=3 devName=roceP2p1s0f1 ndevs=4 nmdevs=6 qp_num=2468 pkey=0 pd=0xe6af2830b4c0 oooRq=0
gx10-6b41:64:74 [0] NCCL INFO NET/IB: ncclIbReceiverQpsCreateToRts: Flush QP created: port=1 dev=3 devName=roceP2p1s0f1 ndevs=4 nmdevs=6 qp_num=2469 pkey=0 pd=0xe6af2830b4c0
gx10-6b41:64:74 [0] NCCL INFO NET/IB: Subnet-aware routing: overriding dev 4 with dev 0
gx10-6b41:64:74 [0] NCCL INFO NET/IB: Subnet-aware routing: overriding dev 4 with dev 1
gx10-6b41:64:74 [0] NCCL INFO NET/IB: ncclIbReceiverQpsCreateToRts: QP created: port=1 dev=1 devName=rocep1s0f1 ndevs=4 nmdevs=6 qp_num=39869 pkey=0 pd=0xe6af28106e80 oooRq=0
gx10-6b41:64:74 [0] NCCL INFO NET/IB: ncclIbReceiverQpsCreateToRts: QP created: port=1 dev=1 devName=rocep1s0f1 ndevs=4 nmdevs=6 qp_num=39870 pkey=0 pd=0xe6af28106e80 oooRq=0
gx10-6b41:64:74 [0] NCCL INFO NET/IB: ncclIbReceiverQpsCreateToRts: Flush QP created: port=1 dev=1 devName=rocep1s0f1 ndevs=4 nmdevs=6 qp_num=39871 pkey=0 pd=0xe6af28106e80
gx10-6b41:64:74 [0] NCCL INFO NET/IB: Subnet-aware routing: overriding dev 5 with dev 2
gx10-6b41:64:74 [0] NCCL INFO NET/IB: ncclIbResiliencyInit: Resiliency is disabled on the send communicator (comm=0xe6af299ff000)
gx10-6b41:64:74 [0] NCCL INFO NET/IB: Subnet-aware routing: overriding dev 5 with dev 2
gx10-6b41:64:74 [0] NCCL INFO NET/IB: ncclIbSenderQpsToRts: Set ECE: IbDev 2 Port 1 qp_num 2012 set_ece={supported=1, vendor_id=0x15b3, options=0x30000002, comp_mask=0x0}
gx10-6b41:64:74 [0] NCCL INFO NET/IB: ncclIbSenderQpsToRts: Set ECE: IbDev 2 Port 1 qp_num 2013 set_ece={supported=1, vendor_id=0x15b3, options=0x30000002, comp_mask=0x0}
gx10-6b41:64:74 [0] NCCL INFO NET/IB: Subnet-aware routing: overriding dev 4 with dev 0
gx10-6b41:64:74 [0] NCCL INFO NET/IB: ncclIbSenderQpsCreate: QP created: port=1 dev=0 devName=rocep1s0f0 ndevs=4 nmdevs=6 qp_num=40776 pkey=0 pd=0xe6af2807ddd0 oooRq=0
gx10-6b41:64:74 [0] NCCL INFO NET/IB: ncclIbSenderQpsCreate: QP created: port=1 dev=0 devName=rocep1s0f0 ndevs=4 nmdevs=6 qp_num=40777 pkey=0 pd=0xe6af2807ddd0 oooRq=0
gx10-6b41:64:74 [0] NCCL INFO NET/IB: ncclIbConnectImpl: NCCL Dev 0 IbDev 0 Port 1 qp_num 40776 mtu 5 GID 6 (0/265A8C0FFFF0000) ctsFifoRkey=0x1619d5 ctsFifoLkey=0x1619d5
gx10-6b41:64:74 [0] NCCL INFO NET/IB: ncclIbConnectImpl: IbDev 0 Port 1 qp_num 40776 query_ece={supported=1, vendor_id=0x15b3, options=0x30000002, comp_mask=0x0}
gx10-6b41:64:74 [0] NCCL INFO NET/IB: ncclIbConnectImpl: NCCL Dev 0 IbDev 0 Port 1 qp_num 40777 mtu 5 GID 6 (0/265A8C0FFFF0000) ctsFifoRkey=0x1619d5 ctsFifoLkey=0x1619d5
gx10-6b41:64:74 [0] NCCL INFO NET/IB: ncclIbConnectImpl: IbDev 0 Port 1 qp_num 40777 query_ece={supported=1, vendor_id=0x15b3, options=0x30000002, comp_mask=0x0}
gx10-6b41:64:74 [0] NCCL INFO NET/IB: Subnet-aware routing: overriding dev 5 with dev 2
gx10-6b41:64:74 [0] NCCL INFO NET/IB: ncclIbResiliencyInit: Resiliency is disabled on the recv communicator (comm=0xe6af29a9a000)
gx10-6b41:64:74 [0] NCCL INFO NET/IB: ncclIbRecvCommInit: Receive work requests will be posted on-demand
gx10-6b41:64:74 [0] NCCL INFO NET/IB: Subnet-aware routing: overriding dev 4 with dev 0
gx10-6b41:64:74 [0] NCCL INFO NET/IB: Subnet-aware routing: overriding dev 5 with dev 2
gx10-6b41:64:74 [0] NCCL INFO NET/IB: Subnet-aware routing: overriding dev 4 with dev 0
gx10-6b41:64:74 [0] NCCL INFO NET/IB: ncclIbResiliencyInit: Resiliency is disabled on the send communicator (comm=0xe6af29ae2000)
gx10-6b41:64:74 [0] NCCL INFO NET/IB: Subnet-aware routing: overriding dev 4 with dev 0
gx10-6b41:64:74 [0] NCCL INFO NET/IB: Subnet-aware routing: overriding dev 5 with dev 2
gx10-6b41:64:74 [0] NCCL INFO NET/IB: ncclIbSenderQpsCreate: QP created: port=1 dev=2 devName=roceP2p1s0f0 ndevs=4 nmdevs=6 qp_num=2014 pkey=0 pd=0xe6af281f0300 oooRq=0
gx10-6b41:64:74 [0] NCCL INFO NET/IB: ncclIbSenderQpsCreate: QP created: port=1 dev=2 devName=roceP2p1s0f0 ndevs=4 nmdevs=6 qp_num=2015 pkey=0 pd=0xe6af281f0300 oooRq=0
gx10-6b41:64:74 [0] NCCL INFO NET/IB: ncclIbConnectImpl: NCCL Dev 2 IbDev 2 Port 1 qp_num 2014 mtu 5 GID 3 (0/26FA8C0FFFF0000) ctsFifoRkey=0x18f3f3 ctsFifoLkey=0x18f3f3
gx10-6b41:64:74 [0] NCCL INFO NET/IB: ncclIbConnectImpl: IbDev 2 Port 1 qp_num 2014 query_ece={supported=1, vendor_id=0x15b3, options=0x30000002, comp_mask=0x0}
gx10-6b41:64:74 [0] NCCL INFO NET/IB: ncclIbConnectImpl: NCCL Dev 2 IbDev 2 Port 1 qp_num 2015 mtu 5 GID 3 (0/26FA8C0FFFF0000) ctsFifoRkey=0x18f3f3 ctsFifoLkey=0x18f3f3
gx10-6b41:64:74 [0] NCCL INFO NET/IB: ncclIbConnectImpl: IbDev 2 Port 1 qp_num 2015 query_ece={supported=1, vendor_id=0x15b3, options=0x30000002, comp_mask=0x0}
gx10-6b41:64:74 [0] NCCL INFO NET/IB: Subnet-aware routing: overriding dev 4 with dev 0
gx10-6b41:64:74 [0] NCCL INFO NET/IB: ncclIbResiliencyInit: Resiliency is disabled on the recv communicator (comm=0xe6af29b7d000)
gx10-6b41:64:74 [0] NCCL INFO NET/IB: ncclIbRecvCommInit: Receive work requests will be posted on-demand
gx10-6b41:64:74 [0] NCCL INFO NET/IB: Subnet-aware routing: overriding dev 4 with dev 0
gx10-6b41:64:74 [0] NCCL INFO NET/IB: ncclIbSenderQpsToRts: Set ECE: IbDev 0 Port 1 qp_num 40776 set_ece={supported=1, vendor_id=0x15b3, options=0x30000002, comp_mask=0x0}
gx10-6b41:64:74 [0] NCCL INFO NET/IB: ncclIbSenderQpsToRts: Set ECE: IbDev 0 Port 1 qp_num 40777 set_ece={supported=1, vendor_id=0x15b3, options=0x30000002, comp_mask=0x0}
gx10-6b41:64:74 [0] NCCL INFO NET/IB: Subnet-aware routing: overriding dev 5 with dev 2
gx10-6b41:64:74 [0] NCCL INFO NET/IB: Subnet-aware routing: overriding dev 5 with dev 3
gx10-6b41:64:74 [0] NCCL INFO NET/IB: ncclIbReceiverQpsCreateToRts: QP created: port=1 dev=3 devName=roceP2p1s0f1 ndevs=4 nmdevs=6 qp_num=2470 pkey=0 pd=0xe6af2830b4c0 oooRq=0
gx10-6b41:64:74 [0] NCCL INFO NET/IB: ncclIbReceiverQpsCreateToRts: QP created: port=1 dev=3 devName=roceP2p1s0f1 ndevs=4 nmdevs=6 qp_num=2471 pkey=0 pd=0xe6af2830b4c0 oooRq=0
gx10-6b41:64:74 [0] NCCL INFO NET/IB: ncclIbReceiverQpsCreateToRts: Flush QP created: port=1 dev=3 devName=roceP2p1s0f1 ndevs=4 nmdevs=6 qp_num=2472 pkey=0 pd=0xe6af2830b4c0
gx10-6b41:64:74 [0] NCCL INFO NET/IB: Subnet-aware routing: overriding dev 4 with dev 0
gx10-6b41:64:74 [0] NCCL INFO NET/IB: Subnet-aware routing: overriding dev 5 with dev 2
gx10-6b41:64:74 [0] NCCL INFO NET/IB: ncclIbResiliencyInit: Resiliency is disabled on the send communicator (comm=0xe6af29c40000)
gx10-6b41:64:74 [0] NCCL INFO NET/IB: Subnet-aware routing: overriding dev 5 with dev 2
gx10-6b41:64:74 [0] NCCL INFO NET/IB: Subnet-aware routing: overriding dev 4 with dev 0
gx10-6b41:64:74 [0] NCCL INFO NET/IB: Subnet-aware routing: overriding dev 5 with dev 2
gx10-6b41:64:74 [0] NCCL INFO NET/IB: ncclIbResiliencyInit: Resiliency is disabled on the recv communicator (comm=0xe6af29c84000)
gx10-6b41:64:74 [0] NCCL INFO NET/IB: ncclIbRecvCommInit: Receive work requests will be posted on-demand
gx10-6b41:64:74 [0] NCCL INFO NET/IB: Subnet-aware routing: overriding dev 5 with dev 2
gx10-6b41:64:74 [0] NCCL INFO NET/IB: ncclIbSenderQpsToRts: Set ECE: IbDev 2 Port 1 qp_num 2014 set_ece={supported=1, vendor_id=0x15b3, options=0x30000002, comp_mask=0x0}
gx10-6b41:64:74 [0] NCCL INFO NET/IB: ncclIbSenderQpsToRts: Set ECE: IbDev 2 Port 1 qp_num 2015 set_ece={supported=1, vendor_id=0x15b3, options=0x30000002, comp_mask=0x0}
gx10-6b41:64:74 [0] NCCL INFO NET/IB: Subnet-aware routing: overriding dev 4 with dev 0
gx10-6b41:64:74 [0] NCCL INFO NET/IB: ncclIbSenderQpsCreate: QP created: port=1 dev=0 devName=rocep1s0f0 ndevs=4 nmdevs=6 qp_num=40778 pkey=0 pd=0xe6af2807ddd0 oooRq=0
gx10-6b41:64:74 [0] NCCL INFO NET/IB: ncclIbSenderQpsCreate: QP created: port=1 dev=0 devName=rocep1s0f0 ndevs=4 nmdevs=6 qp_num=40779 pkey=0 pd=0xe6af2807ddd0 oooRq=0
gx10-6b41:64:74 [0] NCCL INFO NET/IB: ncclIbConnectImpl: NCCL Dev 0 IbDev 0 Port 1 qp_num 40778 mtu 5 GID 6 (0/265A8C0FFFF0000) ctsFifoRkey=0x15914c ctsFifoLkey=0x15914c
gx10-6b41:64:74 [0] NCCL INFO NET/IB: ncclIbConnectImpl: IbDev 0 Port 1 qp_num 40778 query_ece={supported=1, vendor_id=0x15b3, options=0x30000002, comp_mask=0x0}
gx10-6b41:64:74 [0] NCCL INFO NET/IB: ncclIbConnectImpl: NCCL Dev 0 IbDev 0 Port 1 qp_num 40779 mtu 5 GID 6 (0/265A8C0FFFF0000) ctsFifoRkey=0x15914c ctsFifoLkey=0x15914c
gx10-6b41:64:74 [0] NCCL INFO NET/IB: ncclIbConnectImpl: IbDev 0 Port 1 qp_num 40779 query_ece={supported=1, vendor_id=0x15b3, options=0x30000002, comp_mask=0x0}
gx10-6b41:64:74 [0] NCCL INFO NET/IB: Subnet-aware routing: overriding dev 4 with dev 1
gx10-6b41:64:74 [0] NCCL INFO NET/IB: ncclIbReceiverQpsCreateToRts: QP created: port=1 dev=1 devName=rocep1s0f1 ndevs=4 nmdevs=6 qp_num=39872 pkey=0 pd=0xe6af28106e80 oooRq=0
gx10-6b41:64:74 [0] NCCL INFO NET/IB: ncclIbReceiverQpsCreateToRts: QP created: port=1 dev=1 devName=rocep1s0f1 ndevs=4 nmdevs=6 qp_num=39873 pkey=0 pd=0xe6af28106e80 oooRq=0
gx10-6b41:64:74 [0] NCCL INFO NET/IB: ncclIbReceiverQpsCreateToRts: Flush QP created: port=1 dev=1 devName=rocep1s0f1 ndevs=4 nmdevs=6 qp_num=39874 pkey=0 pd=0xe6af28106e80
gx10-6b41:64:74 [0] NCCL INFO NET/IB: Subnet-aware routing: overriding dev 5 with dev 2
gx10-6b41:64:74 [0] NCCL INFO NET/IB: ncclIbSenderQpsCreate: QP created: port=1 dev=2 devName=roceP2p1s0f0 ndevs=4 nmdevs=6 qp_num=2016 pkey=0 pd=0xe6af281f0300 oooRq=0
gx10-6b41:64:74 [0] NCCL INFO NET/IB: ncclIbSenderQpsCreate: QP created: port=1 dev=2 devName=roceP2p1s0f0 ndevs=4 nmdevs=6 qp_num=2017 pkey=0 pd=0xe6af281f0300 oooRq=0
gx10-6b41:64:74 [0] NCCL INFO NET/IB: ncclIbConnectImpl: NCCL Dev 2 IbDev 2 Port 1 qp_num 2016 mtu 5 GID 3 (0/26FA8C0FFFF0000) ctsFifoRkey=0x192829 ctsFifoLkey=0x192829
gx10-6b41:64:74 [0] NCCL INFO NET/IB: ncclIbConnectImpl: IbDev 2 Port 1 qp_num 2016 query_ece={supported=1, vendor_id=0x15b3, options=0x30000002, comp_mask=0x0}
gx10-6b41:64:74 [0] NCCL INFO NET/IB: ncclIbConnectImpl: NCCL Dev 2 IbDev 2 Port 1 qp_num 2017 mtu 5 GID 3 (0/26FA8C0FFFF0000) ctsFifoRkey=0x192829 ctsFifoLkey=0x192829
gx10-6b41:64:74 [0] NCCL INFO NET/IB: ncclIbConnectImpl: IbDev 2 Port 1 qp_num 2017 query_ece={supported=1, vendor_id=0x15b3, options=0x30000002, comp_mask=0x0}
gx10-6b41:64:74 [0] NCCL INFO NET/IB: Subnet-aware routing: overriding dev 5 with dev 3
gx10-6b41:64:74 [0] NCCL INFO NET/IB: ncclIbReceiverQpsCreateToRts: QP created: port=1 dev=3 devName=roceP2p1s0f1 ndevs=4 nmdevs=6 qp_num=2473 pkey=0 pd=0xe6af2830b4c0 oooRq=0
gx10-6b41:64:74 [0] NCCL INFO NET/IB: ncclIbReceiverQpsCreateToRts: QP created: port=1 dev=3 devName=roceP2p1s0f1 ndevs=4 nmdevs=6 qp_num=2474 pkey=0 pd=0xe6af2830b4c0 oooRq=0
gx10-6b41:64:74 [0] NCCL INFO NET/IB: ncclIbReceiverQpsCreateToRts: Flush QP created: port=1 dev=3 devName=roceP2p1s0f1 ndevs=4 nmdevs=6 qp_num=2475 pkey=0 pd=0xe6af2830b4c0
gx10-6b41:64:74 [0] NCCL INFO NET/IB: Subnet-aware routing: overriding dev 4 with dev 0
gx10-6b41:64:74 [0] NCCL INFO NET/IB: ncclIbResiliencyInit: Resiliency is disabled on the send communicator (comm=0xe6af29e74000)
gx10-6b41:64:74 [0] NCCL INFO NET/IB: Subnet-aware routing: overriding dev 4 with dev 0
gx10-6b41:64:74 [0] NCCL INFO NET/IB: ncclIbSenderQpsToRts: Set ECE: IbDev 0 Port 1 qp_num 40778 set_ece={supported=1, vendor_id=0x15b3, options=0x30000002, comp_mask=0x0}
gx10-6b41:64:74 [0] NCCL INFO NET/IB: ncclIbSenderQpsToRts: Set ECE: IbDev 0 Port 1 qp_num 40779 set_ece={supported=1, vendor_id=0x15b3, options=0x30000002, comp_mask=0x0}
gx10-6b41:64:74 [0] NCCL INFO NET/IB: Subnet-aware routing: overriding dev 5 with dev 2
gx10-6b41:64:74 [0] NCCL INFO NET/IB: Subnet-aware routing: overriding dev 4 with dev 0
gx10-6b41:64:74 [0] NCCL INFO NET/IB: ncclIbResiliencyInit: Resiliency is disabled on the recv communicator (comm=0xe6af29eb8000)
gx10-6b41:64:74 [0] NCCL INFO NET/IB: ncclIbRecvCommInit: Receive work requests will be posted on-demand
gx10-6b41:64:74 [0] NCCL INFO NET/IB: Subnet-aware routing: overriding dev 5 with dev 2
gx10-6b41:64:74 [0] NCCL INFO NET/IB: ncclIbSenderQpsToRts: Set ECE: IbDev 2 Port 1 qp_num 2016 set_ece={supported=1, vendor_id=0x15b3, options=0x30000002, comp_mask=0x0}
gx10-6b41:64:74 [0] NCCL INFO NET/IB: ncclIbSenderQpsToRts: Set ECE: IbDev 2 Port 1 qp_num 2017 set_ece={supported=1, vendor_id=0x15b3, options=0x30000002, comp_mask=0x0}
gx10-6b41:64:74 [0] NCCL INFO NET/IB: Subnet-aware routing: overriding dev 4 with dev 0
gx10-6b41:64:74 [0] NCCL INFO NET/IB: ncclIbSenderQpsCreate: QP created: port=1 dev=0 devName=rocep1s0f0 ndevs=4 nmdevs=6 qp_num=40780 pkey=0 pd=0xe6af2807ddd0 oooRq=0
gx10-6b41:64:74 [0] NCCL INFO NET/IB: ncclIbSenderQpsCreate: QP created: port=1 dev=0 devName=rocep1s0f0 ndevs=4 nmdevs=6 qp_num=40781 pkey=0 pd=0xe6af2807ddd0 oooRq=0
gx10-6b41:64:74 [0] NCCL INFO NET/IB: ncclIbConnectImpl: NCCL Dev 0 IbDev 0 Port 1 qp_num 40780 mtu 5 GID 6 (0/265A8C0FFFF0000) ctsFifoRkey=0x173af5 ctsFifoLkey=0x173af5
gx10-6b41:64:74 [0] NCCL INFO NET/IB: ncclIbConnectImpl: IbDev 0 Port 1 qp_num 40780 query_ece={supported=1, vendor_id=0x15b3, options=0x30000002, comp_mask=0x0}
gx10-6b41:64:74 [0] NCCL INFO NET/IB: ncclIbConnectImpl: NCCL Dev 0 IbDev 0 Port 1 qp_num 40781 mtu 5 GID 6 (0/265A8C0FFFF0000) ctsFifoRkey=0x173af5 ctsFifoLkey=0x173af5
gx10-6b41:64:74 [0] NCCL INFO NET/IB: ncclIbConnectImpl: IbDev 0 Port 1 qp_num 40781 query_ece={supported=1, vendor_id=0x15b3, options=0x30000002, comp_mask=0x0}
gx10-6b41:64:74 [0] NCCL INFO NET/IB: Subnet-aware routing: overriding dev 4 with dev 1
gx10-6b41:64:74 [0] NCCL INFO NET/IB: ncclIbReceiverQpsCreateToRts: QP created: port=1 dev=1 devName=rocep1s0f1 ndevs=4 nmdevs=6 qp_num=39875 pkey=0 pd=0xe6af28106e80 oooRq=0
gx10-6b41:64:74 [0] NCCL INFO NET/IB: ncclIbReceiverQpsCreateToRts: QP created: port=1 dev=1 devName=rocep1s0f1 ndevs=4 nmdevs=6 qp_num=39876 pkey=0 pd=0xe6af28106e80 oooRq=0
gx10-6b41:64:74 [0] NCCL INFO NET/IB: ncclIbReceiverQpsCreateToRts: Flush QP created: port=1 dev=1 devName=rocep1s0f1 ndevs=4 nmdevs=6 qp_num=39877 pkey=0 pd=0xe6af28106e80
gx10-6b41:64:74 [0] NCCL INFO NET/IB: Subnet-aware routing: overriding dev 5 with dev 2
gx10-6b41:64:74 [0] NCCL INFO NET/IB: ncclIbResiliencyInit: Resiliency is disabled on the send communicator (comm=0xe6af29fce000)
gx10-6b41:64:74 [0] NCCL INFO NET/IB: Subnet-aware routing: overriding dev 4 with dev 0
gx10-6b41:64:74 [0] NCCL INFO NET/IB: Subnet-aware routing: overriding dev 5 with dev 2
gx10-6b41:64:74 [0] NCCL INFO NET/IB: ncclIbResiliencyInit: Resiliency is disabled on the recv communicator (comm=0xe6af2a012000)
gx10-6b41:64:74 [0] NCCL INFO NET/IB: ncclIbRecvCommInit: Receive work requests will be posted on-demand
gx10-6b41:64:74 [0] NCCL INFO NET/IB: Subnet-aware routing: overriding dev 4 with dev 0
gx10-6b41:64:74 [0] NCCL INFO NET/IB: Subnet-aware routing: overriding dev 5 with dev 2
gx10-6b41:64:74 [0] NCCL INFO NET/IB: Subnet-aware routing: overriding dev 4 with dev 0
gx10-6b41:64:74 [0] NCCL INFO NET/IB: ncclIbResiliencyInit: Resiliency is disabled on the send communicator (comm=0xe6af2a05a000)
gx10-6b41:64:74 [0] NCCL INFO NET/IB: Subnet-aware routing: overriding dev 4 with dev 0
gx10-6b41:64:74 [0] NCCL INFO NET/IB: ncclIbSenderQpsToRts: Set ECE: IbDev 0 Port 1 qp_num 40780 set_ece={supported=1, vendor_id=0x15b3, options=0x30000002, comp_mask=0x0}
gx10-6b41:64:74 [0] NCCL INFO NET/IB: ncclIbSenderQpsToRts: Set ECE: IbDev 0 Port 1 qp_num 40781 set_ece={supported=1, vendor_id=0x15b3, options=0x30000002, comp_mask=0x0}
gx10-6b41:64:74 [0] NCCL INFO NET/IB: Subnet-aware routing: overriding dev 5 with dev 2
gx10-6b41:64:74 [0] NCCL INFO NET/IB: ncclIbSenderQpsCreate: QP created: port=1 dev=2 devName=roceP2p1s0f0 ndevs=4 nmdevs=6 qp_num=2018 pkey=0 pd=0xe6af281f0300 oooRq=0
gx10-6b41:64:74 [0] NCCL INFO NET/IB: ncclIbSenderQpsCreate: QP created: port=1 dev=2 devName=roceP2p1s0f0 ndevs=4 nmdevs=6 qp_num=2019 pkey=0 pd=0xe6af281f0300 oooRq=0
gx10-6b41:64:74 [0] NCCL INFO NET/IB: ncclIbConnectImpl: NCCL Dev 2 IbDev 2 Port 1 qp_num 2018 mtu 5 GID 3 (0/26FA8C0FFFF0000) ctsFifoRkey=0x192b28 ctsFifoLkey=0x192b28
gx10-6b41:64:74 [0] NCCL INFO NET/IB: ncclIbConnectImpl: IbDev 2 Port 1 qp_num 2018 query_ece={supported=1, vendor_id=0x15b3, options=0x30000002, comp_mask=0x0}
gx10-6b41:64:74 [0] NCCL INFO NET/IB: ncclIbConnectImpl: NCCL Dev 2 IbDev 2 Port 1 qp_num 2019 mtu 5 GID 3 (0/26FA8C0FFFF0000) ctsFifoRkey=0x192b28 ctsFifoLkey=0x192b28
gx10-6b41:64:74 [0] NCCL INFO NET/IB: ncclIbConnectImpl: IbDev 2 Port 1 qp_num 2019 query_ece={supported=1, vendor_id=0x15b3, options=0x30000002, comp_mask=0x0}
gx10-6b41:64:74 [0] NCCL INFO NET/IB: Subnet-aware routing: overriding dev 5 with dev 3
gx10-6b41:64:74 [0] NCCL INFO NET/IB: ncclIbReceiverQpsCreateToRts: QP created: port=1 dev=3 devName=roceP2p1s0f1 ndevs=4 nmdevs=6 qp_num=2476 pkey=0 pd=0xe6af2830b4c0 oooRq=0
gx10-6b41:64:74 [0] NCCL INFO NET/IB: ncclIbReceiverQpsCreateToRts: QP created: port=1 dev=3 devName=roceP2p1s0f1 ndevs=4 nmdevs=6 qp_num=2477 pkey=0 pd=0xe6af2830b4c0 oooRq=0
gx10-6b41:64:74 [0] NCCL INFO NET/IB: ncclIbReceiverQpsCreateToRts: Flush QP created: port=1 dev=3 devName=roceP2p1s0f1 ndevs=4 nmdevs=6 qp_num=2478 pkey=0 pd=0xe6af2830b4c0
gx10-6b41:64:74 [0] NCCL INFO NET/IB: Subnet-aware routing: overriding dev 4 with dev 0
gx10-6b41:64:74 [0] NCCL INFO NET/IB: ncclIbResiliencyInit: Resiliency is disabled on the recv communicator (comm=0xe6af2a170000)
gx10-6b41:64:74 [0] NCCL INFO NET/IB: ncclIbRecvCommInit: Receive work requests will be posted on-demand
gx10-6b41:64:74 [0] NCCL INFO NET/IB: Subnet-aware routing: overriding dev 5 with dev 2
gx10-6b41:64:74 [0] NCCL INFO NET/IB: Subnet-aware routing: overriding dev 4 with dev 0
gx10-6b41:64:74 [0] NCCL INFO NET/IB: Subnet-aware routing: overriding dev 5 with dev 2
gx10-6b41:64:74 [0] NCCL INFO NET/IB: ncclIbResiliencyInit: Resiliency is disabled on the send communicator (comm=0xe6af2a1b8000)
gx10-6b41:64:74 [0] NCCL INFO NET/IB: Subnet-aware routing: overriding dev 5 with dev 2
gx10-6b41:64:74 [0] NCCL INFO NET/IB: Subnet-aware routing: overriding dev 4 with dev 0
gx10-6b41:64:74 [0] NCCL INFO NET/IB: Subnet-aware routing: overriding dev 5 with dev 2
gx10-6b41:64:74 [0] NCCL INFO NET/IB: ncclIbResiliencyInit: Resiliency is disabled on the recv communicator (comm=0xe6af2a1fc000)
gx10-6b41:64:74 [0] NCCL INFO NET/IB: ncclIbRecvCommInit: Receive work requests will be posted on-demand
gx10-6b41:64:74 [0] NCCL INFO NET/IB: Subnet-aware routing: overriding dev 5 with dev 2
gx10-6b41:64:74 [0] NCCL INFO NET/IB: Subnet-aware routing: overriding dev 4 with dev 0
gx10-6b41:64:74 [0] NCCL INFO NET/IB: ncclIbSenderQpsCreate: QP created: port=1 dev=0 devName=rocep1s0f0 ndevs=4 nmdevs=6 qp_num=40782 pkey=0 pd=0xe6af2807ddd0 oooRq=0
gx10-6b41:64:74 [0] NCCL INFO NET/IB: ncclIbSenderQpsCreate: QP created: port=1 dev=0 devName=rocep1s0f0 ndevs=4 nmdevs=6 qp_num=40783 pkey=0 pd=0xe6af2807ddd0 oooRq=0
gx10-6b41:64:74 [0] NCCL INFO NET/IB: ncclIbConnectImpl: NCCL Dev 0 IbDev 0 Port 1 qp_num 40782 mtu 5 GID 6 (0/265A8C0FFFF0000) ctsFifoRkey=0x1717d7 ctsFifoLkey=0x1717d7
gx10-6b41:64:74 [0] NCCL INFO NET/IB: ncclIbConnectImpl: IbDev 0 Port 1 qp_num 40782 query_ece={supported=1, vendor_id=0x15b3, options=0x30000002, comp_mask=0x0}
gx10-6b41:64:74 [0] NCCL INFO NET/IB: ncclIbConnectImpl: NCCL Dev 0 IbDev 0 Port 1 qp_num 40783 mtu 5 GID 6 (0/265A8C0FFFF0000) ctsFifoRkey=0x1717d7 ctsFifoLkey=0x1717d7
gx10-6b41:64:74 [0] NCCL INFO NET/IB: ncclIbConnectImpl: IbDev 0 Port 1 qp_num 40783 query_ece={supported=1, vendor_id=0x15b3, options=0x30000002, comp_mask=0x0}
gx10-6b41:64:74 [0] NCCL INFO NET/IB: Subnet-aware routing: overriding dev 4 with dev 1
gx10-6b41:64:74 [0] NCCL INFO NET/IB: ncclIbReceiverQpsCreateToRts: QP created: port=1 dev=1 devName=rocep1s0f1 ndevs=4 nmdevs=6 qp_num=39878 pkey=0 pd=0xe6af28106e80 oooRq=0
gx10-6b41:64:74 [0] NCCL INFO NET/IB: ncclIbReceiverQpsCreateToRts: QP created: port=1 dev=1 devName=rocep1s0f1 ndevs=4 nmdevs=6 qp_num=39879 pkey=0 pd=0xe6af28106e80 oooRq=0
gx10-6b41:64:74 [0] NCCL INFO NET/IB: ncclIbReceiverQpsCreateToRts: Flush QP created: port=1 dev=1 devName=rocep1s0f1 ndevs=4 nmdevs=6 qp_num=39880 pkey=0 pd=0xe6af28106e80
gx10-6b41:64:74 [0] NCCL INFO NET/IB: Subnet-aware routing: overriding dev 5 with dev 2
gx10-6b41:64:74 [0] NCCL INFO NET/IB: ncclIbSenderQpsCreate: QP created: port=1 dev=2 devName=roceP2p1s0f0 ndevs=4 nmdevs=6 qp_num=2020 pkey=0 pd=0xe6af281f0300 oooRq=0
gx10-6b41:64:74 [0] NCCL INFO NET/IB: ncclIbSenderQpsCreate: QP created: port=1 dev=2 devName=roceP2p1s0f0 ndevs=4 nmdevs=6 qp_num=2021 pkey=0 pd=0xe6af281f0300 oooRq=0
gx10-6b41:64:74 [0] NCCL INFO NET/IB: ncclIbConnectImpl: NCCL Dev 2 IbDev 2 Port 1 qp_num 2020 mtu 5 GID 3 (0/26FA8C0FFFF0000) ctsFifoRkey=0x13a6a3 ctsFifoLkey=0x13a6a3
gx10-6b41:64:74 [0] NCCL INFO NET/IB: ncclIbConnectImpl: IbDev 2 Port 1 qp_num 2020 query_ece={supported=1, vendor_id=0x15b3, options=0x30000002, comp_mask=0x0}
gx10-6b41:64:74 [0] NCCL INFO NET/IB: ncclIbConnectImpl: NCCL Dev 2 IbDev 2 Port 1 qp_num 2021 mtu 5 GID 3 (0/26FA8C0FFFF0000) ctsFifoRkey=0x13a6a3 ctsFifoLkey=0x13a6a3
gx10-6b41:64:74 [0] NCCL INFO NET/IB: ncclIbConnectImpl: IbDev 2 Port 1 qp_num 2021 query_ece={supported=1, vendor_id=0x15b3, options=0x30000002, comp_mask=0x0}
gx10-6b41:64:74 [0] NCCL INFO NET/IB: Subnet-aware routing: overriding dev 5 with dev 3
gx10-6b41:64:74 [0] NCCL INFO NET/IB: ncclIbReceiverQpsCreateToRts: QP created: port=1 dev=3 devName=roceP2p1s0f1 ndevs=4 nmdevs=6 qp_num=2479 pkey=0 pd=0xe6af2830b4c0 oooRq=0
gx10-6b41:64:74 [0] NCCL INFO NET/IB: ncclIbReceiverQpsCreateToRts: QP created: port=1 dev=3 devName=roceP2p1s0f1 ndevs=4 nmdevs=6 qp_num=2480 pkey=0 pd=0xe6af2830b4c0 oooRq=0
gx10-6b41:64:74 [0] NCCL INFO NET/IB: ncclIbReceiverQpsCreateToRts: Flush QP created: port=1 dev=3 devName=roceP2p1s0f1 ndevs=4 nmdevs=6 qp_num=2481 pkey=0 pd=0xe6af2830b4c0
gx10-6b41:64:74 [0] NCCL INFO NET/IB: Subnet-aware routing: overriding dev 4 with dev 0
gx10-6b41:64:74 [0] NCCL INFO NET/IB: ncclIbResiliencyInit: Resiliency is disabled on the send communicator (comm=0xe6af2a3ee000)
gx10-6b41:64:74 [0] NCCL INFO NET/IB: Subnet-aware routing: overriding dev 5 with dev 2
gx10-6b41:64:74 [0] NCCL INFO NET/IB: ncclIbSenderQpsToRts: Set ECE: IbDev 2 Port 1 qp_num 2018 set_ece={supported=1, vendor_id=0x15b3, options=0x30000002, comp_mask=0x0}
gx10-6b41:64:74 [0] NCCL INFO NET/IB: ncclIbSenderQpsToRts: Set ECE: IbDev 2 Port 1 qp_num 2019 set_ece={supported=1, vendor_id=0x15b3, options=0x30000002, comp_mask=0x0}
gx10-6b41:64:74 [0] NCCL INFO NET/IB: Subnet-aware routing: overriding dev 4 with dev 0
gx10-6b41:64:74 [0] NCCL INFO NET/IB: ncclIbSenderQpsToRts: Set ECE: IbDev 0 Port 1 qp_num 40782 set_ece={supported=1, vendor_id=0x15b3, options=0x30000002, comp_mask=0x0}
gx10-6b41:64:74 [0] NCCL INFO NET/IB: ncclIbSenderQpsToRts: Set ECE: IbDev 0 Port 1 qp_num 40783 set_ece={supported=1, vendor_id=0x15b3, options=0x30000002, comp_mask=0x0}
gx10-6b41:64:74 [0] NCCL INFO NET/IB: Subnet-aware routing: overriding dev 5 with dev 2
gx10-6b41:64:74 [0] NCCL INFO NET/IB: ncclIbSenderQpsToRts: Set ECE: IbDev 2 Port 1 qp_num 2020 set_ece={supported=1, vendor_id=0x15b3, options=0x30000002, comp_mask=0x0}
gx10-6b41:64:74 [0] NCCL INFO NET/IB: ncclIbSenderQpsToRts: Set ECE: IbDev 2 Port 1 qp_num 2021 set_ece={supported=1, vendor_id=0x15b3, options=0x30000002, comp_mask=0x0}
gx10-6b41:64:74 [0] NCCL INFO NET/IB: Subnet-aware routing: overriding dev 4 with dev 0
gx10-6b41:64:74 [0] NCCL INFO NET/IB: ncclIbResiliencyInit: Resiliency is disabled on the recv communicator (comm=0xe6af2a432000)
gx10-6b41:64:74 [0] NCCL INFO NET/IB: ncclIbRecvCommInit: Receive work requests will be posted on-demand
gx10-6b41:64:74 [0] NCCL INFO NET/IB: Subnet-aware routing: overriding dev 4 with dev 0
gx10-6b41:64:74 [0] NCCL INFO NET/IB: Subnet-aware routing: overriding dev 5 with dev 2
gx10-6b41:64:74 [0] NCCL INFO NET/IB: ncclIbResiliencyInit: Resiliency is disabled on the send communicator (comm=0xe6af2a47a000)
gx10-6b41:64:74 [0] NCCL INFO NET/IB: Subnet-aware routing: overriding dev 4 with dev 0
gx10-6b41:64:74 [0] NCCL INFO NET/IB: Subnet-aware routing: overriding dev 5 with dev 2
gx10-6b41:64:74 [0] NCCL INFO NET/IB: ncclIbResiliencyInit: Resiliency is disabled on the recv communicator (comm=0xe6af2a4be000)
gx10-6b41:64:74 [0] NCCL INFO NET/IB: ncclIbRecvCommInit: Receive work requests will be posted on-demand
gx10-6b41:64:74 [0] NCCL INFO NET/IB: Subnet-aware routing: overriding dev 4 with dev 0
gx10-6b41:64:74 [0] NCCL INFO NET/IB: Subnet-aware routing: overriding dev 5 with dev 2
gx10-6b41:64:74 [0] NCCL INFO NET/IB: Subnet-aware routing: overriding dev 4 with dev 0
gx10-6b41:64:74 [0] NCCL INFO NET/IB: ncclIbResiliencyInit: Resiliency is disabled on the send communicator (comm=0xe6af2a506000)
gx10-6b41:64:74 [0] NCCL INFO NET/IB: Subnet-aware routing: overriding dev 4 with dev 0
gx10-6b41:64:74 [0] NCCL INFO NET/IB: ncclIbSenderQpsCreate: QP created: port=1 dev=0 devName=rocep1s0f0 ndevs=4 nmdevs=6 qp_num=40784 pkey=0 pd=0xe6af2807ddd0 oooRq=0
gx10-6b41:64:74 [0] NCCL INFO NET/IB: ncclIbSenderQpsCreate: QP created: port=1 dev=0 devName=rocep1s0f0 ndevs=4 nmdevs=6 qp_num=40785 pkey=0 pd=0xe6af2807ddd0 oooRq=0
gx10-6b41:64:74 [0] NCCL INFO NET/IB: ncclIbConnectImpl: NCCL Dev 0 IbDev 0 Port 1 qp_num 40784 mtu 5 GID 6 (0/265A8C0FFFF0000) ctsFifoRkey=0x15c57b ctsFifoLkey=0x15c57b
gx10-6b41:64:74 [0] NCCL INFO NET/IB: ncclIbConnectImpl: IbDev 0 Port 1 qp_num 40784 query_ece={supported=1, vendor_id=0x15b3, options=0x30000002, comp_mask=0x0}
gx10-6b41:64:74 [0] NCCL INFO NET/IB: ncclIbConnectImpl: NCCL Dev 0 IbDev 0 Port 1 qp_num 40785 mtu 5 GID 6 (0/265A8C0FFFF0000) ctsFifoRkey=0x15c57b ctsFifoLkey=0x15c57b
gx10-6b41:64:74 [0] NCCL INFO NET/IB: ncclIbConnectImpl: IbDev 0 Port 1 qp_num 40785 query_ece={supported=1, vendor_id=0x15b3, options=0x30000002, comp_mask=0x0}
gx10-6b41:64:74 [0] NCCL INFO NET/IB: Subnet-aware routing: overriding dev 4 with dev 1
gx10-6b41:64:74 [0] NCCL INFO NET/IB: ncclIbReceiverQpsCreateToRts: QP created: port=1 dev=1 devName=rocep1s0f1 ndevs=4 nmdevs=6 qp_num=39881 pkey=0 pd=0xe6af28106e80 oooRq=0
gx10-6b41:64:74 [0] NCCL INFO NET/IB: ncclIbReceiverQpsCreateToRts: QP created: port=1 dev=1 devName=rocep1s0f1 ndevs=4 nmdevs=6 qp_num=39882 pkey=0 pd=0xe6af28106e80 oooRq=0
gx10-6b41:64:74 [0] NCCL INFO NET/IB: ncclIbReceiverQpsCreateToRts: Flush QP created: port=1 dev=1 devName=rocep1s0f1 ndevs=4 nmdevs=6 qp_num=39883 pkey=0 pd=0xe6af28106e80
gx10-6b41:64:74 [0] NCCL INFO NET/IB: Subnet-aware routing: overriding dev 5 with dev 2
gx10-6b41:64:74 [0] NCCL INFO NET/IB: ncclIbSenderQpsCreate: QP created: port=1 dev=2 devName=roceP2p1s0f0 ndevs=4 nmdevs=6 qp_num=2022 pkey=0 pd=0xe6af281f0300 oooRq=0
gx10-6b41:64:74 [0] NCCL INFO NET/IB: ncclIbSenderQpsCreate: QP created: port=1 dev=2 devName=roceP2p1s0f0 ndevs=4 nmdevs=6 qp_num=2023 pkey=0 pd=0xe6af281f0300 oooRq=0
gx10-6b41:64:74 [0] NCCL INFO NET/IB: ncclIbConnectImpl: NCCL Dev 2 IbDev 2 Port 1 qp_num 2022 mtu 5 GID 3 (0/26FA8C0FFFF0000) ctsFifoRkey=0x194f4c ctsFifoLkey=0x194f4c
gx10-6b41:64:74 [0] NCCL INFO NET/IB: ncclIbConnectImpl: IbDev 2 Port 1 qp_num 2022 query_ece={supported=1, vendor_id=0x15b3, options=0x30000002, comp_mask=0x0}
gx10-6b41:64:74 [0] NCCL INFO NET/IB: ncclIbConnectImpl: NCCL Dev 2 IbDev 2 Port 1 qp_num 2023 mtu 5 GID 3 (0/26FA8C0FFFF0000) ctsFifoRkey=0x194f4c ctsFifoLkey=0x194f4c
gx10-6b41:64:74 [0] NCCL INFO NET/IB: ncclIbConnectImpl: IbDev 2 Port 1 qp_num 2023 query_ece={supported=1, vendor_id=0x15b3, options=0x30000002, comp_mask=0x0}
gx10-6b41:64:74 [0] NCCL INFO NET/IB: Subnet-aware routing: overriding dev 4 with dev 0
gx10-6b41:64:74 [0] NCCL INFO NET/IB: ncclIbResiliencyInit: Resiliency is disabled on the recv communicator (comm=0xe6af2a66f000)
gx10-6b41:64:74 [0] NCCL INFO NET/IB: ncclIbRecvCommInit: Receive work requests will be posted on-demand
gx10-6b41:64:74 [0] NCCL INFO NET/IB: Subnet-aware routing: overriding dev 4 with dev 0
gx10-6b41:64:74 [0] NCCL INFO NET/IB: Subnet-aware routing: overriding dev 5 with dev 2
gx10-6b41:64:74 [0] NCCL INFO NET/IB: Subnet-aware routing: overriding dev 4 with dev 0
gx10-6b41:64:74 [0] NCCL INFO NET/IB: Subnet-aware routing: overriding dev 5 with dev 2
gx10-6b41:64:74 [0] NCCL INFO NET/IB: ncclIbResiliencyInit: Resiliency is disabled on the send communicator (comm=0xe6af2a6b7000)
gx10-6b41:64:74 [0] NCCL INFO NET/IB: Subnet-aware routing: overriding dev 4 with dev 0
gx10-6b41:64:74 [0] NCCL INFO NET/IB: ncclIbSenderQpsToRts: Set ECE: IbDev 0 Port 1 qp_num 40784 set_ece={supported=1, vendor_id=0x15b3, options=0x30000002, comp_mask=0x0}
gx10-6b41:64:74 [0] NCCL INFO NET/IB: ncclIbSenderQpsToRts: Set ECE: IbDev 0 Port 1 qp_num 40785 set_ece={supported=1, vendor_id=0x15b3, options=0x30000002, comp_mask=0x0}
gx10-6b41:64:74 [0] NCCL INFO NET/IB: Subnet-aware routing: overriding dev 5 with dev 2
gx10-6b41:64:74 [0] NCCL INFO NET/IB: ncclIbSenderQpsToRts: Set ECE: IbDev 2 Port 1 qp_num 2022 set_ece={supported=1, vendor_id=0x15b3, options=0x30000002, comp_mask=0x0}
gx10-6b41:64:74 [0] NCCL INFO NET/IB: ncclIbSenderQpsToRts: Set ECE: IbDev 2 Port 1 qp_num 2023 set_ece={supported=1, vendor_id=0x15b3, options=0x30000002, comp_mask=0x0}
gx10-6b41:64:74 [0] NCCL INFO NET/IB: Subnet-aware routing: overriding dev 5 with dev 3
gx10-6b41:64:74 [0] NCCL INFO NET/IB: ncclIbReceiverQpsCreateToRts: QP created: port=1 dev=3 devName=roceP2p1s0f1 ndevs=4 nmdevs=6 qp_num=2482 pkey=0 pd=0xe6af2830b4c0 oooRq=0
gx10-6b41:64:74 [0] NCCL INFO NET/IB: ncclIbReceiverQpsCreateToRts: QP created: port=1 dev=3 devName=roceP2p1s0f1 ndevs=4 nmdevs=6 qp_num=2483 pkey=0 pd=0xe6af2830b4c0 oooRq=0
gx10-6b41:64:74 [0] NCCL INFO NET/IB: ncclIbReceiverQpsCreateToRts: Flush QP created: port=1 dev=3 devName=roceP2p1s0f1 ndevs=4 nmdevs=6 qp_num=2484 pkey=0 pd=0xe6af2830b4c0
gx10-6b41:64:74 [0] NCCL INFO NET/IB: Subnet-aware routing: overriding dev 4 with dev 0
gx10-6b41:64:74 [0] NCCL INFO NET/IB: ncclIbSenderQpsCreate: QP created: port=1 dev=0 devName=rocep1s0f0 ndevs=4 nmdevs=6 qp_num=40786 pkey=0 pd=0xe6af2807ddd0 oooRq=0
gx10-6b41:64:74 [0] NCCL INFO NET/IB: ncclIbSenderQpsCreate: QP created: port=1 dev=0 devName=rocep1s0f0 ndevs=4 nmdevs=6 qp_num=40787 pkey=0 pd=0xe6af2807ddd0 oooRq=0
gx10-6b41:64:74 [0] NCCL INFO NET/IB: ncclIbConnectImpl: NCCL Dev 0 IbDev 0 Port 1 qp_num 40786 mtu 5 GID 6 (0/265A8C0FFFF0000) ctsFifoRkey=0x174e09 ctsFifoLkey=0x174e09
gx10-6b41:64:74 [0] NCCL INFO NET/IB: ncclIbConnectImpl: IbDev 0 Port 1 qp_num 40786 query_ece={supported=1, vendor_id=0x15b3, options=0x30000002, comp_mask=0x0}
gx10-6b41:64:74 [0] NCCL INFO NET/IB: ncclIbConnectImpl: NCCL Dev 0 IbDev 0 Port 1 qp_num 40787 mtu 5 GID 6 (0/265A8C0FFFF0000) ctsFifoRkey=0x174e09 ctsFifoLkey=0x174e09
gx10-6b41:64:74 [0] NCCL INFO NET/IB: ncclIbConnectImpl: IbDev 0 Port 1 qp_num 40787 query_ece={supported=1, vendor_id=0x15b3, options=0x30000002, comp_mask=0x0}
gx10-6b41:64:74 [0] NCCL INFO NET/IB: Subnet-aware routing: overriding dev 5 with dev 2
gx10-6b41:64:74 [0] NCCL INFO NET/IB: ncclIbResiliencyInit: Resiliency is disabled on the recv communicator (comm=0xe6af2a7cb000)
gx10-6b41:64:74 [0] NCCL INFO NET/IB: ncclIbRecvCommInit: Receive work requests will be posted on-demand
gx10-6b41:64:74 [0] NCCL INFO NET/IB: Subnet-aware routing: overriding dev 4 with dev 0
gx10-6b41:64:74 [0] NCCL INFO NET/IB: Subnet-aware routing: overriding dev 5 with dev 2
gx10-6b41:64:74 [0] NCCL INFO NET/IB: Subnet-aware routing: overriding dev 4 with dev 0
gx10-6b41:64:74 [0] NCCL INFO NET/IB: ncclIbResiliencyInit: Resiliency is disabled on the send communicator (comm=0xe6af2a813000)
gx10-6b41:64:74 [0] NCCL INFO NET/IB: Subnet-aware routing: overriding dev 4 with dev 0
gx10-6b41:64:74 [0] NCCL INFO NET/IB: Subnet-aware routing: overriding dev 5 with dev 2
gx10-6b41:64:74 [0] NCCL INFO NET/IB: Subnet-aware routing: overriding dev 4 with dev 0
gx10-6b41:64:74 [0] NCCL INFO NET/IB: ncclIbResiliencyInit: Resiliency is disabled on the recv communicator (comm=0xe6af2a857000)
gx10-6b41:64:74 [0] NCCL INFO NET/IB: ncclIbRecvCommInit: Receive work requests will be posted on-demand
gx10-6b41:64:74 [0] NCCL INFO NET/IB: Subnet-aware routing: overriding dev 4 with dev 0
gx10-6b41:64:74 [0] NCCL INFO NET/IB: Subnet-aware routing: overriding dev 5 with dev 2
gx10-6b41:64:74 [0] NCCL INFO NET/IB: Subnet-aware routing: overriding dev 4 with dev 0
gx10-6b41:64:74 [0] NCCL INFO NET/IB: Subnet-aware routing: overriding dev 5 with dev 2
gx10-6b41:64:74 [0] NCCL INFO NET/IB: ncclIbResiliencyInit: Resiliency is disabled on the send communicator (comm=0xe6af2a89f000)
gx10-6b41:64:74 [0] NCCL INFO NET/IB: Subnet-aware routing: overriding dev 4 with dev 0
gx10-6b41:64:74 [0] NCCL INFO NET/IB: Subnet-aware routing: overriding dev 4 with dev 1
gx10-6b41:64:74 [0] NCCL INFO NET/IB: ncclIbReceiverQpsCreateToRts: QP created: port=1 dev=1 devName=rocep1s0f1 ndevs=4 nmdevs=6 qp_num=39884 pkey=0 pd=0xe6af28106e80 oooRq=0
gx10-6b41:64:74 [0] NCCL INFO NET/IB: ncclIbReceiverQpsCreateToRts: QP created: port=1 dev=1 devName=rocep1s0f1 ndevs=4 nmdevs=6 qp_num=39885 pkey=0 pd=0xe6af28106e80 oooRq=0
gx10-6b41:64:74 [0] NCCL INFO NET/IB: ncclIbReceiverQpsCreateToRts: Flush QP created: port=1 dev=1 devName=rocep1s0f1 ndevs=4 nmdevs=6 qp_num=39886 pkey=0 pd=0xe6af28106e80
gx10-6b41:64:74 [0] NCCL INFO NET/IB: Subnet-aware routing: overriding dev 5 with dev 2
gx10-6b41:64:74 [0] NCCL INFO NET/IB: Subnet-aware routing: overriding dev 5 with dev 3
gx10-6b41:64:74 [0] NCCL INFO NET/IB: ncclIbReceiverQpsCreateToRts: QP created: port=1 dev=3 devName=roceP2p1s0f1 ndevs=4 nmdevs=6 qp_num=2485 pkey=0 pd=0xe6af2830b4c0 oooRq=0
gx10-6b41:64:74 [0] NCCL INFO NET/IB: ncclIbReceiverQpsCreateToRts: QP created: port=1 dev=3 devName=roceP2p1s0f1 ndevs=4 nmdevs=6 qp_num=2486 pkey=0 pd=0xe6af2830b4c0 oooRq=0
gx10-6b41:64:74 [0] NCCL INFO NET/IB: ncclIbReceiverQpsCreateToRts: Flush QP created: port=1 dev=3 devName=roceP2p1s0f1 ndevs=4 nmdevs=6 qp_num=2487 pkey=0 pd=0xe6af2830b4c0
gx10-6b41:64:74 [0] NCCL INFO NET/IB: Subnet-aware routing: overriding dev 4 with dev 0
gx10-6b41:64:74 [0] NCCL INFO NET/IB: ncclIbSenderQpsCreate: QP created: port=1 dev=0 devName=rocep1s0f0 ndevs=4 nmdevs=6 qp_num=40788 pkey=0 pd=0xe6af2807ddd0 oooRq=0
gx10-6b41:64:74 [0] NCCL INFO NET/IB: ncclIbSenderQpsCreate: QP created: port=1 dev=0 devName=rocep1s0f0 ndevs=4 nmdevs=6 qp_num=40789 pkey=0 pd=0xe6af2807ddd0 oooRq=0
gx10-6b41:64:74 [0] NCCL INFO NET/IB: ncclIbConnectImpl: NCCL Dev 0 IbDev 0 Port 1 qp_num 40788 mtu 5 GID 6 (0/265A8C0FFFF0000) ctsFifoRkey=0x1727e5 ctsFifoLkey=0x1727e5
gx10-6b41:64:74 [0] NCCL INFO NET/IB: ncclIbConnectImpl: IbDev 0 Port 1 qp_num 40788 query_ece={supported=1, vendor_id=0x15b3, options=0x30000002, comp_mask=0x0}
gx10-6b41:64:74 [0] NCCL INFO NET/IB: ncclIbConnectImpl: NCCL Dev 0 IbDev 0 Port 1 qp_num 40789 mtu 5 GID 6 (0/265A8C0FFFF0000) ctsFifoRkey=0x1727e5 ctsFifoLkey=0x1727e5
gx10-6b41:64:74 [0] NCCL INFO NET/IB: ncclIbConnectImpl: IbDev 0 Port 1 qp_num 40789 query_ece={supported=1, vendor_id=0x15b3, options=0x30000002, comp_mask=0x0}
gx10-6b41:64:74 [0] NCCL INFO NET/IB: Subnet-aware routing: overriding dev 5 with dev 2
gx10-6b41:64:74 [0] NCCL INFO NET/IB: ncclIbResiliencyInit: Resiliency is disabled on the recv communicator (comm=0xe6af2aa34000)
gx10-6b41:64:74 [0] NCCL INFO NET/IB: ncclIbRecvCommInit: Receive work requests will be posted on-demand
gx10-6b41:64:74 [0] NCCL INFO NET/IB: Subnet-aware routing: overriding dev 4 with dev 0
gx10-6b41:64:74 [0] NCCL INFO NET/IB: ncclIbSenderQpsToRts: Set ECE: IbDev 0 Port 1 qp_num 40786 set_ece={supported=1, vendor_id=0x15b3, options=0x30000002, comp_mask=0x0}
gx10-6b41:64:74 [0] NCCL INFO NET/IB: ncclIbSenderQpsToRts: Set ECE: IbDev 0 Port 1 qp_num 40787 set_ece={supported=1, vendor_id=0x15b3, options=0x30000002, comp_mask=0x0}
gx10-6b41:64:74 [0] NCCL INFO NET/IB: Subnet-aware routing: overriding dev 5 with dev 2
gx10-6b41:64:74 [0] NCCL INFO NET/IB: ncclIbSenderQpsCreate: QP created: port=1 dev=2 devName=roceP2p1s0f0 ndevs=4 nmdevs=6 qp_num=2024 pkey=0 pd=0xe6af281f0300 oooRq=0
gx10-6b41:64:74 [0] NCCL INFO NET/IB: ncclIbSenderQpsCreate: QP created: port=1 dev=2 devName=roceP2p1s0f0 ndevs=4 nmdevs=6 qp_num=2025 pkey=0 pd=0xe6af281f0300 oooRq=0
gx10-6b41:64:74 [0] NCCL INFO NET/IB: ncclIbConnectImpl: NCCL Dev 2 IbDev 2 Port 1 qp_num 2024 mtu 5 GID 3 (0/26FA8C0FFFF0000) ctsFifoRkey=0x193f3c ctsFifoLkey=0x193f3c
gx10-6b41:64:74 [0] NCCL INFO NET/IB: ncclIbConnectImpl: IbDev 2 Port 1 qp_num 2024 query_ece={supported=1, vendor_id=0x15b3, options=0x30000002, comp_mask=0x0}
gx10-6b41:64:74 [0] NCCL INFO NET/IB: ncclIbConnectImpl: NCCL Dev 2 IbDev 2 Port 1 qp_num 2025 mtu 5 GID 3 (0/26FA8C0FFFF0000) ctsFifoRkey=0x193f3c ctsFifoLkey=0x193f3c
gx10-6b41:64:74 [0] NCCL INFO NET/IB: ncclIbConnectImpl: IbDev 2 Port 1 qp_num 2025 query_ece={supported=1, vendor_id=0x15b3, options=0x30000002, comp_mask=0x0}
gx10-6b41:64:74 [0] NCCL INFO NET/IB: Subnet-aware routing: overriding dev 4 with dev 0
gx10-6b41:64:74 [0] NCCL INFO NET/IB: ncclIbSenderQpsToRts: Set ECE: IbDev 0 Port 1 qp_num 40788 set_ece={supported=1, vendor_id=0x15b3, options=0x30000002, comp_mask=0x0}
gx10-6b41:64:74 [0] NCCL INFO NET/IB: ncclIbSenderQpsToRts: Set ECE: IbDev 0 Port 1 qp_num 40789 set_ece={supported=1, vendor_id=0x15b3, options=0x30000002, comp_mask=0x0}
gx10-6b41:64:74 [0] NCCL INFO NET/IB: Subnet-aware routing: overriding dev 5 with dev 2
gx10-6b41:64:74 [0] NCCL INFO NET/IB: ncclIbSenderQpsCreate: QP created: port=1 dev=2 devName=roceP2p1s0f0 ndevs=4 nmdevs=6 qp_num=2026 pkey=0 pd=0xe6af281f0300 oooRq=0
gx10-6b41:64:74 [0] NCCL INFO NET/IB: ncclIbSenderQpsCreate: QP created: port=1 dev=2 devName=roceP2p1s0f0 ndevs=4 nmdevs=6 qp_num=2027 pkey=0 pd=0xe6af281f0300 oooRq=0
gx10-6b41:64:74 [0] NCCL INFO NET/IB: ncclIbConnectImpl: NCCL Dev 2 IbDev 2 Port 1 qp_num 2026 mtu 5 GID 3 (0/26FA8C0FFFF0000) ctsFifoRkey=0x194848 ctsFifoLkey=0x194848
gx10-6b41:64:74 [0] NCCL INFO NET/IB: ncclIbConnectImpl: IbDev 2 Port 1 qp_num 2026 query_ece={supported=1, vendor_id=0x15b3, options=0x30000002, comp_mask=0x0}
gx10-6b41:64:74 [0] NCCL INFO NET/IB: ncclIbConnectImpl: NCCL Dev 2 IbDev 2 Port 1 qp_num 2027 mtu 5 GID 3 (0/26FA8C0FFFF0000) ctsFifoRkey=0x194848 ctsFifoLkey=0x194848
gx10-6b41:64:74 [0] NCCL INFO NET/IB: ncclIbConnectImpl: IbDev 2 Port 1 qp_num 2027 query_ece={supported=1, vendor_id=0x15b3, options=0x30000002, comp_mask=0x0}
gx10-6b41:64:74 [0] NCCL INFO NET/IB: Subnet-aware routing: overriding dev 4 with dev 0
gx10-6b41:64:74 [0] NCCL INFO NET/IB: ncclIbResiliencyInit: Resiliency is disabled on the send communicator (comm=0xe6af2ab2a000)
gx10-6b41:64:74 [0] NCCL INFO NET/IB: Subnet-aware routing: overriding dev 5 with dev 2
gx10-6b41:64:74 [0] NCCL INFO NET/IB: ncclIbSenderQpsToRts: Set ECE: IbDev 2 Port 1 qp_num 2024 set_ece={supported=1, vendor_id=0x15b3, options=0x30000002, comp_mask=0x0}
gx10-6b41:64:74 [0] NCCL INFO NET/IB: ncclIbSenderQpsToRts: Set ECE: IbDev 2 Port 1 qp_num 2025 set_ece={supported=1, vendor_id=0x15b3, options=0x30000002, comp_mask=0x0}
gx10-6b41:64:74 [0] NCCL INFO NET/IB: Subnet-aware routing: overriding dev 4 with dev 1
gx10-6b41:64:74 [0] NCCL INFO NET/IB: ncclIbReceiverQpsCreateToRts: QP created: port=1 dev=1 devName=rocep1s0f1 ndevs=4 nmdevs=6 qp_num=39887 pkey=0 pd=0xe6af28106e80 oooRq=0
gx10-6b41:64:74 [0] NCCL INFO NET/IB: ncclIbReceiverQpsCreateToRts: QP created: port=1 dev=1 devName=rocep1s0f1 ndevs=4 nmdevs=6 qp_num=39888 pkey=0 pd=0xe6af28106e80 oooRq=0
gx10-6b41:64:74 [0] NCCL INFO NET/IB: ncclIbReceiverQpsCreateToRts: Flush QP created: port=1 dev=1 devName=rocep1s0f1 ndevs=4 nmdevs=6 qp_num=39889 pkey=0 pd=0xe6af28106e80
gx10-6b41:64:74 [0] NCCL INFO NET/IB: Subnet-aware routing: overriding dev 5 with dev 2
gx10-6b41:64:74 [0] NCCL INFO NET/IB: ncclIbSenderQpsToRts: Set ECE: IbDev 2 Port 1 qp_num 2026 set_ece={supported=1, vendor_id=0x15b3, options=0x30000002, comp_mask=0x0}
gx10-6b41:64:74 [0] NCCL INFO NET/IB: ncclIbSenderQpsToRts: Set ECE: IbDev 2 Port 1 qp_num 2027 set_ece={supported=1, vendor_id=0x15b3, options=0x30000002, comp_mask=0x0}
gx10-6b41:64:74 [0] NCCL INFO NET/IB: Subnet-aware routing: overriding dev 4 with dev 0
gx10-6b41:64:74 [0] NCCL INFO NET/IB: ncclIbResiliencyInit: Resiliency is disabled on the recv communicator (comm=0xe6af2abe7000)
gx10-6b41:64:74 [0] NCCL INFO NET/IB: ncclIbRecvCommInit: Receive work requests will be posted on-demand
gx10-6b41:64:74 [0] NCCL INFO NET/IB: Subnet-aware routing: overriding dev 4 with dev 0
gx10-6b41:64:74 [0] NCCL INFO NET/IB: Subnet-aware routing: overriding dev 5 with dev 2
gx10-6b41:64:74 [0] NCCL INFO NET/IB: ncclIbResiliencyInit: Resiliency is disabled on the send communicator (comm=0xe6af2ac2f000)
gx10-6b41:64:74 [0] NCCL INFO NET/IB: Subnet-aware routing: overriding dev 4 with dev 0
gx10-6b41:64:74 [0] NCCL INFO NET/IB: Subnet-aware routing: overriding dev 5 with dev 2
gx10-6b41:64:74 [0] NCCL INFO NET/IB: ncclIbResiliencyInit: Resiliency is disabled on the recv communicator (comm=0xe6af2ac73000)
gx10-6b41:64:74 [0] NCCL INFO NET/IB: ncclIbRecvCommInit: Receive work requests will be posted on-demand
gx10-6b41:64:74 [0] NCCL INFO NET/IB: Subnet-aware routing: overriding dev 4 with dev 0
gx10-6b41:64:74 [0] NCCL INFO NET/IB: Subnet-aware routing: overriding dev 5 with dev 2
gx10-6b41:64:74 [0] NCCL INFO NET/IB: Subnet-aware routing: overriding dev 4 with dev 0
gx10-6b41:64:74 [0] NCCL INFO NET/IB: ncclIbResiliencyInit: Resiliency is disabled on the send communicator (comm=0xe6af2acbb000)
gx10-6b41:64:74 [0] NCCL INFO NET/IB: Subnet-aware routing: overriding dev 4 with dev 0
gx10-6b41:64:74 [0] NCCL INFO NET/IB: Subnet-aware routing: overriding dev 5 with dev 2
gx10-6b41:64:74 [0] NCCL INFO NET/IB: Subnet-aware routing: overriding dev 4 with dev 0
gx10-6b41:64:74 [0] NCCL INFO NET/IB: ncclIbResiliencyInit: Resiliency is disabled on the recv communicator (comm=0xe6af2acff000)
gx10-6b41:64:74 [0] NCCL INFO NET/IB: ncclIbRecvCommInit: Receive work requests will be posted on-demand
gx10-6b41:64:74 [0] NCCL INFO NET/IB: Subnet-aware routing: overriding dev 5 with dev 3
gx10-6b41:64:74 [0] NCCL INFO NET/IB: ncclIbReceiverQpsCreateToRts: QP created: port=1 dev=3 devName=roceP2p1s0f1 ndevs=4 nmdevs=6 qp_num=2488 pkey=0 pd=0xe6af2830b4c0 oooRq=0
gx10-6b41:64:74 [0] NCCL INFO NET/IB: ncclIbReceiverQpsCreateToRts: QP created: port=1 dev=3 devName=roceP2p1s0f1 ndevs=4 nmdevs=6 qp_num=2489 pkey=0 pd=0xe6af2830b4c0 oooRq=0
gx10-6b41:64:74 [0] NCCL INFO NET/IB: ncclIbReceiverQpsCreateToRts: Flush QP created: port=1 dev=3 devName=roceP2p1s0f1 ndevs=4 nmdevs=6 qp_num=2490 pkey=0 pd=0xe6af2830b4c0
gx10-6b41:64:74 [0] NCCL INFO NET/IB: Subnet-aware routing: overriding dev 4 with dev 0
gx10-6b41:64:74 [0] NCCL INFO NET/IB: ncclIbSenderQpsCreate: QP created: port=1 dev=0 devName=rocep1s0f0 ndevs=4 nmdevs=6 qp_num=40790 pkey=0 pd=0xe6af2807ddd0 oooRq=0
gx10-6b41:64:74 [0] NCCL INFO NET/IB: ncclIbSenderQpsCreate: QP created: port=1 dev=0 devName=rocep1s0f0 ndevs=4 nmdevs=6 qp_num=40791 pkey=0 pd=0xe6af2807ddd0 oooRq=0
gx10-6b41:64:74 [0] NCCL INFO NET/IB: ncclIbConnectImpl: NCCL Dev 0 IbDev 0 Port 1 qp_num 40790 mtu 5 GID 6 (0/265A8C0FFFF0000) ctsFifoRkey=0x1540f8 ctsFifoLkey=0x1540f8
gx10-6b41:64:74 [0] NCCL INFO NET/IB: ncclIbConnectImpl: IbDev 0 Port 1 qp_num 40790 query_ece={supported=1, vendor_id=0x15b3, options=0x30000002, comp_mask=0x0}
gx10-6b41:64:74 [0] NCCL INFO NET/IB: ncclIbConnectImpl: NCCL Dev 0 IbDev 0 Port 1 qp_num 40791 mtu 5 GID 6 (0/265A8C0FFFF0000) ctsFifoRkey=0x1540f8 ctsFifoLkey=0x1540f8
gx10-6b41:64:74 [0] NCCL INFO NET/IB: ncclIbConnectImpl: IbDev 0 Port 1 qp_num 40791 query_ece={supported=1, vendor_id=0x15b3, options=0x30000002, comp_mask=0x0}
gx10-6b41:64:74 [0] NCCL INFO NET/IB: Subnet-aware routing: overriding dev 5 with dev 2
gx10-6b41:64:74 [0] NCCL INFO NET/IB: ncclIbSenderQpsCreate: QP created: port=1 dev=2 devName=roceP2p1s0f0 ndevs=4 nmdevs=6 qp_num=2028 pkey=0 pd=0xe6af281f0300 oooRq=0
gx10-6b41:64:74 [0] NCCL INFO NET/IB: ncclIbSenderQpsCreate: QP created: port=1 dev=2 devName=roceP2p1s0f0 ndevs=4 nmdevs=6 qp_num=2029 pkey=0 pd=0xe6af281f0300 oooRq=0
gx10-6b41:64:74 [0] NCCL INFO NET/IB: ncclIbConnectImpl: NCCL Dev 2 IbDev 2 Port 1 qp_num 2028 mtu 5 GID 3 (0/26FA8C0FFFF0000) ctsFifoRkey=0x195653 ctsFifoLkey=0x195653
gx10-6b41:64:74 [0] NCCL INFO NET/IB: ncclIbConnectImpl: IbDev 2 Port 1 qp_num 2028 query_ece={supported=1, vendor_id=0x15b3, options=0x30000002, comp_mask=0x0}
gx10-6b41:64:74 [0] NCCL INFO NET/IB: ncclIbConnectImpl: NCCL Dev 2 IbDev 2 Port 1 qp_num 2029 mtu 5 GID 3 (0/26FA8C0FFFF0000) ctsFifoRkey=0x195653 ctsFifoLkey=0x195653
gx10-6b41:64:74 [0] NCCL INFO NET/IB: ncclIbConnectImpl: IbDev 2 Port 1 qp_num 2029 query_ece={supported=1, vendor_id=0x15b3, options=0x30000002, comp_mask=0x0}
gx10-6b41:64:74 [0] NCCL INFO NET/IB: Subnet-aware routing: overriding dev 4 with dev 0
gx10-6b41:64:74 [0] NCCL INFO NET/IB: ncclIbSenderQpsCreate: QP created: port=1 dev=0 devName=rocep1s0f0 ndevs=4 nmdevs=6 qp_num=40792 pkey=0 pd=0xe6af2807ddd0 oooRq=0
gx10-6b41:64:74 [0] NCCL INFO NET/IB: ncclIbSenderQpsCreate: QP created: port=1 dev=0 devName=rocep1s0f0 ndevs=4 nmdevs=6 qp_num=40793 pkey=0 pd=0xe6af2807ddd0 oooRq=0
gx10-6b41:64:74 [0] NCCL INFO NET/IB: ncclIbConnectImpl: NCCL Dev 0 IbDev 0 Port 1 qp_num 40792 mtu 5 GID 6 (0/265A8C0FFFF0000) ctsFifoRkey=0x16db96 ctsFifoLkey=0x16db96
gx10-6b41:64:74 [0] NCCL INFO NET/IB: ncclIbConnectImpl: IbDev 0 Port 1 qp_num 40792 query_ece={supported=1, vendor_id=0x15b3, options=0x30000002, comp_mask=0x0}
gx10-6b41:64:74 [0] NCCL INFO NET/IB: ncclIbConnectImpl: NCCL Dev 0 IbDev 0 Port 1 qp_num 40793 mtu 5 GID 6 (0/265A8C0FFFF0000) ctsFifoRkey=0x16db96 ctsFifoLkey=0x16db96
gx10-6b41:64:74 [0] NCCL INFO NET/IB: ncclIbConnectImpl: IbDev 0 Port 1 qp_num 40793 query_ece={supported=1, vendor_id=0x15b3, options=0x30000002, comp_mask=0x0}
gx10-6b41:64:74 [0] NCCL INFO NET/IB: Subnet-aware routing: overriding dev 5 with dev 2
gx10-6b41:64:74 [0] NCCL INFO NET/IB: ncclIbResiliencyInit: Resiliency is disabled on the send communicator (comm=0xe6af2aecd000)
gx10-6b41:64:74 [0] NCCL INFO NET/IB: Subnet-aware routing: overriding dev 4 with dev 0
gx10-6b41:64:74 [0] NCCL INFO NET/IB: Subnet-aware routing: overriding dev 4 with dev 1
gx10-6b41:64:74 [0] NCCL INFO NET/IB: ncclIbReceiverQpsCreateToRts: QP created: port=1 dev=1 devName=rocep1s0f1 ndevs=4 nmdevs=6 qp_num=39890 pkey=0 pd=0xe6af28106e80 oooRq=0
gx10-6b41:64:74 [0] NCCL INFO NET/IB: ncclIbReceiverQpsCreateToRts: QP created: port=1 dev=1 devName=rocep1s0f1 ndevs=4 nmdevs=6 qp_num=39891 pkey=0 pd=0xe6af28106e80 oooRq=0
gx10-6b41:64:74 [0] NCCL INFO NET/IB: ncclIbReceiverQpsCreateToRts: Flush QP created: port=1 dev=1 devName=rocep1s0f1 ndevs=4 nmdevs=6 qp_num=39892 pkey=0 pd=0xe6af28106e80
gx10-6b41:64:74 [0] NCCL INFO NET/IB: Subnet-aware routing: overriding dev 5 with dev 2
gx10-6b41:64:74 [0] NCCL INFO NET/IB: Subnet-aware routing: overriding dev 4 with dev 0
gx10-6b41:64:74 [0] NCCL INFO NET/IB: Subnet-aware routing: overriding dev 5 with dev 2
gx10-6b41:64:74 [0] NCCL INFO NET/IB: ncclIbResiliencyInit: Resiliency is disabled on the recv communicator (comm=0xe6af2af8d000)
gx10-6b41:64:74 [0] NCCL INFO NET/IB: ncclIbRecvCommInit: Receive work requests will be posted on-demand
gx10-6b41:64:74 [0] NCCL INFO NET/IB: Subnet-aware routing: overriding dev 4 with dev 0
gx10-6b41:64:74 [0] NCCL INFO NET/IB: Subnet-aware routing: overriding dev 5 with dev 2
gx10-6b41:64:74 [0] NCCL INFO NET/IB: Subnet-aware routing: overriding dev 4 with dev 0
gx10-6b41:64:74 [0] NCCL INFO NET/IB: Subnet-aware routing: overriding dev 5 with dev 2
gx10-6b41:64:74 [0] NCCL INFO NET/IB: Subnet-aware routing: overriding dev 4 with dev 0
gx10-6b41:64:74 [0] NCCL INFO NET/IB: ncclIbResiliencyInit: Resiliency is disabled on the send communicator (comm=0xe6af2afd5000)
gx10-6b41:64:74 [0] NCCL INFO NET/IB: Subnet-aware routing: overriding dev 4 with dev 0
gx10-6b41:64:74 [0] NCCL INFO NET/IB: ncclIbSenderQpsToRts: Set ECE: IbDev 0 Port 1 qp_num 40790 set_ece={supported=1, vendor_id=0x15b3, options=0x30000002, comp_mask=0x0}
gx10-6b41:64:74 [0] NCCL INFO NET/IB: ncclIbSenderQpsToRts: Set ECE: IbDev 0 Port 1 qp_num 40791 set_ece={supported=1, vendor_id=0x15b3, options=0x30000002, comp_mask=0x0}
gx10-6b41:64:74 [0] NCCL INFO NET/IB: Subnet-aware routing: overriding dev 5 with dev 2
gx10-6b41:64:74 [0] NCCL INFO NET/IB: ncclIbSenderQpsToRts: Set ECE: IbDev 2 Port 1 qp_num 2028 set_ece={supported=1, vendor_id=0x15b3, options=0x30000002, comp_mask=0x0}
gx10-6b41:64:74 [0] NCCL INFO NET/IB: ncclIbSenderQpsToRts: Set ECE: IbDev 2 Port 1 qp_num 2029 set_ece={supported=1, vendor_id=0x15b3, options=0x30000002, comp_mask=0x0}
gx10-6b41:64:74 [0] NCCL INFO NET/IB: Subnet-aware routing: overriding dev 5 with dev 3
gx10-6b41:64:74 [0] NCCL INFO NET/IB: ncclIbReceiverQpsCreateToRts: QP created: port=1 dev=3 devName=roceP2p1s0f1 ndevs=4 nmdevs=6 qp_num=2491 pkey=0 pd=0xe6af2830b4c0 oooRq=0
gx10-6b41:64:74 [0] NCCL INFO NET/IB: ncclIbReceiverQpsCreateToRts: QP created: port=1 dev=3 devName=roceP2p1s0f1 ndevs=4 nmdevs=6 qp_num=2492 pkey=0 pd=0xe6af2830b4c0 oooRq=0
gx10-6b41:64:74 [0] NCCL INFO NET/IB: ncclIbReceiverQpsCreateToRts: Flush QP created: port=1 dev=3 devName=roceP2p1s0f1 ndevs=4 nmdevs=6 qp_num=2493 pkey=0 pd=0xe6af2830b4c0
gx10-6b41:64:74 [0] NCCL INFO NET/IB: Subnet-aware routing: overriding dev 4 with dev 0
gx10-6b41:64:74 [0] NCCL INFO NET/IB: ncclIbSenderQpsToRts: Set ECE: IbDev 0 Port 1 qp_num 40792 set_ece={supported=1, vendor_id=0x15b3, options=0x30000002, comp_mask=0x0}
gx10-6b41:64:74 [0] NCCL INFO NET/IB: ncclIbSenderQpsToRts: Set ECE: IbDev 0 Port 1 qp_num 40793 set_ece={supported=1, vendor_id=0x15b3, options=0x30000002, comp_mask=0x0}
gx10-6b41:64:74 [0] NCCL INFO NET/IB: Subnet-aware routing: overriding dev 5 with dev 2
gx10-6b41:64:74 [0] NCCL INFO NET/IB: ncclIbSenderQpsCreate: QP created: port=1 dev=2 devName=roceP2p1s0f0 ndevs=4 nmdevs=6 qp_num=2030 pkey=0 pd=0xe6af281f0300 oooRq=0
gx10-6b41:64:74 [0] NCCL INFO NET/IB: ncclIbSenderQpsCreate: QP created: port=1 dev=2 devName=roceP2p1s0f0 ndevs=4 nmdevs=6 qp_num=2031 pkey=0 pd=0xe6af281f0300 oooRq=0
gx10-6b41:64:74 [0] NCCL INFO NET/IB: ncclIbConnectImpl: NCCL Dev 2 IbDev 2 Port 1 qp_num 2030 mtu 5 GID 3 (0/26FA8C0FFFF0000) ctsFifoRkey=0x197f76 ctsFifoLkey=0x197f76
gx10-6b41:64:74 [0] NCCL INFO NET/IB: ncclIbConnectImpl: IbDev 2 Port 1 qp_num 2030 query_ece={supported=1, vendor_id=0x15b3, options=0x30000002, comp_mask=0x0}
gx10-6b41:64:74 [0] NCCL INFO NET/IB: ncclIbConnectImpl: NCCL Dev 2 IbDev 2 Port 1 qp_num 2031 mtu 5 GID 3 (0/26FA8C0FFFF0000) ctsFifoRkey=0x197f76 ctsFifoLkey=0x197f76
gx10-6b41:64:74 [0] NCCL INFO NET/IB: ncclIbConnectImpl: IbDev 2 Port 1 qp_num 2031 query_ece={supported=1, vendor_id=0x15b3, options=0x30000002, comp_mask=0x0}
gx10-6b41:64:74 [0] NCCL INFO NET/IB: Subnet-aware routing: overriding dev 4 with dev 0
gx10-6b41:64:74 [0] NCCL INFO NET/IB: ncclIbResiliencyInit: Resiliency is disabled on the recv communicator (comm=0xe6af2b0e4000)
gx10-6b41:64:74 [0] NCCL INFO NET/IB: ncclIbRecvCommInit: Receive work requests will be posted on-demand
gx10-6b41:64:74 [0] NCCL INFO NET/IB: Subnet-aware routing: overriding dev 5 with dev 2
gx10-6b41:64:74 [0] NCCL INFO NET/IB: Subnet-aware routing: overriding dev 4 with dev 0
gx10-6b41:64:74 [0] NCCL INFO NET/IB: Subnet-aware routing: overriding dev 5 with dev 2
gx10-6b41:64:74 [0] NCCL INFO NET/IB: ncclIbResiliencyInit: Resiliency is disabled on the send communicator (comm=0xe6af2b12c000)
gx10-6b41:64:74 [0] NCCL INFO NET/IB: Subnet-aware routing: overriding dev 4 with dev 1
gx10-6b41:64:74 [0] NCCL INFO NET/IB: ncclIbReceiverQpsCreateToRts: QP created: port=1 dev=1 devName=rocep1s0f1 ndevs=4 nmdevs=6 qp_num=39893 pkey=0 pd=0xe6af28106e80 oooRq=0
gx10-6b41:64:74 [0] NCCL INFO NET/IB: ncclIbReceiverQpsCreateToRts: QP created: port=1 dev=1 devName=rocep1s0f1 ndevs=4 nmdevs=6 qp_num=39894 pkey=0 pd=0xe6af28106e80 oooRq=0
gx10-6b41:64:74 [0] NCCL INFO NET/IB: ncclIbReceiverQpsCreateToRts: Flush QP created: port=1 dev=1 devName=rocep1s0f1 ndevs=4 nmdevs=6 qp_num=39895 pkey=0 pd=0xe6af28106e80
gx10-6b41:64:74 [0] NCCL INFO NET/IB: Subnet-aware routing: overriding dev 5 with dev 2
gx10-6b41:64:74 [0] NCCL INFO NET/IB: ncclIbSenderQpsToRts: Set ECE: IbDev 2 Port 1 qp_num 2030 set_ece={supported=1, vendor_id=0x15b3, options=0x30000002, comp_mask=0x0}
gx10-6b41:64:74 [0] NCCL INFO NET/IB: ncclIbSenderQpsToRts: Set ECE: IbDev 2 Port 1 qp_num 2031 set_ece={supported=1, vendor_id=0x15b3, options=0x30000002, comp_mask=0x0}
gx10-6b41:64:74 [0] NCCL INFO NET/IB: Subnet-aware routing: overriding dev 5 with dev 3
gx10-6b41:64:74 [0] NCCL INFO NET/IB: ncclIbReceiverQpsCreateToRts: QP created: port=1 dev=3 devName=roceP2p1s0f1 ndevs=4 nmdevs=6 qp_num=2494 pkey=0 pd=0xe6af2830b4c0 oooRq=0
gx10-6b41:64:74 [0] NCCL INFO NET/IB: ncclIbReceiverQpsCreateToRts: QP created: port=1 dev=3 devName=roceP2p1s0f1 ndevs=4 nmdevs=6 qp_num=2495 pkey=0 pd=0xe6af2830b4c0 oooRq=0
gx10-6b41:64:74 [0] NCCL INFO NET/IB: ncclIbReceiverQpsCreateToRts: Flush QP created: port=1 dev=3 devName=roceP2p1s0f1 ndevs=4 nmdevs=6 qp_num=2496 pkey=0 pd=0xe6af2830b4c0
gx10-6b41:64:74 [0] NCCL INFO NET/IB: Subnet-aware routing: overriding dev 4 with dev 0
gx10-6b41:64:74 [0] NCCL INFO NET/IB: ncclIbSenderQpsCreate: QP created: port=1 dev=0 devName=rocep1s0f0 ndevs=4 nmdevs=6 qp_num=40794 pkey=0 pd=0xe6af2807ddd0 oooRq=0
gx10-6b41:64:74 [0] NCCL INFO NET/IB: ncclIbSenderQpsCreate: QP created: port=1 dev=0 devName=rocep1s0f0 ndevs=4 nmdevs=6 qp_num=40795 pkey=0 pd=0xe6af2807ddd0 oooRq=0
gx10-6b41:64:74 [0] NCCL INFO NET/IB: ncclIbConnectImpl: NCCL Dev 0 IbDev 0 Port 1 qp_num 40794 mtu 5 GID 6 (0/265A8C0FFFF0000) ctsFifoRkey=0x13c381 ctsFifoLkey=0x13c381
gx10-6b41:64:74 [0] NCCL INFO NET/IB: ncclIbConnectImpl: IbDev 0 Port 1 qp_num 40794 query_ece={supported=1, vendor_id=0x15b3, options=0x30000002, comp_mask=0x0}
gx10-6b41:64:74 [0] NCCL INFO NET/IB: ncclIbConnectImpl: NCCL Dev 0 IbDev 0 Port 1 qp_num 40795 mtu 5 GID 6 (0/265A8C0FFFF0000) ctsFifoRkey=0x13c381 ctsFifoLkey=0x13c381
gx10-6b41:64:74 [0] NCCL INFO NET/IB: ncclIbConnectImpl: IbDev 0 Port 1 qp_num 40795 query_ece={supported=1, vendor_id=0x15b3, options=0x30000002, comp_mask=0x0}
gx10-6b41:64:74 [0] NCCL INFO NET/IB: Subnet-aware routing: overriding dev 5 with dev 2
gx10-6b41:64:74 [0] NCCL INFO NET/IB: ncclIbResiliencyInit: Resiliency is disabled on the recv communicator (comm=0xe6af2b2b9000)
gx10-6b41:64:74 [0] NCCL INFO NET/IB: ncclIbRecvCommInit: Receive work requests will be posted on-demand
gx10-6b41:64:74 [0] NCCL INFO NET/IB: Subnet-aware routing: overriding dev 4 with dev 0
gx10-6b41:64:74 [0] NCCL INFO NET/IB: Subnet-aware routing: overriding dev 5 with dev 2
gx10-6b41:64:74 [0] NCCL INFO NET/IB: ncclIbSenderQpsCreate: QP created: port=1 dev=2 devName=roceP2p1s0f0 ndevs=4 nmdevs=6 qp_num=2032 pkey=0 pd=0xe6af281f0300 oooRq=0
gx10-6b41:64:74 [0] NCCL INFO NET/IB: ncclIbSenderQpsCreate: QP created: port=1 dev=2 devName=roceP2p1s0f0 ndevs=4 nmdevs=6 qp_num=2033 pkey=0 pd=0xe6af281f0300 oooRq=0
gx10-6b41:64:74 [0] NCCL INFO NET/IB: ncclIbConnectImpl: NCCL Dev 2 IbDev 2 Port 1 qp_num 2032 mtu 5 GID 3 (0/26FA8C0FFFF0000) ctsFifoRkey=0x18b1af ctsFifoLkey=0x18b1af
gx10-6b41:64:74 [0] NCCL INFO NET/IB: ncclIbConnectImpl: IbDev 2 Port 1 qp_num 2032 query_ece={supported=1, vendor_id=0x15b3, options=0x30000002, comp_mask=0x0}
gx10-6b41:64:74 [0] NCCL INFO NET/IB: ncclIbConnectImpl: NCCL Dev 2 IbDev 2 Port 1 qp_num 2033 mtu 5 GID 3 (0/26FA8C0FFFF0000) ctsFifoRkey=0x18b1af ctsFifoLkey=0x18b1af
gx10-6b41:64:74 [0] NCCL INFO NET/IB: ncclIbConnectImpl: IbDev 2 Port 1 qp_num 2033 query_ece={supported=1, vendor_id=0x15b3, options=0x30000002, comp_mask=0x0}
gx10-6b41:64:74 [0] NCCL INFO NET/IB: Subnet-aware routing: overriding dev 4 with dev 0
gx10-6b41:64:74 [0] NCCL INFO NET/IB: ncclIbResiliencyInit: Resiliency is disabled on the send communicator (comm=0xe6af2b35a000)
gx10-6b41:64:74 [0] NCCL INFO NET/IB: Subnet-aware routing: overriding dev 4 with dev 0
gx10-6b41:64:74 [0] NCCL INFO NET/IB: ncclIbSenderQpsToRts: Set ECE: IbDev 0 Port 1 qp_num 40794 set_ece={supported=1, vendor_id=0x15b3, options=0x30000002, comp_mask=0x0}
gx10-6b41:64:74 [0] NCCL INFO NET/IB: ncclIbSenderQpsToRts: Set ECE: IbDev 0 Port 1 qp_num 40795 set_ece={supported=1, vendor_id=0x15b3, options=0x30000002, comp_mask=0x0}
gx10-6b41:64:74 [0] NCCL INFO NET/IB: Subnet-aware routing: overriding dev 5 with dev 2
gx10-6b41:64:74 [0] NCCL INFO NET/IB: ncclIbSenderQpsToRts: Set ECE: IbDev 2 Port 1 qp_num 2032 set_ece={supported=1, vendor_id=0x15b3, options=0x30000002, comp_mask=0x0}
gx10-6b41:64:74 [0] NCCL INFO NET/IB: ncclIbSenderQpsToRts: Set ECE: IbDev 2 Port 1 qp_num 2033 set_ece={supported=1, vendor_id=0x15b3, options=0x30000002, comp_mask=0x0}
gx10-6b41:64:74 [0] NCCL INFO NET/IB: Subnet-aware routing: overriding dev 4 with dev 0
gx10-6b41:64:74 [0] NCCL INFO NET/IB: ncclIbResiliencyInit: Resiliency is disabled on the recv communicator (comm=0xe6af2b39e000)
gx10-6b41:64:74 [0] NCCL INFO NET/IB: ncclIbRecvCommInit: Receive work requests will be posted on-demand
gx10-6b41:64:74 [0] NCCL INFO NET/IB: Subnet-aware routing: overriding dev 4 with dev 1
gx10-6b41:64:74 [0] NCCL INFO NET/IB: ncclIbReceiverQpsCreateToRts: QP created: port=1 dev=1 devName=rocep1s0f1 ndevs=4 nmdevs=6 qp_num=39896 pkey=0 pd=0xe6af28106e80 oooRq=0
gx10-6b41:64:74 [0] NCCL INFO NET/IB: ncclIbReceiverQpsCreateToRts: QP created: port=1 dev=1 devName=rocep1s0f1 ndevs=4 nmdevs=6 qp_num=39897 pkey=0 pd=0xe6af28106e80 oooRq=0
gx10-6b41:64:74 [0] NCCL INFO NET/IB: ncclIbReceiverQpsCreateToRts: Flush QP created: port=1 dev=1 devName=rocep1s0f1 ndevs=4 nmdevs=6 qp_num=39898 pkey=0 pd=0xe6af28106e80
gx10-6b41:64:74 [0] NCCL INFO NET/IB: Subnet-aware routing: overriding dev 4 with dev 0
gx10-6b41:64:74 [0] NCCL INFO NET/IB: ncclIbSenderQpsCreate: QP created: port=1 dev=0 devName=rocep1s0f0 ndevs=4 nmdevs=6 qp_num=40796 pkey=0 pd=0xe6af2807ddd0 oooRq=0
gx10-6b41:64:74 [0] NCCL INFO NET/IB: ncclIbSenderQpsCreate: QP created: port=1 dev=0 devName=rocep1s0f0 ndevs=4 nmdevs=6 qp_num=40797 pkey=0 pd=0xe6af2807ddd0 oooRq=0
gx10-6b41:64:74 [0] NCCL INFO NET/IB: ncclIbConnectImpl: NCCL Dev 0 IbDev 0 Port 1 qp_num 40796 mtu 5 GID 6 (0/265A8C0FFFF0000) ctsFifoRkey=0x1740ff ctsFifoLkey=0x1740ff
gx10-6b41:64:74 [0] NCCL INFO NET/IB: ncclIbConnectImpl: IbDev 0 Port 1 qp_num 40796 query_ece={supported=1, vendor_id=0x15b3, options=0x30000002, comp_mask=0x0}
gx10-6b41:64:74 [0] NCCL INFO NET/IB: ncclIbConnectImpl: NCCL Dev 0 IbDev 0 Port 1 qp_num 40797 mtu 5 GID 6 (0/265A8C0FFFF0000) ctsFifoRkey=0x1740ff ctsFifoLkey=0x1740ff
gx10-6b41:64:74 [0] NCCL INFO NET/IB: ncclIbConnectImpl: IbDev 0 Port 1 qp_num 40797 query_ece={supported=1, vendor_id=0x15b3, options=0x30000002, comp_mask=0x0}
gx10-6b41:64:74 [0] NCCL INFO NET/IB: Subnet-aware routing: overriding dev 5 with dev 2
gx10-6b41:64:74 [0] NCCL INFO NET/IB: ncclIbResiliencyInit: Resiliency is disabled on the send communicator (comm=0xe6af2b4b5000)
gx10-6b41:64:74 [0] NCCL INFO NET/IB: Subnet-aware routing: overriding dev 5 with dev 3
gx10-6b41:64:74 [0] NCCL INFO NET/IB: ncclIbReceiverQpsCreateToRts: QP created: port=1 dev=3 devName=roceP2p1s0f1 ndevs=4 nmdevs=6 qp_num=2497 pkey=0 pd=0xe6af2830b4c0 oooRq=0
gx10-6b41:64:74 [0] NCCL INFO NET/IB: ncclIbReceiverQpsCreateToRts: QP created: port=1 dev=3 devName=roceP2p1s0f1 ndevs=4 nmdevs=6 qp_num=2498 pkey=0 pd=0xe6af2830b4c0 oooRq=0
gx10-6b41:64:74 [0] NCCL INFO NET/IB: ncclIbReceiverQpsCreateToRts: Flush QP created: port=1 dev=3 devName=roceP2p1s0f1 ndevs=4 nmdevs=6 qp_num=2499 pkey=0 pd=0xe6af2830b4c0
gx10-6b41:64:74 [0] NCCL INFO NET/IB: Subnet-aware routing: overriding dev 4 with dev 0
gx10-6b41:64:74 [0] NCCL INFO NET/IB: Subnet-aware routing: overriding dev 5 with dev 2
gx10-6b41:64:74 [0] NCCL INFO NET/IB: ncclIbResiliencyInit: Resiliency is disabled on the recv communicator (comm=0xe6af2b576000)
gx10-6b41:64:74 [0] NCCL INFO NET/IB: ncclIbRecvCommInit: Receive work requests will be posted on-demand
gx10-6b41:64:74 [0] NCCL INFO NET/IB: Subnet-aware routing: overriding dev 4 with dev 0
gx10-6b41:64:74 [0] NCCL INFO NET/IB: ncclIbSenderQpsToRts: Set ECE: IbDev 0 Port 1 qp_num 40796 set_ece={supported=1, vendor_id=0x15b3, options=0x30000002, comp_mask=0x0}
gx10-6b41:64:74 [0] NCCL INFO NET/IB: ncclIbSenderQpsToRts: Set ECE: IbDev 0 Port 1 qp_num 40797 set_ece={supported=1, vendor_id=0x15b3, options=0x30000002, comp_mask=0x0}
gx10-6b41:64:74 [0] NCCL INFO NET/IB: Subnet-aware routing: overriding dev 5 with dev 2
gx10-6b41:64:74 [0] NCCL INFO NET/IB: ncclIbSenderQpsCreate: QP created: port=1 dev=2 devName=roceP2p1s0f0 ndevs=4 nmdevs=6 qp_num=2034 pkey=0 pd=0xe6af281f0300 oooRq=0
gx10-6b41:64:74 [0] NCCL INFO NET/IB: ncclIbSenderQpsCreate: QP created: port=1 dev=2 devName=roceP2p1s0f0 ndevs=4 nmdevs=6 qp_num=2035 pkey=0 pd=0xe6af281f0300 oooRq=0
gx10-6b41:64:74 [0] NCCL INFO NET/IB: ncclIbConnectImpl: NCCL Dev 2 IbDev 2 Port 1 qp_num 2034 mtu 5 GID 3 (0/26FA8C0FFFF0000) ctsFifoRkey=0x19bbb9 ctsFifoLkey=0x19bbb9
gx10-6b41:64:74 [0] NCCL INFO NET/IB: ncclIbConnectImpl: IbDev 2 Port 1 qp_num 2034 query_ece={supported=1, vendor_id=0x15b3, options=0x30000002, comp_mask=0x0}
gx10-6b41:64:74 [0] NCCL INFO NET/IB: ncclIbConnectImpl: NCCL Dev 2 IbDev 2 Port 1 qp_num 2035 mtu 5 GID 3 (0/26FA8C0FFFF0000) ctsFifoRkey=0x19bbb9 ctsFifoLkey=0x19bbb9
gx10-6b41:64:74 [0] NCCL INFO NET/IB: ncclIbConnectImpl: IbDev 2 Port 1 qp_num 2035 query_ece={supported=1, vendor_id=0x15b3, options=0x30000002, comp_mask=0x0}
gx10-6b41:64:74 [0] NCCL INFO NET/IB: Subnet-aware routing: overriding dev 4 with dev 0
gx10-6b41:64:74 [0] NCCL INFO NET/IB: ncclIbResiliencyInit: Resiliency is disabled on the send communicator (comm=0xe6af2b613000)
gx10-6b41:64:74 [0] NCCL INFO NET/IB: Subnet-aware routing: overriding dev 5 with dev 2
gx10-6b41:64:74 [0] NCCL INFO NET/IB: Subnet-aware routing: overriding dev 4 with dev 0
gx10-6b41:64:74 [0] NCCL INFO NET/IB: ncclIbResiliencyInit: Resiliency is disabled on the recv communicator (comm=0xe6af2b657000)
gx10-6b41:64:74 [0] NCCL INFO NET/IB: ncclIbRecvCommInit: Receive work requests will be posted on-demand
gx10-6b41:64:74 [0] NCCL INFO NET/IB: Subnet-aware routing: overriding dev 4 with dev 1
gx10-6b41:64:74 [0] NCCL INFO NET/IB: ncclIbReceiverQpsCreateToRts: QP created: port=1 dev=1 devName=rocep1s0f1 ndevs=4 nmdevs=6 qp_num=39899 pkey=0 pd=0xe6af28106e80 oooRq=0
gx10-6b41:64:74 [0] NCCL INFO NET/IB: ncclIbReceiverQpsCreateToRts: QP created: port=1 dev=1 devName=rocep1s0f1 ndevs=4 nmdevs=6 qp_num=39900 pkey=0 pd=0xe6af28106e80 oooRq=0
gx10-6b41:64:74 [0] NCCL INFO NET/IB: ncclIbReceiverQpsCreateToRts: Flush QP created: port=1 dev=1 devName=rocep1s0f1 ndevs=4 nmdevs=6 qp_num=39901 pkey=0 pd=0xe6af28106e80
gx10-6b41:64:74 [0] NCCL INFO NET/IB: Subnet-aware routing: overriding dev 5 with dev 2
gx10-6b41:64:74 [0] NCCL INFO NET/IB: ncclIbSenderQpsToRts: Set ECE: IbDev 2 Port 1 qp_num 2034 set_ece={supported=1, vendor_id=0x15b3, options=0x30000002, comp_mask=0x0}
gx10-6b41:64:74 [0] NCCL INFO NET/IB: ncclIbSenderQpsToRts: Set ECE: IbDev 2 Port 1 qp_num 2035 set_ece={supported=1, vendor_id=0x15b3, options=0x30000002, comp_mask=0x0}
gx10-6b41:64:74 [0] NCCL INFO NET/IB: Subnet-aware routing: overriding dev 4 with dev 0
gx10-6b41:64:74 [0] NCCL INFO NET/IB: ncclIbSenderQpsCreate: QP created: port=1 dev=0 devName=rocep1s0f0 ndevs=4 nmdevs=6 qp_num=40798 pkey=0 pd=0xe6af2807ddd0 oooRq=0
gx10-6b41:64:74 [0] NCCL INFO NET/IB: ncclIbSenderQpsCreate: QP created: port=1 dev=0 devName=rocep1s0f0 ndevs=4 nmdevs=6 qp_num=40799 pkey=0 pd=0xe6af2807ddd0 oooRq=0
gx10-6b41:64:74 [0] NCCL INFO NET/IB: ncclIbConnectImpl: NCCL Dev 0 IbDev 0 Port 1 qp_num 40798 mtu 5 GID 6 (0/265A8C0FFFF0000) ctsFifoRkey=0x168642 ctsFifoLkey=0x168642
gx10-6b41:64:74 [0] NCCL INFO NET/IB: ncclIbConnectImpl: IbDev 0 Port 1 qp_num 40798 query_ece={supported=1, vendor_id=0x15b3, options=0x30000002, comp_mask=0x0}
gx10-6b41:64:74 [0] NCCL INFO NET/IB: ncclIbConnectImpl: NCCL Dev 0 IbDev 0 Port 1 qp_num 40799 mtu 5 GID 6 (0/265A8C0FFFF0000) ctsFifoRkey=0x168642 ctsFifoLkey=0x168642
gx10-6b41:64:74 [0] NCCL INFO NET/IB: ncclIbConnectImpl: IbDev 0 Port 1 qp_num 40799 query_ece={supported=1, vendor_id=0x15b3, options=0x30000002, comp_mask=0x0}
gx10-6b41:64:74 [0] NCCL INFO NET/IB: Subnet-aware routing: overriding dev 5 with dev 2
gx10-6b41:64:74 [0] NCCL INFO NET/IB: ncclIbResiliencyInit: Resiliency is disabled on the send communicator (comm=0xe6af2b76f000)
gx10-6b41:64:74 [0] NCCL INFO NET/IB: Subnet-aware routing: overriding dev 4 with dev 0
gx10-6b41:64:74 [0] NCCL INFO NET/IB: Subnet-aware routing: overriding dev 5 with dev 2
gx10-6b41:64:74 [0] NCCL INFO NET/IB: ncclIbResiliencyInit: Resiliency is disabled on the recv communicator (comm=0xe6af2b7b0000)
gx10-6b41:64:74 [0] NCCL INFO NET/IB: ncclIbRecvCommInit: Receive work requests will be posted on-demand
gx10-6b41:64:74 [0] NCCL INFO NET/IB: Subnet-aware routing: overriding dev 4 with dev 0
gx10-6b41:64:74 [0] NCCL INFO NET/IB: Subnet-aware routing: overriding dev 5 with dev 2
gx10-6b41:64:74 [0] NCCL INFO NET/IB: Subnet-aware routing: overriding dev 4 with dev 0
gx10-6b41:64:74 [0] NCCL INFO NET/IB: ncclIbResiliencyInit: Resiliency is disabled on the send communicator (comm=0xe6af2b7f8000)
gx10-6b41:64:74 [0] NCCL INFO NET/IB: Subnet-aware routing: overriding dev 5 with dev 3
gx10-6b41:64:74 [0] NCCL INFO NET/IB: ncclIbReceiverQpsCreateToRts: QP created: port=1 dev=3 devName=roceP2p1s0f1 ndevs=4 nmdevs=6 qp_num=2500 pkey=0 pd=0xe6af2830b4c0 oooRq=0
gx10-6b41:64:74 [0] NCCL INFO NET/IB: ncclIbReceiverQpsCreateToRts: QP created: port=1 dev=3 devName=roceP2p1s0f1 ndevs=4 nmdevs=6 qp_num=2501 pkey=0 pd=0xe6af2830b4c0 oooRq=0
gx10-6b41:64:74 [0] NCCL INFO NET/IB: ncclIbReceiverQpsCreateToRts: Flush QP created: port=1 dev=3 devName=roceP2p1s0f1 ndevs=4 nmdevs=6 qp_num=2502 pkey=0 pd=0xe6af2830b4c0
gx10-6b41:64:74 [0] NCCL INFO NET/IB: Subnet-aware routing: overriding dev 4 with dev 0
gx10-6b41:64:74 [0] NCCL INFO NET/IB: ncclIbSenderQpsToRts: Set ECE: IbDev 0 Port 1 qp_num 40798 set_ece={supported=1, vendor_id=0x15b3, options=0x30000002, comp_mask=0x0}
gx10-6b41:64:74 [0] NCCL INFO NET/IB: ncclIbSenderQpsToRts: Set ECE: IbDev 0 Port 1 qp_num 40799 set_ece={supported=1, vendor_id=0x15b3, options=0x30000002, comp_mask=0x0}
gx10-6b41:64:74 [0] NCCL INFO NET/IB: Subnet-aware routing: overriding dev 5 with dev 2
gx10-6b41:64:74 [0] NCCL INFO NET/IB: ncclIbSenderQpsCreate: QP created: port=1 dev=2 devName=roceP2p1s0f0 ndevs=4 nmdevs=6 qp_num=2036 pkey=0 pd=0xe6af281f0300 oooRq=0
gx10-6b41:64:74 [0] NCCL INFO NET/IB: ncclIbSenderQpsCreate: QP created: port=1 dev=2 devName=roceP2p1s0f0 ndevs=4 nmdevs=6 qp_num=2037 pkey=0 pd=0xe6af281f0300 oooRq=0
gx10-6b41:64:74 [0] NCCL INFO NET/IB: ncclIbConnectImpl: NCCL Dev 2 IbDev 2 Port 1 qp_num 2036 mtu 5 GID 3 (0/26FA8C0FFFF0000) ctsFifoRkey=0x19c4c2 ctsFifoLkey=0x19c4c2
gx10-6b41:64:74 [0] NCCL INFO NET/IB: ncclIbConnectImpl: IbDev 2 Port 1 qp_num 2036 query_ece={supported=1, vendor_id=0x15b3, options=0x30000002, comp_mask=0x0}
gx10-6b41:64:74 [0] NCCL INFO NET/IB: ncclIbConnectImpl: NCCL Dev 2 IbDev 2 Port 1 qp_num 2037 mtu 5 GID 3 (0/26FA8C0FFFF0000) ctsFifoRkey=0x19c4c2 ctsFifoLkey=0x19c4c2
gx10-6b41:64:74 [0] NCCL INFO NET/IB: ncclIbConnectImpl: IbDev 2 Port 1 qp_num 2037 query_ece={supported=1, vendor_id=0x15b3, options=0x30000002, comp_mask=0x0}
gx10-6b41:64:74 [0] NCCL INFO NET/IB: Subnet-aware routing: overriding dev 4 with dev 0
gx10-6b41:64:74 [0] NCCL INFO NET/IB: ncclIbResiliencyInit: Resiliency is disabled on the recv communicator (comm=0xe6af2b90e000)
gx10-6b41:64:74 [0] NCCL INFO NET/IB: ncclIbRecvCommInit: Receive work requests will be posted on-demand
gx10-6b41:64:74 [0] NCCL INFO NET/IB: Subnet-aware routing: overriding dev 5 with dev 2
gx10-6b41:64:74 [0] NCCL INFO NET/IB: Subnet-aware routing: overriding dev 4 with dev 0
gx10-6b41:64:74 [0] NCCL INFO NET/IB: Subnet-aware routing: overriding dev 5 with dev 2
gx10-6b41:64:74 [0] NCCL INFO NET/IB: ncclIbResiliencyInit: Resiliency is disabled on the send communicator (comm=0xe6af2b956000)
gx10-6b41:64:74 [0] NCCL INFO NET/IB: Subnet-aware routing: overriding dev 5 with dev 2
gx10-6b41:64:74 [0] NCCL INFO NET/IB: Subnet-aware routing: overriding dev 4 with dev 0
gx10-6b41:64:74 [0] NCCL INFO NET/IB: Subnet-aware routing: overriding dev 5 with dev 2
gx10-6b41:64:74 [0] NCCL INFO NET/IB: ncclIbResiliencyInit: Resiliency is disabled on the recv communicator (comm=0xe6af2b997000)
gx10-6b41:64:74 [0] NCCL INFO NET/IB: ncclIbRecvCommInit: Receive work requests will be posted on-demand
gx10-6b41:64:74 [0] NCCL INFO NET/IB: Subnet-aware routing: overriding dev 4 with dev 1
gx10-6b41:64:74 [0] NCCL INFO NET/IB: ncclIbReceiverQpsCreateToRts: QP created: port=1 dev=1 devName=rocep1s0f1 ndevs=4 nmdevs=6 qp_num=39902 pkey=0 pd=0xe6af28106e80 oooRq=0
gx10-6b41:64:74 [0] NCCL INFO NET/IB: ncclIbReceiverQpsCreateToRts: QP created: port=1 dev=1 devName=rocep1s0f1 ndevs=4 nmdevs=6 qp_num=39903 pkey=0 pd=0xe6af28106e80 oooRq=0
gx10-6b41:64:74 [0] NCCL INFO NET/IB: ncclIbReceiverQpsCreateToRts: Flush QP created: port=1 dev=1 devName=rocep1s0f1 ndevs=4 nmdevs=6 qp_num=39904 pkey=0 pd=0xe6af28106e80
gx10-6b41:64:74 [0] NCCL INFO NET/IB: Subnet-aware routing: overriding dev 5 with dev 2
gx10-6b41:64:74 [0] NCCL INFO NET/IB: ncclIbSenderQpsToRts: Set ECE: IbDev 2 Port 1 qp_num 2036 set_ece={supported=1, vendor_id=0x15b3, options=0x30000002, comp_mask=0x0}
gx10-6b41:64:74 [0] NCCL INFO NET/IB: ncclIbSenderQpsToRts: Set ECE: IbDev 2 Port 1 qp_num 2037 set_ece={supported=1, vendor_id=0x15b3, options=0x30000002, comp_mask=0x0}
gx10-6b41:64:74 [0] NCCL INFO NET/IB: Subnet-aware routing: overriding dev 4 with dev 0
gx10-6b41:64:74 [0] NCCL INFO NET/IB: ncclIbSenderQpsCreate: QP created: port=1 dev=0 devName=rocep1s0f0 ndevs=4 nmdevs=6 qp_num=40800 pkey=0 pd=0xe6af2807ddd0 oooRq=0
gx10-6b41:64:74 [0] NCCL INFO NET/IB: ncclIbSenderQpsCreate: QP created: port=1 dev=0 devName=rocep1s0f0 ndevs=4 nmdevs=6 qp_num=40801 pkey=0 pd=0xe6af2807ddd0 oooRq=0
gx10-6b41:64:74 [0] NCCL INFO NET/IB: ncclIbConnectImpl: NCCL Dev 0 IbDev 0 Port 1 qp_num 40800 mtu 5 GID 6 (0/265A8C0FFFF0000) ctsFifoRkey=0x1cfe89 ctsFifoLkey=0x1cfe89
gx10-6b41:64:74 [0] NCCL INFO NET/IB: ncclIbConnectImpl: IbDev 0 Port 1 qp_num 40800 query_ece={supported=1, vendor_id=0x15b3, options=0x30000002, comp_mask=0x0}
gx10-6b41:64:74 [0] NCCL INFO NET/IB: ncclIbConnectImpl: NCCL Dev 0 IbDev 0 Port 1 qp_num 40801 mtu 5 GID 6 (0/265A8C0FFFF0000) ctsFifoRkey=0x1cfe89 ctsFifoLkey=0x1cfe89
gx10-6b41:64:74 [0] NCCL INFO NET/IB: ncclIbConnectImpl: IbDev 0 Port 1 qp_num 40801 query_ece={supported=1, vendor_id=0x15b3, options=0x30000002, comp_mask=0x0}
gx10-6b41:64:74 [0] NCCL INFO NET/IB: Subnet-aware routing: overriding dev 5 with dev 2
gx10-6b41:64:74 [0] NCCL INFO NET/IB: ncclIbSenderQpsCreate: QP created: port=1 dev=2 devName=roceP2p1s0f0 ndevs=4 nmdevs=6 qp_num=2038 pkey=0 pd=0xe6af281f0300 oooRq=0
gx10-6b41:64:74 [0] NCCL INFO NET/IB: ncclIbSenderQpsCreate: QP created: port=1 dev=2 devName=roceP2p1s0f0 ndevs=4 nmdevs=6 qp_num=2039 pkey=0 pd=0xe6af281f0300 oooRq=0
gx10-6b41:64:74 [0] NCCL INFO NET/IB: ncclIbConnectImpl: NCCL Dev 2 IbDev 2 Port 1 qp_num 2038 mtu 5 GID 3 (0/26FA8C0FFFF0000) ctsFifoRkey=0x194241 ctsFifoLkey=0x194241
gx10-6b41:64:74 [0] NCCL INFO NET/IB: ncclIbConnectImpl: IbDev 2 Port 1 qp_num 2038 query_ece={supported=1, vendor_id=0x15b3, options=0x30000002, comp_mask=0x0}
gx10-6b41:64:74 [0] NCCL INFO NET/IB: ncclIbConnectImpl: NCCL Dev 2 IbDev 2 Port 1 qp_num 2039 mtu 5 GID 3 (0/26FA8C0FFFF0000) ctsFifoRkey=0x194241 ctsFifoLkey=0x194241
gx10-6b41:64:74 [0] NCCL INFO NET/IB: ncclIbConnectImpl: IbDev 2 Port 1 qp_num 2039 query_ece={supported=1, vendor_id=0x15b3, options=0x30000002, comp_mask=0x0}
gx10-6b41:64:74 [0] NCCL INFO NET/IB: Subnet-aware routing: overriding dev 4 with dev 0
gx10-6b41:64:74 [0] NCCL INFO NET/IB: ncclIbResiliencyInit: Resiliency is disabled on the send communicator (comm=0xe6af2bb10000)
gx10-6b41:64:74 [0] NCCL INFO NET/IB: Subnet-aware routing: overriding dev 5 with dev 3
gx10-6b41:64:74 [0] NCCL INFO NET/IB: ncclIbReceiverQpsCreateToRts: QP created: port=1 dev=3 devName=roceP2p1s0f1 ndevs=4 nmdevs=6 qp_num=2503 pkey=0 pd=0xe6af2830b4c0 oooRq=0
gx10-6b41:64:74 [0] NCCL INFO NET/IB: ncclIbReceiverQpsCreateToRts: QP created: port=1 dev=3 devName=roceP2p1s0f1 ndevs=4 nmdevs=6 qp_num=2504 pkey=0 pd=0xe6af2830b4c0 oooRq=0
gx10-6b41:64:74 [0] NCCL INFO NET/IB: ncclIbReceiverQpsCreateToRts: Flush QP created: port=1 dev=3 devName=roceP2p1s0f1 ndevs=4 nmdevs=6 qp_num=2505 pkey=0 pd=0xe6af2830b4c0
gx10-6b41:64:74 [0] NCCL INFO NET/IB: Subnet-aware routing: overriding dev 4 with dev 0
gx10-6b41:64:74 [0] NCCL INFO NET/IB: ncclIbSenderQpsToRts: Set ECE: IbDev 0 Port 1 qp_num 40800 set_ece={supported=1, vendor_id=0x15b3, options=0x30000002, comp_mask=0x0}
gx10-6b41:64:74 [0] NCCL INFO NET/IB: ncclIbSenderQpsToRts: Set ECE: IbDev 0 Port 1 qp_num 40801 set_ece={supported=1, vendor_id=0x15b3, options=0x30000002, comp_mask=0x0}
gx10-6b41:64:74 [0] NCCL INFO NET/IB: Subnet-aware routing: overriding dev 5 with dev 2
gx10-6b41:64:74 [0] NCCL INFO NET/IB: ncclIbSenderQpsToRts: Set ECE: IbDev 2 Port 1 qp_num 2038 set_ece={supported=1, vendor_id=0x15b3, options=0x30000002, comp_mask=0x0}
gx10-6b41:64:74 [0] NCCL INFO NET/IB: ncclIbSenderQpsToRts: Set ECE: IbDev 2 Port 1 qp_num 2039 set_ece={supported=1, vendor_id=0x15b3, options=0x30000002, comp_mask=0x0}
gx10-6b41:64:74 [0] NCCL INFO NET/IB: Subnet-aware routing: overriding dev 4 with dev 0
gx10-6b41:64:74 [0] NCCL INFO NET/IB: ncclIbResiliencyInit: Resiliency is disabled on the recv communicator (comm=0xe6af2bbca000)
gx10-6b41:64:74 [0] NCCL INFO NET/IB: ncclIbRecvCommInit: Receive work requests will be posted on-demand
gx10-6b41:64:74 [0] NCCL INFO NET/IB: Subnet-aware routing: overriding dev 4 with dev 1
gx10-6b41:64:74 [0] NCCL INFO NET/IB: ncclIbReceiverQpsCreateToRts: QP created: port=1 dev=1 devName=rocep1s0f1 ndevs=4 nmdevs=6 qp_num=39905 pkey=0 pd=0xe6af28106e80 oooRq=0
gx10-6b41:64:74 [0] NCCL INFO NET/IB: ncclIbReceiverQpsCreateToRts: QP created: port=1 dev=1 devName=rocep1s0f1 ndevs=4 nmdevs=6 qp_num=39906 pkey=0 pd=0xe6af28106e80 oooRq=0
gx10-6b41:64:74 [0] NCCL INFO NET/IB: ncclIbReceiverQpsCreateToRts: Flush QP created: port=1 dev=1 devName=rocep1s0f1 ndevs=4 nmdevs=6 qp_num=39907 pkey=0 pd=0xe6af28106e80
gx10-6b41:64:74 [0] NCCL INFO NET/IB: Subnet-aware routing: overriding dev 4 with dev 0
gx10-6b41:64:74 [0] NCCL INFO NET/IB: ncclIbSenderQpsCreate: QP created: port=1 dev=0 devName=rocep1s0f0 ndevs=4 nmdevs=6 qp_num=40802 pkey=0 pd=0xe6af2807ddd0 oooRq=0
gx10-6b41:64:74 [0] NCCL INFO NET/IB: ncclIbSenderQpsCreate: QP created: port=1 dev=0 devName=rocep1s0f0 ndevs=4 nmdevs=6 qp_num=40803 pkey=0 pd=0xe6af2807ddd0 oooRq=0
gx10-6b41:64:74 [0] NCCL INFO NET/IB: ncclIbConnectImpl: NCCL Dev 0 IbDev 0 Port 1 qp_num 40802 mtu 5 GID 6 (0/265A8C0FFFF0000) ctsFifoRkey=0x17c07e ctsFifoLkey=0x17c07e
gx10-6b41:64:74 [0] NCCL INFO NET/IB: ncclIbConnectImpl: IbDev 0 Port 1 qp_num 40802 query_ece={supported=1, vendor_id=0x15b3, options=0x30000002, comp_mask=0x0}
gx10-6b41:64:74 [0] NCCL INFO NET/IB: ncclIbConnectImpl: NCCL Dev 0 IbDev 0 Port 1 qp_num 40803 mtu 5 GID 6 (0/265A8C0FFFF0000) ctsFifoRkey=0x17c07e ctsFifoLkey=0x17c07e
gx10-6b41:64:74 [0] NCCL INFO NET/IB: ncclIbConnectImpl: IbDev 0 Port 1 qp_num 40803 query_ece={supported=1, vendor_id=0x15b3, options=0x30000002, comp_mask=0x0}
gx10-6b41:64:74 [0] NCCL INFO NET/IB: Subnet-aware routing: overriding dev 5 with dev 2
gx10-6b41:64:74 [0] NCCL INFO NET/IB: ncclIbResiliencyInit: Resiliency is disabled on the send communicator (comm=0xe6af2bce4000)
gx10-6b41:64:74 [0] NCCL INFO NET/IB: Subnet-aware routing: overriding dev 4 with dev 0
gx10-6b41:64:74 [0] NCCL INFO NET/IB: Subnet-aware routing: overriding dev 5 with dev 2
gx10-6b41:64:74 [0] NCCL INFO NET/IB: ncclIbResiliencyInit: Resiliency is disabled on the recv communicator (comm=0xe6af2bd28000)
gx10-6b41:64:74 [0] NCCL INFO NET/IB: ncclIbRecvCommInit: Receive work requests will be posted on-demand
gx10-6b41:64:74 [0] NCCL INFO NET/IB: Subnet-aware routing: overriding dev 4 with dev 0
gx10-6b41:64:74 [0] NCCL INFO NET/IB: Subnet-aware routing: overriding dev 5 with dev 2
gx10-6b41:64:74 [0] NCCL INFO NET/IB: Subnet-aware routing: overriding dev 4 with dev 0
gx10-6b41:64:74 [0] NCCL INFO NET/IB: ncclIbResiliencyInit: Resiliency is disabled on the send communicator (comm=0xe6af2bd70000)
gx10-6b41:64:74 [0] NCCL INFO NET/IB: Subnet-aware routing: overriding dev 4 with dev 0
gx10-6b41:64:74 [0] NCCL INFO NET/IB: Subnet-aware routing: overriding dev 5 with dev 2
gx10-6b41:64:74 [0] NCCL INFO NET/IB: Subnet-aware routing: overriding dev 4 with dev 0
gx10-6b41:64:74 [0] NCCL INFO NET/IB: ncclIbResiliencyInit: Resiliency is disabled on the recv communicator (comm=0xe6af2bdb4000)
gx10-6b41:64:74 [0] NCCL INFO NET/IB: ncclIbRecvCommInit: Receive work requests will be posted on-demand
gx10-6b41:64:74 [0] NCCL INFO NET/IB: Subnet-aware routing: overriding dev 4 with dev 0
gx10-6b41:64:74 [0] NCCL INFO NET/IB: Subnet-aware routing: overriding dev 5 with dev 2
gx10-6b41:64:74 [0] NCCL INFO NET/IB: Subnet-aware routing: overriding dev 4 with dev 0
gx10-6b41:64:74 [0] NCCL INFO NET/IB: Subnet-aware routing: overriding dev 5 with dev 2
gx10-6b41:64:74 [0] NCCL INFO NET/IB: ncclIbResiliencyInit: Resiliency is disabled on the send communicator (comm=0xe6af2bdfc000)
gx10-6b41:64:74 [0] NCCL INFO NET/IB: Subnet-aware routing: overriding dev 5 with dev 3
gx10-6b41:64:74 [0] NCCL INFO NET/IB: ncclIbReceiverQpsCreateToRts: QP created: port=1 dev=3 devName=roceP2p1s0f1 ndevs=4 nmdevs=6 qp_num=2506 pkey=0 pd=0xe6af2830b4c0 oooRq=0
gx10-6b41:64:74 [0] NCCL INFO NET/IB: ncclIbReceiverQpsCreateToRts: QP created: port=1 dev=3 devName=roceP2p1s0f1 ndevs=4 nmdevs=6 qp_num=2507 pkey=0 pd=0xe6af2830b4c0 oooRq=0
gx10-6b41:64:74 [0] NCCL INFO NET/IB: ncclIbReceiverQpsCreateToRts: Flush QP created: port=1 dev=3 devName=roceP2p1s0f1 ndevs=4 nmdevs=6 qp_num=2508 pkey=0 pd=0xe6af2830b4c0
gx10-6b41:64:74 [0] NCCL INFO NET/IB: Subnet-aware routing: overriding dev 4 with dev 0
gx10-6b41:64:74 [0] NCCL INFO NET/IB: ncclIbSenderQpsToRts: Set ECE: IbDev 0 Port 1 qp_num 40802 set_ece={supported=1, vendor_id=0x15b3, options=0x30000002, comp_mask=0x0}
gx10-6b41:64:74 [0] NCCL INFO NET/IB: ncclIbSenderQpsToRts: Set ECE: IbDev 0 Port 1 qp_num 40803 set_ece={supported=1, vendor_id=0x15b3, options=0x30000002, comp_mask=0x0}
gx10-6b41:64:74 [0] NCCL INFO NET/IB: Subnet-aware routing: overriding dev 5 with dev 2
gx10-6b41:64:74 [0] NCCL INFO NET/IB: ncclIbSenderQpsCreate: QP created: port=1 dev=2 devName=roceP2p1s0f0 ndevs=4 nmdevs=6 qp_num=2040 pkey=0 pd=0xe6af281f0300 oooRq=0
gx10-6b41:64:74 [0] NCCL INFO NET/IB: ncclIbSenderQpsCreate: QP created: port=1 dev=2 devName=roceP2p1s0f0 ndevs=4 nmdevs=6 qp_num=2041 pkey=0 pd=0xe6af281f0300 oooRq=0
gx10-6b41:64:74 [0] NCCL INFO NET/IB: ncclIbConnectImpl: NCCL Dev 2 IbDev 2 Port 1 qp_num 2040 mtu 5 GID 3 (0/26FA8C0FFFF0000) ctsFifoRkey=0x18bcbb ctsFifoLkey=0x18bcbb
gx10-6b41:64:74 [0] NCCL INFO NET/IB: ncclIbConnectImpl: IbDev 2 Port 1 qp_num 2040 query_ece={supported=1, vendor_id=0x15b3, options=0x30000002, comp_mask=0x0}
gx10-6b41:64:74 [0] NCCL INFO NET/IB: ncclIbConnectImpl: NCCL Dev 2 IbDev 2 Port 1 qp_num 2041 mtu 5 GID 3 (0/26FA8C0FFFF0000) ctsFifoRkey=0x18bcbb ctsFifoLkey=0x18bcbb
gx10-6b41:64:74 [0] NCCL INFO NET/IB: ncclIbConnectImpl: IbDev 2 Port 1 qp_num 2041 query_ece={supported=1, vendor_id=0x15b3, options=0x30000002, comp_mask=0x0}
gx10-6b41:64:74 [0] NCCL INFO NET/IB: Subnet-aware routing: overriding dev 4 with dev 0
gx10-6b41:64:74 [0] NCCL INFO NET/IB: ncclIbSenderQpsCreate: QP created: port=1 dev=0 devName=rocep1s0f0 ndevs=4 nmdevs=6 qp_num=40804 pkey=0 pd=0xe6af2807ddd0 oooRq=0
gx10-6b41:64:74 [0] NCCL INFO NET/IB: ncclIbSenderQpsCreate: QP created: port=1 dev=0 devName=rocep1s0f0 ndevs=4 nmdevs=6 qp_num=40805 pkey=0 pd=0xe6af2807ddd0 oooRq=0
gx10-6b41:64:74 [0] NCCL INFO NET/IB: ncclIbConnectImpl: NCCL Dev 0 IbDev 0 Port 1 qp_num 40804 mtu 5 GID 6 (0/265A8C0FFFF0000) ctsFifoRkey=0x182be8 ctsFifoLkey=0x182be8
gx10-6b41:64:74 [0] NCCL INFO NET/IB: ncclIbConnectImpl: IbDev 0 Port 1 qp_num 40804 query_ece={supported=1, vendor_id=0x15b3, options=0x30000002, comp_mask=0x0}
gx10-6b41:64:74 [0] NCCL INFO NET/IB: ncclIbConnectImpl: NCCL Dev 0 IbDev 0 Port 1 qp_num 40805 mtu 5 GID 6 (0/265A8C0FFFF0000) ctsFifoRkey=0x182be8 ctsFifoLkey=0x182be8
gx10-6b41:64:74 [0] NCCL INFO NET/IB: ncclIbConnectImpl: IbDev 0 Port 1 qp_num 40805 query_ece={supported=1, vendor_id=0x15b3, options=0x30000002, comp_mask=0x0}
gx10-6b41:64:74 [0] NCCL INFO NET/IB: Subnet-aware routing: overriding dev 5 with dev 2
gx10-6b41:64:74 [0] NCCL INFO NET/IB: ncclIbResiliencyInit: Resiliency is disabled on the recv communicator (comm=0xe6af2bf6c000)
gx10-6b41:64:74 [0] NCCL INFO NET/IB: ncclIbRecvCommInit: Receive work requests will be posted on-demand
gx10-6b41:64:74 [0] NCCL INFO NET/IB: Subnet-aware routing: overriding dev 5 with dev 2
gx10-6b41:64:74 [0] NCCL INFO NET/IB: Subnet-aware routing: overriding dev 4 with dev 0
gx10-6b41:64:74 [0] NCCL INFO NET/IB: Subnet-aware routing: overriding dev 5 with dev 2
gx10-6b41:64:74 [0] NCCL INFO NET/IB: Subnet-aware routing: overriding dev 4 with dev 0
gx10-6b41:64:74 [0] NCCL INFO NET/IB: ncclIbResiliencyInit: Resiliency is disabled on the send communicator (comm=0xe6af2bfb4000)
gx10-6b41:64:74 [0] NCCL INFO NET/IB: Subnet-aware routing: overriding dev 5 with dev 2
gx10-6b41:64:74 [0] NCCL INFO NET/IB: Subnet-aware routing: overriding dev 4 with dev 0
gx10-6b41:64:74 [0] NCCL INFO NET/IB: Subnet-aware routing: overriding dev 5 with dev 2
gx10-6b41:64:74 [0] NCCL INFO NET/IB: Subnet-aware routing: overriding dev 4 with dev 0
gx10-6b41:64:74 [0] NCCL INFO NET/IB: ncclIbResiliencyInit: Resiliency is disabled on the recv communicator (comm=0xe6aed8001000)
gx10-6b41:64:74 [0] NCCL INFO NET/IB: ncclIbRecvCommInit: Receive work requests will be posted on-demand
gx10-6b41:64:74 [0] NCCL INFO NET/IB: Subnet-aware routing: overriding dev 4 with dev 1
gx10-6b41:64:74 [0] NCCL INFO NET/IB: ncclIbReceiverQpsCreateToRts: QP created: port=1 dev=1 devName=rocep1s0f1 ndevs=4 nmdevs=6 qp_num=39908 pkey=0 pd=0xe6af28106e80 oooRq=0
gx10-6b41:64:74 [0] NCCL INFO NET/IB: ncclIbReceiverQpsCreateToRts: QP created: port=1 dev=1 devName=rocep1s0f1 ndevs=4 nmdevs=6 qp_num=39909 pkey=0 pd=0xe6af28106e80 oooRq=0
gx10-6b41:64:74 [0] NCCL INFO NET/IB: ncclIbReceiverQpsCreateToRts: Flush QP created: port=1 dev=1 devName=rocep1s0f1 ndevs=4 nmdevs=6 qp_num=39910 pkey=0 pd=0xe6af28106e80
gx10-6b41:64:74 [0] NCCL INFO NET/IB: Subnet-aware routing: overriding dev 5 with dev 2
gx10-6b41:64:74 [0] NCCL INFO NET/IB: ncclIbSenderQpsToRts: Set ECE: IbDev 2 Port 1 qp_num 2040 set_ece={supported=1, vendor_id=0x15b3, options=0x30000002, comp_mask=0x0}
gx10-6b41:64:74 [0] NCCL INFO NET/IB: ncclIbSenderQpsToRts: Set ECE: IbDev 2 Port 1 qp_num 2041 set_ece={supported=1, vendor_id=0x15b3, options=0x30000002, comp_mask=0x0}
gx10-6b41:64:74 [0] NCCL INFO NET/IB: Subnet-aware routing: overriding dev 4 with dev 0
gx10-6b41:64:74 [0] NCCL INFO NET/IB: ncclIbSenderQpsToRts: Set ECE: IbDev 0 Port 1 qp_num 40804 set_ece={supported=1, vendor_id=0x15b3, options=0x30000002, comp_mask=0x0}
gx10-6b41:64:74 [0] NCCL INFO NET/IB: ncclIbSenderQpsToRts: Set ECE: IbDev 0 Port 1 qp_num 40805 set_ece={supported=1, vendor_id=0x15b3, options=0x30000002, comp_mask=0x0}
gx10-6b41:64:74 [0] NCCL INFO NET/IB: Subnet-aware routing: overriding dev 5 with dev 2
gx10-6b41:64:74 [0] NCCL INFO NET/IB: ncclIbSenderQpsCreate: QP created: port=1 dev=2 devName=roceP2p1s0f0 ndevs=4 nmdevs=6 qp_num=2042 pkey=0 pd=0xe6af281f0300 oooRq=0
gx10-6b41:64:74 [0] NCCL INFO NET/IB: ncclIbSenderQpsCreate: QP created: port=1 dev=2 devName=roceP2p1s0f0 ndevs=4 nmdevs=6 qp_num=2043 pkey=0 pd=0xe6af281f0300 oooRq=0
gx10-6b41:64:74 [0] NCCL INFO NET/IB: ncclIbConnectImpl: NCCL Dev 2 IbDev 2 Port 1 qp_num 2042 mtu 5 GID 3 (0/26FA8C0FFFF0000) ctsFifoRkey=0x18c9c7 ctsFifoLkey=0x18c9c7
gx10-6b41:64:74 [0] NCCL INFO NET/IB: ncclIbConnectImpl: IbDev 2 Port 1 qp_num 2042 query_ece={supported=1, vendor_id=0x15b3, options=0x30000002, comp_mask=0x0}
gx10-6b41:64:74 [0] NCCL INFO NET/IB: ncclIbConnectImpl: NCCL Dev 2 IbDev 2 Port 1 qp_num 2043 mtu 5 GID 3 (0/26FA8C0FFFF0000) ctsFifoRkey=0x18c9c7 ctsFifoLkey=0x18c9c7
gx10-6b41:64:74 [0] NCCL INFO NET/IB: ncclIbConnectImpl: IbDev 2 Port 1 qp_num 2043 query_ece={supported=1, vendor_id=0x15b3, options=0x30000002, comp_mask=0x0}
gx10-6b41:64:74 [0] NCCL INFO NET/IB: Subnet-aware routing: overriding dev 4 with dev 0
gx10-6b41:64:74 [0] NCCL INFO NET/IB: Subnet-aware routing: overriding dev 5 with dev 2
gx10-6b41:64:74 [0] NCCL INFO NET/IB: ncclIbResiliencyInit: Resiliency is disabled on the send communicator (comm=0xe6aed811b000)
gx10-6b41:64:74 [0] NCCL INFO NET/IB: Subnet-aware routing: overriding dev 5 with dev 3
gx10-6b41:64:74 [0] NCCL INFO NET/IB: ncclIbReceiverQpsCreateToRts: QP created: port=1 dev=3 devName=roceP2p1s0f1 ndevs=4 nmdevs=6 qp_num=2509 pkey=0 pd=0xe6af2830b4c0 oooRq=0
gx10-6b41:64:74 [0] NCCL INFO NET/IB: ncclIbReceiverQpsCreateToRts: QP created: port=1 dev=3 devName=roceP2p1s0f1 ndevs=4 nmdevs=6 qp_num=2510 pkey=0 pd=0xe6af2830b4c0 oooRq=0
gx10-6b41:64:74 [0] NCCL INFO NET/IB: ncclIbReceiverQpsCreateToRts: Flush QP created: port=1 dev=3 devName=roceP2p1s0f1 ndevs=4 nmdevs=6 qp_num=2511 pkey=0 pd=0xe6af2830b4c0
gx10-6b41:64:74 [0] NCCL INFO NET/IB: Subnet-aware routing: overriding dev 5 with dev 2
gx10-6b41:64:74 [0] NCCL INFO NET/IB: Subnet-aware routing: overriding dev 4 with dev 0
gx10-6b41:64:74 [0] NCCL INFO NET/IB: ncclIbSenderQpsCreate: QP created: port=1 dev=0 devName=rocep1s0f0 ndevs=4 nmdevs=6 qp_num=40806 pkey=0 pd=0xe6af2807ddd0 oooRq=0
gx10-6b41:64:74 [0] NCCL INFO NET/IB: ncclIbSenderQpsCreate: QP created: port=1 dev=0 devName=rocep1s0f0 ndevs=4 nmdevs=6 qp_num=40807 pkey=0 pd=0xe6af2807ddd0 oooRq=0
gx10-6b41:64:74 [0] NCCL INFO NET/IB: ncclIbConnectImpl: NCCL Dev 0 IbDev 0 Port 1 qp_num 40806 mtu 5 GID 6 (0/265A8C0FFFF0000) ctsFifoRkey=0x17702d ctsFifoLkey=0x17702d
gx10-6b41:64:74 [0] NCCL INFO NET/IB: ncclIbConnectImpl: IbDev 0 Port 1 qp_num 40806 query_ece={supported=1, vendor_id=0x15b3, options=0x30000002, comp_mask=0x0}
gx10-6b41:64:74 [0] NCCL INFO NET/IB: ncclIbConnectImpl: NCCL Dev 0 IbDev 0 Port 1 qp_num 40807 mtu 5 GID 6 (0/265A8C0FFFF0000) ctsFifoRkey=0x17702d ctsFifoLkey=0x17702d
gx10-6b41:64:74 [0] NCCL INFO NET/IB: ncclIbConnectImpl: IbDev 0 Port 1 qp_num 40807 query_ece={supported=1, vendor_id=0x15b3, options=0x30000002, comp_mask=0x0}
gx10-6b41:64:74 [0] NCCL INFO NET/IB: Subnet-aware routing: overriding dev 5 with dev 2
gx10-6b41:64:74 [0] NCCL INFO NET/IB: ncclIbResiliencyInit: Resiliency is disabled on the recv communicator (comm=0xe6aed8230000)
gx10-6b41:64:74 [0] NCCL INFO NET/IB: ncclIbRecvCommInit: Receive work requests will be posted on-demand
gx10-6b41:64:74 [0] NCCL INFO NET/IB: Subnet-aware routing: overriding dev 5 with dev 2
gx10-6b41:64:74 [0] NCCL INFO NET/IB: Subnet-aware routing: overriding dev 4 with dev 0
gx10-6b41:64:74 [0] NCCL INFO NET/IB: Subnet-aware routing: overriding dev 5 with dev 2
gx10-6b41:64:74 [0] NCCL INFO NET/IB: Subnet-aware routing: overriding dev 4 with dev 0
gx10-6b41:64:74 [0] NCCL INFO NET/IB: ncclIbResiliencyInit: Resiliency is disabled on the send communicator (comm=0xe6aed8278000)
gx10-6b41:64:74 [0] NCCL INFO NET/IB: Subnet-aware routing: overriding dev 5 with dev 2
gx10-6b41:64:74 [0] NCCL INFO NET/IB: ncclIbSenderQpsToRts: Set ECE: IbDev 2 Port 1 qp_num 2042 set_ece={supported=1, vendor_id=0x15b3, options=0x30000002, comp_mask=0x0}
gx10-6b41:64:74 [0] NCCL INFO NET/IB: ncclIbSenderQpsToRts: Set ECE: IbDev 2 Port 1 qp_num 2043 set_ece={supported=1, vendor_id=0x15b3, options=0x30000002, comp_mask=0x0}
gx10-6b41:64:74 [0] NCCL INFO NET/IB: Subnet-aware routing: overriding dev 5 with dev 3
gx10-6b41:64:74 [0] NCCL INFO NET/IB: ncclIbReceiverQpsCreateToRts: QP created: port=1 dev=3 devName=roceP2p1s0f1 ndevs=4 nmdevs=6 qp_num=2512 pkey=0 pd=0xe6af2830b4c0 oooRq=0
gx10-6b41:64:74 [0] NCCL INFO NET/IB: ncclIbReceiverQpsCreateToRts: QP created: port=1 dev=3 devName=roceP2p1s0f1 ndevs=4 nmdevs=6 qp_num=2513 pkey=0 pd=0xe6af2830b4c0 oooRq=0
gx10-6b41:64:74 [0] NCCL INFO NET/IB: ncclIbReceiverQpsCreateToRts: Flush QP created: port=1 dev=3 devName=roceP2p1s0f1 ndevs=4 nmdevs=6 qp_num=2514 pkey=0 pd=0xe6af2830b4c0
gx10-6b41:64:74 [0] NCCL INFO NET/IB: Subnet-aware routing: overriding dev 4 with dev 0
gx10-6b41:64:74 [0] NCCL INFO NET/IB: ncclIbSenderQpsToRts: Set ECE: IbDev 0 Port 1 qp_num 40806 set_ece={supported=1, vendor_id=0x15b3, options=0x30000002, comp_mask=0x0}
gx10-6b41:64:74 [0] NCCL INFO NET/IB: ncclIbSenderQpsToRts: Set ECE: IbDev 0 Port 1 qp_num 40807 set_ece={supported=1, vendor_id=0x15b3, options=0x30000002, comp_mask=0x0}
gx10-6b41:64:74 [0] NCCL INFO NET/IB: Subnet-aware routing: overriding dev 5 with dev 2
gx10-6b41:64:74 [0] NCCL INFO NET/IB: Subnet-aware routing: overriding dev 4 with dev 0
gx10-6b41:64:74 [0] NCCL INFO NET/IB: ncclIbResiliencyInit: Resiliency is disabled on the recv communicator (comm=0xe6aed8334000)
gx10-6b41:64:74 [0] NCCL INFO NET/IB: ncclIbRecvCommInit: Receive work requests will be posted on-demand
gx10-6b41:64:74 [0] NCCL INFO NET/IB: Subnet-aware routing: overriding dev 4 with dev 1
gx10-6b41:64:74 [0] NCCL INFO NET/IB: ncclIbReceiverQpsCreateToRts: QP created: port=1 dev=1 devName=rocep1s0f1 ndevs=4 nmdevs=6 qp_num=39911 pkey=0 pd=0xe6af28106e80 oooRq=0
gx10-6b41:64:74 [0] NCCL INFO NET/IB: ncclIbReceiverQpsCreateToRts: QP created: port=1 dev=1 devName=rocep1s0f1 ndevs=4 nmdevs=6 qp_num=39912 pkey=0 pd=0xe6af28106e80 oooRq=0
gx10-6b41:64:74 [0] NCCL INFO NET/IB: ncclIbReceiverQpsCreateToRts: Flush QP created: port=1 dev=1 devName=rocep1s0f1 ndevs=4 nmdevs=6 qp_num=39913 pkey=0 pd=0xe6af28106e80
gx10-6b41:64:74 [0] NCCL INFO NET/IB: Subnet-aware routing: overriding dev 5 with dev 2
gx10-6b41:64:74 [0] NCCL INFO NET/IB: ncclIbSenderQpsCreate: QP created: port=1 dev=2 devName=roceP2p1s0f0 ndevs=4 nmdevs=6 qp_num=2044 pkey=0 pd=0xe6af281f0300 oooRq=0
gx10-6b41:64:74 [0] NCCL INFO NET/IB: ncclIbSenderQpsCreate: QP created: port=1 dev=2 devName=roceP2p1s0f0 ndevs=4 nmdevs=6 qp_num=2045 pkey=0 pd=0xe6af281f0300 oooRq=0
gx10-6b41:64:74 [0] NCCL INFO NET/IB: ncclIbConnectImpl: NCCL Dev 2 IbDev 2 Port 1 qp_num 2044 mtu 5 GID 3 (0/26FA8C0FFFF0000) ctsFifoRkey=0x19867f ctsFifoLkey=0x19867f
gx10-6b41:64:74 [0] NCCL INFO NET/IB: ncclIbConnectImpl: IbDev 2 Port 1 qp_num 2044 query_ece={supported=1, vendor_id=0x15b3, options=0x30000002, comp_mask=0x0}
gx10-6b41:64:74 [0] NCCL INFO NET/IB: ncclIbConnectImpl: NCCL Dev 2 IbDev 2 Port 1 qp_num 2045 mtu 5 GID 3 (0/26FA8C0FFFF0000) ctsFifoRkey=0x19867f ctsFifoLkey=0x19867f
gx10-6b41:64:74 [0] NCCL INFO NET/IB: ncclIbConnectImpl: IbDev 2 Port 1 qp_num 2045 query_ece={supported=1, vendor_id=0x15b3, options=0x30000002, comp_mask=0x0}
gx10-6b41:64:74 [0] NCCL INFO NET/IB: Subnet-aware routing: overriding dev 4 with dev 0
gx10-6b41:64:74 [0] NCCL INFO NET/IB: ncclIbSenderQpsCreate: QP created: port=1 dev=0 devName=rocep1s0f0 ndevs=4 nmdevs=6 qp_num=40808 pkey=0 pd=0xe6af2807ddd0 oooRq=0
gx10-6b41:64:74 [0] NCCL INFO NET/IB: ncclIbSenderQpsCreate: QP created: port=1 dev=0 devName=rocep1s0f0 ndevs=4 nmdevs=6 qp_num=40809 pkey=0 pd=0xe6af2807ddd0 oooRq=0
gx10-6b41:64:74 [0] NCCL INFO NET/IB: ncclIbConnectImpl: NCCL Dev 0 IbDev 0 Port 1 qp_num 40808 mtu 5 GID 6 (0/265A8C0FFFF0000) ctsFifoRkey=0x1d45c4 ctsFifoLkey=0x1d45c4
gx10-6b41:64:74 [0] NCCL INFO NET/IB: ncclIbConnectImpl: IbDev 0 Port 1 qp_num 40808 query_ece={supported=1, vendor_id=0x15b3, options=0x30000002, comp_mask=0x0}
gx10-6b41:64:74 [0] NCCL INFO NET/IB: ncclIbConnectImpl: NCCL Dev 0 IbDev 0 Port 1 qp_num 40809 mtu 5 GID 6 (0/265A8C0FFFF0000) ctsFifoRkey=0x1d45c4 ctsFifoLkey=0x1d45c4
gx10-6b41:64:74 [0] NCCL INFO NET/IB: ncclIbConnectImpl: IbDev 0 Port 1 qp_num 40809 query_ece={supported=1, vendor_id=0x15b3, options=0x30000002, comp_mask=0x0}
gx10-6b41:64:74 [0] NCCL INFO NET/IB: Subnet-aware routing: overriding dev 5 with dev 2
gx10-6b41:64:74 [0] NCCL INFO NET/IB: ncclIbResiliencyInit: Resiliency is disabled on the send communicator (comm=0xe6aed84a5000)
gx10-6b41:64:74 [0] NCCL INFO NET/IB: Subnet-aware routing: overriding dev 5 with dev 2
gx10-6b41:64:74 [0] NCCL INFO NET/IB: ncclIbSenderQpsToRts: Set ECE: IbDev 2 Port 1 qp_num 2044 set_ece={supported=1, vendor_id=0x15b3, options=0x30000002, comp_mask=0x0}
gx10-6b41:64:74 [0] NCCL INFO NET/IB: ncclIbSenderQpsToRts: Set ECE: IbDev 2 Port 1 qp_num 2045 set_ece={supported=1, vendor_id=0x15b3, options=0x30000002, comp_mask=0x0}
gx10-6b41:64:74 [0] NCCL INFO NET/IB: Subnet-aware routing: overriding dev 4 with dev 0
gx10-6b41:64:74 [0] NCCL INFO NET/IB: ncclIbSenderQpsToRts: Set ECE: IbDev 0 Port 1 qp_num 40808 set_ece={supported=1, vendor_id=0x15b3, options=0x30000002, comp_mask=0x0}
gx10-6b41:64:74 [0] NCCL INFO NET/IB: ncclIbSenderQpsToRts: Set ECE: IbDev 0 Port 1 qp_num 40809 set_ece={supported=1, vendor_id=0x15b3, options=0x30000002, comp_mask=0x0}
gx10-6b41:64:74 [0] NCCL INFO NET/IB: Subnet-aware routing: overriding dev 5 with dev 2
gx10-6b41:64:74 [0] NCCL INFO NET/IB: ncclIbResiliencyInit: Resiliency is disabled on the recv communicator (comm=0xe6aed84e6000)
gx10-6b41:64:74 [0] NCCL INFO NET/IB: ncclIbRecvCommInit: Receive work requests will be posted on-demand
gx10-6b41:64:74 [0] NCCL INFO NET/IB: Subnet-aware routing: overriding dev 4 with dev 1
gx10-6b41:64:74 [0] NCCL INFO NET/IB: ncclIbReceiverQpsCreateToRts: QP created: port=1 dev=1 devName=rocep1s0f1 ndevs=4 nmdevs=6 qp_num=39914 pkey=0 pd=0xe6af28106e80 oooRq=0
gx10-6b41:64:74 [0] NCCL INFO NET/IB: ncclIbReceiverQpsCreateToRts: QP created: port=1 dev=1 devName=rocep1s0f1 ndevs=4 nmdevs=6 qp_num=39915 pkey=0 pd=0xe6af28106e80 oooRq=0
gx10-6b41:64:74 [0] NCCL INFO NET/IB: ncclIbReceiverQpsCreateToRts: Flush QP created: port=1 dev=1 devName=rocep1s0f1 ndevs=4 nmdevs=6 qp_num=39916 pkey=0 pd=0xe6af28106e80
gx10-6b41:64:74 [0] NCCL INFO NET/IB: Subnet-aware routing: overriding dev 5 with dev 2
gx10-6b41:64:74 [0] NCCL INFO NET/IB: Subnet-aware routing: overriding dev 4 with dev 0
gx10-6b41:64:74 [0] NCCL INFO NET/IB: ncclIbResiliencyInit: Resiliency is disabled on the send communicator (comm=0xe6aed85a7000)
gx10-6b41:64:74 [0] NCCL INFO NET/IB: Subnet-aware routing: overriding dev 5 with dev 2
gx10-6b41:64:74 [0] NCCL INFO NET/IB: Subnet-aware routing: overriding dev 4 with dev 0
gx10-6b41:64:74 [0] NCCL INFO NET/IB: ncclIbResiliencyInit: Resiliency is disabled on the recv communicator (comm=0xe6aed85eb000)
gx10-6b41:64:74 [0] NCCL INFO NET/IB: ncclIbRecvCommInit: Receive work requests will be posted on-demand
gx10-6b41:64:74 [0] NCCL INFO NET/IB: Subnet-aware routing: overriding dev 5 with dev 2
gx10-6b41:64:74 [0] NCCL INFO NET/IB: Subnet-aware routing: overriding dev 4 with dev 0
gx10-6b41:64:74 [0] NCCL INFO NET/IB: Subnet-aware routing: overriding dev 5 with dev 2
gx10-6b41:64:74 [0] NCCL INFO NET/IB: ncclIbResiliencyInit: Resiliency is disabled on the send communicator (comm=0xe6aed8633000)
gx10-6b41:64:74 [0] NCCL INFO NET/IB: Subnet-aware routing: overriding dev 4 with dev 1
gx10-6b41:64:74 [0] NCCL INFO NET/IB: ncclIbReceiverQpsCreateToRts: QP created: port=1 dev=1 devName=rocep1s0f1 ndevs=4 nmdevs=6 qp_num=39917 pkey=0 pd=0xe6af28106e80 oooRq=0
gx10-6b41:64:74 [0] NCCL INFO NET/IB: ncclIbReceiverQpsCreateToRts: QP created: port=1 dev=1 devName=rocep1s0f1 ndevs=4 nmdevs=6 qp_num=39918 pkey=0 pd=0xe6af28106e80 oooRq=0
gx10-6b41:64:74 [0] NCCL INFO NET/IB: ncclIbReceiverQpsCreateToRts: Flush QP created: port=1 dev=1 devName=rocep1s0f1 ndevs=4 nmdevs=6 qp_num=39919 pkey=0 pd=0xe6af28106e80
gx10-6b41:64:74 [0] NCCL INFO NET/IB: Subnet-aware routing: overriding dev 5 with dev 2
gx10-6b41:64:74 [0] NCCL INFO NET/IB: ncclIbSenderQpsCreate: QP created: port=1 dev=2 devName=roceP2p1s0f0 ndevs=4 nmdevs=6 qp_num=2046 pkey=0 pd=0xe6af281f0300 oooRq=0
gx10-6b41:64:74 [0] NCCL INFO NET/IB: ncclIbSenderQpsCreate: QP created: port=1 dev=2 devName=roceP2p1s0f0 ndevs=4 nmdevs=6 qp_num=2047 pkey=0 pd=0xe6af281f0300 oooRq=0
gx10-6b41:64:74 [0] NCCL INFO NET/IB: ncclIbConnectImpl: NCCL Dev 2 IbDev 2 Port 1 qp_num 2046 mtu 5 GID 3 (0/26FA8C0FFFF0000) ctsFifoRkey=0x19726c ctsFifoLkey=0x19726c
gx10-6b41:64:74 [0] NCCL INFO NET/IB: ncclIbConnectImpl: IbDev 2 Port 1 qp_num 2046 query_ece={supported=1, vendor_id=0x15b3, options=0x30000002, comp_mask=0x0}
gx10-6b41:64:74 [0] NCCL INFO NET/IB: ncclIbConnectImpl: NCCL Dev 2 IbDev 2 Port 1 qp_num 2047 mtu 5 GID 3 (0/26FA8C0FFFF0000) ctsFifoRkey=0x19726c ctsFifoLkey=0x19726c
gx10-6b41:64:74 [0] NCCL INFO NET/IB: ncclIbConnectImpl: IbDev 2 Port 1 qp_num 2047 query_ece={supported=1, vendor_id=0x15b3, options=0x30000002, comp_mask=0x0}
gx10-6b41:64:74 [0] NCCL INFO NET/IB: Subnet-aware routing: overriding dev 4 with dev 0
gx10-6b41:64:74 [0] NCCL INFO NET/IB: Subnet-aware routing: overriding dev 5 with dev 2
gx10-6b41:64:74 [0] NCCL INFO NET/IB: ncclIbResiliencyInit: Resiliency is disabled on the recv communicator (comm=0xe6aed874b000)
gx10-6b41:64:74 [0] NCCL INFO NET/IB: ncclIbRecvCommInit: Receive work requests will be posted on-demand
gx10-6b41:64:74 [0] NCCL INFO NET/IB: Subnet-aware routing: overriding dev 5 with dev 2
gx10-6b41:64:74 [0] NCCL INFO NET/IB: Subnet-aware routing: overriding dev 4 with dev 0
gx10-6b41:64:74 [0] NCCL INFO NET/IB: ncclIbSenderQpsCreate: QP created: port=1 dev=0 devName=rocep1s0f0 ndevs=4 nmdevs=6 qp_num=40810 pkey=0 pd=0xe6af2807ddd0 oooRq=0
gx10-6b41:64:74 [0] NCCL INFO NET/IB: ncclIbSenderQpsCreate: QP created: port=1 dev=0 devName=rocep1s0f0 ndevs=4 nmdevs=6 qp_num=40811 pkey=0 pd=0xe6af2807ddd0 oooRq=0
gx10-6b41:64:74 [0] NCCL INFO NET/IB: ncclIbConnectImpl: NCCL Dev 0 IbDev 0 Port 1 qp_num 40810 mtu 5 GID 6 (0/265A8C0FFFF0000) ctsFifoRkey=0x1606c6 ctsFifoLkey=0x1606c6
gx10-6b41:64:74 [0] NCCL INFO NET/IB: ncclIbConnectImpl: IbDev 0 Port 1 qp_num 40810 query_ece={supported=1, vendor_id=0x15b3, options=0x30000002, comp_mask=0x0}
gx10-6b41:64:74 [0] NCCL INFO NET/IB: ncclIbConnectImpl: NCCL Dev 0 IbDev 0 Port 1 qp_num 40811 mtu 5 GID 6 (0/265A8C0FFFF0000) ctsFifoRkey=0x1606c6 ctsFifoLkey=0x1606c6
gx10-6b41:64:74 [0] NCCL INFO NET/IB: ncclIbConnectImpl: IbDev 0 Port 1 qp_num 40811 query_ece={supported=1, vendor_id=0x15b3, options=0x30000002, comp_mask=0x0}
gx10-6b41:64:74 [0] NCCL INFO NET/IB: Subnet-aware routing: overriding dev 5 with dev 2
gx10-6b41:64:74 [0] NCCL INFO NET/IB: Subnet-aware routing: overriding dev 4 with dev 0
gx10-6b41:64:74 [0] NCCL INFO NET/IB: ncclIbResiliencyInit: Resiliency is disabled on the send communicator (comm=0xe6aed87ec000)
gx10-6b41:64:74 [0] NCCL INFO NET/IB: Subnet-aware routing: overriding dev 5 with dev 3
gx10-6b41:64:74 [0] NCCL INFO NET/IB: ncclIbReceiverQpsCreateToRts: QP created: port=1 dev=3 devName=roceP2p1s0f1 ndevs=4 nmdevs=6 qp_num=2515 pkey=0 pd=0xe6af2830b4c0 oooRq=0
gx10-6b41:64:74 [0] NCCL INFO NET/IB: ncclIbReceiverQpsCreateToRts: QP created: port=1 dev=3 devName=roceP2p1s0f1 ndevs=4 nmdevs=6 qp_num=2516 pkey=0 pd=0xe6af2830b4c0 oooRq=0
gx10-6b41:64:74 [0] NCCL INFO NET/IB: ncclIbReceiverQpsCreateToRts: Flush QP created: port=1 dev=3 devName=roceP2p1s0f1 ndevs=4 nmdevs=6 qp_num=2517 pkey=0 pd=0xe6af2830b4c0
gx10-6b41:64:74 [0] NCCL INFO NET/IB: Subnet-aware routing: overriding dev 5 with dev 2
gx10-6b41:64:74 [0] NCCL INFO NET/IB: ncclIbSenderQpsToRts: Set ECE: IbDev 2 Port 1 qp_num 2046 set_ece={supported=1, vendor_id=0x15b3, options=0x30000002, comp_mask=0x0}
gx10-6b41:64:74 [0] NCCL INFO NET/IB: ncclIbSenderQpsToRts: Set ECE: IbDev 2 Port 1 qp_num 2047 set_ece={supported=1, vendor_id=0x15b3, options=0x30000002, comp_mask=0x0}
gx10-6b41:64:74 [0] NCCL INFO NET/IB: Subnet-aware routing: overriding dev 4 with dev 0
gx10-6b41:64:74 [0] NCCL INFO NET/IB: ncclIbSenderQpsToRts: Set ECE: IbDev 0 Port 1 qp_num 40810 set_ece={supported=1, vendor_id=0x15b3, options=0x30000002, comp_mask=0x0}
gx10-6b41:64:74 [0] NCCL INFO NET/IB: ncclIbSenderQpsToRts: Set ECE: IbDev 0 Port 1 qp_num 40811 set_ece={supported=1, vendor_id=0x15b3, options=0x30000002, comp_mask=0x0}
gx10-6b41:64:74 [0] NCCL INFO NET/IB: Subnet-aware routing: overriding dev 5 with dev 2
gx10-6b41:64:74 [0] NCCL INFO NET/IB: ncclIbSenderQpsCreate: QP created: port=1 dev=2 devName=roceP2p1s0f0 ndevs=4 nmdevs=6 qp_num=2048 pkey=0 pd=0xe6af281f0300 oooRq=0
gx10-6b41:64:74 [0] NCCL INFO NET/IB: ncclIbSenderQpsCreate: QP created: port=1 dev=2 devName=roceP2p1s0f0 ndevs=4 nmdevs=6 qp_num=2049 pkey=0 pd=0xe6af281f0300 oooRq=0
gx10-6b41:64:74 [0] NCCL INFO NET/IB: ncclIbConnectImpl: NCCL Dev 2 IbDev 2 Port 1 qp_num 2048 mtu 5 GID 3 (0/26FA8C0FFFF0000) ctsFifoRkey=0x196461 ctsFifoLkey=0x196461
gx10-6b41:64:74 [0] NCCL INFO NET/IB: ncclIbConnectImpl: IbDev 2 Port 1 qp_num 2048 query_ece={supported=1, vendor_id=0x15b3, options=0x30000002, comp_mask=0x0}
gx10-6b41:64:74 [0] NCCL INFO NET/IB: ncclIbConnectImpl: NCCL Dev 2 IbDev 2 Port 1 qp_num 2049 mtu 5 GID 3 (0/26FA8C0FFFF0000) ctsFifoRkey=0x196461 ctsFifoLkey=0x196461
gx10-6b41:64:74 [0] NCCL INFO NET/IB: ncclIbConnectImpl: IbDev 2 Port 1 qp_num 2049 query_ece={supported=1, vendor_id=0x15b3, options=0x30000002, comp_mask=0x0}
gx10-6b41:64:74 [0] NCCL INFO NET/IB: Subnet-aware routing: overriding dev 4 with dev 0
gx10-6b41:64:74 [0] NCCL INFO NET/IB: ncclIbResiliencyInit: Resiliency is disabled on the recv communicator (comm=0xe6aed8900000)
gx10-6b41:64:74 [0] NCCL INFO NET/IB: ncclIbRecvCommInit: Receive work requests will be posted on-demand
gx10-6b41:64:74 [0] NCCL INFO NET/IB: Subnet-aware routing: overriding dev 5 with dev 3
gx10-6b41:64:74 [0] NCCL INFO NET/IB: ncclIbReceiverQpsCreateToRts: QP created: port=1 dev=3 devName=roceP2p1s0f1 ndevs=4 nmdevs=6 qp_num=2518 pkey=0 pd=0xe6af2830b4c0 oooRq=0
gx10-6b41:64:74 [0] NCCL INFO NET/IB: ncclIbReceiverQpsCreateToRts: QP created: port=1 dev=3 devName=roceP2p1s0f1 ndevs=4 nmdevs=6 qp_num=2519 pkey=0 pd=0xe6af2830b4c0 oooRq=0
gx10-6b41:64:74 [0] NCCL INFO NET/IB: ncclIbReceiverQpsCreateToRts: Flush QP created: port=1 dev=3 devName=roceP2p1s0f1 ndevs=4 nmdevs=6 qp_num=2520 pkey=0 pd=0xe6af2830b4c0
gx10-6b41:64:74 [0] NCCL INFO NET/IB: Subnet-aware routing: overriding dev 5 with dev 2
gx10-6b41:64:74 [0] NCCL INFO NET/IB: Subnet-aware routing: overriding dev 4 with dev 0
gx10-6b41:64:74 [0] NCCL INFO NET/IB: ncclIbSenderQpsCreate: QP created: port=1 dev=0 devName=rocep1s0f0 ndevs=4 nmdevs=6 qp_num=40812 pkey=0 pd=0xe6af2807ddd0 oooRq=0
gx10-6b41:64:74 [0] NCCL INFO NET/IB: ncclIbSenderQpsCreate: QP created: port=1 dev=0 devName=rocep1s0f0 ndevs=4 nmdevs=6 qp_num=40813 pkey=0 pd=0xe6af2807ddd0 oooRq=0
gx10-6b41:64:74 [0] NCCL INFO NET/IB: ncclIbConnectImpl: NCCL Dev 0 IbDev 0 Port 1 qp_num 40812 mtu 5 GID 6 (0/265A8C0FFFF0000) ctsFifoRkey=0x16f8b4 ctsFifoLkey=0x16f8b4
gx10-6b41:64:74 [0] NCCL INFO NET/IB: ncclIbConnectImpl: IbDev 0 Port 1 qp_num 40812 query_ece={supported=1, vendor_id=0x15b3, options=0x30000002, comp_mask=0x0}
gx10-6b41:64:74 [0] NCCL INFO NET/IB: ncclIbConnectImpl: NCCL Dev 0 IbDev 0 Port 1 qp_num 40813 mtu 5 GID 6 (0/265A8C0FFFF0000) ctsFifoRkey=0x16f8b4 ctsFifoLkey=0x16f8b4
gx10-6b41:64:74 [0] NCCL INFO NET/IB: ncclIbConnectImpl: IbDev 0 Port 1 qp_num 40813 query_ece={supported=1, vendor_id=0x15b3, options=0x30000002, comp_mask=0x0}
gx10-6b41:64:74 [0] NCCL INFO NET/IB: Subnet-aware routing: overriding dev 5 with dev 2
gx10-6b41:64:74 [0] NCCL INFO NET/IB: ncclIbResiliencyInit: Resiliency is disabled on the send communicator (comm=0xe6aed8a1b000)
gx10-6b41:64:74 [0] NCCL INFO NET/IB: Subnet-aware routing: overriding dev 5 with dev 2
gx10-6b41:64:74 [0] NCCL INFO NET/IB: ncclIbSenderQpsToRts: Set ECE: IbDev 2 Port 1 qp_num 2048 set_ece={supported=1, vendor_id=0x15b3, options=0x30000002, comp_mask=0x0}
gx10-6b41:64:74 [0] NCCL INFO NET/IB: ncclIbSenderQpsToRts: Set ECE: IbDev 2 Port 1 qp_num 2049 set_ece={supported=1, vendor_id=0x15b3, options=0x30000002, comp_mask=0x0}
gx10-6b41:64:74 [0] NCCL INFO NET/IB: Subnet-aware routing: overriding dev 4 with dev 0
gx10-6b41:64:74 [0] NCCL INFO NET/IB: Subnet-aware routing: overriding dev 5 with dev 2
gx10-6b41:64:74 [0] NCCL INFO NET/IB: ncclIbResiliencyInit: Resiliency is disabled on the recv communicator (comm=0xe6aed8a5f000)
gx10-6b41:64:74 [0] NCCL INFO NET/IB: ncclIbRecvCommInit: Receive work requests will be posted on-demand
gx10-6b41:64:74 [0] NCCL INFO NET/IB: Subnet-aware routing: overriding dev 4 with dev 0
gx10-6b41:64:74 [0] NCCL INFO NET/IB: Subnet-aware routing: overriding dev 5 with dev 2
gx10-6b41:64:74 [0] NCCL INFO NET/IB: Subnet-aware routing: overriding dev 4 with dev 0
gx10-6b41:64:74 [0] NCCL INFO NET/IB: ncclIbResiliencyInit: Resiliency is disabled on the send communicator (comm=0xe6aed8aa7000)
gx10-6b41:64:74 [0] NCCL INFO NET/IB: Subnet-aware routing: overriding dev 4 with dev 1
gx10-6b41:64:74 [0] NCCL INFO NET/IB: ncclIbReceiverQpsCreateToRts: QP created: port=1 dev=1 devName=rocep1s0f1 ndevs=4 nmdevs=6 qp_num=39920 pkey=0 pd=0xe6af28106e80 oooRq=0
gx10-6b41:64:74 [0] NCCL INFO NET/IB: ncclIbReceiverQpsCreateToRts: QP created: port=1 dev=1 devName=rocep1s0f1 ndevs=4 nmdevs=6 qp_num=39921 pkey=0 pd=0xe6af28106e80 oooRq=0
gx10-6b41:64:74 [0] NCCL INFO NET/IB: ncclIbReceiverQpsCreateToRts: Flush QP created: port=1 dev=1 devName=rocep1s0f1 ndevs=4 nmdevs=6 qp_num=39922 pkey=0 pd=0xe6af28106e80
gx10-6b41:64:74 [0] NCCL INFO NET/IB: Subnet-aware routing: overriding dev 5 with dev 3
gx10-6b41:64:74 [0] NCCL INFO NET/IB: ncclIbReceiverQpsCreateToRts: QP created: port=1 dev=3 devName=roceP2p1s0f1 ndevs=4 nmdevs=6 qp_num=2521 pkey=0 pd=0xe6af2830b4c0 oooRq=0
gx10-6b41:64:74 [0] NCCL INFO NET/IB: ncclIbReceiverQpsCreateToRts: QP created: port=1 dev=3 devName=roceP2p1s0f1 ndevs=4 nmdevs=6 qp_num=2522 pkey=0 pd=0xe6af2830b4c0 oooRq=0
gx10-6b41:64:74 [0] NCCL INFO NET/IB: ncclIbReceiverQpsCreateToRts: Flush QP created: port=1 dev=3 devName=roceP2p1s0f1 ndevs=4 nmdevs=6 qp_num=2523 pkey=0 pd=0xe6af2830b4c0
gx10-6b41:64:74 [0] NCCL INFO NET/IB: Subnet-aware routing: overriding dev 4 with dev 0
gx10-6b41:64:74 [0] NCCL INFO NET/IB: ncclIbSenderQpsToRts: Set ECE: IbDev 0 Port 1 qp_num 40812 set_ece={supported=1, vendor_id=0x15b3, options=0x30000002, comp_mask=0x0}
gx10-6b41:64:74 [0] NCCL INFO NET/IB: ncclIbSenderQpsToRts: Set ECE: IbDev 0 Port 1 qp_num 40813 set_ece={supported=1, vendor_id=0x15b3, options=0x30000002, comp_mask=0x0}
gx10-6b41:64:74 [0] NCCL INFO NET/IB: Subnet-aware routing: overriding dev 5 with dev 2
gx10-6b41:64:74 [0] NCCL INFO NET/IB: ncclIbSenderQpsCreate: QP created: port=1 dev=2 devName=roceP2p1s0f0 ndevs=4 nmdevs=6 qp_num=2050 pkey=0 pd=0xe6af281f0300 oooRq=0
gx10-6b41:64:74 [0] NCCL INFO NET/IB: ncclIbSenderQpsCreate: QP created: port=1 dev=2 devName=roceP2p1s0f0 ndevs=4 nmdevs=6 qp_num=2051 pkey=0 pd=0xe6af281f0300 oooRq=0
gx10-6b41:64:74 [0] NCCL INFO NET/IB: ncclIbConnectImpl: NCCL Dev 2 IbDev 2 Port 1 qp_num 2050 mtu 5 GID 3 (0/26FA8C0FFFF0000) ctsFifoRkey=0x19372e ctsFifoLkey=0x19372e
gx10-6b41:64:74 [0] NCCL INFO NET/IB: ncclIbConnectImpl: IbDev 2 Port 1 qp_num 2050 query_ece={supported=1, vendor_id=0x15b3, options=0x30000002, comp_mask=0x0}
gx10-6b41:64:74 [0] NCCL INFO NET/IB: ncclIbConnectImpl: NCCL Dev 2 IbDev 2 Port 1 qp_num 2051 mtu 5 GID 3 (0/26FA8C0FFFF0000) ctsFifoRkey=0x19372e ctsFifoLkey=0x19372e
gx10-6b41:64:74 [0] NCCL INFO NET/IB: ncclIbConnectImpl: IbDev 2 Port 1 qp_num 2051 query_ece={supported=1, vendor_id=0x15b3, options=0x30000002, comp_mask=0x0}
gx10-6b41:64:74 [0] NCCL INFO NET/IB: Subnet-aware routing: overriding dev 4 with dev 0
gx10-6b41:64:74 [0] NCCL INFO NET/IB: ncclIbResiliencyInit: Resiliency is disabled on the recv communicator (comm=0xe6aed8c36000)
gx10-6b41:64:74 [0] NCCL INFO NET/IB: ncclIbRecvCommInit: Receive work requests will be posted on-demand
gx10-6b41:64:74 [0] NCCL INFO NET/IB: Subnet-aware routing: overriding dev 5 with dev 2
gx10-6b41:64:74 [0] NCCL INFO NET/IB: Subnet-aware routing: overriding dev 4 with dev 0
gx10-6b41:64:74 [0] NCCL INFO NET/IB: Subnet-aware routing: overriding dev 5 with dev 2
gx10-6b41:64:74 [0] NCCL INFO NET/IB: ncclIbResiliencyInit: Resiliency is disabled on the send communicator (comm=0xe6aed8c7e000)
gx10-6b41:64:74 [0] NCCL INFO NET/IB: Subnet-aware routing: overriding dev 5 with dev 2
gx10-6b41:64:74 [0] NCCL INFO NET/IB: ncclIbSenderQpsToRts: Set ECE: IbDev 2 Port 1 qp_num 2050 set_ece={supported=1, vendor_id=0x15b3, options=0x30000002, comp_mask=0x0}
gx10-6b41:64:74 [0] NCCL INFO NET/IB: ncclIbSenderQpsToRts: Set ECE: IbDev 2 Port 1 qp_num 2051 set_ece={supported=1, vendor_id=0x15b3, options=0x30000002, comp_mask=0x0}
gx10-6b41:64:74 [0] NCCL INFO NET/IB: Subnet-aware routing: overriding dev 4 with dev 0
gx10-6b41:64:74 [0] NCCL INFO NET/IB: ncclIbSenderQpsCreate: QP created: port=1 dev=0 devName=rocep1s0f0 ndevs=4 nmdevs=6 qp_num=40814 pkey=0 pd=0xe6af2807ddd0 oooRq=0
gx10-6b41:64:74 [0] NCCL INFO NET/IB: ncclIbSenderQpsCreate: QP created: port=1 dev=0 devName=rocep1s0f0 ndevs=4 nmdevs=6 qp_num=40815 pkey=0 pd=0xe6af2807ddd0 oooRq=0
gx10-6b41:64:74 [0] NCCL INFO NET/IB: ncclIbConnectImpl: NCCL Dev 0 IbDev 0 Port 1 qp_num 40814 mtu 5 GID 6 (0/265A8C0FFFF0000) ctsFifoRkey=0x164f0c ctsFifoLkey=0x164f0c
gx10-6b41:64:74 [0] NCCL INFO NET/IB: ncclIbConnectImpl: IbDev 0 Port 1 qp_num 40814 query_ece={supported=1, vendor_id=0x15b3, options=0x30000002, comp_mask=0x0}
gx10-6b41:64:74 [0] NCCL INFO NET/IB: ncclIbConnectImpl: NCCL Dev 0 IbDev 0 Port 1 qp_num 40815 mtu 5 GID 6 (0/265A8C0FFFF0000) ctsFifoRkey=0x164f0c ctsFifoLkey=0x164f0c
gx10-6b41:64:74 [0] NCCL INFO NET/IB: ncclIbConnectImpl: IbDev 0 Port 1 qp_num 40815 query_ece={supported=1, vendor_id=0x15b3, options=0x30000002, comp_mask=0x0}
gx10-6b41:64:74 [0] NCCL INFO NET/IB: Subnet-aware routing: overriding dev 5 with dev 2
gx10-6b41:64:74 [0] NCCL INFO NET/IB: ncclIbResiliencyInit: Resiliency is disabled on the recv communicator (comm=0xe6aed8d17000)
gx10-6b41:64:74 [0] NCCL INFO NET/IB: ncclIbRecvCommInit: Receive work requests will be posted on-demand
gx10-6b41:64:74 [0] NCCL INFO NET/IB: Subnet-aware routing: overriding dev 4 with dev 1
gx10-6b41:64:74 [0] NCCL INFO NET/IB: ncclIbReceiverQpsCreateToRts: QP created: port=1 dev=1 devName=rocep1s0f1 ndevs=4 nmdevs=6 qp_num=39923 pkey=0 pd=0xe6af28106e80 oooRq=0
gx10-6b41:64:74 [0] NCCL INFO NET/IB: ncclIbReceiverQpsCreateToRts: QP created: port=1 dev=1 devName=rocep1s0f1 ndevs=4 nmdevs=6 qp_num=39924 pkey=0 pd=0xe6af28106e80 oooRq=0
gx10-6b41:64:74 [0] NCCL INFO NET/IB: ncclIbReceiverQpsCreateToRts: Flush QP created: port=1 dev=1 devName=rocep1s0f1 ndevs=4 nmdevs=6 qp_num=39925 pkey=0 pd=0xe6af28106e80
gx10-6b41:64:74 [0] NCCL INFO NET/IB: Subnet-aware routing: overriding dev 4 with dev 0
gx10-6b41:64:74 [0] NCCL INFO NET/IB: Subnet-aware routing: overriding dev 5 with dev 2
gx10-6b41:64:74 [0] NCCL INFO NET/IB: Subnet-aware routing: overriding dev 4 with dev 0
gx10-6b41:64:74 [0] NCCL INFO NET/IB: ncclIbResiliencyInit: Resiliency is disabled on the send communicator (comm=0xe6aed8ddb000)
gx10-6b41:64:74 [0] NCCL INFO NET/IB: Subnet-aware routing: overriding dev 4 with dev 0
gx10-6b41:64:74 [0] NCCL INFO NET/IB: Subnet-aware routing: overriding dev 5 with dev 2
gx10-6b41:64:74 [0] NCCL INFO NET/IB: Subnet-aware routing: overriding dev 4 with dev 0
gx10-6b41:64:74 [0] NCCL INFO NET/IB: ncclIbResiliencyInit: Resiliency is disabled on the recv communicator (comm=0xe6aed8e1f000)
gx10-6b41:64:74 [0] NCCL INFO NET/IB: ncclIbRecvCommInit: Receive work requests will be posted on-demand
gx10-6b41:64:74 [0] NCCL INFO NET/IB: Subnet-aware routing: overriding dev 4 with dev 0
gx10-6b41:64:74 [0] NCCL INFO NET/IB: Subnet-aware routing: overriding dev 5 with dev 2
gx10-6b41:64:74 [0] NCCL INFO NET/IB: Subnet-aware routing: overriding dev 4 with dev 0
gx10-6b41:64:74 [0] NCCL INFO NET/IB: Subnet-aware routing: overriding dev 5 with dev 2
gx10-6b41:64:74 [0] NCCL INFO NET/IB: ncclIbResiliencyInit: Resiliency is disabled on the send communicator (comm=0xe6aed8e67000)
gx10-6b41:64:74 [0] NCCL INFO NET/IB: Subnet-aware routing: overriding dev 5 with dev 3
gx10-6b41:64:74 [0] NCCL INFO NET/IB: ncclIbReceiverQpsCreateToRts: QP created: port=1 dev=3 devName=roceP2p1s0f1 ndevs=4 nmdevs=6 qp_num=2524 pkey=0 pd=0xe6af2830b4c0 oooRq=0
gx10-6b41:64:74 [0] NCCL INFO NET/IB: ncclIbReceiverQpsCreateToRts: QP created: port=1 dev=3 devName=roceP2p1s0f1 ndevs=4 nmdevs=6 qp_num=2525 pkey=0 pd=0xe6af2830b4c0 oooRq=0
gx10-6b41:64:74 [0] NCCL INFO NET/IB: ncclIbReceiverQpsCreateToRts: Flush QP created: port=1 dev=3 devName=roceP2p1s0f1 ndevs=4 nmdevs=6 qp_num=2526 pkey=0 pd=0xe6af2830b4c0
gx10-6b41:64:74 [0] NCCL INFO NET/IB: Subnet-aware routing: overriding dev 4 with dev 0
gx10-6b41:64:74 [0] NCCL INFO NET/IB: ncclIbSenderQpsToRts: Set ECE: IbDev 0 Port 1 qp_num 40814 set_ece={supported=1, vendor_id=0x15b3, options=0x30000002, comp_mask=0x0}
gx10-6b41:64:74 [0] NCCL INFO NET/IB: ncclIbSenderQpsToRts: Set ECE: IbDev 0 Port 1 qp_num 40815 set_ece={supported=1, vendor_id=0x15b3, options=0x30000002, comp_mask=0x0}
gx10-6b41:64:74 [0] NCCL INFO NET/IB: Subnet-aware routing: overriding dev 5 with dev 2
gx10-6b41:64:74 [0] NCCL INFO NET/IB: ncclIbSenderQpsCreate: QP created: port=1 dev=2 devName=roceP2p1s0f0 ndevs=4 nmdevs=6 qp_num=2052 pkey=0 pd=0xe6af281f0300 oooRq=0
gx10-6b41:64:74 [0] NCCL INFO NET/IB: ncclIbSenderQpsCreate: QP created: port=1 dev=2 devName=roceP2p1s0f0 ndevs=4 nmdevs=6 qp_num=2053 pkey=0 pd=0xe6af281f0300 oooRq=0
gx10-6b41:64:74 [0] NCCL INFO NET/IB: ncclIbConnectImpl: NCCL Dev 2 IbDev 2 Port 1 qp_num 2052 mtu 5 GID 3 (0/26FA8C0FFFF0000) ctsFifoRkey=0x198e83 ctsFifoLkey=0x198e83
gx10-6b41:64:74 [0] NCCL INFO NET/IB: ncclIbConnectImpl: IbDev 2 Port 1 qp_num 2052 query_ece={supported=1, vendor_id=0x15b3, options=0x30000002, comp_mask=0x0}
gx10-6b41:64:74 [0] NCCL INFO NET/IB: ncclIbConnectImpl: NCCL Dev 2 IbDev 2 Port 1 qp_num 2053 mtu 5 GID 3 (0/26FA8C0FFFF0000) ctsFifoRkey=0x198e83 ctsFifoLkey=0x198e83
gx10-6b41:64:74 [0] NCCL INFO NET/IB: ncclIbConnectImpl: IbDev 2 Port 1 qp_num 2053 query_ece={supported=1, vendor_id=0x15b3, options=0x30000002, comp_mask=0x0}
gx10-6b41:64:74 [0] NCCL INFO NET/IB: Subnet-aware routing: overriding dev 4 with dev 0
gx10-6b41:64:74 [0] NCCL INFO NET/IB: ncclIbSenderQpsCreate: QP created: port=1 dev=0 devName=rocep1s0f0 ndevs=4 nmdevs=6 qp_num=40816 pkey=0 pd=0xe6af2807ddd0 oooRq=0
gx10-6b41:64:74 [0] NCCL INFO NET/IB: ncclIbSenderQpsCreate: QP created: port=1 dev=0 devName=rocep1s0f0 ndevs=4 nmdevs=6 qp_num=40817 pkey=0 pd=0xe6af2807ddd0 oooRq=0
gx10-6b41:64:74 [0] NCCL INFO NET/IB: ncclIbConnectImpl: NCCL Dev 0 IbDev 0 Port 1 qp_num 40816 mtu 5 GID 6 (0/265A8C0FFFF0000) ctsFifoRkey=0x15a463 ctsFifoLkey=0x15a463
gx10-6b41:64:74 [0] NCCL INFO NET/IB: ncclIbConnectImpl: IbDev 0 Port 1 qp_num 40816 query_ece={supported=1, vendor_id=0x15b3, options=0x30000002, comp_mask=0x0}
gx10-6b41:64:74 [0] NCCL INFO NET/IB: ncclIbConnectImpl: NCCL Dev 0 IbDev 0 Port 1 qp_num 40817 mtu 5 GID 6 (0/265A8C0FFFF0000) ctsFifoRkey=0x15a463 ctsFifoLkey=0x15a463
gx10-6b41:64:74 [0] NCCL INFO NET/IB: ncclIbConnectImpl: IbDev 0 Port 1 qp_num 40817 query_ece={supported=1, vendor_id=0x15b3, options=0x30000002, comp_mask=0x0}
gx10-6b41:64:74 [0] NCCL INFO NET/IB: Subnet-aware routing: overriding dev 5 with dev 2
gx10-6b41:64:74 [0] NCCL INFO NET/IB: ncclIbResiliencyInit: Resiliency is disabled on the recv communicator (comm=0xe6aed8fd5000)
gx10-6b41:64:74 [0] NCCL INFO NET/IB: ncclIbRecvCommInit: Receive work requests will be posted on-demand
gx10-6b41:64:74 [0] NCCL INFO NET/IB: Subnet-aware routing: overriding dev 5 with dev 2
gx10-6b41:64:74 [0] NCCL INFO NET/IB: Subnet-aware routing: overriding dev 4 with dev 0
gx10-6b41:64:74 [0] NCCL INFO NET/IB: Subnet-aware routing: overriding dev 5 with dev 2
gx10-6b41:64:74 [0] NCCL INFO NET/IB: Subnet-aware routing: overriding dev 4 with dev 0
gx10-6b41:64:74 [0] NCCL INFO NET/IB: ncclIbResiliencyInit: Resiliency is disabled on the send communicator (comm=0xe6aed901d000)
gx10-6b41:64:74 [0] NCCL INFO NET/IB: Subnet-aware routing: overriding dev 5 with dev 2
gx10-6b41:64:74 [0] NCCL INFO NET/IB: Subnet-aware routing: overriding dev 4 with dev 0
gx10-6b41:64:74 [0] NCCL INFO NET/IB: Subnet-aware routing: overriding dev 5 with dev 2
gx10-6b41:64:74 [0] NCCL INFO NET/IB: Subnet-aware routing: overriding dev 4 with dev 0
gx10-6b41:64:74 [0] NCCL INFO NET/IB: ncclIbResiliencyInit: Resiliency is disabled on the recv communicator (comm=0xe6aed905e000)
gx10-6b41:64:74 [0] NCCL INFO NET/IB: ncclIbRecvCommInit: Receive work requests will be posted on-demand
gx10-6b41:64:74 [0] NCCL INFO NET/IB: Subnet-aware routing: overriding dev 5 with dev 2
gx10-6b41:64:74 [0] NCCL INFO NET/IB: Subnet-aware routing: overriding dev 4 with dev 0
gx10-6b41:64:74 [0] NCCL INFO NET/IB: Subnet-aware routing: overriding dev 5 with dev 2
gx10-6b41:64:74 [0] NCCL INFO NET/IB: Subnet-aware routing: overriding dev 4 with dev 0
gx10-6b41:64:74 [0] NCCL INFO NET/IB: Subnet-aware routing: overriding dev 5 with dev 2
gx10-6b41:64:74 [0] NCCL INFO NET/IB: ncclIbResiliencyInit: Resiliency is disabled on the send communicator (comm=0xe6aed90a6000)
gx10-6b41:64:74 [0] NCCL INFO NET/IB: Subnet-aware routing: overriding dev 4 with dev 1
gx10-6b41:64:74 [0] NCCL INFO NET/IB: ncclIbReceiverQpsCreateToRts: QP created: port=1 dev=1 devName=rocep1s0f1 ndevs=4 nmdevs=6 qp_num=39926 pkey=0 pd=0xe6af28106e80 oooRq=0
gx10-6b41:64:74 [0] NCCL INFO NET/IB: ncclIbReceiverQpsCreateToRts: QP created: port=1 dev=1 devName=rocep1s0f1 ndevs=4 nmdevs=6 qp_num=39927 pkey=0 pd=0xe6af28106e80 oooRq=0
gx10-6b41:64:74 [0] NCCL INFO NET/IB: ncclIbReceiverQpsCreateToRts: Flush QP created: port=1 dev=1 devName=rocep1s0f1 ndevs=4 nmdevs=6 qp_num=39928 pkey=0 pd=0xe6af28106e80
gx10-6b41:64:74 [0] NCCL INFO NET/IB: Subnet-aware routing: overriding dev 5 with dev 2
gx10-6b41:64:74 [0] NCCL INFO NET/IB: ncclIbSenderQpsToRts: Set ECE: IbDev 2 Port 1 qp_num 2052 set_ece={supported=1, vendor_id=0x15b3, options=0x30000002, comp_mask=0x0}
gx10-6b41:64:74 [0] NCCL INFO NET/IB: ncclIbSenderQpsToRts: Set ECE: IbDev 2 Port 1 qp_num 2053 set_ece={supported=1, vendor_id=0x15b3, options=0x30000002, comp_mask=0x0}
gx10-6b41:64:74 [0] NCCL INFO NET/IB: Subnet-aware routing: overriding dev 4 with dev 0
gx10-6b41:64:74 [0] NCCL INFO NET/IB: ncclIbSenderQpsToRts: Set ECE: IbDev 0 Port 1 qp_num 40816 set_ece={supported=1, vendor_id=0x15b3, options=0x30000002, comp_mask=0x0}
gx10-6b41:64:74 [0] NCCL INFO NET/IB: ncclIbSenderQpsToRts: Set ECE: IbDev 0 Port 1 qp_num 40817 set_ece={supported=1, vendor_id=0x15b3, options=0x30000002, comp_mask=0x0}
gx10-6b41:64:74 [0] NCCL INFO NET/IB: Subnet-aware routing: overriding dev 5 with dev 2
gx10-6b41:64:74 [0] NCCL INFO NET/IB: ncclIbSenderQpsCreate: QP created: port=1 dev=2 devName=roceP2p1s0f0 ndevs=4 nmdevs=6 qp_num=2054 pkey=0 pd=0xe6af281f0300 oooRq=0
gx10-6b41:64:74 [0] NCCL INFO NET/IB: ncclIbSenderQpsCreate: QP created: port=1 dev=2 devName=roceP2p1s0f0 ndevs=4 nmdevs=6 qp_num=2055 pkey=0 pd=0xe6af281f0300 oooRq=0
gx10-6b41:64:74 [0] NCCL INFO NET/IB: ncclIbConnectImpl: NCCL Dev 2 IbDev 2 Port 1 qp_num 2054 mtu 5 GID 3 (0/26FA8C0FFFF0000) ctsFifoRkey=0x192523 ctsFifoLkey=0x192523
gx10-6b41:64:74 [0] NCCL INFO NET/IB: ncclIbConnectImpl: IbDev 2 Port 1 qp_num 2054 query_ece={supported=1, vendor_id=0x15b3, options=0x30000002, comp_mask=0x0}
gx10-6b41:64:74 [0] NCCL INFO NET/IB: ncclIbConnectImpl: NCCL Dev 2 IbDev 2 Port 1 qp_num 2055 mtu 5 GID 3 (0/26FA8C0FFFF0000) ctsFifoRkey=0x192523 ctsFifoLkey=0x192523
gx10-6b41:64:74 [0] NCCL INFO NET/IB: ncclIbConnectImpl: IbDev 2 Port 1 qp_num 2055 query_ece={supported=1, vendor_id=0x15b3, options=0x30000002, comp_mask=0x0}
gx10-6b41:64:74 [0] NCCL INFO NET/IB: Subnet-aware routing: overriding dev 4 with dev 0
gx10-6b41:64:74 [0] NCCL INFO NET/IB: Subnet-aware routing: overriding dev 5 with dev 2
gx10-6b41:64:74 [0] NCCL INFO NET/IB: ncclIbResiliencyInit: Resiliency is disabled on the recv communicator (comm=0xe6aed91bc000)
gx10-6b41:64:74 [0] NCCL INFO NET/IB: ncclIbRecvCommInit: Receive work requests will be posted on-demand
gx10-6b41:64:74 [0] NCCL INFO NET/IB: Subnet-aware routing: overriding dev 5 with dev 3
gx10-6b41:64:74 [0] NCCL INFO NET/IB: ncclIbReceiverQpsCreateToRts: QP created: port=1 dev=3 devName=roceP2p1s0f1 ndevs=4 nmdevs=6 qp_num=2527 pkey=0 pd=0xe6af2830b4c0 oooRq=0
gx10-6b41:64:74 [0] NCCL INFO NET/IB: ncclIbReceiverQpsCreateToRts: QP created: port=1 dev=3 devName=roceP2p1s0f1 ndevs=4 nmdevs=6 qp_num=2528 pkey=0 pd=0xe6af2830b4c0 oooRq=0
gx10-6b41:64:74 [0] NCCL INFO NET/IB: ncclIbReceiverQpsCreateToRts: Flush QP created: port=1 dev=3 devName=roceP2p1s0f1 ndevs=4 nmdevs=6 qp_num=2529 pkey=0 pd=0xe6af2830b4c0
gx10-6b41:64:74 [0] NCCL INFO NET/IB: Subnet-aware routing: overriding dev 5 with dev 2
gx10-6b41:64:74 [0] NCCL INFO NET/IB: ncclIbSenderQpsToRts: Set ECE: IbDev 2 Port 1 qp_num 2054 set_ece={supported=1, vendor_id=0x15b3, options=0x30000002, comp_mask=0x0}
gx10-6b41:64:74 [0] NCCL INFO NET/IB: ncclIbSenderQpsToRts: Set ECE: IbDev 2 Port 1 qp_num 2055 set_ece={supported=1, vendor_id=0x15b3, options=0x30000002, comp_mask=0x0}
gx10-6b41:64:74 [0] NCCL INFO NET/IB: Subnet-aware routing: overriding dev 4 with dev 0
gx10-6b41:64:74 [0] NCCL INFO NET/IB: ncclIbSenderQpsCreate: QP created: port=1 dev=0 devName=rocep1s0f0 ndevs=4 nmdevs=6 qp_num=40818 pkey=0 pd=0xe6af2807ddd0 oooRq=0
gx10-6b41:64:74 [0] NCCL INFO NET/IB: ncclIbSenderQpsCreate: QP created: port=1 dev=0 devName=rocep1s0f0 ndevs=4 nmdevs=6 qp_num=40819 pkey=0 pd=0xe6af2807ddd0 oooRq=0
gx10-6b41:64:74 [0] NCCL INFO NET/IB: ncclIbConnectImpl: NCCL Dev 0 IbDev 0 Port 1 qp_num 40818 mtu 5 GID 6 (0/265A8C0FFFF0000) ctsFifoRkey=0x1624e4 ctsFifoLkey=0x1624e4
gx10-6b41:64:74 [0] NCCL INFO NET/IB: ncclIbConnectImpl: IbDev 0 Port 1 qp_num 40818 query_ece={supported=1, vendor_id=0x15b3, options=0x30000002, comp_mask=0x0}
gx10-6b41:64:74 [0] NCCL INFO NET/IB: ncclIbConnectImpl: NCCL Dev 0 IbDev 0 Port 1 qp_num 40819 mtu 5 GID 6 (0/265A8C0FFFF0000) ctsFifoRkey=0x1624e4 ctsFifoLkey=0x1624e4
gx10-6b41:64:74 [0] NCCL INFO NET/IB: ncclIbConnectImpl: IbDev 0 Port 1 qp_num 40819 query_ece={supported=1, vendor_id=0x15b3, options=0x30000002, comp_mask=0x0}
gx10-6b41:64:74 [0] NCCL INFO NET/IB: Subnet-aware routing: overriding dev 5 with dev 2
gx10-6b41:64:74 [0] NCCL INFO NET/IB: Subnet-aware routing: overriding dev 4 with dev 0
gx10-6b41:64:74 [0] NCCL INFO NET/IB: ncclIbResiliencyInit: Resiliency is disabled on the send communicator (comm=0xe6aed92d6000)
gx10-6b41:64:74 [0] NCCL INFO NET/IB: Subnet-aware routing: overriding dev 4 with dev 1
gx10-6b41:64:74 [0] NCCL INFO NET/IB: ncclIbReceiverQpsCreateToRts: QP created: port=1 dev=1 devName=rocep1s0f1 ndevs=4 nmdevs=6 qp_num=39929 pkey=0 pd=0xe6af28106e80 oooRq=0
gx10-6b41:64:74 [0] NCCL INFO NET/IB: ncclIbReceiverQpsCreateToRts: QP created: port=1 dev=1 devName=rocep1s0f1 ndevs=4 nmdevs=6 qp_num=39930 pkey=0 pd=0xe6af28106e80 oooRq=0
gx10-6b41:64:74 [0] NCCL INFO NET/IB: ncclIbReceiverQpsCreateToRts: Flush QP created: port=1 dev=1 devName=rocep1s0f1 ndevs=4 nmdevs=6 qp_num=39931 pkey=0 pd=0xe6af28106e80
gx10-6b41:64:74 [0] NCCL INFO NET/IB: Subnet-aware routing: overriding dev 4 with dev 0
gx10-6b41:64:74 [0] NCCL INFO NET/IB: Subnet-aware routing: overriding dev 5 with dev 2
gx10-6b41:64:74 [0] NCCL INFO NET/IB: Subnet-aware routing: overriding dev 4 with dev 0
gx10-6b41:64:74 [0] NCCL INFO NET/IB: ncclIbResiliencyInit: Resiliency is disabled on the recv communicator (comm=0xe6aed9395000)
gx10-6b41:64:74 [0] NCCL INFO NET/IB: ncclIbRecvCommInit: Receive work requests will be posted on-demand
gx10-6b41:64:74 [0] NCCL INFO NET/IB: Subnet-aware routing: overriding dev 4 with dev 0
gx10-6b41:64:74 [0] NCCL INFO NET/IB: Subnet-aware routing: overriding dev 5 with dev 2
gx10-6b41:64:74 [0] NCCL INFO NET/IB: Subnet-aware routing: overriding dev 4 with dev 0
gx10-6b41:64:74 [0] NCCL INFO NET/IB: Subnet-aware routing: overriding dev 5 with dev 2
gx10-6b41:64:74 [0] NCCL INFO NET/IB: ncclIbResiliencyInit: Resiliency is disabled on the send communicator (comm=0xe6aed93dd000)
gx10-6b41:64:74 [0] NCCL INFO NET/IB: Subnet-aware routing: overriding dev 4 with dev 0
gx10-6b41:64:74 [0] NCCL INFO NET/IB: ncclIbSenderQpsToRts: Set ECE: IbDev 0 Port 1 qp_num 40818 set_ece={supported=1, vendor_id=0x15b3, options=0x30000002, comp_mask=0x0}
gx10-6b41:64:74 [0] NCCL INFO NET/IB: ncclIbSenderQpsToRts: Set ECE: IbDev 0 Port 1 qp_num 40819 set_ece={supported=1, vendor_id=0x15b3, options=0x30000002, comp_mask=0x0}
gx10-6b41:64:74 [0] NCCL INFO NET/IB: Subnet-aware routing: overriding dev 5 with dev 2
gx10-6b41:64:74 [0] NCCL INFO NET/IB: ncclIbSenderQpsCreate: QP created: port=1 dev=2 devName=roceP2p1s0f0 ndevs=4 nmdevs=6 qp_num=2056 pkey=0 pd=0xe6af281f0300 oooRq=0
gx10-6b41:64:74 [0] NCCL INFO NET/IB: ncclIbSenderQpsCreate: QP created: port=1 dev=2 devName=roceP2p1s0f0 ndevs=4 nmdevs=6 qp_num=2057 pkey=0 pd=0xe6af281f0300 oooRq=0
gx10-6b41:64:74 [0] NCCL INFO NET/IB: ncclIbConnectImpl: NCCL Dev 2 IbDev 2 Port 1 qp_num 2056 mtu 5 GID 3 (0/26FA8C0FFFF0000) ctsFifoRkey=0x19aea9 ctsFifoLkey=0x19aea9
gx10-6b41:64:74 [0] NCCL INFO NET/IB: ncclIbConnectImpl: IbDev 2 Port 1 qp_num 2056 query_ece={supported=1, vendor_id=0x15b3, options=0x30000002, comp_mask=0x0}
gx10-6b41:64:74 [0] NCCL INFO NET/IB: ncclIbConnectImpl: NCCL Dev 2 IbDev 2 Port 1 qp_num 2057 mtu 5 GID 3 (0/26FA8C0FFFF0000) ctsFifoRkey=0x19aea9 ctsFifoLkey=0x19aea9
gx10-6b41:64:74 [0] NCCL INFO NET/IB: ncclIbConnectImpl: IbDev 2 Port 1 qp_num 2057 query_ece={supported=1, vendor_id=0x15b3, options=0x30000002, comp_mask=0x0}
gx10-6b41:64:74 [0] NCCL INFO NET/IB: Subnet-aware routing: overriding dev 4 with dev 0
gx10-6b41:64:74 [0] NCCL INFO NET/IB: Subnet-aware routing: overriding dev 5 with dev 2
gx10-6b41:64:74 [0] NCCL INFO NET/IB: ncclIbResiliencyInit: Resiliency is disabled on the recv communicator (comm=0xe6aed9478000)
gx10-6b41:64:74 [0] NCCL INFO NET/IB: ncclIbRecvCommInit: Receive work requests will be posted on-demand
gx10-6b41:64:74 [0] NCCL INFO NET/IB: Subnet-aware routing: overriding dev 5 with dev 3
gx10-6b41:64:74 [0] NCCL INFO NET/IB: ncclIbReceiverQpsCreateToRts: QP created: port=1 dev=3 devName=roceP2p1s0f1 ndevs=4 nmdevs=6 qp_num=2530 pkey=0 pd=0xe6af2830b4c0 oooRq=0
gx10-6b41:64:74 [0] NCCL INFO NET/IB: ncclIbReceiverQpsCreateToRts: QP created: port=1 dev=3 devName=roceP2p1s0f1 ndevs=4 nmdevs=6 qp_num=2531 pkey=0 pd=0xe6af2830b4c0 oooRq=0
gx10-6b41:64:74 [0] NCCL INFO NET/IB: ncclIbReceiverQpsCreateToRts: Flush QP created: port=1 dev=3 devName=roceP2p1s0f1 ndevs=4 nmdevs=6 qp_num=2532 pkey=0 pd=0xe6af2830b4c0
gx10-6b41:64:74 [0] NCCL INFO NET/IB: Subnet-aware routing: overriding dev 5 with dev 2
gx10-6b41:64:74 [0] NCCL INFO NET/IB: Subnet-aware routing: overriding dev 4 with dev 0
gx10-6b41:64:74 [0] NCCL INFO NET/IB: Subnet-aware routing: overriding dev 5 with dev 2
gx10-6b41:64:74 [0] NCCL INFO NET/IB: Subnet-aware routing: overriding dev 5 with dev 2
gx10-6b41:64:74 [0] NCCL INFO NET/IB: ncclIbSenderQpsToRts: Set ECE: IbDev 2 Port 1 qp_num 2056 set_ece={supported=1, vendor_id=0x15b3, options=0x30000002, comp_mask=0x0}
gx10-6b41:64:74 [0] NCCL INFO NET/IB: ncclIbSenderQpsToRts: Set ECE: IbDev 2 Port 1 qp_num 2057 set_ece={supported=1, vendor_id=0x15b3, options=0x30000002, comp_mask=0x0}
gx10-6b41:64:74 [0] NCCL INFO NET/IB: Subnet-aware routing: overriding dev 4 with dev 0
gx10-6b41:64:74 [0] NCCL INFO NET/IB: ncclIbSenderQpsCreate: QP created: port=1 dev=0 devName=rocep1s0f0 ndevs=4 nmdevs=6 qp_num=40820 pkey=0 pd=0xe6af2807ddd0 oooRq=0
gx10-6b41:64:74 [0] NCCL INFO NET/IB: ncclIbSenderQpsCreate: QP created: port=1 dev=0 devName=rocep1s0f0 ndevs=4 nmdevs=6 qp_num=40821 pkey=0 pd=0xe6af2807ddd0 oooRq=0
gx10-6b41:64:74 [0] NCCL INFO NET/IB: ncclIbConnectImpl: NCCL Dev 0 IbDev 0 Port 1 qp_num 40820 mtu 5 GID 6 (0/265A8C0FFFF0000) ctsFifoRkey=0x154504 ctsFifoLkey=0x154504
gx10-6b41:64:74 [0] NCCL INFO NET/IB: ncclIbConnectImpl: IbDev 0 Port 1 qp_num 40820 query_ece={supported=1, vendor_id=0x15b3, options=0x30000002, comp_mask=0x0}
gx10-6b41:64:74 [0] NCCL INFO NET/IB: ncclIbConnectImpl: NCCL Dev 0 IbDev 0 Port 1 qp_num 40821 mtu 5 GID 6 (0/265A8C0FFFF0000) ctsFifoRkey=0x154504 ctsFifoLkey=0x154504
gx10-6b41:64:74 [0] NCCL INFO NET/IB: ncclIbConnectImpl: IbDev 0 Port 1 qp_num 40821 query_ece={supported=1, vendor_id=0x15b3, options=0x30000002, comp_mask=0x0}
gx10-6b41:64:74 [0] NCCL INFO NET/IB: Subnet-aware routing: overriding dev 5 with dev 2
gx10-6b41:64:74 [0] NCCL INFO NET/IB: Subnet-aware routing: overriding dev 4 with dev 1
gx10-6b41:64:74 [0] NCCL INFO NET/IB: ncclIbReceiverQpsCreateToRts: QP created: port=1 dev=1 devName=rocep1s0f1 ndevs=4 nmdevs=6 qp_num=39932 pkey=0 pd=0xe6af28106e80 oooRq=0
gx10-6b41:64:74 [0] NCCL INFO NET/IB: ncclIbReceiverQpsCreateToRts: QP created: port=1 dev=1 devName=rocep1s0f1 ndevs=4 nmdevs=6 qp_num=39933 pkey=0 pd=0xe6af28106e80 oooRq=0
gx10-6b41:64:74 [0] NCCL INFO NET/IB: ncclIbReceiverQpsCreateToRts: Flush QP created: port=1 dev=1 devName=rocep1s0f1 ndevs=4 nmdevs=6 qp_num=39934 pkey=0 pd=0xe6af28106e80
gx10-6b41:64:74 [0] NCCL INFO NET/IB: Subnet-aware routing: overriding dev 4 with dev 0
gx10-6b41:64:74 [0] NCCL INFO NET/IB: Subnet-aware routing: overriding dev 5 with dev 2
gx10-6b41:64:74 [0] NCCL INFO NET/IB: Subnet-aware routing: overriding dev 4 with dev 0
gx10-6b41:64:74 [0] NCCL INFO NET/IB: Subnet-aware routing: overriding dev 5 with dev 2
gx10-6b41:64:74 [0] NCCL INFO NET/IB: ncclIbSenderQpsCreate: QP created: port=1 dev=2 devName=roceP2p1s0f0 ndevs=4 nmdevs=6 qp_num=2058 pkey=0 pd=0xe6af281f0300 oooRq=0
gx10-6b41:64:74 [0] NCCL INFO NET/IB: ncclIbSenderQpsCreate: QP created: port=1 dev=2 devName=roceP2p1s0f0 ndevs=4 nmdevs=6 qp_num=2059 pkey=0 pd=0xe6af281f0300 oooRq=0
gx10-6b41:64:74 [0] NCCL INFO NET/IB: ncclIbConnectImpl: NCCL Dev 2 IbDev 2 Port 1 qp_num 2058 mtu 5 GID 3 (0/26FA8C0FFFF0000) ctsFifoRkey=0x18aeab ctsFifoLkey=0x18aeab
gx10-6b41:64:74 [0] NCCL INFO NET/IB: ncclIbConnectImpl: IbDev 2 Port 1 qp_num 2058 query_ece={supported=1, vendor_id=0x15b3, options=0x30000002, comp_mask=0x0}
gx10-6b41:64:74 [0] NCCL INFO NET/IB: ncclIbConnectImpl: NCCL Dev 2 IbDev 2 Port 1 qp_num 2059 mtu 5 GID 3 (0/26FA8C0FFFF0000) ctsFifoRkey=0x18aeab ctsFifoLkey=0x18aeab
gx10-6b41:64:74 [0] NCCL INFO NET/IB: ncclIbConnectImpl: IbDev 2 Port 1 qp_num 2059 query_ece={supported=1, vendor_id=0x15b3, options=0x30000002, comp_mask=0x0}
gx10-6b41:64:74 [0] NCCL INFO NET/IB: Subnet-aware routing: overriding dev 5 with dev 3
gx10-6b41:64:74 [0] NCCL INFO NET/IB: ncclIbReceiverQpsCreateToRts: QP created: port=1 dev=3 devName=roceP2p1s0f1 ndevs=4 nmdevs=6 qp_num=2533 pkey=0 pd=0xe6af2830b4c0 oooRq=0
gx10-6b41:64:74 [0] NCCL INFO NET/IB: ncclIbReceiverQpsCreateToRts: QP created: port=1 dev=3 devName=roceP2p1s0f1 ndevs=4 nmdevs=6 qp_num=2534 pkey=0 pd=0xe6af2830b4c0 oooRq=0
gx10-6b41:64:74 [0] NCCL INFO NET/IB: ncclIbReceiverQpsCreateToRts: Flush QP created: port=1 dev=3 devName=roceP2p1s0f1 ndevs=4 nmdevs=6 qp_num=2535 pkey=0 pd=0xe6af2830b4c0
gx10-6b41:64:74 [0] NCCL INFO NET/IB: Subnet-aware routing: overriding dev 4 with dev 0
gx10-6b41:64:74 [0] NCCL INFO NET/IB: ncclIbSenderQpsToRts: Set ECE: IbDev 0 Port 1 qp_num 40820 set_ece={supported=1, vendor_id=0x15b3, options=0x30000002, comp_mask=0x0}
gx10-6b41:64:74 [0] NCCL INFO NET/IB: ncclIbSenderQpsToRts: Set ECE: IbDev 0 Port 1 qp_num 40821 set_ece={supported=1, vendor_id=0x15b3, options=0x30000002, comp_mask=0x0}
gx10-6b41:64:74 [0] NCCL INFO NET/IB: Subnet-aware routing: overriding dev 5 with dev 2
gx10-6b41:64:74 [0] NCCL INFO NET/IB: ncclIbSenderQpsToRts: Set ECE: IbDev 2 Port 1 qp_num 2058 set_ece={supported=1, vendor_id=0x15b3, options=0x30000002, comp_mask=0x0}
gx10-6b41:64:74 [0] NCCL INFO NET/IB: ncclIbSenderQpsToRts: Set ECE: IbDev 2 Port 1 qp_num 2059 set_ece={supported=1, vendor_id=0x15b3, options=0x30000002, comp_mask=0x0}
gx10-6b41:64:74 [0] NCCL INFO NET/IB: Subnet-aware routing: overriding dev 4 with dev 1
gx10-6b41:64:74 [0] NCCL INFO NET/IB: ncclIbReceiverQpsCreateToRts: QP created: port=1 dev=1 devName=rocep1s0f1 ndevs=4 nmdevs=6 qp_num=39935 pkey=0 pd=0xe6af28106e80 oooRq=0
gx10-6b41:64:74 [0] NCCL INFO NET/IB: ncclIbReceiverQpsCreateToRts: QP created: port=1 dev=1 devName=rocep1s0f1 ndevs=4 nmdevs=6 qp_num=39936 pkey=0 pd=0xe6af28106e80 oooRq=0
gx10-6b41:64:74 [0] NCCL INFO NET/IB: ncclIbReceiverQpsCreateToRts: Flush QP created: port=1 dev=1 devName=rocep1s0f1 ndevs=4 nmdevs=6 qp_num=39937 pkey=0 pd=0xe6af28106e80
gx10-6b41:64:74 [0] NCCL INFO NET/IB: Subnet-aware routing: overriding dev 5 with dev 3
gx10-6b41:64:74 [0] NCCL INFO NET/IB: ncclIbReceiverQpsCreateToRts: QP created: port=1 dev=3 devName=roceP2p1s0f1 ndevs=4 nmdevs=6 qp_num=2536 pkey=0 pd=0xe6af2830b4c0 oooRq=0
gx10-6b41:64:74 [0] NCCL INFO NET/IB: ncclIbReceiverQpsCreateToRts: QP created: port=1 dev=3 devName=roceP2p1s0f1 ndevs=4 nmdevs=6 qp_num=2537 pkey=0 pd=0xe6af2830b4c0 oooRq=0
gx10-6b41:64:74 [0] NCCL INFO NET/IB: ncclIbReceiverQpsCreateToRts: Flush QP created: port=1 dev=3 devName=roceP2p1s0f1 ndevs=4 nmdevs=6 qp_num=2538 pkey=0 pd=0xe6af2830b4c0
gx10-6b41:64:64 [0] NCCL INFO Connected all rings, use ring PXN 0 GDR 0
