########## NCCL_DEBUG from sparkmain ##########
spark-5fa1:62:62 [0] NCCL INFO ncclOsDlopen(libnccl-env.so) failed: libnccl-env.so: cannot open shared object file: No such file or directory
spark-5fa1:62:62 [0] NCCL INFO ENV/Plugin: Could not find: libnccl-env.so
spark-5fa1:62:62 [0] NCCL INFO NCCL_SOCKET_IFNAME set by environment to wlP9s9
spark-5fa1:62:62 [0] NCCL INFO NCCL_SOCKET_IFNAME set to wlP9s9
spark-5fa1:62:66 [0] NCCL INFO Socket handshake magic 0x564ab9f2fc4b9d6c (built-in default)
spark-5fa1:62:62 [0] NCCL INFO cudaDriverVersion 13000
spark-5fa1:62:62 [0] NCCL INFO NCCL version 2.30.7+cuda13.3
spark-5fa1:62:62 [0] NCCL INFO NCCL git version HEAD a5187fa2e
spark-5fa1:62:62 [0] NCCL INFO Comm config nvlinkCentricSched set to 1
spark-5fa1:62:62 [0] NCCL INFO NCCL_NET_PLUGIN set by environment to none
spark-5fa1:62:62 [0] NCCL INFO NCCL_IB_DISABLE set by environment to 0.
spark-5fa1:62:62 [0] NCCL INFO dlvsym failed on mlx5dv_get_data_direct_sysfs_path - /lib/aarch64-linux-gnu/libmlx5.so: undefined symbol: mlx5dv_get_data_direct_sysfs_path, version MLX5_1.25 version MLX5_1.25
spark-5fa1:62:62 [0] NCCL INFO dlvsym failed on mlx5dv_reg_dmabuf_mr - /lib/aarch64-linux-gnu/libmlx5.so: undefined symbol: mlx5dv_reg_dmabuf_mr, version MLX5_1.25 version MLX5_1.25
spark-5fa1:62:62 [0] NCCL INFO NCCL_SOCKET_IFNAME set by environment to wlP9s9
spark-5fa1:62:62 [0] NCCL INFO NCCL_IB_HCA set to =rocep1s0f0,roceP2p1s0f0,rocep1s0f1,roceP2p1s0f1
spark-5fa1:62:62 [0] NCCL INFO NET/IB: [0] rocep1s0f0:uverbs0:1/RoCE provider=Mlx5 speed=200000 context=0xb2a46482b9d0 pciPath=/sys/devices/pci0000:00/0000:00:00.0/0000:01:00.0 ar=0 oooRqSize=0
spark-5fa1:62:62 [0] NCCL INFO NET/IB: [1] rocep1s0f1:uverbs1:1/RoCE provider=Mlx5 speed=200000 context=0xb2a46486d2f0 pciPath=/sys/devices/pci0000:00/0000:00:00.0/0000:01:00.0 ar=0 oooRqSize=0
spark-5fa1:62:62 [0] NCCL INFO NET/IB: [2] roceP2p1s0f0:uverbs2:1/RoCE provider=Mlx5 speed=200000 context=0xb2a4648aeea0 pciPath=/sys/devices/pci0002:00/0002:00:00.0/0002:01:00.0 ar=0 oooRqSize=0
spark-5fa1:62:62 [0] NCCL INFO NET/IB: [3] roceP2p1s0f1:uverbs3:1/RoCE provider=Mlx5 speed=200000 context=0xb2a4648f0a50 pciPath=/sys/devices/pci0002:00/0002:00:00.0/0002:01:00.0 ar=0 oooRqSize=0
spark-5fa1:62:62 [0] NCCL INFO NET/IB : Made virtual device [0] name=rocep1s0f0 speed=200000 ndevs=1 rail=-1 plane=-1
spark-5fa1:62:62 [0] NCCL INFO NET/IB : Made virtual device [1] name=rocep1s0f1 speed=200000 ndevs=1 rail=-1 plane=-1
spark-5fa1:62:62 [0] NCCL INFO NET/IB : Made virtual device [2] name=roceP2p1s0f0 speed=200000 ndevs=1 rail=-1 plane=-1
spark-5fa1:62:62 [0] NCCL INFO NET/IB : Made virtual device [3] name=roceP2p1s0f1 speed=200000 ndevs=1 rail=-1 plane=-1
spark-5fa1:62:62 [0] NCCL INFO NET/IB : Using [0]rocep1s0f0:1/RoCE [1]rocep1s0f1:1/RoCE [2]roceP2p1s0f0:1/RoCE [3]roceP2p1s0f1:1/RoCE [RO]; OOB wlP9s9:192.168.1.223<0>
spark-5fa1:62:62 [0] NCCL INFO Initialized NET plugin IB
spark-5fa1:62:62 [0] NCCL INFO Assigned NET plugin IB to comm
spark-5fa1:62:62 [0] NCCL INFO ncclOsDlopen(libnccl-rma.so) failed: libnccl-rma.so: cannot open shared object file: No such file or directory
spark-5fa1:62:62 [0] NCCL INFO RMA/Plugin: Could not find: libnccl-rma.so
spark-5fa1:62:62 [0] NCCL INFO RMA/Plugin: Failed to load external plugin libnccl-rma.so, dlHandle: (nil), ncclRma: (nil)
spark-5fa1:62:62 [0] NCCL INFO RMA/Plugin: Assigned plugin RMA_IB_PROXY to comm
spark-5fa1:62:62 [0] NCCL INFO ncclOsDlopen(libnccl-gin.so) failed: libnccl-gin.so: cannot open shared object file: No such file or directory
spark-5fa1:62:62 [0] NCCL INFO GIN/Plugin: Could not find: libnccl-gin.so
spark-5fa1:62:62 [0] NCCL INFO GIN/Plugin: Failed to load external plugin libnccl-gin.so, dlHandle: (nil), ncclGin: (nil)
spark-5fa1:62:62 [0] NCCL INFO GIN/Plugin: Assigned plugin GIN_IB_GDAKI type 3 to comm
spark-5fa1:62:62 [0] NCCL INFO Using network IB
spark-5fa1:62:62 [0] NCCL INFO Loaded NVML from libnvidia-ml.so.1
spark-5fa1:62:62 [0] NCCL INFO [Rank 0] ncclCommInitRankConfig comm 0xb2a461d78c10 rank 0 nranks 2 cudaDev 0 nvmlDev 0 busId f01000 commId 0x1cd0741019ab3d5b - Init START
spark-5fa1:62:62 [0] NCCL INFO RAS client listening socket at 127.0.0.1<28028>
spark-5fa1:62:62 [0] NCCL INFO Topology detection: could not read /sys/devices/system/node/node4294967295/cpumap, using empty affinity
spark-5fa1:62:62 [0] NCCL INFO TOPO/NET : Importing network plugins to topology
spark-5fa1:62:62 [0] NCCL INFO NET/GIN_IB_GDAKI : GPU Direct RDMA Disabled for HCA 0 'rocep1s0f0'
spark-5fa1:62:62 [0] NCCL INFO ncclTopoPopulateNics : Filled rocep1s0f0 in topo with pciPath=/sys/devices/pci0000:00/0000:00:00.0/0000:01:00.0 net=0 gin=1 rma=(null) keep=1 coll=(null) rail=-1 plane=-1
spark-5fa1:62:62 [0] NCCL INFO NET/GIN_IB_GDAKI : GPU Direct RDMA Disabled for HCA 1 'rocep1s0f1'
spark-5fa1:62:62 [0] NCCL INFO ncclTopoPopulateNics : Filled rocep1s0f1 in topo with pciPath=/sys/devices/pci0000:00/0000:00:00.0/0000:01:00.0 net=0 gin=1 rma=(null) keep=1 coll=(null) rail=-1 plane=-1
spark-5fa1:62:62 [0] NCCL INFO NET/GIN_IB_GDAKI : GPU Direct RDMA Disabled for HCA 2 'roceP2p1s0f0'
spark-5fa1:62:62 [0] NCCL INFO ncclTopoPopulateNics : Filled roceP2p1s0f0 in topo with pciPath=/sys/devices/pci0002:00/0002:00:00.0/0002:01:00.0 net=0 gin=1 rma=(null) keep=1 coll=(null) rail=-1 plane=-1
spark-5fa1:62:62 [0] NCCL INFO NET/GIN_IB_GDAKI : GPU Direct RDMA Disabled for HCA 3 'roceP2p1s0f1'
spark-5fa1:62:62 [0] NCCL INFO ncclTopoPopulateNics : Filled roceP2p1s0f1 in topo with pciPath=/sys/devices/pci0002:00/0002:00:00.0/0002:01:00.0 net=0 gin=1 rma=(null) keep=1 coll=(null) rail=-1 plane=-1
spark-5fa1:62:62 [0] NCCL INFO NET/RMA_IB_PROXY : GPU Direct RDMA Disabled for HCA 0 'rocep1s0f0'
spark-5fa1:62:62 [0] NCCL INFO ncclTopoPopulateNics : Filled rocep1s0f0 in topo with pciPath=/sys/devices/pci0000:00/0000:00:00.0/0000:01:00.0 net=0 gin=1 rma=1 keep=1 coll=(null) rail=-1 plane=-1
spark-5fa1:62:62 [0] NCCL INFO NET/RMA_IB_PROXY : GPU Direct RDMA Disabled for HCA 1 'rocep1s0f1'
spark-5fa1:62:62 [0] NCCL INFO ncclTopoPopulateNics : Filled rocep1s0f1 in topo with pciPath=/sys/devices/pci0000:00/0000:00:00.0/0000:01:00.0 net=0 gin=1 rma=1 keep=1 coll=(null) rail=-1 plane=-1
spark-5fa1:62:62 [0] NCCL INFO NET/RMA_IB_PROXY : GPU Direct RDMA Disabled for HCA 2 'roceP2p1s0f0'
spark-5fa1:62:62 [0] NCCL INFO ncclTopoPopulateNics : Filled roceP2p1s0f0 in topo with pciPath=/sys/devices/pci0002:00/0002:00:00.0/0002:01:00.0 net=0 gin=1 rma=1 keep=1 coll=(null) rail=-1 plane=-1
spark-5fa1:62:62 [0] NCCL INFO NET/RMA_IB_PROXY : GPU Direct RDMA Disabled for HCA 3 'roceP2p1s0f1'
spark-5fa1:62:62 [0] NCCL INFO ncclTopoPopulateNics : Filled roceP2p1s0f1 in topo with pciPath=/sys/devices/pci0002:00/0002:00:00.0/0002:01:00.0 net=0 gin=1 rma=1 keep=1 coll=(null) rail=-1 plane=-1
spark-5fa1:62:62 [0] NCCL INFO NET/IB : GPU Direct RDMA Disabled for HCA 0 'rocep1s0f0'
spark-5fa1:62:62 [0] NCCL INFO ncclTopoPopulateNics : Filled rocep1s0f0 in topo with pciPath=/sys/devices/pci0000:00/0000:00:00.0/0000:01:00.0 net=1 gin=1 rma=1 keep=1 coll=(null) rail=-1 plane=-1
spark-5fa1:62:62 [0] NCCL INFO NET/IB : GPU Direct RDMA Disabled for HCA 1 'rocep1s0f1'
spark-5fa1:62:62 [0] NCCL INFO ncclTopoPopulateNics : Filled rocep1s0f1 in topo with pciPath=/sys/devices/pci0000:00/0000:00:00.0/0000:01:00.0 net=1 gin=1 rma=1 keep=1 coll=(null) rail=-1 plane=-1
spark-5fa1:62:62 [0] NCCL INFO NET/IB : GPU Direct RDMA Disabled for HCA 2 'roceP2p1s0f0'
spark-5fa1:62:62 [0] NCCL INFO ncclTopoPopulateNics : Filled roceP2p1s0f0 in topo with pciPath=/sys/devices/pci0002:00/0002:00:00.0/0002:01:00.0 net=1 gin=1 rma=1 keep=1 coll=(null) rail=-1 plane=-1
spark-5fa1:62:62 [0] NCCL INFO NET/IB : GPU Direct RDMA Disabled for HCA 3 'roceP2p1s0f1'
spark-5fa1:62:62 [0] NCCL INFO ncclTopoPopulateNics : Filled roceP2p1s0f1 in topo with pciPath=/sys/devices/pci0002:00/0002:00:00.0/0002:01:00.0 net=1 gin=1 rma=1 keep=1 coll=(null) rail=-1 plane=-1
spark-5fa1:62:62 [0] NCCL INFO NET/IB : Made virtual device [4] name=rocep1s0f0+rocep1s0f1 speed=400000 ndevs=2 rail=-1 plane=16385
spark-5fa1:62:62 [0] NCCL INFO TOPO/NET : Made vNic 4
spark-5fa1:62:62 [0] NCCL INFO NET/IB : Made virtual device [5] name=roceP2p1s0f0+roceP2p1s0f1 speed=400000 ndevs=2 rail=-1 plane=16385
spark-5fa1:62:62 [0] NCCL INFO TOPO/NET : Made vNic 5
spark-5fa1:62:62 [0] NCCL INFO NET/IB : GPU Direct RDMA Disabled for HCA 4 'rocep1s0f0+rocep1s0f1'
spark-5fa1:62:62 [0] NCCL INFO ncclTopoPopulateNics : Filled rocep1s0f0+rocep1s0f1 in topo with pciPath=/sys/devices/pci0000:00/0000:00:00.0/0000:01:00.0 net=1 gin=(null) rma=(null) keep=1 coll=(null) rail=-1 plane=16385
spark-5fa1:62:62 [0] NCCL INFO NET/IB : GPU Direct RDMA Disabled for HCA 5 'roceP2p1s0f0+roceP2p1s0f1'
spark-5fa1:62:62 [0] NCCL INFO ncclTopoPopulateNics : Filled roceP2p1s0f0+roceP2p1s0f1 in topo with pciPath=/sys/devices/pci0002:00/0002:00:00.0/0002:01:00.0 net=1 gin=(null) rma=(null) keep=1 coll=(null) rail=-1 plane=16385
spark-5fa1:62:62 [0] NCCL INFO === System : maxBw 12.0 totalBw 0.2 ===
spark-5fa1:62:62 [0] NCCL INFO CPU/0-ffffffffffffff (3/-1/-1)
spark-5fa1:62:62 [0] NCCL INFO + C2C[345.0] - DEV/0-f01000
spark-5fa1:62:62 [0] NCCL INFO + PCI[12.0] - NIC/0-1000
spark-5fa1:62:62 [0] NCCL INFO               + NET[50.0] - NET/0-4 (0/a25f2e000347bb4c/1/50.000000)
spark-5fa1:62:62 [0] NCCL INFO               + NET[25.0] - GIN/0-0
spark-5fa1:62:62 [0] NCCL INFO               + NET[25.0] - RMA/0-0
spark-5fa1:62:62 [0] NCCL INFO               + NET[25.0] - GIN/0-1
spark-5fa1:62:62 [0] NCCL INFO               + NET[25.0] - RMA/0-1
spark-5fa1:62:62 [0] NCCL INFO + PCI[12.0] - NIC/0-201000
spark-5fa1:62:62 [0] NCCL INFO               + NET[50.0] - NET/0-5 (0/a25f2e000347bb4c/1/50.000000)
spark-5fa1:62:62 [0] NCCL INFO               + NET[25.0] - GIN/0-2
spark-5fa1:62:62 [0] NCCL INFO               + NET[25.0] - RMA/0-2
spark-5fa1:62:62 [0] NCCL INFO               + NET[25.0] - GIN/0-3
spark-5fa1:62:62 [0] NCCL INFO               + NET[25.0] - RMA/0-3
spark-5fa1:62:62 [0] NCCL INFO + PCI[0.2] - DEV/0-f01000 (10de2e1210de0000)
spark-5fa1:62:62 [0] NCCL INFO              + LOC[5000.0] - GPU/0-f01000
spark-5fa1:62:62 [0] NCCL INFO              + C2C[345.0] - CPU/0-ffffffffffffff
spark-5fa1:62:62 [0] NCCL INFO ==========================================
spark-5fa1:62:62 [0] NCCL INFO GPU/0-f01000 :GPU/0-f01000 (0/5000.0/LOC) CPU/0-ffffffffffffff (2/345.0/C2C) NET/0-4 (4/12.0/P2C) NET/0-5 (4/12.0/P2C) GIN/0-0 (4/12.0/PHB) GIN/0-1 (4/12.0/PHB) GIN/0-2 (4/12.0/PHB) GIN/0-3 (4/12.0/PHB) RMA/0-0 (4/12.0/PHB) RMA/0-1 (4/12.0/PHB) RMA/0-2 (4/12.0/PHB) RMA/0-3 (4/12.0/PHB) DEV/0-f01000 (1/5000.0/LOC) 
spark-5fa1:62:62 [0] NCCL INFO NET/0-4 :GPU/0-f01000 (4/12.0/P2C) CPU/0-ffffffffffffff (2/12.0/PHB) NET/0-4 (0/5000.0/LOC) NET/0-5 (4/12.0/PHB) GIN/0-0 (2/25.0/LOC) GIN/0-1 (2/25.0/LOC) GIN/0-2 (4/12.0/PHB) GIN/0-3 (4/12.0/PHB) RMA/0-0 (2/25.0/LOC) RMA/0-1 (2/25.0/LOC) RMA/0-2 (4/12.0/PHB) RMA/0-3 (4/12.0/PHB) DEV/0-f01000 (3/12.0/PHB) 
spark-5fa1:62:62 [0] NCCL INFO NET/0-5 :GPU/0-f01000 (4/12.0/P2C) CPU/0-ffffffffffffff (2/12.0/PHB) NET/0-4 (4/12.0/PHB) NET/0-5 (0/5000.0/LOC) GIN/0-0 (4/12.0/PHB) GIN/0-1 (4/12.0/PHB) GIN/0-2 (2/25.0/LOC) GIN/0-3 (2/25.0/LOC) RMA/0-0 (4/12.0/PHB) RMA/0-1 (4/12.0/PHB) RMA/0-2 (2/25.0/LOC) RMA/0-3 (2/25.0/LOC) DEV/0-f01000 (3/12.0/PHB) 
spark-5fa1:62:62 [0] NCCL INFO GIN/0-0 :GPU/0-f01000 (4/12.0/PHB) CPU/0-ffffffffffffff (2/12.0/PHB) NET/0-4 (2/25.0/LOC) NET/0-5 (4/12.0/PHB) GIN/0-0 (0/5000.0/LOC) GIN/0-1 (2/25.0/LOC) GIN/0-2 (4/12.0/PHB) GIN/0-3 (4/12.0/PHB) RMA/0-0 (2/25.0/LOC) RMA/0-1 (2/25.0/LOC) RMA/0-2 (4/12.0/PHB) RMA/0-3 (4/12.0/PHB) DEV/0-f01000 (3/12.0/PHB) 
spark-5fa1:62:62 [0] NCCL INFO GIN/0-1 :GPU/0-f01000 (4/12.0/PHB) CPU/0-ffffffffffffff (2/12.0/PHB) NET/0-4 (2/25.0/LOC) NET/0-5 (4/12.0/PHB) GIN/0-0 (2/25.0/LOC) GIN/0-1 (0/5000.0/LOC) GIN/0-2 (4/12.0/PHB) GIN/0-3 (4/12.0/PHB) RMA/0-0 (2/25.0/LOC) RMA/0-1 (2/25.0/LOC) RMA/0-2 (4/12.0/PHB) RMA/0-3 (4/12.0/PHB) DEV/0-f01000 (3/12.0/PHB) 
spark-5fa1:62:62 [0] NCCL INFO GIN/0-2 :GPU/0-f01000 (4/12.0/PHB) CPU/0-ffffffffffffff (2/12.0/PHB) NET/0-4 (4/12.0/PHB) NET/0-5 (2/25.0/LOC) GIN/0-0 (4/12.0/PHB) GIN/0-1 (4/12.0/PHB) GIN/0-2 (0/5000.0/LOC) GIN/0-3 (2/25.0/LOC) RMA/0-0 (4/12.0/PHB) RMA/0-1 (4/12.0/PHB) RMA/0-2 (2/25.0/LOC) RMA/0-3 (2/25.0/LOC) DEV/0-f01000 (3/12.0/PHB) 
spark-5fa1:62:62 [0] NCCL INFO GIN/0-3 :GPU/0-f01000 (4/12.0/PHB) CPU/0-ffffffffffffff (2/12.0/PHB) NET/0-4 (4/12.0/PHB) NET/0-5 (2/25.0/LOC) GIN/0-0 (4/12.0/PHB) GIN/0-1 (4/12.0/PHB) GIN/0-2 (2/25.0/LOC) GIN/0-3 (0/5000.0/LOC) RMA/0-0 (4/12.0/PHB) RMA/0-1 (4/12.0/PHB) RMA/0-2 (2/25.0/LOC) RMA/0-3 (2/25.0/LOC) DEV/0-f01000 (3/12.0/PHB) 
spark-5fa1:62:62 [0] NCCL INFO RMA/0-0 :GPU/0-f01000 (4/12.0/PHB) CPU/0-ffffffffffffff (2/12.0/PHB) NET/0-4 (2/25.0/LOC) NET/0-5 (4/12.0/PHB) GIN/0-0 (2/25.0/LOC) GIN/0-1 (2/25.0/LOC) GIN/0-2 (4/12.0/PHB) GIN/0-3 (4/12.0/PHB) RMA/0-0 (0/5000.0/LOC) RMA/0-1 (2/25.0/LOC) RMA/0-2 (4/12.0/PHB) RMA/0-3 (4/12.0/PHB) DEV/0-f01000 (3/12.0/PHB) 
spark-5fa1:62:62 [0] NCCL INFO RMA/0-1 :GPU/0-f01000 (4/12.0/PHB) CPU/0-ffffffffffffff (2/12.0/PHB) NET/0-4 (2/25.0/LOC) NET/0-5 (4/12.0/PHB) GIN/0-0 (2/25.0/LOC) GIN/0-1 (2/25.0/LOC) GIN/0-2 (4/12.0/PHB) GIN/0-3 (4/12.0/PHB) RMA/0-0 (2/25.0/LOC) RMA/0-1 (0/5000.0/LOC) RMA/0-2 (4/12.0/PHB) RMA/0-3 (4/12.0/PHB) DEV/0-f01000 (3/12.0/PHB) 
spark-5fa1:62:62 [0] NCCL INFO RMA/0-2 :GPU/0-f01000 (4/12.0/PHB) CPU/0-ffffffffffffff (2/12.0/PHB) NET/0-4 (4/12.0/PHB) NET/0-5 (2/25.0/LOC) GIN/0-0 (4/12.0/PHB) GIN/0-1 (4/12.0/PHB) GIN/0-2 (2/25.0/LOC) GIN/0-3 (2/25.0/LOC) RMA/0-0 (4/12.0/PHB) RMA/0-1 (4/12.0/PHB) RMA/0-2 (0/5000.0/LOC) RMA/0-3 (2/25.0/LOC) DEV/0-f01000 (3/12.0/PHB) 
spark-5fa1:62:62 [0] NCCL INFO RMA/0-3 :GPU/0-f01000 (4/12.0/PHB) CPU/0-ffffffffffffff (2/12.0/PHB) NET/0-4 (4/12.0/PHB) NET/0-5 (2/25.0/LOC) GIN/0-0 (4/12.0/PHB) GIN/0-1 (4/12.0/PHB) GIN/0-2 (2/25.0/LOC) GIN/0-3 (2/25.0/LOC) RMA/0-0 (4/12.0/PHB) RMA/0-1 (4/12.0/PHB) RMA/0-2 (2/25.0/LOC) RMA/0-3 (0/5000.0/LOC) DEV/0-f01000 (3/12.0/PHB) 
spark-5fa1:62:62 [0] NCCL INFO ncclTopoGetCpuAffinity: Affinity for GPU 0 is empty, ignoring. (GPU affinity =  ; CPU affinity = 0-19).
spark-5fa1:62:62 [0] NCCL INFO Pattern 4, crossNic 0, nChannels 32, bw 0.240000/0.240000, type LOC/P2C, sameChannels 1
spark-5fa1:62:62 [0] NCCL INFO  0 : NET/0-4 GPU/0-f01000 NET/0-4
spark-5fa1:62:62 [0] NCCL INFO  1 : NET/0-5 GPU/0-f01000 NET/0-4
spark-5fa1:62:62 [0] NCCL INFO  2 : NET/0-4 GPU/0-f01000 NET/0-4
spark-5fa1:62:62 [0] NCCL INFO  3 : NET/0-5 GPU/0-f01000 NET/0-4
spark-5fa1:62:62 [0] NCCL INFO  4 : NET/0-4 GPU/0-f01000 NET/0-4
spark-5fa1:62:62 [0] NCCL INFO  5 : NET/0-5 GPU/0-f01000 NET/0-4
spark-5fa1:62:62 [0] NCCL INFO  6 : NET/0-4 GPU/0-f01000 NET/0-4
spark-5fa1:62:62 [0] NCCL INFO  7 : NET/0-5 GPU/0-f01000 NET/0-4
spark-5fa1:62:62 [0] NCCL INFO  8 : NET/0-4 GPU/0-f01000 NET/0-4
spark-5fa1:62:62 [0] NCCL INFO  9 : NET/0-5 GPU/0-f01000 NET/0-4
spark-5fa1:62:62 [0] NCCL INFO 10 : NET/0-4 GPU/0-f01000 NET/0-4
spark-5fa1:62:62 [0] NCCL INFO 11 : NET/0-5 GPU/0-f01000 NET/0-4
spark-5fa1:62:62 [0] NCCL INFO 12 : NET/0-4 GPU/0-f01000 NET/0-4
spark-5fa1:62:62 [0] NCCL INFO 13 : NET/0-5 GPU/0-f01000 NET/0-4
spark-5fa1:62:62 [0] NCCL INFO 14 : NET/0-4 GPU/0-f01000 NET/0-4
spark-5fa1:62:62 [0] NCCL INFO 15 : NET/0-5 GPU/0-f01000 NET/0-4
spark-5fa1:62:62 [0] NCCL INFO 16 : NET/0-4 GPU/0-f01000 NET/0-4
spark-5fa1:62:62 [0] NCCL INFO 17 : NET/0-5 GPU/0-f01000 NET/0-4
spark-5fa1:62:62 [0] NCCL INFO 18 : NET/0-4 GPU/0-f01000 NET/0-4
spark-5fa1:62:62 [0] NCCL INFO 19 : NET/0-5 GPU/0-f01000 NET/0-4
spark-5fa1:62:62 [0] NCCL INFO 20 : NET/0-4 GPU/0-f01000 NET/0-4
spark-5fa1:62:62 [0] NCCL INFO 21 : NET/0-5 GPU/0-f01000 NET/0-4
spark-5fa1:62:62 [0] NCCL INFO 22 : NET/0-4 GPU/0-f01000 NET/0-4
spark-5fa1:62:62 [0] NCCL INFO 23 : NET/0-5 GPU/0-f01000 NET/0-4
spark-5fa1:62:62 [0] NCCL INFO 24 : NET/0-4 GPU/0-f01000 NET/0-4
spark-5fa1:62:62 [0] NCCL INFO 25 : NET/0-5 GPU/0-f01000 NET/0-4
spark-5fa1:62:62 [0] NCCL INFO 26 : NET/0-4 GPU/0-f01000 NET/0-4
spark-5fa1:62:62 [0] NCCL INFO 27 : NET/0-5 GPU/0-f01000 NET/0-4
spark-5fa1:62:62 [0] NCCL INFO 28 : NET/0-4 GPU/0-f01000 NET/0-4
spark-5fa1:62:62 [0] NCCL INFO 29 : NET/0-5 GPU/0-f01000 NET/0-4
spark-5fa1:62:62 [0] NCCL INFO 30 : NET/0-4 GPU/0-f01000 NET/0-4
spark-5fa1:62:62 [0] NCCL INFO 31 : NET/0-5 GPU/0-f01000 NET/0-4
spark-5fa1:62:62 [0] NCCL INFO Pattern 3, crossNic 0, nChannels 32, bw 0.240000/0.120000, type LOC/P2C, sameChannels 1
spark-5fa1:62:62 [0] NCCL INFO  0 : NET/0-4 GPU/0-f01000 NET/0-4
spark-5fa1:62:62 [0] NCCL INFO  1 : NET/0-5 GPU/0-f01000 NET/0-5
spark-5fa1:62:62 [0] NCCL INFO  2 : NET/0-4 GPU/0-f01000 NET/0-4
spark-5fa1:62:62 [0] NCCL INFO  3 : NET/0-5 GPU/0-f01000 NET/0-5
spark-5fa1:62:62 [0] NCCL INFO  4 : NET/0-4 GPU/0-f01000 NET/0-4
spark-5fa1:62:62 [0] NCCL INFO  5 : NET/0-5 GPU/0-f01000 NET/0-5
spark-5fa1:62:62 [0] NCCL INFO  6 : NET/0-4 GPU/0-f01000 NET/0-4
spark-5fa1:62:62 [0] NCCL INFO  7 : NET/0-5 GPU/0-f01000 NET/0-5
spark-5fa1:62:62 [0] NCCL INFO  8 : NET/0-4 GPU/0-f01000 NET/0-4
spark-5fa1:62:62 [0] NCCL INFO  9 : NET/0-5 GPU/0-f01000 NET/0-5
spark-5fa1:62:62 [0] NCCL INFO 10 : NET/0-4 GPU/0-f01000 NET/0-4
spark-5fa1:62:62 [0] NCCL INFO 11 : NET/0-5 GPU/0-f01000 NET/0-5
spark-5fa1:62:62 [0] NCCL INFO 12 : NET/0-4 GPU/0-f01000 NET/0-4
spark-5fa1:62:62 [0] NCCL INFO 13 : NET/0-5 GPU/0-f01000 NET/0-5
spark-5fa1:62:62 [0] NCCL INFO 14 : NET/0-4 GPU/0-f01000 NET/0-4
spark-5fa1:62:62 [0] NCCL INFO 15 : NET/0-5 GPU/0-f01000 NET/0-5
spark-5fa1:62:62 [0] NCCL INFO 16 : NET/0-4 GPU/0-f01000 NET/0-4
spark-5fa1:62:62 [0] NCCL INFO 17 : NET/0-5 GPU/0-f01000 NET/0-5
spark-5fa1:62:62 [0] NCCL INFO 18 : NET/0-4 GPU/0-f01000 NET/0-4
spark-5fa1:62:62 [0] NCCL INFO 19 : NET/0-5 GPU/0-f01000 NET/0-5
spark-5fa1:62:62 [0] NCCL INFO 20 : NET/0-4 GPU/0-f01000 NET/0-4
spark-5fa1:62:62 [0] NCCL INFO 21 : NET/0-5 GPU/0-f01000 NET/0-5
spark-5fa1:62:62 [0] NCCL INFO 22 : NET/0-4 GPU/0-f01000 NET/0-4
spark-5fa1:62:62 [0] NCCL INFO 23 : NET/0-5 GPU/0-f01000 NET/0-5
spark-5fa1:62:62 [0] NCCL INFO 24 : NET/0-4 GPU/0-f01000 NET/0-4
spark-5fa1:62:62 [0] NCCL INFO 25 : NET/0-5 GPU/0-f01000 NET/0-5
spark-5fa1:62:62 [0] NCCL INFO 26 : NET/0-4 GPU/0-f01000 NET/0-4
spark-5fa1:62:62 [0] NCCL INFO 27 : NET/0-5 GPU/0-f01000 NET/0-5
spark-5fa1:62:62 [0] NCCL INFO 28 : NET/0-4 GPU/0-f01000 NET/0-4
spark-5fa1:62:62 [0] NCCL INFO 29 : NET/0-5 GPU/0-f01000 NET/0-5
spark-5fa1:62:62 [0] NCCL INFO 30 : NET/0-4 GPU/0-f01000 NET/0-4
spark-5fa1:62:62 [0] NCCL INFO 31 : NET/0-5 GPU/0-f01000 NET/0-5
spark-5fa1:62:62 [0] NCCL INFO Rank 0: 6 Net devices
spark-5fa1:62:62 [0] NCCL INFO Rank 0: 0 CollNet devices
spark-5fa1:62:62 [0] NCCL INFO Local Net device counts across ranks: min 6 max 6
spark-5fa1:62:62 [0] NCCL INFO Local CollNet device counts across ranks: min 0 max 0
spark-5fa1:62:62 [0] NCCL INFO comm 0xb2a461d78c10 rank 0 nRanks 2 nNodes 2 localRanks 1 localRank 0 MNNVL 0
spark-5fa1:62:62 [0] NCCL INFO Tree 0 : -1 -> 0 -> 1/-1/-1
spark-5fa1:62:62 [0] NCCL INFO Tree 32 : 1 -> 0 -> -1/-1/-1
spark-5fa1:62:62 [0] NCCL INFO Tree 1 : -1 -> 0 -> 1/-1/-1
spark-5fa1:62:62 [0] NCCL INFO Tree 33 : 1 -> 0 -> -1/-1/-1
spark-5fa1:62:62 [0] NCCL INFO Tree 2 : -1 -> 0 -> 1/-1/-1
spark-5fa1:62:62 [0] NCCL INFO Tree 34 : 1 -> 0 -> -1/-1/-1
spark-5fa1:62:62 [0] NCCL INFO Tree 3 : -1 -> 0 -> 1/-1/-1
spark-5fa1:62:62 [0] NCCL INFO Tree 35 : 1 -> 0 -> -1/-1/-1
spark-5fa1:62:62 [0] NCCL INFO Tree 4 : -1 -> 0 -> 1/-1/-1
spark-5fa1:62:62 [0] NCCL INFO Tree 36 : 1 -> 0 -> -1/-1/-1
spark-5fa1:62:62 [0] NCCL INFO Tree 5 : -1 -> 0 -> 1/-1/-1
spark-5fa1:62:62 [0] NCCL INFO Tree 37 : 1 -> 0 -> -1/-1/-1
spark-5fa1:62:62 [0] NCCL INFO Tree 6 : -1 -> 0 -> 1/-1/-1
spark-5fa1:62:62 [0] NCCL INFO Tree 38 : 1 -> 0 -> -1/-1/-1
spark-5fa1:62:62 [0] NCCL INFO Tree 7 : -1 -> 0 -> 1/-1/-1
spark-5fa1:62:62 [0] NCCL INFO Tree 39 : 1 -> 0 -> -1/-1/-1
spark-5fa1:62:62 [0] NCCL INFO Tree 8 : -1 -> 0 -> 1/-1/-1
spark-5fa1:62:62 [0] NCCL INFO Tree 40 : 1 -> 0 -> -1/-1/-1
spark-5fa1:62:62 [0] NCCL INFO Tree 9 : -1 -> 0 -> 1/-1/-1
spark-5fa1:62:62 [0] NCCL INFO Tree 41 : 1 -> 0 -> -1/-1/-1
spark-5fa1:62:62 [0] NCCL INFO Tree 10 : -1 -> 0 -> 1/-1/-1
spark-5fa1:62:62 [0] NCCL INFO Tree 42 : 1 -> 0 -> -1/-1/-1
spark-5fa1:62:62 [0] NCCL INFO Tree 11 : -1 -> 0 -> 1/-1/-1
spark-5fa1:62:62 [0] NCCL INFO Tree 43 : 1 -> 0 -> -1/-1/-1
spark-5fa1:62:62 [0] NCCL INFO Tree 12 : -1 -> 0 -> 1/-1/-1
spark-5fa1:62:62 [0] NCCL INFO Tree 44 : 1 -> 0 -> -1/-1/-1
spark-5fa1:62:62 [0] NCCL INFO Tree 13 : -1 -> 0 -> 1/-1/-1
spark-5fa1:62:62 [0] NCCL INFO Tree 45 : 1 -> 0 -> -1/-1/-1
spark-5fa1:62:62 [0] NCCL INFO Tree 14 : -1 -> 0 -> 1/-1/-1
spark-5fa1:62:62 [0] NCCL INFO Tree 46 : 1 -> 0 -> -1/-1/-1
spark-5fa1:62:62 [0] NCCL INFO Tree 15 : -1 -> 0 -> 1/-1/-1
spark-5fa1:62:62 [0] NCCL INFO Tree 47 : 1 -> 0 -> -1/-1/-1
spark-5fa1:62:62 [0] NCCL INFO Tree 16 : -1 -> 0 -> 1/-1/-1
spark-5fa1:62:62 [0] NCCL INFO Tree 48 : 1 -> 0 -> -1/-1/-1
spark-5fa1:62:62 [0] NCCL INFO Tree 17 : -1 -> 0 -> 1/-1/-1
spark-5fa1:62:62 [0] NCCL INFO Tree 49 : 1 -> 0 -> -1/-1/-1
spark-5fa1:62:62 [0] NCCL INFO Tree 18 : -1 -> 0 -> 1/-1/-1
spark-5fa1:62:62 [0] NCCL INFO Tree 50 : 1 -> 0 -> -1/-1/-1
spark-5fa1:62:62 [0] NCCL INFO Tree 19 : -1 -> 0 -> 1/-1/-1
spark-5fa1:62:62 [0] NCCL INFO Tree 51 : 1 -> 0 -> -1/-1/-1
spark-5fa1:62:62 [0] NCCL INFO Tree 20 : -1 -> 0 -> 1/-1/-1
spark-5fa1:62:62 [0] NCCL INFO Tree 52 : 1 -> 0 -> -1/-1/-1
spark-5fa1:62:62 [0] NCCL INFO Tree 21 : -1 -> 0 -> 1/-1/-1
spark-5fa1:62:62 [0] NCCL INFO Tree 53 : 1 -> 0 -> -1/-1/-1
spark-5fa1:62:62 [0] NCCL INFO Tree 22 : -1 -> 0 -> 1/-1/-1
spark-5fa1:62:62 [0] NCCL INFO Tree 54 : 1 -> 0 -> -1/-1/-1
spark-5fa1:62:62 [0] NCCL INFO Tree 23 : -1 -> 0 -> 1/-1/-1
spark-5fa1:62:62 [0] NCCL INFO Tree 55 : 1 -> 0 -> -1/-1/-1
spark-5fa1:62:62 [0] NCCL INFO Tree 24 : -1 -> 0 -> 1/-1/-1
spark-5fa1:62:62 [0] NCCL INFO Tree 56 : 1 -> 0 -> -1/-1/-1
spark-5fa1:62:62 [0] NCCL INFO Tree 25 : -1 -> 0 -> 1/-1/-1
spark-5fa1:62:62 [0] NCCL INFO Tree 57 : 1 -> 0 -> -1/-1/-1
spark-5fa1:62:62 [0] NCCL INFO Tree 26 : -1 -> 0 -> 1/-1/-1
spark-5fa1:62:62 [0] NCCL INFO Tree 58 : 1 -> 0 -> -1/-1/-1
spark-5fa1:62:62 [0] NCCL INFO Tree 27 : -1 -> 0 -> 1/-1/-1
spark-5fa1:62:62 [0] NCCL INFO Tree 59 : 1 -> 0 -> -1/-1/-1
spark-5fa1:62:62 [0] NCCL INFO Tree 28 : -1 -> 0 -> 1/-1/-1
spark-5fa1:62:62 [0] NCCL INFO Tree 60 : 1 -> 0 -> -1/-1/-1
spark-5fa1:62:62 [0] NCCL INFO Tree 29 : -1 -> 0 -> 1/-1/-1
spark-5fa1:62:62 [0] NCCL INFO Tree 61 : 1 -> 0 -> -1/-1/-1
spark-5fa1:62:62 [0] NCCL INFO Tree 30 : -1 -> 0 -> 1/-1/-1
spark-5fa1:62:62 [0] NCCL INFO Tree 62 : 1 -> 0 -> -1/-1/-1
spark-5fa1:62:62 [0] NCCL INFO Tree 31 : -1 -> 0 -> 1/-1/-1
spark-5fa1:62:62 [0] NCCL INFO Tree 63 : 1 -> 0 -> -1/-1/-1
spark-5fa1:62:62 [0] NCCL INFO Channel 00/64 : 0 1
spark-5fa1:62:62 [0] NCCL INFO Channel 01/64 : 0 1
spark-5fa1:62:62 [0] NCCL INFO Channel 02/64 : 0 1
spark-5fa1:62:62 [0] NCCL INFO Channel 03/64 : 0 1
spark-5fa1:62:62 [0] NCCL INFO Channel 04/64 : 0 1
spark-5fa1:62:62 [0] NCCL INFO Channel 05/64 : 0 1
spark-5fa1:62:62 [0] NCCL INFO Channel 06/64 : 0 1
spark-5fa1:62:62 [0] NCCL INFO Channel 07/64 : 0 1
spark-5fa1:62:62 [0] NCCL INFO Channel 08/64 : 0 1
spark-5fa1:62:62 [0] NCCL INFO Channel 09/64 : 0 1
spark-5fa1:62:62 [0] NCCL INFO Channel 10/64 : 0 1
spark-5fa1:62:62 [0] NCCL INFO Channel 11/64 : 0 1
spark-5fa1:62:62 [0] NCCL INFO Channel 12/64 : 0 1
spark-5fa1:62:62 [0] NCCL INFO Channel 13/64 : 0 1
spark-5fa1:62:62 [0] NCCL INFO Channel 14/64 : 0 1
spark-5fa1:62:62 [0] NCCL INFO Channel 15/64 : 0 1
spark-5fa1:62:62 [0] NCCL INFO Channel 16/64 : 0 1
spark-5fa1:62:62 [0] NCCL INFO Channel 17/64 : 0 1
spark-5fa1:62:62 [0] NCCL INFO Channel 18/64 : 0 1
spark-5fa1:62:62 [0] NCCL INFO Channel 19/64 : 0 1
spark-5fa1:62:62 [0] NCCL INFO Channel 20/64 : 0 1
spark-5fa1:62:62 [0] NCCL INFO Channel 21/64 : 0 1
spark-5fa1:62:62 [0] NCCL INFO Channel 22/64 : 0 1
spark-5fa1:62:62 [0] NCCL INFO Channel 23/64 : 0 1
spark-5fa1:62:62 [0] NCCL INFO Channel 24/64 : 0 1
spark-5fa1:62:62 [0] NCCL INFO Channel 25/64 : 0 1
spark-5fa1:62:62 [0] NCCL INFO Channel 26/64 : 0 1
spark-5fa1:62:62 [0] NCCL INFO Channel 27/64 : 0 1
spark-5fa1:62:62 [0] NCCL INFO Channel 28/64 : 0 1
spark-5fa1:62:62 [0] NCCL INFO Channel 29/64 : 0 1
spark-5fa1:62:62 [0] NCCL INFO Channel 30/64 : 0 1
spark-5fa1:62:62 [0] NCCL INFO Channel 31/64 : 0 1
spark-5fa1:62:62 [0] NCCL INFO Channel 32/64 : 0 1
spark-5fa1:62:62 [0] NCCL INFO Channel 33/64 : 0 1
spark-5fa1:62:62 [0] NCCL INFO Channel 34/64 : 0 1
spark-5fa1:62:62 [0] NCCL INFO Channel 35/64 : 0 1
spark-5fa1:62:62 [0] NCCL INFO Channel 36/64 : 0 1
spark-5fa1:62:62 [0] NCCL INFO Channel 37/64 : 0 1
spark-5fa1:62:62 [0] NCCL INFO Channel 38/64 : 0 1
spark-5fa1:62:62 [0] NCCL INFO Channel 39/64 : 0 1
spark-5fa1:62:62 [0] NCCL INFO Channel 40/64 : 0 1
spark-5fa1:62:62 [0] NCCL INFO Channel 41/64 : 0 1
spark-5fa1:62:62 [0] NCCL INFO Channel 42/64 : 0 1
spark-5fa1:62:62 [0] NCCL INFO Channel 43/64 : 0 1
spark-5fa1:62:62 [0] NCCL INFO Channel 44/64 : 0 1
spark-5fa1:62:62 [0] NCCL INFO Channel 45/64 : 0 1
spark-5fa1:62:62 [0] NCCL INFO Channel 46/64 : 0 1
spark-5fa1:62:62 [0] NCCL INFO Channel 47/64 : 0 1
spark-5fa1:62:62 [0] NCCL INFO Channel 48/64 : 0 1
spark-5fa1:62:62 [0] NCCL INFO Channel 49/64 : 0 1
spark-5fa1:62:62 [0] NCCL INFO Channel 50/64 : 0 1
spark-5fa1:62:62 [0] NCCL INFO Channel 51/64 : 0 1
spark-5fa1:62:62 [0] NCCL INFO Channel 52/64 : 0 1
spark-5fa1:62:62 [0] NCCL INFO Channel 53/64 : 0 1
spark-5fa1:62:62 [0] NCCL INFO Channel 54/64 : 0 1
spark-5fa1:62:62 [0] NCCL INFO Channel 55/64 : 0 1
spark-5fa1:62:62 [0] NCCL INFO Channel 56/64 : 0 1
spark-5fa1:62:62 [0] NCCL INFO Channel 57/64 : 0 1
spark-5fa1:62:62 [0] NCCL INFO Channel 58/64 : 0 1
spark-5fa1:62:62 [0] NCCL INFO Channel 59/64 : 0 1
spark-5fa1:62:62 [0] NCCL INFO Channel 60/64 : 0 1
spark-5fa1:62:62 [0] NCCL INFO Channel 61/64 : 0 1
spark-5fa1:62:62 [0] NCCL INFO Channel 62/64 : 0 1
spark-5fa1:62:62 [0] NCCL INFO Channel 63/64 : 0 1
spark-5fa1:62:62 [0] NCCL INFO Ring 00 : 1 -> 0 -> 1
spark-5fa1:62:62 [0] NCCL INFO Ring 01 : 1 -> 0 -> 1
spark-5fa1:62:62 [0] NCCL INFO Ring 02 : 1 -> 0 -> 1
spark-5fa1:62:62 [0] NCCL INFO Ring 03 : 1 -> 0 -> 1
spark-5fa1:62:62 [0] NCCL INFO Ring 04 : 1 -> 0 -> 1
spark-5fa1:62:62 [0] NCCL INFO Ring 05 : 1 -> 0 -> 1
spark-5fa1:62:62 [0] NCCL INFO Ring 06 : 1 -> 0 -> 1
spark-5fa1:62:62 [0] NCCL INFO Ring 07 : 1 -> 0 -> 1
spark-5fa1:62:62 [0] NCCL INFO Ring 08 : 1 -> 0 -> 1
spark-5fa1:62:62 [0] NCCL INFO Ring 09 : 1 -> 0 -> 1
spark-5fa1:62:62 [0] NCCL INFO Ring 10 : 1 -> 0 -> 1
spark-5fa1:62:62 [0] NCCL INFO Ring 11 : 1 -> 0 -> 1
spark-5fa1:62:62 [0] NCCL INFO Ring 12 : 1 -> 0 -> 1
spark-5fa1:62:62 [0] NCCL INFO Ring 13 : 1 -> 0 -> 1
spark-5fa1:62:62 [0] NCCL INFO Ring 14 : 1 -> 0 -> 1
spark-5fa1:62:62 [0] NCCL INFO Ring 15 : 1 -> 0 -> 1
spark-5fa1:62:62 [0] NCCL INFO Ring 16 : 1 -> 0 -> 1
spark-5fa1:62:62 [0] NCCL INFO Ring 17 : 1 -> 0 -> 1
spark-5fa1:62:62 [0] NCCL INFO Ring 18 : 1 -> 0 -> 1
spark-5fa1:62:62 [0] NCCL INFO Ring 19 : 1 -> 0 -> 1
spark-5fa1:62:62 [0] NCCL INFO Ring 20 : 1 -> 0 -> 1
spark-5fa1:62:62 [0] NCCL INFO Ring 21 : 1 -> 0 -> 1
spark-5fa1:62:62 [0] NCCL INFO Ring 22 : 1 -> 0 -> 1
spark-5fa1:62:62 [0] NCCL INFO Ring 23 : 1 -> 0 -> 1
spark-5fa1:62:62 [0] NCCL INFO Ring 24 : 1 -> 0 -> 1
spark-5fa1:62:62 [0] NCCL INFO Ring 25 : 1 -> 0 -> 1
spark-5fa1:62:62 [0] NCCL INFO Ring 26 : 1 -> 0 -> 1
spark-5fa1:62:62 [0] NCCL INFO Ring 27 : 1 -> 0 -> 1
spark-5fa1:62:62 [0] NCCL INFO Ring 28 : 1 -> 0 -> 1
spark-5fa1:62:62 [0] NCCL INFO Ring 29 : 1 -> 0 -> 1
spark-5fa1:62:62 [0] NCCL INFO Ring 30 : 1 -> 0 -> 1
spark-5fa1:62:62 [0] NCCL INFO Ring 31 : 1 -> 0 -> 1
spark-5fa1:62:62 [0] NCCL INFO Ring 32 : 1 -> 0 -> 1
spark-5fa1:62:62 [0] NCCL INFO Ring 33 : 1 -> 0 -> 1
spark-5fa1:62:62 [0] NCCL INFO Ring 34 : 1 -> 0 -> 1
spark-5fa1:62:62 [0] NCCL INFO Ring 35 : 1 -> 0 -> 1
spark-5fa1:62:62 [0] NCCL INFO Ring 36 : 1 -> 0 -> 1
spark-5fa1:62:62 [0] NCCL INFO Ring 37 : 1 -> 0 -> 1
spark-5fa1:62:62 [0] NCCL INFO Ring 38 : 1 -> 0 -> 1
spark-5fa1:62:62 [0] NCCL INFO Ring 39 : 1 -> 0 -> 1
spark-5fa1:62:62 [0] NCCL INFO Ring 40 : 1 -> 0 -> 1
spark-5fa1:62:62 [0] NCCL INFO Ring 41 : 1 -> 0 -> 1
spark-5fa1:62:62 [0] NCCL INFO Ring 42 : 1 -> 0 -> 1
spark-5fa1:62:62 [0] NCCL INFO Ring 43 : 1 -> 0 -> 1
spark-5fa1:62:62 [0] NCCL INFO Ring 44 : 1 -> 0 -> 1
spark-5fa1:62:62 [0] NCCL INFO Ring 45 : 1 -> 0 -> 1
spark-5fa1:62:62 [0] NCCL INFO Ring 46 : 1 -> 0 -> 1
spark-5fa1:62:62 [0] NCCL INFO Ring 47 : 1 -> 0 -> 1
spark-5fa1:62:62 [0] NCCL INFO Ring 48 : 1 -> 0 -> 1
spark-5fa1:62:62 [0] NCCL INFO Ring 49 : 1 -> 0 -> 1
spark-5fa1:62:62 [0] NCCL INFO Ring 50 : 1 -> 0 -> 1
spark-5fa1:62:62 [0] NCCL INFO Ring 51 : 1 -> 0 -> 1
spark-5fa1:62:62 [0] NCCL INFO Ring 52 : 1 -> 0 -> 1
spark-5fa1:62:62 [0] NCCL INFO Ring 53 : 1 -> 0 -> 1
spark-5fa1:62:62 [0] NCCL INFO Ring 54 : 1 -> 0 -> 1
spark-5fa1:62:62 [0] NCCL INFO Ring 55 : 1 -> 0 -> 1
spark-5fa1:62:62 [0] NCCL INFO Ring 56 : 1 -> 0 -> 1
spark-5fa1:62:62 [0] NCCL INFO Ring 57 : 1 -> 0 -> 1
spark-5fa1:62:62 [0] NCCL INFO Ring 58 : 1 -> 0 -> 1
spark-5fa1:62:62 [0] NCCL INFO Ring 59 : 1 -> 0 -> 1
spark-5fa1:62:62 [0] NCCL INFO Ring 60 : 1 -> 0 -> 1
spark-5fa1:62:62 [0] NCCL INFO Ring 61 : 1 -> 0 -> 1
spark-5fa1:62:62 [0] NCCL INFO Ring 62 : 1 -> 0 -> 1
spark-5fa1:62:62 [0] NCCL INFO Ring 63 : 1 -> 0 -> 1
spark-5fa1:62:62 [0] NCCL INFO Trees [0] 1/-1/-1->0->-1 [1] 1/-1/-1->0->-1 [2] 1/-1/-1->0->-1 [3] 1/-1/-1->0->-1 [4] 1/-1/-1->0->-1 [5] 1/-1/-1->0->-1 [6] 1/-1/-1->0->-1 [7] 1/-1/-1->0->-1 [8] 1/-1/-1->0->-1 [9] 1/-1/-1->0->-1 [10] 1/-1/-1->0->-1 [11] 1/-1/-1->0->-1 [12] 1/-1/-1->0->-1 [13] 1/-1/-1->0->-1 [14] 1/-1/-1->0->-1 [15] 1/-1/-1->0->-1 [16] 1/-1/-1->0->-1 [17] 1/-1/-1->0->-1 [18] 1/-1/-1->0->-1 [19] 1/-1/-1->0->-1 [20] 1/-1/-1->0->-1 [21] 1/-1/-1->0->-1 [22] 1/-1/-1->0->-1 [23] 1/-1/-1->0->-1 [24] 1/-1/-1->0->-1 [25] 1/-1/-1->0->-1 [26] 1/-1/-1->0->-1 [27] 1/-1/-1->0->-1 [28] 1/-1/-1->0->-1 [29] 1/-1/-1->0->-1 [30] 1/-1/-1->0->-1 [31] 1/-1/-1->0->-1 [32] -1/-1/-1->0->1 [33] -1/-1/-1->0->1 [34] -1/-1/-1->0->1 [35] -1/-1/-1->0->1 [36] -1/-1/-1->0->1 [37] -1/-1/-1->0->1 [38] -1/-1/-1->0->1 [39] -1/-1/-1->0->1 [40] -1/-1/-1->0->1 [41] -1/-1/-1->0->1 [42] -1/-1/-1->0->1 [43] -1/-1/-1->0->1 [44] -1/-1/-1->0->1 [45] -1/-1/-1->0->1 [46] -1/-1/-1->0->1 [47] -1/-1/-1->0->1 [48] -1/-1/-1->0->1 [49] -1/-1/-1->0->1 [50] -1/-1/-1->0->1 [51] -1/-1/
spark-5fa1:62:62 [0] NCCL INFO P2P Chunksize set to 262144
spark-5fa1:62:62 [0] NCCL INFO Tuning P2P operations with maxP2pPeers = 2
spark-5fa1:62:62 [0] NCCL INFO ncclOsDlopen(libnccl-profiler.so) failed: libnccl-profiler.so: cannot open shared object file: No such file or directory
spark-5fa1:62:62 [0] NCCL INFO PROFILER/Plugin: Could not find: libnccl-profiler.so
spark-5fa1:62:62 [0] NCCL INFO Check P2P Type isAllDirectP2p 1 directMode 0 isAllCudaP2p 1
spark-5fa1:62:62 [0] NCCL INFO ncclP2pSchedule: group size used is 1
spark-5fa1:62:73 [0] NCCL INFO [Proxy Service] Device 0 CPU core 7
spark-5fa1:62:73 [0] NCCL INFO proxy listening socket at 192.168.1.223<37125>
spark-5fa1:62:74 [0] NCCL INFO [Proxy Service UDS] Device 0 CPU core 19
spark-5fa1:62:62 [0] NCCL INFO ncclOsDlopen(libnccl-tuner.so) failed: libnccl-tuner.so: cannot open shared object file: No such file or directory
spark-5fa1:62:62 [0] NCCL INFO TUNER/Plugin: Could not find: libnccl-tuner.so
spark-5fa1:62:62 [0] NCCL INFO   Algorithm   |                            Tree                  |                            Ring                  |                   CollNetDirect                  |
spark-5fa1:62:62 [0] NCCL INFO   Protocol    |             LL |          LL128 |         Simple |             LL |          LL128 |         Simple |             LL |          LL128 |         Simple |
spark-5fa1:62:62 [0] NCCL INFO  Max NThreads |            512 |            640 |            512 |            512 |            640 |            256 |              0 |              0 |            640 |
spark-5fa1:62:62 [0] NCCL INFO     Broadcast |     0.0/   0.0 |     0.0/   0.0 |     0.0/   0.0 |     9.3/   3.8 |    18.0/   7.1 |    22.4/   7.7 |     0.0/   0.0 |     0.0/   0.0 |     0.0/   0.0 |
spark-5fa1:62:62 [0] NCCL INFO        Reduce |     0.0/   0.0 |     0.0/   0.0 |     0.0/   0.0 |     9.3/   3.8 |    18.0/   7.1 |    22.4/   7.7 |     0.0/   0.0 |     0.0/   0.0 |     0.0/   0.0 |
spark-5fa1:62:62 [0] NCCL INFO     AllGather |     0.0/   0.0 |     0.0/   0.0 |     0.0/   0.0 |    11.6/   7.7 |    22.5/  14.1 |    22.4/  15.4 |     5.0/   0.0 |     8.5/   0.0 |    14.0/   0.0 |
spark-5fa1:62:62 [0] NCCL INFO ReduceScatter |     0.0/   0.0 |     0.0/   0.0 |     0.0/   0.0 |    11.6/   7.7 |    22.5/  14.1 |    22.4/  15.4 |     5.0/   0.0 |     8.5/   0.0 |    14.0/   0.0 |
spark-5fa1:62:62 [0] NCCL INFO     AllReduce |    16.8/   0.8 |    31.0/   2.8 |    36.4/   3.0 |    16.6/   3.8 |    31.0/   7.1 |    36.4/   7.7 |     5.0/   0.0 |     8.5/   0.0 |    14.0/   0.0 |
spark-5fa1:62:62 [0] NCCL INFO   Algorithm   |                    CollNetChain                  |                            NVLS                  |                        NVLSTree                  |
spark-5fa1:62:62 [0] NCCL INFO   Protocol    |             LL |          LL128 |         Simple |             LL |          LL128 |         Simple |             LL |          LL128 |         Simple |
spark-5fa1:62:62 [0] NCCL INFO  Max NThreads |              0 |              0 |            640 |              0 |              0 |            640 |              0 |              0 |            640 |
spark-5fa1:62:62 [0] NCCL INFO     Broadcast |     0.0/   0.0 |     0.0/   0.0 |     0.0/   0.0 |     0.0/   0.0 |     0.0/   0.0 |     0.0/   0.0 |     0.0/   0.0 |     0.0/   0.0 |     0.0/   0.0 |
spark-5fa1:62:62 [0] NCCL INFO        Reduce |     0.0/   0.0 |     0.0/   0.0 |     0.0/   0.0 |     0.0/   0.0 |     0.0/   0.0 |     0.0/   0.0 |     0.0/   0.0 |     0.0/   0.0 |     0.0/   0.0 |
spark-5fa1:62:62 [0] NCCL INFO     AllGather |     0.0/   0.0 |     0.0/   0.0 |     0.0/   0.0 |     0.0/   0.0 |     0.0/   0.0 |     0.0/   0.0 |     0.0/   0.0 |     0.0/   0.0 |     0.0/   0.0 |
spark-5fa1:62:62 [0] NCCL INFO ReduceScatter |     0.0/   0.0 |     0.0/   0.0 |     0.0/   0.0 |     0.0/   0.0 |     0.0/   0.0 |     0.0/   0.0 |     0.0/   0.0 |     0.0/   0.0 |     0.0/   0.0 |
spark-5fa1:62:62 [0] NCCL INFO     AllReduce |     5.0/   0.0 |     8.5/   0.0 |    14.0/   0.0 |     0.0/   0.0 |     0.0/   0.0 |     0.0/   0.0 |     0.0/   0.0 |     0.0/   0.0 |     0.0/   0.0 |
spark-5fa1:62:62 [0] NCCL INFO   Algorithm   |                             PAT                  |
spark-5fa1:62:62 [0] NCCL INFO   Protocol    |             LL |          LL128 |         Simple |             LL |          LL128 |         Simple |             LL |          LL128 |         Simple |
spark-5fa1:62:62 [0] NCCL INFO  Max NThreads |              0 |              0 |              0 |
spark-5fa1:62:62 [0] NCCL INFO     Broadcast |     0.0/   0.0 |     0.0/   0.0 |     0.0/   0.0 |
spark-5fa1:62:62 [0] NCCL INFO        Reduce |     0.0/   0.0 |     0.0/   0.0 |     0.0/   0.0 |
spark-5fa1:62:62 [0] NCCL INFO     AllGather |     0.0/   0.0 |     0.0/   0.0 |    17.6/   5.8 |
spark-5fa1:62:62 [0] NCCL INFO ReduceScatter |     0.0/   0.0 |     0.0/   0.0 |    17.6/   5.8 |
spark-5fa1:62:62 [0] NCCL INFO     AllReduce |     0.0/   0.0 |     0.0/   0.0 |     0.0/   0.0 |
spark-5fa1:62:62 [0] NCCL INFO threadThresholds 8/8/64 | 16/8/64 | 512 | 512
spark-5fa1:62:62 [0] NCCL INFO 64 coll channels, 64 collnet channels, 0 nvls channels, 64 p2p channels, 2 p2p channels per peer
spark-5fa1:62:62 [0] NCCL INFO Symmetric memory is not supported. cuMemEnable 1, globalGinSupport 0, cuMemGdrSupport 0
spark-5fa1:62:62 [0] NCCL INFO CC Off, workFifoBytes 1048576
spark-5fa1:62:62 [0] NCCL INFO ncclCommInitRankConfig comm 0xb2a461d78c10 rank 0 nranks 2 cudaDev 0 nvmlDev 0 busId f01000 commId 0x1cd0741019ab3d5b - Init COMPLETE
spark-5fa1:62:62 [0] NCCL INFO Init timings - ncclCommInitRankConfig: rank 0 nranks 2 total 0.31 (kernels 0.18, alloc 0.06, bootstrap 0.03, allgathers 0.01, topo 0.01, graphs 0.00, connections 0.02, rest 0.00)
spark-5fa1:62:62 [0] NCCL INFO Symmetric VA size=124GB
spark-5fa1:62:73 [0] NCCL INFO NCCL_IB_SUBNET_AWARE_ROUTING set by environment to 1.
spark-5fa1:62:75 [0] NCCL INFO [Proxy Progress] Device 0 CPU core 7
spark-5fa1:62:62 [0] NCCL INFO Channel 00/0 : 1[0] -> 0[0] [receive] via NET/IB/4
spark-5fa1:62:62 [0] NCCL INFO Channel 01/0 : 1[0] -> 0[0] [receive] via NET/IB/5
spark-5fa1:62:62 [0] NCCL INFO Channel 02/0 : 1[0] -> 0[0] [receive] via NET/IB/4
spark-5fa1:62:62 [0] NCCL INFO Channel 03/0 : 1[0] -> 0[0] [receive] via NET/IB/5
spark-5fa1:62:62 [0] NCCL INFO Channel 04/0 : 1[0] -> 0[0] [receive] via NET/IB/4
spark-5fa1:62:62 [0] NCCL INFO Channel 05/0 : 1[0] -> 0[0] [receive] via NET/IB/5
spark-5fa1:62:62 [0] NCCL INFO Channel 06/0 : 1[0] -> 0[0] [receive] via NET/IB/4
spark-5fa1:62:62 [0] NCCL INFO Channel 07/0 : 1[0] -> 0[0] [receive] via NET/IB/5
spark-5fa1:62:62 [0] NCCL INFO Channel 08/0 : 1[0] -> 0[0] [receive] via NET/IB/4
spark-5fa1:62:62 [0] NCCL INFO Channel 09/0 : 1[0] -> 0[0] [receive] via NET/IB/5
spark-5fa1:62:62 [0] NCCL INFO Channel 10/0 : 1[0] -> 0[0] [receive] via NET/IB/4
spark-5fa1:62:62 [0] NCCL INFO Channel 11/0 : 1[0] -> 0[0] [receive] via NET/IB/5
spark-5fa1:62:62 [0] NCCL INFO Channel 12/0 : 1[0] -> 0[0] [receive] via NET/IB/4
spark-5fa1:62:62 [0] NCCL INFO Channel 13/0 : 1[0] -> 0[0] [receive] via NET/IB/5
spark-5fa1:62:62 [0] NCCL INFO Channel 14/0 : 1[0] -> 0[0] [receive] via NET/IB/4
spark-5fa1:62:62 [0] NCCL INFO Channel 15/0 : 1[0] -> 0[0] [receive] via NET/IB/5
spark-5fa1:62:62 [0] NCCL INFO Channel 16/0 : 1[0] -> 0[0] [receive] via NET/IB/4
spark-5fa1:62:62 [0] NCCL INFO Channel 17/0 : 1[0] -> 0[0] [receive] via NET/IB/5
spark-5fa1:62:62 [0] NCCL INFO Channel 18/0 : 1[0] -> 0[0] [receive] via NET/IB/4
spark-5fa1:62:62 [0] NCCL INFO Channel 19/0 : 1[0] -> 0[0] [receive] via NET/IB/5
spark-5fa1:62:62 [0] NCCL INFO Channel 20/0 : 1[0] -> 0[0] [receive] via NET/IB/4
spark-5fa1:62:62 [0] NCCL INFO Channel 21/0 : 1[0] -> 0[0] [receive] via NET/IB/5
spark-5fa1:62:62 [0] NCCL INFO Channel 22/0 : 1[0] -> 0[0] [receive] via NET/IB/4
spark-5fa1:62:62 [0] NCCL INFO Channel 23/0 : 1[0] -> 0[0] [receive] via NET/IB/5
spark-5fa1:62:62 [0] NCCL INFO Channel 24/0 : 1[0] -> 0[0] [receive] via NET/IB/4
spark-5fa1:62:62 [0] NCCL INFO Channel 25/0 : 1[0] -> 0[0] [receive] via NET/IB/5
spark-5fa1:62:62 [0] NCCL INFO Channel 26/0 : 1[0] -> 0[0] [receive] via NET/IB/4
spark-5fa1:62:62 [0] NCCL INFO Channel 27/0 : 1[0] -> 0[0] [receive] via NET/IB/5
spark-5fa1:62:62 [0] NCCL INFO Channel 28/0 : 1[0] -> 0[0] [receive] via NET/IB/4
spark-5fa1:62:62 [0] NCCL INFO Channel 29/0 : 1[0] -> 0[0] [receive] via NET/IB/5
spark-5fa1:62:62 [0] NCCL INFO Channel 30/0 : 1[0] -> 0[0] [receive] via NET/IB/4
spark-5fa1:62:62 [0] NCCL INFO Channel 31/0 : 1[0] -> 0[0] [receive] via NET/IB/5
spark-5fa1:62:62 [0] NCCL INFO Channel 32/0 : 1[0] -> 0[0] [receive] via NET/IB/4
spark-5fa1:62:62 [0] NCCL INFO Channel 33/0 : 1[0] -> 0[0] [receive] via NET/IB/5
spark-5fa1:62:62 [0] NCCL INFO Channel 34/0 : 1[0] -> 0[0] [receive] via NET/IB/4
spark-5fa1:62:62 [0] NCCL INFO Channel 35/0 : 1[0] -> 0[0] [receive] via NET/IB/5
spark-5fa1:62:62 [0] NCCL INFO Channel 36/0 : 1[0] -> 0[0] [receive] via NET/IB/4
spark-5fa1:62:62 [0] NCCL INFO Channel 37/0 : 1[0] -> 0[0] [receive] via NET/IB/5
spark-5fa1:62:62 [0] NCCL INFO Channel 38/0 : 1[0] -> 0[0] [receive] via NET/IB/4
spark-5fa1:62:62 [0] NCCL INFO Channel 39/0 : 1[0] -> 0[0] [receive] via NET/IB/5
spark-5fa1:62:62 [0] NCCL INFO Channel 40/0 : 1[0] -> 0[0] [receive] via NET/IB/4
spark-5fa1:62:62 [0] NCCL INFO Channel 41/0 : 1[0] -> 0[0] [receive] via NET/IB/5
spark-5fa1:62:62 [0] NCCL INFO Channel 42/0 : 1[0] -> 0[0] [receive] via NET/IB/4
spark-5fa1:62:62 [0] NCCL INFO Channel 43/0 : 1[0] -> 0[0] [receive] via NET/IB/5
spark-5fa1:62:62 [0] NCCL INFO Channel 44/0 : 1[0] -> 0[0] [receive] via NET/IB/4
spark-5fa1:62:62 [0] NCCL INFO Channel 45/0 : 1[0] -> 0[0] [receive] via NET/IB/5
spark-5fa1:62:62 [0] NCCL INFO Channel 46/0 : 1[0] -> 0[0] [receive] via NET/IB/4
spark-5fa1:62:62 [0] NCCL INFO Channel 47/0 : 1[0] -> 0[0] [receive] via NET/IB/5
spark-5fa1:62:62 [0] NCCL INFO Channel 48/0 : 1[0] -> 0[0] [receive] via NET/IB/4
spark-5fa1:62:62 [0] NCCL INFO Channel 49/0 : 1[0] -> 0[0] [receive] via NET/IB/5
spark-5fa1:62:62 [0] NCCL INFO Channel 50/0 : 1[0] -> 0[0] [receive] via NET/IB/4
spark-5fa1:62:62 [0] NCCL INFO Channel 51/0 : 1[0] -> 0[0] [receive] via NET/IB/5
spark-5fa1:62:62 [0] NCCL INFO Channel 52/0 : 1[0] -> 0[0] [receive] via NET/IB/4
spark-5fa1:62:62 [0] NCCL INFO Channel 53/0 : 1[0] -> 0[0] [receive] via NET/IB/5
spark-5fa1:62:62 [0] NCCL INFO Channel 54/0 : 1[0] -> 0[0] [receive] via NET/IB/4
spark-5fa1:62:62 [0] NCCL INFO Channel 55/0 : 1[0] -> 0[0] [receive] via NET/IB/5
spark-5fa1:62:62 [0] NCCL INFO Channel 56/0 : 1[0] -> 0[0] [receive] via NET/IB/4
spark-5fa1:62:62 [0] NCCL INFO Channel 57/0 : 1[0] -> 0[0] [receive] via NET/IB/5
spark-5fa1:62:62 [0] NCCL INFO Channel 58/0 : 1[0] -> 0[0] [receive] via NET/IB/4
spark-5fa1:62:62 [0] NCCL INFO Channel 59/0 : 1[0] -> 0[0] [receive] via NET/IB/5
spark-5fa1:62:62 [0] NCCL INFO Channel 60/0 : 1[0] -> 0[0] [receive] via NET/IB/4
spark-5fa1:62:62 [0] NCCL INFO Channel 61/0 : 1[0] -> 0[0] [receive] via NET/IB/5
spark-5fa1:62:62 [0] NCCL INFO Channel 62/0 : 1[0] -> 0[0] [receive] via NET/IB/4
spark-5fa1:62:62 [0] NCCL INFO Channel 63/0 : 1[0] -> 0[0] [receive] via NET/IB/5
spark-5fa1:62:62 [0] NCCL INFO Channel 00/0 : 0[0] -> 1[0] [send] via NET/IB/4
spark-5fa1:62:62 [0] NCCL INFO Channel 01/0 : 0[0] -> 1[0] [send] via NET/IB/5
spark-5fa1:62:62 [0] NCCL INFO Channel 02/0 : 0[0] -> 1[0] [send] via NET/IB/4
spark-5fa1:62:62 [0] NCCL INFO Channel 03/0 : 0[0] -> 1[0] [send] via NET/IB/5
spark-5fa1:62:62 [0] NCCL INFO Channel 04/0 : 0[0] -> 1[0] [send] via NET/IB/4
spark-5fa1:62:62 [0] NCCL INFO Channel 05/0 : 0[0] -> 1[0] [send] via NET/IB/5
spark-5fa1:62:62 [0] NCCL INFO Channel 06/0 : 0[0] -> 1[0] [send] via NET/IB/4
spark-5fa1:62:62 [0] NCCL INFO Channel 07/0 : 0[0] -> 1[0] [send] via NET/IB/5
spark-5fa1:62:62 [0] NCCL INFO Channel 08/0 : 0[0] -> 1[0] [send] via NET/IB/4
spark-5fa1:62:62 [0] NCCL INFO Channel 09/0 : 0[0] -> 1[0] [send] via NET/IB/5
spark-5fa1:62:62 [0] NCCL INFO Channel 10/0 : 0[0] -> 1[0] [send] via NET/IB/4
spark-5fa1:62:62 [0] NCCL INFO Channel 11/0 : 0[0] -> 1[0] [send] via NET/IB/5
spark-5fa1:62:62 [0] NCCL INFO Channel 12/0 : 0[0] -> 1[0] [send] via NET/IB/4
spark-5fa1:62:62 [0] NCCL INFO Channel 13/0 : 0[0] -> 1[0] [send] via NET/IB/5
spark-5fa1:62:62 [0] NCCL INFO Channel 14/0 : 0[0] -> 1[0] [send] via NET/IB/4
spark-5fa1:62:62 [0] NCCL INFO Channel 15/0 : 0[0] -> 1[0] [send] via NET/IB/5
spark-5fa1:62:62 [0] NCCL INFO Channel 16/0 : 0[0] -> 1[0] [send] via NET/IB/4
spark-5fa1:62:62 [0] NCCL INFO Channel 17/0 : 0[0] -> 1[0] [send] via NET/IB/5
spark-5fa1:62:62 [0] NCCL INFO Channel 18/0 : 0[0] -> 1[0] [send] via NET/IB/4
spark-5fa1:62:62 [0] NCCL INFO Channel 19/0 : 0[0] -> 1[0] [send] via NET/IB/5
spark-5fa1:62:62 [0] NCCL INFO Channel 20/0 : 0[0] -> 1[0] [send] via NET/IB/4
spark-5fa1:62:62 [0] NCCL INFO Channel 21/0 : 0[0] -> 1[0] [send] via NET/IB/5
spark-5fa1:62:62 [0] NCCL INFO Channel 22/0 : 0[0] -> 1[0] [send] via NET/IB/4
spark-5fa1:62:62 [0] NCCL INFO Channel 23/0 : 0[0] -> 1[0] [send] via NET/IB/5
spark-5fa1:62:62 [0] NCCL INFO Channel 24/0 : 0[0] -> 1[0] [send] via NET/IB/4
spark-5fa1:62:62 [0] NCCL INFO Channel 25/0 : 0[0] -> 1[0] [send] via NET/IB/5
spark-5fa1:62:62 [0] NCCL INFO Channel 26/0 : 0[0] -> 1[0] [send] via NET/IB/4
spark-5fa1:62:62 [0] NCCL INFO Channel 27/0 : 0[0] -> 1[0] [send] via NET/IB/5
spark-5fa1:62:62 [0] NCCL INFO Channel 28/0 : 0[0] -> 1[0] [send] via NET/IB/4
spark-5fa1:62:62 [0] NCCL INFO Channel 29/0 : 0[0] -> 1[0] [send] via NET/IB/5
spark-5fa1:62:62 [0] NCCL INFO Channel 30/0 : 0[0] -> 1[0] [send] via NET/IB/4
spark-5fa1:62:62 [0] NCCL INFO Channel 31/0 : 0[0] -> 1[0] [send] via NET/IB/5
spark-5fa1:62:62 [0] NCCL INFO Channel 32/0 : 0[0] -> 1[0] [send] via NET/IB/4
spark-5fa1:62:62 [0] NCCL INFO Channel 33/0 : 0[0] -> 1[0] [send] via NET/IB/5
spark-5fa1:62:62 [0] NCCL INFO Channel 34/0 : 0[0] -> 1[0] [send] via NET/IB/4
spark-5fa1:62:62 [0] NCCL INFO Channel 35/0 : 0[0] -> 1[0] [send] via NET/IB/5
spark-5fa1:62:62 [0] NCCL INFO Channel 36/0 : 0[0] -> 1[0] [send] via NET/IB/4
spark-5fa1:62:62 [0] NCCL INFO Channel 37/0 : 0[0] -> 1[0] [send] via NET/IB/5
spark-5fa1:62:62 [0] NCCL INFO Channel 38/0 : 0[0] -> 1[0] [send] via NET/IB/4
spark-5fa1:62:62 [0] NCCL INFO Channel 39/0 : 0[0] -> 1[0] [send] via NET/IB/5
spark-5fa1:62:62 [0] NCCL INFO Channel 40/0 : 0[0] -> 1[0] [send] via NET/IB/4
spark-5fa1:62:62 [0] NCCL INFO Channel 41/0 : 0[0] -> 1[0] [send] via NET/IB/5
spark-5fa1:62:62 [0] NCCL INFO Channel 42/0 : 0[0] -> 1[0] [send] via NET/IB/4
spark-5fa1:62:62 [0] NCCL INFO Channel 43/0 : 0[0] -> 1[0] [send] via NET/IB/5
spark-5fa1:62:62 [0] NCCL INFO Channel 44/0 : 0[0] -> 1[0] [send] via NET/IB/4
spark-5fa1:62:62 [0] NCCL INFO Channel 45/0 : 0[0] -> 1[0] [send] via NET/IB/5
spark-5fa1:62:62 [0] NCCL INFO Channel 46/0 : 0[0] -> 1[0] [send] via NET/IB/4
spark-5fa1:62:62 [0] NCCL INFO Channel 47/0 : 0[0] -> 1[0] [send] via NET/IB/5
spark-5fa1:62:62 [0] NCCL INFO Channel 48/0 : 0[0] -> 1[0] [send] via NET/IB/4
spark-5fa1:62:62 [0] NCCL INFO Channel 49/0 : 0[0] -> 1[0] [send] via NET/IB/5
spark-5fa1:62:62 [0] NCCL INFO Channel 50/0 : 0[0] -> 1[0] [send] via NET/IB/4
spark-5fa1:62:62 [0] NCCL INFO Channel 51/0 : 0[0] -> 1[0] [send] via NET/IB/5
spark-5fa1:62:62 [0] NCCL INFO Channel 52/0 : 0[0] -> 1[0] [send] via NET/IB/4
spark-5fa1:62:62 [0] NCCL INFO Channel 53/0 : 0[0] -> 1[0] [send] via NET/IB/5
spark-5fa1:62:62 [0] NCCL INFO Channel 54/0 : 0[0] -> 1[0] [send] via NET/IB/4
spark-5fa1:62:62 [0] NCCL INFO Channel 55/0 : 0[0] -> 1[0] [send] via NET/IB/5
spark-5fa1:62:62 [0] NCCL INFO Channel 56/0 : 0[0] -> 1[0] [send] via NET/IB/4
spark-5fa1:62:62 [0] NCCL INFO Channel 57/0 : 0[0] -> 1[0] [send] via NET/IB/5
spark-5fa1:62:62 [0] NCCL INFO Channel 58/0 : 0[0] -> 1[0] [send] via NET/IB/4
spark-5fa1:62:62 [0] NCCL INFO Channel 59/0 : 0[0] -> 1[0] [send] via NET/IB/5
spark-5fa1:62:62 [0] NCCL INFO Channel 60/0 : 0[0] -> 1[0] [send] via NET/IB/4
spark-5fa1:62:62 [0] NCCL INFO Channel 61/0 : 0[0] -> 1[0] [send] via NET/IB/5
spark-5fa1:62:62 [0] NCCL INFO Channel 62/0 : 0[0] -> 1[0] [send] via NET/IB/4
spark-5fa1:62:62 [0] NCCL INFO Channel 63/0 : 0[0] -> 1[0] [send] via NET/IB/5
spark-5fa1:62:73 [0] NCCL INFO NET/IB: Subnet-aware routing: overriding dev 4 with dev 0
spark-5fa1:62:73 [0] NCCL INFO NET/IB: ncclIbResiliencyInit: Resiliency is disabled on the send communicator (comm=0xff457c03d000)
spark-5fa1:62:73 [0] NCCL INFO NET/IB: Subnet-aware routing: overriding dev 4 with dev 0
spark-5fa1:62:73 [0] NCCL INFO NET/IB: ncclIbResiliencyInit: Resiliency is disabled on the recv communicator (comm=0xff457c07e000)
spark-5fa1:62:73 [0] NCCL INFO NET/IB: ncclIbRecvCommInit: Receive work requests will be posted on-demand
spark-5fa1:62:73 [0] NCCL INFO NET/IB: Subnet-aware routing: overriding dev 4 with dev 0
spark-5fa1:62:73 [0] NCCL INFO NET/IB: Subnet-aware routing: overriding dev 5 with dev 2
spark-5fa1:62:73 [0] NCCL INFO NET/IB: ncclIbResiliencyInit: Resiliency is disabled on the send communicator (comm=0xff457c0c6000)
spark-5fa1:62:73 [0] NCCL INFO NET/IB: Subnet-aware routing: overriding dev 4 with dev 0
spark-5fa1:62:73 [0] NCCL INFO NET/IB: Subnet-aware routing: overriding dev 5 with dev 2
spark-5fa1:62:73 [0] NCCL INFO NET/IB: ncclIbResiliencyInit: Resiliency is disabled on the recv communicator (comm=0xff457c10a000)
spark-5fa1:62:73 [0] NCCL INFO NET/IB: ncclIbRecvCommInit: Receive work requests will be posted on-demand
spark-5fa1:62:73 [0] NCCL INFO NET/IB: Subnet-aware routing: overriding dev 4 with dev 0
spark-5fa1:62:73 [0] NCCL INFO NET/IB: Subnet-aware routing: overriding dev 5 with dev 2
spark-5fa1:62:73 [0] NCCL INFO NET/IB: Subnet-aware routing: overriding dev 4 with dev 0
spark-5fa1:62:73 [0] NCCL INFO NET/IB: ncclIbResiliencyInit: Resiliency is disabled on the send communicator (comm=0xff457c155000)
spark-5fa1:62:73 [0] NCCL INFO NET/IB: Subnet-aware routing: overriding dev 4 with dev 0
spark-5fa1:62:73 [0] NCCL INFO NET/IB: Subnet-aware routing: overriding dev 5 with dev 2
spark-5fa1:62:73 [0] NCCL INFO NET/IB: Subnet-aware routing: overriding dev 4 with dev 0
spark-5fa1:62:73 [0] NCCL INFO NET/IB: ncclIbResiliencyInit: Resiliency is disabled on the recv communicator (comm=0xff457c199000)
spark-5fa1:62:73 [0] NCCL INFO NET/IB: ncclIbRecvCommInit: Receive work requests will be posted on-demand
spark-5fa1:62:73 [0] NCCL INFO NET/IB: Subnet-aware routing: overriding dev 4 with dev 0
spark-5fa1:62:73 [0] NCCL INFO NET/IB: ncclIbSenderQpsCreate: QP created: port=1 dev=0 devName=rocep1s0f0 ndevs=4 nmdevs=6 qp_num=46330 pkey=0 pd=0xff457c07ddd0 oooRq=0
spark-5fa1:62:73 [0] NCCL INFO NET/IB: ncclIbSenderQpsCreate: QP created: port=1 dev=0 devName=rocep1s0f0 ndevs=4 nmdevs=6 qp_num=46331 pkey=0 pd=0xff457c07ddd0 oooRq=0
spark-5fa1:62:73 [0] NCCL INFO NET/IB: ncclIbConnectImpl: NCCL Dev 0 IbDev 0 Port 1 qp_num 46330 mtu 5 GID 6 (0/164A8C0FFFF0000) ctsFifoRkey=0x221e8d ctsFifoLkey=0x221e8d
spark-5fa1:62:73 [0] NCCL INFO NET/IB: ncclIbConnectImpl: IbDev 0 Port 1 qp_num 46330 query_ece={supported=1, vendor_id=0x15b3, options=0x30000002, comp_mask=0x0}
spark-5fa1:62:73 [0] NCCL INFO NET/IB: ncclIbConnectImpl: NCCL Dev 0 IbDev 0 Port 1 qp_num 46331 mtu 5 GID 6 (0/164A8C0FFFF0000) ctsFifoRkey=0x221e8d ctsFifoLkey=0x221e8d
spark-5fa1:62:73 [0] NCCL INFO NET/IB: ncclIbConnectImpl: IbDev 0 Port 1 qp_num 46331 query_ece={supported=1, vendor_id=0x15b3, options=0x30000002, comp_mask=0x0}
spark-5fa1:62:73 [0] NCCL INFO NET/IB: Subnet-aware routing: overriding dev 5 with dev 2
spark-5fa1:62:73 [0] NCCL INFO NET/IB: Subnet-aware routing: overriding dev 4 with dev 0
spark-5fa1:62:73 [0] NCCL INFO NET/IB: Subnet-aware routing: overriding dev 5 with dev 2
spark-5fa1:62:73 [0] NCCL INFO NET/IB: ncclIbResiliencyInit: Resiliency is disabled on the send communicator (comm=0xff457c246000)
spark-5fa1:62:73 [0] NCCL INFO NET/IB: Subnet-aware routing: overriding dev 4 with dev 0
spark-5fa1:62:73 [0] NCCL INFO NET/IB: Subnet-aware routing: overriding dev 5 with dev 2
spark-5fa1:62:73 [0] NCCL INFO NET/IB: ncclIbSenderQpsCreate: QP created: port=1 dev=2 devName=roceP2p1s0f0 ndevs=4 nmdevs=6 qp_num=2552 pkey=0 pd=0xff457c224940 oooRq=0
spark-5fa1:62:73 [0] NCCL INFO NET/IB: ncclIbSenderQpsCreate: QP created: port=1 dev=2 devName=roceP2p1s0f0 ndevs=4 nmdevs=6 qp_num=2553 pkey=0 pd=0xff457c224940 oooRq=0
spark-5fa1:62:73 [0] NCCL INFO NET/IB: ncclIbConnectImpl: NCCL Dev 2 IbDev 2 Port 1 qp_num 2552 mtu 5 GID 3 (0/16EA8C0FFFF0000) ctsFifoRkey=0x189a98 ctsFifoLkey=0x189a98
spark-5fa1:62:73 [0] NCCL INFO NET/IB: ncclIbConnectImpl: IbDev 2 Port 1 qp_num 2552 query_ece={supported=1, vendor_id=0x15b3, options=0x30000002, comp_mask=0x0}
spark-5fa1:62:73 [0] NCCL INFO NET/IB: ncclIbConnectImpl: NCCL Dev 2 IbDev 2 Port 1 qp_num 2553 mtu 5 GID 3 (0/16EA8C0FFFF0000) ctsFifoRkey=0x189a98 ctsFifoLkey=0x189a98
spark-5fa1:62:73 [0] NCCL INFO NET/IB: ncclIbConnectImpl: IbDev 2 Port 1 qp_num 2553 query_ece={supported=1, vendor_id=0x15b3, options=0x30000002, comp_mask=0x0}
spark-5fa1:62:73 [0] NCCL INFO NET/IB: Subnet-aware routing: overriding dev 4 with dev 0
spark-5fa1:62:73 [0] NCCL INFO NET/IB: Subnet-aware routing: overriding dev 5 with dev 2
spark-5fa1:62:73 [0] NCCL INFO NET/IB: ncclIbResiliencyInit: Resiliency is disabled on the recv communicator (comm=0xff457c2ef000)
spark-5fa1:62:73 [0] NCCL INFO NET/IB: ncclIbRecvCommInit: Receive work requests will be posted on-demand
spark-5fa1:62:73 [0] NCCL INFO NET/IB: Subnet-aware routing: overriding dev 4 with dev 0
spark-5fa1:62:73 [0] NCCL INFO NET/IB: Subnet-aware routing: overriding dev 4 with dev 0
spark-5fa1:62:73 [0] NCCL INFO NET/IB: ncclIbReceiverQpsCreateToRts: QP created: port=1 dev=0 devName=rocep1s0f0 ndevs=4 nmdevs=6 qp_num=46332 pkey=0 pd=0xff457c07ddd0 oooRq=0
spark-5fa1:62:73 [0] NCCL INFO NET/IB: ncclIbReceiverQpsCreateToRts: QP created: port=1 dev=0 devName=rocep1s0f0 ndevs=4 nmdevs=6 qp_num=46333 pkey=0 pd=0xff457c07ddd0 oooRq=0
spark-5fa1:62:73 [0] NCCL INFO NET/IB: ncclIbReceiverQpsCreateToRts: Flush QP created: port=1 dev=0 devName=rocep1s0f0 ndevs=4 nmdevs=6 qp_num=46334 pkey=0 pd=0xff457c07ddd0
spark-5fa1:62:73 [0] NCCL INFO NET/IB: Subnet-aware routing: overriding dev 5 with dev 2
spark-5fa1:62:73 [0] NCCL INFO NET/IB: Subnet-aware routing: overriding dev 4 with dev 0
spark-5fa1:62:73 [0] NCCL INFO NET/IB: Subnet-aware routing: overriding dev 5 with dev 2
spark-5fa1:62:73 [0] NCCL INFO NET/IB: Subnet-aware routing: overriding dev 4 with dev 0
spark-5fa1:62:73 [0] NCCL INFO NET/IB: ncclIbResiliencyInit: Resiliency is disabled on the send communicator (comm=0xff457c3b4000)
spark-5fa1:62:73 [0] NCCL INFO NET/IB: Subnet-aware routing: overriding dev 4 with dev 0
spark-5fa1:62:73 [0] NCCL INFO NET/IB: ncclIbSenderQpsToRts: Set ECE: IbDev 0 Port 1 qp_num 46330 set_ece={supported=1, vendor_id=0x15b3, options=0x30000002, comp_mask=0x0}
spark-5fa1:62:73 [0] NCCL INFO NET/IB: ncclIbSenderQpsToRts: Set ECE: IbDev 0 Port 1 qp_num 46331 set_ece={supported=1, vendor_id=0x15b3, options=0x30000002, comp_mask=0x0}
spark-5fa1:62:73 [0] NCCL INFO NET/IB: Subnet-aware routing: overriding dev 5 with dev 2
spark-5fa1:62:73 [0] NCCL INFO NET/IB: ncclIbSenderQpsToRts: Set ECE: IbDev 2 Port 1 qp_num 2552 set_ece={supported=1, vendor_id=0x15b3, options=0x30000002, comp_mask=0x0}
spark-5fa1:62:73 [0] NCCL INFO NET/IB: ncclIbSenderQpsToRts: Set ECE: IbDev 2 Port 1 qp_num 2553 set_ece={supported=1, vendor_id=0x15b3, options=0x30000002, comp_mask=0x0}
spark-5fa1:62:73 [0] NCCL INFO NET/IB: Subnet-aware routing: overriding dev 5 with dev 2
spark-5fa1:62:73 [0] NCCL INFO NET/IB: ncclIbReceiverQpsCreateToRts: QP created: port=1 dev=2 devName=roceP2p1s0f0 ndevs=4 nmdevs=6 qp_num=2554 pkey=0 pd=0xff457c224940 oooRq=0
spark-5fa1:62:73 [0] NCCL INFO NET/IB: ncclIbReceiverQpsCreateToRts: QP created: port=1 dev=2 devName=roceP2p1s0f0 ndevs=4 nmdevs=6 qp_num=2555 pkey=0 pd=0xff457c224940 oooRq=0
spark-5fa1:62:73 [0] NCCL INFO NET/IB: ncclIbReceiverQpsCreateToRts: Flush QP created: port=1 dev=2 devName=roceP2p1s0f0 ndevs=4 nmdevs=6 qp_num=2556 pkey=0 pd=0xff457c224940
spark-5fa1:62:73 [0] NCCL INFO NET/IB: Subnet-aware routing: overriding dev 4 with dev 0
spark-5fa1:62:73 [0] NCCL INFO NET/IB: ncclIbSenderQpsCreate: QP created: port=1 dev=0 devName=rocep1s0f0 ndevs=4 nmdevs=6 qp_num=46335 pkey=0 pd=0xff457c07ddd0 oooRq=0
spark-5fa1:62:73 [0] NCCL INFO NET/IB: ncclIbSenderQpsCreate: QP created: port=1 dev=0 devName=rocep1s0f0 ndevs=4 nmdevs=6 qp_num=46336 pkey=0 pd=0xff457c07ddd0 oooRq=0
spark-5fa1:62:73 [0] NCCL INFO NET/IB: ncclIbConnectImpl: NCCL Dev 0 IbDev 0 Port 1 qp_num 46335 mtu 5 GID 6 (0/164A8C0FFFF0000) ctsFifoRkey=0x221a89 ctsFifoLkey=0x221a89
spark-5fa1:62:73 [0] NCCL INFO NET/IB: ncclIbConnectImpl: IbDev 0 Port 1 qp_num 46335 query_ece={supported=1, vendor_id=0x15b3, options=0x30000002, comp_mask=0x0}
spark-5fa1:62:73 [0] NCCL INFO NET/IB: ncclIbConnectImpl: NCCL Dev 0 IbDev 0 Port 1 qp_num 46336 mtu 5 GID 6 (0/164A8C0FFFF0000) ctsFifoRkey=0x221a89 ctsFifoLkey=0x221a89
spark-5fa1:62:73 [0] NCCL INFO NET/IB: ncclIbConnectImpl: IbDev 0 Port 1 qp_num 46336 query_ece={supported=1, vendor_id=0x15b3, options=0x30000002, comp_mask=0x0}
spark-5fa1:62:73 [0] NCCL INFO NET/IB: Subnet-aware routing: overriding dev 5 with dev 2
spark-5fa1:62:73 [0] NCCL INFO NET/IB: Subnet-aware routing: overriding dev 4 with dev 0
spark-5fa1:62:73 [0] NCCL INFO NET/IB: ncclIbResiliencyInit: Resiliency is disabled on the recv communicator (comm=0xff457c4c8000)
spark-5fa1:62:73 [0] NCCL INFO NET/IB: ncclIbRecvCommInit: Receive work requests will be posted on-demand
spark-5fa1:62:73 [0] NCCL INFO NET/IB: Subnet-aware routing: overriding dev 4 with dev 0
spark-5fa1:62:73 [0] NCCL INFO NET/IB: Subnet-aware routing: overriding dev 5 with dev 2
spark-5fa1:62:73 [0] NCCL INFO NET/IB: Subnet-aware routing: overriding dev 4 with dev 0
spark-5fa1:62:73 [0] NCCL INFO NET/IB: Subnet-aware routing: overriding dev 5 with dev 2
spark-5fa1:62:73 [0] NCCL INFO NET/IB: ncclIbResiliencyInit: Resiliency is disabled on the send communicator (comm=0xff457c510000)
spark-5fa1:62:73 [0] NCCL INFO NET/IB: Subnet-aware routing: overriding dev 4 with dev 0
spark-5fa1:62:73 [0] NCCL INFO NET/IB: Subnet-aware routing: overriding dev 5 with dev 2
spark-5fa1:62:73 [0] NCCL INFO NET/IB: Subnet-aware routing: overriding dev 4 with dev 0
spark-5fa1:62:73 [0] NCCL INFO NET/IB: Subnet-aware routing: overriding dev 5 with dev 2
spark-5fa1:62:73 [0] NCCL INFO NET/IB: ncclIbResiliencyInit: Resiliency is disabled on the recv communicator (comm=0xff457c554000)
spark-5fa1:62:73 [0] NCCL INFO NET/IB: ncclIbRecvCommInit: Receive work requests will be posted on-demand
spark-5fa1:62:73 [0] NCCL INFO NET/IB: Subnet-aware routing: overriding dev 4 with dev 0
spark-5fa1:62:73 [0] NCCL INFO NET/IB: Subnet-aware routing: overriding dev 4 with dev 0
spark-5fa1:62:73 [0] NCCL INFO NET/IB: ncclIbReceiverQpsCreateToRts: QP created: port=1 dev=0 devName=rocep1s0f0 ndevs=4 nmdevs=6 qp_num=46337 pkey=0 pd=0xff457c07ddd0 oooRq=0
spark-5fa1:62:73 [0] NCCL INFO NET/IB: ncclIbReceiverQpsCreateToRts: QP created: port=1 dev=0 devName=rocep1s0f0 ndevs=4 nmdevs=6 qp_num=46338 pkey=0 pd=0xff457c07ddd0 oooRq=0
spark-5fa1:62:73 [0] NCCL INFO NET/IB: ncclIbReceiverQpsCreateToRts: Flush QP created: port=1 dev=0 devName=rocep1s0f0 ndevs=4 nmdevs=6 qp_num=46339 pkey=0 pd=0xff457c07ddd0
spark-5fa1:62:73 [0] NCCL INFO NET/IB: Subnet-aware routing: overriding dev 5 with dev 2
spark-5fa1:62:73 [0] NCCL INFO NET/IB: ncclIbSenderQpsCreate: QP created: port=1 dev=2 devName=roceP2p1s0f0 ndevs=4 nmdevs=6 qp_num=2557 pkey=0 pd=0xff457c224940 oooRq=0
spark-5fa1:62:73 [0] NCCL INFO NET/IB: ncclIbSenderQpsCreate: QP created: port=1 dev=2 devName=roceP2p1s0f0 ndevs=4 nmdevs=6 qp_num=2558 pkey=0 pd=0xff457c224940 oooRq=0
spark-5fa1:62:73 [0] NCCL INFO NET/IB: ncclIbConnectImpl: NCCL Dev 2 IbDev 2 Port 1 qp_num 2557 mtu 5 GID 3 (0/16EA8C0FFFF0000) ctsFifoRkey=0x188e8c ctsFifoLkey=0x188e8c
spark-5fa1:62:73 [0] NCCL INFO NET/IB: ncclIbConnectImpl: IbDev 2 Port 1 qp_num 2557 query_ece={supported=1, vendor_id=0x15b3, options=0x30000002, comp_mask=0x0}
spark-5fa1:62:73 [0] NCCL INFO NET/IB: ncclIbConnectImpl: NCCL Dev 2 IbDev 2 Port 1 qp_num 2558 mtu 5 GID 3 (0/16EA8C0FFFF0000) ctsFifoRkey=0x188e8c ctsFifoLkey=0x188e8c
spark-5fa1:62:73 [0] NCCL INFO NET/IB: ncclIbConnectImpl: IbDev 2 Port 1 qp_num 2558 query_ece={supported=1, vendor_id=0x15b3, options=0x30000002, comp_mask=0x0}
spark-5fa1:62:73 [0] NCCL INFO NET/IB: Subnet-aware routing: overriding dev 4 with dev 0
spark-5fa1:62:73 [0] NCCL INFO NET/IB: ncclIbSenderQpsCreate: QP created: port=1 dev=0 devName=rocep1s0f0 ndevs=4 nmdevs=6 qp_num=46340 pkey=0 pd=0xff457c07ddd0 oooRq=0
spark-5fa1:62:73 [0] NCCL INFO NET/IB: ncclIbSenderQpsCreate: QP created: port=1 dev=0 devName=rocep1s0f0 ndevs=4 nmdevs=6 qp_num=46341 pkey=0 pd=0xff457c07ddd0 oooRq=0
spark-5fa1:62:73 [0] NCCL INFO NET/IB: ncclIbConnectImpl: NCCL Dev 0 IbDev 0 Port 1 qp_num 46340 mtu 5 GID 6 (0/164A8C0FFFF0000) ctsFifoRkey=0x17f2af ctsFifoLkey=0x17f2af
spark-5fa1:62:73 [0] NCCL INFO NET/IB: ncclIbConnectImpl: IbDev 0 Port 1 qp_num 46340 query_ece={supported=1, vendor_id=0x15b3, options=0x30000002, comp_mask=0x0}
spark-5fa1:62:73 [0] NCCL INFO NET/IB: ncclIbConnectImpl: NCCL Dev 0 IbDev 0 Port 1 qp_num 46341 mtu 5 GID 6 (0/164A8C0FFFF0000) ctsFifoRkey=0x17f2af ctsFifoLkey=0x17f2af
spark-5fa1:62:73 [0] NCCL INFO NET/IB: ncclIbConnectImpl: IbDev 0 Port 1 qp_num 46341 query_ece={supported=1, vendor_id=0x15b3, options=0x30000002, comp_mask=0x0}
spark-5fa1:62:73 [0] NCCL INFO NET/IB: Subnet-aware routing: overriding dev 5 with dev 2
spark-5fa1:62:73 [0] NCCL INFO NET/IB: Subnet-aware routing: overriding dev 4 with dev 0
spark-5fa1:62:73 [0] NCCL INFO NET/IB: ncclIbResiliencyInit: Resiliency is disabled on the send communicator (comm=0xff457c6c9000)
spark-5fa1:62:73 [0] NCCL INFO NET/IB: Subnet-aware routing: overriding dev 4 with dev 0
spark-5fa1:62:73 [0] NCCL INFO NET/IB: ncclIbSenderQpsToRts: Set ECE: IbDev 0 Port 1 qp_num 46335 set_ece={supported=1, vendor_id=0x15b3, options=0x30000002, comp_mask=0x0}
spark-5fa1:62:73 [0] NCCL INFO NET/IB: ncclIbSenderQpsToRts: Set ECE: IbDev 0 Port 1 qp_num 46336 set_ece={supported=1, vendor_id=0x15b3, options=0x30000002, comp_mask=0x0}
spark-5fa1:62:73 [0] NCCL INFO NET/IB: Subnet-aware routing: overriding dev 5 with dev 2
spark-5fa1:62:73 [0] NCCL INFO NET/IB: Subnet-aware routing: overriding dev 5 with dev 2
spark-5fa1:62:73 [0] NCCL INFO NET/IB: ncclIbReceiverQpsCreateToRts: QP created: port=1 dev=2 devName=roceP2p1s0f0 ndevs=4 nmdevs=6 qp_num=2559 pkey=0 pd=0xff457c224940 oooRq=0
spark-5fa1:62:73 [0] NCCL INFO NET/IB: ncclIbReceiverQpsCreateToRts: QP created: port=1 dev=2 devName=roceP2p1s0f0 ndevs=4 nmdevs=6 qp_num=2560 pkey=0 pd=0xff457c224940 oooRq=0
spark-5fa1:62:73 [0] NCCL INFO NET/IB: ncclIbReceiverQpsCreateToRts: Flush QP created: port=1 dev=2 devName=roceP2p1s0f0 ndevs=4 nmdevs=6 qp_num=2561 pkey=0 pd=0xff457c224940
spark-5fa1:62:73 [0] NCCL INFO NET/IB: Subnet-aware routing: overriding dev 4 with dev 0
spark-5fa1:62:73 [0] NCCL INFO NET/IB: Subnet-aware routing: overriding dev 4 with dev 0
spark-5fa1:62:73 [0] NCCL INFO NET/IB: ncclIbReceiverQpsCreateToRts: QP created: port=1 dev=0 devName=rocep1s0f0 ndevs=4 nmdevs=6 qp_num=46342 pkey=0 pd=0xff457c07ddd0 oooRq=0
spark-5fa1:62:73 [0] NCCL INFO NET/IB: ncclIbReceiverQpsCreateToRts: QP created: port=1 dev=0 devName=rocep1s0f0 ndevs=4 nmdevs=6 qp_num=46343 pkey=0 pd=0xff457c07ddd0 oooRq=0
spark-5fa1:62:73 [0] NCCL INFO NET/IB: ncclIbReceiverQpsCreateToRts: Flush QP created: port=1 dev=0 devName=rocep1s0f0 ndevs=4 nmdevs=6 qp_num=46344 pkey=0 pd=0xff457c07ddd0
spark-5fa1:62:73 [0] NCCL INFO NET/IB: Subnet-aware routing: overriding dev 5 with dev 2
spark-5fa1:62:73 [0] NCCL INFO NET/IB: ncclIbSenderQpsCreate: QP created: port=1 dev=2 devName=roceP2p1s0f0 ndevs=4 nmdevs=6 qp_num=2562 pkey=0 pd=0xff457c224940 oooRq=0
spark-5fa1:62:73 [0] NCCL INFO NET/IB: ncclIbSenderQpsCreate: QP created: port=1 dev=2 devName=roceP2p1s0f0 ndevs=4 nmdevs=6 qp_num=2563 pkey=0 pd=0xff457c224940 oooRq=0
spark-5fa1:62:73 [0] NCCL INFO NET/IB: ncclIbConnectImpl: NCCL Dev 2 IbDev 2 Port 1 qp_num 2562 mtu 5 GID 3 (0/16EA8C0FFFF0000) ctsFifoRkey=0x19a6a0 ctsFifoLkey=0x19a6a0
spark-5fa1:62:73 [0] NCCL INFO NET/IB: ncclIbConnectImpl: IbDev 2 Port 1 qp_num 2562 query_ece={supported=1, vendor_id=0x15b3, options=0x30000002, comp_mask=0x0}
spark-5fa1:62:73 [0] NCCL INFO NET/IB: ncclIbConnectImpl: NCCL Dev 2 IbDev 2 Port 1 qp_num 2563 mtu 5 GID 3 (0/16EA8C0FFFF0000) ctsFifoRkey=0x19a6a0 ctsFifoLkey=0x19a6a0
spark-5fa1:62:73 [0] NCCL INFO NET/IB: ncclIbConnectImpl: IbDev 2 Port 1 qp_num 2563 query_ece={supported=1, vendor_id=0x15b3, options=0x30000002, comp_mask=0x0}
spark-5fa1:62:73 [0] NCCL INFO NET/IB: Subnet-aware routing: overriding dev 4 with dev 0
spark-5fa1:62:73 [0] NCCL INFO NET/IB: ncclIbResiliencyInit: Resiliency is disabled on the recv communicator (comm=0xff457c85a000)
spark-5fa1:62:73 [0] NCCL INFO NET/IB: ncclIbRecvCommInit: Receive work requests will be posted on-demand
spark-5fa1:62:73 [0] NCCL INFO NET/IB: Subnet-aware routing: overriding dev 5 with dev 2
spark-5fa1:62:73 [0] NCCL INFO NET/IB: ncclIbSenderQpsToRts: Set ECE: IbDev 2 Port 1 qp_num 2557 set_ece={supported=1, vendor_id=0x15b3, options=0x30000002, comp_mask=0x0}
spark-5fa1:62:73 [0] NCCL INFO NET/IB: ncclIbSenderQpsToRts: Set ECE: IbDev 2 Port 1 qp_num 2558 set_ece={supported=1, vendor_id=0x15b3, options=0x30000002, comp_mask=0x0}
spark-5fa1:62:73 [0] NCCL INFO NET/IB: Subnet-aware routing: overriding dev 4 with dev 0
spark-5fa1:62:73 [0] NCCL INFO NET/IB: ncclIbSenderQpsToRts: Set ECE: IbDev 0 Port 1 qp_num 46340 set_ece={supported=1, vendor_id=0x15b3, options=0x30000002, comp_mask=0x0}
spark-5fa1:62:73 [0] NCCL INFO NET/IB: ncclIbSenderQpsToRts: Set ECE: IbDev 0 Port 1 qp_num 46341 set_ece={supported=1, vendor_id=0x15b3, options=0x30000002, comp_mask=0x0}
spark-5fa1:62:73 [0] NCCL INFO NET/IB: Subnet-aware routing: overriding dev 5 with dev 2
spark-5fa1:62:73 [0] NCCL INFO NET/IB: Subnet-aware routing: overriding dev 4 with dev 0
spark-5fa1:62:73 [0] NCCL INFO NET/IB: Subnet-aware routing: overriding dev 5 with dev 2
spark-5fa1:62:73 [0] NCCL INFO NET/IB: ncclIbResiliencyInit: Resiliency is disabled on the send communicator (comm=0xff457c8a2000)
spark-5fa1:62:73 [0] NCCL INFO NET/IB: Subnet-aware routing: overriding dev 5 with dev 2
spark-5fa1:62:73 [0] NCCL INFO NET/IB: Subnet-aware routing: overriding dev 5 with dev 2
spark-5fa1:62:73 [0] NCCL INFO NET/IB: ncclIbReceiverQpsCreateToRts: QP created: port=1 dev=2 devName=roceP2p1s0f0 ndevs=4 nmdevs=6 qp_num=2564 pkey=0 pd=0xff457c224940 oooRq=0
spark-5fa1:62:73 [0] NCCL INFO NET/IB: ncclIbReceiverQpsCreateToRts: QP created: port=1 dev=2 devName=roceP2p1s0f0 ndevs=4 nmdevs=6 qp_num=2565 pkey=0 pd=0xff457c224940 oooRq=0
spark-5fa1:62:73 [0] NCCL INFO NET/IB: ncclIbReceiverQpsCreateToRts: Flush QP created: port=1 dev=2 devName=roceP2p1s0f0 ndevs=4 nmdevs=6 qp_num=2566 pkey=0 pd=0xff457c224940
spark-5fa1:62:73 [0] NCCL INFO NET/IB: Subnet-aware routing: overriding dev 4 with dev 0
spark-5fa1:62:73 [0] NCCL INFO NET/IB: Subnet-aware routing: overriding dev 5 with dev 2
spark-5fa1:62:73 [0] NCCL INFO NET/IB: ncclIbResiliencyInit: Resiliency is disabled on the recv communicator (comm=0xff457c95b000)
spark-5fa1:62:73 [0] NCCL INFO NET/IB: ncclIbRecvCommInit: Receive work requests will be posted on-demand
spark-5fa1:62:73 [0] NCCL INFO NET/IB: Subnet-aware routing: overriding dev 5 with dev 2
spark-5fa1:62:73 [0] NCCL INFO NET/IB: ncclIbSenderQpsToRts: Set ECE: IbDev 2 Port 1 qp_num 2562 set_ece={supported=1, vendor_id=0x15b3, options=0x30000002, comp_mask=0x0}
spark-5fa1:62:73 [0] NCCL INFO NET/IB: ncclIbSenderQpsToRts: Set ECE: IbDev 2 Port 1 qp_num 2563 set_ece={supported=1, vendor_id=0x15b3, options=0x30000002, comp_mask=0x0}
spark-5fa1:62:73 [0] NCCL INFO NET/IB: Subnet-aware routing: overriding dev 4 with dev 0
spark-5fa1:62:73 [0] NCCL INFO NET/IB: ncclIbSenderQpsCreate: QP created: port=1 dev=0 devName=rocep1s0f0 ndevs=4 nmdevs=6 qp_num=46345 pkey=0 pd=0xff457c07ddd0 oooRq=0
spark-5fa1:62:73 [0] NCCL INFO NET/IB: ncclIbSenderQpsCreate: QP created: port=1 dev=0 devName=rocep1s0f0 ndevs=4 nmdevs=6 qp_num=46346 pkey=0 pd=0xff457c07ddd0 oooRq=0
spark-5fa1:62:73 [0] NCCL INFO NET/IB: ncclIbConnectImpl: NCCL Dev 0 IbDev 0 Port 1 qp_num 46345 mtu 5 GID 6 (0/164A8C0FFFF0000) ctsFifoRkey=0x222e9d ctsFifoLkey=0x222e9d
spark-5fa1:62:73 [0] NCCL INFO NET/IB: ncclIbConnectImpl: IbDev 0 Port 1 qp_num 46345 query_ece={supported=1, vendor_id=0x15b3, options=0x30000002, comp_mask=0x0}
spark-5fa1:62:73 [0] NCCL INFO NET/IB: ncclIbConnectImpl: NCCL Dev 0 IbDev 0 Port 1 qp_num 46346 mtu 5 GID 6 (0/164A8C0FFFF0000) ctsFifoRkey=0x222e9d ctsFifoLkey=0x222e9d
spark-5fa1:62:73 [0] NCCL INFO NET/IB: ncclIbConnectImpl: IbDev 0 Port 1 qp_num 46346 query_ece={supported=1, vendor_id=0x15b3, options=0x30000002, comp_mask=0x0}
spark-5fa1:62:73 [0] NCCL INFO NET/IB: Subnet-aware routing: overriding dev 5 with dev 2
spark-5fa1:62:73 [0] NCCL INFO NET/IB: ncclIbSenderQpsCreate: QP created: port=1 dev=2 devName=roceP2p1s0f0 ndevs=4 nmdevs=6 qp_num=2567 pkey=0 pd=0xff457c224940 oooRq=0
spark-5fa1:62:73 [0] NCCL INFO NET/IB: ncclIbSenderQpsCreate: QP created: port=1 dev=2 devName=roceP2p1s0f0 ndevs=4 nmdevs=6 qp_num=2568 pkey=0 pd=0xff457c224940 oooRq=0
spark-5fa1:62:73 [0] NCCL INFO NET/IB: ncclIbConnectImpl: NCCL Dev 2 IbDev 2 Port 1 qp_num 2567 mtu 5 GID 3 (0/16EA8C0FFFF0000) ctsFifoRkey=0x18bdbb ctsFifoLkey=0x18bdbb
spark-5fa1:62:73 [0] NCCL INFO NET/IB: ncclIbConnectImpl: IbDev 2 Port 1 qp_num 2567 query_ece={supported=1, vendor_id=0x15b3, options=0x30000002, comp_mask=0x0}
spark-5fa1:62:73 [0] NCCL INFO NET/IB: ncclIbConnectImpl: NCCL Dev 2 IbDev 2 Port 1 qp_num 2568 mtu 5 GID 3 (0/16EA8C0FFFF0000) ctsFifoRkey=0x18bdbb ctsFifoLkey=0x18bdbb
spark-5fa1:62:73 [0] NCCL INFO NET/IB: ncclIbConnectImpl: IbDev 2 Port 1 qp_num 2568 query_ece={supported=1, vendor_id=0x15b3, options=0x30000002, comp_mask=0x0}
spark-5fa1:62:73 [0] NCCL INFO NET/IB: Subnet-aware routing: overriding dev 4 with dev 0
spark-5fa1:62:73 [0] NCCL INFO NET/IB: ncclIbResiliencyInit: Resiliency is disabled on the send communicator (comm=0xff457ca55000)
spark-5fa1:62:73 [0] NCCL INFO NET/IB: Subnet-aware routing: overriding dev 4 with dev 0
spark-5fa1:62:73 [0] NCCL INFO NET/IB: Subnet-aware routing: overriding dev 4 with dev 0
spark-5fa1:62:73 [0] NCCL INFO NET/IB: ncclIbReceiverQpsCreateToRts: QP created: port=1 dev=0 devName=rocep1s0f0 ndevs=4 nmdevs=6 qp_num=46347 pkey=0 pd=0xff457c07ddd0 oooRq=0
spark-5fa1:62:73 [0] NCCL INFO NET/IB: ncclIbReceiverQpsCreateToRts: QP created: port=1 dev=0 devName=rocep1s0f0 ndevs=4 nmdevs=6 qp_num=46348 pkey=0 pd=0xff457c07ddd0 oooRq=0
spark-5fa1:62:73 [0] NCCL INFO NET/IB: ncclIbReceiverQpsCreateToRts: Flush QP created: port=1 dev=0 devName=rocep1s0f0 ndevs=4 nmdevs=6 qp_num=46349 pkey=0 pd=0xff457c07ddd0
spark-5fa1:62:73 [0] NCCL INFO NET/IB: Subnet-aware routing: overriding dev 5 with dev 2
spark-5fa1:62:73 [0] NCCL INFO NET/IB: Subnet-aware routing: overriding dev 4 with dev 0
spark-5fa1:62:73 [0] NCCL INFO NET/IB: ncclIbResiliencyInit: Resiliency is disabled on the recv communicator (comm=0xff457cb14000)
spark-5fa1:62:73 [0] NCCL INFO NET/IB: ncclIbRecvCommInit: Receive work requests will be posted on-demand
spark-5fa1:62:73 [0] NCCL INFO NET/IB: Subnet-aware routing: overriding dev 4 with dev 0
spark-5fa1:62:73 [0] NCCL INFO NET/IB: ncclIbSenderQpsToRts: Set ECE: IbDev 0 Port 1 qp_num 46345 set_ece={supported=1, vendor_id=0x15b3, options=0x30000002, comp_mask=0x0}
spark-5fa1:62:73 [0] NCCL INFO NET/IB: ncclIbSenderQpsToRts: Set ECE: IbDev 0 Port 1 qp_num 46346 set_ece={supported=1, vendor_id=0x15b3, options=0x30000002, comp_mask=0x0}
spark-5fa1:62:73 [0] NCCL INFO NET/IB: Subnet-aware routing: overriding dev 5 with dev 2
spark-5fa1:62:73 [0] NCCL INFO NET/IB: ncclIbSenderQpsToRts: Set ECE: IbDev 2 Port 1 qp_num 2567 set_ece={supported=1, vendor_id=0x15b3, options=0x30000002, comp_mask=0x0}
spark-5fa1:62:73 [0] NCCL INFO NET/IB: ncclIbSenderQpsToRts: Set ECE: IbDev 2 Port 1 qp_num 2568 set_ece={supported=1, vendor_id=0x15b3, options=0x30000002, comp_mask=0x0}
spark-5fa1:62:73 [0] NCCL INFO NET/IB: Subnet-aware routing: overriding dev 5 with dev 2
spark-5fa1:62:73 [0] NCCL INFO NET/IB: ncclIbReceiverQpsCreateToRts: QP created: port=1 dev=2 devName=roceP2p1s0f0 ndevs=4 nmdevs=6 qp_num=2569 pkey=0 pd=0xff457c224940 oooRq=0
spark-5fa1:62:73 [0] NCCL INFO NET/IB: ncclIbReceiverQpsCreateToRts: QP created: port=1 dev=2 devName=roceP2p1s0f0 ndevs=4 nmdevs=6 qp_num=2570 pkey=0 pd=0xff457c224940 oooRq=0
spark-5fa1:62:73 [0] NCCL INFO NET/IB: ncclIbReceiverQpsCreateToRts: Flush QP created: port=1 dev=2 devName=roceP2p1s0f0 ndevs=4 nmdevs=6 qp_num=2571 pkey=0 pd=0xff457c224940
spark-5fa1:62:73 [0] NCCL INFO NET/IB: Subnet-aware routing: overriding dev 4 with dev 0
spark-5fa1:62:73 [0] NCCL INFO NET/IB: Subnet-aware routing: overriding dev 5 with dev 2
spark-5fa1:62:73 [0] NCCL INFO NET/IB: ncclIbResiliencyInit: Resiliency is disabled on the send communicator (comm=0xff457cbd3000)
spark-5fa1:62:73 [0] NCCL INFO NET/IB: Subnet-aware routing: overriding dev 4 with dev 0
spark-5fa1:62:73 [0] NCCL INFO NET/IB: ncclIbSenderQpsCreate: QP created: port=1 dev=0 devName=rocep1s0f0 ndevs=4 nmdevs=6 qp_num=46350 pkey=0 pd=0xff457c07ddd0 oooRq=0
spark-5fa1:62:73 [0] NCCL INFO NET/IB: ncclIbSenderQpsCreate: QP created: port=1 dev=0 devName=rocep1s0f0 ndevs=4 nmdevs=6 qp_num=46351 pkey=0 pd=0xff457c07ddd0 oooRq=0
spark-5fa1:62:73 [0] NCCL INFO NET/IB: ncclIbConnectImpl: NCCL Dev 0 IbDev 0 Port 1 qp_num 46350 mtu 5 GID 6 (0/164A8C0FFFF0000) ctsFifoRkey=0x221383 ctsFifoLkey=0x221383
spark-5fa1:62:73 [0] NCCL INFO NET/IB: ncclIbConnectImpl: IbDev 0 Port 1 qp_num 46350 query_ece={supported=1, vendor_id=0x15b3, options=0x30000002, comp_mask=0x0}
spark-5fa1:62:73 [0] NCCL INFO NET/IB: ncclIbConnectImpl: NCCL Dev 0 IbDev 0 Port 1 qp_num 46351 mtu 5 GID 6 (0/164A8C0FFFF0000) ctsFifoRkey=0x221383 ctsFifoLkey=0x221383
spark-5fa1:62:73 [0] NCCL INFO NET/IB: ncclIbConnectImpl: IbDev 0 Port 1 qp_num 46351 query_ece={supported=1, vendor_id=0x15b3, options=0x30000002, comp_mask=0x0}
spark-5fa1:62:73 [0] NCCL INFO NET/IB: Subnet-aware routing: overriding dev 5 with dev 2
spark-5fa1:62:73 [0] NCCL INFO NET/IB: ncclIbResiliencyInit: Resiliency is disabled on the recv communicator (comm=0xff457cc6c000)
spark-5fa1:62:73 [0] NCCL INFO NET/IB: ncclIbRecvCommInit: Receive work requests will be posted on-demand
spark-5fa1:62:73 [0] NCCL INFO NET/IB: Subnet-aware routing: overriding dev 4 with dev 0
spark-5fa1:62:73 [0] NCCL INFO NET/IB: Subnet-aware routing: overriding dev 5 with dev 2
spark-5fa1:62:73 [0] NCCL INFO NET/IB: Subnet-aware routing: overriding dev 4 with dev 0
spark-5fa1:62:73 [0] NCCL INFO NET/IB: ncclIbResiliencyInit: Resiliency is disabled on the send communicator (comm=0xff457ccb4000)
spark-5fa1:62:73 [0] NCCL INFO NET/IB: Subnet-aware routing: overriding dev 4 with dev 0
spark-5fa1:62:73 [0] NCCL INFO NET/IB: Subnet-aware routing: overriding dev 5 with dev 2
spark-5fa1:62:73 [0] NCCL INFO NET/IB: Subnet-aware routing: overriding dev 4 with dev 0
spark-5fa1:62:73 [0] NCCL INFO NET/IB: ncclIbResiliencyInit: Resiliency is disabled on the recv communicator (comm=0xff457ccf5000)
spark-5fa1:62:73 [0] NCCL INFO NET/IB: ncclIbRecvCommInit: Receive work requests will be posted on-demand
spark-5fa1:62:73 [0] NCCL INFO NET/IB: Subnet-aware routing: overriding dev 4 with dev 0
spark-5fa1:62:73 [0] NCCL INFO NET/IB: Subnet-aware routing: overriding dev 5 with dev 2
spark-5fa1:62:73 [0] NCCL INFO NET/IB: Subnet-aware routing: overriding dev 4 with dev 0
spark-5fa1:62:73 [0] NCCL INFO NET/IB: Subnet-aware routing: overriding dev 5 with dev 2
spark-5fa1:62:73 [0] NCCL INFO NET/IB: ncclIbResiliencyInit: Resiliency is disabled on the send communicator (comm=0xff457cd40000)
spark-5fa1:62:73 [0] NCCL INFO NET/IB: Subnet-aware routing: overriding dev 4 with dev 0
spark-5fa1:62:73 [0] NCCL INFO NET/IB: Subnet-aware routing: overriding dev 4 with dev 0
spark-5fa1:62:73 [0] NCCL INFO NET/IB: ncclIbReceiverQpsCreateToRts: QP created: port=1 dev=0 devName=rocep1s0f0 ndevs=4 nmdevs=6 qp_num=46352 pkey=0 pd=0xff457c07ddd0 oooRq=0
spark-5fa1:62:73 [0] NCCL INFO NET/IB: ncclIbReceiverQpsCreateToRts: QP created: port=1 dev=0 devName=rocep1s0f0 ndevs=4 nmdevs=6 qp_num=46353 pkey=0 pd=0xff457c07ddd0 oooRq=0
spark-5fa1:62:73 [0] NCCL INFO NET/IB: ncclIbReceiverQpsCreateToRts: Flush QP created: port=1 dev=0 devName=rocep1s0f0 ndevs=4 nmdevs=6 qp_num=46354 pkey=0 pd=0xff457c07ddd0
spark-5fa1:62:73 [0] NCCL INFO NET/IB: Subnet-aware routing: overriding dev 5 with dev 2
spark-5fa1:62:73 [0] NCCL INFO NET/IB: ncclIbSenderQpsCreate: QP created: port=1 dev=2 devName=roceP2p1s0f0 ndevs=4 nmdevs=6 qp_num=2572 pkey=0 pd=0xff457c224940 oooRq=0
spark-5fa1:62:73 [0] NCCL INFO NET/IB: ncclIbSenderQpsCreate: QP created: port=1 dev=2 devName=roceP2p1s0f0 ndevs=4 nmdevs=6 qp_num=2573 pkey=0 pd=0xff457c224940 oooRq=0
spark-5fa1:62:73 [0] NCCL INFO NET/IB: ncclIbConnectImpl: NCCL Dev 2 IbDev 2 Port 1 qp_num 2572 mtu 5 GID 3 (0/16EA8C0FFFF0000) ctsFifoRkey=0x190906 ctsFifoLkey=0x190906
spark-5fa1:62:73 [0] NCCL INFO NET/IB: ncclIbConnectImpl: IbDev 2 Port 1 qp_num 2572 query_ece={supported=1, vendor_id=0x15b3, options=0x30000002, comp_mask=0x0}
spark-5fa1:62:73 [0] NCCL INFO NET/IB: ncclIbConnectImpl: NCCL Dev 2 IbDev 2 Port 1 qp_num 2573 mtu 5 GID 3 (0/16EA8C0FFFF0000) ctsFifoRkey=0x190906 ctsFifoLkey=0x190906
spark-5fa1:62:73 [0] NCCL INFO NET/IB: ncclIbConnectImpl: IbDev 2 Port 1 qp_num 2573 query_ece={supported=1, vendor_id=0x15b3, options=0x30000002, comp_mask=0x0}
spark-5fa1:62:73 [0] NCCL INFO NET/IB: Subnet-aware routing: overriding dev 5 with dev 2
spark-5fa1:62:73 [0] NCCL INFO NET/IB: ncclIbReceiverQpsCreateToRts: QP created: port=1 dev=2 devName=roceP2p1s0f0 ndevs=4 nmdevs=6 qp_num=2574 pkey=0 pd=0xff457c224940 oooRq=0
spark-5fa1:62:73 [0] NCCL INFO NET/IB: ncclIbReceiverQpsCreateToRts: QP created: port=1 dev=2 devName=roceP2p1s0f0 ndevs=4 nmdevs=6 qp_num=2575 pkey=0 pd=0xff457c224940 oooRq=0
spark-5fa1:62:73 [0] NCCL INFO NET/IB: ncclIbReceiverQpsCreateToRts: Flush QP created: port=1 dev=2 devName=roceP2p1s0f0 ndevs=4 nmdevs=6 qp_num=2576 pkey=0 pd=0xff457c224940
spark-5fa1:62:73 [0] NCCL INFO NET/IB: Subnet-aware routing: overriding dev 4 with dev 0
spark-5fa1:62:73 [0] NCCL INFO NET/IB: ncclIbSenderQpsCreate: QP created: port=1 dev=0 devName=rocep1s0f0 ndevs=4 nmdevs=6 qp_num=46355 pkey=0 pd=0xff457c07ddd0 oooRq=0
spark-5fa1:62:73 [0] NCCL INFO NET/IB: ncclIbSenderQpsCreate: QP created: port=1 dev=0 devName=rocep1s0f0 ndevs=4 nmdevs=6 qp_num=46356 pkey=0 pd=0xff457c07ddd0 oooRq=0
spark-5fa1:62:73 [0] NCCL INFO NET/IB: ncclIbConnectImpl: NCCL Dev 0 IbDev 0 Port 1 qp_num 46355 mtu 5 GID 6 (0/164A8C0FFFF0000) ctsFifoRkey=0x17cd8a ctsFifoLkey=0x17cd8a
spark-5fa1:62:73 [0] NCCL INFO NET/IB: ncclIbConnectImpl: IbDev 0 Port 1 qp_num 46355 query_ece={supported=1, vendor_id=0x15b3, options=0x30000002, comp_mask=0x0}
spark-5fa1:62:73 [0] NCCL INFO NET/IB: ncclIbConnectImpl: NCCL Dev 0 IbDev 0 Port 1 qp_num 46356 mtu 5 GID 6 (0/164A8C0FFFF0000) ctsFifoRkey=0x17cd8a ctsFifoLkey=0x17cd8a
spark-5fa1:62:73 [0] NCCL INFO NET/IB: ncclIbConnectImpl: IbDev 0 Port 1 qp_num 46356 query_ece={supported=1, vendor_id=0x15b3, options=0x30000002, comp_mask=0x0}
spark-5fa1:62:73 [0] NCCL INFO NET/IB: Subnet-aware routing: overriding dev 5 with dev 2
spark-5fa1:62:73 [0] NCCL INFO NET/IB: ncclIbResiliencyInit: Resiliency is disabled on the recv communicator (comm=0xff457cf30000)
spark-5fa1:62:73 [0] NCCL INFO NET/IB: ncclIbRecvCommInit: Receive work requests will be posted on-demand
spark-5fa1:62:73 [0] NCCL INFO NET/IB: Subnet-aware routing: overriding dev 4 with dev 0
spark-5fa1:62:73 [0] NCCL INFO NET/IB: ncclIbSenderQpsToRts: Set ECE: IbDev 0 Port 1 qp_num 46350 set_ece={supported=1, vendor_id=0x15b3, options=0x30000002, comp_mask=0x0}
spark-5fa1:62:73 [0] NCCL INFO NET/IB: ncclIbSenderQpsToRts: Set ECE: IbDev 0 Port 1 qp_num 46351 set_ece={supported=1, vendor_id=0x15b3, options=0x30000002, comp_mask=0x0}
spark-5fa1:62:73 [0] NCCL INFO NET/IB: Subnet-aware routing: overriding dev 5 with dev 2
spark-5fa1:62:73 [0] NCCL INFO NET/IB: ncclIbSenderQpsToRts: Set ECE: IbDev 2 Port 1 qp_num 2572 set_ece={supported=1, vendor_id=0x15b3, options=0x30000002, comp_mask=0x0}
spark-5fa1:62:73 [0] NCCL INFO NET/IB: ncclIbSenderQpsToRts: Set ECE: IbDev 2 Port 1 qp_num 2573 set_ece={supported=1, vendor_id=0x15b3, options=0x30000002, comp_mask=0x0}
spark-5fa1:62:73 [0] NCCL INFO NET/IB: Subnet-aware routing: overriding dev 4 with dev 0
spark-5fa1:62:73 [0] NCCL INFO NET/IB: ncclIbSenderQpsToRts: Set ECE: IbDev 0 Port 1 qp_num 46355 set_ece={supported=1, vendor_id=0x15b3, options=0x30000002, comp_mask=0x0}
spark-5fa1:62:73 [0] NCCL INFO NET/IB: ncclIbSenderQpsToRts: Set ECE: IbDev 0 Port 1 qp_num 46356 set_ece={supported=1, vendor_id=0x15b3, options=0x30000002, comp_mask=0x0}
spark-5fa1:62:73 [0] NCCL INFO NET/IB: Subnet-aware routing: overriding dev 4 with dev 0
spark-5fa1:62:73 [0] NCCL INFO NET/IB: ncclIbReceiverQpsCreateToRts: QP created: port=1 dev=0 devName=rocep1s0f0 ndevs=4 nmdevs=6 qp_num=46357 pkey=0 pd=0xff457c07ddd0 oooRq=0
spark-5fa1:62:73 [0] NCCL INFO NET/IB: ncclIbReceiverQpsCreateToRts: QP created: port=1 dev=0 devName=rocep1s0f0 ndevs=4 nmdevs=6 qp_num=46358 pkey=0 pd=0xff457c07ddd0 oooRq=0
spark-5fa1:62:73 [0] NCCL INFO NET/IB: ncclIbReceiverQpsCreateToRts: Flush QP created: port=1 dev=0 devName=rocep1s0f0 ndevs=4 nmdevs=6 qp_num=46359 pkey=0 pd=0xff457c07ddd0
spark-5fa1:62:73 [0] NCCL INFO NET/IB: Subnet-aware routing: overriding dev 5 with dev 2
spark-5fa1:62:73 [0] NCCL INFO NET/IB: ncclIbSenderQpsCreate: QP created: port=1 dev=2 devName=roceP2p1s0f0 ndevs=4 nmdevs=6 qp_num=2577 pkey=0 pd=0xff457c224940 oooRq=0
spark-5fa1:62:73 [0] NCCL INFO NET/IB: ncclIbSenderQpsCreate: QP created: port=1 dev=2 devName=roceP2p1s0f0 ndevs=4 nmdevs=6 qp_num=2578 pkey=0 pd=0xff457c224940 oooRq=0
spark-5fa1:62:73 [0] NCCL INFO NET/IB: ncclIbConnectImpl: NCCL Dev 2 IbDev 2 Port 1 qp_num 2577 mtu 5 GID 3 (0/16EA8C0FFFF0000) ctsFifoRkey=0x19989a ctsFifoLkey=0x19989a
spark-5fa1:62:73 [0] NCCL INFO NET/IB: ncclIbConnectImpl: IbDev 2 Port 1 qp_num 2577 query_ece={supported=1, vendor_id=0x15b3, options=0x30000002, comp_mask=0x0}
spark-5fa1:62:73 [0] NCCL INFO NET/IB: ncclIbConnectImpl: NCCL Dev 2 IbDev 2 Port 1 qp_num 2578 mtu 5 GID 3 (0/16EA8C0FFFF0000) ctsFifoRkey=0x19989a ctsFifoLkey=0x19989a
spark-5fa1:62:73 [0] NCCL INFO NET/IB: ncclIbConnectImpl: IbDev 2 Port 1 qp_num 2578 query_ece={supported=1, vendor_id=0x15b3, options=0x30000002, comp_mask=0x0}
spark-5fa1:62:73 [0] NCCL INFO NET/IB: Subnet-aware routing: overriding dev 4 with dev 0
spark-5fa1:62:73 [0] NCCL INFO NET/IB: ncclIbResiliencyInit: Resiliency is disabled on the send communicator (comm=0xff457d045000)
spark-5fa1:62:73 [0] NCCL INFO NET/IB: Subnet-aware routing: overriding dev 5 with dev 2
spark-5fa1:62:73 [0] NCCL INFO NET/IB: Subnet-aware routing: overriding dev 5 with dev 2
spark-5fa1:62:73 [0] NCCL INFO NET/IB: ncclIbReceiverQpsCreateToRts: QP created: port=1 dev=2 devName=roceP2p1s0f0 ndevs=4 nmdevs=6 qp_num=2579 pkey=0 pd=0xff457c224940 oooRq=0
spark-5fa1:62:73 [0] NCCL INFO NET/IB: ncclIbReceiverQpsCreateToRts: QP created: port=1 dev=2 devName=roceP2p1s0f0 ndevs=4 nmdevs=6 qp_num=2580 pkey=0 pd=0xff457c224940 oooRq=0
spark-5fa1:62:73 [0] NCCL INFO NET/IB: ncclIbReceiverQpsCreateToRts: Flush QP created: port=1 dev=2 devName=roceP2p1s0f0 ndevs=4 nmdevs=6 qp_num=2581 pkey=0 pd=0xff457c224940
spark-5fa1:62:73 [0] NCCL INFO NET/IB: Subnet-aware routing: overriding dev 4 with dev 0
spark-5fa1:62:73 [0] NCCL INFO NET/IB: ncclIbResiliencyInit: Resiliency is disabled on the recv communicator (comm=0xff457d102000)
spark-5fa1:62:73 [0] NCCL INFO NET/IB: ncclIbRecvCommInit: Receive work requests will be posted on-demand
spark-5fa1:62:73 [0] NCCL INFO NET/IB: Subnet-aware routing: overriding dev 5 with dev 2
spark-5fa1:62:73 [0] NCCL INFO NET/IB: ncclIbSenderQpsToRts: Set ECE: IbDev 2 Port 1 qp_num 2577 set_ece={supported=1, vendor_id=0x15b3, options=0x30000002, comp_mask=0x0}
spark-5fa1:62:73 [0] NCCL INFO NET/IB: ncclIbSenderQpsToRts: Set ECE: IbDev 2 Port 1 qp_num 2578 set_ece={supported=1, vendor_id=0x15b3, options=0x30000002, comp_mask=0x0}
spark-5fa1:62:73 [0] NCCL INFO NET/IB: Subnet-aware routing: overriding dev 4 with dev 0
spark-5fa1:62:73 [0] NCCL INFO NET/IB: Subnet-aware routing: overriding dev 5 with dev 2
spark-5fa1:62:73 [0] NCCL INFO NET/IB: ncclIbResiliencyInit: Resiliency is disabled on the send communicator (comm=0xff457d14a000)
spark-5fa1:62:73 [0] NCCL INFO NET/IB: Subnet-aware routing: overriding dev 4 with dev 0
spark-5fa1:62:73 [0] NCCL INFO NET/IB: ncclIbSenderQpsCreate: QP created: port=1 dev=0 devName=rocep1s0f0 ndevs=4 nmdevs=6 qp_num=46360 pkey=0 pd=0xff457c07ddd0 oooRq=0
spark-5fa1:62:73 [0] NCCL INFO NET/IB: ncclIbSenderQpsCreate: QP created: port=1 dev=0 devName=rocep1s0f0 ndevs=4 nmdevs=6 qp_num=46361 pkey=0 pd=0xff457c07ddd0 oooRq=0
spark-5fa1:62:73 [0] NCCL INFO NET/IB: ncclIbConnectImpl: NCCL Dev 0 IbDev 0 Port 1 qp_num 46360 mtu 5 GID 6 (0/164A8C0FFFF0000) ctsFifoRkey=0x222c9b ctsFifoLkey=0x222c9b
spark-5fa1:62:73 [0] NCCL INFO NET/IB: ncclIbConnectImpl: IbDev 0 Port 1 qp_num 46360 query_ece={supported=1, vendor_id=0x15b3, options=0x30000002, comp_mask=0x0}
spark-5fa1:62:73 [0] NCCL INFO NET/IB: ncclIbConnectImpl: NCCL Dev 0 IbDev 0 Port 1 qp_num 46361 mtu 5 GID 6 (0/164A8C0FFFF0000) ctsFifoRkey=0x222c9b ctsFifoLkey=0x222c9b
spark-5fa1:62:73 [0] NCCL INFO NET/IB: ncclIbConnectImpl: IbDev 0 Port 1 qp_num 46361 query_ece={supported=1, vendor_id=0x15b3, options=0x30000002, comp_mask=0x0}
spark-5fa1:62:73 [0] NCCL INFO NET/IB: Subnet-aware routing: overriding dev 4 with dev 0
spark-5fa1:62:73 [0] NCCL INFO NET/IB: ncclIbReceiverQpsCreateToRts: QP created: port=1 dev=0 devName=rocep1s0f0 ndevs=4 nmdevs=6 qp_num=46362 pkey=0 pd=0xff457c07ddd0 oooRq=0
spark-5fa1:62:73 [0] NCCL INFO NET/IB: ncclIbReceiverQpsCreateToRts: QP created: port=1 dev=0 devName=rocep1s0f0 ndevs=4 nmdevs=6 qp_num=46363 pkey=0 pd=0xff457c07ddd0 oooRq=0
spark-5fa1:62:73 [0] NCCL INFO NET/IB: ncclIbReceiverQpsCreateToRts: Flush QP created: port=1 dev=0 devName=rocep1s0f0 ndevs=4 nmdevs=6 qp_num=46364 pkey=0 pd=0xff457c07ddd0
spark-5fa1:62:73 [0] NCCL INFO NET/IB: Subnet-aware routing: overriding dev 5 with dev 2
spark-5fa1:62:73 [0] NCCL INFO NET/IB: ncclIbResiliencyInit: Resiliency is disabled on the recv communicator (comm=0xff457d260000)
spark-5fa1:62:73 [0] NCCL INFO NET/IB: ncclIbRecvCommInit: Receive work requests will be posted on-demand
spark-5fa1:62:73 [0] NCCL INFO NET/IB: Subnet-aware routing: overriding dev 4 with dev 0
spark-5fa1:62:73 [0] NCCL INFO NET/IB: Subnet-aware routing: overriding dev 5 with dev 2
spark-5fa1:62:73 [0] NCCL INFO NET/IB: Subnet-aware routing: overriding dev 4 with dev 0
spark-5fa1:62:73 [0] NCCL INFO NET/IB: ncclIbResiliencyInit: Resiliency is disabled on the send communicator (comm=0xff457d2a8000)
spark-5fa1:62:73 [0] NCCL INFO NET/IB: Subnet-aware routing: overriding dev 4 with dev 0
spark-5fa1:62:73 [0] NCCL INFO NET/IB: ncclIbSenderQpsToRts: Set ECE: IbDev 0 Port 1 qp_num 46360 set_ece={supported=1, vendor_id=0x15b3, options=0x30000002, comp_mask=0x0}
spark-5fa1:62:73 [0] NCCL INFO NET/IB: ncclIbSenderQpsToRts: Set ECE: IbDev 0 Port 1 qp_num 46361 set_ece={supported=1, vendor_id=0x15b3, options=0x30000002, comp_mask=0x0}
spark-5fa1:62:73 [0] NCCL INFO NET/IB: Subnet-aware routing: overriding dev 5 with dev 2
spark-5fa1:62:73 [0] NCCL INFO NET/IB: Subnet-aware routing: overriding dev 4 with dev 0
spark-5fa1:62:73 [0] NCCL INFO NET/IB: ncclIbResiliencyInit: Resiliency is disabled on the recv communicator (comm=0xff457d2e9000)
spark-5fa1:62:73 [0] NCCL INFO NET/IB: ncclIbRecvCommInit: Receive work requests will be posted on-demand
spark-5fa1:62:73 [0] NCCL INFO NET/IB: Subnet-aware routing: overriding dev 5 with dev 2
spark-5fa1:62:73 [0] NCCL INFO NET/IB: Subnet-aware routing: overriding dev 4 with dev 0
spark-5fa1:62:73 [0] NCCL INFO NET/IB: Subnet-aware routing: overriding dev 5 with dev 2
spark-5fa1:62:73 [0] NCCL INFO NET/IB: ncclIbResiliencyInit: Resiliency is disabled on the send communicator (comm=0xff457d331000)
spark-5fa1:62:73 [0] NCCL INFO NET/IB: Subnet-aware routing: overriding dev 5 with dev 2
spark-5fa1:62:73 [0] NCCL INFO NET/IB: Subnet-aware routing: overriding dev 4 with dev 0
spark-5fa1:62:73 [0] NCCL INFO NET/IB: Subnet-aware routing: overriding dev 5 with dev 2
spark-5fa1:62:73 [0] NCCL INFO NET/IB: ncclIbResiliencyInit: Resiliency is disabled on the recv communicator (comm=0xff457d372000)
spark-5fa1:62:73 [0] NCCL INFO NET/IB: ncclIbRecvCommInit: Receive work requests will be posted on-demand
spark-5fa1:62:73 [0] NCCL INFO NET/IB: Subnet-aware routing: overriding dev 5 with dev 2
spark-5fa1:62:73 [0] NCCL INFO NET/IB: Subnet-aware routing: overriding dev 4 with dev 0
spark-5fa1:62:73 [0] NCCL INFO NET/IB: Subnet-aware routing: overriding dev 5 with dev 2
spark-5fa1:62:73 [0] NCCL INFO NET/IB: Subnet-aware routing: overriding dev 4 with dev 0
spark-5fa1:62:73 [0] NCCL INFO NET/IB: ncclIbResiliencyInit: Resiliency is disabled on the send communicator (comm=0xff457d3ba000)
spark-5fa1:62:73 [0] NCCL INFO NET/IB: Subnet-aware routing: overriding dev 5 with dev 2
spark-5fa1:62:73 [0] NCCL INFO NET/IB: Subnet-aware routing: overriding dev 4 with dev 0
spark-5fa1:62:73 [0] NCCL INFO NET/IB: Subnet-aware routing: overriding dev 5 with dev 2
spark-5fa1:62:73 [0] NCCL INFO NET/IB: Subnet-aware routing: overriding dev 4 with dev 0
spark-5fa1:62:73 [0] NCCL INFO NET/IB: ncclIbResiliencyInit: Resiliency is disabled on the recv communicator (comm=0xff457d3fb000)
spark-5fa1:62:73 [0] NCCL INFO NET/IB: ncclIbRecvCommInit: Receive work requests will be posted on-demand
spark-5fa1:62:73 [0] NCCL INFO NET/IB: Subnet-aware routing: overriding dev 5 with dev 2
spark-5fa1:62:73 [0] NCCL INFO NET/IB: Subnet-aware routing: overriding dev 4 with dev 0
spark-5fa1:62:73 [0] NCCL INFO NET/IB: Subnet-aware routing: overriding dev 5 with dev 2
spark-5fa1:62:73 [0] NCCL INFO NET/IB: Subnet-aware routing: overriding dev 4 with dev 0
spark-5fa1:62:73 [0] NCCL INFO NET/IB: Subnet-aware routing: overriding dev 5 with dev 2
spark-5fa1:62:73 [0] NCCL INFO NET/IB: ncclIbResiliencyInit: Resiliency is disabled on the send communicator (comm=0xff457d443000)
spark-5fa1:62:73 [0] NCCL INFO NET/IB: Subnet-aware routing: overriding dev 5 with dev 2
spark-5fa1:62:73 [0] NCCL INFO NET/IB: Subnet-aware routing: overriding dev 4 with dev 0
spark-5fa1:62:73 [0] NCCL INFO NET/IB: Subnet-aware routing: overriding dev 5 with dev 2
spark-5fa1:62:73 [0] NCCL INFO NET/IB: Subnet-aware routing: overriding dev 4 with dev 0
spark-5fa1:62:73 [0] NCCL INFO NET/IB: Subnet-aware routing: overriding dev 5 with dev 2
spark-5fa1:62:73 [0] NCCL INFO NET/IB: ncclIbResiliencyInit: Resiliency is disabled on the recv communicator (comm=0xff457d484000)
spark-5fa1:62:73 [0] NCCL INFO NET/IB: ncclIbRecvCommInit: Receive work requests will be posted on-demand
spark-5fa1:62:73 [0] NCCL INFO NET/IB: Subnet-aware routing: overriding dev 5 with dev 2
spark-5fa1:62:73 [0] NCCL INFO NET/IB: Subnet-aware routing: overriding dev 4 with dev 0
spark-5fa1:62:73 [0] NCCL INFO NET/IB: Subnet-aware routing: overriding dev 5 with dev 2
spark-5fa1:62:73 [0] NCCL INFO NET/IB: Subnet-aware routing: overriding dev 4 with dev 0
spark-5fa1:62:73 [0] NCCL INFO NET/IB: Subnet-aware routing: overriding dev 5 with dev 2
spark-5fa1:62:73 [0] NCCL INFO NET/IB: Subnet-aware routing: overriding dev 4 with dev 0
spark-5fa1:62:73 [0] NCCL INFO NET/IB: ncclIbResiliencyInit: Resiliency is disabled on the send communicator (comm=0xff457d4cc000)
spark-5fa1:62:73 [0] NCCL INFO NET/IB: Subnet-aware routing: overriding dev 5 with dev 2
spark-5fa1:62:73 [0] NCCL INFO NET/IB: Subnet-aware routing: overriding dev 4 with dev 0
spark-5fa1:62:73 [0] NCCL INFO NET/IB: Subnet-aware routing: overriding dev 5 with dev 2
spark-5fa1:62:73 [0] NCCL INFO NET/IB: Subnet-aware routing: overriding dev 4 with dev 0
spark-5fa1:62:73 [0] NCCL INFO NET/IB: Subnet-aware routing: overriding dev 5 with dev 2
spark-5fa1:62:73 [0] NCCL INFO NET/IB: Subnet-aware routing: overriding dev 4 with dev 0
spark-5fa1:62:73 [0] NCCL INFO NET/IB: ncclIbResiliencyInit: Resiliency is disabled on the recv communicator (comm=0xff457d50d000)
spark-5fa1:62:73 [0] NCCL INFO NET/IB: ncclIbRecvCommInit: Receive work requests will be posted on-demand
spark-5fa1:62:73 [0] NCCL INFO NET/IB: Subnet-aware routing: overriding dev 5 with dev 2
spark-5fa1:62:73 [0] NCCL INFO NET/IB: Subnet-aware routing: overriding dev 4 with dev 0
spark-5fa1:62:73 [0] NCCL INFO NET/IB: Subnet-aware routing: overriding dev 5 with dev 2
spark-5fa1:62:73 [0] NCCL INFO NET/IB: Subnet-aware routing: overriding dev 4 with dev 0
spark-5fa1:62:73 [0] NCCL INFO NET/IB: Subnet-aware routing: overriding dev 5 with dev 2
spark-5fa1:62:73 [0] NCCL INFO NET/IB: Subnet-aware routing: overriding dev 4 with dev 0
spark-5fa1:62:73 [0] NCCL INFO NET/IB: Subnet-aware routing: overriding dev 5 with dev 2
spark-5fa1:62:73 [0] NCCL INFO NET/IB: ncclIbResiliencyInit: Resiliency is disabled on the send communicator (comm=0xff457d555000)
spark-5fa1:62:73 [0] NCCL INFO NET/IB: Subnet-aware routing: overriding dev 5 with dev 2
spark-5fa1:62:73 [0] NCCL INFO NET/IB: Subnet-aware routing: overriding dev 4 with dev 0
spark-5fa1:62:73 [0] NCCL INFO NET/IB: Subnet-aware routing: overriding dev 5 with dev 2
spark-5fa1:62:73 [0] NCCL INFO NET/IB: Subnet-aware routing: overriding dev 4 with dev 0
spark-5fa1:62:73 [0] NCCL INFO NET/IB: Subnet-aware routing: overriding dev 5 with dev 2
spark-5fa1:62:73 [0] NCCL INFO NET/IB: Subnet-aware routing: overriding dev 4 with dev 0
spark-5fa1:62:73 [0] NCCL INFO NET/IB: Subnet-aware routing: overriding dev 5 with dev 2
spark-5fa1:62:73 [0] NCCL INFO NET/IB: ncclIbResiliencyInit: Resiliency is disabled on the recv communicator (comm=0xff457d596000)
spark-5fa1:62:73 [0] NCCL INFO NET/IB: ncclIbRecvCommInit: Receive work requests will be posted on-demand
spark-5fa1:62:73 [0] NCCL INFO NET/IB: Subnet-aware routing: overriding dev 5 with dev 2
spark-5fa1:62:73 [0] NCCL INFO NET/IB: Subnet-aware routing: overriding dev 4 with dev 0
spark-5fa1:62:73 [0] NCCL INFO NET/IB: Subnet-aware routing: overriding dev 5 with dev 2
spark-5fa1:62:73 [0] NCCL INFO NET/IB: Subnet-aware routing: overriding dev 4 with dev 0
spark-5fa1:62:73 [0] NCCL INFO NET/IB: Subnet-aware routing: overriding dev 5 with dev 2
spark-5fa1:62:73 [0] NCCL INFO NET/IB: Subnet-aware routing: overriding dev 4 with dev 0
spark-5fa1:62:73 [0] NCCL INFO NET/IB: Subnet-aware routing: overriding dev 5 with dev 2
spark-5fa1:62:73 [0] NCCL INFO NET/IB: Subnet-aware routing: overriding dev 4 with dev 0
spark-5fa1:62:73 [0] NCCL INFO NET/IB: ncclIbResiliencyInit: Resiliency is disabled on the send communicator (comm=0xff457d5de000)
spark-5fa1:62:73 [0] NCCL INFO NET/IB: Subnet-aware routing: overriding dev 5 with dev 2
spark-5fa1:62:73 [0] NCCL INFO NET/IB: Subnet-aware routing: overriding dev 4 with dev 0
spark-5fa1:62:73 [0] NCCL INFO NET/IB: Subnet-aware routing: overriding dev 5 with dev 2
spark-5fa1:62:73 [0] NCCL INFO NET/IB: Subnet-aware routing: overriding dev 4 with dev 0
spark-5fa1:62:73 [0] NCCL INFO NET/IB: Subnet-aware routing: overriding dev 5 with dev 2
spark-5fa1:62:73 [0] NCCL INFO NET/IB: Subnet-aware routing: overriding dev 4 with dev 0
spark-5fa1:62:73 [0] NCCL INFO NET/IB: Subnet-aware routing: overriding dev 5 with dev 2
spark-5fa1:62:73 [0] NCCL INFO NET/IB: Subnet-aware routing: overriding dev 4 with dev 0
spark-5fa1:62:73 [0] NCCL INFO NET/IB: ncclIbResiliencyInit: Resiliency is disabled on the recv communicator (comm=0xff457d62b000)
spark-5fa1:62:73 [0] NCCL INFO NET/IB: ncclIbRecvCommInit: Receive work requests will be posted on-demand
spark-5fa1:62:73 [0] NCCL INFO NET/IB: Subnet-aware routing: overriding dev 5 with dev 2
spark-5fa1:62:73 [0] NCCL INFO NET/IB: ncclIbSenderQpsCreate: QP created: port=1 dev=2 devName=roceP2p1s0f0 ndevs=4 nmdevs=6 qp_num=2582 pkey=0 pd=0xff457c224940 oooRq=0
spark-5fa1:62:73 [0] NCCL INFO NET/IB: ncclIbSenderQpsCreate: QP created: port=1 dev=2 devName=roceP2p1s0f0 ndevs=4 nmdevs=6 qp_num=2583 pkey=0 pd=0xff457c224940 oooRq=0
spark-5fa1:62:73 [0] NCCL INFO NET/IB: ncclIbConnectImpl: NCCL Dev 2 IbDev 2 Port 1 qp_num 2582 mtu 5 GID 3 (0/16EA8C0FFFF0000) ctsFifoRkey=0x18f2f2 ctsFifoLkey=0x18f2f2
spark-5fa1:62:73 [0] NCCL INFO NET/IB: ncclIbConnectImpl: IbDev 2 Port 1 qp_num 2582 query_ece={supported=1, vendor_id=0x15b3, options=0x30000002, comp_mask=0x0}
spark-5fa1:62:73 [0] NCCL INFO NET/IB: ncclIbConnectImpl: NCCL Dev 2 IbDev 2 Port 1 qp_num 2583 mtu 5 GID 3 (0/16EA8C0FFFF0000) ctsFifoRkey=0x18f2f2 ctsFifoLkey=0x18f2f2
spark-5fa1:62:73 [0] NCCL INFO NET/IB: ncclIbConnectImpl: IbDev 2 Port 1 qp_num 2583 query_ece={supported=1, vendor_id=0x15b3, options=0x30000002, comp_mask=0x0}
spark-5fa1:62:73 [0] NCCL INFO NET/IB: Subnet-aware routing: overriding dev 5 with dev 2
spark-5fa1:62:73 [0] NCCL INFO NET/IB: ncclIbReceiverQpsCreateToRts: QP created: port=1 dev=2 devName=roceP2p1s0f0 ndevs=4 nmdevs=6 qp_num=2584 pkey=0 pd=0xff457c224940 oooRq=0
spark-5fa1:62:73 [0] NCCL INFO NET/IB: ncclIbReceiverQpsCreateToRts: QP created: port=1 dev=2 devName=roceP2p1s0f0 ndevs=4 nmdevs=6 qp_num=2585 pkey=0 pd=0xff457c224940 oooRq=0
spark-5fa1:62:73 [0] NCCL INFO NET/IB: ncclIbReceiverQpsCreateToRts: Flush QP created: port=1 dev=2 devName=roceP2p1s0f0 ndevs=4 nmdevs=6 qp_num=2586 pkey=0 pd=0xff457c224940
spark-5fa1:62:73 [0] NCCL INFO NET/IB: Subnet-aware routing: overriding dev 4 with dev 0
spark-5fa1:62:73 [0] NCCL INFO NET/IB: Subnet-aware routing: overriding dev 4 with dev 0
spark-5fa1:62:73 [0] NCCL INFO NET/IB: ncclIbReceiverQpsCreateToRts: QP created: port=1 dev=0 devName=rocep1s0f0 ndevs=4 nmdevs=6 qp_num=46365 pkey=0 pd=0xff457c07ddd0 oooRq=0
spark-5fa1:62:73 [0] NCCL INFO NET/IB: ncclIbReceiverQpsCreateToRts: QP created: port=1 dev=0 devName=rocep1s0f0 ndevs=4 nmdevs=6 qp_num=46366 pkey=0 pd=0xff457c07ddd0 oooRq=0
spark-5fa1:62:73 [0] NCCL INFO NET/IB: ncclIbReceiverQpsCreateToRts: Flush QP created: port=1 dev=0 devName=rocep1s0f0 ndevs=4 nmdevs=6 qp_num=46367 pkey=0 pd=0xff457c07ddd0
spark-5fa1:62:73 [0] NCCL INFO NET/IB: Subnet-aware routing: overriding dev 5 with dev 2
spark-5fa1:62:73 [0] NCCL INFO NET/IB: Subnet-aware routing: overriding dev 4 with dev 0
spark-5fa1:62:73 [0] NCCL INFO NET/IB: Subnet-aware routing: overriding dev 5 with dev 2
spark-5fa1:62:73 [0] NCCL INFO NET/IB: ncclIbSenderQpsCreate: QP created: port=1 dev=2 devName=roceP2p1s0f0 ndevs=4 nmdevs=6 qp_num=2587 pkey=0 pd=0xff457c224940 oooRq=0
spark-5fa1:62:73 [0] NCCL INFO NET/IB: ncclIbSenderQpsCreate: QP created: port=1 dev=2 devName=roceP2p1s0f0 ndevs=4 nmdevs=6 qp_num=2588 pkey=0 pd=0xff457c224940 oooRq=0
spark-5fa1:62:73 [0] NCCL INFO NET/IB: ncclIbConnectImpl: NCCL Dev 2 IbDev 2 Port 1 qp_num 2587 mtu 5 GID 3 (0/16EA8C0FFFF0000) ctsFifoRkey=0x18c0bf ctsFifoLkey=0x18c0bf
spark-5fa1:62:73 [0] NCCL INFO NET/IB: ncclIbConnectImpl: IbDev 2 Port 1 qp_num 2587 query_ece={supported=1, vendor_id=0x15b3, options=0x30000002, comp_mask=0x0}
spark-5fa1:62:73 [0] NCCL INFO NET/IB: ncclIbConnectImpl: NCCL Dev 2 IbDev 2 Port 1 qp_num 2588 mtu 5 GID 3 (0/16EA8C0FFFF0000) ctsFifoRkey=0x18c0bf ctsFifoLkey=0x18c0bf
spark-5fa1:62:73 [0] NCCL INFO NET/IB: ncclIbConnectImpl: IbDev 2 Port 1 qp_num 2588 query_ece={supported=1, vendor_id=0x15b3, options=0x30000002, comp_mask=0x0}
spark-5fa1:62:73 [0] NCCL INFO NET/IB: Subnet-aware routing: overriding dev 4 with dev 0
spark-5fa1:62:73 [0] NCCL INFO NET/IB: ncclIbSenderQpsCreate: QP created: port=1 dev=0 devName=rocep1s0f0 ndevs=4 nmdevs=6 qp_num=46368 pkey=0 pd=0xff457c07ddd0 oooRq=0
spark-5fa1:62:73 [0] NCCL INFO NET/IB: ncclIbSenderQpsCreate: QP created: port=1 dev=0 devName=rocep1s0f0 ndevs=4 nmdevs=6 qp_num=46369 pkey=0 pd=0xff457c07ddd0 oooRq=0
spark-5fa1:62:73 [0] NCCL INFO NET/IB: ncclIbConnectImpl: NCCL Dev 0 IbDev 0 Port 1 qp_num 46368 mtu 5 GID 6 (0/164A8C0FFFF0000) ctsFifoRkey=0x17e7a4 ctsFifoLkey=0x17e7a4
spark-5fa1:62:73 [0] NCCL INFO NET/IB: ncclIbConnectImpl: IbDev 0 Port 1 qp_num 46368 query_ece={supported=1, vendor_id=0x15b3, options=0x30000002, comp_mask=0x0}
spark-5fa1:62:73 [0] NCCL INFO NET/IB: ncclIbConnectImpl: NCCL Dev 0 IbDev 0 Port 1 qp_num 46369 mtu 5 GID 6 (0/164A8C0FFFF0000) ctsFifoRkey=0x17e7a4 ctsFifoLkey=0x17e7a4
spark-5fa1:62:73 [0] NCCL INFO NET/IB: ncclIbConnectImpl: IbDev 0 Port 1 qp_num 46369 query_ece={supported=1, vendor_id=0x15b3, options=0x30000002, comp_mask=0x0}
spark-5fa1:62:73 [0] NCCL INFO NET/IB: Subnet-aware routing: overriding dev 5 with dev 2
spark-5fa1:62:73 [0] NCCL INFO NET/IB: ncclIbSenderQpsCreate: QP created: port=1 dev=2 devName=roceP2p1s0f0 ndevs=4 nmdevs=6 qp_num=2589 pkey=0 pd=0xff457c224940 oooRq=0
spark-5fa1:62:73 [0] NCCL INFO NET/IB: ncclIbSenderQpsCreate: QP created: port=1 dev=2 devName=roceP2p1s0f0 ndevs=4 nmdevs=6 qp_num=2590 pkey=0 pd=0xff457c224940 oooRq=0
spark-5fa1:62:73 [0] NCCL INFO NET/IB: ncclIbConnectImpl: NCCL Dev 2 IbDev 2 Port 1 qp_num 2589 mtu 5 GID 3 (0/16EA8C0FFFF0000) ctsFifoRkey=0x194947 ctsFifoLkey=0x194947
spark-5fa1:62:73 [0] NCCL INFO NET/IB: ncclIbConnectImpl: IbDev 2 Port 1 qp_num 2589 query_ece={supported=1, vendor_id=0x15b3, options=0x30000002, comp_mask=0x0}
spark-5fa1:62:73 [0] NCCL INFO NET/IB: ncclIbConnectImpl: NCCL Dev 2 IbDev 2 Port 1 qp_num 2590 mtu 5 GID 3 (0/16EA8C0FFFF0000) ctsFifoRkey=0x194947 ctsFifoLkey=0x194947
spark-5fa1:62:73 [0] NCCL INFO NET/IB: ncclIbConnectImpl: IbDev 2 Port 1 qp_num 2590 query_ece={supported=1, vendor_id=0x15b3, options=0x30000002, comp_mask=0x0}
spark-5fa1:62:73 [0] NCCL INFO NET/IB: Subnet-aware routing: overriding dev 4 with dev 0
spark-5fa1:62:73 [0] NCCL INFO NET/IB: ncclIbSenderQpsCreate: QP created: port=1 dev=0 devName=rocep1s0f0 ndevs=4 nmdevs=6 qp_num=46370 pkey=0 pd=0xff457c07ddd0 oooRq=0
spark-5fa1:62:73 [0] NCCL INFO NET/IB: ncclIbSenderQpsCreate: QP created: port=1 dev=0 devName=rocep1s0f0 ndevs=4 nmdevs=6 qp_num=46371 pkey=0 pd=0xff457c07ddd0 oooRq=0
spark-5fa1:62:73 [0] NCCL INFO NET/IB: ncclIbConnectImpl: NCCL Dev 0 IbDev 0 Port 1 qp_num 46370 mtu 5 GID 6 (0/164A8C0FFFF0000) ctsFifoRkey=0x167432 ctsFifoLkey=0x167432
spark-5fa1:62:73 [0] NCCL INFO NET/IB: ncclIbConnectImpl: IbDev 0 Port 1 qp_num 46370 query_ece={supported=1, vendor_id=0x15b3, options=0x30000002, comp_mask=0x0}
spark-5fa1:62:73 [0] NCCL INFO NET/IB: ncclIbConnectImpl: NCCL Dev 0 IbDev 0 Port 1 qp_num 46371 mtu 5 GID 6 (0/164A8C0FFFF0000) ctsFifoRkey=0x167432 ctsFifoLkey=0x167432
spark-5fa1:62:73 [0] NCCL INFO NET/IB: ncclIbConnectImpl: IbDev 0 Port 1 qp_num 46371 query_ece={supported=1, vendor_id=0x15b3, options=0x30000002, comp_mask=0x0}
spark-5fa1:62:73 [0] NCCL INFO NET/IB: Subnet-aware routing: overriding dev 5 with dev 2
spark-5fa1:62:73 [0] NCCL INFO NET/IB: ncclIbResiliencyInit: Resiliency is disabled on the send communicator (comm=0xff457d932000)
spark-5fa1:62:73 [0] NCCL INFO NET/IB: Subnet-aware routing: overriding dev 5 with dev 2
spark-5fa1:62:73 [0] NCCL INFO NET/IB: ncclIbSenderQpsToRts: Set ECE: IbDev 2 Port 1 qp_num 2582 set_ece={supported=1, vendor_id=0x15b3, options=0x30000002, comp_mask=0x0}
spark-5fa1:62:73 [0] NCCL INFO NET/IB: ncclIbSenderQpsToRts: Set ECE: IbDev 2 Port 1 qp_num 2583 set_ece={supported=1, vendor_id=0x15b3, options=0x30000002, comp_mask=0x0}
spark-5fa1:62:73 [0] NCCL INFO NET/IB: Subnet-aware routing: overriding dev 4 with dev 0
spark-5fa1:62:73 [0] NCCL INFO NET/IB: ncclIbSenderQpsCreate: QP created: port=1 dev=0 devName=rocep1s0f0 ndevs=4 nmdevs=6 qp_num=46372 pkey=0 pd=0xff457c07ddd0 oooRq=0
spark-5fa1:62:73 [0] NCCL INFO NET/IB: ncclIbSenderQpsCreate: QP created: port=1 dev=0 devName=rocep1s0f0 ndevs=4 nmdevs=6 qp_num=46373 pkey=0 pd=0xff457c07ddd0 oooRq=0
spark-5fa1:62:73 [0] NCCL INFO NET/IB: ncclIbConnectImpl: NCCL Dev 0 IbDev 0 Port 1 qp_num 46372 mtu 5 GID 6 (0/164A8C0FFFF0000) ctsFifoRkey=0x18aa95 ctsFifoLkey=0x18aa95
spark-5fa1:62:73 [0] NCCL INFO NET/IB: ncclIbConnectImpl: IbDev 0 Port 1 qp_num 46372 query_ece={supported=1, vendor_id=0x15b3, options=0x30000002, comp_mask=0x0}
spark-5fa1:62:73 [0] NCCL INFO NET/IB: ncclIbConnectImpl: NCCL Dev 0 IbDev 0 Port 1 qp_num 46373 mtu 5 GID 6 (0/164A8C0FFFF0000) ctsFifoRkey=0x18aa95 ctsFifoLkey=0x18aa95
spark-5fa1:62:73 [0] NCCL INFO NET/IB: ncclIbConnectImpl: IbDev 0 Port 1 qp_num 46373 query_ece={supported=1, vendor_id=0x15b3, options=0x30000002, comp_mask=0x0}
spark-5fa1:62:73 [0] NCCL INFO NET/IB: Subnet-aware routing: overriding dev 5 with dev 2
spark-5fa1:62:73 [0] NCCL INFO NET/IB: ncclIbSenderQpsCreate: QP created: port=1 dev=2 devName=roceP2p1s0f0 ndevs=4 nmdevs=6 qp_num=2591 pkey=0 pd=0xff457c224940 oooRq=0
spark-5fa1:62:73 [0] NCCL INFO NET/IB: ncclIbSenderQpsCreate: QP created: port=1 dev=2 devName=roceP2p1s0f0 ndevs=4 nmdevs=6 qp_num=2592 pkey=0 pd=0xff457c224940 oooRq=0
spark-5fa1:62:73 [0] NCCL INFO NET/IB: ncclIbConnectImpl: NCCL Dev 2 IbDev 2 Port 1 qp_num 2591 mtu 5 GID 3 (0/16EA8C0FFFF0000) ctsFifoRkey=0x171919 ctsFifoLkey=0x171919
spark-5fa1:62:73 [0] NCCL INFO NET/IB: ncclIbConnectImpl: IbDev 2 Port 1 qp_num 2591 query_ece={supported=1, vendor_id=0x15b3, options=0x30000002, comp_mask=0x0}
spark-5fa1:62:73 [0] NCCL INFO NET/IB: ncclIbConnectImpl: NCCL Dev 2 IbDev 2 Port 1 qp_num 2592 mtu 5 GID 3 (0/16EA8C0FFFF0000) ctsFifoRkey=0x171919 ctsFifoLkey=0x171919
spark-5fa1:62:73 [0] NCCL INFO NET/IB: ncclIbConnectImpl: IbDev 2 Port 1 qp_num 2592 query_ece={supported=1, vendor_id=0x15b3, options=0x30000002, comp_mask=0x0}
spark-5fa1:62:73 [0] NCCL INFO NET/IB: Subnet-aware routing: overriding dev 5 with dev 2
spark-5fa1:62:73 [0] NCCL INFO NET/IB: ncclIbReceiverQpsCreateToRts: QP created: port=1 dev=2 devName=roceP2p1s0f0 ndevs=4 nmdevs=6 qp_num=2593 pkey=0 pd=0xff457c224940 oooRq=0
spark-5fa1:62:73 [0] NCCL INFO NET/IB: ncclIbReceiverQpsCreateToRts: QP created: port=1 dev=2 devName=roceP2p1s0f0 ndevs=4 nmdevs=6 qp_num=2594 pkey=0 pd=0xff457c224940 oooRq=0
spark-5fa1:62:73 [0] NCCL INFO NET/IB: ncclIbReceiverQpsCreateToRts: Flush QP created: port=1 dev=2 devName=roceP2p1s0f0 ndevs=4 nmdevs=6 qp_num=2595 pkey=0 pd=0xff457c224940
spark-5fa1:62:73 [0] NCCL INFO NET/IB: Subnet-aware routing: overriding dev 4 with dev 0
spark-5fa1:62:73 [0] NCCL INFO NET/IB: ncclIbSenderQpsCreate: QP created: port=1 dev=0 devName=rocep1s0f0 ndevs=4 nmdevs=6 qp_num=46374 pkey=0 pd=0xff457c07ddd0 oooRq=0
spark-5fa1:62:73 [0] NCCL INFO NET/IB: ncclIbSenderQpsCreate: QP created: port=1 dev=0 devName=rocep1s0f0 ndevs=4 nmdevs=6 qp_num=46375 pkey=0 pd=0xff457c07ddd0 oooRq=0
spark-5fa1:62:73 [0] NCCL INFO NET/IB: ncclIbConnectImpl: NCCL Dev 0 IbDev 0 Port 1 qp_num 46374 mtu 5 GID 6 (0/164A8C0FFFF0000) ctsFifoRkey=0x1601bf ctsFifoLkey=0x1601bf
spark-5fa1:62:73 [0] NCCL INFO NET/IB: ncclIbConnectImpl: IbDev 0 Port 1 qp_num 46374 query_ece={supported=1, vendor_id=0x15b3, options=0x30000002, comp_mask=0x0}
spark-5fa1:62:73 [0] NCCL INFO NET/IB: ncclIbConnectImpl: NCCL Dev 0 IbDev 0 Port 1 qp_num 46375 mtu 5 GID 6 (0/164A8C0FFFF0000) ctsFifoRkey=0x1601bf ctsFifoLkey=0x1601bf
spark-5fa1:62:73 [0] NCCL INFO NET/IB: ncclIbConnectImpl: IbDev 0 Port 1 qp_num 46375 query_ece={supported=1, vendor_id=0x15b3, options=0x30000002, comp_mask=0x0}
spark-5fa1:62:73 [0] NCCL INFO NET/IB: Subnet-aware routing: overriding dev 4 with dev 0
spark-5fa1:62:73 [0] NCCL INFO NET/IB: ncclIbReceiverQpsCreateToRts: QP created: port=1 dev=0 devName=rocep1s0f0 ndevs=4 nmdevs=6 qp_num=46376 pkey=0 pd=0xff457c07ddd0 oooRq=0
spark-5fa1:62:73 [0] NCCL INFO NET/IB: ncclIbReceiverQpsCreateToRts: QP created: port=1 dev=0 devName=rocep1s0f0 ndevs=4 nmdevs=6 qp_num=46377 pkey=0 pd=0xff457c07ddd0 oooRq=0
spark-5fa1:62:73 [0] NCCL INFO NET/IB: ncclIbReceiverQpsCreateToRts: Flush QP created: port=1 dev=0 devName=rocep1s0f0 ndevs=4 nmdevs=6 qp_num=46378 pkey=0 pd=0xff457c07ddd0
spark-5fa1:62:73 [0] NCCL INFO NET/IB: Subnet-aware routing: overriding dev 5 with dev 2
spark-5fa1:62:73 [0] NCCL INFO NET/IB: ncclIbSenderQpsToRts: Set ECE: IbDev 2 Port 1 qp_num 2587 set_ece={supported=1, vendor_id=0x15b3, options=0x30000002, comp_mask=0x0}
spark-5fa1:62:73 [0] NCCL INFO NET/IB: ncclIbSenderQpsToRts: Set ECE: IbDev 2 Port 1 qp_num 2588 set_ece={supported=1, vendor_id=0x15b3, options=0x30000002, comp_mask=0x0}
spark-5fa1:62:73 [0] NCCL INFO NET/IB: Subnet-aware routing: overriding dev 5 with dev 2
spark-5fa1:62:73 [0] NCCL INFO NET/IB: ncclIbReceiverQpsCreateToRts: QP created: port=1 dev=2 devName=roceP2p1s0f0 ndevs=4 nmdevs=6 qp_num=2596 pkey=0 pd=0xff457c224940 oooRq=0
spark-5fa1:62:73 [0] NCCL INFO NET/IB: ncclIbReceiverQpsCreateToRts: QP created: port=1 dev=2 devName=roceP2p1s0f0 ndevs=4 nmdevs=6 qp_num=2597 pkey=0 pd=0xff457c224940 oooRq=0
spark-5fa1:62:73 [0] NCCL INFO NET/IB: ncclIbReceiverQpsCreateToRts: Flush QP created: port=1 dev=2 devName=roceP2p1s0f0 ndevs=4 nmdevs=6 qp_num=2598 pkey=0 pd=0xff457c224940
spark-5fa1:62:73 [0] NCCL INFO NET/IB: Subnet-aware routing: overriding dev 4 with dev 0
spark-5fa1:62:73 [0] NCCL INFO NET/IB: ncclIbSenderQpsToRts: Set ECE: IbDev 0 Port 1 qp_num 46368 set_ece={supported=1, vendor_id=0x15b3, options=0x30000002, comp_mask=0x0}
spark-5fa1:62:73 [0] NCCL INFO NET/IB: ncclIbSenderQpsToRts: Set ECE: IbDev 0 Port 1 qp_num 46369 set_ece={supported=1, vendor_id=0x15b3, options=0x30000002, comp_mask=0x0}
spark-5fa1:62:73 [0] NCCL INFO NET/IB: Subnet-aware routing: overriding dev 4 with dev 0
spark-5fa1:62:73 [0] NCCL INFO NET/IB: ncclIbReceiverQpsCreateToRts: QP created: port=1 dev=0 devName=rocep1s0f0 ndevs=4 nmdevs=6 qp_num=46379 pkey=0 pd=0xff457c07ddd0 oooRq=0
spark-5fa1:62:73 [0] NCCL INFO NET/IB: ncclIbReceiverQpsCreateToRts: QP created: port=1 dev=0 devName=rocep1s0f0 ndevs=4 nmdevs=6 qp_num=46380 pkey=0 pd=0xff457c07ddd0 oooRq=0
spark-5fa1:62:73 [0] NCCL INFO NET/IB: ncclIbReceiverQpsCreateToRts: Flush QP created: port=1 dev=0 devName=rocep1s0f0 ndevs=4 nmdevs=6 qp_num=46381 pkey=0 pd=0xff457c07ddd0
spark-5fa1:62:73 [0] NCCL INFO NET/IB: Subnet-aware routing: overriding dev 5 with dev 2
spark-5fa1:62:73 [0] NCCL INFO NET/IB: ncclIbSenderQpsToRts: Set ECE: IbDev 2 Port 1 qp_num 2589 set_ece={supported=1, vendor_id=0x15b3, options=0x30000002, comp_mask=0x0}
spark-5fa1:62:73 [0] NCCL INFO NET/IB: ncclIbSenderQpsToRts: Set ECE: IbDev 2 Port 1 qp_num 2590 set_ece={supported=1, vendor_id=0x15b3, options=0x30000002, comp_mask=0x0}
spark-5fa1:62:73 [0] NCCL INFO NET/IB: Subnet-aware routing: overriding dev 5 with dev 2
spark-5fa1:62:73 [0] NCCL INFO NET/IB: ncclIbReceiverQpsCreateToRts: QP created: port=1 dev=2 devName=roceP2p1s0f0 ndevs=4 nmdevs=6 qp_num=2599 pkey=0 pd=0xff457c224940 oooRq=0
spark-5fa1:62:73 [0] NCCL INFO NET/IB: ncclIbReceiverQpsCreateToRts: QP created: port=1 dev=2 devName=roceP2p1s0f0 ndevs=4 nmdevs=6 qp_num=2600 pkey=0 pd=0xff457c224940 oooRq=0
spark-5fa1:62:73 [0] NCCL INFO NET/IB: ncclIbReceiverQpsCreateToRts: Flush QP created: port=1 dev=2 devName=roceP2p1s0f0 ndevs=4 nmdevs=6 qp_num=2601 pkey=0 pd=0xff457c224940
spark-5fa1:62:73 [0] NCCL INFO NET/IB: Subnet-aware routing: overriding dev 4 with dev 0
spark-5fa1:62:73 [0] NCCL INFO NET/IB: ncclIbSenderQpsToRts: Set ECE: IbDev 0 Port 1 qp_num 46370 set_ece={supported=1, vendor_id=0x15b3, options=0x30000002, comp_mask=0x0}
spark-5fa1:62:73 [0] NCCL INFO NET/IB: ncclIbSenderQpsToRts: Set ECE: IbDev 0 Port 1 qp_num 46371 set_ece={supported=1, vendor_id=0x15b3, options=0x30000002, comp_mask=0x0}
spark-5fa1:62:73 [0] NCCL INFO NET/IB: Subnet-aware routing: overriding dev 4 with dev 0
spark-5fa1:62:73 [0] NCCL INFO NET/IB: ncclIbReceiverQpsCreateToRts: QP created: port=1 dev=0 devName=rocep1s0f0 ndevs=4 nmdevs=6 qp_num=46382 pkey=0 pd=0xff457c07ddd0 oooRq=0
spark-5fa1:62:73 [0] NCCL INFO NET/IB: ncclIbReceiverQpsCreateToRts: QP created: port=1 dev=0 devName=rocep1s0f0 ndevs=4 nmdevs=6 qp_num=46383 pkey=0 pd=0xff457c07ddd0 oooRq=0
spark-5fa1:62:73 [0] NCCL INFO NET/IB: ncclIbReceiverQpsCreateToRts: Flush QP created: port=1 dev=0 devName=rocep1s0f0 ndevs=4 nmdevs=6 qp_num=46384 pkey=0 pd=0xff457c07ddd0
spark-5fa1:62:73 [0] NCCL INFO NET/IB: Subnet-aware routing: overriding dev 5 with dev 2
spark-5fa1:62:73 [0] NCCL INFO NET/IB: ncclIbResiliencyInit: Resiliency is disabled on the recv communicator (comm=0xff457dd5a000)
spark-5fa1:62:73 [0] NCCL INFO NET/IB: ncclIbRecvCommInit: Receive work requests will be posted on-demand
spark-5fa1:62:73 [0] NCCL INFO NET/IB: Subnet-aware routing: overriding dev 4 with dev 0
spark-5fa1:62:73 [0] NCCL INFO NET/IB: ncclIbSenderQpsToRts: Set ECE: IbDev 0 Port 1 qp_num 46372 set_ece={supported=1, vendor_id=0x15b3, options=0x30000002, comp_mask=0x0}
spark-5fa1:62:73 [0] NCCL INFO NET/IB: ncclIbSenderQpsToRts: Set ECE: IbDev 0 Port 1 qp_num 46373 set_ece={supported=1, vendor_id=0x15b3, options=0x30000002, comp_mask=0x0}
spark-5fa1:62:73 [0] NCCL INFO NET/IB: Subnet-aware routing: overriding dev 5 with dev 2
spark-5fa1:62:73 [0] NCCL INFO NET/IB: ncclIbSenderQpsToRts: Set ECE: IbDev 2 Port 1 qp_num 2591 set_ece={supported=1, vendor_id=0x15b3, options=0x30000002, comp_mask=0x0}
spark-5fa1:62:73 [0] NCCL INFO NET/IB: ncclIbSenderQpsToRts: Set ECE: IbDev 2 Port 1 qp_num 2592 set_ece={supported=1, vendor_id=0x15b3, options=0x30000002, comp_mask=0x0}
spark-5fa1:62:73 [0] NCCL INFO NET/IB: Subnet-aware routing: overriding dev 4 with dev 0
spark-5fa1:62:73 [0] NCCL INFO NET/IB: Subnet-aware routing: overriding dev 5 with dev 2
spark-5fa1:62:73 [0] NCCL INFO NET/IB: Subnet-aware routing: overriding dev 4 with dev 0
spark-5fa1:62:73 [0] NCCL INFO NET/IB: ncclIbResiliencyInit: Resiliency is disabled on the send communicator (comm=0xff457dda2000)
spark-5fa1:62:73 [0] NCCL INFO NET/IB: Subnet-aware routing: overriding dev 4 with dev 0
spark-5fa1:62:73 [0] NCCL INFO NET/IB: Subnet-aware routing: overriding dev 5 with dev 2
spark-5fa1:62:73 [0] NCCL INFO NET/IB: Subnet-aware routing: overriding dev 4 with dev 0
spark-5fa1:62:73 [0] NCCL INFO NET/IB: ncclIbResiliencyInit: Resiliency is disabled on the recv communicator (comm=0xff457dde3000)
spark-5fa1:62:73 [0] NCCL INFO NET/IB: ncclIbRecvCommInit: Receive work requests will be posted on-demand
spark-5fa1:62:73 [0] NCCL INFO NET/IB: Subnet-aware routing: overriding dev 4 with dev 0
spark-5fa1:62:73 [0] NCCL INFO NET/IB: Subnet-aware routing: overriding dev 5 with dev 2
spark-5fa1:62:73 [0] NCCL INFO NET/IB: Subnet-aware routing: overriding dev 4 with dev 0
spark-5fa1:62:73 [0] NCCL INFO NET/IB: Subnet-aware routing: overriding dev 5 with dev 2
spark-5fa1:62:73 [0] NCCL INFO NET/IB: ncclIbResiliencyInit: Resiliency is disabled on the send communicator (comm=0xff457de28000)
spark-5fa1:62:73 [0] NCCL INFO NET/IB: Subnet-aware routing: overriding dev 4 with dev 0
spark-5fa1:62:73 [0] NCCL INFO NET/IB: Subnet-aware routing: overriding dev 5 with dev 2
spark-5fa1:62:73 [0] NCCL INFO NET/IB: Subnet-aware routing: overriding dev 4 with dev 0
spark-5fa1:62:73 [0] NCCL INFO NET/IB: Subnet-aware routing: overriding dev 5 with dev 2
spark-5fa1:62:73 [0] NCCL INFO NET/IB: ncclIbResiliencyInit: Resiliency is disabled on the recv communicator (comm=0xff457de69000)
spark-5fa1:62:73 [0] NCCL INFO NET/IB: ncclIbRecvCommInit: Receive work requests will be posted on-demand
spark-5fa1:62:73 [0] NCCL INFO NET/IB: Subnet-aware routing: overriding dev 4 with dev 0
spark-5fa1:62:73 [0] NCCL INFO NET/IB: Subnet-aware routing: overriding dev 5 with dev 2
spark-5fa1:62:73 [0] NCCL INFO NET/IB: Subnet-aware routing: overriding dev 4 with dev 0
spark-5fa1:62:73 [0] NCCL INFO NET/IB: Subnet-aware routing: overriding dev 5 with dev 2
spark-5fa1:62:73 [0] NCCL INFO NET/IB: Subnet-aware routing: overriding dev 4 with dev 0
spark-5fa1:62:73 [0] NCCL INFO NET/IB: ncclIbResiliencyInit: Resiliency is disabled on the send communicator (comm=0xff457deb1000)
spark-5fa1:62:73 [0] NCCL INFO NET/IB: Subnet-aware routing: overriding dev 4 with dev 0
spark-5fa1:62:73 [0] NCCL INFO NET/IB: Subnet-aware routing: overriding dev 5 with dev 2
spark-5fa1:62:73 [0] NCCL INFO NET/IB: Subnet-aware routing: overriding dev 4 with dev 0
spark-5fa1:62:73 [0] NCCL INFO NET/IB: Subnet-aware routing: overriding dev 5 with dev 2
spark-5fa1:62:73 [0] NCCL INFO NET/IB: Subnet-aware routing: overriding dev 4 with dev 0
spark-5fa1:62:73 [0] NCCL INFO NET/IB: ncclIbResiliencyInit: Resiliency is disabled on the recv communicator (comm=0xff457def2000)
spark-5fa1:62:73 [0] NCCL INFO NET/IB: ncclIbRecvCommInit: Receive work requests will be posted on-demand
spark-5fa1:62:73 [0] NCCL INFO NET/IB: Subnet-aware routing: overriding dev 4 with dev 0
spark-5fa1:62:73 [0] NCCL INFO NET/IB: Subnet-aware routing: overriding dev 5 with dev 2
spark-5fa1:62:73 [0] NCCL INFO NET/IB: Subnet-aware routing: overriding dev 4 with dev 0
spark-5fa1:62:73 [0] NCCL INFO NET/IB: Subnet-aware routing: overriding dev 5 with dev 2
spark-5fa1:62:73 [0] NCCL INFO NET/IB: Subnet-aware routing: overriding dev 4 with dev 0
spark-5fa1:62:73 [0] NCCL INFO NET/IB: Subnet-aware routing: overriding dev 5 with dev 2
spark-5fa1:62:73 [0] NCCL INFO NET/IB: ncclIbResiliencyInit: Resiliency is disabled on the send communicator (comm=0xff457df3a000)
spark-5fa1:62:73 [0] NCCL INFO NET/IB: Subnet-aware routing: overriding dev 4 with dev 0
spark-5fa1:62:73 [0] NCCL INFO NET/IB: Subnet-aware routing: overriding dev 5 with dev 2
spark-5fa1:62:73 [0] NCCL INFO NET/IB: Subnet-aware routing: overriding dev 4 with dev 0
spark-5fa1:62:73 [0] NCCL INFO NET/IB: Subnet-aware routing: overriding dev 5 with dev 2
spark-5fa1:62:73 [0] NCCL INFO NET/IB: Subnet-aware routing: overriding dev 4 with dev 0
spark-5fa1:62:73 [0] NCCL INFO NET/IB: Subnet-aware routing: overriding dev 5 with dev 2
spark-5fa1:62:73 [0] NCCL INFO NET/IB: ncclIbResiliencyInit: Resiliency is disabled on the recv communicator (comm=0xff457df7b000)
spark-5fa1:62:73 [0] NCCL INFO NET/IB: ncclIbRecvCommInit: Receive work requests will be posted on-demand
spark-5fa1:62:73 [0] NCCL INFO NET/IB: Subnet-aware routing: overriding dev 4 with dev 0
spark-5fa1:62:73 [0] NCCL INFO NET/IB: Subnet-aware routing: overriding dev 5 with dev 2
spark-5fa1:62:73 [0] NCCL INFO NET/IB: Subnet-aware routing: overriding dev 4 with dev 0
spark-5fa1:62:73 [0] NCCL INFO NET/IB: Subnet-aware routing: overriding dev 5 with dev 2
spark-5fa1:62:73 [0] NCCL INFO NET/IB: Subnet-aware routing: overriding dev 4 with dev 0
spark-5fa1:62:73 [0] NCCL INFO NET/IB: Subnet-aware routing: overriding dev 5 with dev 2
spark-5fa1:62:73 [0] NCCL INFO NET/IB: Subnet-aware routing: overriding dev 4 with dev 0
spark-5fa1:62:73 [0] NCCL INFO NET/IB: ncclIbResiliencyInit: Resiliency is disabled on the send communicator (comm=0xff457dfc3000)
spark-5fa1:62:73 [0] NCCL INFO NET/IB: Subnet-aware routing: overriding dev 4 with dev 0
spark-5fa1:62:73 [0] NCCL INFO NET/IB: Subnet-aware routing: overriding dev 5 with dev 2
spark-5fa1:62:73 [0] NCCL INFO NET/IB: Subnet-aware routing: overriding dev 4 with dev 0
spark-5fa1:62:73 [0] NCCL INFO NET/IB: Subnet-aware routing: overriding dev 5 with dev 2
spark-5fa1:62:73 [0] NCCL INFO NET/IB: Subnet-aware routing: overriding dev 4 with dev 0
spark-5fa1:62:73 [0] NCCL INFO NET/IB: Subnet-aware routing: overriding dev 5 with dev 2
spark-5fa1:62:73 [0] NCCL INFO NET/IB: Subnet-aware routing: overriding dev 4 with dev 0
spark-5fa1:62:73 [0] NCCL INFO NET/IB: ncclIbResiliencyInit: Resiliency is disabled on the recv communicator (comm=0xff457e00a000)
spark-5fa1:62:73 [0] NCCL INFO NET/IB: ncclIbRecvCommInit: Receive work requests will be posted on-demand
spark-5fa1:62:73 [0] NCCL INFO NET/IB: Subnet-aware routing: overriding dev 4 with dev 0
spark-5fa1:62:73 [0] NCCL INFO NET/IB: ncclIbSenderQpsToRts: Set ECE: IbDev 0 Port 1 qp_num 46374 set_ece={supported=1, vendor_id=0x15b3, options=0x30000002, comp_mask=0x0}
spark-5fa1:62:73 [0] NCCL INFO NET/IB: ncclIbSenderQpsToRts: Set ECE: IbDev 0 Port 1 qp_num 46375 set_ece={supported=1, vendor_id=0x15b3, options=0x30000002, comp_mask=0x0}
spark-5fa1:62:73 [0] NCCL INFO NET/IB: Subnet-aware routing: overriding dev 5 with dev 2
spark-5fa1:62:73 [0] NCCL INFO NET/IB: Subnet-aware routing: overriding dev 4 with dev 0
spark-5fa1:62:73 [0] NCCL INFO NET/IB: Subnet-aware routing: overriding dev 5 with dev 2
spark-5fa1:62:73 [0] NCCL INFO NET/IB: Subnet-aware routing: overriding dev 4 with dev 0
spark-5fa1:62:73 [0] NCCL INFO NET/IB: Subnet-aware routing: overriding dev 5 with dev 2
spark-5fa1:62:73 [0] NCCL INFO NET/IB: Subnet-aware routing: overriding dev 4 with dev 0
spark-5fa1:62:73 [0] NCCL INFO NET/IB: Subnet-aware routing: overriding dev 5 with dev 2
spark-5fa1:62:73 [0] NCCL INFO NET/IB: ncclIbResiliencyInit: Resiliency is disabled on the send communicator (comm=0xff457e055000)
spark-5fa1:62:73 [0] NCCL INFO NET/IB: Subnet-aware routing: overriding dev 5 with dev 2
spark-5fa1:62:73 [0] NCCL INFO NET/IB: Subnet-aware routing: overriding dev 4 with dev 0
spark-5fa1:62:73 [0] NCCL INFO NET/IB: Subnet-aware routing: overriding dev 5 with dev 2
spark-5fa1:62:73 [0] NCCL INFO NET/IB: Subnet-aware routing: overriding dev 4 with dev 0
spark-5fa1:62:73 [0] NCCL INFO NET/IB: Subnet-aware routing: overriding dev 5 with dev 2
spark-5fa1:62:73 [0] NCCL INFO NET/IB: Subnet-aware routing: overriding dev 4 with dev 0
spark-5fa1:62:73 [0] NCCL INFO NET/IB: Subnet-aware routing: overriding dev 5 with dev 2
spark-5fa1:62:73 [0] NCCL INFO NET/IB: ncclIbResiliencyInit: Resiliency is disabled on the recv communicator (comm=0xff457e099000)
spark-5fa1:62:73 [0] NCCL INFO NET/IB: ncclIbRecvCommInit: Receive work requests will be posted on-demand
spark-5fa1:62:73 [0] NCCL INFO NET/IB: Subnet-aware routing: overriding dev 5 with dev 2
spark-5fa1:62:73 [0] NCCL INFO NET/IB: Subnet-aware routing: overriding dev 4 with dev 0
spark-5fa1:62:73 [0] NCCL INFO NET/IB: Subnet-aware routing: overriding dev 5 with dev 2
spark-5fa1:62:73 [0] NCCL INFO NET/IB: Subnet-aware routing: overriding dev 4 with dev 0
spark-5fa1:62:73 [0] NCCL INFO NET/IB: Subnet-aware routing: overriding dev 5 with dev 2
spark-5fa1:62:73 [0] NCCL INFO NET/IB: Subnet-aware routing: overriding dev 4 with dev 0
spark-5fa1:62:73 [0] NCCL INFO NET/IB: Subnet-aware routing: overriding dev 5 with dev 2
spark-5fa1:62:73 [0] NCCL INFO NET/IB: Subnet-aware routing: overriding dev 4 with dev 0
spark-5fa1:62:73 [0] NCCL INFO NET/IB: ncclIbResiliencyInit: Resiliency is disabled on the send communicator (comm=0xff457e0e1000)
spark-5fa1:62:73 [0] NCCL INFO NET/IB: Subnet-aware routing: overriding dev 5 with dev 2
spark-5fa1:62:73 [0] NCCL INFO NET/IB: ncclIbSenderQpsCreate: QP created: port=1 dev=2 devName=roceP2p1s0f0 ndevs=4 nmdevs=6 qp_num=2602 pkey=0 pd=0xff457c224940 oooRq=0
spark-5fa1:62:73 [0] NCCL INFO NET/IB: ncclIbSenderQpsCreate: QP created: port=1 dev=2 devName=roceP2p1s0f0 ndevs=4 nmdevs=6 qp_num=2603 pkey=0 pd=0xff457c224940 oooRq=0
spark-5fa1:62:73 [0] NCCL INFO NET/IB: ncclIbConnectImpl: NCCL Dev 2 IbDev 2 Port 1 qp_num 2602 mtu 5 GID 3 (0/16EA8C0FFFF0000) ctsFifoRkey=0x18c8c6 ctsFifoLkey=0x18c8c6
spark-5fa1:62:73 [0] NCCL INFO NET/IB: ncclIbConnectImpl: IbDev 2 Port 1 qp_num 2602 query_ece={supported=1, vendor_id=0x15b3, options=0x30000002, comp_mask=0x0}
spark-5fa1:62:73 [0] NCCL INFO NET/IB: ncclIbConnectImpl: NCCL Dev 2 IbDev 2 Port 1 qp_num 2603 mtu 5 GID 3 (0/16EA8C0FFFF0000) ctsFifoRkey=0x18c8c6 ctsFifoLkey=0x18c8c6
spark-5fa1:62:73 [0] NCCL INFO NET/IB: ncclIbConnectImpl: IbDev 2 Port 1 qp_num 2603 query_ece={supported=1, vendor_id=0x15b3, options=0x30000002, comp_mask=0x0}
spark-5fa1:62:73 [0] NCCL INFO NET/IB: Subnet-aware routing: overriding dev 5 with dev 2
spark-5fa1:62:73 [0] NCCL INFO NET/IB: ncclIbReceiverQpsCreateToRts: QP created: port=1 dev=2 devName=roceP2p1s0f0 ndevs=4 nmdevs=6 qp_num=2604 pkey=0 pd=0xff457c224940 oooRq=0
spark-5fa1:62:73 [0] NCCL INFO NET/IB: ncclIbReceiverQpsCreateToRts: QP created: port=1 dev=2 devName=roceP2p1s0f0 ndevs=4 nmdevs=6 qp_num=2605 pkey=0 pd=0xff457c224940 oooRq=0
spark-5fa1:62:73 [0] NCCL INFO NET/IB: ncclIbReceiverQpsCreateToRts: Flush QP created: port=1 dev=2 devName=roceP2p1s0f0 ndevs=4 nmdevs=6 qp_num=2606 pkey=0 pd=0xff457c224940
spark-5fa1:62:73 [0] NCCL INFO NET/IB: Subnet-aware routing: overriding dev 4 with dev 0
spark-5fa1:62:73 [0] NCCL INFO NET/IB: ncclIbSenderQpsCreate: QP created: port=1 dev=0 devName=rocep1s0f0 ndevs=4 nmdevs=6 qp_num=46385 pkey=0 pd=0xff457c07ddd0 oooRq=0
spark-5fa1:62:73 [0] NCCL INFO NET/IB: ncclIbSenderQpsCreate: QP created: port=1 dev=0 devName=rocep1s0f0 ndevs=4 nmdevs=6 qp_num=46386 pkey=0 pd=0xff457c07ddd0 oooRq=0
spark-5fa1:62:73 [0] NCCL INFO NET/IB: ncclIbConnectImpl: NCCL Dev 0 IbDev 0 Port 1 qp_num 46385 mtu 5 GID 6 (0/164A8C0FFFF0000) ctsFifoRkey=0x160eca ctsFifoLkey=0x160eca
spark-5fa1:62:73 [0] NCCL INFO NET/IB: ncclIbConnectImpl: IbDev 0 Port 1 qp_num 46385 query_ece={supported=1, vendor_id=0x15b3, options=0x30000002, comp_mask=0x0}
spark-5fa1:62:73 [0] NCCL INFO NET/IB: ncclIbConnectImpl: NCCL Dev 0 IbDev 0 Port 1 qp_num 46386 mtu 5 GID 6 (0/164A8C0FFFF0000) ctsFifoRkey=0x160eca ctsFifoLkey=0x160eca
spark-5fa1:62:73 [0] NCCL INFO NET/IB: ncclIbConnectImpl: IbDev 0 Port 1 qp_num 46386 query_ece={supported=1, vendor_id=0x15b3, options=0x30000002, comp_mask=0x0}
spark-5fa1:62:73 [0] NCCL INFO NET/IB: Subnet-aware routing: overriding dev 5 with dev 2
spark-5fa1:62:73 [0] NCCL INFO NET/IB: ncclIbSenderQpsCreate: QP created: port=1 dev=2 devName=roceP2p1s0f0 ndevs=4 nmdevs=6 qp_num=2607 pkey=0 pd=0xff457c224940 oooRq=0
spark-5fa1:62:73 [0] NCCL INFO NET/IB: ncclIbSenderQpsCreate: QP created: port=1 dev=2 devName=roceP2p1s0f0 ndevs=4 nmdevs=6 qp_num=2608 pkey=0 pd=0xff457c224940 oooRq=0
spark-5fa1:62:73 [0] NCCL INFO NET/IB: ncclIbConnectImpl: NCCL Dev 2 IbDev 2 Port 1 qp_num 2607 mtu 5 GID 3 (0/16EA8C0FFFF0000) ctsFifoRkey=0x1cbb56 ctsFifoLkey=0x1cbb56
spark-5fa1:62:73 [0] NCCL INFO NET/IB: ncclIbConnectImpl: IbDev 2 Port 1 qp_num 2607 query_ece={supported=1, vendor_id=0x15b3, options=0x30000002, comp_mask=0x0}
spark-5fa1:62:73 [0] NCCL INFO NET/IB: ncclIbConnectImpl: NCCL Dev 2 IbDev 2 Port 1 qp_num 2608 mtu 5 GID 3 (0/16EA8C0FFFF0000) ctsFifoRkey=0x1cbb56 ctsFifoLkey=0x1cbb56
spark-5fa1:62:73 [0] NCCL INFO NET/IB: ncclIbConnectImpl: IbDev 2 Port 1 qp_num 2608 query_ece={supported=1, vendor_id=0x15b3, options=0x30000002, comp_mask=0x0}
spark-5fa1:62:73 [0] NCCL INFO NET/IB: Subnet-aware routing: overriding dev 4 with dev 0
spark-5fa1:62:73 [0] NCCL INFO NET/IB: ncclIbSenderQpsCreate: QP created: port=1 dev=0 devName=rocep1s0f0 ndevs=4 nmdevs=6 qp_num=46387 pkey=0 pd=0xff457c07ddd0 oooRq=0
spark-5fa1:62:73 [0] NCCL INFO NET/IB: ncclIbSenderQpsCreate: QP created: port=1 dev=0 devName=rocep1s0f0 ndevs=4 nmdevs=6 qp_num=46388 pkey=0 pd=0xff457c07ddd0 oooRq=0
spark-5fa1:62:73 [0] NCCL INFO NET/IB: ncclIbConnectImpl: NCCL Dev 0 IbDev 0 Port 1 qp_num 46387 mtu 5 GID 6 (0/164A8C0FFFF0000) ctsFifoRkey=0x2242b1 ctsFifoLkey=0x2242b1
spark-5fa1:62:73 [0] NCCL INFO NET/IB: ncclIbConnectImpl: IbDev 0 Port 1 qp_num 46387 query_ece={supported=1, vendor_id=0x15b3, options=0x30000002, comp_mask=0x0}
spark-5fa1:62:73 [0] NCCL INFO NET/IB: ncclIbConnectImpl: NCCL Dev 0 IbDev 0 Port 1 qp_num 46388 mtu 5 GID 6 (0/164A8C0FFFF0000) ctsFifoRkey=0x2242b1 ctsFifoLkey=0x2242b1
spark-5fa1:62:73 [0] NCCL INFO NET/IB: ncclIbConnectImpl: IbDev 0 Port 1 qp_num 46388 query_ece={supported=1, vendor_id=0x15b3, options=0x30000002, comp_mask=0x0}
spark-5fa1:62:73 [0] NCCL INFO NET/IB: Subnet-aware routing: overriding dev 5 with dev 2
spark-5fa1:62:73 [0] NCCL INFO NET/IB: ncclIbSenderQpsCreate: QP created: port=1 dev=2 devName=roceP2p1s0f0 ndevs=4 nmdevs=6 qp_num=2609 pkey=0 pd=0xff457c224940 oooRq=0
spark-5fa1:62:73 [0] NCCL INFO NET/IB: ncclIbSenderQpsCreate: QP created: port=1 dev=2 devName=roceP2p1s0f0 ndevs=4 nmdevs=6 qp_num=2610 pkey=0 pd=0xff457c224940 oooRq=0
spark-5fa1:62:73 [0] NCCL INFO NET/IB: ncclIbConnectImpl: NCCL Dev 2 IbDev 2 Port 1 qp_num 2609 mtu 5 GID 3 (0/16EA8C0FFFF0000) ctsFifoRkey=0x182e2d ctsFifoLkey=0x182e2d
spark-5fa1:62:73 [0] NCCL INFO NET/IB: ncclIbConnectImpl: IbDev 2 Port 1 qp_num 2609 query_ece={supported=1, vendor_id=0x15b3, options=0x30000002, comp_mask=0x0}
spark-5fa1:62:73 [0] NCCL INFO NET/IB: ncclIbConnectImpl: NCCL Dev 2 IbDev 2 Port 1 qp_num 2610 mtu 5 GID 3 (0/16EA8C0FFFF0000) ctsFifoRkey=0x182e2d ctsFifoLkey=0x182e2d
spark-5fa1:62:73 [0] NCCL INFO NET/IB: ncclIbConnectImpl: IbDev 2 Port 1 qp_num 2610 query_ece={supported=1, vendor_id=0x15b3, options=0x30000002, comp_mask=0x0}
spark-5fa1:62:73 [0] NCCL INFO NET/IB: Subnet-aware routing: overriding dev 4 with dev 0
spark-5fa1:62:73 [0] NCCL INFO NET/IB: ncclIbSenderQpsCreate: QP created: port=1 dev=0 devName=rocep1s0f0 ndevs=4 nmdevs=6 qp_num=46389 pkey=0 pd=0xff457c07ddd0 oooRq=0
spark-5fa1:62:73 [0] NCCL INFO NET/IB: ncclIbSenderQpsCreate: QP created: port=1 dev=0 devName=rocep1s0f0 ndevs=4 nmdevs=6 qp_num=46390 pkey=0 pd=0xff457c07ddd0 oooRq=0
spark-5fa1:62:73 [0] NCCL INFO NET/IB: ncclIbConnectImpl: NCCL Dev 0 IbDev 0 Port 1 qp_num 46389 mtu 5 GID 6 (0/164A8C0FFFF0000) ctsFifoRkey=0x220577 ctsFifoLkey=0x220577
spark-5fa1:62:73 [0] NCCL INFO NET/IB: ncclIbConnectImpl: IbDev 0 Port 1 qp_num 46389 query_ece={supported=1, vendor_id=0x15b3, options=0x30000002, comp_mask=0x0}
spark-5fa1:62:73 [0] NCCL INFO NET/IB: ncclIbConnectImpl: NCCL Dev 0 IbDev 0 Port 1 qp_num 46390 mtu 5 GID 6 (0/164A8C0FFFF0000) ctsFifoRkey=0x220577 ctsFifoLkey=0x220577
spark-5fa1:62:73 [0] NCCL INFO NET/IB: ncclIbConnectImpl: IbDev 0 Port 1 qp_num 46390 query_ece={supported=1, vendor_id=0x15b3, options=0x30000002, comp_mask=0x0}
spark-5fa1:62:73 [0] NCCL INFO NET/IB: Subnet-aware routing: overriding dev 5 with dev 2
spark-5fa1:62:73 [0] NCCL INFO NET/IB: Subnet-aware routing: overriding dev 4 with dev 0
spark-5fa1:62:73 [0] NCCL INFO NET/IB: ncclIbResiliencyInit: Resiliency is disabled on the recv communicator (comm=0xff457e3b5000)
spark-5fa1:62:73 [0] NCCL INFO NET/IB: ncclIbRecvCommInit: Receive work requests will be posted on-demand
spark-5fa1:62:73 [0] NCCL INFO NET/IB: Subnet-aware routing: overriding dev 5 with dev 2
spark-5fa1:62:73 [0] NCCL INFO NET/IB: ncclIbSenderQpsToRts: Set ECE: IbDev 2 Port 1 qp_num 2602 set_ece={supported=1, vendor_id=0x15b3, options=0x30000002, comp_mask=0x0}
spark-5fa1:62:73 [0] NCCL INFO NET/IB: ncclIbSenderQpsToRts: Set ECE: IbDev 2 Port 1 qp_num 2603 set_ece={supported=1, vendor_id=0x15b3, options=0x30000002, comp_mask=0x0}
spark-5fa1:62:73 [0] NCCL INFO NET/IB: Subnet-aware routing: overriding dev 4 with dev 0
spark-5fa1:62:73 [0] NCCL INFO NET/IB: ncclIbSenderQpsToRts: Set ECE: IbDev 0 Port 1 qp_num 46385 set_ece={supported=1, vendor_id=0x15b3, options=0x30000002, comp_mask=0x0}
spark-5fa1:62:73 [0] NCCL INFO NET/IB: ncclIbSenderQpsToRts: Set ECE: IbDev 0 Port 1 qp_num 46386 set_ece={supported=1, vendor_id=0x15b3, options=0x30000002, comp_mask=0x0}
spark-5fa1:62:73 [0] NCCL INFO NET/IB: Subnet-aware routing: overriding dev 4 with dev 0
spark-5fa1:62:73 [0] NCCL INFO NET/IB: ncclIbReceiverQpsCreateToRts: QP created: port=1 dev=0 devName=rocep1s0f0 ndevs=4 nmdevs=6 qp_num=46391 pkey=0 pd=0xff457c07ddd0 oooRq=0
spark-5fa1:62:73 [0] NCCL INFO NET/IB: ncclIbReceiverQpsCreateToRts: QP created: port=1 dev=0 devName=rocep1s0f0 ndevs=4 nmdevs=6 qp_num=46392 pkey=0 pd=0xff457c07ddd0 oooRq=0
spark-5fa1:62:73 [0] NCCL INFO NET/IB: ncclIbReceiverQpsCreateToRts: Flush QP created: port=1 dev=0 devName=rocep1s0f0 ndevs=4 nmdevs=6 qp_num=46393 pkey=0 pd=0xff457c07ddd0
spark-5fa1:62:73 [0] NCCL INFO NET/IB: Subnet-aware routing: overriding dev 5 with dev 2
spark-5fa1:62:73 [0] NCCL INFO NET/IB: ncclIbSenderQpsToRts: Set ECE: IbDev 2 Port 1 qp_num 2607 set_ece={supported=1, vendor_id=0x15b3, options=0x30000002, comp_mask=0x0}
spark-5fa1:62:73 [0] NCCL INFO NET/IB: ncclIbSenderQpsToRts: Set ECE: IbDev 2 Port 1 qp_num 2608 set_ece={supported=1, vendor_id=0x15b3, options=0x30000002, comp_mask=0x0}
spark-5fa1:62:73 [0] NCCL INFO NET/IB: Subnet-aware routing: overriding dev 5 with dev 2
spark-5fa1:62:73 [0] NCCL INFO NET/IB: ncclIbReceiverQpsCreateToRts: QP created: port=1 dev=2 devName=roceP2p1s0f0 ndevs=4 nmdevs=6 qp_num=2611 pkey=0 pd=0xff457c224940 oooRq=0
spark-5fa1:62:73 [0] NCCL INFO NET/IB: ncclIbReceiverQpsCreateToRts: QP created: port=1 dev=2 devName=roceP2p1s0f0 ndevs=4 nmdevs=6 qp_num=2612 pkey=0 pd=0xff457c224940 oooRq=0
spark-5fa1:62:73 [0] NCCL INFO NET/IB: ncclIbReceiverQpsCreateToRts: Flush QP created: port=1 dev=2 devName=roceP2p1s0f0 ndevs=4 nmdevs=6 qp_num=2613 pkey=0 pd=0xff457c224940
spark-5fa1:62:73 [0] NCCL INFO NET/IB: Subnet-aware routing: overriding dev 4 with dev 0
spark-5fa1:62:73 [0] NCCL INFO NET/IB: ncclIbSenderQpsToRts: Set ECE: IbDev 0 Port 1 qp_num 46387 set_ece={supported=1, vendor_id=0x15b3, options=0x30000002, comp_mask=0x0}
spark-5fa1:62:73 [0] NCCL INFO NET/IB: ncclIbSenderQpsToRts: Set ECE: IbDev 0 Port 1 qp_num 46388 set_ece={supported=1, vendor_id=0x15b3, options=0x30000002, comp_mask=0x0}
spark-5fa1:62:73 [0] NCCL INFO NET/IB: Subnet-aware routing: overriding dev 4 with dev 0
spark-5fa1:62:73 [0] NCCL INFO NET/IB: ncclIbReceiverQpsCreateToRts: QP created: port=1 dev=0 devName=rocep1s0f0 ndevs=4 nmdevs=6 qp_num=46394 pkey=0 pd=0xff457c07ddd0 oooRq=0
spark-5fa1:62:73 [0] NCCL INFO NET/IB: ncclIbReceiverQpsCreateToRts: QP created: port=1 dev=0 devName=rocep1s0f0 ndevs=4 nmdevs=6 qp_num=46395 pkey=0 pd=0xff457c07ddd0 oooRq=0
spark-5fa1:62:73 [0] NCCL INFO NET/IB: ncclIbReceiverQpsCreateToRts: Flush QP created: port=1 dev=0 devName=rocep1s0f0 ndevs=4 nmdevs=6 qp_num=46396 pkey=0 pd=0xff457c07ddd0
spark-5fa1:62:73 [0] NCCL INFO NET/IB: Subnet-aware routing: overriding dev 5 with dev 2
spark-5fa1:62:73 [0] NCCL INFO NET/IB: ncclIbSenderQpsToRts: Set ECE: IbDev 2 Port 1 qp_num 2609 set_ece={supported=1, vendor_id=0x15b3, options=0x30000002, comp_mask=0x0}
spark-5fa1:62:73 [0] NCCL INFO NET/IB: ncclIbSenderQpsToRts: Set ECE: IbDev 2 Port 1 qp_num 2610 set_ece={supported=1, vendor_id=0x15b3, options=0x30000002, comp_mask=0x0}
spark-5fa1:62:73 [0] NCCL INFO NET/IB: Subnet-aware routing: overriding dev 5 with dev 2
spark-5fa1:62:73 [0] NCCL INFO NET/IB: ncclIbReceiverQpsCreateToRts: QP created: port=1 dev=2 devName=roceP2p1s0f0 ndevs=4 nmdevs=6 qp_num=2614 pkey=0 pd=0xff457c224940 oooRq=0
spark-5fa1:62:73 [0] NCCL INFO NET/IB: ncclIbReceiverQpsCreateToRts: QP created: port=1 dev=2 devName=roceP2p1s0f0 ndevs=4 nmdevs=6 qp_num=2615 pkey=0 pd=0xff457c224940 oooRq=0
spark-5fa1:62:73 [0] NCCL INFO NET/IB: ncclIbReceiverQpsCreateToRts: Flush QP created: port=1 dev=2 devName=roceP2p1s0f0 ndevs=4 nmdevs=6 qp_num=2616 pkey=0 pd=0xff457c224940
spark-5fa1:62:73 [0] NCCL INFO NET/IB: Subnet-aware routing: overriding dev 4 with dev 0
spark-5fa1:62:73 [0] NCCL INFO NET/IB: Subnet-aware routing: overriding dev 5 with dev 2
spark-5fa1:62:73 [0] NCCL INFO NET/IB: Subnet-aware routing: overriding dev 4 with dev 0
spark-5fa1:62:73 [0] NCCL INFO NET/IB: Subnet-aware routing: overriding dev 5 with dev 2
spark-5fa1:62:73 [0] NCCL INFO NET/IB: ncclIbResiliencyInit: Resiliency is disabled on the send communicator (comm=0xff457e5d9000)
spark-5fa1:62:73 [0] NCCL INFO NET/IB: Subnet-aware routing: overriding dev 4 with dev 0
spark-5fa1:62:73 [0] NCCL INFO NET/IB: Subnet-aware routing: overriding dev 5 with dev 2
spark-5fa1:62:73 [0] NCCL INFO NET/IB: Subnet-aware routing: overriding dev 4 with dev 0
spark-5fa1:62:73 [0] NCCL INFO NET/IB: Subnet-aware routing: overriding dev 5 with dev 2
spark-5fa1:62:73 [0] NCCL INFO NET/IB: ncclIbResiliencyInit: Resiliency is disabled on the recv communicator (comm=0xff457e61a000)
spark-5fa1:62:73 [0] NCCL INFO NET/IB: ncclIbRecvCommInit: Receive work requests will be posted on-demand
spark-5fa1:62:73 [0] NCCL INFO NET/IB: Subnet-aware routing: overriding dev 4 with dev 0
spark-5fa1:62:73 [0] NCCL INFO NET/IB: Subnet-aware routing: overriding dev 5 with dev 2
spark-5fa1:62:73 [0] NCCL INFO NET/IB: Subnet-aware routing: overriding dev 4 with dev 0
spark-5fa1:62:73 [0] NCCL INFO NET/IB: Subnet-aware routing: overriding dev 5 with dev 2
spark-5fa1:62:73 [0] NCCL INFO NET/IB: Subnet-aware routing: overriding dev 4 with dev 0
spark-5fa1:62:73 [0] NCCL INFO NET/IB: ncclIbResiliencyInit: Resiliency is disabled on the send communicator (comm=0xff457e662000)
spark-5fa1:62:73 [0] NCCL INFO NET/IB: Subnet-aware routing: overriding dev 4 with dev 0
spark-5fa1:62:73 [0] NCCL INFO NET/IB: Subnet-aware routing: overriding dev 5 with dev 2
spark-5fa1:62:73 [0] NCCL INFO NET/IB: Subnet-aware routing: overriding dev 4 with dev 0
spark-5fa1:62:73 [0] NCCL INFO NET/IB: Subnet-aware routing: overriding dev 5 with dev 2
spark-5fa1:62:73 [0] NCCL INFO NET/IB: Subnet-aware routing: overriding dev 4 with dev 0
spark-5fa1:62:73 [0] NCCL INFO NET/IB: ncclIbResiliencyInit: Resiliency is disabled on the recv communicator (comm=0xff457e6a3000)
spark-5fa1:62:73 [0] NCCL INFO NET/IB: ncclIbRecvCommInit: Receive work requests will be posted on-demand
spark-5fa1:62:73 [0] NCCL INFO NET/IB: Subnet-aware routing: overriding dev 4 with dev 0
spark-5fa1:62:73 [0] NCCL INFO NET/IB: Subnet-aware routing: overriding dev 5 with dev 2
spark-5fa1:62:73 [0] NCCL INFO NET/IB: Subnet-aware routing: overriding dev 4 with dev 0
spark-5fa1:62:73 [0] NCCL INFO NET/IB: Subnet-aware routing: overriding dev 5 with dev 2
spark-5fa1:62:73 [0] NCCL INFO NET/IB: Subnet-aware routing: overriding dev 4 with dev 0
spark-5fa1:62:73 [0] NCCL INFO NET/IB: Subnet-aware routing: overriding dev 5 with dev 2
spark-5fa1:62:73 [0] NCCL INFO NET/IB: ncclIbResiliencyInit: Resiliency is disabled on the send communicator (comm=0xff457e6eb000)
spark-5fa1:62:73 [0] NCCL INFO NET/IB: Subnet-aware routing: overriding dev 4 with dev 0
spark-5fa1:62:73 [0] NCCL INFO NET/IB: Subnet-aware routing: overriding dev 5 with dev 2
spark-5fa1:62:73 [0] NCCL INFO NET/IB: Subnet-aware routing: overriding dev 4 with dev 0
spark-5fa1:62:73 [0] NCCL INFO NET/IB: Subnet-aware routing: overriding dev 5 with dev 2
spark-5fa1:62:73 [0] NCCL INFO NET/IB: Subnet-aware routing: overriding dev 4 with dev 0
spark-5fa1:62:73 [0] NCCL INFO NET/IB: Subnet-aware routing: overriding dev 5 with dev 2
spark-5fa1:62:73 [0] NCCL INFO NET/IB: ncclIbResiliencyInit: Resiliency is disabled on the recv communicator (comm=0xff457e72c000)
spark-5fa1:62:73 [0] NCCL INFO NET/IB: ncclIbRecvCommInit: Receive work requests will be posted on-demand
spark-5fa1:62:73 [0] NCCL INFO NET/IB: Subnet-aware routing: overriding dev 4 with dev 0
spark-5fa1:62:73 [0] NCCL INFO NET/IB: Subnet-aware routing: overriding dev 5 with dev 2
spark-5fa1:62:73 [0] NCCL INFO NET/IB: Subnet-aware routing: overriding dev 4 with dev 0
spark-5fa1:62:73 [0] NCCL INFO NET/IB: Subnet-aware routing: overriding dev 5 with dev 2
spark-5fa1:62:73 [0] NCCL INFO NET/IB: Subnet-aware routing: overriding dev 4 with dev 0
spark-5fa1:62:73 [0] NCCL INFO NET/IB: Subnet-aware routing: overriding dev 5 with dev 2
spark-5fa1:62:73 [0] NCCL INFO NET/IB: Subnet-aware routing: overriding dev 4 with dev 0
spark-5fa1:62:73 [0] NCCL INFO NET/IB: ncclIbResiliencyInit: Resiliency is disabled on the send communicator (comm=0xff457e774000)
spark-5fa1:62:73 [0] NCCL INFO NET/IB: Subnet-aware routing: overriding dev 4 with dev 0
spark-5fa1:62:73 [0] NCCL INFO NET/IB: Subnet-aware routing: overriding dev 5 with dev 2
spark-5fa1:62:73 [0] NCCL INFO NET/IB: Subnet-aware routing: overriding dev 4 with dev 0
spark-5fa1:62:73 [0] NCCL INFO NET/IB: Subnet-aware routing: overriding dev 5 with dev 2
spark-5fa1:62:73 [0] NCCL INFO NET/IB: Subnet-aware routing: overriding dev 4 with dev 0
spark-5fa1:62:73 [0] NCCL INFO NET/IB: Subnet-aware routing: overriding dev 5 with dev 2
spark-5fa1:62:73 [0] NCCL INFO NET/IB: Subnet-aware routing: overriding dev 4 with dev 0
spark-5fa1:62:73 [0] NCCL INFO NET/IB: ncclIbResiliencyInit: Resiliency is disabled on the recv communicator (comm=0xff457e7b5000)
spark-5fa1:62:73 [0] NCCL INFO NET/IB: ncclIbRecvCommInit: Receive work requests will be posted on-demand
spark-5fa1:62:73 [0] NCCL INFO NET/IB: Subnet-aware routing: overriding dev 4 with dev 0
spark-5fa1:62:73 [0] NCCL INFO NET/IB: Subnet-aware routing: overriding dev 5 with dev 2
spark-5fa1:62:73 [0] NCCL INFO NET/IB: Subnet-aware routing: overriding dev 4 with dev 0
spark-5fa1:62:73 [0] NCCL INFO NET/IB: Subnet-aware routing: overriding dev 5 with dev 2
spark-5fa1:62:73 [0] NCCL INFO NET/IB: Subnet-aware routing: overriding dev 4 with dev 0
spark-5fa1:62:73 [0] NCCL INFO NET/IB: Subnet-aware routing: overriding dev 5 with dev 2
spark-5fa1:62:73 [0] NCCL INFO NET/IB: Subnet-aware routing: overriding dev 4 with dev 0
spark-5fa1:62:73 [0] NCCL INFO NET/IB: Subnet-aware routing: overriding dev 5 with dev 2
spark-5fa1:62:73 [0] NCCL INFO NET/IB: ncclIbResiliencyInit: Resiliency is disabled on the send communicator (comm=0xff457e7fd000)
spark-5fa1:62:73 [0] NCCL INFO NET/IB: Subnet-aware routing: overriding dev 4 with dev 0
spark-5fa1:62:73 [0] NCCL INFO NET/IB: Subnet-aware routing: overriding dev 5 with dev 2
spark-5fa1:62:73 [0] NCCL INFO NET/IB: Subnet-aware routing: overriding dev 4 with dev 0
spark-5fa1:62:73 [0] NCCL INFO NET/IB: Subnet-aware routing: overriding dev 5 with dev 2
spark-5fa1:62:73 [0] NCCL INFO NET/IB: Subnet-aware routing: overriding dev 4 with dev 0
spark-5fa1:62:73 [0] NCCL INFO NET/IB: Subnet-aware routing: overriding dev 5 with dev 2
spark-5fa1:62:73 [0] NCCL INFO NET/IB: Subnet-aware routing: overriding dev 4 with dev 0
spark-5fa1:62:73 [0] NCCL INFO NET/IB: Subnet-aware routing: overriding dev 5 with dev 2
spark-5fa1:62:73 [0] NCCL INFO NET/IB: ncclIbResiliencyInit: Resiliency is disabled on the recv communicator (comm=0xff457e83e000)
spark-5fa1:62:73 [0] NCCL INFO NET/IB: ncclIbRecvCommInit: Receive work requests will be posted on-demand
spark-5fa1:62:73 [0] NCCL INFO NET/IB: Subnet-aware routing: overriding dev 4 with dev 0
spark-5fa1:62:73 [0] NCCL INFO NET/IB: ncclIbSenderQpsToRts: Set ECE: IbDev 0 Port 1 qp_num 46389 set_ece={supported=1, vendor_id=0x15b3, options=0x30000002, comp_mask=0x0}
spark-5fa1:62:73 [0] NCCL INFO NET/IB: ncclIbSenderQpsToRts: Set ECE: IbDev 0 Port 1 qp_num 46390 set_ece={supported=1, vendor_id=0x15b3, options=0x30000002, comp_mask=0x0}
spark-5fa1:62:73 [0] NCCL INFO NET/IB: Subnet-aware routing: overriding dev 4 with dev 0
spark-5fa1:62:73 [0] NCCL INFO NET/IB: ncclIbReceiverQpsCreateToRts: QP created: port=1 dev=0 devName=rocep1s0f0 ndevs=4 nmdevs=6 qp_num=46397 pkey=0 pd=0xff457c07ddd0 oooRq=0
spark-5fa1:62:73 [0] NCCL INFO NET/IB: ncclIbReceiverQpsCreateToRts: QP created: port=1 dev=0 devName=rocep1s0f0 ndevs=4 nmdevs=6 qp_num=46398 pkey=0 pd=0xff457c07ddd0 oooRq=0
spark-5fa1:62:73 [0] NCCL INFO NET/IB: ncclIbReceiverQpsCreateToRts: Flush QP created: port=1 dev=0 devName=rocep1s0f0 ndevs=4 nmdevs=6 qp_num=46399 pkey=0 pd=0xff457c07ddd0
spark-5fa1:62:73 [0] NCCL INFO NET/IB: Subnet-aware routing: overriding dev 5 with dev 2
spark-5fa1:62:73 [0] NCCL INFO NET/IB: ncclIbSenderQpsCreate: QP created: port=1 dev=2 devName=roceP2p1s0f0 ndevs=4 nmdevs=6 qp_num=2617 pkey=0 pd=0xff457c224940 oooRq=0
spark-5fa1:62:73 [0] NCCL INFO NET/IB: ncclIbSenderQpsCreate: QP created: port=1 dev=2 devName=roceP2p1s0f0 ndevs=4 nmdevs=6 qp_num=2618 pkey=0 pd=0xff457c224940 oooRq=0
spark-5fa1:62:73 [0] NCCL INFO NET/IB: ncclIbConnectImpl: NCCL Dev 2 IbDev 2 Port 1 qp_num 2617 mtu 5 GID 3 (0/16EA8C0FFFF0000) ctsFifoRkey=0x18b4b3 ctsFifoLkey=0x18b4b3
spark-5fa1:62:73 [0] NCCL INFO NET/IB: ncclIbConnectImpl: IbDev 2 Port 1 qp_num 2617 query_ece={supported=1, vendor_id=0x15b3, options=0x30000002, comp_mask=0x0}
spark-5fa1:62:73 [0] NCCL INFO NET/IB: ncclIbConnectImpl: NCCL Dev 2 IbDev 2 Port 1 qp_num 2618 mtu 5 GID 3 (0/16EA8C0FFFF0000) ctsFifoRkey=0x18b4b3 ctsFifoLkey=0x18b4b3
spark-5fa1:62:73 [0] NCCL INFO NET/IB: ncclIbConnectImpl: IbDev 2 Port 1 qp_num 2618 query_ece={supported=1, vendor_id=0x15b3, options=0x30000002, comp_mask=0x0}
spark-5fa1:62:73 [0] NCCL INFO NET/IB: Subnet-aware routing: overriding dev 4 with dev 0
spark-5fa1:62:73 [0] NCCL INFO NET/IB: ncclIbSenderQpsCreate: QP created: port=1 dev=0 devName=rocep1s0f0 ndevs=4 nmdevs=6 qp_num=46400 pkey=0 pd=0xff457c07ddd0 oooRq=0
spark-5fa1:62:73 [0] NCCL INFO NET/IB: ncclIbSenderQpsCreate: QP created: port=1 dev=0 devName=rocep1s0f0 ndevs=4 nmdevs=6 qp_num=46401 pkey=0 pd=0xff457c07ddd0 oooRq=0
spark-5fa1:62:73 [0] NCCL INFO NET/IB: ncclIbConnectImpl: NCCL Dev 0 IbDev 0 Port 1 qp_num 46400 mtu 5 GID 6 (0/164A8C0FFFF0000) ctsFifoRkey=0x2239a8 ctsFifoLkey=0x2239a8
spark-5fa1:62:73 [0] NCCL INFO NET/IB: ncclIbConnectImpl: IbDev 0 Port 1 qp_num 46400 query_ece={supported=1, vendor_id=0x15b3, options=0x30000002, comp_mask=0x0}
spark-5fa1:62:73 [0] NCCL INFO NET/IB: ncclIbConnectImpl: NCCL Dev 0 IbDev 0 Port 1 qp_num 46401 mtu 5 GID 6 (0/164A8C0FFFF0000) ctsFifoRkey=0x2239a8 ctsFifoLkey=0x2239a8
spark-5fa1:62:73 [0] NCCL INFO NET/IB: ncclIbConnectImpl: IbDev 0 Port 1 qp_num 46401 query_ece={supported=1, vendor_id=0x15b3, options=0x30000002, comp_mask=0x0}
spark-5fa1:62:73 [0] NCCL INFO NET/IB: Subnet-aware routing: overriding dev 5 with dev 2
spark-5fa1:62:73 [0] NCCL INFO NET/IB: Subnet-aware routing: overriding dev 4 with dev 0
spark-5fa1:62:73 [0] NCCL INFO NET/IB: Subnet-aware routing: overriding dev 5 with dev 2
spark-5fa1:62:73 [0] NCCL INFO NET/IB: Subnet-aware routing: overriding dev 4 with dev 0
spark-5fa1:62:73 [0] NCCL INFO NET/IB: Subnet-aware routing: overriding dev 5 with dev 2
spark-5fa1:62:73 [0] NCCL INFO NET/IB: Subnet-aware routing: overriding dev 4 with dev 0
spark-5fa1:62:73 [0] NCCL INFO NET/IB: ncclIbResiliencyInit: Resiliency is disabled on the send communicator (comm=0xff457e9c2000)
spark-5fa1:62:73 [0] NCCL INFO NET/IB: Subnet-aware routing: overriding dev 5 with dev 2
spark-5fa1:62:73 [0] NCCL INFO NET/IB: Subnet-aware routing: overriding dev 4 with dev 0
spark-5fa1:62:73 [0] NCCL INFO NET/IB: Subnet-aware routing: overriding dev 5 with dev 2
spark-5fa1:62:73 [0] NCCL INFO NET/IB: Subnet-aware routing: overriding dev 4 with dev 0
spark-5fa1:62:73 [0] NCCL INFO NET/IB: Subnet-aware routing: overriding dev 5 with dev 2
spark-5fa1:62:73 [0] NCCL INFO NET/IB: Subnet-aware routing: overriding dev 4 with dev 0
spark-5fa1:62:73 [0] NCCL INFO NET/IB: Subnet-aware routing: overriding dev 5 with dev 2
spark-5fa1:62:73 [0] NCCL INFO NET/IB: Subnet-aware routing: overriding dev 4 with dev 0
spark-5fa1:62:73 [0] NCCL INFO NET/IB: ncclIbResiliencyInit: Resiliency is disabled on the recv communicator (comm=0xff457ea03000)
spark-5fa1:62:73 [0] NCCL INFO NET/IB: ncclIbRecvCommInit: Receive work requests will be posted on-demand
spark-5fa1:62:73 [0] NCCL INFO NET/IB: Subnet-aware routing: overriding dev 5 with dev 2
spark-5fa1:62:73 [0] NCCL INFO NET/IB: Subnet-aware routing: overriding dev 4 with dev 0
spark-5fa1:62:73 [0] NCCL INFO NET/IB: Subnet-aware routing: overriding dev 5 with dev 2
spark-5fa1:62:73 [0] NCCL INFO NET/IB: Subnet-aware routing: overriding dev 4 with dev 0
spark-5fa1:62:73 [0] NCCL INFO NET/IB: Subnet-aware routing: overriding dev 5 with dev 2
spark-5fa1:62:73 [0] NCCL INFO NET/IB: Subnet-aware routing: overriding dev 4 with dev 0
spark-5fa1:62:73 [0] NCCL INFO NET/IB: Subnet-aware routing: overriding dev 5 with dev 2
spark-5fa1:62:73 [0] NCCL INFO NET/IB: Subnet-aware routing: overriding dev 4 with dev 0
spark-5fa1:62:73 [0] NCCL INFO NET/IB: Subnet-aware routing: overriding dev 5 with dev 2
spark-5fa1:62:73 [0] NCCL INFO NET/IB: ncclIbResiliencyInit: Resiliency is disabled on the send communicator (comm=0xff457ea48000)
spark-5fa1:62:73 [0] NCCL INFO NET/IB: Subnet-aware routing: overriding dev 5 with dev 2
spark-5fa1:62:73 [0] NCCL INFO NET/IB: Subnet-aware routing: overriding dev 4 with dev 0
spark-5fa1:62:73 [0] NCCL INFO NET/IB: Subnet-aware routing: overriding dev 5 with dev 2
spark-5fa1:62:73 [0] NCCL INFO NET/IB: Subnet-aware routing: overriding dev 4 with dev 0
spark-5fa1:62:73 [0] NCCL INFO NET/IB: Subnet-aware routing: overriding dev 5 with dev 2
spark-5fa1:62:73 [0] NCCL INFO NET/IB: Subnet-aware routing: overriding dev 4 with dev 0
spark-5fa1:62:73 [0] NCCL INFO NET/IB: Subnet-aware routing: overriding dev 5 with dev 2
spark-5fa1:62:73 [0] NCCL INFO NET/IB: Subnet-aware routing: overriding dev 4 with dev 0
spark-5fa1:62:73 [0] NCCL INFO NET/IB: Subnet-aware routing: overriding dev 5 with dev 2
spark-5fa1:62:73 [0] NCCL INFO NET/IB: ncclIbResiliencyInit: Resiliency is disabled on the recv communicator (comm=0xff457ea8c000)
spark-5fa1:62:73 [0] NCCL INFO NET/IB: ncclIbRecvCommInit: Receive work requests will be posted on-demand
spark-5fa1:62:73 [0] NCCL INFO NET/IB: Subnet-aware routing: overriding dev 5 with dev 2
spark-5fa1:62:73 [0] NCCL INFO NET/IB: ncclIbSenderQpsToRts: Set ECE: IbDev 2 Port 1 qp_num 2617 set_ece={supported=1, vendor_id=0x15b3, options=0x30000002, comp_mask=0x0}
spark-5fa1:62:73 [0] NCCL INFO NET/IB: ncclIbSenderQpsToRts: Set ECE: IbDev 2 Port 1 qp_num 2618 set_ece={supported=1, vendor_id=0x15b3, options=0x30000002, comp_mask=0x0}
spark-5fa1:62:73 [0] NCCL INFO NET/IB: Subnet-aware routing: overriding dev 5 with dev 2
spark-5fa1:62:73 [0] NCCL INFO NET/IB: ncclIbReceiverQpsCreateToRts: QP created: port=1 dev=2 devName=roceP2p1s0f0 ndevs=4 nmdevs=6 qp_num=2619 pkey=0 pd=0xff457c224940 oooRq=0
spark-5fa1:62:73 [0] NCCL INFO NET/IB: ncclIbReceiverQpsCreateToRts: QP created: port=1 dev=2 devName=roceP2p1s0f0 ndevs=4 nmdevs=6 qp_num=2620 pkey=0 pd=0xff457c224940 oooRq=0
spark-5fa1:62:73 [0] NCCL INFO NET/IB: ncclIbReceiverQpsCreateToRts: Flush QP created: port=1 dev=2 devName=roceP2p1s0f0 ndevs=4 nmdevs=6 qp_num=2621 pkey=0 pd=0xff457c224940
spark-5fa1:62:73 [0] NCCL INFO NET/IB: Subnet-aware routing: overriding dev 4 with dev 0
spark-5fa1:62:73 [0] NCCL INFO NET/IB: ncclIbSenderQpsToRts: Set ECE: IbDev 0 Port 1 qp_num 46400 set_ece={supported=1, vendor_id=0x15b3, options=0x30000002, comp_mask=0x0}
spark-5fa1:62:73 [0] NCCL INFO NET/IB: ncclIbSenderQpsToRts: Set ECE: IbDev 0 Port 1 qp_num 46401 set_ece={supported=1, vendor_id=0x15b3, options=0x30000002, comp_mask=0x0}
spark-5fa1:62:73 [0] NCCL INFO NET/IB: Subnet-aware routing: overriding dev 5 with dev 2
spark-5fa1:62:73 [0] NCCL INFO NET/IB: ncclIbSenderQpsCreate: QP created: port=1 dev=2 devName=roceP2p1s0f0 ndevs=4 nmdevs=6 qp_num=2622 pkey=0 pd=0xff457c224940 oooRq=0
spark-5fa1:62:73 [0] NCCL INFO NET/IB: ncclIbSenderQpsCreate: QP created: port=1 dev=2 devName=roceP2p1s0f0 ndevs=4 nmdevs=6 qp_num=2623 pkey=0 pd=0xff457c224940 oooRq=0
spark-5fa1:62:73 [0] NCCL INFO NET/IB: ncclIbConnectImpl: NCCL Dev 2 IbDev 2 Port 1 qp_num 2622 mtu 5 GID 3 (0/16EA8C0FFFF0000) ctsFifoRkey=0x170201 ctsFifoLkey=0x170201
spark-5fa1:62:73 [0] NCCL INFO NET/IB: ncclIbConnectImpl: IbDev 2 Port 1 qp_num 2622 query_ece={supported=1, vendor_id=0x15b3, options=0x30000002, comp_mask=0x0}
spark-5fa1:62:73 [0] NCCL INFO NET/IB: ncclIbConnectImpl: NCCL Dev 2 IbDev 2 Port 1 qp_num 2623 mtu 5 GID 3 (0/16EA8C0FFFF0000) ctsFifoRkey=0x170201 ctsFifoLkey=0x170201
spark-5fa1:62:73 [0] NCCL INFO NET/IB: ncclIbConnectImpl: IbDev 2 Port 1 qp_num 2623 query_ece={supported=1, vendor_id=0x15b3, options=0x30000002, comp_mask=0x0}
spark-5fa1:62:73 [0] NCCL INFO NET/IB: Subnet-aware routing: overriding dev 4 with dev 0
spark-5fa1:62:73 [0] NCCL INFO NET/IB: ncclIbSenderQpsCreate: QP created: port=1 dev=0 devName=rocep1s0f0 ndevs=4 nmdevs=6 qp_num=46402 pkey=0 pd=0xff457c07ddd0 oooRq=0
spark-5fa1:62:73 [0] NCCL INFO NET/IB: ncclIbSenderQpsCreate: QP created: port=1 dev=0 devName=rocep1s0f0 ndevs=4 nmdevs=6 qp_num=46403 pkey=0 pd=0xff457c07ddd0 oooRq=0
spark-5fa1:62:73 [0] NCCL INFO NET/IB: ncclIbConnectImpl: NCCL Dev 0 IbDev 0 Port 1 qp_num 46402 mtu 5 GID 6 (0/164A8C0FFFF0000) ctsFifoRkey=0x169d5d ctsFifoLkey=0x169d5d
spark-5fa1:62:73 [0] NCCL INFO NET/IB: ncclIbConnectImpl: IbDev 0 Port 1 qp_num 46402 query_ece={supported=1, vendor_id=0x15b3, options=0x30000002, comp_mask=0x0}
spark-5fa1:62:73 [0] NCCL INFO NET/IB: ncclIbConnectImpl: NCCL Dev 0 IbDev 0 Port 1 qp_num 46403 mtu 5 GID 6 (0/164A8C0FFFF0000) ctsFifoRkey=0x169d5d ctsFifoLkey=0x169d5d
spark-5fa1:62:73 [0] NCCL INFO NET/IB: ncclIbConnectImpl: IbDev 0 Port 1 qp_num 46403 query_ece={supported=1, vendor_id=0x15b3, options=0x30000002, comp_mask=0x0}
spark-5fa1:62:73 [0] NCCL INFO NET/IB: Subnet-aware routing: overriding dev 4 with dev 0
spark-5fa1:62:73 [0] NCCL INFO NET/IB: ncclIbReceiverQpsCreateToRts: QP created: port=1 dev=0 devName=rocep1s0f0 ndevs=4 nmdevs=6 qp_num=46404 pkey=0 pd=0xff457c07ddd0 oooRq=0
spark-5fa1:62:73 [0] NCCL INFO NET/IB: ncclIbReceiverQpsCreateToRts: QP created: port=1 dev=0 devName=rocep1s0f0 ndevs=4 nmdevs=6 qp_num=46405 pkey=0 pd=0xff457c07ddd0 oooRq=0
spark-5fa1:62:73 [0] NCCL INFO NET/IB: ncclIbReceiverQpsCreateToRts: Flush QP created: port=1 dev=0 devName=rocep1s0f0 ndevs=4 nmdevs=6 qp_num=46406 pkey=0 pd=0xff457c07ddd0
spark-5fa1:62:73 [0] NCCL INFO NET/IB: Subnet-aware routing: overriding dev 5 with dev 2
spark-5fa1:62:73 [0] NCCL INFO NET/IB: ncclIbSenderQpsCreate: QP created: port=1 dev=2 devName=roceP2p1s0f0 ndevs=4 nmdevs=6 qp_num=2624 pkey=0 pd=0xff457c224940 oooRq=0
spark-5fa1:62:73 [0] NCCL INFO NET/IB: ncclIbSenderQpsCreate: QP created: port=1 dev=2 devName=roceP2p1s0f0 ndevs=4 nmdevs=6 qp_num=2625 pkey=0 pd=0xff457c224940 oooRq=0
spark-5fa1:62:73 [0] NCCL INFO NET/IB: ncclIbConnectImpl: NCCL Dev 2 IbDev 2 Port 1 qp_num 2624 mtu 5 GID 3 (0/16EA8C0FFFF0000) ctsFifoRkey=0x198381 ctsFifoLkey=0x198381
spark-5fa1:62:73 [0] NCCL INFO NET/IB: ncclIbConnectImpl: IbDev 2 Port 1 qp_num 2624 query_ece={supported=1, vendor_id=0x15b3, options=0x30000002, comp_mask=0x0}
spark-5fa1:62:73 [0] NCCL INFO NET/IB: ncclIbConnectImpl: NCCL Dev 2 IbDev 2 Port 1 qp_num 2625 mtu 5 GID 3 (0/16EA8C0FFFF0000) ctsFifoRkey=0x198381 ctsFifoLkey=0x198381
spark-5fa1:62:73 [0] NCCL INFO NET/IB: ncclIbConnectImpl: IbDev 2 Port 1 qp_num 2625 query_ece={supported=1, vendor_id=0x15b3, options=0x30000002, comp_mask=0x0}
spark-5fa1:62:73 [0] NCCL INFO NET/IB: Subnet-aware routing: overriding dev 5 with dev 2
spark-5fa1:62:73 [0] NCCL INFO NET/IB: ncclIbReceiverQpsCreateToRts: QP created: port=1 dev=2 devName=roceP2p1s0f0 ndevs=4 nmdevs=6 qp_num=2626 pkey=0 pd=0xff457c224940 oooRq=0
spark-5fa1:62:73 [0] NCCL INFO NET/IB: ncclIbReceiverQpsCreateToRts: QP created: port=1 dev=2 devName=roceP2p1s0f0 ndevs=4 nmdevs=6 qp_num=2627 pkey=0 pd=0xff457c224940 oooRq=0
spark-5fa1:62:73 [0] NCCL INFO NET/IB: ncclIbReceiverQpsCreateToRts: Flush QP created: port=1 dev=2 devName=roceP2p1s0f0 ndevs=4 nmdevs=6 qp_num=2628 pkey=0 pd=0xff457c224940
spark-5fa1:62:73 [0] NCCL INFO NET/IB: Subnet-aware routing: overriding dev 4 with dev 0
spark-5fa1:62:73 [0] NCCL INFO NET/IB: ncclIbSenderQpsCreate: QP created: port=1 dev=0 devName=rocep1s0f0 ndevs=4 nmdevs=6 qp_num=46407 pkey=0 pd=0xff457c07ddd0 oooRq=0
spark-5fa1:62:73 [0] NCCL INFO NET/IB: ncclIbSenderQpsCreate: QP created: port=1 dev=0 devName=rocep1s0f0 ndevs=4 nmdevs=6 qp_num=46408 pkey=0 pd=0xff457c07ddd0 oooRq=0
spark-5fa1:62:73 [0] NCCL INFO NET/IB: ncclIbConnectImpl: NCCL Dev 0 IbDev 0 Port 1 qp_num 46407 mtu 5 GID 6 (0/164A8C0FFFF0000) ctsFifoRkey=0x1825e2 ctsFifoLkey=0x1825e2
spark-5fa1:62:73 [0] NCCL INFO NET/IB: ncclIbConnectImpl: IbDev 0 Port 1 qp_num 46407 query_ece={supported=1, vendor_id=0x15b3, options=0x30000002, comp_mask=0x0}
spark-5fa1:62:73 [0] NCCL INFO NET/IB: ncclIbConnectImpl: NCCL Dev 0 IbDev 0 Port 1 qp_num 46408 mtu 5 GID 6 (0/164A8C0FFFF0000) ctsFifoRkey=0x1825e2 ctsFifoLkey=0x1825e2
spark-5fa1:62:73 [0] NCCL INFO NET/IB: ncclIbConnectImpl: IbDev 0 Port 1 qp_num 46408 query_ece={supported=1, vendor_id=0x15b3, options=0x30000002, comp_mask=0x0}
spark-5fa1:62:73 [0] NCCL INFO NET/IB: Subnet-aware routing: overriding dev 5 with dev 2
spark-5fa1:62:73 [0] NCCL INFO NET/IB: Subnet-aware routing: overriding dev 4 with dev 0
spark-5fa1:62:73 [0] NCCL INFO NET/IB: Subnet-aware routing: overriding dev 5 with dev 2
spark-5fa1:62:73 [0] NCCL INFO NET/IB: Subnet-aware routing: overriding dev 4 with dev 0
spark-5fa1:62:73 [0] NCCL INFO NET/IB: ncclIbResiliencyInit: Resiliency is disabled on the send communicator (comm=0xff457eda4000)
spark-5fa1:62:73 [0] NCCL INFO NET/IB: Subnet-aware routing: overriding dev 5 with dev 2
spark-5fa1:62:73 [0] NCCL INFO NET/IB: ncclIbSenderQpsToRts: Set ECE: IbDev 2 Port 1 qp_num 2622 set_ece={supported=1, vendor_id=0x15b3, options=0x30000002, comp_mask=0x0}
spark-5fa1:62:73 [0] NCCL INFO NET/IB: ncclIbSenderQpsToRts: Set ECE: IbDev 2 Port 1 qp_num 2623 set_ece={supported=1, vendor_id=0x15b3, options=0x30000002, comp_mask=0x0}
spark-5fa1:62:73 [0] NCCL INFO NET/IB: Subnet-aware routing: overriding dev 5 with dev 2
spark-5fa1:62:73 [0] NCCL INFO NET/IB: ncclIbReceiverQpsCreateToRts: QP created: port=1 dev=2 devName=roceP2p1s0f0 ndevs=4 nmdevs=6 qp_num=2629 pkey=0 pd=0xff457c224940 oooRq=0
spark-5fa1:62:73 [0] NCCL INFO NET/IB: ncclIbReceiverQpsCreateToRts: QP created: port=1 dev=2 devName=roceP2p1s0f0 ndevs=4 nmdevs=6 qp_num=2630 pkey=0 pd=0xff457c224940 oooRq=0
spark-5fa1:62:73 [0] NCCL INFO NET/IB: ncclIbReceiverQpsCreateToRts: Flush QP created: port=1 dev=2 devName=roceP2p1s0f0 ndevs=4 nmdevs=6 qp_num=2631 pkey=0 pd=0xff457c224940
spark-5fa1:62:73 [0] NCCL INFO NET/IB: Subnet-aware routing: overriding dev 4 with dev 0
spark-5fa1:62:73 [0] NCCL INFO NET/IB: ncclIbSenderQpsToRts: Set ECE: IbDev 0 Port 1 qp_num 46402 set_ece={supported=1, vendor_id=0x15b3, options=0x30000002, comp_mask=0x0}
spark-5fa1:62:73 [0] NCCL INFO NET/IB: ncclIbSenderQpsToRts: Set ECE: IbDev 0 Port 1 qp_num 46403 set_ece={supported=1, vendor_id=0x15b3, options=0x30000002, comp_mask=0x0}
spark-5fa1:62:73 [0] NCCL INFO NET/IB: Subnet-aware routing: overriding dev 5 with dev 2
spark-5fa1:62:73 [0] NCCL INFO NET/IB: Subnet-aware routing: overriding dev 4 with dev 0
spark-5fa1:62:73 [0] NCCL INFO NET/IB: Subnet-aware routing: overriding dev 5 with dev 2
spark-5fa1:62:73 [0] NCCL INFO NET/IB: Subnet-aware routing: overriding dev 4 with dev 0
spark-5fa1:62:73 [0] NCCL INFO NET/IB: Subnet-aware routing: overriding dev 5 with dev 2
spark-5fa1:62:73 [0] NCCL INFO NET/IB: Subnet-aware routing: overriding dev 4 with dev 0
spark-5fa1:62:73 [0] NCCL INFO NET/IB: ncclIbResiliencyInit: Resiliency is disabled on the recv communicator (comm=0xff457ee5d000)
spark-5fa1:62:73 [0] NCCL INFO NET/IB: ncclIbRecvCommInit: Receive work requests will be posted on-demand
spark-5fa1:62:73 [0] NCCL INFO NET/IB: Subnet-aware routing: overriding dev 5 with dev 2
spark-5fa1:62:73 [0] NCCL INFO NET/IB: Subnet-aware routing: overriding dev 4 with dev 0
spark-5fa1:62:73 [0] NCCL INFO NET/IB: Subnet-aware routing: overriding dev 5 with dev 2
spark-5fa1:62:73 [0] NCCL INFO NET/IB: Subnet-aware routing: overriding dev 4 with dev 0
spark-5fa1:62:73 [0] NCCL INFO NET/IB: Subnet-aware routing: overriding dev 5 with dev 2
spark-5fa1:62:73 [0] NCCL INFO NET/IB: Subnet-aware routing: overriding dev 4 with dev 0
spark-5fa1:62:73 [0] NCCL INFO NET/IB: Subnet-aware routing: overriding dev 5 with dev 2
spark-5fa1:62:73 [0] NCCL INFO NET/IB: ncclIbResiliencyInit: Resiliency is disabled on the send communicator (comm=0xff457eea5000)
spark-5fa1:62:73 [0] NCCL INFO NET/IB: Subnet-aware routing: overriding dev 5 with dev 2
spark-5fa1:62:73 [0] NCCL INFO NET/IB: Subnet-aware routing: overriding dev 4 with dev 0
spark-5fa1:62:73 [0] NCCL INFO NET/IB: Subnet-aware routing: overriding dev 5 with dev 2
spark-5fa1:62:73 [0] NCCL INFO NET/IB: Subnet-aware routing: overriding dev 4 with dev 0
spark-5fa1:62:73 [0] NCCL INFO NET/IB: Subnet-aware routing: overriding dev 5 with dev 2
spark-5fa1:62:73 [0] NCCL INFO NET/IB: Subnet-aware routing: overriding dev 4 with dev 0
spark-5fa1:62:73 [0] NCCL INFO NET/IB: Subnet-aware routing: overriding dev 5 with dev 2
spark-5fa1:62:73 [0] NCCL INFO NET/IB: ncclIbResiliencyInit: Resiliency is disabled on the recv communicator (comm=0xff457eee6000)
spark-5fa1:62:73 [0] NCCL INFO NET/IB: ncclIbRecvCommInit: Receive work requests will be posted on-demand
spark-5fa1:62:73 [0] NCCL INFO NET/IB: Subnet-aware routing: overriding dev 5 with dev 2
spark-5fa1:62:73 [0] NCCL INFO NET/IB: Subnet-aware routing: overriding dev 4 with dev 0
spark-5fa1:62:73 [0] NCCL INFO NET/IB: Subnet-aware routing: overriding dev 5 with dev 2
spark-5fa1:62:73 [0] NCCL INFO NET/IB: Subnet-aware routing: overriding dev 4 with dev 0
spark-5fa1:62:73 [0] NCCL INFO NET/IB: Subnet-aware routing: overriding dev 5 with dev 2
spark-5fa1:62:73 [0] NCCL INFO NET/IB: Subnet-aware routing: overriding dev 4 with dev 0
spark-5fa1:62:73 [0] NCCL INFO NET/IB: Subnet-aware routing: overriding dev 5 with dev 2
spark-5fa1:62:73 [0] NCCL INFO NET/IB: Subnet-aware routing: overriding dev 4 with dev 0
spark-5fa1:62:73 [0] NCCL INFO NET/IB: ncclIbResiliencyInit: Resiliency is disabled on the send communicator (comm=0xff457ef2e000)
spark-5fa1:62:73 [0] NCCL INFO NET/IB: Subnet-aware routing: overriding dev 5 with dev 2
spark-5fa1:62:73 [0] NCCL INFO NET/IB: Subnet-aware routing: overriding dev 4 with dev 0
spark-5fa1:62:73 [0] NCCL INFO NET/IB: Subnet-aware routing: overriding dev 5 with dev 2
spark-5fa1:62:73 [0] NCCL INFO NET/IB: Subnet-aware routing: overriding dev 4 with dev 0
spark-5fa1:62:73 [0] NCCL INFO NET/IB: Subnet-aware routing: overriding dev 5 with dev 2
spark-5fa1:62:73 [0] NCCL INFO NET/IB: Subnet-aware routing: overriding dev 4 with dev 0
spark-5fa1:62:73 [0] NCCL INFO NET/IB: Subnet-aware routing: overriding dev 5 with dev 2
spark-5fa1:62:73 [0] NCCL INFO NET/IB: Subnet-aware routing: overriding dev 4 with dev 0
spark-5fa1:62:73 [0] NCCL INFO NET/IB: ncclIbResiliencyInit: Resiliency is disabled on the recv communicator (comm=0xff457ef6f000)
spark-5fa1:62:73 [0] NCCL INFO NET/IB: ncclIbRecvCommInit: Receive work requests will be posted on-demand
spark-5fa1:62:73 [0] NCCL INFO NET/IB: Subnet-aware routing: overriding dev 5 with dev 2
spark-5fa1:62:73 [0] NCCL INFO NET/IB: Subnet-aware routing: overriding dev 4 with dev 0
spark-5fa1:62:73 [0] NCCL INFO NET/IB: Subnet-aware routing: overriding dev 5 with dev 2
spark-5fa1:62:73 [0] NCCL INFO NET/IB: Subnet-aware routing: overriding dev 4 with dev 0
spark-5fa1:62:73 [0] NCCL INFO NET/IB: Subnet-aware routing: overriding dev 5 with dev 2
spark-5fa1:62:73 [0] NCCL INFO NET/IB: Subnet-aware routing: overriding dev 4 with dev 0
spark-5fa1:62:73 [0] NCCL INFO NET/IB: Subnet-aware routing: overriding dev 5 with dev 2
spark-5fa1:62:73 [0] NCCL INFO NET/IB: Subnet-aware routing: overriding dev 4 with dev 0
spark-5fa1:62:73 [0] NCCL INFO NET/IB: Subnet-aware routing: overriding dev 5 with dev 2
spark-5fa1:62:73 [0] NCCL INFO NET/IB: ncclIbResiliencyInit: Resiliency is disabled on the send communicator (comm=0xff457efb7000)
spark-5fa1:62:73 [0] NCCL INFO NET/IB: Subnet-aware routing: overriding dev 5 with dev 2
spark-5fa1:62:73 [0] NCCL INFO NET/IB: Subnet-aware routing: overriding dev 4 with dev 0
spark-5fa1:62:73 [0] NCCL INFO NET/IB: Subnet-aware routing: overriding dev 5 with dev 2
spark-5fa1:62:73 [0] NCCL INFO NET/IB: Subnet-aware routing: overriding dev 4 with dev 0
spark-5fa1:62:73 [0] NCCL INFO NET/IB: Subnet-aware routing: overriding dev 5 with dev 2
spark-5fa1:62:73 [0] NCCL INFO NET/IB: Subnet-aware routing: overriding dev 4 with dev 0
spark-5fa1:62:73 [0] NCCL INFO NET/IB: Subnet-aware routing: overriding dev 5 with dev 2
spark-5fa1:62:73 [0] NCCL INFO NET/IB: Subnet-aware routing: overriding dev 4 with dev 0
spark-5fa1:62:73 [0] NCCL INFO NET/IB: Subnet-aware routing: overriding dev 5 with dev 2
spark-5fa1:62:73 [0] NCCL INFO NET/IB: ncclIbResiliencyInit: Resiliency is disabled on the recv communicator (comm=0xff457eff8000)
spark-5fa1:62:73 [0] NCCL INFO NET/IB: ncclIbRecvCommInit: Receive work requests will be posted on-demand
spark-5fa1:62:73 [0] NCCL INFO NET/IB: Subnet-aware routing: overriding dev 5 with dev 2
spark-5fa1:62:73 [0] NCCL INFO NET/IB: Subnet-aware routing: overriding dev 4 with dev 0
spark-5fa1:62:73 [0] NCCL INFO NET/IB: Subnet-aware routing: overriding dev 5 with dev 2
spark-5fa1:62:73 [0] NCCL INFO NET/IB: Subnet-aware routing: overriding dev 4 with dev 0
spark-5fa1:62:73 [0] NCCL INFO NET/IB: Subnet-aware routing: overriding dev 5 with dev 2
spark-5fa1:62:73 [0] NCCL INFO NET/IB: Subnet-aware routing: overriding dev 4 with dev 0
spark-5fa1:62:73 [0] NCCL INFO NET/IB: Subnet-aware routing: overriding dev 5 with dev 2
spark-5fa1:62:73 [0] NCCL INFO NET/IB: Subnet-aware routing: overriding dev 4 with dev 0
spark-5fa1:62:73 [0] NCCL INFO NET/IB: Subnet-aware routing: overriding dev 5 with dev 2
spark-5fa1:62:73 [0] NCCL INFO NET/IB: Subnet-aware routing: overriding dev 4 with dev 0
spark-5fa1:62:73 [0] NCCL INFO NET/IB: ncclIbResiliencyInit: Resiliency is disabled on the send communicator (comm=0xff457f040000)
spark-5fa1:62:73 [0] NCCL INFO NET/IB: Subnet-aware routing: overriding dev 5 with dev 2
spark-5fa1:62:73 [0] NCCL INFO NET/IB: Subnet-aware routing: overriding dev 4 with dev 0
spark-5fa1:62:73 [0] NCCL INFO NET/IB: Subnet-aware routing: overriding dev 5 with dev 2
spark-5fa1:62:73 [0] NCCL INFO NET/IB: Subnet-aware routing: overriding dev 4 with dev 0
spark-5fa1:62:73 [0] NCCL INFO NET/IB: ncclIbSenderQpsCreate: QP created: port=1 dev=0 devName=rocep1s0f0 ndevs=4 nmdevs=6 qp_num=46409 pkey=0 pd=0xff457c07ddd0 oooRq=0
spark-5fa1:62:73 [0] NCCL INFO NET/IB: ncclIbSenderQpsCreate: QP created: port=1 dev=0 devName=rocep1s0f0 ndevs=4 nmdevs=6 qp_num=46410 pkey=0 pd=0xff457c07ddd0 oooRq=0
spark-5fa1:62:73 [0] NCCL INFO NET/IB: ncclIbConnectImpl: NCCL Dev 0 IbDev 0 Port 1 qp_num 46409 mtu 5 GID 6 (0/164A8C0FFFF0000) ctsFifoRkey=0x16c987 ctsFifoLkey=0x16c987
spark-5fa1:62:73 [0] NCCL INFO NET/IB: ncclIbConnectImpl: IbDev 0 Port 1 qp_num 46409 query_ece={supported=1, vendor_id=0x15b3, options=0x30000002, comp_mask=0x0}
spark-5fa1:62:73 [0] NCCL INFO NET/IB: ncclIbConnectImpl: NCCL Dev 0 IbDev 0 Port 1 qp_num 46410 mtu 5 GID 6 (0/164A8C0FFFF0000) ctsFifoRkey=0x16c987 ctsFifoLkey=0x16c987
spark-5fa1:62:73 [0] NCCL INFO NET/IB: ncclIbConnectImpl: IbDev 0 Port 1 qp_num 46410 query_ece={supported=1, vendor_id=0x15b3, options=0x30000002, comp_mask=0x0}
spark-5fa1:62:73 [0] NCCL INFO NET/IB: Subnet-aware routing: overriding dev 5 with dev 2
spark-5fa1:62:73 [0] NCCL INFO NET/IB: ncclIbSenderQpsCreate: QP created: port=1 dev=2 devName=roceP2p1s0f0 ndevs=4 nmdevs=6 qp_num=2632 pkey=0 pd=0xff457c224940 oooRq=0
spark-5fa1:62:73 [0] NCCL INFO NET/IB: ncclIbSenderQpsCreate: QP created: port=1 dev=2 devName=roceP2p1s0f0 ndevs=4 nmdevs=6 qp_num=2633 pkey=0 pd=0xff457c224940 oooRq=0
spark-5fa1:62:73 [0] NCCL INFO NET/IB: ncclIbConnectImpl: NCCL Dev 2 IbDev 2 Port 1 qp_num 2632 mtu 5 GID 3 (0/16EA8C0FFFF0000) ctsFifoRkey=0x1cc45f ctsFifoLkey=0x1cc45f
spark-5fa1:62:73 [0] NCCL INFO NET/IB: ncclIbConnectImpl: IbDev 2 Port 1 qp_num 2632 query_ece={supported=1, vendor_id=0x15b3, options=0x30000002, comp_mask=0x0}
spark-5fa1:62:73 [0] NCCL INFO NET/IB: ncclIbConnectImpl: NCCL Dev 2 IbDev 2 Port 1 qp_num 2633 mtu 5 GID 3 (0/16EA8C0FFFF0000) ctsFifoRkey=0x1cc45f ctsFifoLkey=0x1cc45f
spark-5fa1:62:73 [0] NCCL INFO NET/IB: ncclIbConnectImpl: IbDev 2 Port 1 qp_num 2633 query_ece={supported=1, vendor_id=0x15b3, options=0x30000002, comp_mask=0x0}
spark-5fa1:62:73 [0] NCCL INFO NET/IB: Subnet-aware routing: overriding dev 4 with dev 0
spark-5fa1:62:73 [0] NCCL INFO NET/IB: Subnet-aware routing: overriding dev 5 with dev 2
spark-5fa1:62:73 [0] NCCL INFO NET/IB: Subnet-aware routing: overriding dev 4 with dev 0
spark-5fa1:62:73 [0] NCCL INFO NET/IB: Subnet-aware routing: overriding dev 5 with dev 2
spark-5fa1:62:73 [0] NCCL INFO NET/IB: Subnet-aware routing: overriding dev 4 with dev 0
spark-5fa1:62:73 [0] NCCL INFO NET/IB: ncclIbResiliencyInit: Resiliency is disabled on the recv communicator (comm=0xff457f144000)
spark-5fa1:62:73 [0] NCCL INFO NET/IB: ncclIbRecvCommInit: Receive work requests will be posted on-demand
spark-5fa1:62:73 [0] NCCL INFO NET/IB: Subnet-aware routing: overriding dev 4 with dev 0
spark-5fa1:62:73 [0] NCCL INFO NET/IB: ncclIbReceiverQpsCreateToRts: QP created: port=1 dev=0 devName=rocep1s0f0 ndevs=4 nmdevs=6 qp_num=46411 pkey=0 pd=0xff457c07ddd0 oooRq=0
spark-5fa1:62:73 [0] NCCL INFO NET/IB: ncclIbReceiverQpsCreateToRts: QP created: port=1 dev=0 devName=rocep1s0f0 ndevs=4 nmdevs=6 qp_num=46412 pkey=0 pd=0xff457c07ddd0 oooRq=0
spark-5fa1:62:73 [0] NCCL INFO NET/IB: ncclIbReceiverQpsCreateToRts: Flush QP created: port=1 dev=0 devName=rocep1s0f0 ndevs=4 nmdevs=6 qp_num=46413 pkey=0 pd=0xff457c07ddd0
spark-5fa1:62:73 [0] NCCL INFO NET/IB: Subnet-aware routing: overriding dev 5 with dev 2
spark-5fa1:62:73 [0] NCCL INFO NET/IB: Subnet-aware routing: overriding dev 4 with dev 0
spark-5fa1:62:73 [0] NCCL INFO NET/IB: Subnet-aware routing: overriding dev 5 with dev 2
spark-5fa1:62:73 [0] NCCL INFO NET/IB: ncclIbSenderQpsCreate: QP created: port=1 dev=2 devName=roceP2p1s0f0 ndevs=4 nmdevs=6 qp_num=2634 pkey=0 pd=0xff457c224940 oooRq=0
spark-5fa1:62:73 [0] NCCL INFO NET/IB: ncclIbSenderQpsCreate: QP created: port=1 dev=2 devName=roceP2p1s0f0 ndevs=4 nmdevs=6 qp_num=2635 pkey=0 pd=0xff457c224940 oooRq=0
spark-5fa1:62:73 [0] NCCL INFO NET/IB: ncclIbConnectImpl: NCCL Dev 2 IbDev 2 Port 1 qp_num 2634 mtu 5 GID 3 (0/16EA8C0FFFF0000) ctsFifoRkey=0x19716f ctsFifoLkey=0x19716f
spark-5fa1:62:73 [0] NCCL INFO NET/IB: ncclIbConnectImpl: IbDev 2 Port 1 qp_num 2634 query_ece={supported=1, vendor_id=0x15b3, options=0x30000002, comp_mask=0x0}
spark-5fa1:62:73 [0] NCCL INFO NET/IB: ncclIbConnectImpl: NCCL Dev 2 IbDev 2 Port 1 qp_num 2635 mtu 5 GID 3 (0/16EA8C0FFFF0000) ctsFifoRkey=0x19716f ctsFifoLkey=0x19716f
spark-5fa1:62:73 [0] NCCL INFO NET/IB: ncclIbConnectImpl: IbDev 2 Port 1 qp_num 2635 query_ece={supported=1, vendor_id=0x15b3, options=0x30000002, comp_mask=0x0}
spark-5fa1:62:73 [0] NCCL INFO NET/IB: Subnet-aware routing: overriding dev 4 with dev 0
spark-5fa1:62:73 [0] NCCL INFO NET/IB: Subnet-aware routing: overriding dev 5 with dev 2
spark-5fa1:62:73 [0] NCCL INFO NET/IB: Subnet-aware routing: overriding dev 4 with dev 0
spark-5fa1:62:73 [0] NCCL INFO NET/IB: Subnet-aware routing: overriding dev 5 with dev 2
spark-5fa1:62:73 [0] NCCL INFO NET/IB: Subnet-aware routing: overriding dev 4 with dev 0
spark-5fa1:62:73 [0] NCCL INFO NET/IB: Subnet-aware routing: overriding dev 5 with dev 2
spark-5fa1:62:73 [0] NCCL INFO NET/IB: Subnet-aware routing: overriding dev 4 with dev 0
spark-5fa1:62:73 [0] NCCL INFO NET/IB: Subnet-aware routing: overriding dev 5 with dev 2
spark-5fa1:62:73 [0] NCCL INFO NET/IB: ncclIbResiliencyInit: Resiliency is disabled on the send communicator (comm=0xff457f259000)
spark-5fa1:62:73 [0] NCCL INFO NET/IB: Subnet-aware routing: overriding dev 5 with dev 2
spark-5fa1:62:73 [0] NCCL INFO NET/IB: ncclIbSenderQpsToRts: Set ECE: IbDev 2 Port 1 qp_num 2624 set_ece={supported=1, vendor_id=0x15b3, options=0x30000002, comp_mask=0x0}
spark-5fa1:62:73 [0] NCCL INFO NET/IB: ncclIbSenderQpsToRts: Set ECE: IbDev 2 Port 1 qp_num 2625 set_ece={supported=1, vendor_id=0x15b3, options=0x30000002, comp_mask=0x0}
spark-5fa1:62:73 [0] NCCL INFO NET/IB: Subnet-aware routing: overriding dev 4 with dev 0
spark-5fa1:62:73 [0] NCCL INFO NET/IB: ncclIbSenderQpsToRts: Set ECE: IbDev 0 Port 1 qp_num 46407 set_ece={supported=1, vendor_id=0x15b3, options=0x30000002, comp_mask=0x0}
spark-5fa1:62:73 [0] NCCL INFO NET/IB: ncclIbSenderQpsToRts: Set ECE: IbDev 0 Port 1 qp_num 46408 set_ece={supported=1, vendor_id=0x15b3, options=0x30000002, comp_mask=0x0}
spark-5fa1:62:73 [0] NCCL INFO NET/IB: Subnet-aware routing: overriding dev 4 with dev 0
spark-5fa1:62:73 [0] NCCL INFO NET/IB: ncclIbReceiverQpsCreateToRts: QP created: port=1 dev=0 devName=rocep1s0f0 ndevs=4 nmdevs=6 qp_num=46414 pkey=0 pd=0xff457c07ddd0 oooRq=0
spark-5fa1:62:73 [0] NCCL INFO NET/IB: ncclIbReceiverQpsCreateToRts: QP created: port=1 dev=0 devName=rocep1s0f0 ndevs=4 nmdevs=6 qp_num=46415 pkey=0 pd=0xff457c07ddd0 oooRq=0
spark-5fa1:62:73 [0] NCCL INFO NET/IB: ncclIbReceiverQpsCreateToRts: Flush QP created: port=1 dev=0 devName=rocep1s0f0 ndevs=4 nmdevs=6 qp_num=46416 pkey=0 pd=0xff457c07ddd0
spark-5fa1:62:73 [0] NCCL INFO NET/IB: Subnet-aware routing: overriding dev 5 with dev 2
spark-5fa1:62:73 [0] NCCL INFO NET/IB: ncclIbSenderQpsToRts: Set ECE: IbDev 2 Port 1 qp_num 2634 set_ece={supported=1, vendor_id=0x15b3, options=0x30000002, comp_mask=0x0}
spark-5fa1:62:73 [0] NCCL INFO NET/IB: ncclIbSenderQpsToRts: Set ECE: IbDev 2 Port 1 qp_num 2635 set_ece={supported=1, vendor_id=0x15b3, options=0x30000002, comp_mask=0x0}
spark-5fa1:62:73 [0] NCCL INFO NET/IB: Subnet-aware routing: overriding dev 4 with dev 0
spark-5fa1:62:73 [0] NCCL INFO NET/IB: ncclIbSenderQpsToRts: Set ECE: IbDev 0 Port 1 qp_num 46409 set_ece={supported=1, vendor_id=0x15b3, options=0x30000002, comp_mask=0x0}
spark-5fa1:62:73 [0] NCCL INFO NET/IB: ncclIbSenderQpsToRts: Set ECE: IbDev 0 Port 1 qp_num 46410 set_ece={supported=1, vendor_id=0x15b3, options=0x30000002, comp_mask=0x0}
spark-5fa1:62:73 [0] NCCL INFO NET/IB: Subnet-aware routing: overriding dev 5 with dev 2
spark-5fa1:62:73 [0] NCCL INFO NET/IB: ncclIbSenderQpsToRts: Set ECE: IbDev 2 Port 1 qp_num 2632 set_ece={supported=1, vendor_id=0x15b3, options=0x30000002, comp_mask=0x0}
spark-5fa1:62:73 [0] NCCL INFO NET/IB: ncclIbSenderQpsToRts: Set ECE: IbDev 2 Port 1 qp_num 2633 set_ece={supported=1, vendor_id=0x15b3, options=0x30000002, comp_mask=0x0}
spark-5fa1:62:73 [0] NCCL INFO NET/IB: Subnet-aware routing: overriding dev 5 with dev 2
spark-5fa1:62:73 [0] NCCL INFO NET/IB: ncclIbReceiverQpsCreateToRts: QP created: port=1 dev=2 devName=roceP2p1s0f0 ndevs=4 nmdevs=6 qp_num=2636 pkey=0 pd=0xff457c224940 oooRq=0
spark-5fa1:62:73 [0] NCCL INFO NET/IB: ncclIbReceiverQpsCreateToRts: QP created: port=1 dev=2 devName=roceP2p1s0f0 ndevs=4 nmdevs=6 qp_num=2637 pkey=0 pd=0xff457c224940 oooRq=0
spark-5fa1:62:73 [0] NCCL INFO NET/IB: ncclIbReceiverQpsCreateToRts: Flush QP created: port=1 dev=2 devName=roceP2p1s0f0 ndevs=4 nmdevs=6 qp_num=2638 pkey=0 pd=0xff457c224940
spark-5fa1:62:73 [0] NCCL INFO NET/IB: Subnet-aware routing: overriding dev 4 with dev 0
spark-5fa1:62:73 [0] NCCL INFO NET/IB: ncclIbSenderQpsCreate: QP created: port=1 dev=0 devName=rocep1s0f0 ndevs=4 nmdevs=6 qp_num=46417 pkey=0 pd=0xff457c07ddd0 oooRq=0
spark-5fa1:62:73 [0] NCCL INFO NET/IB: ncclIbSenderQpsCreate: QP created: port=1 dev=0 devName=rocep1s0f0 ndevs=4 nmdevs=6 qp_num=46418 pkey=0 pd=0xff457c07ddd0 oooRq=0
spark-5fa1:62:73 [0] NCCL INFO NET/IB: ncclIbConnectImpl: NCCL Dev 0 IbDev 0 Port 1 qp_num 46417 mtu 5 GID 6 (0/164A8C0FFFF0000) ctsFifoRkey=0x180bc7 ctsFifoLkey=0x180bc7
spark-5fa1:62:73 [0] NCCL INFO NET/IB: ncclIbConnectImpl: IbDev 0 Port 1 qp_num 46417 query_ece={supported=1, vendor_id=0x15b3, options=0x30000002, comp_mask=0x0}
spark-5fa1:62:73 [0] NCCL INFO NET/IB: ncclIbConnectImpl: NCCL Dev 0 IbDev 0 Port 1 qp_num 46418 mtu 5 GID 6 (0/164A8C0FFFF0000) ctsFifoRkey=0x180bc7 ctsFifoLkey=0x180bc7
spark-5fa1:62:73 [0] NCCL INFO NET/IB: ncclIbConnectImpl: IbDev 0 Port 1 qp_num 46418 query_ece={supported=1, vendor_id=0x15b3, options=0x30000002, comp_mask=0x0}
spark-5fa1:62:73 [0] NCCL INFO NET/IB: Subnet-aware routing: overriding dev 4 with dev 0
spark-5fa1:62:73 [0] NCCL INFO NET/IB: ncclIbReceiverQpsCreateToRts: QP created: port=1 dev=0 devName=rocep1s0f0 ndevs=4 nmdevs=6 qp_num=46419 pkey=0 pd=0xff457c07ddd0 oooRq=0
spark-5fa1:62:73 [0] NCCL INFO NET/IB: ncclIbReceiverQpsCreateToRts: QP created: port=1 dev=0 devName=rocep1s0f0 ndevs=4 nmdevs=6 qp_num=46420 pkey=0 pd=0xff457c07ddd0 oooRq=0
spark-5fa1:62:73 [0] NCCL INFO NET/IB: ncclIbReceiverQpsCreateToRts: Flush QP created: port=1 dev=0 devName=rocep1s0f0 ndevs=4 nmdevs=6 qp_num=46421 pkey=0 pd=0xff457c07ddd0
spark-5fa1:62:73 [0] NCCL INFO NET/IB: Subnet-aware routing: overriding dev 5 with dev 2
spark-5fa1:62:73 [0] NCCL INFO NET/IB: ncclIbSenderQpsCreate: QP created: port=1 dev=2 devName=roceP2p1s0f0 ndevs=4 nmdevs=6 qp_num=2639 pkey=0 pd=0xff457c224940 oooRq=0
spark-5fa1:62:73 [0] NCCL INFO NET/IB: ncclIbSenderQpsCreate: QP created: port=1 dev=2 devName=roceP2p1s0f0 ndevs=4 nmdevs=6 qp_num=2640 pkey=0 pd=0xff457c224940 oooRq=0
spark-5fa1:62:73 [0] NCCL INFO NET/IB: ncclIbConnectImpl: NCCL Dev 2 IbDev 2 Port 1 qp_num 2639 mtu 5 GID 3 (0/16EA8C0FFFF0000) ctsFifoRkey=0x172924 ctsFifoLkey=0x172924
spark-5fa1:62:73 [0] NCCL INFO NET/IB: ncclIbConnectImpl: IbDev 2 Port 1 qp_num 2639 query_ece={supported=1, vendor_id=0x15b3, options=0x30000002, comp_mask=0x0}
spark-5fa1:62:73 [0] NCCL INFO NET/IB: ncclIbConnectImpl: NCCL Dev 2 IbDev 2 Port 1 qp_num 2640 mtu 5 GID 3 (0/16EA8C0FFFF0000) ctsFifoRkey=0x172924 ctsFifoLkey=0x172924
spark-5fa1:62:73 [0] NCCL INFO NET/IB: ncclIbConnectImpl: IbDev 2 Port 1 qp_num 2640 query_ece={supported=1, vendor_id=0x15b3, options=0x30000002, comp_mask=0x0}
spark-5fa1:62:73 [0] NCCL INFO NET/IB: Subnet-aware routing: overriding dev 5 with dev 2
spark-5fa1:62:73 [0] NCCL INFO NET/IB: ncclIbReceiverQpsCreateToRts: QP created: port=1 dev=2 devName=roceP2p1s0f0 ndevs=4 nmdevs=6 qp_num=2641 pkey=0 pd=0xff457c224940 oooRq=0
spark-5fa1:62:73 [0] NCCL INFO NET/IB: ncclIbReceiverQpsCreateToRts: QP created: port=1 dev=2 devName=roceP2p1s0f0 ndevs=4 nmdevs=6 qp_num=2642 pkey=0 pd=0xff457c224940 oooRq=0
spark-5fa1:62:73 [0] NCCL INFO NET/IB: ncclIbReceiverQpsCreateToRts: Flush QP created: port=1 dev=2 devName=roceP2p1s0f0 ndevs=4 nmdevs=6 qp_num=2643 pkey=0 pd=0xff457c224940
spark-5fa1:62:73 [0] NCCL INFO NET/IB: Subnet-aware routing: overriding dev 4 with dev 0
spark-5fa1:62:73 [0] NCCL INFO NET/IB: Subnet-aware routing: overriding dev 5 with dev 2
spark-5fa1:62:73 [0] NCCL INFO NET/IB: Subnet-aware routing: overriding dev 4 with dev 0
spark-5fa1:62:73 [0] NCCL INFO NET/IB: Subnet-aware routing: overriding dev 5 with dev 2
spark-5fa1:62:73 [0] NCCL INFO NET/IB: ncclIbResiliencyInit: Resiliency is disabled on the recv communicator (comm=0xff457f534000)
spark-5fa1:62:73 [0] NCCL INFO NET/IB: ncclIbRecvCommInit: Receive work requests will be posted on-demand
spark-5fa1:62:73 [0] NCCL INFO NET/IB: Subnet-aware routing: overriding dev 5 with dev 2
spark-5fa1:62:73 [0] NCCL INFO NET/IB: ncclIbReceiverQpsCreateToRts: QP created: port=1 dev=2 devName=roceP2p1s0f0 ndevs=4 nmdevs=6 qp_num=2644 pkey=0 pd=0xff457c224940 oooRq=0
spark-5fa1:62:73 [0] NCCL INFO NET/IB: ncclIbReceiverQpsCreateToRts: QP created: port=1 dev=2 devName=roceP2p1s0f0 ndevs=4 nmdevs=6 qp_num=2645 pkey=0 pd=0xff457c224940 oooRq=0
spark-5fa1:62:73 [0] NCCL INFO NET/IB: ncclIbReceiverQpsCreateToRts: Flush QP created: port=1 dev=2 devName=roceP2p1s0f0 ndevs=4 nmdevs=6 qp_num=2646 pkey=0 pd=0xff457c224940
spark-5fa1:62:73 [0] NCCL INFO NET/IB: Subnet-aware routing: overriding dev 4 with dev 0
spark-5fa1:62:73 [0] NCCL INFO NET/IB: ncclIbReceiverQpsCreateToRts: QP created: port=1 dev=0 devName=rocep1s0f0 ndevs=4 nmdevs=6 qp_num=46422 pkey=0 pd=0xff457c07ddd0 oooRq=0
spark-5fa1:62:73 [0] NCCL INFO NET/IB: ncclIbReceiverQpsCreateToRts: QP created: port=1 dev=0 devName=rocep1s0f0 ndevs=4 nmdevs=6 qp_num=46423 pkey=0 pd=0xff457c07ddd0 oooRq=0
spark-5fa1:62:73 [0] NCCL INFO NET/IB: ncclIbReceiverQpsCreateToRts: Flush QP created: port=1 dev=0 devName=rocep1s0f0 ndevs=4 nmdevs=6 qp_num=46424 pkey=0 pd=0xff457c07ddd0
spark-5fa1:62:73 [0] NCCL INFO NET/IB: Subnet-aware routing: overriding dev 4 with dev 0
spark-5fa1:62:73 [0] NCCL INFO NET/IB: Subnet-aware routing: overriding dev 5 with dev 2
spark-5fa1:62:73 [0] NCCL INFO NET/IB: Subnet-aware routing: overriding dev 4 with dev 0
spark-5fa1:62:73 [0] NCCL INFO NET/IB: Subnet-aware routing: overriding dev 5 with dev 2
spark-5fa1:62:73 [0] NCCL INFO NET/IB: Subnet-aware routing: overriding dev 4 with dev 0
spark-5fa1:62:73 [0] NCCL INFO NET/IB: Subnet-aware routing: overriding dev 5 with dev 2
spark-5fa1:62:73 [0] NCCL INFO NET/IB: Subnet-aware routing: overriding dev 4 with dev 0
spark-5fa1:62:73 [0] NCCL INFO NET/IB: ncclIbResiliencyInit: Resiliency is disabled on the send communicator (comm=0xff457f66b000)
spark-5fa1:62:73 [0] NCCL INFO NET/IB: Subnet-aware routing: overriding dev 4 with dev 0
spark-5fa1:62:73 [0] NCCL INFO NET/IB: Subnet-aware routing: overriding dev 5 with dev 2
spark-5fa1:62:73 [0] NCCL INFO NET/IB: Subnet-aware routing: overriding dev 4 with dev 0
spark-5fa1:62:73 [0] NCCL INFO NET/IB: Subnet-aware routing: overriding dev 5 with dev 2
spark-5fa1:62:73 [0] NCCL INFO NET/IB: Subnet-aware routing: overriding dev 4 with dev 0
spark-5fa1:62:73 [0] NCCL INFO NET/IB: Subnet-aware routing: overriding dev 5 with dev 2
spark-5fa1:62:73 [0] NCCL INFO NET/IB: Subnet-aware routing: overriding dev 4 with dev 0
spark-5fa1:62:73 [0] NCCL INFO NET/IB: ncclIbResiliencyInit: Resiliency is disabled on the recv communicator (comm=0xff457f6ac000)
spark-5fa1:62:73 [0] NCCL INFO NET/IB: ncclIbRecvCommInit: Receive work requests will be posted on-demand
spark-5fa1:62:73 [0] NCCL INFO NET/IB: Subnet-aware routing: overriding dev 4 with dev 0
spark-5fa1:62:73 [0] NCCL INFO NET/IB: Subnet-aware routing: overriding dev 5 with dev 2
spark-5fa1:62:73 [0] NCCL INFO NET/IB: Subnet-aware routing: overriding dev 4 with dev 0
spark-5fa1:62:73 [0] NCCL INFO NET/IB: Subnet-aware routing: overriding dev 5 with dev 2
spark-5fa1:62:73 [0] NCCL INFO NET/IB: Subnet-aware routing: overriding dev 4 with dev 0
spark-5fa1:62:73 [0] NCCL INFO NET/IB: Subnet-aware routing: overriding dev 5 with dev 2
spark-5fa1:62:73 [0] NCCL INFO NET/IB: Subnet-aware routing: overriding dev 4 with dev 0
spark-5fa1:62:73 [0] NCCL INFO NET/IB: Subnet-aware routing: overriding dev 5 with dev 2
spark-5fa1:62:73 [0] NCCL INFO NET/IB: ncclIbResiliencyInit: Resiliency is disabled on the send communicator (comm=0xff457f6f4000)
spark-5fa1:62:73 [0] NCCL INFO NET/IB: Subnet-aware routing: overriding dev 4 with dev 0
spark-5fa1:62:73 [0] NCCL INFO NET/IB: Subnet-aware routing: overriding dev 5 with dev 2
spark-5fa1:62:73 [0] NCCL INFO NET/IB: Subnet-aware routing: overriding dev 4 with dev 0
spark-5fa1:62:73 [0] NCCL INFO NET/IB: Subnet-aware routing: overriding dev 5 with dev 2
spark-5fa1:62:73 [0] NCCL INFO NET/IB: Subnet-aware routing: overriding dev 4 with dev 0
spark-5fa1:62:73 [0] NCCL INFO NET/IB: Subnet-aware routing: overriding dev 5 with dev 2
spark-5fa1:62:73 [0] NCCL INFO NET/IB: Subnet-aware routing: overriding dev 4 with dev 0
spark-5fa1:62:73 [0] NCCL INFO NET/IB: Subnet-aware routing: overriding dev 5 with dev 2
spark-5fa1:62:73 [0] NCCL INFO NET/IB: ncclIbResiliencyInit: Resiliency is disabled on the recv communicator (comm=0xff457f735000)
spark-5fa1:62:73 [0] NCCL INFO NET/IB: ncclIbRecvCommInit: Receive work requests will be posted on-demand
spark-5fa1:62:73 [0] NCCL INFO NET/IB: Subnet-aware routing: overriding dev 4 with dev 0
spark-5fa1:62:73 [0] NCCL INFO NET/IB: Subnet-aware routing: overriding dev 5 with dev 2
spark-5fa1:62:73 [0] NCCL INFO NET/IB: Subnet-aware routing: overriding dev 4 with dev 0
spark-5fa1:62:73 [0] NCCL INFO NET/IB: Subnet-aware routing: overriding dev 5 with dev 2
spark-5fa1:62:73 [0] NCCL INFO NET/IB: Subnet-aware routing: overriding dev 4 with dev 0
spark-5fa1:62:73 [0] NCCL INFO NET/IB: Subnet-aware routing: overriding dev 5 with dev 2
spark-5fa1:62:73 [0] NCCL INFO NET/IB: Subnet-aware routing: overriding dev 4 with dev 0
spark-5fa1:62:73 [0] NCCL INFO NET/IB: Subnet-aware routing: overriding dev 5 with dev 2
spark-5fa1:62:73 [0] NCCL INFO NET/IB: Subnet-aware routing: overriding dev 4 with dev 0
spark-5fa1:62:73 [0] NCCL INFO NET/IB: ncclIbResiliencyInit: Resiliency is disabled on the send communicator (comm=0xff457f77d000)
spark-5fa1:62:73 [0] NCCL INFO NET/IB: Subnet-aware routing: overriding dev 4 with dev 0
spark-5fa1:62:73 [0] NCCL INFO NET/IB: Subnet-aware routing: overriding dev 5 with dev 2
spark-5fa1:62:73 [0] NCCL INFO NET/IB: Subnet-aware routing: overriding dev 4 with dev 0
spark-5fa1:62:73 [0] NCCL INFO NET/IB: Subnet-aware routing: overriding dev 5 with dev 2
spark-5fa1:62:73 [0] NCCL INFO NET/IB: Subnet-aware routing: overriding dev 4 with dev 0
spark-5fa1:62:73 [0] NCCL INFO NET/IB: Subnet-aware routing: overriding dev 5 with dev 2
spark-5fa1:62:73 [0] NCCL INFO NET/IB: Subnet-aware routing: overriding dev 4 with dev 0
spark-5fa1:62:73 [0] NCCL INFO NET/IB: Subnet-aware routing: overriding dev 5 with dev 2
spark-5fa1:62:73 [0] NCCL INFO NET/IB: Subnet-aware routing: overriding dev 4 with dev 0
spark-5fa1:62:73 [0] NCCL INFO NET/IB: ncclIbResiliencyInit: Resiliency is disabled on the recv communicator (comm=0xff457f7be000)
spark-5fa1:62:73 [0] NCCL INFO NET/IB: ncclIbRecvCommInit: Receive work requests will be posted on-demand
spark-5fa1:62:73 [0] NCCL INFO NET/IB: Subnet-aware routing: overriding dev 4 with dev 0
spark-5fa1:62:73 [0] NCCL INFO NET/IB: Subnet-aware routing: overriding dev 5 with dev 2
spark-5fa1:62:73 [0] NCCL INFO NET/IB: Subnet-aware routing: overriding dev 4 with dev 0
spark-5fa1:62:73 [0] NCCL INFO NET/IB: Subnet-aware routing: overriding dev 5 with dev 2
spark-5fa1:62:73 [0] NCCL INFO NET/IB: Subnet-aware routing: overriding dev 4 with dev 0
spark-5fa1:62:73 [0] NCCL INFO NET/IB: Subnet-aware routing: overriding dev 5 with dev 2
spark-5fa1:62:73 [0] NCCL INFO NET/IB: Subnet-aware routing: overriding dev 4 with dev 0
spark-5fa1:62:73 [0] NCCL INFO NET/IB: Subnet-aware routing: overriding dev 5 with dev 2
spark-5fa1:62:73 [0] NCCL INFO NET/IB: Subnet-aware routing: overriding dev 4 with dev 0
spark-5fa1:62:73 [0] NCCL INFO NET/IB: Subnet-aware routing: overriding dev 5 with dev 2
spark-5fa1:62:73 [0] NCCL INFO NET/IB: ncclIbResiliencyInit: Resiliency is disabled on the send communicator (comm=0xff457f806000)
spark-5fa1:62:73 [0] NCCL INFO NET/IB: Subnet-aware routing: overriding dev 4 with dev 0
spark-5fa1:62:73 [0] NCCL INFO NET/IB: Subnet-aware routing: overriding dev 5 with dev 2
spark-5fa1:62:73 [0] NCCL INFO NET/IB: Subnet-aware routing: overriding dev 4 with dev 0
spark-5fa1:62:73 [0] NCCL INFO NET/IB: Subnet-aware routing: overriding dev 5 with dev 2
spark-5fa1:62:73 [0] NCCL INFO NET/IB: Subnet-aware routing: overriding dev 4 with dev 0
spark-5fa1:62:73 [0] NCCL INFO NET/IB: Subnet-aware routing: overriding dev 5 with dev 2
spark-5fa1:62:73 [0] NCCL INFO NET/IB: Subnet-aware routing: overriding dev 4 with dev 0
spark-5fa1:62:73 [0] NCCL INFO NET/IB: Subnet-aware routing: overriding dev 5 with dev 2
spark-5fa1:62:73 [0] NCCL INFO NET/IB: Subnet-aware routing: overriding dev 4 with dev 0
spark-5fa1:62:73 [0] NCCL INFO NET/IB: Subnet-aware routing: overriding dev 5 with dev 2
spark-5fa1:62:73 [0] NCCL INFO NET/IB: ncclIbResiliencyInit: Resiliency is disabled on the recv communicator (comm=0xff457f847000)
spark-5fa1:62:73 [0] NCCL INFO NET/IB: ncclIbRecvCommInit: Receive work requests will be posted on-demand
spark-5fa1:62:73 [0] NCCL INFO NET/IB: Subnet-aware routing: overriding dev 4 with dev 0
spark-5fa1:62:73 [0] NCCL INFO NET/IB: Subnet-aware routing: overriding dev 5 with dev 2
spark-5fa1:62:73 [0] NCCL INFO NET/IB: Subnet-aware routing: overriding dev 4 with dev 0
spark-5fa1:62:73 [0] NCCL INFO NET/IB: Subnet-aware routing: overriding dev 5 with dev 2
spark-5fa1:62:73 [0] NCCL INFO NET/IB: Subnet-aware routing: overriding dev 4 with dev 0
spark-5fa1:62:73 [0] NCCL INFO NET/IB: Subnet-aware routing: overriding dev 5 with dev 2
spark-5fa1:62:73 [0] NCCL INFO NET/IB: Subnet-aware routing: overriding dev 4 with dev 0
spark-5fa1:62:73 [0] NCCL INFO NET/IB: Subnet-aware routing: overriding dev 5 with dev 2
spark-5fa1:62:73 [0] NCCL INFO NET/IB: Subnet-aware routing: overriding dev 4 with dev 0
spark-5fa1:62:73 [0] NCCL INFO NET/IB: Subnet-aware routing: overriding dev 5 with dev 2
spark-5fa1:62:73 [0] NCCL INFO NET/IB: Subnet-aware routing: overriding dev 4 with dev 0
spark-5fa1:62:73 [0] NCCL INFO NET/IB: ncclIbResiliencyInit: Resiliency is disabled on the send communicator (comm=0xff457f88f000)
spark-5fa1:62:73 [0] NCCL INFO NET/IB: Subnet-aware routing: overriding dev 4 with dev 0
spark-5fa1:62:73 [0] NCCL INFO NET/IB: ncclIbSenderQpsToRts: Set ECE: IbDev 0 Port 1 qp_num 46417 set_ece={supported=1, vendor_id=0x15b3, options=0x30000002, comp_mask=0x0}
spark-5fa1:62:73 [0] NCCL INFO NET/IB: ncclIbSenderQpsToRts: Set ECE: IbDev 0 Port 1 qp_num 46418 set_ece={supported=1, vendor_id=0x15b3, options=0x30000002, comp_mask=0x0}
spark-5fa1:62:73 [0] NCCL INFO NET/IB: Subnet-aware routing: overriding dev 5 with dev 2
spark-5fa1:62:73 [0] NCCL INFO NET/IB: Subnet-aware routing: overriding dev 4 with dev 0
spark-5fa1:62:73 [0] NCCL INFO NET/IB: ncclIbSenderQpsCreate: QP created: port=1 dev=0 devName=rocep1s0f0 ndevs=4 nmdevs=6 qp_num=46425 pkey=0 pd=0xff457c07ddd0 oooRq=0
spark-5fa1:62:73 [0] NCCL INFO NET/IB: ncclIbSenderQpsCreate: QP created: port=1 dev=0 devName=rocep1s0f0 ndevs=4 nmdevs=6 qp_num=46426 pkey=0 pd=0xff457c07ddd0 oooRq=0
spark-5fa1:62:73 [0] NCCL INFO NET/IB: ncclIbConnectImpl: NCCL Dev 0 IbDev 0 Port 1 qp_num 46425 mtu 5 GID 6 (0/164A8C0FFFF0000) ctsFifoRkey=0x164e0e ctsFifoLkey=0x164e0e
spark-5fa1:62:73 [0] NCCL INFO NET/IB: ncclIbConnectImpl: IbDev 0 Port 1 qp_num 46425 query_ece={supported=1, vendor_id=0x15b3, options=0x30000002, comp_mask=0x0}
spark-5fa1:62:73 [0] NCCL INFO NET/IB: ncclIbConnectImpl: NCCL Dev 0 IbDev 0 Port 1 qp_num 46426 mtu 5 GID 6 (0/164A8C0FFFF0000) ctsFifoRkey=0x164e0e ctsFifoLkey=0x164e0e
spark-5fa1:62:73 [0] NCCL INFO NET/IB: ncclIbConnectImpl: IbDev 0 Port 1 qp_num 46426 query_ece={supported=1, vendor_id=0x15b3, options=0x30000002, comp_mask=0x0}
spark-5fa1:62:73 [0] NCCL INFO NET/IB: Subnet-aware routing: overriding dev 5 with dev 2
spark-5fa1:62:73 [0] NCCL INFO NET/IB: ncclIbSenderQpsCreate: QP created: port=1 dev=2 devName=roceP2p1s0f0 ndevs=4 nmdevs=6 qp_num=2647 pkey=0 pd=0xff457c224940 oooRq=0
spark-5fa1:62:73 [0] NCCL INFO NET/IB: ncclIbSenderQpsCreate: QP created: port=1 dev=2 devName=roceP2p1s0f0 ndevs=4 nmdevs=6 qp_num=2648 pkey=0 pd=0xff457c224940 oooRq=0
spark-5fa1:62:73 [0] NCCL INFO NET/IB: ncclIbConnectImpl: NCCL Dev 2 IbDev 2 Port 1 qp_num 2647 mtu 5 GID 3 (0/16EA8C0FFFF0000) ctsFifoRkey=0x178c8a ctsFifoLkey=0x178c8a
spark-5fa1:62:73 [0] NCCL INFO NET/IB: ncclIbConnectImpl: IbDev 2 Port 1 qp_num 2647 query_ece={supported=1, vendor_id=0x15b3, options=0x30000002, comp_mask=0x0}
spark-5fa1:62:73 [0] NCCL INFO NET/IB: ncclIbConnectImpl: NCCL Dev 2 IbDev 2 Port 1 qp_num 2648 mtu 5 GID 3 (0/16EA8C0FFFF0000) ctsFifoRkey=0x178c8a ctsFifoLkey=0x178c8a
spark-5fa1:62:73 [0] NCCL INFO NET/IB: ncclIbConnectImpl: IbDev 2 Port 1 qp_num 2648 query_ece={supported=1, vendor_id=0x15b3, options=0x30000002, comp_mask=0x0}
spark-5fa1:62:73 [0] NCCL INFO NET/IB: Subnet-aware routing: overriding dev 4 with dev 0
spark-5fa1:62:73 [0] NCCL INFO NET/IB: ncclIbSenderQpsCreate: QP created: port=1 dev=0 devName=rocep1s0f0 ndevs=4 nmdevs=6 qp_num=46427 pkey=0 pd=0xff457c07ddd0 oooRq=0
spark-5fa1:62:73 [0] NCCL INFO NET/IB: ncclIbSenderQpsCreate: QP created: port=1 dev=0 devName=rocep1s0f0 ndevs=4 nmdevs=6 qp_num=46428 pkey=0 pd=0xff457c07ddd0 oooRq=0
spark-5fa1:62:73 [0] NCCL INFO NET/IB: ncclIbConnectImpl: NCCL Dev 0 IbDev 0 Port 1 qp_num 46427 mtu 5 GID 6 (0/164A8C0FFFF0000) ctsFifoRkey=0x17a966 ctsFifoLkey=0x17a966
spark-5fa1:62:73 [0] NCCL INFO NET/IB: ncclIbConnectImpl: IbDev 0 Port 1 qp_num 46427 query_ece={supported=1, vendor_id=0x15b3, options=0x30000002, comp_mask=0x0}
spark-5fa1:62:73 [0] NCCL INFO NET/IB: ncclIbConnectImpl: NCCL Dev 0 IbDev 0 Port 1 qp_num 46428 mtu 5 GID 6 (0/164A8C0FFFF0000) ctsFifoRkey=0x17a966 ctsFifoLkey=0x17a966
spark-5fa1:62:73 [0] NCCL INFO NET/IB: ncclIbConnectImpl: IbDev 0 Port 1 qp_num 46428 query_ece={supported=1, vendor_id=0x15b3, options=0x30000002, comp_mask=0x0}
spark-5fa1:62:73 [0] NCCL INFO NET/IB: Subnet-aware routing: overriding dev 5 with dev 2
spark-5fa1:62:73 [0] NCCL INFO NET/IB: Subnet-aware routing: overriding dev 4 with dev 0
spark-5fa1:62:73 [0] NCCL INFO NET/IB: Subnet-aware routing: overriding dev 5 with dev 2
spark-5fa1:62:73 [0] NCCL INFO NET/IB: Subnet-aware routing: overriding dev 4 with dev 0
spark-5fa1:62:73 [0] NCCL INFO NET/IB: Subnet-aware routing: overriding dev 5 with dev 2
spark-5fa1:62:73 [0] NCCL INFO NET/IB: Subnet-aware routing: overriding dev 4 with dev 0
spark-5fa1:62:73 [0] NCCL INFO NET/IB: ncclIbResiliencyInit: Resiliency is disabled on the recv communicator (comm=0xff457f9ec000)
spark-5fa1:62:73 [0] NCCL INFO NET/IB: ncclIbRecvCommInit: Receive work requests will be posted on-demand
spark-5fa1:62:73 [0] NCCL INFO NET/IB: Subnet-aware routing: overriding dev 5 with dev 2
spark-5fa1:62:73 [0] NCCL INFO NET/IB: ncclIbSenderQpsToRts: Set ECE: IbDev 2 Port 1 qp_num 2639 set_ece={supported=1, vendor_id=0x15b3, options=0x30000002, comp_mask=0x0}
spark-5fa1:62:73 [0] NCCL INFO NET/IB: ncclIbSenderQpsToRts: Set ECE: IbDev 2 Port 1 qp_num 2640 set_ece={supported=1, vendor_id=0x15b3, options=0x30000002, comp_mask=0x0}
spark-5fa1:62:73 [0] NCCL INFO NET/IB: Subnet-aware routing: overriding dev 4 with dev 0
spark-5fa1:62:73 [0] NCCL INFO NET/IB: ncclIbSenderQpsToRts: Set ECE: IbDev 0 Port 1 qp_num 46425 set_ece={supported=1, vendor_id=0x15b3, options=0x30000002, comp_mask=0x0}
spark-5fa1:62:73 [0] NCCL INFO NET/IB: ncclIbSenderQpsToRts: Set ECE: IbDev 0 Port 1 qp_num 46426 set_ece={supported=1, vendor_id=0x15b3, options=0x30000002, comp_mask=0x0}
spark-5fa1:62:73 [0] NCCL INFO NET/IB: Subnet-aware routing: overriding dev 4 with dev 0
spark-5fa1:62:73 [0] NCCL INFO NET/IB: ncclIbReceiverQpsCreateToRts: QP created: port=1 dev=0 devName=rocep1s0f0 ndevs=4 nmdevs=6 qp_num=46429 pkey=0 pd=0xff457c07ddd0 oooRq=0
spark-5fa1:62:73 [0] NCCL INFO NET/IB: ncclIbReceiverQpsCreateToRts: QP created: port=1 dev=0 devName=rocep1s0f0 ndevs=4 nmdevs=6 qp_num=46430 pkey=0 pd=0xff457c07ddd0 oooRq=0
spark-5fa1:62:73 [0] NCCL INFO NET/IB: ncclIbReceiverQpsCreateToRts: Flush QP created: port=1 dev=0 devName=rocep1s0f0 ndevs=4 nmdevs=6 qp_num=46431 pkey=0 pd=0xff457c07ddd0
spark-5fa1:62:73 [0] NCCL INFO NET/IB: Subnet-aware routing: overriding dev 5 with dev 2
spark-5fa1:62:73 [0] NCCL INFO NET/IB: ncclIbSenderQpsToRts: Set ECE: IbDev 2 Port 1 qp_num 2647 set_ece={supported=1, vendor_id=0x15b3, options=0x30000002, comp_mask=0x0}
spark-5fa1:62:73 [0] NCCL INFO NET/IB: ncclIbSenderQpsToRts: Set ECE: IbDev 2 Port 1 qp_num 2648 set_ece={supported=1, vendor_id=0x15b3, options=0x30000002, comp_mask=0x0}
spark-5fa1:62:73 [0] NCCL INFO NET/IB: Subnet-aware routing: overriding dev 4 with dev 0
spark-5fa1:62:73 [0] NCCL INFO NET/IB: ncclIbSenderQpsToRts: Set ECE: IbDev 0 Port 1 qp_num 46427 set_ece={supported=1, vendor_id=0x15b3, options=0x30000002, comp_mask=0x0}
spark-5fa1:62:73 [0] NCCL INFO NET/IB: ncclIbSenderQpsToRts: Set ECE: IbDev 0 Port 1 qp_num 46428 set_ece={supported=1, vendor_id=0x15b3, options=0x30000002, comp_mask=0x0}
spark-5fa1:62:73 [0] NCCL INFO NET/IB: Subnet-aware routing: overriding dev 5 with dev 2
spark-5fa1:62:73 [0] NCCL INFO NET/IB: ncclIbSenderQpsCreate: QP created: port=1 dev=2 devName=roceP2p1s0f0 ndevs=4 nmdevs=6 qp_num=2649 pkey=0 pd=0xff457c224940 oooRq=0
spark-5fa1:62:73 [0] NCCL INFO NET/IB: ncclIbSenderQpsCreate: QP created: port=1 dev=2 devName=roceP2p1s0f0 ndevs=4 nmdevs=6 qp_num=2650 pkey=0 pd=0xff457c224940 oooRq=0
spark-5fa1:62:73 [0] NCCL INFO NET/IB: ncclIbConnectImpl: NCCL Dev 2 IbDev 2 Port 1 qp_num 2649 mtu 5 GID 3 (0/16EA8C0FFFF0000) ctsFifoRkey=0x175251 ctsFifoLkey=0x175251
spark-5fa1:62:73 [0] NCCL INFO NET/IB: ncclIbConnectImpl: IbDev 2 Port 1 qp_num 2649 query_ece={supported=1, vendor_id=0x15b3, options=0x30000002, comp_mask=0x0}
spark-5fa1:62:73 [0] NCCL INFO NET/IB: ncclIbConnectImpl: NCCL Dev 2 IbDev 2 Port 1 qp_num 2650 mtu 5 GID 3 (0/16EA8C0FFFF0000) ctsFifoRkey=0x175251 ctsFifoLkey=0x175251
spark-5fa1:62:73 [0] NCCL INFO NET/IB: ncclIbConnectImpl: IbDev 2 Port 1 qp_num 2650 query_ece={supported=1, vendor_id=0x15b3, options=0x30000002, comp_mask=0x0}
spark-5fa1:62:73 [0] NCCL INFO NET/IB: Subnet-aware routing: overriding dev 4 with dev 0
spark-5fa1:62:73 [0] NCCL INFO NET/IB: ncclIbSenderQpsCreate: QP created: port=1 dev=0 devName=rocep1s0f0 ndevs=4 nmdevs=6 qp_num=46432 pkey=0 pd=0xff457c07ddd0 oooRq=0
spark-5fa1:62:73 [0] NCCL INFO NET/IB: ncclIbSenderQpsCreate: QP created: port=1 dev=0 devName=rocep1s0f0 ndevs=4 nmdevs=6 qp_num=46433 pkey=0 pd=0xff457c07ddd0 oooRq=0
spark-5fa1:62:73 [0] NCCL INFO NET/IB: ncclIbConnectImpl: NCCL Dev 0 IbDev 0 Port 1 qp_num 46432 mtu 5 GID 6 (0/164A8C0FFFF0000) ctsFifoRkey=0x222594 ctsFifoLkey=0x222594
spark-5fa1:62:73 [0] NCCL INFO NET/IB: ncclIbConnectImpl: IbDev 0 Port 1 qp_num 46432 query_ece={supported=1, vendor_id=0x15b3, options=0x30000002, comp_mask=0x0}
spark-5fa1:62:73 [0] NCCL INFO NET/IB: ncclIbConnectImpl: NCCL Dev 0 IbDev 0 Port 1 qp_num 46433 mtu 5 GID 6 (0/164A8C0FFFF0000) ctsFifoRkey=0x222594 ctsFifoLkey=0x222594
spark-5fa1:62:73 [0] NCCL INFO NET/IB: ncclIbConnectImpl: IbDev 0 Port 1 qp_num 46433 query_ece={supported=1, vendor_id=0x15b3, options=0x30000002, comp_mask=0x0}
spark-5fa1:62:73 [0] NCCL INFO NET/IB: Subnet-aware routing: overriding dev 5 with dev 2
spark-5fa1:62:73 [0] NCCL INFO NET/IB: ncclIbSenderQpsCreate: QP created: port=1 dev=2 devName=roceP2p1s0f0 ndevs=4 nmdevs=6 qp_num=2651 pkey=0 pd=0xff457c224940 oooRq=0
spark-5fa1:62:73 [0] NCCL INFO NET/IB: ncclIbSenderQpsCreate: QP created: port=1 dev=2 devName=roceP2p1s0f0 ndevs=4 nmdevs=6 qp_num=2652 pkey=0 pd=0xff457c224940 oooRq=0
spark-5fa1:62:73 [0] NCCL INFO NET/IB: ncclIbConnectImpl: NCCL Dev 2 IbDev 2 Port 1 qp_num 2651 mtu 5 GID 3 (0/16EA8C0FFFF0000) ctsFifoRkey=0x19afad ctsFifoLkey=0x19afad
spark-5fa1:62:73 [0] NCCL INFO NET/IB: ncclIbConnectImpl: IbDev 2 Port 1 qp_num 2651 query_ece={supported=1, vendor_id=0x15b3, options=0x30000002, comp_mask=0x0}
spark-5fa1:62:73 [0] NCCL INFO NET/IB: ncclIbConnectImpl: NCCL Dev 2 IbDev 2 Port 1 qp_num 2652 mtu 5 GID 3 (0/16EA8C0FFFF0000) ctsFifoRkey=0x19afad ctsFifoLkey=0x19afad
spark-5fa1:62:73 [0] NCCL INFO NET/IB: ncclIbConnectImpl: IbDev 2 Port 1 qp_num 2652 query_ece={supported=1, vendor_id=0x15b3, options=0x30000002, comp_mask=0x0}
spark-5fa1:62:73 [0] NCCL INFO NET/IB: Subnet-aware routing: overriding dev 4 with dev 0
spark-5fa1:62:73 [0] NCCL INFO NET/IB: Subnet-aware routing: overriding dev 5 with dev 2
spark-5fa1:62:73 [0] NCCL INFO NET/IB: Subnet-aware routing: overriding dev 4 with dev 0
spark-5fa1:62:73 [0] NCCL INFO NET/IB: Subnet-aware routing: overriding dev 5 with dev 2
spark-5fa1:62:73 [0] NCCL INFO NET/IB: ncclIbResiliencyInit: Resiliency is disabled on the send communicator (comm=0xff457fbad000)
spark-5fa1:62:73 [0] NCCL INFO NET/IB: Subnet-aware routing: overriding dev 5 with dev 2
spark-5fa1:62:73 [0] NCCL INFO NET/IB: ncclIbReceiverQpsCreateToRts: QP created: port=1 dev=2 devName=roceP2p1s0f0 ndevs=4 nmdevs=6 qp_num=2653 pkey=0 pd=0xff457c224940 oooRq=0
spark-5fa1:62:73 [0] NCCL INFO NET/IB: ncclIbReceiverQpsCreateToRts: QP created: port=1 dev=2 devName=roceP2p1s0f0 ndevs=4 nmdevs=6 qp_num=2654 pkey=0 pd=0xff457c224940 oooRq=0
spark-5fa1:62:73 [0] NCCL INFO NET/IB: ncclIbReceiverQpsCreateToRts: Flush QP created: port=1 dev=2 devName=roceP2p1s0f0 ndevs=4 nmdevs=6 qp_num=2655 pkey=0 pd=0xff457c224940
spark-5fa1:62:73 [0] NCCL INFO NET/IB: Subnet-aware routing: overriding dev 4 with dev 0
spark-5fa1:62:73 [0] NCCL INFO NET/IB: ncclIbReceiverQpsCreateToRts: QP created: port=1 dev=0 devName=rocep1s0f0 ndevs=4 nmdevs=6 qp_num=46434 pkey=0 pd=0xff457c07ddd0 oooRq=0
spark-5fa1:62:73 [0] NCCL INFO NET/IB: ncclIbReceiverQpsCreateToRts: QP created: port=1 dev=0 devName=rocep1s0f0 ndevs=4 nmdevs=6 qp_num=46435 pkey=0 pd=0xff457c07ddd0 oooRq=0
spark-5fa1:62:73 [0] NCCL INFO NET/IB: ncclIbReceiverQpsCreateToRts: Flush QP created: port=1 dev=0 devName=rocep1s0f0 ndevs=4 nmdevs=6 qp_num=46436 pkey=0 pd=0xff457c07ddd0
spark-5fa1:62:73 [0] NCCL INFO NET/IB: Subnet-aware routing: overriding dev 5 with dev 2
spark-5fa1:62:73 [0] NCCL INFO NET/IB: Subnet-aware routing: overriding dev 5 with dev 2
spark-5fa1:62:73 [0] NCCL INFO NET/IB: ncclIbReceiverQpsCreateToRts: QP created: port=1 dev=2 devName=roceP2p1s0f0 ndevs=4 nmdevs=6 qp_num=2656 pkey=0 pd=0xff457c224940 oooRq=0
spark-5fa1:62:73 [0] NCCL INFO NET/IB: ncclIbReceiverQpsCreateToRts: QP created: port=1 dev=2 devName=roceP2p1s0f0 ndevs=4 nmdevs=6 qp_num=2657 pkey=0 pd=0xff457c224940 oooRq=0
spark-5fa1:62:73 [0] NCCL INFO NET/IB: ncclIbReceiverQpsCreateToRts: Flush QP created: port=1 dev=2 devName=roceP2p1s0f0 ndevs=4 nmdevs=6 qp_num=2658 pkey=0 pd=0xff457c224940
spark-5fa1:62:73 [0] NCCL INFO NET/IB: Subnet-aware routing: overriding dev 4 with dev 0
spark-5fa1:62:73 [0] NCCL INFO NET/IB: Subnet-aware routing: overriding dev 5 with dev 2
spark-5fa1:62:73 [0] NCCL INFO NET/IB: Subnet-aware routing: overriding dev 4 with dev 0
spark-5fa1:62:73 [0] NCCL INFO NET/IB: Subnet-aware routing: overriding dev 5 with dev 2
spark-5fa1:62:73 [0] NCCL INFO NET/IB: Subnet-aware routing: overriding dev 4 with dev 0
spark-5fa1:62:73 [0] NCCL INFO NET/IB: Subnet-aware routing: overriding dev 5 with dev 2
spark-5fa1:62:73 [0] NCCL INFO NET/IB: ncclIbResiliencyInit: Resiliency is disabled on the recv communicator (comm=0xff457fd5f000)
spark-5fa1:62:73 [0] NCCL INFO NET/IB: ncclIbRecvCommInit: Receive work requests will be posted on-demand
spark-5fa1:62:73 [0] NCCL INFO NET/IB: Subnet-aware routing: overriding dev 5 with dev 2
spark-5fa1:62:73 [0] NCCL INFO NET/IB: Subnet-aware routing: overriding dev 4 with dev 0
spark-5fa1:62:73 [0] NCCL INFO NET/IB: Subnet-aware routing: overriding dev 5 with dev 2
spark-5fa1:62:73 [0] NCCL INFO NET/IB: Subnet-aware routing: overriding dev 4 with dev 0
spark-5fa1:62:73 [0] NCCL INFO NET/IB: Subnet-aware routing: overriding dev 5 with dev 2
spark-5fa1:62:73 [0] NCCL INFO NET/IB: Subnet-aware routing: overriding dev 4 with dev 0
spark-5fa1:62:73 [0] NCCL INFO NET/IB: Subnet-aware routing: overriding dev 5 with dev 2
spark-5fa1:62:73 [0] NCCL INFO NET/IB: Subnet-aware routing: overriding dev 4 with dev 0
spark-5fa1:62:73 [0] NCCL INFO NET/IB: ncclIbResiliencyInit: Resiliency is disabled on the send communicator (comm=0xff457fda7000)
spark-5fa1:62:73 [0] NCCL INFO NET/IB: Subnet-aware routing: overriding dev 5 with dev 2
spark-5fa1:62:73 [0] NCCL INFO NET/IB: Subnet-aware routing: overriding dev 4 with dev 0
spark-5fa1:62:73 [0] NCCL INFO NET/IB: Subnet-aware routing: overriding dev 5 with dev 2
spark-5fa1:62:73 [0] NCCL INFO NET/IB: Subnet-aware routing: overriding dev 4 with dev 0
spark-5fa1:62:73 [0] NCCL INFO NET/IB: Subnet-aware routing: overriding dev 5 with dev 2
spark-5fa1:62:73 [0] NCCL INFO NET/IB: Subnet-aware routing: overriding dev 4 with dev 0
spark-5fa1:62:73 [0] NCCL INFO NET/IB: Subnet-aware routing: overriding dev 5 with dev 2
spark-5fa1:62:73 [0] NCCL INFO NET/IB: Subnet-aware routing: overriding dev 4 with dev 0
spark-5fa1:62:73 [0] NCCL INFO NET/IB: ncclIbResiliencyInit: Resiliency is disabled on the recv communicator (comm=0xff457fde8000)
spark-5fa1:62:73 [0] NCCL INFO NET/IB: ncclIbRecvCommInit: Receive work requests will be posted on-demand
spark-5fa1:62:73 [0] NCCL INFO NET/IB: Subnet-aware routing: overriding dev 5 with dev 2
spark-5fa1:62:73 [0] NCCL INFO NET/IB: Subnet-aware routing: overriding dev 4 with dev 0
spark-5fa1:62:73 [0] NCCL INFO NET/IB: Subnet-aware routing: overriding dev 5 with dev 2
spark-5fa1:62:73 [0] NCCL INFO NET/IB: Subnet-aware routing: overriding dev 4 with dev 0
spark-5fa1:62:73 [0] NCCL INFO NET/IB: Subnet-aware routing: overriding dev 5 with dev 2
spark-5fa1:62:73 [0] NCCL INFO NET/IB: Subnet-aware routing: overriding dev 4 with dev 0
spark-5fa1:62:73 [0] NCCL INFO NET/IB: Subnet-aware routing: overriding dev 5 with dev 2
spark-5fa1:62:73 [0] NCCL INFO NET/IB: Subnet-aware routing: overriding dev 4 with dev 0
spark-5fa1:62:73 [0] NCCL INFO NET/IB: Subnet-aware routing: overriding dev 5 with dev 2
spark-5fa1:62:73 [0] NCCL INFO NET/IB: ncclIbResiliencyInit: Resiliency is disabled on the send communicator (comm=0xff457fe30000)
spark-5fa1:62:73 [0] NCCL INFO NET/IB: Subnet-aware routing: overriding dev 5 with dev 2
spark-5fa1:62:73 [0] NCCL INFO NET/IB: Subnet-aware routing: overriding dev 4 with dev 0
spark-5fa1:62:73 [0] NCCL INFO NET/IB: Subnet-aware routing: overriding dev 5 with dev 2
spark-5fa1:62:73 [0] NCCL INFO NET/IB: Subnet-aware routing: overriding dev 4 with dev 0
spark-5fa1:62:73 [0] NCCL INFO NET/IB: Subnet-aware routing: overriding dev 5 with dev 2
spark-5fa1:62:73 [0] NCCL INFO NET/IB: Subnet-aware routing: overriding dev 4 with dev 0
spark-5fa1:62:73 [0] NCCL INFO NET/IB: Subnet-aware routing: overriding dev 5 with dev 2
spark-5fa1:62:73 [0] NCCL INFO NET/IB: Subnet-aware routing: overriding dev 4 with dev 0
spark-5fa1:62:73 [0] NCCL INFO NET/IB: Subnet-aware routing: overriding dev 5 with dev 2
spark-5fa1:62:73 [0] NCCL INFO NET/IB: ncclIbResiliencyInit: Resiliency is disabled on the recv communicator (comm=0xff457fe71000)
spark-5fa1:62:73 [0] NCCL INFO NET/IB: ncclIbRecvCommInit: Receive work requests will be posted on-demand
spark-5fa1:62:73 [0] NCCL INFO NET/IB: Subnet-aware routing: overriding dev 5 with dev 2
spark-5fa1:62:73 [0] NCCL INFO NET/IB: Subnet-aware routing: overriding dev 4 with dev 0
spark-5fa1:62:73 [0] NCCL INFO NET/IB: Subnet-aware routing: overriding dev 5 with dev 2
spark-5fa1:62:73 [0] NCCL INFO NET/IB: Subnet-aware routing: overriding dev 4 with dev 0
spark-5fa1:62:73 [0] NCCL INFO NET/IB: Subnet-aware routing: overriding dev 5 with dev 2
spark-5fa1:62:73 [0] NCCL INFO NET/IB: Subnet-aware routing: overriding dev 4 with dev 0
spark-5fa1:62:73 [0] NCCL INFO NET/IB: Subnet-aware routing: overriding dev 5 with dev 2
spark-5fa1:62:73 [0] NCCL INFO NET/IB: Subnet-aware routing: overriding dev 4 with dev 0
spark-5fa1:62:73 [0] NCCL INFO NET/IB: Subnet-aware routing: overriding dev 5 with dev 2
spark-5fa1:62:73 [0] NCCL INFO NET/IB: Subnet-aware routing: overriding dev 4 with dev 0
spark-5fa1:62:73 [0] NCCL INFO NET/IB: ncclIbResiliencyInit: Resiliency is disabled on the send communicator (comm=0xff457feb9000)
spark-5fa1:62:73 [0] NCCL INFO NET/IB: Subnet-aware routing: overriding dev 5 with dev 2
spark-5fa1:62:73 [0] NCCL INFO NET/IB: Subnet-aware routing: overriding dev 4 with dev 0
spark-5fa1:62:73 [0] NCCL INFO NET/IB: Subnet-aware routing: overriding dev 5 with dev 2
spark-5fa1:62:73 [0] NCCL INFO NET/IB: Subnet-aware routing: overriding dev 4 with dev 0
spark-5fa1:62:73 [0] NCCL INFO NET/IB: Subnet-aware routing: overriding dev 5 with dev 2
spark-5fa1:62:73 [0] NCCL INFO NET/IB: Subnet-aware routing: overriding dev 4 with dev 0
spark-5fa1:62:73 [0] NCCL INFO NET/IB: Subnet-aware routing: overriding dev 5 with dev 2
spark-5fa1:62:73 [0] NCCL INFO NET/IB: Subnet-aware routing: overriding dev 4 with dev 0
spark-5fa1:62:73 [0] NCCL INFO NET/IB: Subnet-aware routing: overriding dev 5 with dev 2
spark-5fa1:62:73 [0] NCCL INFO NET/IB: Subnet-aware routing: overriding dev 4 with dev 0
spark-5fa1:62:73 [0] NCCL INFO NET/IB: ncclIbResiliencyInit: Resiliency is disabled on the recv communicator (comm=0xff457fefa000)
spark-5fa1:62:73 [0] NCCL INFO NET/IB: ncclIbRecvCommInit: Receive work requests will be posted on-demand
spark-5fa1:62:73 [0] NCCL INFO NET/IB: Subnet-aware routing: overriding dev 5 with dev 2
spark-5fa1:62:73 [0] NCCL INFO NET/IB: Subnet-aware routing: overriding dev 4 with dev 0
spark-5fa1:62:73 [0] NCCL INFO NET/IB: Subnet-aware routing: overriding dev 5 with dev 2
spark-5fa1:62:73 [0] NCCL INFO NET/IB: Subnet-aware routing: overriding dev 4 with dev 0
spark-5fa1:62:73 [0] NCCL INFO NET/IB: Subnet-aware routing: overriding dev 5 with dev 2
spark-5fa1:62:73 [0] NCCL INFO NET/IB: Subnet-aware routing: overriding dev 4 with dev 0
spark-5fa1:62:73 [0] NCCL INFO NET/IB: Subnet-aware routing: overriding dev 5 with dev 2
spark-5fa1:62:73 [0] NCCL INFO NET/IB: Subnet-aware routing: overriding dev 4 with dev 0
spark-5fa1:62:73 [0] NCCL INFO NET/IB: Subnet-aware routing: overriding dev 5 with dev 2
spark-5fa1:62:73 [0] NCCL INFO NET/IB: Subnet-aware routing: overriding dev 4 with dev 0
spark-5fa1:62:73 [0] NCCL INFO NET/IB: Subnet-aware routing: overriding dev 5 with dev 2
spark-5fa1:62:73 [0] NCCL INFO NET/IB: ncclIbResiliencyInit: Resiliency is disabled on the send communicator (comm=0xff457ff42000)
spark-5fa1:62:73 [0] NCCL INFO NET/IB: Subnet-aware routing: overriding dev 5 with dev 2
spark-5fa1:62:73 [0] NCCL INFO NET/IB: Subnet-aware routing: overriding dev 4 with dev 0
spark-5fa1:62:73 [0] NCCL INFO NET/IB: Subnet-aware routing: overriding dev 5 with dev 2
spark-5fa1:62:73 [0] NCCL INFO NET/IB: Subnet-aware routing: overriding dev 4 with dev 0
spark-5fa1:62:73 [0] NCCL INFO NET/IB: Subnet-aware routing: overriding dev 5 with dev 2
spark-5fa1:62:73 [0] NCCL INFO NET/IB: Subnet-aware routing: overriding dev 4 with dev 0
spark-5fa1:62:73 [0] NCCL INFO NET/IB: Subnet-aware routing: overriding dev 5 with dev 2
spark-5fa1:62:73 [0] NCCL INFO NET/IB: Subnet-aware routing: overriding dev 4 with dev 0
spark-5fa1:62:73 [0] NCCL INFO NET/IB: Subnet-aware routing: overriding dev 5 with dev 2
spark-5fa1:62:73 [0] NCCL INFO NET/IB: Subnet-aware routing: overriding dev 4 with dev 0
spark-5fa1:62:73 [0] NCCL INFO NET/IB: Subnet-aware routing: overriding dev 5 with dev 2
spark-5fa1:62:73 [0] NCCL INFO NET/IB: ncclIbResiliencyInit: Resiliency is disabled on the recv communicator (comm=0xff457ff83000)
spark-5fa1:62:73 [0] NCCL INFO NET/IB: ncclIbRecvCommInit: Receive work requests will be posted on-demand
spark-5fa1:62:73 [0] NCCL INFO NET/IB: Subnet-aware routing: overriding dev 5 with dev 2
spark-5fa1:62:73 [0] NCCL INFO NET/IB: Subnet-aware routing: overriding dev 4 with dev 0
spark-5fa1:62:73 [0] NCCL INFO NET/IB: Subnet-aware routing: overriding dev 5 with dev 2
spark-5fa1:62:73 [0] NCCL INFO NET/IB: Subnet-aware routing: overriding dev 4 with dev 0
spark-5fa1:62:73 [0] NCCL INFO NET/IB: Subnet-aware routing: overriding dev 5 with dev 2
spark-5fa1:62:73 [0] NCCL INFO NET/IB: Subnet-aware routing: overriding dev 4 with dev 0
spark-5fa1:62:73 [0] NCCL INFO NET/IB: Subnet-aware routing: overriding dev 5 with dev 2
spark-5fa1:62:73 [0] NCCL INFO NET/IB: Subnet-aware routing: overriding dev 4 with dev 0
spark-5fa1:62:73 [0] NCCL INFO NET/IB: Subnet-aware routing: overriding dev 5 with dev 2
spark-5fa1:62:73 [0] NCCL INFO NET/IB: Subnet-aware routing: overriding dev 4 with dev 0
spark-5fa1:62:73 [0] NCCL INFO NET/IB: Subnet-aware routing: overriding dev 5 with dev 2
spark-5fa1:62:73 [0] NCCL INFO NET/IB: Subnet-aware routing: overriding dev 4 with dev 0
spark-5fa1:62:73 [0] NCCL INFO NET/IB: ncclIbResiliencyInit: Resiliency is disabled on the send communicator (comm=0xff4568001000)
spark-5fa1:62:73 [0] NCCL INFO NET/IB: Subnet-aware routing: overriding dev 5 with dev 2
spark-5fa1:62:73 [0] NCCL INFO NET/IB: ncclIbSenderQpsToRts: Set ECE: IbDev 2 Port 1 qp_num 2649 set_ece={supported=1, vendor_id=0x15b3, options=0x30000002, comp_mask=0x0}
spark-5fa1:62:73 [0] NCCL INFO NET/IB: ncclIbSenderQpsToRts: Set ECE: IbDev 2 Port 1 qp_num 2650 set_ece={supported=1, vendor_id=0x15b3, options=0x30000002, comp_mask=0x0}
spark-5fa1:62:73 [0] NCCL INFO NET/IB: Subnet-aware routing: overriding dev 4 with dev 0
spark-5fa1:62:73 [0] NCCL INFO NET/IB: ncclIbSenderQpsToRts: Set ECE: IbDev 0 Port 1 qp_num 46432 set_ece={supported=1, vendor_id=0x15b3, options=0x30000002, comp_mask=0x0}
spark-5fa1:62:73 [0] NCCL INFO NET/IB: ncclIbSenderQpsToRts: Set ECE: IbDev 0 Port 1 qp_num 46433 set_ece={supported=1, vendor_id=0x15b3, options=0x30000002, comp_mask=0x0}
spark-5fa1:62:73 [0] NCCL INFO NET/IB: Subnet-aware routing: overriding dev 4 with dev 0
spark-5fa1:62:73 [0] NCCL INFO NET/IB: ncclIbReceiverQpsCreateToRts: QP created: port=1 dev=0 devName=rocep1s0f0 ndevs=4 nmdevs=6 qp_num=46437 pkey=0 pd=0xff457c07ddd0 oooRq=0
spark-5fa1:62:73 [0] NCCL INFO NET/IB: ncclIbReceiverQpsCreateToRts: QP created: port=1 dev=0 devName=rocep1s0f0 ndevs=4 nmdevs=6 qp_num=46438 pkey=0 pd=0xff457c07ddd0 oooRq=0
spark-5fa1:62:73 [0] NCCL INFO NET/IB: ncclIbReceiverQpsCreateToRts: Flush QP created: port=1 dev=0 devName=rocep1s0f0 ndevs=4 nmdevs=6 qp_num=46439 pkey=0 pd=0xff457c07ddd0
spark-5fa1:62:73 [0] NCCL INFO NET/IB: Subnet-aware routing: overriding dev 5 with dev 2
spark-5fa1:62:73 [0] NCCL INFO NET/IB: ncclIbSenderQpsToRts: Set ECE: IbDev 2 Port 1 qp_num 2651 set_ece={supported=1, vendor_id=0x15b3, options=0x30000002, comp_mask=0x0}
spark-5fa1:62:73 [0] NCCL INFO NET/IB: ncclIbSenderQpsToRts: Set ECE: IbDev 2 Port 1 qp_num 2652 set_ece={supported=1, vendor_id=0x15b3, options=0x30000002, comp_mask=0x0}
spark-5fa1:62:73 [0] NCCL INFO NET/IB: Subnet-aware routing: overriding dev 5 with dev 2
spark-5fa1:62:73 [0] NCCL INFO NET/IB: ncclIbReceiverQpsCreateToRts: QP created: port=1 dev=2 devName=roceP2p1s0f0 ndevs=4 nmdevs=6 qp_num=2659 pkey=0 pd=0xff457c224940 oooRq=0
spark-5fa1:62:73 [0] NCCL INFO NET/IB: ncclIbReceiverQpsCreateToRts: QP created: port=1 dev=2 devName=roceP2p1s0f0 ndevs=4 nmdevs=6 qp_num=2660 pkey=0 pd=0xff457c224940 oooRq=0
spark-5fa1:62:73 [0] NCCL INFO NET/IB: ncclIbReceiverQpsCreateToRts: Flush QP created: port=1 dev=2 devName=roceP2p1s0f0 ndevs=4 nmdevs=6 qp_num=2661 pkey=0 pd=0xff457c224940
spark-5fa1:62:73 [0] NCCL INFO NET/IB: Subnet-aware routing: overriding dev 4 with dev 0
spark-5fa1:62:73 [0] NCCL INFO NET/IB: ncclIbSenderQpsCreate: QP created: port=1 dev=0 devName=rocep1s0f0 ndevs=4 nmdevs=6 qp_num=46440 pkey=0 pd=0xff457c07ddd0 oooRq=0
spark-5fa1:62:73 [0] NCCL INFO NET/IB: ncclIbSenderQpsCreate: QP created: port=1 dev=0 devName=rocep1s0f0 ndevs=4 nmdevs=6 qp_num=46441 pkey=0 pd=0xff457c07ddd0 oooRq=0
spark-5fa1:62:73 [0] NCCL INFO NET/IB: ncclIbConnectImpl: NCCL Dev 0 IbDev 0 Port 1 qp_num 46440 mtu 5 GID 6 (0/164A8C0FFFF0000) ctsFifoRkey=0x2243b2 ctsFifoLkey=0x2243b2
spark-5fa1:62:73 [0] NCCL INFO NET/IB: ncclIbConnectImpl: IbDev 0 Port 1 qp_num 46440 query_ece={supported=1, vendor_id=0x15b3, options=0x30000002, comp_mask=0x0}
spark-5fa1:62:73 [0] NCCL INFO NET/IB: ncclIbConnectImpl: NCCL Dev 0 IbDev 0 Port 1 qp_num 46441 mtu 5 GID 6 (0/164A8C0FFFF0000) ctsFifoRkey=0x2243b2 ctsFifoLkey=0x2243b2
spark-5fa1:62:73 [0] NCCL INFO NET/IB: ncclIbConnectImpl: IbDev 0 Port 1 qp_num 46441 query_ece={supported=1, vendor_id=0x15b3, options=0x30000002, comp_mask=0x0}
spark-5fa1:62:73 [0] NCCL INFO NET/IB: Subnet-aware routing: overriding dev 5 with dev 2
spark-5fa1:62:73 [0] NCCL INFO NET/IB: ncclIbSenderQpsCreate: QP created: port=1 dev=2 devName=roceP2p1s0f0 ndevs=4 nmdevs=6 qp_num=2662 pkey=0 pd=0xff457c224940 oooRq=0
spark-5fa1:62:73 [0] NCCL INFO NET/IB: ncclIbSenderQpsCreate: QP created: port=1 dev=2 devName=roceP2p1s0f0 ndevs=4 nmdevs=6 qp_num=2663 pkey=0 pd=0xff457c224940 oooRq=0
spark-5fa1:62:73 [0] NCCL INFO NET/IB: ncclIbConnectImpl: NCCL Dev 2 IbDev 2 Port 1 qp_num 2662 mtu 5 GID 3 (0/16EA8C0FFFF0000) ctsFifoRkey=0x18a5a3 ctsFifoLkey=0x18a5a3
spark-5fa1:62:73 [0] NCCL INFO NET/IB: ncclIbConnectImpl: IbDev 2 Port 1 qp_num 2662 query_ece={supported=1, vendor_id=0x15b3, options=0x30000002, comp_mask=0x0}
spark-5fa1:62:73 [0] NCCL INFO NET/IB: ncclIbConnectImpl: NCCL Dev 2 IbDev 2 Port 1 qp_num 2663 mtu 5 GID 3 (0/16EA8C0FFFF0000) ctsFifoRkey=0x18a5a3 ctsFifoLkey=0x18a5a3
spark-5fa1:62:73 [0] NCCL INFO NET/IB: ncclIbConnectImpl: IbDev 2 Port 1 qp_num 2663 query_ece={supported=1, vendor_id=0x15b3, options=0x30000002, comp_mask=0x0}
spark-5fa1:62:73 [0] NCCL INFO NET/IB: Subnet-aware routing: overriding dev 4 with dev 0
spark-5fa1:62:73 [0] NCCL INFO NET/IB: ncclIbSenderQpsCreate: QP created: port=1 dev=0 devName=rocep1s0f0 ndevs=4 nmdevs=6 qp_num=46442 pkey=0 pd=0xff457c07ddd0 oooRq=0
spark-5fa1:62:73 [0] NCCL INFO NET/IB: ncclIbSenderQpsCreate: QP created: port=1 dev=0 devName=rocep1s0f0 ndevs=4 nmdevs=6 qp_num=46443 pkey=0 pd=0xff457c07ddd0 oooRq=0
spark-5fa1:62:73 [0] NCCL INFO NET/IB: ncclIbConnectImpl: NCCL Dev 0 IbDev 0 Port 1 qp_num 46442 mtu 5 GID 6 (0/164A8C0FFFF0000) ctsFifoRkey=0x221182 ctsFifoLkey=0x221182
spark-5fa1:62:73 [0] NCCL INFO NET/IB: ncclIbConnectImpl: IbDev 0 Port 1 qp_num 46442 query_ece={supported=1, vendor_id=0x15b3, options=0x30000002, comp_mask=0x0}
spark-5fa1:62:73 [0] NCCL INFO NET/IB: ncclIbConnectImpl: NCCL Dev 0 IbDev 0 Port 1 qp_num 46443 mtu 5 GID 6 (0/164A8C0FFFF0000) ctsFifoRkey=0x221182 ctsFifoLkey=0x221182
spark-5fa1:62:73 [0] NCCL INFO NET/IB: ncclIbConnectImpl: IbDev 0 Port 1 qp_num 46443 query_ece={supported=1, vendor_id=0x15b3, options=0x30000002, comp_mask=0x0}
spark-5fa1:62:73 [0] NCCL INFO NET/IB: Subnet-aware routing: overriding dev 5 with dev 2
spark-5fa1:62:73 [0] NCCL INFO NET/IB: ncclIbSenderQpsCreate: QP created: port=1 dev=2 devName=roceP2p1s0f0 ndevs=4 nmdevs=6 qp_num=2664 pkey=0 pd=0xff457c224940 oooRq=0
spark-5fa1:62:73 [0] NCCL INFO NET/IB: ncclIbSenderQpsCreate: QP created: port=1 dev=2 devName=roceP2p1s0f0 ndevs=4 nmdevs=6 qp_num=2665 pkey=0 pd=0xff457c224940 oooRq=0
spark-5fa1:62:73 [0] NCCL INFO NET/IB: ncclIbConnectImpl: NCCL Dev 2 IbDev 2 Port 1 qp_num 2664 mtu 5 GID 3 (0/16EA8C0FFFF0000) ctsFifoRkey=0x199794 ctsFifoLkey=0x199794
spark-5fa1:62:73 [0] NCCL INFO NET/IB: ncclIbConnectImpl: IbDev 2 Port 1 qp_num 2664 query_ece={supported=1, vendor_id=0x15b3, options=0x30000002, comp_mask=0x0}
spark-5fa1:62:73 [0] NCCL INFO NET/IB: ncclIbConnectImpl: NCCL Dev 2 IbDev 2 Port 1 qp_num 2665 mtu 5 GID 3 (0/16EA8C0FFFF0000) ctsFifoRkey=0x199794 ctsFifoLkey=0x199794
spark-5fa1:62:73 [0] NCCL INFO NET/IB: ncclIbConnectImpl: IbDev 2 Port 1 qp_num 2665 query_ece={supported=1, vendor_id=0x15b3, options=0x30000002, comp_mask=0x0}
spark-5fa1:62:73 [0] NCCL INFO NET/IB: Subnet-aware routing: overriding dev 4 with dev 0
spark-5fa1:62:73 [0] NCCL INFO NET/IB: Subnet-aware routing: overriding dev 5 with dev 2
spark-5fa1:62:73 [0] NCCL INFO NET/IB: Subnet-aware routing: overriding dev 4 with dev 0
spark-5fa1:62:73 [0] NCCL INFO NET/IB: Subnet-aware routing: overriding dev 5 with dev 2
spark-5fa1:62:73 [0] NCCL INFO NET/IB: Subnet-aware routing: overriding dev 4 with dev 0
spark-5fa1:62:73 [0] NCCL INFO NET/IB: ncclIbResiliencyInit: Resiliency is disabled on the recv communicator (comm=0xff45682a9000)
spark-5fa1:62:73 [0] NCCL INFO NET/IB: ncclIbRecvCommInit: Receive work requests will be posted on-demand
spark-5fa1:62:73 [0] NCCL INFO NET/IB: Subnet-aware routing: overriding dev 4 with dev 0
spark-5fa1:62:73 [0] NCCL INFO NET/IB: ncclIbSenderQpsToRts: Set ECE: IbDev 0 Port 1 qp_num 46440 set_ece={supported=1, vendor_id=0x15b3, options=0x30000002, comp_mask=0x0}
spark-5fa1:62:73 [0] NCCL INFO NET/IB: ncclIbSenderQpsToRts: Set ECE: IbDev 0 Port 1 qp_num 46441 set_ece={supported=1, vendor_id=0x15b3, options=0x30000002, comp_mask=0x0}
spark-5fa1:62:73 [0] NCCL INFO NET/IB: Subnet-aware routing: overriding dev 4 with dev 0
spark-5fa1:62:73 [0] NCCL INFO NET/IB: ncclIbReceiverQpsCreateToRts: QP created: port=1 dev=0 devName=rocep1s0f0 ndevs=4 nmdevs=6 qp_num=46444 pkey=0 pd=0xff457c07ddd0 oooRq=0
spark-5fa1:62:73 [0] NCCL INFO NET/IB: ncclIbReceiverQpsCreateToRts: QP created: port=1 dev=0 devName=rocep1s0f0 ndevs=4 nmdevs=6 qp_num=46445 pkey=0 pd=0xff457c07ddd0 oooRq=0
spark-5fa1:62:73 [0] NCCL INFO NET/IB: ncclIbReceiverQpsCreateToRts: Flush QP created: port=1 dev=0 devName=rocep1s0f0 ndevs=4 nmdevs=6 qp_num=46446 pkey=0 pd=0xff457c07ddd0
spark-5fa1:62:73 [0] NCCL INFO NET/IB: Subnet-aware routing: overriding dev 5 with dev 2
spark-5fa1:62:73 [0] NCCL INFO NET/IB: ncclIbSenderQpsToRts: Set ECE: IbDev 2 Port 1 qp_num 2662 set_ece={supported=1, vendor_id=0x15b3, options=0x30000002, comp_mask=0x0}
spark-5fa1:62:73 [0] NCCL INFO NET/IB: ncclIbSenderQpsToRts: Set ECE: IbDev 2 Port 1 qp_num 2663 set_ece={supported=1, vendor_id=0x15b3, options=0x30000002, comp_mask=0x0}
spark-5fa1:62:73 [0] NCCL INFO NET/IB: Subnet-aware routing: overriding dev 4 with dev 0
spark-5fa1:62:73 [0] NCCL INFO NET/IB: ncclIbSenderQpsToRts: Set ECE: IbDev 0 Port 1 qp_num 46442 set_ece={supported=1, vendor_id=0x15b3, options=0x30000002, comp_mask=0x0}
spark-5fa1:62:73 [0] NCCL INFO NET/IB: ncclIbSenderQpsToRts: Set ECE: IbDev 0 Port 1 qp_num 46443 set_ece={supported=1, vendor_id=0x15b3, options=0x30000002, comp_mask=0x0}
spark-5fa1:62:73 [0] NCCL INFO NET/IB: Subnet-aware routing: overriding dev 5 with dev 2
spark-5fa1:62:73 [0] NCCL INFO NET/IB: ncclIbSenderQpsToRts: Set ECE: IbDev 2 Port 1 qp_num 2664 set_ece={supported=1, vendor_id=0x15b3, options=0x30000002, comp_mask=0x0}
spark-5fa1:62:73 [0] NCCL INFO NET/IB: ncclIbSenderQpsToRts: Set ECE: IbDev 2 Port 1 qp_num 2665 set_ece={supported=1, vendor_id=0x15b3, options=0x30000002, comp_mask=0x0}
spark-5fa1:62:73 [0] NCCL INFO NET/IB: Subnet-aware routing: overriding dev 4 with dev 0
spark-5fa1:62:73 [0] NCCL INFO NET/IB: ncclIbSenderQpsCreate: QP created: port=1 dev=0 devName=rocep1s0f0 ndevs=4 nmdevs=6 qp_num=46447 pkey=0 pd=0xff457c07ddd0 oooRq=0
spark-5fa1:62:73 [0] NCCL INFO NET/IB: ncclIbSenderQpsCreate: QP created: port=1 dev=0 devName=rocep1s0f0 ndevs=4 nmdevs=6 qp_num=46448 pkey=0 pd=0xff457c07ddd0 oooRq=0
spark-5fa1:62:73 [0] NCCL INFO NET/IB: ncclIbConnectImpl: NCCL Dev 0 IbDev 0 Port 1 qp_num 46447 mtu 5 GID 6 (0/164A8C0FFFF0000) ctsFifoRkey=0x221988 ctsFifoLkey=0x221988
spark-5fa1:62:73 [0] NCCL INFO NET/IB: ncclIbConnectImpl: IbDev 0 Port 1 qp_num 46447 query_ece={supported=1, vendor_id=0x15b3, options=0x30000002, comp_mask=0x0}
spark-5fa1:62:73 [0] NCCL INFO NET/IB: ncclIbConnectImpl: NCCL Dev 0 IbDev 0 Port 1 qp_num 46448 mtu 5 GID 6 (0/164A8C0FFFF0000) ctsFifoRkey=0x221988 ctsFifoLkey=0x221988
spark-5fa1:62:73 [0] NCCL INFO NET/IB: ncclIbConnectImpl: IbDev 0 Port 1 qp_num 46448 query_ece={supported=1, vendor_id=0x15b3, options=0x30000002, comp_mask=0x0}
spark-5fa1:62:73 [0] NCCL INFO NET/IB: Subnet-aware routing: overriding dev 4 with dev 0
spark-5fa1:62:73 [0] NCCL INFO NET/IB: ncclIbReceiverQpsCreateToRts: QP created: port=1 dev=0 devName=rocep1s0f0 ndevs=4 nmdevs=6 qp_num=46449 pkey=0 pd=0xff457c07ddd0 oooRq=0
spark-5fa1:62:73 [0] NCCL INFO NET/IB: ncclIbReceiverQpsCreateToRts: QP created: port=1 dev=0 devName=rocep1s0f0 ndevs=4 nmdevs=6 qp_num=46450 pkey=0 pd=0xff457c07ddd0 oooRq=0
spark-5fa1:62:73 [0] NCCL INFO NET/IB: ncclIbReceiverQpsCreateToRts: Flush QP created: port=1 dev=0 devName=rocep1s0f0 ndevs=4 nmdevs=6 qp_num=46451 pkey=0 pd=0xff457c07ddd0
spark-5fa1:62:73 [0] NCCL INFO NET/IB: Subnet-aware routing: overriding dev 5 with dev 2
spark-5fa1:62:73 [0] NCCL INFO NET/IB: ncclIbSenderQpsCreate: QP created: port=1 dev=2 devName=roceP2p1s0f0 ndevs=4 nmdevs=6 qp_num=2666 pkey=0 pd=0xff457c224940 oooRq=0
spark-5fa1:62:73 [0] NCCL INFO NET/IB: ncclIbSenderQpsCreate: QP created: port=1 dev=2 devName=roceP2p1s0f0 ndevs=4 nmdevs=6 qp_num=2667 pkey=0 pd=0xff457c224940 oooRq=0
spark-5fa1:62:73 [0] NCCL INFO NET/IB: ncclIbConnectImpl: NCCL Dev 2 IbDev 2 Port 1 qp_num 2666 mtu 5 GID 3 (0/16EA8C0FFFF0000) ctsFifoRkey=0x193634 ctsFifoLkey=0x193634
spark-5fa1:62:73 [0] NCCL INFO NET/IB: ncclIbConnectImpl: IbDev 2 Port 1 qp_num 2666 query_ece={supported=1, vendor_id=0x15b3, options=0x30000002, comp_mask=0x0}
spark-5fa1:62:73 [0] NCCL INFO NET/IB: ncclIbConnectImpl: NCCL Dev 2 IbDev 2 Port 1 qp_num 2667 mtu 5 GID 3 (0/16EA8C0FFFF0000) ctsFifoRkey=0x193634 ctsFifoLkey=0x193634
spark-5fa1:62:73 [0] NCCL INFO NET/IB: ncclIbConnectImpl: IbDev 2 Port 1 qp_num 2667 query_ece={supported=1, vendor_id=0x15b3, options=0x30000002, comp_mask=0x0}
spark-5fa1:62:73 [0] NCCL INFO NET/IB: Subnet-aware routing: overriding dev 4 with dev 0
spark-5fa1:62:73 [0] NCCL INFO NET/IB: Subnet-aware routing: overriding dev 5 with dev 2
spark-5fa1:62:73 [0] NCCL INFO NET/IB: Subnet-aware routing: overriding dev 4 with dev 0
spark-5fa1:62:73 [0] NCCL INFO NET/IB: Subnet-aware routing: overriding dev 5 with dev 2
spark-5fa1:62:73 [0] NCCL INFO NET/IB: ncclIbResiliencyInit: Resiliency is disabled on the send communicator (comm=0xff4568489000)
spark-5fa1:62:73 [0] NCCL INFO NET/IB: Subnet-aware routing: overriding dev 4 with dev 0
spark-5fa1:62:73 [0] NCCL INFO NET/IB: Subnet-aware routing: overriding dev 5 with dev 2
spark-5fa1:62:73 [0] NCCL INFO NET/IB: Subnet-aware routing: overriding dev 4 with dev 0
spark-5fa1:62:73 [0] NCCL INFO NET/IB: Subnet-aware routing: overriding dev 5 with dev 2
spark-5fa1:62:73 [0] NCCL INFO NET/IB: Subnet-aware routing: overriding dev 4 with dev 0
spark-5fa1:62:73 [0] NCCL INFO NET/IB: Subnet-aware routing: overriding dev 5 with dev 2
spark-5fa1:62:73 [0] NCCL INFO NET/IB: ncclIbResiliencyInit: Resiliency is disabled on the recv communicator (comm=0xff45684ca000)
spark-5fa1:62:73 [0] NCCL INFO NET/IB: ncclIbRecvCommInit: Receive work requests will be posted on-demand
spark-5fa1:62:73 [0] NCCL INFO NET/IB: Subnet-aware routing: overriding dev 4 with dev 0
spark-5fa1:62:73 [0] NCCL INFO NET/IB: Subnet-aware routing: overriding dev 5 with dev 2
spark-5fa1:62:73 [0] NCCL INFO NET/IB: Subnet-aware routing: overriding dev 4 with dev 0
spark-5fa1:62:73 [0] NCCL INFO NET/IB: Subnet-aware routing: overriding dev 5 with dev 2
spark-5fa1:62:73 [0] NCCL INFO NET/IB: Subnet-aware routing: overriding dev 4 with dev 0
spark-5fa1:62:73 [0] NCCL INFO NET/IB: Subnet-aware routing: overriding dev 5 with dev 2
spark-5fa1:62:73 [0] NCCL INFO NET/IB: Subnet-aware routing: overriding dev 4 with dev 0
spark-5fa1:62:73 [0] NCCL INFO NET/IB: ncclIbResiliencyInit: Resiliency is disabled on the send communicator (comm=0xff456850f000)
spark-5fa1:62:73 [0] NCCL INFO NET/IB: Subnet-aware routing: overriding dev 4 with dev 0
spark-5fa1:62:73 [0] NCCL INFO NET/IB: Subnet-aware routing: overriding dev 5 with dev 2
spark-5fa1:62:73 [0] NCCL INFO NET/IB: Subnet-aware routing: overriding dev 4 with dev 0
spark-5fa1:62:73 [0] NCCL INFO NET/IB: Subnet-aware routing: overriding dev 5 with dev 2
spark-5fa1:62:73 [0] NCCL INFO NET/IB: Subnet-aware routing: overriding dev 4 with dev 0
spark-5fa1:62:73 [0] NCCL INFO NET/IB: Subnet-aware routing: overriding dev 5 with dev 2
spark-5fa1:62:73 [0] NCCL INFO NET/IB: Subnet-aware routing: overriding dev 4 with dev 0
spark-5fa1:62:73 [0] NCCL INFO NET/IB: ncclIbResiliencyInit: Resiliency is disabled on the recv communicator (comm=0xff4568550000)
spark-5fa1:62:73 [0] NCCL INFO NET/IB: ncclIbRecvCommInit: Receive work requests will be posted on-demand
spark-5fa1:62:73 [0] NCCL INFO NET/IB: Subnet-aware routing: overriding dev 4 with dev 0
spark-5fa1:62:73 [0] NCCL INFO NET/IB: Subnet-aware routing: overriding dev 5 with dev 2
spark-5fa1:62:73 [0] NCCL INFO NET/IB: Subnet-aware routing: overriding dev 4 with dev 0
spark-5fa1:62:73 [0] NCCL INFO NET/IB: Subnet-aware routing: overriding dev 5 with dev 2
spark-5fa1:62:73 [0] NCCL INFO NET/IB: Subnet-aware routing: overriding dev 4 with dev 0
spark-5fa1:62:73 [0] NCCL INFO NET/IB: Subnet-aware routing: overriding dev 5 with dev 2
spark-5fa1:62:73 [0] NCCL INFO NET/IB: Subnet-aware routing: overriding dev 4 with dev 0
spark-5fa1:62:73 [0] NCCL INFO NET/IB: Subnet-aware routing: overriding dev 5 with dev 2
spark-5fa1:62:73 [0] NCCL INFO NET/IB: ncclIbResiliencyInit: Resiliency is disabled on the send communicator (comm=0xff4568598000)
spark-5fa1:62:73 [0] NCCL INFO NET/IB: Subnet-aware routing: overriding dev 4 with dev 0
spark-5fa1:62:73 [0] NCCL INFO NET/IB: Subnet-aware routing: overriding dev 5 with dev 2
spark-5fa1:62:73 [0] NCCL INFO NET/IB: Subnet-aware routing: overriding dev 4 with dev 0
spark-5fa1:62:73 [0] NCCL INFO NET/IB: Subnet-aware routing: overriding dev 5 with dev 2
spark-5fa1:62:73 [0] NCCL INFO NET/IB: Subnet-aware routing: overriding dev 4 with dev 0
spark-5fa1:62:73 [0] NCCL INFO NET/IB: Subnet-aware routing: overriding dev 5 with dev 2
spark-5fa1:62:73 [0] NCCL INFO NET/IB: Subnet-aware routing: overriding dev 4 with dev 0
spark-5fa1:62:73 [0] NCCL INFO NET/IB: Subnet-aware routing: overriding dev 5 with dev 2
spark-5fa1:62:73 [0] NCCL INFO NET/IB: ncclIbResiliencyInit: Resiliency is disabled on the recv communicator (comm=0xff45685d9000)
spark-5fa1:62:73 [0] NCCL INFO NET/IB: ncclIbRecvCommInit: Receive work requests will be posted on-demand
spark-5fa1:62:73 [0] NCCL INFO NET/IB: Subnet-aware routing: overriding dev 4 with dev 0
spark-5fa1:62:73 [0] NCCL INFO NET/IB: Subnet-aware routing: overriding dev 5 with dev 2
spark-5fa1:62:73 [0] NCCL INFO NET/IB: Subnet-aware routing: overriding dev 4 with dev 0
spark-5fa1:62:73 [0] NCCL INFO NET/IB: Subnet-aware routing: overriding dev 5 with dev 2
spark-5fa1:62:73 [0] NCCL INFO NET/IB: Subnet-aware routing: overriding dev 4 with dev 0
spark-5fa1:62:73 [0] NCCL INFO NET/IB: Subnet-aware routing: overriding dev 5 with dev 2
spark-5fa1:62:73 [0] NCCL INFO NET/IB: Subnet-aware routing: overriding dev 4 with dev 0
spark-5fa1:62:73 [0] NCCL INFO NET/IB: Subnet-aware routing: overriding dev 5 with dev 2
spark-5fa1:62:73 [0] NCCL INFO NET/IB: Subnet-aware routing: overriding dev 4 with dev 0
spark-5fa1:62:73 [0] NCCL INFO NET/IB: ncclIbResiliencyInit: Resiliency is disabled on the send communicator (comm=0xff4568621000)
spark-5fa1:62:73 [0] NCCL INFO NET/IB: Subnet-aware routing: overriding dev 4 with dev 0
spark-5fa1:62:73 [0] NCCL INFO NET/IB: Subnet-aware routing: overriding dev 5 with dev 2
spark-5fa1:62:73 [0] NCCL INFO NET/IB: Subnet-aware routing: overriding dev 4 with dev 0
spark-5fa1:62:73 [0] NCCL INFO NET/IB: Subnet-aware routing: overriding dev 5 with dev 2
spark-5fa1:62:73 [0] NCCL INFO NET/IB: Subnet-aware routing: overriding dev 4 with dev 0
spark-5fa1:62:73 [0] NCCL INFO NET/IB: Subnet-aware routing: overriding dev 5 with dev 2
spark-5fa1:62:73 [0] NCCL INFO NET/IB: Subnet-aware routing: overriding dev 4 with dev 0
spark-5fa1:62:73 [0] NCCL INFO NET/IB: Subnet-aware routing: overriding dev 5 with dev 2
spark-5fa1:62:73 [0] NCCL INFO NET/IB: Subnet-aware routing: overriding dev 4 with dev 0
spark-5fa1:62:73 [0] NCCL INFO NET/IB: ncclIbResiliencyInit: Resiliency is disabled on the recv communicator (comm=0xff4568662000)
spark-5fa1:62:73 [0] NCCL INFO NET/IB: ncclIbRecvCommInit: Receive work requests will be posted on-demand
spark-5fa1:62:73 [0] NCCL INFO NET/IB: Subnet-aware routing: overriding dev 4 with dev 0
spark-5fa1:62:73 [0] NCCL INFO NET/IB: Subnet-aware routing: overriding dev 5 with dev 2
spark-5fa1:62:73 [0] NCCL INFO NET/IB: Subnet-aware routing: overriding dev 4 with dev 0
spark-5fa1:62:73 [0] NCCL INFO NET/IB: Subnet-aware routing: overriding dev 5 with dev 2
spark-5fa1:62:73 [0] NCCL INFO NET/IB: Subnet-aware routing: overriding dev 4 with dev 0
spark-5fa1:62:73 [0] NCCL INFO NET/IB: Subnet-aware routing: overriding dev 5 with dev 2
spark-5fa1:62:73 [0] NCCL INFO NET/IB: Subnet-aware routing: overriding dev 4 with dev 0
spark-5fa1:62:73 [0] NCCL INFO NET/IB: Subnet-aware routing: overriding dev 5 with dev 2
spark-5fa1:62:73 [0] NCCL INFO NET/IB: Subnet-aware routing: overriding dev 4 with dev 0
spark-5fa1:62:73 [0] NCCL INFO NET/IB: Subnet-aware routing: overriding dev 5 with dev 2
spark-5fa1:62:73 [0] NCCL INFO NET/IB: ncclIbResiliencyInit: Resiliency is disabled on the send communicator (comm=0xff45686aa000)
spark-5fa1:62:73 [0] NCCL INFO NET/IB: Subnet-aware routing: overriding dev 4 with dev 0
spark-5fa1:62:73 [0] NCCL INFO NET/IB: Subnet-aware routing: overriding dev 5 with dev 2
spark-5fa1:62:73 [0] NCCL INFO NET/IB: Subnet-aware routing: overriding dev 4 with dev 0
spark-5fa1:62:73 [0] NCCL INFO NET/IB: ncclIbSenderQpsCreate: QP created: port=1 dev=0 devName=rocep1s0f0 ndevs=4 nmdevs=6 qp_num=46452 pkey=0 pd=0xff457c07ddd0 oooRq=0
spark-5fa1:62:73 [0] NCCL INFO NET/IB: ncclIbSenderQpsCreate: QP created: port=1 dev=0 devName=rocep1s0f0 ndevs=4 nmdevs=6 qp_num=46453 pkey=0 pd=0xff457c07ddd0 oooRq=0
spark-5fa1:62:73 [0] NCCL INFO NET/IB: ncclIbConnectImpl: NCCL Dev 0 IbDev 0 Port 1 qp_num 46452 mtu 5 GID 6 (0/164A8C0FFFF0000) ctsFifoRkey=0x221584 ctsFifoLkey=0x221584
spark-5fa1:62:73 [0] NCCL INFO NET/IB: ncclIbConnectImpl: IbDev 0 Port 1 qp_num 46452 query_ece={supported=1, vendor_id=0x15b3, options=0x30000002, comp_mask=0x0}
spark-5fa1:62:73 [0] NCCL INFO NET/IB: ncclIbConnectImpl: NCCL Dev 0 IbDev 0 Port 1 qp_num 46453 mtu 5 GID 6 (0/164A8C0FFFF0000) ctsFifoRkey=0x221584 ctsFifoLkey=0x221584
spark-5fa1:62:73 [0] NCCL INFO NET/IB: ncclIbConnectImpl: IbDev 0 Port 1 qp_num 46453 query_ece={supported=1, vendor_id=0x15b3, options=0x30000002, comp_mask=0x0}
spark-5fa1:62:73 [0] NCCL INFO NET/IB: Subnet-aware routing: overriding dev 5 with dev 2
spark-5fa1:62:73 [0] NCCL INFO NET/IB: ncclIbSenderQpsCreate: QP created: port=1 dev=2 devName=roceP2p1s0f0 ndevs=4 nmdevs=6 qp_num=2668 pkey=0 pd=0xff457c224940 oooRq=0
spark-5fa1:62:73 [0] NCCL INFO NET/IB: ncclIbSenderQpsCreate: QP created: port=1 dev=2 devName=roceP2p1s0f0 ndevs=4 nmdevs=6 qp_num=2669 pkey=0 pd=0xff457c224940 oooRq=0
spark-5fa1:62:73 [0] NCCL INFO NET/IB: ncclIbConnectImpl: NCCL Dev 2 IbDev 2 Port 1 qp_num 2668 mtu 5 GID 3 (0/16EA8C0FFFF0000) ctsFifoRkey=0x183c39 ctsFifoLkey=0x183c39
spark-5fa1:62:73 [0] NCCL INFO NET/IB: ncclIbConnectImpl: IbDev 2 Port 1 qp_num 2668 query_ece={supported=1, vendor_id=0x15b3, options=0x30000002, comp_mask=0x0}
spark-5fa1:62:73 [0] NCCL INFO NET/IB: ncclIbConnectImpl: NCCL Dev 2 IbDev 2 Port 1 qp_num 2669 mtu 5 GID 3 (0/16EA8C0FFFF0000) ctsFifoRkey=0x183c39 ctsFifoLkey=0x183c39
spark-5fa1:62:73 [0] NCCL INFO NET/IB: ncclIbConnectImpl: IbDev 2 Port 1 qp_num 2669 query_ece={supported=1, vendor_id=0x15b3, options=0x30000002, comp_mask=0x0}
spark-5fa1:62:73 [0] NCCL INFO NET/IB: Subnet-aware routing: overriding dev 4 with dev 0
spark-5fa1:62:73 [0] NCCL INFO NET/IB: ncclIbSenderQpsCreate: QP created: port=1 dev=0 devName=rocep1s0f0 ndevs=4 nmdevs=6 qp_num=46454 pkey=0 pd=0xff457c07ddd0 oooRq=0
spark-5fa1:62:73 [0] NCCL INFO NET/IB: ncclIbSenderQpsCreate: QP created: port=1 dev=0 devName=rocep1s0f0 ndevs=4 nmdevs=6 qp_num=46455 pkey=0 pd=0xff457c07ddd0 oooRq=0
spark-5fa1:62:73 [0] NCCL INFO NET/IB: ncclIbConnectImpl: NCCL Dev 0 IbDev 0 Port 1 qp_num 46454 mtu 5 GID 6 (0/164A8C0FFFF0000) ctsFifoRkey=0x223baa ctsFifoLkey=0x223baa
spark-5fa1:62:73 [0] NCCL INFO NET/IB: ncclIbConnectImpl: IbDev 0 Port 1 qp_num 46454 query_ece={supported=1, vendor_id=0x15b3, options=0x30000002, comp_mask=0x0}
spark-5fa1:62:73 [0] NCCL INFO NET/IB: ncclIbConnectImpl: NCCL Dev 0 IbDev 0 Port 1 qp_num 46455 mtu 5 GID 6 (0/164A8C0FFFF0000) ctsFifoRkey=0x223baa ctsFifoLkey=0x223baa
spark-5fa1:62:73 [0] NCCL INFO NET/IB: ncclIbConnectImpl: IbDev 0 Port 1 qp_num 46455 query_ece={supported=1, vendor_id=0x15b3, options=0x30000002, comp_mask=0x0}
spark-5fa1:62:73 [0] NCCL INFO NET/IB: Subnet-aware routing: overriding dev 5 with dev 2
spark-5fa1:62:73 [0] NCCL INFO NET/IB: Subnet-aware routing: overriding dev 4 with dev 0
spark-5fa1:62:73 [0] NCCL INFO NET/IB: Subnet-aware routing: overriding dev 5 with dev 2
spark-5fa1:62:73 [0] NCCL INFO NET/IB: Subnet-aware routing: overriding dev 4 with dev 0
spark-5fa1:62:73 [0] NCCL INFO NET/IB: Subnet-aware routing: overriding dev 5 with dev 2
spark-5fa1:62:73 [0] NCCL INFO NET/IB: ncclIbResiliencyInit: Resiliency is disabled on the recv communicator (comm=0xff456880b000)
spark-5fa1:62:73 [0] NCCL INFO NET/IB: ncclIbRecvCommInit: Receive work requests will be posted on-demand
spark-5fa1:62:73 [0] NCCL INFO NET/IB: Subnet-aware routing: overriding dev 5 with dev 2
spark-5fa1:62:73 [0] NCCL INFO NET/IB: ncclIbReceiverQpsCreateToRts: QP created: port=1 dev=2 devName=roceP2p1s0f0 ndevs=4 nmdevs=6 qp_num=2670 pkey=0 pd=0xff457c224940 oooRq=0
spark-5fa1:62:73 [0] NCCL INFO NET/IB: ncclIbReceiverQpsCreateToRts: QP created: port=1 dev=2 devName=roceP2p1s0f0 ndevs=4 nmdevs=6 qp_num=2671 pkey=0 pd=0xff457c224940 oooRq=0
spark-5fa1:62:73 [0] NCCL INFO NET/IB: ncclIbReceiverQpsCreateToRts: Flush QP created: port=1 dev=2 devName=roceP2p1s0f0 ndevs=4 nmdevs=6 qp_num=2672 pkey=0 pd=0xff457c224940
spark-5fa1:62:73 [0] NCCL INFO NET/IB: Subnet-aware routing: overriding dev 4 with dev 0
spark-5fa1:62:73 [0] NCCL INFO NET/IB: Subnet-aware routing: overriding dev 5 with dev 2
spark-5fa1:62:73 [0] NCCL INFO NET/IB: Subnet-aware routing: overriding dev 5 with dev 2
spark-5fa1:62:73 [0] NCCL INFO NET/IB: ncclIbReceiverQpsCreateToRts: QP created: port=1 dev=2 devName=roceP2p1s0f0 ndevs=4 nmdevs=6 qp_num=2673 pkey=0 pd=0xff457c224940 oooRq=0
spark-5fa1:62:73 [0] NCCL INFO NET/IB: ncclIbReceiverQpsCreateToRts: QP created: port=1 dev=2 devName=roceP2p1s0f0 ndevs=4 nmdevs=6 qp_num=2674 pkey=0 pd=0xff457c224940 oooRq=0
spark-5fa1:62:73 [0] NCCL INFO NET/IB: ncclIbReceiverQpsCreateToRts: Flush QP created: port=1 dev=2 devName=roceP2p1s0f0 ndevs=4 nmdevs=6 qp_num=2675 pkey=0 pd=0xff457c224940
spark-5fa1:62:73 [0] NCCL INFO NET/IB: Subnet-aware routing: overriding dev 4 with dev 0
spark-5fa1:62:73 [0] NCCL INFO NET/IB: Subnet-aware routing: overriding dev 5 with dev 2
spark-5fa1:62:73 [0] NCCL INFO NET/IB: Subnet-aware routing: overriding dev 4 with dev 0
spark-5fa1:62:73 [0] NCCL INFO NET/IB: Subnet-aware routing: overriding dev 5 with dev 2
spark-5fa1:62:73 [0] NCCL INFO NET/IB: Subnet-aware routing: overriding dev 4 with dev 0
spark-5fa1:62:73 [0] NCCL INFO NET/IB: Subnet-aware routing: overriding dev 5 with dev 2
spark-5fa1:62:73 [0] NCCL INFO NET/IB: Subnet-aware routing: overriding dev 4 with dev 0
spark-5fa1:62:73 [0] NCCL INFO NET/IB: Subnet-aware routing: overriding dev 5 with dev 2
spark-5fa1:62:73 [0] NCCL INFO NET/IB: Subnet-aware routing: overriding dev 4 with dev 0
spark-5fa1:62:73 [0] NCCL INFO NET/IB: ncclIbResiliencyInit: Resiliency is disabled on the send communicator (comm=0xff4568943000)
spark-5fa1:62:73 [0] NCCL INFO NET/IB: Subnet-aware routing: overriding dev 4 with dev 0
spark-5fa1:62:73 [0] NCCL INFO NET/IB: ncclIbSenderQpsToRts: Set ECE: IbDev 0 Port 1 qp_num 46447 set_ece={supported=1, vendor_id=0x15b3, options=0x30000002, comp_mask=0x0}
spark-5fa1:62:73 [0] NCCL INFO NET/IB: ncclIbSenderQpsToRts: Set ECE: IbDev 0 Port 1 qp_num 46448 set_ece={supported=1, vendor_id=0x15b3, options=0x30000002, comp_mask=0x0}
spark-5fa1:62:73 [0] NCCL INFO NET/IB: Subnet-aware routing: overriding dev 5 with dev 2
spark-5fa1:62:73 [0] NCCL INFO NET/IB: ncclIbSenderQpsToRts: Set ECE: IbDev 2 Port 1 qp_num 2666 set_ece={supported=1, vendor_id=0x15b3, options=0x30000002, comp_mask=0x0}
spark-5fa1:62:73 [0] NCCL INFO NET/IB: ncclIbSenderQpsToRts: Set ECE: IbDev 2 Port 1 qp_num 2667 set_ece={supported=1, vendor_id=0x15b3, options=0x30000002, comp_mask=0x0}
spark-5fa1:62:73 [0] NCCL INFO NET/IB: Subnet-aware routing: overriding dev 4 with dev 0
spark-5fa1:62:73 [0] NCCL INFO NET/IB: ncclIbSenderQpsToRts: Set ECE: IbDev 0 Port 1 qp_num 46452 set_ece={supported=1, vendor_id=0x15b3, options=0x30000002, comp_mask=0x0}
spark-5fa1:62:73 [0] NCCL INFO NET/IB: ncclIbSenderQpsToRts: Set ECE: IbDev 0 Port 1 qp_num 46453 set_ece={supported=1, vendor_id=0x15b3, options=0x30000002, comp_mask=0x0}
spark-5fa1:62:73 [0] NCCL INFO NET/IB: Subnet-aware routing: overriding dev 5 with dev 2
spark-5fa1:62:73 [0] NCCL INFO NET/IB: ncclIbSenderQpsToRts: Set ECE: IbDev 2 Port 1 qp_num 2668 set_ece={supported=1, vendor_id=0x15b3, options=0x30000002, comp_mask=0x0}
spark-5fa1:62:73 [0] NCCL INFO NET/IB: ncclIbSenderQpsToRts: Set ECE: IbDev 2 Port 1 qp_num 2669 set_ece={supported=1, vendor_id=0x15b3, options=0x30000002, comp_mask=0x0}
spark-5fa1:62:73 [0] NCCL INFO NET/IB: Subnet-aware routing: overriding dev 4 with dev 0
spark-5fa1:62:73 [0] NCCL INFO NET/IB: ncclIbSenderQpsToRts: Set ECE: IbDev 0 Port 1 qp_num 46454 set_ece={supported=1, vendor_id=0x15b3, options=0x30000002, comp_mask=0x0}
spark-5fa1:62:73 [0] NCCL INFO NET/IB: ncclIbSenderQpsToRts: Set ECE: IbDev 0 Port 1 qp_num 46455 set_ece={supported=1, vendor_id=0x15b3, options=0x30000002, comp_mask=0x0}
spark-5fa1:62:73 [0] NCCL INFO NET/IB: Subnet-aware routing: overriding dev 5 with dev 2
spark-5fa1:62:73 [0] NCCL INFO NET/IB: ncclIbSenderQpsCreate: QP created: port=1 dev=2 devName=roceP2p1s0f0 ndevs=4 nmdevs=6 qp_num=2676 pkey=0 pd=0xff457c224940 oooRq=0
spark-5fa1:62:73 [0] NCCL INFO NET/IB: ncclIbSenderQpsCreate: QP created: port=1 dev=2 devName=roceP2p1s0f0 ndevs=4 nmdevs=6 qp_num=2677 pkey=0 pd=0xff457c224940 oooRq=0
spark-5fa1:62:73 [0] NCCL INFO NET/IB: ncclIbConnectImpl: NCCL Dev 2 IbDev 2 Port 1 qp_num 2676 mtu 5 GID 3 (0/16EA8C0FFFF0000) ctsFifoRkey=0x173d3a ctsFifoLkey=0x173d3a
spark-5fa1:62:73 [0] NCCL INFO NET/IB: ncclIbConnectImpl: IbDev 2 Port 1 qp_num 2676 query_ece={supported=1, vendor_id=0x15b3, options=0x30000002, comp_mask=0x0}
spark-5fa1:62:73 [0] NCCL INFO NET/IB: ncclIbConnectImpl: NCCL Dev 2 IbDev 2 Port 1 qp_num 2677 mtu 5 GID 3 (0/16EA8C0FFFF0000) ctsFifoRkey=0x173d3a ctsFifoLkey=0x173d3a
spark-5fa1:62:73 [0] NCCL INFO NET/IB: ncclIbConnectImpl: IbDev 2 Port 1 qp_num 2677 query_ece={supported=1, vendor_id=0x15b3, options=0x30000002, comp_mask=0x0}
spark-5fa1:62:73 [0] NCCL INFO NET/IB: Subnet-aware routing: overriding dev 4 with dev 0
spark-5fa1:62:73 [0] NCCL INFO NET/IB: ncclIbSenderQpsCreate: QP created: port=1 dev=0 devName=rocep1s0f0 ndevs=4 nmdevs=6 qp_num=46456 pkey=0 pd=0xff457c07ddd0 oooRq=0
spark-5fa1:62:73 [0] NCCL INFO NET/IB: ncclIbSenderQpsCreate: QP created: port=1 dev=0 devName=rocep1s0f0 ndevs=4 nmdevs=6 qp_num=46457 pkey=0 pd=0xff457c07ddd0 oooRq=0
spark-5fa1:62:73 [0] NCCL INFO NET/IB: ncclIbConnectImpl: NCCL Dev 0 IbDev 0 Port 1 qp_num 46456 mtu 5 GID 6 (0/164A8C0FFFF0000) ctsFifoRkey=0x220173 ctsFifoLkey=0x220173
spark-5fa1:62:73 [0] NCCL INFO NET/IB: ncclIbConnectImpl: IbDev 0 Port 1 qp_num 46456 query_ece={supported=1, vendor_id=0x15b3, options=0x30000002, comp_mask=0x0}
spark-5fa1:62:73 [0] NCCL INFO NET/IB: ncclIbConnectImpl: NCCL Dev 0 IbDev 0 Port 1 qp_num 46457 mtu 5 GID 6 (0/164A8C0FFFF0000) ctsFifoRkey=0x220173 ctsFifoLkey=0x220173
spark-5fa1:62:73 [0] NCCL INFO NET/IB: ncclIbConnectImpl: IbDev 0 Port 1 qp_num 46457 query_ece={supported=1, vendor_id=0x15b3, options=0x30000002, comp_mask=0x0}
spark-5fa1:62:73 [0] NCCL INFO NET/IB: Subnet-aware routing: overriding dev 5 with dev 2
spark-5fa1:62:73 [0] NCCL INFO NET/IB: Subnet-aware routing: overriding dev 4 with dev 0
spark-5fa1:62:73 [0] NCCL INFO NET/IB: Subnet-aware routing: overriding dev 5 with dev 2
spark-5fa1:62:73 [0] NCCL INFO NET/IB: Subnet-aware routing: overriding dev 4 with dev 0
spark-5fa1:62:73 [0] NCCL INFO NET/IB: ncclIbResiliencyInit: Resiliency is disabled on the recv communicator (comm=0xff4568a33000)
spark-5fa1:62:73 [0] NCCL INFO NET/IB: ncclIbRecvCommInit: Receive work requests will be posted on-demand
spark-5fa1:62:73 [0] NCCL INFO NET/IB: Subnet-aware routing: overriding dev 5 with dev 2
spark-5fa1:62:73 [0] NCCL INFO NET/IB: ncclIbReceiverQpsCreateToRts: QP created: port=1 dev=2 devName=roceP2p1s0f0 ndevs=4 nmdevs=6 qp_num=2678 pkey=0 pd=0xff457c224940 oooRq=0
spark-5fa1:62:73 [0] NCCL INFO NET/IB: ncclIbReceiverQpsCreateToRts: QP created: port=1 dev=2 devName=roceP2p1s0f0 ndevs=4 nmdevs=6 qp_num=2679 pkey=0 pd=0xff457c224940 oooRq=0
spark-5fa1:62:73 [0] NCCL INFO NET/IB: ncclIbReceiverQpsCreateToRts: Flush QP created: port=1 dev=2 devName=roceP2p1s0f0 ndevs=4 nmdevs=6 qp_num=2680 pkey=0 pd=0xff457c224940
spark-5fa1:62:73 [0] NCCL INFO NET/IB: Subnet-aware routing: overriding dev 4 with dev 0
spark-5fa1:62:73 [0] NCCL INFO NET/IB: ncclIbReceiverQpsCreateToRts: QP created: port=1 dev=0 devName=rocep1s0f0 ndevs=4 nmdevs=6 qp_num=46458 pkey=0 pd=0xff457c07ddd0 oooRq=0
spark-5fa1:62:73 [0] NCCL INFO NET/IB: ncclIbReceiverQpsCreateToRts: QP created: port=1 dev=0 devName=rocep1s0f0 ndevs=4 nmdevs=6 qp_num=46459 pkey=0 pd=0xff457c07ddd0 oooRq=0
spark-5fa1:62:73 [0] NCCL INFO NET/IB: ncclIbReceiverQpsCreateToRts: Flush QP created: port=1 dev=0 devName=rocep1s0f0 ndevs=4 nmdevs=6 qp_num=46460 pkey=0 pd=0xff457c07ddd0
spark-5fa1:62:73 [0] NCCL INFO NET/IB: Subnet-aware routing: overriding dev 4 with dev 0
spark-5fa1:62:73 [0] NCCL INFO NET/IB: ncclIbReceiverQpsCreateToRts: QP created: port=1 dev=0 devName=rocep1s0f0 ndevs=4 nmdevs=6 qp_num=46461 pkey=0 pd=0xff457c07ddd0 oooRq=0
spark-5fa1:62:73 [0] NCCL INFO NET/IB: ncclIbReceiverQpsCreateToRts: QP created: port=1 dev=0 devName=rocep1s0f0 ndevs=4 nmdevs=6 qp_num=46462 pkey=0 pd=0xff457c07ddd0 oooRq=0
spark-5fa1:62:73 [0] NCCL INFO NET/IB: ncclIbReceiverQpsCreateToRts: Flush QP created: port=1 dev=0 devName=rocep1s0f0 ndevs=4 nmdevs=6 qp_num=46463 pkey=0 pd=0xff457c07ddd0
spark-5fa1:62:73 [0] NCCL INFO NET/IB: Subnet-aware routing: overriding dev 5 with dev 2
spark-5fa1:62:73 [0] NCCL INFO NET/IB: ncclIbReceiverQpsCreateToRts: QP created: port=1 dev=2 devName=roceP2p1s0f0 ndevs=4 nmdevs=6 qp_num=2681 pkey=0 pd=0xff457c224940 oooRq=0
spark-5fa1:62:73 [0] NCCL INFO NET/IB: ncclIbReceiverQpsCreateToRts: QP created: port=1 dev=2 devName=roceP2p1s0f0 ndevs=4 nmdevs=6 qp_num=2682 pkey=0 pd=0xff457c224940 oooRq=0
spark-5fa1:62:73 [0] NCCL INFO NET/IB: ncclIbReceiverQpsCreateToRts: Flush QP created: port=1 dev=2 devName=roceP2p1s0f0 ndevs=4 nmdevs=6 qp_num=2683 pkey=0 pd=0xff457c224940
spark-5fa1:62:73 [0] NCCL INFO NET/IB: Subnet-aware routing: overriding dev 4 with dev 0
spark-5fa1:62:73 [0] NCCL INFO NET/IB: ncclIbReceiverQpsCreateToRts: QP created: port=1 dev=0 devName=rocep1s0f0 ndevs=4 nmdevs=6 qp_num=46464 pkey=0 pd=0xff457c07ddd0 oooRq=0
spark-5fa1:62:73 [0] NCCL INFO NET/IB: ncclIbReceiverQpsCreateToRts: QP created: port=1 dev=0 devName=rocep1s0f0 ndevs=4 nmdevs=6 qp_num=46465 pkey=0 pd=0xff457c07ddd0 oooRq=0
spark-5fa1:62:73 [0] NCCL INFO NET/IB: ncclIbReceiverQpsCreateToRts: Flush QP created: port=1 dev=0 devName=rocep1s0f0 ndevs=4 nmdevs=6 qp_num=46466 pkey=0 pd=0xff457c07ddd0
spark-5fa1:62:73 [0] NCCL INFO NET/IB: Subnet-aware routing: overriding dev 5 with dev 2
spark-5fa1:62:73 [0] NCCL INFO NET/IB: Subnet-aware routing: overriding dev 4 with dev 0
spark-5fa1:62:73 [0] NCCL INFO NET/IB: Subnet-aware routing: overriding dev 5 with dev 2
spark-5fa1:62:73 [0] NCCL INFO NET/IB: Subnet-aware routing: overriding dev 4 with dev 0
spark-5fa1:62:73 [0] NCCL INFO NET/IB: Subnet-aware routing: overriding dev 5 with dev 2
spark-5fa1:62:73 [0] NCCL INFO NET/IB: Subnet-aware routing: overriding dev 4 with dev 0
spark-5fa1:62:73 [0] NCCL INFO NET/IB: Subnet-aware routing: overriding dev 5 with dev 2
spark-5fa1:62:73 [0] NCCL INFO NET/IB: ncclIbResiliencyInit: Resiliency is disabled on the send communicator (comm=0xff4568cdc000)
spark-5fa1:62:73 [0] NCCL INFO NET/IB: Subnet-aware routing: overriding dev 5 with dev 2
spark-5fa1:62:73 [0] NCCL INFO NET/IB: Subnet-aware routing: overriding dev 4 with dev 0
spark-5fa1:62:73 [0] NCCL INFO NET/IB: Subnet-aware routing: overriding dev 5 with dev 2
spark-5fa1:62:73 [0] NCCL INFO NET/IB: Subnet-aware routing: overriding dev 4 with dev 0
spark-5fa1:62:73 [0] NCCL INFO NET/IB: Subnet-aware routing: overriding dev 5 with dev 2
spark-5fa1:62:73 [0] NCCL INFO NET/IB: Subnet-aware routing: overriding dev 4 with dev 0
spark-5fa1:62:73 [0] NCCL INFO NET/IB: Subnet-aware routing: overriding dev 5 with dev 2
spark-5fa1:62:73 [0] NCCL INFO NET/IB: ncclIbResiliencyInit: Resiliency is disabled on the recv communicator (comm=0xff4568d1d000)
spark-5fa1:62:73 [0] NCCL INFO NET/IB: ncclIbRecvCommInit: Receive work requests will be posted on-demand
spark-5fa1:62:73 [0] NCCL INFO NET/IB: Subnet-aware routing: overriding dev 5 with dev 2
spark-5fa1:62:73 [0] NCCL INFO NET/IB: Subnet-aware routing: overriding dev 4 with dev 0
spark-5fa1:62:73 [0] NCCL INFO NET/IB: Subnet-aware routing: overriding dev 5 with dev 2
spark-5fa1:62:73 [0] NCCL INFO NET/IB: Subnet-aware routing: overriding dev 4 with dev 0
spark-5fa1:62:73 [0] NCCL INFO NET/IB: Subnet-aware routing: overriding dev 5 with dev 2
spark-5fa1:62:73 [0] NCCL INFO NET/IB: Subnet-aware routing: overriding dev 4 with dev 0
spark-5fa1:62:73 [0] NCCL INFO NET/IB: Subnet-aware routing: overriding dev 5 with dev 2
spark-5fa1:62:73 [0] NCCL INFO NET/IB: Subnet-aware routing: overriding dev 4 with dev 0
spark-5fa1:62:73 [0] NCCL INFO NET/IB: ncclIbResiliencyInit: Resiliency is disabled on the send communicator (comm=0xff4568d65000)
spark-5fa1:62:73 [0] NCCL INFO NET/IB: Subnet-aware routing: overriding dev 5 with dev 2
spark-5fa1:62:73 [0] NCCL INFO NET/IB: Subnet-aware routing: overriding dev 4 with dev 0
spark-5fa1:62:73 [0] NCCL INFO NET/IB: Subnet-aware routing: overriding dev 5 with dev 2
spark-5fa1:62:73 [0] NCCL INFO NET/IB: Subnet-aware routing: overriding dev 4 with dev 0
spark-5fa1:62:73 [0] NCCL INFO NET/IB: Subnet-aware routing: overriding dev 5 with dev 2
spark-5fa1:62:73 [0] NCCL INFO NET/IB: Subnet-aware routing: overriding dev 4 with dev 0
spark-5fa1:62:73 [0] NCCL INFO NET/IB: Subnet-aware routing: overriding dev 5 with dev 2
spark-5fa1:62:73 [0] NCCL INFO NET/IB: Subnet-aware routing: overriding dev 4 with dev 0
spark-5fa1:62:73 [0] NCCL INFO NET/IB: ncclIbResiliencyInit: Resiliency is disabled on the recv communicator (comm=0xff4568da6000)
spark-5fa1:62:73 [0] NCCL INFO NET/IB: ncclIbRecvCommInit: Receive work requests will be posted on-demand
spark-5fa1:62:73 [0] NCCL INFO NET/IB: Subnet-aware routing: overriding dev 5 with dev 2
spark-5fa1:62:73 [0] NCCL INFO NET/IB: Subnet-aware routing: overriding dev 4 with dev 0
spark-5fa1:62:73 [0] NCCL INFO NET/IB: Subnet-aware routing: overriding dev 5 with dev 2
spark-5fa1:62:73 [0] NCCL INFO NET/IB: Subnet-aware routing: overriding dev 4 with dev 0
spark-5fa1:62:73 [0] NCCL INFO NET/IB: Subnet-aware routing: overriding dev 5 with dev 2
spark-5fa1:62:73 [0] NCCL INFO NET/IB: Subnet-aware routing: overriding dev 4 with dev 0
spark-5fa1:62:73 [0] NCCL INFO NET/IB: Subnet-aware routing: overriding dev 5 with dev 2
spark-5fa1:62:73 [0] NCCL INFO NET/IB: Subnet-aware routing: overriding dev 4 with dev 0
spark-5fa1:62:73 [0] NCCL INFO NET/IB: Subnet-aware routing: overriding dev 5 with dev 2
spark-5fa1:62:73 [0] NCCL INFO NET/IB: ncclIbResiliencyInit: Resiliency is disabled on the send communicator (comm=0xff4568dee000)
spark-5fa1:62:73 [0] NCCL INFO NET/IB: Subnet-aware routing: overriding dev 5 with dev 2
spark-5fa1:62:73 [0] NCCL INFO NET/IB: Subnet-aware routing: overriding dev 4 with dev 0
spark-5fa1:62:73 [0] NCCL INFO NET/IB: Subnet-aware routing: overriding dev 5 with dev 2
spark-5fa1:62:73 [0] NCCL INFO NET/IB: Subnet-aware routing: overriding dev 4 with dev 0
spark-5fa1:62:73 [0] NCCL INFO NET/IB: Subnet-aware routing: overriding dev 5 with dev 2
spark-5fa1:62:73 [0] NCCL INFO NET/IB: Subnet-aware routing: overriding dev 4 with dev 0
spark-5fa1:62:73 [0] NCCL INFO NET/IB: Subnet-aware routing: overriding dev 5 with dev 2
spark-5fa1:62:73 [0] NCCL INFO NET/IB: Subnet-aware routing: overriding dev 4 with dev 0
spark-5fa1:62:73 [0] NCCL INFO NET/IB: Subnet-aware routing: overriding dev 5 with dev 2
spark-5fa1:62:73 [0] NCCL INFO NET/IB: ncclIbResiliencyInit: Resiliency is disabled on the recv communicator (comm=0xff4568e2f000)
spark-5fa1:62:73 [0] NCCL INFO NET/IB: ncclIbRecvCommInit: Receive work requests will be posted on-demand
spark-5fa1:62:73 [0] NCCL INFO NET/IB: Subnet-aware routing: overriding dev 5 with dev 2
spark-5fa1:62:73 [0] NCCL INFO NET/IB: Subnet-aware routing: overriding dev 4 with dev 0
spark-5fa1:62:73 [0] NCCL INFO NET/IB: Subnet-aware routing: overriding dev 5 with dev 2
spark-5fa1:62:73 [0] NCCL INFO NET/IB: Subnet-aware routing: overriding dev 4 with dev 0
spark-5fa1:62:73 [0] NCCL INFO NET/IB: Subnet-aware routing: overriding dev 5 with dev 2
spark-5fa1:62:73 [0] NCCL INFO NET/IB: Subnet-aware routing: overriding dev 4 with dev 0
spark-5fa1:62:73 [0] NCCL INFO NET/IB: Subnet-aware routing: overriding dev 5 with dev 2
spark-5fa1:62:73 [0] NCCL INFO NET/IB: Subnet-aware routing: overriding dev 4 with dev 0
spark-5fa1:62:73 [0] NCCL INFO NET/IB: Subnet-aware routing: overriding dev 5 with dev 2
spark-5fa1:62:73 [0] NCCL INFO NET/IB: Subnet-aware routing: overriding dev 4 with dev 0
spark-5fa1:62:73 [0] NCCL INFO NET/IB: ncclIbResiliencyInit: Resiliency is disabled on the send communicator (comm=0xff4568e77000)
spark-5fa1:62:73 [0] NCCL INFO NET/IB: Subnet-aware routing: overriding dev 5 with dev 2
spark-5fa1:62:73 [0] NCCL INFO NET/IB: Subnet-aware routing: overriding dev 4 with dev 0
spark-5fa1:62:73 [0] NCCL INFO NET/IB: Subnet-aware routing: overriding dev 5 with dev 2
spark-5fa1:62:73 [0] NCCL INFO NET/IB: Subnet-aware routing: overriding dev 4 with dev 0
spark-5fa1:62:73 [0] NCCL INFO NET/IB: Subnet-aware routing: overriding dev 5 with dev 2
spark-5fa1:62:73 [0] NCCL INFO NET/IB: Subnet-aware routing: overriding dev 4 with dev 0
spark-5fa1:62:73 [0] NCCL INFO NET/IB: Subnet-aware routing: overriding dev 5 with dev 2
spark-5fa1:62:73 [0] NCCL INFO NET/IB: Subnet-aware routing: overriding dev 4 with dev 0
spark-5fa1:62:73 [0] NCCL INFO NET/IB: Subnet-aware routing: overriding dev 5 with dev 2
spark-5fa1:62:73 [0] NCCL INFO NET/IB: Subnet-aware routing: overriding dev 4 with dev 0
spark-5fa1:62:73 [0] NCCL INFO NET/IB: ncclIbResiliencyInit: Resiliency is disabled on the recv communicator (comm=0xff4568eb8000)
spark-5fa1:62:73 [0] NCCL INFO NET/IB: ncclIbRecvCommInit: Receive work requests will be posted on-demand
spark-5fa1:62:73 [0] NCCL INFO NET/IB: Subnet-aware routing: overriding dev 5 with dev 2
spark-5fa1:62:73 [0] NCCL INFO NET/IB: Subnet-aware routing: overriding dev 4 with dev 0
spark-5fa1:62:73 [0] NCCL INFO NET/IB: Subnet-aware routing: overriding dev 5 with dev 2
spark-5fa1:62:73 [0] NCCL INFO NET/IB: Subnet-aware routing: overriding dev 4 with dev 0
spark-5fa1:62:73 [0] NCCL INFO NET/IB: Subnet-aware routing: overriding dev 5 with dev 2
spark-5fa1:62:73 [0] NCCL INFO NET/IB: Subnet-aware routing: overriding dev 4 with dev 0
spark-5fa1:62:73 [0] NCCL INFO NET/IB: Subnet-aware routing: overriding dev 5 with dev 2
spark-5fa1:62:73 [0] NCCL INFO NET/IB: Subnet-aware routing: overriding dev 4 with dev 0
spark-5fa1:62:73 [0] NCCL INFO NET/IB: Subnet-aware routing: overriding dev 5 with dev 2
spark-5fa1:62:73 [0] NCCL INFO NET/IB: Subnet-aware routing: overriding dev 4 with dev 0
spark-5fa1:62:73 [0] NCCL INFO NET/IB: Subnet-aware routing: overriding dev 5 with dev 2
spark-5fa1:62:73 [0] NCCL INFO NET/IB: ncclIbResiliencyInit: Resiliency is disabled on the send communicator (comm=0xff4568f00000)
spark-5fa1:62:73 [0] NCCL INFO NET/IB: Subnet-aware routing: overriding dev 5 with dev 2
spark-5fa1:62:73 [0] NCCL INFO NET/IB: ncclIbSenderQpsToRts: Set ECE: IbDev 2 Port 1 qp_num 2676 set_ece={supported=1, vendor_id=0x15b3, options=0x30000002, comp_mask=0x0}
spark-5fa1:62:73 [0] NCCL INFO NET/IB: ncclIbSenderQpsToRts: Set ECE: IbDev 2 Port 1 qp_num 2677 set_ece={supported=1, vendor_id=0x15b3, options=0x30000002, comp_mask=0x0}
spark-5fa1:62:73 [0] NCCL INFO NET/IB: Subnet-aware routing: overriding dev 5 with dev 2
spark-5fa1:62:73 [0] NCCL INFO NET/IB: ncclIbReceiverQpsCreateToRts: QP created: port=1 dev=2 devName=roceP2p1s0f0 ndevs=4 nmdevs=6 qp_num=2684 pkey=0 pd=0xff457c224940 oooRq=0
spark-5fa1:62:73 [0] NCCL INFO NET/IB: ncclIbReceiverQpsCreateToRts: QP created: port=1 dev=2 devName=roceP2p1s0f0 ndevs=4 nmdevs=6 qp_num=2685 pkey=0 pd=0xff457c224940 oooRq=0
spark-5fa1:62:73 [0] NCCL INFO NET/IB: ncclIbReceiverQpsCreateToRts: Flush QP created: port=1 dev=2 devName=roceP2p1s0f0 ndevs=4 nmdevs=6 qp_num=2686 pkey=0 pd=0xff457c224940
spark-5fa1:62:73 [0] NCCL INFO NET/IB: Subnet-aware routing: overriding dev 4 with dev 0
spark-5fa1:62:73 [0] NCCL INFO NET/IB: ncclIbSenderQpsToRts: Set ECE: IbDev 0 Port 1 qp_num 46456 set_ece={supported=1, vendor_id=0x15b3, options=0x30000002, comp_mask=0x0}
spark-5fa1:62:73 [0] NCCL INFO NET/IB: ncclIbSenderQpsToRts: Set ECE: IbDev 0 Port 1 qp_num 46457 set_ece={supported=1, vendor_id=0x15b3, options=0x30000002, comp_mask=0x0}
spark-5fa1:62:73 [0] NCCL INFO NET/IB: Subnet-aware routing: overriding dev 4 with dev 0
spark-5fa1:62:73 [0] NCCL INFO NET/IB: ncclIbReceiverQpsCreateToRts: QP created: port=1 dev=0 devName=rocep1s0f0 ndevs=4 nmdevs=6 qp_num=46467 pkey=0 pd=0xff457c07ddd0 oooRq=0
spark-5fa1:62:73 [0] NCCL INFO NET/IB: ncclIbReceiverQpsCreateToRts: QP created: port=1 dev=0 devName=rocep1s0f0 ndevs=4 nmdevs=6 qp_num=46468 pkey=0 pd=0xff457c07ddd0 oooRq=0
spark-5fa1:62:73 [0] NCCL INFO NET/IB: ncclIbReceiverQpsCreateToRts: Flush QP created: port=1 dev=0 devName=rocep1s0f0 ndevs=4 nmdevs=6 qp_num=46469 pkey=0 pd=0xff457c07ddd0
spark-5fa1:62:73 [0] NCCL INFO NET/IB: Subnet-aware routing: overriding dev 5 with dev 2
spark-5fa1:62:73 [0] NCCL INFO NET/IB: ncclIbSenderQpsCreate: QP created: port=1 dev=2 devName=roceP2p1s0f0 ndevs=4 nmdevs=6 qp_num=2687 pkey=0 pd=0xff457c224940 oooRq=0
spark-5fa1:62:73 [0] NCCL INFO NET/IB: ncclIbSenderQpsCreate: QP created: port=1 dev=2 devName=roceP2p1s0f0 ndevs=4 nmdevs=6 qp_num=2688 pkey=0 pd=0xff457c224940 oooRq=0
spark-5fa1:62:73 [0] NCCL INFO NET/IB: ncclIbConnectImpl: NCCL Dev 2 IbDev 2 Port 1 qp_num 2687 mtu 5 GID 3 (0/16EA8C0FFFF0000) ctsFifoRkey=0x1c7511 ctsFifoLkey=0x1c7511
spark-5fa1:62:73 [0] NCCL INFO NET/IB: ncclIbConnectImpl: IbDev 2 Port 1 qp_num 2687 query_ece={supported=1, vendor_id=0x15b3, options=0x30000002, comp_mask=0x0}
spark-5fa1:62:73 [0] NCCL INFO NET/IB: ncclIbConnectImpl: NCCL Dev 2 IbDev 2 Port 1 qp_num 2688 mtu 5 GID 3 (0/16EA8C0FFFF0000) ctsFifoRkey=0x1c7511 ctsFifoLkey=0x1c7511
spark-5fa1:62:73 [0] NCCL INFO NET/IB: ncclIbConnectImpl: IbDev 2 Port 1 qp_num 2688 query_ece={supported=1, vendor_id=0x15b3, options=0x30000002, comp_mask=0x0}
spark-5fa1:62:73 [0] NCCL INFO NET/IB: Subnet-aware routing: overriding dev 4 with dev 0
spark-5fa1:62:73 [0] NCCL INFO NET/IB: ncclIbSenderQpsCreate: QP created: port=1 dev=0 devName=rocep1s0f0 ndevs=4 nmdevs=6 qp_num=46470 pkey=0 pd=0xff457c07ddd0 oooRq=0
spark-5fa1:62:73 [0] NCCL INFO NET/IB: ncclIbSenderQpsCreate: QP created: port=1 dev=0 devName=rocep1s0f0 ndevs=4 nmdevs=6 qp_num=46471 pkey=0 pd=0xff457c07ddd0 oooRq=0
spark-5fa1:62:73 [0] NCCL INFO NET/IB: ncclIbConnectImpl: NCCL Dev 0 IbDev 0 Port 1 qp_num 46470 mtu 5 GID 6 (0/164A8C0FFFF0000) ctsFifoRkey=0x22097b ctsFifoLkey=0x22097b
spark-5fa1:62:73 [0] NCCL INFO NET/IB: ncclIbConnectImpl: IbDev 0 Port 1 qp_num 46470 query_ece={supported=1, vendor_id=0x15b3, options=0x30000002, comp_mask=0x0}
spark-5fa1:62:73 [0] NCCL INFO NET/IB: ncclIbConnectImpl: NCCL Dev 0 IbDev 0 Port 1 qp_num 46471 mtu 5 GID 6 (0/164A8C0FFFF0000) ctsFifoRkey=0x22097b ctsFifoLkey=0x22097b
spark-5fa1:62:73 [0] NCCL INFO NET/IB: ncclIbConnectImpl: IbDev 0 Port 1 qp_num 46471 query_ece={supported=1, vendor_id=0x15b3, options=0x30000002, comp_mask=0x0}
spark-5fa1:62:73 [0] NCCL INFO NET/IB: Subnet-aware routing: overriding dev 5 with dev 2
spark-5fa1:62:73 [0] NCCL INFO NET/IB: ncclIbSenderQpsCreate: QP created: port=1 dev=2 devName=roceP2p1s0f0 ndevs=4 nmdevs=6 qp_num=2689 pkey=0 pd=0xff457c224940 oooRq=0
spark-5fa1:62:73 [0] NCCL INFO NET/IB: ncclIbSenderQpsCreate: QP created: port=1 dev=2 devName=roceP2p1s0f0 ndevs=4 nmdevs=6 qp_num=2690 pkey=0 pd=0xff457c224940 oooRq=0
spark-5fa1:62:73 [0] NCCL INFO NET/IB: ncclIbConnectImpl: NCCL Dev 2 IbDev 2 Port 1 qp_num 2689 mtu 5 GID 3 (0/16EA8C0FFFF0000) ctsFifoRkey=0x18b0af ctsFifoLkey=0x18b0af
spark-5fa1:62:73 [0] NCCL INFO NET/IB: ncclIbConnectImpl: IbDev 2 Port 1 qp_num 2689 query_ece={supported=1, vendor_id=0x15b3, options=0x30000002, comp_mask=0x0}
spark-5fa1:62:73 [0] NCCL INFO NET/IB: ncclIbConnectImpl: NCCL Dev 2 IbDev 2 Port 1 qp_num 2690 mtu 5 GID 3 (0/16EA8C0FFFF0000) ctsFifoRkey=0x18b0af ctsFifoLkey=0x18b0af
spark-5fa1:62:73 [0] NCCL INFO NET/IB: ncclIbConnectImpl: IbDev 2 Port 1 qp_num 2690 query_ece={supported=1, vendor_id=0x15b3, options=0x30000002, comp_mask=0x0}
spark-5fa1:62:73 [0] NCCL INFO NET/IB: Subnet-aware routing: overriding dev 4 with dev 0
spark-5fa1:62:73 [0] NCCL INFO NET/IB: ncclIbSenderQpsCreate: QP created: port=1 dev=0 devName=rocep1s0f0 ndevs=4 nmdevs=6 qp_num=46472 pkey=0 pd=0xff457c07ddd0 oooRq=0
spark-5fa1:62:73 [0] NCCL INFO NET/IB: ncclIbSenderQpsCreate: QP created: port=1 dev=0 devName=rocep1s0f0 ndevs=4 nmdevs=6 qp_num=46473 pkey=0 pd=0xff457c07ddd0 oooRq=0
spark-5fa1:62:73 [0] NCCL INFO NET/IB: ncclIbConnectImpl: NCCL Dev 0 IbDev 0 Port 1 qp_num 46472 mtu 5 GID 6 (0/164A8C0FFFF0000) ctsFifoRkey=0x2231a0 ctsFifoLkey=0x2231a0
spark-5fa1:62:73 [0] NCCL INFO NET/IB: ncclIbConnectImpl: IbDev 0 Port 1 qp_num 46472 query_ece={supported=1, vendor_id=0x15b3, options=0x30000002, comp_mask=0x0}
spark-5fa1:62:73 [0] NCCL INFO NET/IB: ncclIbConnectImpl: NCCL Dev 0 IbDev 0 Port 1 qp_num 46473 mtu 5 GID 6 (0/164A8C0FFFF0000) ctsFifoRkey=0x2231a0 ctsFifoLkey=0x2231a0
spark-5fa1:62:73 [0] NCCL INFO NET/IB: ncclIbConnectImpl: IbDev 0 Port 1 qp_num 46473 query_ece={supported=1, vendor_id=0x15b3, options=0x30000002, comp_mask=0x0}
spark-5fa1:62:73 [0] NCCL INFO NET/IB: Subnet-aware routing: overriding dev 5 with dev 2
spark-5fa1:62:73 [0] NCCL INFO NET/IB: Subnet-aware routing: overriding dev 4 with dev 0
spark-5fa1:62:73 [0] NCCL INFO NET/IB: Subnet-aware routing: overriding dev 5 with dev 2
spark-5fa1:62:73 [0] NCCL INFO NET/IB: Subnet-aware routing: overriding dev 4 with dev 0
spark-5fa1:62:73 [0] NCCL INFO NET/IB: Subnet-aware routing: overriding dev 5 with dev 2
spark-5fa1:62:73 [0] NCCL INFO NET/IB: ncclIbResiliencyInit: Resiliency is disabled on the recv communicator (comm=0xff45691ae000)
spark-5fa1:62:73 [0] NCCL INFO NET/IB: ncclIbRecvCommInit: Receive work requests will be posted on-demand
spark-5fa1:62:73 [0] NCCL INFO NET/IB: Subnet-aware routing: overriding dev 5 with dev 2
spark-5fa1:62:73 [0] NCCL INFO NET/IB: ncclIbSenderQpsToRts: Set ECE: IbDev 2 Port 1 qp_num 2687 set_ece={supported=1, vendor_id=0x15b3, options=0x30000002, comp_mask=0x0}
spark-5fa1:62:73 [0] NCCL INFO NET/IB: ncclIbSenderQpsToRts: Set ECE: IbDev 2 Port 1 qp_num 2688 set_ece={supported=1, vendor_id=0x15b3, options=0x30000002, comp_mask=0x0}
spark-5fa1:62:73 [0] NCCL INFO NET/IB: Subnet-aware routing: overriding dev 5 with dev 2
spark-5fa1:62:73 [0] NCCL INFO NET/IB: ncclIbReceiverQpsCreateToRts: QP created: port=1 dev=2 devName=roceP2p1s0f0 ndevs=4 nmdevs=6 qp_num=2691 pkey=0 pd=0xff457c224940 oooRq=0
spark-5fa1:62:73 [0] NCCL INFO NET/IB: ncclIbReceiverQpsCreateToRts: QP created: port=1 dev=2 devName=roceP2p1s0f0 ndevs=4 nmdevs=6 qp_num=2692 pkey=0 pd=0xff457c224940 oooRq=0
spark-5fa1:62:73 [0] NCCL INFO NET/IB: ncclIbReceiverQpsCreateToRts: Flush QP created: port=1 dev=2 devName=roceP2p1s0f0 ndevs=4 nmdevs=6 qp_num=2693 pkey=0 pd=0xff457c224940
spark-5fa1:62:73 [0] NCCL INFO NET/IB: Subnet-aware routing: overriding dev 4 with dev 0
spark-5fa1:62:73 [0] NCCL INFO NET/IB: ncclIbSenderQpsToRts: Set ECE: IbDev 0 Port 1 qp_num 46470 set_ece={supported=1, vendor_id=0x15b3, options=0x30000002, comp_mask=0x0}
spark-5fa1:62:73 [0] NCCL INFO NET/IB: ncclIbSenderQpsToRts: Set ECE: IbDev 0 Port 1 qp_num 46471 set_ece={supported=1, vendor_id=0x15b3, options=0x30000002, comp_mask=0x0}
spark-5fa1:62:73 [0] NCCL INFO NET/IB: Subnet-aware routing: overriding dev 5 with dev 2
spark-5fa1:62:73 [0] NCCL INFO NET/IB: ncclIbSenderQpsToRts: Set ECE: IbDev 2 Port 1 qp_num 2689 set_ece={supported=1, vendor_id=0x15b3, options=0x30000002, comp_mask=0x0}
spark-5fa1:62:73 [0] NCCL INFO NET/IB: ncclIbSenderQpsToRts: Set ECE: IbDev 2 Port 1 qp_num 2690 set_ece={supported=1, vendor_id=0x15b3, options=0x30000002, comp_mask=0x0}
spark-5fa1:62:73 [0] NCCL INFO NET/IB: Subnet-aware routing: overriding dev 4 with dev 0
spark-5fa1:62:73 [0] NCCL INFO NET/IB: ncclIbSenderQpsToRts: Set ECE: IbDev 0 Port 1 qp_num 46472 set_ece={supported=1, vendor_id=0x15b3, options=0x30000002, comp_mask=0x0}
spark-5fa1:62:73 [0] NCCL INFO NET/IB: ncclIbSenderQpsToRts: Set ECE: IbDev 0 Port 1 qp_num 46473 set_ece={supported=1, vendor_id=0x15b3, options=0x30000002, comp_mask=0x0}
spark-5fa1:62:73 [0] NCCL INFO NET/IB: Subnet-aware routing: overriding dev 5 with dev 2
spark-5fa1:62:73 [0] NCCL INFO NET/IB: ncclIbSenderQpsCreate: QP created: port=1 dev=2 devName=roceP2p1s0f0 ndevs=4 nmdevs=6 qp_num=2694 pkey=0 pd=0xff457c224940 oooRq=0
spark-5fa1:62:73 [0] NCCL INFO NET/IB: ncclIbSenderQpsCreate: QP created: port=1 dev=2 devName=roceP2p1s0f0 ndevs=4 nmdevs=6 qp_num=2695 pkey=0 pd=0xff457c224940 oooRq=0
spark-5fa1:62:73 [0] NCCL INFO NET/IB: ncclIbConnectImpl: NCCL Dev 2 IbDev 2 Port 1 qp_num 2694 mtu 5 GID 3 (0/16EA8C0FFFF0000) ctsFifoRkey=0x17c9c6 ctsFifoLkey=0x17c9c6
spark-5fa1:62:73 [0] NCCL INFO NET/IB: ncclIbConnectImpl: IbDev 2 Port 1 qp_num 2694 query_ece={supported=1, vendor_id=0x15b3, options=0x30000002, comp_mask=0x0}
spark-5fa1:62:73 [0] NCCL INFO NET/IB: ncclIbConnectImpl: NCCL Dev 2 IbDev 2 Port 1 qp_num 2695 mtu 5 GID 3 (0/16EA8C0FFFF0000) ctsFifoRkey=0x17c9c6 ctsFifoLkey=0x17c9c6
spark-5fa1:62:73 [0] NCCL INFO NET/IB: ncclIbConnectImpl: IbDev 2 Port 1 qp_num 2695 query_ece={supported=1, vendor_id=0x15b3, options=0x30000002, comp_mask=0x0}
spark-5fa1:62:73 [0] NCCL INFO NET/IB: Subnet-aware routing: overriding dev 4 with dev 0
spark-5fa1:62:73 [0] NCCL INFO NET/IB: ncclIbSenderQpsCreate: QP created: port=1 dev=0 devName=rocep1s0f0 ndevs=4 nmdevs=6 qp_num=46474 pkey=0 pd=0xff457c07ddd0 oooRq=0
spark-5fa1:62:73 [0] NCCL INFO NET/IB: ncclIbSenderQpsCreate: QP created: port=1 dev=0 devName=rocep1s0f0 ndevs=4 nmdevs=6 qp_num=46475 pkey=0 pd=0xff457c07ddd0 oooRq=0
spark-5fa1:62:73 [0] NCCL INFO NET/IB: ncclIbConnectImpl: NCCL Dev 0 IbDev 0 Port 1 qp_num 46474 mtu 5 GID 6 (0/164A8C0FFFF0000) ctsFifoRkey=0x223fae ctsFifoLkey=0x223fae
spark-5fa1:62:73 [0] NCCL INFO NET/IB: ncclIbConnectImpl: IbDev 0 Port 1 qp_num 46474 query_ece={supported=1, vendor_id=0x15b3, options=0x30000002, comp_mask=0x0}
spark-5fa1:62:73 [0] NCCL INFO NET/IB: ncclIbConnectImpl: NCCL Dev 0 IbDev 0 Port 1 qp_num 46475 mtu 5 GID 6 (0/164A8C0FFFF0000) ctsFifoRkey=0x223fae ctsFifoLkey=0x223fae
spark-5fa1:62:73 [0] NCCL INFO NET/IB: ncclIbConnectImpl: IbDev 0 Port 1 qp_num 46475 query_ece={supported=1, vendor_id=0x15b3, options=0x30000002, comp_mask=0x0}
spark-5fa1:62:73 [0] NCCL INFO NET/IB: Subnet-aware routing: overriding dev 5 with dev 2
spark-5fa1:62:73 [0] NCCL INFO NET/IB: Subnet-aware routing: overriding dev 4 with dev 0
spark-5fa1:62:73 [0] NCCL INFO NET/IB: Subnet-aware routing: overriding dev 5 with dev 2
spark-5fa1:62:73 [0] NCCL INFO NET/IB: Subnet-aware routing: overriding dev 5 with dev 2
spark-5fa1:62:73 [0] NCCL INFO NET/IB: Subnet-aware routing: overriding dev 4 with dev 0
spark-5fa1:62:73 [0] NCCL INFO NET/IB: Subnet-aware routing: overriding dev 5 with dev 2
spark-5fa1:62:73 [0] NCCL INFO NET/IB: Subnet-aware routing: overriding dev 4 with dev 0
spark-5fa1:62:73 [0] NCCL INFO NET/IB: Subnet-aware routing: overriding dev 5 with dev 2
spark-5fa1:62:73 [0] NCCL INFO NET/IB: Subnet-aware routing: overriding dev 5 with dev 2
spark-5fa1:62:73 [0] NCCL INFO NET/IB: Subnet-aware routing: overriding dev 4 with dev 0
spark-5fa1:62:73 [0] NCCL INFO NET/IB: Subnet-aware routing: overriding dev 5 with dev 2
spark-5fa1:62:73 [0] NCCL INFO NET/IB: Subnet-aware routing: overriding dev 4 with dev 0
spark-5fa1:62:73 [0] NCCL INFO NET/IB: Subnet-aware routing: overriding dev 5 with dev 2
spark-5fa1:62:73 [0] NCCL INFO NET/IB: Subnet-aware routing: overriding dev 5 with dev 2
spark-5fa1:62:73 [0] NCCL INFO NET/IB: Subnet-aware routing: overriding dev 4 with dev 0
spark-5fa1:62:73 [0] NCCL INFO NET/IB: Subnet-aware routing: overriding dev 5 with dev 2
spark-5fa1:62:73 [0] NCCL INFO NET/IB: Subnet-aware routing: overriding dev 4 with dev 0
spark-5fa1:62:73 [0] NCCL INFO NET/IB: Subnet-aware routing: overriding dev 5 with dev 2
spark-5fa1:62:73 [0] NCCL INFO NET/IB: Subnet-aware routing: overriding dev 5 with dev 2
spark-5fa1:62:73 [0] NCCL INFO NET/IB: Subnet-aware routing: overriding dev 4 with dev 0
spark-5fa1:62:73 [0] NCCL INFO NET/IB: Subnet-aware routing: overriding dev 5 with dev 2
spark-5fa1:62:73 [0] NCCL INFO NET/IB: Subnet-aware routing: overriding dev 4 with dev 0
spark-5fa1:62:73 [0] NCCL INFO NET/IB: Subnet-aware routing: overriding dev 5 with dev 2
spark-5fa1:62:73 [0] NCCL INFO NET/IB: Subnet-aware routing: overriding dev 5 with dev 2
spark-5fa1:62:73 [0] NCCL INFO NET/IB: Subnet-aware routing: overriding dev 4 with dev 0
spark-5fa1:62:73 [0] NCCL INFO NET/IB: Subnet-aware routing: overriding dev 5 with dev 2
spark-5fa1:62:73 [0] NCCL INFO NET/IB: Subnet-aware routing: overriding dev 4 with dev 0
spark-5fa1:62:73 [0] NCCL INFO NET/IB: Subnet-aware routing: overriding dev 5 with dev 2
spark-5fa1:62:73 [0] NCCL INFO NET/IB: Subnet-aware routing: overriding dev 5 with dev 2
spark-5fa1:62:73 [0] NCCL INFO NET/IB: Subnet-aware routing: overriding dev 4 with dev 0
spark-5fa1:62:73 [0] NCCL INFO NET/IB: Subnet-aware routing: overriding dev 5 with dev 2
spark-5fa1:62:73 [0] NCCL INFO NET/IB: Subnet-aware routing: overriding dev 4 with dev 0
spark-5fa1:62:73 [0] NCCL INFO NET/IB: Subnet-aware routing: overriding dev 5 with dev 2
spark-5fa1:62:73 [0] NCCL INFO NET/IB: Subnet-aware routing: overriding dev 5 with dev 2
spark-5fa1:62:73 [0] NCCL INFO NET/IB: Subnet-aware routing: overriding dev 4 with dev 0
spark-5fa1:62:73 [0] NCCL INFO NET/IB: Subnet-aware routing: overriding dev 5 with dev 2
spark-5fa1:62:73 [0] NCCL INFO NET/IB: Subnet-aware routing: overriding dev 4 with dev 0
spark-5fa1:62:73 [0] NCCL INFO NET/IB: Subnet-aware routing: overriding dev 5 with dev 2
spark-5fa1:62:73 [0] NCCL INFO NET/IB: Subnet-aware routing: overriding dev 5 with dev 2
spark-5fa1:62:73 [0] NCCL INFO NET/IB: Subnet-aware routing: overriding dev 4 with dev 0
spark-5fa1:62:73 [0] NCCL INFO NET/IB: Subnet-aware routing: overriding dev 5 with dev 2
spark-5fa1:62:73 [0] NCCL INFO NET/IB: Subnet-aware routing: overriding dev 4 with dev 0
spark-5fa1:62:73 [0] NCCL INFO NET/IB: Subnet-aware routing: overriding dev 5 with dev 2
spark-5fa1:62:73 [0] NCCL INFO NET/IB: Subnet-aware routing: overriding dev 5 with dev 2
spark-5fa1:62:73 [0] NCCL INFO NET/IB: Subnet-aware routing: overriding dev 4 with dev 0
spark-5fa1:62:73 [0] NCCL INFO NET/IB: Subnet-aware routing: overriding dev 5 with dev 2
spark-5fa1:62:73 [0] NCCL INFO NET/IB: Subnet-aware routing: overriding dev 4 with dev 0
spark-5fa1:62:73 [0] NCCL INFO NET/IB: Subnet-aware routing: overriding dev 5 with dev 2
spark-5fa1:62:73 [0] NCCL INFO NET/IB: Subnet-aware routing: overriding dev 5 with dev 2
spark-5fa1:62:73 [0] NCCL INFO NET/IB: Subnet-aware routing: overriding dev 4 with dev 0
spark-5fa1:62:73 [0] NCCL INFO NET/IB: Subnet-aware routing: overriding dev 5 with dev 2
spark-5fa1:62:73 [0] NCCL INFO NET/IB: Subnet-aware routing: overriding dev 4 with dev 0
spark-5fa1:62:73 [0] NCCL INFO NET/IB: Subnet-aware routing: overriding dev 5 with dev 2
spark-5fa1:62:73 [0] NCCL INFO NET/IB: Subnet-aware routing: overriding dev 5 with dev 2
spark-5fa1:62:73 [0] NCCL INFO NET/IB: Subnet-aware routing: overriding dev 4 with dev 0
spark-5fa1:62:73 [0] NCCL INFO NET/IB: Subnet-aware routing: overriding dev 5 with dev 2
spark-5fa1:62:73 [0] NCCL INFO NET/IB: Subnet-aware routing: overriding dev 4 with dev 0
spark-5fa1:62:73 [0] NCCL INFO NET/IB: Subnet-aware routing: overriding dev 5 with dev 2
spark-5fa1:62:73 [0] NCCL INFO NET/IB: Subnet-aware routing: overriding dev 5 with dev 2
spark-5fa1:62:73 [0] NCCL INFO NET/IB: Subnet-aware routing: overriding dev 4 with dev 0
spark-5fa1:62:73 [0] NCCL INFO NET/IB: Subnet-aware routing: overriding dev 5 with dev 2
spark-5fa1:62:73 [0] NCCL INFO NET/IB: Subnet-aware routing: overriding dev 4 with dev 0
spark-5fa1:62:73 [0] NCCL INFO NET/IB: Subnet-aware routing: overriding dev 5 with dev 2
spark-5fa1:62:73 [0] NCCL INFO NET/IB: Subnet-aware routing: overriding dev 5 with dev 2
spark-5fa1:62:73 [0] NCCL INFO NET/IB: Subnet-aware routing: overriding dev 4 with dev 0
spark-5fa1:62:73 [0] NCCL INFO NET/IB: Subnet-aware routing: overriding dev 5 with dev 2
spark-5fa1:62:73 [0] NCCL INFO NET/IB: Subnet-aware routing: overriding dev 4 with dev 0
spark-5fa1:62:73 [0] NCCL INFO NET/IB: Subnet-aware routing: overriding dev 5 with dev 2
spark-5fa1:62:73 [0] NCCL INFO NET/IB: Subnet-aware routing: overriding dev 5 with dev 2
spark-5fa1:62:73 [0] NCCL INFO NET/IB: Subnet-aware routing: overriding dev 4 with dev 0
spark-5fa1:62:73 [0] NCCL INFO NET/IB: Subnet-aware routing: overriding dev 5 with dev 2
spark-5fa1:62:73 [0] NCCL INFO NET/IB: Subnet-aware routing: overriding dev 4 with dev 0
spark-5fa1:62:73 [0] NCCL INFO NET/IB: Subnet-aware routing: overriding dev 5 with dev 2
spark-5fa1:62:73 [0] NCCL INFO NET/IB: Subnet-aware routing: overriding dev 5 with dev 2
spark-5fa1:62:73 [0] NCCL INFO NET/IB: Subnet-aware routing: overriding dev 4 with dev 0
spark-5fa1:62:73 [0] NCCL INFO NET/IB: Subnet-aware routing: overriding dev 5 with dev 2
spark-5fa1:62:73 [0] NCCL INFO NET/IB: Subnet-aware routing: overriding dev 4 with dev 0
spark-5fa1:62:73 [0] NCCL INFO NET/IB: Subnet-aware routing: overriding dev 5 with dev 2
spark-5fa1:62:73 [0] NCCL INFO NET/IB: Subnet-aware routing: overriding dev 5 with dev 2
spark-5fa1:62:73 [0] NCCL INFO NET/IB: Subnet-aware routing: overriding dev 4 with dev 0
spark-5fa1:62:73 [0] NCCL INFO NET/IB: Subnet-aware routing: overriding dev 5 with dev 2
spark-5fa1:62:73 [0] NCCL INFO NET/IB: Subnet-aware routing: overriding dev 4 with dev 0
spark-5fa1:62:73 [0] NCCL INFO NET/IB: Subnet-aware routing: overriding dev 5 with dev 2
spark-5fa1:62:73 [0] NCCL INFO NET/IB: Subnet-aware routing: overriding dev 5 with dev 2
spark-5fa1:62:73 [0] NCCL INFO NET/IB: Subnet-aware routing: overriding dev 4 with dev 0
spark-5fa1:62:73 [0] NCCL INFO NET/IB: Subnet-aware routing: overriding dev 5 with dev 2
spark-5fa1:62:73 [0] NCCL INFO NET/IB: Subnet-aware routing: overriding dev 4 with dev 0
spark-5fa1:62:73 [0] NCCL INFO NET/IB: Subnet-aware routing: overriding dev 5 with dev 2
spark-5fa1:62:73 [0] NCCL INFO NET/IB: Subnet-aware routing: overriding dev 5 with dev 2
spark-5fa1:62:73 [0] NCCL INFO NET/IB: Subnet-aware routing: overriding dev 4 with dev 0
spark-5fa1:62:73 [0] NCCL INFO NET/IB: Subnet-aware routing: overriding dev 5 with dev 2
spark-5fa1:62:73 [0] NCCL INFO NET/IB: Subnet-aware routing: overriding dev 4 with dev 0
spark-5fa1:62:73 [0] NCCL INFO NET/IB: Subnet-aware routing: overriding dev 5 with dev 2
spark-5fa1:62:73 [0] NCCL INFO NET/IB: Subnet-aware routing: overriding dev 5 with dev 2
spark-5fa1:62:73 [0] NCCL INFO NET/IB: Subnet-aware routing: overriding dev 4 with dev 0
spark-5fa1:62:73 [0] NCCL INFO NET/IB: Subnet-aware routing: overriding dev 5 with dev 2
spark-5fa1:62:73 [0] NCCL INFO NET/IB: Subnet-aware routing: overriding dev 4 with dev 0
spark-5fa1:62:73 [0] NCCL INFO NET/IB: Subnet-aware routing: overriding dev 5 with dev 2
spark-5fa1:62:73 [0] NCCL INFO NET/IB: Subnet-aware routing: overriding dev 5 with dev 2
spark-5fa1:62:73 [0] NCCL INFO NET/IB: Subnet-aware routing: overriding dev 4 with dev 0
spark-5fa1:62:73 [0] NCCL INFO NET/IB: Subnet-aware routing: overriding dev 5 with dev 2
spark-5fa1:62:73 [0] NCCL INFO NET/IB: Subnet-aware routing: overriding dev 4 with dev 0
spark-5fa1:62:73 [0] NCCL INFO NET/IB: Subnet-aware routing: overriding dev 5 with dev 2
spark-5fa1:62:73 [0] NCCL INFO NET/IB: ncclIbSenderQpsCreate: QP created: port=1 dev=2 devName=roceP2p1s0f0 ndevs=4 nmdevs=6 qp_num=2696 pkey=0 pd=0xff457c224940 oooRq=0
spark-5fa1:62:73 [0] NCCL INFO NET/IB: ncclIbSenderQpsCreate: QP created: port=1 dev=2 devName=roceP2p1s0f0 ndevs=4 nmdevs=6 qp_num=2697 pkey=0 pd=0xff457c224940 oooRq=0
spark-5fa1:62:73 [0] NCCL INFO NET/IB: ncclIbConnectImpl: NCCL Dev 2 IbDev 2 Port 1 qp_num 2696 mtu 5 GID 3 (0/16EA8C0FFFF0000) ctsFifoRkey=0x195653 ctsFifoLkey=0x195653
spark-5fa1:62:73 [0] NCCL INFO NET/IB: ncclIbConnectImpl: IbDev 2 Port 1 qp_num 2696 query_ece={supported=1, vendor_id=0x15b3, options=0x30000002, comp_mask=0x0}
spark-5fa1:62:73 [0] NCCL INFO NET/IB: ncclIbConnectImpl: NCCL Dev 2 IbDev 2 Port 1 qp_num 2697 mtu 5 GID 3 (0/16EA8C0FFFF0000) ctsFifoRkey=0x195653 ctsFifoLkey=0x195653
spark-5fa1:62:73 [0] NCCL INFO NET/IB: ncclIbConnectImpl: IbDev 2 Port 1 qp_num 2697 query_ece={supported=1, vendor_id=0x15b3, options=0x30000002, comp_mask=0x0}
spark-5fa1:62:73 [0] NCCL INFO NET/IB: Subnet-aware routing: overriding dev 5 with dev 2
spark-5fa1:62:73 [0] NCCL INFO NET/IB: Subnet-aware routing: overriding dev 4 with dev 0
spark-5fa1:62:73 [0] NCCL INFO NET/IB: Subnet-aware routing: overriding dev 5 with dev 2
spark-5fa1:62:73 [0] NCCL INFO NET/IB: ncclIbSenderQpsCreate: QP created: port=1 dev=2 devName=roceP2p1s0f0 ndevs=4 nmdevs=6 qp_num=2698 pkey=0 pd=0xff457c224940 oooRq=0
spark-5fa1:62:73 [0] NCCL INFO NET/IB: ncclIbSenderQpsCreate: QP created: port=1 dev=2 devName=roceP2p1s0f0 ndevs=4 nmdevs=6 qp_num=2699 pkey=0 pd=0xff457c224940 oooRq=0
spark-5fa1:62:73 [0] NCCL INFO NET/IB: ncclIbConnectImpl: NCCL Dev 2 IbDev 2 Port 1 qp_num 2698 mtu 5 GID 3 (0/16EA8C0FFFF0000) ctsFifoRkey=0x18e9e7 ctsFifoLkey=0x18e9e7
spark-5fa1:62:73 [0] NCCL INFO NET/IB: ncclIbConnectImpl: IbDev 2 Port 1 qp_num 2698 query_ece={supported=1, vendor_id=0x15b3, options=0x30000002, comp_mask=0x0}
spark-5fa1:62:73 [0] NCCL INFO NET/IB: ncclIbConnectImpl: NCCL Dev 2 IbDev 2 Port 1 qp_num 2699 mtu 5 GID 3 (0/16EA8C0FFFF0000) ctsFifoRkey=0x18e9e7 ctsFifoLkey=0x18e9e7
spark-5fa1:62:73 [0] NCCL INFO NET/IB: ncclIbConnectImpl: IbDev 2 Port 1 qp_num 2699 query_ece={supported=1, vendor_id=0x15b3, options=0x30000002, comp_mask=0x0}
spark-5fa1:62:73 [0] NCCL INFO NET/IB: Subnet-aware routing: overriding dev 4 with dev 0
spark-5fa1:62:73 [0] NCCL INFO NET/IB: ncclIbSenderQpsCreate: QP created: port=1 dev=0 devName=rocep1s0f0 ndevs=4 nmdevs=6 qp_num=46476 pkey=0 pd=0xff457c07ddd0 oooRq=0
spark-5fa1:62:73 [0] NCCL INFO NET/IB: ncclIbSenderQpsCreate: QP created: port=1 dev=0 devName=rocep1s0f0 ndevs=4 nmdevs=6 qp_num=46477 pkey=0 pd=0xff457c07ddd0 oooRq=0
spark-5fa1:62:73 [0] NCCL INFO NET/IB: ncclIbConnectImpl: NCCL Dev 0 IbDev 0 Port 1 qp_num 46476 mtu 5 GID 6 (0/164A8C0FFFF0000) ctsFifoRkey=0x220476 ctsFifoLkey=0x220476
spark-5fa1:62:73 [0] NCCL INFO NET/IB: ncclIbConnectImpl: IbDev 0 Port 1 qp_num 46476 query_ece={supported=1, vendor_id=0x15b3, options=0x30000002, comp_mask=0x0}
spark-5fa1:62:73 [0] NCCL INFO NET/IB: ncclIbConnectImpl: NCCL Dev 0 IbDev 0 Port 1 qp_num 46477 mtu 5 GID 6 (0/164A8C0FFFF0000) ctsFifoRkey=0x220476 ctsFifoLkey=0x220476
spark-5fa1:62:73 [0] NCCL INFO NET/IB: ncclIbConnectImpl: IbDev 0 Port 1 qp_num 46477 query_ece={supported=1, vendor_id=0x15b3, options=0x30000002, comp_mask=0x0}
spark-5fa1:62:73 [0] NCCL INFO NET/IB: Subnet-aware routing: overriding dev 5 with dev 2
spark-5fa1:62:73 [0] NCCL INFO NET/IB: Subnet-aware routing: overriding dev 5 with dev 2
spark-5fa1:62:73 [0] NCCL INFO NET/IB: Subnet-aware routing: overriding dev 4 with dev 0
spark-5fa1:62:73 [0] NCCL INFO NET/IB: ncclIbSenderQpsToRts: Set ECE: IbDev 0 Port 1 qp_num 46474 set_ece={supported=1, vendor_id=0x15b3, options=0x30000002, comp_mask=0x0}
spark-5fa1:62:73 [0] NCCL INFO NET/IB: ncclIbSenderQpsToRts: Set ECE: IbDev 0 Port 1 qp_num 46475 set_ece={supported=1, vendor_id=0x15b3, options=0x30000002, comp_mask=0x0}
spark-5fa1:62:73 [0] NCCL INFO NET/IB: Subnet-aware routing: overriding dev 4 with dev 0
spark-5fa1:62:73 [0] NCCL INFO NET/IB: ncclIbReceiverQpsCreateToRts: QP created: port=1 dev=0 devName=rocep1s0f0 ndevs=4 nmdevs=6 qp_num=46478 pkey=0 pd=0xff457c07ddd0 oooRq=0
spark-5fa1:62:73 [0] NCCL INFO NET/IB: ncclIbReceiverQpsCreateToRts: QP created: port=1 dev=0 devName=rocep1s0f0 ndevs=4 nmdevs=6 qp_num=46479 pkey=0 pd=0xff457c07ddd0 oooRq=0
spark-5fa1:62:73 [0] NCCL INFO NET/IB: ncclIbReceiverQpsCreateToRts: Flush QP created: port=1 dev=0 devName=rocep1s0f0 ndevs=4 nmdevs=6 qp_num=46480 pkey=0 pd=0xff457c07ddd0
spark-5fa1:62:73 [0] NCCL INFO NET/IB: Subnet-aware routing: overriding dev 5 with dev 2
spark-5fa1:62:73 [0] NCCL INFO NET/IB: Subnet-aware routing: overriding dev 4 with dev 0
spark-5fa1:62:73 [0] NCCL INFO NET/IB: Subnet-aware routing: overriding dev 5 with dev 2
spark-5fa1:62:73 [0] NCCL INFO NET/IB: ncclIbSenderQpsToRts: Set ECE: IbDev 2 Port 1 qp_num 2696 set_ece={supported=1, vendor_id=0x15b3, options=0x30000002, comp_mask=0x0}
spark-5fa1:62:73 [0] NCCL INFO NET/IB: ncclIbSenderQpsToRts: Set ECE: IbDev 2 Port 1 qp_num 2697 set_ece={supported=1, vendor_id=0x15b3, options=0x30000002, comp_mask=0x0}
spark-5fa1:62:73 [0] NCCL INFO NET/IB: Subnet-aware routing: overriding dev 4 with dev 0
spark-5fa1:62:73 [0] NCCL INFO NET/IB: ncclIbReceiverQpsCreateToRts: QP created: port=1 dev=0 devName=rocep1s0f0 ndevs=4 nmdevs=6 qp_num=46481 pkey=0 pd=0xff457c07ddd0 oooRq=0
spark-5fa1:62:73 [0] NCCL INFO NET/IB: ncclIbReceiverQpsCreateToRts: QP created: port=1 dev=0 devName=rocep1s0f0 ndevs=4 nmdevs=6 qp_num=46482 pkey=0 pd=0xff457c07ddd0 oooRq=0
spark-5fa1:62:73 [0] NCCL INFO NET/IB: ncclIbReceiverQpsCreateToRts: Flush QP created: port=1 dev=0 devName=rocep1s0f0 ndevs=4 nmdevs=6 qp_num=46483 pkey=0 pd=0xff457c07ddd0
spark-5fa1:62:73 [0] NCCL INFO NET/IB: Subnet-aware routing: overriding dev 5 with dev 2
spark-5fa1:62:73 [0] NCCL INFO NET/IB: ncclIbReceiverQpsCreateToRts: QP created: port=1 dev=2 devName=roceP2p1s0f0 ndevs=4 nmdevs=6 qp_num=2700 pkey=0 pd=0xff457c224940 oooRq=0
spark-5fa1:62:73 [0] NCCL INFO NET/IB: ncclIbReceiverQpsCreateToRts: QP created: port=1 dev=2 devName=roceP2p1s0f0 ndevs=4 nmdevs=6 qp_num=2701 pkey=0 pd=0xff457c224940 oooRq=0
spark-5fa1:62:73 [0] NCCL INFO NET/IB: ncclIbReceiverQpsCreateToRts: Flush QP created: port=1 dev=2 devName=roceP2p1s0f0 ndevs=4 nmdevs=6 qp_num=2702 pkey=0 pd=0xff457c224940
spark-5fa1:62:73 [0] NCCL INFO NET/IB: Subnet-aware routing: overriding dev 4 with dev 0
spark-5fa1:62:73 [0] NCCL INFO NET/IB: ncclIbReceiverQpsCreateToRts: QP created: port=1 dev=0 devName=rocep1s0f0 ndevs=4 nmdevs=6 qp_num=46484 pkey=0 pd=0xff457c07ddd0 oooRq=0
spark-5fa1:62:73 [0] NCCL INFO NET/IB: ncclIbReceiverQpsCreateToRts: QP created: port=1 dev=0 devName=rocep1s0f0 ndevs=4 nmdevs=6 qp_num=46485 pkey=0 pd=0xff457c07ddd0 oooRq=0
spark-5fa1:62:73 [0] NCCL INFO NET/IB: ncclIbReceiverQpsCreateToRts: Flush QP created: port=1 dev=0 devName=rocep1s0f0 ndevs=4 nmdevs=6 qp_num=46486 pkey=0 pd=0xff457c07ddd0
spark-5fa1:62:73 [0] NCCL INFO NET/IB: Subnet-aware routing: overriding dev 5 with dev 2
spark-5fa1:62:73 [0] NCCL INFO NET/IB: ncclIbSenderQpsToRts: Set ECE: IbDev 2 Port 1 qp_num 2694 set_ece={supported=1, vendor_id=0x15b3, options=0x30000002, comp_mask=0x0}
spark-5fa1:62:73 [0] NCCL INFO NET/IB: ncclIbSenderQpsToRts: Set ECE: IbDev 2 Port 1 qp_num 2695 set_ece={supported=1, vendor_id=0x15b3, options=0x30000002, comp_mask=0x0}
spark-5fa1:62:73 [0] NCCL INFO NET/IB: Subnet-aware routing: overriding dev 5 with dev 2
spark-5fa1:62:73 [0] NCCL INFO NET/IB: ncclIbReceiverQpsCreateToRts: QP created: port=1 dev=2 devName=roceP2p1s0f0 ndevs=4 nmdevs=6 qp_num=2703 pkey=0 pd=0xff457c224940 oooRq=0
spark-5fa1:62:73 [0] NCCL INFO NET/IB: ncclIbReceiverQpsCreateToRts: QP created: port=1 dev=2 devName=roceP2p1s0f0 ndevs=4 nmdevs=6 qp_num=2704 pkey=0 pd=0xff457c224940 oooRq=0
spark-5fa1:62:73 [0] NCCL INFO NET/IB: ncclIbReceiverQpsCreateToRts: Flush QP created: port=1 dev=2 devName=roceP2p1s0f0 ndevs=4 nmdevs=6 qp_num=2705 pkey=0 pd=0xff457c224940
spark-5fa1:62:73 [0] NCCL INFO NET/IB: Subnet-aware routing: overriding dev 5 with dev 2
spark-5fa1:62:73 [0] NCCL INFO NET/IB: ncclIbSenderQpsToRts: Set ECE: IbDev 2 Port 1 qp_num 2698 set_ece={supported=1, vendor_id=0x15b3, options=0x30000002, comp_mask=0x0}
spark-5fa1:62:73 [0] NCCL INFO NET/IB: ncclIbSenderQpsToRts: Set ECE: IbDev 2 Port 1 qp_num 2699 set_ece={supported=1, vendor_id=0x15b3, options=0x30000002, comp_mask=0x0}
spark-5fa1:62:73 [0] NCCL INFO NET/IB: Subnet-aware routing: overriding dev 5 with dev 2
spark-5fa1:62:73 [0] NCCL INFO NET/IB: ncclIbReceiverQpsCreateToRts: QP created: port=1 dev=2 devName=roceP2p1s0f0 ndevs=4 nmdevs=6 qp_num=2706 pkey=0 pd=0xff457c224940 oooRq=0
spark-5fa1:62:73 [0] NCCL INFO NET/IB: ncclIbReceiverQpsCreateToRts: QP created: port=1 dev=2 devName=roceP2p1s0f0 ndevs=4 nmdevs=6 qp_num=2707 pkey=0 pd=0xff457c224940 oooRq=0
spark-5fa1:62:73 [0] NCCL INFO NET/IB: ncclIbReceiverQpsCreateToRts: Flush QP created: port=1 dev=2 devName=roceP2p1s0f0 ndevs=4 nmdevs=6 qp_num=2708 pkey=0 pd=0xff457c224940
spark-5fa1:62:73 [0] NCCL INFO NET/IB: Subnet-aware routing: overriding dev 4 with dev 0
spark-5fa1:62:73 [0] NCCL INFO NET/IB: ncclIbSenderQpsToRts: Set ECE: IbDev 0 Port 1 qp_num 46476 set_ece={supported=1, vendor_id=0x15b3, options=0x30000002, comp_mask=0x0}
spark-5fa1:62:73 [0] NCCL INFO NET/IB: ncclIbSenderQpsToRts: Set ECE: IbDev 0 Port 1 qp_num 46477 set_ece={supported=1, vendor_id=0x15b3, options=0x30000002, comp_mask=0x0}
spark-5fa1:62:73 [0] NCCL INFO NET/IB: Subnet-aware routing: overriding dev 4 with dev 0
spark-5fa1:62:73 [0] NCCL INFO NET/IB: ncclIbReceiverQpsCreateToRts: QP created: port=1 dev=0 devName=rocep1s0f0 ndevs=4 nmdevs=6 qp_num=46487 pkey=0 pd=0xff457c07ddd0 oooRq=0
spark-5fa1:62:73 [0] NCCL INFO NET/IB: ncclIbReceiverQpsCreateToRts: QP created: port=1 dev=0 devName=rocep1s0f0 ndevs=4 nmdevs=6 qp_num=46488 pkey=0 pd=0xff457c07ddd0 oooRq=0
spark-5fa1:62:73 [0] NCCL INFO NET/IB: ncclIbReceiverQpsCreateToRts: Flush QP created: port=1 dev=0 devName=rocep1s0f0 ndevs=4 nmdevs=6 qp_num=46489 pkey=0 pd=0xff457c07ddd0
spark-5fa1:62:73 [0] NCCL INFO NET/IB: Subnet-aware routing: overriding dev 5 with dev 2
spark-5fa1:62:73 [0] NCCL INFO NET/IB: ncclIbReceiverQpsCreateToRts: QP created: port=1 dev=2 devName=roceP2p1s0f0 ndevs=4 nmdevs=6 qp_num=2709 pkey=0 pd=0xff457c224940 oooRq=0
spark-5fa1:62:73 [0] NCCL INFO NET/IB: ncclIbReceiverQpsCreateToRts: QP created: port=1 dev=2 devName=roceP2p1s0f0 ndevs=4 nmdevs=6 qp_num=2710 pkey=0 pd=0xff457c224940 oooRq=0
spark-5fa1:62:73 [0] NCCL INFO NET/IB: ncclIbReceiverQpsCreateToRts: Flush QP created: port=1 dev=2 devName=roceP2p1s0f0 ndevs=4 nmdevs=6 qp_num=2711 pkey=0 pd=0xff457c224940
spark-5fa1:62:62 [0] NCCL INFO Connected all rings, use ring PXN 0 GDR 0
spark-5fa1:62:62 [0] NCCL INFO AllGather: 16777216 Bytes -> Algo RING proto SIMPLE channel{Lo..Hi}={0..63}
spark-5fa1:62:62 [0] NCCL INFO AllGather: 16777216 Bytes -> Algo RING proto SIMPLE channel{Lo..Hi}={0..63}
spark-5fa1:62:62 [0] NCCL INFO AllGather: 16777216 Bytes -> Algo RING proto SIMPLE channel{Lo..Hi}={0..63}
spark-5fa1:62:62 [0] NCCL INFO AllGather: 16777216 Bytes -> Algo RING proto SIMPLE channel{Lo..Hi}={0..63}
spark-5fa1:62:62 [0] NCCL INFO AllGather: 16777216 Bytes -> Algo RING proto SIMPLE channel{Lo..Hi}={0..63}
spark-5fa1:62:62 [0] NCCL INFO AllGather: 16777216 Bytes -> Algo RING proto SIMPLE channel{Lo..Hi}={0..63}
spark-5fa1:62:62 [0] NCCL INFO AllGather: 16777216 Bytes -> Algo RING proto SIMPLE channel{Lo..Hi}={0..63}
spark-5fa1:62:62 [0] NCCL INFO AllGather: 16777216 Bytes -> Algo RING proto SIMPLE channel{Lo..Hi}={0..63}
spark-5fa1:62:62 [0] NCCL INFO AllGather: 16777216 Bytes -> Algo RING proto SIMPLE channel{Lo..Hi}={0..63}
spark-5fa1:62:62 [0] NCCL INFO AllGather: 16777216 Bytes -> Algo RING proto SIMPLE channel{Lo..Hi}={0..63}
spark-5fa1:62:62 [0] NCCL INFO AllGather: 16777216 Bytes -> Algo RING proto SIMPLE channel{Lo..Hi}={0..63}
spark-5fa1:62:62 [0] NCCL INFO AllGather: 16777216 Bytes -> Algo RING proto SIMPLE channel{Lo..Hi}={0..63}
spark-5fa1:62:62 [0] NCCL INFO AllGather: 16777216 Bytes -> Algo RING proto SIMPLE channel{Lo..Hi}={0..63}
spark-5fa1:62:62 [0] NCCL INFO AllGather: 16777216 Bytes -> Algo RING proto SIMPLE channel{Lo..Hi}={0..63}
spark-5fa1:62:62 [0] NCCL INFO AllGather: 16777216 Bytes -> Algo RING proto SIMPLE channel{Lo..Hi}={0..63}
spark-5fa1:62:62 [0] NCCL INFO AllGather: 16777216 Bytes -> Algo RING proto SIMPLE channel{Lo..Hi}={0..63}
spark-5fa1:62:62 [0] NCCL INFO AllGather: 16777216 Bytes -> Algo RING proto SIMPLE channel{Lo..Hi}={0..63}
spark-5fa1:62:62 [0] NCCL INFO AllGather: 16777216 Bytes -> Algo RING proto SIMPLE channel{Lo..Hi}={0..63}
spark-5fa1:62:62 [0] NCCL INFO AllGather: 16777216 Bytes -> Algo RING proto SIMPLE channel{Lo..Hi}={0..63}
spark-5fa1:62:62 [0] NCCL INFO AllGather: 16777216 Bytes -> Algo RING proto SIMPLE channel{Lo..Hi}={0..63}
spark-5fa1:62:62 [0] NCCL INFO AllGather: 16777216 Bytes -> Algo RING proto SIMPLE channel{Lo..Hi}={0..63}
spark-5fa1:62:62 [0] NCCL INFO AllGather: 16777216 Bytes -> Algo RING proto SIMPLE channel{Lo..Hi}={0..63}
spark-5fa1:62:62 [0] NCCL INFO AllGather: 16777216 Bytes -> Algo RING proto SIMPLE channel{Lo..Hi}={0..63}
spark-5fa1:62:62 [0] NCCL INFO AllGather: 16777216 Bytes -> Algo RING proto SIMPLE channel{Lo..Hi}={0..63}
spark-5fa1:62:62 [0] NCCL INFO AllGather: 16777216 Bytes -> Algo RING proto SIMPLE channel{Lo..Hi}={0..63}
spark-5fa1:62:62 [0] NCCL INFO AllGather: 16777216 Bytes -> Algo RING proto SIMPLE channel{Lo..Hi}={0..63}
spark-5fa1:62:62 [0] NCCL INFO AllGather: 16777216 Bytes -> Algo RING proto SIMPLE channel{Lo..Hi}={0..63}
spark-5fa1:62:62 [0] NCCL INFO AllGather: 16777216 Bytes -> Algo RING proto SIMPLE channel{Lo..Hi}={0..63}
spark-5fa1:62:62 [0] NCCL INFO AllGather: 16777216 Bytes -> Algo RING proto SIMPLE channel{Lo..Hi}={0..63}
spark-5fa1:62:62 [0] NCCL INFO AllGather: 16777216 Bytes -> Algo RING proto SIMPLE channel{Lo..Hi}={0..63}
spark-5fa1:62:62 [0] NCCL INFO AllGather: 16777216 Bytes -> Algo RING proto SIMPLE channel{Lo..Hi}={0..63}
spark-5fa1:62:62 [0] NCCL INFO AllGather: 16777216 Bytes -> Algo RING proto SIMPLE channel{Lo..Hi}={0..63}
spark-5fa1:62:62 [0] NCCL INFO AllGather: 16777216 Bytes -> Algo RING proto SIMPLE channel{Lo..Hi}={0..63}
spark-5fa1:62:62 [0] NCCL INFO AllGather: 16777216 Bytes -> Algo RING proto SIMPLE channel{Lo..Hi}={0..63}
spark-5fa1:62:62 [0] NCCL INFO AllGather: 16777216 Bytes -> Algo RING proto SIMPLE channel{Lo..Hi}={0..63}
spark-5fa1:62:62 [0] NCCL INFO AllGather: 16777216 Bytes -> Algo RING proto SIMPLE channel{Lo..Hi}={0..63}
spark-5fa1:62:62 [0] NCCL INFO AllGather: 16777216 Bytes -> Algo RING proto SIMPLE channel{Lo..Hi}={0..63}
spark-5fa1:62:62 [0] NCCL INFO AllGather: 16777216 Bytes -> Algo RING proto SIMPLE channel{Lo..Hi}={0..63}
spark-5fa1:62:62 [0] NCCL INFO AllGather: 16777216 Bytes -> Algo RING proto SIMPLE channel{Lo..Hi}={0..63}
spark-5fa1:62:62 [0] NCCL INFO AllGather: 16777216 Bytes -> Algo RING proto SIMPLE channel{Lo..Hi}={0..63}
spark-5fa1:62:62 [0] NCCL INFO AllGather: 16777216 Bytes -> Algo RING proto SIMPLE channel{Lo..Hi}={0..63}
spark-5fa1:62:62 [0] NCCL INFO AllGather: 16777216 Bytes -> Algo RING proto SIMPLE channel{Lo..Hi}={0..63}
spark-5fa1:62:62 [0] NCCL INFO AllGather: 16777216 Bytes -> Algo RING proto SIMPLE channel{Lo..Hi}={0..63}
spark-5fa1:62:62 [0] NCCL INFO AllGather: 16777216 Bytes -> Algo RING proto SIMPLE channel{Lo..Hi}={0..63}
spark-5fa1:62:62 [0] NCCL INFO AllGather: 16777216 Bytes -> Algo RING proto SIMPLE channel{Lo..Hi}={0..63}
spark-5fa1:62:62 [0] NCCL INFO AllGather: 16777216 Bytes -> Algo RING proto SIMPLE channel{Lo..Hi}={0..63}
spark-5fa1:62:62 [0] NCCL INFO AllGather: 16777216 Bytes -> Algo RING proto SIMPLE channel{Lo..Hi}={0..63}
spark-5fa1:62:62 [0] NCCL INFO AllGather: 16777216 Bytes -> Algo RING proto SIMPLE channel{Lo..Hi}={0..63}
spark-5fa1:62:62 [0] NCCL INFO AllGather: 16777216 Bytes -> Algo RING proto SIMPLE channel{Lo..Hi}={0..63}
########## NCCL_DEBUG from spark1 ##########
gx10-e146:68:68 [0] NCCL INFO ncclOsDlopen(libnccl-env.so) failed: libnccl-env.so: cannot open shared object file: No such file or directory
gx10-e146:68:68 [0] NCCL INFO ENV/Plugin: Could not find: libnccl-env.so
gx10-e146:68:68 [0] NCCL INFO cudaDriverVersion 13000
gx10-e146:68:68 [0] NCCL INFO NCCL_SOCKET_IFNAME set by environment to wlP9s9
gx10-e146:68:68 [0] NCCL INFO NCCL_SOCKET_IFNAME set to wlP9s9
gx10-e146:68:68 [0] NCCL INFO NCCL version 2.30.7+cuda13.3
gx10-e146:68:68 [0] NCCL INFO NCCL git version HEAD a5187fa2e
gx10-e146:68:68 [0] NCCL INFO Comm config nvlinkCentricSched set to 1
gx10-e146:68:68 [0] NCCL INFO NCCL_NET_PLUGIN set by environment to none
gx10-e146:68:68 [0] NCCL INFO NCCL_IB_DISABLE set by environment to 0.
gx10-e146:68:68 [0] NCCL INFO dlvsym failed on mlx5dv_get_data_direct_sysfs_path - /lib/aarch64-linux-gnu/libmlx5.so: undefined symbol: mlx5dv_get_data_direct_sysfs_path, version MLX5_1.25 version MLX5_1.25
gx10-e146:68:68 [0] NCCL INFO dlvsym failed on mlx5dv_reg_dmabuf_mr - /lib/aarch64-linux-gnu/libmlx5.so: undefined symbol: mlx5dv_reg_dmabuf_mr, version MLX5_1.25 version MLX5_1.25
gx10-e146:68:68 [0] NCCL INFO NCCL_SOCKET_IFNAME set by environment to wlP9s9
gx10-e146:68:68 [0] NCCL INFO NCCL_IB_HCA set to =rocep1s0f0,roceP2p1s0f0,rocep1s0f1,roceP2p1s0f1
gx10-e146:68:68 [0] NCCL INFO NET/IB: [0] rocep1s0f0:uverbs0:1/RoCE provider=Mlx5 speed=200000 context=0xbecae0f797f0 pciPath=/sys/devices/pci0000:00/0000:00:00.0/0000:01:00.0 ar=0 oooRqSize=0
gx10-e146:68:68 [0] NCCL INFO NET/IB: [1] rocep1s0f1:uverbs1:1/RoCE provider=Mlx5 speed=200000 context=0xbecae0fbb000 pciPath=/sys/devices/pci0000:00/0000:00:00.0/0000:01:00.0 ar=0 oooRqSize=0
gx10-e146:68:68 [0] NCCL INFO NET/IB: [2] roceP2p1s0f0:uverbs2:1/RoCE provider=Mlx5 speed=200000 context=0xbecae0ffcb10 pciPath=/sys/devices/pci0002:00/0002:00:00.0/0002:01:00.0 ar=0 oooRqSize=0
gx10-e146:68:68 [0] NCCL INFO NET/IB: [3] roceP2p1s0f1:uverbs3:1/RoCE provider=Mlx5 speed=200000 context=0xbecae103e6c0 pciPath=/sys/devices/pci0002:00/0002:00:00.0/0002:01:00.0 ar=0 oooRqSize=0
gx10-e146:68:68 [0] NCCL INFO NET/IB : Made virtual device [0] name=rocep1s0f0 speed=200000 ndevs=1 rail=-1 plane=-1
gx10-e146:68:68 [0] NCCL INFO NET/IB : Made virtual device [1] name=rocep1s0f1 speed=200000 ndevs=1 rail=-1 plane=-1
gx10-e146:68:68 [0] NCCL INFO NET/IB : Made virtual device [2] name=roceP2p1s0f0 speed=200000 ndevs=1 rail=-1 plane=-1
gx10-e146:68:68 [0] NCCL INFO NET/IB : Made virtual device [3] name=roceP2p1s0f1 speed=200000 ndevs=1 rail=-1 plane=-1
gx10-e146:68:68 [0] NCCL INFO NET/IB : Using [0]rocep1s0f0:1/RoCE [1]rocep1s0f1:1/RoCE [2]roceP2p1s0f0:1/RoCE [3]roceP2p1s0f1:1/RoCE [RO]; OOB wlP9s9:192.168.1.50<0>
gx10-e146:68:68 [0] NCCL INFO Initialized NET plugin IB
gx10-e146:68:68 [0] NCCL INFO Assigned NET plugin IB to comm
gx10-e146:68:68 [0] NCCL INFO ncclOsDlopen(libnccl-rma.so) failed: libnccl-rma.so: cannot open shared object file: No such file or directory
gx10-e146:68:68 [0] NCCL INFO RMA/Plugin: Could not find: libnccl-rma.so
gx10-e146:68:68 [0] NCCL INFO RMA/Plugin: Failed to load external plugin libnccl-rma.so, dlHandle: (nil), ncclRma: (nil)
gx10-e146:68:68 [0] NCCL INFO RMA/Plugin: Assigned plugin RMA_IB_PROXY to comm
gx10-e146:68:68 [0] NCCL INFO ncclOsDlopen(libnccl-gin.so) failed: libnccl-gin.so: cannot open shared object file: No such file or directory
gx10-e146:68:68 [0] NCCL INFO GIN/Plugin: Could not find: libnccl-gin.so
gx10-e146:68:68 [0] NCCL INFO GIN/Plugin: Failed to load external plugin libnccl-gin.so, dlHandle: (nil), ncclGin: (nil)
gx10-e146:68:68 [0] NCCL INFO GIN/Plugin: Assigned plugin GIN_IB_GDAKI type 3 to comm
gx10-e146:68:68 [0] NCCL INFO Using network IB
gx10-e146:68:68 [0] NCCL INFO Loaded NVML from libnvidia-ml.so.1
gx10-e146:68:68 [0] NCCL INFO [Rank 1] ncclCommInitRankConfig comm 0xbecade4ba0c0 rank 1 nranks 2 cudaDev 0 nvmlDev 0 busId f01000 commId 0x1cd0741019ab3d5b - Init START
gx10-e146:68:68 [0] NCCL INFO Socket handshake magic 0x564ab9f2fc4b9d6c (built-in default)
gx10-e146:68:68 [0] NCCL INFO RAS client listening socket at 127.0.0.1<28028>
gx10-e146:68:68 [0] NCCL INFO Topology detection: could not read /sys/devices/system/node/node4294967295/cpumap, using empty affinity
gx10-e146:68:68 [0] NCCL INFO TOPO/NET : Importing network plugins to topology
gx10-e146:68:68 [0] NCCL INFO NET/GIN_IB_GDAKI : GPU Direct RDMA Disabled for HCA 0 'rocep1s0f0'
gx10-e146:68:68 [0] NCCL INFO ncclTopoPopulateNics : Filled rocep1s0f0 in topo with pciPath=/sys/devices/pci0000:00/0000:00:00.0/0000:01:00.0 net=0 gin=1 rma=(null) keep=1 coll=(null) rail=-1 plane=-1
gx10-e146:68:68 [0] NCCL INFO NET/GIN_IB_GDAKI : GPU Direct RDMA Disabled for HCA 1 'rocep1s0f1'
gx10-e146:68:68 [0] NCCL INFO ncclTopoPopulateNics : Filled rocep1s0f1 in topo with pciPath=/sys/devices/pci0000:00/0000:00:00.0/0000:01:00.0 net=0 gin=1 rma=(null) keep=1 coll=(null) rail=-1 plane=-1
gx10-e146:68:68 [0] NCCL INFO NET/GIN_IB_GDAKI : GPU Direct RDMA Disabled for HCA 2 'roceP2p1s0f0'
gx10-e146:68:68 [0] NCCL INFO ncclTopoPopulateNics : Filled roceP2p1s0f0 in topo with pciPath=/sys/devices/pci0002:00/0002:00:00.0/0002:01:00.0 net=0 gin=1 rma=(null) keep=1 coll=(null) rail=-1 plane=-1
gx10-e146:68:68 [0] NCCL INFO NET/GIN_IB_GDAKI : GPU Direct RDMA Disabled for HCA 3 'roceP2p1s0f1'
gx10-e146:68:68 [0] NCCL INFO ncclTopoPopulateNics : Filled roceP2p1s0f1 in topo with pciPath=/sys/devices/pci0002:00/0002:00:00.0/0002:01:00.0 net=0 gin=1 rma=(null) keep=1 coll=(null) rail=-1 plane=-1
gx10-e146:68:68 [0] NCCL INFO NET/RMA_IB_PROXY : GPU Direct RDMA Disabled for HCA 0 'rocep1s0f0'
gx10-e146:68:68 [0] NCCL INFO ncclTopoPopulateNics : Filled rocep1s0f0 in topo with pciPath=/sys/devices/pci0000:00/0000:00:00.0/0000:01:00.0 net=0 gin=1 rma=1 keep=1 coll=(null) rail=-1 plane=-1
gx10-e146:68:68 [0] NCCL INFO NET/RMA_IB_PROXY : GPU Direct RDMA Disabled for HCA 1 'rocep1s0f1'
gx10-e146:68:68 [0] NCCL INFO ncclTopoPopulateNics : Filled rocep1s0f1 in topo with pciPath=/sys/devices/pci0000:00/0000:00:00.0/0000:01:00.0 net=0 gin=1 rma=1 keep=1 coll=(null) rail=-1 plane=-1
gx10-e146:68:68 [0] NCCL INFO NET/RMA_IB_PROXY : GPU Direct RDMA Disabled for HCA 2 'roceP2p1s0f0'
gx10-e146:68:68 [0] NCCL INFO ncclTopoPopulateNics : Filled roceP2p1s0f0 in topo with pciPath=/sys/devices/pci0002:00/0002:00:00.0/0002:01:00.0 net=0 gin=1 rma=1 keep=1 coll=(null) rail=-1 plane=-1
gx10-e146:68:68 [0] NCCL INFO NET/RMA_IB_PROXY : GPU Direct RDMA Disabled for HCA 3 'roceP2p1s0f1'
gx10-e146:68:68 [0] NCCL INFO ncclTopoPopulateNics : Filled roceP2p1s0f1 in topo with pciPath=/sys/devices/pci0002:00/0002:00:00.0/0002:01:00.0 net=0 gin=1 rma=1 keep=1 coll=(null) rail=-1 plane=-1
gx10-e146:68:68 [0] NCCL INFO NET/IB : GPU Direct RDMA Disabled for HCA 0 'rocep1s0f0'
gx10-e146:68:68 [0] NCCL INFO ncclTopoPopulateNics : Filled rocep1s0f0 in topo with pciPath=/sys/devices/pci0000:00/0000:00:00.0/0000:01:00.0 net=1 gin=1 rma=1 keep=1 coll=(null) rail=-1 plane=-1
gx10-e146:68:68 [0] NCCL INFO NET/IB : GPU Direct RDMA Disabled for HCA 1 'rocep1s0f1'
gx10-e146:68:68 [0] NCCL INFO ncclTopoPopulateNics : Filled rocep1s0f1 in topo with pciPath=/sys/devices/pci0000:00/0000:00:00.0/0000:01:00.0 net=1 gin=1 rma=1 keep=1 coll=(null) rail=-1 plane=-1
gx10-e146:68:68 [0] NCCL INFO NET/IB : GPU Direct RDMA Disabled for HCA 2 'roceP2p1s0f0'
gx10-e146:68:68 [0] NCCL INFO ncclTopoPopulateNics : Filled roceP2p1s0f0 in topo with pciPath=/sys/devices/pci0002:00/0002:00:00.0/0002:01:00.0 net=1 gin=1 rma=1 keep=1 coll=(null) rail=-1 plane=-1
gx10-e146:68:68 [0] NCCL INFO NET/IB : GPU Direct RDMA Disabled for HCA 3 'roceP2p1s0f1'
gx10-e146:68:68 [0] NCCL INFO ncclTopoPopulateNics : Filled roceP2p1s0f1 in topo with pciPath=/sys/devices/pci0002:00/0002:00:00.0/0002:01:00.0 net=1 gin=1 rma=1 keep=1 coll=(null) rail=-1 plane=-1
gx10-e146:68:68 [0] NCCL INFO NET/IB : Made virtual device [4] name=rocep1s0f0+rocep1s0f1 speed=400000 ndevs=2 rail=-1 plane=16385
gx10-e146:68:68 [0] NCCL INFO TOPO/NET : Made vNic 4
gx10-e146:68:68 [0] NCCL INFO NET/IB : Made virtual device [5] name=roceP2p1s0f0+roceP2p1s0f1 speed=400000 ndevs=2 rail=-1 plane=16385
gx10-e146:68:68 [0] NCCL INFO TOPO/NET : Made vNic 5
gx10-e146:68:68 [0] NCCL INFO NET/IB : GPU Direct RDMA Disabled for HCA 4 'rocep1s0f0+rocep1s0f1'
gx10-e146:68:68 [0] NCCL INFO ncclTopoPopulateNics : Filled rocep1s0f0+rocep1s0f1 in topo with pciPath=/sys/devices/pci0000:00/0000:00:00.0/0000:01:00.0 net=1 gin=(null) rma=(null) keep=1 coll=(null) rail=-1 plane=16385
gx10-e146:68:68 [0] NCCL INFO NET/IB : GPU Direct RDMA Disabled for HCA 5 'roceP2p1s0f0+roceP2p1s0f1'
gx10-e146:68:68 [0] NCCL INFO ncclTopoPopulateNics : Filled roceP2p1s0f0+roceP2p1s0f1 in topo with pciPath=/sys/devices/pci0002:00/0002:00:00.0/0002:01:00.0 net=1 gin=(null) rma=(null) keep=1 coll=(null) rail=-1 plane=16385
gx10-e146:68:68 [0] NCCL INFO === System : maxBw 12.0 totalBw 0.2 ===
gx10-e146:68:68 [0] NCCL INFO CPU/0-ffffffffffffff (3/-1/-1)
gx10-e146:68:68 [0] NCCL INFO + C2C[345.0] - DEV/0-f01000
gx10-e146:68:68 [0] NCCL INFO + PCI[12.0] - NIC/0-1000
gx10-e146:68:68 [0] NCCL INFO               + NET[50.0] - NET/0-4 (0/47e1bf000399c530/1/50.000000)
gx10-e146:68:68 [0] NCCL INFO               + NET[25.0] - GIN/0-0
gx10-e146:68:68 [0] NCCL INFO               + NET[25.0] - RMA/0-0
gx10-e146:68:68 [0] NCCL INFO               + NET[25.0] - GIN/0-1
gx10-e146:68:68 [0] NCCL INFO               + NET[25.0] - RMA/0-1
gx10-e146:68:68 [0] NCCL INFO + PCI[12.0] - NIC/0-201000
gx10-e146:68:68 [0] NCCL INFO               + NET[50.0] - NET/0-5 (0/47e1bf000399c530/1/50.000000)
gx10-e146:68:68 [0] NCCL INFO               + NET[25.0] - GIN/0-2
gx10-e146:68:68 [0] NCCL INFO               + NET[25.0] - RMA/0-2
gx10-e146:68:68 [0] NCCL INFO               + NET[25.0] - GIN/0-3
gx10-e146:68:68 [0] NCCL INFO               + NET[25.0] - RMA/0-3
gx10-e146:68:68 [0] NCCL INFO + PCI[0.2] - DEV/0-f01000 (10de2e1210de0000)
gx10-e146:68:68 [0] NCCL INFO              + LOC[5000.0] - GPU/0-f01000
gx10-e146:68:68 [0] NCCL INFO              + C2C[345.0] - CPU/0-ffffffffffffff
gx10-e146:68:68 [0] NCCL INFO ==========================================
gx10-e146:68:68 [0] NCCL INFO GPU/0-f01000 :GPU/0-f01000 (0/5000.0/LOC) CPU/0-ffffffffffffff (2/345.0/C2C) NET/0-4 (4/12.0/P2C) NET/0-5 (4/12.0/P2C) GIN/0-0 (4/12.0/PHB) GIN/0-1 (4/12.0/PHB) GIN/0-2 (4/12.0/PHB) GIN/0-3 (4/12.0/PHB) RMA/0-0 (4/12.0/PHB) RMA/0-1 (4/12.0/PHB) RMA/0-2 (4/12.0/PHB) RMA/0-3 (4/12.0/PHB) DEV/0-f01000 (1/5000.0/LOC) 
gx10-e146:68:68 [0] NCCL INFO NET/0-4 :GPU/0-f01000 (4/12.0/P2C) CPU/0-ffffffffffffff (2/12.0/PHB) NET/0-4 (0/5000.0/LOC) NET/0-5 (4/12.0/PHB) GIN/0-0 (2/25.0/LOC) GIN/0-1 (2/25.0/LOC) GIN/0-2 (4/12.0/PHB) GIN/0-3 (4/12.0/PHB) RMA/0-0 (2/25.0/LOC) RMA/0-1 (2/25.0/LOC) RMA/0-2 (4/12.0/PHB) RMA/0-3 (4/12.0/PHB) DEV/0-f01000 (3/12.0/PHB) 
gx10-e146:68:68 [0] NCCL INFO NET/0-5 :GPU/0-f01000 (4/12.0/P2C) CPU/0-ffffffffffffff (2/12.0/PHB) NET/0-4 (4/12.0/PHB) NET/0-5 (0/5000.0/LOC) GIN/0-0 (4/12.0/PHB) GIN/0-1 (4/12.0/PHB) GIN/0-2 (2/25.0/LOC) GIN/0-3 (2/25.0/LOC) RMA/0-0 (4/12.0/PHB) RMA/0-1 (4/12.0/PHB) RMA/0-2 (2/25.0/LOC) RMA/0-3 (2/25.0/LOC) DEV/0-f01000 (3/12.0/PHB) 
gx10-e146:68:68 [0] NCCL INFO GIN/0-0 :GPU/0-f01000 (4/12.0/PHB) CPU/0-ffffffffffffff (2/12.0/PHB) NET/0-4 (2/25.0/LOC) NET/0-5 (4/12.0/PHB) GIN/0-0 (0/5000.0/LOC) GIN/0-1 (2/25.0/LOC) GIN/0-2 (4/12.0/PHB) GIN/0-3 (4/12.0/PHB) RMA/0-0 (2/25.0/LOC) RMA/0-1 (2/25.0/LOC) RMA/0-2 (4/12.0/PHB) RMA/0-3 (4/12.0/PHB) DEV/0-f01000 (3/12.0/PHB) 
gx10-e146:68:68 [0] NCCL INFO GIN/0-1 :GPU/0-f01000 (4/12.0/PHB) CPU/0-ffffffffffffff (2/12.0/PHB) NET/0-4 (2/25.0/LOC) NET/0-5 (4/12.0/PHB) GIN/0-0 (2/25.0/LOC) GIN/0-1 (0/5000.0/LOC) GIN/0-2 (4/12.0/PHB) GIN/0-3 (4/12.0/PHB) RMA/0-0 (2/25.0/LOC) RMA/0-1 (2/25.0/LOC) RMA/0-2 (4/12.0/PHB) RMA/0-3 (4/12.0/PHB) DEV/0-f01000 (3/12.0/PHB) 
gx10-e146:68:68 [0] NCCL INFO GIN/0-2 :GPU/0-f01000 (4/12.0/PHB) CPU/0-ffffffffffffff (2/12.0/PHB) NET/0-4 (4/12.0/PHB) NET/0-5 (2/25.0/LOC) GIN/0-0 (4/12.0/PHB) GIN/0-1 (4/12.0/PHB) GIN/0-2 (0/5000.0/LOC) GIN/0-3 (2/25.0/LOC) RMA/0-0 (4/12.0/PHB) RMA/0-1 (4/12.0/PHB) RMA/0-2 (2/25.0/LOC) RMA/0-3 (2/25.0/LOC) DEV/0-f01000 (3/12.0/PHB) 
gx10-e146:68:68 [0] NCCL INFO GIN/0-3 :GPU/0-f01000 (4/12.0/PHB) CPU/0-ffffffffffffff (2/12.0/PHB) NET/0-4 (4/12.0/PHB) NET/0-5 (2/25.0/LOC) GIN/0-0 (4/12.0/PHB) GIN/0-1 (4/12.0/PHB) GIN/0-2 (2/25.0/LOC) GIN/0-3 (0/5000.0/LOC) RMA/0-0 (4/12.0/PHB) RMA/0-1 (4/12.0/PHB) RMA/0-2 (2/25.0/LOC) RMA/0-3 (2/25.0/LOC) DEV/0-f01000 (3/12.0/PHB) 
gx10-e146:68:68 [0] NCCL INFO RMA/0-0 :GPU/0-f01000 (4/12.0/PHB) CPU/0-ffffffffffffff (2/12.0/PHB) NET/0-4 (2/25.0/LOC) NET/0-5 (4/12.0/PHB) GIN/0-0 (2/25.0/LOC) GIN/0-1 (2/25.0/LOC) GIN/0-2 (4/12.0/PHB) GIN/0-3 (4/12.0/PHB) RMA/0-0 (0/5000.0/LOC) RMA/0-1 (2/25.0/LOC) RMA/0-2 (4/12.0/PHB) RMA/0-3 (4/12.0/PHB) DEV/0-f01000 (3/12.0/PHB) 
gx10-e146:68:68 [0] NCCL INFO RMA/0-1 :GPU/0-f01000 (4/12.0/PHB) CPU/0-ffffffffffffff (2/12.0/PHB) NET/0-4 (2/25.0/LOC) NET/0-5 (4/12.0/PHB) GIN/0-0 (2/25.0/LOC) GIN/0-1 (2/25.0/LOC) GIN/0-2 (4/12.0/PHB) GIN/0-3 (4/12.0/PHB) RMA/0-0 (2/25.0/LOC) RMA/0-1 (0/5000.0/LOC) RMA/0-2 (4/12.0/PHB) RMA/0-3 (4/12.0/PHB) DEV/0-f01000 (3/12.0/PHB) 
gx10-e146:68:68 [0] NCCL INFO RMA/0-2 :GPU/0-f01000 (4/12.0/PHB) CPU/0-ffffffffffffff (2/12.0/PHB) NET/0-4 (4/12.0/PHB) NET/0-5 (2/25.0/LOC) GIN/0-0 (4/12.0/PHB) GIN/0-1 (4/12.0/PHB) GIN/0-2 (2/25.0/LOC) GIN/0-3 (2/25.0/LOC) RMA/0-0 (4/12.0/PHB) RMA/0-1 (4/12.0/PHB) RMA/0-2 (0/5000.0/LOC) RMA/0-3 (2/25.0/LOC) DEV/0-f01000 (3/12.0/PHB) 
gx10-e146:68:68 [0] NCCL INFO RMA/0-3 :GPU/0-f01000 (4/12.0/PHB) CPU/0-ffffffffffffff (2/12.0/PHB) NET/0-4 (4/12.0/PHB) NET/0-5 (2/25.0/LOC) GIN/0-0 (4/12.0/PHB) GIN/0-1 (4/12.0/PHB) GIN/0-2 (2/25.0/LOC) GIN/0-3 (2/25.0/LOC) RMA/0-0 (4/12.0/PHB) RMA/0-1 (4/12.0/PHB) RMA/0-2 (2/25.0/LOC) RMA/0-3 (0/5000.0/LOC) DEV/0-f01000 (3/12.0/PHB) 
gx10-e146:68:68 [0] NCCL INFO ncclTopoGetCpuAffinity: Affinity for GPU 0 is empty, ignoring. (GPU affinity =  ; CPU affinity = 0-19).
gx10-e146:68:68 [0] NCCL INFO Pattern 4, crossNic 0, nChannels 32, bw 0.240000/0.240000, type LOC/P2C, sameChannels 1
gx10-e146:68:68 [0] NCCL INFO  0 : NET/0-4 GPU/0-f01000 NET/0-4
gx10-e146:68:68 [0] NCCL INFO  1 : NET/0-5 GPU/0-f01000 NET/0-4
gx10-e146:68:68 [0] NCCL INFO  2 : NET/0-4 GPU/0-f01000 NET/0-4
gx10-e146:68:68 [0] NCCL INFO  3 : NET/0-5 GPU/0-f01000 NET/0-4
gx10-e146:68:68 [0] NCCL INFO  4 : NET/0-4 GPU/0-f01000 NET/0-4
gx10-e146:68:68 [0] NCCL INFO  5 : NET/0-5 GPU/0-f01000 NET/0-4
gx10-e146:68:68 [0] NCCL INFO  6 : NET/0-4 GPU/0-f01000 NET/0-4
gx10-e146:68:68 [0] NCCL INFO  7 : NET/0-5 GPU/0-f01000 NET/0-4
gx10-e146:68:68 [0] NCCL INFO  8 : NET/0-4 GPU/0-f01000 NET/0-4
gx10-e146:68:68 [0] NCCL INFO  9 : NET/0-5 GPU/0-f01000 NET/0-4
gx10-e146:68:68 [0] NCCL INFO 10 : NET/0-4 GPU/0-f01000 NET/0-4
gx10-e146:68:68 [0] NCCL INFO 11 : NET/0-5 GPU/0-f01000 NET/0-4
gx10-e146:68:68 [0] NCCL INFO 12 : NET/0-4 GPU/0-f01000 NET/0-4
gx10-e146:68:68 [0] NCCL INFO 13 : NET/0-5 GPU/0-f01000 NET/0-4
gx10-e146:68:68 [0] NCCL INFO 14 : NET/0-4 GPU/0-f01000 NET/0-4
gx10-e146:68:68 [0] NCCL INFO 15 : NET/0-5 GPU/0-f01000 NET/0-4
gx10-e146:68:68 [0] NCCL INFO 16 : NET/0-4 GPU/0-f01000 NET/0-4
gx10-e146:68:68 [0] NCCL INFO 17 : NET/0-5 GPU/0-f01000 NET/0-4
gx10-e146:68:68 [0] NCCL INFO 18 : NET/0-4 GPU/0-f01000 NET/0-4
gx10-e146:68:68 [0] NCCL INFO 19 : NET/0-5 GPU/0-f01000 NET/0-4
gx10-e146:68:68 [0] NCCL INFO 20 : NET/0-4 GPU/0-f01000 NET/0-4
gx10-e146:68:68 [0] NCCL INFO 21 : NET/0-5 GPU/0-f01000 NET/0-4
gx10-e146:68:68 [0] NCCL INFO 22 : NET/0-4 GPU/0-f01000 NET/0-4
gx10-e146:68:68 [0] NCCL INFO 23 : NET/0-5 GPU/0-f01000 NET/0-4
gx10-e146:68:68 [0] NCCL INFO 24 : NET/0-4 GPU/0-f01000 NET/0-4
gx10-e146:68:68 [0] NCCL INFO 25 : NET/0-5 GPU/0-f01000 NET/0-4
gx10-e146:68:68 [0] NCCL INFO 26 : NET/0-4 GPU/0-f01000 NET/0-4
gx10-e146:68:68 [0] NCCL INFO 27 : NET/0-5 GPU/0-f01000 NET/0-4
gx10-e146:68:68 [0] NCCL INFO 28 : NET/0-4 GPU/0-f01000 NET/0-4
gx10-e146:68:68 [0] NCCL INFO 29 : NET/0-5 GPU/0-f01000 NET/0-4
gx10-e146:68:68 [0] NCCL INFO 30 : NET/0-4 GPU/0-f01000 NET/0-4
gx10-e146:68:68 [0] NCCL INFO 31 : NET/0-5 GPU/0-f01000 NET/0-4
gx10-e146:68:68 [0] NCCL INFO Pattern 3, crossNic 0, nChannels 32, bw 0.240000/0.120000, type LOC/P2C, sameChannels 1
gx10-e146:68:68 [0] NCCL INFO  0 : NET/0-4 GPU/0-f01000 NET/0-4
gx10-e146:68:68 [0] NCCL INFO  1 : NET/0-5 GPU/0-f01000 NET/0-5
gx10-e146:68:68 [0] NCCL INFO  2 : NET/0-4 GPU/0-f01000 NET/0-4
gx10-e146:68:68 [0] NCCL INFO  3 : NET/0-5 GPU/0-f01000 NET/0-5
gx10-e146:68:68 [0] NCCL INFO  4 : NET/0-4 GPU/0-f01000 NET/0-4
gx10-e146:68:68 [0] NCCL INFO  5 : NET/0-5 GPU/0-f01000 NET/0-5
gx10-e146:68:68 [0] NCCL INFO  6 : NET/0-4 GPU/0-f01000 NET/0-4
gx10-e146:68:68 [0] NCCL INFO  7 : NET/0-5 GPU/0-f01000 NET/0-5
gx10-e146:68:68 [0] NCCL INFO  8 : NET/0-4 GPU/0-f01000 NET/0-4
gx10-e146:68:68 [0] NCCL INFO  9 : NET/0-5 GPU/0-f01000 NET/0-5
gx10-e146:68:68 [0] NCCL INFO 10 : NET/0-4 GPU/0-f01000 NET/0-4
gx10-e146:68:68 [0] NCCL INFO 11 : NET/0-5 GPU/0-f01000 NET/0-5
gx10-e146:68:68 [0] NCCL INFO 12 : NET/0-4 GPU/0-f01000 NET/0-4
gx10-e146:68:68 [0] NCCL INFO 13 : NET/0-5 GPU/0-f01000 NET/0-5
gx10-e146:68:68 [0] NCCL INFO 14 : NET/0-4 GPU/0-f01000 NET/0-4
gx10-e146:68:68 [0] NCCL INFO 15 : NET/0-5 GPU/0-f01000 NET/0-5
gx10-e146:68:68 [0] NCCL INFO 16 : NET/0-4 GPU/0-f01000 NET/0-4
gx10-e146:68:68 [0] NCCL INFO 17 : NET/0-5 GPU/0-f01000 NET/0-5
gx10-e146:68:68 [0] NCCL INFO 18 : NET/0-4 GPU/0-f01000 NET/0-4
gx10-e146:68:68 [0] NCCL INFO 19 : NET/0-5 GPU/0-f01000 NET/0-5
gx10-e146:68:68 [0] NCCL INFO 20 : NET/0-4 GPU/0-f01000 NET/0-4
gx10-e146:68:68 [0] NCCL INFO 21 : NET/0-5 GPU/0-f01000 NET/0-5
gx10-e146:68:68 [0] NCCL INFO 22 : NET/0-4 GPU/0-f01000 NET/0-4
gx10-e146:68:68 [0] NCCL INFO 23 : NET/0-5 GPU/0-f01000 NET/0-5
gx10-e146:68:68 [0] NCCL INFO 24 : NET/0-4 GPU/0-f01000 NET/0-4
gx10-e146:68:68 [0] NCCL INFO 25 : NET/0-5 GPU/0-f01000 NET/0-5
gx10-e146:68:68 [0] NCCL INFO 26 : NET/0-4 GPU/0-f01000 NET/0-4
gx10-e146:68:68 [0] NCCL INFO 27 : NET/0-5 GPU/0-f01000 NET/0-5
gx10-e146:68:68 [0] NCCL INFO 28 : NET/0-4 GPU/0-f01000 NET/0-4
gx10-e146:68:68 [0] NCCL INFO 29 : NET/0-5 GPU/0-f01000 NET/0-5
gx10-e146:68:68 [0] NCCL INFO 30 : NET/0-4 GPU/0-f01000 NET/0-4
gx10-e146:68:68 [0] NCCL INFO 31 : NET/0-5 GPU/0-f01000 NET/0-5
gx10-e146:68:68 [0] NCCL INFO Rank 1: 6 Net devices
gx10-e146:68:68 [0] NCCL INFO Rank 1: 0 CollNet devices
gx10-e146:68:68 [0] NCCL INFO comm 0xbecade4ba0c0 rank 1 nRanks 2 nNodes 2 localRanks 1 localRank 0 MNNVL 0
gx10-e146:68:68 [0] NCCL INFO Tree 0 : 0 -> 1 -> -1/-1/-1
gx10-e146:68:68 [0] NCCL INFO Tree 32 : -1 -> 1 -> 0/-1/-1
gx10-e146:68:68 [0] NCCL INFO Tree 1 : 0 -> 1 -> -1/-1/-1
gx10-e146:68:68 [0] NCCL INFO Tree 33 : -1 -> 1 -> 0/-1/-1
gx10-e146:68:68 [0] NCCL INFO Tree 2 : 0 -> 1 -> -1/-1/-1
gx10-e146:68:68 [0] NCCL INFO Tree 34 : -1 -> 1 -> 0/-1/-1
gx10-e146:68:68 [0] NCCL INFO Tree 3 : 0 -> 1 -> -1/-1/-1
gx10-e146:68:68 [0] NCCL INFO Tree 35 : -1 -> 1 -> 0/-1/-1
gx10-e146:68:68 [0] NCCL INFO Tree 4 : 0 -> 1 -> -1/-1/-1
gx10-e146:68:68 [0] NCCL INFO Tree 36 : -1 -> 1 -> 0/-1/-1
gx10-e146:68:68 [0] NCCL INFO Tree 5 : 0 -> 1 -> -1/-1/-1
gx10-e146:68:68 [0] NCCL INFO Tree 37 : -1 -> 1 -> 0/-1/-1
gx10-e146:68:68 [0] NCCL INFO Tree 6 : 0 -> 1 -> -1/-1/-1
gx10-e146:68:68 [0] NCCL INFO Tree 38 : -1 -> 1 -> 0/-1/-1
gx10-e146:68:68 [0] NCCL INFO Tree 7 : 0 -> 1 -> -1/-1/-1
gx10-e146:68:68 [0] NCCL INFO Tree 39 : -1 -> 1 -> 0/-1/-1
gx10-e146:68:68 [0] NCCL INFO Tree 8 : 0 -> 1 -> -1/-1/-1
gx10-e146:68:68 [0] NCCL INFO Tree 40 : -1 -> 1 -> 0/-1/-1
gx10-e146:68:68 [0] NCCL INFO Tree 9 : 0 -> 1 -> -1/-1/-1
gx10-e146:68:68 [0] NCCL INFO Tree 41 : -1 -> 1 -> 0/-1/-1
gx10-e146:68:68 [0] NCCL INFO Tree 10 : 0 -> 1 -> -1/-1/-1
gx10-e146:68:68 [0] NCCL INFO Tree 42 : -1 -> 1 -> 0/-1/-1
gx10-e146:68:68 [0] NCCL INFO Tree 11 : 0 -> 1 -> -1/-1/-1
gx10-e146:68:68 [0] NCCL INFO Tree 43 : -1 -> 1 -> 0/-1/-1
gx10-e146:68:68 [0] NCCL INFO Tree 12 : 0 -> 1 -> -1/-1/-1
gx10-e146:68:68 [0] NCCL INFO Tree 44 : -1 -> 1 -> 0/-1/-1
gx10-e146:68:68 [0] NCCL INFO Tree 13 : 0 -> 1 -> -1/-1/-1
gx10-e146:68:68 [0] NCCL INFO Tree 45 : -1 -> 1 -> 0/-1/-1
gx10-e146:68:68 [0] NCCL INFO Tree 14 : 0 -> 1 -> -1/-1/-1
gx10-e146:68:68 [0] NCCL INFO Tree 46 : -1 -> 1 -> 0/-1/-1
gx10-e146:68:68 [0] NCCL INFO Tree 15 : 0 -> 1 -> -1/-1/-1
gx10-e146:68:68 [0] NCCL INFO Tree 47 : -1 -> 1 -> 0/-1/-1
gx10-e146:68:68 [0] NCCL INFO Tree 16 : 0 -> 1 -> -1/-1/-1
gx10-e146:68:68 [0] NCCL INFO Tree 48 : -1 -> 1 -> 0/-1/-1
gx10-e146:68:68 [0] NCCL INFO Tree 17 : 0 -> 1 -> -1/-1/-1
gx10-e146:68:68 [0] NCCL INFO Tree 49 : -1 -> 1 -> 0/-1/-1
gx10-e146:68:68 [0] NCCL INFO Tree 18 : 0 -> 1 -> -1/-1/-1
gx10-e146:68:68 [0] NCCL INFO Tree 50 : -1 -> 1 -> 0/-1/-1
gx10-e146:68:68 [0] NCCL INFO Tree 19 : 0 -> 1 -> -1/-1/-1
gx10-e146:68:68 [0] NCCL INFO Tree 51 : -1 -> 1 -> 0/-1/-1
gx10-e146:68:68 [0] NCCL INFO Tree 20 : 0 -> 1 -> -1/-1/-1
gx10-e146:68:68 [0] NCCL INFO Tree 52 : -1 -> 1 -> 0/-1/-1
gx10-e146:68:68 [0] NCCL INFO Tree 21 : 0 -> 1 -> -1/-1/-1
gx10-e146:68:68 [0] NCCL INFO Tree 53 : -1 -> 1 -> 0/-1/-1
gx10-e146:68:68 [0] NCCL INFO Tree 22 : 0 -> 1 -> -1/-1/-1
gx10-e146:68:68 [0] NCCL INFO Tree 54 : -1 -> 1 -> 0/-1/-1
gx10-e146:68:68 [0] NCCL INFO Tree 23 : 0 -> 1 -> -1/-1/-1
gx10-e146:68:68 [0] NCCL INFO Tree 55 : -1 -> 1 -> 0/-1/-1
gx10-e146:68:68 [0] NCCL INFO Tree 24 : 0 -> 1 -> -1/-1/-1
gx10-e146:68:68 [0] NCCL INFO Tree 56 : -1 -> 1 -> 0/-1/-1
gx10-e146:68:68 [0] NCCL INFO Tree 25 : 0 -> 1 -> -1/-1/-1
gx10-e146:68:68 [0] NCCL INFO Tree 57 : -1 -> 1 -> 0/-1/-1
gx10-e146:68:68 [0] NCCL INFO Tree 26 : 0 -> 1 -> -1/-1/-1
gx10-e146:68:68 [0] NCCL INFO Tree 58 : -1 -> 1 -> 0/-1/-1
gx10-e146:68:68 [0] NCCL INFO Tree 27 : 0 -> 1 -> -1/-1/-1
gx10-e146:68:68 [0] NCCL INFO Tree 59 : -1 -> 1 -> 0/-1/-1
gx10-e146:68:68 [0] NCCL INFO Tree 28 : 0 -> 1 -> -1/-1/-1
gx10-e146:68:68 [0] NCCL INFO Tree 60 : -1 -> 1 -> 0/-1/-1
gx10-e146:68:68 [0] NCCL INFO Tree 29 : 0 -> 1 -> -1/-1/-1
gx10-e146:68:68 [0] NCCL INFO Tree 61 : -1 -> 1 -> 0/-1/-1
gx10-e146:68:68 [0] NCCL INFO Tree 30 : 0 -> 1 -> -1/-1/-1
gx10-e146:68:68 [0] NCCL INFO Tree 62 : -1 -> 1 -> 0/-1/-1
gx10-e146:68:68 [0] NCCL INFO Tree 31 : 0 -> 1 -> -1/-1/-1
gx10-e146:68:68 [0] NCCL INFO Tree 63 : -1 -> 1 -> 0/-1/-1
gx10-e146:68:68 [0] NCCL INFO Ring 00 : 0 -> 1 -> 0
gx10-e146:68:68 [0] NCCL INFO Ring 01 : 0 -> 1 -> 0
gx10-e146:68:68 [0] NCCL INFO Ring 02 : 0 -> 1 -> 0
gx10-e146:68:68 [0] NCCL INFO Ring 03 : 0 -> 1 -> 0
gx10-e146:68:68 [0] NCCL INFO Ring 04 : 0 -> 1 -> 0
gx10-e146:68:68 [0] NCCL INFO Ring 05 : 0 -> 1 -> 0
gx10-e146:68:68 [0] NCCL INFO Ring 06 : 0 -> 1 -> 0
gx10-e146:68:68 [0] NCCL INFO Ring 07 : 0 -> 1 -> 0
gx10-e146:68:68 [0] NCCL INFO Ring 08 : 0 -> 1 -> 0
gx10-e146:68:68 [0] NCCL INFO Ring 09 : 0 -> 1 -> 0
gx10-e146:68:68 [0] NCCL INFO Ring 10 : 0 -> 1 -> 0
gx10-e146:68:68 [0] NCCL INFO Ring 11 : 0 -> 1 -> 0
gx10-e146:68:68 [0] NCCL INFO Ring 12 : 0 -> 1 -> 0
gx10-e146:68:68 [0] NCCL INFO Ring 13 : 0 -> 1 -> 0
gx10-e146:68:68 [0] NCCL INFO Ring 14 : 0 -> 1 -> 0
gx10-e146:68:68 [0] NCCL INFO Ring 15 : 0 -> 1 -> 0
gx10-e146:68:68 [0] NCCL INFO Ring 16 : 0 -> 1 -> 0
gx10-e146:68:68 [0] NCCL INFO Ring 17 : 0 -> 1 -> 0
gx10-e146:68:68 [0] NCCL INFO Ring 18 : 0 -> 1 -> 0
gx10-e146:68:68 [0] NCCL INFO Ring 19 : 0 -> 1 -> 0
gx10-e146:68:68 [0] NCCL INFO Ring 20 : 0 -> 1 -> 0
gx10-e146:68:68 [0] NCCL INFO Ring 21 : 0 -> 1 -> 0
gx10-e146:68:68 [0] NCCL INFO Ring 22 : 0 -> 1 -> 0
gx10-e146:68:68 [0] NCCL INFO Ring 23 : 0 -> 1 -> 0
gx10-e146:68:68 [0] NCCL INFO Ring 24 : 0 -> 1 -> 0
gx10-e146:68:68 [0] NCCL INFO Ring 25 : 0 -> 1 -> 0
gx10-e146:68:68 [0] NCCL INFO Ring 26 : 0 -> 1 -> 0
gx10-e146:68:68 [0] NCCL INFO Ring 27 : 0 -> 1 -> 0
gx10-e146:68:68 [0] NCCL INFO Ring 28 : 0 -> 1 -> 0
gx10-e146:68:68 [0] NCCL INFO Ring 29 : 0 -> 1 -> 0
gx10-e146:68:68 [0] NCCL INFO Ring 30 : 0 -> 1 -> 0
gx10-e146:68:68 [0] NCCL INFO Ring 31 : 0 -> 1 -> 0
gx10-e146:68:68 [0] NCCL INFO Ring 32 : 0 -> 1 -> 0
gx10-e146:68:68 [0] NCCL INFO Ring 33 : 0 -> 1 -> 0
gx10-e146:68:68 [0] NCCL INFO Ring 34 : 0 -> 1 -> 0
gx10-e146:68:68 [0] NCCL INFO Ring 35 : 0 -> 1 -> 0
gx10-e146:68:68 [0] NCCL INFO Ring 36 : 0 -> 1 -> 0
gx10-e146:68:68 [0] NCCL INFO Ring 37 : 0 -> 1 -> 0
gx10-e146:68:68 [0] NCCL INFO Ring 38 : 0 -> 1 -> 0
gx10-e146:68:68 [0] NCCL INFO Ring 39 : 0 -> 1 -> 0
gx10-e146:68:68 [0] NCCL INFO Ring 40 : 0 -> 1 -> 0
gx10-e146:68:68 [0] NCCL INFO Ring 41 : 0 -> 1 -> 0
gx10-e146:68:68 [0] NCCL INFO Ring 42 : 0 -> 1 -> 0
gx10-e146:68:68 [0] NCCL INFO Ring 43 : 0 -> 1 -> 0
gx10-e146:68:68 [0] NCCL INFO Ring 44 : 0 -> 1 -> 0
gx10-e146:68:68 [0] NCCL INFO Ring 45 : 0 -> 1 -> 0
gx10-e146:68:68 [0] NCCL INFO Ring 46 : 0 -> 1 -> 0
gx10-e146:68:68 [0] NCCL INFO Ring 47 : 0 -> 1 -> 0
gx10-e146:68:68 [0] NCCL INFO Ring 48 : 0 -> 1 -> 0
gx10-e146:68:68 [0] NCCL INFO Ring 49 : 0 -> 1 -> 0
gx10-e146:68:68 [0] NCCL INFO Ring 50 : 0 -> 1 -> 0
gx10-e146:68:68 [0] NCCL INFO Ring 51 : 0 -> 1 -> 0
gx10-e146:68:68 [0] NCCL INFO Ring 52 : 0 -> 1 -> 0
gx10-e146:68:68 [0] NCCL INFO Ring 53 : 0 -> 1 -> 0
gx10-e146:68:68 [0] NCCL INFO Ring 54 : 0 -> 1 -> 0
gx10-e146:68:68 [0] NCCL INFO Ring 55 : 0 -> 1 -> 0
gx10-e146:68:68 [0] NCCL INFO Ring 56 : 0 -> 1 -> 0
gx10-e146:68:68 [0] NCCL INFO Ring 57 : 0 -> 1 -> 0
gx10-e146:68:68 [0] NCCL INFO Ring 58 : 0 -> 1 -> 0
gx10-e146:68:68 [0] NCCL INFO Ring 59 : 0 -> 1 -> 0
gx10-e146:68:68 [0] NCCL INFO Ring 60 : 0 -> 1 -> 0
gx10-e146:68:68 [0] NCCL INFO Ring 61 : 0 -> 1 -> 0
gx10-e146:68:68 [0] NCCL INFO Ring 62 : 0 -> 1 -> 0
gx10-e146:68:68 [0] NCCL INFO Ring 63 : 0 -> 1 -> 0
gx10-e146:68:68 [0] NCCL INFO Trees [0] -1/-1/-1->1->0 [1] -1/-1/-1->1->0 [2] -1/-1/-1->1->0 [3] -1/-1/-1->1->0 [4] -1/-1/-1->1->0 [5] -1/-1/-1->1->0 [6] -1/-1/-1->1->0 [7] -1/-1/-1->1->0 [8] -1/-1/-1->1->0 [9] -1/-1/-1->1->0 [10] -1/-1/-1->1->0 [11] -1/-1/-1->1->0 [12] -1/-1/-1->1->0 [13] -1/-1/-1->1->0 [14] -1/-1/-1->1->0 [15] -1/-1/-1->1->0 [16] -1/-1/-1->1->0 [17] -1/-1/-1->1->0 [18] -1/-1/-1->1->0 [19] -1/-1/-1->1->0 [20] -1/-1/-1->1->0 [21] -1/-1/-1->1->0 [22] -1/-1/-1->1->0 [23] -1/-1/-1->1->0 [24] -1/-1/-1->1->0 [25] -1/-1/-1->1->0 [26] -1/-1/-1->1->0 [27] -1/-1/-1->1->0 [28] -1/-1/-1->1->0 [29] -1/-1/-1->1->0 [30] -1/-1/-1->1->0 [31] -1/-1/-1->1->0 [32] 0/-1/-1->1->-1 [33] 0/-1/-1->1->-1 [34] 0/-1/-1->1->-1 [35] 0/-1/-1->1->-1 [36] 0/-1/-1->1->-1 [37] 0/-1/-1->1->-1 [38] 0/-1/-1->1->-1 [39] 0/-1/-1->1->-1 [40] 0/-1/-1->1->-1 [41] 0/-1/-1->1->-1 [42] 0/-1/-1->1->-1 [43] 0/-1/-1->1->-1 [44] 0/-1/-1->1->-1 [45] 0/-1/-1->1->-1 [46] 0/-1/-1->1->-1 [47] 0/-1/-1->1->-1 [48] 0/-1/-1->1->-1 [49] 0/-1/-1->1->-1 [50] 0/-1/-1->1->-1 [51] 0/-1/-
gx10-e146:68:68 [0] NCCL INFO P2P Chunksize set to 262144
gx10-e146:68:68 [0] NCCL INFO Tuning P2P operations with maxP2pPeers = 2
gx10-e146:68:68 [0] NCCL INFO ncclOsDlopen(libnccl-profiler.so) failed: libnccl-profiler.so: cannot open shared object file: No such file or directory
gx10-e146:68:68 [0] NCCL INFO PROFILER/Plugin: Could not find: libnccl-profiler.so
gx10-e146:68:68 [0] NCCL INFO Check P2P Type isAllDirectP2p 1 directMode 0 isAllCudaP2p 1
gx10-e146:68:68 [0] NCCL INFO ncclP2pSchedule: group size used is 1
gx10-e146:68:78 [0] NCCL INFO [Proxy Service] Device 0 CPU core 12
gx10-e146:68:78 [0] NCCL INFO proxy listening socket at 192.168.1.50<54603>
gx10-e146:68:79 [0] NCCL INFO [Proxy Service UDS] Device 0 CPU core 8
gx10-e146:68:68 [0] NCCL INFO ncclOsDlopen(libnccl-tuner.so) failed: libnccl-tuner.so: cannot open shared object file: No such file or directory
gx10-e146:68:68 [0] NCCL INFO TUNER/Plugin: Could not find: libnccl-tuner.so
gx10-e146:68:68 [0] NCCL INFO threadThresholds 8/8/64 | 16/8/64 | 512 | 512
gx10-e146:68:68 [0] NCCL INFO 64 coll channels, 64 collnet channels, 0 nvls channels, 64 p2p channels, 2 p2p channels per peer
gx10-e146:68:68 [0] NCCL INFO Symmetric memory is not supported. cuMemEnable 1, globalGinSupport 0, cuMemGdrSupport 0
gx10-e146:68:68 [0] NCCL INFO ncclCommInitRankConfig comm 0xbecade4ba0c0 rank 1 nranks 2 cudaDev 0 nvmlDev 0 busId f01000 commId 0x1cd0741019ab3d5b - Init COMPLETE
gx10-e146:68:68 [0] NCCL INFO Init timings - ncclCommInitRankConfig: rank 1 nranks 2 total 0.32 (kernels 0.18, alloc 0.04, bootstrap 0.04, allgathers 0.01, topo 0.01, graphs 0.00, connections 0.03, rest 0.00)
gx10-e146:68:68 [0] NCCL INFO Symmetric VA size=124GB
gx10-e146:68:80 [0] NCCL INFO [Proxy Progress] Device 0 CPU core 12
gx10-e146:68:78 [0] NCCL INFO NCCL_IB_SUBNET_AWARE_ROUTING set by environment to 1.
gx10-e146:68:68 [0] NCCL INFO Channel 00/0 : 0[0] -> 1[0] [receive] via NET/IB/4
gx10-e146:68:68 [0] NCCL INFO Channel 01/0 : 0[0] -> 1[0] [receive] via NET/IB/5
gx10-e146:68:68 [0] NCCL INFO Channel 02/0 : 0[0] -> 1[0] [receive] via NET/IB/4
gx10-e146:68:68 [0] NCCL INFO Channel 03/0 : 0[0] -> 1[0] [receive] via NET/IB/5
gx10-e146:68:68 [0] NCCL INFO Channel 04/0 : 0[0] -> 1[0] [receive] via NET/IB/4
gx10-e146:68:68 [0] NCCL INFO Channel 05/0 : 0[0] -> 1[0] [receive] via NET/IB/5
gx10-e146:68:68 [0] NCCL INFO Channel 06/0 : 0[0] -> 1[0] [receive] via NET/IB/4
gx10-e146:68:68 [0] NCCL INFO Channel 07/0 : 0[0] -> 1[0] [receive] via NET/IB/5
gx10-e146:68:68 [0] NCCL INFO Channel 08/0 : 0[0] -> 1[0] [receive] via NET/IB/4
gx10-e146:68:68 [0] NCCL INFO Channel 09/0 : 0[0] -> 1[0] [receive] via NET/IB/5
gx10-e146:68:68 [0] NCCL INFO Channel 10/0 : 0[0] -> 1[0] [receive] via NET/IB/4
gx10-e146:68:68 [0] NCCL INFO Channel 11/0 : 0[0] -> 1[0] [receive] via NET/IB/5
gx10-e146:68:68 [0] NCCL INFO Channel 12/0 : 0[0] -> 1[0] [receive] via NET/IB/4
gx10-e146:68:68 [0] NCCL INFO Channel 13/0 : 0[0] -> 1[0] [receive] via NET/IB/5
gx10-e146:68:68 [0] NCCL INFO Channel 14/0 : 0[0] -> 1[0] [receive] via NET/IB/4
gx10-e146:68:68 [0] NCCL INFO Channel 15/0 : 0[0] -> 1[0] [receive] via NET/IB/5
gx10-e146:68:68 [0] NCCL INFO Channel 16/0 : 0[0] -> 1[0] [receive] via NET/IB/4
gx10-e146:68:68 [0] NCCL INFO Channel 17/0 : 0[0] -> 1[0] [receive] via NET/IB/5
gx10-e146:68:68 [0] NCCL INFO Channel 18/0 : 0[0] -> 1[0] [receive] via NET/IB/4
gx10-e146:68:68 [0] NCCL INFO Channel 19/0 : 0[0] -> 1[0] [receive] via NET/IB/5
gx10-e146:68:68 [0] NCCL INFO Channel 20/0 : 0[0] -> 1[0] [receive] via NET/IB/4
gx10-e146:68:68 [0] NCCL INFO Channel 21/0 : 0[0] -> 1[0] [receive] via NET/IB/5
gx10-e146:68:68 [0] NCCL INFO Channel 22/0 : 0[0] -> 1[0] [receive] via NET/IB/4
gx10-e146:68:68 [0] NCCL INFO Channel 23/0 : 0[0] -> 1[0] [receive] via NET/IB/5
gx10-e146:68:68 [0] NCCL INFO Channel 24/0 : 0[0] -> 1[0] [receive] via NET/IB/4
gx10-e146:68:68 [0] NCCL INFO Channel 25/0 : 0[0] -> 1[0] [receive] via NET/IB/5
gx10-e146:68:68 [0] NCCL INFO Channel 26/0 : 0[0] -> 1[0] [receive] via NET/IB/4
gx10-e146:68:68 [0] NCCL INFO Channel 27/0 : 0[0] -> 1[0] [receive] via NET/IB/5
gx10-e146:68:68 [0] NCCL INFO Channel 28/0 : 0[0] -> 1[0] [receive] via NET/IB/4
gx10-e146:68:68 [0] NCCL INFO Channel 29/0 : 0[0] -> 1[0] [receive] via NET/IB/5
gx10-e146:68:68 [0] NCCL INFO Channel 30/0 : 0[0] -> 1[0] [receive] via NET/IB/4
gx10-e146:68:68 [0] NCCL INFO Channel 31/0 : 0[0] -> 1[0] [receive] via NET/IB/5
gx10-e146:68:68 [0] NCCL INFO Channel 32/0 : 0[0] -> 1[0] [receive] via NET/IB/4
gx10-e146:68:68 [0] NCCL INFO Channel 33/0 : 0[0] -> 1[0] [receive] via NET/IB/5
gx10-e146:68:68 [0] NCCL INFO Channel 34/0 : 0[0] -> 1[0] [receive] via NET/IB/4
gx10-e146:68:68 [0] NCCL INFO Channel 35/0 : 0[0] -> 1[0] [receive] via NET/IB/5
gx10-e146:68:68 [0] NCCL INFO Channel 36/0 : 0[0] -> 1[0] [receive] via NET/IB/4
gx10-e146:68:68 [0] NCCL INFO Channel 37/0 : 0[0] -> 1[0] [receive] via NET/IB/5
gx10-e146:68:68 [0] NCCL INFO Channel 38/0 : 0[0] -> 1[0] [receive] via NET/IB/4
gx10-e146:68:68 [0] NCCL INFO Channel 39/0 : 0[0] -> 1[0] [receive] via NET/IB/5
gx10-e146:68:68 [0] NCCL INFO Channel 40/0 : 0[0] -> 1[0] [receive] via NET/IB/4
gx10-e146:68:68 [0] NCCL INFO Channel 41/0 : 0[0] -> 1[0] [receive] via NET/IB/5
gx10-e146:68:68 [0] NCCL INFO Channel 42/0 : 0[0] -> 1[0] [receive] via NET/IB/4
gx10-e146:68:68 [0] NCCL INFO Channel 43/0 : 0[0] -> 1[0] [receive] via NET/IB/5
gx10-e146:68:68 [0] NCCL INFO Channel 44/0 : 0[0] -> 1[0] [receive] via NET/IB/4
gx10-e146:68:68 [0] NCCL INFO Channel 45/0 : 0[0] -> 1[0] [receive] via NET/IB/5
gx10-e146:68:68 [0] NCCL INFO Channel 46/0 : 0[0] -> 1[0] [receive] via NET/IB/4
gx10-e146:68:68 [0] NCCL INFO Channel 47/0 : 0[0] -> 1[0] [receive] via NET/IB/5
gx10-e146:68:68 [0] NCCL INFO Channel 48/0 : 0[0] -> 1[0] [receive] via NET/IB/4
gx10-e146:68:68 [0] NCCL INFO Channel 49/0 : 0[0] -> 1[0] [receive] via NET/IB/5
gx10-e146:68:68 [0] NCCL INFO Channel 50/0 : 0[0] -> 1[0] [receive] via NET/IB/4
gx10-e146:68:68 [0] NCCL INFO Channel 51/0 : 0[0] -> 1[0] [receive] via NET/IB/5
gx10-e146:68:68 [0] NCCL INFO Channel 52/0 : 0[0] -> 1[0] [receive] via NET/IB/4
gx10-e146:68:68 [0] NCCL INFO Channel 53/0 : 0[0] -> 1[0] [receive] via NET/IB/5
gx10-e146:68:68 [0] NCCL INFO Channel 54/0 : 0[0] -> 1[0] [receive] via NET/IB/4
gx10-e146:68:68 [0] NCCL INFO Channel 55/0 : 0[0] -> 1[0] [receive] via NET/IB/5
gx10-e146:68:68 [0] NCCL INFO Channel 56/0 : 0[0] -> 1[0] [receive] via NET/IB/4
gx10-e146:68:68 [0] NCCL INFO Channel 57/0 : 0[0] -> 1[0] [receive] via NET/IB/5
gx10-e146:68:68 [0] NCCL INFO Channel 58/0 : 0[0] -> 1[0] [receive] via NET/IB/4
gx10-e146:68:68 [0] NCCL INFO Channel 59/0 : 0[0] -> 1[0] [receive] via NET/IB/5
gx10-e146:68:68 [0] NCCL INFO Channel 60/0 : 0[0] -> 1[0] [receive] via NET/IB/4
gx10-e146:68:68 [0] NCCL INFO Channel 61/0 : 0[0] -> 1[0] [receive] via NET/IB/5
gx10-e146:68:68 [0] NCCL INFO Channel 62/0 : 0[0] -> 1[0] [receive] via NET/IB/4
gx10-e146:68:68 [0] NCCL INFO Channel 63/0 : 0[0] -> 1[0] [receive] via NET/IB/5
gx10-e146:68:68 [0] NCCL INFO Channel 00/0 : 1[0] -> 0[0] [send] via NET/IB/4
gx10-e146:68:68 [0] NCCL INFO Channel 01/0 : 1[0] -> 0[0] [send] via NET/IB/5
gx10-e146:68:68 [0] NCCL INFO Channel 02/0 : 1[0] -> 0[0] [send] via NET/IB/4
gx10-e146:68:68 [0] NCCL INFO Channel 03/0 : 1[0] -> 0[0] [send] via NET/IB/5
gx10-e146:68:68 [0] NCCL INFO Channel 04/0 : 1[0] -> 0[0] [send] via NET/IB/4
gx10-e146:68:68 [0] NCCL INFO Channel 05/0 : 1[0] -> 0[0] [send] via NET/IB/5
gx10-e146:68:68 [0] NCCL INFO Channel 06/0 : 1[0] -> 0[0] [send] via NET/IB/4
gx10-e146:68:68 [0] NCCL INFO Channel 07/0 : 1[0] -> 0[0] [send] via NET/IB/5
gx10-e146:68:68 [0] NCCL INFO Channel 08/0 : 1[0] -> 0[0] [send] via NET/IB/4
gx10-e146:68:68 [0] NCCL INFO Channel 09/0 : 1[0] -> 0[0] [send] via NET/IB/5
gx10-e146:68:68 [0] NCCL INFO Channel 10/0 : 1[0] -> 0[0] [send] via NET/IB/4
gx10-e146:68:68 [0] NCCL INFO Channel 11/0 : 1[0] -> 0[0] [send] via NET/IB/5
gx10-e146:68:68 [0] NCCL INFO Channel 12/0 : 1[0] -> 0[0] [send] via NET/IB/4
gx10-e146:68:68 [0] NCCL INFO Channel 13/0 : 1[0] -> 0[0] [send] via NET/IB/5
gx10-e146:68:68 [0] NCCL INFO Channel 14/0 : 1[0] -> 0[0] [send] via NET/IB/4
gx10-e146:68:68 [0] NCCL INFO Channel 15/0 : 1[0] -> 0[0] [send] via NET/IB/5
gx10-e146:68:68 [0] NCCL INFO Channel 16/0 : 1[0] -> 0[0] [send] via NET/IB/4
gx10-e146:68:68 [0] NCCL INFO Channel 17/0 : 1[0] -> 0[0] [send] via NET/IB/5
gx10-e146:68:68 [0] NCCL INFO Channel 18/0 : 1[0] -> 0[0] [send] via NET/IB/4
gx10-e146:68:68 [0] NCCL INFO Channel 19/0 : 1[0] -> 0[0] [send] via NET/IB/5
gx10-e146:68:68 [0] NCCL INFO Channel 20/0 : 1[0] -> 0[0] [send] via NET/IB/4
gx10-e146:68:68 [0] NCCL INFO Channel 21/0 : 1[0] -> 0[0] [send] via NET/IB/5
gx10-e146:68:68 [0] NCCL INFO Channel 22/0 : 1[0] -> 0[0] [send] via NET/IB/4
gx10-e146:68:68 [0] NCCL INFO Channel 23/0 : 1[0] -> 0[0] [send] via NET/IB/5
gx10-e146:68:68 [0] NCCL INFO Channel 24/0 : 1[0] -> 0[0] [send] via NET/IB/4
gx10-e146:68:68 [0] NCCL INFO Channel 25/0 : 1[0] -> 0[0] [send] via NET/IB/5
gx10-e146:68:68 [0] NCCL INFO Channel 26/0 : 1[0] -> 0[0] [send] via NET/IB/4
gx10-e146:68:68 [0] NCCL INFO Channel 27/0 : 1[0] -> 0[0] [send] via NET/IB/5
gx10-e146:68:68 [0] NCCL INFO Channel 28/0 : 1[0] -> 0[0] [send] via NET/IB/4
gx10-e146:68:68 [0] NCCL INFO Channel 29/0 : 1[0] -> 0[0] [send] via NET/IB/5
gx10-e146:68:68 [0] NCCL INFO Channel 30/0 : 1[0] -> 0[0] [send] via NET/IB/4
gx10-e146:68:68 [0] NCCL INFO Channel 31/0 : 1[0] -> 0[0] [send] via NET/IB/5
gx10-e146:68:68 [0] NCCL INFO Channel 32/0 : 1[0] -> 0[0] [send] via NET/IB/4
gx10-e146:68:68 [0] NCCL INFO Channel 33/0 : 1[0] -> 0[0] [send] via NET/IB/5
gx10-e146:68:68 [0] NCCL INFO Channel 34/0 : 1[0] -> 0[0] [send] via NET/IB/4
gx10-e146:68:68 [0] NCCL INFO Channel 35/0 : 1[0] -> 0[0] [send] via NET/IB/5
gx10-e146:68:68 [0] NCCL INFO Channel 36/0 : 1[0] -> 0[0] [send] via NET/IB/4
gx10-e146:68:68 [0] NCCL INFO Channel 37/0 : 1[0] -> 0[0] [send] via NET/IB/5
gx10-e146:68:68 [0] NCCL INFO Channel 38/0 : 1[0] -> 0[0] [send] via NET/IB/4
gx10-e146:68:68 [0] NCCL INFO Channel 39/0 : 1[0] -> 0[0] [send] via NET/IB/5
gx10-e146:68:68 [0] NCCL INFO Channel 40/0 : 1[0] -> 0[0] [send] via NET/IB/4
gx10-e146:68:68 [0] NCCL INFO Channel 41/0 : 1[0] -> 0[0] [send] via NET/IB/5
gx10-e146:68:68 [0] NCCL INFO Channel 42/0 : 1[0] -> 0[0] [send] via NET/IB/4
gx10-e146:68:68 [0] NCCL INFO Channel 43/0 : 1[0] -> 0[0] [send] via NET/IB/5
gx10-e146:68:68 [0] NCCL INFO Channel 44/0 : 1[0] -> 0[0] [send] via NET/IB/4
gx10-e146:68:68 [0] NCCL INFO Channel 45/0 : 1[0] -> 0[0] [send] via NET/IB/5
gx10-e146:68:68 [0] NCCL INFO Channel 46/0 : 1[0] -> 0[0] [send] via NET/IB/4
gx10-e146:68:68 [0] NCCL INFO Channel 47/0 : 1[0] -> 0[0] [send] via NET/IB/5
gx10-e146:68:68 [0] NCCL INFO Channel 48/0 : 1[0] -> 0[0] [send] via NET/IB/4
gx10-e146:68:68 [0] NCCL INFO Channel 49/0 : 1[0] -> 0[0] [send] via NET/IB/5
gx10-e146:68:68 [0] NCCL INFO Channel 50/0 : 1[0] -> 0[0] [send] via NET/IB/4
gx10-e146:68:68 [0] NCCL INFO Channel 51/0 : 1[0] -> 0[0] [send] via NET/IB/5
gx10-e146:68:68 [0] NCCL INFO Channel 52/0 : 1[0] -> 0[0] [send] via NET/IB/4
gx10-e146:68:68 [0] NCCL INFO Channel 53/0 : 1[0] -> 0[0] [send] via NET/IB/5
gx10-e146:68:68 [0] NCCL INFO Channel 54/0 : 1[0] -> 0[0] [send] via NET/IB/4
gx10-e146:68:68 [0] NCCL INFO Channel 55/0 : 1[0] -> 0[0] [send] via NET/IB/5
gx10-e146:68:68 [0] NCCL INFO Channel 56/0 : 1[0] -> 0[0] [send] via NET/IB/4
gx10-e146:68:68 [0] NCCL INFO Channel 57/0 : 1[0] -> 0[0] [send] via NET/IB/5
gx10-e146:68:68 [0] NCCL INFO Channel 58/0 : 1[0] -> 0[0] [send] via NET/IB/4
gx10-e146:68:68 [0] NCCL INFO Channel 59/0 : 1[0] -> 0[0] [send] via NET/IB/5
gx10-e146:68:68 [0] NCCL INFO Channel 60/0 : 1[0] -> 0[0] [send] via NET/IB/4
gx10-e146:68:68 [0] NCCL INFO Channel 61/0 : 1[0] -> 0[0] [send] via NET/IB/5
gx10-e146:68:68 [0] NCCL INFO Channel 62/0 : 1[0] -> 0[0] [send] via NET/IB/4
gx10-e146:68:68 [0] NCCL INFO Channel 63/0 : 1[0] -> 0[0] [send] via NET/IB/5
gx10-e146:68:78 [0] NCCL INFO NET/IB: Subnet-aware routing: overriding dev 4 with dev 1
gx10-e146:68:78 [0] NCCL INFO NET/IB: ncclIbResiliencyInit: Resiliency is disabled on the send communicator (comm=0xe3a4dc03d000)
gx10-e146:68:78 [0] NCCL INFO NET/IB: Subnet-aware routing: overriding dev 4 with dev 1
gx10-e146:68:78 [0] NCCL INFO NET/IB: ncclIbResiliencyInit: Resiliency is disabled on the recv communicator (comm=0xe3a4dc07e000)
gx10-e146:68:78 [0] NCCL INFO NET/IB: ncclIbRecvCommInit: Receive work requests will be posted on-demand
gx10-e146:68:78 [0] NCCL INFO NET/IB: Subnet-aware routing: overriding dev 4 with dev 1
gx10-e146:68:78 [0] NCCL INFO NET/IB: Subnet-aware routing: overriding dev 5 with dev 3
gx10-e146:68:78 [0] NCCL INFO NET/IB: ncclIbResiliencyInit: Resiliency is disabled on the send communicator (comm=0xe3a4dc0c9000)
gx10-e146:68:78 [0] NCCL INFO NET/IB: Subnet-aware routing: overriding dev 4 with dev 1
gx10-e146:68:78 [0] NCCL INFO NET/IB: Subnet-aware routing: overriding dev 5 with dev 3
gx10-e146:68:78 [0] NCCL INFO NET/IB: ncclIbResiliencyInit: Resiliency is disabled on the recv communicator (comm=0xe3a4dc10a000)
gx10-e146:68:78 [0] NCCL INFO NET/IB: ncclIbRecvCommInit: Receive work requests will be posted on-demand
gx10-e146:68:78 [0] NCCL INFO NET/IB: Subnet-aware routing: overriding dev 4 with dev 1
gx10-e146:68:78 [0] NCCL INFO NET/IB: Subnet-aware routing: overriding dev 5 with dev 3
gx10-e146:68:78 [0] NCCL INFO NET/IB: Subnet-aware routing: overriding dev 4 with dev 1
gx10-e146:68:78 [0] NCCL INFO NET/IB: ncclIbResiliencyInit: Resiliency is disabled on the send communicator (comm=0xe3a4dc155000)
gx10-e146:68:78 [0] NCCL INFO NET/IB: Subnet-aware routing: overriding dev 4 with dev 1
gx10-e146:68:78 [0] NCCL INFO NET/IB: ncclIbSenderQpsCreate: QP created: port=1 dev=1 devName=rocep1s0f1 ndevs=4 nmdevs=6 qp_num=15842 pkey=0 pd=0xe3a4dc07dd30 oooRq=0
gx10-e146:68:78 [0] NCCL INFO NET/IB: ncclIbSenderQpsCreate: QP created: port=1 dev=1 devName=rocep1s0f1 ndevs=4 nmdevs=6 qp_num=15843 pkey=0 pd=0xe3a4dc07dd30 oooRq=0
gx10-e146:68:78 [0] NCCL INFO NET/IB: ncclIbConnectImpl: NCCL Dev 1 IbDev 1 Port 1 qp_num 15842 mtu 5 GID 6 (0/264A8C0FFFF0000) ctsFifoRkey=0x1b6866 ctsFifoLkey=0x1b6866
gx10-e146:68:78 [0] NCCL INFO NET/IB: ncclIbConnectImpl: IbDev 1 Port 1 qp_num 15842 query_ece={supported=1, vendor_id=0x15b3, options=0x30000002, comp_mask=0x0}
gx10-e146:68:78 [0] NCCL INFO NET/IB: ncclIbConnectImpl: NCCL Dev 1 IbDev 1 Port 1 qp_num 15843 mtu 5 GID 6 (0/264A8C0FFFF0000) ctsFifoRkey=0x1b6866 ctsFifoLkey=0x1b6866
gx10-e146:68:78 [0] NCCL INFO NET/IB: ncclIbConnectImpl: IbDev 1 Port 1 qp_num 15843 query_ece={supported=1, vendor_id=0x15b3, options=0x30000002, comp_mask=0x0}
gx10-e146:68:78 [0] NCCL INFO NET/IB: Subnet-aware routing: overriding dev 4 with dev 1
gx10-e146:68:78 [0] NCCL INFO NET/IB: ncclIbReceiverQpsCreateToRts: QP created: port=1 dev=1 devName=rocep1s0f1 ndevs=4 nmdevs=6 qp_num=15844 pkey=0 pd=0xe3a4dc07dd30 oooRq=0
gx10-e146:68:78 [0] NCCL INFO NET/IB: ncclIbReceiverQpsCreateToRts: QP created: port=1 dev=1 devName=rocep1s0f1 ndevs=4 nmdevs=6 qp_num=15845 pkey=0 pd=0xe3a4dc07dd30 oooRq=0
gx10-e146:68:78 [0] NCCL INFO NET/IB: ncclIbReceiverQpsCreateToRts: Flush QP created: port=1 dev=1 devName=rocep1s0f1 ndevs=4 nmdevs=6 qp_num=15846 pkey=0 pd=0xe3a4dc07dd30
gx10-e146:68:78 [0] NCCL INFO NET/IB: Subnet-aware routing: overriding dev 5 with dev 3
gx10-e146:68:78 [0] NCCL INFO NET/IB: ncclIbSenderQpsCreate: QP created: port=1 dev=3 devName=roceP2p1s0f1 ndevs=4 nmdevs=6 qp_num=2920 pkey=0 pd=0xe3a4dc23d840 oooRq=0
gx10-e146:68:78 [0] NCCL INFO NET/IB: ncclIbSenderQpsCreate: QP created: port=1 dev=3 devName=roceP2p1s0f1 ndevs=4 nmdevs=6 qp_num=2921 pkey=0 pd=0xe3a4dc23d840 oooRq=0
gx10-e146:68:78 [0] NCCL INFO NET/IB: ncclIbConnectImpl: NCCL Dev 3 IbDev 3 Port 1 qp_num 2920 mtu 5 GID 3 (0/26EA8C0FFFF0000) ctsFifoRkey=0x1d312c ctsFifoLkey=0x1d312c
gx10-e146:68:78 [0] NCCL INFO NET/IB: ncclIbConnectImpl: IbDev 3 Port 1 qp_num 2920 query_ece={supported=1, vendor_id=0x15b3, options=0x30000002, comp_mask=0x0}
gx10-e146:68:78 [0] NCCL INFO NET/IB: ncclIbConnectImpl: NCCL Dev 3 IbDev 3 Port 1 qp_num 2921 mtu 5 GID 3 (0/26EA8C0FFFF0000) ctsFifoRkey=0x1d312c ctsFifoLkey=0x1d312c
gx10-e146:68:78 [0] NCCL INFO NET/IB: ncclIbConnectImpl: IbDev 3 Port 1 qp_num 2921 query_ece={supported=1, vendor_id=0x15b3, options=0x30000002, comp_mask=0x0}
gx10-e146:68:78 [0] NCCL INFO NET/IB: Subnet-aware routing: overriding dev 5 with dev 3
gx10-e146:68:78 [0] NCCL INFO NET/IB: ncclIbReceiverQpsCreateToRts: QP created: port=1 dev=3 devName=roceP2p1s0f1 ndevs=4 nmdevs=6 qp_num=2922 pkey=0 pd=0xe3a4dc23d840 oooRq=0
gx10-e146:68:78 [0] NCCL INFO NET/IB: ncclIbReceiverQpsCreateToRts: QP created: port=1 dev=3 devName=roceP2p1s0f1 ndevs=4 nmdevs=6 qp_num=2923 pkey=0 pd=0xe3a4dc23d840 oooRq=0
gx10-e146:68:78 [0] NCCL INFO NET/IB: ncclIbReceiverQpsCreateToRts: Flush QP created: port=1 dev=3 devName=roceP2p1s0f1 ndevs=4 nmdevs=6 qp_num=2924 pkey=0 pd=0xe3a4dc23d840
gx10-e146:68:78 [0] NCCL INFO NET/IB: Subnet-aware routing: overriding dev 4 with dev 1
gx10-e146:68:78 [0] NCCL INFO NET/IB: ncclIbResiliencyInit: Resiliency is disabled on the recv communicator (comm=0xe3a4dc35a000)
gx10-e146:68:78 [0] NCCL INFO NET/IB: ncclIbRecvCommInit: Receive work requests will be posted on-demand
gx10-e146:68:78 [0] NCCL INFO NET/IB: Subnet-aware routing: overriding dev 4 with dev 1
gx10-e146:68:78 [0] NCCL INFO NET/IB: ncclIbSenderQpsToRts: Set ECE: IbDev 1 Port 1 qp_num 15842 set_ece={supported=1, vendor_id=0x15b3, options=0x30000002, comp_mask=0x0}
gx10-e146:68:78 [0] NCCL INFO NET/IB: ncclIbSenderQpsToRts: Set ECE: IbDev 1 Port 1 qp_num 15843 set_ece={supported=1, vendor_id=0x15b3, options=0x30000002, comp_mask=0x0}
gx10-e146:68:78 [0] NCCL INFO NET/IB: Subnet-aware routing: overriding dev 5 with dev 3
gx10-e146:68:78 [0] NCCL INFO NET/IB: Subnet-aware routing: overriding dev 4 with dev 1
gx10-e146:68:78 [0] NCCL INFO NET/IB: Subnet-aware routing: overriding dev 5 with dev 3
gx10-e146:68:78 [0] NCCL INFO NET/IB: ncclIbResiliencyInit: Resiliency is disabled on the send communicator (comm=0xe3a4dc3a2000)
gx10-e146:68:78 [0] NCCL INFO NET/IB: Subnet-aware routing: overriding dev 5 with dev 3
gx10-e146:68:78 [0] NCCL INFO NET/IB: ncclIbSenderQpsToRts: Set ECE: IbDev 3 Port 1 qp_num 2920 set_ece={supported=1, vendor_id=0x15b3, options=0x30000002, comp_mask=0x0}
gx10-e146:68:78 [0] NCCL INFO NET/IB: ncclIbSenderQpsToRts: Set ECE: IbDev 3 Port 1 qp_num 2921 set_ece={supported=1, vendor_id=0x15b3, options=0x30000002, comp_mask=0x0}
gx10-e146:68:78 [0] NCCL INFO NET/IB: Subnet-aware routing: overriding dev 4 with dev 1
gx10-e146:68:78 [0] NCCL INFO NET/IB: ncclIbSenderQpsCreate: QP created: port=1 dev=1 devName=rocep1s0f1 ndevs=4 nmdevs=6 qp_num=15847 pkey=0 pd=0xe3a4dc07dd30 oooRq=0
gx10-e146:68:78 [0] NCCL INFO NET/IB: ncclIbSenderQpsCreate: QP created: port=1 dev=1 devName=rocep1s0f1 ndevs=4 nmdevs=6 qp_num=15848 pkey=0 pd=0xe3a4dc07dd30 oooRq=0
gx10-e146:68:78 [0] NCCL INFO NET/IB: ncclIbConnectImpl: NCCL Dev 1 IbDev 1 Port 1 qp_num 15847 mtu 5 GID 6 (0/264A8C0FFFF0000) ctsFifoRkey=0x198786 ctsFifoLkey=0x198786
gx10-e146:68:78 [0] NCCL INFO NET/IB: ncclIbConnectImpl: IbDev 1 Port 1 qp_num 15847 query_ece={supported=1, vendor_id=0x15b3, options=0x30000002, comp_mask=0x0}
gx10-e146:68:78 [0] NCCL INFO NET/IB: ncclIbConnectImpl: NCCL Dev 1 IbDev 1 Port 1 qp_num 15848 mtu 5 GID 6 (0/264A8C0FFFF0000) ctsFifoRkey=0x198786 ctsFifoLkey=0x198786
gx10-e146:68:78 [0] NCCL INFO NET/IB: ncclIbConnectImpl: IbDev 1 Port 1 qp_num 15848 query_ece={supported=1, vendor_id=0x15b3, options=0x30000002, comp_mask=0x0}
gx10-e146:68:78 [0] NCCL INFO NET/IB: Subnet-aware routing: overriding dev 4 with dev 1
gx10-e146:68:78 [0] NCCL INFO NET/IB: ncclIbReceiverQpsCreateToRts: QP created: port=1 dev=1 devName=rocep1s0f1 ndevs=4 nmdevs=6 qp_num=15849 pkey=0 pd=0xe3a4dc07dd30 oooRq=0
gx10-e146:68:78 [0] NCCL INFO NET/IB: ncclIbReceiverQpsCreateToRts: QP created: port=1 dev=1 devName=rocep1s0f1 ndevs=4 nmdevs=6 qp_num=15850 pkey=0 pd=0xe3a4dc07dd30 oooRq=0
gx10-e146:68:78 [0] NCCL INFO NET/IB: ncclIbReceiverQpsCreateToRts: Flush QP created: port=1 dev=1 devName=rocep1s0f1 ndevs=4 nmdevs=6 qp_num=15851 pkey=0 pd=0xe3a4dc07dd30
gx10-e146:68:78 [0] NCCL INFO NET/IB: Subnet-aware routing: overriding dev 5 with dev 3
gx10-e146:68:78 [0] NCCL INFO NET/IB: ncclIbResiliencyInit: Resiliency is disabled on the recv communicator (comm=0xe3a4dc4b4000)
gx10-e146:68:78 [0] NCCL INFO NET/IB: ncclIbRecvCommInit: Receive work requests will be posted on-demand
gx10-e146:68:78 [0] NCCL INFO NET/IB: Subnet-aware routing: overriding dev 4 with dev 1
gx10-e146:68:78 [0] NCCL INFO NET/IB: Subnet-aware routing: overriding dev 5 with dev 3
gx10-e146:68:78 [0] NCCL INFO NET/IB: Subnet-aware routing: overriding dev 4 with dev 1
gx10-e146:68:78 [0] NCCL INFO NET/IB: ncclIbResiliencyInit: Resiliency is disabled on the send communicator (comm=0xe3a4dc4fc000)
gx10-e146:68:78 [0] NCCL INFO NET/IB: Subnet-aware routing: overriding dev 4 with dev 1
gx10-e146:68:78 [0] NCCL INFO NET/IB: Subnet-aware routing: overriding dev 5 with dev 3
gx10-e146:68:78 [0] NCCL INFO NET/IB: Subnet-aware routing: overriding dev 4 with dev 1
gx10-e146:68:78 [0] NCCL INFO NET/IB: ncclIbResiliencyInit: Resiliency is disabled on the recv communicator (comm=0xe3a4dc540000)
gx10-e146:68:78 [0] NCCL INFO NET/IB: ncclIbRecvCommInit: Receive work requests will be posted on-demand
gx10-e146:68:78 [0] NCCL INFO NET/IB: Subnet-aware routing: overriding dev 4 with dev 1
gx10-e146:68:78 [0] NCCL INFO NET/IB: Subnet-aware routing: overriding dev 5 with dev 3
gx10-e146:68:78 [0] NCCL INFO NET/IB: Subnet-aware routing: overriding dev 4 with dev 1
gx10-e146:68:78 [0] NCCL INFO NET/IB: Subnet-aware routing: overriding dev 5 with dev 3
gx10-e146:68:78 [0] NCCL INFO NET/IB: ncclIbResiliencyInit: Resiliency is disabled on the send communicator (comm=0xe3a4dc588000)
gx10-e146:68:78 [0] NCCL INFO NET/IB: Subnet-aware routing: overriding dev 4 with dev 1
gx10-e146:68:78 [0] NCCL INFO NET/IB: ncclIbSenderQpsToRts: Set ECE: IbDev 1 Port 1 qp_num 15847 set_ece={supported=1, vendor_id=0x15b3, options=0x30000002, comp_mask=0x0}
gx10-e146:68:78 [0] NCCL INFO NET/IB: ncclIbSenderQpsToRts: Set ECE: IbDev 1 Port 1 qp_num 15848 set_ece={supported=1, vendor_id=0x15b3, options=0x30000002, comp_mask=0x0}
gx10-e146:68:78 [0] NCCL INFO NET/IB: Subnet-aware routing: overriding dev 5 with dev 3
gx10-e146:68:78 [0] NCCL INFO NET/IB: ncclIbSenderQpsCreate: QP created: port=1 dev=3 devName=roceP2p1s0f1 ndevs=4 nmdevs=6 qp_num=2925 pkey=0 pd=0xe3a4dc23d840 oooRq=0
gx10-e146:68:78 [0] NCCL INFO NET/IB: ncclIbSenderQpsCreate: QP created: port=1 dev=3 devName=roceP2p1s0f1 ndevs=4 nmdevs=6 qp_num=2926 pkey=0 pd=0xe3a4dc23d840 oooRq=0
gx10-e146:68:78 [0] NCCL INFO NET/IB: ncclIbConnectImpl: NCCL Dev 3 IbDev 3 Port 1 qp_num 2925 mtu 5 GID 3 (0/26EA8C0FFFF0000) ctsFifoRkey=0x1d8585 ctsFifoLkey=0x1d8585
gx10-e146:68:78 [0] NCCL INFO NET/IB: ncclIbConnectImpl: IbDev 3 Port 1 qp_num 2925 query_ece={supported=1, vendor_id=0x15b3, options=0x30000002, comp_mask=0x0}
gx10-e146:68:78 [0] NCCL INFO NET/IB: ncclIbConnectImpl: NCCL Dev 3 IbDev 3 Port 1 qp_num 2926 mtu 5 GID 3 (0/26EA8C0FFFF0000) ctsFifoRkey=0x1d8585 ctsFifoLkey=0x1d8585
gx10-e146:68:78 [0] NCCL INFO NET/IB: ncclIbConnectImpl: IbDev 3 Port 1 qp_num 2926 query_ece={supported=1, vendor_id=0x15b3, options=0x30000002, comp_mask=0x0}
gx10-e146:68:78 [0] NCCL INFO NET/IB: Subnet-aware routing: overriding dev 5 with dev 3
gx10-e146:68:78 [0] NCCL INFO NET/IB: ncclIbReceiverQpsCreateToRts: QP created: port=1 dev=3 devName=roceP2p1s0f1 ndevs=4 nmdevs=6 qp_num=2927 pkey=0 pd=0xe3a4dc23d840 oooRq=0
gx10-e146:68:78 [0] NCCL INFO NET/IB: ncclIbReceiverQpsCreateToRts: QP created: port=1 dev=3 devName=roceP2p1s0f1 ndevs=4 nmdevs=6 qp_num=2928 pkey=0 pd=0xe3a4dc23d840 oooRq=0
gx10-e146:68:78 [0] NCCL INFO NET/IB: ncclIbReceiverQpsCreateToRts: Flush QP created: port=1 dev=3 devName=roceP2p1s0f1 ndevs=4 nmdevs=6 qp_num=2929 pkey=0 pd=0xe3a4dc23d840
gx10-e146:68:78 [0] NCCL INFO NET/IB: Subnet-aware routing: overriding dev 4 with dev 1
gx10-e146:68:78 [0] NCCL INFO NET/IB: ncclIbSenderQpsCreate: QP created: port=1 dev=1 devName=rocep1s0f1 ndevs=4 nmdevs=6 qp_num=15852 pkey=0 pd=0xe3a4dc07dd30 oooRq=0
gx10-e146:68:78 [0] NCCL INFO NET/IB: ncclIbSenderQpsCreate: QP created: port=1 dev=1 devName=rocep1s0f1 ndevs=4 nmdevs=6 qp_num=15853 pkey=0 pd=0xe3a4dc07dd30 oooRq=0
gx10-e146:68:78 [0] NCCL INFO NET/IB: ncclIbConnectImpl: NCCL Dev 1 IbDev 1 Port 1 qp_num 15852 mtu 5 GID 6 (0/264A8C0FFFF0000) ctsFifoRkey=0x19dfdd ctsFifoLkey=0x19dfdd
gx10-e146:68:78 [0] NCCL INFO NET/IB: ncclIbConnectImpl: IbDev 1 Port 1 qp_num 15852 query_ece={supported=1, vendor_id=0x15b3, options=0x30000002, comp_mask=0x0}
gx10-e146:68:78 [0] NCCL INFO NET/IB: ncclIbConnectImpl: NCCL Dev 1 IbDev 1 Port 1 qp_num 15853 mtu 5 GID 6 (0/264A8C0FFFF0000) ctsFifoRkey=0x19dfdd ctsFifoLkey=0x19dfdd
gx10-e146:68:78 [0] NCCL INFO NET/IB: ncclIbConnectImpl: IbDev 1 Port 1 qp_num 15853 query_ece={supported=1, vendor_id=0x15b3, options=0x30000002, comp_mask=0x0}
gx10-e146:68:78 [0] NCCL INFO NET/IB: Subnet-aware routing: overriding dev 4 with dev 1
gx10-e146:68:78 [0] NCCL INFO NET/IB: ncclIbReceiverQpsCreateToRts: QP created: port=1 dev=1 devName=rocep1s0f1 ndevs=4 nmdevs=6 qp_num=15854 pkey=0 pd=0xe3a4dc07dd30 oooRq=0
gx10-e146:68:78 [0] NCCL INFO NET/IB: ncclIbReceiverQpsCreateToRts: QP created: port=1 dev=1 devName=rocep1s0f1 ndevs=4 nmdevs=6 qp_num=15855 pkey=0 pd=0xe3a4dc07dd30 oooRq=0
gx10-e146:68:78 [0] NCCL INFO NET/IB: ncclIbReceiverQpsCreateToRts: Flush QP created: port=1 dev=1 devName=rocep1s0f1 ndevs=4 nmdevs=6 qp_num=15856 pkey=0 pd=0xe3a4dc07dd30
gx10-e146:68:78 [0] NCCL INFO NET/IB: Subnet-aware routing: overriding dev 5 with dev 3
gx10-e146:68:78 [0] NCCL INFO NET/IB: ncclIbResiliencyInit: Resiliency is disabled on the recv communicator (comm=0xe3a4dc776000)
gx10-e146:68:78 [0] NCCL INFO NET/IB: ncclIbRecvCommInit: Receive work requests will be posted on-demand
gx10-e146:68:78 [0] NCCL INFO NET/IB: Subnet-aware routing: overriding dev 5 with dev 3
gx10-e146:68:78 [0] NCCL INFO NET/IB: ncclIbSenderQpsToRts: Set ECE: IbDev 3 Port 1 qp_num 2925 set_ece={supported=1, vendor_id=0x15b3, options=0x30000002, comp_mask=0x0}
gx10-e146:68:78 [0] NCCL INFO NET/IB: ncclIbSenderQpsToRts: Set ECE: IbDev 3 Port 1 qp_num 2926 set_ece={supported=1, vendor_id=0x15b3, options=0x30000002, comp_mask=0x0}
gx10-e146:68:78 [0] NCCL INFO NET/IB: Subnet-aware routing: overriding dev 4 with dev 1
gx10-e146:68:78 [0] NCCL INFO NET/IB: ncclIbSenderQpsToRts: Set ECE: IbDev 1 Port 1 qp_num 15852 set_ece={supported=1, vendor_id=0x15b3, options=0x30000002, comp_mask=0x0}
gx10-e146:68:78 [0] NCCL INFO NET/IB: ncclIbSenderQpsToRts: Set ECE: IbDev 1 Port 1 qp_num 15853 set_ece={supported=1, vendor_id=0x15b3, options=0x30000002, comp_mask=0x0}
gx10-e146:68:78 [0] NCCL INFO NET/IB: Subnet-aware routing: overriding dev 5 with dev 3
gx10-e146:68:78 [0] NCCL INFO NET/IB: ncclIbSenderQpsCreate: QP created: port=1 dev=3 devName=roceP2p1s0f1 ndevs=4 nmdevs=6 qp_num=2930 pkey=0 pd=0xe3a4dc23d840 oooRq=0
gx10-e146:68:78 [0] NCCL INFO NET/IB: ncclIbSenderQpsCreate: QP created: port=1 dev=3 devName=roceP2p1s0f1 ndevs=4 nmdevs=6 qp_num=2931 pkey=0 pd=0xe3a4dc23d840 oooRq=0
gx10-e146:68:78 [0] NCCL INFO NET/IB: ncclIbConnectImpl: NCCL Dev 3 IbDev 3 Port 1 qp_num 2930 mtu 5 GID 3 (0/26EA8C0FFFF0000) ctsFifoRkey=0x156865 ctsFifoLkey=0x156865
gx10-e146:68:78 [0] NCCL INFO NET/IB: ncclIbConnectImpl: IbDev 3 Port 1 qp_num 2930 query_ece={supported=1, vendor_id=0x15b3, options=0x30000002, comp_mask=0x0}
gx10-e146:68:78 [0] NCCL INFO NET/IB: ncclIbConnectImpl: NCCL Dev 3 IbDev 3 Port 1 qp_num 2931 mtu 5 GID 3 (0/26EA8C0FFFF0000) ctsFifoRkey=0x156865 ctsFifoLkey=0x156865
gx10-e146:68:78 [0] NCCL INFO NET/IB: ncclIbConnectImpl: IbDev 3 Port 1 qp_num 2931 query_ece={supported=1, vendor_id=0x15b3, options=0x30000002, comp_mask=0x0}
gx10-e146:68:78 [0] NCCL INFO NET/IB: Subnet-aware routing: overriding dev 5 with dev 3
gx10-e146:68:78 [0] NCCL INFO NET/IB: ncclIbReceiverQpsCreateToRts: QP created: port=1 dev=3 devName=roceP2p1s0f1 ndevs=4 nmdevs=6 qp_num=2932 pkey=0 pd=0xe3a4dc23d840 oooRq=0
gx10-e146:68:78 [0] NCCL INFO NET/IB: ncclIbReceiverQpsCreateToRts: QP created: port=1 dev=3 devName=roceP2p1s0f1 ndevs=4 nmdevs=6 qp_num=2933 pkey=0 pd=0xe3a4dc23d840 oooRq=0
gx10-e146:68:78 [0] NCCL INFO NET/IB: ncclIbReceiverQpsCreateToRts: Flush QP created: port=1 dev=3 devName=roceP2p1s0f1 ndevs=4 nmdevs=6 qp_num=2934 pkey=0 pd=0xe3a4dc23d840
gx10-e146:68:78 [0] NCCL INFO NET/IB: Subnet-aware routing: overriding dev 4 with dev 1
gx10-e146:68:78 [0] NCCL INFO NET/IB: ncclIbResiliencyInit: Resiliency is disabled on the send communicator (comm=0xe3a4dc88a000)
gx10-e146:68:78 [0] NCCL INFO NET/IB: Subnet-aware routing: overriding dev 5 with dev 3
gx10-e146:68:78 [0] NCCL INFO NET/IB: Subnet-aware routing: overriding dev 4 with dev 1
gx10-e146:68:78 [0] NCCL INFO NET/IB: ncclIbResiliencyInit: Resiliency is disabled on the recv communicator (comm=0xe3a4dc8ce000)
gx10-e146:68:78 [0] NCCL INFO NET/IB: ncclIbRecvCommInit: Receive work requests will be posted on-demand
gx10-e146:68:78 [0] NCCL INFO NET/IB: Subnet-aware routing: overriding dev 5 with dev 3
gx10-e146:68:78 [0] NCCL INFO NET/IB: Subnet-aware routing: overriding dev 4 with dev 1
gx10-e146:68:78 [0] NCCL INFO NET/IB: Subnet-aware routing: overriding dev 5 with dev 3
gx10-e146:68:78 [0] NCCL INFO NET/IB: ncclIbResiliencyInit: Resiliency is disabled on the send communicator (comm=0xe3a4dc916000)
gx10-e146:68:78 [0] NCCL INFO NET/IB: Subnet-aware routing: overriding dev 5 with dev 3
gx10-e146:68:78 [0] NCCL INFO NET/IB: Subnet-aware routing: overriding dev 4 with dev 1
gx10-e146:68:78 [0] NCCL INFO NET/IB: Subnet-aware routing: overriding dev 5 with dev 3
gx10-e146:68:78 [0] NCCL INFO NET/IB: ncclIbResiliencyInit: Resiliency is disabled on the recv communicator (comm=0xe3a4dc95a000)
gx10-e146:68:78 [0] NCCL INFO NET/IB: ncclIbRecvCommInit: Receive work requests will be posted on-demand
gx10-e146:68:78 [0] NCCL INFO NET/IB: Subnet-aware routing: overriding dev 5 with dev 3
gx10-e146:68:78 [0] NCCL INFO NET/IB: ncclIbSenderQpsToRts: Set ECE: IbDev 3 Port 1 qp_num 2930 set_ece={supported=1, vendor_id=0x15b3, options=0x30000002, comp_mask=0x0}
gx10-e146:68:78 [0] NCCL INFO NET/IB: ncclIbSenderQpsToRts: Set ECE: IbDev 3 Port 1 qp_num 2931 set_ece={supported=1, vendor_id=0x15b3, options=0x30000002, comp_mask=0x0}
gx10-e146:68:78 [0] NCCL INFO NET/IB: Subnet-aware routing: overriding dev 4 with dev 1
gx10-e146:68:78 [0] NCCL INFO NET/IB: ncclIbSenderQpsCreate: QP created: port=1 dev=1 devName=rocep1s0f1 ndevs=4 nmdevs=6 qp_num=15857 pkey=0 pd=0xe3a4dc07dd30 oooRq=0
gx10-e146:68:78 [0] NCCL INFO NET/IB: ncclIbSenderQpsCreate: QP created: port=1 dev=1 devName=rocep1s0f1 ndevs=4 nmdevs=6 qp_num=15858 pkey=0 pd=0xe3a4dc07dd30 oooRq=0
gx10-e146:68:78 [0] NCCL INFO NET/IB: ncclIbConnectImpl: NCCL Dev 1 IbDev 1 Port 1 qp_num 15857 mtu 5 GID 6 (0/264A8C0FFFF0000) ctsFifoRkey=0x1af3f0 ctsFifoLkey=0x1af3f0
gx10-e146:68:78 [0] NCCL INFO NET/IB: ncclIbConnectImpl: IbDev 1 Port 1 qp_num 15857 query_ece={supported=1, vendor_id=0x15b3, options=0x30000002, comp_mask=0x0}
gx10-e146:68:78 [0] NCCL INFO NET/IB: ncclIbConnectImpl: NCCL Dev 1 IbDev 1 Port 1 qp_num 15858 mtu 5 GID 6 (0/264A8C0FFFF0000) ctsFifoRkey=0x1af3f0 ctsFifoLkey=0x1af3f0
gx10-e146:68:78 [0] NCCL INFO NET/IB: ncclIbConnectImpl: IbDev 1 Port 1 qp_num 15858 query_ece={supported=1, vendor_id=0x15b3, options=0x30000002, comp_mask=0x0}
gx10-e146:68:78 [0] NCCL INFO NET/IB: Subnet-aware routing: overriding dev 4 with dev 1
gx10-e146:68:78 [0] NCCL INFO NET/IB: ncclIbReceiverQpsCreateToRts: QP created: port=1 dev=1 devName=rocep1s0f1 ndevs=4 nmdevs=6 qp_num=15859 pkey=0 pd=0xe3a4dc07dd30 oooRq=0
gx10-e146:68:78 [0] NCCL INFO NET/IB: ncclIbReceiverQpsCreateToRts: QP created: port=1 dev=1 devName=rocep1s0f1 ndevs=4 nmdevs=6 qp_num=15860 pkey=0 pd=0xe3a4dc07dd30 oooRq=0
gx10-e146:68:78 [0] NCCL INFO NET/IB: ncclIbReceiverQpsCreateToRts: Flush QP created: port=1 dev=1 devName=rocep1s0f1 ndevs=4 nmdevs=6 qp_num=15861 pkey=0 pd=0xe3a4dc07dd30
gx10-e146:68:78 [0] NCCL INFO NET/IB: Subnet-aware routing: overriding dev 5 with dev 3
gx10-e146:68:78 [0] NCCL INFO NET/IB: ncclIbSenderQpsCreate: QP created: port=1 dev=3 devName=roceP2p1s0f1 ndevs=4 nmdevs=6 qp_num=2935 pkey=0 pd=0xe3a4dc23d840 oooRq=0
gx10-e146:68:78 [0] NCCL INFO NET/IB: ncclIbSenderQpsCreate: QP created: port=1 dev=3 devName=roceP2p1s0f1 ndevs=4 nmdevs=6 qp_num=2936 pkey=0 pd=0xe3a4dc23d840 oooRq=0
gx10-e146:68:78 [0] NCCL INFO NET/IB: ncclIbConnectImpl: NCCL Dev 3 IbDev 3 Port 1 qp_num 2935 mtu 5 GID 3 (0/26EA8C0FFFF0000) ctsFifoRkey=0x1dd8d7 ctsFifoLkey=0x1dd8d7
gx10-e146:68:78 [0] NCCL INFO NET/IB: ncclIbConnectImpl: IbDev 3 Port 1 qp_num 2935 query_ece={supported=1, vendor_id=0x15b3, options=0x30000002, comp_mask=0x0}
gx10-e146:68:78 [0] NCCL INFO NET/IB: ncclIbConnectImpl: NCCL Dev 3 IbDev 3 Port 1 qp_num 2936 mtu 5 GID 3 (0/26EA8C0FFFF0000) ctsFifoRkey=0x1dd8d7 ctsFifoLkey=0x1dd8d7
gx10-e146:68:78 [0] NCCL INFO NET/IB: ncclIbConnectImpl: IbDev 3 Port 1 qp_num 2936 query_ece={supported=1, vendor_id=0x15b3, options=0x30000002, comp_mask=0x0}
gx10-e146:68:78 [0] NCCL INFO NET/IB: Subnet-aware routing: overriding dev 5 with dev 3
gx10-e146:68:78 [0] NCCL INFO NET/IB: ncclIbReceiverQpsCreateToRts: QP created: port=1 dev=3 devName=roceP2p1s0f1 ndevs=4 nmdevs=6 qp_num=2937 pkey=0 pd=0xe3a4dc23d840 oooRq=0
gx10-e146:68:78 [0] NCCL INFO NET/IB: ncclIbReceiverQpsCreateToRts: QP created: port=1 dev=3 devName=roceP2p1s0f1 ndevs=4 nmdevs=6 qp_num=2938 pkey=0 pd=0xe3a4dc23d840 oooRq=0
gx10-e146:68:78 [0] NCCL INFO NET/IB: ncclIbReceiverQpsCreateToRts: Flush QP created: port=1 dev=3 devName=roceP2p1s0f1 ndevs=4 nmdevs=6 qp_num=2939 pkey=0 pd=0xe3a4dc23d840
gx10-e146:68:78 [0] NCCL INFO NET/IB: Subnet-aware routing: overriding dev 4 with dev 1
gx10-e146:68:78 [0] NCCL INFO NET/IB: ncclIbResiliencyInit: Resiliency is disabled on the send communicator (comm=0xe3a4dcb4a000)
gx10-e146:68:78 [0] NCCL INFO NET/IB: Subnet-aware routing: overriding dev 4 with dev 1
gx10-e146:68:78 [0] NCCL INFO NET/IB: ncclIbSenderQpsToRts: Set ECE: IbDev 1 Port 1 qp_num 15857 set_ece={supported=1, vendor_id=0x15b3, options=0x30000002, comp_mask=0x0}
gx10-e146:68:78 [0] NCCL INFO NET/IB: ncclIbSenderQpsToRts: Set ECE: IbDev 1 Port 1 qp_num 15858 set_ece={supported=1, vendor_id=0x15b3, options=0x30000002, comp_mask=0x0}
gx10-e146:68:78 [0] NCCL INFO NET/IB: Subnet-aware routing: overriding dev 5 with dev 3
gx10-e146:68:78 [0] NCCL INFO NET/IB: Subnet-aware routing: overriding dev 4 with dev 1
gx10-e146:68:78 [0] NCCL INFO NET/IB: ncclIbResiliencyInit: Resiliency is disabled on the recv communicator (comm=0xe3a4dcb8e000)
gx10-e146:68:78 [0] NCCL INFO NET/IB: ncclIbRecvCommInit: Receive work requests will be posted on-demand
gx10-e146:68:78 [0] NCCL INFO NET/IB: Subnet-aware routing: overriding dev 5 with dev 3
gx10-e146:68:78 [0] NCCL INFO NET/IB: ncclIbSenderQpsToRts: Set ECE: IbDev 3 Port 1 qp_num 2935 set_ece={supported=1, vendor_id=0x15b3, options=0x30000002, comp_mask=0x0}
gx10-e146:68:78 [0] NCCL INFO NET/IB: ncclIbSenderQpsToRts: Set ECE: IbDev 3 Port 1 qp_num 2936 set_ece={supported=1, vendor_id=0x15b3, options=0x30000002, comp_mask=0x0}
gx10-e146:68:78 [0] NCCL INFO NET/IB: Subnet-aware routing: overriding dev 4 with dev 1
gx10-e146:68:78 [0] NCCL INFO NET/IB: Subnet-aware routing: overriding dev 5 with dev 3
gx10-e146:68:78 [0] NCCL INFO NET/IB: ncclIbResiliencyInit: Resiliency is disabled on the send communicator (comm=0xe3a4dcbd6000)
gx10-e146:68:78 [0] NCCL INFO NET/IB: Subnet-aware routing: overriding dev 4 with dev 1
gx10-e146:68:78 [0] NCCL INFO NET/IB: Subnet-aware routing: overriding dev 5 with dev 3
gx10-e146:68:78 [0] NCCL INFO NET/IB: ncclIbResiliencyInit: Resiliency is disabled on the recv communicator (comm=0xe3a4dcc1a000)
gx10-e146:68:78 [0] NCCL INFO NET/IB: ncclIbRecvCommInit: Receive work requests will be posted on-demand
gx10-e146:68:78 [0] NCCL INFO NET/IB: Subnet-aware routing: overriding dev 4 with dev 1
gx10-e146:68:78 [0] NCCL INFO NET/IB: Subnet-aware routing: overriding dev 5 with dev 3
gx10-e146:68:78 [0] NCCL INFO NET/IB: Subnet-aware routing: overriding dev 4 with dev 1
gx10-e146:68:78 [0] NCCL INFO NET/IB: ncclIbResiliencyInit: Resiliency is disabled on the send communicator (comm=0xe3a4dcc62000)
gx10-e146:68:78 [0] NCCL INFO NET/IB: Subnet-aware routing: overriding dev 4 with dev 1
gx10-e146:68:78 [0] NCCL INFO NET/IB: ncclIbSenderQpsCreate: QP created: port=1 dev=1 devName=rocep1s0f1 ndevs=4 nmdevs=6 qp_num=15862 pkey=0 pd=0xe3a4dc07dd30 oooRq=0
gx10-e146:68:78 [0] NCCL INFO NET/IB: ncclIbSenderQpsCreate: QP created: port=1 dev=1 devName=rocep1s0f1 ndevs=4 nmdevs=6 qp_num=15863 pkey=0 pd=0xe3a4dc07dd30 oooRq=0
gx10-e146:68:78 [0] NCCL INFO NET/IB: ncclIbConnectImpl: NCCL Dev 1 IbDev 1 Port 1 qp_num 15862 mtu 5 GID 6 (0/264A8C0FFFF0000) ctsFifoRkey=0x1b5d5a ctsFifoLkey=0x1b5d5a
gx10-e146:68:78 [0] NCCL INFO NET/IB: ncclIbConnectImpl: IbDev 1 Port 1 qp_num 15862 query_ece={supported=1, vendor_id=0x15b3, options=0x30000002, comp_mask=0x0}
gx10-e146:68:78 [0] NCCL INFO NET/IB: ncclIbConnectImpl: NCCL Dev 1 IbDev 1 Port 1 qp_num 15863 mtu 5 GID 6 (0/264A8C0FFFF0000) ctsFifoRkey=0x1b5d5a ctsFifoLkey=0x1b5d5a
gx10-e146:68:78 [0] NCCL INFO NET/IB: ncclIbConnectImpl: IbDev 1 Port 1 qp_num 15863 query_ece={supported=1, vendor_id=0x15b3, options=0x30000002, comp_mask=0x0}
gx10-e146:68:78 [0] NCCL INFO NET/IB: Subnet-aware routing: overriding dev 4 with dev 1
gx10-e146:68:78 [0] NCCL INFO NET/IB: ncclIbReceiverQpsCreateToRts: QP created: port=1 dev=1 devName=rocep1s0f1 ndevs=4 nmdevs=6 qp_num=15864 pkey=0 pd=0xe3a4dc07dd30 oooRq=0
gx10-e146:68:78 [0] NCCL INFO NET/IB: ncclIbReceiverQpsCreateToRts: QP created: port=1 dev=1 devName=rocep1s0f1 ndevs=4 nmdevs=6 qp_num=15865 pkey=0 pd=0xe3a4dc07dd30 oooRq=0
gx10-e146:68:78 [0] NCCL INFO NET/IB: ncclIbReceiverQpsCreateToRts: Flush QP created: port=1 dev=1 devName=rocep1s0f1 ndevs=4 nmdevs=6 qp_num=15866 pkey=0 pd=0xe3a4dc07dd30
gx10-e146:68:78 [0] NCCL INFO NET/IB: Subnet-aware routing: overriding dev 5 with dev 3
gx10-e146:68:78 [0] NCCL INFO NET/IB: ncclIbSenderQpsCreate: QP created: port=1 dev=3 devName=roceP2p1s0f1 ndevs=4 nmdevs=6 qp_num=2940 pkey=0 pd=0xe3a4dc23d840 oooRq=0
gx10-e146:68:78 [0] NCCL INFO NET/IB: ncclIbSenderQpsCreate: QP created: port=1 dev=3 devName=roceP2p1s0f1 ndevs=4 nmdevs=6 qp_num=2941 pkey=0 pd=0xe3a4dc23d840 oooRq=0
gx10-e146:68:78 [0] NCCL INFO NET/IB: ncclIbConnectImpl: NCCL Dev 3 IbDev 3 Port 1 qp_num 2940 mtu 5 GID 3 (0/26EA8C0FFFF0000) ctsFifoRkey=0x1d7f7b ctsFifoLkey=0x1d7f7b
gx10-e146:68:78 [0] NCCL INFO NET/IB: ncclIbConnectImpl: IbDev 3 Port 1 qp_num 2940 query_ece={supported=1, vendor_id=0x15b3, options=0x30000002, comp_mask=0x0}
gx10-e146:68:78 [0] NCCL INFO NET/IB: ncclIbConnectImpl: NCCL Dev 3 IbDev 3 Port 1 qp_num 2941 mtu 5 GID 3 (0/26EA8C0FFFF0000) ctsFifoRkey=0x1d7f7b ctsFifoLkey=0x1d7f7b
gx10-e146:68:78 [0] NCCL INFO NET/IB: ncclIbConnectImpl: IbDev 3 Port 1 qp_num 2941 query_ece={supported=1, vendor_id=0x15b3, options=0x30000002, comp_mask=0x0}
gx10-e146:68:78 [0] NCCL INFO NET/IB: Subnet-aware routing: overriding dev 4 with dev 1
gx10-e146:68:78 [0] NCCL INFO NET/IB: ncclIbResiliencyInit: Resiliency is disabled on the recv communicator (comm=0xe3a4dcdcd000)
gx10-e146:68:78 [0] NCCL INFO NET/IB: ncclIbRecvCommInit: Receive work requests will be posted on-demand
gx10-e146:68:78 [0] NCCL INFO NET/IB: Subnet-aware routing: overriding dev 4 with dev 1
gx10-e146:68:78 [0] NCCL INFO NET/IB: Subnet-aware routing: overriding dev 5 with dev 3
gx10-e146:68:78 [0] NCCL INFO NET/IB: Subnet-aware routing: overriding dev 4 with dev 1
gx10-e146:68:78 [0] NCCL INFO NET/IB: Subnet-aware routing: overriding dev 5 with dev 3
gx10-e146:68:78 [0] NCCL INFO NET/IB: ncclIbResiliencyInit: Resiliency is disabled on the send communicator (comm=0xe3a4dce15000)
gx10-e146:68:78 [0] NCCL INFO NET/IB: Subnet-aware routing: overriding dev 4 with dev 1
gx10-e146:68:78 [0] NCCL INFO NET/IB: ncclIbSenderQpsToRts: Set ECE: IbDev 1 Port 1 qp_num 15862 set_ece={supported=1, vendor_id=0x15b3, options=0x30000002, comp_mask=0x0}
gx10-e146:68:78 [0] NCCL INFO NET/IB: ncclIbSenderQpsToRts: Set ECE: IbDev 1 Port 1 qp_num 15863 set_ece={supported=1, vendor_id=0x15b3, options=0x30000002, comp_mask=0x0}
gx10-e146:68:78 [0] NCCL INFO NET/IB: Subnet-aware routing: overriding dev 5 with dev 3
gx10-e146:68:78 [0] NCCL INFO NET/IB: Subnet-aware routing: overriding dev 5 with dev 3
gx10-e146:68:78 [0] NCCL INFO NET/IB: ncclIbReceiverQpsCreateToRts: QP created: port=1 dev=3 devName=roceP2p1s0f1 ndevs=4 nmdevs=6 qp_num=2942 pkey=0 pd=0xe3a4dc23d840 oooRq=0
gx10-e146:68:78 [0] NCCL INFO NET/IB: ncclIbReceiverQpsCreateToRts: QP created: port=1 dev=3 devName=roceP2p1s0f1 ndevs=4 nmdevs=6 qp_num=2943 pkey=0 pd=0xe3a4dc23d840 oooRq=0
gx10-e146:68:78 [0] NCCL INFO NET/IB: ncclIbReceiverQpsCreateToRts: Flush QP created: port=1 dev=3 devName=roceP2p1s0f1 ndevs=4 nmdevs=6 qp_num=2944 pkey=0 pd=0xe3a4dc23d840
gx10-e146:68:78 [0] NCCL INFO NET/IB: Subnet-aware routing: overriding dev 4 with dev 1
gx10-e146:68:78 [0] NCCL INFO NET/IB: ncclIbSenderQpsCreate: QP created: port=1 dev=1 devName=rocep1s0f1 ndevs=4 nmdevs=6 qp_num=15867 pkey=0 pd=0xe3a4dc07dd30 oooRq=0
gx10-e146:68:78 [0] NCCL INFO NET/IB: ncclIbSenderQpsCreate: QP created: port=1 dev=1 devName=rocep1s0f1 ndevs=4 nmdevs=6 qp_num=15868 pkey=0 pd=0xe3a4dc07dd30 oooRq=0
gx10-e146:68:78 [0] NCCL INFO NET/IB: ncclIbConnectImpl: NCCL Dev 1 IbDev 1 Port 1 qp_num 15867 mtu 5 GID 6 (0/264A8C0FFFF0000) ctsFifoRkey=0x1b2220 ctsFifoLkey=0x1b2220
gx10-e146:68:78 [0] NCCL INFO NET/IB: ncclIbConnectImpl: IbDev 1 Port 1 qp_num 15867 query_ece={supported=1, vendor_id=0x15b3, options=0x30000002, comp_mask=0x0}
gx10-e146:68:78 [0] NCCL INFO NET/IB: ncclIbConnectImpl: NCCL Dev 1 IbDev 1 Port 1 qp_num 15868 mtu 5 GID 6 (0/264A8C0FFFF0000) ctsFifoRkey=0x1b2220 ctsFifoLkey=0x1b2220
gx10-e146:68:78 [0] NCCL INFO NET/IB: ncclIbConnectImpl: IbDev 1 Port 1 qp_num 15868 query_ece={supported=1, vendor_id=0x15b3, options=0x30000002, comp_mask=0x0}
gx10-e146:68:78 [0] NCCL INFO NET/IB: Subnet-aware routing: overriding dev 4 with dev 1
gx10-e146:68:78 [0] NCCL INFO NET/IB: ncclIbReceiverQpsCreateToRts: QP created: port=1 dev=1 devName=rocep1s0f1 ndevs=4 nmdevs=6 qp_num=15869 pkey=0 pd=0xe3a4dc07dd30 oooRq=0
gx10-e146:68:78 [0] NCCL INFO NET/IB: ncclIbReceiverQpsCreateToRts: QP created: port=1 dev=1 devName=rocep1s0f1 ndevs=4 nmdevs=6 qp_num=15870 pkey=0 pd=0xe3a4dc07dd30 oooRq=0
gx10-e146:68:78 [0] NCCL INFO NET/IB: ncclIbReceiverQpsCreateToRts: Flush QP created: port=1 dev=1 devName=rocep1s0f1 ndevs=4 nmdevs=6 qp_num=15871 pkey=0 pd=0xe3a4dc07dd30
gx10-e146:68:78 [0] NCCL INFO NET/IB: Subnet-aware routing: overriding dev 5 with dev 3
gx10-e146:68:78 [0] NCCL INFO NET/IB: ncclIbResiliencyInit: Resiliency is disabled on the recv communicator (comm=0xe3a4dcfaa000)
gx10-e146:68:78 [0] NCCL INFO NET/IB: ncclIbRecvCommInit: Receive work requests will be posted on-demand
gx10-e146:68:78 [0] NCCL INFO NET/IB: Subnet-aware routing: overriding dev 5 with dev 3
gx10-e146:68:78 [0] NCCL INFO NET/IB: ncclIbSenderQpsToRts: Set ECE: IbDev 3 Port 1 qp_num 2940 set_ece={supported=1, vendor_id=0x15b3, options=0x30000002, comp_mask=0x0}
gx10-e146:68:78 [0] NCCL INFO NET/IB: ncclIbSenderQpsToRts: Set ECE: IbDev 3 Port 1 qp_num 2941 set_ece={supported=1, vendor_id=0x15b3, options=0x30000002, comp_mask=0x0}
gx10-e146:68:78 [0] NCCL INFO NET/IB: Subnet-aware routing: overriding dev 4 with dev 1
gx10-e146:68:78 [0] NCCL INFO NET/IB: Subnet-aware routing: overriding dev 5 with dev 3
gx10-e146:68:78 [0] NCCL INFO NET/IB: Subnet-aware routing: overriding dev 4 with dev 1
gx10-e146:68:78 [0] NCCL INFO NET/IB: ncclIbResiliencyInit: Resiliency is disabled on the send communicator (comm=0xe3a4dcff2000)
gx10-e146:68:78 [0] NCCL INFO NET/IB: Subnet-aware routing: overriding dev 4 with dev 1
gx10-e146:68:78 [0] NCCL INFO NET/IB: ncclIbSenderQpsToRts: Set ECE: IbDev 1 Port 1 qp_num 15867 set_ece={supported=1, vendor_id=0x15b3, options=0x30000002, comp_mask=0x0}
gx10-e146:68:78 [0] NCCL INFO NET/IB: ncclIbSenderQpsToRts: Set ECE: IbDev 1 Port 1 qp_num 15868 set_ece={supported=1, vendor_id=0x15b3, options=0x30000002, comp_mask=0x0}
gx10-e146:68:78 [0] NCCL INFO NET/IB: Subnet-aware routing: overriding dev 5 with dev 3
gx10-e146:68:78 [0] NCCL INFO NET/IB: ncclIbSenderQpsCreate: QP created: port=1 dev=3 devName=roceP2p1s0f1 ndevs=4 nmdevs=6 qp_num=2945 pkey=0 pd=0xe3a4dc23d840 oooRq=0
gx10-e146:68:78 [0] NCCL INFO NET/IB: ncclIbSenderQpsCreate: QP created: port=1 dev=3 devName=roceP2p1s0f1 ndevs=4 nmdevs=6 qp_num=2946 pkey=0 pd=0xe3a4dc23d840 oooRq=0
gx10-e146:68:78 [0] NCCL INFO NET/IB: ncclIbConnectImpl: NCCL Dev 3 IbDev 3 Port 1 qp_num 2945 mtu 5 GID 3 (0/26EA8C0FFFF0000) ctsFifoRkey=0x1d0f08 ctsFifoLkey=0x1d0f08
gx10-e146:68:78 [0] NCCL INFO NET/IB: ncclIbConnectImpl: IbDev 3 Port 1 qp_num 2945 query_ece={supported=1, vendor_id=0x15b3, options=0x30000002, comp_mask=0x0}
gx10-e146:68:78 [0] NCCL INFO NET/IB: ncclIbConnectImpl: NCCL Dev 3 IbDev 3 Port 1 qp_num 2946 mtu 5 GID 3 (0/26EA8C0FFFF0000) ctsFifoRkey=0x1d0f08 ctsFifoLkey=0x1d0f08
gx10-e146:68:78 [0] NCCL INFO NET/IB: ncclIbConnectImpl: IbDev 3 Port 1 qp_num 2946 query_ece={supported=1, vendor_id=0x15b3, options=0x30000002, comp_mask=0x0}
gx10-e146:68:78 [0] NCCL INFO NET/IB: Subnet-aware routing: overriding dev 5 with dev 3
gx10-e146:68:78 [0] NCCL INFO NET/IB: ncclIbReceiverQpsCreateToRts: QP created: port=1 dev=3 devName=roceP2p1s0f1 ndevs=4 nmdevs=6 qp_num=2947 pkey=0 pd=0xe3a4dc23d840 oooRq=0
gx10-e146:68:78 [0] NCCL INFO NET/IB: ncclIbReceiverQpsCreateToRts: QP created: port=1 dev=3 devName=roceP2p1s0f1 ndevs=4 nmdevs=6 qp_num=2948 pkey=0 pd=0xe3a4dc23d840 oooRq=0
gx10-e146:68:78 [0] NCCL INFO NET/IB: ncclIbReceiverQpsCreateToRts: Flush QP created: port=1 dev=3 devName=roceP2p1s0f1 ndevs=4 nmdevs=6 qp_num=2949 pkey=0 pd=0xe3a4dc23d840
gx10-e146:68:78 [0] NCCL INFO NET/IB: Subnet-aware routing: overriding dev 4 with dev 1
gx10-e146:68:78 [0] NCCL INFO NET/IB: ncclIbResiliencyInit: Resiliency is disabled on the recv communicator (comm=0xe3a4dd0ff000)
gx10-e146:68:78 [0] NCCL INFO NET/IB: ncclIbRecvCommInit: Receive work requests will be posted on-demand
gx10-e146:68:78 [0] NCCL INFO NET/IB: Subnet-aware routing: overriding dev 5 with dev 3
gx10-e146:68:78 [0] NCCL INFO NET/IB: Subnet-aware routing: overriding dev 4 with dev 1
gx10-e146:68:78 [0] NCCL INFO NET/IB: Subnet-aware routing: overriding dev 5 with dev 3
gx10-e146:68:78 [0] NCCL INFO NET/IB: ncclIbResiliencyInit: Resiliency is disabled on the send communicator (comm=0xe3a4dd147000)
gx10-e146:68:78 [0] NCCL INFO NET/IB: Subnet-aware routing: overriding dev 5 with dev 3
gx10-e146:68:78 [0] NCCL INFO NET/IB: ncclIbSenderQpsToRts: Set ECE: IbDev 3 Port 1 qp_num 2945 set_ece={supported=1, vendor_id=0x15b3, options=0x30000002, comp_mask=0x0}
gx10-e146:68:78 [0] NCCL INFO NET/IB: ncclIbSenderQpsToRts: Set ECE: IbDev 3 Port 1 qp_num 2946 set_ece={supported=1, vendor_id=0x15b3, options=0x30000002, comp_mask=0x0}
gx10-e146:68:78 [0] NCCL INFO NET/IB: Subnet-aware routing: overriding dev 4 with dev 1
gx10-e146:68:78 [0] NCCL INFO NET/IB: ncclIbSenderQpsCreate: QP created: port=1 dev=1 devName=rocep1s0f1 ndevs=4 nmdevs=6 qp_num=15872 pkey=0 pd=0xe3a4dc07dd30 oooRq=0
gx10-e146:68:78 [0] NCCL INFO NET/IB: ncclIbSenderQpsCreate: QP created: port=1 dev=1 devName=rocep1s0f1 ndevs=4 nmdevs=6 qp_num=15873 pkey=0 pd=0xe3a4dc07dd30 oooRq=0
gx10-e146:68:78 [0] NCCL INFO NET/IB: ncclIbConnectImpl: NCCL Dev 1 IbDev 1 Port 1 qp_num 15872 mtu 5 GID 6 (0/264A8C0FFFF0000) ctsFifoRkey=0x1ba1a0 ctsFifoLkey=0x1ba1a0
gx10-e146:68:78 [0] NCCL INFO NET/IB: ncclIbConnectImpl: IbDev 1 Port 1 qp_num 15872 query_ece={supported=1, vendor_id=0x15b3, options=0x30000002, comp_mask=0x0}
gx10-e146:68:78 [0] NCCL INFO NET/IB: ncclIbConnectImpl: NCCL Dev 1 IbDev 1 Port 1 qp_num 15873 mtu 5 GID 6 (0/264A8C0FFFF0000) ctsFifoRkey=0x1ba1a0 ctsFifoLkey=0x1ba1a0
gx10-e146:68:78 [0] NCCL INFO NET/IB: ncclIbConnectImpl: IbDev 1 Port 1 qp_num 15873 query_ece={supported=1, vendor_id=0x15b3, options=0x30000002, comp_mask=0x0}
gx10-e146:68:78 [0] NCCL INFO NET/IB: Subnet-aware routing: overriding dev 5 with dev 3
gx10-e146:68:78 [0] NCCL INFO NET/IB: ncclIbResiliencyInit: Resiliency is disabled on the recv communicator (comm=0xe3a4dd1e2000)
gx10-e146:68:78 [0] NCCL INFO NET/IB: ncclIbRecvCommInit: Receive work requests will be posted on-demand
gx10-e146:68:78 [0] NCCL INFO NET/IB: Subnet-aware routing: overriding dev 4 with dev 1
gx10-e146:68:78 [0] NCCL INFO NET/IB: Subnet-aware routing: overriding dev 5 with dev 3
gx10-e146:68:78 [0] NCCL INFO NET/IB: Subnet-aware routing: overriding dev 4 with dev 1
gx10-e146:68:78 [0] NCCL INFO NET/IB: ncclIbResiliencyInit: Resiliency is disabled on the send communicator (comm=0xe3a4dd22a000)
gx10-e146:68:78 [0] NCCL INFO NET/IB: Subnet-aware routing: overriding dev 4 with dev 1
gx10-e146:68:78 [0] NCCL INFO NET/IB: Subnet-aware routing: overriding dev 5 with dev 3
gx10-e146:68:78 [0] NCCL INFO NET/IB: Subnet-aware routing: overriding dev 4 with dev 1
gx10-e146:68:78 [0] NCCL INFO NET/IB: ncclIbResiliencyInit: Resiliency is disabled on the recv communicator (comm=0xe3a4dd26e000)
gx10-e146:68:78 [0] NCCL INFO NET/IB: ncclIbRecvCommInit: Receive work requests will be posted on-demand
gx10-e146:68:78 [0] NCCL INFO NET/IB: Subnet-aware routing: overriding dev 4 with dev 1
gx10-e146:68:78 [0] NCCL INFO NET/IB: Subnet-aware routing: overriding dev 4 with dev 1
gx10-e146:68:78 [0] NCCL INFO NET/IB: ncclIbReceiverQpsCreateToRts: QP created: port=1 dev=1 devName=rocep1s0f1 ndevs=4 nmdevs=6 qp_num=15874 pkey=0 pd=0xe3a4dc07dd30 oooRq=0
gx10-e146:68:78 [0] NCCL INFO NET/IB: ncclIbReceiverQpsCreateToRts: QP created: port=1 dev=1 devName=rocep1s0f1 ndevs=4 nmdevs=6 qp_num=15875 pkey=0 pd=0xe3a4dc07dd30 oooRq=0
gx10-e146:68:78 [0] NCCL INFO NET/IB: ncclIbReceiverQpsCreateToRts: Flush QP created: port=1 dev=1 devName=rocep1s0f1 ndevs=4 nmdevs=6 qp_num=15876 pkey=0 pd=0xe3a4dc07dd30
gx10-e146:68:78 [0] NCCL INFO NET/IB: Subnet-aware routing: overriding dev 5 with dev 3
gx10-e146:68:78 [0] NCCL INFO NET/IB: Subnet-aware routing: overriding dev 4 with dev 1
gx10-e146:68:78 [0] NCCL INFO NET/IB: Subnet-aware routing: overriding dev 5 with dev 3
gx10-e146:68:78 [0] NCCL INFO NET/IB: ncclIbResiliencyInit: Resiliency is disabled on the send communicator (comm=0xe3a4dd332000)
gx10-e146:68:78 [0] NCCL INFO NET/IB: Subnet-aware routing: overriding dev 4 with dev 1
gx10-e146:68:78 [0] NCCL INFO NET/IB: ncclIbSenderQpsToRts: Set ECE: IbDev 1 Port 1 qp_num 15872 set_ece={supported=1, vendor_id=0x15b3, options=0x30000002, comp_mask=0x0}
gx10-e146:68:78 [0] NCCL INFO NET/IB: ncclIbSenderQpsToRts: Set ECE: IbDev 1 Port 1 qp_num 15873 set_ece={supported=1, vendor_id=0x15b3, options=0x30000002, comp_mask=0x0}
gx10-e146:68:78 [0] NCCL INFO NET/IB: Subnet-aware routing: overriding dev 5 with dev 3
gx10-e146:68:78 [0] NCCL INFO NET/IB: Subnet-aware routing: overriding dev 4 with dev 1
gx10-e146:68:78 [0] NCCL INFO NET/IB: Subnet-aware routing: overriding dev 5 with dev 3
gx10-e146:68:78 [0] NCCL INFO NET/IB: ncclIbResiliencyInit: Resiliency is disabled on the recv communicator (comm=0xe3a4dd373000)
gx10-e146:68:78 [0] NCCL INFO NET/IB: ncclIbRecvCommInit: Receive work requests will be posted on-demand
gx10-e146:68:78 [0] NCCL INFO NET/IB: Subnet-aware routing: overriding dev 5 with dev 3
gx10-e146:68:78 [0] NCCL INFO NET/IB: Subnet-aware routing: overriding dev 4 with dev 1
gx10-e146:68:78 [0] NCCL INFO NET/IB: Subnet-aware routing: overriding dev 5 with dev 3
gx10-e146:68:78 [0] NCCL INFO NET/IB: Subnet-aware routing: overriding dev 4 with dev 1
gx10-e146:68:78 [0] NCCL INFO NET/IB: ncclIbResiliencyInit: Resiliency is disabled on the send communicator (comm=0xe3a4dd3bb000)
gx10-e146:68:78 [0] NCCL INFO NET/IB: Subnet-aware routing: overriding dev 5 with dev 3
gx10-e146:68:78 [0] NCCL INFO NET/IB: Subnet-aware routing: overriding dev 4 with dev 1
gx10-e146:68:78 [0] NCCL INFO NET/IB: Subnet-aware routing: overriding dev 5 with dev 3
gx10-e146:68:78 [0] NCCL INFO NET/IB: Subnet-aware routing: overriding dev 4 with dev 1
gx10-e146:68:78 [0] NCCL INFO NET/IB: ncclIbResiliencyInit: Resiliency is disabled on the recv communicator (comm=0xe3a4dd3fc000)
gx10-e146:68:78 [0] NCCL INFO NET/IB: ncclIbRecvCommInit: Receive work requests will be posted on-demand
gx10-e146:68:78 [0] NCCL INFO NET/IB: Subnet-aware routing: overriding dev 5 with dev 3
gx10-e146:68:78 [0] NCCL INFO NET/IB: Subnet-aware routing: overriding dev 4 with dev 1
gx10-e146:68:78 [0] NCCL INFO NET/IB: Subnet-aware routing: overriding dev 5 with dev 3
gx10-e146:68:78 [0] NCCL INFO NET/IB: Subnet-aware routing: overriding dev 4 with dev 1
gx10-e146:68:78 [0] NCCL INFO NET/IB: Subnet-aware routing: overriding dev 5 with dev 3
gx10-e146:68:78 [0] NCCL INFO NET/IB: ncclIbResiliencyInit: Resiliency is disabled on the send communicator (comm=0xe3a4dd444000)
gx10-e146:68:78 [0] NCCL INFO NET/IB: Subnet-aware routing: overriding dev 5 with dev 3
gx10-e146:68:78 [0] NCCL INFO NET/IB: Subnet-aware routing: overriding dev 4 with dev 1
gx10-e146:68:78 [0] NCCL INFO NET/IB: Subnet-aware routing: overriding dev 5 with dev 3
gx10-e146:68:78 [0] NCCL INFO NET/IB: Subnet-aware routing: overriding dev 4 with dev 1
gx10-e146:68:78 [0] NCCL INFO NET/IB: Subnet-aware routing: overriding dev 5 with dev 3
gx10-e146:68:78 [0] NCCL INFO NET/IB: ncclIbResiliencyInit: Resiliency is disabled on the recv communicator (comm=0xe3a4dd485000)
gx10-e146:68:78 [0] NCCL INFO NET/IB: ncclIbRecvCommInit: Receive work requests will be posted on-demand
gx10-e146:68:78 [0] NCCL INFO NET/IB: Subnet-aware routing: overriding dev 5 with dev 3
gx10-e146:68:78 [0] NCCL INFO NET/IB: Subnet-aware routing: overriding dev 4 with dev 1
gx10-e146:68:78 [0] NCCL INFO NET/IB: Subnet-aware routing: overriding dev 5 with dev 3
gx10-e146:68:78 [0] NCCL INFO NET/IB: Subnet-aware routing: overriding dev 4 with dev 1
gx10-e146:68:78 [0] NCCL INFO NET/IB: Subnet-aware routing: overriding dev 5 with dev 3
gx10-e146:68:78 [0] NCCL INFO NET/IB: Subnet-aware routing: overriding dev 4 with dev 1
gx10-e146:68:78 [0] NCCL INFO NET/IB: ncclIbResiliencyInit: Resiliency is disabled on the send communicator (comm=0xe3a4dd4cd000)
gx10-e146:68:78 [0] NCCL INFO NET/IB: Subnet-aware routing: overriding dev 5 with dev 3
gx10-e146:68:78 [0] NCCL INFO NET/IB: Subnet-aware routing: overriding dev 4 with dev 1
gx10-e146:68:78 [0] NCCL INFO NET/IB: Subnet-aware routing: overriding dev 5 with dev 3
gx10-e146:68:78 [0] NCCL INFO NET/IB: Subnet-aware routing: overriding dev 4 with dev 1
gx10-e146:68:78 [0] NCCL INFO NET/IB: Subnet-aware routing: overriding dev 5 with dev 3
gx10-e146:68:78 [0] NCCL INFO NET/IB: Subnet-aware routing: overriding dev 4 with dev 1
gx10-e146:68:78 [0] NCCL INFO NET/IB: ncclIbResiliencyInit: Resiliency is disabled on the recv communicator (comm=0xe3a4dd50e000)
gx10-e146:68:78 [0] NCCL INFO NET/IB: ncclIbRecvCommInit: Receive work requests will be posted on-demand
gx10-e146:68:78 [0] NCCL INFO NET/IB: Subnet-aware routing: overriding dev 5 with dev 3
gx10-e146:68:78 [0] NCCL INFO NET/IB: Subnet-aware routing: overriding dev 4 with dev 1
gx10-e146:68:78 [0] NCCL INFO NET/IB: Subnet-aware routing: overriding dev 5 with dev 3
gx10-e146:68:78 [0] NCCL INFO NET/IB: Subnet-aware routing: overriding dev 4 with dev 1
gx10-e146:68:78 [0] NCCL INFO NET/IB: Subnet-aware routing: overriding dev 5 with dev 3
gx10-e146:68:78 [0] NCCL INFO NET/IB: Subnet-aware routing: overriding dev 4 with dev 1
gx10-e146:68:78 [0] NCCL INFO NET/IB: Subnet-aware routing: overriding dev 5 with dev 3
gx10-e146:68:78 [0] NCCL INFO NET/IB: ncclIbResiliencyInit: Resiliency is disabled on the send communicator (comm=0xe3a4dd556000)
gx10-e146:68:78 [0] NCCL INFO NET/IB: Subnet-aware routing: overriding dev 5 with dev 3
gx10-e146:68:78 [0] NCCL INFO NET/IB: Subnet-aware routing: overriding dev 4 with dev 1
gx10-e146:68:78 [0] NCCL INFO NET/IB: Subnet-aware routing: overriding dev 5 with dev 3
gx10-e146:68:78 [0] NCCL INFO NET/IB: Subnet-aware routing: overriding dev 4 with dev 1
gx10-e146:68:78 [0] NCCL INFO NET/IB: Subnet-aware routing: overriding dev 5 with dev 3
gx10-e146:68:78 [0] NCCL INFO NET/IB: Subnet-aware routing: overriding dev 4 with dev 1
gx10-e146:68:78 [0] NCCL INFO NET/IB: Subnet-aware routing: overriding dev 5 with dev 3
gx10-e146:68:78 [0] NCCL INFO NET/IB: ncclIbResiliencyInit: Resiliency is disabled on the recv communicator (comm=0xe3a4dd597000)
gx10-e146:68:78 [0] NCCL INFO NET/IB: ncclIbRecvCommInit: Receive work requests will be posted on-demand
gx10-e146:68:78 [0] NCCL INFO NET/IB: Subnet-aware routing: overriding dev 5 with dev 3
gx10-e146:68:78 [0] NCCL INFO NET/IB: Subnet-aware routing: overriding dev 4 with dev 1
gx10-e146:68:78 [0] NCCL INFO NET/IB: Subnet-aware routing: overriding dev 5 with dev 3
gx10-e146:68:78 [0] NCCL INFO NET/IB: Subnet-aware routing: overriding dev 4 with dev 1
gx10-e146:68:78 [0] NCCL INFO NET/IB: Subnet-aware routing: overriding dev 5 with dev 3
gx10-e146:68:78 [0] NCCL INFO NET/IB: Subnet-aware routing: overriding dev 4 with dev 1
gx10-e146:68:78 [0] NCCL INFO NET/IB: Subnet-aware routing: overriding dev 5 with dev 3
gx10-e146:68:78 [0] NCCL INFO NET/IB: Subnet-aware routing: overriding dev 4 with dev 1
gx10-e146:68:78 [0] NCCL INFO NET/IB: ncclIbResiliencyInit: Resiliency is disabled on the send communicator (comm=0xe3a4dd5df000)
gx10-e146:68:78 [0] NCCL INFO NET/IB: Subnet-aware routing: overriding dev 5 with dev 3
gx10-e146:68:78 [0] NCCL INFO NET/IB: Subnet-aware routing: overriding dev 4 with dev 1
gx10-e146:68:78 [0] NCCL INFO NET/IB: Subnet-aware routing: overriding dev 5 with dev 3
gx10-e146:68:78 [0] NCCL INFO NET/IB: Subnet-aware routing: overriding dev 4 with dev 1
gx10-e146:68:78 [0] NCCL INFO NET/IB: Subnet-aware routing: overriding dev 5 with dev 3
gx10-e146:68:78 [0] NCCL INFO NET/IB: Subnet-aware routing: overriding dev 4 with dev 1
gx10-e146:68:78 [0] NCCL INFO NET/IB: Subnet-aware routing: overriding dev 5 with dev 3
gx10-e146:68:78 [0] NCCL INFO NET/IB: Subnet-aware routing: overriding dev 4 with dev 1
gx10-e146:68:78 [0] NCCL INFO NET/IB: ncclIbResiliencyInit: Resiliency is disabled on the recv communicator (comm=0xe3a4dd620000)
gx10-e146:68:78 [0] NCCL INFO NET/IB: ncclIbRecvCommInit: Receive work requests will be posted on-demand
gx10-e146:68:78 [0] NCCL INFO NET/IB: Subnet-aware routing: overriding dev 5 with dev 3
gx10-e146:68:78 [0] NCCL INFO NET/IB: ncclIbSenderQpsCreate: QP created: port=1 dev=3 devName=roceP2p1s0f1 ndevs=4 nmdevs=6 qp_num=2950 pkey=0 pd=0xe3a4dc23d840 oooRq=0
gx10-e146:68:78 [0] NCCL INFO NET/IB: ncclIbSenderQpsCreate: QP created: port=1 dev=3 devName=roceP2p1s0f1 ndevs=4 nmdevs=6 qp_num=2951 pkey=0 pd=0xe3a4dc23d840 oooRq=0
gx10-e146:68:78 [0] NCCL INFO NET/IB: ncclIbConnectImpl: NCCL Dev 3 IbDev 3 Port 1 qp_num 2950 mtu 5 GID 3 (0/26EA8C0FFFF0000) ctsFifoRkey=0x1cf4f4 ctsFifoLkey=0x1cf4f4
gx10-e146:68:78 [0] NCCL INFO NET/IB: ncclIbConnectImpl: IbDev 3 Port 1 qp_num 2950 query_ece={supported=1, vendor_id=0x15b3, options=0x30000002, comp_mask=0x0}
gx10-e146:68:78 [0] NCCL INFO NET/IB: ncclIbConnectImpl: NCCL Dev 3 IbDev 3 Port 1 qp_num 2951 mtu 5 GID 3 (0/26EA8C0FFFF0000) ctsFifoRkey=0x1cf4f4 ctsFifoLkey=0x1cf4f4
gx10-e146:68:78 [0] NCCL INFO NET/IB: ncclIbConnectImpl: IbDev 3 Port 1 qp_num 2951 query_ece={supported=1, vendor_id=0x15b3, options=0x30000002, comp_mask=0x0}
gx10-e146:68:78 [0] NCCL INFO NET/IB: Subnet-aware routing: overriding dev 4 with dev 1
gx10-e146:68:78 [0] NCCL INFO NET/IB: ncclIbSenderQpsCreate: QP created: port=1 dev=1 devName=rocep1s0f1 ndevs=4 nmdevs=6 qp_num=15877 pkey=0 pd=0xe3a4dc07dd30 oooRq=0
gx10-e146:68:78 [0] NCCL INFO NET/IB: ncclIbSenderQpsCreate: QP created: port=1 dev=1 devName=rocep1s0f1 ndevs=4 nmdevs=6 qp_num=15878 pkey=0 pd=0xe3a4dc07dd30 oooRq=0
gx10-e146:68:78 [0] NCCL INFO NET/IB: ncclIbConnectImpl: NCCL Dev 1 IbDev 1 Port 1 qp_num 15877 mtu 5 GID 6 (0/264A8C0FFFF0000) ctsFifoRkey=0x1ae0d6 ctsFifoLkey=0x1ae0d6
gx10-e146:68:78 [0] NCCL INFO NET/IB: ncclIbConnectImpl: IbDev 1 Port 1 qp_num 15877 query_ece={supported=1, vendor_id=0x15b3, options=0x30000002, comp_mask=0x0}
gx10-e146:68:78 [0] NCCL INFO NET/IB: ncclIbConnectImpl: NCCL Dev 1 IbDev 1 Port 1 qp_num 15878 mtu 5 GID 6 (0/264A8C0FFFF0000) ctsFifoRkey=0x1ae0d6 ctsFifoLkey=0x1ae0d6
gx10-e146:68:78 [0] NCCL INFO NET/IB: ncclIbConnectImpl: IbDev 1 Port 1 qp_num 15878 query_ece={supported=1, vendor_id=0x15b3, options=0x30000002, comp_mask=0x0}
gx10-e146:68:78 [0] NCCL INFO NET/IB: Subnet-aware routing: overriding dev 5 with dev 3
gx10-e146:68:78 [0] NCCL INFO NET/IB: Subnet-aware routing: overriding dev 4 with dev 1
gx10-e146:68:78 [0] NCCL INFO NET/IB: Subnet-aware routing: overriding dev 5 with dev 3
gx10-e146:68:78 [0] NCCL INFO NET/IB: Subnet-aware routing: overriding dev 4 with dev 1
gx10-e146:68:78 [0] NCCL INFO NET/IB: Subnet-aware routing: overriding dev 5 with dev 3
gx10-e146:68:78 [0] NCCL INFO NET/IB: Subnet-aware routing: overriding dev 4 with dev 1
gx10-e146:68:78 [0] NCCL INFO NET/IB: Subnet-aware routing: overriding dev 5 with dev 3
gx10-e146:68:78 [0] NCCL INFO NET/IB: ncclIbResiliencyInit: Resiliency is disabled on the send communicator (comm=0xe3a4dd72a000)
gx10-e146:68:78 [0] NCCL INFO NET/IB: Subnet-aware routing: overriding dev 5 with dev 3
gx10-e146:68:78 [0] NCCL INFO NET/IB: ncclIbSenderQpsToRts: Set ECE: IbDev 3 Port 1 qp_num 2950 set_ece={supported=1, vendor_id=0x15b3, options=0x30000002, comp_mask=0x0}
gx10-e146:68:78 [0] NCCL INFO NET/IB: ncclIbSenderQpsToRts: Set ECE: IbDev 3 Port 1 qp_num 2951 set_ece={supported=1, vendor_id=0x15b3, options=0x30000002, comp_mask=0x0}
gx10-e146:68:78 [0] NCCL INFO NET/IB: Subnet-aware routing: overriding dev 5 with dev 3
gx10-e146:68:78 [0] NCCL INFO NET/IB: ncclIbReceiverQpsCreateToRts: QP created: port=1 dev=3 devName=roceP2p1s0f1 ndevs=4 nmdevs=6 qp_num=2952 pkey=0 pd=0xe3a4dc23d840 oooRq=0
gx10-e146:68:78 [0] NCCL INFO NET/IB: ncclIbReceiverQpsCreateToRts: QP created: port=1 dev=3 devName=roceP2p1s0f1 ndevs=4 nmdevs=6 qp_num=2953 pkey=0 pd=0xe3a4dc23d840 oooRq=0
gx10-e146:68:78 [0] NCCL INFO NET/IB: ncclIbReceiverQpsCreateToRts: Flush QP created: port=1 dev=3 devName=roceP2p1s0f1 ndevs=4 nmdevs=6 qp_num=2954 pkey=0 pd=0xe3a4dc23d840
gx10-e146:68:78 [0] NCCL INFO NET/IB: Subnet-aware routing: overriding dev 4 with dev 1
gx10-e146:68:78 [0] NCCL INFO NET/IB: ncclIbSenderQpsToRts: Set ECE: IbDev 1 Port 1 qp_num 15877 set_ece={supported=1, vendor_id=0x15b3, options=0x30000002, comp_mask=0x0}
gx10-e146:68:78 [0] NCCL INFO NET/IB: ncclIbSenderQpsToRts: Set ECE: IbDev 1 Port 1 qp_num 15878 set_ece={supported=1, vendor_id=0x15b3, options=0x30000002, comp_mask=0x0}
gx10-e146:68:78 [0] NCCL INFO NET/IB: Subnet-aware routing: overriding dev 5 with dev 3
gx10-e146:68:78 [0] NCCL INFO NET/IB: ncclIbSenderQpsCreate: QP created: port=1 dev=3 devName=roceP2p1s0f1 ndevs=4 nmdevs=6 qp_num=2955 pkey=0 pd=0xe3a4dc23d840 oooRq=0
gx10-e146:68:78 [0] NCCL INFO NET/IB: ncclIbSenderQpsCreate: QP created: port=1 dev=3 devName=roceP2p1s0f1 ndevs=4 nmdevs=6 qp_num=2956 pkey=0 pd=0xe3a4dc23d840 oooRq=0
gx10-e146:68:78 [0] NCCL INFO NET/IB: ncclIbConnectImpl: NCCL Dev 3 IbDev 3 Port 1 qp_num 2955 mtu 5 GID 3 (0/26EA8C0FFFF0000) ctsFifoRkey=0x1dc6c6 ctsFifoLkey=0x1dc6c6
gx10-e146:68:78 [0] NCCL INFO NET/IB: ncclIbConnectImpl: IbDev 3 Port 1 qp_num 2955 query_ece={supported=1, vendor_id=0x15b3, options=0x30000002, comp_mask=0x0}
gx10-e146:68:78 [0] NCCL INFO NET/IB: ncclIbConnectImpl: NCCL Dev 3 IbDev 3 Port 1 qp_num 2956 mtu 5 GID 3 (0/26EA8C0FFFF0000) ctsFifoRkey=0x1dc6c6 ctsFifoLkey=0x1dc6c6
gx10-e146:68:78 [0] NCCL INFO NET/IB: ncclIbConnectImpl: IbDev 3 Port 1 qp_num 2956 query_ece={supported=1, vendor_id=0x15b3, options=0x30000002, comp_mask=0x0}
gx10-e146:68:78 [0] NCCL INFO NET/IB: Subnet-aware routing: overriding dev 4 with dev 1
gx10-e146:68:78 [0] NCCL INFO NET/IB: ncclIbSenderQpsCreate: QP created: port=1 dev=1 devName=rocep1s0f1 ndevs=4 nmdevs=6 qp_num=15879 pkey=0 pd=0xe3a4dc07dd30 oooRq=0
gx10-e146:68:78 [0] NCCL INFO NET/IB: ncclIbSenderQpsCreate: QP created: port=1 dev=1 devName=rocep1s0f1 ndevs=4 nmdevs=6 qp_num=15880 pkey=0 pd=0xe3a4dc07dd30 oooRq=0
gx10-e146:68:78 [0] NCCL INFO NET/IB: ncclIbConnectImpl: NCCL Dev 1 IbDev 1 Port 1 qp_num 15879 mtu 5 GID 6 (0/264A8C0FFFF0000) ctsFifoRkey=0x1a1a17 ctsFifoLkey=0x1a1a17
gx10-e146:68:78 [0] NCCL INFO NET/IB: ncclIbConnectImpl: IbDev 1 Port 1 qp_num 15879 query_ece={supported=1, vendor_id=0x15b3, options=0x30000002, comp_mask=0x0}
gx10-e146:68:78 [0] NCCL INFO NET/IB: ncclIbConnectImpl: NCCL Dev 1 IbDev 1 Port 1 qp_num 15880 mtu 5 GID 6 (0/264A8C0FFFF0000) ctsFifoRkey=0x1a1a17 ctsFifoLkey=0x1a1a17
gx10-e146:68:78 [0] NCCL INFO NET/IB: ncclIbConnectImpl: IbDev 1 Port 1 qp_num 15880 query_ece={supported=1, vendor_id=0x15b3, options=0x30000002, comp_mask=0x0}
gx10-e146:68:78 [0] NCCL INFO NET/IB: Subnet-aware routing: overriding dev 5 with dev 3
gx10-e146:68:78 [0] NCCL INFO NET/IB: ncclIbSenderQpsCreate: QP created: port=1 dev=3 devName=roceP2p1s0f1 ndevs=4 nmdevs=6 qp_num=2957 pkey=0 pd=0xe3a4dc23d840 oooRq=0
gx10-e146:68:78 [0] NCCL INFO NET/IB: ncclIbSenderQpsCreate: QP created: port=1 dev=3 devName=roceP2p1s0f1 ndevs=4 nmdevs=6 qp_num=2958 pkey=0 pd=0xe3a4dc23d840 oooRq=0
gx10-e146:68:78 [0] NCCL INFO NET/IB: ncclIbConnectImpl: NCCL Dev 3 IbDev 3 Port 1 qp_num 2957 mtu 5 GID 3 (0/26EA8C0FFFF0000) ctsFifoRkey=0x1c5554 ctsFifoLkey=0x1c5554
gx10-e146:68:78 [0] NCCL INFO NET/IB: ncclIbConnectImpl: IbDev 3 Port 1 qp_num 2957 query_ece={supported=1, vendor_id=0x15b3, options=0x30000002, comp_mask=0x0}
gx10-e146:68:78 [0] NCCL INFO NET/IB: ncclIbConnectImpl: NCCL Dev 3 IbDev 3 Port 1 qp_num 2958 mtu 5 GID 3 (0/26EA8C0FFFF0000) ctsFifoRkey=0x1c5554 ctsFifoLkey=0x1c5554
gx10-e146:68:78 [0] NCCL INFO NET/IB: ncclIbConnectImpl: IbDev 3 Port 1 qp_num 2958 query_ece={supported=1, vendor_id=0x15b3, options=0x30000002, comp_mask=0x0}
gx10-e146:68:78 [0] NCCL INFO NET/IB: Subnet-aware routing: overriding dev 5 with dev 3
gx10-e146:68:78 [0] NCCL INFO NET/IB: ncclIbReceiverQpsCreateToRts: QP created: port=1 dev=3 devName=roceP2p1s0f1 ndevs=4 nmdevs=6 qp_num=2959 pkey=0 pd=0xe3a4dc23d840 oooRq=0
gx10-e146:68:78 [0] NCCL INFO NET/IB: ncclIbReceiverQpsCreateToRts: QP created: port=1 dev=3 devName=roceP2p1s0f1 ndevs=4 nmdevs=6 qp_num=2960 pkey=0 pd=0xe3a4dc23d840 oooRq=0
gx10-e146:68:78 [0] NCCL INFO NET/IB: ncclIbReceiverQpsCreateToRts: Flush QP created: port=1 dev=3 devName=roceP2p1s0f1 ndevs=4 nmdevs=6 qp_num=2961 pkey=0 pd=0xe3a4dc23d840
gx10-e146:68:78 [0] NCCL INFO NET/IB: Subnet-aware routing: overriding dev 4 with dev 1
gx10-e146:68:78 [0] NCCL INFO NET/IB: ncclIbSenderQpsCreate: QP created: port=1 dev=1 devName=rocep1s0f1 ndevs=4 nmdevs=6 qp_num=15881 pkey=0 pd=0xe3a4dc07dd30 oooRq=0
gx10-e146:68:78 [0] NCCL INFO NET/IB: ncclIbSenderQpsCreate: QP created: port=1 dev=1 devName=rocep1s0f1 ndevs=4 nmdevs=6 qp_num=15882 pkey=0 pd=0xe3a4dc07dd30 oooRq=0
gx10-e146:68:78 [0] NCCL INFO NET/IB: ncclIbConnectImpl: NCCL Dev 1 IbDev 1 Port 1 qp_num 15881 mtu 5 GID 6 (0/264A8C0FFFF0000) ctsFifoRkey=0x1b8a89 ctsFifoLkey=0x1b8a89
gx10-e146:68:78 [0] NCCL INFO NET/IB: ncclIbConnectImpl: IbDev 1 Port 1 qp_num 15881 query_ece={supported=1, vendor_id=0x15b3, options=0x30000002, comp_mask=0x0}
gx10-e146:68:78 [0] NCCL INFO NET/IB: ncclIbConnectImpl: NCCL Dev 1 IbDev 1 Port 1 qp_num 15882 mtu 5 GID 6 (0/264A8C0FFFF0000) ctsFifoRkey=0x1b8a89 ctsFifoLkey=0x1b8a89
gx10-e146:68:78 [0] NCCL INFO NET/IB: ncclIbConnectImpl: IbDev 1 Port 1 qp_num 15882 query_ece={supported=1, vendor_id=0x15b3, options=0x30000002, comp_mask=0x0}
gx10-e146:68:78 [0] NCCL INFO NET/IB: Subnet-aware routing: overriding dev 4 with dev 1
gx10-e146:68:78 [0] NCCL INFO NET/IB: ncclIbReceiverQpsCreateToRts: QP created: port=1 dev=1 devName=rocep1s0f1 ndevs=4 nmdevs=6 qp_num=15883 pkey=0 pd=0xe3a4dc07dd30 oooRq=0
gx10-e146:68:78 [0] NCCL INFO NET/IB: ncclIbReceiverQpsCreateToRts: QP created: port=1 dev=1 devName=rocep1s0f1 ndevs=4 nmdevs=6 qp_num=15884 pkey=0 pd=0xe3a4dc07dd30 oooRq=0
gx10-e146:68:78 [0] NCCL INFO NET/IB: ncclIbReceiverQpsCreateToRts: Flush QP created: port=1 dev=1 devName=rocep1s0f1 ndevs=4 nmdevs=6 qp_num=15885 pkey=0 pd=0xe3a4dc07dd30
gx10-e146:68:78 [0] NCCL INFO NET/IB: Subnet-aware routing: overriding dev 5 with dev 3
gx10-e146:68:78 [0] NCCL INFO NET/IB: ncclIbSenderQpsCreate: QP created: port=1 dev=3 devName=roceP2p1s0f1 ndevs=4 nmdevs=6 qp_num=2962 pkey=0 pd=0xe3a4dc23d840 oooRq=0
gx10-e146:68:78 [0] NCCL INFO NET/IB: ncclIbSenderQpsCreate: QP created: port=1 dev=3 devName=roceP2p1s0f1 ndevs=4 nmdevs=6 qp_num=2963 pkey=0 pd=0xe3a4dc23d840 oooRq=0
gx10-e146:68:78 [0] NCCL INFO NET/IB: ncclIbConnectImpl: NCCL Dev 3 IbDev 3 Port 1 qp_num 2962 mtu 5 GID 3 (0/26EA8C0FFFF0000) ctsFifoRkey=0x1dbbba ctsFifoLkey=0x1dbbba
gx10-e146:68:78 [0] NCCL INFO NET/IB: ncclIbConnectImpl: IbDev 3 Port 1 qp_num 2962 query_ece={supported=1, vendor_id=0x15b3, options=0x30000002, comp_mask=0x0}
gx10-e146:68:78 [0] NCCL INFO NET/IB: ncclIbConnectImpl: NCCL Dev 3 IbDev 3 Port 1 qp_num 2963 mtu 5 GID 3 (0/26EA8C0FFFF0000) ctsFifoRkey=0x1dbbba ctsFifoLkey=0x1dbbba
gx10-e146:68:78 [0] NCCL INFO NET/IB: ncclIbConnectImpl: IbDev 3 Port 1 qp_num 2963 query_ece={supported=1, vendor_id=0x15b3, options=0x30000002, comp_mask=0x0}
gx10-e146:68:78 [0] NCCL INFO NET/IB: Subnet-aware routing: overriding dev 5 with dev 3
gx10-e146:68:78 [0] NCCL INFO NET/IB: ncclIbReceiverQpsCreateToRts: QP created: port=1 dev=3 devName=roceP2p1s0f1 ndevs=4 nmdevs=6 qp_num=2964 pkey=0 pd=0xe3a4dc23d840 oooRq=0
gx10-e146:68:78 [0] NCCL INFO NET/IB: ncclIbReceiverQpsCreateToRts: QP created: port=1 dev=3 devName=roceP2p1s0f1 ndevs=4 nmdevs=6 qp_num=2965 pkey=0 pd=0xe3a4dc23d840 oooRq=0
gx10-e146:68:78 [0] NCCL INFO NET/IB: ncclIbReceiverQpsCreateToRts: Flush QP created: port=1 dev=3 devName=roceP2p1s0f1 ndevs=4 nmdevs=6 qp_num=2966 pkey=0 pd=0xe3a4dc23d840
gx10-e146:68:78 [0] NCCL INFO NET/IB: Subnet-aware routing: overriding dev 4 with dev 1
gx10-e146:68:78 [0] NCCL INFO NET/IB: ncclIbSenderQpsCreate: QP created: port=1 dev=1 devName=rocep1s0f1 ndevs=4 nmdevs=6 qp_num=15886 pkey=0 pd=0xe3a4dc07dd30 oooRq=0
gx10-e146:68:78 [0] NCCL INFO NET/IB: ncclIbSenderQpsCreate: QP created: port=1 dev=1 devName=rocep1s0f1 ndevs=4 nmdevs=6 qp_num=15887 pkey=0 pd=0xe3a4dc07dd30 oooRq=0
gx10-e146:68:78 [0] NCCL INFO NET/IB: ncclIbConnectImpl: NCCL Dev 1 IbDev 1 Port 1 qp_num 15886 mtu 5 GID 6 (0/264A8C0FFFF0000) ctsFifoRkey=0x191815 ctsFifoLkey=0x191815
gx10-e146:68:78 [0] NCCL INFO NET/IB: ncclIbConnectImpl: IbDev 1 Port 1 qp_num 15886 query_ece={supported=1, vendor_id=0x15b3, options=0x30000002, comp_mask=0x0}
gx10-e146:68:78 [0] NCCL INFO NET/IB: ncclIbConnectImpl: NCCL Dev 1 IbDev 1 Port 1 qp_num 15887 mtu 5 GID 6 (0/264A8C0FFFF0000) ctsFifoRkey=0x191815 ctsFifoLkey=0x191815
gx10-e146:68:78 [0] NCCL INFO NET/IB: ncclIbConnectImpl: IbDev 1 Port 1 qp_num 15887 query_ece={supported=1, vendor_id=0x15b3, options=0x30000002, comp_mask=0x0}
gx10-e146:68:78 [0] NCCL INFO NET/IB: Subnet-aware routing: overriding dev 4 with dev 1
gx10-e146:68:78 [0] NCCL INFO NET/IB: ncclIbReceiverQpsCreateToRts: QP created: port=1 dev=1 devName=rocep1s0f1 ndevs=4 nmdevs=6 qp_num=15888 pkey=0 pd=0xe3a4dc07dd30 oooRq=0
gx10-e146:68:78 [0] NCCL INFO NET/IB: ncclIbReceiverQpsCreateToRts: QP created: port=1 dev=1 devName=rocep1s0f1 ndevs=4 nmdevs=6 qp_num=15889 pkey=0 pd=0xe3a4dc07dd30 oooRq=0
gx10-e146:68:78 [0] NCCL INFO NET/IB: ncclIbReceiverQpsCreateToRts: Flush QP created: port=1 dev=1 devName=rocep1s0f1 ndevs=4 nmdevs=6 qp_num=15890 pkey=0 pd=0xe3a4dc07dd30
gx10-e146:68:78 [0] NCCL INFO NET/IB: Subnet-aware routing: overriding dev 5 with dev 3
gx10-e146:68:78 [0] NCCL INFO NET/IB: ncclIbResiliencyInit: Resiliency is disabled on the recv communicator (comm=0xe3a4ddbf3000)
gx10-e146:68:78 [0] NCCL INFO NET/IB: ncclIbRecvCommInit: Receive work requests will be posted on-demand
gx10-e146:68:78 [0] NCCL INFO NET/IB: Subnet-aware routing: overriding dev 4 with dev 1
gx10-e146:68:78 [0] NCCL INFO NET/IB: ncclIbReceiverQpsCreateToRts: QP created: port=1 dev=1 devName=rocep1s0f1 ndevs=4 nmdevs=6 qp_num=15891 pkey=0 pd=0xe3a4dc07dd30 oooRq=0
gx10-e146:68:78 [0] NCCL INFO NET/IB: ncclIbReceiverQpsCreateToRts: QP created: port=1 dev=1 devName=rocep1s0f1 ndevs=4 nmdevs=6 qp_num=15892 pkey=0 pd=0xe3a4dc07dd30 oooRq=0
gx10-e146:68:78 [0] NCCL INFO NET/IB: ncclIbReceiverQpsCreateToRts: Flush QP created: port=1 dev=1 devName=rocep1s0f1 ndevs=4 nmdevs=6 qp_num=15893 pkey=0 pd=0xe3a4dc07dd30
gx10-e146:68:78 [0] NCCL INFO NET/IB: Subnet-aware routing: overriding dev 5 with dev 3
gx10-e146:68:78 [0] NCCL INFO NET/IB: ncclIbSenderQpsToRts: Set ECE: IbDev 3 Port 1 qp_num 2955 set_ece={supported=1, vendor_id=0x15b3, options=0x30000002, comp_mask=0x0}
gx10-e146:68:78 [0] NCCL INFO NET/IB: ncclIbSenderQpsToRts: Set ECE: IbDev 3 Port 1 qp_num 2956 set_ece={supported=1, vendor_id=0x15b3, options=0x30000002, comp_mask=0x0}
gx10-e146:68:78 [0] NCCL INFO NET/IB: Subnet-aware routing: overriding dev 5 with dev 3
gx10-e146:68:78 [0] NCCL INFO NET/IB: ncclIbReceiverQpsCreateToRts: QP created: port=1 dev=3 devName=roceP2p1s0f1 ndevs=4 nmdevs=6 qp_num=2967 pkey=0 pd=0xe3a4dc23d840 oooRq=0
gx10-e146:68:78 [0] NCCL INFO NET/IB: ncclIbReceiverQpsCreateToRts: QP created: port=1 dev=3 devName=roceP2p1s0f1 ndevs=4 nmdevs=6 qp_num=2968 pkey=0 pd=0xe3a4dc23d840 oooRq=0
gx10-e146:68:78 [0] NCCL INFO NET/IB: ncclIbReceiverQpsCreateToRts: Flush QP created: port=1 dev=3 devName=roceP2p1s0f1 ndevs=4 nmdevs=6 qp_num=2969 pkey=0 pd=0xe3a4dc23d840
gx10-e146:68:78 [0] NCCL INFO NET/IB: Subnet-aware routing: overriding dev 4 with dev 1
gx10-e146:68:78 [0] NCCL INFO NET/IB: ncclIbSenderQpsToRts: Set ECE: IbDev 1 Port 1 qp_num 15879 set_ece={supported=1, vendor_id=0x15b3, options=0x30000002, comp_mask=0x0}
gx10-e146:68:78 [0] NCCL INFO NET/IB: ncclIbSenderQpsToRts: Set ECE: IbDev 1 Port 1 qp_num 15880 set_ece={supported=1, vendor_id=0x15b3, options=0x30000002, comp_mask=0x0}
gx10-e146:68:78 [0] NCCL INFO NET/IB: Subnet-aware routing: overriding dev 4 with dev 1
gx10-e146:68:78 [0] NCCL INFO NET/IB: ncclIbReceiverQpsCreateToRts: QP created: port=1 dev=1 devName=rocep1s0f1 ndevs=4 nmdevs=6 qp_num=15894 pkey=0 pd=0xe3a4dc07dd30 oooRq=0
gx10-e146:68:78 [0] NCCL INFO NET/IB: ncclIbReceiverQpsCreateToRts: QP created: port=1 dev=1 devName=rocep1s0f1 ndevs=4 nmdevs=6 qp_num=15895 pkey=0 pd=0xe3a4dc07dd30 oooRq=0
gx10-e146:68:78 [0] NCCL INFO NET/IB: ncclIbReceiverQpsCreateToRts: Flush QP created: port=1 dev=1 devName=rocep1s0f1 ndevs=4 nmdevs=6 qp_num=15896 pkey=0 pd=0xe3a4dc07dd30
gx10-e146:68:78 [0] NCCL INFO NET/IB: Subnet-aware routing: overriding dev 5 with dev 3
gx10-e146:68:78 [0] NCCL INFO NET/IB: ncclIbSenderQpsToRts: Set ECE: IbDev 3 Port 1 qp_num 2957 set_ece={supported=1, vendor_id=0x15b3, options=0x30000002, comp_mask=0x0}
gx10-e146:68:78 [0] NCCL INFO NET/IB: ncclIbSenderQpsToRts: Set ECE: IbDev 3 Port 1 qp_num 2958 set_ece={supported=1, vendor_id=0x15b3, options=0x30000002, comp_mask=0x0}
gx10-e146:68:78 [0] NCCL INFO NET/IB: Subnet-aware routing: overriding dev 4 with dev 1
gx10-e146:68:78 [0] NCCL INFO NET/IB: Subnet-aware routing: overriding dev 5 with dev 3
gx10-e146:68:78 [0] NCCL INFO NET/IB: Subnet-aware routing: overriding dev 4 with dev 1
gx10-e146:68:78 [0] NCCL INFO NET/IB: Subnet-aware routing: overriding dev 5 with dev 3
gx10-e146:68:78 [0] NCCL INFO NET/IB: Subnet-aware routing: overriding dev 4 with dev 1
gx10-e146:68:78 [0] NCCL INFO NET/IB: ncclIbResiliencyInit: Resiliency is disabled on the send communicator (comm=0xe3a4ddda6000)
gx10-e146:68:78 [0] NCCL INFO NET/IB: Subnet-aware routing: overriding dev 4 with dev 1
gx10-e146:68:78 [0] NCCL INFO NET/IB: Subnet-aware routing: overriding dev 5 with dev 3
gx10-e146:68:78 [0] NCCL INFO NET/IB: Subnet-aware routing: overriding dev 4 with dev 1
gx10-e146:68:78 [0] NCCL INFO NET/IB: Subnet-aware routing: overriding dev 5 with dev 3
gx10-e146:68:78 [0] NCCL INFO NET/IB: Subnet-aware routing: overriding dev 4 with dev 1
gx10-e146:68:78 [0] NCCL INFO NET/IB: ncclIbResiliencyInit: Resiliency is disabled on the recv communicator (comm=0xe3a4ddde7000)
gx10-e146:68:78 [0] NCCL INFO NET/IB: ncclIbRecvCommInit: Receive work requests will be posted on-demand
gx10-e146:68:78 [0] NCCL INFO NET/IB: Subnet-aware routing: overriding dev 4 with dev 1
gx10-e146:68:78 [0] NCCL INFO NET/IB: Subnet-aware routing: overriding dev 5 with dev 3
gx10-e146:68:78 [0] NCCL INFO NET/IB: Subnet-aware routing: overriding dev 4 with dev 1
gx10-e146:68:78 [0] NCCL INFO NET/IB: Subnet-aware routing: overriding dev 5 with dev 3
gx10-e146:68:78 [0] NCCL INFO NET/IB: Subnet-aware routing: overriding dev 4 with dev 1
gx10-e146:68:78 [0] NCCL INFO NET/IB: Subnet-aware routing: overriding dev 5 with dev 3
gx10-e146:68:78 [0] NCCL INFO NET/IB: ncclIbResiliencyInit: Resiliency is disabled on the send communicator (comm=0xe3a4dde2c000)
gx10-e146:68:78 [0] NCCL INFO NET/IB: Subnet-aware routing: overriding dev 4 with dev 1
gx10-e146:68:78 [0] NCCL INFO NET/IB: Subnet-aware routing: overriding dev 5 with dev 3
gx10-e146:68:78 [0] NCCL INFO NET/IB: Subnet-aware routing: overriding dev 4 with dev 1
gx10-e146:68:78 [0] NCCL INFO NET/IB: Subnet-aware routing: overriding dev 5 with dev 3
gx10-e146:68:78 [0] NCCL INFO NET/IB: Subnet-aware routing: overriding dev 4 with dev 1
gx10-e146:68:78 [0] NCCL INFO NET/IB: Subnet-aware routing: overriding dev 5 with dev 3
gx10-e146:68:78 [0] NCCL INFO NET/IB: ncclIbResiliencyInit: Resiliency is disabled on the recv communicator (comm=0xe3a4dde6d000)
gx10-e146:68:78 [0] NCCL INFO NET/IB: ncclIbRecvCommInit: Receive work requests will be posted on-demand
gx10-e146:68:78 [0] NCCL INFO NET/IB: Subnet-aware routing: overriding dev 4 with dev 1
gx10-e146:68:78 [0] NCCL INFO NET/IB: Subnet-aware routing: overriding dev 5 with dev 3
gx10-e146:68:78 [0] NCCL INFO NET/IB: Subnet-aware routing: overriding dev 4 with dev 1
gx10-e146:68:78 [0] NCCL INFO NET/IB: Subnet-aware routing: overriding dev 5 with dev 3
gx10-e146:68:78 [0] NCCL INFO NET/IB: Subnet-aware routing: overriding dev 4 with dev 1
gx10-e146:68:78 [0] NCCL INFO NET/IB: Subnet-aware routing: overriding dev 5 with dev 3
gx10-e146:68:78 [0] NCCL INFO NET/IB: Subnet-aware routing: overriding dev 4 with dev 1
gx10-e146:68:78 [0] NCCL INFO NET/IB: ncclIbResiliencyInit: Resiliency is disabled on the send communicator (comm=0xe3a4ddeb5000)
gx10-e146:68:78 [0] NCCL INFO NET/IB: Subnet-aware routing: overriding dev 4 with dev 1
gx10-e146:68:78 [0] NCCL INFO NET/IB: Subnet-aware routing: overriding dev 5 with dev 3
gx10-e146:68:78 [0] NCCL INFO NET/IB: Subnet-aware routing: overriding dev 4 with dev 1
gx10-e146:68:78 [0] NCCL INFO NET/IB: Subnet-aware routing: overriding dev 5 with dev 3
gx10-e146:68:78 [0] NCCL INFO NET/IB: Subnet-aware routing: overriding dev 4 with dev 1
gx10-e146:68:78 [0] NCCL INFO NET/IB: Subnet-aware routing: overriding dev 5 with dev 3
gx10-e146:68:78 [0] NCCL INFO NET/IB: Subnet-aware routing: overriding dev 4 with dev 1
gx10-e146:68:78 [0] NCCL INFO NET/IB: ncclIbResiliencyInit: Resiliency is disabled on the recv communicator (comm=0xe3a4ddef6000)
gx10-e146:68:78 [0] NCCL INFO NET/IB: ncclIbRecvCommInit: Receive work requests will be posted on-demand
gx10-e146:68:78 [0] NCCL INFO NET/IB: Subnet-aware routing: overriding dev 4 with dev 1
gx10-e146:68:78 [0] NCCL INFO NET/IB: Subnet-aware routing: overriding dev 5 with dev 3
gx10-e146:68:78 [0] NCCL INFO NET/IB: Subnet-aware routing: overriding dev 4 with dev 1
gx10-e146:68:78 [0] NCCL INFO NET/IB: Subnet-aware routing: overriding dev 5 with dev 3
gx10-e146:68:78 [0] NCCL INFO NET/IB: Subnet-aware routing: overriding dev 4 with dev 1
gx10-e146:68:78 [0] NCCL INFO NET/IB: Subnet-aware routing: overriding dev 5 with dev 3
gx10-e146:68:78 [0] NCCL INFO NET/IB: Subnet-aware routing: overriding dev 4 with dev 1
gx10-e146:68:78 [0] NCCL INFO NET/IB: Subnet-aware routing: overriding dev 5 with dev 3
gx10-e146:68:78 [0] NCCL INFO NET/IB: ncclIbResiliencyInit: Resiliency is disabled on the send communicator (comm=0xe3a4ddf3e000)
gx10-e146:68:78 [0] NCCL INFO NET/IB: Subnet-aware routing: overriding dev 4 with dev 1
gx10-e146:68:78 [0] NCCL INFO NET/IB: Subnet-aware routing: overriding dev 5 with dev 3
gx10-e146:68:78 [0] NCCL INFO NET/IB: Subnet-aware routing: overriding dev 4 with dev 1
gx10-e146:68:78 [0] NCCL INFO NET/IB: Subnet-aware routing: overriding dev 5 with dev 3
gx10-e146:68:78 [0] NCCL INFO NET/IB: Subnet-aware routing: overriding dev 4 with dev 1
gx10-e146:68:78 [0] NCCL INFO NET/IB: Subnet-aware routing: overriding dev 5 with dev 3
gx10-e146:68:78 [0] NCCL INFO NET/IB: Subnet-aware routing: overriding dev 4 with dev 1
gx10-e146:68:78 [0] NCCL INFO NET/IB: Subnet-aware routing: overriding dev 5 with dev 3
gx10-e146:68:78 [0] NCCL INFO NET/IB: ncclIbResiliencyInit: Resiliency is disabled on the recv communicator (comm=0xe3a4ddf7f000)
gx10-e146:68:78 [0] NCCL INFO NET/IB: ncclIbRecvCommInit: Receive work requests will be posted on-demand
gx10-e146:68:78 [0] NCCL INFO NET/IB: Subnet-aware routing: overriding dev 4 with dev 1
gx10-e146:68:78 [0] NCCL INFO NET/IB: Subnet-aware routing: overriding dev 5 with dev 3
gx10-e146:68:78 [0] NCCL INFO NET/IB: Subnet-aware routing: overriding dev 4 with dev 1
gx10-e146:68:78 [0] NCCL INFO NET/IB: Subnet-aware routing: overriding dev 5 with dev 3
gx10-e146:68:78 [0] NCCL INFO NET/IB: Subnet-aware routing: overriding dev 4 with dev 1
gx10-e146:68:78 [0] NCCL INFO NET/IB: Subnet-aware routing: overriding dev 5 with dev 3
gx10-e146:68:78 [0] NCCL INFO NET/IB: Subnet-aware routing: overriding dev 4 with dev 1
gx10-e146:68:78 [0] NCCL INFO NET/IB: Subnet-aware routing: overriding dev 5 with dev 3
gx10-e146:68:78 [0] NCCL INFO NET/IB: Subnet-aware routing: overriding dev 4 with dev 1
gx10-e146:68:78 [0] NCCL INFO NET/IB: ncclIbResiliencyInit: Resiliency is disabled on the send communicator (comm=0xe3a4ddfc7000)
gx10-e146:68:78 [0] NCCL INFO NET/IB: Subnet-aware routing: overriding dev 4 with dev 1
gx10-e146:68:78 [0] NCCL INFO NET/IB: ncclIbSenderQpsToRts: Set ECE: IbDev 1 Port 1 qp_num 15881 set_ece={supported=1, vendor_id=0x15b3, options=0x30000002, comp_mask=0x0}
gx10-e146:68:78 [0] NCCL INFO NET/IB: ncclIbSenderQpsToRts: Set ECE: IbDev 1 Port 1 qp_num 15882 set_ece={supported=1, vendor_id=0x15b3, options=0x30000002, comp_mask=0x0}
gx10-e146:68:78 [0] NCCL INFO NET/IB: Subnet-aware routing: overriding dev 5 with dev 3
gx10-e146:68:78 [0] NCCL INFO NET/IB: ncclIbSenderQpsToRts: Set ECE: IbDev 3 Port 1 qp_num 2962 set_ece={supported=1, vendor_id=0x15b3, options=0x30000002, comp_mask=0x0}
gx10-e146:68:78 [0] NCCL INFO NET/IB: ncclIbSenderQpsToRts: Set ECE: IbDev 3 Port 1 qp_num 2963 set_ece={supported=1, vendor_id=0x15b3, options=0x30000002, comp_mask=0x0}
gx10-e146:68:78 [0] NCCL INFO NET/IB: Subnet-aware routing: overriding dev 4 with dev 1
gx10-e146:68:78 [0] NCCL INFO NET/IB: ncclIbSenderQpsToRts: Set ECE: IbDev 1 Port 1 qp_num 15886 set_ece={supported=1, vendor_id=0x15b3, options=0x30000002, comp_mask=0x0}
gx10-e146:68:78 [0] NCCL INFO NET/IB: ncclIbSenderQpsToRts: Set ECE: IbDev 1 Port 1 qp_num 15887 set_ece={supported=1, vendor_id=0x15b3, options=0x30000002, comp_mask=0x0}
gx10-e146:68:78 [0] NCCL INFO NET/IB: Subnet-aware routing: overriding dev 5 with dev 3
gx10-e146:68:78 [0] NCCL INFO NET/IB: ncclIbSenderQpsCreate: QP created: port=1 dev=3 devName=roceP2p1s0f1 ndevs=4 nmdevs=6 qp_num=2970 pkey=0 pd=0xe3a4dc23d840 oooRq=0
gx10-e146:68:78 [0] NCCL INFO NET/IB: ncclIbSenderQpsCreate: QP created: port=1 dev=3 devName=roceP2p1s0f1 ndevs=4 nmdevs=6 qp_num=2971 pkey=0 pd=0xe3a4dc23d840 oooRq=0
gx10-e146:68:78 [0] NCCL INFO NET/IB: ncclIbConnectImpl: NCCL Dev 3 IbDev 3 Port 1 qp_num 2970 mtu 5 GID 3 (0/26EA8C0FFFF0000) ctsFifoRkey=0x1daeae ctsFifoLkey=0x1daeae
gx10-e146:68:78 [0] NCCL INFO NET/IB: ncclIbConnectImpl: IbDev 3 Port 1 qp_num 2970 query_ece={supported=1, vendor_id=0x15b3, options=0x30000002, comp_mask=0x0}
gx10-e146:68:78 [0] NCCL INFO NET/IB: ncclIbConnectImpl: NCCL Dev 3 IbDev 3 Port 1 qp_num 2971 mtu 5 GID 3 (0/26EA8C0FFFF0000) ctsFifoRkey=0x1daeae ctsFifoLkey=0x1daeae
gx10-e146:68:78 [0] NCCL INFO NET/IB: ncclIbConnectImpl: IbDev 3 Port 1 qp_num 2971 query_ece={supported=1, vendor_id=0x15b3, options=0x30000002, comp_mask=0x0}
gx10-e146:68:78 [0] NCCL INFO NET/IB: Subnet-aware routing: overriding dev 4 with dev 1
gx10-e146:68:78 [0] NCCL INFO NET/IB: Subnet-aware routing: overriding dev 5 with dev 3
gx10-e146:68:78 [0] NCCL INFO NET/IB: Subnet-aware routing: overriding dev 4 with dev 1
gx10-e146:68:78 [0] NCCL INFO NET/IB: Subnet-aware routing: overriding dev 5 with dev 3
gx10-e146:68:78 [0] NCCL INFO NET/IB: Subnet-aware routing: overriding dev 4 with dev 1
gx10-e146:68:78 [0] NCCL INFO NET/IB: ncclIbResiliencyInit: Resiliency is disabled on the recv communicator (comm=0xe3a4de064000)
gx10-e146:68:78 [0] NCCL INFO NET/IB: ncclIbRecvCommInit: Receive work requests will be posted on-demand
gx10-e146:68:78 [0] NCCL INFO NET/IB: Subnet-aware routing: overriding dev 5 with dev 3
gx10-e146:68:78 [0] NCCL INFO NET/IB: Subnet-aware routing: overriding dev 4 with dev 1
gx10-e146:68:78 [0] NCCL INFO NET/IB: Subnet-aware routing: overriding dev 5 with dev 3
gx10-e146:68:78 [0] NCCL INFO NET/IB: Subnet-aware routing: overriding dev 4 with dev 1
gx10-e146:68:78 [0] NCCL INFO NET/IB: Subnet-aware routing: overriding dev 5 with dev 3
gx10-e146:68:78 [0] NCCL INFO NET/IB: Subnet-aware routing: overriding dev 4 with dev 1
gx10-e146:68:78 [0] NCCL INFO NET/IB: Subnet-aware routing: overriding dev 5 with dev 3
gx10-e146:68:78 [0] NCCL INFO NET/IB: ncclIbResiliencyInit: Resiliency is disabled on the send communicator (comm=0xe3a4de0ac000)
gx10-e146:68:78 [0] NCCL INFO NET/IB: Subnet-aware routing: overriding dev 5 with dev 3
gx10-e146:68:78 [0] NCCL INFO NET/IB: ncclIbSenderQpsToRts: Set ECE: IbDev 3 Port 1 qp_num 2970 set_ece={supported=1, vendor_id=0x15b3, options=0x30000002, comp_mask=0x0}
gx10-e146:68:78 [0] NCCL INFO NET/IB: ncclIbSenderQpsToRts: Set ECE: IbDev 3 Port 1 qp_num 2971 set_ece={supported=1, vendor_id=0x15b3, options=0x30000002, comp_mask=0x0}
gx10-e146:68:78 [0] NCCL INFO NET/IB: Subnet-aware routing: overriding dev 5 with dev 3
gx10-e146:68:78 [0] NCCL INFO NET/IB: ncclIbReceiverQpsCreateToRts: QP created: port=1 dev=3 devName=roceP2p1s0f1 ndevs=4 nmdevs=6 qp_num=2972 pkey=0 pd=0xe3a4dc23d840 oooRq=0
gx10-e146:68:78 [0] NCCL INFO NET/IB: ncclIbReceiverQpsCreateToRts: QP created: port=1 dev=3 devName=roceP2p1s0f1 ndevs=4 nmdevs=6 qp_num=2973 pkey=0 pd=0xe3a4dc23d840 oooRq=0
gx10-e146:68:78 [0] NCCL INFO NET/IB: ncclIbReceiverQpsCreateToRts: Flush QP created: port=1 dev=3 devName=roceP2p1s0f1 ndevs=4 nmdevs=6 qp_num=2974 pkey=0 pd=0xe3a4dc23d840
gx10-e146:68:78 [0] NCCL INFO NET/IB: Subnet-aware routing: overriding dev 4 with dev 1
gx10-e146:68:78 [0] NCCL INFO NET/IB: ncclIbSenderQpsCreate: QP created: port=1 dev=1 devName=rocep1s0f1 ndevs=4 nmdevs=6 qp_num=15897 pkey=0 pd=0xe3a4dc07dd30 oooRq=0
gx10-e146:68:78 [0] NCCL INFO NET/IB: ncclIbSenderQpsCreate: QP created: port=1 dev=1 devName=rocep1s0f1 ndevs=4 nmdevs=6 qp_num=15898 pkey=0 pd=0xe3a4dc07dd30 oooRq=0
gx10-e146:68:78 [0] NCCL INFO NET/IB: ncclIbConnectImpl: NCCL Dev 1 IbDev 1 Port 1 qp_num 15897 mtu 5 GID 6 (0/264A8C0FFFF0000) ctsFifoRkey=0x1a8176 ctsFifoLkey=0x1a8176
gx10-e146:68:78 [0] NCCL INFO NET/IB: ncclIbConnectImpl: IbDev 1 Port 1 qp_num 15897 query_ece={supported=1, vendor_id=0x15b3, options=0x30000002, comp_mask=0x0}
gx10-e146:68:78 [0] NCCL INFO NET/IB: ncclIbConnectImpl: NCCL Dev 1 IbDev 1 Port 1 qp_num 15898 mtu 5 GID 6 (0/264A8C0FFFF0000) ctsFifoRkey=0x1a8176 ctsFifoLkey=0x1a8176
gx10-e146:68:78 [0] NCCL INFO NET/IB: ncclIbConnectImpl: IbDev 1 Port 1 qp_num 15898 query_ece={supported=1, vendor_id=0x15b3, options=0x30000002, comp_mask=0x0}
gx10-e146:68:78 [0] NCCL INFO NET/IB: Subnet-aware routing: overriding dev 4 with dev 1
gx10-e146:68:78 [0] NCCL INFO NET/IB: ncclIbReceiverQpsCreateToRts: QP created: port=1 dev=1 devName=rocep1s0f1 ndevs=4 nmdevs=6 qp_num=15899 pkey=0 pd=0xe3a4dc07dd30 oooRq=0
gx10-e146:68:78 [0] NCCL INFO NET/IB: ncclIbReceiverQpsCreateToRts: QP created: port=1 dev=1 devName=rocep1s0f1 ndevs=4 nmdevs=6 qp_num=15900 pkey=0 pd=0xe3a4dc07dd30 oooRq=0
gx10-e146:68:78 [0] NCCL INFO NET/IB: ncclIbReceiverQpsCreateToRts: Flush QP created: port=1 dev=1 devName=rocep1s0f1 ndevs=4 nmdevs=6 qp_num=15901 pkey=0 pd=0xe3a4dc07dd30
gx10-e146:68:78 [0] NCCL INFO NET/IB: Subnet-aware routing: overriding dev 5 with dev 3
gx10-e146:68:78 [0] NCCL INFO NET/IB: ncclIbSenderQpsCreate: QP created: port=1 dev=3 devName=roceP2p1s0f1 ndevs=4 nmdevs=6 qp_num=2975 pkey=0 pd=0xe3a4dc23d840 oooRq=0
gx10-e146:68:78 [0] NCCL INFO NET/IB: ncclIbSenderQpsCreate: QP created: port=1 dev=3 devName=roceP2p1s0f1 ndevs=4 nmdevs=6 qp_num=2976 pkey=0 pd=0xe3a4dc23d840 oooRq=0
gx10-e146:68:78 [0] NCCL INFO NET/IB: ncclIbConnectImpl: NCCL Dev 3 IbDev 3 Port 1 qp_num 2975 mtu 5 GID 3 (0/26EA8C0FFFF0000) ctsFifoRkey=0x1d8080 ctsFifoLkey=0x1d8080
gx10-e146:68:78 [0] NCCL INFO NET/IB: ncclIbConnectImpl: IbDev 3 Port 1 qp_num 2975 query_ece={supported=1, vendor_id=0x15b3, options=0x30000002, comp_mask=0x0}
gx10-e146:68:78 [0] NCCL INFO NET/IB: ncclIbConnectImpl: NCCL Dev 3 IbDev 3 Port 1 qp_num 2976 mtu 5 GID 3 (0/26EA8C0FFFF0000) ctsFifoRkey=0x1d8080 ctsFifoLkey=0x1d8080
gx10-e146:68:78 [0] NCCL INFO NET/IB: ncclIbConnectImpl: IbDev 3 Port 1 qp_num 2976 query_ece={supported=1, vendor_id=0x15b3, options=0x30000002, comp_mask=0x0}
gx10-e146:68:78 [0] NCCL INFO NET/IB: Subnet-aware routing: overriding dev 5 with dev 3
gx10-e146:68:78 [0] NCCL INFO NET/IB: ncclIbReceiverQpsCreateToRts: QP created: port=1 dev=3 devName=roceP2p1s0f1 ndevs=4 nmdevs=6 qp_num=2977 pkey=0 pd=0xe3a4dc23d840 oooRq=0
gx10-e146:68:78 [0] NCCL INFO NET/IB: ncclIbReceiverQpsCreateToRts: QP created: port=1 dev=3 devName=roceP2p1s0f1 ndevs=4 nmdevs=6 qp_num=2978 pkey=0 pd=0xe3a4dc23d840 oooRq=0
gx10-e146:68:78 [0] NCCL INFO NET/IB: ncclIbReceiverQpsCreateToRts: Flush QP created: port=1 dev=3 devName=roceP2p1s0f1 ndevs=4 nmdevs=6 qp_num=2979 pkey=0 pd=0xe3a4dc23d840
gx10-e146:68:78 [0] NCCL INFO NET/IB: Subnet-aware routing: overriding dev 4 with dev 1
gx10-e146:68:78 [0] NCCL INFO NET/IB: ncclIbSenderQpsCreate: QP created: port=1 dev=1 devName=rocep1s0f1 ndevs=4 nmdevs=6 qp_num=15902 pkey=0 pd=0xe3a4dc07dd30 oooRq=0
gx10-e146:68:78 [0] NCCL INFO NET/IB: ncclIbSenderQpsCreate: QP created: port=1 dev=1 devName=rocep1s0f1 ndevs=4 nmdevs=6 qp_num=15903 pkey=0 pd=0xe3a4dc07dd30 oooRq=0
gx10-e146:68:78 [0] NCCL INFO NET/IB: ncclIbConnectImpl: NCCL Dev 1 IbDev 1 Port 1 qp_num 15902 mtu 5 GID 6 (0/264A8C0FFFF0000) ctsFifoRkey=0x19d5d2 ctsFifoLkey=0x19d5d2
gx10-e146:68:78 [0] NCCL INFO NET/IB: ncclIbConnectImpl: IbDev 1 Port 1 qp_num 15902 query_ece={supported=1, vendor_id=0x15b3, options=0x30000002, comp_mask=0x0}
gx10-e146:68:78 [0] NCCL INFO NET/IB: ncclIbConnectImpl: NCCL Dev 1 IbDev 1 Port 1 qp_num 15903 mtu 5 GID 6 (0/264A8C0FFFF0000) ctsFifoRkey=0x19d5d2 ctsFifoLkey=0x19d5d2
gx10-e146:68:78 [0] NCCL INFO NET/IB: ncclIbConnectImpl: IbDev 1 Port 1 qp_num 15903 query_ece={supported=1, vendor_id=0x15b3, options=0x30000002, comp_mask=0x0}
gx10-e146:68:78 [0] NCCL INFO NET/IB: Subnet-aware routing: overriding dev 4 with dev 1
gx10-e146:68:78 [0] NCCL INFO NET/IB: ncclIbReceiverQpsCreateToRts: QP created: port=1 dev=1 devName=rocep1s0f1 ndevs=4 nmdevs=6 qp_num=15904 pkey=0 pd=0xe3a4dc07dd30 oooRq=0
gx10-e146:68:78 [0] NCCL INFO NET/IB: ncclIbReceiverQpsCreateToRts: QP created: port=1 dev=1 devName=rocep1s0f1 ndevs=4 nmdevs=6 qp_num=15905 pkey=0 pd=0xe3a4dc07dd30 oooRq=0
gx10-e146:68:78 [0] NCCL INFO NET/IB: ncclIbReceiverQpsCreateToRts: Flush QP created: port=1 dev=1 devName=rocep1s0f1 ndevs=4 nmdevs=6 qp_num=15906 pkey=0 pd=0xe3a4dc07dd30
gx10-e146:68:78 [0] NCCL INFO NET/IB: Subnet-aware routing: overriding dev 5 with dev 3
gx10-e146:68:78 [0] NCCL INFO NET/IB: ncclIbSenderQpsCreate: QP created: port=1 dev=3 devName=roceP2p1s0f1 ndevs=4 nmdevs=6 qp_num=2980 pkey=0 pd=0xe3a4dc23d840 oooRq=0
gx10-e146:68:78 [0] NCCL INFO NET/IB: ncclIbSenderQpsCreate: QP created: port=1 dev=3 devName=roceP2p1s0f1 ndevs=4 nmdevs=6 qp_num=2981 pkey=0 pd=0xe3a4dc23d840 oooRq=0
gx10-e146:68:78 [0] NCCL INFO NET/IB: ncclIbConnectImpl: NCCL Dev 3 IbDev 3 Port 1 qp_num 2980 mtu 5 GID 3 (0/26EA8C0FFFF0000) ctsFifoRkey=0x1d8b8c ctsFifoLkey=0x1d8b8c
gx10-e146:68:78 [0] NCCL INFO NET/IB: ncclIbConnectImpl: IbDev 3 Port 1 qp_num 2980 query_ece={supported=1, vendor_id=0x15b3, options=0x30000002, comp_mask=0x0}
gx10-e146:68:78 [0] NCCL INFO NET/IB: ncclIbConnectImpl: NCCL Dev 3 IbDev 3 Port 1 qp_num 2981 mtu 5 GID 3 (0/26EA8C0FFFF0000) ctsFifoRkey=0x1d8b8c ctsFifoLkey=0x1d8b8c
gx10-e146:68:78 [0] NCCL INFO NET/IB: ncclIbConnectImpl: IbDev 3 Port 1 qp_num 2981 query_ece={supported=1, vendor_id=0x15b3, options=0x30000002, comp_mask=0x0}
gx10-e146:68:78 [0] NCCL INFO NET/IB: Subnet-aware routing: overriding dev 5 with dev 3
gx10-e146:68:78 [0] NCCL INFO NET/IB: ncclIbReceiverQpsCreateToRts: QP created: port=1 dev=3 devName=roceP2p1s0f1 ndevs=4 nmdevs=6 qp_num=2982 pkey=0 pd=0xe3a4dc23d840 oooRq=0
gx10-e146:68:78 [0] NCCL INFO NET/IB: ncclIbReceiverQpsCreateToRts: QP created: port=1 dev=3 devName=roceP2p1s0f1 ndevs=4 nmdevs=6 qp_num=2983 pkey=0 pd=0xe3a4dc23d840 oooRq=0
gx10-e146:68:78 [0] NCCL INFO NET/IB: ncclIbReceiverQpsCreateToRts: Flush QP created: port=1 dev=3 devName=roceP2p1s0f1 ndevs=4 nmdevs=6 qp_num=2984 pkey=0 pd=0xe3a4dc23d840
gx10-e146:68:78 [0] NCCL INFO NET/IB: Subnet-aware routing: overriding dev 4 with dev 1
gx10-e146:68:78 [0] NCCL INFO NET/IB: ncclIbSenderQpsCreate: QP created: port=1 dev=1 devName=rocep1s0f1 ndevs=4 nmdevs=6 qp_num=15907 pkey=0 pd=0xe3a4dc07dd30 oooRq=0
gx10-e146:68:78 [0] NCCL INFO NET/IB: ncclIbSenderQpsCreate: QP created: port=1 dev=1 devName=rocep1s0f1 ndevs=4 nmdevs=6 qp_num=15908 pkey=0 pd=0xe3a4dc07dd30 oooRq=0
gx10-e146:68:78 [0] NCCL INFO NET/IB: ncclIbConnectImpl: NCCL Dev 1 IbDev 1 Port 1 qp_num 15907 mtu 5 GID 6 (0/264A8C0FFFF0000) ctsFifoRkey=0x1ac6c4 ctsFifoLkey=0x1ac6c4
gx10-e146:68:78 [0] NCCL INFO NET/IB: ncclIbConnectImpl: IbDev 1 Port 1 qp_num 15907 query_ece={supported=1, vendor_id=0x15b3, options=0x30000002, comp_mask=0x0}
gx10-e146:68:78 [0] NCCL INFO NET/IB: ncclIbConnectImpl: NCCL Dev 1 IbDev 1 Port 1 qp_num 15908 mtu 5 GID 6 (0/264A8C0FFFF0000) ctsFifoRkey=0x1ac6c4 ctsFifoLkey=0x1ac6c4
gx10-e146:68:78 [0] NCCL INFO NET/IB: ncclIbConnectImpl: IbDev 1 Port 1 qp_num 15908 query_ece={supported=1, vendor_id=0x15b3, options=0x30000002, comp_mask=0x0}
gx10-e146:68:78 [0] NCCL INFO NET/IB: Subnet-aware routing: overriding dev 4 with dev 1
gx10-e146:68:78 [0] NCCL INFO NET/IB: ncclIbReceiverQpsCreateToRts: QP created: port=1 dev=1 devName=rocep1s0f1 ndevs=4 nmdevs=6 qp_num=15909 pkey=0 pd=0xe3a4dc07dd30 oooRq=0
gx10-e146:68:78 [0] NCCL INFO NET/IB: ncclIbReceiverQpsCreateToRts: QP created: port=1 dev=1 devName=rocep1s0f1 ndevs=4 nmdevs=6 qp_num=15910 pkey=0 pd=0xe3a4dc07dd30 oooRq=0
gx10-e146:68:78 [0] NCCL INFO NET/IB: ncclIbReceiverQpsCreateToRts: Flush QP created: port=1 dev=1 devName=rocep1s0f1 ndevs=4 nmdevs=6 qp_num=15911 pkey=0 pd=0xe3a4dc07dd30
gx10-e146:68:78 [0] NCCL INFO NET/IB: Subnet-aware routing: overriding dev 5 with dev 3
gx10-e146:68:78 [0] NCCL INFO NET/IB: ncclIbResiliencyInit: Resiliency is disabled on the recv communicator (comm=0xe3a4de58f000)
gx10-e146:68:78 [0] NCCL INFO NET/IB: ncclIbRecvCommInit: Receive work requests will be posted on-demand
gx10-e146:68:78 [0] NCCL INFO NET/IB: Subnet-aware routing: overriding dev 4 with dev 1
gx10-e146:68:78 [0] NCCL INFO NET/IB: Subnet-aware routing: overriding dev 5 with dev 3
gx10-e146:68:78 [0] NCCL INFO NET/IB: Subnet-aware routing: overriding dev 4 with dev 1
gx10-e146:68:78 [0] NCCL INFO NET/IB: Subnet-aware routing: overriding dev 5 with dev 3
gx10-e146:68:78 [0] NCCL INFO NET/IB: Subnet-aware routing: overriding dev 4 with dev 1
gx10-e146:68:78 [0] NCCL INFO NET/IB: Subnet-aware routing: overriding dev 5 with dev 3
gx10-e146:68:78 [0] NCCL INFO NET/IB: Subnet-aware routing: overriding dev 4 with dev 1
gx10-e146:68:78 [0] NCCL INFO NET/IB: ncclIbResiliencyInit: Resiliency is disabled on the send communicator (comm=0xe3a4de5d7000)
gx10-e146:68:78 [0] NCCL INFO NET/IB: Subnet-aware routing: overriding dev 4 with dev 1
gx10-e146:68:78 [0] NCCL INFO NET/IB: Subnet-aware routing: overriding dev 5 with dev 3
gx10-e146:68:78 [0] NCCL INFO NET/IB: Subnet-aware routing: overriding dev 4 with dev 1
gx10-e146:68:78 [0] NCCL INFO NET/IB: Subnet-aware routing: overriding dev 5 with dev 3
gx10-e146:68:78 [0] NCCL INFO NET/IB: Subnet-aware routing: overriding dev 4 with dev 1
gx10-e146:68:78 [0] NCCL INFO NET/IB: Subnet-aware routing: overriding dev 5 with dev 3
gx10-e146:68:78 [0] NCCL INFO NET/IB: Subnet-aware routing: overriding dev 4 with dev 1
gx10-e146:68:78 [0] NCCL INFO NET/IB: ncclIbResiliencyInit: Resiliency is disabled on the recv communicator (comm=0xe3a4de618000)
gx10-e146:68:78 [0] NCCL INFO NET/IB: ncclIbRecvCommInit: Receive work requests will be posted on-demand
gx10-e146:68:78 [0] NCCL INFO NET/IB: Subnet-aware routing: overriding dev 4 with dev 1
gx10-e146:68:78 [0] NCCL INFO NET/IB: Subnet-aware routing: overriding dev 5 with dev 3
gx10-e146:68:78 [0] NCCL INFO NET/IB: Subnet-aware routing: overriding dev 4 with dev 1
gx10-e146:68:78 [0] NCCL INFO NET/IB: Subnet-aware routing: overriding dev 5 with dev 3
gx10-e146:68:78 [0] NCCL INFO NET/IB: Subnet-aware routing: overriding dev 4 with dev 1
gx10-e146:68:78 [0] NCCL INFO NET/IB: Subnet-aware routing: overriding dev 5 with dev 3
gx10-e146:68:78 [0] NCCL INFO NET/IB: Subnet-aware routing: overriding dev 4 with dev 1
gx10-e146:68:78 [0] NCCL INFO NET/IB: Subnet-aware routing: overriding dev 5 with dev 3
gx10-e146:68:78 [0] NCCL INFO NET/IB: ncclIbResiliencyInit: Resiliency is disabled on the send communicator (comm=0xe3a4de65d000)
gx10-e146:68:78 [0] NCCL INFO NET/IB: Subnet-aware routing: overriding dev 4 with dev 1
gx10-e146:68:78 [0] NCCL INFO NET/IB: Subnet-aware routing: overriding dev 5 with dev 3
gx10-e146:68:78 [0] NCCL INFO NET/IB: Subnet-aware routing: overriding dev 4 with dev 1
gx10-e146:68:78 [0] NCCL INFO NET/IB: Subnet-aware routing: overriding dev 5 with dev 3
gx10-e146:68:78 [0] NCCL INFO NET/IB: Subnet-aware routing: overriding dev 4 with dev 1
gx10-e146:68:78 [0] NCCL INFO NET/IB: Subnet-aware routing: overriding dev 5 with dev 3
gx10-e146:68:78 [0] NCCL INFO NET/IB: Subnet-aware routing: overriding dev 4 with dev 1
gx10-e146:68:78 [0] NCCL INFO NET/IB: Subnet-aware routing: overriding dev 5 with dev 3
gx10-e146:68:78 [0] NCCL INFO NET/IB: ncclIbResiliencyInit: Resiliency is disabled on the recv communicator (comm=0xe3a4de69e000)
gx10-e146:68:78 [0] NCCL INFO NET/IB: ncclIbRecvCommInit: Receive work requests will be posted on-demand
gx10-e146:68:78 [0] NCCL INFO NET/IB: Subnet-aware routing: overriding dev 4 with dev 1
gx10-e146:68:78 [0] NCCL INFO NET/IB: Subnet-aware routing: overriding dev 5 with dev 3
gx10-e146:68:78 [0] NCCL INFO NET/IB: Subnet-aware routing: overriding dev 4 with dev 1
gx10-e146:68:78 [0] NCCL INFO NET/IB: Subnet-aware routing: overriding dev 5 with dev 3
gx10-e146:68:78 [0] NCCL INFO NET/IB: Subnet-aware routing: overriding dev 4 with dev 1
gx10-e146:68:78 [0] NCCL INFO NET/IB: Subnet-aware routing: overriding dev 5 with dev 3
gx10-e146:68:78 [0] NCCL INFO NET/IB: Subnet-aware routing: overriding dev 4 with dev 1
gx10-e146:68:78 [0] NCCL INFO NET/IB: Subnet-aware routing: overriding dev 5 with dev 3
gx10-e146:68:78 [0] NCCL INFO NET/IB: Subnet-aware routing: overriding dev 4 with dev 1
gx10-e146:68:78 [0] NCCL INFO NET/IB: ncclIbResiliencyInit: Resiliency is disabled on the send communicator (comm=0xe3a4de6e6000)
gx10-e146:68:78 [0] NCCL INFO NET/IB: Subnet-aware routing: overriding dev 4 with dev 1
gx10-e146:68:78 [0] NCCL INFO NET/IB: Subnet-aware routing: overriding dev 5 with dev 3
gx10-e146:68:78 [0] NCCL INFO NET/IB: Subnet-aware routing: overriding dev 4 with dev 1
gx10-e146:68:78 [0] NCCL INFO NET/IB: Subnet-aware routing: overriding dev 5 with dev 3
gx10-e146:68:78 [0] NCCL INFO NET/IB: Subnet-aware routing: overriding dev 4 with dev 1
gx10-e146:68:78 [0] NCCL INFO NET/IB: Subnet-aware routing: overriding dev 5 with dev 3
gx10-e146:68:78 [0] NCCL INFO NET/IB: Subnet-aware routing: overriding dev 4 with dev 1
gx10-e146:68:78 [0] NCCL INFO NET/IB: Subnet-aware routing: overriding dev 5 with dev 3
gx10-e146:68:78 [0] NCCL INFO NET/IB: Subnet-aware routing: overriding dev 4 with dev 1
gx10-e146:68:78 [0] NCCL INFO NET/IB: ncclIbResiliencyInit: Resiliency is disabled on the recv communicator (comm=0xe3a4de727000)
gx10-e146:68:78 [0] NCCL INFO NET/IB: ncclIbRecvCommInit: Receive work requests will be posted on-demand
gx10-e146:68:78 [0] NCCL INFO NET/IB: Subnet-aware routing: overriding dev 4 with dev 1
gx10-e146:68:78 [0] NCCL INFO NET/IB: Subnet-aware routing: overriding dev 5 with dev 3
gx10-e146:68:78 [0] NCCL INFO NET/IB: Subnet-aware routing: overriding dev 4 with dev 1
gx10-e146:68:78 [0] NCCL INFO NET/IB: Subnet-aware routing: overriding dev 5 with dev 3
gx10-e146:68:78 [0] NCCL INFO NET/IB: Subnet-aware routing: overriding dev 4 with dev 1
gx10-e146:68:78 [0] NCCL INFO NET/IB: Subnet-aware routing: overriding dev 5 with dev 3
gx10-e146:68:78 [0] NCCL INFO NET/IB: Subnet-aware routing: overriding dev 4 with dev 1
gx10-e146:68:78 [0] NCCL INFO NET/IB: Subnet-aware routing: overriding dev 5 with dev 3
gx10-e146:68:78 [0] NCCL INFO NET/IB: Subnet-aware routing: overriding dev 4 with dev 1
gx10-e146:68:78 [0] NCCL INFO NET/IB: Subnet-aware routing: overriding dev 5 with dev 3
gx10-e146:68:78 [0] NCCL INFO NET/IB: ncclIbResiliencyInit: Resiliency is disabled on the send communicator (comm=0xe3a4de76f000)
gx10-e146:68:78 [0] NCCL INFO NET/IB: Subnet-aware routing: overriding dev 4 with dev 1
gx10-e146:68:78 [0] NCCL INFO NET/IB: Subnet-aware routing: overriding dev 5 with dev 3
gx10-e146:68:78 [0] NCCL INFO NET/IB: Subnet-aware routing: overriding dev 4 with dev 1
gx10-e146:68:78 [0] NCCL INFO NET/IB: Subnet-aware routing: overriding dev 5 with dev 3
gx10-e146:68:78 [0] NCCL INFO NET/IB: Subnet-aware routing: overriding dev 4 with dev 1
gx10-e146:68:78 [0] NCCL INFO NET/IB: Subnet-aware routing: overriding dev 5 with dev 3
gx10-e146:68:78 [0] NCCL INFO NET/IB: Subnet-aware routing: overriding dev 4 with dev 1
gx10-e146:68:78 [0] NCCL INFO NET/IB: Subnet-aware routing: overriding dev 5 with dev 3
gx10-e146:68:78 [0] NCCL INFO NET/IB: Subnet-aware routing: overriding dev 4 with dev 1
gx10-e146:68:78 [0] NCCL INFO NET/IB: Subnet-aware routing: overriding dev 5 with dev 3
gx10-e146:68:78 [0] NCCL INFO NET/IB: ncclIbResiliencyInit: Resiliency is disabled on the recv communicator (comm=0xe3a4de7b0000)
gx10-e146:68:78 [0] NCCL INFO NET/IB: ncclIbRecvCommInit: Receive work requests will be posted on-demand
gx10-e146:68:78 [0] NCCL INFO NET/IB: Subnet-aware routing: overriding dev 4 with dev 1
gx10-e146:68:78 [0] NCCL INFO NET/IB: Subnet-aware routing: overriding dev 5 with dev 3
gx10-e146:68:78 [0] NCCL INFO NET/IB: Subnet-aware routing: overriding dev 4 with dev 1
gx10-e146:68:78 [0] NCCL INFO NET/IB: Subnet-aware routing: overriding dev 5 with dev 3
gx10-e146:68:78 [0] NCCL INFO NET/IB: Subnet-aware routing: overriding dev 4 with dev 1
gx10-e146:68:78 [0] NCCL INFO NET/IB: Subnet-aware routing: overriding dev 5 with dev 3
gx10-e146:68:78 [0] NCCL INFO NET/IB: Subnet-aware routing: overriding dev 4 with dev 1
gx10-e146:68:78 [0] NCCL INFO NET/IB: Subnet-aware routing: overriding dev 5 with dev 3
gx10-e146:68:78 [0] NCCL INFO NET/IB: Subnet-aware routing: overriding dev 4 with dev 1
gx10-e146:68:78 [0] NCCL INFO NET/IB: Subnet-aware routing: overriding dev 5 with dev 3
gx10-e146:68:78 [0] NCCL INFO NET/IB: Subnet-aware routing: overriding dev 4 with dev 1
gx10-e146:68:78 [0] NCCL INFO NET/IB: ncclIbResiliencyInit: Resiliency is disabled on the send communicator (comm=0xe3a4de7fe000)
gx10-e146:68:78 [0] NCCL INFO NET/IB: Subnet-aware routing: overriding dev 4 with dev 1
gx10-e146:68:78 [0] NCCL INFO NET/IB: ncclIbSenderQpsToRts: Set ECE: IbDev 1 Port 1 qp_num 15897 set_ece={supported=1, vendor_id=0x15b3, options=0x30000002, comp_mask=0x0}
gx10-e146:68:78 [0] NCCL INFO NET/IB: ncclIbSenderQpsToRts: Set ECE: IbDev 1 Port 1 qp_num 15898 set_ece={supported=1, vendor_id=0x15b3, options=0x30000002, comp_mask=0x0}
gx10-e146:68:78 [0] NCCL INFO NET/IB: Subnet-aware routing: overriding dev 5 with dev 3
gx10-e146:68:78 [0] NCCL INFO NET/IB: ncclIbSenderQpsToRts: Set ECE: IbDev 3 Port 1 qp_num 2975 set_ece={supported=1, vendor_id=0x15b3, options=0x30000002, comp_mask=0x0}
gx10-e146:68:78 [0] NCCL INFO NET/IB: ncclIbSenderQpsToRts: Set ECE: IbDev 3 Port 1 qp_num 2976 set_ece={supported=1, vendor_id=0x15b3, options=0x30000002, comp_mask=0x0}
gx10-e146:68:78 [0] NCCL INFO NET/IB: Subnet-aware routing: overriding dev 4 with dev 1
gx10-e146:68:78 [0] NCCL INFO NET/IB: ncclIbSenderQpsToRts: Set ECE: IbDev 1 Port 1 qp_num 15902 set_ece={supported=1, vendor_id=0x15b3, options=0x30000002, comp_mask=0x0}
gx10-e146:68:78 [0] NCCL INFO NET/IB: ncclIbSenderQpsToRts: Set ECE: IbDev 1 Port 1 qp_num 15903 set_ece={supported=1, vendor_id=0x15b3, options=0x30000002, comp_mask=0x0}
gx10-e146:68:78 [0] NCCL INFO NET/IB: Subnet-aware routing: overriding dev 5 with dev 3
gx10-e146:68:78 [0] NCCL INFO NET/IB: ncclIbSenderQpsToRts: Set ECE: IbDev 3 Port 1 qp_num 2980 set_ece={supported=1, vendor_id=0x15b3, options=0x30000002, comp_mask=0x0}
gx10-e146:68:78 [0] NCCL INFO NET/IB: ncclIbSenderQpsToRts: Set ECE: IbDev 3 Port 1 qp_num 2981 set_ece={supported=1, vendor_id=0x15b3, options=0x30000002, comp_mask=0x0}
gx10-e146:68:78 [0] NCCL INFO NET/IB: Subnet-aware routing: overriding dev 4 with dev 1
gx10-e146:68:78 [0] NCCL INFO NET/IB: ncclIbSenderQpsToRts: Set ECE: IbDev 1 Port 1 qp_num 15907 set_ece={supported=1, vendor_id=0x15b3, options=0x30000002, comp_mask=0x0}
gx10-e146:68:78 [0] NCCL INFO NET/IB: ncclIbSenderQpsToRts: Set ECE: IbDev 1 Port 1 qp_num 15908 set_ece={supported=1, vendor_id=0x15b3, options=0x30000002, comp_mask=0x0}
gx10-e146:68:78 [0] NCCL INFO NET/IB: Subnet-aware routing: overriding dev 5 with dev 3
gx10-e146:68:78 [0] NCCL INFO NET/IB: ncclIbSenderQpsCreate: QP created: port=1 dev=3 devName=roceP2p1s0f1 ndevs=4 nmdevs=6 qp_num=2985 pkey=0 pd=0xe3a4dc23d840 oooRq=0
gx10-e146:68:78 [0] NCCL INFO NET/IB: ncclIbSenderQpsCreate: QP created: port=1 dev=3 devName=roceP2p1s0f1 ndevs=4 nmdevs=6 qp_num=2986 pkey=0 pd=0xe3a4dc23d840 oooRq=0
gx10-e146:68:78 [0] NCCL INFO NET/IB: ncclIbConnectImpl: NCCL Dev 3 IbDev 3 Port 1 qp_num 2985 mtu 5 GID 3 (0/26EA8C0FFFF0000) ctsFifoRkey=0x1d544f ctsFifoLkey=0x1d544f
gx10-e146:68:78 [0] NCCL INFO NET/IB: ncclIbConnectImpl: IbDev 3 Port 1 qp_num 2985 query_ece={supported=1, vendor_id=0x15b3, options=0x30000002, comp_mask=0x0}
gx10-e146:68:78 [0] NCCL INFO NET/IB: ncclIbConnectImpl: NCCL Dev 3 IbDev 3 Port 1 qp_num 2986 mtu 5 GID 3 (0/26EA8C0FFFF0000) ctsFifoRkey=0x1d544f ctsFifoLkey=0x1d544f
gx10-e146:68:78 [0] NCCL INFO NET/IB: ncclIbConnectImpl: IbDev 3 Port 1 qp_num 2986 query_ece={supported=1, vendor_id=0x15b3, options=0x30000002, comp_mask=0x0}
gx10-e146:68:78 [0] NCCL INFO NET/IB: Subnet-aware routing: overriding dev 5 with dev 3
gx10-e146:68:78 [0] NCCL INFO NET/IB: ncclIbReceiverQpsCreateToRts: QP created: port=1 dev=3 devName=roceP2p1s0f1 ndevs=4 nmdevs=6 qp_num=2987 pkey=0 pd=0xe3a4dc23d840 oooRq=0
gx10-e146:68:78 [0] NCCL INFO NET/IB: ncclIbReceiverQpsCreateToRts: QP created: port=1 dev=3 devName=roceP2p1s0f1 ndevs=4 nmdevs=6 qp_num=2988 pkey=0 pd=0xe3a4dc23d840 oooRq=0
gx10-e146:68:78 [0] NCCL INFO NET/IB: ncclIbReceiverQpsCreateToRts: Flush QP created: port=1 dev=3 devName=roceP2p1s0f1 ndevs=4 nmdevs=6 qp_num=2989 pkey=0 pd=0xe3a4dc23d840
gx10-e146:68:78 [0] NCCL INFO NET/IB: Subnet-aware routing: overriding dev 4 with dev 1
gx10-e146:68:78 [0] NCCL INFO NET/IB: Subnet-aware routing: overriding dev 4 with dev 1
gx10-e146:68:78 [0] NCCL INFO NET/IB: ncclIbReceiverQpsCreateToRts: QP created: port=1 dev=1 devName=rocep1s0f1 ndevs=4 nmdevs=6 qp_num=15912 pkey=0 pd=0xe3a4dc07dd30 oooRq=0
gx10-e146:68:78 [0] NCCL INFO NET/IB: ncclIbReceiverQpsCreateToRts: QP created: port=1 dev=1 devName=rocep1s0f1 ndevs=4 nmdevs=6 qp_num=15913 pkey=0 pd=0xe3a4dc07dd30 oooRq=0
gx10-e146:68:78 [0] NCCL INFO NET/IB: ncclIbReceiverQpsCreateToRts: Flush QP created: port=1 dev=1 devName=rocep1s0f1 ndevs=4 nmdevs=6 qp_num=15914 pkey=0 pd=0xe3a4dc07dd30
gx10-e146:68:78 [0] NCCL INFO NET/IB: Subnet-aware routing: overriding dev 5 with dev 3
gx10-e146:68:78 [0] NCCL INFO NET/IB: Subnet-aware routing: overriding dev 4 with dev 1
gx10-e146:68:78 [0] NCCL INFO NET/IB: ncclIbSenderQpsCreate: QP created: port=1 dev=1 devName=rocep1s0f1 ndevs=4 nmdevs=6 qp_num=15915 pkey=0 pd=0xe3a4dc07dd30 oooRq=0
gx10-e146:68:78 [0] NCCL INFO NET/IB: ncclIbSenderQpsCreate: QP created: port=1 dev=1 devName=rocep1s0f1 ndevs=4 nmdevs=6 qp_num=15916 pkey=0 pd=0xe3a4dc07dd30 oooRq=0
gx10-e146:68:78 [0] NCCL INFO NET/IB: ncclIbConnectImpl: NCCL Dev 1 IbDev 1 Port 1 qp_num 15915 mtu 5 GID 6 (0/264A8C0FFFF0000) ctsFifoRkey=0x1b9b99 ctsFifoLkey=0x1b9b99
gx10-e146:68:78 [0] NCCL INFO NET/IB: ncclIbConnectImpl: IbDev 1 Port 1 qp_num 15915 query_ece={supported=1, vendor_id=0x15b3, options=0x30000002, comp_mask=0x0}
gx10-e146:68:78 [0] NCCL INFO NET/IB: ncclIbConnectImpl: NCCL Dev 1 IbDev 1 Port 1 qp_num 15916 mtu 5 GID 6 (0/264A8C0FFFF0000) ctsFifoRkey=0x1b9b99 ctsFifoLkey=0x1b9b99
gx10-e146:68:78 [0] NCCL INFO NET/IB: ncclIbConnectImpl: IbDev 1 Port 1 qp_num 15916 query_ece={supported=1, vendor_id=0x15b3, options=0x30000002, comp_mask=0x0}
gx10-e146:68:78 [0] NCCL INFO NET/IB: Subnet-aware routing: overriding dev 5 with dev 3
gx10-e146:68:78 [0] NCCL INFO NET/IB: ncclIbSenderQpsCreate: QP created: port=1 dev=3 devName=roceP2p1s0f1 ndevs=4 nmdevs=6 qp_num=2990 pkey=0 pd=0xe3a4dc23d840 oooRq=0
gx10-e146:68:78 [0] NCCL INFO NET/IB: ncclIbSenderQpsCreate: QP created: port=1 dev=3 devName=roceP2p1s0f1 ndevs=4 nmdevs=6 qp_num=2991 pkey=0 pd=0xe3a4dc23d840 oooRq=0
gx10-e146:68:78 [0] NCCL INFO NET/IB: ncclIbConnectImpl: NCCL Dev 3 IbDev 3 Port 1 qp_num 2990 mtu 5 GID 3 (0/26EA8C0FFFF0000) ctsFifoRkey=0x1d7d79 ctsFifoLkey=0x1d7d79
gx10-e146:68:78 [0] NCCL INFO NET/IB: ncclIbConnectImpl: IbDev 3 Port 1 qp_num 2990 query_ece={supported=1, vendor_id=0x15b3, options=0x30000002, comp_mask=0x0}
gx10-e146:68:78 [0] NCCL INFO NET/IB: ncclIbConnectImpl: NCCL Dev 3 IbDev 3 Port 1 qp_num 2991 mtu 5 GID 3 (0/26EA8C0FFFF0000) ctsFifoRkey=0x1d7d79 ctsFifoLkey=0x1d7d79
gx10-e146:68:78 [0] NCCL INFO NET/IB: ncclIbConnectImpl: IbDev 3 Port 1 qp_num 2991 query_ece={supported=1, vendor_id=0x15b3, options=0x30000002, comp_mask=0x0}
gx10-e146:68:78 [0] NCCL INFO NET/IB: Subnet-aware routing: overriding dev 4 with dev 1
gx10-e146:68:78 [0] NCCL INFO NET/IB: ncclIbResiliencyInit: Resiliency is disabled on the recv communicator (comm=0xe3a4dea36000)
gx10-e146:68:78 [0] NCCL INFO NET/IB: ncclIbRecvCommInit: Receive work requests will be posted on-demand
gx10-e146:68:78 [0] NCCL INFO NET/IB: Subnet-aware routing: overriding dev 5 with dev 3
gx10-e146:68:78 [0] NCCL INFO NET/IB: Subnet-aware routing: overriding dev 4 with dev 1
gx10-e146:68:78 [0] NCCL INFO NET/IB: Subnet-aware routing: overriding dev 5 with dev 3
gx10-e146:68:78 [0] NCCL INFO NET/IB: ncclIbSenderQpsCreate: QP created: port=1 dev=3 devName=roceP2p1s0f1 ndevs=4 nmdevs=6 qp_num=2992 pkey=0 pd=0xe3a4dc23d840 oooRq=0
gx10-e146:68:78 [0] NCCL INFO NET/IB: ncclIbSenderQpsCreate: QP created: port=1 dev=3 devName=roceP2p1s0f1 ndevs=4 nmdevs=6 qp_num=2993 pkey=0 pd=0xe3a4dc23d840 oooRq=0
gx10-e146:68:78 [0] NCCL INFO NET/IB: ncclIbConnectImpl: NCCL Dev 3 IbDev 3 Port 1 qp_num 2992 mtu 5 GID 3 (0/26EA8C0FFFF0000) ctsFifoRkey=0x1db3a9 ctsFifoLkey=0x1db3a9
gx10-e146:68:78 [0] NCCL INFO NET/IB: ncclIbConnectImpl: IbDev 3 Port 1 qp_num 2992 query_ece={supported=1, vendor_id=0x15b3, options=0x30000002, comp_mask=0x0}
gx10-e146:68:78 [0] NCCL INFO NET/IB: ncclIbConnectImpl: NCCL Dev 3 IbDev 3 Port 1 qp_num 2993 mtu 5 GID 3 (0/26EA8C0FFFF0000) ctsFifoRkey=0x1db3a9 ctsFifoLkey=0x1db3a9
gx10-e146:68:78 [0] NCCL INFO NET/IB: ncclIbConnectImpl: IbDev 3 Port 1 qp_num 2993 query_ece={supported=1, vendor_id=0x15b3, options=0x30000002, comp_mask=0x0}
gx10-e146:68:78 [0] NCCL INFO NET/IB: Subnet-aware routing: overriding dev 5 with dev 3
gx10-e146:68:78 [0] NCCL INFO NET/IB: ncclIbReceiverQpsCreateToRts: QP created: port=1 dev=3 devName=roceP2p1s0f1 ndevs=4 nmdevs=6 qp_num=2994 pkey=0 pd=0xe3a4dc23d840 oooRq=0
gx10-e146:68:78 [0] NCCL INFO NET/IB: ncclIbReceiverQpsCreateToRts: QP created: port=1 dev=3 devName=roceP2p1s0f1 ndevs=4 nmdevs=6 qp_num=2995 pkey=0 pd=0xe3a4dc23d840 oooRq=0
gx10-e146:68:78 [0] NCCL INFO NET/IB: ncclIbReceiverQpsCreateToRts: Flush QP created: port=1 dev=3 devName=roceP2p1s0f1 ndevs=4 nmdevs=6 qp_num=2996 pkey=0 pd=0xe3a4dc23d840
gx10-e146:68:78 [0] NCCL INFO NET/IB: Subnet-aware routing: overriding dev 4 with dev 1
gx10-e146:68:78 [0] NCCL INFO NET/IB: Subnet-aware routing: overriding dev 4 with dev 1
gx10-e146:68:78 [0] NCCL INFO NET/IB: ncclIbReceiverQpsCreateToRts: QP created: port=1 dev=1 devName=rocep1s0f1 ndevs=4 nmdevs=6 qp_num=15917 pkey=0 pd=0xe3a4dc07dd30 oooRq=0
gx10-e146:68:78 [0] NCCL INFO NET/IB: ncclIbReceiverQpsCreateToRts: QP created: port=1 dev=1 devName=rocep1s0f1 ndevs=4 nmdevs=6 qp_num=15918 pkey=0 pd=0xe3a4dc07dd30 oooRq=0
gx10-e146:68:78 [0] NCCL INFO NET/IB: ncclIbReceiverQpsCreateToRts: Flush QP created: port=1 dev=1 devName=rocep1s0f1 ndevs=4 nmdevs=6 qp_num=15919 pkey=0 pd=0xe3a4dc07dd30
gx10-e146:68:78 [0] NCCL INFO NET/IB: Subnet-aware routing: overriding dev 5 with dev 3
gx10-e146:68:78 [0] NCCL INFO NET/IB: Subnet-aware routing: overriding dev 4 with dev 1
gx10-e146:68:78 [0] NCCL INFO NET/IB: Subnet-aware routing: overriding dev 5 with dev 3
gx10-e146:68:78 [0] NCCL INFO NET/IB: ncclIbResiliencyInit: Resiliency is disabled on the send communicator (comm=0xe3a4debc8000)
gx10-e146:68:78 [0] NCCL INFO NET/IB: Subnet-aware routing: overriding dev 5 with dev 3
gx10-e146:68:78 [0] NCCL INFO NET/IB: ncclIbSenderQpsToRts: Set ECE: IbDev 3 Port 1 qp_num 2985 set_ece={supported=1, vendor_id=0x15b3, options=0x30000002, comp_mask=0x0}
gx10-e146:68:78 [0] NCCL INFO NET/IB: ncclIbSenderQpsToRts: Set ECE: IbDev 3 Port 1 qp_num 2986 set_ece={supported=1, vendor_id=0x15b3, options=0x30000002, comp_mask=0x0}
gx10-e146:68:78 [0] NCCL INFO NET/IB: Subnet-aware routing: overriding dev 4 with dev 1
gx10-e146:68:78 [0] NCCL INFO NET/IB: ncclIbSenderQpsCreate: QP created: port=1 dev=1 devName=rocep1s0f1 ndevs=4 nmdevs=6 qp_num=15920 pkey=0 pd=0xe3a4dc07dd30 oooRq=0
gx10-e146:68:78 [0] NCCL INFO NET/IB: ncclIbSenderQpsCreate: QP created: port=1 dev=1 devName=rocep1s0f1 ndevs=4 nmdevs=6 qp_num=15921 pkey=0 pd=0xe3a4dc07dd30 oooRq=0
gx10-e146:68:78 [0] NCCL INFO NET/IB: ncclIbConnectImpl: NCCL Dev 1 IbDev 1 Port 1 qp_num 15920 mtu 5 GID 6 (0/264A8C0FFFF0000) ctsFifoRkey=0x18eceb ctsFifoLkey=0x18eceb
gx10-e146:68:78 [0] NCCL INFO NET/IB: ncclIbConnectImpl: IbDev 1 Port 1 qp_num 15920 query_ece={supported=1, vendor_id=0x15b3, options=0x30000002, comp_mask=0x0}
gx10-e146:68:78 [0] NCCL INFO NET/IB: ncclIbConnectImpl: NCCL Dev 1 IbDev 1 Port 1 qp_num 15921 mtu 5 GID 6 (0/264A8C0FFFF0000) ctsFifoRkey=0x18eceb ctsFifoLkey=0x18eceb
gx10-e146:68:78 [0] NCCL INFO NET/IB: ncclIbConnectImpl: IbDev 1 Port 1 qp_num 15921 query_ece={supported=1, vendor_id=0x15b3, options=0x30000002, comp_mask=0x0}
gx10-e146:68:78 [0] NCCL INFO NET/IB: Subnet-aware routing: overriding dev 5 with dev 3
gx10-e146:68:78 [0] NCCL INFO NET/IB: Subnet-aware routing: overriding dev 4 with dev 1
gx10-e146:68:78 [0] NCCL INFO NET/IB: ncclIbSenderQpsToRts: Set ECE: IbDev 1 Port 1 qp_num 15915 set_ece={supported=1, vendor_id=0x15b3, options=0x30000002, comp_mask=0x0}
gx10-e146:68:78 [0] NCCL INFO NET/IB: ncclIbSenderQpsToRts: Set ECE: IbDev 1 Port 1 qp_num 15916 set_ece={supported=1, vendor_id=0x15b3, options=0x30000002, comp_mask=0x0}
gx10-e146:68:78 [0] NCCL INFO NET/IB: Subnet-aware routing: overriding dev 5 with dev 3
gx10-e146:68:78 [0] NCCL INFO NET/IB: Subnet-aware routing: overriding dev 4 with dev 1
gx10-e146:68:78 [0] NCCL INFO NET/IB: Subnet-aware routing: overriding dev 5 with dev 3
gx10-e146:68:78 [0] NCCL INFO NET/IB: ncclIbResiliencyInit: Resiliency is disabled on the recv communicator (comm=0xe3a4dec62000)
gx10-e146:68:78 [0] NCCL INFO NET/IB: ncclIbRecvCommInit: Receive work requests will be posted on-demand
gx10-e146:68:78 [0] NCCL INFO NET/IB: Subnet-aware routing: overriding dev 4 with dev 1
gx10-e146:68:78 [0] NCCL INFO NET/IB: Subnet-aware routing: overriding dev 5 with dev 3
gx10-e146:68:78 [0] NCCL INFO NET/IB: Subnet-aware routing: overriding dev 5 with dev 3
gx10-e146:68:78 [0] NCCL INFO NET/IB: Subnet-aware routing: overriding dev 4 with dev 1
gx10-e146:68:78 [0] NCCL INFO NET/IB: Subnet-aware routing: overriding dev 5 with dev 3
gx10-e146:68:78 [0] NCCL INFO NET/IB: Subnet-aware routing: overriding dev 4 with dev 1
gx10-e146:68:78 [0] NCCL INFO NET/IB: ncclIbResiliencyInit: Resiliency is disabled on the send communicator (comm=0xe3a4deca7000)
gx10-e146:68:78 [0] NCCL INFO NET/IB: Subnet-aware routing: overriding dev 4 with dev 1
gx10-e146:68:78 [0] NCCL INFO NET/IB: Subnet-aware routing: overriding dev 5 with dev 3
gx10-e146:68:78 [0] NCCL INFO NET/IB: Subnet-aware routing: overriding dev 5 with dev 3
gx10-e146:68:78 [0] NCCL INFO NET/IB: Subnet-aware routing: overriding dev 4 with dev 1
gx10-e146:68:78 [0] NCCL INFO NET/IB: Subnet-aware routing: overriding dev 5 with dev 3
gx10-e146:68:78 [0] NCCL INFO NET/IB: Subnet-aware routing: overriding dev 4 with dev 1
gx10-e146:68:78 [0] NCCL INFO NET/IB: ncclIbResiliencyInit: Resiliency is disabled on the recv communicator (comm=0xe3a4dece8000)
gx10-e146:68:78 [0] NCCL INFO NET/IB: ncclIbRecvCommInit: Receive work requests will be posted on-demand
gx10-e146:68:78 [0] NCCL INFO NET/IB: Subnet-aware routing: overriding dev 4 with dev 1
gx10-e146:68:78 [0] NCCL INFO NET/IB: Subnet-aware routing: overriding dev 5 with dev 3
gx10-e146:68:78 [0] NCCL INFO NET/IB: Subnet-aware routing: overriding dev 5 with dev 3
gx10-e146:68:78 [0] NCCL INFO NET/IB: Subnet-aware routing: overriding dev 4 with dev 1
gx10-e146:68:78 [0] NCCL INFO NET/IB: Subnet-aware routing: overriding dev 5 with dev 3
gx10-e146:68:78 [0] NCCL INFO NET/IB: Subnet-aware routing: overriding dev 4 with dev 1
gx10-e146:68:78 [0] NCCL INFO NET/IB: Subnet-aware routing: overriding dev 5 with dev 3
gx10-e146:68:78 [0] NCCL INFO NET/IB: ncclIbResiliencyInit: Resiliency is disabled on the send communicator (comm=0xe3a4ded30000)
gx10-e146:68:78 [0] NCCL INFO NET/IB: Subnet-aware routing: overriding dev 4 with dev 1
gx10-e146:68:78 [0] NCCL INFO NET/IB: Subnet-aware routing: overriding dev 5 with dev 3
gx10-e146:68:78 [0] NCCL INFO NET/IB: Subnet-aware routing: overriding dev 5 with dev 3
gx10-e146:68:78 [0] NCCL INFO NET/IB: Subnet-aware routing: overriding dev 4 with dev 1
gx10-e146:68:78 [0] NCCL INFO NET/IB: Subnet-aware routing: overriding dev 5 with dev 3
gx10-e146:68:78 [0] NCCL INFO NET/IB: Subnet-aware routing: overriding dev 4 with dev 1
gx10-e146:68:78 [0] NCCL INFO NET/IB: Subnet-aware routing: overriding dev 5 with dev 3
gx10-e146:68:78 [0] NCCL INFO NET/IB: ncclIbResiliencyInit: Resiliency is disabled on the recv communicator (comm=0xe3a4ded71000)
gx10-e146:68:78 [0] NCCL INFO NET/IB: ncclIbRecvCommInit: Receive work requests will be posted on-demand
gx10-e146:68:78 [0] NCCL INFO NET/IB: Subnet-aware routing: overriding dev 4 with dev 1
gx10-e146:68:78 [0] NCCL INFO NET/IB: Subnet-aware routing: overriding dev 5 with dev 3
gx10-e146:68:78 [0] NCCL INFO NET/IB: Subnet-aware routing: overriding dev 5 with dev 3
gx10-e146:68:78 [0] NCCL INFO NET/IB: Subnet-aware routing: overriding dev 4 with dev 1
gx10-e146:68:78 [0] NCCL INFO NET/IB: Subnet-aware routing: overriding dev 5 with dev 3
gx10-e146:68:78 [0] NCCL INFO NET/IB: Subnet-aware routing: overriding dev 4 with dev 1
gx10-e146:68:78 [0] NCCL INFO NET/IB: Subnet-aware routing: overriding dev 5 with dev 3
gx10-e146:68:78 [0] NCCL INFO NET/IB: Subnet-aware routing: overriding dev 4 with dev 1
gx10-e146:68:78 [0] NCCL INFO NET/IB: ncclIbResiliencyInit: Resiliency is disabled on the send communicator (comm=0xe3a4dedb9000)
gx10-e146:68:78 [0] NCCL INFO NET/IB: Subnet-aware routing: overriding dev 4 with dev 1
gx10-e146:68:78 [0] NCCL INFO NET/IB: Subnet-aware routing: overriding dev 5 with dev 3
gx10-e146:68:78 [0] NCCL INFO NET/IB: Subnet-aware routing: overriding dev 5 with dev 3
gx10-e146:68:78 [0] NCCL INFO NET/IB: Subnet-aware routing: overriding dev 4 with dev 1
gx10-e146:68:78 [0] NCCL INFO NET/IB: Subnet-aware routing: overriding dev 5 with dev 3
gx10-e146:68:78 [0] NCCL INFO NET/IB: Subnet-aware routing: overriding dev 4 with dev 1
gx10-e146:68:78 [0] NCCL INFO NET/IB: Subnet-aware routing: overriding dev 5 with dev 3
gx10-e146:68:78 [0] NCCL INFO NET/IB: Subnet-aware routing: overriding dev 4 with dev 1
gx10-e146:68:78 [0] NCCL INFO NET/IB: ncclIbResiliencyInit: Resiliency is disabled on the recv communicator (comm=0xe3a4dedfa000)
gx10-e146:68:78 [0] NCCL INFO NET/IB: ncclIbRecvCommInit: Receive work requests will be posted on-demand
gx10-e146:68:78 [0] NCCL INFO NET/IB: Subnet-aware routing: overriding dev 4 with dev 1
gx10-e146:68:78 [0] NCCL INFO NET/IB: Subnet-aware routing: overriding dev 5 with dev 3
gx10-e146:68:78 [0] NCCL INFO NET/IB: Subnet-aware routing: overriding dev 5 with dev 3
gx10-e146:68:78 [0] NCCL INFO NET/IB: Subnet-aware routing: overriding dev 4 with dev 1
gx10-e146:68:78 [0] NCCL INFO NET/IB: Subnet-aware routing: overriding dev 5 with dev 3
gx10-e146:68:78 [0] NCCL INFO NET/IB: Subnet-aware routing: overriding dev 4 with dev 1
gx10-e146:68:78 [0] NCCL INFO NET/IB: Subnet-aware routing: overriding dev 5 with dev 3
gx10-e146:68:78 [0] NCCL INFO NET/IB: Subnet-aware routing: overriding dev 4 with dev 1
gx10-e146:68:78 [0] NCCL INFO NET/IB: Subnet-aware routing: overriding dev 5 with dev 3
gx10-e146:68:78 [0] NCCL INFO NET/IB: ncclIbResiliencyInit: Resiliency is disabled on the send communicator (comm=0xe3a4dee42000)
gx10-e146:68:78 [0] NCCL INFO NET/IB: Subnet-aware routing: overriding dev 4 with dev 1
gx10-e146:68:78 [0] NCCL INFO NET/IB: Subnet-aware routing: overriding dev 5 with dev 3
gx10-e146:68:78 [0] NCCL INFO NET/IB: Subnet-aware routing: overriding dev 5 with dev 3
gx10-e146:68:78 [0] NCCL INFO NET/IB: Subnet-aware routing: overriding dev 4 with dev 1
gx10-e146:68:78 [0] NCCL INFO NET/IB: Subnet-aware routing: overriding dev 5 with dev 3
gx10-e146:68:78 [0] NCCL INFO NET/IB: Subnet-aware routing: overriding dev 4 with dev 1
gx10-e146:68:78 [0] NCCL INFO NET/IB: Subnet-aware routing: overriding dev 5 with dev 3
gx10-e146:68:78 [0] NCCL INFO NET/IB: Subnet-aware routing: overriding dev 4 with dev 1
gx10-e146:68:78 [0] NCCL INFO NET/IB: Subnet-aware routing: overriding dev 5 with dev 3
gx10-e146:68:78 [0] NCCL INFO NET/IB: ncclIbResiliencyInit: Resiliency is disabled on the recv communicator (comm=0xe3a4dee8c000)
gx10-e146:68:78 [0] NCCL INFO NET/IB: ncclIbRecvCommInit: Receive work requests will be posted on-demand
gx10-e146:68:78 [0] NCCL INFO NET/IB: Subnet-aware routing: overriding dev 4 with dev 1
gx10-e146:68:78 [0] NCCL INFO NET/IB: Subnet-aware routing: overriding dev 5 with dev 3
gx10-e146:68:78 [0] NCCL INFO NET/IB: ncclIbSenderQpsToRts: Set ECE: IbDev 3 Port 1 qp_num 2992 set_ece={supported=1, vendor_id=0x15b3, options=0x30000002, comp_mask=0x0}
gx10-e146:68:78 [0] NCCL INFO NET/IB: ncclIbSenderQpsToRts: Set ECE: IbDev 3 Port 1 qp_num 2993 set_ece={supported=1, vendor_id=0x15b3, options=0x30000002, comp_mask=0x0}
gx10-e146:68:78 [0] NCCL INFO NET/IB: Subnet-aware routing: overriding dev 5 with dev 3
gx10-e146:68:78 [0] NCCL INFO NET/IB: ncclIbSenderQpsToRts: Set ECE: IbDev 3 Port 1 qp_num 2990 set_ece={supported=1, vendor_id=0x15b3, options=0x30000002, comp_mask=0x0}
gx10-e146:68:78 [0] NCCL INFO NET/IB: ncclIbSenderQpsToRts: Set ECE: IbDev 3 Port 1 qp_num 2991 set_ece={supported=1, vendor_id=0x15b3, options=0x30000002, comp_mask=0x0}
gx10-e146:68:78 [0] NCCL INFO NET/IB: Subnet-aware routing: overriding dev 5 with dev 3
gx10-e146:68:78 [0] NCCL INFO NET/IB: ncclIbReceiverQpsCreateToRts: QP created: port=1 dev=3 devName=roceP2p1s0f1 ndevs=4 nmdevs=6 qp_num=2997 pkey=0 pd=0xe3a4dc23d840 oooRq=0
gx10-e146:68:78 [0] NCCL INFO NET/IB: ncclIbReceiverQpsCreateToRts: QP created: port=1 dev=3 devName=roceP2p1s0f1 ndevs=4 nmdevs=6 qp_num=2998 pkey=0 pd=0xe3a4dc23d840 oooRq=0
gx10-e146:68:78 [0] NCCL INFO NET/IB: ncclIbReceiverQpsCreateToRts: Flush QP created: port=1 dev=3 devName=roceP2p1s0f1 ndevs=4 nmdevs=6 qp_num=2999 pkey=0 pd=0xe3a4dc23d840
gx10-e146:68:78 [0] NCCL INFO NET/IB: Subnet-aware routing: overriding dev 4 with dev 1
gx10-e146:68:78 [0] NCCL INFO NET/IB: ncclIbSenderQpsCreate: QP created: port=1 dev=1 devName=rocep1s0f1 ndevs=4 nmdevs=6 qp_num=15922 pkey=0 pd=0xe3a4dc07dd30 oooRq=0
gx10-e146:68:78 [0] NCCL INFO NET/IB: ncclIbSenderQpsCreate: QP created: port=1 dev=1 devName=rocep1s0f1 ndevs=4 nmdevs=6 qp_num=15923 pkey=0 pd=0xe3a4dc07dd30 oooRq=0
gx10-e146:68:78 [0] NCCL INFO NET/IB: ncclIbConnectImpl: NCCL Dev 1 IbDev 1 Port 1 qp_num 15922 mtu 5 GID 6 (0/264A8C0FFFF0000) ctsFifoRkey=0x1ac3bf ctsFifoLkey=0x1ac3bf
gx10-e146:68:78 [0] NCCL INFO NET/IB: ncclIbConnectImpl: IbDev 1 Port 1 qp_num 15922 query_ece={supported=1, vendor_id=0x15b3, options=0x30000002, comp_mask=0x0}
gx10-e146:68:78 [0] NCCL INFO NET/IB: ncclIbConnectImpl: NCCL Dev 1 IbDev 1 Port 1 qp_num 15923 mtu 5 GID 6 (0/264A8C0FFFF0000) ctsFifoRkey=0x1ac3bf ctsFifoLkey=0x1ac3bf
gx10-e146:68:78 [0] NCCL INFO NET/IB: ncclIbConnectImpl: IbDev 1 Port 1 qp_num 15923 query_ece={supported=1, vendor_id=0x15b3, options=0x30000002, comp_mask=0x0}
gx10-e146:68:78 [0] NCCL INFO NET/IB: Subnet-aware routing: overriding dev 4 with dev 1
gx10-e146:68:78 [0] NCCL INFO NET/IB: ncclIbReceiverQpsCreateToRts: QP created: port=1 dev=1 devName=rocep1s0f1 ndevs=4 nmdevs=6 qp_num=15924 pkey=0 pd=0xe3a4dc07dd30 oooRq=0
gx10-e146:68:78 [0] NCCL INFO NET/IB: ncclIbReceiverQpsCreateToRts: QP created: port=1 dev=1 devName=rocep1s0f1 ndevs=4 nmdevs=6 qp_num=15925 pkey=0 pd=0xe3a4dc07dd30 oooRq=0
gx10-e146:68:78 [0] NCCL INFO NET/IB: ncclIbReceiverQpsCreateToRts: Flush QP created: port=1 dev=1 devName=rocep1s0f1 ndevs=4 nmdevs=6 qp_num=15926 pkey=0 pd=0xe3a4dc07dd30
gx10-e146:68:78 [0] NCCL INFO NET/IB: Subnet-aware routing: overriding dev 5 with dev 3
gx10-e146:68:78 [0] NCCL INFO NET/IB: Subnet-aware routing: overriding dev 5 with dev 3
gx10-e146:68:78 [0] NCCL INFO NET/IB: ncclIbReceiverQpsCreateToRts: QP created: port=1 dev=3 devName=roceP2p1s0f1 ndevs=4 nmdevs=6 qp_num=3000 pkey=0 pd=0xe3a4dc23d840 oooRq=0
gx10-e146:68:78 [0] NCCL INFO NET/IB: ncclIbReceiverQpsCreateToRts: QP created: port=1 dev=3 devName=roceP2p1s0f1 ndevs=4 nmdevs=6 qp_num=3001 pkey=0 pd=0xe3a4dc23d840 oooRq=0
gx10-e146:68:78 [0] NCCL INFO NET/IB: ncclIbReceiverQpsCreateToRts: Flush QP created: port=1 dev=3 devName=roceP2p1s0f1 ndevs=4 nmdevs=6 qp_num=3002 pkey=0 pd=0xe3a4dc23d840
gx10-e146:68:78 [0] NCCL INFO NET/IB: Subnet-aware routing: overriding dev 4 with dev 1
gx10-e146:68:78 [0] NCCL INFO NET/IB: Subnet-aware routing: overriding dev 4 with dev 1
gx10-e146:68:78 [0] NCCL INFO NET/IB: ncclIbReceiverQpsCreateToRts: QP created: port=1 dev=1 devName=rocep1s0f1 ndevs=4 nmdevs=6 qp_num=15927 pkey=0 pd=0xe3a4dc07dd30 oooRq=0
gx10-e146:68:78 [0] NCCL INFO NET/IB: ncclIbReceiverQpsCreateToRts: QP created: port=1 dev=1 devName=rocep1s0f1 ndevs=4 nmdevs=6 qp_num=15928 pkey=0 pd=0xe3a4dc07dd30 oooRq=0
gx10-e146:68:78 [0] NCCL INFO NET/IB: ncclIbReceiverQpsCreateToRts: Flush QP created: port=1 dev=1 devName=rocep1s0f1 ndevs=4 nmdevs=6 qp_num=15929 pkey=0 pd=0xe3a4dc07dd30
gx10-e146:68:78 [0] NCCL INFO NET/IB: Subnet-aware routing: overriding dev 5 with dev 3
gx10-e146:68:78 [0] NCCL INFO NET/IB: ncclIbSenderQpsCreate: QP created: port=1 dev=3 devName=roceP2p1s0f1 ndevs=4 nmdevs=6 qp_num=3003 pkey=0 pd=0xe3a4dc23d840 oooRq=0
gx10-e146:68:78 [0] NCCL INFO NET/IB: ncclIbSenderQpsCreate: QP created: port=1 dev=3 devName=roceP2p1s0f1 ndevs=4 nmdevs=6 qp_num=3004 pkey=0 pd=0xe3a4dc23d840 oooRq=0
gx10-e146:68:78 [0] NCCL INFO NET/IB: ncclIbConnectImpl: NCCL Dev 3 IbDev 3 Port 1 qp_num 3003 mtu 5 GID 3 (0/26EA8C0FFFF0000) ctsFifoRkey=0x1cfdfc ctsFifoLkey=0x1cfdfc
gx10-e146:68:78 [0] NCCL INFO NET/IB: ncclIbConnectImpl: IbDev 3 Port 1 qp_num 3003 query_ece={supported=1, vendor_id=0x15b3, options=0x30000002, comp_mask=0x0}
gx10-e146:68:78 [0] NCCL INFO NET/IB: ncclIbConnectImpl: NCCL Dev 3 IbDev 3 Port 1 qp_num 3004 mtu 5 GID 3 (0/26EA8C0FFFF0000) ctsFifoRkey=0x1cfdfc ctsFifoLkey=0x1cfdfc
gx10-e146:68:78 [0] NCCL INFO NET/IB: ncclIbConnectImpl: IbDev 3 Port 1 qp_num 3004 query_ece={supported=1, vendor_id=0x15b3, options=0x30000002, comp_mask=0x0}
gx10-e146:68:78 [0] NCCL INFO NET/IB: Subnet-aware routing: overriding dev 5 with dev 3
gx10-e146:68:78 [0] NCCL INFO NET/IB: ncclIbReceiverQpsCreateToRts: QP created: port=1 dev=3 devName=roceP2p1s0f1 ndevs=4 nmdevs=6 qp_num=3005 pkey=0 pd=0xe3a4dc23d840 oooRq=0
gx10-e146:68:78 [0] NCCL INFO NET/IB: ncclIbReceiverQpsCreateToRts: QP created: port=1 dev=3 devName=roceP2p1s0f1 ndevs=4 nmdevs=6 qp_num=3006 pkey=0 pd=0xe3a4dc23d840 oooRq=0
gx10-e146:68:78 [0] NCCL INFO NET/IB: ncclIbReceiverQpsCreateToRts: Flush QP created: port=1 dev=3 devName=roceP2p1s0f1 ndevs=4 nmdevs=6 qp_num=3007 pkey=0 pd=0xe3a4dc23d840
gx10-e146:68:78 [0] NCCL INFO NET/IB: Subnet-aware routing: overriding dev 4 with dev 1
gx10-e146:68:78 [0] NCCL INFO NET/IB: ncclIbSenderQpsCreate: QP created: port=1 dev=1 devName=rocep1s0f1 ndevs=4 nmdevs=6 qp_num=15930 pkey=0 pd=0xe3a4dc07dd30 oooRq=0
gx10-e146:68:78 [0] NCCL INFO NET/IB: ncclIbSenderQpsCreate: QP created: port=1 dev=1 devName=rocep1s0f1 ndevs=4 nmdevs=6 qp_num=15931 pkey=0 pd=0xe3a4dc07dd30 oooRq=0
gx10-e146:68:78 [0] NCCL INFO NET/IB: ncclIbConnectImpl: NCCL Dev 1 IbDev 1 Port 1 qp_num 15930 mtu 5 GID 6 (0/264A8C0FFFF0000) ctsFifoRkey=0x19b4b1 ctsFifoLkey=0x19b4b1
gx10-e146:68:78 [0] NCCL INFO NET/IB: ncclIbConnectImpl: IbDev 1 Port 1 qp_num 15930 query_ece={supported=1, vendor_id=0x15b3, options=0x30000002, comp_mask=0x0}
gx10-e146:68:78 [0] NCCL INFO NET/IB: ncclIbConnectImpl: NCCL Dev 1 IbDev 1 Port 1 qp_num 15931 mtu 5 GID 6 (0/264A8C0FFFF0000) ctsFifoRkey=0x19b4b1 ctsFifoLkey=0x19b4b1
gx10-e146:68:78 [0] NCCL INFO NET/IB: ncclIbConnectImpl: IbDev 1 Port 1 qp_num 15931 query_ece={supported=1, vendor_id=0x15b3, options=0x30000002, comp_mask=0x0}
gx10-e146:68:78 [0] NCCL INFO NET/IB: Subnet-aware routing: overriding dev 5 with dev 3
gx10-e146:68:78 [0] NCCL INFO NET/IB: ncclIbSenderQpsCreate: QP created: port=1 dev=3 devName=roceP2p1s0f1 ndevs=4 nmdevs=6 qp_num=3008 pkey=0 pd=0xe3a4dc23d840 oooRq=0
gx10-e146:68:78 [0] NCCL INFO NET/IB: ncclIbSenderQpsCreate: QP created: port=1 dev=3 devName=roceP2p1s0f1 ndevs=4 nmdevs=6 qp_num=3009 pkey=0 pd=0xe3a4dc23d840 oooRq=0
gx10-e146:68:78 [0] NCCL INFO NET/IB: ncclIbConnectImpl: NCCL Dev 3 IbDev 3 Port 1 qp_num 3008 mtu 5 GID 3 (0/26EA8C0FFFF0000) ctsFifoRkey=0x1dcecb ctsFifoLkey=0x1dcecb
gx10-e146:68:78 [0] NCCL INFO NET/IB: ncclIbConnectImpl: IbDev 3 Port 1 qp_num 3008 query_ece={supported=1, vendor_id=0x15b3, options=0x30000002, comp_mask=0x0}
gx10-e146:68:78 [0] NCCL INFO NET/IB: ncclIbConnectImpl: NCCL Dev 3 IbDev 3 Port 1 qp_num 3009 mtu 5 GID 3 (0/26EA8C0FFFF0000) ctsFifoRkey=0x1dcecb ctsFifoLkey=0x1dcecb
gx10-e146:68:78 [0] NCCL INFO NET/IB: ncclIbConnectImpl: IbDev 3 Port 1 qp_num 3009 query_ece={supported=1, vendor_id=0x15b3, options=0x30000002, comp_mask=0x0}
gx10-e146:68:78 [0] NCCL INFO NET/IB: Subnet-aware routing: overriding dev 4 with dev 1
gx10-e146:68:78 [0] NCCL INFO NET/IB: ncclIbResiliencyInit: Resiliency is disabled on the send communicator (comm=0xe3a4df2a0000)
gx10-e146:68:78 [0] NCCL INFO NET/IB: Subnet-aware routing: overriding dev 4 with dev 1
gx10-e146:68:78 [0] NCCL INFO NET/IB: ncclIbSenderQpsToRts: Set ECE: IbDev 1 Port 1 qp_num 15920 set_ece={supported=1, vendor_id=0x15b3, options=0x30000002, comp_mask=0x0}
gx10-e146:68:78 [0] NCCL INFO NET/IB: ncclIbSenderQpsToRts: Set ECE: IbDev 1 Port 1 qp_num 15921 set_ece={supported=1, vendor_id=0x15b3, options=0x30000002, comp_mask=0x0}
gx10-e146:68:78 [0] NCCL INFO NET/IB: Subnet-aware routing: overriding dev 4 with dev 1
gx10-e146:68:78 [0] NCCL INFO NET/IB: ncclIbSenderQpsToRts: Set ECE: IbDev 1 Port 1 qp_num 15922 set_ece={supported=1, vendor_id=0x15b3, options=0x30000002, comp_mask=0x0}
gx10-e146:68:78 [0] NCCL INFO NET/IB: ncclIbSenderQpsToRts: Set ECE: IbDev 1 Port 1 qp_num 15923 set_ece={supported=1, vendor_id=0x15b3, options=0x30000002, comp_mask=0x0}
gx10-e146:68:78 [0] NCCL INFO NET/IB: Subnet-aware routing: overriding dev 5 with dev 3
gx10-e146:68:78 [0] NCCL INFO NET/IB: ncclIbSenderQpsCreate: QP created: port=1 dev=3 devName=roceP2p1s0f1 ndevs=4 nmdevs=6 qp_num=3010 pkey=0 pd=0xe3a4dc23d840 oooRq=0
gx10-e146:68:78 [0] NCCL INFO NET/IB: ncclIbSenderQpsCreate: QP created: port=1 dev=3 devName=roceP2p1s0f1 ndevs=4 nmdevs=6 qp_num=3011 pkey=0 pd=0xe3a4dc23d840 oooRq=0
gx10-e146:68:78 [0] NCCL INFO NET/IB: ncclIbConnectImpl: NCCL Dev 3 IbDev 3 Port 1 qp_num 3010 mtu 5 GID 3 (0/26EA8C0FFFF0000) ctsFifoRkey=0x151f1c ctsFifoLkey=0x151f1c
gx10-e146:68:78 [0] NCCL INFO NET/IB: ncclIbConnectImpl: IbDev 3 Port 1 qp_num 3010 query_ece={supported=1, vendor_id=0x15b3, options=0x30000002, comp_mask=0x0}
gx10-e146:68:78 [0] NCCL INFO NET/IB: ncclIbConnectImpl: NCCL Dev 3 IbDev 3 Port 1 qp_num 3011 mtu 5 GID 3 (0/26EA8C0FFFF0000) ctsFifoRkey=0x151f1c ctsFifoLkey=0x151f1c
gx10-e146:68:78 [0] NCCL INFO NET/IB: ncclIbConnectImpl: IbDev 3 Port 1 qp_num 3011 query_ece={supported=1, vendor_id=0x15b3, options=0x30000002, comp_mask=0x0}
gx10-e146:68:78 [0] NCCL INFO NET/IB: Subnet-aware routing: overriding dev 4 with dev 1
gx10-e146:68:78 [0] NCCL INFO NET/IB: ncclIbSenderQpsCreate: QP created: port=1 dev=1 devName=rocep1s0f1 ndevs=4 nmdevs=6 qp_num=15932 pkey=0 pd=0xe3a4dc07dd30 oooRq=0
gx10-e146:68:78 [0] NCCL INFO NET/IB: ncclIbSenderQpsCreate: QP created: port=1 dev=1 devName=rocep1s0f1 ndevs=4 nmdevs=6 qp_num=15933 pkey=0 pd=0xe3a4dc07dd30 oooRq=0
gx10-e146:68:78 [0] NCCL INFO NET/IB: ncclIbConnectImpl: NCCL Dev 1 IbDev 1 Port 1 qp_num 15932 mtu 5 GID 6 (0/264A8C0FFFF0000) ctsFifoRkey=0x1b9e9c ctsFifoLkey=0x1b9e9c
gx10-e146:68:78 [0] NCCL INFO NET/IB: ncclIbConnectImpl: IbDev 1 Port 1 qp_num 15932 query_ece={supported=1, vendor_id=0x15b3, options=0x30000002, comp_mask=0x0}
gx10-e146:68:78 [0] NCCL INFO NET/IB: ncclIbConnectImpl: NCCL Dev 1 IbDev 1 Port 1 qp_num 15933 mtu 5 GID 6 (0/264A8C0FFFF0000) ctsFifoRkey=0x1b9e9c ctsFifoLkey=0x1b9e9c
gx10-e146:68:78 [0] NCCL INFO NET/IB: ncclIbConnectImpl: IbDev 1 Port 1 qp_num 15933 query_ece={supported=1, vendor_id=0x15b3, options=0x30000002, comp_mask=0x0}
gx10-e146:68:78 [0] NCCL INFO NET/IB: Subnet-aware routing: overriding dev 5 with dev 3
gx10-e146:68:78 [0] NCCL INFO NET/IB: ncclIbSenderQpsToRts: Set ECE: IbDev 3 Port 1 qp_num 3003 set_ece={supported=1, vendor_id=0x15b3, options=0x30000002, comp_mask=0x0}
gx10-e146:68:78 [0] NCCL INFO NET/IB: ncclIbSenderQpsToRts: Set ECE: IbDev 3 Port 1 qp_num 3004 set_ece={supported=1, vendor_id=0x15b3, options=0x30000002, comp_mask=0x0}
gx10-e146:68:78 [0] NCCL INFO NET/IB: Subnet-aware routing: overriding dev 4 with dev 1
gx10-e146:68:78 [0] NCCL INFO NET/IB: Subnet-aware routing: overriding dev 4 with dev 1
gx10-e146:68:78 [0] NCCL INFO NET/IB: ncclIbReceiverQpsCreateToRts: QP created: port=1 dev=1 devName=rocep1s0f1 ndevs=4 nmdevs=6 qp_num=15934 pkey=0 pd=0xe3a4dc07dd30 oooRq=0
gx10-e146:68:78 [0] NCCL INFO NET/IB: ncclIbReceiverQpsCreateToRts: QP created: port=1 dev=1 devName=rocep1s0f1 ndevs=4 nmdevs=6 qp_num=15935 pkey=0 pd=0xe3a4dc07dd30 oooRq=0
gx10-e146:68:78 [0] NCCL INFO NET/IB: ncclIbReceiverQpsCreateToRts: Flush QP created: port=1 dev=1 devName=rocep1s0f1 ndevs=4 nmdevs=6 qp_num=15936 pkey=0 pd=0xe3a4dc07dd30
gx10-e146:68:78 [0] NCCL INFO NET/IB: Subnet-aware routing: overriding dev 5 with dev 3
gx10-e146:68:78 [0] NCCL INFO NET/IB: Subnet-aware routing: overriding dev 4 with dev 1
gx10-e146:68:78 [0] NCCL INFO NET/IB: ncclIbResiliencyInit: Resiliency is disabled on the recv communicator (comm=0xe3a4df409000)
gx10-e146:68:78 [0] NCCL INFO NET/IB: ncclIbRecvCommInit: Receive work requests will be posted on-demand
gx10-e146:68:78 [0] NCCL INFO NET/IB: Subnet-aware routing: overriding dev 5 with dev 3
gx10-e146:68:78 [0] NCCL INFO NET/IB: Subnet-aware routing: overriding dev 4 with dev 1
gx10-e146:68:78 [0] NCCL INFO NET/IB: Subnet-aware routing: overriding dev 4 with dev 1
gx10-e146:68:78 [0] NCCL INFO NET/IB: Subnet-aware routing: overriding dev 5 with dev 3
gx10-e146:68:78 [0] NCCL INFO NET/IB: Subnet-aware routing: overriding dev 4 with dev 1
gx10-e146:68:78 [0] NCCL INFO NET/IB: Subnet-aware routing: overriding dev 5 with dev 3
gx10-e146:68:78 [0] NCCL INFO NET/IB: ncclIbResiliencyInit: Resiliency is disabled on the send communicator (comm=0xe3a4df451000)
gx10-e146:68:78 [0] NCCL INFO NET/IB: Subnet-aware routing: overriding dev 5 with dev 3
gx10-e146:68:78 [0] NCCL INFO NET/IB: Subnet-aware routing: overriding dev 4 with dev 1
gx10-e146:68:78 [0] NCCL INFO NET/IB: Subnet-aware routing: overriding dev 4 with dev 1
gx10-e146:68:78 [0] NCCL INFO NET/IB: Subnet-aware routing: overriding dev 5 with dev 3
gx10-e146:68:78 [0] NCCL INFO NET/IB: Subnet-aware routing: overriding dev 4 with dev 1
gx10-e146:68:78 [0] NCCL INFO NET/IB: Subnet-aware routing: overriding dev 5 with dev 3
gx10-e146:68:78 [0] NCCL INFO NET/IB: ncclIbResiliencyInit: Resiliency is disabled on the recv communicator (comm=0xe3a4df492000)
gx10-e146:68:78 [0] NCCL INFO NET/IB: ncclIbRecvCommInit: Receive work requests will be posted on-demand
gx10-e146:68:78 [0] NCCL INFO NET/IB: Subnet-aware routing: overriding dev 5 with dev 3
gx10-e146:68:78 [0] NCCL INFO NET/IB: Subnet-aware routing: overriding dev 4 with dev 1
gx10-e146:68:78 [0] NCCL INFO NET/IB: Subnet-aware routing: overriding dev 4 with dev 1
gx10-e146:68:78 [0] NCCL INFO NET/IB: Subnet-aware routing: overriding dev 5 with dev 3
gx10-e146:68:78 [0] NCCL INFO NET/IB: Subnet-aware routing: overriding dev 4 with dev 1
gx10-e146:68:78 [0] NCCL INFO NET/IB: Subnet-aware routing: overriding dev 5 with dev 3
gx10-e146:68:78 [0] NCCL INFO NET/IB: Subnet-aware routing: overriding dev 4 with dev 1
gx10-e146:68:78 [0] NCCL INFO NET/IB: ncclIbResiliencyInit: Resiliency is disabled on the send communicator (comm=0xe3a4df4da000)
gx10-e146:68:78 [0] NCCL INFO NET/IB: Subnet-aware routing: overriding dev 5 with dev 3
gx10-e146:68:78 [0] NCCL INFO NET/IB: Subnet-aware routing: overriding dev 4 with dev 1
gx10-e146:68:78 [0] NCCL INFO NET/IB: Subnet-aware routing: overriding dev 4 with dev 1
gx10-e146:68:78 [0] NCCL INFO NET/IB: Subnet-aware routing: overriding dev 5 with dev 3
gx10-e146:68:78 [0] NCCL INFO NET/IB: Subnet-aware routing: overriding dev 4 with dev 1
gx10-e146:68:78 [0] NCCL INFO NET/IB: Subnet-aware routing: overriding dev 5 with dev 3
gx10-e146:68:78 [0] NCCL INFO NET/IB: Subnet-aware routing: overriding dev 4 with dev 1
gx10-e146:68:78 [0] NCCL INFO NET/IB: ncclIbResiliencyInit: Resiliency is disabled on the recv communicator (comm=0xe3a4df51b000)
gx10-e146:68:78 [0] NCCL INFO NET/IB: ncclIbRecvCommInit: Receive work requests will be posted on-demand
gx10-e146:68:78 [0] NCCL INFO NET/IB: Subnet-aware routing: overriding dev 5 with dev 3
gx10-e146:68:78 [0] NCCL INFO NET/IB: Subnet-aware routing: overriding dev 4 with dev 1
gx10-e146:68:78 [0] NCCL INFO NET/IB: Subnet-aware routing: overriding dev 4 with dev 1
gx10-e146:68:78 [0] NCCL INFO NET/IB: Subnet-aware routing: overriding dev 5 with dev 3
gx10-e146:68:78 [0] NCCL INFO NET/IB: Subnet-aware routing: overriding dev 4 with dev 1
gx10-e146:68:78 [0] NCCL INFO NET/IB: Subnet-aware routing: overriding dev 5 with dev 3
gx10-e146:68:78 [0] NCCL INFO NET/IB: Subnet-aware routing: overriding dev 4 with dev 1
gx10-e146:68:78 [0] NCCL INFO NET/IB: Subnet-aware routing: overriding dev 5 with dev 3
gx10-e146:68:78 [0] NCCL INFO NET/IB: ncclIbResiliencyInit: Resiliency is disabled on the send communicator (comm=0xe3a4df563000)
gx10-e146:68:78 [0] NCCL INFO NET/IB: Subnet-aware routing: overriding dev 5 with dev 3
gx10-e146:68:78 [0] NCCL INFO NET/IB: Subnet-aware routing: overriding dev 4 with dev 1
gx10-e146:68:78 [0] NCCL INFO NET/IB: Subnet-aware routing: overriding dev 4 with dev 1
gx10-e146:68:78 [0] NCCL INFO NET/IB: Subnet-aware routing: overriding dev 5 with dev 3
gx10-e146:68:78 [0] NCCL INFO NET/IB: Subnet-aware routing: overriding dev 4 with dev 1
gx10-e146:68:78 [0] NCCL INFO NET/IB: Subnet-aware routing: overriding dev 5 with dev 3
gx10-e146:68:78 [0] NCCL INFO NET/IB: Subnet-aware routing: overriding dev 4 with dev 1
gx10-e146:68:78 [0] NCCL INFO NET/IB: Subnet-aware routing: overriding dev 5 with dev 3
gx10-e146:68:78 [0] NCCL INFO NET/IB: ncclIbResiliencyInit: Resiliency is disabled on the recv communicator (comm=0xe3a4df5a4000)
gx10-e146:68:78 [0] NCCL INFO NET/IB: ncclIbRecvCommInit: Receive work requests will be posted on-demand
gx10-e146:68:78 [0] NCCL INFO NET/IB: Subnet-aware routing: overriding dev 5 with dev 3
gx10-e146:68:78 [0] NCCL INFO NET/IB: Subnet-aware routing: overriding dev 4 with dev 1
gx10-e146:68:78 [0] NCCL INFO NET/IB: Subnet-aware routing: overriding dev 4 with dev 1
gx10-e146:68:78 [0] NCCL INFO NET/IB: Subnet-aware routing: overriding dev 5 with dev 3
gx10-e146:68:78 [0] NCCL INFO NET/IB: Subnet-aware routing: overriding dev 4 with dev 1
gx10-e146:68:78 [0] NCCL INFO NET/IB: Subnet-aware routing: overriding dev 5 with dev 3
gx10-e146:68:78 [0] NCCL INFO NET/IB: Subnet-aware routing: overriding dev 4 with dev 1
gx10-e146:68:78 [0] NCCL INFO NET/IB: Subnet-aware routing: overriding dev 5 with dev 3
gx10-e146:68:78 [0] NCCL INFO NET/IB: Subnet-aware routing: overriding dev 4 with dev 1
gx10-e146:68:78 [0] NCCL INFO NET/IB: ncclIbResiliencyInit: Resiliency is disabled on the send communicator (comm=0xe3a4df5ec000)
gx10-e146:68:78 [0] NCCL INFO NET/IB: Subnet-aware routing: overriding dev 5 with dev 3
gx10-e146:68:78 [0] NCCL INFO NET/IB: Subnet-aware routing: overriding dev 4 with dev 1
gx10-e146:68:78 [0] NCCL INFO NET/IB: Subnet-aware routing: overriding dev 4 with dev 1
gx10-e146:68:78 [0] NCCL INFO NET/IB: Subnet-aware routing: overriding dev 5 with dev 3
gx10-e146:68:78 [0] NCCL INFO NET/IB: Subnet-aware routing: overriding dev 4 with dev 1
gx10-e146:68:78 [0] NCCL INFO NET/IB: Subnet-aware routing: overriding dev 5 with dev 3
gx10-e146:68:78 [0] NCCL INFO NET/IB: Subnet-aware routing: overriding dev 4 with dev 1
gx10-e146:68:78 [0] NCCL INFO NET/IB: Subnet-aware routing: overriding dev 5 with dev 3
gx10-e146:68:78 [0] NCCL INFO NET/IB: Subnet-aware routing: overriding dev 4 with dev 1
gx10-e146:68:78 [0] NCCL INFO NET/IB: ncclIbResiliencyInit: Resiliency is disabled on the recv communicator (comm=0xe3a4df62d000)
gx10-e146:68:78 [0] NCCL INFO NET/IB: ncclIbRecvCommInit: Receive work requests will be posted on-demand
gx10-e146:68:78 [0] NCCL INFO NET/IB: Subnet-aware routing: overriding dev 5 with dev 3
gx10-e146:68:78 [0] NCCL INFO NET/IB: Subnet-aware routing: overriding dev 4 with dev 1
gx10-e146:68:78 [0] NCCL INFO NET/IB: Subnet-aware routing: overriding dev 4 with dev 1
gx10-e146:68:78 [0] NCCL INFO NET/IB: Subnet-aware routing: overriding dev 5 with dev 3
gx10-e146:68:78 [0] NCCL INFO NET/IB: Subnet-aware routing: overriding dev 4 with dev 1
gx10-e146:68:78 [0] NCCL INFO NET/IB: Subnet-aware routing: overriding dev 5 with dev 3
gx10-e146:68:78 [0] NCCL INFO NET/IB: Subnet-aware routing: overriding dev 4 with dev 1
gx10-e146:68:78 [0] NCCL INFO NET/IB: Subnet-aware routing: overriding dev 5 with dev 3
gx10-e146:68:78 [0] NCCL INFO NET/IB: Subnet-aware routing: overriding dev 4 with dev 1
gx10-e146:68:78 [0] NCCL INFO NET/IB: Subnet-aware routing: overriding dev 5 with dev 3
gx10-e146:68:78 [0] NCCL INFO NET/IB: ncclIbResiliencyInit: Resiliency is disabled on the send communicator (comm=0xe3a4df675000)
gx10-e146:68:78 [0] NCCL INFO NET/IB: Subnet-aware routing: overriding dev 5 with dev 3
gx10-e146:68:78 [0] NCCL INFO NET/IB: ncclIbSenderQpsToRts: Set ECE: IbDev 3 Port 1 qp_num 3010 set_ece={supported=1, vendor_id=0x15b3, options=0x30000002, comp_mask=0x0}
gx10-e146:68:78 [0] NCCL INFO NET/IB: ncclIbSenderQpsToRts: Set ECE: IbDev 3 Port 1 qp_num 3011 set_ece={supported=1, vendor_id=0x15b3, options=0x30000002, comp_mask=0x0}
gx10-e146:68:78 [0] NCCL INFO NET/IB: Subnet-aware routing: overriding dev 4 with dev 1
gx10-e146:68:78 [0] NCCL INFO NET/IB: ncclIbSenderQpsToRts: Set ECE: IbDev 1 Port 1 qp_num 15932 set_ece={supported=1, vendor_id=0x15b3, options=0x30000002, comp_mask=0x0}
gx10-e146:68:78 [0] NCCL INFO NET/IB: ncclIbSenderQpsToRts: Set ECE: IbDev 1 Port 1 qp_num 15933 set_ece={supported=1, vendor_id=0x15b3, options=0x30000002, comp_mask=0x0}
gx10-e146:68:78 [0] NCCL INFO NET/IB: Subnet-aware routing: overriding dev 4 with dev 1
gx10-e146:68:78 [0] NCCL INFO NET/IB: ncclIbSenderQpsToRts: Set ECE: IbDev 1 Port 1 qp_num 15930 set_ece={supported=1, vendor_id=0x15b3, options=0x30000002, comp_mask=0x0}
gx10-e146:68:78 [0] NCCL INFO NET/IB: ncclIbSenderQpsToRts: Set ECE: IbDev 1 Port 1 qp_num 15931 set_ece={supported=1, vendor_id=0x15b3, options=0x30000002, comp_mask=0x0}
gx10-e146:68:78 [0] NCCL INFO NET/IB: Subnet-aware routing: overriding dev 5 with dev 3
gx10-e146:68:78 [0] NCCL INFO NET/IB: ncclIbSenderQpsToRts: Set ECE: IbDev 3 Port 1 qp_num 3008 set_ece={supported=1, vendor_id=0x15b3, options=0x30000002, comp_mask=0x0}
gx10-e146:68:78 [0] NCCL INFO NET/IB: ncclIbSenderQpsToRts: Set ECE: IbDev 3 Port 1 qp_num 3009 set_ece={supported=1, vendor_id=0x15b3, options=0x30000002, comp_mask=0x0}
gx10-e146:68:78 [0] NCCL INFO NET/IB: Subnet-aware routing: overriding dev 5 with dev 3
gx10-e146:68:78 [0] NCCL INFO NET/IB: ncclIbReceiverQpsCreateToRts: QP created: port=1 dev=3 devName=roceP2p1s0f1 ndevs=4 nmdevs=6 qp_num=3012 pkey=0 pd=0xe3a4dc23d840 oooRq=0
gx10-e146:68:78 [0] NCCL INFO NET/IB: ncclIbReceiverQpsCreateToRts: QP created: port=1 dev=3 devName=roceP2p1s0f1 ndevs=4 nmdevs=6 qp_num=3013 pkey=0 pd=0xe3a4dc23d840 oooRq=0
gx10-e146:68:78 [0] NCCL INFO NET/IB: ncclIbReceiverQpsCreateToRts: Flush QP created: port=1 dev=3 devName=roceP2p1s0f1 ndevs=4 nmdevs=6 qp_num=3014 pkey=0 pd=0xe3a4dc23d840
gx10-e146:68:78 [0] NCCL INFO NET/IB: Subnet-aware routing: overriding dev 4 with dev 1
gx10-e146:68:78 [0] NCCL INFO NET/IB: ncclIbSenderQpsCreate: QP created: port=1 dev=1 devName=rocep1s0f1 ndevs=4 nmdevs=6 qp_num=15937 pkey=0 pd=0xe3a4dc07dd30 oooRq=0
gx10-e146:68:78 [0] NCCL INFO NET/IB: ncclIbSenderQpsCreate: QP created: port=1 dev=1 devName=rocep1s0f1 ndevs=4 nmdevs=6 qp_num=15938 pkey=0 pd=0xe3a4dc07dd30 oooRq=0
gx10-e146:68:78 [0] NCCL INFO NET/IB: ncclIbConnectImpl: NCCL Dev 1 IbDev 1 Port 1 qp_num 15937 mtu 5 GID 6 (0/264A8C0FFFF0000) ctsFifoRkey=0x1bd7d4 ctsFifoLkey=0x1bd7d4
gx10-e146:68:78 [0] NCCL INFO NET/IB: ncclIbConnectImpl: IbDev 1 Port 1 qp_num 15937 query_ece={supported=1, vendor_id=0x15b3, options=0x30000002, comp_mask=0x0}
gx10-e146:68:78 [0] NCCL INFO NET/IB: ncclIbConnectImpl: NCCL Dev 1 IbDev 1 Port 1 qp_num 15938 mtu 5 GID 6 (0/264A8C0FFFF0000) ctsFifoRkey=0x1bd7d4 ctsFifoLkey=0x1bd7d4
gx10-e146:68:78 [0] NCCL INFO NET/IB: ncclIbConnectImpl: IbDev 1 Port 1 qp_num 15938 query_ece={supported=1, vendor_id=0x15b3, options=0x30000002, comp_mask=0x0}
gx10-e146:68:78 [0] NCCL INFO NET/IB: Subnet-aware routing: overriding dev 4 with dev 1
gx10-e146:68:78 [0] NCCL INFO NET/IB: ncclIbReceiverQpsCreateToRts: QP created: port=1 dev=1 devName=rocep1s0f1 ndevs=4 nmdevs=6 qp_num=15939 pkey=0 pd=0xe3a4dc07dd30 oooRq=0
gx10-e146:68:78 [0] NCCL INFO NET/IB: ncclIbReceiverQpsCreateToRts: QP created: port=1 dev=1 devName=rocep1s0f1 ndevs=4 nmdevs=6 qp_num=15940 pkey=0 pd=0xe3a4dc07dd30 oooRq=0
gx10-e146:68:78 [0] NCCL INFO NET/IB: ncclIbReceiverQpsCreateToRts: Flush QP created: port=1 dev=1 devName=rocep1s0f1 ndevs=4 nmdevs=6 qp_num=15941 pkey=0 pd=0xe3a4dc07dd30
gx10-e146:68:78 [0] NCCL INFO NET/IB: Subnet-aware routing: overriding dev 5 with dev 3
gx10-e146:68:78 [0] NCCL INFO NET/IB: Subnet-aware routing: overriding dev 5 with dev 3
gx10-e146:68:78 [0] NCCL INFO NET/IB: ncclIbReceiverQpsCreateToRts: QP created: port=1 dev=3 devName=roceP2p1s0f1 ndevs=4 nmdevs=6 qp_num=3015 pkey=0 pd=0xe3a4dc23d840 oooRq=0
gx10-e146:68:78 [0] NCCL INFO NET/IB: ncclIbReceiverQpsCreateToRts: QP created: port=1 dev=3 devName=roceP2p1s0f1 ndevs=4 nmdevs=6 qp_num=3016 pkey=0 pd=0xe3a4dc23d840 oooRq=0
gx10-e146:68:78 [0] NCCL INFO NET/IB: ncclIbReceiverQpsCreateToRts: Flush QP created: port=1 dev=3 devName=roceP2p1s0f1 ndevs=4 nmdevs=6 qp_num=3017 pkey=0 pd=0xe3a4dc23d840
gx10-e146:68:78 [0] NCCL INFO NET/IB: Subnet-aware routing: overriding dev 4 with dev 1
gx10-e146:68:78 [0] NCCL INFO NET/IB: Subnet-aware routing: overriding dev 4 with dev 1
gx10-e146:68:78 [0] NCCL INFO NET/IB: ncclIbReceiverQpsCreateToRts: QP created: port=1 dev=1 devName=rocep1s0f1 ndevs=4 nmdevs=6 qp_num=15942 pkey=0 pd=0xe3a4dc07dd30 oooRq=0
gx10-e146:68:78 [0] NCCL INFO NET/IB: ncclIbReceiverQpsCreateToRts: QP created: port=1 dev=1 devName=rocep1s0f1 ndevs=4 nmdevs=6 qp_num=15943 pkey=0 pd=0xe3a4dc07dd30 oooRq=0
gx10-e146:68:78 [0] NCCL INFO NET/IB: ncclIbReceiverQpsCreateToRts: Flush QP created: port=1 dev=1 devName=rocep1s0f1 ndevs=4 nmdevs=6 qp_num=15944 pkey=0 pd=0xe3a4dc07dd30
gx10-e146:68:78 [0] NCCL INFO NET/IB: Subnet-aware routing: overriding dev 5 with dev 3
gx10-e146:68:78 [0] NCCL INFO NET/IB: Subnet-aware routing: overriding dev 4 with dev 1
gx10-e146:68:78 [0] NCCL INFO NET/IB: Subnet-aware routing: overriding dev 5 with dev 3
gx10-e146:68:78 [0] NCCL INFO NET/IB: ncclIbResiliencyInit: Resiliency is disabled on the recv communicator (comm=0xe3a4df8fb000)
gx10-e146:68:78 [0] NCCL INFO NET/IB: ncclIbRecvCommInit: Receive work requests will be posted on-demand
gx10-e146:68:78 [0] NCCL INFO NET/IB: Subnet-aware routing: overriding dev 4 with dev 1
gx10-e146:68:78 [0] NCCL INFO NET/IB: Subnet-aware routing: overriding dev 5 with dev 3
gx10-e146:68:78 [0] NCCL INFO NET/IB: Subnet-aware routing: overriding dev 4 with dev 1
gx10-e146:68:78 [0] NCCL INFO NET/IB: Subnet-aware routing: overriding dev 5 with dev 3
gx10-e146:68:78 [0] NCCL INFO NET/IB: Subnet-aware routing: overriding dev 4 with dev 1
gx10-e146:68:78 [0] NCCL INFO NET/IB: Subnet-aware routing: overriding dev 5 with dev 3
gx10-e146:68:78 [0] NCCL INFO NET/IB: Subnet-aware routing: overriding dev 4 with dev 1
gx10-e146:68:78 [0] NCCL INFO NET/IB: ncclIbResiliencyInit: Resiliency is disabled on the send communicator (comm=0xe3a4df943000)
gx10-e146:68:78 [0] NCCL INFO NET/IB: Subnet-aware routing: overriding dev 4 with dev 1
gx10-e146:68:78 [0] NCCL INFO NET/IB: ncclIbSenderQpsToRts: Set ECE: IbDev 1 Port 1 qp_num 15937 set_ece={supported=1, vendor_id=0x15b3, options=0x30000002, comp_mask=0x0}
gx10-e146:68:78 [0] NCCL INFO NET/IB: ncclIbSenderQpsToRts: Set ECE: IbDev 1 Port 1 qp_num 15938 set_ece={supported=1, vendor_id=0x15b3, options=0x30000002, comp_mask=0x0}
gx10-e146:68:78 [0] NCCL INFO NET/IB: Subnet-aware routing: overriding dev 5 with dev 3
gx10-e146:68:78 [0] NCCL INFO NET/IB: ncclIbSenderQpsCreate: QP created: port=1 dev=3 devName=roceP2p1s0f1 ndevs=4 nmdevs=6 qp_num=3018 pkey=0 pd=0xe3a4dc23d840 oooRq=0
gx10-e146:68:78 [0] NCCL INFO NET/IB: ncclIbSenderQpsCreate: QP created: port=1 dev=3 devName=roceP2p1s0f1 ndevs=4 nmdevs=6 qp_num=3019 pkey=0 pd=0xe3a4dc23d840 oooRq=0
gx10-e146:68:78 [0] NCCL INFO NET/IB: ncclIbConnectImpl: NCCL Dev 3 IbDev 3 Port 1 qp_num 3018 mtu 5 GID 3 (0/26EA8C0FFFF0000) ctsFifoRkey=0x1d2120 ctsFifoLkey=0x1d2120
gx10-e146:68:78 [0] NCCL INFO NET/IB: ncclIbConnectImpl: IbDev 3 Port 1 qp_num 3018 query_ece={supported=1, vendor_id=0x15b3, options=0x30000002, comp_mask=0x0}
gx10-e146:68:78 [0] NCCL INFO NET/IB: ncclIbConnectImpl: NCCL Dev 3 IbDev 3 Port 1 qp_num 3019 mtu 5 GID 3 (0/26EA8C0FFFF0000) ctsFifoRkey=0x1d2120 ctsFifoLkey=0x1d2120
gx10-e146:68:78 [0] NCCL INFO NET/IB: ncclIbConnectImpl: IbDev 3 Port 1 qp_num 3019 query_ece={supported=1, vendor_id=0x15b3, options=0x30000002, comp_mask=0x0}
gx10-e146:68:78 [0] NCCL INFO NET/IB: Subnet-aware routing: overriding dev 4 with dev 1
gx10-e146:68:78 [0] NCCL INFO NET/IB: ncclIbSenderQpsCreate: QP created: port=1 dev=1 devName=rocep1s0f1 ndevs=4 nmdevs=6 qp_num=15945 pkey=0 pd=0xe3a4dc07dd30 oooRq=0
gx10-e146:68:78 [0] NCCL INFO NET/IB: ncclIbSenderQpsCreate: QP created: port=1 dev=1 devName=rocep1s0f1 ndevs=4 nmdevs=6 qp_num=15946 pkey=0 pd=0xe3a4dc07dd30 oooRq=0
gx10-e146:68:78 [0] NCCL INFO NET/IB: ncclIbConnectImpl: NCCL Dev 1 IbDev 1 Port 1 qp_num 15945 mtu 5 GID 6 (0/264A8C0FFFF0000) ctsFifoRkey=0x1baba8 ctsFifoLkey=0x1baba8
gx10-e146:68:78 [0] NCCL INFO NET/IB: ncclIbConnectImpl: IbDev 1 Port 1 qp_num 15945 query_ece={supported=1, vendor_id=0x15b3, options=0x30000002, comp_mask=0x0}
gx10-e146:68:78 [0] NCCL INFO NET/IB: ncclIbConnectImpl: NCCL Dev 1 IbDev 1 Port 1 qp_num 15946 mtu 5 GID 6 (0/264A8C0FFFF0000) ctsFifoRkey=0x1baba8 ctsFifoLkey=0x1baba8
gx10-e146:68:78 [0] NCCL INFO NET/IB: ncclIbConnectImpl: IbDev 1 Port 1 qp_num 15946 query_ece={supported=1, vendor_id=0x15b3, options=0x30000002, comp_mask=0x0}
gx10-e146:68:78 [0] NCCL INFO NET/IB: Subnet-aware routing: overriding dev 5 with dev 3
gx10-e146:68:78 [0] NCCL INFO NET/IB: ncclIbSenderQpsCreate: QP created: port=1 dev=3 devName=roceP2p1s0f1 ndevs=4 nmdevs=6 qp_num=3020 pkey=0 pd=0xe3a4dc23d840 oooRq=0
gx10-e146:68:78 [0] NCCL INFO NET/IB: ncclIbSenderQpsCreate: QP created: port=1 dev=3 devName=roceP2p1s0f1 ndevs=4 nmdevs=6 qp_num=3021 pkey=0 pd=0xe3a4dc23d840 oooRq=0
gx10-e146:68:78 [0] NCCL INFO NET/IB: ncclIbConnectImpl: NCCL Dev 3 IbDev 3 Port 1 qp_num 3020 mtu 5 GID 3 (0/26EA8C0FFFF0000) ctsFifoRkey=0x1c8484 ctsFifoLkey=0x1c8484
gx10-e146:68:78 [0] NCCL INFO NET/IB: ncclIbConnectImpl: IbDev 3 Port 1 qp_num 3020 query_ece={supported=1, vendor_id=0x15b3, options=0x30000002, comp_mask=0x0}
gx10-e146:68:78 [0] NCCL INFO NET/IB: ncclIbConnectImpl: NCCL Dev 3 IbDev 3 Port 1 qp_num 3021 mtu 5 GID 3 (0/26EA8C0FFFF0000) ctsFifoRkey=0x1c8484 ctsFifoLkey=0x1c8484
gx10-e146:68:78 [0] NCCL INFO NET/IB: ncclIbConnectImpl: IbDev 3 Port 1 qp_num 3021 query_ece={supported=1, vendor_id=0x15b3, options=0x30000002, comp_mask=0x0}
gx10-e146:68:78 [0] NCCL INFO NET/IB: Subnet-aware routing: overriding dev 5 with dev 3
gx10-e146:68:78 [0] NCCL INFO NET/IB: ncclIbReceiverQpsCreateToRts: QP created: port=1 dev=3 devName=roceP2p1s0f1 ndevs=4 nmdevs=6 qp_num=3022 pkey=0 pd=0xe3a4dc23d840 oooRq=0
gx10-e146:68:78 [0] NCCL INFO NET/IB: ncclIbReceiverQpsCreateToRts: QP created: port=1 dev=3 devName=roceP2p1s0f1 ndevs=4 nmdevs=6 qp_num=3023 pkey=0 pd=0xe3a4dc23d840 oooRq=0
gx10-e146:68:78 [0] NCCL INFO NET/IB: ncclIbReceiverQpsCreateToRts: Flush QP created: port=1 dev=3 devName=roceP2p1s0f1 ndevs=4 nmdevs=6 qp_num=3024 pkey=0 pd=0xe3a4dc23d840
gx10-e146:68:78 [0] NCCL INFO NET/IB: Subnet-aware routing: overriding dev 4 with dev 1
gx10-e146:68:78 [0] NCCL INFO NET/IB: ncclIbSenderQpsCreate: QP created: port=1 dev=1 devName=rocep1s0f1 ndevs=4 nmdevs=6 qp_num=15947 pkey=0 pd=0xe3a4dc07dd30 oooRq=0
gx10-e146:68:78 [0] NCCL INFO NET/IB: ncclIbSenderQpsCreate: QP created: port=1 dev=1 devName=rocep1s0f1 ndevs=4 nmdevs=6 qp_num=15948 pkey=0 pd=0xe3a4dc07dd30 oooRq=0
gx10-e146:68:78 [0] NCCL INFO NET/IB: ncclIbConnectImpl: NCCL Dev 1 IbDev 1 Port 1 qp_num 15947 mtu 5 GID 6 (0/264A8C0FFFF0000) ctsFifoRkey=0x1ab9b8 ctsFifoLkey=0x1ab9b8
gx10-e146:68:78 [0] NCCL INFO NET/IB: ncclIbConnectImpl: IbDev 1 Port 1 qp_num 15947 query_ece={supported=1, vendor_id=0x15b3, options=0x30000002, comp_mask=0x0}
gx10-e146:68:78 [0] NCCL INFO NET/IB: ncclIbConnectImpl: NCCL Dev 1 IbDev 1 Port 1 qp_num 15948 mtu 5 GID 6 (0/264A8C0FFFF0000) ctsFifoRkey=0x1ab9b8 ctsFifoLkey=0x1ab9b8
gx10-e146:68:78 [0] NCCL INFO NET/IB: ncclIbConnectImpl: IbDev 1 Port 1 qp_num 15948 query_ece={supported=1, vendor_id=0x15b3, options=0x30000002, comp_mask=0x0}
gx10-e146:68:78 [0] NCCL INFO NET/IB: Subnet-aware routing: overriding dev 4 with dev 1
gx10-e146:68:78 [0] NCCL INFO NET/IB: ncclIbReceiverQpsCreateToRts: QP created: port=1 dev=1 devName=rocep1s0f1 ndevs=4 nmdevs=6 qp_num=15949 pkey=0 pd=0xe3a4dc07dd30 oooRq=0
gx10-e146:68:78 [0] NCCL INFO NET/IB: ncclIbReceiverQpsCreateToRts: QP created: port=1 dev=1 devName=rocep1s0f1 ndevs=4 nmdevs=6 qp_num=15950 pkey=0 pd=0xe3a4dc07dd30 oooRq=0
gx10-e146:68:78 [0] NCCL INFO NET/IB: ncclIbReceiverQpsCreateToRts: Flush QP created: port=1 dev=1 devName=rocep1s0f1 ndevs=4 nmdevs=6 qp_num=15951 pkey=0 pd=0xe3a4dc07dd30
gx10-e146:68:78 [0] NCCL INFO NET/IB: Subnet-aware routing: overriding dev 5 with dev 3
gx10-e146:68:78 [0] NCCL INFO NET/IB: ncclIbSenderQpsCreate: QP created: port=1 dev=3 devName=roceP2p1s0f1 ndevs=4 nmdevs=6 qp_num=3025 pkey=0 pd=0xe3a4dc23d840 oooRq=0
gx10-e146:68:78 [0] NCCL INFO NET/IB: ncclIbSenderQpsCreate: QP created: port=1 dev=3 devName=roceP2p1s0f1 ndevs=4 nmdevs=6 qp_num=3026 pkey=0 pd=0xe3a4dc23d840 oooRq=0
gx10-e146:68:78 [0] NCCL INFO NET/IB: ncclIbConnectImpl: NCCL Dev 3 IbDev 3 Port 1 qp_num 3025 mtu 5 GID 3 (0/26EA8C0FFFF0000) ctsFifoRkey=0x1d4f50 ctsFifoLkey=0x1d4f50
gx10-e146:68:78 [0] NCCL INFO NET/IB: ncclIbConnectImpl: IbDev 3 Port 1 qp_num 3025 query_ece={supported=1, vendor_id=0x15b3, options=0x30000002, comp_mask=0x0}
gx10-e146:68:78 [0] NCCL INFO NET/IB: ncclIbConnectImpl: NCCL Dev 3 IbDev 3 Port 1 qp_num 3026 mtu 5 GID 3 (0/26EA8C0FFFF0000) ctsFifoRkey=0x1d4f50 ctsFifoLkey=0x1d4f50
gx10-e146:68:78 [0] NCCL INFO NET/IB: ncclIbConnectImpl: IbDev 3 Port 1 qp_num 3026 query_ece={supported=1, vendor_id=0x15b3, options=0x30000002, comp_mask=0x0}
gx10-e146:68:78 [0] NCCL INFO NET/IB: Subnet-aware routing: overriding dev 5 with dev 3
gx10-e146:68:78 [0] NCCL INFO NET/IB: ncclIbReceiverQpsCreateToRts: QP created: port=1 dev=3 devName=roceP2p1s0f1 ndevs=4 nmdevs=6 qp_num=3027 pkey=0 pd=0xe3a4dc23d840 oooRq=0
gx10-e146:68:78 [0] NCCL INFO NET/IB: ncclIbReceiverQpsCreateToRts: QP created: port=1 dev=3 devName=roceP2p1s0f1 ndevs=4 nmdevs=6 qp_num=3028 pkey=0 pd=0xe3a4dc23d840 oooRq=0
gx10-e146:68:78 [0] NCCL INFO NET/IB: ncclIbReceiverQpsCreateToRts: Flush QP created: port=1 dev=3 devName=roceP2p1s0f1 ndevs=4 nmdevs=6 qp_num=3029 pkey=0 pd=0xe3a4dc23d840
gx10-e146:68:78 [0] NCCL INFO NET/IB: Subnet-aware routing: overriding dev 4 with dev 1
gx10-e146:68:78 [0] NCCL INFO NET/IB: ncclIbResiliencyInit: Resiliency is disabled on the recv communicator (comm=0xe3a4dfcb4000)
gx10-e146:68:78 [0] NCCL INFO NET/IB: ncclIbRecvCommInit: Receive work requests will be posted on-demand
gx10-e146:68:78 [0] NCCL INFO NET/IB: Subnet-aware routing: overriding dev 5 with dev 3
gx10-e146:68:78 [0] NCCL INFO NET/IB: Subnet-aware routing: overriding dev 4 with dev 1
gx10-e146:68:78 [0] NCCL INFO NET/IB: Subnet-aware routing: overriding dev 5 with dev 3
gx10-e146:68:78 [0] NCCL INFO NET/IB: Subnet-aware routing: overriding dev 4 with dev 1
gx10-e146:68:78 [0] NCCL INFO NET/IB: Subnet-aware routing: overriding dev 5 with dev 3
gx10-e146:68:78 [0] NCCL INFO NET/IB: Subnet-aware routing: overriding dev 4 with dev 1
gx10-e146:68:78 [0] NCCL INFO NET/IB: Subnet-aware routing: overriding dev 5 with dev 3
gx10-e146:68:78 [0] NCCL INFO NET/IB: ncclIbResiliencyInit: Resiliency is disabled on the send communicator (comm=0xe3a4dfcfc000)
gx10-e146:68:78 [0] NCCL INFO NET/IB: Subnet-aware routing: overriding dev 5 with dev 3
gx10-e146:68:78 [0] NCCL INFO NET/IB: Subnet-aware routing: overriding dev 4 with dev 1
gx10-e146:68:78 [0] NCCL INFO NET/IB: Subnet-aware routing: overriding dev 5 with dev 3
gx10-e146:68:78 [0] NCCL INFO NET/IB: Subnet-aware routing: overriding dev 4 with dev 1
gx10-e146:68:78 [0] NCCL INFO NET/IB: Subnet-aware routing: overriding dev 5 with dev 3
gx10-e146:68:78 [0] NCCL INFO NET/IB: Subnet-aware routing: overriding dev 4 with dev 1
gx10-e146:68:78 [0] NCCL INFO NET/IB: Subnet-aware routing: overriding dev 5 with dev 3
gx10-e146:68:78 [0] NCCL INFO NET/IB: ncclIbResiliencyInit: Resiliency is disabled on the recv communicator (comm=0xe3a4dfd3d000)
gx10-e146:68:78 [0] NCCL INFO NET/IB: ncclIbRecvCommInit: Receive work requests will be posted on-demand
gx10-e146:68:78 [0] NCCL INFO NET/IB: Subnet-aware routing: overriding dev 5 with dev 3
gx10-e146:68:78 [0] NCCL INFO NET/IB: Subnet-aware routing: overriding dev 4 with dev 1
gx10-e146:68:78 [0] NCCL INFO NET/IB: Subnet-aware routing: overriding dev 5 with dev 3
gx10-e146:68:78 [0] NCCL INFO NET/IB: Subnet-aware routing: overriding dev 4 with dev 1
gx10-e146:68:78 [0] NCCL INFO NET/IB: Subnet-aware routing: overriding dev 5 with dev 3
gx10-e146:68:78 [0] NCCL INFO NET/IB: Subnet-aware routing: overriding dev 4 with dev 1
gx10-e146:68:78 [0] NCCL INFO NET/IB: Subnet-aware routing: overriding dev 5 with dev 3
gx10-e146:68:78 [0] NCCL INFO NET/IB: Subnet-aware routing: overriding dev 4 with dev 1
gx10-e146:68:78 [0] NCCL INFO NET/IB: ncclIbResiliencyInit: Resiliency is disabled on the send communicator (comm=0xe3a4dfd85000)
gx10-e146:68:78 [0] NCCL INFO NET/IB: Subnet-aware routing: overriding dev 5 with dev 3
gx10-e146:68:78 [0] NCCL INFO NET/IB: Subnet-aware routing: overriding dev 4 with dev 1
gx10-e146:68:78 [0] NCCL INFO NET/IB: Subnet-aware routing: overriding dev 5 with dev 3
gx10-e146:68:78 [0] NCCL INFO NET/IB: Subnet-aware routing: overriding dev 4 with dev 1
gx10-e146:68:78 [0] NCCL INFO NET/IB: Subnet-aware routing: overriding dev 5 with dev 3
gx10-e146:68:78 [0] NCCL INFO NET/IB: Subnet-aware routing: overriding dev 4 with dev 1
gx10-e146:68:78 [0] NCCL INFO NET/IB: Subnet-aware routing: overriding dev 5 with dev 3
gx10-e146:68:78 [0] NCCL INFO NET/IB: Subnet-aware routing: overriding dev 4 with dev 1
gx10-e146:68:78 [0] NCCL INFO NET/IB: ncclIbResiliencyInit: Resiliency is disabled on the recv communicator (comm=0xe3a4dfdc6000)
gx10-e146:68:78 [0] NCCL INFO NET/IB: ncclIbRecvCommInit: Receive work requests will be posted on-demand
gx10-e146:68:78 [0] NCCL INFO NET/IB: Subnet-aware routing: overriding dev 5 with dev 3
gx10-e146:68:78 [0] NCCL INFO NET/IB: Subnet-aware routing: overriding dev 4 with dev 1
gx10-e146:68:78 [0] NCCL INFO NET/IB: Subnet-aware routing: overriding dev 5 with dev 3
gx10-e146:68:78 [0] NCCL INFO NET/IB: Subnet-aware routing: overriding dev 4 with dev 1
gx10-e146:68:78 [0] NCCL INFO NET/IB: Subnet-aware routing: overriding dev 5 with dev 3
gx10-e146:68:78 [0] NCCL INFO NET/IB: Subnet-aware routing: overriding dev 4 with dev 1
gx10-e146:68:78 [0] NCCL INFO NET/IB: Subnet-aware routing: overriding dev 5 with dev 3
gx10-e146:68:78 [0] NCCL INFO NET/IB: Subnet-aware routing: overriding dev 4 with dev 1
gx10-e146:68:78 [0] NCCL INFO NET/IB: Subnet-aware routing: overriding dev 5 with dev 3
gx10-e146:68:78 [0] NCCL INFO NET/IB: ncclIbResiliencyInit: Resiliency is disabled on the send communicator (comm=0xe3a4dfe0e000)
gx10-e146:68:78 [0] NCCL INFO NET/IB: Subnet-aware routing: overriding dev 5 with dev 3
gx10-e146:68:78 [0] NCCL INFO NET/IB: Subnet-aware routing: overriding dev 4 with dev 1
gx10-e146:68:78 [0] NCCL INFO NET/IB: Subnet-aware routing: overriding dev 5 with dev 3
gx10-e146:68:78 [0] NCCL INFO NET/IB: Subnet-aware routing: overriding dev 4 with dev 1
gx10-e146:68:78 [0] NCCL INFO NET/IB: Subnet-aware routing: overriding dev 5 with dev 3
gx10-e146:68:78 [0] NCCL INFO NET/IB: Subnet-aware routing: overriding dev 4 with dev 1
gx10-e146:68:78 [0] NCCL INFO NET/IB: Subnet-aware routing: overriding dev 5 with dev 3
gx10-e146:68:78 [0] NCCL INFO NET/IB: Subnet-aware routing: overriding dev 4 with dev 1
gx10-e146:68:78 [0] NCCL INFO NET/IB: Subnet-aware routing: overriding dev 5 with dev 3
gx10-e146:68:78 [0] NCCL INFO NET/IB: ncclIbResiliencyInit: Resiliency is disabled on the recv communicator (comm=0xe3a4dfe4f000)
gx10-e146:68:78 [0] NCCL INFO NET/IB: ncclIbRecvCommInit: Receive work requests will be posted on-demand
gx10-e146:68:78 [0] NCCL INFO NET/IB: Subnet-aware routing: overriding dev 5 with dev 3
gx10-e146:68:78 [0] NCCL INFO NET/IB: Subnet-aware routing: overriding dev 4 with dev 1
gx10-e146:68:78 [0] NCCL INFO NET/IB: Subnet-aware routing: overriding dev 5 with dev 3
gx10-e146:68:78 [0] NCCL INFO NET/IB: Subnet-aware routing: overriding dev 4 with dev 1
gx10-e146:68:78 [0] NCCL INFO NET/IB: Subnet-aware routing: overriding dev 5 with dev 3
gx10-e146:68:78 [0] NCCL INFO NET/IB: Subnet-aware routing: overriding dev 4 with dev 1
gx10-e146:68:78 [0] NCCL INFO NET/IB: Subnet-aware routing: overriding dev 5 with dev 3
gx10-e146:68:78 [0] NCCL INFO NET/IB: Subnet-aware routing: overriding dev 4 with dev 1
gx10-e146:68:78 [0] NCCL INFO NET/IB: Subnet-aware routing: overriding dev 5 with dev 3
gx10-e146:68:78 [0] NCCL INFO NET/IB: Subnet-aware routing: overriding dev 4 with dev 1
gx10-e146:68:78 [0] NCCL INFO NET/IB: ncclIbResiliencyInit: Resiliency is disabled on the send communicator (comm=0xe3a4dfe97000)
gx10-e146:68:78 [0] NCCL INFO NET/IB: Subnet-aware routing: overriding dev 5 with dev 3
gx10-e146:68:78 [0] NCCL INFO NET/IB: Subnet-aware routing: overriding dev 4 with dev 1
gx10-e146:68:78 [0] NCCL INFO NET/IB: Subnet-aware routing: overriding dev 5 with dev 3
gx10-e146:68:78 [0] NCCL INFO NET/IB: Subnet-aware routing: overriding dev 4 with dev 1
gx10-e146:68:78 [0] NCCL INFO NET/IB: Subnet-aware routing: overriding dev 5 with dev 3
gx10-e146:68:78 [0] NCCL INFO NET/IB: Subnet-aware routing: overriding dev 4 with dev 1
gx10-e146:68:78 [0] NCCL INFO NET/IB: Subnet-aware routing: overriding dev 5 with dev 3
gx10-e146:68:78 [0] NCCL INFO NET/IB: Subnet-aware routing: overriding dev 4 with dev 1
gx10-e146:68:78 [0] NCCL INFO NET/IB: Subnet-aware routing: overriding dev 5 with dev 3
gx10-e146:68:78 [0] NCCL INFO NET/IB: Subnet-aware routing: overriding dev 4 with dev 1
gx10-e146:68:78 [0] NCCL INFO NET/IB: ncclIbResiliencyInit: Resiliency is disabled on the recv communicator (comm=0xe3a4dfed8000)
gx10-e146:68:78 [0] NCCL INFO NET/IB: ncclIbRecvCommInit: Receive work requests will be posted on-demand
gx10-e146:68:78 [0] NCCL INFO NET/IB: Subnet-aware routing: overriding dev 5 with dev 3
gx10-e146:68:78 [0] NCCL INFO NET/IB: Subnet-aware routing: overriding dev 4 with dev 1
gx10-e146:68:78 [0] NCCL INFO NET/IB: Subnet-aware routing: overriding dev 5 with dev 3
gx10-e146:68:78 [0] NCCL INFO NET/IB: Subnet-aware routing: overriding dev 4 with dev 1
gx10-e146:68:78 [0] NCCL INFO NET/IB: Subnet-aware routing: overriding dev 5 with dev 3
gx10-e146:68:78 [0] NCCL INFO NET/IB: Subnet-aware routing: overriding dev 4 with dev 1
gx10-e146:68:78 [0] NCCL INFO NET/IB: Subnet-aware routing: overriding dev 5 with dev 3
gx10-e146:68:78 [0] NCCL INFO NET/IB: Subnet-aware routing: overriding dev 4 with dev 1
gx10-e146:68:78 [0] NCCL INFO NET/IB: Subnet-aware routing: overriding dev 5 with dev 3
gx10-e146:68:78 [0] NCCL INFO NET/IB: Subnet-aware routing: overriding dev 4 with dev 1
gx10-e146:68:78 [0] NCCL INFO NET/IB: Subnet-aware routing: overriding dev 5 with dev 3
gx10-e146:68:78 [0] NCCL INFO NET/IB: ncclIbResiliencyInit: Resiliency is disabled on the send communicator (comm=0xe3a4dff23000)
gx10-e146:68:78 [0] NCCL INFO NET/IB: Subnet-aware routing: overriding dev 5 with dev 3
gx10-e146:68:78 [0] NCCL INFO NET/IB: ncclIbSenderQpsToRts: Set ECE: IbDev 3 Port 1 qp_num 3018 set_ece={supported=1, vendor_id=0x15b3, options=0x30000002, comp_mask=0x0}
gx10-e146:68:78 [0] NCCL INFO NET/IB: ncclIbSenderQpsToRts: Set ECE: IbDev 3 Port 1 qp_num 3019 set_ece={supported=1, vendor_id=0x15b3, options=0x30000002, comp_mask=0x0}
gx10-e146:68:78 [0] NCCL INFO NET/IB: Subnet-aware routing: overriding dev 4 with dev 1
gx10-e146:68:78 [0] NCCL INFO NET/IB: ncclIbSenderQpsToRts: Set ECE: IbDev 1 Port 1 qp_num 15945 set_ece={supported=1, vendor_id=0x15b3, options=0x30000002, comp_mask=0x0}
gx10-e146:68:78 [0] NCCL INFO NET/IB: ncclIbSenderQpsToRts: Set ECE: IbDev 1 Port 1 qp_num 15946 set_ece={supported=1, vendor_id=0x15b3, options=0x30000002, comp_mask=0x0}
gx10-e146:68:78 [0] NCCL INFO NET/IB: Subnet-aware routing: overriding dev 5 with dev 3
gx10-e146:68:78 [0] NCCL INFO NET/IB: ncclIbSenderQpsToRts: Set ECE: IbDev 3 Port 1 qp_num 3020 set_ece={supported=1, vendor_id=0x15b3, options=0x30000002, comp_mask=0x0}
gx10-e146:68:78 [0] NCCL INFO NET/IB: ncclIbSenderQpsToRts: Set ECE: IbDev 3 Port 1 qp_num 3021 set_ece={supported=1, vendor_id=0x15b3, options=0x30000002, comp_mask=0x0}
gx10-e146:68:78 [0] NCCL INFO NET/IB: Subnet-aware routing: overriding dev 4 with dev 1
gx10-e146:68:78 [0] NCCL INFO NET/IB: ncclIbSenderQpsToRts: Set ECE: IbDev 1 Port 1 qp_num 15947 set_ece={supported=1, vendor_id=0x15b3, options=0x30000002, comp_mask=0x0}
gx10-e146:68:78 [0] NCCL INFO NET/IB: ncclIbSenderQpsToRts: Set ECE: IbDev 1 Port 1 qp_num 15948 set_ece={supported=1, vendor_id=0x15b3, options=0x30000002, comp_mask=0x0}
gx10-e146:68:78 [0] NCCL INFO NET/IB: Subnet-aware routing: overriding dev 5 with dev 3
gx10-e146:68:78 [0] NCCL INFO NET/IB: ncclIbSenderQpsToRts: Set ECE: IbDev 3 Port 1 qp_num 3025 set_ece={supported=1, vendor_id=0x15b3, options=0x30000002, comp_mask=0x0}
gx10-e146:68:78 [0] NCCL INFO NET/IB: ncclIbSenderQpsToRts: Set ECE: IbDev 3 Port 1 qp_num 3026 set_ece={supported=1, vendor_id=0x15b3, options=0x30000002, comp_mask=0x0}
gx10-e146:68:78 [0] NCCL INFO NET/IB: Subnet-aware routing: overriding dev 4 with dev 1
gx10-e146:68:78 [0] NCCL INFO NET/IB: ncclIbSenderQpsCreate: QP created: port=1 dev=1 devName=rocep1s0f1 ndevs=4 nmdevs=6 qp_num=15952 pkey=0 pd=0xe3a4dc07dd30 oooRq=0
gx10-e146:68:78 [0] NCCL INFO NET/IB: ncclIbSenderQpsCreate: QP created: port=1 dev=1 devName=rocep1s0f1 ndevs=4 nmdevs=6 qp_num=15953 pkey=0 pd=0xe3a4dc07dd30 oooRq=0
gx10-e146:68:78 [0] NCCL INFO NET/IB: ncclIbConnectImpl: NCCL Dev 1 IbDev 1 Port 1 qp_num 15952 mtu 5 GID 6 (0/264A8C0FFFF0000) ctsFifoRkey=0x1bbbb8 ctsFifoLkey=0x1bbbb8
gx10-e146:68:78 [0] NCCL INFO NET/IB: ncclIbConnectImpl: IbDev 1 Port 1 qp_num 15952 query_ece={supported=1, vendor_id=0x15b3, options=0x30000002, comp_mask=0x0}
gx10-e146:68:78 [0] NCCL INFO NET/IB: ncclIbConnectImpl: NCCL Dev 1 IbDev 1 Port 1 qp_num 15953 mtu 5 GID 6 (0/264A8C0FFFF0000) ctsFifoRkey=0x1bbbb8 ctsFifoLkey=0x1bbbb8
gx10-e146:68:78 [0] NCCL INFO NET/IB: ncclIbConnectImpl: IbDev 1 Port 1 qp_num 15953 query_ece={supported=1, vendor_id=0x15b3, options=0x30000002, comp_mask=0x0}
gx10-e146:68:78 [0] NCCL INFO NET/IB: Subnet-aware routing: overriding dev 4 with dev 1
gx10-e146:68:78 [0] NCCL INFO NET/IB: ncclIbReceiverQpsCreateToRts: QP created: port=1 dev=1 devName=rocep1s0f1 ndevs=4 nmdevs=6 qp_num=15954 pkey=0 pd=0xe3a4dc07dd30 oooRq=0
gx10-e146:68:78 [0] NCCL INFO NET/IB: ncclIbReceiverQpsCreateToRts: QP created: port=1 dev=1 devName=rocep1s0f1 ndevs=4 nmdevs=6 qp_num=15955 pkey=0 pd=0xe3a4dc07dd30 oooRq=0
gx10-e146:68:78 [0] NCCL INFO NET/IB: ncclIbReceiverQpsCreateToRts: Flush QP created: port=1 dev=1 devName=rocep1s0f1 ndevs=4 nmdevs=6 qp_num=15956 pkey=0 pd=0xe3a4dc07dd30
gx10-e146:68:78 [0] NCCL INFO NET/IB: Subnet-aware routing: overriding dev 5 with dev 3
gx10-e146:68:78 [0] NCCL INFO NET/IB: Subnet-aware routing: overriding dev 5 with dev 3
gx10-e146:68:78 [0] NCCL INFO NET/IB: ncclIbReceiverQpsCreateToRts: QP created: port=1 dev=3 devName=roceP2p1s0f1 ndevs=4 nmdevs=6 qp_num=3030 pkey=0 pd=0xe3a4dc23d840 oooRq=0
gx10-e146:68:78 [0] NCCL INFO NET/IB: ncclIbReceiverQpsCreateToRts: QP created: port=1 dev=3 devName=roceP2p1s0f1 ndevs=4 nmdevs=6 qp_num=3031 pkey=0 pd=0xe3a4dc23d840 oooRq=0
gx10-e146:68:78 [0] NCCL INFO NET/IB: ncclIbReceiverQpsCreateToRts: Flush QP created: port=1 dev=3 devName=roceP2p1s0f1 ndevs=4 nmdevs=6 qp_num=3032 pkey=0 pd=0xe3a4dc23d840
gx10-e146:68:78 [0] NCCL INFO NET/IB: Subnet-aware routing: overriding dev 4 with dev 1
gx10-e146:68:78 [0] NCCL INFO NET/IB: Subnet-aware routing: overriding dev 4 with dev 1
gx10-e146:68:78 [0] NCCL INFO NET/IB: ncclIbReceiverQpsCreateToRts: QP created: port=1 dev=1 devName=rocep1s0f1 ndevs=4 nmdevs=6 qp_num=15957 pkey=0 pd=0xe3a4dc07dd30 oooRq=0
gx10-e146:68:78 [0] NCCL INFO NET/IB: ncclIbReceiverQpsCreateToRts: QP created: port=1 dev=1 devName=rocep1s0f1 ndevs=4 nmdevs=6 qp_num=15958 pkey=0 pd=0xe3a4dc07dd30 oooRq=0
gx10-e146:68:78 [0] NCCL INFO NET/IB: ncclIbReceiverQpsCreateToRts: Flush QP created: port=1 dev=1 devName=rocep1s0f1 ndevs=4 nmdevs=6 qp_num=15959 pkey=0 pd=0xe3a4dc07dd30
gx10-e146:68:78 [0] NCCL INFO NET/IB: Subnet-aware routing: overriding dev 5 with dev 3
gx10-e146:68:78 [0] NCCL INFO NET/IB: Subnet-aware routing: overriding dev 5 with dev 3
gx10-e146:68:78 [0] NCCL INFO NET/IB: ncclIbReceiverQpsCreateToRts: QP created: port=1 dev=3 devName=roceP2p1s0f1 ndevs=4 nmdevs=6 qp_num=3033 pkey=0 pd=0xe3a4dc23d840 oooRq=0
gx10-e146:68:78 [0] NCCL INFO NET/IB: ncclIbReceiverQpsCreateToRts: QP created: port=1 dev=3 devName=roceP2p1s0f1 ndevs=4 nmdevs=6 qp_num=3034 pkey=0 pd=0xe3a4dc23d840 oooRq=0
gx10-e146:68:78 [0] NCCL INFO NET/IB: ncclIbReceiverQpsCreateToRts: Flush QP created: port=1 dev=3 devName=roceP2p1s0f1 ndevs=4 nmdevs=6 qp_num=3035 pkey=0 pd=0xe3a4dc23d840
gx10-e146:68:78 [0] NCCL INFO NET/IB: Subnet-aware routing: overriding dev 4 with dev 1
gx10-e146:68:78 [0] NCCL INFO NET/IB: ncclIbSenderQpsCreate: QP created: port=1 dev=1 devName=rocep1s0f1 ndevs=4 nmdevs=6 qp_num=15960 pkey=0 pd=0xe3a4dc07dd30 oooRq=0
gx10-e146:68:78 [0] NCCL INFO NET/IB: ncclIbSenderQpsCreate: QP created: port=1 dev=1 devName=rocep1s0f1 ndevs=4 nmdevs=6 qp_num=15961 pkey=0 pd=0xe3a4dc07dd30 oooRq=0
gx10-e146:68:78 [0] NCCL INFO NET/IB: ncclIbConnectImpl: NCCL Dev 1 IbDev 1 Port 1 qp_num 15960 mtu 5 GID 6 (0/264A8C0FFFF0000) ctsFifoRkey=0x19f8f6 ctsFifoLkey=0x19f8f6
gx10-e146:68:78 [0] NCCL INFO NET/IB: ncclIbConnectImpl: IbDev 1 Port 1 qp_num 15960 query_ece={supported=1, vendor_id=0x15b3, options=0x30000002, comp_mask=0x0}
gx10-e146:68:78 [0] NCCL INFO NET/IB: ncclIbConnectImpl: NCCL Dev 1 IbDev 1 Port 1 qp_num 15961 mtu 5 GID 6 (0/264A8C0FFFF0000) ctsFifoRkey=0x19f8f6 ctsFifoLkey=0x19f8f6
gx10-e146:68:78 [0] NCCL INFO NET/IB: ncclIbConnectImpl: IbDev 1 Port 1 qp_num 15961 query_ece={supported=1, vendor_id=0x15b3, options=0x30000002, comp_mask=0x0}
gx10-e146:68:78 [0] NCCL INFO NET/IB: Subnet-aware routing: overriding dev 5 with dev 3
gx10-e146:68:78 [0] NCCL INFO NET/IB: ncclIbResiliencyInit: Resiliency is disabled on the recv communicator (comm=0xe3a4c820c000)
gx10-e146:68:78 [0] NCCL INFO NET/IB: ncclIbRecvCommInit: Receive work requests will be posted on-demand
gx10-e146:68:78 [0] NCCL INFO NET/IB: Subnet-aware routing: overriding dev 4 with dev 1
gx10-e146:68:78 [0] NCCL INFO NET/IB: Subnet-aware routing: overriding dev 5 with dev 3
gx10-e146:68:78 [0] NCCL INFO NET/IB: Subnet-aware routing: overriding dev 4 with dev 1
gx10-e146:68:78 [0] NCCL INFO NET/IB: Subnet-aware routing: overriding dev 5 with dev 3
gx10-e146:68:78 [0] NCCL INFO NET/IB: Subnet-aware routing: overriding dev 4 with dev 1
gx10-e146:68:78 [0] NCCL INFO NET/IB: Subnet-aware routing: overriding dev 5 with dev 3
gx10-e146:68:78 [0] NCCL INFO NET/IB: Subnet-aware routing: overriding dev 4 with dev 1
gx10-e146:68:78 [0] NCCL INFO NET/IB: ncclIbResiliencyInit: Resiliency is disabled on the send communicator (comm=0xe3a4c8254000)
gx10-e146:68:78 [0] NCCL INFO NET/IB: Subnet-aware routing: overriding dev 4 with dev 1
gx10-e146:68:78 [0] NCCL INFO NET/IB: ncclIbSenderQpsToRts: Set ECE: IbDev 1 Port 1 qp_num 15952 set_ece={supported=1, vendor_id=0x15b3, options=0x30000002, comp_mask=0x0}
gx10-e146:68:78 [0] NCCL INFO NET/IB: ncclIbSenderQpsToRts: Set ECE: IbDev 1 Port 1 qp_num 15953 set_ece={supported=1, vendor_id=0x15b3, options=0x30000002, comp_mask=0x0}
gx10-e146:68:78 [0] NCCL INFO NET/IB: Subnet-aware routing: overriding dev 5 with dev 3
gx10-e146:68:78 [0] NCCL INFO NET/IB: Subnet-aware routing: overriding dev 4 with dev 1
gx10-e146:68:78 [0] NCCL INFO NET/IB: Subnet-aware routing: overriding dev 5 with dev 3
gx10-e146:68:78 [0] NCCL INFO NET/IB: Subnet-aware routing: overriding dev 4 with dev 1
gx10-e146:68:78 [0] NCCL INFO NET/IB: Subnet-aware routing: overriding dev 5 with dev 3
gx10-e146:68:78 [0] NCCL INFO NET/IB: Subnet-aware routing: overriding dev 4 with dev 1
gx10-e146:68:78 [0] NCCL INFO NET/IB: ncclIbResiliencyInit: Resiliency is disabled on the recv communicator (comm=0xe3a4c8295000)
gx10-e146:68:78 [0] NCCL INFO NET/IB: ncclIbRecvCommInit: Receive work requests will be posted on-demand
gx10-e146:68:78 [0] NCCL INFO NET/IB: Subnet-aware routing: overriding dev 5 with dev 3
gx10-e146:68:78 [0] NCCL INFO NET/IB: Subnet-aware routing: overriding dev 4 with dev 1
gx10-e146:68:78 [0] NCCL INFO NET/IB: Subnet-aware routing: overriding dev 5 with dev 3
gx10-e146:68:78 [0] NCCL INFO NET/IB: Subnet-aware routing: overriding dev 4 with dev 1
gx10-e146:68:78 [0] NCCL INFO NET/IB: Subnet-aware routing: overriding dev 5 with dev 3
gx10-e146:68:78 [0] NCCL INFO NET/IB: Subnet-aware routing: overriding dev 4 with dev 1
gx10-e146:68:78 [0] NCCL INFO NET/IB: Subnet-aware routing: overriding dev 5 with dev 3
gx10-e146:68:78 [0] NCCL INFO NET/IB: ncclIbResiliencyInit: Resiliency is disabled on the send communicator (comm=0xe3a4c82da000)
gx10-e146:68:78 [0] NCCL INFO NET/IB: Subnet-aware routing: overriding dev 5 with dev 3
gx10-e146:68:78 [0] NCCL INFO NET/IB: Subnet-aware routing: overriding dev 4 with dev 1
gx10-e146:68:78 [0] NCCL INFO NET/IB: Subnet-aware routing: overriding dev 5 with dev 3
gx10-e146:68:78 [0] NCCL INFO NET/IB: Subnet-aware routing: overriding dev 4 with dev 1
gx10-e146:68:78 [0] NCCL INFO NET/IB: Subnet-aware routing: overriding dev 5 with dev 3
gx10-e146:68:78 [0] NCCL INFO NET/IB: Subnet-aware routing: overriding dev 4 with dev 1
gx10-e146:68:78 [0] NCCL INFO NET/IB: Subnet-aware routing: overriding dev 5 with dev 3
gx10-e146:68:78 [0] NCCL INFO NET/IB: ncclIbResiliencyInit: Resiliency is disabled on the recv communicator (comm=0xe3a4c831b000)
gx10-e146:68:78 [0] NCCL INFO NET/IB: ncclIbRecvCommInit: Receive work requests will be posted on-demand
gx10-e146:68:78 [0] NCCL INFO NET/IB: Subnet-aware routing: overriding dev 5 with dev 3
gx10-e146:68:78 [0] NCCL INFO NET/IB: Subnet-aware routing: overriding dev 4 with dev 1
gx10-e146:68:78 [0] NCCL INFO NET/IB: Subnet-aware routing: overriding dev 5 with dev 3
gx10-e146:68:78 [0] NCCL INFO NET/IB: Subnet-aware routing: overriding dev 4 with dev 1
gx10-e146:68:78 [0] NCCL INFO NET/IB: Subnet-aware routing: overriding dev 5 with dev 3
gx10-e146:68:78 [0] NCCL INFO NET/IB: Subnet-aware routing: overriding dev 4 with dev 1
gx10-e146:68:78 [0] NCCL INFO NET/IB: Subnet-aware routing: overriding dev 5 with dev 3
gx10-e146:68:78 [0] NCCL INFO NET/IB: Subnet-aware routing: overriding dev 4 with dev 1
gx10-e146:68:78 [0] NCCL INFO NET/IB: ncclIbResiliencyInit: Resiliency is disabled on the send communicator (comm=0xe3a4c8360000)
gx10-e146:68:78 [0] NCCL INFO NET/IB: Subnet-aware routing: overriding dev 5 with dev 3
gx10-e146:68:78 [0] NCCL INFO NET/IB: Subnet-aware routing: overriding dev 4 with dev 1
gx10-e146:68:78 [0] NCCL INFO NET/IB: Subnet-aware routing: overriding dev 5 with dev 3
gx10-e146:68:78 [0] NCCL INFO NET/IB: Subnet-aware routing: overriding dev 4 with dev 1
gx10-e146:68:78 [0] NCCL INFO NET/IB: Subnet-aware routing: overriding dev 5 with dev 3
gx10-e146:68:78 [0] NCCL INFO NET/IB: Subnet-aware routing: overriding dev 4 with dev 1
gx10-e146:68:78 [0] NCCL INFO NET/IB: Subnet-aware routing: overriding dev 5 with dev 3
gx10-e146:68:78 [0] NCCL INFO NET/IB: Subnet-aware routing: overriding dev 4 with dev 1
gx10-e146:68:78 [0] NCCL INFO NET/IB: ncclIbResiliencyInit: Resiliency is disabled on the recv communicator (comm=0xe3a4c83a1000)
gx10-e146:68:78 [0] NCCL INFO NET/IB: ncclIbRecvCommInit: Receive work requests will be posted on-demand
gx10-e146:68:78 [0] NCCL INFO NET/IB: Subnet-aware routing: overriding dev 5 with dev 3
gx10-e146:68:78 [0] NCCL INFO NET/IB: Subnet-aware routing: overriding dev 4 with dev 1
gx10-e146:68:78 [0] NCCL INFO NET/IB: Subnet-aware routing: overriding dev 5 with dev 3
gx10-e146:68:78 [0] NCCL INFO NET/IB: Subnet-aware routing: overriding dev 4 with dev 1
gx10-e146:68:78 [0] NCCL INFO NET/IB: Subnet-aware routing: overriding dev 5 with dev 3
gx10-e146:68:78 [0] NCCL INFO NET/IB: Subnet-aware routing: overriding dev 4 with dev 1
gx10-e146:68:78 [0] NCCL INFO NET/IB: Subnet-aware routing: overriding dev 5 with dev 3
gx10-e146:68:78 [0] NCCL INFO NET/IB: Subnet-aware routing: overriding dev 4 with dev 1
gx10-e146:68:78 [0] NCCL INFO NET/IB: Subnet-aware routing: overriding dev 5 with dev 3
gx10-e146:68:78 [0] NCCL INFO NET/IB: ncclIbResiliencyInit: Resiliency is disabled on the send communicator (comm=0xe3a4c83e9000)
gx10-e146:68:78 [0] NCCL INFO NET/IB: Subnet-aware routing: overriding dev 5 with dev 3
gx10-e146:68:78 [0] NCCL INFO NET/IB: Subnet-aware routing: overriding dev 4 with dev 1
gx10-e146:68:78 [0] NCCL INFO NET/IB: Subnet-aware routing: overriding dev 5 with dev 3
gx10-e146:68:78 [0] NCCL INFO NET/IB: Subnet-aware routing: overriding dev 4 with dev 1
gx10-e146:68:78 [0] NCCL INFO NET/IB: Subnet-aware routing: overriding dev 5 with dev 3
gx10-e146:68:78 [0] NCCL INFO NET/IB: Subnet-aware routing: overriding dev 4 with dev 1
gx10-e146:68:78 [0] NCCL INFO NET/IB: Subnet-aware routing: overriding dev 5 with dev 3
gx10-e146:68:78 [0] NCCL INFO NET/IB: Subnet-aware routing: overriding dev 4 with dev 1
gx10-e146:68:78 [0] NCCL INFO NET/IB: Subnet-aware routing: overriding dev 5 with dev 3
gx10-e146:68:78 [0] NCCL INFO NET/IB: ncclIbResiliencyInit: Resiliency is disabled on the recv communicator (comm=0xe3a4c842a000)
gx10-e146:68:78 [0] NCCL INFO NET/IB: ncclIbRecvCommInit: Receive work requests will be posted on-demand
gx10-e146:68:78 [0] NCCL INFO NET/IB: Subnet-aware routing: overriding dev 5 with dev 3
gx10-e146:68:78 [0] NCCL INFO NET/IB: Subnet-aware routing: overriding dev 4 with dev 1
gx10-e146:68:78 [0] NCCL INFO NET/IB: Subnet-aware routing: overriding dev 5 with dev 3
gx10-e146:68:78 [0] NCCL INFO NET/IB: Subnet-aware routing: overriding dev 4 with dev 1
gx10-e146:68:78 [0] NCCL INFO NET/IB: Subnet-aware routing: overriding dev 5 with dev 3
gx10-e146:68:78 [0] NCCL INFO NET/IB: Subnet-aware routing: overriding dev 4 with dev 1
gx10-e146:68:78 [0] NCCL INFO NET/IB: Subnet-aware routing: overriding dev 5 with dev 3
gx10-e146:68:78 [0] NCCL INFO NET/IB: Subnet-aware routing: overriding dev 4 with dev 1
gx10-e146:68:78 [0] NCCL INFO NET/IB: Subnet-aware routing: overriding dev 5 with dev 3
gx10-e146:68:78 [0] NCCL INFO NET/IB: Subnet-aware routing: overriding dev 4 with dev 1
gx10-e146:68:78 [0] NCCL INFO NET/IB: ncclIbResiliencyInit: Resiliency is disabled on the send communicator (comm=0xe3a4c8472000)
gx10-e146:68:78 [0] NCCL INFO NET/IB: Subnet-aware routing: overriding dev 5 with dev 3
gx10-e146:68:78 [0] NCCL INFO NET/IB: Subnet-aware routing: overriding dev 4 with dev 1
gx10-e146:68:78 [0] NCCL INFO NET/IB: Subnet-aware routing: overriding dev 5 with dev 3
gx10-e146:68:78 [0] NCCL INFO NET/IB: Subnet-aware routing: overriding dev 4 with dev 1
gx10-e146:68:78 [0] NCCL INFO NET/IB: Subnet-aware routing: overriding dev 5 with dev 3
gx10-e146:68:78 [0] NCCL INFO NET/IB: Subnet-aware routing: overriding dev 4 with dev 1
gx10-e146:68:78 [0] NCCL INFO NET/IB: Subnet-aware routing: overriding dev 5 with dev 3
gx10-e146:68:78 [0] NCCL INFO NET/IB: Subnet-aware routing: overriding dev 4 with dev 1
gx10-e146:68:78 [0] NCCL INFO NET/IB: Subnet-aware routing: overriding dev 5 with dev 3
gx10-e146:68:78 [0] NCCL INFO NET/IB: Subnet-aware routing: overriding dev 4 with dev 1
gx10-e146:68:78 [0] NCCL INFO NET/IB: ncclIbResiliencyInit: Resiliency is disabled on the recv communicator (comm=0xe3a4c84b3000)
gx10-e146:68:78 [0] NCCL INFO NET/IB: ncclIbRecvCommInit: Receive work requests will be posted on-demand
gx10-e146:68:78 [0] NCCL INFO NET/IB: Subnet-aware routing: overriding dev 5 with dev 3
gx10-e146:68:78 [0] NCCL INFO NET/IB: Subnet-aware routing: overriding dev 4 with dev 1
gx10-e146:68:78 [0] NCCL INFO NET/IB: Subnet-aware routing: overriding dev 5 with dev 3
gx10-e146:68:78 [0] NCCL INFO NET/IB: ncclIbSenderQpsCreate: QP created: port=1 dev=3 devName=roceP2p1s0f1 ndevs=4 nmdevs=6 qp_num=3036 pkey=0 pd=0xe3a4dc23d840 oooRq=0
gx10-e146:68:78 [0] NCCL INFO NET/IB: ncclIbSenderQpsCreate: QP created: port=1 dev=3 devName=roceP2p1s0f1 ndevs=4 nmdevs=6 qp_num=3037 pkey=0 pd=0xe3a4dc23d840 oooRq=0
gx10-e146:68:78 [0] NCCL INFO NET/IB: ncclIbConnectImpl: NCCL Dev 3 IbDev 3 Port 1 qp_num 3036 mtu 5 GID 3 (0/26EA8C0FFFF0000) ctsFifoRkey=0x1da5a7 ctsFifoLkey=0x1da5a7
gx10-e146:68:78 [0] NCCL INFO NET/IB: ncclIbConnectImpl: IbDev 3 Port 1 qp_num 3036 query_ece={supported=1, vendor_id=0x15b3, options=0x30000002, comp_mask=0x0}
gx10-e146:68:78 [0] NCCL INFO NET/IB: ncclIbConnectImpl: NCCL Dev 3 IbDev 3 Port 1 qp_num 3037 mtu 5 GID 3 (0/26EA8C0FFFF0000) ctsFifoRkey=0x1da5a7 ctsFifoLkey=0x1da5a7
gx10-e146:68:78 [0] NCCL INFO NET/IB: ncclIbConnectImpl: IbDev 3 Port 1 qp_num 3037 query_ece={supported=1, vendor_id=0x15b3, options=0x30000002, comp_mask=0x0}
gx10-e146:68:78 [0] NCCL INFO NET/IB: Subnet-aware routing: overriding dev 4 with dev 1
gx10-e146:68:78 [0] NCCL INFO NET/IB: ncclIbSenderQpsToRts: Set ECE: IbDev 1 Port 1 qp_num 15960 set_ece={supported=1, vendor_id=0x15b3, options=0x30000002, comp_mask=0x0}
gx10-e146:68:78 [0] NCCL INFO NET/IB: ncclIbSenderQpsToRts: Set ECE: IbDev 1 Port 1 qp_num 15961 set_ece={supported=1, vendor_id=0x15b3, options=0x30000002, comp_mask=0x0}
gx10-e146:68:78 [0] NCCL INFO NET/IB: Subnet-aware routing: overriding dev 4 with dev 1
gx10-e146:68:78 [0] NCCL INFO NET/IB: ncclIbReceiverQpsCreateToRts: QP created: port=1 dev=1 devName=rocep1s0f1 ndevs=4 nmdevs=6 qp_num=15962 pkey=0 pd=0xe3a4dc07dd30 oooRq=0
gx10-e146:68:78 [0] NCCL INFO NET/IB: ncclIbReceiverQpsCreateToRts: QP created: port=1 dev=1 devName=rocep1s0f1 ndevs=4 nmdevs=6 qp_num=15963 pkey=0 pd=0xe3a4dc07dd30 oooRq=0
gx10-e146:68:78 [0] NCCL INFO NET/IB: ncclIbReceiverQpsCreateToRts: Flush QP created: port=1 dev=1 devName=rocep1s0f1 ndevs=4 nmdevs=6 qp_num=15964 pkey=0 pd=0xe3a4dc07dd30
gx10-e146:68:78 [0] NCCL INFO NET/IB: Subnet-aware routing: overriding dev 5 with dev 3
gx10-e146:68:78 [0] NCCL INFO NET/IB: ncclIbSenderQpsCreate: QP created: port=1 dev=3 devName=roceP2p1s0f1 ndevs=4 nmdevs=6 qp_num=3038 pkey=0 pd=0xe3a4dc23d840 oooRq=0
gx10-e146:68:78 [0] NCCL INFO NET/IB: ncclIbSenderQpsCreate: QP created: port=1 dev=3 devName=roceP2p1s0f1 ndevs=4 nmdevs=6 qp_num=3039 pkey=0 pd=0xe3a4dc23d840 oooRq=0
gx10-e146:68:78 [0] NCCL INFO NET/IB: ncclIbConnectImpl: NCCL Dev 3 IbDev 3 Port 1 qp_num 3038 mtu 5 GID 3 (0/26EA8C0FFFF0000) ctsFifoRkey=0x1dc2c2 ctsFifoLkey=0x1dc2c2
gx10-e146:68:78 [0] NCCL INFO NET/IB: ncclIbConnectImpl: IbDev 3 Port 1 qp_num 3038 query_ece={supported=1, vendor_id=0x15b3, options=0x30000002, comp_mask=0x0}
gx10-e146:68:78 [0] NCCL INFO NET/IB: ncclIbConnectImpl: NCCL Dev 3 IbDev 3 Port 1 qp_num 3039 mtu 5 GID 3 (0/26EA8C0FFFF0000) ctsFifoRkey=0x1dc2c2 ctsFifoLkey=0x1dc2c2
gx10-e146:68:78 [0] NCCL INFO NET/IB: ncclIbConnectImpl: IbDev 3 Port 1 qp_num 3039 query_ece={supported=1, vendor_id=0x15b3, options=0x30000002, comp_mask=0x0}
gx10-e146:68:78 [0] NCCL INFO NET/IB: Subnet-aware routing: overriding dev 5 with dev 3
gx10-e146:68:78 [0] NCCL INFO NET/IB: ncclIbReceiverQpsCreateToRts: QP created: port=1 dev=3 devName=roceP2p1s0f1 ndevs=4 nmdevs=6 qp_num=3040 pkey=0 pd=0xe3a4dc23d840 oooRq=0
gx10-e146:68:78 [0] NCCL INFO NET/IB: ncclIbReceiverQpsCreateToRts: QP created: port=1 dev=3 devName=roceP2p1s0f1 ndevs=4 nmdevs=6 qp_num=3041 pkey=0 pd=0xe3a4dc23d840 oooRq=0
gx10-e146:68:78 [0] NCCL INFO NET/IB: ncclIbReceiverQpsCreateToRts: Flush QP created: port=1 dev=3 devName=roceP2p1s0f1 ndevs=4 nmdevs=6 qp_num=3042 pkey=0 pd=0xe3a4dc23d840
gx10-e146:68:78 [0] NCCL INFO NET/IB: Subnet-aware routing: overriding dev 4 with dev 1
gx10-e146:68:78 [0] NCCL INFO NET/IB: Subnet-aware routing: overriding dev 4 with dev 1
gx10-e146:68:78 [0] NCCL INFO NET/IB: ncclIbReceiverQpsCreateToRts: QP created: port=1 dev=1 devName=rocep1s0f1 ndevs=4 nmdevs=6 qp_num=15965 pkey=0 pd=0xe3a4dc07dd30 oooRq=0
gx10-e146:68:78 [0] NCCL INFO NET/IB: ncclIbReceiverQpsCreateToRts: QP created: port=1 dev=1 devName=rocep1s0f1 ndevs=4 nmdevs=6 qp_num=15966 pkey=0 pd=0xe3a4dc07dd30 oooRq=0
gx10-e146:68:78 [0] NCCL INFO NET/IB: ncclIbReceiverQpsCreateToRts: Flush QP created: port=1 dev=1 devName=rocep1s0f1 ndevs=4 nmdevs=6 qp_num=15967 pkey=0 pd=0xe3a4dc07dd30
gx10-e146:68:78 [0] NCCL INFO NET/IB: Subnet-aware routing: overriding dev 5 with dev 3
gx10-e146:68:78 [0] NCCL INFO NET/IB: Subnet-aware routing: overriding dev 5 with dev 3
gx10-e146:68:78 [0] NCCL INFO NET/IB: ncclIbReceiverQpsCreateToRts: QP created: port=1 dev=3 devName=roceP2p1s0f1 ndevs=4 nmdevs=6 qp_num=3043 pkey=0 pd=0xe3a4dc23d840 oooRq=0
gx10-e146:68:78 [0] NCCL INFO NET/IB: ncclIbReceiverQpsCreateToRts: QP created: port=1 dev=3 devName=roceP2p1s0f1 ndevs=4 nmdevs=6 qp_num=3044 pkey=0 pd=0xe3a4dc23d840 oooRq=0
gx10-e146:68:78 [0] NCCL INFO NET/IB: ncclIbReceiverQpsCreateToRts: Flush QP created: port=1 dev=3 devName=roceP2p1s0f1 ndevs=4 nmdevs=6 qp_num=3045 pkey=0 pd=0xe3a4dc23d840
gx10-e146:68:78 [0] NCCL INFO NET/IB: Subnet-aware routing: overriding dev 4 with dev 1
gx10-e146:68:78 [0] NCCL INFO NET/IB: Subnet-aware routing: overriding dev 4 with dev 1
gx10-e146:68:78 [0] NCCL INFO NET/IB: ncclIbReceiverQpsCreateToRts: QP created: port=1 dev=1 devName=rocep1s0f1 ndevs=4 nmdevs=6 qp_num=15968 pkey=0 pd=0xe3a4dc07dd30 oooRq=0
gx10-e146:68:78 [0] NCCL INFO NET/IB: ncclIbReceiverQpsCreateToRts: QP created: port=1 dev=1 devName=rocep1s0f1 ndevs=4 nmdevs=6 qp_num=15969 pkey=0 pd=0xe3a4dc07dd30 oooRq=0
gx10-e146:68:78 [0] NCCL INFO NET/IB: ncclIbReceiverQpsCreateToRts: Flush QP created: port=1 dev=1 devName=rocep1s0f1 ndevs=4 nmdevs=6 qp_num=15970 pkey=0 pd=0xe3a4dc07dd30
gx10-e146:68:78 [0] NCCL INFO NET/IB: Subnet-aware routing: overriding dev 5 with dev 3
gx10-e146:68:78 [0] NCCL INFO NET/IB: Subnet-aware routing: overriding dev 4 with dev 1
gx10-e146:68:78 [0] NCCL INFO NET/IB: Subnet-aware routing: overriding dev 5 with dev 3
gx10-e146:68:78 [0] NCCL INFO NET/IB: ncclIbResiliencyInit: Resiliency is disabled on the send communicator (comm=0xe3a4c881e000)
gx10-e146:68:78 [0] NCCL INFO NET/IB: Subnet-aware routing: overriding dev 5 with dev 3
gx10-e146:68:78 [0] NCCL INFO NET/IB: ncclIbSenderQpsCreate: QP created: port=1 dev=3 devName=roceP2p1s0f1 ndevs=4 nmdevs=6 qp_num=3046 pkey=0 pd=0xe3a4dc23d840 oooRq=0
gx10-e146:68:78 [0] NCCL INFO NET/IB: ncclIbSenderQpsCreate: QP created: port=1 dev=3 devName=roceP2p1s0f1 ndevs=4 nmdevs=6 qp_num=3047 pkey=0 pd=0xe3a4dc23d840 oooRq=0
gx10-e146:68:78 [0] NCCL INFO NET/IB: ncclIbConnectImpl: NCCL Dev 3 IbDev 3 Port 1 qp_num 3046 mtu 5 GID 3 (0/26EA8C0FFFF0000) ctsFifoRkey=0x1c8982 ctsFifoLkey=0x1c8982
gx10-e146:68:78 [0] NCCL INFO NET/IB: ncclIbConnectImpl: IbDev 3 Port 1 qp_num 3046 query_ece={supported=1, vendor_id=0x15b3, options=0x30000002, comp_mask=0x0}
gx10-e146:68:78 [0] NCCL INFO NET/IB: ncclIbConnectImpl: NCCL Dev 3 IbDev 3 Port 1 qp_num 3047 mtu 5 GID 3 (0/26EA8C0FFFF0000) ctsFifoRkey=0x1c8982 ctsFifoLkey=0x1c8982
gx10-e146:68:78 [0] NCCL INFO NET/IB: ncclIbConnectImpl: IbDev 3 Port 1 qp_num 3047 query_ece={supported=1, vendor_id=0x15b3, options=0x30000002, comp_mask=0x0}
gx10-e146:68:78 [0] NCCL INFO NET/IB: Subnet-aware routing: overriding dev 4 with dev 1
gx10-e146:68:78 [0] NCCL INFO NET/IB: ncclIbSenderQpsCreate: QP created: port=1 dev=1 devName=rocep1s0f1 ndevs=4 nmdevs=6 qp_num=15971 pkey=0 pd=0xe3a4dc07dd30 oooRq=0
gx10-e146:68:78 [0] NCCL INFO NET/IB: ncclIbSenderQpsCreate: QP created: port=1 dev=1 devName=rocep1s0f1 ndevs=4 nmdevs=6 qp_num=15972 pkey=0 pd=0xe3a4dc07dd30 oooRq=0
gx10-e146:68:78 [0] NCCL INFO NET/IB: ncclIbConnectImpl: NCCL Dev 1 IbDev 1 Port 1 qp_num 15971 mtu 5 GID 6 (0/264A8C0FFFF0000) ctsFifoRkey=0x18c5c5 ctsFifoLkey=0x18c5c5
gx10-e146:68:78 [0] NCCL INFO NET/IB: ncclIbConnectImpl: IbDev 1 Port 1 qp_num 15971 query_ece={supported=1, vendor_id=0x15b3, options=0x30000002, comp_mask=0x0}
gx10-e146:68:78 [0] NCCL INFO NET/IB: ncclIbConnectImpl: NCCL Dev 1 IbDev 1 Port 1 qp_num 15972 mtu 5 GID 6 (0/264A8C0FFFF0000) ctsFifoRkey=0x18c5c5 ctsFifoLkey=0x18c5c5
gx10-e146:68:78 [0] NCCL INFO NET/IB: ncclIbConnectImpl: IbDev 1 Port 1 qp_num 15972 query_ece={supported=1, vendor_id=0x15b3, options=0x30000002, comp_mask=0x0}
gx10-e146:68:78 [0] NCCL INFO NET/IB: Subnet-aware routing: overriding dev 5 with dev 3
gx10-e146:68:78 [0] NCCL INFO NET/IB: ncclIbSenderQpsToRts: Set ECE: IbDev 3 Port 1 qp_num 3036 set_ece={supported=1, vendor_id=0x15b3, options=0x30000002, comp_mask=0x0}
gx10-e146:68:78 [0] NCCL INFO NET/IB: ncclIbSenderQpsToRts: Set ECE: IbDev 3 Port 1 qp_num 3037 set_ece={supported=1, vendor_id=0x15b3, options=0x30000002, comp_mask=0x0}
gx10-e146:68:78 [0] NCCL INFO NET/IB: Subnet-aware routing: overriding dev 5 with dev 3
gx10-e146:68:78 [0] NCCL INFO NET/IB: ncclIbSenderQpsToRts: Set ECE: IbDev 3 Port 1 qp_num 3038 set_ece={supported=1, vendor_id=0x15b3, options=0x30000002, comp_mask=0x0}
gx10-e146:68:78 [0] NCCL INFO NET/IB: ncclIbSenderQpsToRts: Set ECE: IbDev 3 Port 1 qp_num 3039 set_ece={supported=1, vendor_id=0x15b3, options=0x30000002, comp_mask=0x0}
gx10-e146:68:78 [0] NCCL INFO NET/IB: Subnet-aware routing: overriding dev 4 with dev 1
gx10-e146:68:78 [0] NCCL INFO NET/IB: ncclIbSenderQpsCreate: QP created: port=1 dev=1 devName=rocep1s0f1 ndevs=4 nmdevs=6 qp_num=15973 pkey=0 pd=0xe3a4dc07dd30 oooRq=0
gx10-e146:68:78 [0] NCCL INFO NET/IB: ncclIbSenderQpsCreate: QP created: port=1 dev=1 devName=rocep1s0f1 ndevs=4 nmdevs=6 qp_num=15974 pkey=0 pd=0xe3a4dc07dd30 oooRq=0
gx10-e146:68:78 [0] NCCL INFO NET/IB: ncclIbConnectImpl: NCCL Dev 1 IbDev 1 Port 1 qp_num 15973 mtu 5 GID 6 (0/264A8C0FFFF0000) ctsFifoRkey=0x19c0be ctsFifoLkey=0x19c0be
gx10-e146:68:78 [0] NCCL INFO NET/IB: ncclIbConnectImpl: IbDev 1 Port 1 qp_num 15973 query_ece={supported=1, vendor_id=0x15b3, options=0x30000002, comp_mask=0x0}
gx10-e146:68:78 [0] NCCL INFO NET/IB: ncclIbConnectImpl: NCCL Dev 1 IbDev 1 Port 1 qp_num 15974 mtu 5 GID 6 (0/264A8C0FFFF0000) ctsFifoRkey=0x19c0be ctsFifoLkey=0x19c0be
gx10-e146:68:78 [0] NCCL INFO NET/IB: ncclIbConnectImpl: IbDev 1 Port 1 qp_num 15974 query_ece={supported=1, vendor_id=0x15b3, options=0x30000002, comp_mask=0x0}
gx10-e146:68:78 [0] NCCL INFO NET/IB: Subnet-aware routing: overriding dev 5 with dev 3
gx10-e146:68:78 [0] NCCL INFO NET/IB: ncclIbSenderQpsCreate: QP created: port=1 dev=3 devName=roceP2p1s0f1 ndevs=4 nmdevs=6 qp_num=3048 pkey=0 pd=0xe3a4dc23d840 oooRq=0
gx10-e146:68:78 [0] NCCL INFO NET/IB: ncclIbSenderQpsCreate: QP created: port=1 dev=3 devName=roceP2p1s0f1 ndevs=4 nmdevs=6 qp_num=3049 pkey=0 pd=0xe3a4dc23d840 oooRq=0
gx10-e146:68:78 [0] NCCL INFO NET/IB: ncclIbConnectImpl: NCCL Dev 3 IbDev 3 Port 1 qp_num 3048 mtu 5 GID 3 (0/26EA8C0FFFF0000) ctsFifoRkey=0x1d2222 ctsFifoLkey=0x1d2222
gx10-e146:68:78 [0] NCCL INFO NET/IB: ncclIbConnectImpl: IbDev 3 Port 1 qp_num 3048 query_ece={supported=1, vendor_id=0x15b3, options=0x30000002, comp_mask=0x0}
gx10-e146:68:78 [0] NCCL INFO NET/IB: ncclIbConnectImpl: NCCL Dev 3 IbDev 3 Port 1 qp_num 3049 mtu 5 GID 3 (0/26EA8C0FFFF0000) ctsFifoRkey=0x1d2222 ctsFifoLkey=0x1d2222
gx10-e146:68:78 [0] NCCL INFO NET/IB: ncclIbConnectImpl: IbDev 3 Port 1 qp_num 3049 query_ece={supported=1, vendor_id=0x15b3, options=0x30000002, comp_mask=0x0}
gx10-e146:68:78 [0] NCCL INFO NET/IB: Subnet-aware routing: overriding dev 4 with dev 1
gx10-e146:68:78 [0] NCCL INFO NET/IB: ncclIbSenderQpsCreate: QP created: port=1 dev=1 devName=rocep1s0f1 ndevs=4 nmdevs=6 qp_num=15975 pkey=0 pd=0xe3a4dc07dd30 oooRq=0
gx10-e146:68:78 [0] NCCL INFO NET/IB: ncclIbSenderQpsCreate: QP created: port=1 dev=1 devName=rocep1s0f1 ndevs=4 nmdevs=6 qp_num=15976 pkey=0 pd=0xe3a4dc07dd30 oooRq=0
gx10-e146:68:78 [0] NCCL INFO NET/IB: ncclIbConnectImpl: NCCL Dev 1 IbDev 1 Port 1 qp_num 15975 mtu 5 GID 6 (0/264A8C0FFFF0000) ctsFifoRkey=0x1b4b46 ctsFifoLkey=0x1b4b46
gx10-e146:68:78 [0] NCCL INFO NET/IB: ncclIbConnectImpl: IbDev 1 Port 1 qp_num 15975 query_ece={supported=1, vendor_id=0x15b3, options=0x30000002, comp_mask=0x0}
gx10-e146:68:78 [0] NCCL INFO NET/IB: ncclIbConnectImpl: NCCL Dev 1 IbDev 1 Port 1 qp_num 15976 mtu 5 GID 6 (0/264A8C0FFFF0000) ctsFifoRkey=0x1b4b46 ctsFifoLkey=0x1b4b46
gx10-e146:68:78 [0] NCCL INFO NET/IB: ncclIbConnectImpl: IbDev 1 Port 1 qp_num 15976 query_ece={supported=1, vendor_id=0x15b3, options=0x30000002, comp_mask=0x0}
gx10-e146:68:78 [0] NCCL INFO NET/IB: Subnet-aware routing: overriding dev 5 with dev 3
gx10-e146:68:78 [0] NCCL INFO NET/IB: ncclIbSenderQpsCreate: QP created: port=1 dev=3 devName=roceP2p1s0f1 ndevs=4 nmdevs=6 qp_num=3050 pkey=0 pd=0xe3a4dc23d840 oooRq=0
gx10-e146:68:78 [0] NCCL INFO NET/IB: ncclIbSenderQpsCreate: QP created: port=1 dev=3 devName=roceP2p1s0f1 ndevs=4 nmdevs=6 qp_num=3051 pkey=0 pd=0xe3a4dc23d840 oooRq=0
gx10-e146:68:78 [0] NCCL INFO NET/IB: ncclIbConnectImpl: NCCL Dev 3 IbDev 3 Port 1 qp_num 3050 mtu 5 GID 3 (0/26EA8C0FFFF0000) ctsFifoRkey=0x1d8483 ctsFifoLkey=0x1d8483
gx10-e146:68:78 [0] NCCL INFO NET/IB: ncclIbConnectImpl: IbDev 3 Port 1 qp_num 3050 query_ece={supported=1, vendor_id=0x15b3, options=0x30000002, comp_mask=0x0}
gx10-e146:68:78 [0] NCCL INFO NET/IB: ncclIbConnectImpl: NCCL Dev 3 IbDev 3 Port 1 qp_num 3051 mtu 5 GID 3 (0/26EA8C0FFFF0000) ctsFifoRkey=0x1d8483 ctsFifoLkey=0x1d8483
gx10-e146:68:78 [0] NCCL INFO NET/IB: ncclIbConnectImpl: IbDev 3 Port 1 qp_num 3051 query_ece={supported=1, vendor_id=0x15b3, options=0x30000002, comp_mask=0x0}
gx10-e146:68:78 [0] NCCL INFO NET/IB: Subnet-aware routing: overriding dev 5 with dev 3
gx10-e146:68:78 [0] NCCL INFO NET/IB: ncclIbReceiverQpsCreateToRts: QP created: port=1 dev=3 devName=roceP2p1s0f1 ndevs=4 nmdevs=6 qp_num=3052 pkey=0 pd=0xe3a4dc23d840 oooRq=0
gx10-e146:68:78 [0] NCCL INFO NET/IB: ncclIbReceiverQpsCreateToRts: QP created: port=1 dev=3 devName=roceP2p1s0f1 ndevs=4 nmdevs=6 qp_num=3053 pkey=0 pd=0xe3a4dc23d840 oooRq=0
gx10-e146:68:78 [0] NCCL INFO NET/IB: ncclIbReceiverQpsCreateToRts: Flush QP created: port=1 dev=3 devName=roceP2p1s0f1 ndevs=4 nmdevs=6 qp_num=3054 pkey=0 pd=0xe3a4dc23d840
gx10-e146:68:78 [0] NCCL INFO NET/IB: Subnet-aware routing: overriding dev 4 with dev 1
gx10-e146:68:78 [0] NCCL INFO NET/IB: ncclIbSenderQpsCreate: QP created: port=1 dev=1 devName=rocep1s0f1 ndevs=4 nmdevs=6 qp_num=15977 pkey=0 pd=0xe3a4dc07dd30 oooRq=0
gx10-e146:68:78 [0] NCCL INFO NET/IB: ncclIbSenderQpsCreate: QP created: port=1 dev=1 devName=rocep1s0f1 ndevs=4 nmdevs=6 qp_num=15978 pkey=0 pd=0xe3a4dc07dd30 oooRq=0
gx10-e146:68:78 [0] NCCL INFO NET/IB: ncclIbConnectImpl: NCCL Dev 1 IbDev 1 Port 1 qp_num 15977 mtu 5 GID 6 (0/264A8C0FFFF0000) ctsFifoRkey=0x1b3836 ctsFifoLkey=0x1b3836
gx10-e146:68:78 [0] NCCL INFO NET/IB: ncclIbConnectImpl: IbDev 1 Port 1 qp_num 15977 query_ece={supported=1, vendor_id=0x15b3, options=0x30000002, comp_mask=0x0}
gx10-e146:68:78 [0] NCCL INFO NET/IB: ncclIbConnectImpl: NCCL Dev 1 IbDev 1 Port 1 qp_num 15978 mtu 5 GID 6 (0/264A8C0FFFF0000) ctsFifoRkey=0x1b3836 ctsFifoLkey=0x1b3836
gx10-e146:68:78 [0] NCCL INFO NET/IB: ncclIbConnectImpl: IbDev 1 Port 1 qp_num 15978 query_ece={supported=1, vendor_id=0x15b3, options=0x30000002, comp_mask=0x0}
gx10-e146:68:78 [0] NCCL INFO NET/IB: Subnet-aware routing: overriding dev 4 with dev 1
gx10-e146:68:78 [0] NCCL INFO NET/IB: ncclIbReceiverQpsCreateToRts: QP created: port=1 dev=1 devName=rocep1s0f1 ndevs=4 nmdevs=6 qp_num=15979 pkey=0 pd=0xe3a4dc07dd30 oooRq=0
gx10-e146:68:78 [0] NCCL INFO NET/IB: ncclIbReceiverQpsCreateToRts: QP created: port=1 dev=1 devName=rocep1s0f1 ndevs=4 nmdevs=6 qp_num=15980 pkey=0 pd=0xe3a4dc07dd30 oooRq=0
gx10-e146:68:78 [0] NCCL INFO NET/IB: ncclIbReceiverQpsCreateToRts: Flush QP created: port=1 dev=1 devName=rocep1s0f1 ndevs=4 nmdevs=6 qp_num=15981 pkey=0 pd=0xe3a4dc07dd30
gx10-e146:68:78 [0] NCCL INFO NET/IB: Subnet-aware routing: overriding dev 5 with dev 3
gx10-e146:68:78 [0] NCCL INFO NET/IB: ncclIbResiliencyInit: Resiliency is disabled on the recv communicator (comm=0xe3a4c8bc2000)
gx10-e146:68:78 [0] NCCL INFO NET/IB: ncclIbRecvCommInit: Receive work requests will be posted on-demand
gx10-e146:68:78 [0] NCCL INFO NET/IB: Subnet-aware routing: overriding dev 5 with dev 3
gx10-e146:68:78 [0] NCCL INFO NET/IB: ncclIbSenderQpsToRts: Set ECE: IbDev 3 Port 1 qp_num 3046 set_ece={supported=1, vendor_id=0x15b3, options=0x30000002, comp_mask=0x0}
gx10-e146:68:78 [0] NCCL INFO NET/IB: ncclIbSenderQpsToRts: Set ECE: IbDev 3 Port 1 qp_num 3047 set_ece={supported=1, vendor_id=0x15b3, options=0x30000002, comp_mask=0x0}
gx10-e146:68:78 [0] NCCL INFO NET/IB: Subnet-aware routing: overriding dev 4 with dev 1
gx10-e146:68:78 [0] NCCL INFO NET/IB: ncclIbSenderQpsToRts: Set ECE: IbDev 1 Port 1 qp_num 15971 set_ece={supported=1, vendor_id=0x15b3, options=0x30000002, comp_mask=0x0}
gx10-e146:68:78 [0] NCCL INFO NET/IB: ncclIbSenderQpsToRts: Set ECE: IbDev 1 Port 1 qp_num 15972 set_ece={supported=1, vendor_id=0x15b3, options=0x30000002, comp_mask=0x0}
gx10-e146:68:78 [0] NCCL INFO NET/IB: Subnet-aware routing: overriding dev 4 with dev 1
gx10-e146:68:78 [0] NCCL INFO NET/IB: Subnet-aware routing: overriding dev 5 with dev 3
gx10-e146:68:78 [0] NCCL INFO NET/IB: Subnet-aware routing: overriding dev 4 with dev 1
gx10-e146:68:78 [0] NCCL INFO NET/IB: Subnet-aware routing: overriding dev 5 with dev 3
gx10-e146:68:78 [0] NCCL INFO NET/IB: Subnet-aware routing: overriding dev 4 with dev 1
gx10-e146:68:78 [0] NCCL INFO NET/IB: Subnet-aware routing: overriding dev 5 with dev 3
gx10-e146:68:78 [0] NCCL INFO NET/IB: Subnet-aware routing: overriding dev 4 with dev 1
gx10-e146:68:78 [0] NCCL INFO NET/IB: ncclIbResiliencyInit: Resiliency is disabled on the send communicator (comm=0xe3a4c8c0a000)
gx10-e146:68:78 [0] NCCL INFO NET/IB: Subnet-aware routing: overriding dev 4 with dev 1
gx10-e146:68:78 [0] NCCL INFO NET/IB: Subnet-aware routing: overriding dev 5 with dev 3
gx10-e146:68:78 [0] NCCL INFO NET/IB: Subnet-aware routing: overriding dev 4 with dev 1
gx10-e146:68:78 [0] NCCL INFO NET/IB: Subnet-aware routing: overriding dev 5 with dev 3
gx10-e146:68:78 [0] NCCL INFO NET/IB: Subnet-aware routing: overriding dev 4 with dev 1
gx10-e146:68:78 [0] NCCL INFO NET/IB: Subnet-aware routing: overriding dev 5 with dev 3
gx10-e146:68:78 [0] NCCL INFO NET/IB: Subnet-aware routing: overriding dev 4 with dev 1
gx10-e146:68:78 [0] NCCL INFO NET/IB: ncclIbResiliencyInit: Resiliency is disabled on the recv communicator (comm=0xe3a4c8c4b000)
gx10-e146:68:78 [0] NCCL INFO NET/IB: ncclIbRecvCommInit: Receive work requests will be posted on-demand
gx10-e146:68:78 [0] NCCL INFO NET/IB: Subnet-aware routing: overriding dev 4 with dev 1
gx10-e146:68:78 [0] NCCL INFO NET/IB: Subnet-aware routing: overriding dev 5 with dev 3
gx10-e146:68:78 [0] NCCL INFO NET/IB: Subnet-aware routing: overriding dev 4 with dev 1
gx10-e146:68:78 [0] NCCL INFO NET/IB: Subnet-aware routing: overriding dev 5 with dev 3
gx10-e146:68:78 [0] NCCL INFO NET/IB: Subnet-aware routing: overriding dev 4 with dev 1
gx10-e146:68:78 [0] NCCL INFO NET/IB: Subnet-aware routing: overriding dev 5 with dev 3
gx10-e146:68:78 [0] NCCL INFO NET/IB: Subnet-aware routing: overriding dev 4 with dev 1
gx10-e146:68:78 [0] NCCL INFO NET/IB: Subnet-aware routing: overriding dev 5 with dev 3
gx10-e146:68:78 [0] NCCL INFO NET/IB: ncclIbResiliencyInit: Resiliency is disabled on the send communicator (comm=0xe3a4c8c90000)
gx10-e146:68:78 [0] NCCL INFO NET/IB: Subnet-aware routing: overriding dev 4 with dev 1
gx10-e146:68:78 [0] NCCL INFO NET/IB: Subnet-aware routing: overriding dev 5 with dev 3
gx10-e146:68:78 [0] NCCL INFO NET/IB: Subnet-aware routing: overriding dev 4 with dev 1
gx10-e146:68:78 [0] NCCL INFO NET/IB: Subnet-aware routing: overriding dev 5 with dev 3
gx10-e146:68:78 [0] NCCL INFO NET/IB: Subnet-aware routing: overriding dev 4 with dev 1
gx10-e146:68:78 [0] NCCL INFO NET/IB: Subnet-aware routing: overriding dev 5 with dev 3
gx10-e146:68:78 [0] NCCL INFO NET/IB: Subnet-aware routing: overriding dev 4 with dev 1
gx10-e146:68:78 [0] NCCL INFO NET/IB: Subnet-aware routing: overriding dev 5 with dev 3
gx10-e146:68:78 [0] NCCL INFO NET/IB: ncclIbResiliencyInit: Resiliency is disabled on the recv communicator (comm=0xe3a4c8cd1000)
gx10-e146:68:78 [0] NCCL INFO NET/IB: ncclIbRecvCommInit: Receive work requests will be posted on-demand
gx10-e146:68:78 [0] NCCL INFO NET/IB: Subnet-aware routing: overriding dev 4 with dev 1
gx10-e146:68:78 [0] NCCL INFO NET/IB: Subnet-aware routing: overriding dev 5 with dev 3
gx10-e146:68:78 [0] NCCL INFO NET/IB: Subnet-aware routing: overriding dev 4 with dev 1
gx10-e146:68:78 [0] NCCL INFO NET/IB: Subnet-aware routing: overriding dev 5 with dev 3
gx10-e146:68:78 [0] NCCL INFO NET/IB: Subnet-aware routing: overriding dev 4 with dev 1
gx10-e146:68:78 [0] NCCL INFO NET/IB: Subnet-aware routing: overriding dev 5 with dev 3
gx10-e146:68:78 [0] NCCL INFO NET/IB: Subnet-aware routing: overriding dev 4 with dev 1
gx10-e146:68:78 [0] NCCL INFO NET/IB: Subnet-aware routing: overriding dev 5 with dev 3
gx10-e146:68:78 [0] NCCL INFO NET/IB: Subnet-aware routing: overriding dev 4 with dev 1
gx10-e146:68:78 [0] NCCL INFO NET/IB: ncclIbResiliencyInit: Resiliency is disabled on the send communicator (comm=0xe3a4c8d16000)
gx10-e146:68:78 [0] NCCL INFO NET/IB: Subnet-aware routing: overriding dev 4 with dev 1
gx10-e146:68:78 [0] NCCL INFO NET/IB: Subnet-aware routing: overriding dev 5 with dev 3
gx10-e146:68:78 [0] NCCL INFO NET/IB: Subnet-aware routing: overriding dev 4 with dev 1
gx10-e146:68:78 [0] NCCL INFO NET/IB: Subnet-aware routing: overriding dev 5 with dev 3
gx10-e146:68:78 [0] NCCL INFO NET/IB: Subnet-aware routing: overriding dev 4 with dev 1
gx10-e146:68:78 [0] NCCL INFO NET/IB: Subnet-aware routing: overriding dev 5 with dev 3
gx10-e146:68:78 [0] NCCL INFO NET/IB: Subnet-aware routing: overriding dev 4 with dev 1
gx10-e146:68:78 [0] NCCL INFO NET/IB: Subnet-aware routing: overriding dev 5 with dev 3
gx10-e146:68:78 [0] NCCL INFO NET/IB: Subnet-aware routing: overriding dev 4 with dev 1
gx10-e146:68:78 [0] NCCL INFO NET/IB: ncclIbResiliencyInit: Resiliency is disabled on the recv communicator (comm=0xe3a4c8d57000)
gx10-e146:68:78 [0] NCCL INFO NET/IB: ncclIbRecvCommInit: Receive work requests will be posted on-demand
gx10-e146:68:78 [0] NCCL INFO NET/IB: Subnet-aware routing: overriding dev 4 with dev 1
gx10-e146:68:78 [0] NCCL INFO NET/IB: Subnet-aware routing: overriding dev 5 with dev 3
gx10-e146:68:78 [0] NCCL INFO NET/IB: Subnet-aware routing: overriding dev 4 with dev 1
gx10-e146:68:78 [0] NCCL INFO NET/IB: Subnet-aware routing: overriding dev 5 with dev 3
gx10-e146:68:78 [0] NCCL INFO NET/IB: Subnet-aware routing: overriding dev 4 with dev 1
gx10-e146:68:78 [0] NCCL INFO NET/IB: Subnet-aware routing: overriding dev 5 with dev 3
gx10-e146:68:78 [0] NCCL INFO NET/IB: Subnet-aware routing: overriding dev 4 with dev 1
gx10-e146:68:78 [0] NCCL INFO NET/IB: Subnet-aware routing: overriding dev 5 with dev 3
gx10-e146:68:78 [0] NCCL INFO NET/IB: Subnet-aware routing: overriding dev 4 with dev 1
gx10-e146:68:78 [0] NCCL INFO NET/IB: Subnet-aware routing: overriding dev 5 with dev 3
gx10-e146:68:78 [0] NCCL INFO NET/IB: ncclIbResiliencyInit: Resiliency is disabled on the send communicator (comm=0xe3a4c8d9f000)
gx10-e146:68:78 [0] NCCL INFO NET/IB: Subnet-aware routing: overriding dev 4 with dev 1
gx10-e146:68:78 [0] NCCL INFO NET/IB: ncclIbSenderQpsToRts: Set ECE: IbDev 1 Port 1 qp_num 15973 set_ece={supported=1, vendor_id=0x15b3, options=0x30000002, comp_mask=0x0}
gx10-e146:68:78 [0] NCCL INFO NET/IB: ncclIbSenderQpsToRts: Set ECE: IbDev 1 Port 1 qp_num 15974 set_ece={supported=1, vendor_id=0x15b3, options=0x30000002, comp_mask=0x0}
gx10-e146:68:78 [0] NCCL INFO NET/IB: Subnet-aware routing: overriding dev 5 with dev 3
gx10-e146:68:78 [0] NCCL INFO NET/IB: ncclIbSenderQpsToRts: Set ECE: IbDev 3 Port 1 qp_num 3048 set_ece={supported=1, vendor_id=0x15b3, options=0x30000002, comp_mask=0x0}
gx10-e146:68:78 [0] NCCL INFO NET/IB: ncclIbSenderQpsToRts: Set ECE: IbDev 3 Port 1 qp_num 3049 set_ece={supported=1, vendor_id=0x15b3, options=0x30000002, comp_mask=0x0}
gx10-e146:68:78 [0] NCCL INFO NET/IB: Subnet-aware routing: overriding dev 4 with dev 1
gx10-e146:68:78 [0] NCCL INFO NET/IB: ncclIbSenderQpsToRts: Set ECE: IbDev 1 Port 1 qp_num 15975 set_ece={supported=1, vendor_id=0x15b3, options=0x30000002, comp_mask=0x0}
gx10-e146:68:78 [0] NCCL INFO NET/IB: ncclIbSenderQpsToRts: Set ECE: IbDev 1 Port 1 qp_num 15976 set_ece={supported=1, vendor_id=0x15b3, options=0x30000002, comp_mask=0x0}
gx10-e146:68:78 [0] NCCL INFO NET/IB: Subnet-aware routing: overriding dev 5 with dev 3
gx10-e146:68:78 [0] NCCL INFO NET/IB: ncclIbSenderQpsToRts: Set ECE: IbDev 3 Port 1 qp_num 3050 set_ece={supported=1, vendor_id=0x15b3, options=0x30000002, comp_mask=0x0}
gx10-e146:68:78 [0] NCCL INFO NET/IB: ncclIbSenderQpsToRts: Set ECE: IbDev 3 Port 1 qp_num 3051 set_ece={supported=1, vendor_id=0x15b3, options=0x30000002, comp_mask=0x0}
gx10-e146:68:78 [0] NCCL INFO NET/IB: Subnet-aware routing: overriding dev 4 with dev 1
gx10-e146:68:78 [0] NCCL INFO NET/IB: ncclIbSenderQpsToRts: Set ECE: IbDev 1 Port 1 qp_num 15977 set_ece={supported=1, vendor_id=0x15b3, options=0x30000002, comp_mask=0x0}
gx10-e146:68:78 [0] NCCL INFO NET/IB: ncclIbSenderQpsToRts: Set ECE: IbDev 1 Port 1 qp_num 15978 set_ece={supported=1, vendor_id=0x15b3, options=0x30000002, comp_mask=0x0}
gx10-e146:68:78 [0] NCCL INFO NET/IB: Subnet-aware routing: overriding dev 5 with dev 3
gx10-e146:68:78 [0] NCCL INFO NET/IB: ncclIbSenderQpsCreate: QP created: port=1 dev=3 devName=roceP2p1s0f1 ndevs=4 nmdevs=6 qp_num=3055 pkey=0 pd=0xe3a4dc23d840 oooRq=0
gx10-e146:68:78 [0] NCCL INFO NET/IB: ncclIbSenderQpsCreate: QP created: port=1 dev=3 devName=roceP2p1s0f1 ndevs=4 nmdevs=6 qp_num=3056 pkey=0 pd=0xe3a4dc23d840 oooRq=0
gx10-e146:68:78 [0] NCCL INFO NET/IB: ncclIbConnectImpl: NCCL Dev 3 IbDev 3 Port 1 qp_num 3055 mtu 5 GID 3 (0/26EA8C0FFFF0000) ctsFifoRkey=0x1db8b3 ctsFifoLkey=0x1db8b3
gx10-e146:68:78 [0] NCCL INFO NET/IB: ncclIbConnectImpl: IbDev 3 Port 1 qp_num 3055 query_ece={supported=1, vendor_id=0x15b3, options=0x30000002, comp_mask=0x0}
gx10-e146:68:78 [0] NCCL INFO NET/IB: ncclIbConnectImpl: NCCL Dev 3 IbDev 3 Port 1 qp_num 3056 mtu 5 GID 3 (0/26EA8C0FFFF0000) ctsFifoRkey=0x1db8b3 ctsFifoLkey=0x1db8b3
gx10-e146:68:78 [0] NCCL INFO NET/IB: ncclIbConnectImpl: IbDev 3 Port 1 qp_num 3056 query_ece={supported=1, vendor_id=0x15b3, options=0x30000002, comp_mask=0x0}
gx10-e146:68:78 [0] NCCL INFO NET/IB: Subnet-aware routing: overriding dev 5 with dev 3
gx10-e146:68:78 [0] NCCL INFO NET/IB: ncclIbReceiverQpsCreateToRts: QP created: port=1 dev=3 devName=roceP2p1s0f1 ndevs=4 nmdevs=6 qp_num=3057 pkey=0 pd=0xe3a4dc23d840 oooRq=0
gx10-e146:68:78 [0] NCCL INFO NET/IB: ncclIbReceiverQpsCreateToRts: QP created: port=1 dev=3 devName=roceP2p1s0f1 ndevs=4 nmdevs=6 qp_num=3058 pkey=0 pd=0xe3a4dc23d840 oooRq=0
gx10-e146:68:78 [0] NCCL INFO NET/IB: ncclIbReceiverQpsCreateToRts: Flush QP created: port=1 dev=3 devName=roceP2p1s0f1 ndevs=4 nmdevs=6 qp_num=3059 pkey=0 pd=0xe3a4dc23d840
gx10-e146:68:78 [0] NCCL INFO NET/IB: Subnet-aware routing: overriding dev 4 with dev 1
gx10-e146:68:78 [0] NCCL INFO NET/IB: Subnet-aware routing: overriding dev 4 with dev 1
gx10-e146:68:78 [0] NCCL INFO NET/IB: ncclIbReceiverQpsCreateToRts: QP created: port=1 dev=1 devName=rocep1s0f1 ndevs=4 nmdevs=6 qp_num=15982 pkey=0 pd=0xe3a4dc07dd30 oooRq=0
gx10-e146:68:78 [0] NCCL INFO NET/IB: ncclIbReceiverQpsCreateToRts: QP created: port=1 dev=1 devName=rocep1s0f1 ndevs=4 nmdevs=6 qp_num=15983 pkey=0 pd=0xe3a4dc07dd30 oooRq=0
gx10-e146:68:78 [0] NCCL INFO NET/IB: ncclIbReceiverQpsCreateToRts: Flush QP created: port=1 dev=1 devName=rocep1s0f1 ndevs=4 nmdevs=6 qp_num=15984 pkey=0 pd=0xe3a4dc07dd30
gx10-e146:68:78 [0] NCCL INFO NET/IB: Subnet-aware routing: overriding dev 5 with dev 3
gx10-e146:68:78 [0] NCCL INFO NET/IB: Subnet-aware routing: overriding dev 5 with dev 3
gx10-e146:68:78 [0] NCCL INFO NET/IB: ncclIbReceiverQpsCreateToRts: QP created: port=1 dev=3 devName=roceP2p1s0f1 ndevs=4 nmdevs=6 qp_num=3060 pkey=0 pd=0xe3a4dc23d840 oooRq=0
gx10-e146:68:78 [0] NCCL INFO NET/IB: ncclIbReceiverQpsCreateToRts: QP created: port=1 dev=3 devName=roceP2p1s0f1 ndevs=4 nmdevs=6 qp_num=3061 pkey=0 pd=0xe3a4dc23d840 oooRq=0
gx10-e146:68:78 [0] NCCL INFO NET/IB: ncclIbReceiverQpsCreateToRts: Flush QP created: port=1 dev=3 devName=roceP2p1s0f1 ndevs=4 nmdevs=6 qp_num=3062 pkey=0 pd=0xe3a4dc23d840
gx10-e146:68:78 [0] NCCL INFO NET/IB: Subnet-aware routing: overriding dev 4 with dev 1
gx10-e146:68:78 [0] NCCL INFO NET/IB: Subnet-aware routing: overriding dev 4 with dev 1
gx10-e146:68:78 [0] NCCL INFO NET/IB: ncclIbReceiverQpsCreateToRts: QP created: port=1 dev=1 devName=rocep1s0f1 ndevs=4 nmdevs=6 qp_num=15985 pkey=0 pd=0xe3a4dc07dd30 oooRq=0
gx10-e146:68:78 [0] NCCL INFO NET/IB: ncclIbReceiverQpsCreateToRts: QP created: port=1 dev=1 devName=rocep1s0f1 ndevs=4 nmdevs=6 qp_num=15986 pkey=0 pd=0xe3a4dc07dd30 oooRq=0
gx10-e146:68:78 [0] NCCL INFO NET/IB: ncclIbReceiverQpsCreateToRts: Flush QP created: port=1 dev=1 devName=rocep1s0f1 ndevs=4 nmdevs=6 qp_num=15987 pkey=0 pd=0xe3a4dc07dd30
gx10-e146:68:78 [0] NCCL INFO NET/IB: Subnet-aware routing: overriding dev 5 with dev 3
gx10-e146:68:78 [0] NCCL INFO NET/IB: ncclIbResiliencyInit: Resiliency is disabled on the recv communicator (comm=0xe3a4c9023000)
gx10-e146:68:78 [0] NCCL INFO NET/IB: ncclIbRecvCommInit: Receive work requests will be posted on-demand
gx10-e146:68:78 [0] NCCL INFO NET/IB: Subnet-aware routing: overriding dev 5 with dev 3
gx10-e146:68:78 [0] NCCL INFO NET/IB: Subnet-aware routing: overriding dev 4 with dev 1
gx10-e146:68:78 [0] NCCL INFO NET/IB: Subnet-aware routing: overriding dev 5 with dev 3
gx10-e146:68:78 [0] NCCL INFO NET/IB: Subnet-aware routing: overriding dev 4 with dev 1
gx10-e146:68:78 [0] NCCL INFO NET/IB: Subnet-aware routing: overriding dev 5 with dev 3
gx10-e146:68:78 [0] NCCL INFO NET/IB: Subnet-aware routing: overriding dev 4 with dev 1
gx10-e146:68:78 [0] NCCL INFO NET/IB: ncclIbResiliencyInit: Resiliency is disabled on the send communicator (comm=0xe3a4c906b000)
gx10-e146:68:78 [0] NCCL INFO NET/IB: Subnet-aware routing: overriding dev 5 with dev 3
gx10-e146:68:78 [0] NCCL INFO NET/IB: Subnet-aware routing: overriding dev 4 with dev 1
gx10-e146:68:78 [0] NCCL INFO NET/IB: Subnet-aware routing: overriding dev 5 with dev 3
gx10-e146:68:78 [0] NCCL INFO NET/IB: Subnet-aware routing: overriding dev 4 with dev 1
gx10-e146:68:78 [0] NCCL INFO NET/IB: Subnet-aware routing: overriding dev 5 with dev 3
gx10-e146:68:78 [0] NCCL INFO NET/IB: Subnet-aware routing: overriding dev 4 with dev 1
gx10-e146:68:78 [0] NCCL INFO NET/IB: ncclIbResiliencyInit: Resiliency is disabled on the recv communicator (comm=0xe3a4c90af000)
gx10-e146:68:78 [0] NCCL INFO NET/IB: ncclIbRecvCommInit: Receive work requests will be posted on-demand
gx10-e146:68:78 [0] NCCL INFO NET/IB: Subnet-aware routing: overriding dev 5 with dev 3
gx10-e146:68:78 [0] NCCL INFO NET/IB: Subnet-aware routing: overriding dev 4 with dev 1
gx10-e146:68:78 [0] NCCL INFO NET/IB: Subnet-aware routing: overriding dev 5 with dev 3
gx10-e146:68:78 [0] NCCL INFO NET/IB: Subnet-aware routing: overriding dev 4 with dev 1
gx10-e146:68:78 [0] NCCL INFO NET/IB: Subnet-aware routing: overriding dev 5 with dev 3
gx10-e146:68:78 [0] NCCL INFO NET/IB: Subnet-aware routing: overriding dev 4 with dev 1
gx10-e146:68:78 [0] NCCL INFO NET/IB: Subnet-aware routing: overriding dev 5 with dev 3
gx10-e146:68:78 [0] NCCL INFO NET/IB: ncclIbResiliencyInit: Resiliency is disabled on the send communicator (comm=0xe3a4c90f7000)
gx10-e146:68:78 [0] NCCL INFO NET/IB: Subnet-aware routing: overriding dev 5 with dev 3
gx10-e146:68:78 [0] NCCL INFO NET/IB: ncclIbSenderQpsToRts: Set ECE: IbDev 3 Port 1 qp_num 3055 set_ece={supported=1, vendor_id=0x15b3, options=0x30000002, comp_mask=0x0}
gx10-e146:68:78 [0] NCCL INFO NET/IB: ncclIbSenderQpsToRts: Set ECE: IbDev 3 Port 1 qp_num 3056 set_ece={supported=1, vendor_id=0x15b3, options=0x30000002, comp_mask=0x0}
gx10-e146:68:78 [0] NCCL INFO NET/IB: Subnet-aware routing: overriding dev 4 with dev 1
gx10-e146:68:78 [0] NCCL INFO NET/IB: Subnet-aware routing: overriding dev 5 with dev 3
gx10-e146:68:78 [0] NCCL INFO NET/IB: Subnet-aware routing: overriding dev 4 with dev 1
gx10-e146:68:78 [0] NCCL INFO NET/IB: Subnet-aware routing: overriding dev 5 with dev 3
gx10-e146:68:78 [0] NCCL INFO NET/IB: Subnet-aware routing: overriding dev 4 with dev 1
gx10-e146:68:78 [0] NCCL INFO NET/IB: Subnet-aware routing: overriding dev 5 with dev 3
gx10-e146:68:78 [0] NCCL INFO NET/IB: ncclIbResiliencyInit: Resiliency is disabled on the recv communicator (comm=0xe3a4c9138000)
gx10-e146:68:78 [0] NCCL INFO NET/IB: ncclIbRecvCommInit: Receive work requests will be posted on-demand
gx10-e146:68:78 [0] NCCL INFO NET/IB: Subnet-aware routing: overriding dev 4 with dev 1
gx10-e146:68:78 [0] NCCL INFO NET/IB: Subnet-aware routing: overriding dev 5 with dev 3
gx10-e146:68:78 [0] NCCL INFO NET/IB: Subnet-aware routing: overriding dev 4 with dev 1
gx10-e146:68:78 [0] NCCL INFO NET/IB: Subnet-aware routing: overriding dev 5 with dev 3
gx10-e146:68:78 [0] NCCL INFO NET/IB: Subnet-aware routing: overriding dev 4 with dev 1
gx10-e146:68:78 [0] NCCL INFO NET/IB: Subnet-aware routing: overriding dev 5 with dev 3
gx10-e146:68:78 [0] NCCL INFO NET/IB: Subnet-aware routing: overriding dev 4 with dev 1
gx10-e146:68:78 [0] NCCL INFO NET/IB: ncclIbResiliencyInit: Resiliency is disabled on the send communicator (comm=0xe3a4c9180000)
gx10-e146:68:78 [0] NCCL INFO NET/IB: Subnet-aware routing: overriding dev 4 with dev 1
gx10-e146:68:78 [0] NCCL INFO NET/IB: Subnet-aware routing: overriding dev 5 with dev 3
gx10-e146:68:78 [0] NCCL INFO NET/IB: Subnet-aware routing: overriding dev 4 with dev 1
gx10-e146:68:78 [0] NCCL INFO NET/IB: Subnet-aware routing: overriding dev 5 with dev 3
gx10-e146:68:78 [0] NCCL INFO NET/IB: Subnet-aware routing: overriding dev 4 with dev 1
gx10-e146:68:78 [0] NCCL INFO NET/IB: Subnet-aware routing: overriding dev 5 with dev 3
gx10-e146:68:78 [0] NCCL INFO NET/IB: Subnet-aware routing: overriding dev 4 with dev 1
gx10-e146:68:78 [0] NCCL INFO NET/IB: ncclIbResiliencyInit: Resiliency is disabled on the recv communicator (comm=0xe3a4c91c1000)
gx10-e146:68:78 [0] NCCL INFO NET/IB: ncclIbRecvCommInit: Receive work requests will be posted on-demand
gx10-e146:68:78 [0] NCCL INFO NET/IB: Subnet-aware routing: overriding dev 4 with dev 1
gx10-e146:68:78 [0] NCCL INFO NET/IB: Subnet-aware routing: overriding dev 5 with dev 3
gx10-e146:68:78 [0] NCCL INFO NET/IB: Subnet-aware routing: overriding dev 4 with dev 1
gx10-e146:68:78 [0] NCCL INFO NET/IB: Subnet-aware routing: overriding dev 5 with dev 3
gx10-e146:68:78 [0] NCCL INFO NET/IB: Subnet-aware routing: overriding dev 4 with dev 1
gx10-e146:68:78 [0] NCCL INFO NET/IB: Subnet-aware routing: overriding dev 5 with dev 3
gx10-e146:68:78 [0] NCCL INFO NET/IB: Subnet-aware routing: overriding dev 4 with dev 1
gx10-e146:68:78 [0] NCCL INFO NET/IB: Subnet-aware routing: overriding dev 5 with dev 3
gx10-e146:68:78 [0] NCCL INFO NET/IB: ncclIbResiliencyInit: Resiliency is disabled on the send communicator (comm=0xe3a4c9209000)
gx10-e146:68:78 [0] NCCL INFO NET/IB: Subnet-aware routing: overriding dev 4 with dev 1
gx10-e146:68:78 [0] NCCL INFO NET/IB: Subnet-aware routing: overriding dev 5 with dev 3
gx10-e146:68:78 [0] NCCL INFO NET/IB: Subnet-aware routing: overriding dev 4 with dev 1
gx10-e146:68:78 [0] NCCL INFO NET/IB: Subnet-aware routing: overriding dev 5 with dev 3
gx10-e146:68:78 [0] NCCL INFO NET/IB: Subnet-aware routing: overriding dev 4 with dev 1
gx10-e146:68:78 [0] NCCL INFO NET/IB: Subnet-aware routing: overriding dev 5 with dev 3
gx10-e146:68:78 [0] NCCL INFO NET/IB: Subnet-aware routing: overriding dev 4 with dev 1
gx10-e146:68:78 [0] NCCL INFO NET/IB: Subnet-aware routing: overriding dev 5 with dev 3
gx10-e146:68:78 [0] NCCL INFO NET/IB: ncclIbResiliencyInit: Resiliency is disabled on the recv communicator (comm=0xe3a4c924a000)
gx10-e146:68:78 [0] NCCL INFO NET/IB: ncclIbRecvCommInit: Receive work requests will be posted on-demand
gx10-e146:68:78 [0] NCCL INFO NET/IB: Subnet-aware routing: overriding dev 4 with dev 1
gx10-e146:68:78 [0] NCCL INFO NET/IB: Subnet-aware routing: overriding dev 5 with dev 3
gx10-e146:68:78 [0] NCCL INFO NET/IB: Subnet-aware routing: overriding dev 4 with dev 1
gx10-e146:68:78 [0] NCCL INFO NET/IB: Subnet-aware routing: overriding dev 5 with dev 3
gx10-e146:68:78 [0] NCCL INFO NET/IB: Subnet-aware routing: overriding dev 4 with dev 1
gx10-e146:68:78 [0] NCCL INFO NET/IB: Subnet-aware routing: overriding dev 5 with dev 3
gx10-e146:68:78 [0] NCCL INFO NET/IB: Subnet-aware routing: overriding dev 4 with dev 1
gx10-e146:68:78 [0] NCCL INFO NET/IB: Subnet-aware routing: overriding dev 5 with dev 3
gx10-e146:68:78 [0] NCCL INFO NET/IB: Subnet-aware routing: overriding dev 4 with dev 1
gx10-e146:68:78 [0] NCCL INFO NET/IB: Subnet-aware routing: overriding dev 5 with dev 3
gx10-e146:68:78 [0] NCCL INFO NET/IB: Subnet-aware routing: overriding dev 4 with dev 1
gx10-e146:68:78 [0] NCCL INFO NET/IB: Subnet-aware routing: overriding dev 5 with dev 3
gx10-e146:68:78 [0] NCCL INFO NET/IB: Subnet-aware routing: overriding dev 4 with dev 1
gx10-e146:68:78 [0] NCCL INFO NET/IB: Subnet-aware routing: overriding dev 5 with dev 3
gx10-e146:68:78 [0] NCCL INFO NET/IB: Subnet-aware routing: overriding dev 4 with dev 1
gx10-e146:68:78 [0] NCCL INFO NET/IB: Subnet-aware routing: overriding dev 5 with dev 3
gx10-e146:68:78 [0] NCCL INFO NET/IB: Subnet-aware routing: overriding dev 4 with dev 1
gx10-e146:68:78 [0] NCCL INFO NET/IB: Subnet-aware routing: overriding dev 5 with dev 3
gx10-e146:68:78 [0] NCCL INFO NET/IB: Subnet-aware routing: overriding dev 4 with dev 1
gx10-e146:68:78 [0] NCCL INFO NET/IB: Subnet-aware routing: overriding dev 5 with dev 3
gx10-e146:68:78 [0] NCCL INFO NET/IB: Subnet-aware routing: overriding dev 4 with dev 1
gx10-e146:68:78 [0] NCCL INFO NET/IB: Subnet-aware routing: overriding dev 5 with dev 3
gx10-e146:68:78 [0] NCCL INFO NET/IB: Subnet-aware routing: overriding dev 4 with dev 1
gx10-e146:68:78 [0] NCCL INFO NET/IB: Subnet-aware routing: overriding dev 5 with dev 3
gx10-e146:68:78 [0] NCCL INFO NET/IB: Subnet-aware routing: overriding dev 4 with dev 1
gx10-e146:68:78 [0] NCCL INFO NET/IB: Subnet-aware routing: overriding dev 5 with dev 3
gx10-e146:68:78 [0] NCCL INFO NET/IB: Subnet-aware routing: overriding dev 4 with dev 1
gx10-e146:68:78 [0] NCCL INFO NET/IB: Subnet-aware routing: overriding dev 5 with dev 3
gx10-e146:68:78 [0] NCCL INFO NET/IB: Subnet-aware routing: overriding dev 4 with dev 1
gx10-e146:68:78 [0] NCCL INFO NET/IB: Subnet-aware routing: overriding dev 5 with dev 3
gx10-e146:68:78 [0] NCCL INFO NET/IB: Subnet-aware routing: overriding dev 4 with dev 1
gx10-e146:68:78 [0] NCCL INFO NET/IB: Subnet-aware routing: overriding dev 5 with dev 3
gx10-e146:68:78 [0] NCCL INFO NET/IB: Subnet-aware routing: overriding dev 4 with dev 1
gx10-e146:68:78 [0] NCCL INFO NET/IB: Subnet-aware routing: overriding dev 5 with dev 3
gx10-e146:68:78 [0] NCCL INFO NET/IB: Subnet-aware routing: overriding dev 4 with dev 1
gx10-e146:68:78 [0] NCCL INFO NET/IB: Subnet-aware routing: overriding dev 5 with dev 3
gx10-e146:68:78 [0] NCCL INFO NET/IB: Subnet-aware routing: overriding dev 4 with dev 1
gx10-e146:68:78 [0] NCCL INFO NET/IB: Subnet-aware routing: overriding dev 5 with dev 3
gx10-e146:68:78 [0] NCCL INFO NET/IB: Subnet-aware routing: overriding dev 4 with dev 1
gx10-e146:68:78 [0] NCCL INFO NET/IB: Subnet-aware routing: overriding dev 5 with dev 3
gx10-e146:68:78 [0] NCCL INFO NET/IB: Subnet-aware routing: overriding dev 4 with dev 1
gx10-e146:68:78 [0] NCCL INFO NET/IB: Subnet-aware routing: overriding dev 5 with dev 3
gx10-e146:68:78 [0] NCCL INFO NET/IB: Subnet-aware routing: overriding dev 4 with dev 1
gx10-e146:68:78 [0] NCCL INFO NET/IB: Subnet-aware routing: overriding dev 5 with dev 3
gx10-e146:68:78 [0] NCCL INFO NET/IB: Subnet-aware routing: overriding dev 4 with dev 1
gx10-e146:68:78 [0] NCCL INFO NET/IB: Subnet-aware routing: overriding dev 5 with dev 3
gx10-e146:68:78 [0] NCCL INFO NET/IB: Subnet-aware routing: overriding dev 4 with dev 1
gx10-e146:68:78 [0] NCCL INFO NET/IB: Subnet-aware routing: overriding dev 5 with dev 3
gx10-e146:68:78 [0] NCCL INFO NET/IB: Subnet-aware routing: overriding dev 4 with dev 1
gx10-e146:68:78 [0] NCCL INFO NET/IB: Subnet-aware routing: overriding dev 5 with dev 3
gx10-e146:68:78 [0] NCCL INFO NET/IB: Subnet-aware routing: overriding dev 4 with dev 1
gx10-e146:68:78 [0] NCCL INFO NET/IB: Subnet-aware routing: overriding dev 5 with dev 3
gx10-e146:68:78 [0] NCCL INFO NET/IB: Subnet-aware routing: overriding dev 4 with dev 1
gx10-e146:68:78 [0] NCCL INFO NET/IB: Subnet-aware routing: overriding dev 5 with dev 3
gx10-e146:68:78 [0] NCCL INFO NET/IB: Subnet-aware routing: overriding dev 4 with dev 1
gx10-e146:68:78 [0] NCCL INFO NET/IB: Subnet-aware routing: overriding dev 5 with dev 3
gx10-e146:68:78 [0] NCCL INFO NET/IB: Subnet-aware routing: overriding dev 4 with dev 1
gx10-e146:68:78 [0] NCCL INFO NET/IB: Subnet-aware routing: overriding dev 5 with dev 3
gx10-e146:68:78 [0] NCCL INFO NET/IB: Subnet-aware routing: overriding dev 4 with dev 1
gx10-e146:68:78 [0] NCCL INFO NET/IB: Subnet-aware routing: overriding dev 5 with dev 3
gx10-e146:68:78 [0] NCCL INFO NET/IB: Subnet-aware routing: overriding dev 4 with dev 1
gx10-e146:68:78 [0] NCCL INFO NET/IB: ncclIbSenderQpsCreate: QP created: port=1 dev=1 devName=rocep1s0f1 ndevs=4 nmdevs=6 qp_num=15988 pkey=0 pd=0xe3a4dc07dd30 oooRq=0
gx10-e146:68:78 [0] NCCL INFO NET/IB: ncclIbSenderQpsCreate: QP created: port=1 dev=1 devName=rocep1s0f1 ndevs=4 nmdevs=6 qp_num=15989 pkey=0 pd=0xe3a4dc07dd30 oooRq=0
gx10-e146:68:78 [0] NCCL INFO NET/IB: ncclIbConnectImpl: NCCL Dev 1 IbDev 1 Port 1 qp_num 15988 mtu 5 GID 6 (0/264A8C0FFFF0000) ctsFifoRkey=0x197d78 ctsFifoLkey=0x197d78
gx10-e146:68:78 [0] NCCL INFO NET/IB: ncclIbConnectImpl: IbDev 1 Port 1 qp_num 15988 query_ece={supported=1, vendor_id=0x15b3, options=0x30000002, comp_mask=0x0}
gx10-e146:68:78 [0] NCCL INFO NET/IB: ncclIbConnectImpl: NCCL Dev 1 IbDev 1 Port 1 qp_num 15989 mtu 5 GID 6 (0/264A8C0FFFF0000) ctsFifoRkey=0x197d78 ctsFifoLkey=0x197d78
gx10-e146:68:78 [0] NCCL INFO NET/IB: ncclIbConnectImpl: IbDev 1 Port 1 qp_num 15989 query_ece={supported=1, vendor_id=0x15b3, options=0x30000002, comp_mask=0x0}
gx10-e146:68:78 [0] NCCL INFO NET/IB: Subnet-aware routing: overriding dev 4 with dev 1
gx10-e146:68:78 [0] NCCL INFO NET/IB: ncclIbReceiverQpsCreateToRts: QP created: port=1 dev=1 devName=rocep1s0f1 ndevs=4 nmdevs=6 qp_num=15990 pkey=0 pd=0xe3a4dc07dd30 oooRq=0
gx10-e146:68:78 [0] NCCL INFO NET/IB: ncclIbReceiverQpsCreateToRts: QP created: port=1 dev=1 devName=rocep1s0f1 ndevs=4 nmdevs=6 qp_num=15991 pkey=0 pd=0xe3a4dc07dd30 oooRq=0
gx10-e146:68:78 [0] NCCL INFO NET/IB: ncclIbReceiverQpsCreateToRts: Flush QP created: port=1 dev=1 devName=rocep1s0f1 ndevs=4 nmdevs=6 qp_num=15992 pkey=0 pd=0xe3a4dc07dd30
gx10-e146:68:78 [0] NCCL INFO NET/IB: Subnet-aware routing: overriding dev 5 with dev 3
gx10-e146:68:78 [0] NCCL INFO NET/IB: Subnet-aware routing: overriding dev 4 with dev 1
gx10-e146:68:78 [0] NCCL INFO NET/IB: Subnet-aware routing: overriding dev 5 with dev 3
gx10-e146:68:78 [0] NCCL INFO NET/IB: Subnet-aware routing: overriding dev 5 with dev 3
gx10-e146:68:78 [0] NCCL INFO NET/IB: ncclIbReceiverQpsCreateToRts: QP created: port=1 dev=3 devName=roceP2p1s0f1 ndevs=4 nmdevs=6 qp_num=3063 pkey=0 pd=0xe3a4dc23d840 oooRq=0
gx10-e146:68:78 [0] NCCL INFO NET/IB: ncclIbReceiverQpsCreateToRts: QP created: port=1 dev=3 devName=roceP2p1s0f1 ndevs=4 nmdevs=6 qp_num=3064 pkey=0 pd=0xe3a4dc23d840 oooRq=0
gx10-e146:68:78 [0] NCCL INFO NET/IB: ncclIbReceiverQpsCreateToRts: Flush QP created: port=1 dev=3 devName=roceP2p1s0f1 ndevs=4 nmdevs=6 qp_num=3065 pkey=0 pd=0xe3a4dc23d840
gx10-e146:68:78 [0] NCCL INFO NET/IB: Subnet-aware routing: overriding dev 4 with dev 1
gx10-e146:68:78 [0] NCCL INFO NET/IB: ncclIbSenderQpsCreate: QP created: port=1 dev=1 devName=rocep1s0f1 ndevs=4 nmdevs=6 qp_num=15993 pkey=0 pd=0xe3a4dc07dd30 oooRq=0
gx10-e146:68:78 [0] NCCL INFO NET/IB: ncclIbSenderQpsCreate: QP created: port=1 dev=1 devName=rocep1s0f1 ndevs=4 nmdevs=6 qp_num=15994 pkey=0 pd=0xe3a4dc07dd30 oooRq=0
gx10-e146:68:78 [0] NCCL INFO NET/IB: ncclIbConnectImpl: NCCL Dev 1 IbDev 1 Port 1 qp_num 15993 mtu 5 GID 6 (0/264A8C0FFFF0000) ctsFifoRkey=0x1b6765 ctsFifoLkey=0x1b6765
gx10-e146:68:78 [0] NCCL INFO NET/IB: ncclIbConnectImpl: IbDev 1 Port 1 qp_num 15993 query_ece={supported=1, vendor_id=0x15b3, options=0x30000002, comp_mask=0x0}
gx10-e146:68:78 [0] NCCL INFO NET/IB: ncclIbConnectImpl: NCCL Dev 1 IbDev 1 Port 1 qp_num 15994 mtu 5 GID 6 (0/264A8C0FFFF0000) ctsFifoRkey=0x1b6765 ctsFifoLkey=0x1b6765
gx10-e146:68:78 [0] NCCL INFO NET/IB: ncclIbConnectImpl: IbDev 1 Port 1 qp_num 15994 query_ece={supported=1, vendor_id=0x15b3, options=0x30000002, comp_mask=0x0}
gx10-e146:68:78 [0] NCCL INFO NET/IB: Subnet-aware routing: overriding dev 5 with dev 3
gx10-e146:68:78 [0] NCCL INFO NET/IB: ncclIbSenderQpsCreate: QP created: port=1 dev=3 devName=roceP2p1s0f1 ndevs=4 nmdevs=6 qp_num=3066 pkey=0 pd=0xe3a4dc23d840 oooRq=0
gx10-e146:68:78 [0] NCCL INFO NET/IB: ncclIbSenderQpsCreate: QP created: port=1 dev=3 devName=roceP2p1s0f1 ndevs=4 nmdevs=6 qp_num=3067 pkey=0 pd=0xe3a4dc23d840 oooRq=0
gx10-e146:68:78 [0] NCCL INFO NET/IB: ncclIbConnectImpl: NCCL Dev 3 IbDev 3 Port 1 qp_num 3066 mtu 5 GID 3 (0/26EA8C0FFFF0000) ctsFifoRkey=0x1d4245 ctsFifoLkey=0x1d4245
gx10-e146:68:78 [0] NCCL INFO NET/IB: ncclIbConnectImpl: IbDev 3 Port 1 qp_num 3066 query_ece={supported=1, vendor_id=0x15b3, options=0x30000002, comp_mask=0x0}
gx10-e146:68:78 [0] NCCL INFO NET/IB: ncclIbConnectImpl: NCCL Dev 3 IbDev 3 Port 1 qp_num 3067 mtu 5 GID 3 (0/26EA8C0FFFF0000) ctsFifoRkey=0x1d4245 ctsFifoLkey=0x1d4245
gx10-e146:68:78 [0] NCCL INFO NET/IB: ncclIbConnectImpl: IbDev 3 Port 1 qp_num 3067 query_ece={supported=1, vendor_id=0x15b3, options=0x30000002, comp_mask=0x0}
gx10-e146:68:78 [0] NCCL INFO NET/IB: Subnet-aware routing: overriding dev 4 with dev 1
gx10-e146:68:78 [0] NCCL INFO NET/IB: ncclIbSenderQpsCreate: QP created: port=1 dev=1 devName=rocep1s0f1 ndevs=4 nmdevs=6 qp_num=15995 pkey=0 pd=0xe3a4dc07dd30 oooRq=0
gx10-e146:68:78 [0] NCCL INFO NET/IB: ncclIbSenderQpsCreate: QP created: port=1 dev=1 devName=rocep1s0f1 ndevs=4 nmdevs=6 qp_num=15996 pkey=0 pd=0xe3a4dc07dd30 oooRq=0
gx10-e146:68:78 [0] NCCL INFO NET/IB: ncclIbConnectImpl: NCCL Dev 1 IbDev 1 Port 1 qp_num 15995 mtu 5 GID 6 (0/264A8C0FFFF0000) ctsFifoRkey=0x1b1714 ctsFifoLkey=0x1b1714
gx10-e146:68:78 [0] NCCL INFO NET/IB: ncclIbConnectImpl: IbDev 1 Port 1 qp_num 15995 query_ece={supported=1, vendor_id=0x15b3, options=0x30000002, comp_mask=0x0}
gx10-e146:68:78 [0] NCCL INFO NET/IB: ncclIbConnectImpl: NCCL Dev 1 IbDev 1 Port 1 qp_num 15996 mtu 5 GID 6 (0/264A8C0FFFF0000) ctsFifoRkey=0x1b1714 ctsFifoLkey=0x1b1714
gx10-e146:68:78 [0] NCCL INFO NET/IB: ncclIbConnectImpl: IbDev 1 Port 1 qp_num 15996 query_ece={supported=1, vendor_id=0x15b3, options=0x30000002, comp_mask=0x0}
gx10-e146:68:78 [0] NCCL INFO NET/IB: Subnet-aware routing: overriding dev 5 with dev 3
gx10-e146:68:78 [0] NCCL INFO NET/IB: ncclIbSenderQpsCreate: QP created: port=1 dev=3 devName=roceP2p1s0f1 ndevs=4 nmdevs=6 qp_num=3068 pkey=0 pd=0xe3a4dc23d840 oooRq=0
gx10-e146:68:78 [0] NCCL INFO NET/IB: ncclIbSenderQpsCreate: QP created: port=1 dev=3 devName=roceP2p1s0f1 ndevs=4 nmdevs=6 qp_num=3069 pkey=0 pd=0xe3a4dc23d840 oooRq=0
gx10-e146:68:78 [0] NCCL INFO NET/IB: ncclIbConnectImpl: NCCL Dev 3 IbDev 3 Port 1 qp_num 3068 mtu 5 GID 3 (0/26EA8C0FFFF0000) ctsFifoRkey=0x1cc2bd ctsFifoLkey=0x1cc2bd
gx10-e146:68:78 [0] NCCL INFO NET/IB: ncclIbConnectImpl: IbDev 3 Port 1 qp_num 3068 query_ece={supported=1, vendor_id=0x15b3, options=0x30000002, comp_mask=0x0}
gx10-e146:68:78 [0] NCCL INFO NET/IB: ncclIbConnectImpl: NCCL Dev 3 IbDev 3 Port 1 qp_num 3069 mtu 5 GID 3 (0/26EA8C0FFFF0000) ctsFifoRkey=0x1cc2bd ctsFifoLkey=0x1cc2bd
gx10-e146:68:78 [0] NCCL INFO NET/IB: ncclIbConnectImpl: IbDev 3 Port 1 qp_num 3069 query_ece={supported=1, vendor_id=0x15b3, options=0x30000002, comp_mask=0x0}
gx10-e146:68:78 [0] NCCL INFO NET/IB: Subnet-aware routing: overriding dev 5 with dev 3
gx10-e146:68:78 [0] NCCL INFO NET/IB: ncclIbReceiverQpsCreateToRts: QP created: port=1 dev=3 devName=roceP2p1s0f1 ndevs=4 nmdevs=6 qp_num=3070 pkey=0 pd=0xe3a4dc23d840 oooRq=0
gx10-e146:68:78 [0] NCCL INFO NET/IB: ncclIbReceiverQpsCreateToRts: QP created: port=1 dev=3 devName=roceP2p1s0f1 ndevs=4 nmdevs=6 qp_num=3071 pkey=0 pd=0xe3a4dc23d840 oooRq=0
gx10-e146:68:78 [0] NCCL INFO NET/IB: ncclIbReceiverQpsCreateToRts: Flush QP created: port=1 dev=3 devName=roceP2p1s0f1 ndevs=4 nmdevs=6 qp_num=3072 pkey=0 pd=0xe3a4dc23d840
gx10-e146:68:78 [0] NCCL INFO NET/IB: Subnet-aware routing: overriding dev 4 with dev 1
gx10-e146:68:78 [0] NCCL INFO NET/IB: ncclIbSenderQpsToRts: Set ECE: IbDev 1 Port 1 qp_num 15988 set_ece={supported=1, vendor_id=0x15b3, options=0x30000002, comp_mask=0x0}
gx10-e146:68:78 [0] NCCL INFO NET/IB: ncclIbSenderQpsToRts: Set ECE: IbDev 1 Port 1 qp_num 15989 set_ece={supported=1, vendor_id=0x15b3, options=0x30000002, comp_mask=0x0}
gx10-e146:68:78 [0] NCCL INFO NET/IB: Subnet-aware routing: overriding dev 5 with dev 3
gx10-e146:68:78 [0] NCCL INFO NET/IB: ncclIbSenderQpsCreate: QP created: port=1 dev=3 devName=roceP2p1s0f1 ndevs=4 nmdevs=6 qp_num=3073 pkey=0 pd=0xe3a4dc23d840 oooRq=0
gx10-e146:68:78 [0] NCCL INFO NET/IB: ncclIbSenderQpsCreate: QP created: port=1 dev=3 devName=roceP2p1s0f1 ndevs=4 nmdevs=6 qp_num=3074 pkey=0 pd=0xe3a4dc23d840 oooRq=0
gx10-e146:68:78 [0] NCCL INFO NET/IB: ncclIbConnectImpl: NCCL Dev 3 IbDev 3 Port 1 qp_num 3073 mtu 5 GID 3 (0/26EA8C0FFFF0000) ctsFifoRkey=0x1caaa6 ctsFifoLkey=0x1caaa6
gx10-e146:68:78 [0] NCCL INFO NET/IB: ncclIbConnectImpl: IbDev 3 Port 1 qp_num 3073 query_ece={supported=1, vendor_id=0x15b3, options=0x30000002, comp_mask=0x0}
gx10-e146:68:78 [0] NCCL INFO NET/IB: ncclIbConnectImpl: NCCL Dev 3 IbDev 3 Port 1 qp_num 3074 mtu 5 GID 3 (0/26EA8C0FFFF0000) ctsFifoRkey=0x1caaa6 ctsFifoLkey=0x1caaa6
gx10-e146:68:78 [0] NCCL INFO NET/IB: ncclIbConnectImpl: IbDev 3 Port 1 qp_num 3074 query_ece={supported=1, vendor_id=0x15b3, options=0x30000002, comp_mask=0x0}
gx10-e146:68:78 [0] NCCL INFO NET/IB: Subnet-aware routing: overriding dev 5 with dev 3
gx10-e146:68:78 [0] NCCL INFO NET/IB: ncclIbReceiverQpsCreateToRts: QP created: port=1 dev=3 devName=roceP2p1s0f1 ndevs=4 nmdevs=6 qp_num=3075 pkey=0 pd=0xe3a4dc23d840 oooRq=0
gx10-e146:68:78 [0] NCCL INFO NET/IB: ncclIbReceiverQpsCreateToRts: QP created: port=1 dev=3 devName=roceP2p1s0f1 ndevs=4 nmdevs=6 qp_num=3076 pkey=0 pd=0xe3a4dc23d840 oooRq=0
gx10-e146:68:78 [0] NCCL INFO NET/IB: ncclIbReceiverQpsCreateToRts: Flush QP created: port=1 dev=3 devName=roceP2p1s0f1 ndevs=4 nmdevs=6 qp_num=3077 pkey=0 pd=0xe3a4dc23d840
gx10-e146:68:78 [0] NCCL INFO NET/IB: Subnet-aware routing: overriding dev 4 with dev 1
gx10-e146:68:78 [0] NCCL INFO NET/IB: ncclIbSenderQpsCreate: QP created: port=1 dev=1 devName=rocep1s0f1 ndevs=4 nmdevs=6 qp_num=15997 pkey=0 pd=0xe3a4dc07dd30 oooRq=0
gx10-e146:68:78 [0] NCCL INFO NET/IB: ncclIbSenderQpsCreate: QP created: port=1 dev=1 devName=rocep1s0f1 ndevs=4 nmdevs=6 qp_num=15998 pkey=0 pd=0xe3a4dc07dd30 oooRq=0
gx10-e146:68:78 [0] NCCL INFO NET/IB: ncclIbConnectImpl: NCCL Dev 1 IbDev 1 Port 1 qp_num 15997 mtu 5 GID 6 (0/264A8C0FFFF0000) ctsFifoRkey=0x1bb7b5 ctsFifoLkey=0x1bb7b5
gx10-e146:68:78 [0] NCCL INFO NET/IB: ncclIbConnectImpl: IbDev 1 Port 1 qp_num 15997 query_ece={supported=1, vendor_id=0x15b3, options=0x30000002, comp_mask=0x0}
gx10-e146:68:78 [0] NCCL INFO NET/IB: ncclIbConnectImpl: NCCL Dev 1 IbDev 1 Port 1 qp_num 15998 mtu 5 GID 6 (0/264A8C0FFFF0000) ctsFifoRkey=0x1bb7b5 ctsFifoLkey=0x1bb7b5
gx10-e146:68:78 [0] NCCL INFO NET/IB: ncclIbConnectImpl: IbDev 1 Port 1 qp_num 15998 query_ece={supported=1, vendor_id=0x15b3, options=0x30000002, comp_mask=0x0}
gx10-e146:68:78 [0] NCCL INFO NET/IB: Subnet-aware routing: overriding dev 4 with dev 1
gx10-e146:68:78 [0] NCCL INFO NET/IB: ncclIbReceiverQpsCreateToRts: QP created: port=1 dev=1 devName=rocep1s0f1 ndevs=4 nmdevs=6 qp_num=15999 pkey=0 pd=0xe3a4dc07dd30 oooRq=0
gx10-e146:68:78 [0] NCCL INFO NET/IB: ncclIbReceiverQpsCreateToRts: QP created: port=1 dev=1 devName=rocep1s0f1 ndevs=4 nmdevs=6 qp_num=16000 pkey=0 pd=0xe3a4dc07dd30 oooRq=0
gx10-e146:68:78 [0] NCCL INFO NET/IB: ncclIbReceiverQpsCreateToRts: Flush QP created: port=1 dev=1 devName=rocep1s0f1 ndevs=4 nmdevs=6 qp_num=16001 pkey=0 pd=0xe3a4dc07dd30
gx10-e146:68:78 [0] NCCL INFO NET/IB: Subnet-aware routing: overriding dev 5 with dev 3
gx10-e146:68:78 [0] NCCL INFO NET/IB: ncclIbSenderQpsCreate: QP created: port=1 dev=3 devName=roceP2p1s0f1 ndevs=4 nmdevs=6 qp_num=3078 pkey=0 pd=0xe3a4dc23d840 oooRq=0
gx10-e146:68:78 [0] NCCL INFO NET/IB: ncclIbSenderQpsCreate: QP created: port=1 dev=3 devName=roceP2p1s0f1 ndevs=4 nmdevs=6 qp_num=3079 pkey=0 pd=0xe3a4dc23d840 oooRq=0
gx10-e146:68:78 [0] NCCL INFO NET/IB: ncclIbConnectImpl: NCCL Dev 3 IbDev 3 Port 1 qp_num 3078 mtu 5 GID 3 (0/26EA8C0FFFF0000) ctsFifoRkey=0x1c9090 ctsFifoLkey=0x1c9090
gx10-e146:68:78 [0] NCCL INFO NET/IB: ncclIbConnectImpl: IbDev 3 Port 1 qp_num 3078 query_ece={supported=1, vendor_id=0x15b3, options=0x30000002, comp_mask=0x0}
gx10-e146:68:78 [0] NCCL INFO NET/IB: ncclIbConnectImpl: NCCL Dev 3 IbDev 3 Port 1 qp_num 3079 mtu 5 GID 3 (0/26EA8C0FFFF0000) ctsFifoRkey=0x1c9090 ctsFifoLkey=0x1c9090
gx10-e146:68:78 [0] NCCL INFO NET/IB: ncclIbConnectImpl: IbDev 3 Port 1 qp_num 3079 query_ece={supported=1, vendor_id=0x15b3, options=0x30000002, comp_mask=0x0}
gx10-e146:68:78 [0] NCCL INFO NET/IB: Subnet-aware routing: overriding dev 4 with dev 1
gx10-e146:68:78 [0] NCCL INFO NET/IB: ncclIbSenderQpsToRts: Set ECE: IbDev 1 Port 1 qp_num 15993 set_ece={supported=1, vendor_id=0x15b3, options=0x30000002, comp_mask=0x0}
gx10-e146:68:78 [0] NCCL INFO NET/IB: ncclIbSenderQpsToRts: Set ECE: IbDev 1 Port 1 qp_num 15994 set_ece={supported=1, vendor_id=0x15b3, options=0x30000002, comp_mask=0x0}
gx10-e146:68:78 [0] NCCL INFO NET/IB: Subnet-aware routing: overriding dev 5 with dev 3
gx10-e146:68:78 [0] NCCL INFO NET/IB: ncclIbSenderQpsToRts: Set ECE: IbDev 3 Port 1 qp_num 3066 set_ece={supported=1, vendor_id=0x15b3, options=0x30000002, comp_mask=0x0}
gx10-e146:68:78 [0] NCCL INFO NET/IB: ncclIbSenderQpsToRts: Set ECE: IbDev 3 Port 1 qp_num 3067 set_ece={supported=1, vendor_id=0x15b3, options=0x30000002, comp_mask=0x0}
gx10-e146:68:78 [0] NCCL INFO NET/IB: Subnet-aware routing: overriding dev 4 with dev 1
gx10-e146:68:78 [0] NCCL INFO NET/IB: ncclIbSenderQpsToRts: Set ECE: IbDev 1 Port 1 qp_num 15995 set_ece={supported=1, vendor_id=0x15b3, options=0x30000002, comp_mask=0x0}
gx10-e146:68:78 [0] NCCL INFO NET/IB: ncclIbSenderQpsToRts: Set ECE: IbDev 1 Port 1 qp_num 15996 set_ece={supported=1, vendor_id=0x15b3, options=0x30000002, comp_mask=0x0}
gx10-e146:68:78 [0] NCCL INFO NET/IB: Subnet-aware routing: overriding dev 5 with dev 3
gx10-e146:68:78 [0] NCCL INFO NET/IB: ncclIbSenderQpsToRts: Set ECE: IbDev 3 Port 1 qp_num 3068 set_ece={supported=1, vendor_id=0x15b3, options=0x30000002, comp_mask=0x0}
gx10-e146:68:78 [0] NCCL INFO NET/IB: ncclIbSenderQpsToRts: Set ECE: IbDev 3 Port 1 qp_num 3069 set_ece={supported=1, vendor_id=0x15b3, options=0x30000002, comp_mask=0x0}
gx10-e146:68:78 [0] NCCL INFO NET/IB: Subnet-aware routing: overriding dev 5 with dev 3
gx10-e146:68:78 [0] NCCL INFO NET/IB: ncclIbSenderQpsToRts: Set ECE: IbDev 3 Port 1 qp_num 3073 set_ece={supported=1, vendor_id=0x15b3, options=0x30000002, comp_mask=0x0}
gx10-e146:68:78 [0] NCCL INFO NET/IB: ncclIbSenderQpsToRts: Set ECE: IbDev 3 Port 1 qp_num 3074 set_ece={supported=1, vendor_id=0x15b3, options=0x30000002, comp_mask=0x0}
gx10-e146:68:78 [0] NCCL INFO NET/IB: Subnet-aware routing: overriding dev 4 with dev 1
gx10-e146:68:78 [0] NCCL INFO NET/IB: Subnet-aware routing: overriding dev 5 with dev 3
gx10-e146:68:78 [0] NCCL INFO NET/IB: Subnet-aware routing: overriding dev 4 with dev 1
gx10-e146:68:78 [0] NCCL INFO NET/IB: Subnet-aware routing: overriding dev 5 with dev 3
gx10-e146:68:78 [0] NCCL INFO NET/IB: Subnet-aware routing: overriding dev 4 with dev 1
gx10-e146:68:78 [0] NCCL INFO NET/IB: Subnet-aware routing: overriding dev 5 with dev 3
gx10-e146:68:78 [0] NCCL INFO NET/IB: Subnet-aware routing: overriding dev 4 with dev 1
gx10-e146:68:78 [0] NCCL INFO NET/IB: Subnet-aware routing: overriding dev 5 with dev 3
gx10-e146:68:78 [0] NCCL INFO NET/IB: Subnet-aware routing: overriding dev 4 with dev 1
gx10-e146:68:78 [0] NCCL INFO NET/IB: Subnet-aware routing: overriding dev 5 with dev 3
gx10-e146:68:78 [0] NCCL INFO NET/IB: Subnet-aware routing: overriding dev 4 with dev 1
gx10-e146:68:78 [0] NCCL INFO NET/IB: Subnet-aware routing: overriding dev 5 with dev 3
gx10-e146:68:78 [0] NCCL INFO NET/IB: Subnet-aware routing: overriding dev 4 with dev 1
gx10-e146:68:78 [0] NCCL INFO NET/IB: Subnet-aware routing: overriding dev 5 with dev 3
gx10-e146:68:78 [0] NCCL INFO NET/IB: Subnet-aware routing: overriding dev 4 with dev 1
gx10-e146:68:78 [0] NCCL INFO NET/IB: Subnet-aware routing: overriding dev 5 with dev 3
gx10-e146:68:78 [0] NCCL INFO NET/IB: Subnet-aware routing: overriding dev 4 with dev 1
gx10-e146:68:78 [0] NCCL INFO NET/IB: Subnet-aware routing: overriding dev 5 with dev 3
gx10-e146:68:78 [0] NCCL INFO NET/IB: Subnet-aware routing: overriding dev 4 with dev 1
gx10-e146:68:78 [0] NCCL INFO NET/IB: Subnet-aware routing: overriding dev 5 with dev 3
gx10-e146:68:78 [0] NCCL INFO NET/IB: Subnet-aware routing: overriding dev 4 with dev 1
gx10-e146:68:78 [0] NCCL INFO NET/IB: Subnet-aware routing: overriding dev 5 with dev 3
gx10-e146:68:78 [0] NCCL INFO NET/IB: Subnet-aware routing: overriding dev 4 with dev 1
gx10-e146:68:78 [0] NCCL INFO NET/IB: Subnet-aware routing: overriding dev 5 with dev 3
gx10-e146:68:78 [0] NCCL INFO NET/IB: Subnet-aware routing: overriding dev 4 with dev 1
gx10-e146:68:78 [0] NCCL INFO NET/IB: Subnet-aware routing: overriding dev 5 with dev 3
gx10-e146:68:78 [0] NCCL INFO NET/IB: Subnet-aware routing: overriding dev 4 with dev 1
gx10-e146:68:78 [0] NCCL INFO NET/IB: Subnet-aware routing: overriding dev 5 with dev 3
gx10-e146:68:78 [0] NCCL INFO NET/IB: Subnet-aware routing: overriding dev 4 with dev 1
gx10-e146:68:78 [0] NCCL INFO NET/IB: Subnet-aware routing: overriding dev 5 with dev 3
gx10-e146:68:78 [0] NCCL INFO NET/IB: Subnet-aware routing: overriding dev 4 with dev 1
gx10-e146:68:78 [0] NCCL INFO NET/IB: Subnet-aware routing: overriding dev 5 with dev 3
gx10-e146:68:78 [0] NCCL INFO NET/IB: Subnet-aware routing: overriding dev 4 with dev 1
gx10-e146:68:78 [0] NCCL INFO NET/IB: Subnet-aware routing: overriding dev 5 with dev 3
gx10-e146:68:78 [0] NCCL INFO NET/IB: Subnet-aware routing: overriding dev 4 with dev 1
gx10-e146:68:78 [0] NCCL INFO NET/IB: Subnet-aware routing: overriding dev 5 with dev 3
gx10-e146:68:78 [0] NCCL INFO NET/IB: Subnet-aware routing: overriding dev 4 with dev 1
gx10-e146:68:78 [0] NCCL INFO NET/IB: Subnet-aware routing: overriding dev 5 with dev 3
gx10-e146:68:78 [0] NCCL INFO NET/IB: Subnet-aware routing: overriding dev 4 with dev 1
gx10-e146:68:78 [0] NCCL INFO NET/IB: Subnet-aware routing: overriding dev 5 with dev 3
gx10-e146:68:78 [0] NCCL INFO NET/IB: Subnet-aware routing: overriding dev 4 with dev 1
gx10-e146:68:78 [0] NCCL INFO NET/IB: Subnet-aware routing: overriding dev 5 with dev 3
gx10-e146:68:78 [0] NCCL INFO NET/IB: Subnet-aware routing: overriding dev 4 with dev 1
gx10-e146:68:78 [0] NCCL INFO NET/IB: Subnet-aware routing: overriding dev 5 with dev 3
gx10-e146:68:78 [0] NCCL INFO NET/IB: Subnet-aware routing: overriding dev 4 with dev 1
gx10-e146:68:78 [0] NCCL INFO NET/IB: Subnet-aware routing: overriding dev 5 with dev 3
gx10-e146:68:78 [0] NCCL INFO NET/IB: Subnet-aware routing: overriding dev 4 with dev 1
gx10-e146:68:78 [0] NCCL INFO NET/IB: Subnet-aware routing: overriding dev 5 with dev 3
gx10-e146:68:78 [0] NCCL INFO NET/IB: Subnet-aware routing: overriding dev 4 with dev 1
gx10-e146:68:78 [0] NCCL INFO NET/IB: Subnet-aware routing: overriding dev 5 with dev 3
gx10-e146:68:78 [0] NCCL INFO NET/IB: Subnet-aware routing: overriding dev 4 with dev 1
gx10-e146:68:78 [0] NCCL INFO NET/IB: Subnet-aware routing: overriding dev 5 with dev 3
gx10-e146:68:78 [0] NCCL INFO NET/IB: Subnet-aware routing: overriding dev 4 with dev 1
gx10-e146:68:78 [0] NCCL INFO NET/IB: Subnet-aware routing: overriding dev 5 with dev 3
gx10-e146:68:78 [0] NCCL INFO NET/IB: Subnet-aware routing: overriding dev 4 with dev 1
gx10-e146:68:78 [0] NCCL INFO NET/IB: Subnet-aware routing: overriding dev 5 with dev 3
gx10-e146:68:78 [0] NCCL INFO NET/IB: Subnet-aware routing: overriding dev 4 with dev 1
gx10-e146:68:78 [0] NCCL INFO NET/IB: Subnet-aware routing: overriding dev 5 with dev 3
gx10-e146:68:78 [0] NCCL INFO NET/IB: Subnet-aware routing: overriding dev 4 with dev 1
gx10-e146:68:78 [0] NCCL INFO NET/IB: Subnet-aware routing: overriding dev 5 with dev 3
gx10-e146:68:78 [0] NCCL INFO NET/IB: Subnet-aware routing: overriding dev 4 with dev 1
gx10-e146:68:78 [0] NCCL INFO NET/IB: Subnet-aware routing: overriding dev 5 with dev 3
gx10-e146:68:78 [0] NCCL INFO NET/IB: Subnet-aware routing: overriding dev 4 with dev 1
gx10-e146:68:78 [0] NCCL INFO NET/IB: Subnet-aware routing: overriding dev 5 with dev 3
gx10-e146:68:78 [0] NCCL INFO NET/IB: Subnet-aware routing: overriding dev 4 with dev 1
gx10-e146:68:78 [0] NCCL INFO NET/IB: Subnet-aware routing: overriding dev 5 with dev 3
gx10-e146:68:78 [0] NCCL INFO NET/IB: Subnet-aware routing: overriding dev 4 with dev 1
gx10-e146:68:78 [0] NCCL INFO NET/IB: Subnet-aware routing: overriding dev 5 with dev 3
gx10-e146:68:78 [0] NCCL INFO NET/IB: Subnet-aware routing: overriding dev 4 with dev 1
gx10-e146:68:78 [0] NCCL INFO NET/IB: Subnet-aware routing: overriding dev 5 with dev 3
gx10-e146:68:78 [0] NCCL INFO NET/IB: Subnet-aware routing: overriding dev 4 with dev 1
gx10-e146:68:78 [0] NCCL INFO NET/IB: Subnet-aware routing: overriding dev 5 with dev 3
gx10-e146:68:78 [0] NCCL INFO NET/IB: Subnet-aware routing: overriding dev 4 with dev 1
gx10-e146:68:78 [0] NCCL INFO NET/IB: Subnet-aware routing: overriding dev 5 with dev 3
gx10-e146:68:78 [0] NCCL INFO NET/IB: Subnet-aware routing: overriding dev 4 with dev 1
gx10-e146:68:78 [0] NCCL INFO NET/IB: Subnet-aware routing: overriding dev 5 with dev 3
gx10-e146:68:78 [0] NCCL INFO NET/IB: ncclIbSenderQpsToRts: Set ECE: IbDev 3 Port 1 qp_num 3078 set_ece={supported=1, vendor_id=0x15b3, options=0x30000002, comp_mask=0x0}
gx10-e146:68:78 [0] NCCL INFO NET/IB: ncclIbSenderQpsToRts: Set ECE: IbDev 3 Port 1 qp_num 3079 set_ece={supported=1, vendor_id=0x15b3, options=0x30000002, comp_mask=0x0}
gx10-e146:68:78 [0] NCCL INFO NET/IB: Subnet-aware routing: overriding dev 4 with dev 1
gx10-e146:68:78 [0] NCCL INFO NET/IB: ncclIbSenderQpsToRts: Set ECE: IbDev 1 Port 1 qp_num 15997 set_ece={supported=1, vendor_id=0x15b3, options=0x30000002, comp_mask=0x0}
gx10-e146:68:78 [0] NCCL INFO NET/IB: ncclIbSenderQpsToRts: Set ECE: IbDev 1 Port 1 qp_num 15998 set_ece={supported=1, vendor_id=0x15b3, options=0x30000002, comp_mask=0x0}
gx10-e146:68:68 [0] NCCL INFO Connected all rings, use ring PXN 0 GDR 0
