2026/08/29 23:04:55.509, 2502 MHz, 56, 16.72 W, 0 %
2026/08/29 23:05:00.519, 2502 MHz, 56, 16.72 W, 0 %
2026/08/29 23:05:05.519, 2470 MHz, 63, 63.64 W, 96 %
2026/08/29 23:05:10.521, 2502 MHz, 62, 37.69 W, 94 %
2026/08/29 23:05:15.521, 2483 MHz, 64, 38.33 W, 94 %
2026/08/29 23:05:20.522, 2483 MHz, 65, 41.03 W, 95 %
2026/08/29 23:05:25.523, 2483 MHz, 67, 38.89 W, 95 %
2026/08/29 23:05:30.524, 2483 MHz, 67, 39.16 W, 95 %
2026/08/29 23:05:35.525, 2483 MHz, 67, 39.09 W, 94 %
2026/08/29 23:05:40.526, 2450 MHz, 73, 59.31 W, 96 %
2026/08/29 23:05:45.527, 2483 MHz, 68, 39.35 W, 95 %
2026/08/29 23:05:50.528, 2483 MHz, 68, 39.48 W, 94 %
2026/08/29 23:05:55.528, 2483 MHz, 69, 45.44 W, 94 %
2026/08/29 23:06:00.530, 2483 MHz, 68, 39.61 W, 94 %
2026/08/29 23:06:05.530, 2483 MHz, 69, 39.45 W, 94 %
2026/08/29 23:06:10.531, 2483 MHz, 69, 39.51 W, 95 %
2026/08/29 23:06:15.531, 2450 MHz, 74, 67.25 W, 95 %
2026/08/29 23:06:20.532, 2483 MHz, 69, 39.52 W, 95 %
2026/08/29 23:06:25.533, 2483 MHz, 68, 38.96 W, 95 %
2026/08/29 23:06:30.534, 2483 MHz, 70, 45.59 W, 94 %
2026/08/29 23:06:35.534, 2483 MHz, 74, 41.63 W, 94 %
2026/08/29 23:06:40.534, 2483 MHz, 69, 39.92 W, 95 %
2026/08/29 23:06:45.535, 2483 MHz, 70, 39.83 W, 95 %
2026/08/29 23:06:50.536, 2444 MHz, 74, 67.65 W, 96 %
2026/08/29 23:06:55.537, 2483 MHz, 70, 39.89 W, 95 %
2026/08/29 23:07:00.538, 2483 MHz, 70, 39.92 W, 94 %
2026/08/29 23:07:05.539, 2476 MHz, 70, 58.37 W, 96 %
2026/08/29 23:07:10.539, 2483 MHz, 70, 39.99 W, 95 %
2026/08/29 23:07:15.540, 2483 MHz, 70, 40.04 W, 95 %
2026/08/29 23:07:20.541, 2483 MHz, 70, 39.81 W, 94 %
2026/08/29 23:07:25.543, 2444 MHz, 75, 51.24 W, 94 %
2026/08/29 23:07:30.543, 2483 MHz, 70, 39.79 W, 94 %
2026/08/29 23:07:35.544, 2483 MHz, 70, 39.90 W, 94 %
2026/08/29 23:07:40.545, 2444 MHz, 74, 67.59 W, 96 %
2026/08/29 23:07:45.547, 2483 MHz, 70, 39.84 W, 94 %
2026/08/29 23:07:50.547, 2483 MHz, 70, 39.93 W, 94 %
2026/08/29 23:07:55.548, 2483 MHz, 71, 53.24 W, 95 %
2026/08/29 23:08:00.549, 2483 MHz, 71, 40.11 W, 94 %
2026/08/29 23:08:05.550, 2483 MHz, 71, 40.05 W, 94 %
2026/08/29 23:08:10.550, 2483 MHz, 71, 40.24 W, 94 %
2026/08/29 23:08:15.552, 2457 MHz, 75, 49.75 W, 94 %
2026/08/29 23:08:20.552, 2483 MHz, 71, 40.14 W, 95 %
2026/08/29 23:08:25.553, 2483 MHz, 71, 40.21 W, 95 %
2026/08/29 23:08:30.554, 2444 MHz, 75, 63.62 W, 96 %
2026/08/29 23:08:35.554, 2483 MHz, 71, 40.24 W, 95 %
2026/08/29 23:08:40.555, 2483 MHz, 71, 40.18 W, 94 %
2026/08/29 23:08:45.556, 2450 MHz, 73, 66.07 W, 96 %
2026/08/29 23:08:50.557, 2483 MHz, 71, 40.19 W, 95 %
2026/08/29 23:08:55.558, 2483 MHz, 71, 40.28 W, 94 %
2026/08/29 23:09:00.559, 2450 MHz, 77, 68.89 W, 96 %
2026/08/29 23:09:05.559, 2463 MHz, 71, 40.69 W, 94 %
2026/08/29 23:09:10.561, 2444 MHz, 76, 66.24 W, 96 %
2026/08/29 23:09:15.562, 2463 MHz, 72, 40.45 W, 94 %
2026/08/29 23:09:20.562, 2450 MHz, 76, 60.17 W, 96 %
2026/08/29 23:09:25.563, 2463 MHz, 72, 40.58 W, 94 %
2026/08/29 23:09:30.564, 2463 MHz, 72, 40.63 W, 94 %
2026/08/29 23:09:35.565, 2457 MHz, 73, 60.29 W, 96 %
2026/08/29 23:09:40.565, 2463 MHz, 72, 40.51 W, 94 %
2026/08/29 23:09:45.566, 2444 MHz, 78, 69.46 W, 96 %
2026/08/29 23:09:50.567, 2463 MHz, 72, 40.61 W, 95 %
2026/08/29 23:09:55.568, 2444 MHz, 78, 69.51 W, 96 %
2026/08/29 23:10:00.569, 2463 MHz, 73, 40.57 W, 94 %
2026/08/29 23:10:05.570, 2444 MHz, 78, 69.50 W, 96 %
2026/08/29 23:10:10.571, 2463 MHz, 73, 40.68 W, 94 %
2026/08/29 23:10:15.572, 2450 MHz, 77, 61.88 W, 96 %
2026/08/29 23:10:20.573, 2463 MHz, 73, 40.94 W, 94 %
2026/08/29 23:10:25.574, 2444 MHz, 78, 68.83 W, 96 %
2026/08/29 23:10:30.576, 2463 MHz, 73, 40.90 W, 94 %
2026/08/29 23:10:35.576, 2450 MHz, 78, 62.12 W, 96 %
2026/08/29 23:10:40.577, 2463 MHz, 74, 40.92 W, 94 %
2026/08/29 23:10:45.577, 2463 MHz, 73, 42.45 W, 94 %
2026/08/29 23:10:50.579, 2444 MHz, 74, 62.32 W, 96 %
2026/08/29 23:10:55.579, 2463 MHz, 73, 40.41 W, 94 %
2026/08/29 23:11:00.579, 2444 MHz, 79, 69.96 W, 96 %
2026/08/29 23:11:05.580, 2463 MHz, 73, 40.78 W, 95 %
2026/08/29 23:11:10.581, 2444 MHz, 79, 69.04 W, 96 %
2026/08/29 23:11:15.582, 2463 MHz, 73, 40.82 W, 95 %
2026/08/29 23:11:20.583, 2450 MHz, 77, 64.69 W, 96 %
2026/08/29 23:11:25.584, 2463 MHz, 73, 40.42 W, 95 %
2026/08/29 23:11:30.584, 2444 MHz, 77, 64.23 W, 96 %
2026/08/29 23:11:35.585, 2463 MHz, 72, 40.67 W, 95 %
2026/08/29 23:11:40.586, 2444 MHz, 76, 67.62 W, 96 %
2026/08/29 23:11:45.586, 2463 MHz, 72, 40.24 W, 94 %
2026/08/29 23:11:50.587, 2457 MHz, 77, 47.80 W, 95 %
2026/08/29 23:11:55.587, 2463 MHz, 73, 56.68 W, 96 %
2026/08/29 23:12:00.589, 2463 MHz, 72, 40.65 W, 94 %
2026/08/29 23:12:05.589, 2444 MHz, 78, 69.39 W, 96 %
2026/08/29 23:12:10.591, 2463 MHz, 73, 40.73 W, 94 %
2026/08/29 23:12:15.593, 2444 MHz, 79, 69.91 W, 95 %
2026/08/29 23:12:20.593, 2463 MHz, 73, 40.71 W, 94 %
2026/08/29 23:12:25.594, 2444 MHz, 79, 69.44 W, 96 %
2026/08/29 23:12:30.594, 2463 MHz, 73, 40.86 W, 95 %
2026/08/29 23:12:35.595, 2444 MHz, 76, 67.57 W, 96 %
2026/08/29 23:12:40.596, 2463 MHz, 74, 40.78 W, 95 %
2026/08/29 23:12:45.597, 2444 MHz, 77, 69.30 W, 96 %
2026/08/29 23:12:50.598, 2463 MHz, 74, 40.96 W, 94 %
2026/08/29 23:12:55.598, 2444 MHz, 78, 66.88 W, 96 %
2026/08/29 23:13:00.599, 2463 MHz, 74, 40.97 W, 94 %
2026/08/29 23:13:05.600, 2457 MHz, 78, 49.17 W, 95 %
2026/08/29 23:13:10.601, 2457 MHz, 74, 57.55 W, 96 %
2026/08/29 23:13:15.602, 2463 MHz, 73, 41.01 W, 94 %
2026/08/29 23:13:20.602, 2444 MHz, 78, 70.12 W, 96 %
2026/08/29 23:13:25.603, 2463 MHz, 74, 41.04 W, 95 %
2026/08/29 23:13:30.604, 2444 MHz, 79, 70.04 W, 96 %
2026/08/29 23:13:35.605, 2463 MHz, 74, 41.06 W, 95 %
2026/08/29 23:13:40.606, 2444 MHz, 78, 69.83 W, 95 %
2026/08/29 23:13:45.607, 2463 MHz, 74, 41.20 W, 94 %
2026/08/29 23:13:50.608, 2444 MHz, 79, 69.39 W, 96 %
2026/08/29 23:13:55.609, 2463 MHz, 74, 41.12 W, 95 %
2026/08/29 23:14:00.611, 2444 MHz, 78, 69.57 W, 96 %
2026/08/29 23:14:05.612, 2463 MHz, 74, 41.16 W, 94 %
2026/08/29 23:14:10.612, 2444 MHz, 78, 69.19 W, 95 %
2026/08/29 23:14:15.613, 2463 MHz, 74, 39.87 W, 95 %
2026/08/29 23:14:20.614, 2444 MHz, 78, 53.01 W, 94 %
2026/08/29 23:14:25.614, 2463 MHz, 74, 47.57 W, 94 %
2026/08/29 23:14:30.616, 2463 MHz, 73, 40.93 W, 94 %
2026/08/29 23:14:35.617, 2463 MHz, 74, 61.84 W, 96 %
2026/08/29 23:14:40.618, 2483 MHz, 72, 40.65 W, 93 %
2026/08/29 23:14:45.619, 2444 MHz, 77, 69.65 W, 96 %
2026/08/29 23:14:50.620, 2483 MHz, 71, 40.42 W, 94 %
2026/08/29 23:14:55.621, 2444 MHz, 76, 69.04 W, 96 %
2026/08/29 23:15:00.622, 2444 MHz, 77, 69.98 W, 96 %
2026/08/29 23:15:05.623, 2444 MHz, 77, 70.39 W, 95 %
2026/08/29 23:15:10.624, 2444 MHz, 77, 62.61 W, 95 %
2026/08/29 23:15:15.625, 2457 MHz, 73, 29.90 W, 0 %
2026/08/29 23:15:20.625, 2483 MHz, 69, 39.86 W, 94 %
2026/08/29 23:15:25.626, 2444 MHz, 75, 68.40 W, 96 %
2026/08/29 23:15:30.627, 2444 MHz, 76, 69.53 W, 96 %
2026/08/29 23:15:35.628, 2444 MHz, 77, 70.82 W, 96 %
2026/08/29 23:15:40.629, 2450 MHz, 75, 66.97 W, 96 %
2026/08/29 23:15:45.630, 2463 MHz, 72, 40.47 W, 95 %
2026/08/29 23:15:50.632, 2444 MHz, 77, 69.61 W, 96 %
2026/08/29 23:15:55.632, 2444 MHz, 77, 69.81 W, 96 %
2026/08/29 23:16:00.633, 2444 MHz, 79, 71.04 W, 96 %
2026/08/29 23:16:05.634, 2444 MHz, 78, 70.60 W, 96 %
2026/08/29 23:16:10.635, 2463 MHz, 73, 40.58 W, 94 %
2026/08/29 23:16:15.636, 2444 MHz, 76, 68.76 W, 96 %
2026/08/29 23:16:20.637, 2457 MHz, 76, 57.28 W, 96 %
2026/08/29 23:16:25.638, 2444 MHz, 77, 70.75 W, 96 %
2026/08/29 23:16:30.639, 2444 MHz, 77, 71.26 W, 96 %
2026/08/29 23:16:35.640, 2463 MHz, 72, 40.44 W, 95 %
2026/08/29 23:16:40.641, 2444 MHz, 76, 69.39 W, 96 %
2026/08/29 23:16:45.641, 2444 MHz, 77, 69.66 W, 96 %
2026/08/29 23:16:50.643, 2444 MHz, 77, 65.15 W, 95 %
2026/08/29 23:16:55.644, 2437 MHz, 76, 70.39 W, 96 %
2026/08/29 23:17:00.645, 2483 MHz, 72, 40.39 W, 95 %
2026/08/29 23:17:05.646, 2444 MHz, 76, 68.81 W, 96 %
2026/08/29 23:17:10.647, 2444 MHz, 77, 69.84 W, 96 %
2026/08/29 23:17:15.648, 2444 MHz, 78, 70.01 W, 96 %
2026/08/29 23:17:20.649, 2444 MHz, 77, 70.70 W, 96 %
2026/08/29 23:17:25.650, 2463 MHz, 71, 40.15 W, 94 %
2026/08/29 23:17:30.651, 2444 MHz, 75, 69.32 W, 96 %
2026/08/29 23:17:35.651, 2444 MHz, 76, 69.45 W, 96 %
2026/08/29 23:17:40.652, 2444 MHz, 77, 70.27 W, 96 %
2026/08/29 23:17:45.653, 2444 MHz, 77, 70.96 W, 96 %
2026/08/29 23:17:50.654, 2463 MHz, 71, 40.21 W, 94 %
2026/08/29 23:17:55.655, 2450 MHz, 73, 65.12 W, 96 %
2026/08/29 23:18:00.656, 2457 MHz, 75, 57.52 W, 96 %
2026/08/29 23:18:05.656, 2444 MHz, 76, 70.13 W, 95 %
2026/08/29 23:18:10.656, 2444 MHz, 75, 70.16 W, 96 %
2026/08/29 23:18:15.658, 2483 MHz, 71, 40.32 W, 93 %
2026/08/29 23:18:20.659, 2444 MHz, 75, 68.20 W, 96 %
2026/08/29 23:18:25.659, 2444 MHz, 76, 69.50 W, 95 %
2026/08/29 23:18:30.660, 2444 MHz, 77, 67.87 W, 96 %
2026/08/29 23:18:35.660, 2444 MHz, 77, 70.20 W, 96 %
2026/08/29 23:18:40.661, 2483 MHz, 71, 40.38 W, 94 %
2026/08/29 23:18:45.662, 2450 MHz, 74, 59.51 W, 96 %
2026/08/29 23:18:50.663, 2444 MHz, 76, 69.82 W, 96 %
2026/08/29 23:18:55.664, 2444 MHz, 74, 69.77 W, 96 %
2026/08/29 23:19:00.664, 2444 MHz, 77, 70.39 W, 96 %
2026/08/29 23:19:05.665, 2483 MHz, 72, 40.28 W, 95 %
2026/08/29 23:19:10.666, 2470 MHz, 74, 44.31 W, 95 %
2026/08/29 23:19:15.667, 2444 MHz, 75, 69.53 W, 96 %
2026/08/29 23:19:20.668, 2444 MHz, 77, 69.62 W, 96 %
2026/08/29 23:19:25.669, 2444 MHz, 77, 70.26 W, 96 %
2026/08/29 23:19:30.670, 2483 MHz, 72, 40.16 W, 94 %
2026/08/29 23:19:35.671, 2483 MHz, 69, 37.92 W, 94 %
2026/08/29 23:19:40.672, 2450 MHz, 74, 59.06 W, 96 %
2026/08/29 23:19:45.672, 2444 MHz, 74, 69.58 W, 96 %
2026/08/29 23:19:50.673, 2444 MHz, 76, 70.35 W, 96 %
2026/08/29 23:19:55.674, 2463 MHz, 72, 52.65 W, 96 %
2026/08/29 23:20:00.676, 2483 MHz, 71, 40.26 W, 94 %
2026/08/29 23:20:05.677, 2444 MHz, 75, 68.82 W, 96 %
2026/08/29 23:20:10.677, 2444 MHz, 76, 69.62 W, 96 %
2026/08/29 23:20:15.677, 2444 MHz, 76, 70.25 W, 96 %
2026/08/29 23:20:20.679, 2444 MHz, 76, 70.17 W, 95 %
2026/08/29 23:20:25.680, 2483 MHz, 71, 40.06 W, 94 %
2026/08/29 23:20:30.680, 2444 MHz, 76, 68.61 W, 96 %
2026/08/29 23:20:35.682, 2444 MHz, 75, 69.37 W, 96 %
2026/08/29 23:20:40.683, 2444 MHz, 77, 69.95 W, 96 %
2026/08/29 23:20:45.684, 2444 MHz, 76, 70.79 W, 96 %
2026/08/29 23:20:50.684, 2483 MHz, 70, 39.93 W, 94 %
2026/08/29 23:20:55.685, 2444 MHz, 76, 68.77 W, 96 %
2026/08/29 23:21:00.686, 2444 MHz, 76, 69.35 W, 95 %
2026/08/29 23:21:05.687, 2444 MHz, 77, 69.92 W, 96 %
2026/08/29 23:21:10.687, 2444 MHz, 77, 70.49 W, 96 %
2026/08/29 23:21:15.688, 2483 MHz, 70, 37.67 W, 95 %
2026/08/29 23:21:20.689, 2444 MHz, 75, 62.18 W, 96 %
2026/08/29 23:21:25.690, 2444 MHz, 76, 69.19 W, 96 %
2026/08/29 23:21:30.690, 2444 MHz, 75, 70.24 W, 96 %
2026/08/29 23:21:35.692, 2444 MHz, 75, 70.64 W, 96 %
2026/08/29 23:21:40.692, 2483 MHz, 71, 40.16 W, 94 %
2026/08/29 23:21:45.693, 2450 MHz, 74, 68.51 W, 96 %
2026/08/29 23:21:50.694, 2444 MHz, 75, 68.81 W, 96 %
2026/08/29 23:21:55.695, 2444 MHz, 76, 70.38 W, 96 %
2026/08/29 23:22:00.696, 2444 MHz, 77, 70.55 W, 95 %
2026/08/29 23:22:05.697, 2483 MHz, 71, 40.12 W, 95 %
2026/08/29 23:22:10.698, 2444 MHz, 76, 67.83 W, 96 %
2026/08/29 23:22:15.698, 2444 MHz, 76, 69.35 W, 96 %
2026/08/29 23:22:20.700, 2444 MHz, 75, 69.86 W, 96 %
2026/08/29 23:22:25.700, 2444 MHz, 75, 70.30 W, 96 %
2026/08/29 23:22:30.701, 2483 MHz, 71, 39.98 W, 95 %
2026/08/29 23:22:35.702, 2450 MHz, 74, 60.49 W, 96 %
2026/08/29 23:22:40.703, 2444 MHz, 76, 69.38 W, 96 %
2026/08/29 23:22:45.703, 2444 MHz, 76, 69.49 W, 96 %
2026/08/29 23:22:50.705, 2444 MHz, 77, 70.20 W, 96 %
2026/08/29 23:22:55.705, 2483 MHz, 71, 36.74 W, 95 %
2026/08/29 23:23:00.707, 2483 MHz, 75, 40.71 W, 95 %
2026/08/29 23:23:05.708, 2444 MHz, 75, 68.74 W, 96 %
2026/08/29 23:23:10.709, 2444 MHz, 77, 69.20 W, 96 %
2026/08/29 23:23:15.709, 2444 MHz, 76, 70.32 W, 96 %
2026/08/29 23:23:20.710, 2483 MHz, 72, 40.40 W, 94 %
2026/08/29 23:23:25.711, 2483 MHz, 71, 40.16 W, 94 %
2026/08/29 23:23:30.712, 2444 MHz, 75, 69.13 W, 96 %
2026/08/29 23:23:35.713, 2444 MHz, 76, 69.79 W, 96 %
2026/08/29 23:23:40.713, 2444 MHz, 77, 70.64 W, 95 %
2026/08/29 23:23:45.714, 2450 MHz, 73, 63.42 W, 96 %
2026/08/29 23:23:50.715, 2463 MHz, 72, 40.46 W, 95 %
2026/08/29 23:23:55.715, 2444 MHz, 78, 69.54 W, 95 %
2026/08/29 23:24:00.716, 2444 MHz, 78, 70.51 W, 96 %
2026/08/29 23:24:05.717, 2444 MHz, 78, 68.51 W, 96 %
2026/08/29 23:24:10.718, 2437 MHz, 81, 71.99 W, 96 %
2026/08/29 23:24:15.719, 2463 MHz, 75, 41.27 W, 95 %
2026/08/29 23:24:20.720, 2431 MHz, 81, 70.67 W, 96 %
2026/08/29 23:24:25.720, 2437 MHz, 80, 70.61 W, 96 %
2026/08/29 23:24:30.721, 2437 MHz, 79, 71.35 W, 96 %
2026/08/29 23:24:35.722, 2450 MHz, 77, 54.52 W, 96 %
2026/08/29 23:24:40.724, 2463 MHz, 73, 39.93 W, 94 %
2026/08/29 23:24:45.724, 2444 MHz, 77, 69.65 W, 96 %
2026/08/29 23:24:50.725, 2444 MHz, 78, 70.10 W, 96 %
2026/08/29 23:24:55.726, 2444 MHz, 78, 70.82 W, 96 %
2026/08/29 23:25:00.727, 2444 MHz, 78, 71.61 W, 96 %
2026/08/29 23:25:05.727, 2463 MHz, 73, 40.62 W, 94 %
2026/08/29 23:25:10.728, 2444 MHz, 77, 68.87 W, 96 %
2026/08/29 23:25:15.729, 2444 MHz, 77, 69.92 W, 96 %
2026/08/29 23:25:20.730, 2444 MHz, 78, 70.68 W, 96 %
2026/08/29 23:25:25.731, 2444 MHz, 77, 70.88 W, 96 %
2026/08/29 23:25:30.732, 2463 MHz, 73, 40.62 W, 94 %
2026/08/29 23:25:35.732, 2444 MHz, 76, 68.78 W, 96 %
2026/08/29 23:25:40.733, 2444 MHz, 75, 69.56 W, 96 %
2026/08/29 23:25:45.733, 2450 MHz, 76, 65.15 W, 96 %
2026/08/29 23:25:50.735, 2444 MHz, 78, 70.73 W, 96 %
2026/08/29 23:25:55.736, 2463 MHz, 73, 40.90 W, 95 %
2026/08/29 23:26:00.737, 2444 MHz, 76, 68.13 W, 96 %
2026/08/29 23:26:05.738, 2444 MHz, 77, 69.89 W, 96 %
2026/08/29 23:26:10.739, 2444 MHz, 78, 69.86 W, 95 %
2026/08/29 23:26:15.739, 2450 MHz, 78, 55.75 W, 96 %
2026/08/29 23:26:20.741, 2463 MHz, 73, 39.97 W, 95 %
2026/08/29 23:26:25.741, 2463 MHz, 71, 41.78 W, 94 %
2026/08/29 23:26:30.742, 2444 MHz, 77, 69.38 W, 96 %
2026/08/29 23:26:35.743, 2444 MHz, 77, 70.44 W, 96 %
2026/08/29 23:26:40.744, 2444 MHz, 77, 70.93 W, 96 %
2026/08/29 23:26:45.745, 2463 MHz, 73, 40.79 W, 95 %
2026/08/29 23:26:50.746, 2483 MHz, 72, 40.45 W, 94 %
2026/08/29 23:26:55.746, 2444 MHz, 76, 69.04 W, 96 %
2026/08/29 23:27:00.747, 2444 MHz, 77, 70.35 W, 96 %
2026/08/29 23:27:05.748, 2444 MHz, 78, 70.80 W, 96 %
2026/08/29 23:27:10.749, 2450 MHz, 73, 62.50 W, 95 %
2026/08/29 23:27:15.750, 2483 MHz, 71, 40.46 W, 94 %
2026/08/29 23:27:20.751, 2444 MHz, 76, 69.54 W, 96 %
2026/08/29 23:27:25.751, 2457 MHz, 75, 62.07 W, 96 %
2026/08/29 23:27:30.752, 2444 MHz, 77, 70.43 W, 96 %
2026/08/29 23:27:35.753, 2444 MHz, 78, 70.62 W, 96 %
2026/08/29 23:27:40.753, 2483 MHz, 72, 40.51 W, 95 %
2026/08/29 23:27:45.754, 2444 MHz, 76, 69.07 W, 96 %
2026/08/29 23:27:50.755, 2444 MHz, 78, 69.62 W, 96 %
2026/08/29 23:27:55.756, 2444 MHz, 76, 57.36 W, 96 %
2026/08/29 23:28:00.757, 2444 MHz, 78, 70.78 W, 96 %
2026/08/29 23:28:05.758, 2463 MHz, 72, 40.24 W, 95 %
2026/08/29 23:28:10.759, 2444 MHz, 75, 68.66 W, 96 %
2026/08/29 23:28:15.761, 2444 MHz, 77, 69.46 W, 96 %
2026/08/29 23:28:20.762, 2444 MHz, 77, 70.62 W, 96 %
2026/08/29 23:28:25.763, 2444 MHz, 78, 70.74 W, 95 %
2026/08/29 23:28:30.764, 2483 MHz, 72, 40.52 W, 94 %
2026/08/29 23:28:35.764, 2450 MHz, 74, 68.15 W, 96 %
2026/08/29 23:28:40.764, 2444 MHz, 77, 69.27 W, 96 %
2026/08/29 23:28:45.765, 2444 MHz, 77, 70.43 W, 96 %
2026/08/29 23:28:50.766, 2444 MHz, 77, 70.63 W, 95 %
2026/08/29 23:28:55.767, 2463 MHz, 72, 40.32 W, 94 %
2026/08/29 23:29:00.768, 2444 MHz, 76, 68.05 W, 96 %
2026/08/29 23:29:05.769, 2457 MHz, 74, 58.44 W, 96 %
2026/08/29 23:29:10.770, 2444 MHz, 76, 69.94 W, 96 %
2026/08/29 23:29:15.770, 2444 MHz, 78, 70.38 W, 96 %
2026/08/29 23:29:20.771, 2444 MHz, 78, 70.99 W, 96 %
2026/08/29 23:29:25.772, 2444 MHz, 79, 71.53 W, 96 %
2026/08/29 23:29:30.773, 2437 MHz, 80, 72.62 W, 96 %
2026/08/29 23:29:35.773, 2444 MHz, 81, 52.75 W, 96 %
2026/08/29 23:29:40.774, 2431 MHz, 80, 73.62 W, 96 %
2026/08/29 23:29:45.775, 2424 MHz, 81, 73.90 W, 96 %
2026/08/29 23:29:50.776, 2424 MHz, 82, 75.35 W, 96 %
2026/08/29 23:29:55.777, 2424 MHz, 83, 75.22 W, 96 %
2026/08/29 23:30:00.778, 2418 MHz, 82, 76.18 W, 96 %
2026/08/29 23:30:05.778, 2418 MHz, 83, 75.99 W, 96 %
2026/08/29 23:30:10.779, 2411 MHz, 82, 69.43 W, 96 %
2026/08/29 23:30:15.780, 2418 MHz, 83, 75.73 W, 96 %
2026/08/29 23:30:20.780, 2418 MHz, 82, 76.45 W, 96 %
2026/08/29 23:30:25.781, 2418 MHz, 83, 76.43 W, 96 %
2026/08/29 23:30:30.782, 2463 MHz, 76, 41.40 W, 94 %
2026/08/29 23:30:35.783, 2437 MHz, 80, 70.50 W, 96 %
2026/08/29 23:30:40.784, 2424 MHz, 82, 71.24 W, 96 %
2026/08/29 23:30:45.785, 2457 MHz, 79, 65.21 W, 96 %
2026/08/29 23:30:50.785, 2418 MHz, 83, 72.36 W, 96 %
2026/08/29 23:30:55.786, 2424 MHz, 83, 73.15 W, 96 %
2026/08/29 23:31:00.787, 2424 MHz, 83, 73.64 W, 96 %
2026/08/29 23:31:05.789, 2424 MHz, 82, 74.11 W, 96 %
2026/08/29 23:31:10.789, 2424 MHz, 84, 74.09 W, 96 %
2026/08/29 23:31:15.790, 2437 MHz, 80, 68.24 W, 96 %
2026/08/29 23:31:20.792, 2418 MHz, 82, 70.93 W, 96 %
2026/08/29 23:31:25.793, 2418 MHz, 83, 75.33 W, 96 %
2026/08/29 23:31:30.794, 2411 MHz, 83, 74.73 W, 96 %
2026/08/29 23:31:35.796, 2418 MHz, 85, 75.67 W, 96 %
2026/08/29 23:31:40.797, 2411 MHz, 84, 75.66 W, 96 %
2026/08/29 23:31:45.797, 2398 MHz, 84, 74.35 W, 96 %
2026/08/29 23:31:50.799, 2463 MHz, 76, 35.81 W, 96 %
2026/08/29 23:31:55.800, 2405 MHz, 83, 74.87 W, 96 %
2026/08/29 23:32:00.801, 2463 MHz, 78, 49.50 W, 95 %
2026/08/29 23:32:05.801, 2463 MHz, 77, 41.72 W, 94 %
2026/08/29 23:32:10.803, 2431 MHz, 82, 70.95 W, 96 %
2026/08/29 23:32:15.804, 2424 MHz, 83, 71.56 W, 96 %
2026/08/29 23:32:20.804, 2424 MHz, 82, 72.65 W, 96 %
2026/08/29 23:32:25.806, 2424 MHz, 82, 72.47 W, 96 %
2026/08/29 23:32:30.806, 2424 MHz, 83, 73.34 W, 96 %
2026/08/29 23:32:35.807, 2424 MHz, 82, 73.80 W, 96 %
2026/08/29 23:32:40.808, 2424 MHz, 83, 74.09 W, 96 %
2026/08/29 23:32:45.809, 2424 MHz, 84, 74.05 W, 96 %
2026/08/29 23:32:50.810, 2418 MHz, 83, 74.67 W, 96 %
2026/08/29 23:32:55.811, 2418 MHz, 83, 74.12 W, 96 %
2026/08/29 23:33:00.812, 2463 MHz, 77, 47.48 W, 96 %
2026/08/29 23:33:05.813, 2418 MHz, 83, 74.88 W, 96 %
2026/08/29 23:33:10.814, 2418 MHz, 85, 75.84 W, 96 %
2026/08/29 23:33:15.815, 2405 MHz, 84, 75.31 W, 95 %
2026/08/29 23:33:20.816, 2405 MHz, 85, 74.92 W, 96 %
2026/08/29 23:33:25.818, 2392 MHz, 82, 74.19 W, 96 %
2026/08/29 23:33:30.819, 2457 MHz, 77, 54.90 W, 96 %
2026/08/29 23:33:35.820, 2463 MHz, 77, 41.76 W, 95 %
2026/08/29 23:33:40.821, 2431 MHz, 81, 69.92 W, 96 %
2026/08/29 23:33:45.822, 2431 MHz, 82, 70.90 W, 96 %
2026/08/29 23:33:50.824, 2424 MHz, 83, 71.91 W, 96 %
2026/08/29 23:33:55.825, 2424 MHz, 83, 72.83 W, 96 %
2026/08/29 23:34:00.827, 2424 MHz, 82, 72.99 W, 96 %
2026/08/29 23:34:05.828, 2424 MHz, 83, 64.31 W, 95 %
2026/08/29 23:34:10.829, 2424 MHz, 83, 73.88 W, 96 %
2026/08/29 23:34:15.830, 2424 MHz, 82, 74.24 W, 96 %
2026/08/29 23:34:20.831, 2424 MHz, 82, 74.35 W, 96 %
2026/08/29 23:34:25.831, 2424 MHz, 84, 75.18 W, 96 %
2026/08/29 23:34:30.832, 2418 MHz, 83, 75.11 W, 96 %
2026/08/29 23:34:35.833, 2418 MHz, 84, 76.17 W, 96 %
2026/08/29 23:34:40.834, 2457 MHz, 77, 59.28 W, 96 %
2026/08/29 23:34:45.835, 2418 MHz, 83, 75.47 W, 96 %
2026/08/29 23:34:50.837, 2418 MHz, 82, 76.28 W, 96 %
2026/08/29 23:34:55.838, 2411 MHz, 83, 76.41 W, 95 %
2026/08/29 23:35:00.839, 2411 MHz, 83, 76.28 W, 96 %
2026/08/29 23:35:05.839, 2463 MHz, 79, 53.80 W, 95 %
2026/08/29 23:35:10.840, 2463 MHz, 77, 41.79 W, 94 %
2026/08/29 23:35:15.841, 2431 MHz, 82, 67.94 W, 96 %
2026/08/29 23:35:20.841, 2424 MHz, 82, 71.60 W, 96 %
2026/08/29 23:35:25.843, 2424 MHz, 82, 71.94 W, 96 %
2026/08/29 23:35:30.844, 2424 MHz, 83, 72.89 W, 96 %
2026/08/29 23:35:35.845, 2424 MHz, 83, 73.49 W, 96 %
2026/08/29 23:35:40.846, 2424 MHz, 83, 73.62 W, 96 %
2026/08/29 23:35:45.847, 2424 MHz, 83, 56.95 W, 96 %
2026/08/29 23:35:50.849, 2411 MHz, 83, 73.48 W, 96 %
2026/08/29 23:35:55.850, 2411 MHz, 84, 74.28 W, 96 %
2026/08/29 23:36:00.850, 2411 MHz, 84, 74.17 W, 96 %
2026/08/29 23:36:05.851, 2405 MHz, 84, 74.38 W, 96 %
2026/08/29 23:36:10.852, 2398 MHz, 85, 73.41 W, 96 %
2026/08/29 23:36:15.853, 2405 MHz, 84, 73.77 W, 96 %
2026/08/29 23:36:20.854, 2411 MHz, 79, 68.18 W, 96 %
2026/08/29 23:36:25.855, 2418 MHz, 84, 74.79 W, 96 %
2026/08/29 23:36:30.856, 2405 MHz, 84, 74.81 W, 96 %
2026/08/29 23:36:35.857, 2392 MHz, 83, 74.72 W, 96 %
2026/08/29 23:36:40.858, 2463 MHz, 78, 42.17 W, 95 %
2026/08/29 23:36:45.858, 2431 MHz, 82, 49.17 W, 0 %
2026/08/29 23:36:50.858, 2424 MHz, 82, 71.34 W, 96 %
2026/08/29 23:36:55.859, 2424 MHz, 81, 63.64 W, 96 %
2026/08/29 23:37:00.860, 2424 MHz, 83, 72.56 W, 96 %
2026/08/29 23:37:05.861, 2424 MHz, 83, 73.09 W, 96 %
2026/08/29 23:37:10.862, 2424 MHz, 84, 73.89 W, 96 %
2026/08/29 23:37:15.863, 2418 MHz, 84, 73.82 W, 96 %
2026/08/29 23:37:20.864, 2418 MHz, 85, 73.97 W, 96 %
2026/08/29 23:37:25.865, 2450 MHz, 78, 44.21 W, 96 %
2026/08/29 23:37:30.866, 2418 MHz, 84, 74.05 W, 96 %
2026/08/29 23:37:35.867, 2418 MHz, 83, 74.92 W, 96 %
2026/08/29 23:37:40.868, 2405 MHz, 83, 74.37 W, 96 %
2026/08/29 23:37:45.868, 2418 MHz, 83, 75.69 W, 96 %
2026/08/29 23:37:50.869, 2405 MHz, 84, 73.58 W, 96 %
2026/08/29 23:37:55.870, 2392 MHz, 83, 74.07 W, 96 %
2026/08/29 23:38:00.871, 2411 MHz, 84, 75.99 W, 96 %
2026/08/29 23:38:05.872, 2411 MHz, 84, 75.86 W, 96 %
2026/08/29 23:38:10.873, 2411 MHz, 83, 75.85 W, 96 %
2026/08/29 23:38:15.874, 2463 MHz, 78, 41.76 W, 94 %
2026/08/29 23:38:20.875, 2431 MHz, 82, 70.18 W, 96 %
2026/08/29 23:38:25.875, 2424 MHz, 81, 70.97 W, 96 %
2026/08/29 23:38:30.877, 2424 MHz, 83, 72.01 W, 96 %
2026/08/29 23:38:35.878, 2437 MHz, 79, 64.16 W, 96 %
2026/08/29 23:38:40.879, 2424 MHz, 83, 72.84 W, 96 %
2026/08/29 23:38:45.880, 2424 MHz, 82, 73.04 W, 96 %
2026/08/29 23:38:50.881, 2424 MHz, 81, 73.27 W, 96 %
2026/08/29 23:38:55.882, 2418 MHz, 83, 73.93 W, 96 %
2026/08/29 23:39:00.883, 2418 MHz, 84, 74.27 W, 96 %
2026/08/29 23:39:05.884, 2450 MHz, 79, 51.56 W, 95 %
2026/08/29 23:39:10.886, 2418 MHz, 83, 73.26 W, 95 %
2026/08/29 23:39:15.887, 2411 MHz, 84, 74.77 W, 96 %
2026/08/29 23:39:20.888, 2411 MHz, 84, 74.72 W, 96 %
2026/08/29 23:39:25.889, 2398 MHz, 83, 74.69 W, 96 %
2026/08/29 23:39:30.889, 2392 MHz, 85, 73.98 W, 96 %
2026/08/29 23:39:35.890, 2405 MHz, 84, 75.00 W, 96 %
2026/08/29 23:39:40.891, 2457 MHz, 83, 45.19 W, 96 %
2026/08/29 23:39:45.891, 2418 MHz, 83, 75.26 W, 96 %
2026/08/29 23:39:50.892, 2463 MHz, 77, 41.39 W, 94 %
2026/08/29 23:39:55.893, 2424 MHz, 82, 70.43 W, 96 %
2026/08/29 23:40:00.894, 2424 MHz, 82, 71.35 W, 96 %
2026/08/29 23:40:05.895, 2424 MHz, 83, 71.73 W, 96 %
2026/08/29 23:40:10.896, 2424 MHz, 83, 72.73 W, 96 %
2026/08/29 23:40:15.896, 2424 MHz, 82, 72.98 W, 96 %
2026/08/29 23:40:20.898, 2424 MHz, 83, 73.01 W, 96 %
2026/08/29 23:40:25.898, 2424 MHz, 83, 73.41 W, 96 %
2026/08/29 23:40:30.900, 2418 MHz, 83, 74.37 W, 96 %
2026/08/29 23:40:35.900, 2418 MHz, 84, 74.67 W, 96 %
2026/08/29 23:40:40.901, 2424 MHz, 83, 75.05 W, 96 %
2026/08/29 23:40:45.902, 2418 MHz, 84, 75.19 W, 96 %
2026/08/29 23:40:50.902, 2463 MHz, 83, 44.13 W, 96 %
2026/08/29 23:40:55.903, 2411 MHz, 81, 74.59 W, 96 %
2026/08/29 23:41:00.905, 2411 MHz, 85, 75.52 W, 96 %
2026/08/29 23:41:05.905, 2411 MHz, 84, 75.74 W, 96 %
2026/08/29 23:41:10.906, 2418 MHz, 83, 75.85 W, 96 %
2026/08/29 23:41:15.907, 2411 MHz, 83, 74.82 W, 96 %
2026/08/29 23:41:20.908, 2463 MHz, 77, 40.97 W, 94 %
2026/08/29 23:41:25.910, 2463 MHz, 77, 41.57 W, 95 %
2026/08/29 23:41:30.911, 2424 MHz, 81, 70.70 W, 96 %
2026/08/29 23:41:35.912, 2424 MHz, 82, 71.42 W, 96 %
2026/08/29 23:41:40.914, 2424 MHz, 83, 72.49 W, 96 %
2026/08/29 23:41:45.915, 2424 MHz, 82, 72.91 W, 96 %
2026/08/29 23:41:50.915, 2424 MHz, 84, 72.99 W, 96 %
2026/08/29 23:41:55.916, 2424 MHz, 82, 68.39 W, 96 %
2026/08/29 23:42:00.917, 2424 MHz, 84, 73.72 W, 96 %
2026/08/29 23:42:05.917, 2424 MHz, 83, 73.95 W, 96 %
2026/08/29 23:42:10.918, 2418 MHz, 82, 73.96 W, 96 %
2026/08/29 23:42:15.919, 2418 MHz, 83, 75.08 W, 96 %
2026/08/29 23:42:20.920, 2418 MHz, 84, 75.73 W, 96 %
2026/08/29 23:42:25.920, 2411 MHz, 84, 74.41 W, 96 %
2026/08/29 23:42:30.921, 2457 MHz, 77, 37.06 W, 96 %
2026/08/29 23:42:35.922, 2411 MHz, 82, 74.68 W, 96 %
2026/08/29 23:42:40.923, 2411 MHz, 84, 75.70 W, 96 %
2026/08/29 23:42:45.924, 2405 MHz, 84, 75.92 W, 96 %
2026/08/29 23:42:50.924, 2405 MHz, 84, 76.32 W, 96 %
2026/08/29 23:42:55.925, 2463 MHz, 78, 41.94 W, 95 %
2026/08/29 23:43:00.926, 2424 MHz, 82, 70.81 W, 96 %
2026/08/29 23:43:05.927, 2424 MHz, 81, 70.86 W, 96 %
2026/08/29 23:43:10.928, 2424 MHz, 81, 71.64 W, 96 %
2026/08/29 23:43:15.929, 2424 MHz, 81, 71.87 W, 96 %
2026/08/29 23:43:20.930, 2431 MHz, 81, 72.38 W, 96 %
2026/08/29 23:43:25.931, 2431 MHz, 80, 72.43 W, 96 %
2026/08/29 23:43:30.932, 2437 MHz, 81, 72.64 W, 96 %
2026/08/29 23:43:35.933, 2444 MHz, 80, 57.20 W, 96 %
2026/08/29 23:43:40.934, 2437 MHz, 80, 73.39 W, 96 %
2026/08/29 23:43:45.935, 2437 MHz, 81, 73.29 W, 96 %
2026/08/29 23:43:50.936, 2431 MHz, 81, 74.34 W, 96 %
2026/08/29 23:43:55.937, 2424 MHz, 81, 74.26 W, 96 %
2026/08/29 23:44:00.938, 2431 MHz, 81, 74.72 W, 96 %
2026/08/29 23:44:05.939, 2424 MHz, 79, 74.90 W, 96 %
2026/08/29 23:44:10.940, 2463 MHz, 75, 63.98 W, 96 %
2026/08/29 23:44:15.941, 2437 MHz, 79, 75.30 W, 96 %
2026/08/29 23:44:20.942, 2431 MHz, 79, 75.50 W, 96 %
2026/08/29 23:44:25.943, 2463 MHz, 74, 60.11 W, 96 %
2026/08/29 23:44:30.943, 2463 MHz, 73, 40.21 W, 95 %
2026/08/29 23:44:35.944, 2444 MHz, 78, 69.00 W, 96 %
2026/08/29 23:44:40.945, 2444 MHz, 77, 69.90 W, 95 %
2026/08/29 23:44:45.945, 2444 MHz, 79, 64.81 W, 96 %
2026/08/29 23:44:50.946, 2444 MHz, 78, 70.76 W, 96 %
2026/08/29 23:44:55.947, 2444 MHz, 78, 71.27 W, 96 %
2026/08/29 23:45:00.948, 2444 MHz, 78, 71.59 W, 96 %
2026/08/29 23:45:05.950, 2444 MHz, 80, 72.56 W, 96 %
2026/08/29 23:45:10.950, 2444 MHz, 79, 73.05 W, 96 %
2026/08/29 23:45:15.951, 2457 MHz, 75, 45.03 W, 96 %
2026/08/29 23:45:20.952, 2437 MHz, 79, 73.16 W, 96 %
2026/08/29 23:45:25.953, 2437 MHz, 78, 73.62 W, 96 %
2026/08/29 23:45:30.954, 2437 MHz, 79, 73.82 W, 96 %
2026/08/29 23:45:35.955, 2437 MHz, 79, 74.40 W, 96 %
2026/08/29 23:45:40.956, 2431 MHz, 81, 74.22 W, 95 %
2026/08/29 23:45:45.957, 2418 MHz, 80, 73.67 W, 96 %
2026/08/29 23:45:50.958, 2431 MHz, 78, 71.25 W, 96 %
2026/08/29 23:45:55.959, 2424 MHz, 80, 74.21 W, 96 %
2026/08/29 23:46:00.960, 2463 MHz, 73, 40.28 W, 95 %
2026/08/29 23:46:05.961, 2450 MHz, 76, 43.54 W, 94 %
2026/08/29 23:46:10.961, 2444 MHz, 77, 69.44 W, 96 %
2026/08/29 23:46:15.961, 2444 MHz, 75, 69.67 W, 96 %
2026/08/29 23:46:20.962, 2444 MHz, 77, 70.32 W, 96 %
2026/08/29 23:46:25.963, 2444 MHz, 79, 59.16 W, 96 %
2026/08/29 23:46:30.963, 2444 MHz, 78, 71.35 W, 96 %
2026/08/29 23:46:35.964, 2437 MHz, 80, 72.07 W, 96 %
2026/08/29 23:46:40.965, 2431 MHz, 80, 73.16 W, 95 %
2026/08/29 23:46:45.966, 2424 MHz, 81, 73.67 W, 96 %
2026/08/29 23:46:50.967, 2424 MHz, 83, 74.10 W, 96 %
2026/08/29 23:46:55.967, 2450 MHz, 77, 62.72 W, 96 %
2026/08/29 23:47:00.969, 2418 MHz, 82, 74.82 W, 96 %
2026/08/29 23:47:05.969, 2418 MHz, 83, 75.25 W, 95 %
2026/08/29 23:47:10.970, 2418 MHz, 82, 75.50 W, 96 %
2026/08/29 23:47:15.971, 2418 MHz, 82, 75.83 W, 96 %
2026/08/29 23:47:20.972, 2418 MHz, 84, 76.42 W, 96 %
2026/08/29 23:47:25.973, 2418 MHz, 83, 76.46 W, 96 %
2026/08/29 23:47:30.974, 2457 MHz, 76, 36.84 W, 96 %
2026/08/29 23:47:35.975, 2463 MHz, 77, 41.57 W, 95 %
2026/08/29 23:47:40.976, 2431 MHz, 80, 69.92 W, 96 %
2026/08/29 23:47:45.976, 2431 MHz, 80, 70.83 W, 96 %
2026/08/29 23:47:50.978, 2424 MHz, 81, 71.93 W, 96 %
2026/08/29 23:47:55.979, 2424 MHz, 81, 72.30 W, 96 %
2026/08/29 23:48:00.980, 2424 MHz, 83, 72.93 W, 96 %
2026/08/29 23:48:05.981, 2424 MHz, 83, 61.94 W, 96 %
2026/08/29 23:48:10.981, 2424 MHz, 82, 72.83 W, 96 %
2026/08/29 23:48:15.982, 2424 MHz, 83, 73.94 W, 96 %
2026/08/29 23:48:20.983, 2424 MHz, 82, 74.54 W, 96 %
2026/08/29 23:48:25.984, 2424 MHz, 83, 74.42 W, 96 %
2026/08/29 23:48:30.985, 2418 MHz, 84, 75.38 W, 96 %
2026/08/29 23:48:35.986, 2418 MHz, 84, 75.69 W, 95 %
2026/08/29 23:48:40.988, 2418 MHz, 83, 75.48 W, 96 %
2026/08/29 23:48:45.989, 2418 MHz, 82, 75.54 W, 96 %
2026/08/29 23:48:50.989, 2418 MHz, 84, 76.77 W, 96 %
2026/08/29 23:48:55.990, 2418 MHz, 84, 76.40 W, 96 %
2026/08/29 23:49:00.991, 2411 MHz, 83, 76.62 W, 96 %
2026/08/29 23:49:05.992, 2463 MHz, 78, 42.10 W, 94 %
2026/08/29 23:49:10.993, 2463 MHz, 76, 36.62 W, 95 %
2026/08/29 23:49:15.994, 2431 MHz, 81, 70.70 W, 96 %
2026/08/29 23:49:20.994, 2424 MHz, 83, 71.44 W, 96 %
2026/08/29 23:49:25.996, 2424 MHz, 83, 72.57 W, 96 %
2026/08/29 23:49:30.996, 2424 MHz, 83, 72.70 W, 96 %
2026/08/29 23:49:35.997, 2424 MHz, 84, 73.33 W, 96 %
2026/08/29 23:49:40.998, 2424 MHz, 84, 73.68 W, 96 %
2026/08/29 23:49:45.999, 2457 MHz, 78, 49.41 W, 96 %
2026/08/29 23:49:51.000, 2424 MHz, 83, 74.06 W, 96 %
2026/08/29 23:49:56.001, 2424 MHz, 84, 74.87 W, 96 %
2026/08/29 23:50:01.002, 2418 MHz, 83, 75.07 W, 96 %
2026/08/29 23:50:06.003, 2418 MHz, 85, 75.55 W, 96 %
2026/08/29 23:50:11.003, 2418 MHz, 83, 75.53 W, 96 %
2026/08/29 23:50:16.004, 2418 MHz, 84, 75.24 W, 96 %
2026/08/29 23:50:21.005, 2411 MHz, 84, 75.50 W, 96 %
2026/08/29 23:50:26.006, 2411 MHz, 82, 75.54 W, 96 %
2026/08/29 23:50:31.007, 2418 MHz, 84, 76.74 W, 96 %
2026/08/29 23:50:36.007, 2418 MHz, 85, 76.96 W, 96 %
2026/08/29 23:50:41.008, 2463 MHz, 78, 42.01 W, 95 %
2026/08/29 23:50:46.009, 2424 MHz, 82, 70.14 W, 96 %
2026/08/29 23:50:51.009, 2444 MHz, 82, 64.53 W, 96 %
2026/08/29 23:50:56.010, 2424 MHz, 81, 71.54 W, 96 %
2026/08/29 23:51:01.011, 2424 MHz, 82, 72.40 W, 96 %
2026/08/29 23:51:06.012, 2424 MHz, 84, 72.83 W, 96 %
2026/08/29 23:51:11.012, 2424 MHz, 81, 72.86 W, 96 %
2026/08/29 23:51:16.014, 2424 MHz, 84, 74.03 W, 96 %
2026/08/29 23:51:21.014, 2418 MHz, 85, 74.60 W, 96 %
2026/08/29 23:51:26.015, 2444 MHz, 83, 49.34 W, 96 %
2026/08/29 23:51:31.017, 2424 MHz, 85, 75.02 W, 95 %
2026/08/29 23:51:36.018, 2418 MHz, 84, 75.30 W, 96 %
2026/08/29 23:51:41.019, 2418 MHz, 83, 75.68 W, 96 %
2026/08/29 23:51:46.020, 2411 MHz, 84, 75.46 W, 96 %
2026/08/29 23:51:51.020, 2418 MHz, 85, 75.73 W, 96 %
2026/08/29 23:51:56.021, 2405 MHz, 85, 75.08 W, 96 %
2026/08/29 23:52:01.021, 2405 MHz, 84, 75.49 W, 95 %
2026/08/29 23:52:06.022, 2405 MHz, 84, 75.85 W, 96 %
2026/08/29 23:52:11.023, 2405 MHz, 85, 75.81 W, 96 %
2026/08/29 23:52:16.024, 2463 MHz, 78, 42.08 W, 94 %
2026/08/29 23:52:21.025, 2424 MHz, 82, 70.58 W, 96 %
2026/08/29 23:52:26.026, 2424 MHz, 83, 71.56 W, 96 %
2026/08/29 23:52:31.027, 2424 MHz, 82, 70.04 W, 96 %
2026/08/29 23:52:36.028, 2424 MHz, 82, 72.44 W, 96 %
2026/08/29 23:52:41.030, 2424 MHz, 80, 72.76 W, 96 %
2026/08/29 23:52:46.030, 2431 MHz, 82, 72.30 W, 96 %
2026/08/29 23:52:51.032, 2424 MHz, 82, 72.83 W, 96 %
2026/08/29 23:52:56.032, 2431 MHz, 80, 73.46 W, 96 %
2026/08/29 23:53:01.034, 2424 MHz, 81, 74.13 W, 96 %
2026/08/29 23:53:06.035, 2457 MHz, 74, 41.39 W, 96 %
2026/08/29 23:53:11.036, 2431 MHz, 81, 73.84 W, 96 %
2026/08/29 23:53:16.037, 2424 MHz, 80, 75.11 W, 96 %
2026/08/29 23:53:21.038, 2424 MHz, 81, 75.32 W, 96 %
2026/08/29 23:53:26.039, 2424 MHz, 81, 75.13 W, 96 %
2026/08/29 23:53:31.040, 2431 MHz, 80, 75.14 W, 96 %
2026/08/29 23:53:36.041, 2424 MHz, 81, 76.36 W, 96 %
2026/08/29 23:53:41.041, 2450 MHz, 81, 45.91 W, 96 %
2026/08/29 23:53:46.042, 2463 MHz, 74, 45.21 W, 94 %
2026/08/29 23:53:51.043, 2463 MHz, 73, 40.58 W, 95 %
2026/08/29 23:53:56.043, 2444 MHz, 79, 69.43 W, 96 %
2026/08/29 23:54:01.044, 2444 MHz, 78, 70.56 W, 96 %
2026/08/29 23:54:06.045, 2444 MHz, 79, 70.60 W, 96 %
2026/08/29 23:54:11.046, 2444 MHz, 80, 71.15 W, 96 %
2026/08/29 23:54:16.046, 2437 MHz, 78, 71.56 W, 96 %
2026/08/29 23:54:21.047, 2437 MHz, 79, 72.15 W, 96 %
2026/08/29 23:54:26.048, 2444 MHz, 80, 72.26 W, 96 %
2026/08/29 23:54:31.049, 2444 MHz, 79, 72.82 W, 96 %
2026/08/29 23:54:36.050, 2437 MHz, 80, 73.85 W, 96 %
2026/08/29 23:54:41.051, 2431 MHz, 79, 73.44 W, 96 %
2026/08/29 23:54:46.052, 2457 MHz, 75, 38.64 W, 96 %
2026/08/29 23:54:51.052, 2431 MHz, 80, 74.12 W, 96 %
2026/08/29 23:54:56.053, 2437 MHz, 80, 73.71 W, 96 %
2026/08/29 23:55:01.053, 2424 MHz, 79, 74.36 W, 96 %
2026/08/29 23:55:06.055, 2431 MHz, 80, 74.88 W, 96 %
2026/08/29 23:55:11.056, 2424 MHz, 79, 75.44 W, 96 %
2026/08/29 23:55:16.056, 2424 MHz, 80, 75.01 W, 96 %
2026/08/29 23:55:21.057, 2463 MHz, 73, 36.13 W, 95 %
2026/08/29 23:55:26.058, 2450 MHz, 77, 68.79 W, 96 %
2026/08/29 23:55:31.059, 2444 MHz, 78, 69.76 W, 96 %
2026/08/29 23:55:36.059, 2444 MHz, 79, 70.55 W, 96 %
2026/08/29 23:55:41.060, 2444 MHz, 79, 71.37 W, 95 %
2026/08/29 23:55:46.061, 2444 MHz, 79, 71.66 W, 95 %
2026/08/29 23:55:51.062, 2444 MHz, 78, 72.07 W, 96 %
2026/08/29 23:55:56.064, 2444 MHz, 78, 71.94 W, 96 %
2026/08/29 23:56:01.065, 2437 MHz, 80, 72.91 W, 96 %
2026/08/29 23:56:06.065, 2437 MHz, 79, 72.63 W, 96 %
2026/08/29 23:56:11.066, 2437 MHz, 79, 72.97 W, 96 %
2026/08/29 23:56:16.067, 2424 MHz, 80, 72.91 W, 96 %
2026/08/29 23:56:21.068, 2431 MHz, 80, 74.36 W, 96 %
2026/08/29 23:56:26.069, 2457 MHz, 73, 50.52 W, 96 %
2026/08/29 23:56:31.070, 2431 MHz, 79, 73.77 W, 96 %
2026/08/29 23:56:36.071, 2431 MHz, 80, 74.59 W, 96 %
2026/08/29 23:56:41.073, 2431 MHz, 80, 74.89 W, 96 %
2026/08/29 23:56:46.074, 2431 MHz, 79, 74.91 W, 96 %
2026/08/29 23:56:51.075, 2463 MHz, 74, 40.56 W, 94 %
2026/08/29 23:56:56.075, 2463 MHz, 73, 40.33 W, 94 %
2026/08/29 23:57:01.076, 2450 MHz, 74, 63.38 W, 96 %
2026/08/29 23:57:06.076, 2444 MHz, 79, 69.55 W, 96 %
2026/08/29 23:57:11.076, 2444 MHz, 79, 70.32 W, 96 %
2026/08/29 23:57:16.077, 2444 MHz, 77, 70.92 W, 96 %
2026/08/29 23:57:21.078, 2444 MHz, 79, 70.98 W, 96 %
2026/08/29 23:57:26.079, 2444 MHz, 79, 71.41 W, 96 %
2026/08/29 23:57:31.080, 2437 MHz, 79, 72.43 W, 95 %
2026/08/29 23:57:36.082, 2444 MHz, 78, 68.82 W, 96 %
2026/08/29 23:57:41.083, 2444 MHz, 79, 72.91 W, 96 %
2026/08/29 23:57:46.083, 2437 MHz, 78, 72.93 W, 96 %
2026/08/29 23:57:51.084, 2437 MHz, 79, 73.40 W, 95 %
2026/08/29 23:57:56.085, 2424 MHz, 79, 73.71 W, 96 %
2026/08/29 23:58:01.086, 2437 MHz, 79, 74.03 W, 96 %
2026/08/29 23:58:06.087, 2444 MHz, 73, 59.13 W, 95 %
2026/08/29 23:58:11.087, 2431 MHz, 79, 73.73 W, 96 %
2026/08/29 23:58:16.088, 2431 MHz, 79, 73.90 W, 96 %
2026/08/29 23:58:21.089, 2431 MHz, 79, 74.11 W, 96 %
2026/08/29 23:58:26.091, 2463 MHz, 73, 40.35 W, 95 %
2026/08/29 23:58:31.091, 2450 MHz, 76, 59.33 W, 96 %
2026/08/29 23:58:36.092, 2444 MHz, 77, 69.51 W, 96 %
2026/08/29 23:58:41.093, 2444 MHz, 77, 60.98 W, 96 %
2026/08/29 23:58:46.094, 2444 MHz, 77, 69.72 W, 96 %
2026/08/29 23:58:51.094, 2444 MHz, 77, 70.53 W, 96 %
2026/08/29 23:58:56.096, 2444 MHz, 79, 71.08 W, 96 %
2026/08/29 23:59:01.097, 2437 MHz, 79, 71.87 W, 96 %
2026/08/29 23:59:06.098, 2444 MHz, 78, 72.51 W, 96 %
2026/08/29 23:59:11.099, 2444 MHz, 79, 72.53 W, 96 %
2026/08/29 23:59:16.100, 2437 MHz, 78, 55.74 W, 96 %
2026/08/29 23:59:21.100, 2437 MHz, 78, 73.07 W, 96 %
2026/08/29 23:59:26.101, 2437 MHz, 78, 73.08 W, 96 %
2026/08/29 23:59:31.103, 2437 MHz, 79, 74.11 W, 96 %
2026/08/29 23:59:36.103, 2431 MHz, 78, 74.21 W, 96 %
2026/08/29 23:59:41.103, 2431 MHz, 80, 73.65 W, 96 %
2026/08/29 23:59:46.104, 2431 MHz, 78, 73.83 W, 96 %
2026/08/29 23:59:51.105, 2424 MHz, 77, 73.74 W, 96 %
2026/08/29 23:59:56.106, 2424 MHz, 79, 73.87 W, 96 %
2026/08/30 00:00:01.107, 2463 MHz, 72, 40.36 W, 95 %
2026/08/30 00:00:06.108, 2444 MHz, 76, 67.90 W, 96 %
2026/08/30 00:00:11.108, 2444 MHz, 77, 69.19 W, 96 %
2026/08/30 00:00:16.109, 2444 MHz, 76, 69.94 W, 96 %
2026/08/30 00:00:21.110, 2450 MHz, 75, 58.09 W, 96 %
2026/08/30 00:00:26.111, 2444 MHz, 77, 70.62 W, 96 %
2026/08/30 00:00:31.112, 2444 MHz, 77, 71.13 W, 96 %
2026/08/30 00:00:36.113, 2444 MHz, 77, 71.80 W, 96 %
2026/08/30 00:00:41.114, 2437 MHz, 78, 72.15 W, 96 %
2026/08/30 00:00:46.115, 2444 MHz, 78, 72.71 W, 96 %
2026/08/30 00:00:51.116, 2437 MHz, 77, 72.79 W, 96 %
2026/08/30 00:00:56.116, 2444 MHz, 76, 51.13 W, 96 %
2026/08/30 00:01:01.118, 2444 MHz, 78, 73.35 W, 96 %
2026/08/30 00:01:06.118, 2457 MHz, 77, 45.09 W, 96 %
2026/08/30 00:01:11.120, 2444 MHz, 78, 74.35 W, 95 %
2026/08/30 00:01:16.120, 2437 MHz, 75, 73.26 W, 96 %
2026/08/30 00:01:21.121, 2437 MHz, 79, 73.33 W, 96 %
2026/08/30 00:01:26.122, 2437 MHz, 75, 74.41 W, 96 %
2026/08/30 00:01:31.123, 2463 MHz, 72, 55.24 W, 95 %
2026/08/30 00:01:36.124, 2483 MHz, 71, 39.75 W, 94 %
2026/08/30 00:01:41.124, 2450 MHz, 73, 58.94 W, 96 %
2026/08/30 00:01:46.125, 2450 MHz, 75, 58.53 W, 96 %
2026/08/30 00:01:51.126, 2444 MHz, 77, 68.83 W, 96 %
2026/08/30 00:01:56.126, 2444 MHz, 76, 69.31 W, 96 %
2026/08/30 00:02:01.127, 2444 MHz, 78, 70.54 W, 96 %
2026/08/30 00:02:06.128, 2444 MHz, 77, 70.38 W, 95 %
2026/08/30 00:02:11.129, 2444 MHz, 78, 71.30 W, 96 %
2026/08/30 00:02:16.129, 2437 MHz, 78, 71.51 W, 96 %
2026/08/30 00:02:21.130, 2457 MHz, 74, 42.92 W, 96 %
2026/08/30 00:02:26.131, 2437 MHz, 77, 56.93 W, 96 %
2026/08/30 00:02:31.132, 2470 MHz, 70, 39.02 W, 96 %
2026/08/30 00:02:36.133, 2431 MHz, 76, 71.25 W, 96 %
2026/08/30 00:02:41.133, 2424 MHz, 76, 71.73 W, 96 %
2026/08/30 00:02:46.134, 2418 MHz, 77, 71.46 W, 96 %
2026/08/30 00:02:51.135, 2431 MHz, 79, 71.97 W, 96 %
2026/08/30 00:02:56.136, 2431 MHz, 78, 72.95 W, 96 %
2026/08/30 00:03:01.136, 2418 MHz, 77, 72.63 W, 96 %
2026/08/30 00:03:06.138, 2476 MHz, 70, 35.27 W, 96 %
2026/08/30 00:03:11.139, 2470 MHz, 74, 39.37 W, 96 %
2026/08/30 00:03:16.139, 2483 MHz, 71, 45.42 W, 95 %
2026/08/30 00:03:21.140, 2483 MHz, 70, 39.69 W, 94 %
2026/08/30 00:03:26.141, 2444 MHz, 75, 68.19 W, 96 %
2026/08/30 00:03:31.142, 2444 MHz, 75, 69.06 W, 96 %
2026/08/30 00:03:36.143, 2444 MHz, 77, 69.60 W, 96 %
2026/08/30 00:03:41.143, 2457 MHz, 74, 60.01 W, 96 %
2026/08/30 00:03:46.143, 2457 MHz, 73, 48.36 W, 96 %
2026/08/30 00:03:51.145, 2444 MHz, 78, 70.72 W, 96 %
2026/08/30 00:03:56.146, 2444 MHz, 79, 72.18 W, 96 %
2026/08/30 00:04:01.147, 2437 MHz, 79, 72.26 W, 96 %
2026/08/30 00:04:06.147, 2418 MHz, 80, 72.89 W, 95 %
2026/08/30 00:04:11.148, 2418 MHz, 82, 74.05 W, 96 %
2026/08/30 00:04:16.149, 2405 MHz, 82, 73.13 W, 96 %
2026/08/30 00:04:21.150, 2457 MHz, 76, 40.83 W, 96 %
2026/08/30 00:04:26.150, 2457 MHz, 74, 38.51 W, 96 %
2026/08/30 00:04:31.151, 2418 MHz, 81, 74.10 W, 96 %
2026/08/30 00:04:36.151, 2411 MHz, 80, 73.49 W, 96 %
2026/08/30 00:04:41.153, 2398 MHz, 81, 74.03 W, 96 %
2026/08/30 00:04:46.153, 2392 MHz, 82, 73.49 W, 96 %
2026/08/30 00:04:51.154, 2418 MHz, 82, 74.85 W, 96 %
2026/08/30 00:04:56.155, 2463 MHz, 75, 40.99 W, 95 %
2026/08/30 00:05:01.155, 2457 MHz, 78, 47.11 W, 96 %
2026/08/30 00:05:06.156, 2444 MHz, 80, 69.74 W, 95 %
2026/08/30 00:05:11.157, 2437 MHz, 80, 70.78 W, 96 %
2026/08/30 00:05:16.158, 2431 MHz, 80, 71.51 W, 96 %
2026/08/30 00:05:21.158, 2437 MHz, 81, 62.15 W, 96 %
2026/08/30 00:05:26.159, 2431 MHz, 81, 72.07 W, 96 %
2026/08/30 00:05:31.160, 2418 MHz, 82, 72.99 W, 95 %
2026/08/30 00:05:36.161, 2457 MHz, 75, 47.17 W, 96 %
2026/08/30 00:05:41.161, 2431 MHz, 80, 72.97 W, 96 %
2026/08/30 00:05:46.162, 2424 MHz, 81, 73.90 W, 96 %
2026/08/30 00:05:51.164, 2418 MHz, 81, 73.10 W, 96 %
2026/08/30 00:05:56.164, 2424 MHz, 81, 73.89 W, 96 %
2026/08/30 00:06:01.165, 2411 MHz, 82, 74.07 W, 96 %
2026/08/30 00:06:06.166, 2418 MHz, 84, 74.18 W, 96 %
2026/08/30 00:06:11.167, 2418 MHz, 78, 70.53 W, 96 %
2026/08/30 00:06:16.168, 2457 MHz, 74, 39.49 W, 96 %
2026/08/30 00:06:21.169, 2431 MHz, 80, 74.97 W, 96 %
2026/08/30 00:06:26.169, 2418 MHz, 81, 74.94 W, 96 %
2026/08/30 00:06:31.170, 2418 MHz, 83, 75.49 W, 96 %
2026/08/30 00:06:36.170, 2463 MHz, 76, 41.16 W, 95 %
2026/08/30 00:06:41.170, 2444 MHz, 80, 69.62 W, 96 %
2026/08/30 00:06:46.171, 2437 MHz, 80, 70.78 W, 96 %
2026/08/30 00:06:51.172, 2450 MHz, 79, 54.81 W, 96 %
2026/08/30 00:06:56.172, 2431 MHz, 81, 71.48 W, 95 %
2026/08/30 00:07:01.173, 2431 MHz, 80, 68.97 W, 96 %
2026/08/30 00:07:06.174, 2431 MHz, 81, 72.04 W, 96 %
2026/08/30 00:07:11.174, 2424 MHz, 81, 72.78 W, 96 %
2026/08/30 00:07:16.175, 2424 MHz, 82, 73.42 W, 96 %
2026/08/30 00:07:21.176, 2424 MHz, 81, 73.85 W, 96 %
2026/08/30 00:07:26.177, 2424 MHz, 81, 73.83 W, 96 %
2026/08/30 00:07:31.177, 2457 MHz, 75, 41.60 W, 96 %
2026/08/30 00:07:36.179, 2418 MHz, 82, 73.50 W, 96 %
2026/08/30 00:07:41.180, 2424 MHz, 80, 74.79 W, 96 %
2026/08/30 00:07:46.182, 2411 MHz, 82, 74.62 W, 96 %
2026/08/30 00:07:51.182, 2411 MHz, 82, 74.94 W, 96 %
2026/08/30 00:07:56.183, 2418 MHz, 81, 75.25 W, 96 %
2026/08/30 00:08:01.184, 2418 MHz, 83, 75.71 W, 96 %
2026/08/30 00:08:06.184, 2463 MHz, 76, 37.03 W, 96 %
2026/08/30 00:08:11.185, 2457 MHz, 74, 35.14 W, 96 %
2026/08/30 00:08:16.185, 2463 MHz, 75, 40.85 W, 94 %
2026/08/30 00:08:21.187, 2444 MHz, 78, 68.38 W, 96 %
2026/08/30 00:08:26.187, 2444 MHz, 79, 69.55 W, 96 %
2026/08/30 00:08:31.188, 2444 MHz, 79, 70.50 W, 96 %
2026/08/30 00:08:36.189, 2444 MHz, 79, 70.84 W, 95 %
2026/08/30 00:08:41.190, 2444 MHz, 79, 71.63 W, 96 %
2026/08/30 00:08:46.191, 2450 MHz, 74, 50.39 W, 96 %
2026/08/30 00:08:51.192, 2444 MHz, 77, 71.43 W, 96 %
2026/08/30 00:08:56.193, 2444 MHz, 79, 72.11 W, 96 %
2026/08/30 00:09:01.195, 2437 MHz, 78, 72.98 W, 96 %
2026/08/30 00:09:06.195, 2444 MHz, 79, 73.09 W, 96 %
2026/08/30 00:09:11.196, 2437 MHz, 80, 74.00 W, 96 %
2026/08/30 00:09:16.197, 2444 MHz, 78, 73.60 W, 96 %
2026/08/30 00:09:21.198, 2463 MHz, 74, 46.81 W, 96 %
2026/08/30 00:09:26.199, 2476 MHz, 70, 35.57 W, 96 %
2026/08/30 00:09:31.200, 2437 MHz, 76, 73.96 W, 96 %
2026/08/30 00:09:36.200, 2437 MHz, 77, 74.62 W, 96 %
2026/08/30 00:09:41.201, 2437 MHz, 78, 74.51 W, 96 %
2026/08/30 00:09:46.202, 2470 MHz, 77, 38.61 W, 96 %
2026/08/30 00:09:51.203, 2457 MHz, 73, 63.22 W, 96 %
2026/08/30 00:09:56.203, 2483 MHz, 71, 39.94 W, 94 %
2026/08/30 00:10:01.204, 2450 MHz, 73, 56.07 W, 96 %
2026/08/30 00:10:06.204, 2444 MHz, 75, 69.21 W, 96 %
2026/08/30 00:10:11.205, 2444 MHz, 77, 69.41 W, 96 %
2026/08/30 00:10:16.206, 2444 MHz, 76, 70.27 W, 96 %
2026/08/30 00:10:21.207, 2444 MHz, 77, 70.75 W, 96 %
2026/08/30 00:10:26.207, 2444 MHz, 78, 71.17 W, 96 %
2026/08/30 00:10:31.208, 2437 MHz, 77, 72.01 W, 96 %
2026/08/30 00:10:36.209, 2457 MHz, 72, 56.50 W, 96 %
2026/08/30 00:10:41.209, 2470 MHz, 71, 41.26 W, 96 %
2026/08/30 00:10:46.211, 2437 MHz, 76, 72.30 W, 96 %
2026/08/30 00:10:51.212, 2431 MHz, 76, 72.01 W, 96 %
2026/08/30 00:10:56.213, 2444 MHz, 75, 60.21 W, 96 %
2026/08/30 00:11:01.214, 2437 MHz, 77, 72.50 W, 96 %
2026/08/30 00:11:06.214, 2431 MHz, 78, 72.21 W, 96 %
2026/08/30 00:11:11.215, 2431 MHz, 77, 71.97 W, 96 %
2026/08/30 00:11:16.216, 2470 MHz, 71, 40.13 W, 96 %
2026/08/30 00:11:21.217, 2444 MHz, 76, 52.90 W, 96 %
2026/08/30 00:11:26.218, 2437 MHz, 77, 73.71 W, 96 %
2026/08/30 00:11:31.219, 2476 MHz, 72, 38.97 W, 96 %
2026/08/30 00:11:36.220, 2470 MHz, 69, 42.82 W, 96 %
2026/08/30 00:11:41.221, 2483 MHz, 69, 38.92 W, 95 %
2026/08/30 00:11:46.222, 2450 MHz, 71, 66.76 W, 95 %
2026/08/30 00:11:51.222, 2444 MHz, 75, 68.29 W, 96 %
2026/08/30 00:11:56.223, 2457 MHz, 73, 55.17 W, 96 %
2026/08/30 00:12:01.224, 2444 MHz, 76, 70.27 W, 96 %
2026/08/30 00:12:06.225, 2444 MHz, 77, 70.42 W, 96 %
2026/08/30 00:12:11.226, 2444 MHz, 78, 71.32 W, 96 %
2026/08/30 00:12:16.227, 2444 MHz, 77, 71.10 W, 96 %
2026/08/30 00:12:21.228, 2444 MHz, 79, 71.54 W, 96 %
2026/08/30 00:12:26.228, 2437 MHz, 79, 72.52 W, 96 %
2026/08/30 00:12:31.229, 2457 MHz, 76, 43.15 W, 96 %
2026/08/30 00:12:36.230, 2437 MHz, 79, 71.90 W, 96 %
2026/08/30 00:12:41.231, 2437 MHz, 78, 73.11 W, 96 %
2026/08/30 00:12:46.232, 2424 MHz, 79, 73.54 W, 96 %
2026/08/30 00:12:51.232, 2463 MHz, 71, 35.18 W, 96 %
2026/08/30 00:12:56.233, 2424 MHz, 79, 73.65 W, 96 %
2026/08/30 00:13:01.234, 2437 MHz, 79, 73.92 W, 96 %
2026/08/30 00:13:06.234, 2424 MHz, 80, 74.14 W, 95 %
2026/08/30 00:13:11.235, 2457 MHz, 72, 39.09 W, 96 %
2026/08/30 00:13:16.235, 2411 MHz, 80, 73.18 W, 96 %
2026/08/30 00:13:21.236, 2405 MHz, 78, 73.56 W, 96 %
2026/08/30 00:13:26.237, 2463 MHz, 72, 34.31 W, 95 %
2026/08/30 00:13:31.238, 2457 MHz, 77, 47.06 W, 0 %
2026/08/30 00:13:36.238, 2444 MHz, 77, 69.22 W, 96 %
2026/08/30 00:13:41.239, 2444 MHz, 79, 70.56 W, 96 %
2026/08/30 00:13:46.240, 2444 MHz, 79, 70.96 W, 96 %
2026/08/30 00:13:51.240, 2450 MHz, 78, 55.48 W, 96 %
2026/08/30 00:13:56.241, 2437 MHz, 79, 71.64 W, 96 %
2026/08/30 00:14:01.242, 2457 MHz, 76, 47.69 W, 96 %
2026/08/30 00:14:06.243, 2437 MHz, 77, 72.12 W, 96 %
2026/08/30 00:14:11.243, 2431 MHz, 80, 73.23 W, 96 %
2026/08/30 00:14:16.244, 2424 MHz, 81, 73.67 W, 96 %
2026/08/30 00:14:21.245, 2418 MHz, 83, 73.87 W, 95 %
2026/08/30 00:14:26.246, 2457 MHz, 76, 41.63 W, 96 %
2026/08/30 00:14:31.247, 2431 MHz, 80, 73.98 W, 96 %
2026/08/30 00:14:36.247, 2463 MHz, 74, 38.72 W, 96 %
2026/08/30 00:14:41.248, 2424 MHz, 79, 72.87 W, 96 %
2026/08/30 00:14:46.249, 2411 MHz, 78, 72.99 W, 96 %
2026/08/30 00:14:51.250, 2398 MHz, 80, 73.95 W, 96 %
2026/08/30 00:14:56.251, 2411 MHz, 82, 74.19 W, 96 %
2026/08/30 00:15:01.252, 2405 MHz, 83, 74.94 W, 96 %
2026/08/30 00:15:06.253, 2457 MHz, 74, 36.10 W, 96 %
2026/08/30 00:15:11.254, 2463 MHz, 74, 46.10 W, 94 %
2026/08/30 00:15:16.255, 2463 MHz, 73, 40.40 W, 94 %
2026/08/30 00:15:21.255, 2444 MHz, 78, 69.33 W, 96 %
2026/08/30 00:15:26.257, 2444 MHz, 79, 70.16 W, 96 %
2026/08/30 00:15:31.258, 2437 MHz, 81, 71.54 W, 96 %
2026/08/30 00:15:36.259, 2431 MHz, 81, 71.85 W, 96 %
2026/08/30 00:15:41.260, 2431 MHz, 81, 72.31 W, 96 %
2026/08/30 00:15:46.260, 2457 MHz, 76, 51.75 W, 96 %
2026/08/30 00:15:51.262, 2437 MHz, 79, 69.60 W, 96 %
2026/08/30 00:15:56.262, 2431 MHz, 82, 72.97 W, 96 %
2026/08/30 00:16:01.263, 2418 MHz, 82, 73.73 W, 96 %
2026/08/30 00:16:06.264, 2424 MHz, 81, 73.92 W, 96 %
2026/08/30 00:16:11.265, 2418 MHz, 81, 73.75 W, 96 %
2026/08/30 00:16:16.266, 2418 MHz, 83, 74.95 W, 96 %
2026/08/30 00:16:21.266, 2457 MHz, 77, 42.40 W, 96 %
2026/08/30 00:16:26.267, 2463 MHz, 73, 36.98 W, 96 %
2026/08/30 00:16:31.267, 2418 MHz, 80, 74.05 W, 96 %
2026/08/30 00:16:36.268, 2424 MHz, 82, 74.48 W, 96 %
2026/08/30 00:16:41.270, 2418 MHz, 82, 75.13 W, 96 %
2026/08/30 00:16:46.271, 2411 MHz, 84, 75.61 W, 96 %
2026/08/30 00:16:51.271, 2463 MHz, 77, 63.83 W, 96 %
2026/08/30 00:16:56.272, 2463 MHz, 76, 41.41 W, 95 %
2026/08/30 00:17:01.273, 2457 MHz, 78, 55.70 W, 96 %
2026/08/30 00:17:06.274, 2444 MHz, 80, 70.86 W, 96 %
2026/08/30 00:17:11.275, 2424 MHz, 81, 71.56 W, 96 %
2026/08/30 00:17:16.276, 2431 MHz, 81, 71.46 W, 95 %
2026/08/30 00:17:21.277, 2437 MHz, 80, 71.82 W, 96 %
2026/08/30 00:17:26.277, 2437 MHz, 79, 72.49 W, 95 %
2026/08/30 00:17:31.278, 2431 MHz, 81, 72.77 W, 96 %
2026/08/30 00:17:36.279, 2457 MHz, 74, 43.68 W, 95 %
2026/08/30 00:17:41.280, 2444 MHz, 78, 72.50 W, 96 %
2026/08/30 00:17:46.281, 2437 MHz, 79, 73.51 W, 96 %
2026/08/30 00:17:51.282, 2437 MHz, 80, 73.53 W, 96 %
2026/08/30 00:17:56.284, 2437 MHz, 80, 74.27 W, 96 %
2026/08/30 00:18:01.285, 2431 MHz, 79, 74.46 W, 96 %
2026/08/30 00:18:06.285, 2437 MHz, 79, 75.03 W, 96 %
2026/08/30 00:18:11.287, 2463 MHz, 73, 35.94 W, 96 %
2026/08/30 00:18:16.287, 2470 MHz, 77, 37.60 W, 96 %
2026/08/30 00:18:21.288, 2431 MHz, 79, 74.43 W, 96 %
2026/08/30 00:18:26.289, 2431 MHz, 79, 74.44 W, 96 %
2026/08/30 00:18:31.289, 2463 MHz, 73, 41.83 W, 94 %
2026/08/30 00:18:36.290, 2463 MHz, 72, 40.23 W, 94 %
2026/08/30 00:18:41.291, 2444 MHz, 77, 69.45 W, 96 %
2026/08/30 00:18:46.292, 2444 MHz, 77, 69.62 W, 96 %
2026/08/30 00:18:51.293, 2450 MHz, 75, 53.43 W, 96 %
2026/08/30 00:18:56.294, 2444 MHz, 77, 70.63 W, 96 %
2026/08/30 00:19:01.295, 2444 MHz, 78, 70.98 W, 96 %
2026/08/30 00:19:06.296, 2444 MHz, 79, 71.87 W, 96 %
2026/08/30 00:19:11.297, 2444 MHz, 79, 72.15 W, 96 %
2026/08/30 00:19:16.297, 2444 MHz, 79, 72.79 W, 95 %
2026/08/30 00:19:21.298, 2437 MHz, 80, 72.77 W, 96 %
2026/08/30 00:19:26.299, 2463 MHz, 72, 37.38 W, 96 %
2026/08/30 00:19:31.300, 2437 MHz, 76, 60.58 W, 96 %
2026/08/30 00:19:36.301, 2437 MHz, 78, 72.78 W, 96 %
2026/08/30 00:19:41.301, 2437 MHz, 78, 73.56 W, 96 %
2026/08/30 00:19:46.303, 2431 MHz, 77, 73.68 W, 95 %
2026/08/30 00:19:51.303, 2424 MHz, 80, 73.67 W, 96 %
2026/08/30 00:19:56.304, 2431 MHz, 78, 74.16 W, 96 %
2026/08/30 00:20:01.305, 2463 MHz, 72, 37.51 W, 96 %
2026/08/30 00:20:06.306, 2476 MHz, 70, 32.86 W, 96 %
2026/08/30 00:20:11.307, 2418 MHz, 76, 72.85 W, 96 %
2026/08/30 00:20:16.307, 2483 MHz, 71, 39.72 W, 94 %
2026/08/30 00:20:21.308, 2483 MHz, 70, 39.51 W, 95 %
2026/08/30 00:20:26.308, 2444 MHz, 76, 68.79 W, 96 %
2026/08/30 00:20:31.309, 2444 MHz, 77, 69.65 W, 96 %
2026/08/30 00:20:36.310, 2444 MHz, 76, 69.86 W, 96 %
2026/08/30 00:20:41.311, 2444 MHz, 76, 70.33 W, 96 %
2026/08/30 00:20:46.312, 2457 MHz, 75, 51.01 W, 96 %
2026/08/30 00:20:51.313, 2444 MHz, 79, 71.76 W, 96 %
2026/08/30 00:20:56.314, 2437 MHz, 79, 72.05 W, 96 %
2026/08/30 00:21:01.314, 2431 MHz, 81, 72.94 W, 96 %
2026/08/30 00:21:06.316, 2424 MHz, 81, 74.03 W, 96 %
2026/08/30 00:21:11.316, 2418 MHz, 83, 74.42 W, 96 %
2026/08/30 00:21:16.317, 2463 MHz, 77, 40.04 W, 96 %
2026/08/30 00:21:21.318, 2457 MHz, 75, 37.17 W, 96 %
2026/08/30 00:21:26.320, 2431 MHz, 80, 73.82 W, 96 %
2026/08/30 00:21:31.321, 2424 MHz, 81, 74.60 W, 96 %
2026/08/30 00:21:36.322, 2424 MHz, 80, 74.47 W, 96 %
2026/08/30 00:21:41.324, 2418 MHz, 82, 75.26 W, 96 %
2026/08/30 00:21:46.324, 2411 MHz, 82, 75.96 W, 96 %
2026/08/30 00:21:51.325, 2463 MHz, 75, 35.38 W, 96 %
2026/08/30 00:21:56.326, 2411 MHz, 80, 74.80 W, 96 %
2026/08/30 00:22:01.326, 2457 MHz, 76, 34.23 W, 96 %
2026/08/30 00:22:06.326, 2463 MHz, 73, 40.46 W, 95 %
2026/08/30 00:22:11.327, 2463 MHz, 73, 40.40 W, 94 %
2026/08/30 00:22:16.328, 2444 MHz, 78, 69.20 W, 96 %
2026/08/30 00:22:21.329, 2444 MHz, 78, 70.10 W, 96 %
2026/08/30 00:22:26.330, 2444 MHz, 79, 71.02 W, 96 %
2026/08/30 00:22:31.331, 2437 MHz, 80, 71.16 W, 96 %
2026/08/30 00:22:36.332, 2437 MHz, 81, 71.68 W, 96 %
2026/08/30 00:22:41.333, 2444 MHz, 79, 58.03 W, 96 %
2026/08/30 00:22:46.334, 2437 MHz, 80, 72.81 W, 96 %
2026/08/30 00:22:51.335, 2437 MHz, 79, 72.65 W, 96 %
2026/08/30 00:22:56.335, 2437 MHz, 80, 73.06 W, 96 %
2026/08/30 00:23:01.336, 2431 MHz, 79, 73.96 W, 96 %
2026/08/30 00:23:06.337, 2463 MHz, 73, 39.29 W, 96 %
2026/08/30 00:23:11.338, 2418 MHz, 78, 72.02 W, 95 %
2026/08/30 00:23:16.339, 2457 MHz, 71, 38.56 W, 96 %
2026/08/30 00:23:21.340, 2424 MHz, 77, 71.57 W, 96 %
2026/08/30 00:23:26.340, 2418 MHz, 79, 71.82 W, 96 %
2026/08/30 00:23:31.341, 2431 MHz, 79, 72.61 W, 96 %
2026/08/30 00:23:36.342, 2418 MHz, 78, 72.93 W, 96 %
2026/08/30 00:23:41.343, 2463 MHz, 72, 34.74 W, 96 %
2026/08/30 00:23:46.344, 2424 MHz, 77, 73.41 W, 96 %
2026/08/30 00:23:51.344, 2431 MHz, 79, 73.57 W, 96 %
2026/08/30 00:23:56.345, 2483 MHz, 69, 35.42 W, 96 %
2026/08/30 00:24:01.345, 2418 MHz, 75, 72.29 W, 96 %
2026/08/30 00:24:06.346, 2411 MHz, 77, 72.74 W, 96 %
2026/08/30 00:24:11.347, 2398 MHz, 77, 73.16 W, 96 %
2026/08/30 00:24:16.348, 2418 MHz, 77, 73.42 W, 96 %
2026/08/30 00:24:21.350, 2483 MHz, 70, 31.53 W, 96 %
2026/08/30 00:24:26.351, 2411 MHz, 76, 73.17 W, 96 %
2026/08/30 00:24:31.351, 2392 MHz, 77, 73.07 W, 96 %
2026/08/30 00:24:36.352, 2476 MHz, 69, 30.94 W, 96 %
2026/08/30 00:24:41.353, 2405 MHz, 75, 72.73 W, 96 %
2026/08/30 00:24:46.354, 2424 MHz, 76, 73.15 W, 96 %
2026/08/30 00:24:51.355, 2379 MHz, 76, 72.14 W, 96 %
2026/08/30 00:24:56.356, 2476 MHz, 71, 31.51 W, 96 %
2026/08/30 00:25:01.356, 2483 MHz, 69, 29.41 W, 96 %
2026/08/30 00:25:06.357, 2405 MHz, 78, 72.67 W, 96 %
2026/08/30 00:25:11.358, 2366 MHz, 78, 72.49 W, 96 %
2026/08/30 00:25:16.359, 2476 MHz, 71, 30.40 W, 96 %
2026/08/30 00:25:21.360, 2424 MHz, 80, 51.98 W, 96 %
2026/08/30 00:25:26.361, 2385 MHz, 80, 73.26 W, 96 %
2026/08/30 00:25:31.361, 2398 MHz, 81, 74.03 W, 96 %
2026/08/30 00:25:36.362, 2463 MHz, 73, 35.00 W, 96 %
2026/08/30 00:25:41.363, 2463 MHz, 78, 35.12 W, 96 %
2026/08/30 00:25:46.364, 2359 MHz, 80, 73.81 W, 96 %
2026/08/30 00:25:51.365, 2359 MHz, 82, 74.34 W, 96 %
2026/08/30 00:25:56.366, 2457 MHz, 73, 31.73 W, 96 %
2026/08/30 00:26:01.367, 2457 MHz, 78, 30.03 W, 96 %
2026/08/30 00:26:06.368, 2385 MHz, 80, 74.10 W, 96 %
2026/08/30 00:26:11.369, 2359 MHz, 81, 74.51 W, 96 %
2026/08/30 00:26:16.369, 2463 MHz, 73, 31.43 W, 96 %
2026/08/30 00:26:21.371, 2444 MHz, 78, 44.04 W, 96 %
2026/08/30 00:26:26.372, 2463 MHz, 73, 40.85 W, 94 %
2026/08/30 00:26:31.372, 2444 MHz, 79, 69.22 W, 96 %
2026/08/30 00:26:36.373, 2450 MHz, 74, 54.94 W, 96 %
2026/08/30 00:26:41.374, 2444 MHz, 79, 70.46 W, 96 %
2026/08/30 00:26:46.376, 2437 MHz, 79, 71.16 W, 96 %
2026/08/30 00:26:51.377, 2431 MHz, 81, 71.99 W, 96 %
2026/08/30 00:26:56.378, 2457 MHz, 76, 49.82 W, 96 %
2026/08/30 00:27:01.379, 2424 MHz, 81, 72.92 W, 96 %
2026/08/30 00:27:06.381, 2431 MHz, 81, 73.29 W, 96 %
2026/08/30 00:27:11.381, 2450 MHz, 78, 62.05 W, 96 %
2026/08/30 00:27:16.382, 2457 MHz, 77, 41.51 W, 96 %
2026/08/30 00:27:21.383, 2424 MHz, 81, 73.98 W, 96 %
2026/08/30 00:27:26.383, 2424 MHz, 82, 75.09 W, 96 %
2026/08/30 00:27:31.384, 2457 MHz, 74, 39.08 W, 96 %
2026/08/30 00:27:36.385, 2431 MHz, 81, 74.88 W, 96 %
2026/08/30 00:27:41.386, 2418 MHz, 80, 75.38 W, 96 %
2026/08/30 00:27:46.387, 2418 MHz, 82, 75.37 W, 96 %
2026/08/30 00:27:51.388, 2457 MHz, 76, 39.73 W, 96 %
2026/08/30 00:27:56.388, 2450 MHz, 79, 44.55 W, 96 %
2026/08/30 00:28:01.389, 2424 MHz, 81, 75.12 W, 96 %
2026/08/30 00:28:06.391, 2463 MHz, 74, 48.67 W, 96 %
2026/08/30 00:28:11.392, 2450 MHz, 81, 44.72 W, 96 %
2026/08/30 00:28:16.392, 2418 MHz, 80, 75.02 W, 96 %
2026/08/30 00:28:21.393, 2405 MHz, 83, 75.67 W, 96 %
2026/08/30 00:28:26.394, 2405 MHz, 81, 75.85 W, 96 %
2026/08/30 00:28:31.395, 2463 MHz, 74, 33.72 W, 96 %
2026/08/30 00:28:36.396, 2457 MHz, 78, 43.73 W, 96 %
2026/08/30 00:28:41.397, 2411 MHz, 79, 75.20 W, 96 %
2026/08/30 00:28:46.398, 2463 MHz, 73, 31.80 W, 96 %
2026/08/30 00:28:51.399, 2418 MHz, 79, 76.04 W, 96 %
2026/08/30 00:28:56.400, 2398 MHz, 79, 75.39 W, 96 %
2026/08/30 00:29:01.401, 2411 MHz, 81, 77.27 W, 96 %
2026/08/30 00:29:06.401, 2392 MHz, 81, 77.11 W, 96 %
2026/08/30 00:29:11.402, 2463 MHz, 72, 30.88 W, 96 %
2026/08/30 00:29:16.403, 2476 MHz, 70, 30.85 W, 96 %
2026/08/30 00:29:21.404, 2411 MHz, 80, 75.78 W, 96 %
2026/08/30 00:29:26.405, 2483 MHz, 69, 30.19 W, 96 %
2026/08/30 00:29:31.406, 2418 MHz, 77, 76.02 W, 96 %
2026/08/30 00:29:36.406, 2418 MHz, 78, 76.36 W, 96 %
2026/08/30 00:29:41.407, 2411 MHz, 80, 76.32 W, 96 %
2026/08/30 00:29:46.408, 2405 MHz, 76, 76.07 W, 96 %
2026/08/30 00:29:51.409, 2476 MHz, 71, 30.34 W, 96 %
2026/08/30 00:29:56.410, 2476 MHz, 68, 31.93 W, 96 %
2026/08/30 00:30:01.411, 2476 MHz, 68, 53.71 W, 96 %
2026/08/30 00:30:06.412, 2483 MHz, 66, 28.89 W, 96 %
2026/08/30 00:30:11.413, 2411 MHz, 74, 75.42 W, 96 %
2026/08/30 00:30:16.414, 2411 MHz, 75, 75.62 W, 96 %
2026/08/30 00:30:21.416, 2405 MHz, 77, 75.85 W, 96 %
2026/08/30 00:30:26.417, 2398 MHz, 77, 76.31 W, 96 %
2026/08/30 00:30:31.417, 2483 MHz, 70, 38.25 W, 95 %
2026/08/30 00:30:36.418, 2483 MHz, 70, 39.93 W, 95 %
2026/08/30 00:30:41.419, 2457 MHz, 73, 56.24 W, 96 %
2026/08/30 00:30:46.419, 2444 MHz, 75, 68.86 W, 95 %
2026/08/30 00:30:51.420, 2444 MHz, 76, 69.90 W, 96 %
2026/08/30 00:30:56.421, 2444 MHz, 76, 70.49 W, 96 %
2026/08/30 00:31:01.422, 2444 MHz, 76, 70.84 W, 96 %
2026/08/30 00:31:06.423, 2444 MHz, 77, 71.37 W, 96 %
2026/08/30 00:31:11.424, 2463 MHz, 72, 44.06 W, 96 %
2026/08/30 00:31:16.425, 2470 MHz, 72, 43.20 W, 96 %
2026/08/30 00:31:21.426, 2444 MHz, 76, 71.55 W, 96 %
2026/08/30 00:31:26.426, 2444 MHz, 75, 72.86 W, 96 %
2026/08/30 00:31:31.427, 2444 MHz, 77, 72.93 W, 96 %
2026/08/30 00:31:36.428, 2444 MHz, 77, 73.99 W, 95 %
2026/08/30 00:31:41.429, 2437 MHz, 78, 74.01 W, 96 %
2026/08/30 00:31:46.430, 2470 MHz, 71, 35.67 W, 96 %
2026/08/30 00:31:51.430, 2483 MHz, 73, 35.17 W, 96 %
2026/08/30 00:31:56.431, 2444 MHz, 74, 58.33 W, 96 %
2026/08/30 00:32:01.432, 2437 MHz, 74, 74.19 W, 96 %
2026/08/30 00:32:06.433, 2437 MHz, 75, 74.02 W, 96 %
2026/08/30 00:32:11.434, 2437 MHz, 77, 74.88 W, 96 %
2026/08/30 00:32:16.435, 2437 MHz, 77, 75.12 W, 96 %
2026/08/30 00:32:21.436, 2437 MHz, 76, 75.12 W, 96 %
2026/08/30 00:32:26.437, 2476 MHz, 72, 32.59 W, 96 %
2026/08/30 00:32:31.438, 2483 MHz, 67, 30.22 W, 96 %
2026/08/30 00:32:36.439, 2431 MHz, 75, 74.87 W, 96 %
2026/08/30 00:32:41.440, 2424 MHz, 76, 74.61 W, 96 %
2026/08/30 00:32:46.441, 2424 MHz, 76, 74.86 W, 96 %
2026/08/30 00:32:51.441, 2424 MHz, 76, 75.34 W, 96 %
2026/08/30 00:32:56.442, 2424 MHz, 77, 76.08 W, 96 %
2026/08/30 00:33:01.443, 2418 MHz, 76, 75.55 W, 96 %
2026/08/30 00:33:06.444, 2476 MHz, 68, 30.86 W, 96 %
2026/08/30 00:33:11.445, 2457 MHz, 73, 36.61 W, 96 %
2026/08/30 00:33:16.446, 2418 MHz, 74, 74.57 W, 96 %
2026/08/30 00:33:21.447, 2418 MHz, 75, 75.16 W, 96 %
2026/08/30 00:33:26.447, 2411 MHz, 76, 75.34 W, 96 %
2026/08/30 00:33:31.449, 2418 MHz, 76, 75.71 W, 96 %
2026/08/30 00:33:36.450, 2411 MHz, 77, 75.83 W, 96 %
2026/08/30 00:33:41.451, 2476 MHz, 70, 60.75 W, 96 %
2026/08/30 00:33:46.452, 2483 MHz, 67, 29.15 W, 96 %
2026/08/30 00:33:51.453, 2411 MHz, 74, 74.79 W, 96 %
2026/08/30 00:33:56.454, 2418 MHz, 77, 74.92 W, 96 %
2026/08/30 00:34:01.455, 2418 MHz, 76, 75.52 W, 96 %
2026/08/30 00:34:06.456, 2418 MHz, 76, 75.44 W, 96 %
2026/08/30 00:34:11.457, 2418 MHz, 76, 75.54 W, 96 %
2026/08/30 00:34:16.457, 2483 MHz, 71, 42.89 W, 95 %
2026/08/30 00:34:21.458, 2483 MHz, 69, 32.81 W, 95 %
2026/08/30 00:34:26.459, 2450 MHz, 73, 68.24 W, 96 %
2026/08/30 00:34:31.460, 2444 MHz, 75, 68.57 W, 96 %
2026/08/30 00:34:36.461, 2444 MHz, 74, 69.56 W, 96 %
2026/08/30 00:34:41.462, 2444 MHz, 75, 70.22 W, 96 %
2026/08/30 00:34:46.463, 2444 MHz, 75, 70.75 W, 96 %
2026/08/30 00:34:51.464, 2444 MHz, 75, 71.09 W, 96 %
2026/08/30 00:34:56.464, 2463 MHz, 72, 55.66 W, 96 %
2026/08/30 00:35:01.466, 2444 MHz, 76, 60.27 W, 96 %
2026/08/30 00:35:06.467, 2444 MHz, 75, 71.84 W, 96 %
2026/08/30 00:35:11.468, 2444 MHz, 76, 72.36 W, 96 %
2026/08/30 00:35:16.469, 2444 MHz, 76, 72.93 W, 96 %
2026/08/30 00:35:21.470, 2437 MHz, 77, 73.55 W, 96 %
2026/08/30 00:35:26.471, 2437 MHz, 77, 74.24 W, 96 %
2026/08/30 00:35:31.471, 2437 MHz, 77, 73.96 W, 96 %
2026/08/30 00:35:36.472, 2476 MHz, 72, 32.22 W, 96 %
2026/08/30 00:35:41.473, 2437 MHz, 77, 73.54 W, 96 %
2026/08/30 00:35:46.474, 2437 MHz, 76, 74.34 W, 96 %
2026/08/30 00:35:51.475, 2437 MHz, 77, 75.10 W, 96 %
2026/08/30 00:35:56.476, 2437 MHz, 76, 75.19 W, 96 %
2026/08/30 00:36:01.477, 2431 MHz, 76, 75.26 W, 96 %
2026/08/30 00:36:06.478, 2437 MHz, 79, 78.86 W, 96 %
2026/08/30 00:36:11.478, 2476 MHz, 69, 32.83 W, 96 %
2026/08/30 00:36:16.480, 2431 MHz, 75, 74.39 W, 96 %
2026/08/30 00:36:21.481, 2418 MHz, 76, 75.16 W, 96 %
2026/08/30 00:36:26.481, 2424 MHz, 77, 74.41 W, 96 %
2026/08/30 00:36:31.481, 2424 MHz, 77, 75.58 W, 96 %
2026/08/30 00:36:36.482, 2431 MHz, 77, 76.32 W, 96 %
2026/08/30 00:36:41.483, 2411 MHz, 76, 75.74 W, 96 %
2026/08/30 00:36:46.485, 2424 MHz, 77, 74.80 W, 96 %
2026/08/30 00:36:51.486, 2483 MHz, 68, 31.23 W, 96 %
2026/08/30 00:36:56.487, 2405 MHz, 73, 74.43 W, 96 %
2026/08/30 00:37:01.488, 2424 MHz, 75, 75.68 W, 96 %
2026/08/30 00:37:06.488, 2405 MHz, 76, 75.66 W, 96 %
2026/08/30 00:37:11.489, 2405 MHz, 76, 75.61 W, 96 %
2026/08/30 00:37:16.491, 2418 MHz, 77, 75.85 W, 95 %
2026/08/30 00:37:21.492, 2418 MHz, 80, 76.42 W, 96 %
2026/08/30 00:37:26.493, 2476 MHz, 69, 44.87 W, 96 %
2026/08/30 00:37:31.494, 2483 MHz, 67, 29.10 W, 96 %
2026/08/30 00:37:36.495, 2398 MHz, 75, 75.29 W, 96 %
2026/08/30 00:37:41.497, 2398 MHz, 78, 75.45 W, 96 %
2026/08/30 00:37:46.497, 2398 MHz, 77, 75.83 W, 96 %
2026/08/30 00:37:51.498, 2483 MHz, 70, 39.65 W, 95 %
2026/08/30 00:37:56.499, 2444 MHz, 73, 65.11 W, 96 %
2026/08/30 00:38:01.501, 2444 MHz, 74, 68.69 W, 96 %
2026/08/30 00:38:06.502, 2463 MHz, 72, 52.43 W, 96 %
2026/08/30 00:38:11.503, 2444 MHz, 75, 69.56 W, 96 %
2026/08/30 00:38:16.504, 2444 MHz, 74, 70.18 W, 96 %
2026/08/30 00:38:21.505, 2444 MHz, 76, 70.59 W, 96 %
2026/08/30 00:38:26.507, 2444 MHz, 77, 71.30 W, 96 %
2026/08/30 00:38:31.507, 2444 MHz, 76, 71.64 W, 95 %
2026/08/30 00:38:36.508, 2444 MHz, 77, 72.45 W, 96 %
2026/08/30 00:38:41.509, 2476 MHz, 69, 36.55 W, 96 %
2026/08/30 00:38:46.510, 2437 MHz, 72, 71.94 W, 96 %
2026/08/30 00:38:51.510, 2444 MHz, 75, 72.70 W, 96 %
2026/08/30 00:38:56.510, 2437 MHz, 76, 73.01 W, 96 %
2026/08/30 00:39:01.511, 2431 MHz, 75, 73.57 W, 96 %
2026/08/30 00:39:06.512, 2424 MHz, 77, 72.79 W, 96 %
2026/08/30 00:39:11.512, 2431 MHz, 78, 73.82 W, 96 %
2026/08/30 00:39:16.513, 2476 MHz, 70, 34.63 W, 96 %
2026/08/30 00:39:21.514, 2483 MHz, 67, 33.86 W, 96 %
2026/08/30 00:39:26.515, 2431 MHz, 74, 73.26 W, 96 %
2026/08/30 00:39:31.516, 2424 MHz, 76, 73.66 W, 96 %
2026/08/30 00:39:36.517, 2431 MHz, 76, 73.69 W, 96 %
2026/08/30 00:39:41.517, 2431 MHz, 76, 74.25 W, 96 %
2026/08/30 00:39:46.519, 2431 MHz, 76, 74.99 W, 96 %
2026/08/30 00:39:51.519, 2418 MHz, 77, 74.06 W, 96 %
2026/08/30 00:39:56.521, 2476 MHz, 68, 30.82 W, 96 %
2026/08/30 00:40:01.522, 2398 MHz, 74, 73.19 W, 96 %
2026/08/30 00:40:06.523, 2418 MHz, 76, 73.85 W, 96 %
2026/08/30 00:40:11.523, 2418 MHz, 76, 74.11 W, 96 %
2026/08/30 00:40:16.524, 2398 MHz, 77, 74.08 W, 96 %
2026/08/30 00:40:21.525, 2411 MHz, 77, 74.57 W, 96 %
2026/08/30 00:40:26.526, 2405 MHz, 77, 74.56 W, 96 %
2026/08/30 00:40:31.527, 2470 MHz, 70, 57.88 W, 96 %
2026/08/30 00:40:36.528, 2483 MHz, 70, 29.18 W, 96 %
2026/08/30 00:40:41.529, 2418 MHz, 74, 74.12 W, 96 %
2026/08/30 00:40:46.530, 2392 MHz, 76, 74.17 W, 96 %
2026/08/30 00:40:51.531, 2385 MHz, 75, 73.85 W, 96 %
2026/08/30 00:40:56.532, 2392 MHz, 76, 74.00 W, 96 %
2026/08/30 00:41:01.532, 2392 MHz, 77, 74.82 W, 96 %
2026/08/30 00:41:06.533, 2385 MHz, 80, 73.24 W, 96 %
2026/08/30 00:41:11.534, 2476 MHz, 69, 29.87 W, 96 %
2026/08/30 00:41:16.535, 2437 MHz, 75, 48.30 W, 96 %
2026/08/30 00:41:21.535, 2385 MHz, 76, 74.18 W, 96 %
2026/08/30 00:41:26.536, 2483 MHz, 70, 39.73 W, 95 %
2026/08/30 00:41:31.537, 2450 MHz, 73, 67.18 W, 95 %
2026/08/30 00:41:36.538, 2444 MHz, 74, 68.99 W, 96 %
2026/08/30 00:41:41.540, 2444 MHz, 75, 69.82 W, 96 %
2026/08/30 00:41:46.541, 2444 MHz, 77, 70.15 W, 95 %
2026/08/30 00:41:51.541, 2457 MHz, 72, 50.79 W, 96 %
2026/08/30 00:41:56.543, 2444 MHz, 76, 71.15 W, 96 %
2026/08/30 00:42:01.543, 2444 MHz, 77, 71.93 W, 96 %
2026/08/30 00:42:06.544, 2444 MHz, 79, 72.54 W, 95 %
2026/08/30 00:42:11.545, 2424 MHz, 78, 72.14 W, 96 %
2026/08/30 00:42:16.546, 2431 MHz, 80, 72.90 W, 96 %
2026/08/30 00:42:21.547, 2398 MHz, 79, 71.86 W, 96 %
2026/08/30 00:42:26.548, 2463 MHz, 75, 35.79 W, 96 %
2026/08/30 00:42:31.548, 2405 MHz, 80, 73.20 W, 96 %
2026/08/30 00:42:36.549, 2411 MHz, 81, 73.94 W, 96 %
2026/08/30 00:42:41.550, 2392 MHz, 83, 73.80 W, 96 %
2026/08/30 00:42:46.551, 2392 MHz, 85, 74.38 W, 96 %
2026/08/30 00:42:51.552, 2411 MHz, 83, 74.87 W, 96 %
2026/08/30 00:42:56.553, 2405 MHz, 82, 73.85 W, 96 %
2026/08/30 00:43:01.555, 2463 MHz, 75, 34.94 W, 96 %
2026/08/30 00:43:06.556, 2457 MHz, 73, 35.49 W, 96 %
2026/08/30 00:43:11.556, 2424 MHz, 80, 74.19 W, 96 %
2026/08/30 00:43:16.557, 2411 MHz, 81, 75.12 W, 96 %
2026/08/30 00:43:21.557, 2385 MHz, 81, 74.60 W, 96 %
2026/08/30 00:43:26.557, 2379 MHz, 82, 73.90 W, 96 %
2026/08/30 00:43:31.559, 2379 MHz, 82, 74.35 W, 96 %
2026/08/30 00:43:36.559, 2392 MHz, 81, 73.96 W, 96 %
2026/08/30 00:43:41.560, 2463 MHz, 73, 31.67 W, 96 %
2026/08/30 00:43:46.560, 2405 MHz, 79, 73.74 W, 96 %
2026/08/30 00:43:51.561, 2372 MHz, 81, 73.78 W, 96 %
2026/08/30 00:43:56.562, 2379 MHz, 81, 74.17 W, 96 %
2026/08/30 00:44:01.563, 2385 MHz, 83, 75.72 W, 96 %
2026/08/30 00:44:06.564, 2405 MHz, 83, 76.04 W, 96 %
2026/08/30 00:44:11.565, 2372 MHz, 82, 75.66 W, 96 %
2026/08/30 00:44:16.566, 2463 MHz, 75, 47.69 W, 96 %
2026/08/30 00:44:21.566, 2463 MHz, 73, 30.49 W, 96 %
2026/08/30 00:44:26.567, 2379 MHz, 81, 74.26 W, 96 %
2026/08/30 00:44:31.567, 2372 MHz, 81, 75.42 W, 95 %
2026/08/30 00:44:36.568, 2379 MHz, 81, 76.32 W, 96 %
2026/08/30 00:44:41.569, 2379 MHz, 82, 76.33 W, 96 %
2026/08/30 00:44:46.570, 2372 MHz, 83, 76.67 W, 96 %
2026/08/30 00:44:51.571, 2366 MHz, 81, 74.40 W, 95 %
2026/08/30 00:44:56.571, 2463 MHz, 74, 31.22 W, 96 %
2026/08/30 00:45:01.572, 2463 MHz, 72, 30.07 W, 96 %
2026/08/30 00:45:06.573, 2463 MHz, 74, 41.09 W, 95 %
2026/08/30 00:45:11.573, 2444 MHz, 78, 70.21 W, 96 %
2026/08/30 00:45:16.574, 2437 MHz, 80, 70.83 W, 96 %
2026/08/30 00:45:21.575, 2437 MHz, 81, 71.63 W, 96 %
2026/08/30 00:45:26.576, 2424 MHz, 81, 72.50 W, 96 %
2026/08/30 00:45:31.577, 2424 MHz, 81, 72.94 W, 96 %
2026/08/30 00:45:36.579, 2457 MHz, 77, 47.87 W, 96 %
2026/08/30 00:45:41.579, 2424 MHz, 81, 73.09 W, 96 %
2026/08/30 00:45:46.580, 2424 MHz, 81, 73.48 W, 96 %
2026/08/30 00:45:51.581, 2418 MHz, 83, 73.68 W, 96 %
2026/08/30 00:45:56.582, 2405 MHz, 81, 73.83 W, 95 %
2026/08/30 00:46:01.583, 2418 MHz, 82, 74.73 W, 96 %
2026/08/30 00:46:06.585, 2392 MHz, 83, 73.39 W, 96 %
2026/08/30 00:46:11.586, 2463 MHz, 76, 35.29 W, 96 %
2026/08/30 00:46:16.587, 2463 MHz, 75, 37.80 W, 96 %
2026/08/30 00:46:21.588, 2457 MHz, 73, 37.33 W, 96 %
2026/08/30 00:46:26.588, 2424 MHz, 80, 73.83 W, 96 %
2026/08/30 00:46:31.589, 2392 MHz, 82, 73.92 W, 96 %
2026/08/30 00:46:36.590, 2385 MHz, 82, 74.20 W, 96 %
2026/08/30 00:46:41.591, 2385 MHz, 83, 74.60 W, 96 %
2026/08/30 00:46:46.591, 2463 MHz, 76, 47.90 W, 96 %
2026/08/30 00:46:51.592, 2463 MHz, 81, 41.22 W, 96 %
2026/08/30 00:46:56.592, 2411 MHz, 81, 76.75 W, 96 %
2026/08/30 00:47:01.593, 2405 MHz, 84, 77.26 W, 96 %
2026/08/30 00:47:06.595, 2398 MHz, 83, 76.60 W, 96 %
2026/08/30 00:47:11.597, 2463 MHz, 76, 32.80 W, 96 %
2026/08/30 00:47:16.597, 2463 MHz, 77, 33.16 W, 96 %
2026/08/30 00:47:21.598, 2405 MHz, 81, 75.58 W, 96 %
2026/08/30 00:47:26.599, 2463 MHz, 76, 32.78 W, 96 %
2026/08/30 00:47:31.600, 2392 MHz, 79, 74.27 W, 96 %
2026/08/30 00:47:36.602, 2398 MHz, 80, 75.65 W, 96 %
2026/08/30 00:47:41.603, 2372 MHz, 81, 75.15 W, 96 %
2026/08/30 00:47:46.605, 2392 MHz, 82, 76.03 W, 96 %
2026/08/30 00:47:51.605, 2372 MHz, 82, 75.40 W, 96 %
2026/08/30 00:47:56.606, 2359 MHz, 83, 76.07 W, 96 %
2026/08/30 00:48:01.607, 2457 MHz, 74, 32.06 W, 96 %
2026/08/30 00:48:06.608, 2463 MHz, 73, 30.25 W, 96 %
2026/08/30 00:48:11.609, 2372 MHz, 79, 74.32 W, 96 %
2026/08/30 00:48:16.610, 2366 MHz, 81, 74.99 W, 96 %
2026/08/30 00:48:21.611, 2366 MHz, 82, 76.45 W, 96 %
2026/08/30 00:48:26.612, 2372 MHz, 82, 76.31 W, 96 %
2026/08/30 00:48:31.613, 2379 MHz, 83, 75.96 W, 96 %
2026/08/30 00:48:36.614, 2372 MHz, 82, 76.27 W, 96 %
2026/08/30 00:48:41.614, 2463 MHz, 79, 53.77 W, 96 %
2026/08/30 00:48:46.615, 2463 MHz, 74, 30.92 W, 96 %
2026/08/30 00:48:51.616, 2392 MHz, 80, 64.04 W, 96 %
2026/08/30 00:48:56.616, 2463 MHz, 75, 41.15 W, 94 %
2026/08/30 00:49:01.617, 2463 MHz, 73, 33.94 W, 95 %
2026/08/30 00:49:06.618, 2444 MHz, 80, 70.50 W, 96 %
2026/08/30 00:49:11.619, 2437 MHz, 80, 71.07 W, 96 %
2026/08/30 00:49:16.620, 2437 MHz, 81, 71.81 W, 96 %
2026/08/30 00:49:21.621, 2457 MHz, 77, 53.10 W, 96 %
2026/08/30 00:49:26.622, 2424 MHz, 81, 72.29 W, 96 %
2026/08/30 00:49:31.623, 2424 MHz, 82, 72.93 W, 96 %
2026/08/30 00:49:36.624, 2424 MHz, 83, 74.24 W, 96 %
2026/08/30 00:49:41.625, 2418 MHz, 82, 74.43 W, 96 %
2026/08/30 00:49:46.626, 2418 MHz, 83, 74.85 W, 96 %
2026/08/30 00:49:51.627, 2418 MHz, 83, 75.33 W, 96 %
2026/08/30 00:49:56.628, 2463 MHz, 76, 36.89 W, 96 %
2026/08/30 00:50:01.629, 2418 MHz, 82, 74.85 W, 96 %
2026/08/30 00:50:06.629, 2418 MHz, 83, 75.55 W, 96 %
2026/08/30 00:50:11.630, 2411 MHz, 85, 75.43 W, 96 %
2026/08/30 00:50:16.631, 2411 MHz, 83, 75.72 W, 95 %
2026/08/30 00:50:21.632, 2411 MHz, 82, 76.32 W, 96 %
2026/08/30 00:50:26.633, 2457 MHz, 76, 36.85 W, 96 %
2026/08/30 00:50:31.633, 2463 MHz, 75, 34.44 W, 96 %
2026/08/30 00:50:36.634, 2463 MHz, 73, 33.40 W, 96 %
2026/08/30 00:50:41.634, 2418 MHz, 81, 75.45 W, 96 %
2026/08/30 00:50:46.635, 2418 MHz, 82, 75.78 W, 96 %
2026/08/30 00:50:51.635, 2411 MHz, 82, 75.91 W, 95 %
2026/08/30 00:50:56.636, 2398 MHz, 83, 75.68 W, 96 %
2026/08/30 00:51:01.637, 2385 MHz, 83, 76.27 W, 96 %
2026/08/30 00:51:06.638, 2392 MHz, 83, 76.78 W, 96 %
2026/08/30 00:51:11.639, 2463 MHz, 75, 33.20 W, 96 %
2026/08/30 00:51:16.640, 2385 MHz, 80, 75.79 W, 96 %
2026/08/30 00:51:21.641, 2398 MHz, 81, 77.35 W, 96 %
2026/08/30 00:51:26.642, 2385 MHz, 82, 77.06 W, 96 %
2026/08/30 00:51:31.643, 2457 MHz, 78, 32.44 W, 96 %
2026/08/30 00:51:36.644, 2463 MHz, 73, 32.57 W, 96 %
2026/08/30 00:51:41.645, 2424 MHz, 80, 76.25 W, 96 %
2026/08/30 00:51:46.646, 2392 MHz, 81, 76.21 W, 96 %
2026/08/30 00:51:51.647, 2463 MHz, 71, 31.90 W, 96 %
2026/08/30 00:51:56.648, 2476 MHz, 69, 32.27 W, 96 %
2026/08/30 00:52:01.648, 2418 MHz, 80, 75.95 W, 96 %
2026/08/30 00:52:06.649, 2398 MHz, 78, 75.63 W, 96 %
2026/08/30 00:52:11.650, 2385 MHz, 78, 74.24 W, 96 %
2026/08/30 00:52:16.651, 2470 MHz, 71, 29.57 W, 96 %
2026/08/30 00:52:21.652, 2483 MHz, 69, 33.30 W, 96 %
2026/08/30 00:52:26.652, 2470 MHz, 70, 62.71 W, 96 %
2026/08/30 00:52:31.653, 2483 MHz, 67, 29.01 W, 96 %
2026/08/30 00:52:36.654, 2366 MHz, 75, 73.36 W, 96 %
2026/08/30 00:52:41.655, 2379 MHz, 76, 73.58 W, 96 %
2026/08/30 00:52:46.656, 2366 MHz, 76, 74.04 W, 96 %
2026/08/30 00:52:51.657, 2379 MHz, 77, 74.07 W, 96 %
2026/08/30 00:52:56.658, 2483 MHz, 72, 40.60 W, 94 %
2026/08/30 00:53:01.659, 2444 MHz, 75, 60.82 W, 96 %
2026/08/30 00:53:06.660, 2457 MHz, 74, 53.39 W, 96 %
2026/08/30 00:53:11.661, 2444 MHz, 75, 70.14 W, 96 %
2026/08/30 00:53:16.661, 2444 MHz, 78, 70.92 W, 96 %
2026/08/30 00:53:21.662, 2444 MHz, 78, 71.45 W, 96 %
2026/08/30 00:53:26.662, 2444 MHz, 78, 72.11 W, 96 %
2026/08/30 00:53:31.662, 2431 MHz, 80, 72.89 W, 96 %
2026/08/30 00:53:36.664, 2437 MHz, 80, 73.23 W, 96 %
2026/08/30 00:53:41.664, 2457 MHz, 76, 43.96 W, 96 %
2026/08/30 00:53:46.665, 2424 MHz, 81, 74.57 W, 96 %
2026/08/30 00:53:51.666, 2418 MHz, 82, 74.52 W, 96 %
2026/08/30 00:53:56.667, 2418 MHz, 82, 75.35 W, 96 %
2026/08/30 00:54:01.668, 2411 MHz, 82, 75.28 W, 96 %
2026/08/30 00:54:06.668, 2411 MHz, 83, 75.92 W, 96 %
2026/08/30 00:54:11.670, 2398 MHz, 82, 74.30 W, 96 %
2026/08/30 00:54:16.670, 2457 MHz, 76, 46.31 W, 96 %
2026/08/30 00:54:21.671, 2411 MHz, 82, 65.80 W, 96 %
2026/08/30 00:54:26.672, 2457 MHz, 75, 41.46 W, 96 %
2026/08/30 00:54:31.673, 2463 MHz, 74, 34.11 W, 96 %
2026/08/30 00:54:36.674, 2424 MHz, 80, 75.85 W, 96 %
2026/08/30 00:54:41.675, 2418 MHz, 81, 76.15 W, 96 %
2026/08/30 00:54:46.675, 2418 MHz, 82, 75.92 W, 96 %
2026/08/30 00:54:51.676, 2398 MHz, 84, 75.87 W, 96 %
2026/08/30 00:54:56.676, 2463 MHz, 74, 32.07 W, 96 %
2026/08/30 00:55:01.678, 2405 MHz, 80, 75.42 W, 96 %
2026/08/30 00:55:06.679, 2463 MHz, 73, 32.56 W, 96 %
2026/08/30 00:55:11.680, 2457 MHz, 74, 32.69 W, 96 %
2026/08/30 00:55:16.681, 2405 MHz, 79, 75.03 W, 96 %
2026/08/30 00:55:21.682, 2405 MHz, 80, 75.71 W, 96 %
2026/08/30 00:55:26.683, 2385 MHz, 81, 75.64 W, 96 %
2026/08/30 00:55:31.684, 2463 MHz, 74, 55.20 W, 96 %
2026/08/30 00:55:36.685, 2463 MHz, 74, 31.34 W, 96 %
2026/08/30 00:55:41.686, 2398 MHz, 81, 75.50 W, 96 %
2026/08/30 00:55:46.687, 2463 MHz, 73, 30.90 W, 96 %
2026/08/30 00:55:51.688, 2463 MHz, 71, 34.04 W, 96 %
2026/08/30 00:55:56.689, 2385 MHz, 79, 75.01 W, 96 %
2026/08/30 00:56:01.690, 2392 MHz, 79, 75.19 W, 96 %
2026/08/30 00:56:06.691, 2405 MHz, 81, 76.46 W, 96 %
2026/08/30 00:56:11.692, 2463 MHz, 73, 32.48 W, 96 %
2026/08/30 00:56:16.693, 2431 MHz, 78, 52.01 W, 96 %
2026/08/30 00:56:21.694, 2418 MHz, 80, 75.83 W, 96 %
2026/08/30 00:56:26.695, 2392 MHz, 81, 75.84 W, 96 %
2026/08/30 00:56:31.696, 2392 MHz, 82, 75.89 W, 96 %
2026/08/30 00:56:36.697, 2385 MHz, 82, 76.11 W, 96 %
2026/08/30 00:56:41.698, 2457 MHz, 73, 33.09 W, 96 %
2026/08/30 00:56:46.699, 2476 MHz, 71, 31.00 W, 96 %
2026/08/30 00:56:51.700, 2476 MHz, 71, 30.08 W, 96 %
2026/08/30 00:56:56.700, 2379 MHz, 75, 74.90 W, 96 %
2026/08/30 00:57:01.701, 2463 MHz, 73, 40.54 W, 95 %
2026/08/30 00:57:06.701, 2450 MHz, 76, 46.41 W, 96 %
2026/08/30 00:57:11.702, 2444 MHz, 78, 69.80 W, 96 %
2026/08/30 00:57:16.703, 2444 MHz, 78, 71.11 W, 96 %
2026/08/30 00:57:21.704, 2444 MHz, 79, 71.69 W, 96 %
2026/08/30 00:57:26.705, 2437 MHz, 78, 71.74 W, 96 %
2026/08/30 00:57:31.706, 2437 MHz, 80, 66.36 W, 96 %
2026/08/30 00:57:36.707, 2437 MHz, 80, 73.21 W, 96 %
2026/08/30 00:57:41.707, 2424 MHz, 81, 73.73 W, 96 %
2026/08/30 00:57:46.708, 2431 MHz, 81, 73.81 W, 96 %
2026/08/30 00:57:51.709, 2424 MHz, 81, 74.14 W, 96 %
2026/08/30 00:57:56.709, 2418 MHz, 82, 75.26 W, 96 %
2026/08/30 00:58:01.710, 2418 MHz, 81, 74.82 W, 95 %
2026/08/30 00:58:06.711, 2463 MHz, 74, 34.86 W, 96 %
2026/08/30 00:58:11.711, 2457 MHz, 75, 44.03 W, 96 %
2026/08/30 00:58:16.712, 2457 MHz, 74, 34.54 W, 96 %
2026/08/30 00:58:21.713, 2411 MHz, 79, 73.81 W, 96 %
2026/08/30 00:58:26.714, 2392 MHz, 81, 73.59 W, 96 %
2026/08/30 00:58:31.715, 2463 MHz, 75, 35.27 W, 96 %
2026/08/30 00:58:36.716, 2437 MHz, 78, 50.27 W, 96 %
2026/08/30 00:58:41.717, 2463 MHz, 72, 34.75 W, 96 %
2026/08/30 00:58:46.717, 2476 MHz, 71, 32.09 W, 96 %
2026/08/30 00:58:51.718, 2476 MHz, 70, 35.79 W, 96 %
2026/08/30 00:58:56.719, 2476 MHz, 70, 35.50 W, 96 %
2026/08/30 00:59:01.719, 2418 MHz, 76, 73.17 W, 96 %
2026/08/30 00:59:06.720, 2476 MHz, 71, 36.15 W, 96 %
2026/08/30 00:59:11.721, 2418 MHz, 77, 72.96 W, 96 %
2026/08/30 00:59:16.722, 2405 MHz, 78, 73.42 W, 96 %
2026/08/30 00:59:21.723, 2476 MHz, 71, 32.74 W, 96 %
2026/08/30 00:59:26.724, 2418 MHz, 77, 73.42 W, 96 %
2026/08/30 00:59:31.725, 2398 MHz, 79, 73.58 W, 96 %
2026/08/30 00:59:36.727, 2392 MHz, 80, 73.95 W, 96 %
2026/08/30 00:59:41.728, 2418 MHz, 75, 68.04 W, 96 %
2026/08/30 00:59:46.729, 2470 MHz, 72, 33.60 W, 96 %
2026/08/30 00:59:51.729, 2392 MHz, 77, 73.42 W, 96 %
2026/08/30 00:59:56.730, 2470 MHz, 72, 39.57 W, 96 %
2026/08/30 01:00:01.731, 2483 MHz, 70, 30.52 W, 96 %
2026/08/30 01:00:06.732, 2398 MHz, 78, 74.07 W, 96 %
2026/08/30 01:00:11.733, 2392 MHz, 80, 73.88 W, 96 %
2026/08/30 01:00:16.734, 2379 MHz, 81, 74.27 W, 96 %
2026/08/30 01:00:21.734, 2405 MHz, 81, 75.32 W, 96 %
2026/08/30 01:00:26.735, 2470 MHz, 71, 30.52 W, 96 %
2026/08/30 01:00:31.736, 2424 MHz, 77, 69.59 W, 96 %
2026/08/30 01:00:36.738, 2483 MHz, 70, 30.53 W, 96 %
2026/08/30 01:00:41.739, 2398 MHz, 76, 72.82 W, 96 %
2026/08/30 01:00:46.740, 2379 MHz, 78, 73.71 W, 96 %
2026/08/30 01:00:51.740, 2379 MHz, 79, 74.21 W, 96 %
2026/08/30 01:00:56.741, 2366 MHz, 81, 74.65 W, 96 %
2026/08/30 01:01:01.742, 2366 MHz, 82, 74.76 W, 96 %
2026/08/30 01:01:06.743, 2457 MHz, 73, 49.88 W, 96 %
2026/08/30 01:01:11.744, 2372 MHz, 80, 74.61 W, 96 %
2026/08/30 01:01:16.745, 2463 MHz, 73, 29.85 W, 96 %
2026/08/30 01:01:21.745, 2366 MHz, 81, 73.22 W, 95 %
2026/08/30 01:01:26.746, 2463 MHz, 73, 40.46 W, 94 %
2026/08/30 01:01:31.747, 2463 MHz, 76, 39.04 W, 96 %
2026/08/30 01:01:36.748, 2444 MHz, 78, 68.67 W, 96 %
2026/08/30 01:01:41.749, 2450 MHz, 77, 57.97 W, 96 %
2026/08/30 01:01:46.750, 2444 MHz, 78, 70.76 W, 95 %
2026/08/30 01:01:51.751, 2437 MHz, 78, 70.15 W, 95 %
2026/08/30 01:01:56.751, 2444 MHz, 80, 70.69 W, 96 %
2026/08/30 01:02:01.752, 2437 MHz, 79, 72.30 W, 95 %
2026/08/30 01:02:06.753, 2437 MHz, 80, 72.01 W, 96 %
2026/08/30 01:02:11.754, 2424 MHz, 80, 71.96 W, 96 %
2026/08/30 01:02:16.755, 2418 MHz, 81, 72.19 W, 95 %
2026/08/30 01:02:21.756, 2457 MHz, 74, 39.38 W, 96 %
2026/08/30 01:02:26.757, 2411 MHz, 81, 72.16 W, 96 %
2026/08/30 01:02:31.758, 2463 MHz, 73, 35.26 W, 96 %
2026/08/30 01:02:36.758, 2405 MHz, 79, 72.10 W, 95 %
2026/08/30 01:02:41.760, 2424 MHz, 81, 73.61 W, 96 %
2026/08/30 01:02:46.760, 2398 MHz, 83, 73.00 W, 96 %
2026/08/30 01:02:51.761, 2385 MHz, 80, 72.71 W, 96 %
2026/08/30 01:02:56.762, 2463 MHz, 76, 34.36 W, 96 %
2026/08/30 01:03:01.763, 2463 MHz, 72, 33.19 W, 96 %
2026/08/30 01:03:06.764, 2463 MHz, 74, 35.68 W, 96 %
2026/08/30 01:03:11.764, 2385 MHz, 81, 72.38 W, 96 %
2026/08/30 01:03:16.764, 2392 MHz, 79, 73.05 W, 96 %
2026/08/30 01:03:21.765, 2385 MHz, 81, 73.34 W, 96 %
2026/08/30 01:03:26.766, 2366 MHz, 82, 72.74 W, 96 %
2026/08/30 01:03:31.767, 2372 MHz, 80, 73.43 W, 96 %
2026/08/30 01:03:36.768, 2457 MHz, 78, 34.53 W, 96 %
2026/08/30 01:03:41.768, 2463 MHz, 73, 34.11 W, 96 %
2026/08/30 01:03:46.769, 2476 MHz, 70, 30.93 W, 96 %
2026/08/30 01:03:51.770, 2411 MHz, 79, 72.44 W, 96 %
2026/08/30 01:03:56.771, 2379 MHz, 79, 73.32 W, 96 %
2026/08/30 01:04:01.772, 2385 MHz, 80, 73.30 W, 96 %
2026/08/30 01:04:06.773, 2385 MHz, 80, 74.83 W, 96 %
2026/08/30 01:04:11.774, 2366 MHz, 81, 73.38 W, 96 %
2026/08/30 01:04:16.775, 2457 MHz, 73, 33.04 W, 96 %
2026/08/30 01:04:21.775, 2463 MHz, 72, 31.99 W, 96 %
2026/08/30 01:04:26.776, 2457 MHz, 77, 45.74 W, 96 %
2026/08/30 01:04:31.778, 2385 MHz, 78, 74.99 W, 96 %
2026/08/30 01:04:36.779, 2392 MHz, 79, 75.24 W, 96 %
2026/08/30 01:04:41.780, 2392 MHz, 81, 75.67 W, 96 %
2026/08/30 01:04:46.781, 2405 MHz, 80, 76.15 W, 96 %
2026/08/30 01:04:51.783, 2392 MHz, 82, 76.00 W, 96 %
2026/08/30 01:04:56.784, 2457 MHz, 75, 35.99 W, 96 %
2026/08/30 01:05:01.784, 2470 MHz, 71, 30.06 W, 96 %
2026/08/30 01:05:06.785, 2398 MHz, 78, 74.93 W, 96 %
2026/08/30 01:05:11.785, 2392 MHz, 79, 75.24 W, 96 %
2026/08/30 01:05:16.786, 2379 MHz, 80, 75.83 W, 96 %
2026/08/30 01:05:21.787, 2372 MHz, 81, 76.01 W, 96 %
2026/08/30 01:05:26.788, 2463 MHz, 75, 41.44 W, 95 %
2026/08/30 01:05:31.789, 2444 MHz, 79, 68.78 W, 96 %
2026/08/30 01:05:36.790, 2450 MHz, 75, 57.43 W, 96 %
2026/08/30 01:05:41.791, 2444 MHz, 78, 70.03 W, 96 %
2026/08/30 01:05:46.792, 2444 MHz, 78, 70.64 W, 96 %
2026/08/30 01:05:51.793, 2444 MHz, 78, 71.64 W, 96 %
2026/08/30 01:05:56.793, 2444 MHz, 78, 71.89 W, 96 %
2026/08/30 01:06:01.794, 2444 MHz, 79, 72.45 W, 96 %
2026/08/30 01:06:06.794, 2444 MHz, 78, 72.44 W, 96 %
2026/08/30 01:06:11.795, 2457 MHz, 73, 44.39 W, 96 %
2026/08/30 01:06:16.796, 2450 MHz, 76, 52.74 W, 96 %
2026/08/30 01:06:21.797, 2444 MHz, 76, 72.70 W, 95 %
2026/08/30 01:06:26.799, 2437 MHz, 77, 73.52 W, 96 %
2026/08/30 01:06:31.800, 2437 MHz, 78, 73.69 W, 96 %
2026/08/30 01:06:36.800, 2437 MHz, 78, 74.12 W, 96 %
2026/08/30 01:06:41.801, 2437 MHz, 78, 74.15 W, 96 %
2026/08/30 01:06:46.803, 2424 MHz, 79, 73.11 W, 95 %
2026/08/30 01:06:51.804, 2476 MHz, 70, 34.91 W, 96 %
2026/08/30 01:06:56.805, 2437 MHz, 77, 73.77 W, 96 %
2026/08/30 01:07:01.806, 2431 MHz, 76, 73.91 W, 96 %
2026/08/30 01:07:06.807, 2424 MHz, 77, 74.13 W, 96 %
2026/08/30 01:07:11.809, 2424 MHz, 78, 74.35 W, 96 %
2026/08/30 01:07:16.810, 2431 MHz, 78, 74.64 W, 96 %
2026/08/30 01:07:21.811, 2411 MHz, 79, 73.89 W, 96 %
2026/08/30 01:07:26.812, 2483 MHz, 71, 31.34 W, 96 %
2026/08/30 01:07:31.812, 2424 MHz, 74, 58.00 W, 96 %
2026/08/30 01:07:36.814, 2418 MHz, 76, 74.12 W, 96 %
2026/08/30 01:07:41.814, 2418 MHz, 78, 74.78 W, 96 %
2026/08/30 01:07:46.815, 2398 MHz, 77, 73.25 W, 96 %
2026/08/30 01:07:51.816, 2398 MHz, 79, 73.97 W, 96 %
2026/08/30 01:07:56.817, 2385 MHz, 78, 73.48 W, 96 %
2026/08/30 01:08:01.818, 2405 MHz, 78, 72.16 W, 96 %
2026/08/30 01:08:06.819, 2483 MHz, 69, 30.33 W, 96 %
2026/08/30 01:08:11.820, 2379 MHz, 79, 72.23 W, 96 %
2026/08/30 01:08:16.821, 2418 MHz, 76, 74.18 W, 96 %
2026/08/30 01:08:21.822, 2385 MHz, 77, 73.51 W, 96 %
2026/08/30 01:08:26.823, 2379 MHz, 78, 73.13 W, 96 %
2026/08/30 01:08:31.824, 2379 MHz, 78, 73.29 W, 96 %
2026/08/30 01:08:36.825, 2372 MHz, 77, 72.76 W, 96 %
2026/08/30 01:08:41.826, 2470 MHz, 72, 47.40 W, 96 %
2026/08/30 01:08:46.828, 2483 MHz, 68, 29.44 W, 96 %
2026/08/30 01:08:51.828, 2405 MHz, 76, 73.53 W, 96 %
2026/08/30 01:08:56.829, 2398 MHz, 77, 73.26 W, 96 %
2026/08/30 01:09:01.829, 2483 MHz, 71, 40.35 W, 95 %
2026/08/30 01:09:06.830, 2450 MHz, 74, 49.76 W, 95 %
2026/08/30 01:09:11.831, 2444 MHz, 75, 68.50 W, 96 %
2026/08/30 01:09:16.832, 2444 MHz, 77, 69.83 W, 96 %
2026/08/30 01:09:21.832, 2457 MHz, 73, 51.39 W, 96 %
2026/08/30 01:09:26.833, 2444 MHz, 77, 70.38 W, 96 %
2026/08/30 01:09:31.834, 2444 MHz, 76, 70.64 W, 96 %
2026/08/30 01:09:36.835, 2444 MHz, 77, 71.32 W, 96 %
2026/08/30 01:09:41.836, 2437 MHz, 77, 71.40 W, 96 %
2026/08/30 01:09:46.837, 2431 MHz, 78, 71.97 W, 96 %
2026/08/30 01:09:51.838, 2437 MHz, 79, 72.21 W, 96 %
2026/08/30 01:09:56.839, 2476 MHz, 71, 36.48 W, 96 %
2026/08/30 01:10:01.839, 2437 MHz, 76, 73.27 W, 96 %
2026/08/30 01:10:06.840, 2437 MHz, 77, 72.77 W, 95 %
2026/08/30 01:10:11.841, 2437 MHz, 76, 73.50 W, 96 %
2026/08/30 01:10:16.842, 2431 MHz, 79, 73.78 W, 96 %
2026/08/30 01:10:21.843, 2424 MHz, 78, 73.22 W, 96 %
2026/08/30 01:10:26.844, 2424 MHz, 79, 73.81 W, 95 %
2026/08/30 01:10:31.845, 2463 MHz, 71, 49.26 W, 96 %
2026/08/30 01:10:36.845, 2476 MHz, 69, 31.11 W, 96 %
2026/08/30 01:10:41.846, 2418 MHz, 75, 73.41 W, 96 %
2026/08/30 01:10:46.847, 2424 MHz, 76, 73.87 W, 96 %
2026/08/30 01:10:51.848, 2392 MHz, 76, 70.87 W, 96 %
2026/08/30 01:10:56.848, 2379 MHz, 77, 70.73 W, 96 %
2026/08/30 01:11:01.849, 2411 MHz, 78, 72.06 W, 96 %
2026/08/30 01:11:06.850, 2379 MHz, 78, 70.87 W, 96 %
2026/08/30 01:11:11.851, 2476 MHz, 70, 31.95 W, 96 %
2026/08/30 01:11:16.852, 2476 MHz, 69, 33.02 W, 96 %
2026/08/30 01:11:21.852, 2411 MHz, 75, 71.74 W, 96 %
2026/08/30 01:11:26.853, 2353 MHz, 75, 70.15 W, 96 %
2026/08/30 01:11:31.854, 2366 MHz, 77, 71.16 W, 96 %
2026/08/30 01:11:36.855, 2411 MHz, 77, 71.45 W, 96 %
2026/08/30 01:11:41.855, 2392 MHz, 79, 73.73 W, 96 %
2026/08/30 01:11:46.856, 2483 MHz, 69, 31.00 W, 96 %
2026/08/30 01:11:51.858, 2476 MHz, 69, 42.60 W, 96 %
2026/08/30 01:11:56.859, 2476 MHz, 66, 29.25 W, 96 %
2026/08/30 01:12:01.860, 2405 MHz, 73, 73.79 W, 96 %
2026/08/30 01:12:06.860, 2385 MHz, 76, 73.58 W, 96 %
2026/08/30 01:12:11.861, 2385 MHz, 77, 73.07 W, 96 %
2026/08/30 01:12:16.863, 2385 MHz, 74, 73.36 W, 96 %
2026/08/30 01:12:21.863, 2483 MHz, 70, 29.91 W, 96 %
2026/08/30 01:12:26.865, 2483 MHz, 68, 29.28 W, 96 %
2026/08/30 01:12:31.866, 2385 MHz, 76, 73.62 W, 96 %
2026/08/30 01:12:36.866, 2476 MHz, 72, 30.05 W, 96 %
2026/08/30 01:12:41.867, 2398 MHz, 75, 51.42 W, 96 %
2026/08/30 01:12:46.867, 2379 MHz, 79, 73.98 W, 96 %
2026/08/30 01:12:51.869, 2372 MHz, 80, 74.65 W, 96 %
2026/08/30 01:12:56.870, 2463 MHz, 74, 40.79 W, 95 %
2026/08/30 01:13:01.870, 2483 MHz, 71, 29.61 W, 0 %
2026/08/30 01:13:06.871, 2444 MHz, 79, 69.56 W, 95 %
2026/08/30 01:13:11.872, 2431 MHz, 80, 70.89 W, 96 %
2026/08/30 01:13:16.873, 2450 MHz, 78, 54.08 W, 96 %
2026/08/30 01:13:21.874, 2431 MHz, 81, 71.80 W, 96 %
2026/08/30 01:13:26.875, 2424 MHz, 82, 72.23 W, 96 %
2026/08/30 01:13:31.876, 2424 MHz, 81, 72.78 W, 96 %
2026/08/30 01:13:36.877, 2457 MHz, 78, 45.78 W, 96 %
2026/08/30 01:13:41.878, 2431 MHz, 80, 73.24 W, 96 %
2026/08/30 01:13:46.879, 2424 MHz, 81, 74.27 W, 96 %
2026/08/30 01:13:51.880, 2457 MHz, 79, 40.36 W, 96 %
2026/08/30 01:13:56.881, 2437 MHz, 81, 73.99 W, 96 %
2026/08/30 01:14:01.882, 2424 MHz, 79, 73.83 W, 95 %
2026/08/30 01:14:06.883, 2424 MHz, 80, 75.06 W, 96 %
2026/08/30 01:14:11.884, 2463 MHz, 78, 37.46 W, 96 %
2026/08/30 01:14:16.885, 2418 MHz, 80, 74.79 W, 96 %
2026/08/30 01:14:21.886, 2411 MHz, 82, 74.81 W, 95 %
2026/08/30 01:14:26.887, 2411 MHz, 82, 75.17 W, 96 %
2026/08/30 01:14:31.888, 2457 MHz, 73, 36.59 W, 96 %
2026/08/30 01:14:36.888, 2424 MHz, 79, 74.65 W, 96 %
2026/08/30 01:14:41.889, 2418 MHz, 82, 74.82 W, 96 %
2026/08/30 01:14:46.890, 2463 MHz, 74, 46.74 W, 96 %
2026/08/30 01:14:51.890, 2444 MHz, 81, 46.08 W, 96 %
2026/08/30 01:14:56.891, 2431 MHz, 80, 75.32 W, 96 %
2026/08/30 01:15:01.892, 2418 MHz, 81, 76.20 W, 96 %
2026/08/30 01:15:06.893, 2392 MHz, 81, 75.49 W, 96 %
2026/08/30 01:15:11.894, 2457 MHz, 73, 34.88 W, 96 %
2026/08/30 01:15:16.895, 2424 MHz, 78, 75.97 W, 96 %
2026/08/30 01:15:21.896, 2398 MHz, 81, 74.84 W, 96 %
2026/08/30 01:15:26.897, 2463 MHz, 72, 31.96 W, 96 %
2026/08/30 01:15:31.898, 2424 MHz, 79, 76.04 W, 96 %
2026/08/30 01:15:36.898, 2398 MHz, 79, 75.92 W, 96 %
2026/08/30 01:15:41.899, 2405 MHz, 80, 76.01 W, 96 %
2026/08/30 01:15:46.900, 2392 MHz, 80, 76.01 W, 95 %
2026/08/30 01:15:51.901, 2463 MHz, 72, 32.56 W, 96 %
2026/08/30 01:15:56.902, 2476 MHz, 74, 33.29 W, 96 %
2026/08/30 01:16:01.903, 2411 MHz, 79, 76.01 W, 96 %
2026/08/30 01:16:06.904, 2483 MHz, 72, 31.41 W, 96 %
2026/08/30 01:16:11.904, 2418 MHz, 79, 76.68 W, 96 %
2026/08/30 01:16:16.905, 2405 MHz, 79, 76.24 W, 96 %
2026/08/30 01:16:21.906, 2392 MHz, 81, 76.36 W, 96 %
2026/08/30 01:16:26.908, 2379 MHz, 81, 76.50 W, 96 %
2026/08/30 01:16:31.909, 2457 MHz, 72, 30.98 W, 96 %
2026/08/30 01:16:36.910, 2470 MHz, 71, 32.03 W, 96 %
2026/08/30 01:16:41.910, 2470 MHz, 71, 30.43 W, 96 %
2026/08/30 01:16:46.912, 2483 MHz, 70, 31.60 W, 96 %
2026/08/30 01:16:51.913, 2398 MHz, 82, 76.63 W, 96 %
2026/08/30 01:16:56.914, 2385 MHz, 80, 76.46 W, 96 %
2026/08/30 01:17:01.915, 2372 MHz, 79, 75.85 W, 96 %
2026/08/30 01:17:06.916, 2463 MHz, 74, 40.98 W, 94 %
2026/08/30 01:17:11.917, 2450 MHz, 75, 54.06 W, 96 %
2026/08/30 01:17:16.918, 2444 MHz, 79, 69.94 W, 96 %
2026/08/30 01:17:21.919, 2457 MHz, 77, 57.19 W, 96 %
2026/08/30 01:17:26.920, 2437 MHz, 80, 71.38 W, 96 %
2026/08/30 01:17:31.921, 2437 MHz, 80, 71.91 W, 96 %
2026/08/30 01:17:36.923, 2431 MHz, 82, 72.56 W, 96 %
2026/08/30 01:17:41.923, 2424 MHz, 82, 73.05 W, 96 %
2026/08/30 01:17:46.925, 2424 MHz, 82, 73.18 W, 96 %
2026/08/30 01:17:51.926, 2457 MHz, 77, 40.67 W, 96 %
2026/08/30 01:17:56.926, 2457 MHz, 74, 41.68 W, 96 %
2026/08/30 01:18:01.928, 2431 MHz, 80, 73.55 W, 96 %
2026/08/30 01:18:06.929, 2424 MHz, 80, 74.75 W, 96 %
2026/08/30 01:18:11.930, 2418 MHz, 81, 74.26 W, 96 %
2026/08/30 01:18:16.931, 2418 MHz, 84, 75.31 W, 96 %
2026/08/30 01:18:21.931, 2418 MHz, 82, 75.71 W, 96 %
2026/08/30 01:18:26.932, 2457 MHz, 75, 33.61 W, 96 %
2026/08/30 01:18:31.933, 2463 MHz, 73, 35.79 W, 96 %
2026/08/30 01:18:36.935, 2424 MHz, 80, 74.70 W, 95 %
2026/08/30 01:18:41.935, 2418 MHz, 80, 75.25 W, 96 %
2026/08/30 01:18:46.936, 2418 MHz, 82, 75.74 W, 96 %
2026/08/30 01:18:51.937, 2411 MHz, 82, 75.95 W, 96 %
2026/08/30 01:18:56.937, 2398 MHz, 82, 75.86 W, 96 %
2026/08/30 01:19:01.939, 2398 MHz, 83, 75.98 W, 96 %
2026/08/30 01:19:06.940, 2457 MHz, 74, 35.89 W, 96 %
2026/08/30 01:19:11.941, 2457 MHz, 80, 42.67 W, 96 %
2026/08/30 01:19:16.943, 2398 MHz, 80, 75.49 W, 96 %
2026/08/30 01:19:21.943, 2398 MHz, 82, 76.07 W, 96 %
2026/08/30 01:19:26.944, 2411 MHz, 81, 77.23 W, 96 %
2026/08/30 01:19:31.945, 2392 MHz, 82, 76.09 W, 96 %
2026/08/30 01:19:36.946, 2411 MHz, 83, 77.09 W, 96 %
2026/08/30 01:19:41.946, 2385 MHz, 83, 76.91 W, 96 %
2026/08/30 01:19:46.948, 2463 MHz, 74, 30.85 W, 96 %
2026/08/30 01:19:51.949, 2385 MHz, 79, 75.72 W, 96 %
2026/08/30 01:19:56.949, 2411 MHz, 82, 77.01 W, 96 %
2026/08/30 01:20:01.950, 2392 MHz, 82, 76.64 W, 96 %
2026/08/30 01:20:06.951, 2379 MHz, 82, 76.98 W, 96 %
2026/08/30 01:20:11.952, 2379 MHz, 82, 76.52 W, 96 %
2026/08/30 01:20:16.953, 2372 MHz, 80, 76.91 W, 95 %
2026/08/30 01:20:21.954, 2463 MHz, 76, 37.24 W, 96 %
2026/08/30 01:20:26.955, 2463 MHz, 73, 30.95 W, 96 %
2026/08/30 01:20:31.956, 2379 MHz, 82, 76.47 W, 96 %
2026/08/30 01:20:36.957, 2385 MHz, 83, 76.88 W, 96 %
2026/08/30 01:20:41.957, 2379 MHz, 83, 75.12 W, 96 %
2026/08/30 01:20:46.958, 2463 MHz, 77, 41.84 W, 94 %
2026/08/30 01:20:51.959, 2450 MHz, 80, 48.94 W, 96 %
2026/08/30 01:20:56.960, 2463 MHz, 77, 52.22 W, 95 %
2026/08/30 01:21:01.961, 2463 MHz, 75, 37.12 W, 95 %
2026/08/30 01:21:06.962, 2444 MHz, 80, 70.45 W, 96 %
2026/08/30 01:21:11.962, 2463 MHz, 76, 41.90 W, 94 %
2026/08/30 01:21:16.964, 2431 MHz, 80, 70.33 W, 96 %
2026/08/30 01:21:21.965, 2463 MHz, 76, 41.74 W, 94 %
2026/08/30 01:21:26.966, 2457 MHz, 75, 53.15 W, 95 %
2026/08/30 01:21:31.967, 2457 MHz, 78, 49.66 W, 96 %
2026/08/30 01:21:36.968, 2450 MHz, 82, 68.81 W, 96 %
2026/08/30 01:21:41.969, 2437 MHz, 82, 68.87 W, 96 %
2026/08/30 01:21:46.969, 2463 MHz, 77, 47.35 W, 95 %
2026/08/30 01:21:51.970, 2463 MHz, 76, 46.98 W, 95 %
2026/08/30 01:21:56.972, 2444 MHz, 78, 68.23 W, 96 %
2026/08/30 01:22:01.972, 2450 MHz, 79, 68.60 W, 96 %
2026/08/30 01:22:06.973, 2457 MHz, 76, 49.82 W, 96 %
2026/08/30 01:22:11.973, 2444 MHz, 79, 68.19 W, 96 %
2026/08/30 01:22:16.974, 2463 MHz, 76, 47.54 W, 95 %
2026/08/30 01:22:21.975, 2463 MHz, 76, 47.07 W, 95 %
2026/08/30 01:22:26.976, 2444 MHz, 81, 67.28 W, 96 %
2026/08/30 01:22:31.977, 2450 MHz, 80, 67.98 W, 96 %
2026/08/30 01:22:36.978, 2444 MHz, 80, 69.36 W, 96 %
2026/08/30 01:22:41.979, 2483 MHz, 71, 20.80 W, 0 %
2026/08/30 01:22:46.980, 2463 MHz, 72, 41.65 W, 95 %
2026/08/30 01:22:51.980, 2463 MHz, 73, 46.35 W, 95 %
2026/08/30 01:22:56.981, 2463 MHz, 73, 45.98 W, 95 %
2026/08/30 01:23:01.982, 2457 MHz, 76, 65.76 W, 96 %
2026/08/30 01:23:06.984, 2457 MHz, 77, 67.47 W, 96 %
2026/08/30 01:23:11.985, 2450 MHz, 76, 67.65 W, 96 %
2026/08/30 01:23:16.986, 2463 MHz, 72, 40.58 W, 95 %
2026/08/30 01:23:21.987, 2463 MHz, 72, 40.84 W, 95 %
2026/08/30 01:23:26.988, 2463 MHz, 71, 43.51 W, 95 %
2026/08/30 01:23:31.989, 2457 MHz, 74, 66.65 W, 96 %
2026/08/30 01:23:36.990, 2457 MHz, 77, 66.93 W, 96 %
2026/08/30 01:23:41.990, 2450 MHz, 76, 67.85 W, 96 %
2026/08/30 01:23:46.991, 2463 MHz, 72, 46.03 W, 95 %
2026/08/30 01:23:51.992, 2463 MHz, 72, 45.50 W, 95 %
2026/08/30 01:23:56.992, 2457 MHz, 75, 56.07 W, 96 %
2026/08/30 01:24:01.993, 2450 MHz, 74, 66.20 W, 96 %
2026/08/30 01:24:06.993, 2457 MHz, 77, 67.23 W, 96 %
2026/08/30 01:24:11.994, 2457 MHz, 74, 65.78 W, 95 %
2026/08/30 01:24:16.995, 2463 MHz, 72, 46.09 W, 95 %
2026/08/30 01:24:21.995, 2476 MHz, 72, 45.94 W, 95 %
2026/08/30 01:24:26.997, 2457 MHz, 74, 66.90 W, 96 %
2026/08/30 01:24:31.997, 2463 MHz, 73, 48.38 W, 96 %
2026/08/30 01:24:36.998, 2457 MHz, 78, 67.18 W, 96 %
2026/08/30 01:24:41.999, 2463 MHz, 72, 51.69 W, 95 %
2026/08/30 01:24:46.999, 2457 MHz, 72, 45.57 W, 94 %
2026/08/30 01:24:52.000, 2463 MHz, 71, 45.96 W, 95 %
2026/08/30 01:24:57.001, 2457 MHz, 74, 66.25 W, 96 %
2026/08/30 01:25:02.002, 2450 MHz, 74, 66.63 W, 96 %
2026/08/30 01:25:07.003, 2463 MHz, 75, 49.93 W, 96 %
2026/08/30 01:25:12.004, 2476 MHz, 72, 45.27 W, 95 %
2026/08/30 01:25:17.004, 2476 MHz, 71, 45.72 W, 95 %
2026/08/30 01:25:22.005, 2476 MHz, 71, 45.42 W, 95 %
2026/08/30 01:25:27.006, 2457 MHz, 77, 66.53 W, 96 %
2026/08/30 01:25:32.007, 2457 MHz, 76, 66.80 W, 96 %
2026/08/30 01:25:37.007, 2450 MHz, 75, 67.24 W, 96 %
2026/08/30 01:25:42.008, 2483 MHz, 71, 40.58 W, 95 %
2026/08/30 01:25:47.009, 2483 MHz, 71, 45.90 W, 95 %
2026/08/30 01:25:52.010, 2450 MHz, 74, 56.83 W, 96 %
2026/08/30 01:25:57.012, 2450 MHz, 75, 65.93 W, 96 %
2026/08/30 01:26:02.012, 2457 MHz, 74, 67.37 W, 96 %
2026/08/30 01:26:07.013, 2457 MHz, 72, 66.29 W, 96 %
2026/08/30 01:26:12.014, 2476 MHz, 71, 45.92 W, 95 %
2026/08/30 01:26:17.014, 2483 MHz, 70, 44.36 W, 95 %
2026/08/30 01:26:22.015, 2457 MHz, 72, 56.59 W, 96 %
2026/08/30 01:26:27.016, 2450 MHz, 78, 65.80 W, 96 %
2026/08/30 01:26:32.017, 2457 MHz, 73, 67.37 W, 96 %
2026/08/30 01:26:37.018, 2476 MHz, 72, 45.40 W, 95 %
2026/08/30 01:26:42.018, 2476 MHz, 71, 45.50 W, 95 %
2026/08/30 01:26:47.018, 2483 MHz, 71, 45.61 W, 95 %
2026/08/30 01:26:52.019, 2457 MHz, 75, 65.42 W, 96 %
2026/08/30 01:26:57.020, 2470 MHz, 72, 51.36 W, 96 %
2026/08/30 01:27:02.020, 2450 MHz, 75, 66.24 W, 96 %
2026/08/30 01:27:07.022, 2463 MHz, 72, 45.65 W, 95 %
2026/08/30 01:27:12.023, 2463 MHz, 71, 45.69 W, 95 %
2026/08/30 01:27:17.023, 2463 MHz, 72, 45.60 W, 95 %
2026/08/30 01:27:22.024, 2457 MHz, 75, 67.17 W, 96 %
2026/08/30 01:27:27.025, 2450 MHz, 77, 67.64 W, 96 %
2026/08/30 01:27:32.026, 2457 MHz, 74, 52.77 W, 96 %
2026/08/30 01:27:37.027, 2463 MHz, 75, 46.18 W, 95 %
2026/08/30 01:27:42.027, 2463 MHz, 74, 46.53 W, 95 %
2026/08/30 01:27:47.029, 2463 MHz, 78, 47.35 W, 93 %
2026/08/30 01:27:52.030, 2450 MHz, 78, 67.24 W, 96 %
2026/08/30 01:27:57.030, 2450 MHz, 80, 69.07 W, 96 %
2026/08/30 01:28:02.031, 2450 MHz, 80, 68.96 W, 96 %
2026/08/30 01:28:07.032, 2463 MHz, 75, 41.65 W, 95 %
2026/08/30 01:28:12.033, 2463 MHz, 75, 45.83 W, 95 %
2026/08/30 01:28:17.033, 2463 MHz, 79, 46.73 W, 96 %
2026/08/30 01:28:22.034, 2450 MHz, 81, 68.26 W, 96 %
2026/08/30 01:28:27.035, 2450 MHz, 78, 67.81 W, 96 %
2026/08/30 01:28:32.035, 2450 MHz, 81, 69.54 W, 96 %
2026/08/30 01:28:37.036, 2463 MHz, 75, 46.94 W, 95 %
2026/08/30 01:28:42.036, 2463 MHz, 73, 40.91 W, 95 %
2026/08/30 01:28:47.037, 2450 MHz, 78, 59.29 W, 96 %
2026/08/30 01:28:52.037, 2457 MHz, 77, 68.34 W, 96 %
2026/08/30 01:28:57.038, 2450 MHz, 79, 67.40 W, 96 %
2026/08/30 01:29:02.039, 2463 MHz, 76, 54.49 W, 95 %
2026/08/30 01:29:07.040, 2463 MHz, 75, 47.01 W, 95 %
2026/08/30 01:29:12.041, 2457 MHz, 75, 46.91 W, 95 %
2026/08/30 01:29:17.043, 2457 MHz, 76, 49.13 W, 96 %
2026/08/30 01:29:22.044, 2457 MHz, 73, 50.17 W, 96 %
2026/08/30 01:29:27.045, 2444 MHz, 79, 67.44 W, 96 %
2026/08/30 01:29:32.046, 2457 MHz, 75, 54.58 W, 95 %
2026/08/30 01:29:37.047, 2457 MHz, 75, 46.98 W, 95 %
2026/08/30 01:29:42.048, 2457 MHz, 75, 46.77 W, 95 %
2026/08/30 01:29:47.049, 2450 MHz, 82, 67.39 W, 96 %
2026/08/30 01:29:52.050, 2457 MHz, 76, 49.49 W, 96 %
2026/08/30 01:29:57.051, 2457 MHz, 76, 53.95 W, 96 %
2026/08/30 01:30:02.052, 2457 MHz, 75, 57.98 W, 95 %
2026/08/30 01:30:07.053, 2463 MHz, 74, 46.56 W, 95 %
2026/08/30 01:30:12.054, 2457 MHz, 74, 46.32 W, 95 %
2026/08/30 01:30:17.054, 2463 MHz, 71, 30.65 W, 96 %
2026/08/30 01:30:22.055, 2476 MHz, 72, 36.60 W, 96 %
2026/08/30 01:30:27.056, 2483 MHz, 69, 28.70 W, 96 %
2026/08/30 01:30:32.057, 2476 MHz, 76, 42.70 W, 96 %
2026/08/30 01:30:37.059, 2476 MHz, 70, 42.33 W, 96 %
2026/08/30 01:30:42.060, 2457 MHz, 73, 62.56 W, 96 %
2026/08/30 01:30:47.061, 2457 MHz, 75, 65.29 W, 96 %
2026/08/30 01:30:52.062, 2457 MHz, 77, 65.50 W, 96 %
2026/08/30 01:30:57.063, 2457 MHz, 79, 64.62 W, 96 %
2026/08/30 01:31:02.063, 2463 MHz, 74, 48.83 W, 96 %
2026/08/30 01:31:07.064, 2463 MHz, 73, 41.38 W, 95 %
2026/08/30 01:31:12.065, 2463 MHz, 73, 48.98 W, 95 %
2026/08/30 01:31:17.067, 2463 MHz, 71, 39.82 W, 78 %
2026/08/30 01:31:22.068, 2450 MHz, 76, 63.93 W, 96 %
2026/08/30 01:31:27.069, 2457 MHz, 78, 64.23 W, 96 %
2026/08/30 01:31:32.070, 2450 MHz, 78, 65.50 W, 96 %
2026/08/30 01:31:37.071, 2457 MHz, 80, 65.64 W, 96 %
2026/08/30 01:31:42.072, 2457 MHz, 75, 42.92 W, 96 %
2026/08/30 01:31:47.074, 2450 MHz, 77, 65.12 W, 96 %
2026/08/30 01:31:52.075, 2463 MHz, 73, 41.25 W, 95 %
2026/08/30 01:31:57.076, 2463 MHz, 74, 46.02 W, 95 %
2026/08/30 01:32:02.077, 2463 MHz, 74, 49.16 W, 95 %
2026/08/30 01:32:07.077, 2450 MHz, 75, 67.11 W, 96 %
2026/08/30 01:32:12.078, 2450 MHz, 77, 65.32 W, 96 %
2026/08/30 01:32:17.078, 2457 MHz, 75, 58.24 W, 96 %
2026/08/30 01:32:22.079, 2450 MHz, 75, 65.39 W, 96 %
2026/08/30 01:32:27.081, 2457 MHz, 80, 65.68 W, 96 %
2026/08/30 01:32:32.081, 2463 MHz, 75, 45.97 W, 96 %
2026/08/30 01:32:37.082, 2457 MHz, 77, 65.69 W, 96 %
2026/08/30 01:32:42.083, 2457 MHz, 75, 61.52 W, 96 %
2026/08/30 01:32:47.084, 2463 MHz, 74, 48.83 W, 95 %
2026/08/30 01:32:52.085, 2463 MHz, 74, 49.03 W, 95 %
2026/08/30 01:32:57.085, 2457 MHz, 76, 46.55 W, 96 %
2026/08/30 01:33:02.086, 2457 MHz, 79, 58.69 W, 96 %
2026/08/30 01:33:07.087, 2457 MHz, 75, 61.69 W, 96 %
2026/08/30 01:33:12.087, 2470 MHz, 73, 42.47 W, 96 %
2026/08/30 01:33:17.088, 2450 MHz, 76, 63.74 W, 96 %
2026/08/30 01:33:22.089, 2457 MHz, 75, 65.60 W, 96 %
2026/08/30 01:33:27.090, 2450 MHz, 78, 64.84 W, 96 %
2026/08/30 01:33:32.091, 2450 MHz, 78, 68.54 W, 96 %
2026/08/30 01:33:37.092, 2463 MHz, 73, 41.65 W, 95 %
2026/08/30 01:33:42.093, 2463 MHz, 74, 49.01 W, 95 %
2026/08/30 01:33:47.094, 2463 MHz, 73, 42.20 W, 96 %
2026/08/30 01:33:52.095, 2457 MHz, 77, 64.34 W, 96 %
2026/08/30 01:33:57.096, 2457 MHz, 77, 65.31 W, 96 %
2026/08/30 01:34:02.097, 2457 MHz, 77, 64.03 W, 96 %
2026/08/30 01:34:07.097, 2457 MHz, 78, 66.09 W, 96 %
2026/08/30 01:34:12.098, 2457 MHz, 75, 47.78 W, 96 %
2026/08/30 01:34:17.099, 2450 MHz, 78, 65.20 W, 96 %
2026/08/30 01:34:22.100, 2457 MHz, 75, 59.40 W, 95 %
2026/08/30 01:34:27.101, 2463 MHz, 73, 41.84 W, 95 %
2026/08/30 01:34:32.102, 2463 MHz, 75, 49.17 W, 95 %
2026/08/30 01:34:37.103, 2463 MHz, 74, 48.57 W, 95 %
2026/08/30 01:34:42.104, 2457 MHz, 76, 64.83 W, 96 %
2026/08/30 01:34:47.105, 2457 MHz, 74, 56.33 W, 96 %
2026/08/30 01:34:52.106, 2457 MHz, 79, 64.49 W, 96 %
2026/08/30 01:34:57.107, 2457 MHz, 74, 65.02 W, 96 %
2026/08/30 01:35:02.108, 2470 MHz, 70, 40.54 W, 96 %
2026/08/30 01:35:07.109, 2457 MHz, 74, 59.24 W, 96 %
2026/08/30 01:35:12.110, 2457 MHz, 73, 66.86 W, 96 %
2026/08/30 01:35:17.111, 2463 MHz, 72, 48.37 W, 95 %
2026/08/30 01:35:22.112, 2463 MHz, 72, 48.48 W, 95 %
2026/08/30 01:35:27.112, 2483 MHz, 71, 41.70 W, 95 %
2026/08/30 01:35:32.113, 2457 MHz, 78, 62.58 W, 96 %
2026/08/30 01:35:37.115, 2457 MHz, 75, 64.54 W, 96 %
2026/08/30 01:35:42.116, 2476 MHz, 69, 41.96 W, 96 %
2026/08/30 01:35:47.117, 2457 MHz, 73, 63.21 W, 96 %
2026/08/30 01:35:52.119, 2457 MHz, 71, 62.56 W, 96 %
2026/08/30 01:35:57.119, 2457 MHz, 75, 64.84 W, 96 %
2026/08/30 01:36:02.121, 2470 MHz, 70, 45.07 W, 96 %
2026/08/30 01:36:07.121, 2483 MHz, 72, 48.09 W, 96 %
2026/08/30 01:36:12.122, 2470 MHz, 72, 48.34 W, 96 %
2026/08/30 01:36:17.123, 2483 MHz, 71, 43.04 W, 95 %
2026/08/30 01:36:22.124, 2463 MHz, 74, 54.08 W, 96 %
2026/08/30 01:36:27.125, 2457 MHz, 74, 64.28 W, 96 %
2026/08/30 01:36:32.125, 2457 MHz, 76, 64.68 W, 96 %
2026/08/30 01:36:37.126, 2450 MHz, 74, 59.66 W, 96 %
2026/08/30 01:36:42.126, 2450 MHz, 77, 63.65 W, 96 %
2026/08/30 01:36:47.128, 2450 MHz, 77, 66.96 W, 96 %
2026/08/30 01:36:52.129, 2444 MHz, 78, 68.79 W, 96 %
2026/08/30 01:36:57.130, 2463 MHz, 76, 42.28 W, 96 %
2026/08/30 01:37:02.130, 2463 MHz, 77, 49.83 W, 96 %
2026/08/30 01:37:07.130, 2463 MHz, 77, 50.04 W, 96 %
2026/08/30 01:37:12.131, 2450 MHz, 83, 65.58 W, 96 %
2026/08/30 01:37:17.131, 2457 MHz, 81, 46.04 W, 96 %
2026/08/30 01:37:22.133, 2450 MHz, 77, 66.17 W, 96 %
2026/08/30 01:37:27.133, 2450 MHz, 83, 66.42 W, 96 %
2026/08/30 01:37:32.134, 2450 MHz, 81, 65.14 W, 96 %
2026/08/30 01:37:37.134, 2463 MHz, 73, 43.45 W, 96 %
2026/08/30 01:37:42.135, 2450 MHz, 81, 66.14 W, 96 %
2026/08/30 01:37:47.135, 2463 MHz, 76, 49.48 W, 95 %
2026/08/30 01:37:52.136, 2463 MHz, 74, 41.92 W, 95 %
2026/08/30 01:37:57.137, 2463 MHz, 75, 49.45 W, 95 %
2026/08/30 01:38:02.137, 2450 MHz, 77, 64.63 W, 96 %
2026/08/30 01:38:07.139, 2450 MHz, 77, 65.24 W, 96 %
2026/08/30 01:38:12.140, 2457 MHz, 73, 42.06 W, 96 %
2026/08/30 01:38:17.140, 2450 MHz, 80, 63.02 W, 96 %
2026/08/30 01:38:22.142, 2457 MHz, 76, 65.58 W, 96 %
2026/08/30 01:38:27.142, 2457 MHz, 74, 51.12 W, 96 %
2026/08/30 01:38:32.143, 2457 MHz, 77, 65.28 W, 96 %
2026/08/30 01:38:37.144, 2463 MHz, 75, 49.14 W, 95 %
2026/08/30 01:38:42.145, 2463 MHz, 75, 49.34 W, 95 %
2026/08/30 01:38:47.145, 2463 MHz, 75, 49.15 W, 95 %
2026/08/30 01:38:52.146, 2457 MHz, 78, 50.47 W, 96 %
2026/08/30 01:38:57.147, 2450 MHz, 81, 65.68 W, 96 %
2026/08/30 01:39:02.148, 2457 MHz, 80, 65.20 W, 96 %
2026/08/30 01:39:07.149, 2457 MHz, 81, 53.15 W, 96 %
2026/08/30 01:39:12.150, 2450 MHz, 76, 65.32 W, 96 %
2026/08/30 01:39:17.150, 2450 MHz, 82, 64.27 W, 96 %
2026/08/30 01:39:22.151, 2450 MHz, 80, 68.74 W, 96 %
2026/08/30 01:39:27.152, 2463 MHz, 75, 42.23 W, 95 %
2026/08/30 01:39:32.153, 2463 MHz, 75, 45.46 W, 96 %
2026/08/30 01:39:37.153, 2463 MHz, 75, 49.42 W, 95 %
2026/08/30 01:39:42.154, 2457 MHz, 76, 50.07 W, 96 %
2026/08/30 01:39:47.155, 2450 MHz, 81, 64.81 W, 96 %
2026/08/30 01:39:52.156, 2450 MHz, 82, 65.07 W, 96 %
2026/08/30 01:39:57.156, 2450 MHz, 82, 64.03 W, 96 %
2026/08/30 01:40:02.157, 2450 MHz, 78, 66.85 W, 96 %
2026/08/30 01:40:07.159, 2457 MHz, 74, 46.24 W, 96 %
2026/08/30 01:40:12.160, 2450 MHz, 77, 67.97 W, 96 %
2026/08/30 01:40:17.161, 2463 MHz, 74, 41.59 W, 96 %
2026/08/30 01:40:22.162, 2463 MHz, 75, 48.99 W, 95 %
2026/08/30 01:40:27.162, 2463 MHz, 75, 49.06 W, 95 %
2026/08/30 01:40:32.164, 2450 MHz, 81, 64.17 W, 96 %
2026/08/30 01:40:37.165, 2457 MHz, 76, 64.85 W, 96 %
2026/08/30 01:40:42.165, 2457 MHz, 76, 62.92 W, 96 %
2026/08/30 01:40:47.166, 2463 MHz, 76, 41.16 W, 96 %
2026/08/30 01:40:52.167, 2457 MHz, 76, 57.20 W, 96 %
2026/08/30 01:40:57.167, 2457 MHz, 76, 66.04 W, 96 %
2026/08/30 01:41:02.168, 2457 MHz, 76, 65.81 W, 96 %
2026/08/30 01:41:07.169, 2463 MHz, 74, 51.24 W, 96 %
2026/08/30 01:41:12.170, 2463 MHz, 75, 49.12 W, 96 %
2026/08/30 01:41:17.170, 2463 MHz, 75, 49.11 W, 95 %
2026/08/30 01:41:22.171, 2463 MHz, 71, 45.75 W, 96 %
2026/08/30 01:41:27.172, 2457 MHz, 73, 63.41 W, 96 %
2026/08/30 01:41:32.173, 2463 MHz, 78, 47.83 W, 96 %
2026/08/30 01:41:37.174, 2457 MHz, 73, 63.49 W, 96 %
2026/08/30 01:41:42.175, 2457 MHz, 78, 65.52 W, 96 %
2026/08/30 01:41:47.176, 2457 MHz, 75, 64.66 W, 96 %
2026/08/30 01:41:52.177, 2457 MHz, 73, 63.66 W, 96 %
2026/08/30 01:41:57.178, 2463 MHz, 73, 48.08 W, 95 %
2026/08/30 01:42:02.178, 2483 MHz, 71, 40.92 W, 95 %
2026/08/30 01:42:07.179, 2483 MHz, 71, 41.46 W, 95 %
2026/08/30 01:42:12.180, 2476 MHz, 71, 46.70 W, 95 %
2026/08/30 01:42:17.180, 2457 MHz, 73, 62.56 W, 96 %
2026/08/30 01:42:22.181, 2457 MHz, 73, 63.48 W, 96 %
2026/08/30 01:42:27.182, 2457 MHz, 75, 64.76 W, 96 %
2026/08/30 01:42:32.183, 2457 MHz, 76, 64.62 W, 96 %
2026/08/30 01:42:37.184, 2470 MHz, 71, 44.41 W, 96 %
2026/08/30 01:42:42.185, 2470 MHz, 70, 44.22 W, 96 %
2026/08/30 01:42:47.186, 2457 MHz, 73, 64.42 W, 96 %
2026/08/30 01:42:52.187, 2483 MHz, 71, 47.91 W, 95 %
2026/08/30 01:42:57.188, 2483 MHz, 71, 47.93 W, 95 %
2026/08/30 01:43:02.189, 2450 MHz, 74, 57.51 W, 95 %
2026/08/30 01:43:07.190, 2450 MHz, 78, 62.36 W, 96 %
2026/08/30 01:43:12.191, 2457 MHz, 73, 64.93 W, 96 %
2026/08/30 01:43:17.192, 2476 MHz, 73, 42.07 W, 96 %
2026/08/30 01:43:22.193, 2457 MHz, 75, 57.19 W, 96 %
2026/08/30 01:43:27.194, 2450 MHz, 75, 65.38 W, 96 %
2026/08/30 01:43:32.195, 2457 MHz, 76, 65.00 W, 96 %
2026/08/30 01:43:37.196, 2463 MHz, 75, 54.39 W, 95 %
2026/08/30 01:43:42.197, 2463 MHz, 76, 49.24 W, 96 %
2026/08/30 01:43:47.198, 2463 MHz, 76, 49.47 W, 95 %
2026/08/30 01:43:52.199, 2457 MHz, 78, 64.09 W, 96 %
2026/08/30 01:43:57.200, 2463 MHz, 77, 42.84 W, 96 %
2026/08/30 01:44:02.200, 2450 MHz, 79, 66.17 W, 96 %
2026/08/30 01:44:07.202, 2450 MHz, 79, 64.97 W, 96 %
2026/08/30 01:44:12.203, 2444 MHz, 81, 66.72 W, 96 %
2026/08/30 01:44:17.204, 2444 MHz, 81, 67.13 W, 96 %
2026/08/30 01:44:22.205, 2444 MHz, 80, 66.42 W, 96 %
2026/08/30 01:44:27.206, 2463 MHz, 78, 49.76 W, 95 %
2026/08/30 01:44:32.207, 2463 MHz, 76, 41.98 W, 96 %
2026/08/30 01:44:37.208, 2463 MHz, 76, 49.68 W, 96 %
2026/08/30 01:44:42.208, 2444 MHz, 79, 68.15 W, 96 %
2026/08/30 01:44:47.209, 2450 MHz, 83, 64.44 W, 96 %
2026/08/30 01:44:52.209, 2450 MHz, 80, 66.23 W, 96 %
2026/08/30 01:44:57.210, 2457 MHz, 79, 66.11 W, 96 %
2026/08/30 01:45:02.211, 2450 MHz, 82, 64.20 W, 96 %
2026/08/30 01:45:07.212, 2457 MHz, 76, 47.13 W, 96 %
2026/08/30 01:45:12.213, 2457 MHz, 76, 49.24 W, 96 %
2026/08/30 01:45:17.213, 2463 MHz, 75, 49.14 W, 95 %
2026/08/30 01:45:22.215, 2463 MHz, 76, 49.41 W, 95 %
2026/08/30 01:45:27.216, 2463 MHz, 76, 49.49 W, 95 %
2026/08/30 01:45:32.217, 2450 MHz, 80, 64.52 W, 96 %
2026/08/30 01:45:37.218, 2450 MHz, 77, 64.03 W, 96 %
2026/08/30 01:45:42.219, 2457 MHz, 79, 61.32 W, 96 %
2026/08/30 01:45:47.220, 2463 MHz, 73, 43.05 W, 96 %
2026/08/30 01:45:52.221, 2457 MHz, 79, 64.70 W, 96 %
2026/08/30 01:45:57.222, 2457 MHz, 76, 65.17 W, 96 %
2026/08/30 01:46:02.223, 2450 MHz, 77, 66.98 W, 96 %
2026/08/30 01:46:07.225, 2457 MHz, 76, 64.95 W, 96 %
2026/08/30 01:46:12.225, 2450 MHz, 77, 65.19 W, 96 %
2026/08/30 01:46:17.226, 2450 MHz, 79, 64.85 W, 96 %
2026/08/30 01:46:22.227, 2457 MHz, 76, 44.92 W, 96 %
2026/08/30 01:46:27.228, 2450 MHz, 77, 65.66 W, 96 %
2026/08/30 01:46:32.229, 2450 MHz, 79, 65.41 W, 96 %
2026/08/30 01:46:37.230, 2450 MHz, 77, 66.66 W, 96 %
2026/08/30 01:46:42.231, 2483 MHz, 69, 20.10 W, 0 %
2026/08/30 01:46:47.232, 2463 MHz, 72, 52.15 W, 95 %
2026/08/30 01:46:52.232, 2463 MHz, 74, 50.65 W, 96 %
2026/08/30 01:46:57.234, 2463 MHz, 75, 51.14 W, 96 %
2026/08/30 01:47:02.235, 2463 MHz, 75, 51.32 W, 96 %
2026/08/30 01:47:07.236, 2450 MHz, 76, 65.45 W, 96 %
2026/08/30 01:47:12.237, 2450 MHz, 77, 65.33 W, 96 %
2026/08/30 01:47:17.237, 2463 MHz, 75, 54.88 W, 96 %
2026/08/30 01:47:22.238, 2457 MHz, 72, 45.90 W, 96 %
2026/08/30 01:47:27.238, 2450 MHz, 78, 65.32 W, 96 %
2026/08/30 01:47:32.239, 2457 MHz, 81, 65.50 W, 96 %
2026/08/30 01:47:37.240, 2450 MHz, 80, 65.01 W, 96 %
2026/08/30 01:47:42.241, 2450 MHz, 77, 65.81 W, 96 %
2026/08/30 01:47:47.241, 2450 MHz, 82, 66.01 W, 96 %
2026/08/30 01:47:52.243, 2450 MHz, 76, 65.46 W, 96 %
2026/08/30 01:47:57.244, 2457 MHz, 77, 46.24 W, 96 %
2026/08/30 01:48:02.245, 2457 MHz, 75, 65.43 W, 96 %
2026/08/30 01:48:07.245, 2450 MHz, 76, 66.12 W, 96 %
2026/08/30 01:48:12.247, 2450 MHz, 77, 65.68 W, 96 %
2026/08/30 01:48:17.248, 2463 MHz, 77, 51.86 W, 96 %
2026/08/30 01:48:22.248, 2463 MHz, 77, 51.90 W, 95 %
2026/08/30 01:48:27.250, 2463 MHz, 74, 42.23 W, 96 %
2026/08/30 01:48:32.251, 2463 MHz, 75, 51.64 W, 96 %
2026/08/30 01:48:37.252, 2450 MHz, 74, 49.89 W, 96 %
2026/08/30 01:48:42.253, 2457 MHz, 74, 62.05 W, 96 %
2026/08/30 01:48:47.254, 2457 MHz, 75, 65.40 W, 96 %
2026/08/30 01:48:52.255, 2457 MHz, 78, 65.33 W, 96 %
2026/08/30 01:48:57.256, 2457 MHz, 78, 64.89 W, 96 %
2026/08/30 01:49:02.257, 2457 MHz, 73, 47.03 W, 96 %
2026/08/30 01:49:07.257, 2457 MHz, 74, 64.17 W, 96 %
2026/08/30 01:49:12.258, 2463 MHz, 71, 42.32 W, 96 %
2026/08/30 01:49:17.259, 2463 MHz, 74, 51.52 W, 96 %
2026/08/30 01:49:22.259, 2457 MHz, 74, 63.18 W, 96 %
2026/08/30 01:49:27.260, 2450 MHz, 76, 65.76 W, 96 %
2026/08/30 01:49:32.261, 2457 MHz, 73, 64.45 W, 96 %
2026/08/30 01:49:37.262, 2457 MHz, 77, 64.50 W, 96 %
2026/08/30 01:49:42.263, 2457 MHz, 77, 62.19 W, 96 %
2026/08/30 01:49:47.264, 2463 MHz, 73, 51.05 W, 96 %
2026/08/30 01:49:52.265, 2483 MHz, 71, 41.88 W, 96 %
2026/08/30 01:49:57.266, 2463 MHz, 72, 50.53 W, 95 %
2026/08/30 01:50:02.267, 2463 MHz, 72, 50.73 W, 95 %
2026/08/30 01:50:07.268, 2483 MHz, 72, 47.41 W, 95 %
2026/08/30 01:50:12.268, 2457 MHz, 78, 62.75 W, 96 %
2026/08/30 01:50:17.269, 2476 MHz, 71, 45.51 W, 96 %
2026/08/30 01:50:22.270, 2457 MHz, 73, 63.80 W, 96 %
2026/08/30 01:50:27.270, 2457 MHz, 75, 63.41 W, 96 %
2026/08/30 01:50:32.271, 2470 MHz, 69, 44.37 W, 96 %
2026/08/30 01:50:37.271, 2457 MHz, 76, 63.76 W, 96 %
2026/08/30 01:50:42.272, 2457 MHz, 74, 63.11 W, 96 %
2026/08/30 01:50:47.273, 2457 MHz, 72, 63.28 W, 96 %
2026/08/30 01:50:52.274, 2470 MHz, 71, 44.33 W, 96 %
2026/08/30 01:50:57.275, 2457 MHz, 73, 64.42 W, 96 %
2026/08/30 01:51:02.276, 2457 MHz, 78, 63.94 W, 96 %
2026/08/30 01:51:07.276, 2476 MHz, 70, 48.94 W, 96 %
2026/08/30 01:51:12.277, 2476 MHz, 73, 45.03 W, 96 %
2026/08/30 01:51:17.278, 2457 MHz, 73, 66.08 W, 96 %
2026/08/30 01:51:22.279, 2463 MHz, 72, 50.67 W, 96 %
2026/08/30 01:51:27.280, 2483 MHz, 71, 43.70 W, 96 %
2026/08/30 01:51:32.280, 2483 MHz, 72, 45.63 W, 96 %
2026/08/30 01:51:37.282, 2463 MHz, 72, 50.58 W, 95 %
2026/08/30 01:51:42.283, 2457 MHz, 75, 64.12 W, 96 %
2026/08/30 01:51:47.284, 2470 MHz, 77, 39.85 W, 96 %
2026/08/30 01:51:52.285, 2457 MHz, 76, 62.83 W, 96 %
2026/08/30 01:51:57.285, 2457 MHz, 75, 65.02 W, 96 %
2026/08/30 01:52:02.286, 2457 MHz, 76, 65.04 W, 96 %
2026/08/30 01:52:07.287, 2457 MHz, 75, 45.53 W, 96 %
2026/08/30 01:52:12.288, 2450 MHz, 78, 64.91 W, 96 %
2026/08/30 01:52:17.288, 2450 MHz, 77, 64.55 W, 96 %
2026/08/30 01:52:22.290, 2444 MHz, 83, 66.23 W, 96 %
2026/08/30 01:52:27.290, 2457 MHz, 77, 43.16 W, 96 %
2026/08/30 01:52:32.291, 2450 MHz, 79, 64.67 W, 96 %
2026/08/30 01:52:37.292, 2450 MHz, 78, 66.68 W, 96 %
2026/08/30 01:52:42.293, 2457 MHz, 75, 46.88 W, 96 %
2026/08/30 01:52:47.294, 2450 MHz, 82, 66.76 W, 96 %
2026/08/30 01:52:52.295, 2463 MHz, 77, 58.48 W, 95 %
2026/08/30 01:52:57.296, 2463 MHz, 77, 51.84 W, 96 %
2026/08/30 01:53:02.297, 2463 MHz, 74, 42.83 W, 96 %
2026/08/30 01:53:07.298, 2463 MHz, 75, 47.35 W, 96 %
2026/08/30 01:53:12.299, 2463 MHz, 74, 49.81 W, 95 %
2026/08/30 01:53:17.299, 2457 MHz, 75, 50.90 W, 96 %
2026/08/30 01:53:22.300, 2457 MHz, 75, 63.45 W, 96 %
2026/08/30 01:53:27.301, 2457 MHz, 74, 64.45 W, 96 %
2026/08/30 01:53:32.302, 2457 MHz, 75, 63.84 W, 96 %
2026/08/30 01:53:37.303, 2457 MHz, 75, 65.51 W, 96 %
2026/08/30 01:53:42.304, 2470 MHz, 69, 40.66 W, 96 %
2026/08/30 01:53:47.305, 2457 MHz, 72, 64.21 W, 96 %
2026/08/30 01:53:52.306, 2457 MHz, 74, 63.90 W, 96 %
2026/08/30 01:53:57.307, 2457 MHz, 72, 55.42 W, 96 %
2026/08/30 01:54:02.308, 2457 MHz, 73, 63.95 W, 96 %
2026/08/30 01:54:07.309, 2457 MHz, 76, 64.87 W, 96 %
2026/08/30 01:54:12.311, 2457 MHz, 75, 64.04 W, 96 %
2026/08/30 01:54:17.311, 2463 MHz, 72, 58.87 W, 96 %
2026/08/30 01:54:22.312, 2463 MHz, 74, 51.26 W, 96 %
2026/08/30 01:54:27.313, 2463 MHz, 72, 50.74 W, 96 %
2026/08/30 01:54:32.314, 2483 MHz, 71, 41.65 W, 96 %
2026/08/30 01:54:37.315, 2463 MHz, 72, 50.52 W, 95 %
2026/08/30 01:54:42.316, 2463 MHz, 72, 50.92 W, 96 %
2026/08/30 01:54:47.317, 2457 MHz, 75, 63.63 W, 96 %
2026/08/30 01:54:52.318, 2457 MHz, 75, 64.25 W, 96 %
2026/08/30 01:54:57.319, 2476 MHz, 71, 41.46 W, 96 %
2026/08/30 01:55:02.321, 2457 MHz, 76, 64.22 W, 96 %
2026/08/30 01:55:07.322, 2457 MHz, 72, 61.77 W, 96 %
2026/08/30 01:55:12.323, 2457 MHz, 72, 65.05 W, 96 %
2026/08/30 01:55:17.325, 2457 MHz, 75, 65.02 W, 96 %
2026/08/30 01:55:22.326, 2457 MHz, 75, 64.73 W, 96 %
2026/08/30 01:55:27.327, 2450 MHz, 77, 65.45 W, 96 %
2026/08/30 01:55:32.328, 2450 MHz, 75, 64.11 W, 96 %
2026/08/30 01:55:37.329, 2463 MHz, 72, 41.40 W, 96 %
2026/08/30 01:55:42.329, 2450 MHz, 78, 66.40 W, 96 %
2026/08/30 01:55:47.330, 2457 MHz, 74, 46.12 W, 96 %
2026/08/30 01:55:52.332, 2450 MHz, 80, 66.38 W, 96 %
2026/08/30 01:55:57.333, 2450 MHz, 78, 64.10 W, 96 %
2026/08/30 01:56:02.333, 2463 MHz, 77, 52.17 W, 95 %
2026/08/30 01:56:07.334, 2463 MHz, 77, 52.35 W, 96 %
2026/08/30 01:56:12.334, 2463 MHz, 76, 43.03 W, 95 %
2026/08/30 01:56:17.335, 2457 MHz, 76, 47.11 W, 96 %
2026/08/30 01:56:22.335, 2463 MHz, 76, 42.77 W, 96 %
2026/08/30 01:56:27.336, 2450 MHz, 77, 66.40 W, 96 %
2026/08/30 01:56:32.338, 2457 MHz, 76, 64.81 W, 96 %
2026/08/30 01:56:37.338, 2450 MHz, 78, 64.49 W, 96 %
2026/08/30 01:56:42.339, 2450 MHz, 81, 67.17 W, 96 %
2026/08/30 01:56:47.340, 2450 MHz, 77, 65.84 W, 96 %
2026/08/30 01:56:52.341, 2463 MHz, 72, 41.35 W, 96 %
2026/08/30 01:56:57.342, 2457 MHz, 74, 46.12 W, 96 %
2026/08/30 01:57:02.343, 2450 MHz, 76, 65.21 W, 96 %
2026/08/30 01:57:07.344, 2450 MHz, 80, 65.54 W, 96 %
2026/08/30 01:57:12.345, 2457 MHz, 80, 64.94 W, 96 %
2026/08/30 01:57:17.346, 2457 MHz, 75, 64.05 W, 96 %
2026/08/30 01:57:22.346, 2457 MHz, 77, 66.34 W, 96 %
2026/08/30 01:57:27.347, 2457 MHz, 76, 58.36 W, 96 %
2026/08/30 01:57:32.347, 2463 MHz, 74, 42.11 W, 96 %
2026/08/30 01:57:37.349, 2463 MHz, 74, 42.51 W, 96 %
2026/08/30 01:57:42.350, 2463 MHz, 75, 51.99 W, 96 %
2026/08/30 01:57:47.351, 2463 MHz, 75, 51.87 W, 95 %
2026/08/30 01:57:52.352, 2450 MHz, 77, 64.85 W, 96 %
2026/08/30 01:57:57.352, 2457 MHz, 79, 64.62 W, 96 %
2026/08/30 01:58:02.353, 2450 MHz, 83, 65.45 W, 96 %
2026/08/30 01:58:07.354, 2463 MHz, 74, 40.98 W, 96 %
2026/08/30 01:58:12.354, 2463 MHz, 73, 43.38 W, 96 %
2026/08/30 01:58:17.355, 2457 MHz, 78, 65.21 W, 96 %
2026/08/30 01:58:22.356, 2457 MHz, 75, 64.49 W, 96 %
2026/08/30 01:58:27.357, 2450 MHz, 81, 64.98 W, 96 %
2026/08/30 01:58:32.357, 2457 MHz, 76, 65.12 W, 96 %
2026/08/30 01:58:37.358, 2450 MHz, 81, 65.47 W, 96 %
2026/08/30 01:58:42.358, 2457 MHz, 76, 64.96 W, 96 %
2026/08/30 01:58:47.359, 2463 MHz, 72, 41.01 W, 96 %
2026/08/30 01:58:52.360, 2457 MHz, 75, 66.04 W, 96 %
2026/08/30 01:58:57.360, 2450 MHz, 81, 66.73 W, 96 %
2026/08/30 01:59:02.361, 2463 MHz, 76, 51.70 W, 96 %
2026/08/30 01:59:07.361, 2463 MHz, 76, 51.77 W, 95 %
2026/08/30 01:59:12.362, 2463 MHz, 76, 51.84 W, 96 %
2026/08/30 01:59:17.363, 2463 MHz, 75, 50.69 W, 96 %
2026/08/30 01:59:22.364, 2463 MHz, 76, 41.98 W, 96 %
2026/08/30 01:59:27.365, 2457 MHz, 81, 59.45 W, 96 %
2026/08/30 01:59:32.366, 2457 MHz, 77, 65.79 W, 96 %
2026/08/30 01:59:37.367, 2457 MHz, 77, 65.01 W, 96 %
2026/08/30 01:59:42.368, 2450 MHz, 81, 64.59 W, 96 %
2026/08/30 01:59:47.368, 2450 MHz, 78, 66.10 W, 96 %
2026/08/30 01:59:52.369, 2450 MHz, 79, 65.81 W, 96 %
2026/08/30 01:59:57.370, 2457 MHz, 76, 55.71 W, 96 %
2026/08/30 02:00:02.371, 2457 MHz, 72, 41.87 W, 96 %
2026/08/30 02:00:07.372, 2457 MHz, 75, 65.34 W, 96 %
2026/08/30 02:00:12.373, 2457 MHz, 77, 65.31 W, 96 %
2026/08/30 02:00:17.374, 2457 MHz, 78, 66.12 W, 96 %
2026/08/30 02:00:22.375, 2450 MHz, 77, 65.05 W, 96 %
2026/08/30 02:00:27.376, 2450 MHz, 77, 66.34 W, 96 %
2026/08/30 02:00:32.377, 2463 MHz, 76, 51.67 W, 95 %
2026/08/30 02:00:37.377, 2463 MHz, 74, 42.48 W, 96 %
2026/08/30 02:00:42.378, 2463 MHz, 73, 42.07 W, 95 %
2026/08/30 02:00:47.379, 2463 MHz, 75, 51.72 W, 96 %
2026/08/30 02:00:52.380, 2450 MHz, 78, 67.35 W, 96 %
2026/08/30 02:00:57.381, 2450 MHz, 78, 65.72 W, 96 %
2026/08/30 02:01:02.382, 2457 MHz, 76, 65.07 W, 96 %
2026/08/30 02:01:07.383, 2457 MHz, 76, 64.45 W, 96 %
2026/08/30 02:01:12.384, 2457 MHz, 73, 47.28 W, 96 %
2026/08/30 02:01:17.385, 2457 MHz, 75, 65.14 W, 96 %
2026/08/30 02:01:22.385, 2450 MHz, 81, 63.70 W, 96 %
2026/08/30 02:01:27.386, 2450 MHz, 75, 65.14 W, 96 %
2026/08/30 02:01:32.387, 2457 MHz, 76, 64.25 W, 96 %
2026/08/30 02:01:37.387, 2450 MHz, 77, 64.10 W, 96 %
2026/08/30 02:01:42.388, 2463 MHz, 72, 43.29 W, 96 %
2026/08/30 02:01:47.389, 2463 MHz, 74, 55.93 W, 96 %
2026/08/30 02:01:52.390, 2457 MHz, 74, 65.47 W, 96 %
2026/08/30 02:01:57.390, 2457 MHz, 79, 66.10 W, 96 %
2026/08/30 02:02:02.392, 2463 MHz, 75, 51.62 W, 95 %
2026/08/30 02:02:07.392, 2463 MHz, 75, 50.92 W, 95 %
2026/08/30 02:02:12.393, 2463 MHz, 76, 51.87 W, 95 %
2026/08/30 02:02:17.394, 2463 MHz, 76, 51.89 W, 95 %
2026/08/30 02:02:22.395, 2457 MHz, 73, 49.83 W, 96 %
2026/08/30 02:02:27.396, 2457 MHz, 77, 53.12 W, 96 %
2026/08/30 02:02:32.397, 2450 MHz, 76, 65.26 W, 96 %
2026/08/30 02:02:37.398, 2457 MHz, 76, 64.68 W, 96 %
2026/08/30 02:02:42.399, 2457 MHz, 78, 65.11 W, 96 %
2026/08/30 02:02:47.400, 2450 MHz, 77, 65.04 W, 96 %
2026/08/30 02:02:52.401, 2450 MHz, 77, 65.48 W, 96 %
2026/08/30 02:02:57.402, 2463 MHz, 73, 43.85 W, 96 %
2026/08/30 02:03:02.403, 2463 MHz, 75, 41.31 W, 96 %
2026/08/30 02:03:07.403, 2450 MHz, 75, 65.30 W, 96 %
2026/08/30 02:03:12.403, 2450 MHz, 77, 65.54 W, 96 %
2026/08/30 02:03:17.405, 2450 MHz, 77, 65.37 W, 96 %
2026/08/30 02:03:22.406, 2457 MHz, 76, 64.82 W, 96 %
2026/08/30 02:03:27.406, 2450 MHz, 81, 67.96 W, 96 %
2026/08/30 02:03:32.407, 2463 MHz, 76, 51.75 W, 95 %
2026/08/30 02:03:37.408, 2463 MHz, 74, 41.85 W, 96 %
2026/08/30 02:03:42.408, 2463 MHz, 75, 49.23 W, 96 %
2026/08/30 02:03:47.409, 2463 MHz, 75, 51.64 W, 96 %
2026/08/30 02:03:52.410, 2450 MHz, 76, 64.78 W, 96 %
2026/08/30 02:03:57.411, 2457 MHz, 77, 65.36 W, 96 %
2026/08/30 02:04:02.412, 2457 MHz, 78, 65.57 W, 96 %
2026/08/30 02:04:07.413, 2450 MHz, 76, 64.02 W, 96 %
2026/08/30 02:04:12.413, 2450 MHz, 78, 66.76 W, 96 %
2026/08/30 02:04:17.414, 2463 MHz, 72, 40.70 W, 96 %
2026/08/30 02:04:22.415, 2457 MHz, 75, 65.02 W, 96 %
2026/08/30 02:04:27.416, 2450 MHz, 77, 64.07 W, 96 %
2026/08/30 02:04:32.417, 2457 MHz, 78, 65.29 W, 96 %
2026/08/30 02:04:37.418, 2457 MHz, 77, 66.29 W, 96 %
2026/08/30 02:04:42.419, 2450 MHz, 77, 64.25 W, 96 %
2026/08/30 02:04:47.420, 2450 MHz, 81, 66.47 W, 96 %
2026/08/30 02:04:52.421, 2457 MHz, 76, 46.59 W, 96 %
2026/08/30 02:04:57.422, 2463 MHz, 75, 45.05 W, 96 %
2026/08/30 02:05:02.423, 2463 MHz, 75, 51.71 W, 95 %
2026/08/30 02:05:07.424, 2463 MHz, 75, 51.62 W, 96 %
2026/08/30 02:05:12.425, 2463 MHz, 75, 51.87 W, 96 %
2026/08/30 02:05:17.426, 2463 MHz, 76, 51.82 W, 96 %
2026/08/30 02:05:22.427, 2450 MHz, 79, 64.93 W, 96 %
2026/08/30 02:05:27.427, 2457 MHz, 76, 46.77 W, 96 %
2026/08/30 02:05:32.428, 2463 MHz, 72, 39.67 W, 96 %
2026/08/30 02:05:37.429, 2470 MHz, 74, 43.00 W, 96 %
2026/08/30 02:05:42.429, 2476 MHz, 73, 39.69 W, 96 %
2026/08/30 02:05:47.430, 2457 MHz, 75, 64.16 W, 96 %
2026/08/30 02:05:52.431, 2457 MHz, 75, 65.59 W, 96 %
2026/08/30 02:05:57.432, 2457 MHz, 76, 64.65 W, 96 %
2026/08/30 02:06:02.433, 2457 MHz, 74, 48.17 W, 96 %
2026/08/30 02:06:07.434, 2457 MHz, 74, 63.67 W, 96 %
2026/08/30 02:06:12.435, 2450 MHz, 79, 64.30 W, 96 %
2026/08/30 02:06:17.436, 2457 MHz, 73, 62.70 W, 96 %
2026/08/30 02:06:22.437, 2470 MHz, 71, 39.43 W, 96 %
2026/08/30 02:06:27.438, 2457 MHz, 74, 64.05 W, 96 %
2026/08/30 02:06:32.439, 2450 MHz, 76, 65.87 W, 96 %
2026/08/30 02:06:37.440, 2457 MHz, 80, 66.10 W, 96 %
2026/08/30 02:06:42.441, 2463 MHz, 73, 42.29 W, 96 %
2026/08/30 02:06:47.442, 2463 MHz, 75, 51.15 W, 95 %
2026/08/30 02:06:52.442, 2463 MHz, 75, 51.61 W, 96 %
2026/08/30 02:06:57.443, 2463 MHz, 74, 44.82 W, 96 %
2026/08/30 02:07:02.444, 2463 MHz, 73, 48.08 W, 96 %
2026/08/30 02:07:07.445, 2457 MHz, 78, 65.75 W, 96 %
2026/08/30 02:07:12.445, 2457 MHz, 75, 65.66 W, 96 %
2026/08/30 02:07:17.446, 2457 MHz, 73, 45.85 W, 96 %
2026/08/30 02:07:22.447, 2457 MHz, 81, 65.55 W, 96 %
2026/08/30 02:07:27.448, 2450 MHz, 81, 66.19 W, 96 %
2026/08/30 02:07:32.449, 2457 MHz, 76, 64.05 W, 96 %
2026/08/30 02:07:37.450, 2463 MHz, 74, 43.17 W, 96 %
2026/08/30 02:07:42.451, 2470 MHz, 72, 42.44 W, 96 %
2026/08/30 02:07:47.452, 2457 MHz, 81, 63.67 W, 96 %
2026/08/30 02:07:52.453, 2457 MHz, 73, 47.75 W, 96 %
2026/08/30 02:07:57.454, 2450 MHz, 76, 64.37 W, 96 %
2026/08/30 02:08:02.455, 2450 MHz, 77, 65.34 W, 96 %
2026/08/30 02:08:07.456, 2457 MHz, 77, 66.10 W, 96 %
2026/08/30 02:08:12.457, 2463 MHz, 76, 51.92 W, 96 %
2026/08/30 02:08:17.457, 2463 MHz, 74, 42.34 W, 96 %
2026/08/30 02:08:22.458, 2463 MHz, 73, 42.07 W, 96 %
2026/08/30 02:08:27.459, 2463 MHz, 74, 51.45 W, 95 %
2026/08/30 02:08:32.460, 2463 MHz, 72, 42.24 W, 96 %
2026/08/30 02:08:37.461, 2457 MHz, 78, 67.07 W, 96 %
2026/08/30 02:08:42.462, 2457 MHz, 75, 63.14 W, 96 %
2026/08/30 02:08:47.463, 2457 MHz, 76, 64.91 W, 96 %
2026/08/30 02:08:52.464, 2457 MHz, 78, 64.88 W, 96 %
2026/08/30 02:08:57.465, 2476 MHz, 70, 41.56 W, 96 %
2026/08/30 02:09:02.467, 2476 MHz, 70, 41.16 W, 96 %
2026/08/30 02:09:07.467, 2470 MHz, 73, 44.96 W, 96 %
2026/08/30 02:09:12.468, 2457 MHz, 72, 64.41 W, 96 %
2026/08/30 02:09:17.469, 2457 MHz, 73, 63.08 W, 96 %
2026/08/30 02:09:22.470, 2457 MHz, 77, 63.03 W, 96 %
2026/08/30 02:09:27.471, 2457 MHz, 75, 64.83 W, 96 %
2026/08/30 02:09:32.471, 2457 MHz, 75, 64.85 W, 96 %
2026/08/30 02:09:37.473, 2470 MHz, 70, 41.99 W, 96 %
2026/08/30 02:09:42.473, 2476 MHz, 72, 45.24 W, 96 %
2026/08/30 02:09:47.474, 2457 MHz, 73, 66.05 W, 96 %
2026/08/30 02:09:52.475, 2483 MHz, 72, 50.43 W, 95 %
2026/08/30 02:09:57.475, 2483 MHz, 71, 50.34 W, 95 %
2026/08/30 02:10:02.476, 2463 MHz, 72, 50.49 W, 95 %
2026/08/30 02:10:07.476, 2470 MHz, 70, 46.20 W, 96 %
2026/08/30 02:10:12.477, 2457 MHz, 78, 62.48 W, 96 %
2026/08/30 02:10:17.478, 2476 MHz, 71, 43.98 W, 96 %
2026/08/30 02:10:22.479, 2470 MHz, 74, 48.35 W, 96 %
2026/08/30 02:10:27.480, 2463 MHz, 73, 63.99 W, 96 %
2026/08/30 02:10:32.481, 2457 MHz, 73, 62.67 W, 96 %
2026/08/30 02:10:37.482, 2457 MHz, 74, 64.73 W, 96 %
2026/08/30 02:10:42.483, 2457 MHz, 77, 65.49 W, 96 %
2026/08/30 02:10:47.484, 2457 MHz, 75, 63.60 W, 96 %
2026/08/30 02:10:52.485, 2457 MHz, 75, 54.47 W, 96 %
2026/08/30 02:10:57.486, 2463 MHz, 73, 43.10 W, 96 %
2026/08/30 02:11:02.486, 2450 MHz, 78, 58.73 W, 96 %
2026/08/30 02:11:07.487, 2450 MHz, 80, 65.04 W, 96 %
2026/08/30 02:11:12.487, 2450 MHz, 79, 64.24 W, 96 %
2026/08/30 02:11:17.488, 2450 MHz, 78, 67.42 W, 96 %
2026/08/30 02:11:22.489, 2463 MHz, 78, 52.31 W, 96 %
2026/08/30 02:11:27.490, 2463 MHz, 78, 52.14 W, 96 %
2026/08/30 02:11:32.491, 2463 MHz, 76, 43.15 W, 96 %
2026/08/30 02:11:37.492, 2463 MHz, 76, 43.27 W, 96 %
2026/08/30 02:11:42.493, 2463 MHz, 74, 42.00 W, 96 %
2026/08/30 02:11:47.494, 2450 MHz, 77, 64.63 W, 96 %
2026/08/30 02:11:52.495, 2450 MHz, 83, 65.57 W, 96 %
2026/08/30 02:11:57.496, 2450 MHz, 80, 65.78 W, 96 %
2026/08/30 02:12:02.497, 2450 MHz, 78, 65.79 W, 96 %
2026/08/30 02:12:07.497, 2450 MHz, 79, 64.88 W, 96 %
2026/08/30 02:12:12.499, 2450 MHz, 79, 65.87 W, 96 %
2026/08/30 02:12:17.499, 2457 MHz, 76, 46.51 W, 96 %
2026/08/30 02:12:22.500, 2463 MHz, 72, 42.97 W, 96 %
2026/08/30 02:12:27.501, 2450 MHz, 76, 64.68 W, 96 %
2026/08/30 02:12:32.502, 2450 MHz, 83, 65.89 W, 96 %
2026/08/30 02:12:37.502, 2450 MHz, 77, 65.57 W, 96 %
2026/08/30 02:12:42.503, 2450 MHz, 80, 64.85 W, 96 %
2026/08/30 02:12:47.504, 2450 MHz, 77, 61.09 W, 96 %
2026/08/30 02:12:52.505, 2463 MHz, 77, 59.47 W, 96 %
2026/08/30 02:12:57.505, 2463 MHz, 75, 43.09 W, 96 %
2026/08/30 02:13:02.506, 2463 MHz, 75, 42.96 W, 96 %
2026/08/30 02:13:07.508, 2463 MHz, 75, 51.79 W, 96 %
2026/08/30 02:13:12.509, 2463 MHz, 76, 51.95 W, 96 %
