2026/08/29 23:04:55.657, 2567 MHz, 53, 15.25 W, 0 %
2026/08/29 23:05:00.666, 2567 MHz, 53, 15.88 W, 0 %
2026/08/29 23:05:05.667, 2541 MHz, 58, 55.59 W, 96 %
2026/08/29 23:05:10.668, 2541 MHz, 58, 35.16 W, 95 %
2026/08/29 23:05:15.668, 2541 MHz, 59, 35.81 W, 94 %
2026/08/29 23:05:20.669, 2541 MHz, 60, 33.69 W, 95 %
2026/08/29 23:05:25.670, 2541 MHz, 60, 36.05 W, 94 %
2026/08/29 23:05:30.672, 2541 MHz, 61, 36.03 W, 95 %
2026/08/29 23:05:35.672, 2541 MHz, 62, 36.05 W, 94 %
2026/08/29 23:05:40.673, 2509 MHz, 67, 64.40 W, 96 %
2026/08/29 23:05:45.674, 2541 MHz, 63, 36.29 W, 94 %
2026/08/29 23:05:50.675, 2522 MHz, 64, 36.84 W, 95 %
2026/08/29 23:05:55.675, 2522 MHz, 64, 37.04 W, 94 %
2026/08/29 23:06:00.676, 2509 MHz, 69, 44.08 W, 95 %
2026/08/29 23:06:05.677, 2522 MHz, 65, 37.12 W, 94 %
2026/08/29 23:06:10.678, 2522 MHz, 65, 37.46 W, 94 %
2026/08/29 23:06:15.679, 2515 MHz, 67, 59.68 W, 96 %
2026/08/29 23:06:20.680, 2522 MHz, 66, 37.37 W, 94 %
2026/08/29 23:06:25.681, 2522 MHz, 66, 35.63 W, 94 %
2026/08/29 23:06:30.681, 2522 MHz, 67, 37.56 W, 95 %
2026/08/29 23:06:35.683, 2502 MHz, 72, 47.38 W, 94 %
2026/08/29 23:06:40.683, 2522 MHz, 67, 37.81 W, 95 %
2026/08/29 23:06:45.684, 2522 MHz, 67, 37.84 W, 94 %
2026/08/29 23:06:50.684, 2502 MHz, 69, 62.13 W, 96 %
2026/08/29 23:06:55.685, 2522 MHz, 68, 37.83 W, 94 %
2026/08/29 23:07:00.685, 2522 MHz, 68, 38.29 W, 94 %
2026/08/29 23:07:05.686, 2522 MHz, 69, 49.34 W, 95 %
2026/08/29 23:07:10.687, 2522 MHz, 68, 38.09 W, 95 %
2026/08/29 23:07:15.688, 2522 MHz, 69, 37.99 W, 94 %
2026/08/29 23:07:20.688, 2522 MHz, 69, 38.14 W, 94 %
2026/08/29 23:07:25.690, 2489 MHz, 74, 57.06 W, 96 %
2026/08/29 23:07:30.691, 2522 MHz, 69, 38.15 W, 94 %
2026/08/29 23:07:35.692, 2522 MHz, 69, 38.31 W, 94 %
2026/08/29 23:07:40.693, 2502 MHz, 71, 62.18 W, 96 %
2026/08/29 23:07:45.694, 2522 MHz, 70, 38.35 W, 94 %
2026/08/29 23:07:50.694, 2522 MHz, 70, 38.49 W, 93 %
2026/08/29 23:07:55.695, 2522 MHz, 70, 43.87 W, 94 %
2026/08/29 23:08:00.695, 2522 MHz, 70, 38.69 W, 93 %
2026/08/29 23:08:05.696, 2522 MHz, 70, 38.60 W, 94 %
2026/08/29 23:08:10.697, 2522 MHz, 70, 38.71 W, 94 %
2026/08/29 23:08:15.698, 2489 MHz, 75, 55.57 W, 96 %
2026/08/29 23:08:20.698, 2522 MHz, 70, 38.72 W, 94 %
2026/08/29 23:08:25.698, 2522 MHz, 71, 38.74 W, 94 %
2026/08/29 23:08:30.699, 2489 MHz, 76, 66.85 W, 95 %
2026/08/29 23:08:35.700, 2522 MHz, 71, 38.80 W, 95 %
2026/08/29 23:08:40.701, 2522 MHz, 71, 38.91 W, 93 %
2026/08/29 23:08:45.702, 2502 MHz, 72, 57.33 W, 96 %
2026/08/29 23:08:50.703, 2522 MHz, 72, 38.93 W, 95 %
2026/08/29 23:08:55.704, 2509 MHz, 71, 38.97 W, 94 %
2026/08/29 23:09:00.705, 2489 MHz, 78, 68.33 W, 96 %
2026/08/29 23:09:05.706, 2522 MHz, 72, 39.48 W, 94 %
2026/08/29 23:09:10.707, 2489 MHz, 77, 67.79 W, 96 %
2026/08/29 23:09:15.707, 2502 MHz, 73, 39.37 W, 94 %
2026/08/29 23:09:20.708, 2483 MHz, 78, 66.85 W, 96 %
2026/08/29 23:09:25.709, 2502 MHz, 73, 39.43 W, 94 %
2026/08/29 23:09:30.710, 2496 MHz, 77, 46.38 W, 94 %
2026/08/29 23:09:35.712, 2502 MHz, 74, 51.50 W, 95 %
2026/08/29 23:09:40.712, 2502 MHz, 73, 39.52 W, 94 %
2026/08/29 23:09:45.713, 2483 MHz, 79, 69.01 W, 96 %
2026/08/29 23:09:50.714, 2502 MHz, 73, 39.36 W, 94 %
2026/08/29 23:09:55.716, 2483 MHz, 79, 68.87 W, 96 %
2026/08/29 23:10:00.716, 2502 MHz, 74, 39.46 W, 94 %
2026/08/29 23:10:05.717, 2483 MHz, 79, 69.09 W, 96 %
2026/08/29 23:10:10.717, 2502 MHz, 74, 39.57 W, 95 %
2026/08/29 23:10:15.718, 2489 MHz, 79, 63.69 W, 96 %
2026/08/29 23:10:20.718, 2502 MHz, 74, 39.82 W, 95 %
2026/08/29 23:10:25.719, 2489 MHz, 78, 68.77 W, 96 %
2026/08/29 23:10:30.720, 2502 MHz, 74, 39.67 W, 94 %
2026/08/29 23:10:35.721, 2489 MHz, 79, 68.34 W, 96 %
2026/08/29 23:10:40.721, 2502 MHz, 75, 39.91 W, 95 %
2026/08/29 23:10:45.722, 2489 MHz, 77, 49.23 W, 93 %
2026/08/29 23:10:50.723, 2502 MHz, 75, 53.86 W, 96 %
2026/08/29 23:10:55.724, 2502 MHz, 74, 39.26 W, 94 %
2026/08/29 23:11:00.725, 2476 MHz, 80, 69.34 W, 96 %
2026/08/29 23:11:05.725, 2502 MHz, 74, 39.37 W, 94 %
2026/08/29 23:11:10.726, 2483 MHz, 80, 68.55 W, 96 %
2026/08/29 23:11:15.727, 2502 MHz, 74, 39.66 W, 94 %
2026/08/29 23:11:20.728, 2496 MHz, 79, 62.47 W, 96 %
2026/08/29 23:11:25.729, 2502 MHz, 75, 39.69 W, 95 %
2026/08/29 23:11:30.730, 2489 MHz, 79, 67.50 W, 96 %
2026/08/29 23:11:35.731, 2502 MHz, 75, 40.14 W, 94 %
2026/08/29 23:11:40.731, 2489 MHz, 80, 67.34 W, 96 %
2026/08/29 23:11:45.732, 2502 MHz, 75, 39.74 W, 95 %
2026/08/29 23:11:50.733, 2489 MHz, 79, 55.21 W, 95 %
2026/08/29 23:11:55.734, 2502 MHz, 76, 48.90 W, 94 %
2026/08/29 23:12:00.734, 2502 MHz, 75, 40.93 W, 94 %
2026/08/29 23:12:05.736, 2483 MHz, 79, 66.21 W, 95 %
2026/08/29 23:12:10.736, 2502 MHz, 75, 39.67 W, 94 %
2026/08/29 23:12:15.737, 2476 MHz, 80, 69.13 W, 96 %
2026/08/29 23:12:20.738, 2502 MHz, 75, 39.80 W, 94 %
2026/08/29 23:12:25.739, 2483 MHz, 79, 67.90 W, 96 %
2026/08/29 23:12:30.740, 2502 MHz, 74, 39.73 W, 93 %
2026/08/29 23:12:35.741, 2496 MHz, 77, 62.69 W, 96 %
2026/08/29 23:12:40.742, 2502 MHz, 75, 39.81 W, 94 %
2026/08/29 23:12:45.742, 2489 MHz, 80, 68.87 W, 95 %
2026/08/29 23:12:50.743, 2502 MHz, 75, 39.72 W, 94 %
2026/08/29 23:12:55.744, 2489 MHz, 79, 68.31 W, 96 %
2026/08/29 23:13:00.745, 2502 MHz, 75, 39.84 W, 94 %
2026/08/29 23:13:05.747, 2489 MHz, 79, 55.56 W, 72 %
2026/08/29 23:13:10.747, 2502 MHz, 75, 50.58 W, 93 %
2026/08/29 23:13:15.748, 2502 MHz, 74, 39.78 W, 95 %
2026/08/29 23:13:20.749, 2483 MHz, 80, 69.72 W, 96 %
2026/08/29 23:13:25.750, 2502 MHz, 74, 39.78 W, 94 %
2026/08/29 23:13:30.751, 2476 MHz, 79, 69.79 W, 96 %
2026/08/29 23:13:35.751, 2502 MHz, 74, 39.61 W, 93 %
2026/08/29 23:13:40.751, 2483 MHz, 79, 69.07 W, 96 %
2026/08/29 23:13:45.753, 2502 MHz, 74, 39.81 W, 94 %
2026/08/29 23:13:50.753, 2489 MHz, 78, 68.76 W, 96 %
2026/08/29 23:13:55.754, 2502 MHz, 74, 39.90 W, 94 %
2026/08/29 23:14:00.755, 2489 MHz, 79, 68.57 W, 96 %
2026/08/29 23:14:05.756, 2502 MHz, 74, 39.88 W, 95 %
2026/08/29 23:14:10.757, 2489 MHz, 79, 68.38 W, 96 %
2026/08/29 23:14:15.758, 2502 MHz, 74, 37.59 W, 95 %
2026/08/29 23:14:20.759, 2489 MHz, 79, 59.23 W, 96 %
2026/08/29 23:14:25.760, 2502 MHz, 75, 39.91 W, 94 %
2026/08/29 23:14:30.761, 2502 MHz, 77, 44.57 W, 93 %
2026/08/29 23:14:35.762, 2502 MHz, 75, 54.12 W, 96 %
2026/08/29 23:14:40.763, 2502 MHz, 74, 39.72 W, 94 %
2026/08/29 23:14:45.763, 2483 MHz, 78, 68.07 W, 96 %
2026/08/29 23:14:50.764, 2502 MHz, 74, 39.69 W, 95 %
2026/08/29 23:14:55.764, 2476 MHz, 79, 69.45 W, 96 %
2026/08/29 23:15:00.765, 2476 MHz, 80, 69.71 W, 96 %
2026/08/29 23:15:05.766, 2470 MHz, 81, 70.42 W, 96 %
2026/08/29 23:15:10.767, 2476 MHz, 74, 55.86 W, 96 %
2026/08/29 23:15:15.769, 2489 MHz, 75, 41.27 W, 82 %
2026/08/29 23:15:20.769, 2502 MHz, 74, 39.58 W, 94 %
2026/08/29 23:15:25.770, 2483 MHz, 80, 69.14 W, 96 %
2026/08/29 23:15:30.771, 2483 MHz, 80, 69.91 W, 96 %
2026/08/29 23:15:35.772, 2463 MHz, 81, 70.49 W, 96 %
2026/08/29 23:15:40.773, 2489 MHz, 76, 58.59 W, 96 %
2026/08/29 23:15:45.774, 2502 MHz, 75, 39.79 W, 94 %
2026/08/29 23:15:50.775, 2476 MHz, 81, 69.36 W, 96 %
2026/08/29 23:15:55.777, 2463 MHz, 80, 69.87 W, 96 %
2026/08/29 23:16:00.777, 2463 MHz, 82, 71.09 W, 95 %
2026/08/29 23:16:05.778, 2470 MHz, 77, 61.19 W, 96 %
2026/08/29 23:16:10.778, 2502 MHz, 76, 40.08 W, 95 %
2026/08/29 23:16:15.780, 2483 MHz, 78, 65.46 W, 96 %
2026/08/29 23:16:20.780, 2489 MHz, 80, 57.89 W, 95 %
2026/08/29 23:16:25.781, 2463 MHz, 82, 70.22 W, 96 %
2026/08/29 23:16:30.783, 2463 MHz, 82, 70.55 W, 96 %
2026/08/29 23:16:35.783, 2502 MHz, 76, 40.21 W, 94 %
2026/08/29 23:16:40.785, 2470 MHz, 81, 69.23 W, 96 %
2026/08/29 23:16:45.786, 2463 MHz, 81, 69.99 W, 96 %
2026/08/29 23:16:50.787, 2463 MHz, 83, 69.28 W, 96 %
2026/08/29 23:16:55.788, 2457 MHz, 81, 71.09 W, 96 %
2026/08/29 23:17:00.789, 2502 MHz, 76, 40.33 W, 94 %
2026/08/29 23:17:05.789, 2463 MHz, 82, 69.48 W, 96 %
2026/08/29 23:17:10.790, 2463 MHz, 82, 69.81 W, 96 %
2026/08/29 23:17:15.791, 2463 MHz, 82, 70.45 W, 96 %
2026/08/29 23:17:20.791, 2457 MHz, 82, 71.45 W, 96 %
2026/08/29 23:17:25.792, 2502 MHz, 77, 40.46 W, 94 %
2026/08/29 23:17:30.793, 2463 MHz, 80, 69.26 W, 96 %
2026/08/29 23:17:35.794, 2470 MHz, 82, 69.76 W, 96 %
2026/08/29 23:17:40.795, 2457 MHz, 83, 70.99 W, 95 %
2026/08/29 23:17:45.796, 2457 MHz, 80, 70.87 W, 96 %
2026/08/29 23:17:50.796, 2502 MHz, 77, 40.44 W, 95 %
2026/08/29 23:17:55.797, 2496 MHz, 78, 62.01 W, 96 %
2026/08/29 23:18:00.798, 2483 MHz, 81, 60.62 W, 96 %
2026/08/29 23:18:05.798, 2463 MHz, 82, 70.56 W, 96 %
2026/08/29 23:18:10.799, 2463 MHz, 83, 70.93 W, 96 %
2026/08/29 23:18:15.800, 2502 MHz, 77, 40.69 W, 95 %
2026/08/29 23:18:20.800, 2463 MHz, 82, 69.05 W, 95 %
2026/08/29 23:18:25.801, 2463 MHz, 83, 69.94 W, 96 %
2026/08/29 23:18:30.802, 2463 MHz, 83, 70.39 W, 96 %
2026/08/29 23:18:35.803, 2457 MHz, 83, 71.16 W, 96 %
2026/08/29 23:18:40.804, 2502 MHz, 77, 40.53 W, 95 %
2026/08/29 23:18:45.804, 2470 MHz, 81, 68.07 W, 96 %
2026/08/29 23:18:50.805, 2463 MHz, 82, 70.03 W, 96 %
2026/08/29 23:18:55.806, 2457 MHz, 82, 70.44 W, 96 %
2026/08/29 23:19:00.806, 2457 MHz, 83, 71.58 W, 96 %
2026/08/29 23:19:05.807, 2502 MHz, 77, 40.72 W, 95 %
2026/08/29 23:19:10.808, 2476 MHz, 81, 51.99 W, 94 %
2026/08/29 23:19:15.809, 2463 MHz, 81, 69.72 W, 96 %
2026/08/29 23:19:20.809, 2457 MHz, 83, 70.45 W, 96 %
2026/08/29 23:19:25.810, 2457 MHz, 84, 71.46 W, 95 %
2026/08/29 23:19:30.811, 2502 MHz, 78, 40.82 W, 94 %
2026/08/29 23:19:35.812, 2496 MHz, 79, 42.74 W, 95 %
2026/08/29 23:19:40.812, 2463 MHz, 81, 62.18 W, 96 %
2026/08/29 23:19:45.813, 2457 MHz, 82, 70.60 W, 96 %
2026/08/29 23:19:50.815, 2463 MHz, 82, 71.28 W, 95 %
2026/08/29 23:19:55.815, 2502 MHz, 78, 46.03 W, 95 %
2026/08/29 23:20:00.816, 2502 MHz, 77, 40.77 W, 94 %
2026/08/29 23:20:05.817, 2463 MHz, 83, 69.83 W, 96 %
2026/08/29 23:20:10.818, 2463 MHz, 82, 70.40 W, 96 %
2026/08/29 23:20:15.819, 2463 MHz, 83, 70.76 W, 96 %
2026/08/29 23:20:20.821, 2463 MHz, 83, 70.89 W, 96 %
2026/08/29 23:20:25.822, 2502 MHz, 77, 40.57 W, 95 %
2026/08/29 23:20:30.823, 2463 MHz, 82, 69.35 W, 96 %
2026/08/29 23:20:35.823, 2463 MHz, 82, 70.29 W, 96 %
2026/08/29 23:20:40.824, 2457 MHz, 84, 71.41 W, 96 %
2026/08/29 23:20:45.826, 2463 MHz, 82, 70.25 W, 96 %
2026/08/29 23:20:50.826, 2502 MHz, 77, 40.43 W, 94 %
2026/08/29 23:20:55.827, 2463 MHz, 81, 69.36 W, 96 %
2026/08/29 23:21:00.828, 2463 MHz, 81, 69.90 W, 96 %
2026/08/29 23:21:05.828, 2457 MHz, 81, 70.76 W, 96 %
2026/08/29 23:21:10.828, 2457 MHz, 82, 71.36 W, 96 %
2026/08/29 23:21:15.829, 2502 MHz, 75, 36.43 W, 95 %
2026/08/29 23:21:20.830, 2483 MHz, 81, 65.09 W, 96 %
2026/08/29 23:21:25.830, 2463 MHz, 81, 69.77 W, 96 %
2026/08/29 23:21:30.831, 2476 MHz, 81, 70.99 W, 95 %
2026/08/29 23:21:35.832, 2463 MHz, 81, 70.49 W, 96 %
2026/08/29 23:21:40.832, 2502 MHz, 75, 40.14 W, 95 %
2026/08/29 23:21:45.833, 2476 MHz, 80, 69.11 W, 96 %
2026/08/29 23:21:50.834, 2463 MHz, 81, 69.55 W, 96 %
2026/08/29 23:21:55.835, 2470 MHz, 83, 70.24 W, 96 %
2026/08/29 23:22:00.836, 2457 MHz, 83, 70.89 W, 96 %
2026/08/29 23:22:05.837, 2502 MHz, 76, 40.59 W, 94 %
2026/08/29 23:22:10.838, 2463 MHz, 81, 68.99 W, 96 %
2026/08/29 23:22:15.839, 2463 MHz, 81, 69.58 W, 96 %
2026/08/29 23:22:20.839, 2457 MHz, 81, 70.45 W, 96 %
2026/08/29 23:22:25.840, 2476 MHz, 82, 66.95 W, 96 %
2026/08/29 23:22:30.841, 2502 MHz, 77, 40.68 W, 94 %
2026/08/29 23:22:35.842, 2476 MHz, 80, 68.83 W, 96 %
2026/08/29 23:22:40.843, 2463 MHz, 83, 69.61 W, 96 %
2026/08/29 23:22:45.843, 2457 MHz, 82, 70.41 W, 96 %
2026/08/29 23:22:50.844, 2457 MHz, 83, 71.12 W, 96 %
2026/08/29 23:22:55.845, 2502 MHz, 77, 37.03 W, 94 %
2026/08/29 23:23:00.846, 2476 MHz, 81, 49.12 W, 94 %
2026/08/29 23:23:05.847, 2463 MHz, 83, 69.42 W, 96 %
2026/08/29 23:23:10.848, 2463 MHz, 82, 70.26 W, 96 %
2026/08/29 23:23:15.849, 2457 MHz, 83, 71.08 W, 96 %
2026/08/29 23:23:20.850, 2502 MHz, 78, 40.72 W, 94 %
2026/08/29 23:23:25.851, 2502 MHz, 80, 43.10 W, 94 %
2026/08/29 23:23:30.852, 2463 MHz, 82, 69.47 W, 96 %
2026/08/29 23:23:35.853, 2463 MHz, 83, 70.14 W, 95 %
2026/08/29 23:23:40.854, 2457 MHz, 82, 70.84 W, 96 %
2026/08/29 23:23:45.855, 2502 MHz, 78, 55.74 W, 96 %
2026/08/29 23:23:50.856, 2502 MHz, 77, 40.47 W, 93 %
2026/08/29 23:23:55.857, 2463 MHz, 83, 69.61 W, 96 %
2026/08/29 23:24:00.858, 2463 MHz, 83, 70.75 W, 96 %
2026/08/29 23:24:05.859, 2476 MHz, 79, 64.08 W, 96 %
2026/08/29 23:24:10.860, 2457 MHz, 84, 71.75 W, 96 %
2026/08/29 23:24:15.860, 2502 MHz, 77, 40.55 W, 94 %
2026/08/29 23:24:20.860, 2463 MHz, 82, 69.70 W, 96 %
2026/08/29 23:24:25.862, 2463 MHz, 82, 70.50 W, 96 %
2026/08/29 23:24:30.863, 2457 MHz, 83, 71.24 W, 95 %
2026/08/29 23:24:35.864, 2470 MHz, 83, 58.13 W, 96 %
2026/08/29 23:24:40.865, 2502 MHz, 77, 40.50 W, 94 %
2026/08/29 23:24:45.866, 2463 MHz, 82, 69.30 W, 96 %
2026/08/29 23:24:50.867, 2457 MHz, 83, 70.72 W, 96 %
2026/08/29 23:24:55.868, 2457 MHz, 81, 70.98 W, 96 %
2026/08/29 23:25:00.869, 2457 MHz, 83, 71.21 W, 96 %
2026/08/29 23:25:05.869, 2502 MHz, 78, 40.55 W, 94 %
2026/08/29 23:25:10.870, 2457 MHz, 83, 69.16 W, 96 %
2026/08/29 23:25:15.871, 2457 MHz, 82, 70.16 W, 96 %
2026/08/29 23:25:20.872, 2457 MHz, 84, 71.46 W, 96 %
2026/08/29 23:25:25.873, 2457 MHz, 84, 71.54 W, 96 %
2026/08/29 23:25:30.874, 2502 MHz, 77, 40.81 W, 94 %
2026/08/29 23:25:35.875, 2463 MHz, 82, 69.19 W, 96 %
2026/08/29 23:25:40.876, 2463 MHz, 84, 70.29 W, 96 %
2026/08/29 23:25:45.876, 2476 MHz, 80, 61.88 W, 96 %
2026/08/29 23:25:50.877, 2457 MHz, 83, 71.65 W, 95 %
2026/08/29 23:25:55.877, 2502 MHz, 78, 40.93 W, 93 %
2026/08/29 23:26:00.879, 2457 MHz, 83, 68.85 W, 96 %
2026/08/29 23:26:05.879, 2463 MHz, 83, 69.83 W, 96 %
2026/08/29 23:26:10.880, 2457 MHz, 83, 70.56 W, 96 %
2026/08/29 23:26:15.882, 2463 MHz, 81, 60.94 W, 96 %
2026/08/29 23:26:20.882, 2502 MHz, 78, 40.69 W, 94 %
2026/08/29 23:26:25.883, 2483 MHz, 81, 48.93 W, 94 %
2026/08/29 23:26:30.884, 2463 MHz, 82, 69.59 W, 95 %
2026/08/29 23:26:35.885, 2457 MHz, 84, 70.59 W, 96 %
2026/08/29 23:26:40.885, 2457 MHz, 84, 71.14 W, 96 %
2026/08/29 23:26:45.886, 2502 MHz, 78, 41.16 W, 95 %
2026/08/29 23:26:50.888, 2502 MHz, 77, 40.66 W, 95 %
2026/08/29 23:26:55.890, 2457 MHz, 82, 69.74 W, 96 %
2026/08/29 23:27:00.890, 2463 MHz, 82, 70.29 W, 96 %
2026/08/29 23:27:05.891, 2457 MHz, 84, 70.96 W, 96 %
2026/08/29 23:27:10.892, 2502 MHz, 79, 55.38 W, 96 %
2026/08/29 23:27:15.894, 2502 MHz, 77, 40.58 W, 94 %
2026/08/29 23:27:20.895, 2463 MHz, 82, 69.78 W, 96 %
2026/08/29 23:27:25.896, 2476 MHz, 81, 58.87 W, 96 %
2026/08/29 23:27:30.897, 2457 MHz, 84, 70.93 W, 96 %
2026/08/29 23:27:35.898, 2463 MHz, 82, 69.26 W, 96 %
2026/08/29 23:27:40.898, 2502 MHz, 77, 40.71 W, 95 %
2026/08/29 23:27:45.900, 2463 MHz, 83, 69.73 W, 96 %
2026/08/29 23:27:50.901, 2463 MHz, 83, 70.45 W, 96 %
2026/08/29 23:27:55.902, 2457 MHz, 83, 62.51 W, 96 %
2026/08/29 23:28:00.903, 2457 MHz, 83, 71.10 W, 95 %
2026/08/29 23:28:05.904, 2502 MHz, 77, 40.55 W, 94 %
2026/08/29 23:28:10.904, 2463 MHz, 83, 69.18 W, 96 %
2026/08/29 23:28:15.905, 2457 MHz, 83, 70.50 W, 96 %
2026/08/29 23:28:20.906, 2463 MHz, 81, 70.61 W, 96 %
2026/08/29 23:28:25.907, 2463 MHz, 84, 71.05 W, 96 %
2026/08/29 23:28:30.908, 2502 MHz, 78, 41.04 W, 94 %
2026/08/29 23:28:35.909, 2463 MHz, 82, 69.04 W, 96 %
2026/08/29 23:28:40.909, 2463 MHz, 83, 70.23 W, 96 %
2026/08/29 23:28:45.911, 2463 MHz, 82, 70.79 W, 96 %
2026/08/29 23:28:50.912, 2457 MHz, 83, 71.38 W, 96 %
2026/08/29 23:28:55.912, 2502 MHz, 78, 40.94 W, 94 %
2026/08/29 23:29:00.913, 2463 MHz, 81, 68.13 W, 96 %
2026/08/29 23:29:05.914, 2483 MHz, 80, 56.65 W, 96 %
2026/08/29 23:29:10.914, 2463 MHz, 82, 70.54 W, 96 %
2026/08/29 23:29:15.915, 2457 MHz, 84, 71.57 W, 96 %
2026/08/29 23:29:20.916, 2457 MHz, 84, 71.75 W, 96 %
2026/08/29 23:29:25.918, 2457 MHz, 85, 72.46 W, 96 %
2026/08/29 23:29:30.919, 2457 MHz, 84, 73.24 W, 96 %
2026/08/29 23:29:35.919, 2457 MHz, 84, 59.09 W, 96 %
2026/08/29 23:29:40.920, 2457 MHz, 84, 73.50 W, 96 %
2026/08/29 23:29:45.921, 2457 MHz, 85, 73.77 W, 96 %
2026/08/29 23:29:50.922, 2457 MHz, 85, 74.29 W, 96 %
2026/08/29 23:29:55.923, 2450 MHz, 84, 75.34 W, 96 %
2026/08/29 23:30:00.924, 2457 MHz, 86, 75.52 W, 95 %
2026/08/29 23:30:05.925, 2457 MHz, 86, 75.58 W, 96 %
2026/08/29 23:30:10.926, 2450 MHz, 85, 75.28 W, 96 %
2026/08/29 23:30:15.927, 2450 MHz, 85, 75.97 W, 96 %
2026/08/29 23:30:20.928, 2450 MHz, 85, 76.44 W, 96 %
2026/08/29 23:30:25.929, 2457 MHz, 88, 76.51 W, 95 %
2026/08/29 23:30:30.930, 2502 MHz, 79, 40.76 W, 94 %
2026/08/29 23:30:35.931, 2457 MHz, 85, 70.02 W, 96 %
2026/08/29 23:30:40.932, 2463 MHz, 85, 70.90 W, 96 %
2026/08/29 23:30:45.933, 2470 MHz, 80, 60.50 W, 96 %
2026/08/29 23:30:50.934, 2457 MHz, 85, 71.71 W, 96 %
2026/08/29 23:30:55.935, 2457 MHz, 86, 72.15 W, 96 %
2026/08/29 23:31:00.936, 2457 MHz, 84, 72.42 W, 96 %
2026/08/29 23:31:05.937, 2457 MHz, 83, 73.39 W, 96 %
2026/08/29 23:31:10.938, 2450 MHz, 86, 74.02 W, 96 %
2026/08/29 23:31:15.939, 2476 MHz, 82, 61.17 W, 96 %
2026/08/29 23:31:20.940, 2457 MHz, 86, 74.00 W, 96 %
2026/08/29 23:31:25.941, 2457 MHz, 86, 74.69 W, 96 %
2026/08/29 23:31:30.941, 2457 MHz, 85, 74.97 W, 96 %
2026/08/29 23:31:35.943, 2450 MHz, 86, 75.90 W, 95 %
2026/08/29 23:31:40.943, 2457 MHz, 87, 75.45 W, 96 %
2026/08/29 23:31:45.944, 2450 MHz, 86, 75.81 W, 96 %
2026/08/29 23:31:50.945, 2496 MHz, 84, 36.82 W, 96 %
2026/08/29 23:31:55.946, 2450 MHz, 84, 75.99 W, 96 %
2026/08/29 23:32:00.947, 2502 MHz, 79, 40.96 W, 94 %
2026/08/29 23:32:05.948, 2502 MHz, 78, 40.51 W, 95 %
2026/08/29 23:32:10.949, 2457 MHz, 82, 70.04 W, 96 %
2026/08/29 23:32:15.950, 2463 MHz, 82, 70.07 W, 96 %
2026/08/29 23:32:20.951, 2457 MHz, 84, 70.98 W, 96 %
2026/08/29 23:32:25.952, 2457 MHz, 83, 71.56 W, 96 %
2026/08/29 23:32:30.953, 2457 MHz, 85, 71.82 W, 96 %
2026/08/29 23:32:35.953, 2457 MHz, 85, 72.05 W, 96 %
2026/08/29 23:32:40.954, 2457 MHz, 85, 73.21 W, 95 %
2026/08/29 23:32:45.955, 2457 MHz, 84, 73.74 W, 96 %
2026/08/29 23:32:50.956, 2457 MHz, 84, 74.04 W, 96 %
2026/08/29 23:32:55.957, 2450 MHz, 85, 74.57 W, 96 %
2026/08/29 23:33:00.957, 2496 MHz, 78, 37.46 W, 96 %
2026/08/29 23:33:05.958, 2450 MHz, 87, 75.31 W, 96 %
2026/08/29 23:33:10.960, 2450 MHz, 85, 75.61 W, 96 %
2026/08/29 23:33:15.960, 2450 MHz, 86, 75.74 W, 96 %
2026/08/29 23:33:20.961, 2457 MHz, 86, 75.92 W, 96 %
2026/08/29 23:33:25.961, 2450 MHz, 85, 76.83 W, 96 %
2026/08/29 23:33:30.962, 2489 MHz, 79, 46.52 W, 96 %
2026/08/29 23:33:35.962, 2502 MHz, 79, 41.01 W, 94 %
2026/08/29 23:33:40.963, 2463 MHz, 84, 68.63 W, 96 %
2026/08/29 23:33:45.964, 2463 MHz, 83, 70.32 W, 96 %
2026/08/29 23:33:50.965, 2457 MHz, 83, 70.87 W, 95 %
2026/08/29 23:33:55.966, 2457 MHz, 83, 71.25 W, 96 %
2026/08/29 23:34:00.967, 2457 MHz, 83, 71.61 W, 96 %
2026/08/29 23:34:05.968, 2457 MHz, 83, 69.18 W, 96 %
2026/08/29 23:34:10.969, 2457 MHz, 85, 72.60 W, 96 %
2026/08/29 23:34:15.970, 2457 MHz, 86, 72.49 W, 96 %
2026/08/29 23:34:20.970, 2457 MHz, 86, 73.94 W, 96 %
2026/08/29 23:34:25.971, 2457 MHz, 84, 73.94 W, 96 %
2026/08/29 23:34:30.972, 2450 MHz, 86, 74.72 W, 95 %
2026/08/29 23:34:35.973, 2450 MHz, 85, 75.16 W, 96 %
2026/08/29 23:34:40.975, 2489 MHz, 81, 48.91 W, 96 %
2026/08/29 23:34:45.975, 2450 MHz, 87, 75.61 W, 96 %
2026/08/29 23:34:50.976, 2450 MHz, 86, 75.95 W, 96 %
2026/08/29 23:34:55.977, 2431 MHz, 85, 75.59 W, 96 %
2026/08/29 23:35:00.978, 2450 MHz, 86, 76.49 W, 96 %
2026/08/29 23:35:05.979, 2502 MHz, 80, 45.21 W, 94 %
2026/08/29 23:35:10.979, 2502 MHz, 79, 40.89 W, 93 %
2026/08/29 23:35:15.980, 2463 MHz, 83, 69.51 W, 96 %
2026/08/29 23:35:20.981, 2463 MHz, 84, 70.89 W, 96 %
2026/08/29 23:35:25.982, 2457 MHz, 84, 71.22 W, 96 %
2026/08/29 23:35:30.983, 2457 MHz, 85, 71.48 W, 96 %
2026/08/29 23:35:35.984, 2457 MHz, 84, 71.90 W, 96 %
2026/08/29 23:35:40.985, 2457 MHz, 84, 72.86 W, 96 %
2026/08/29 23:35:45.985, 2457 MHz, 85, 62.88 W, 96 %
2026/08/29 23:35:50.986, 2457 MHz, 84, 73.27 W, 96 %
2026/08/29 23:35:55.986, 2457 MHz, 85, 73.56 W, 96 %
2026/08/29 23:36:00.987, 2457 MHz, 85, 74.47 W, 96 %
2026/08/29 23:36:05.988, 2457 MHz, 85, 74.62 W, 96 %
2026/08/29 23:36:10.989, 2450 MHz, 86, 75.50 W, 96 %
2026/08/29 23:36:15.990, 2457 MHz, 86, 75.66 W, 96 %
2026/08/29 23:36:20.990, 2489 MHz, 79, 59.55 W, 96 %
2026/08/29 23:36:25.991, 2457 MHz, 85, 75.82 W, 95 %
2026/08/29 23:36:30.991, 2457 MHz, 88, 75.62 W, 96 %
2026/08/29 23:36:35.992, 2450 MHz, 85, 76.03 W, 96 %
2026/08/29 23:36:40.993, 2502 MHz, 79, 41.15 W, 93 %
2026/08/29 23:36:45.994, 2463 MHz, 84, 55.03 W, 84 %
2026/08/29 23:36:50.996, 2457 MHz, 85, 70.46 W, 96 %
2026/08/29 23:36:55.996, 2457 MHz, 84, 66.34 W, 96 %
2026/08/29 23:37:00.998, 2457 MHz, 85, 71.50 W, 96 %
2026/08/29 23:37:05.998, 2457 MHz, 86, 71.64 W, 96 %
2026/08/29 23:37:11.000, 2457 MHz, 85, 72.22 W, 95 %
2026/08/29 23:37:16.001, 2457 MHz, 85, 73.14 W, 96 %
2026/08/29 23:37:21.002, 2457 MHz, 86, 73.77 W, 96 %
2026/08/29 23:37:26.003, 2483 MHz, 83, 47.65 W, 96 %
2026/08/29 23:37:31.004, 2457 MHz, 85, 73.88 W, 96 %
2026/08/29 23:37:36.004, 2457 MHz, 86, 74.18 W, 96 %
2026/08/29 23:37:41.006, 2450 MHz, 86, 74.54 W, 96 %
2026/08/29 23:37:46.006, 2457 MHz, 86, 75.61 W, 96 %
2026/08/29 23:37:51.007, 2450 MHz, 86, 75.19 W, 96 %
2026/08/29 23:37:56.008, 2450 MHz, 86, 76.15 W, 96 %
2026/08/29 23:38:01.010, 2450 MHz, 86, 75.96 W, 95 %
2026/08/29 23:38:06.011, 2457 MHz, 86, 76.06 W, 95 %
2026/08/29 23:38:11.012, 2457 MHz, 85, 76.15 W, 96 %
2026/08/29 23:38:16.013, 2502 MHz, 79, 40.87 W, 94 %
2026/08/29 23:38:21.013, 2463 MHz, 83, 68.91 W, 96 %
2026/08/29 23:38:26.014, 2457 MHz, 83, 69.93 W, 96 %
2026/08/29 23:38:31.015, 2457 MHz, 83, 71.06 W, 96 %
2026/08/29 23:38:36.015, 2476 MHz, 80, 58.22 W, 96 %
2026/08/29 23:38:41.016, 2457 MHz, 84, 71.99 W, 96 %
2026/08/29 23:38:46.017, 2457 MHz, 85, 72.22 W, 96 %
2026/08/29 23:38:51.018, 2457 MHz, 84, 72.57 W, 96 %
2026/08/29 23:38:56.018, 2457 MHz, 84, 73.08 W, 96 %
2026/08/29 23:39:01.019, 2457 MHz, 86, 73.94 W, 95 %
2026/08/29 23:39:06.019, 2496 MHz, 81, 45.52 W, 96 %
2026/08/29 23:39:11.021, 2457 MHz, 84, 73.63 W, 96 %
2026/08/29 23:39:16.022, 2457 MHz, 86, 75.03 W, 96 %
2026/08/29 23:39:21.022, 2457 MHz, 86, 75.06 W, 96 %
2026/08/29 23:39:26.023, 2450 MHz, 85, 75.92 W, 96 %
2026/08/29 23:39:31.025, 2450 MHz, 85, 76.11 W, 96 %
2026/08/29 23:39:36.025, 2450 MHz, 87, 75.92 W, 96 %
2026/08/29 23:39:41.026, 2450 MHz, 84, 52.62 W, 96 %
2026/08/29 23:39:46.027, 2450 MHz, 85, 76.15 W, 96 %
2026/08/29 23:39:51.028, 2502 MHz, 79, 40.54 W, 93 %
2026/08/29 23:39:56.029, 2463 MHz, 84, 69.28 W, 96 %
2026/08/29 23:40:01.031, 2457 MHz, 83, 70.80 W, 96 %
2026/08/29 23:40:06.032, 2457 MHz, 83, 71.30 W, 96 %
2026/08/29 23:40:11.032, 2457 MHz, 85, 72.13 W, 96 %
2026/08/29 23:40:16.033, 2457 MHz, 84, 71.78 W, 96 %
2026/08/29 23:40:21.033, 2457 MHz, 85, 72.83 W, 96 %
2026/08/29 23:40:26.035, 2457 MHz, 84, 72.76 W, 96 %
2026/08/29 23:40:31.036, 2457 MHz, 86, 73.20 W, 96 %
2026/08/29 23:40:36.037, 2457 MHz, 86, 74.22 W, 96 %
2026/08/29 23:40:41.038, 2457 MHz, 84, 74.24 W, 96 %
2026/08/29 23:40:46.039, 2457 MHz, 85, 74.86 W, 95 %
2026/08/29 23:40:51.040, 2457 MHz, 85, 51.28 W, 96 %
2026/08/29 23:40:56.041, 2450 MHz, 86, 75.05 W, 96 %
2026/08/29 23:41:01.042, 2457 MHz, 87, 75.45 W, 96 %
2026/08/29 23:41:06.042, 2450 MHz, 85, 76.06 W, 95 %
2026/08/29 23:41:11.043, 2457 MHz, 86, 75.77 W, 96 %
2026/08/29 23:41:16.043, 2450 MHz, 87, 76.07 W, 96 %
2026/08/29 23:41:21.044, 2502 MHz, 79, 38.51 W, 93 %
2026/08/29 23:41:26.045, 2502 MHz, 76, 36.68 W, 94 %
2026/08/29 23:41:31.045, 2457 MHz, 85, 70.25 W, 96 %
2026/08/29 23:41:36.047, 2457 MHz, 85, 71.21 W, 96 %
2026/08/29 23:41:41.047, 2457 MHz, 85, 71.83 W, 96 %
2026/08/29 23:41:46.048, 2457 MHz, 85, 72.07 W, 95 %
2026/08/29 23:41:51.049, 2457 MHz, 86, 72.40 W, 96 %
2026/08/29 23:41:56.050, 2457 MHz, 85, 72.00 W, 95 %
2026/08/29 23:42:01.050, 2457 MHz, 84, 73.28 W, 96 %
2026/08/29 23:42:06.051, 2457 MHz, 85, 73.59 W, 96 %
2026/08/29 23:42:11.052, 2457 MHz, 85, 73.72 W, 96 %
2026/08/29 23:42:16.053, 2457 MHz, 86, 74.98 W, 96 %
2026/08/29 23:42:21.054, 2457 MHz, 86, 74.50 W, 96 %
2026/08/29 23:42:26.055, 2450 MHz, 87, 74.87 W, 96 %
2026/08/29 23:42:31.056, 2496 MHz, 78, 34.21 W, 96 %
2026/08/29 23:42:36.057, 2450 MHz, 85, 75.24 W, 96 %
2026/08/29 23:42:41.058, 2450 MHz, 86, 76.18 W, 96 %
2026/08/29 23:42:46.059, 2450 MHz, 85, 76.12 W, 96 %
2026/08/29 23:42:51.060, 2450 MHz, 86, 76.54 W, 96 %
2026/08/29 23:42:56.061, 2502 MHz, 79, 40.97 W, 94 %
2026/08/29 23:43:01.062, 2463 MHz, 83, 68.17 W, 96 %
2026/08/29 23:43:06.062, 2463 MHz, 83, 69.94 W, 96 %
2026/08/29 23:43:11.064, 2463 MHz, 84, 71.19 W, 96 %
2026/08/29 23:43:16.065, 2457 MHz, 83, 71.33 W, 95 %
2026/08/29 23:43:21.066, 2457 MHz, 84, 72.01 W, 95 %
2026/08/29 23:43:26.067, 2457 MHz, 85, 72.46 W, 96 %
2026/08/29 23:43:31.068, 2457 MHz, 85, 72.97 W, 96 %
2026/08/29 23:43:36.069, 2457 MHz, 85, 63.63 W, 96 %
2026/08/29 23:43:41.070, 2457 MHz, 85, 73.58 W, 96 %
2026/08/29 23:43:46.071, 2457 MHz, 86, 73.87 W, 96 %
2026/08/29 23:43:51.072, 2457 MHz, 85, 74.27 W, 96 %
2026/08/29 23:43:56.073, 2450 MHz, 86, 75.00 W, 96 %
2026/08/29 23:44:01.074, 2450 MHz, 87, 75.34 W, 96 %
2026/08/29 23:44:06.075, 2457 MHz, 85, 75.22 W, 96 %
2026/08/29 23:44:11.076, 2502 MHz, 80, 55.21 W, 96 %
2026/08/29 23:44:16.077, 2457 MHz, 86, 75.87 W, 96 %
2026/08/29 23:44:21.078, 2450 MHz, 86, 76.30 W, 95 %
2026/08/29 23:44:26.079, 2502 MHz, 80, 52.99 W, 94 %
2026/08/29 23:44:31.081, 2502 MHz, 79, 40.93 W, 95 %
2026/08/29 23:44:36.082, 2463 MHz, 83, 69.44 W, 96 %
2026/08/29 23:44:41.084, 2463 MHz, 83, 70.69 W, 96 %
2026/08/29 23:44:46.085, 2457 MHz, 83, 69.46 W, 96 %
2026/08/29 23:44:51.085, 2457 MHz, 85, 71.91 W, 96 %
2026/08/29 23:44:56.087, 2457 MHz, 84, 72.59 W, 96 %
2026/08/29 23:45:01.088, 2457 MHz, 85, 72.25 W, 96 %
2026/08/29 23:45:06.089, 2457 MHz, 86, 73.10 W, 96 %
2026/08/29 23:45:11.089, 2457 MHz, 85, 73.23 W, 96 %
2026/08/29 23:45:16.091, 2489 MHz, 83, 46.64 W, 95 %
2026/08/29 23:45:21.092, 2457 MHz, 85, 74.37 W, 96 %
2026/08/29 23:45:26.093, 2457 MHz, 86, 74.73 W, 96 %
2026/08/29 23:45:31.094, 2450 MHz, 86, 75.31 W, 96 %
2026/08/29 23:45:36.095, 2457 MHz, 86, 75.41 W, 96 %
2026/08/29 23:45:41.096, 2457 MHz, 86, 75.38 W, 96 %
2026/08/29 23:45:46.097, 2450 MHz, 86, 75.84 W, 96 %
2026/08/29 23:45:51.098, 2457 MHz, 82, 69.54 W, 95 %
2026/08/29 23:45:56.099, 2450 MHz, 86, 75.87 W, 96 %
2026/08/29 23:46:01.099, 2502 MHz, 79, 40.95 W, 94 %
2026/08/29 23:46:06.101, 2463 MHz, 83, 51.03 W, 0 %
2026/08/29 23:46:11.103, 2463 MHz, 84, 70.12 W, 96 %
2026/08/29 23:46:16.104, 2463 MHz, 84, 70.98 W, 96 %
2026/08/29 23:46:21.105, 2457 MHz, 84, 71.70 W, 96 %
2026/08/29 23:46:26.106, 2457 MHz, 84, 63.91 W, 96 %
2026/08/29 23:46:31.107, 2457 MHz, 85, 72.35 W, 96 %
2026/08/29 23:46:36.107, 2457 MHz, 85, 72.49 W, 96 %
2026/08/29 23:46:41.109, 2457 MHz, 85, 73.08 W, 96 %
2026/08/29 23:46:46.110, 2457 MHz, 86, 73.86 W, 95 %
2026/08/29 23:46:51.111, 2457 MHz, 86, 73.85 W, 96 %
2026/08/29 23:46:56.111, 2483 MHz, 80, 54.20 W, 96 %
2026/08/29 23:47:01.112, 2450 MHz, 85, 74.68 W, 96 %
2026/08/29 23:47:06.112, 2457 MHz, 85, 74.85 W, 96 %
2026/08/29 23:47:11.113, 2450 MHz, 88, 75.97 W, 96 %
2026/08/29 23:47:16.113, 2450 MHz, 85, 76.00 W, 96 %
2026/08/29 23:47:21.114, 2450 MHz, 85, 75.81 W, 96 %
2026/08/29 23:47:26.115, 2450 MHz, 86, 76.39 W, 96 %
2026/08/29 23:47:31.116, 2496 MHz, 85, 44.97 W, 96 %
2026/08/29 23:47:36.117, 2502 MHz, 78, 40.75 W, 94 %
2026/08/29 23:47:41.118, 2463 MHz, 82, 69.25 W, 96 %
2026/08/29 23:47:46.119, 2457 MHz, 83, 70.27 W, 96 %
2026/08/29 23:47:51.120, 2463 MHz, 83, 70.46 W, 96 %
2026/08/29 23:47:56.121, 2457 MHz, 82, 70.90 W, 96 %
2026/08/29 23:48:01.121, 2457 MHz, 81, 71.36 W, 96 %
2026/08/29 23:48:06.122, 2457 MHz, 83, 65.00 W, 96 %
2026/08/29 23:48:11.124, 2457 MHz, 85, 71.97 W, 96 %
2026/08/29 23:48:16.125, 2457 MHz, 85, 72.88 W, 96 %
2026/08/29 23:48:21.125, 2457 MHz, 85, 73.64 W, 96 %
2026/08/29 23:48:26.126, 2457 MHz, 86, 73.86 W, 96 %
2026/08/29 23:48:31.126, 2457 MHz, 86, 74.47 W, 96 %
2026/08/29 23:48:36.128, 2457 MHz, 84, 74.59 W, 96 %
2026/08/29 23:48:41.129, 2457 MHz, 85, 74.85 W, 96 %
2026/08/29 23:48:46.130, 2450 MHz, 85, 75.08 W, 96 %
2026/08/29 23:48:51.131, 2450 MHz, 84, 75.85 W, 96 %
2026/08/29 23:48:56.132, 2450 MHz, 85, 75.39 W, 96 %
2026/08/29 23:49:01.133, 2450 MHz, 84, 75.61 W, 96 %
2026/08/29 23:49:06.133, 2502 MHz, 78, 40.53 W, 95 %
2026/08/29 23:49:11.135, 2502 MHz, 76, 33.84 W, 94 %
2026/08/29 23:49:16.135, 2463 MHz, 81, 69.68 W, 96 %
2026/08/29 23:49:21.136, 2463 MHz, 82, 69.74 W, 95 %
2026/08/29 23:49:26.137, 2463 MHz, 81, 70.45 W, 96 %
2026/08/29 23:49:31.138, 2457 MHz, 83, 70.77 W, 96 %
2026/08/29 23:49:36.139, 2457 MHz, 81, 71.39 W, 96 %
2026/08/29 23:49:41.141, 2457 MHz, 84, 72.08 W, 96 %
2026/08/29 23:49:46.142, 2496 MHz, 78, 48.37 W, 96 %
2026/08/29 23:49:51.143, 2457 MHz, 83, 72.56 W, 96 %
2026/08/29 23:49:56.143, 2457 MHz, 83, 72.83 W, 96 %
2026/08/29 23:50:01.145, 2457 MHz, 85, 74.22 W, 96 %
2026/08/29 23:50:06.146, 2457 MHz, 84, 73.91 W, 96 %
2026/08/29 23:50:11.147, 2457 MHz, 84, 74.53 W, 96 %
2026/08/29 23:50:16.148, 2450 MHz, 87, 75.18 W, 96 %
2026/08/29 23:50:21.149, 2450 MHz, 83, 75.35 W, 96 %
2026/08/29 23:50:26.150, 2450 MHz, 86, 75.32 W, 96 %
2026/08/29 23:50:31.151, 2450 MHz, 86, 76.09 W, 96 %
2026/08/29 23:50:36.152, 2450 MHz, 86, 76.11 W, 96 %
2026/08/29 23:50:41.152, 2502 MHz, 79, 40.90 W, 93 %
2026/08/29 23:50:46.154, 2463 MHz, 83, 69.79 W, 96 %
2026/08/29 23:50:51.155, 2470 MHz, 81, 59.42 W, 96 %
2026/08/29 23:50:56.156, 2457 MHz, 83, 70.58 W, 96 %
2026/08/29 23:51:01.157, 2457 MHz, 84, 71.20 W, 96 %
2026/08/29 23:51:06.158, 2457 MHz, 84, 71.90 W, 96 %
2026/08/29 23:51:11.159, 2457 MHz, 84, 71.69 W, 96 %
2026/08/29 23:51:16.160, 2457 MHz, 86, 72.69 W, 96 %
2026/08/29 23:51:21.161, 2457 MHz, 85, 72.47 W, 96 %
2026/08/29 23:51:26.162, 2457 MHz, 85, 55.12 W, 96 %
2026/08/29 23:51:31.164, 2457 MHz, 84, 73.57 W, 96 %
2026/08/29 23:51:36.164, 2457 MHz, 86, 74.36 W, 95 %
2026/08/29 23:51:41.165, 2450 MHz, 86, 74.68 W, 96 %
2026/08/29 23:51:46.167, 2457 MHz, 86, 75.31 W, 96 %
2026/08/29 23:51:51.167, 2457 MHz, 85, 75.58 W, 96 %
2026/08/29 23:51:56.169, 2457 MHz, 85, 75.53 W, 96 %
2026/08/29 23:52:01.170, 2450 MHz, 85, 75.58 W, 96 %
2026/08/29 23:52:06.171, 2450 MHz, 86, 75.93 W, 96 %
2026/08/29 23:52:11.172, 2489 MHz, 80, 67.81 W, 96 %
2026/08/29 23:52:16.173, 2502 MHz, 78, 40.57 W, 95 %
2026/08/29 23:52:21.174, 2457 MHz, 84, 69.17 W, 96 %
2026/08/29 23:52:26.175, 2463 MHz, 82, 70.59 W, 96 %
2026/08/29 23:52:31.177, 2483 MHz, 81, 64.80 W, 96 %
2026/08/29 23:52:36.178, 2463 MHz, 83, 70.97 W, 96 %
2026/08/29 23:52:41.180, 2457 MHz, 81, 70.72 W, 96 %
2026/08/29 23:52:46.180, 2457 MHz, 84, 72.01 W, 95 %
2026/08/29 23:52:51.181, 2457 MHz, 84, 72.84 W, 96 %
2026/08/29 23:52:56.182, 2457 MHz, 85, 72.92 W, 96 %
2026/08/29 23:53:01.183, 2457 MHz, 84, 73.49 W, 95 %
2026/08/29 23:53:06.184, 2489 MHz, 78, 40.48 W, 95 %
2026/08/29 23:53:11.185, 2450 MHz, 85, 74.25 W, 96 %
2026/08/29 23:53:16.186, 2457 MHz, 84, 74.99 W, 95 %
2026/08/29 23:53:21.187, 2457 MHz, 86, 75.02 W, 96 %
2026/08/29 23:53:26.188, 2450 MHz, 87, 75.85 W, 96 %
2026/08/29 23:53:31.189, 2457 MHz, 86, 75.95 W, 96 %
2026/08/29 23:53:36.190, 2450 MHz, 86, 76.07 W, 95 %
2026/08/29 23:53:41.190, 2450 MHz, 85, 54.12 W, 96 %
2026/08/29 23:53:46.191, 2502 MHz, 80, 41.21 W, 94 %
2026/08/29 23:53:51.192, 2502 MHz, 78, 40.74 W, 94 %
2026/08/29 23:53:56.193, 2463 MHz, 84, 70.00 W, 95 %
2026/08/29 23:54:01.194, 2457 MHz, 85, 70.35 W, 96 %
2026/08/29 23:54:06.195, 2457 MHz, 84, 71.04 W, 96 %
2026/08/29 23:54:11.196, 2457 MHz, 85, 71.56 W, 96 %
2026/08/29 23:54:16.197, 2457 MHz, 83, 71.46 W, 96 %
2026/08/29 23:54:21.198, 2457 MHz, 84, 72.97 W, 95 %
2026/08/29 23:54:26.199, 2457 MHz, 85, 73.17 W, 96 %
2026/08/29 23:54:31.200, 2457 MHz, 86, 73.33 W, 96 %
2026/08/29 23:54:36.202, 2457 MHz, 85, 74.00 W, 95 %
2026/08/29 23:54:41.203, 2450 MHz, 85, 74.37 W, 96 %
2026/08/29 23:54:46.203, 2502 MHz, 80, 38.19 W, 96 %
2026/08/29 23:54:51.205, 2457 MHz, 86, 74.95 W, 96 %
2026/08/29 23:54:56.206, 2450 MHz, 85, 74.74 W, 96 %
2026/08/29 23:55:01.207, 2450 MHz, 86, 75.88 W, 96 %
2026/08/29 23:55:06.208, 2450 MHz, 85, 75.69 W, 96 %
2026/08/29 23:55:11.209, 2450 MHz, 85, 76.79 W, 96 %
2026/08/29 23:55:16.210, 2444 MHz, 86, 76.45 W, 95 %
2026/08/29 23:55:21.211, 2502 MHz, 79, 35.51 W, 95 %
2026/08/29 23:55:26.212, 2457 MHz, 83, 69.46 W, 96 %
2026/08/29 23:55:31.212, 2463 MHz, 83, 70.44 W, 96 %
2026/08/29 23:55:36.213, 2463 MHz, 84, 70.67 W, 96 %
2026/08/29 23:55:41.214, 2457 MHz, 85, 71.36 W, 96 %
2026/08/29 23:55:46.215, 2457 MHz, 85, 71.74 W, 96 %
2026/08/29 23:55:51.216, 2457 MHz, 84, 72.20 W, 96 %
2026/08/29 23:55:56.217, 2457 MHz, 84, 72.19 W, 96 %
2026/08/29 23:56:01.218, 2457 MHz, 84, 73.17 W, 95 %
2026/08/29 23:56:06.219, 2457 MHz, 86, 73.82 W, 96 %
2026/08/29 23:56:11.220, 2457 MHz, 83, 73.92 W, 96 %
2026/08/29 23:56:16.221, 2457 MHz, 86, 74.46 W, 96 %
2026/08/29 23:56:21.222, 2457 MHz, 86, 74.57 W, 96 %
2026/08/29 23:56:26.223, 2502 MHz, 81, 42.19 W, 96 %
2026/08/29 23:56:31.224, 2450 MHz, 85, 75.38 W, 96 %
2026/08/29 23:56:36.225, 2450 MHz, 87, 75.82 W, 96 %
2026/08/29 23:56:41.225, 2450 MHz, 85, 76.09 W, 95 %
2026/08/29 23:56:46.226, 2450 MHz, 88, 76.28 W, 96 %
2026/08/29 23:56:51.227, 2502 MHz, 80, 41.19 W, 94 %
2026/08/29 23:56:56.228, 2502 MHz, 78, 39.09 W, 94 %
2026/08/29 23:57:01.228, 2470 MHz, 81, 61.40 W, 96 %
2026/08/29 23:57:06.229, 2457 MHz, 84, 70.83 W, 96 %
2026/08/29 23:57:11.230, 2457 MHz, 85, 71.40 W, 96 %
2026/08/29 23:57:16.230, 2457 MHz, 84, 72.14 W, 96 %
2026/08/29 23:57:21.231, 2457 MHz, 84, 72.32 W, 96 %
2026/08/29 23:57:26.233, 2457 MHz, 86, 72.59 W, 96 %
2026/08/29 23:57:31.234, 2457 MHz, 85, 73.26 W, 96 %
2026/08/29 23:57:36.235, 2457 MHz, 84, 73.12 W, 96 %
2026/08/29 23:57:41.236, 2457 MHz, 85, 73.70 W, 96 %
2026/08/29 23:57:46.237, 2457 MHz, 85, 74.31 W, 95 %
2026/08/29 23:57:51.238, 2457 MHz, 87, 74.58 W, 96 %
2026/08/29 23:57:56.239, 2450 MHz, 86, 75.63 W, 96 %
2026/08/29 23:58:01.239, 2457 MHz, 84, 75.11 W, 96 %
2026/08/29 23:58:06.241, 2496 MHz, 79, 52.34 W, 96 %
2026/08/29 23:58:11.241, 2457 MHz, 86, 76.02 W, 96 %
2026/08/29 23:58:16.242, 2450 MHz, 87, 75.74 W, 96 %
2026/08/29 23:58:21.243, 2450 MHz, 86, 76.37 W, 96 %
2026/08/29 23:58:26.244, 2502 MHz, 80, 41.34 W, 94 %
2026/08/29 23:58:31.245, 2463 MHz, 83, 69.14 W, 96 %
2026/08/29 23:58:36.245, 2463 MHz, 85, 70.39 W, 96 %
2026/08/29 23:58:41.246, 2470 MHz, 81, 61.82 W, 96 %
2026/08/29 23:58:46.247, 2457 MHz, 84, 71.06 W, 96 %
2026/08/29 23:58:51.248, 2457 MHz, 86, 72.04 W, 96 %
2026/08/29 23:58:56.248, 2457 MHz, 84, 71.93 W, 96 %
2026/08/29 23:59:01.249, 2457 MHz, 86, 72.88 W, 96 %
2026/08/29 23:59:06.249, 2457 MHz, 85, 73.54 W, 96 %
2026/08/29 23:59:11.250, 2450 MHz, 86, 74.28 W, 96 %
2026/08/29 23:59:16.252, 2457 MHz, 86, 64.03 W, 96 %
2026/08/29 23:59:21.253, 2457 MHz, 86, 74.03 W, 96 %
2026/08/29 23:59:26.254, 2450 MHz, 85, 75.40 W, 96 %
2026/08/29 23:59:31.255, 2457 MHz, 85, 75.20 W, 96 %
2026/08/29 23:59:36.256, 2457 MHz, 87, 75.98 W, 96 %
2026/08/29 23:59:41.257, 2450 MHz, 87, 75.00 W, 96 %
2026/08/29 23:59:46.258, 2450 MHz, 87, 75.79 W, 96 %
2026/08/29 23:59:51.259, 2457 MHz, 84, 75.68 W, 96 %
2026/08/29 23:59:56.260, 2450 MHz, 85, 75.93 W, 96 %
2026/08/30 00:00:01.261, 2502 MHz, 78, 40.86 W, 94 %
2026/08/30 00:00:06.262, 2457 MHz, 82, 69.25 W, 96 %
2026/08/30 00:00:11.262, 2463 MHz, 83, 70.33 W, 96 %
2026/08/30 00:00:16.263, 2463 MHz, 82, 70.36 W, 96 %
2026/08/30 00:00:21.265, 2463 MHz, 84, 59.27 W, 96 %
2026/08/30 00:00:26.266, 2463 MHz, 84, 71.34 W, 96 %
2026/08/30 00:00:31.267, 2457 MHz, 84, 71.79 W, 96 %
2026/08/30 00:00:36.268, 2457 MHz, 83, 72.44 W, 95 %
2026/08/30 00:00:41.269, 2457 MHz, 84, 73.47 W, 96 %
2026/08/30 00:00:46.269, 2457 MHz, 85, 73.49 W, 96 %
2026/08/30 00:00:51.270, 2457 MHz, 84, 74.26 W, 96 %
2026/08/30 00:00:56.271, 2457 MHz, 84, 57.70 W, 96 %
2026/08/30 00:01:01.272, 2450 MHz, 85, 74.65 W, 96 %
2026/08/30 00:01:06.273, 2463 MHz, 81, 54.37 W, 96 %
2026/08/30 00:01:11.274, 2457 MHz, 87, 75.20 W, 96 %
2026/08/30 00:01:16.274, 2450 MHz, 87, 74.89 W, 96 %
2026/08/30 00:01:21.275, 2450 MHz, 86, 75.94 W, 96 %
2026/08/30 00:01:26.276, 2444 MHz, 86, 75.07 W, 96 %
2026/08/30 00:01:31.277, 2502 MHz, 80, 47.79 W, 95 %
2026/08/30 00:01:36.277, 2502 MHz, 79, 40.83 W, 94 %
2026/08/30 00:01:41.278, 2470 MHz, 82, 59.43 W, 96 %
2026/08/30 00:01:46.278, 2470 MHz, 83, 59.94 W, 96 %
2026/08/30 00:01:51.279, 2457 MHz, 85, 70.74 W, 95 %
2026/08/30 00:01:56.280, 2463 MHz, 85, 70.80 W, 96 %
2026/08/30 00:02:01.281, 2457 MHz, 84, 68.35 W, 96 %
2026/08/30 00:02:06.281, 2457 MHz, 85, 71.99 W, 96 %
2026/08/30 00:02:11.282, 2457 MHz, 84, 72.38 W, 96 %
2026/08/30 00:02:16.283, 2457 MHz, 85, 73.74 W, 96 %
2026/08/30 00:02:21.284, 2483 MHz, 80, 45.57 W, 96 %
2026/08/30 00:02:26.285, 2463 MHz, 80, 59.94 W, 96 %
2026/08/30 00:02:31.286, 2502 MHz, 78, 41.87 W, 96 %
2026/08/30 00:02:36.288, 2457 MHz, 83, 73.97 W, 96 %
2026/08/30 00:02:41.289, 2457 MHz, 83, 73.79 W, 96 %
2026/08/30 00:02:46.290, 2457 MHz, 84, 74.36 W, 96 %
2026/08/30 00:02:51.291, 2457 MHz, 84, 74.64 W, 96 %
2026/08/30 00:02:56.293, 2457 MHz, 83, 75.22 W, 96 %
2026/08/30 00:03:01.294, 2457 MHz, 85, 74.99 W, 95 %
2026/08/30 00:03:06.295, 2502 MHz, 76, 36.10 W, 96 %
2026/08/30 00:03:11.297, 2476 MHz, 80, 50.96 W, 96 %
2026/08/30 00:03:16.297, 2502 MHz, 76, 40.04 W, 95 %
2026/08/30 00:03:21.298, 2502 MHz, 75, 39.89 W, 95 %
2026/08/30 00:03:26.299, 2476 MHz, 80, 68.85 W, 96 %
2026/08/30 00:03:31.300, 2470 MHz, 81, 69.76 W, 96 %
2026/08/30 00:03:36.302, 2470 MHz, 81, 70.15 W, 95 %
2026/08/30 00:03:41.303, 2489 MHz, 81, 58.74 W, 96 %
2026/08/30 00:03:46.303, 2496 MHz, 77, 49.93 W, 96 %
2026/08/30 00:03:51.305, 2463 MHz, 83, 70.93 W, 96 %
2026/08/30 00:03:56.305, 2457 MHz, 81, 71.39 W, 96 %
2026/08/30 00:04:01.307, 2457 MHz, 83, 72.62 W, 96 %
2026/08/30 00:04:06.308, 2457 MHz, 83, 72.80 W, 96 %
2026/08/30 00:04:11.308, 2457 MHz, 84, 73.51 W, 95 %
2026/08/30 00:04:16.310, 2457 MHz, 84, 73.52 W, 96 %
2026/08/30 00:04:21.310, 2496 MHz, 77, 40.85 W, 96 %
2026/08/30 00:04:26.311, 2496 MHz, 83, 48.30 W, 96 %
2026/08/30 00:04:31.312, 2457 MHz, 83, 74.25 W, 96 %
2026/08/30 00:04:36.312, 2457 MHz, 84, 74.24 W, 96 %
2026/08/30 00:04:41.313, 2457 MHz, 83, 75.02 W, 96 %
2026/08/30 00:04:46.314, 2457 MHz, 85, 75.36 W, 96 %
2026/08/30 00:04:51.316, 2450 MHz, 84, 75.64 W, 96 %
2026/08/30 00:04:56.317, 2502 MHz, 77, 40.26 W, 94 %
2026/08/30 00:05:01.317, 2502 MHz, 79, 53.20 W, 96 %
2026/08/30 00:05:06.317, 2463 MHz, 83, 69.16 W, 96 %
2026/08/30 00:05:11.319, 2463 MHz, 83, 70.54 W, 96 %
2026/08/30 00:05:16.320, 2457 MHz, 83, 70.94 W, 95 %
2026/08/30 00:05:21.321, 2457 MHz, 83, 62.80 W, 96 %
2026/08/30 00:05:26.322, 2457 MHz, 83, 71.63 W, 96 %
2026/08/30 00:05:31.323, 2457 MHz, 83, 71.92 W, 96 %
2026/08/30 00:05:36.325, 2496 MHz, 79, 47.74 W, 96 %
2026/08/30 00:05:41.325, 2457 MHz, 83, 72.38 W, 96 %
2026/08/30 00:05:46.326, 2457 MHz, 83, 73.09 W, 95 %
2026/08/30 00:05:51.328, 2457 MHz, 83, 73.61 W, 96 %
2026/08/30 00:05:56.328, 2457 MHz, 83, 74.24 W, 95 %
2026/08/30 00:06:01.329, 2457 MHz, 85, 74.20 W, 96 %
2026/08/30 00:06:06.330, 2457 MHz, 85, 75.18 W, 96 %
2026/08/30 00:06:11.331, 2470 MHz, 79, 62.56 W, 95 %
2026/08/30 00:06:16.332, 2502 MHz, 78, 39.86 W, 96 %
2026/08/30 00:06:21.332, 2457 MHz, 84, 75.42 W, 96 %
2026/08/30 00:06:26.333, 2457 MHz, 87, 73.49 W, 96 %
2026/08/30 00:06:31.333, 2450 MHz, 83, 75.61 W, 95 %
2026/08/30 00:06:36.334, 2502 MHz, 78, 40.55 W, 94 %
2026/08/30 00:06:41.335, 2463 MHz, 82, 69.26 W, 96 %
2026/08/30 00:06:46.336, 2463 MHz, 83, 69.55 W, 96 %
2026/08/30 00:06:51.337, 2489 MHz, 80, 55.25 W, 96 %
2026/08/30 00:06:56.338, 2457 MHz, 83, 70.73 W, 96 %
2026/08/30 00:07:01.338, 2457 MHz, 83, 70.96 W, 96 %
2026/08/30 00:07:06.339, 2457 MHz, 84, 71.74 W, 96 %
2026/08/30 00:07:11.340, 2457 MHz, 84, 72.31 W, 96 %
2026/08/30 00:07:16.341, 2457 MHz, 84, 72.57 W, 96 %
2026/08/30 00:07:21.342, 2457 MHz, 84, 73.57 W, 96 %
2026/08/30 00:07:26.343, 2470 MHz, 80, 69.12 W, 96 %
2026/08/30 00:07:31.344, 2502 MHz, 78, 41.82 W, 96 %
2026/08/30 00:07:36.344, 2450 MHz, 85, 73.71 W, 96 %
2026/08/30 00:07:41.346, 2457 MHz, 84, 74.47 W, 95 %
2026/08/30 00:07:46.346, 2450 MHz, 85, 74.70 W, 96 %
2026/08/30 00:07:51.347, 2450 MHz, 87, 75.40 W, 96 %
2026/08/30 00:07:56.348, 2457 MHz, 85, 75.63 W, 96 %
2026/08/30 00:08:01.349, 2450 MHz, 86, 75.97 W, 95 %
2026/08/30 00:08:06.350, 2502 MHz, 80, 37.45 W, 96 %
2026/08/30 00:08:11.350, 2502 MHz, 79, 36.84 W, 96 %
2026/08/30 00:08:16.351, 2502 MHz, 77, 40.29 W, 93 %
2026/08/30 00:08:21.352, 2463 MHz, 82, 68.38 W, 96 %
2026/08/30 00:08:26.353, 2463 MHz, 82, 69.21 W, 95 %
2026/08/30 00:08:31.353, 2463 MHz, 81, 69.62 W, 96 %
2026/08/30 00:08:36.354, 2457 MHz, 82, 70.58 W, 96 %
2026/08/30 00:08:41.355, 2457 MHz, 83, 70.66 W, 95 %
2026/08/30 00:08:46.355, 2496 MHz, 80, 51.12 W, 96 %
2026/08/30 00:08:51.355, 2457 MHz, 82, 71.96 W, 96 %
2026/08/30 00:08:56.356, 2457 MHz, 83, 72.38 W, 96 %
2026/08/30 00:09:01.357, 2457 MHz, 84, 72.68 W, 96 %
2026/08/30 00:09:06.358, 2457 MHz, 84, 73.89 W, 96 %
2026/08/30 00:09:11.358, 2457 MHz, 83, 74.10 W, 96 %
2026/08/30 00:09:16.359, 2457 MHz, 85, 74.68 W, 96 %
2026/08/30 00:09:21.359, 2502 MHz, 77, 38.99 W, 96 %
2026/08/30 00:09:26.360, 2502 MHz, 76, 37.11 W, 96 %
2026/08/30 00:09:31.361, 2457 MHz, 84, 74.88 W, 96 %
2026/08/30 00:09:36.362, 2457 MHz, 86, 75.57 W, 96 %
2026/08/30 00:09:41.363, 2450 MHz, 82, 74.86 W, 96 %
2026/08/30 00:09:46.364, 2457 MHz, 84, 49.06 W, 96 %
2026/08/30 00:09:51.365, 2502 MHz, 79, 55.17 W, 94 %
2026/08/30 00:09:56.366, 2502 MHz, 78, 40.58 W, 95 %
2026/08/30 00:10:01.367, 2483 MHz, 80, 58.21 W, 96 %
2026/08/30 00:10:06.368, 2463 MHz, 84, 70.14 W, 96 %
2026/08/30 00:10:11.369, 2457 MHz, 83, 70.71 W, 96 %
2026/08/30 00:10:16.370, 2457 MHz, 83, 71.73 W, 96 %
2026/08/30 00:10:21.371, 2457 MHz, 84, 71.49 W, 96 %
2026/08/30 00:10:26.371, 2457 MHz, 84, 71.88 W, 96 %
2026/08/30 00:10:31.372, 2457 MHz, 85, 72.50 W, 96 %
2026/08/30 00:10:36.373, 2489 MHz, 80, 51.71 W, 96 %
2026/08/30 00:10:41.374, 2483 MHz, 83, 48.56 W, 96 %
2026/08/30 00:10:46.375, 2457 MHz, 85, 73.54 W, 95 %
2026/08/30 00:10:51.375, 2457 MHz, 79, 70.73 W, 96 %
2026/08/30 00:10:56.375, 2489 MHz, 82, 60.62 W, 96 %
2026/08/30 00:11:01.379, 2457 MHz, 85, 74.69 W, 96 %
2026/08/30 00:11:06.380, 2457 MHz, 85, 74.80 W, 96 %
2026/08/30 00:11:11.382, 2450 MHz, 85, 74.65 W, 96 %
2026/08/30 00:11:16.382, 2496 MHz, 79, 40.65 W, 96 %
2026/08/30 00:11:21.382, 2489 MHz, 82, 44.29 W, 96 %
2026/08/30 00:11:26.384, 2457 MHz, 85, 74.14 W, 96 %
2026/08/30 00:11:31.385, 2496 MHz, 77, 36.32 W, 96 %
2026/08/30 00:11:36.386, 2483 MHz, 76, 42.62 W, 96 %
2026/08/30 00:11:41.388, 2502 MHz, 76, 39.40 W, 94 %
2026/08/30 00:11:46.388, 2476 MHz, 80, 63.67 W, 96 %
2026/08/30 00:11:51.389, 2463 MHz, 83, 69.40 W, 96 %
2026/08/30 00:11:56.389, 2496 MHz, 80, 56.86 W, 96 %
2026/08/30 00:12:01.390, 2463 MHz, 83, 70.34 W, 96 %
2026/08/30 00:12:06.391, 2457 MHz, 83, 70.99 W, 96 %
2026/08/30 00:12:11.392, 2457 MHz, 83, 71.42 W, 96 %
2026/08/30 00:12:16.393, 2457 MHz, 83, 71.52 W, 96 %
2026/08/30 00:12:21.393, 2457 MHz, 84, 72.53 W, 96 %
2026/08/30 00:12:26.394, 2457 MHz, 84, 72.41 W, 96 %
2026/08/30 00:12:31.395, 2496 MHz, 77, 44.42 W, 96 %
2026/08/30 00:12:36.395, 2457 MHz, 84, 64.19 W, 96 %
2026/08/30 00:12:41.396, 2457 MHz, 83, 73.33 W, 96 %
2026/08/30 00:12:46.397, 2457 MHz, 83, 74.44 W, 96 %
2026/08/30 00:12:51.398, 2502 MHz, 75, 33.17 W, 96 %
2026/08/30 00:12:56.399, 2457 MHz, 84, 74.07 W, 96 %
2026/08/30 00:13:01.400, 2457 MHz, 84, 74.84 W, 96 %
2026/08/30 00:13:06.401, 2450 MHz, 84, 75.68 W, 96 %
2026/08/30 00:13:11.402, 2502 MHz, 77, 39.33 W, 96 %
2026/08/30 00:13:16.402, 2457 MHz, 83, 73.63 W, 96 %
2026/08/30 00:13:21.403, 2450 MHz, 84, 75.55 W, 96 %
2026/08/30 00:13:26.403, 2502 MHz, 76, 33.96 W, 95 %
2026/08/30 00:13:31.404, 2502 MHz, 79, 40.05 W, 96 %
2026/08/30 00:13:36.405, 2463 MHz, 82, 69.61 W, 96 %
2026/08/30 00:13:41.406, 2463 MHz, 82, 69.97 W, 96 %
2026/08/30 00:13:46.407, 2457 MHz, 82, 70.43 W, 95 %
2026/08/30 00:13:51.408, 2496 MHz, 79, 56.14 W, 95 %
2026/08/30 00:13:56.410, 2457 MHz, 83, 71.48 W, 96 %
2026/08/30 00:14:01.411, 2496 MHz, 79, 46.37 W, 96 %
2026/08/30 00:14:06.412, 2457 MHz, 83, 72.54 W, 96 %
2026/08/30 00:14:11.413, 2457 MHz, 83, 72.38 W, 96 %
2026/08/30 00:14:16.414, 2457 MHz, 83, 73.49 W, 96 %
2026/08/30 00:14:21.414, 2457 MHz, 83, 74.06 W, 96 %
2026/08/30 00:14:26.415, 2502 MHz, 81, 43.87 W, 96 %
2026/08/30 00:14:31.416, 2457 MHz, 84, 73.44 W, 96 %
2026/08/30 00:14:36.417, 2496 MHz, 76, 36.33 W, 96 %
2026/08/30 00:14:41.417, 2457 MHz, 82, 73.65 W, 96 %
2026/08/30 00:14:46.418, 2457 MHz, 82, 74.63 W, 96 %
2026/08/30 00:14:51.419, 2457 MHz, 85, 75.22 W, 96 %
2026/08/30 00:14:56.420, 2457 MHz, 84, 74.83 W, 96 %
2026/08/30 00:15:01.420, 2450 MHz, 83, 75.51 W, 95 %
2026/08/30 00:15:06.421, 2502 MHz, 76, 37.49 W, 96 %
2026/08/30 00:15:11.422, 2502 MHz, 77, 53.86 W, 94 %
2026/08/30 00:15:16.423, 2502 MHz, 76, 39.88 W, 94 %
2026/08/30 00:15:21.423, 2463 MHz, 81, 69.32 W, 96 %
2026/08/30 00:15:26.423, 2463 MHz, 82, 69.50 W, 96 %
2026/08/30 00:15:31.424, 2463 MHz, 82, 70.52 W, 96 %
2026/08/30 00:15:36.426, 2457 MHz, 83, 71.08 W, 96 %
2026/08/30 00:15:41.427, 2457 MHz, 83, 71.22 W, 96 %
2026/08/30 00:15:46.427, 2496 MHz, 78, 53.48 W, 96 %
2026/08/30 00:15:51.428, 2457 MHz, 82, 62.40 W, 96 %
2026/08/30 00:15:56.429, 2457 MHz, 83, 72.24 W, 96 %
2026/08/30 00:16:01.430, 2457 MHz, 84, 73.32 W, 96 %
2026/08/30 00:16:06.431, 2457 MHz, 84, 73.09 W, 96 %
2026/08/30 00:16:11.431, 2450 MHz, 83, 74.00 W, 96 %
2026/08/30 00:16:16.431, 2457 MHz, 83, 73.92 W, 96 %
2026/08/30 00:16:21.432, 2502 MHz, 80, 42.43 W, 96 %
2026/08/30 00:16:26.433, 2496 MHz, 75, 35.21 W, 96 %
2026/08/30 00:16:31.434, 2450 MHz, 84, 74.55 W, 96 %
2026/08/30 00:16:36.434, 2457 MHz, 84, 75.18 W, 96 %
2026/08/30 00:16:41.435, 2450 MHz, 83, 75.09 W, 95 %
2026/08/30 00:16:46.436, 2450 MHz, 85, 75.54 W, 96 %
2026/08/30 00:16:51.436, 2457 MHz, 80, 71.95 W, 94 %
2026/08/30 00:16:56.437, 2502 MHz, 78, 40.91 W, 95 %
2026/08/30 00:17:01.438, 2489 MHz, 80, 54.57 W, 96 %
2026/08/30 00:17:06.439, 2463 MHz, 82, 69.60 W, 96 %
2026/08/30 00:17:11.440, 2463 MHz, 83, 70.33 W, 96 %
2026/08/30 00:17:16.441, 2457 MHz, 82, 71.87 W, 96 %
2026/08/30 00:17:21.442, 2457 MHz, 83, 72.07 W, 96 %
2026/08/30 00:17:26.443, 2463 MHz, 84, 72.32 W, 96 %
2026/08/30 00:17:31.444, 2457 MHz, 85, 72.18 W, 96 %
2026/08/30 00:17:36.445, 2496 MHz, 78, 44.12 W, 96 %
2026/08/30 00:17:41.446, 2457 MHz, 83, 73.15 W, 96 %
2026/08/30 00:17:46.448, 2457 MHz, 84, 73.43 W, 96 %
2026/08/30 00:17:51.449, 2457 MHz, 85, 74.15 W, 96 %
2026/08/30 00:17:56.449, 2457 MHz, 84, 74.44 W, 96 %
2026/08/30 00:18:01.450, 2457 MHz, 84, 75.31 W, 96 %
2026/08/30 00:18:06.452, 2457 MHz, 85, 75.04 W, 96 %
2026/08/30 00:18:11.453, 2502 MHz, 78, 45.66 W, 96 %
2026/08/30 00:18:16.454, 2502 MHz, 76, 35.11 W, 96 %
2026/08/30 00:18:21.455, 2457 MHz, 85, 75.83 W, 96 %
2026/08/30 00:18:26.455, 2457 MHz, 85, 75.86 W, 96 %
2026/08/30 00:18:31.455, 2502 MHz, 79, 50.79 W, 94 %
2026/08/30 00:18:36.456, 2502 MHz, 78, 40.53 W, 94 %
2026/08/30 00:18:41.457, 2463 MHz, 83, 69.28 W, 96 %
2026/08/30 00:18:46.458, 2457 MHz, 84, 70.75 W, 96 %
2026/08/30 00:18:51.459, 2489 MHz, 81, 54.17 W, 96 %
2026/08/30 00:18:56.460, 2457 MHz, 83, 70.80 W, 96 %
2026/08/30 00:19:01.460, 2457 MHz, 80, 71.30 W, 95 %
2026/08/30 00:19:06.461, 2457 MHz, 84, 72.34 W, 96 %
2026/08/30 00:19:11.462, 2457 MHz, 83, 72.83 W, 96 %
2026/08/30 00:19:16.463, 2457 MHz, 84, 73.27 W, 96 %
2026/08/30 00:19:21.464, 2457 MHz, 85, 73.31 W, 95 %
2026/08/30 00:19:26.464, 2502 MHz, 79, 38.94 W, 96 %
2026/08/30 00:19:31.465, 2470 MHz, 82, 52.15 W, 95 %
2026/08/30 00:19:36.465, 2457 MHz, 83, 74.00 W, 96 %
2026/08/30 00:19:41.467, 2457 MHz, 82, 74.17 W, 96 %
2026/08/30 00:19:46.468, 2450 MHz, 85, 75.15 W, 96 %
2026/08/30 00:19:51.468, 2450 MHz, 84, 75.64 W, 96 %
2026/08/30 00:19:56.469, 2457 MHz, 85, 75.82 W, 96 %
2026/08/30 00:20:01.469, 2496 MHz, 78, 35.83 W, 96 %
2026/08/30 00:20:06.471, 2502 MHz, 78, 35.04 W, 96 %
2026/08/30 00:20:11.471, 2450 MHz, 83, 75.45 W, 96 %
2026/08/30 00:20:16.472, 2502 MHz, 78, 40.40 W, 94 %
2026/08/30 00:20:21.473, 2502 MHz, 77, 39.96 W, 94 %
2026/08/30 00:20:26.474, 2463 MHz, 82, 69.47 W, 95 %
2026/08/30 00:20:31.475, 2463 MHz, 83, 70.24 W, 96 %
2026/08/30 00:20:36.475, 2463 MHz, 84, 71.17 W, 96 %
2026/08/30 00:20:41.476, 2457 MHz, 82, 68.39 W, 96 %
2026/08/30 00:20:46.476, 2496 MHz, 80, 51.54 W, 96 %
2026/08/30 00:20:51.477, 2457 MHz, 84, 71.65 W, 95 %
2026/08/30 00:20:56.478, 2457 MHz, 82, 71.89 W, 96 %
2026/08/30 00:21:01.479, 2457 MHz, 83, 72.98 W, 96 %
2026/08/30 00:21:06.481, 2457 MHz, 84, 73.50 W, 96 %
2026/08/30 00:21:11.482, 2457 MHz, 83, 73.40 W, 96 %
2026/08/30 00:21:16.483, 2496 MHz, 79, 37.94 W, 96 %
2026/08/30 00:21:21.483, 2502 MHz, 77, 37.90 W, 96 %
2026/08/30 00:21:26.485, 2457 MHz, 83, 73.26 W, 96 %
2026/08/30 00:21:31.485, 2457 MHz, 83, 74.89 W, 96 %
2026/08/30 00:21:36.485, 2450 MHz, 84, 75.06 W, 96 %
2026/08/30 00:21:41.487, 2457 MHz, 84, 74.82 W, 96 %
2026/08/30 00:21:46.487, 2457 MHz, 84, 75.72 W, 95 %
2026/08/30 00:21:51.488, 2502 MHz, 77, 32.22 W, 96 %
2026/08/30 00:21:56.489, 2457 MHz, 85, 75.49 W, 96 %
2026/08/30 00:22:01.490, 2502 MHz, 76, 35.84 W, 96 %
2026/08/30 00:22:06.490, 2502 MHz, 76, 39.99 W, 94 %
2026/08/30 00:22:11.491, 2502 MHz, 76, 39.74 W, 95 %
2026/08/30 00:22:16.492, 2463 MHz, 80, 69.23 W, 96 %
2026/08/30 00:22:21.492, 2470 MHz, 81, 70.00 W, 96 %
2026/08/30 00:22:26.494, 2463 MHz, 81, 70.03 W, 96 %
2026/08/30 00:22:31.494, 2457 MHz, 81, 67.75 W, 96 %
2026/08/30 00:22:36.494, 2457 MHz, 82, 71.42 W, 96 %
2026/08/30 00:22:41.495, 2476 MHz, 81, 52.74 W, 96 %
2026/08/30 00:22:46.496, 2457 MHz, 83, 72.36 W, 96 %
2026/08/30 00:22:51.497, 2457 MHz, 83, 72.52 W, 95 %
2026/08/30 00:22:56.498, 2457 MHz, 84, 73.67 W, 96 %
2026/08/30 00:23:01.499, 2457 MHz, 84, 73.57 W, 96 %
2026/08/30 00:23:06.499, 2496 MHz, 79, 37.51 W, 96 %
2026/08/30 00:23:11.500, 2457 MHz, 83, 74.24 W, 96 %
2026/08/30 00:23:16.501, 2502 MHz, 76, 38.69 W, 96 %
2026/08/30 00:23:21.502, 2450 MHz, 83, 73.95 W, 96 %
2026/08/30 00:23:26.503, 2457 MHz, 84, 74.86 W, 96 %
2026/08/30 00:23:31.504, 2457 MHz, 85, 75.02 W, 95 %
2026/08/30 00:23:36.505, 2450 MHz, 84, 75.40 W, 96 %
2026/08/30 00:23:41.506, 2502 MHz, 77, 33.16 W, 96 %
2026/08/30 00:23:46.507, 2457 MHz, 83, 74.92 W, 95 %
2026/08/30 00:23:51.507, 2457 MHz, 84, 75.69 W, 95 %
2026/08/30 00:23:56.508, 2502 MHz, 78, 37.54 W, 96 %
2026/08/30 00:24:01.509, 2457 MHz, 83, 75.76 W, 96 %
2026/08/30 00:24:06.509, 2450 MHz, 83, 76.11 W, 96 %
2026/08/30 00:24:11.511, 2450 MHz, 83, 76.72 W, 96 %
2026/08/30 00:24:16.512, 2450 MHz, 84, 76.67 W, 96 %
2026/08/30 00:24:21.512, 2502 MHz, 75, 30.33 W, 96 %
2026/08/30 00:24:26.513, 2450 MHz, 83, 76.79 W, 96 %
2026/08/30 00:24:31.514, 2450 MHz, 84, 76.95 W, 96 %
2026/08/30 00:24:36.515, 2502 MHz, 75, 33.18 W, 96 %
2026/08/30 00:24:41.516, 2457 MHz, 84, 76.38 W, 96 %
2026/08/30 00:24:46.517, 2450 MHz, 86, 76.86 W, 96 %
2026/08/30 00:24:51.519, 2450 MHz, 86, 77.53 W, 96 %
2026/08/30 00:24:56.520, 2502 MHz, 75, 37.90 W, 96 %
2026/08/30 00:25:01.520, 2502 MHz, 73, 28.84 W, 96 %
2026/08/30 00:25:06.522, 2450 MHz, 83, 77.60 W, 96 %
2026/08/30 00:25:11.523, 2450 MHz, 84, 77.49 W, 96 %
2026/08/30 00:25:16.523, 2502 MHz, 74, 32.87 W, 96 %
2026/08/30 00:25:21.524, 2483 MHz, 79, 42.39 W, 96 %
2026/08/30 00:25:26.525, 2450 MHz, 82, 77.40 W, 96 %
2026/08/30 00:25:31.526, 2450 MHz, 81, 77.45 W, 95 %
2026/08/30 00:25:36.527, 2502 MHz, 75, 31.18 W, 96 %
2026/08/30 00:25:41.528, 2502 MHz, 73, 27.77 W, 96 %
2026/08/30 00:25:46.529, 2450 MHz, 82, 77.64 W, 96 %
2026/08/30 00:25:51.531, 2450 MHz, 82, 77.80 W, 96 %
2026/08/30 00:25:56.531, 2502 MHz, 75, 34.09 W, 96 %
2026/08/30 00:26:01.532, 2502 MHz, 74, 30.80 W, 96 %
2026/08/30 00:26:06.533, 2450 MHz, 81, 77.19 W, 96 %
2026/08/30 00:26:11.534, 2450 MHz, 83, 78.07 W, 96 %
2026/08/30 00:26:16.535, 2502 MHz, 74, 30.26 W, 96 %
2026/08/30 00:26:21.537, 2502 MHz, 73, 31.51 W, 96 %
2026/08/30 00:26:26.538, 2502 MHz, 75, 40.00 W, 94 %
2026/08/30 00:26:31.539, 2483 MHz, 79, 68.78 W, 95 %
2026/08/30 00:26:36.540, 2496 MHz, 78, 55.01 W, 96 %
2026/08/30 00:26:41.541, 2470 MHz, 80, 70.44 W, 96 %
2026/08/30 00:26:46.542, 2463 MHz, 81, 70.33 W, 96 %
2026/08/30 00:26:51.543, 2463 MHz, 81, 71.31 W, 96 %
2026/08/30 00:26:56.544, 2496 MHz, 78, 48.31 W, 96 %
2026/08/30 00:27:01.545, 2463 MHz, 82, 71.83 W, 96 %
2026/08/30 00:27:06.546, 2457 MHz, 82, 72.18 W, 96 %
2026/08/30 00:27:11.547, 2470 MHz, 80, 68.41 W, 96 %
2026/08/30 00:27:16.548, 2502 MHz, 76, 42.75 W, 96 %
2026/08/30 00:27:21.549, 2457 MHz, 83, 73.60 W, 96 %
2026/08/30 00:27:26.550, 2457 MHz, 83, 73.67 W, 96 %
2026/08/30 00:27:31.550, 2496 MHz, 75, 36.80 W, 96 %
2026/08/30 00:27:36.551, 2457 MHz, 84, 74.64 W, 96 %
2026/08/30 00:27:41.552, 2457 MHz, 83, 74.57 W, 96 %
2026/08/30 00:27:46.554, 2450 MHz, 82, 75.57 W, 96 %
2026/08/30 00:27:51.555, 2502 MHz, 77, 38.59 W, 96 %
2026/08/30 00:27:56.556, 2502 MHz, 77, 35.84 W, 96 %
2026/08/30 00:28:01.557, 2450 MHz, 82, 74.83 W, 96 %
2026/08/30 00:28:06.558, 2502 MHz, 75, 56.87 W, 96 %
2026/08/30 00:28:11.559, 2502 MHz, 73, 32.57 W, 96 %
2026/08/30 00:28:16.560, 2457 MHz, 81, 75.77 W, 96 %
2026/08/30 00:28:21.561, 2450 MHz, 83, 75.83 W, 96 %
2026/08/30 00:28:26.563, 2450 MHz, 84, 76.54 W, 96 %
2026/08/30 00:28:31.564, 2502 MHz, 73, 32.82 W, 96 %
2026/08/30 00:28:36.565, 2502 MHz, 74, 35.21 W, 96 %
2026/08/30 00:28:41.566, 2450 MHz, 80, 76.51 W, 96 %
2026/08/30 00:28:46.568, 2509 MHz, 72, 29.61 W, 96 %
2026/08/30 00:28:51.569, 2470 MHz, 79, 76.01 W, 96 %
2026/08/30 00:28:56.569, 2463 MHz, 81, 76.54 W, 96 %
2026/08/30 00:29:01.570, 2470 MHz, 81, 77.24 W, 96 %
2026/08/30 00:29:06.571, 2457 MHz, 81, 77.30 W, 96 %
2026/08/30 00:29:11.572, 2502 MHz, 73, 32.31 W, 96 %
2026/08/30 00:29:16.573, 2515 MHz, 72, 31.83 W, 96 %
2026/08/30 00:29:21.574, 2470 MHz, 79, 77.33 W, 96 %
2026/08/30 00:29:26.575, 2522 MHz, 70, 28.75 W, 96 %
2026/08/30 00:29:31.576, 2463 MHz, 77, 77.09 W, 96 %
2026/08/30 00:29:36.577, 2470 MHz, 82, 78.00 W, 96 %
2026/08/30 00:29:41.577, 2463 MHz, 83, 77.35 W, 96 %
2026/08/30 00:29:46.578, 2457 MHz, 80, 78.15 W, 96 %
2026/08/30 00:29:51.579, 2515 MHz, 72, 31.08 W, 96 %
2026/08/30 00:29:56.579, 2515 MHz, 74, 33.11 W, 96 %
2026/08/30 00:30:01.580, 2489 MHz, 74, 65.46 W, 96 %
2026/08/30 00:30:06.581, 2522 MHz, 75, 27.96 W, 96 %
2026/08/30 00:30:11.582, 2470 MHz, 78, 77.39 W, 96 %
2026/08/30 00:30:16.584, 2470 MHz, 80, 77.31 W, 96 %
2026/08/30 00:30:21.584, 2463 MHz, 79, 77.89 W, 96 %
2026/08/30 00:30:26.585, 2470 MHz, 82, 78.14 W, 96 %
2026/08/30 00:30:31.586, 2502 MHz, 72, 38.77 W, 95 %
2026/08/30 00:30:36.587, 2522 MHz, 71, 39.03 W, 94 %
2026/08/30 00:30:41.588, 2489 MHz, 75, 56.97 W, 96 %
2026/08/30 00:30:46.589, 2483 MHz, 77, 69.12 W, 96 %
2026/08/30 00:30:51.590, 2483 MHz, 77, 70.25 W, 96 %
2026/08/30 00:30:56.591, 2483 MHz, 78, 70.33 W, 96 %
2026/08/30 00:31:01.592, 2483 MHz, 79, 70.48 W, 96 %
2026/08/30 00:31:06.594, 2483 MHz, 79, 71.25 W, 95 %
2026/08/30 00:31:11.594, 2496 MHz, 75, 45.18 W, 96 %
2026/08/30 00:31:16.594, 2496 MHz, 73, 42.65 W, 96 %
2026/08/30 00:31:21.595, 2476 MHz, 80, 72.28 W, 96 %
2026/08/30 00:31:26.595, 2470 MHz, 81, 72.73 W, 96 %
2026/08/30 00:31:31.597, 2470 MHz, 80, 72.93 W, 96 %
2026/08/30 00:31:36.598, 2463 MHz, 82, 74.12 W, 96 %
2026/08/30 00:31:41.599, 2463 MHz, 81, 74.13 W, 95 %
2026/08/30 00:31:46.601, 2502 MHz, 77, 38.99 W, 96 %
2026/08/30 00:31:51.602, 2502 MHz, 73, 37.08 W, 96 %
2026/08/30 00:31:56.603, 2483 MHz, 78, 48.53 W, 96 %
2026/08/30 00:32:01.604, 2470 MHz, 81, 75.13 W, 96 %
2026/08/30 00:32:06.605, 2457 MHz, 82, 75.37 W, 96 %
2026/08/30 00:32:11.607, 2457 MHz, 82, 75.52 W, 96 %
2026/08/30 00:32:16.608, 2457 MHz, 82, 75.95 W, 96 %
2026/08/30 00:32:21.609, 2450 MHz, 82, 76.03 W, 96 %
2026/08/30 00:32:26.610, 2502 MHz, 74, 34.35 W, 96 %
2026/08/30 00:32:31.611, 2502 MHz, 73, 28.76 W, 96 %
2026/08/30 00:32:36.612, 2457 MHz, 78, 75.69 W, 95 %
2026/08/30 00:32:41.613, 2450 MHz, 81, 76.25 W, 96 %
2026/08/30 00:32:46.614, 2450 MHz, 81, 76.73 W, 96 %
2026/08/30 00:32:51.615, 2450 MHz, 82, 77.30 W, 96 %
2026/08/30 00:32:56.616, 2450 MHz, 82, 76.86 W, 95 %
2026/08/30 00:33:01.617, 2450 MHz, 83, 77.63 W, 96 %
2026/08/30 00:33:06.618, 2502 MHz, 73, 29.87 W, 96 %
2026/08/30 00:33:11.619, 2509 MHz, 72, 27.05 W, 96 %
2026/08/30 00:33:16.620, 2450 MHz, 82, 77.29 W, 96 %
2026/08/30 00:33:21.620, 2450 MHz, 82, 77.40 W, 96 %
2026/08/30 00:33:26.622, 2450 MHz, 82, 77.81 W, 96 %
2026/08/30 00:33:31.622, 2450 MHz, 82, 78.46 W, 96 %
2026/08/30 00:33:36.623, 2450 MHz, 86, 78.15 W, 96 %
2026/08/30 00:33:41.624, 2450 MHz, 82, 73.26 W, 96 %
2026/08/30 00:33:46.625, 2502 MHz, 74, 28.61 W, 96 %
2026/08/30 00:33:51.626, 2457 MHz, 81, 78.05 W, 96 %
2026/08/30 00:33:56.627, 2450 MHz, 82, 78.38 W, 96 %
2026/08/30 00:34:01.627, 2450 MHz, 82, 78.68 W, 96 %
2026/08/30 00:34:06.628, 2450 MHz, 83, 78.95 W, 96 %
2026/08/30 00:34:11.629, 2450 MHz, 84, 79.30 W, 96 %
2026/08/30 00:34:16.630, 2502 MHz, 78, 52.76 W, 94 %
2026/08/30 00:34:21.630, 2502 MHz, 75, 33.12 W, 95 %
2026/08/30 00:34:26.632, 2476 MHz, 81, 69.14 W, 96 %
2026/08/30 00:34:31.633, 2463 MHz, 82, 69.99 W, 96 %
2026/08/30 00:34:36.634, 2463 MHz, 81, 70.19 W, 95 %
2026/08/30 00:34:41.634, 2463 MHz, 81, 70.81 W, 96 %
2026/08/30 00:34:46.635, 2463 MHz, 82, 71.23 W, 96 %
2026/08/30 00:34:51.636, 2463 MHz, 83, 71.71 W, 96 %
2026/08/30 00:34:56.638, 2496 MHz, 80, 62.30 W, 96 %
2026/08/30 00:35:01.639, 2483 MHz, 80, 54.96 W, 96 %
2026/08/30 00:35:06.641, 2457 MHz, 82, 72.22 W, 96 %
2026/08/30 00:35:11.642, 2457 MHz, 81, 73.18 W, 96 %
2026/08/30 00:35:16.643, 2457 MHz, 83, 73.34 W, 96 %
2026/08/30 00:35:21.644, 2457 MHz, 81, 74.10 W, 96 %
2026/08/30 00:35:26.645, 2457 MHz, 81, 74.30 W, 96 %
2026/08/30 00:35:31.646, 2450 MHz, 81, 74.72 W, 96 %
2026/08/30 00:35:36.647, 2502 MHz, 76, 32.31 W, 95 %
2026/08/30 00:35:41.647, 2463 MHz, 80, 74.63 W, 96 %
2026/08/30 00:35:46.648, 2463 MHz, 81, 75.52 W, 95 %
2026/08/30 00:35:51.649, 2457 MHz, 81, 74.90 W, 96 %
2026/08/30 00:35:56.649, 2457 MHz, 82, 75.60 W, 96 %
2026/08/30 00:36:01.650, 2457 MHz, 81, 76.11 W, 96 %
2026/08/30 00:36:06.651, 2457 MHz, 81, 76.06 W, 96 %
2026/08/30 00:36:11.651, 2502 MHz, 73, 29.48 W, 96 %
2026/08/30 00:36:16.652, 2476 MHz, 80, 70.42 W, 96 %
2026/08/30 00:36:21.653, 2457 MHz, 81, 76.61 W, 96 %
2026/08/30 00:36:26.654, 2463 MHz, 80, 77.00 W, 96 %
2026/08/30 00:36:31.655, 2457 MHz, 81, 76.51 W, 96 %
2026/08/30 00:36:36.656, 2450 MHz, 82, 77.14 W, 96 %
2026/08/30 00:36:41.657, 2457 MHz, 82, 77.03 W, 96 %
2026/08/30 00:36:46.659, 2457 MHz, 81, 77.38 W, 96 %
2026/08/30 00:36:51.660, 2502 MHz, 72, 29.74 W, 96 %
2026/08/30 00:36:56.660, 2470 MHz, 81, 77.34 W, 96 %
2026/08/30 00:37:01.662, 2470 MHz, 80, 77.61 W, 96 %
2026/08/30 00:37:06.663, 2457 MHz, 80, 77.18 W, 95 %
2026/08/30 00:37:11.663, 2457 MHz, 80, 78.09 W, 96 %
2026/08/30 00:37:16.664, 2450 MHz, 80, 78.09 W, 96 %
2026/08/30 00:37:21.665, 2450 MHz, 82, 78.01 W, 96 %
2026/08/30 00:37:26.667, 2502 MHz, 73, 33.64 W, 96 %
2026/08/30 00:37:31.668, 2522 MHz, 71, 27.31 W, 96 %
2026/08/30 00:37:36.669, 2463 MHz, 80, 78.45 W, 96 %
2026/08/30 00:37:41.670, 2457 MHz, 81, 78.30 W, 96 %
2026/08/30 00:37:46.671, 2450 MHz, 80, 78.94 W, 96 %
2026/08/30 00:37:51.672, 2502 MHz, 74, 39.38 W, 94 %
2026/08/30 00:37:56.673, 2489 MHz, 78, 67.26 W, 95 %
2026/08/30 00:38:01.674, 2483 MHz, 79, 69.30 W, 96 %
2026/08/30 00:38:06.676, 2496 MHz, 75, 51.99 W, 96 %
2026/08/30 00:38:11.677, 2483 MHz, 79, 70.59 W, 96 %
2026/08/30 00:38:16.678, 2483 MHz, 80, 70.83 W, 96 %
2026/08/30 00:38:21.679, 2483 MHz, 80, 71.49 W, 96 %
2026/08/30 00:38:26.679, 2470 MHz, 80, 71.70 W, 96 %
2026/08/30 00:38:31.680, 2463 MHz, 80, 72.33 W, 96 %
2026/08/30 00:38:36.681, 2463 MHz, 81, 72.61 W, 96 %
2026/08/30 00:38:41.682, 2502 MHz, 76, 36.70 W, 96 %
2026/08/30 00:38:46.683, 2470 MHz, 81, 73.37 W, 96 %
2026/08/30 00:38:51.684, 2470 MHz, 82, 73.05 W, 95 %
2026/08/30 00:38:56.685, 2457 MHz, 81, 74.26 W, 96 %
2026/08/30 00:39:01.686, 2457 MHz, 81, 74.18 W, 95 %
2026/08/30 00:39:06.687, 2457 MHz, 82, 74.69 W, 96 %
2026/08/30 00:39:11.689, 2457 MHz, 83, 75.16 W, 96 %
2026/08/30 00:39:16.690, 2502 MHz, 74, 32.03 W, 96 %
2026/08/30 00:39:21.690, 2502 MHz, 73, 32.92 W, 96 %
2026/08/30 00:39:26.691, 2457 MHz, 82, 74.64 W, 96 %
2026/08/30 00:39:31.693, 2457 MHz, 80, 75.47 W, 96 %
2026/08/30 00:39:36.694, 2457 MHz, 83, 75.43 W, 96 %
2026/08/30 00:39:41.695, 2450 MHz, 85, 76.46 W, 96 %
2026/08/30 00:39:46.696, 2450 MHz, 82, 76.55 W, 96 %
2026/08/30 00:39:51.697, 2450 MHz, 83, 76.98 W, 96 %
2026/08/30 00:39:56.698, 2502 MHz, 73, 29.74 W, 96 %
2026/08/30 00:40:01.699, 2457 MHz, 81, 76.14 W, 96 %
2026/08/30 00:40:06.701, 2450 MHz, 82, 76.96 W, 96 %
2026/08/30 00:40:11.701, 2450 MHz, 82, 76.76 W, 96 %
2026/08/30 00:40:16.703, 2450 MHz, 81, 76.83 W, 95 %
2026/08/30 00:40:21.704, 2450 MHz, 82, 77.23 W, 96 %
2026/08/30 00:40:26.706, 2450 MHz, 81, 77.09 W, 96 %
2026/08/30 00:40:31.707, 2502 MHz, 74, 47.48 W, 96 %
2026/08/30 00:40:36.708, 2502 MHz, 72, 27.88 W, 96 %
2026/08/30 00:40:41.710, 2463 MHz, 80, 77.63 W, 96 %
2026/08/30 00:40:46.711, 2463 MHz, 81, 76.93 W, 95 %
2026/08/30 00:40:51.713, 2457 MHz, 81, 77.85 W, 96 %
2026/08/30 00:40:56.714, 2444 MHz, 81, 78.11 W, 96 %
2026/08/30 00:41:01.715, 2450 MHz, 82, 78.62 W, 96 %
2026/08/30 00:41:06.717, 2450 MHz, 81, 78.48 W, 96 %
2026/08/30 00:41:11.717, 2502 MHz, 75, 32.47 W, 96 %
2026/08/30 00:41:16.718, 2476 MHz, 79, 60.68 W, 96 %
2026/08/30 00:41:21.719, 2463 MHz, 82, 77.90 W, 95 %
2026/08/30 00:41:26.720, 2502 MHz, 73, 39.24 W, 93 %
2026/08/30 00:41:31.721, 2483 MHz, 77, 68.22 W, 96 %
2026/08/30 00:41:36.723, 2489 MHz, 79, 69.14 W, 96 %
2026/08/30 00:41:41.724, 2483 MHz, 79, 70.03 W, 96 %
2026/08/30 00:41:46.724, 2483 MHz, 78, 70.83 W, 96 %
2026/08/30 00:41:51.725, 2483 MHz, 79, 56.70 W, 96 %
2026/08/30 00:41:56.727, 2483 MHz, 80, 71.70 W, 96 %
2026/08/30 00:42:01.728, 2476 MHz, 80, 71.85 W, 96 %
2026/08/30 00:42:06.729, 2470 MHz, 81, 72.23 W, 96 %
2026/08/30 00:42:11.731, 2470 MHz, 81, 72.71 W, 96 %
2026/08/30 00:42:16.731, 2463 MHz, 82, 73.05 W, 96 %
2026/08/30 00:42:21.732, 2457 MHz, 82, 73.20 W, 96 %
2026/08/30 00:42:26.734, 2502 MHz, 74, 34.40 W, 96 %
2026/08/30 00:42:31.735, 2457 MHz, 80, 73.91 W, 96 %
2026/08/30 00:42:36.735, 2457 MHz, 81, 73.52 W, 95 %
2026/08/30 00:42:41.736, 2457 MHz, 82, 74.29 W, 96 %
2026/08/30 00:42:46.737, 2457 MHz, 82, 75.03 W, 96 %
2026/08/30 00:42:51.737, 2457 MHz, 83, 75.57 W, 96 %
2026/08/30 00:42:56.738, 2457 MHz, 83, 75.56 W, 96 %
2026/08/30 00:43:01.738, 2502 MHz, 74, 30.34 W, 96 %
2026/08/30 00:43:06.739, 2502 MHz, 74, 34.11 W, 96 %
2026/08/30 00:43:11.739, 2457 MHz, 81, 75.51 W, 96 %
2026/08/30 00:43:16.740, 2450 MHz, 81, 75.82 W, 96 %
2026/08/30 00:43:21.742, 2450 MHz, 82, 76.19 W, 96 %
2026/08/30 00:43:26.743, 2450 MHz, 83, 77.18 W, 96 %
2026/08/30 00:43:31.744, 2450 MHz, 83, 76.40 W, 95 %
2026/08/30 00:43:36.745, 2450 MHz, 85, 77.63 W, 96 %
2026/08/30 00:43:41.745, 2502 MHz, 74, 30.47 W, 96 %
2026/08/30 00:43:46.746, 2450 MHz, 81, 76.12 W, 96 %
2026/08/30 00:43:51.748, 2450 MHz, 81, 77.03 W, 96 %
2026/08/30 00:43:56.749, 2450 MHz, 81, 76.91 W, 95 %
2026/08/30 00:44:01.750, 2450 MHz, 83, 78.03 W, 96 %
2026/08/30 00:44:06.751, 2450 MHz, 84, 77.90 W, 96 %
2026/08/30 00:44:11.752, 2450 MHz, 87, 78.07 W, 96 %
2026/08/30 00:44:16.753, 2502 MHz, 79, 33.80 W, 96 %
2026/08/30 00:44:21.754, 2502 MHz, 74, 28.43 W, 96 %
2026/08/30 00:44:26.755, 2450 MHz, 83, 77.94 W, 96 %
2026/08/30 00:44:31.756, 2450 MHz, 81, 78.42 W, 96 %
2026/08/30 00:44:36.757, 2450 MHz, 83, 78.21 W, 96 %
2026/08/30 00:44:41.759, 2450 MHz, 82, 78.49 W, 96 %
2026/08/30 00:44:46.759, 2450 MHz, 83, 78.29 W, 96 %
2026/08/30 00:44:51.760, 2450 MHz, 82, 78.26 W, 96 %
2026/08/30 00:44:56.761, 2502 MHz, 74, 29.35 W, 96 %
2026/08/30 00:45:01.762, 2483 MHz, 79, 39.94 W, 96 %
2026/08/30 00:45:06.763, 2502 MHz, 74, 39.57 W, 94 %
2026/08/30 00:45:11.765, 2483 MHz, 80, 68.74 W, 96 %
2026/08/30 00:45:16.765, 2483 MHz, 79, 70.36 W, 96 %
2026/08/30 00:45:21.766, 2476 MHz, 79, 70.31 W, 96 %
2026/08/30 00:45:26.767, 2476 MHz, 81, 70.81 W, 96 %
2026/08/30 00:45:31.768, 2476 MHz, 82, 71.15 W, 96 %
2026/08/30 00:45:36.769, 2502 MHz, 77, 45.33 W, 96 %
2026/08/30 00:45:41.770, 2470 MHz, 80, 72.03 W, 96 %
2026/08/30 00:45:46.771, 2463 MHz, 82, 72.04 W, 96 %
2026/08/30 00:45:51.771, 2457 MHz, 83, 72.78 W, 96 %
2026/08/30 00:45:56.773, 2457 MHz, 83, 73.60 W, 96 %
2026/08/30 00:46:01.773, 2457 MHz, 83, 73.59 W, 96 %
2026/08/30 00:46:06.774, 2450 MHz, 82, 74.86 W, 96 %
2026/08/30 00:46:11.776, 2502 MHz, 76, 33.07 W, 96 %
2026/08/30 00:46:16.776, 2502 MHz, 76, 39.49 W, 95 %
2026/08/30 00:46:21.777, 2502 MHz, 76, 36.12 W, 96 %
2026/08/30 00:46:26.778, 2457 MHz, 79, 74.04 W, 96 %
2026/08/30 00:46:31.779, 2457 MHz, 82, 74.77 W, 96 %
2026/08/30 00:46:36.780, 2450 MHz, 81, 75.94 W, 96 %
2026/08/30 00:46:41.781, 2450 MHz, 82, 75.77 W, 96 %
2026/08/30 00:46:46.782, 2502 MHz, 75, 32.94 W, 96 %
2026/08/30 00:46:51.783, 2470 MHz, 80, 50.57 W, 96 %
2026/08/30 00:46:56.784, 2450 MHz, 81, 76.12 W, 96 %
2026/08/30 00:47:01.786, 2450 MHz, 83, 76.75 W, 96 %
2026/08/30 00:47:06.786, 2450 MHz, 83, 76.92 W, 96 %
2026/08/30 00:47:11.787, 2502 MHz, 75, 34.08 W, 96 %
2026/08/30 00:47:16.787, 2502 MHz, 77, 38.15 W, 95 %
2026/08/30 00:47:21.788, 2450 MHz, 83, 76.80 W, 96 %
2026/08/30 00:47:26.789, 2502 MHz, 75, 29.15 W, 96 %
2026/08/30 00:47:31.790, 2457 MHz, 81, 76.45 W, 96 %
2026/08/30 00:47:36.791, 2450 MHz, 83, 77.19 W, 96 %
2026/08/30 00:47:41.792, 2450 MHz, 83, 77.42 W, 96 %
2026/08/30 00:47:46.793, 2450 MHz, 83, 77.87 W, 96 %
2026/08/30 00:47:51.794, 2450 MHz, 84, 77.79 W, 95 %
2026/08/30 00:47:56.795, 2444 MHz, 87, 78.04 W, 96 %
2026/08/30 00:48:01.795, 2502 MHz, 75, 33.43 W, 96 %
2026/08/30 00:48:06.796, 2502 MHz, 75, 29.03 W, 96 %
2026/08/30 00:48:11.797, 2457 MHz, 82, 77.04 W, 96 %
2026/08/30 00:48:16.798, 2450 MHz, 82, 77.83 W, 96 %
2026/08/30 00:48:21.799, 2450 MHz, 84, 77.90 W, 96 %
2026/08/30 00:48:26.800, 2450 MHz, 86, 78.47 W, 96 %
2026/08/30 00:48:31.801, 2450 MHz, 83, 78.45 W, 96 %
2026/08/30 00:48:36.803, 2450 MHz, 83, 78.68 W, 96 %
2026/08/30 00:48:41.803, 2502 MHz, 74, 40.21 W, 96 %
2026/08/30 00:48:46.804, 2502 MHz, 72, 26.81 W, 96 %
2026/08/30 00:48:51.804, 2476 MHz, 78, 77.73 W, 96 %
2026/08/30 00:48:56.805, 2502 MHz, 74, 39.58 W, 95 %
2026/08/30 00:49:01.806, 2502 MHz, 72, 32.04 W, 94 %
2026/08/30 00:49:06.807, 2483 MHz, 79, 68.84 W, 96 %
2026/08/30 00:49:11.808, 2483 MHz, 79, 70.10 W, 96 %
2026/08/30 00:49:16.808, 2483 MHz, 80, 70.46 W, 95 %
2026/08/30 00:49:21.809, 2496 MHz, 78, 51.13 W, 95 %
2026/08/30 00:49:26.810, 2470 MHz, 80, 71.00 W, 96 %
2026/08/30 00:49:31.811, 2463 MHz, 81, 71.67 W, 96 %
2026/08/30 00:49:36.811, 2463 MHz, 80, 72.16 W, 96 %
2026/08/30 00:49:41.812, 2457 MHz, 82, 72.28 W, 95 %
2026/08/30 00:49:46.813, 2457 MHz, 82, 73.57 W, 96 %
2026/08/30 00:49:51.814, 2457 MHz, 82, 73.45 W, 96 %
2026/08/30 00:49:56.816, 2502 MHz, 75, 33.37 W, 96 %
2026/08/30 00:50:01.816, 2457 MHz, 82, 73.72 W, 96 %
2026/08/30 00:50:06.817, 2457 MHz, 84, 74.74 W, 96 %
2026/08/30 00:50:11.818, 2457 MHz, 83, 74.82 W, 96 %
2026/08/30 00:50:16.819, 2457 MHz, 83, 75.88 W, 96 %
2026/08/30 00:50:21.820, 2450 MHz, 83, 75.83 W, 96 %
2026/08/30 00:50:26.821, 2502 MHz, 78, 39.64 W, 96 %
2026/08/30 00:50:31.821, 2496 MHz, 74, 36.10 W, 96 %
2026/08/30 00:50:36.823, 2502 MHz, 72, 31.31 W, 96 %
2026/08/30 00:50:41.824, 2457 MHz, 80, 75.89 W, 96 %
2026/08/30 00:50:46.825, 2450 MHz, 84, 75.62 W, 96 %
2026/08/30 00:50:51.826, 2457 MHz, 82, 76.32 W, 96 %
2026/08/30 00:50:56.827, 2457 MHz, 82, 76.78 W, 96 %
2026/08/30 00:51:01.828, 2450 MHz, 83, 76.23 W, 96 %
2026/08/30 00:51:06.829, 2457 MHz, 84, 76.84 W, 96 %
2026/08/30 00:51:11.831, 2502 MHz, 73, 29.05 W, 96 %
2026/08/30 00:51:16.832, 2463 MHz, 81, 76.25 W, 95 %
2026/08/30 00:51:21.833, 2450 MHz, 80, 76.87 W, 96 %
2026/08/30 00:51:26.835, 2450 MHz, 80, 77.68 W, 96 %
2026/08/30 00:51:31.835, 2502 MHz, 73, 32.93 W, 96 %
2026/08/30 00:51:36.836, 2502 MHz, 72, 32.68 W, 96 %
2026/08/30 00:51:41.837, 2457 MHz, 81, 77.38 W, 96 %
2026/08/30 00:51:46.838, 2463 MHz, 80, 77.50 W, 96 %
2026/08/30 00:51:51.839, 2522 MHz, 71, 30.34 W, 96 %
2026/08/30 00:51:56.840, 2509 MHz, 70, 32.78 W, 96 %
2026/08/30 00:52:01.842, 2470 MHz, 78, 77.29 W, 96 %
2026/08/30 00:52:06.843, 2470 MHz, 79, 77.77 W, 96 %
2026/08/30 00:52:11.843, 2463 MHz, 81, 77.22 W, 95 %
2026/08/30 00:52:16.844, 2515 MHz, 72, 31.07 W, 96 %
2026/08/30 00:52:21.845, 2522 MHz, 71, 32.14 W, 96 %
2026/08/30 00:52:26.846, 2515 MHz, 72, 51.55 W, 96 %
2026/08/30 00:52:31.847, 2522 MHz, 69, 25.92 W, 96 %
2026/08/30 00:52:36.848, 2470 MHz, 77, 77.51 W, 96 %
2026/08/30 00:52:41.849, 2470 MHz, 78, 77.85 W, 96 %
2026/08/30 00:52:46.850, 2470 MHz, 79, 78.15 W, 96 %
2026/08/30 00:52:51.851, 2457 MHz, 80, 77.63 W, 96 %
2026/08/30 00:52:56.852, 2502 MHz, 72, 39.11 W, 94 %
2026/08/30 00:53:01.853, 2489 MHz, 77, 64.97 W, 95 %
2026/08/30 00:53:06.855, 2496 MHz, 74, 52.24 W, 96 %
2026/08/30 00:53:11.856, 2483 MHz, 79, 69.35 W, 96 %
2026/08/30 00:53:16.858, 2483 MHz, 79, 70.64 W, 96 %
2026/08/30 00:53:21.859, 2483 MHz, 80, 71.13 W, 96 %
2026/08/30 00:53:26.860, 2476 MHz, 80, 71.54 W, 96 %
2026/08/30 00:53:31.860, 2470 MHz, 80, 72.07 W, 96 %
2026/08/30 00:53:36.862, 2463 MHz, 81, 72.72 W, 96 %
2026/08/30 00:53:41.863, 2496 MHz, 75, 39.98 W, 96 %
2026/08/30 00:53:46.864, 2470 MHz, 80, 72.34 W, 96 %
2026/08/30 00:53:51.865, 2457 MHz, 81, 73.79 W, 96 %
2026/08/30 00:53:56.866, 2457 MHz, 82, 73.48 W, 95 %
2026/08/30 00:54:01.867, 2457 MHz, 82, 74.62 W, 96 %
2026/08/30 00:54:06.868, 2457 MHz, 82, 74.06 W, 96 %
2026/08/30 00:54:11.869, 2457 MHz, 83, 74.70 W, 96 %
2026/08/30 00:54:16.869, 2496 MHz, 75, 33.00 W, 96 %
2026/08/30 00:54:21.870, 2457 MHz, 82, 75.07 W, 96 %
2026/08/30 00:54:26.871, 2502 MHz, 74, 34.37 W, 96 %
2026/08/30 00:54:31.872, 2502 MHz, 74, 35.99 W, 96 %
2026/08/30 00:54:36.873, 2463 MHz, 81, 75.57 W, 96 %
2026/08/30 00:54:41.874, 2450 MHz, 82, 75.85 W, 96 %
2026/08/30 00:54:46.876, 2450 MHz, 82, 76.23 W, 96 %
2026/08/30 00:54:51.876, 2450 MHz, 83, 76.40 W, 96 %
2026/08/30 00:54:56.878, 2502 MHz, 74, 31.17 W, 96 %
2026/08/30 00:55:01.879, 2450 MHz, 81, 75.80 W, 96 %
2026/08/30 00:55:06.879, 2502 MHz, 74, 32.61 W, 96 %
2026/08/30 00:55:11.880, 2502 MHz, 73, 32.28 W, 96 %
2026/08/30 00:55:16.881, 2457 MHz, 81, 76.11 W, 96 %
2026/08/30 00:55:21.882, 2450 MHz, 81, 77.05 W, 96 %
2026/08/30 00:55:26.883, 2450 MHz, 82, 77.02 W, 96 %
2026/08/30 00:55:31.885, 2502 MHz, 74, 41.93 W, 96 %
2026/08/30 00:55:36.885, 2502 MHz, 72, 27.28 W, 96 %
2026/08/30 00:55:41.887, 2450 MHz, 82, 77.28 W, 96 %
2026/08/30 00:55:46.887, 2502 MHz, 74, 32.09 W, 96 %
2026/08/30 00:55:51.888, 2502 MHz, 77, 34.32 W, 96 %
2026/08/30 00:55:56.888, 2457 MHz, 83, 76.97 W, 96 %
2026/08/30 00:56:01.890, 2450 MHz, 82, 77.72 W, 96 %
2026/08/30 00:56:06.892, 2450 MHz, 81, 77.89 W, 96 %
2026/08/30 00:56:11.892, 2502 MHz, 73, 27.61 W, 96 %
2026/08/30 00:56:16.894, 2463 MHz, 81, 63.75 W, 96 %
2026/08/30 00:56:21.895, 2450 MHz, 81, 77.79 W, 96 %
2026/08/30 00:56:26.896, 2450 MHz, 83, 78.24 W, 96 %
2026/08/30 00:56:31.898, 2450 MHz, 82, 78.17 W, 96 %
2026/08/30 00:56:36.899, 2450 MHz, 84, 78.69 W, 96 %
2026/08/30 00:56:41.900, 2502 MHz, 74, 33.75 W, 96 %
2026/08/30 00:56:46.901, 2502 MHz, 76, 33.84 W, 96 %
2026/08/30 00:56:51.902, 2502 MHz, 72, 26.67 W, 96 %
2026/08/30 00:56:56.903, 2457 MHz, 84, 78.26 W, 96 %
2026/08/30 00:57:01.904, 2502 MHz, 74, 39.64 W, 94 %
2026/08/30 00:57:06.905, 2483 MHz, 79, 59.26 W, 96 %
2026/08/30 00:57:11.906, 2483 MHz, 80, 69.57 W, 96 %
2026/08/30 00:57:16.907, 2476 MHz, 81, 70.21 W, 96 %
2026/08/30 00:57:21.909, 2470 MHz, 80, 70.59 W, 96 %
2026/08/30 00:57:26.910, 2457 MHz, 80, 70.96 W, 96 %
2026/08/30 00:57:31.911, 2470 MHz, 81, 71.11 W, 96 %
2026/08/30 00:57:36.912, 2463 MHz, 82, 71.63 W, 96 %
2026/08/30 00:57:41.913, 2457 MHz, 82, 72.03 W, 96 %
2026/08/30 00:57:46.915, 2457 MHz, 82, 73.01 W, 96 %
2026/08/30 00:57:51.916, 2457 MHz, 83, 73.25 W, 96 %
2026/08/30 00:57:56.917, 2457 MHz, 80, 73.45 W, 96 %
2026/08/30 00:58:01.918, 2457 MHz, 83, 74.62 W, 96 %
2026/08/30 00:58:06.918, 2502 MHz, 74, 32.53 W, 96 %
2026/08/30 00:58:11.919, 2502 MHz, 76, 37.42 W, 96 %
2026/08/30 00:58:16.920, 2502 MHz, 75, 35.53 W, 96 %
2026/08/30 00:58:21.921, 2457 MHz, 82, 74.34 W, 96 %
2026/08/30 00:58:26.921, 2457 MHz, 83, 75.31 W, 96 %
2026/08/30 00:58:31.922, 2502 MHz, 77, 35.33 W, 96 %
2026/08/30 00:58:36.924, 2470 MHz, 80, 62.56 W, 96 %
2026/08/30 00:58:41.924, 2502 MHz, 74, 31.50 W, 96 %
2026/08/30 00:58:46.925, 2502 MHz, 73, 33.29 W, 96 %
2026/08/30 00:58:51.926, 2502 MHz, 72, 34.17 W, 96 %
2026/08/30 00:58:56.928, 2509 MHz, 73, 34.49 W, 96 %
2026/08/30 00:59:01.929, 2496 MHz, 73, 65.32 W, 96 %
2026/08/30 00:59:06.930, 2522 MHz, 71, 35.16 W, 96 %
2026/08/30 00:59:11.931, 2470 MHz, 78, 75.01 W, 96 %
2026/08/30 00:59:16.932, 2470 MHz, 81, 75.49 W, 96 %
2026/08/30 00:59:21.933, 2522 MHz, 70, 29.50 W, 96 %
2026/08/30 00:59:26.934, 2470 MHz, 79, 75.42 W, 96 %
2026/08/30 00:59:31.935, 2463 MHz, 81, 75.91 W, 96 %
2026/08/30 00:59:36.936, 2457 MHz, 81, 76.02 W, 96 %
2026/08/30 00:59:41.936, 2502 MHz, 74, 57.90 W, 96 %
2026/08/30 00:59:46.937, 2502 MHz, 72, 34.48 W, 96 %
2026/08/30 00:59:51.937, 2470 MHz, 79, 76.61 W, 96 %
2026/08/30 00:59:56.939, 2502 MHz, 73, 28.90 W, 96 %
2026/08/30 01:00:01.939, 2522 MHz, 71, 28.53 W, 96 %
2026/08/30 01:00:06.941, 2457 MHz, 81, 76.63 W, 96 %
2026/08/30 01:00:11.942, 2463 MHz, 78, 76.40 W, 95 %
2026/08/30 01:00:16.944, 2450 MHz, 82, 77.11 W, 96 %
2026/08/30 01:00:21.945, 2450 MHz, 82, 75.83 W, 96 %
2026/08/30 01:00:26.946, 2502 MHz, 73, 32.33 W, 96 %
2026/08/30 01:00:31.948, 2470 MHz, 80, 77.40 W, 96 %
2026/08/30 01:00:36.949, 2515 MHz, 72, 28.96 W, 96 %
2026/08/30 01:00:41.950, 2470 MHz, 79, 77.31 W, 96 %
2026/08/30 01:00:46.951, 2457 MHz, 83, 76.75 W, 95 %
2026/08/30 01:00:51.952, 2457 MHz, 83, 77.82 W, 96 %
2026/08/30 01:00:56.954, 2457 MHz, 82, 77.87 W, 96 %
2026/08/30 01:01:01.955, 2437 MHz, 81, 77.70 W, 96 %
2026/08/30 01:01:06.956, 2502 MHz, 73, 37.43 W, 96 %
2026/08/30 01:01:11.956, 2437 MHz, 82, 76.54 W, 96 %
2026/08/30 01:01:16.957, 2502 MHz, 72, 27.82 W, 96 %
2026/08/30 01:01:21.958, 2450 MHz, 84, 77.49 W, 96 %
2026/08/30 01:01:26.960, 2502 MHz, 74, 39.63 W, 94 %
2026/08/30 01:01:31.961, 2489 MHz, 78, 48.02 W, 96 %
2026/08/30 01:01:36.962, 2476 MHz, 80, 68.45 W, 96 %
2026/08/30 01:01:41.962, 2489 MHz, 77, 57.87 W, 96 %
2026/08/30 01:01:46.963, 2470 MHz, 80, 70.62 W, 96 %
2026/08/30 01:01:51.964, 2470 MHz, 81, 69.87 W, 96 %
2026/08/30 01:01:56.965, 2463 MHz, 81, 70.36 W, 96 %
2026/08/30 01:02:01.966, 2457 MHz, 81, 71.53 W, 96 %
2026/08/30 01:02:06.966, 2457 MHz, 83, 71.28 W, 96 %
2026/08/30 01:02:11.967, 2457 MHz, 82, 71.67 W, 96 %
2026/08/30 01:02:16.968, 2457 MHz, 84, 73.56 W, 96 %
2026/08/30 01:02:21.969, 2502 MHz, 77, 40.96 W, 96 %
2026/08/30 01:02:26.970, 2457 MHz, 82, 73.89 W, 96 %
2026/08/30 01:02:31.971, 2489 MHz, 80, 43.35 W, 95 %
2026/08/30 01:02:36.972, 2450 MHz, 83, 73.94 W, 96 %
2026/08/30 01:02:41.973, 2457 MHz, 81, 74.27 W, 96 %
2026/08/30 01:02:46.974, 2457 MHz, 84, 74.76 W, 96 %
2026/08/30 01:02:51.975, 2450 MHz, 83, 75.41 W, 96 %
2026/08/30 01:02:56.976, 2502 MHz, 75, 34.29 W, 96 %
2026/08/30 01:03:01.976, 2502 MHz, 74, 33.08 W, 96 %
2026/08/30 01:03:06.977, 2502 MHz, 74, 32.12 W, 96 %
2026/08/30 01:03:11.978, 2450 MHz, 81, 75.01 W, 96 %
2026/08/30 01:03:16.978, 2450 MHz, 83, 75.74 W, 96 %
2026/08/30 01:03:21.980, 2450 MHz, 83, 75.79 W, 96 %
2026/08/30 01:03:26.981, 2450 MHz, 84, 76.56 W, 96 %
2026/08/30 01:03:31.982, 2450 MHz, 83, 76.33 W, 96 %
2026/08/30 01:03:36.983, 2502 MHz, 75, 34.97 W, 96 %
2026/08/30 01:03:41.984, 2502 MHz, 76, 32.70 W, 96 %
2026/08/30 01:03:46.984, 2502 MHz, 72, 28.80 W, 96 %
2026/08/30 01:03:51.985, 2457 MHz, 81, 75.67 W, 96 %
2026/08/30 01:03:56.986, 2450 MHz, 82, 76.75 W, 96 %
2026/08/30 01:04:01.987, 2457 MHz, 83, 76.76 W, 96 %
2026/08/30 01:04:06.988, 2450 MHz, 85, 77.36 W, 96 %
2026/08/30 01:04:11.989, 2450 MHz, 86, 76.92 W, 96 %
2026/08/30 01:04:16.990, 2502 MHz, 75, 32.56 W, 96 %
2026/08/30 01:04:21.991, 2502 MHz, 76, 30.27 W, 96 %
2026/08/30 01:04:26.992, 2470 MHz, 79, 58.58 W, 96 %
2026/08/30 01:04:31.994, 2450 MHz, 81, 76.94 W, 95 %
2026/08/30 01:04:36.995, 2450 MHz, 83, 77.85 W, 96 %
2026/08/30 01:04:41.996, 2450 MHz, 82, 77.97 W, 96 %
2026/08/30 01:04:46.997, 2444 MHz, 83, 77.96 W, 96 %
2026/08/30 01:04:51.998, 2437 MHz, 85, 78.34 W, 96 %
2026/08/30 01:04:56.999, 2502 MHz, 76, 35.58 W, 96 %
2026/08/30 01:05:02.000, 2502 MHz, 75, 28.14 W, 96 %
2026/08/30 01:05:07.001, 2450 MHz, 80, 77.50 W, 96 %
2026/08/30 01:05:12.002, 2444 MHz, 82, 78.02 W, 96 %
2026/08/30 01:05:17.004, 2444 MHz, 83, 78.52 W, 96 %
2026/08/30 01:05:22.005, 2437 MHz, 84, 78.65 W, 96 %
2026/08/30 01:05:27.006, 2502 MHz, 77, 40.88 W, 93 %
2026/08/30 01:05:32.007, 2483 MHz, 82, 68.63 W, 96 %
2026/08/30 01:05:37.008, 2496 MHz, 80, 58.41 W, 96 %
2026/08/30 01:05:42.009, 2463 MHz, 81, 70.38 W, 96 %
2026/08/30 01:05:47.011, 2463 MHz, 82, 70.60 W, 95 %
2026/08/30 01:05:52.012, 2457 MHz, 82, 71.25 W, 96 %
2026/08/30 01:05:57.013, 2457 MHz, 81, 71.52 W, 95 %
2026/08/30 01:06:02.014, 2457 MHz, 81, 71.95 W, 95 %
2026/08/30 01:06:07.015, 2457 MHz, 83, 72.94 W, 96 %
2026/08/30 01:06:12.016, 2502 MHz, 77, 43.79 W, 96 %
2026/08/30 01:06:17.017, 2457 MHz, 82, 63.15 W, 96 %
2026/08/30 01:06:22.017, 2457 MHz, 84, 73.67 W, 96 %
2026/08/30 01:06:27.018, 2457 MHz, 82, 73.67 W, 95 %
2026/08/30 01:06:32.020, 2450 MHz, 84, 74.76 W, 96 %
2026/08/30 01:06:37.021, 2457 MHz, 84, 74.60 W, 96 %
2026/08/30 01:06:42.022, 2457 MHz, 85, 75.09 W, 96 %
2026/08/30 01:06:47.023, 2450 MHz, 83, 75.80 W, 96 %
2026/08/30 01:06:52.023, 2502 MHz, 75, 33.36 W, 96 %
2026/08/30 01:06:57.023, 2457 MHz, 81, 75.26 W, 95 %
2026/08/30 01:07:02.024, 2457 MHz, 84, 75.97 W, 95 %
2026/08/30 01:07:07.025, 2450 MHz, 84, 76.25 W, 95 %
2026/08/30 01:07:12.026, 2450 MHz, 87, 76.49 W, 96 %
2026/08/30 01:07:17.027, 2450 MHz, 84, 76.46 W, 96 %
2026/08/30 01:07:22.028, 2450 MHz, 85, 77.39 W, 96 %
2026/08/30 01:07:27.028, 2502 MHz, 77, 30.97 W, 96 %
2026/08/30 01:07:32.029, 2450 MHz, 83, 74.81 W, 96 %
2026/08/30 01:07:37.030, 2450 MHz, 83, 77.14 W, 95 %
2026/08/30 01:07:42.032, 2450 MHz, 88, 77.66 W, 96 %
2026/08/30 01:07:47.032, 2437 MHz, 85, 77.26 W, 96 %
2026/08/30 01:07:52.033, 2450 MHz, 86, 77.36 W, 96 %
2026/08/30 01:07:57.034, 2450 MHz, 86, 77.99 W, 95 %
2026/08/30 01:08:02.034, 2444 MHz, 86, 78.29 W, 96 %
2026/08/30 01:08:07.034, 2502 MHz, 76, 30.77 W, 96 %
2026/08/30 01:08:12.035, 2450 MHz, 84, 77.80 W, 96 %
2026/08/30 01:08:17.036, 2444 MHz, 85, 78.24 W, 96 %
2026/08/30 01:08:22.037, 2444 MHz, 85, 77.92 W, 96 %
2026/08/30 01:08:27.038, 2424 MHz, 83, 76.98 W, 95 %
2026/08/30 01:08:32.038, 2450 MHz, 88, 75.85 W, 96 %
2026/08/30 01:08:37.039, 2444 MHz, 84, 76.54 W, 96 %
2026/08/30 01:08:42.039, 2496 MHz, 78, 33.95 W, 96 %
2026/08/30 01:08:47.040, 2502 MHz, 76, 28.35 W, 96 %
2026/08/30 01:08:52.041, 2444 MHz, 83, 78.26 W, 96 %
2026/08/30 01:08:57.042, 2450 MHz, 84, 78.38 W, 96 %
2026/08/30 01:09:02.043, 2502 MHz, 77, 40.89 W, 94 %
2026/08/30 01:09:07.044, 2476 MHz, 81, 65.52 W, 96 %
2026/08/30 01:09:12.044, 2463 MHz, 79, 69.13 W, 95 %
2026/08/30 01:09:17.046, 2463 MHz, 82, 69.89 W, 96 %
2026/08/30 01:09:22.047, 2496 MHz, 79, 52.17 W, 96 %
2026/08/30 01:09:27.048, 2463 MHz, 82, 71.00 W, 96 %
2026/08/30 01:09:32.049, 2457 MHz, 83, 71.26 W, 96 %
2026/08/30 01:09:37.050, 2457 MHz, 83, 72.42 W, 96 %
2026/08/30 01:09:42.052, 2457 MHz, 83, 72.71 W, 96 %
2026/08/30 01:09:47.053, 2457 MHz, 84, 72.90 W, 96 %
2026/08/30 01:09:52.054, 2457 MHz, 82, 73.60 W, 96 %
2026/08/30 01:09:57.054, 2502 MHz, 77, 37.33 W, 96 %
2026/08/30 01:10:02.055, 2457 MHz, 81, 72.95 W, 95 %
2026/08/30 01:10:07.057, 2457 MHz, 84, 74.24 W, 96 %
2026/08/30 01:10:12.057, 2457 MHz, 84, 74.84 W, 96 %
2026/08/30 01:10:17.058, 2457 MHz, 83, 74.90 W, 96 %
2026/08/30 01:10:22.059, 2450 MHz, 84, 75.66 W, 96 %
2026/08/30 01:10:27.060, 2450 MHz, 84, 75.99 W, 96 %
2026/08/30 01:10:32.061, 2502 MHz, 82, 36.68 W, 96 %
2026/08/30 01:10:37.062, 2502 MHz, 76, 32.16 W, 96 %
2026/08/30 01:10:42.063, 2457 MHz, 84, 75.43 W, 96 %
2026/08/30 01:10:47.064, 2450 MHz, 84, 76.04 W, 96 %
2026/08/30 01:10:52.065, 2450 MHz, 84, 75.75 W, 95 %
2026/08/30 01:10:57.066, 2450 MHz, 85, 76.82 W, 96 %
2026/08/30 01:11:02.067, 2450 MHz, 85, 76.41 W, 96 %
2026/08/30 01:11:07.068, 2450 MHz, 83, 76.27 W, 96 %
2026/08/30 01:11:12.069, 2502 MHz, 77, 35.68 W, 96 %
2026/08/30 01:11:17.070, 2502 MHz, 75, 35.68 W, 96 %
2026/08/30 01:11:22.071, 2450 MHz, 84, 75.97 W, 96 %
2026/08/30 01:11:27.071, 2450 MHz, 83, 76.81 W, 95 %
2026/08/30 01:11:32.072, 2450 MHz, 83, 76.81 W, 96 %
2026/08/30 01:11:37.073, 2450 MHz, 85, 76.33 W, 96 %
2026/08/30 01:11:42.074, 2444 MHz, 81, 77.13 W, 95 %
2026/08/30 01:11:47.075, 2502 MHz, 75, 29.04 W, 96 %
2026/08/30 01:11:52.075, 2502 MHz, 78, 34.86 W, 96 %
2026/08/30 01:11:57.077, 2502 MHz, 74, 32.70 W, 96 %
2026/08/30 01:12:02.077, 2450 MHz, 81, 77.67 W, 96 %
2026/08/30 01:12:07.078, 2450 MHz, 82, 77.37 W, 96 %
2026/08/30 01:12:12.079, 2444 MHz, 83, 78.50 W, 96 %
2026/08/30 01:12:17.080, 2450 MHz, 85, 78.04 W, 96 %
2026/08/30 01:12:22.081, 2502 MHz, 75, 28.42 W, 96 %
2026/08/30 01:12:27.082, 2470 MHz, 80, 39.29 W, 95 %
2026/08/30 01:12:32.084, 2463 MHz, 82, 73.94 W, 96 %
2026/08/30 01:12:37.084, 2502 MHz, 74, 31.72 W, 96 %
2026/08/30 01:12:42.085, 2457 MHz, 81, 67.45 W, 96 %
2026/08/30 01:12:47.086, 2450 MHz, 84, 78.48 W, 96 %
2026/08/30 01:12:52.087, 2450 MHz, 81, 77.70 W, 95 %
2026/08/30 01:12:57.089, 2502 MHz, 76, 40.10 W, 95 %
2026/08/30 01:13:02.090, 2489 MHz, 78, 34.30 W, 96 %
2026/08/30 01:13:07.091, 2470 MHz, 81, 69.37 W, 96 %
2026/08/30 01:13:12.092, 2463 MHz, 80, 69.83 W, 96 %
2026/08/30 01:13:17.093, 2496 MHz, 77, 53.75 W, 96 %
2026/08/30 01:13:22.094, 2463 MHz, 82, 70.94 W, 96 %
2026/08/30 01:13:27.095, 2457 MHz, 83, 71.44 W, 96 %
2026/08/30 01:13:32.096, 2457 MHz, 83, 71.95 W, 96 %
2026/08/30 01:13:37.098, 2496 MHz, 76, 44.26 W, 96 %
2026/08/30 01:13:42.098, 2457 MHz, 83, 72.73 W, 96 %
2026/08/30 01:13:47.099, 2457 MHz, 83, 72.94 W, 95 %
2026/08/30 01:13:52.100, 2496 MHz, 77, 41.23 W, 96 %
2026/08/30 01:13:57.100, 2457 MHz, 84, 72.80 W, 96 %
2026/08/30 01:14:02.101, 2450 MHz, 85, 73.86 W, 96 %
2026/08/30 01:14:07.102, 2457 MHz, 84, 74.82 W, 96 %
2026/08/30 01:14:12.103, 2502 MHz, 75, 35.71 W, 96 %
2026/08/30 01:14:17.104, 2457 MHz, 83, 74.48 W, 96 %
2026/08/30 01:14:22.105, 2457 MHz, 84, 75.12 W, 96 %
2026/08/30 01:14:27.106, 2457 MHz, 83, 75.57 W, 96 %
2026/08/30 01:14:32.107, 2502 MHz, 78, 34.67 W, 96 %
2026/08/30 01:14:37.108, 2450 MHz, 82, 75.29 W, 96 %
2026/08/30 01:14:42.109, 2457 MHz, 83, 75.59 W, 96 %
2026/08/30 01:14:47.109, 2502 MHz, 81, 32.50 W, 96 %
2026/08/30 01:14:52.109, 2470 MHz, 82, 57.97 W, 95 %
2026/08/30 01:14:57.110, 2450 MHz, 81, 75.95 W, 96 %
2026/08/30 01:15:02.111, 2450 MHz, 84, 76.53 W, 96 %
2026/08/30 01:15:07.111, 2450 MHz, 84, 77.03 W, 96 %
2026/08/30 01:15:12.113, 2502 MHz, 75, 36.39 W, 96 %
2026/08/30 01:15:17.114, 2450 MHz, 82, 76.46 W, 96 %
2026/08/30 01:15:22.115, 2450 MHz, 82, 77.13 W, 96 %
2026/08/30 01:15:27.115, 2502 MHz, 74, 30.16 W, 96 %
2026/08/30 01:15:32.116, 2450 MHz, 83, 76.63 W, 96 %
2026/08/30 01:15:37.117, 2450 MHz, 85, 77.41 W, 96 %
2026/08/30 01:15:42.118, 2450 MHz, 83, 76.82 W, 95 %
2026/08/30 01:15:47.119, 2450 MHz, 84, 77.97 W, 96 %
2026/08/30 01:15:52.119, 2502 MHz, 75, 33.08 W, 96 %
2026/08/30 01:15:57.120, 2470 MHz, 83, 46.83 W, 96 %
2026/08/30 01:16:02.121, 2483 MHz, 75, 65.86 W, 96 %
2026/08/30 01:16:07.122, 2502 MHz, 72, 27.52 W, 96 %
2026/08/30 01:16:12.123, 2457 MHz, 82, 77.36 W, 96 %
2026/08/30 01:16:17.124, 2450 MHz, 82, 77.98 W, 96 %
2026/08/30 01:16:22.124, 2450 MHz, 82, 77.48 W, 95 %
2026/08/30 01:16:27.126, 2450 MHz, 83, 77.98 W, 96 %
2026/08/30 01:16:32.127, 2502 MHz, 75, 31.92 W, 96 %
2026/08/30 01:16:37.127, 2502 MHz, 73, 31.92 W, 96 %
2026/08/30 01:16:42.128, 2502 MHz, 73, 27.86 W, 96 %
2026/08/30 01:16:47.129, 2470 MHz, 82, 45.31 W, 96 %
2026/08/30 01:16:52.131, 2450 MHz, 82, 78.06 W, 96 %
2026/08/30 01:16:57.132, 2444 MHz, 82, 78.58 W, 96 %
2026/08/30 01:17:02.133, 2444 MHz, 83, 78.31 W, 96 %
2026/08/30 01:17:07.134, 2502 MHz, 76, 40.16 W, 94 %
2026/08/30 01:17:12.135, 2496 MHz, 77, 54.02 W, 96 %
2026/08/30 01:17:17.137, 2476 MHz, 82, 69.72 W, 96 %
2026/08/30 01:17:22.138, 2476 MHz, 81, 60.54 W, 96 %
2026/08/30 01:17:27.139, 2457 MHz, 80, 70.65 W, 96 %
2026/08/30 01:17:32.140, 2457 MHz, 82, 70.99 W, 96 %
2026/08/30 01:17:37.141, 2457 MHz, 83, 71.68 W, 96 %
2026/08/30 01:17:42.142, 2457 MHz, 83, 72.24 W, 96 %
2026/08/30 01:17:47.143, 2476 MHz, 80, 64.94 W, 96 %
2026/08/30 01:17:52.144, 2502 MHz, 78, 41.10 W, 96 %
2026/08/30 01:17:57.145, 2496 MHz, 75, 40.18 W, 96 %
2026/08/30 01:18:02.146, 2457 MHz, 81, 73.44 W, 96 %
2026/08/30 01:18:07.147, 2457 MHz, 80, 73.21 W, 95 %
2026/08/30 01:18:12.148, 2450 MHz, 84, 74.31 W, 96 %
2026/08/30 01:18:17.148, 2457 MHz, 85, 74.64 W, 96 %
2026/08/30 01:18:22.149, 2457 MHz, 85, 74.80 W, 96 %
2026/08/30 01:18:27.150, 2502 MHz, 79, 35.36 W, 96 %
2026/08/30 01:18:32.151, 2502 MHz, 76, 33.82 W, 96 %
2026/08/30 01:18:37.152, 2450 MHz, 82, 74.70 W, 96 %
2026/08/30 01:18:42.153, 2457 MHz, 85, 75.00 W, 96 %
2026/08/30 01:18:47.155, 2457 MHz, 82, 75.64 W, 96 %
2026/08/30 01:18:52.156, 2450 MHz, 86, 76.09 W, 96 %
2026/08/30 01:18:57.157, 2450 MHz, 84, 76.42 W, 96 %
2026/08/30 01:19:02.158, 2450 MHz, 87, 77.02 W, 96 %
2026/08/30 01:19:07.159, 2502 MHz, 76, 34.56 W, 96 %
2026/08/30 01:19:12.160, 2463 MHz, 81, 56.77 W, 96 %
2026/08/30 01:19:17.161, 2450 MHz, 84, 76.80 W, 96 %
2026/08/30 01:19:22.161, 2450 MHz, 83, 76.88 W, 96 %
2026/08/30 01:19:27.162, 2450 MHz, 84, 77.46 W, 96 %
2026/08/30 01:19:32.162, 2450 MHz, 84, 78.11 W, 96 %
2026/08/30 01:19:37.163, 2450 MHz, 85, 78.08 W, 96 %
2026/08/30 01:19:42.164, 2450 MHz, 84, 78.61 W, 96 %
2026/08/30 01:19:47.165, 2502 MHz, 75, 29.77 W, 96 %
2026/08/30 01:19:52.167, 2450 MHz, 84, 77.71 W, 96 %
2026/08/30 01:19:57.168, 2450 MHz, 84, 77.68 W, 96 %
2026/08/30 01:20:02.169, 2450 MHz, 85, 77.78 W, 96 %
2026/08/30 01:20:07.170, 2450 MHz, 84, 78.52 W, 96 %
2026/08/30 01:20:12.171, 2431 MHz, 84, 77.66 W, 96 %
2026/08/30 01:20:17.173, 2444 MHz, 89, 78.46 W, 96 %
2026/08/30 01:20:22.174, 2502 MHz, 78, 31.92 W, 96 %
2026/08/30 01:20:27.174, 2502 MHz, 78, 28.55 W, 96 %
2026/08/30 01:20:32.176, 2450 MHz, 83, 78.44 W, 95 %
2026/08/30 01:20:37.177, 2444 MHz, 85, 78.49 W, 96 %
2026/08/30 01:20:42.178, 2450 MHz, 86, 78.61 W, 96 %
2026/08/30 01:20:47.178, 2502 MHz, 78, 40.90 W, 94 %
2026/08/30 01:20:52.180, 2463 MHz, 82, 56.37 W, 96 %
2026/08/30 01:20:57.181, 2502 MHz, 78, 41.52 W, 94 %
2026/08/30 01:21:02.183, 2502 MHz, 76, 36.03 W, 94 %
2026/08/30 01:21:07.184, 2463 MHz, 82, 69.88 W, 96 %
2026/08/30 01:21:12.184, 2502 MHz, 77, 40.77 W, 94 %
2026/08/30 01:21:17.185, 2463 MHz, 82, 69.09 W, 96 %
2026/08/30 01:21:22.185, 2502 MHz, 76, 40.59 W, 94 %
2026/08/30 01:21:27.186, 2496 MHz, 78, 50.90 W, 96 %
2026/08/30 01:21:32.187, 2502 MHz, 78, 49.04 W, 96 %
2026/08/30 01:21:37.188, 2483 MHz, 81, 67.50 W, 96 %
2026/08/30 01:21:42.189, 2476 MHz, 81, 68.10 W, 96 %
2026/08/30 01:21:47.189, 2502 MHz, 78, 46.42 W, 94 %
2026/08/30 01:21:52.189, 2502 MHz, 77, 46.41 W, 95 %
2026/08/30 01:21:57.191, 2476 MHz, 79, 66.68 W, 96 %
2026/08/30 01:22:02.191, 2476 MHz, 80, 66.53 W, 96 %
2026/08/30 01:22:07.192, 2502 MHz, 79, 49.12 W, 96 %
2026/08/30 01:22:12.193, 2470 MHz, 80, 68.11 W, 96 %
2026/08/30 01:22:17.194, 2502 MHz, 77, 46.68 W, 95 %
2026/08/30 01:22:22.195, 2502 MHz, 78, 46.40 W, 94 %
2026/08/30 01:22:27.196, 2483 MHz, 83, 66.86 W, 96 %
2026/08/30 01:22:32.198, 2483 MHz, 82, 67.02 W, 96 %
2026/08/30 01:22:37.199, 2476 MHz, 80, 68.17 W, 96 %
2026/08/30 01:22:42.200, 2502 MHz, 73, 19.46 W, 0 %
2026/08/30 01:22:47.201, 2502 MHz, 76, 40.71 W, 95 %
2026/08/30 01:22:52.203, 2502 MHz, 76, 46.03 W, 95 %
2026/08/30 01:22:57.203, 2502 MHz, 76, 45.70 W, 94 %
2026/08/30 01:23:02.204, 2489 MHz, 80, 66.35 W, 96 %
2026/08/30 01:23:07.205, 2483 MHz, 79, 67.50 W, 96 %
2026/08/30 01:23:12.206, 2483 MHz, 80, 67.68 W, 96 %
2026/08/30 01:23:17.207, 2502 MHz, 75, 40.17 W, 95 %
2026/08/30 01:23:22.208, 2502 MHz, 74, 40.76 W, 95 %
2026/08/30 01:23:27.209, 2502 MHz, 76, 42.44 W, 67 %
2026/08/30 01:23:32.210, 2489 MHz, 78, 65.76 W, 95 %
2026/08/30 01:23:37.211, 2489 MHz, 77, 67.35 W, 96 %
2026/08/30 01:23:42.212, 2483 MHz, 79, 67.63 W, 96 %
2026/08/30 01:23:47.212, 2502 MHz, 75, 45.73 W, 95 %
2026/08/30 01:23:52.213, 2502 MHz, 74, 43.44 W, 95 %
2026/08/30 01:23:57.214, 2496 MHz, 78, 55.95 W, 96 %
2026/08/30 01:24:02.215, 2489 MHz, 80, 66.22 W, 96 %
2026/08/30 01:24:07.216, 2489 MHz, 81, 66.28 W, 96 %
2026/08/30 01:24:12.216, 2502 MHz, 75, 58.40 W, 95 %
2026/08/30 01:24:17.217, 2502 MHz, 74, 45.75 W, 94 %
2026/08/30 01:24:22.218, 2502 MHz, 74, 45.64 W, 95 %
2026/08/30 01:24:27.219, 2496 MHz, 77, 66.42 W, 96 %
2026/08/30 01:24:32.220, 2502 MHz, 77, 48.76 W, 96 %
2026/08/30 01:24:37.221, 2489 MHz, 78, 66.63 W, 96 %
2026/08/30 01:24:42.223, 2502 MHz, 75, 44.88 W, 95 %
2026/08/30 01:24:47.223, 2502 MHz, 74, 45.25 W, 95 %
2026/08/30 01:24:52.224, 2502 MHz, 74, 45.49 W, 95 %
2026/08/30 01:24:57.226, 2496 MHz, 80, 65.68 W, 96 %
2026/08/30 01:25:02.227, 2496 MHz, 80, 66.43 W, 96 %
2026/08/30 01:25:07.228, 2502 MHz, 74, 49.63 W, 96 %
2026/08/30 01:25:12.229, 2502 MHz, 73, 44.68 W, 94 %
2026/08/30 01:25:17.230, 2502 MHz, 74, 45.03 W, 95 %
2026/08/30 01:25:22.231, 2502 MHz, 73, 44.42 W, 95 %
2026/08/30 01:25:27.232, 2496 MHz, 77, 66.12 W, 96 %
2026/08/30 01:25:32.233, 2489 MHz, 79, 67.22 W, 96 %
2026/08/30 01:25:37.235, 2489 MHz, 77, 67.21 W, 96 %
2026/08/30 01:25:42.235, 2502 MHz, 72, 39.89 W, 95 %
2026/08/30 01:25:47.236, 2502 MHz, 73, 45.28 W, 95 %
2026/08/30 01:25:52.237, 2489 MHz, 76, 63.73 W, 96 %
2026/08/30 01:25:57.238, 2496 MHz, 75, 66.06 W, 96 %
2026/08/30 01:26:02.239, 2496 MHz, 80, 65.85 W, 95 %
2026/08/30 01:26:07.240, 2496 MHz, 74, 58.36 W, 95 %
2026/08/30 01:26:12.241, 2502 MHz, 73, 45.12 W, 95 %
2026/08/30 01:26:17.241, 2502 MHz, 72, 42.27 W, 95 %
2026/08/30 01:26:22.243, 2496 MHz, 74, 61.39 W, 96 %
2026/08/30 01:26:27.244, 2496 MHz, 76, 65.84 W, 96 %
2026/08/30 01:26:32.245, 2496 MHz, 74, 65.86 W, 95 %
2026/08/30 01:26:37.246, 2502 MHz, 73, 44.81 W, 95 %
2026/08/30 01:26:42.247, 2502 MHz, 73, 44.84 W, 95 %
2026/08/30 01:26:47.248, 2502 MHz, 73, 44.86 W, 95 %
2026/08/30 01:26:52.249, 2496 MHz, 80, 65.17 W, 96 %
2026/08/30 01:26:57.250, 2502 MHz, 76, 50.63 W, 96 %
2026/08/30 01:27:02.251, 2496 MHz, 78, 65.76 W, 96 %
2026/08/30 01:27:07.252, 2502 MHz, 73, 44.95 W, 95 %
2026/08/30 01:27:12.253, 2502 MHz, 72, 44.89 W, 95 %
2026/08/30 01:27:17.254, 2509 MHz, 72, 43.86 W, 94 %
2026/08/30 01:27:22.256, 2496 MHz, 75, 66.04 W, 96 %
2026/08/30 01:27:27.257, 2496 MHz, 74, 66.38 W, 96 %
2026/08/30 01:27:32.258, 2502 MHz, 75, 51.44 W, 96 %
2026/08/30 01:27:37.259, 2502 MHz, 72, 44.50 W, 95 %
2026/08/30 01:27:42.259, 2502 MHz, 72, 44.63 W, 95 %
2026/08/30 01:27:47.260, 2489 MHz, 76, 52.34 W, 96 %
2026/08/30 01:27:52.262, 2496 MHz, 77, 65.47 W, 96 %
2026/08/30 01:27:57.262, 2496 MHz, 74, 66.29 W, 96 %
2026/08/30 01:28:02.263, 2496 MHz, 76, 67.39 W, 96 %
2026/08/30 01:28:07.264, 2522 MHz, 71, 39.72 W, 95 %
2026/08/30 01:28:12.265, 2522 MHz, 72, 44.52 W, 95 %
2026/08/30 01:28:17.267, 2496 MHz, 74, 51.76 W, 96 %
2026/08/30 01:28:22.268, 2496 MHz, 76, 65.78 W, 96 %
2026/08/30 01:28:27.268, 2496 MHz, 78, 65.53 W, 96 %
2026/08/30 01:28:32.269, 2489 MHz, 78, 67.96 W, 96 %
2026/08/30 01:28:37.270, 2502 MHz, 72, 44.81 W, 95 %
2026/08/30 01:28:42.271, 2522 MHz, 71, 40.78 W, 94 %
2026/08/30 01:28:47.272, 2496 MHz, 74, 61.91 W, 96 %
2026/08/30 01:28:52.273, 2496 MHz, 78, 66.33 W, 96 %
2026/08/30 01:28:57.275, 2489 MHz, 78, 65.48 W, 96 %
2026/08/30 01:29:02.276, 2502 MHz, 72, 45.32 W, 95 %
2026/08/30 01:29:07.277, 2502 MHz, 71, 44.81 W, 94 %
2026/08/30 01:29:12.277, 2515 MHz, 72, 44.83 W, 95 %
2026/08/30 01:29:17.278, 2502 MHz, 75, 49.64 W, 96 %
2026/08/30 01:29:22.280, 2502 MHz, 74, 48.36 W, 96 %
2026/08/30 01:29:27.280, 2496 MHz, 77, 65.51 W, 96 %
2026/08/30 01:29:32.281, 2502 MHz, 72, 44.56 W, 95 %
2026/08/30 01:29:37.282, 2522 MHz, 71, 44.84 W, 95 %
2026/08/30 01:29:42.283, 2522 MHz, 71, 44.58 W, 95 %
2026/08/30 01:29:47.284, 2496 MHz, 75, 65.22 W, 96 %
2026/08/30 01:29:52.285, 2509 MHz, 73, 46.54 W, 96 %
2026/08/30 01:29:57.286, 2502 MHz, 72, 52.29 W, 96 %
2026/08/30 01:30:02.287, 2502 MHz, 72, 47.88 W, 95 %
2026/08/30 01:30:07.289, 2522 MHz, 72, 44.47 W, 95 %
2026/08/30 01:30:12.290, 2522 MHz, 71, 44.23 W, 95 %
2026/08/30 01:30:17.291, 2522 MHz, 66, 27.37 W, 0 %
2026/08/30 01:30:22.291, 2522 MHz, 69, 34.66 W, 96 %
2026/08/30 01:30:27.292, 2522 MHz, 67, 25.34 W, 96 %
2026/08/30 01:30:32.293, 2522 MHz, 67, 40.73 W, 96 %
2026/08/30 01:30:37.293, 2522 MHz, 67, 38.78 W, 96 %
2026/08/30 01:30:42.293, 2502 MHz, 73, 61.43 W, 96 %
2026/08/30 01:30:47.294, 2496 MHz, 73, 63.40 W, 96 %
2026/08/30 01:30:52.295, 2502 MHz, 71, 63.12 W, 96 %
2026/08/30 01:30:57.296, 2496 MHz, 73, 62.74 W, 96 %
2026/08/30 01:31:02.297, 2522 MHz, 72, 47.01 W, 95 %
2026/08/30 01:31:07.297, 2522 MHz, 70, 39.38 W, 96 %
2026/08/30 01:31:12.299, 2522 MHz, 72, 47.00 W, 96 %
2026/08/30 01:31:17.300, 2509 MHz, 71, 41.52 W, 96 %
2026/08/30 01:31:22.301, 2496 MHz, 73, 62.44 W, 96 %
2026/08/30 01:31:27.302, 2496 MHz, 75, 62.02 W, 96 %
2026/08/30 01:31:32.303, 2496 MHz, 75, 64.31 W, 96 %
2026/08/30 01:31:37.303, 2496 MHz, 77, 63.61 W, 96 %
2026/08/30 01:31:42.304, 2515 MHz, 73, 42.18 W, 96 %
2026/08/30 01:31:47.305, 2496 MHz, 74, 64.23 W, 96 %
2026/08/30 01:31:52.306, 2502 MHz, 72, 39.88 W, 95 %
2026/08/30 01:31:57.307, 2502 MHz, 73, 46.74 W, 96 %
2026/08/30 01:32:02.308, 2502 MHz, 73, 47.50 W, 95 %
2026/08/30 01:32:07.309, 2496 MHz, 76, 64.58 W, 96 %
2026/08/30 01:32:12.310, 2496 MHz, 77, 64.25 W, 96 %
2026/08/30 01:32:17.311, 2502 MHz, 76, 50.04 W, 96 %
2026/08/30 01:32:22.312, 2496 MHz, 78, 64.03 W, 96 %
2026/08/30 01:32:27.313, 2496 MHz, 78, 63.95 W, 96 %
2026/08/30 01:32:32.315, 2509 MHz, 72, 43.13 W, 96 %
2026/08/30 01:32:37.316, 2496 MHz, 80, 64.43 W, 96 %
2026/08/30 01:32:42.317, 2502 MHz, 74, 55.27 W, 95 %
2026/08/30 01:32:47.319, 2502 MHz, 74, 47.46 W, 95 %
2026/08/30 01:32:52.320, 2502 MHz, 74, 47.45 W, 96 %
2026/08/30 01:32:57.321, 2502 MHz, 73, 48.18 W, 96 %
2026/08/30 01:33:02.322, 2496 MHz, 75, 62.44 W, 96 %
2026/08/30 01:33:07.324, 2502 MHz, 76, 51.44 W, 96 %
2026/08/30 01:33:12.325, 2515 MHz, 74, 41.10 W, 96 %
2026/08/30 01:33:17.326, 2496 MHz, 78, 62.12 W, 96 %
2026/08/30 01:33:22.327, 2489 MHz, 80, 65.12 W, 96 %
2026/08/30 01:33:27.327, 2489 MHz, 75, 63.52 W, 96 %
2026/08/30 01:33:32.328, 2496 MHz, 76, 64.16 W, 96 %
2026/08/30 01:33:37.329, 2502 MHz, 73, 39.95 W, 95 %
2026/08/30 01:33:42.330, 2502 MHz, 74, 47.66 W, 96 %
2026/08/30 01:33:47.330, 2502 MHz, 73, 40.58 W, 95 %
2026/08/30 01:33:52.332, 2496 MHz, 79, 62.92 W, 96 %
2026/08/30 01:33:57.332, 2496 MHz, 75, 63.49 W, 96 %
2026/08/30 01:34:02.333, 2496 MHz, 77, 63.48 W, 96 %
2026/08/30 01:34:07.335, 2489 MHz, 80, 64.48 W, 96 %
2026/08/30 01:34:12.335, 2496 MHz, 74, 46.02 W, 96 %
2026/08/30 01:34:17.337, 2496 MHz, 77, 64.77 W, 96 %
2026/08/30 01:34:22.338, 2502 MHz, 74, 51.27 W, 96 %
2026/08/30 01:34:27.338, 2502 MHz, 73, 40.72 W, 96 %
2026/08/30 01:34:32.339, 2502 MHz, 75, 48.11 W, 95 %
2026/08/30 01:34:37.340, 2502 MHz, 75, 48.31 W, 91 %
2026/08/30 01:34:42.340, 2496 MHz, 78, 62.82 W, 96 %
2026/08/30 01:34:47.341, 2502 MHz, 73, 50.85 W, 96 %
2026/08/30 01:34:52.342, 2489 MHz, 75, 63.43 W, 96 %
2026/08/30 01:34:57.342, 2489 MHz, 78, 63.08 W, 96 %
2026/08/30 01:35:02.344, 2502 MHz, 74, 40.97 W, 96 %
2026/08/30 01:35:07.345, 2489 MHz, 78, 64.04 W, 96 %
2026/08/30 01:35:12.346, 2489 MHz, 78, 66.60 W, 96 %
2026/08/30 01:35:17.347, 2502 MHz, 75, 48.02 W, 95 %
2026/08/30 01:35:22.348, 2502 MHz, 75, 47.79 W, 96 %
2026/08/30 01:35:27.349, 2502 MHz, 73, 40.95 W, 96 %
2026/08/30 01:35:32.350, 2496 MHz, 76, 62.49 W, 96 %
2026/08/30 01:35:37.351, 2496 MHz, 78, 62.74 W, 96 %
2026/08/30 01:35:42.351, 2502 MHz, 72, 40.35 W, 96 %
2026/08/30 01:35:47.353, 2496 MHz, 78, 64.20 W, 96 %
2026/08/30 01:35:52.354, 2489 MHz, 77, 63.43 W, 96 %
2026/08/30 01:35:57.355, 2489 MHz, 76, 64.94 W, 96 %
2026/08/30 01:36:02.356, 2502 MHz, 74, 45.28 W, 96 %
2026/08/30 01:36:07.357, 2502 MHz, 75, 47.88 W, 96 %
2026/08/30 01:36:12.359, 2502 MHz, 75, 47.81 W, 96 %
2026/08/30 01:36:17.360, 2502 MHz, 73, 40.98 W, 95 %
2026/08/30 01:36:22.361, 2496 MHz, 76, 58.68 W, 96 %
2026/08/30 01:36:27.362, 2496 MHz, 76, 63.08 W, 96 %
2026/08/30 01:36:32.363, 2489 MHz, 79, 62.96 W, 96 %
2026/08/30 01:36:37.364, 2496 MHz, 77, 53.65 W, 96 %
2026/08/30 01:36:42.365, 2496 MHz, 77, 63.54 W, 96 %
2026/08/30 01:36:47.367, 2489 MHz, 83, 65.62 W, 96 %
2026/08/30 01:36:52.367, 2489 MHz, 79, 67.61 W, 96 %
2026/08/30 01:36:57.369, 2502 MHz, 74, 40.69 W, 96 %
2026/08/30 01:37:02.369, 2502 MHz, 75, 47.78 W, 96 %
2026/08/30 01:37:07.371, 2502 MHz, 75, 47.85 W, 96 %
2026/08/30 01:37:12.372, 2489 MHz, 76, 63.45 W, 96 %
2026/08/30 01:37:17.374, 2496 MHz, 81, 50.64 W, 96 %
2026/08/30 01:37:22.375, 2496 MHz, 77, 64.40 W, 96 %
2026/08/30 01:37:27.376, 2496 MHz, 79, 64.69 W, 96 %
2026/08/30 01:37:32.377, 2489 MHz, 80, 63.92 W, 96 %
2026/08/30 01:37:37.378, 2502 MHz, 73, 41.06 W, 96 %
2026/08/30 01:37:42.379, 2496 MHz, 77, 66.11 W, 96 %
2026/08/30 01:37:47.380, 2502 MHz, 75, 47.90 W, 95 %
2026/08/30 01:37:52.380, 2502 MHz, 74, 40.24 W, 95 %
2026/08/30 01:37:57.381, 2502 MHz, 75, 48.05 W, 95 %
2026/08/30 01:38:02.381, 2496 MHz, 77, 63.45 W, 96 %
2026/08/30 01:38:07.382, 2489 MHz, 76, 63.94 W, 96 %
2026/08/30 01:38:12.383, 2502 MHz, 77, 41.37 W, 96 %
2026/08/30 01:38:17.384, 2489 MHz, 79, 65.09 W, 96 %
2026/08/30 01:38:22.386, 2489 MHz, 76, 64.66 W, 96 %
2026/08/30 01:38:27.387, 2502 MHz, 74, 45.39 W, 95 %
2026/08/30 01:38:32.388, 2489 MHz, 78, 63.11 W, 96 %
2026/08/30 01:38:37.389, 2502 MHz, 75, 47.81 W, 95 %
2026/08/30 01:38:42.390, 2502 MHz, 75, 47.94 W, 96 %
2026/08/30 01:38:47.391, 2502 MHz, 75, 47.93 W, 95 %
2026/08/30 01:38:52.391, 2502 MHz, 74, 48.62 W, 96 %
2026/08/30 01:38:57.392, 2496 MHz, 76, 64.38 W, 96 %
2026/08/30 01:39:02.393, 2496 MHz, 80, 64.88 W, 96 %
2026/08/30 01:39:07.394, 2496 MHz, 81, 59.10 W, 96 %
2026/08/30 01:39:12.396, 2489 MHz, 76, 64.13 W, 96 %
2026/08/30 01:39:17.396, 2489 MHz, 83, 63.61 W, 96 %
2026/08/30 01:39:22.397, 2489 MHz, 78, 67.26 W, 96 %
2026/08/30 01:39:27.398, 2502 MHz, 75, 40.87 W, 95 %
2026/08/30 01:39:32.400, 2502 MHz, 75, 46.52 W, 95 %
2026/08/30 01:39:37.401, 2502 MHz, 75, 48.17 W, 95 %
2026/08/30 01:39:42.402, 2502 MHz, 75, 48.60 W, 96 %
2026/08/30 01:39:47.402, 2489 MHz, 77, 63.66 W, 96 %
2026/08/30 01:39:52.404, 2496 MHz, 78, 63.90 W, 96 %
2026/08/30 01:39:57.405, 2489 MHz, 77, 63.90 W, 96 %
2026/08/30 01:40:02.406, 2489 MHz, 77, 65.46 W, 96 %
2026/08/30 01:40:07.407, 2502 MHz, 77, 45.99 W, 96 %
2026/08/30 01:40:12.408, 2489 MHz, 79, 66.94 W, 96 %
2026/08/30 01:40:17.409, 2502 MHz, 74, 40.27 W, 96 %
2026/08/30 01:40:22.409, 2502 MHz, 76, 48.08 W, 94 %
2026/08/30 01:40:27.410, 2502 MHz, 76, 48.10 W, 95 %
2026/08/30 01:40:32.411, 2489 MHz, 82, 63.72 W, 96 %
2026/08/30 01:40:37.411, 2489 MHz, 79, 63.88 W, 96 %
2026/08/30 01:40:42.412, 2502 MHz, 76, 54.01 W, 96 %
2026/08/30 01:40:47.413, 2502 MHz, 76, 40.64 W, 96 %
2026/08/30 01:40:52.414, 2496 MHz, 74, 50.64 W, 96 %
2026/08/30 01:40:57.415, 2489 MHz, 77, 65.19 W, 96 %
2026/08/30 01:41:02.416, 2489 MHz, 78, 65.05 W, 96 %
2026/08/30 01:41:07.417, 2502 MHz, 75, 48.02 W, 95 %
2026/08/30 01:41:12.417, 2502 MHz, 76, 47.87 W, 96 %
2026/08/30 01:41:17.419, 2502 MHz, 76, 48.24 W, 95 %
2026/08/30 01:41:22.420, 2502 MHz, 73, 40.83 W, 96 %
2026/08/30 01:41:27.421, 2489 MHz, 78, 62.13 W, 96 %
2026/08/30 01:41:32.421, 2496 MHz, 75, 53.39 W, 96 %
2026/08/30 01:41:37.423, 2489 MHz, 81, 63.56 W, 96 %
2026/08/30 01:41:42.424, 2489 MHz, 77, 65.19 W, 96 %
2026/08/30 01:41:47.425, 2489 MHz, 77, 64.21 W, 96 %
2026/08/30 01:41:52.426, 2483 MHz, 78, 63.97 W, 96 %
2026/08/30 01:41:57.426, 2502 MHz, 77, 48.24 W, 95 %
2026/08/30 01:42:02.427, 2502 MHz, 75, 40.76 W, 95 %
2026/08/30 01:42:07.428, 2502 MHz, 75, 40.67 W, 94 %
2026/08/30 01:42:12.429, 2502 MHz, 77, 46.98 W, 96 %
2026/08/30 01:42:17.430, 2489 MHz, 78, 62.44 W, 96 %
2026/08/30 01:42:22.432, 2489 MHz, 78, 65.00 W, 96 %
2026/08/30 01:42:27.433, 2489 MHz, 80, 65.02 W, 96 %
2026/08/30 01:42:32.434, 2489 MHz, 83, 64.39 W, 96 %
2026/08/30 01:42:37.435, 2502 MHz, 77, 43.46 W, 96 %
2026/08/30 01:42:42.435, 2496 MHz, 74, 44.52 W, 96 %
2026/08/30 01:42:47.436, 2489 MHz, 77, 65.36 W, 96 %
2026/08/30 01:42:52.437, 2502 MHz, 76, 48.16 W, 96 %
2026/08/30 01:42:57.438, 2502 MHz, 75, 48.28 W, 95 %
2026/08/30 01:43:02.439, 2483 MHz, 80, 66.80 W, 96 %
2026/08/30 01:43:07.439, 2489 MHz, 77, 64.09 W, 96 %
2026/08/30 01:43:12.439, 2489 MHz, 81, 64.76 W, 96 %
2026/08/30 01:43:17.440, 2502 MHz, 74, 41.99 W, 96 %
2026/08/30 01:43:22.442, 2489 MHz, 79, 62.97 W, 96 %
2026/08/30 01:43:27.443, 2483 MHz, 77, 65.06 W, 96 %
2026/08/30 01:43:32.443, 2489 MHz, 78, 64.49 W, 96 %
2026/08/30 01:43:37.444, 2502 MHz, 77, 48.78 W, 95 %
2026/08/30 01:43:42.445, 2502 MHz, 77, 48.55 W, 95 %
2026/08/30 01:43:47.445, 2502 MHz, 77, 48.40 W, 95 %
2026/08/30 01:43:52.446, 2502 MHz, 77, 58.21 W, 96 %
2026/08/30 01:43:57.446, 2502 MHz, 73, 41.27 W, 96 %
2026/08/30 01:44:02.447, 2489 MHz, 77, 64.54 W, 96 %
2026/08/30 01:44:07.448, 2483 MHz, 79, 63.39 W, 96 %
2026/08/30 01:44:12.449, 2489 MHz, 83, 64.85 W, 96 %
2026/08/30 01:44:17.450, 2489 MHz, 81, 65.28 W, 96 %
2026/08/30 01:44:22.450, 2483 MHz, 81, 66.20 W, 96 %
2026/08/30 01:44:27.451, 2502 MHz, 77, 48.35 W, 95 %
2026/08/30 01:44:32.453, 2502 MHz, 76, 40.41 W, 95 %
2026/08/30 01:44:37.453, 2502 MHz, 76, 48.23 W, 95 %
2026/08/30 01:44:42.454, 2489 MHz, 82, 67.13 W, 96 %
2026/08/30 01:44:47.455, 2496 MHz, 78, 64.92 W, 96 %
2026/08/30 01:44:52.456, 2483 MHz, 77, 64.90 W, 96 %
2026/08/30 01:44:57.457, 2483 MHz, 79, 64.95 W, 96 %
2026/08/30 01:45:02.458, 2489 MHz, 82, 63.56 W, 96 %
2026/08/30 01:45:07.460, 2496 MHz, 76, 45.71 W, 96 %
2026/08/30 01:45:12.461, 2502 MHz, 76, 48.75 W, 96 %
2026/08/30 01:45:17.462, 2502 MHz, 77, 48.33 W, 95 %
2026/08/30 01:45:22.463, 2502 MHz, 77, 48.59 W, 96 %
2026/08/30 01:45:27.464, 2502 MHz, 77, 48.31 W, 96 %
2026/08/30 01:45:32.465, 2489 MHz, 77, 63.19 W, 96 %
2026/08/30 01:45:37.465, 2489 MHz, 80, 63.36 W, 96 %
2026/08/30 01:45:42.466, 2496 MHz, 76, 54.86 W, 96 %
2026/08/30 01:45:47.467, 2502 MHz, 75, 41.38 W, 96 %
2026/08/30 01:45:52.468, 2489 MHz, 79, 63.92 W, 96 %
2026/08/30 01:45:57.468, 2489 MHz, 84, 63.85 W, 96 %
2026/08/30 01:46:02.469, 2483 MHz, 80, 65.41 W, 96 %
2026/08/30 01:46:07.470, 2489 MHz, 81, 64.60 W, 96 %
2026/08/30 01:46:12.471, 2489 MHz, 83, 64.42 W, 96 %
2026/08/30 01:46:17.472, 2483 MHz, 78, 64.57 W, 96 %
2026/08/30 01:46:22.474, 2496 MHz, 81, 48.03 W, 96 %
2026/08/30 01:46:27.475, 2483 MHz, 80, 64.89 W, 96 %
2026/08/30 01:46:32.476, 2489 MHz, 81, 64.50 W, 96 %
2026/08/30 01:46:37.477, 2483 MHz, 79, 65.50 W, 96 %
2026/08/30 01:46:42.478, 2522 MHz, 71, 19.32 W, 0 %
2026/08/30 01:46:47.479, 2502 MHz, 75, 50.83 W, 95 %
2026/08/30 01:46:52.480, 2502 MHz, 76, 49.94 W, 95 %
2026/08/30 01:46:57.481, 2502 MHz, 76, 50.51 W, 96 %
2026/08/30 01:47:02.482, 2502 MHz, 76, 50.41 W, 95 %
2026/08/30 01:47:07.482, 2489 MHz, 80, 63.18 W, 96 %
2026/08/30 01:47:12.483, 2489 MHz, 77, 64.35 W, 96 %
2026/08/30 01:47:17.484, 2502 MHz, 75, 46.85 W, 96 %
2026/08/30 01:47:22.485, 2502 MHz, 76, 45.11 W, 96 %
2026/08/30 01:47:27.486, 2489 MHz, 81, 64.88 W, 96 %
2026/08/30 01:47:32.487, 2489 MHz, 82, 64.82 W, 96 %
2026/08/30 01:47:37.488, 2483 MHz, 80, 64.29 W, 96 %
2026/08/30 01:47:42.489, 2489 MHz, 79, 64.45 W, 96 %
2026/08/30 01:47:47.490, 2489 MHz, 76, 61.57 W, 96 %
2026/08/30 01:47:52.491, 2489 MHz, 81, 64.94 W, 96 %
2026/08/30 01:47:57.491, 2502 MHz, 75, 44.92 W, 96 %
2026/08/30 01:48:02.492, 2483 MHz, 79, 65.14 W, 96 %
2026/08/30 01:48:07.493, 2483 MHz, 82, 65.12 W, 96 %
2026/08/30 01:48:12.494, 2489 MHz, 78, 64.67 W, 96 %
2026/08/30 01:48:17.496, 2502 MHz, 78, 51.36 W, 96 %
2026/08/30 01:48:22.497, 2502 MHz, 78, 51.22 W, 96 %
2026/08/30 01:48:27.497, 2502 MHz, 75, 41.27 W, 96 %
2026/08/30 01:48:32.498, 2502 MHz, 77, 51.17 W, 96 %
2026/08/30 01:48:37.499, 2496 MHz, 77, 46.79 W, 94 %
2026/08/30 01:48:42.501, 2489 MHz, 83, 62.86 W, 96 %
2026/08/30 01:48:47.501, 2483 MHz, 84, 65.27 W, 96 %
2026/08/30 01:48:52.503, 2489 MHz, 78, 65.18 W, 96 %
2026/08/30 01:48:57.504, 2489 MHz, 81, 65.72 W, 96 %
2026/08/30 01:49:02.504, 2496 MHz, 75, 47.83 W, 96 %
2026/08/30 01:49:07.505, 2489 MHz, 78, 64.54 W, 96 %
2026/08/30 01:49:12.506, 2502 MHz, 75, 41.72 W, 96 %
2026/08/30 01:49:17.507, 2496 MHz, 80, 49.63 W, 96 %
2026/08/30 01:49:22.509, 2489 MHz, 83, 63.51 W, 96 %
2026/08/30 01:49:27.509, 2483 MHz, 81, 65.81 W, 96 %
2026/08/30 01:49:32.510, 2489 MHz, 81, 64.42 W, 96 %
2026/08/30 01:49:37.511, 2489 MHz, 78, 65.01 W, 96 %
2026/08/30 01:49:42.512, 2489 MHz, 83, 60.16 W, 96 %
2026/08/30 01:49:47.513, 2502 MHz, 78, 51.62 W, 95 %
2026/08/30 01:49:52.514, 2502 MHz, 76, 41.78 W, 96 %
2026/08/30 01:49:57.515, 2502 MHz, 77, 50.77 W, 95 %
2026/08/30 01:50:02.516, 2502 MHz, 77, 51.27 W, 95 %
2026/08/30 01:50:07.516, 2502 MHz, 76, 48.35 W, 96 %
2026/08/30 01:50:12.517, 2489 MHz, 79, 63.90 W, 96 %
2026/08/30 01:50:17.518, 2502 MHz, 76, 46.27 W, 96 %
2026/08/30 01:50:22.519, 2489 MHz, 79, 64.17 W, 96 %
2026/08/30 01:50:27.521, 2489 MHz, 81, 64.03 W, 96 %
2026/08/30 01:50:32.521, 2502 MHz, 75, 43.92 W, 96 %
2026/08/30 01:50:37.522, 2489 MHz, 78, 64.98 W, 96 %
2026/08/30 01:50:42.523, 2483 MHz, 81, 63.81 W, 96 %
2026/08/30 01:50:47.524, 2489 MHz, 78, 63.86 W, 96 %
2026/08/30 01:50:52.525, 2496 MHz, 76, 45.57 W, 96 %
2026/08/30 01:50:57.527, 2489 MHz, 77, 64.95 W, 96 %
2026/08/30 01:51:02.527, 2489 MHz, 79, 65.25 W, 96 %
2026/08/30 01:51:07.528, 2496 MHz, 76, 53.03 W, 96 %
2026/08/30 01:51:12.529, 2502 MHz, 77, 44.54 W, 96 %
2026/08/30 01:51:17.530, 2483 MHz, 79, 67.09 W, 96 %
2026/08/30 01:51:22.531, 2502 MHz, 77, 51.19 W, 96 %
2026/08/30 01:51:27.532, 2502 MHz, 76, 45.21 W, 96 %
2026/08/30 01:51:32.534, 2502 MHz, 77, 44.65 W, 96 %
2026/08/30 01:51:37.535, 2502 MHz, 77, 50.88 W, 95 %
2026/08/30 01:51:42.536, 2489 MHz, 77, 63.43 W, 96 %
2026/08/30 01:51:47.537, 2502 MHz, 75, 40.82 W, 96 %
2026/08/30 01:51:52.538, 2489 MHz, 80, 62.86 W, 96 %
2026/08/30 01:51:57.539, 2489 MHz, 79, 65.07 W, 96 %
2026/08/30 01:52:02.540, 2483 MHz, 84, 65.46 W, 96 %
2026/08/30 01:52:07.541, 2496 MHz, 75, 45.57 W, 96 %
2026/08/30 01:52:12.542, 2483 MHz, 77, 64.64 W, 96 %
2026/08/30 01:52:17.542, 2489 MHz, 79, 63.61 W, 96 %
2026/08/30 01:52:22.543, 2483 MHz, 78, 64.86 W, 96 %
2026/08/30 01:52:27.544, 2502 MHz, 76, 40.68 W, 96 %
2026/08/30 01:52:32.544, 2483 MHz, 81, 64.09 W, 95 %
2026/08/30 01:52:37.545, 2483 MHz, 78, 66.45 W, 96 %
2026/08/30 01:52:42.546, 2496 MHz, 77, 45.93 W, 96 %
2026/08/30 01:52:47.547, 2489 MHz, 78, 65.48 W, 96 %
2026/08/30 01:52:52.547, 2502 MHz, 78, 59.70 W, 96 %
2026/08/30 01:52:57.549, 2502 MHz, 78, 50.92 W, 96 %
2026/08/30 01:53:02.549, 2502 MHz, 76, 41.77 W, 96 %
2026/08/30 01:53:07.550, 2502 MHz, 76, 44.79 W, 96 %
2026/08/30 01:53:12.551, 2502 MHz, 77, 49.66 W, 96 %
2026/08/30 01:53:17.552, 2502 MHz, 75, 53.61 W, 96 %
2026/08/30 01:53:22.552, 2489 MHz, 78, 64.18 W, 96 %
2026/08/30 01:53:27.554, 2489 MHz, 80, 64.70 W, 96 %
2026/08/30 01:53:32.554, 2483 MHz, 79, 63.51 W, 96 %
2026/08/30 01:53:37.554, 2483 MHz, 84, 65.71 W, 96 %
2026/08/30 01:53:42.555, 2502 MHz, 78, 41.00 W, 96 %
2026/08/30 01:53:47.556, 2483 MHz, 77, 64.29 W, 96 %
2026/08/30 01:53:52.557, 2489 MHz, 84, 64.39 W, 96 %
2026/08/30 01:53:57.558, 2489 MHz, 77, 53.01 W, 96 %
2026/08/30 01:54:02.559, 2489 MHz, 81, 65.02 W, 96 %
2026/08/30 01:54:07.560, 2489 MHz, 78, 65.00 W, 96 %
2026/08/30 01:54:12.561, 2489 MHz, 80, 64.25 W, 96 %
2026/08/30 01:54:17.561, 2489 MHz, 80, 62.42 W, 96 %
2026/08/30 01:54:22.562, 2496 MHz, 77, 49.10 W, 96 %
2026/08/30 01:54:27.563, 2502 MHz, 77, 51.28 W, 96 %
2026/08/30 01:54:32.563, 2502 MHz, 75, 41.60 W, 96 %
2026/08/30 01:54:37.564, 2502 MHz, 77, 50.97 W, 95 %
2026/08/30 01:54:42.565, 2502 MHz, 77, 51.19 W, 95 %
2026/08/30 01:54:47.566, 2489 MHz, 77, 64.52 W, 96 %
2026/08/30 01:54:52.566, 2489 MHz, 80, 64.41 W, 96 %
2026/08/30 01:54:57.567, 2502 MHz, 78, 41.98 W, 96 %
2026/08/30 01:55:02.568, 2489 MHz, 83, 65.20 W, 96 %
2026/08/30 01:55:07.569, 2489 MHz, 77, 64.23 W, 96 %
2026/08/30 01:55:12.570, 2489 MHz, 80, 66.15 W, 96 %
2026/08/30 01:55:17.571, 2489 MHz, 81, 65.06 W, 96 %
2026/08/30 01:55:22.572, 2483 MHz, 82, 65.22 W, 96 %
2026/08/30 01:55:27.572, 2489 MHz, 83, 64.04 W, 96 %
2026/08/30 01:55:32.573, 2483 MHz, 80, 65.60 W, 96 %
2026/08/30 01:55:37.575, 2502 MHz, 77, 40.76 W, 96 %
2026/08/30 01:55:42.575, 2483 MHz, 79, 65.55 W, 96 %
2026/08/30 01:55:47.576, 2496 MHz, 75, 45.24 W, 96 %
2026/08/30 01:55:52.577, 2483 MHz, 81, 65.92 W, 96 %
2026/08/30 01:55:57.578, 2483 MHz, 80, 64.46 W, 96 %
2026/08/30 01:56:02.579, 2502 MHz, 78, 51.25 W, 95 %
2026/08/30 01:56:07.580, 2502 MHz, 78, 51.29 W, 96 %
2026/08/30 01:56:12.581, 2502 MHz, 76, 41.88 W, 96 %
2026/08/30 01:56:17.581, 2502 MHz, 76, 44.90 W, 96 %
2026/08/30 01:56:22.582, 2496 MHz, 74, 42.12 W, 96 %
2026/08/30 01:56:27.583, 2489 MHz, 77, 65.06 W, 96 %
2026/08/30 01:56:32.584, 2489 MHz, 82, 64.65 W, 96 %
2026/08/30 01:56:37.585, 2489 MHz, 79, 62.92 W, 96 %
2026/08/30 01:56:42.586, 2476 MHz, 78, 65.90 W, 96 %
2026/08/30 01:56:47.587, 2489 MHz, 80, 65.06 W, 96 %
2026/08/30 01:56:52.588, 2502 MHz, 75, 41.66 W, 96 %
2026/08/30 01:56:57.588, 2496 MHz, 75, 46.35 W, 96 %
2026/08/30 01:57:02.589, 2489 MHz, 79, 63.58 W, 96 %
2026/08/30 01:57:07.589, 2483 MHz, 81, 64.64 W, 96 %
2026/08/30 01:57:12.590, 2483 MHz, 81, 65.10 W, 96 %
2026/08/30 01:57:17.591, 2483 MHz, 85, 64.22 W, 96 %
2026/08/30 01:57:22.591, 2483 MHz, 81, 66.09 W, 96 %
2026/08/30 01:57:27.592, 2489 MHz, 78, 60.37 W, 96 %
2026/08/30 01:57:32.593, 2502 MHz, 76, 41.32 W, 96 %
2026/08/30 01:57:37.593, 2502 MHz, 76, 41.47 W, 96 %
2026/08/30 01:57:42.594, 2502 MHz, 77, 51.35 W, 96 %
2026/08/30 01:57:47.595, 2502 MHz, 77, 51.23 W, 95 %
2026/08/30 01:57:52.596, 2489 MHz, 81, 63.93 W, 96 %
2026/08/30 01:57:57.597, 2489 MHz, 80, 64.94 W, 96 %
2026/08/30 01:58:02.598, 2489 MHz, 84, 64.71 W, 96 %
2026/08/30 01:58:07.599, 2502 MHz, 74, 39.87 W, 96 %
2026/08/30 01:58:12.599, 2502 MHz, 75, 42.75 W, 96 %
2026/08/30 01:58:17.600, 2483 MHz, 84, 64.84 W, 96 %
2026/08/30 01:58:22.601, 2483 MHz, 79, 64.61 W, 96 %
2026/08/30 01:58:27.602, 2483 MHz, 78, 62.95 W, 96 %
2026/08/30 01:58:32.603, 2489 MHz, 79, 65.32 W, 96 %
2026/08/30 01:58:37.604, 2483 MHz, 79, 64.71 W, 96 %
2026/08/30 01:58:42.605, 2483 MHz, 85, 63.77 W, 96 %
2026/08/30 01:58:47.606, 2502 MHz, 76, 41.03 W, 96 %
2026/08/30 01:58:52.607, 2489 MHz, 82, 65.26 W, 96 %
2026/08/30 01:58:57.608, 2476 MHz, 78, 66.66 W, 96 %
2026/08/30 01:59:02.609, 2502 MHz, 78, 51.27 W, 96 %
2026/08/30 01:59:07.610, 2502 MHz, 77, 51.30 W, 95 %
2026/08/30 01:59:12.611, 2502 MHz, 78, 51.13 W, 96 %
2026/08/30 01:59:17.612, 2502 MHz, 77, 49.60 W, 96 %
2026/08/30 01:59:22.613, 2502 MHz, 75, 41.06 W, 96 %
2026/08/30 01:59:27.614, 2489 MHz, 78, 55.51 W, 96 %
2026/08/30 01:59:32.615, 2489 MHz, 83, 64.86 W, 96 %
2026/08/30 01:59:37.616, 2489 MHz, 78, 65.16 W, 96 %
2026/08/30 01:59:42.617, 2489 MHz, 80, 63.55 W, 96 %
2026/08/30 01:59:47.618, 2483 MHz, 82, 66.06 W, 96 %
2026/08/30 01:59:52.618, 2483 MHz, 82, 65.96 W, 96 %
2026/08/30 01:59:57.619, 2496 MHz, 79, 57.90 W, 96 %
2026/08/30 02:00:02.620, 2502 MHz, 76, 40.07 W, 96 %
2026/08/30 02:00:07.621, 2489 MHz, 84, 65.14 W, 96 %
2026/08/30 02:00:12.622, 2483 MHz, 79, 64.96 W, 96 %
2026/08/30 02:00:17.624, 2489 MHz, 79, 64.08 W, 96 %
2026/08/30 02:00:22.625, 2483 MHz, 84, 65.63 W, 96 %
2026/08/30 02:00:27.626, 2489 MHz, 79, 65.73 W, 96 %
2026/08/30 02:00:32.627, 2502 MHz, 78, 51.33 W, 94 %
2026/08/30 02:00:37.627, 2502 MHz, 76, 41.53 W, 96 %
2026/08/30 02:00:42.628, 2502 MHz, 75, 41.58 W, 96 %
2026/08/30 02:00:47.629, 2502 MHz, 77, 51.35 W, 96 %
2026/08/30 02:00:52.630, 2489 MHz, 77, 65.33 W, 95 %
2026/08/30 02:00:57.631, 2489 MHz, 77, 65.20 W, 96 %
2026/08/30 02:01:02.632, 2489 MHz, 78, 64.29 W, 96 %
2026/08/30 02:01:07.633, 2489 MHz, 78, 64.32 W, 96 %
2026/08/30 02:01:12.634, 2496 MHz, 78, 47.81 W, 96 %
2026/08/30 02:01:17.634, 2489 MHz, 78, 63.39 W, 96 %
2026/08/30 02:01:22.636, 2483 MHz, 79, 65.18 W, 96 %
2026/08/30 02:01:27.636, 2483 MHz, 84, 64.46 W, 96 %
2026/08/30 02:01:32.637, 2483 MHz, 78, 63.97 W, 96 %
2026/08/30 02:01:37.638, 2476 MHz, 82, 64.10 W, 95 %
2026/08/30 02:01:42.639, 2502 MHz, 77, 42.90 W, 96 %
2026/08/30 02:01:47.640, 2496 MHz, 77, 49.18 W, 96 %
2026/08/30 02:01:52.640, 2489 MHz, 82, 65.09 W, 96 %
2026/08/30 02:01:57.641, 2476 MHz, 80, 64.66 W, 96 %
2026/08/30 02:02:02.641, 2502 MHz, 78, 50.99 W, 96 %
2026/08/30 02:02:07.642, 2502 MHz, 78, 50.52 W, 96 %
2026/08/30 02:02:12.643, 2502 MHz, 78, 51.63 W, 95 %
2026/08/30 02:02:17.645, 2502 MHz, 78, 51.30 W, 95 %
2026/08/30 02:02:22.645, 2502 MHz, 75, 48.68 W, 96 %
2026/08/30 02:02:27.646, 2489 MHz, 78, 58.23 W, 95 %
2026/08/30 02:02:32.647, 2489 MHz, 79, 64.94 W, 96 %
2026/08/30 02:02:37.649, 2489 MHz, 84, 64.32 W, 96 %
2026/08/30 02:02:42.649, 2489 MHz, 78, 63.19 W, 96 %
2026/08/30 02:02:47.650, 2483 MHz, 83, 66.08 W, 96 %
2026/08/30 02:02:52.651, 2489 MHz, 79, 65.14 W, 96 %
2026/08/30 02:02:57.652, 2502 MHz, 76, 41.48 W, 96 %
2026/08/30 02:03:02.652, 2496 MHz, 75, 43.10 W, 96 %
2026/08/30 02:03:07.653, 2483 MHz, 81, 65.97 W, 96 %
2026/08/30 02:03:12.654, 2489 MHz, 83, 65.00 W, 96 %
2026/08/30 02:03:17.655, 2489 MHz, 82, 64.44 W, 96 %
2026/08/30 02:03:22.656, 2483 MHz, 80, 66.16 W, 96 %
2026/08/30 02:03:27.657, 2476 MHz, 79, 67.48 W, 95 %
2026/08/30 02:03:32.657, 2502 MHz, 78, 51.10 W, 95 %
2026/08/30 02:03:37.658, 2502 MHz, 76, 40.92 W, 96 %
2026/08/30 02:03:42.658, 2502 MHz, 77, 50.88 W, 95 %
2026/08/30 02:03:47.660, 2502 MHz, 77, 51.17 W, 96 %
2026/08/30 02:03:52.660, 2489 MHz, 79, 63.86 W, 96 %
2026/08/30 02:03:57.661, 2483 MHz, 78, 64.26 W, 96 %
2026/08/30 02:04:02.662, 2489 MHz, 82, 65.10 W, 96 %
2026/08/30 02:04:07.663, 2489 MHz, 80, 64.50 W, 96 %
2026/08/30 02:04:12.664, 2483 MHz, 81, 65.75 W, 96 %
2026/08/30 02:04:17.665, 2502 MHz, 75, 39.24 W, 96 %
2026/08/30 02:04:22.665, 2483 MHz, 82, 64.08 W, 96 %
2026/08/30 02:04:27.665, 2489 MHz, 79, 64.28 W, 96 %
2026/08/30 02:04:32.666, 2489 MHz, 80, 64.49 W, 96 %
2026/08/30 02:04:37.668, 2489 MHz, 78, 65.78 W, 96 %
2026/08/30 02:04:42.668, 2483 MHz, 78, 64.15 W, 96 %
2026/08/30 02:04:47.669, 2489 MHz, 78, 65.83 W, 96 %
2026/08/30 02:04:52.670, 2502 MHz, 79, 43.99 W, 96 %
2026/08/30 02:04:57.671, 2502 MHz, 74, 42.86 W, 96 %
2026/08/30 02:05:02.671, 2502 MHz, 77, 51.12 W, 95 %
2026/08/30 02:05:07.672, 2502 MHz, 77, 50.86 W, 96 %
2026/08/30 02:05:12.673, 2502 MHz, 77, 50.92 W, 96 %
2026/08/30 02:05:17.674, 2502 MHz, 76, 50.89 W, 96 %
2026/08/30 02:05:22.675, 2489 MHz, 82, 64.19 W, 96 %
2026/08/30 02:05:27.676, 2496 MHz, 78, 46.31 W, 96 %
2026/08/30 02:05:32.676, 2502 MHz, 75, 40.48 W, 96 %
2026/08/30 02:05:37.677, 2496 MHz, 76, 48.83 W, 96 %
2026/08/30 02:05:42.678, 2502 MHz, 74, 39.58 W, 96 %
2026/08/30 02:05:47.678, 2489 MHz, 78, 64.67 W, 96 %
2026/08/30 02:05:52.679, 2489 MHz, 80, 64.80 W, 96 %
2026/08/30 02:05:57.681, 2489 MHz, 79, 64.73 W, 96 %
2026/08/30 02:06:02.681, 2496 MHz, 74, 46.72 W, 96 %
2026/08/30 02:06:07.683, 2489 MHz, 77, 62.01 W, 96 %
2026/08/30 02:06:12.684, 2489 MHz, 77, 64.65 W, 96 %
2026/08/30 02:06:17.684, 2502 MHz, 76, 52.09 W, 96 %
2026/08/30 02:06:22.685, 2502 MHz, 75, 39.48 W, 96 %
2026/08/30 02:06:27.686, 2489 MHz, 80, 63.70 W, 96 %
2026/08/30 02:06:32.687, 2489 MHz, 78, 65.67 W, 96 %
2026/08/30 02:06:37.688, 2489 MHz, 76, 61.88 W, 96 %
2026/08/30 02:06:42.689, 2502 MHz, 75, 41.43 W, 95 %
2026/08/30 02:06:47.690, 2502 MHz, 77, 50.59 W, 96 %
2026/08/30 02:06:52.691, 2502 MHz, 76, 50.67 W, 95 %
2026/08/30 02:06:57.692, 2502 MHz, 75, 41.16 W, 96 %
2026/08/30 02:07:02.693, 2502 MHz, 74, 46.93 W, 96 %
2026/08/30 02:07:07.694, 2489 MHz, 77, 64.12 W, 96 %
2026/08/30 02:07:12.696, 2489 MHz, 77, 63.93 W, 96 %
2026/08/30 02:07:17.697, 2496 MHz, 74, 45.65 W, 96 %
2026/08/30 02:07:22.698, 2496 MHz, 79, 65.29 W, 96 %
2026/08/30 02:07:27.699, 2489 MHz, 77, 63.08 W, 96 %
2026/08/30 02:07:32.700, 2489 MHz, 83, 64.71 W, 96 %
2026/08/30 02:07:37.701, 2502 MHz, 77, 42.00 W, 96 %
2026/08/30 02:07:42.701, 2502 MHz, 81, 43.14 W, 96 %
2026/08/30 02:07:47.702, 2489 MHz, 77, 63.26 W, 96 %
2026/08/30 02:07:52.703, 2496 MHz, 74, 48.04 W, 96 %
2026/08/30 02:07:57.704, 2489 MHz, 77, 64.76 W, 96 %
2026/08/30 02:08:02.705, 2489 MHz, 78, 64.61 W, 96 %
2026/08/30 02:08:07.706, 2489 MHz, 80, 65.44 W, 96 %
2026/08/30 02:08:12.707, 2502 MHz, 77, 50.99 W, 96 %
2026/08/30 02:08:17.708, 2502 MHz, 75, 40.99 W, 95 %
2026/08/30 02:08:22.708, 2502 MHz, 75, 40.96 W, 95 %
2026/08/30 02:08:27.709, 2502 MHz, 75, 49.98 W, 96 %
2026/08/30 02:08:32.710, 2502 MHz, 75, 41.53 W, 96 %
2026/08/30 02:08:37.712, 2489 MHz, 79, 67.03 W, 96 %
2026/08/30 02:08:42.713, 2489 MHz, 79, 64.86 W, 96 %
2026/08/30 02:08:47.714, 2489 MHz, 77, 64.69 W, 96 %
2026/08/30 02:08:52.714, 2496 MHz, 79, 65.09 W, 96 %
2026/08/30 02:08:57.716, 2502 MHz, 74, 41.27 W, 96 %
2026/08/30 02:09:02.717, 2502 MHz, 74, 42.03 W, 96 %
2026/08/30 02:09:07.717, 2496 MHz, 77, 45.72 W, 96 %
2026/08/30 02:09:12.718, 2489 MHz, 81, 64.86 W, 96 %
2026/08/30 02:09:17.719, 2489 MHz, 81, 63.63 W, 96 %
2026/08/30 02:09:22.721, 2489 MHz, 77, 63.11 W, 96 %
2026/08/30 02:09:27.721, 2489 MHz, 77, 65.21 W, 96 %
2026/08/30 02:09:32.722, 2483 MHz, 80, 65.17 W, 96 %
2026/08/30 02:09:37.722, 2502 MHz, 78, 43.27 W, 96 %
2026/08/30 02:09:42.723, 2502 MHz, 74, 46.38 W, 96 %
2026/08/30 02:09:47.723, 2489 MHz, 78, 66.04 W, 96 %
2026/08/30 02:09:52.724, 2502 MHz, 76, 50.70 W, 95 %
2026/08/30 02:09:57.725, 2502 MHz, 76, 50.53 W, 95 %
2026/08/30 02:10:02.726, 2502 MHz, 76, 50.79 W, 95 %
2026/08/30 02:10:07.726, 2502 MHz, 74, 43.10 W, 95 %
2026/08/30 02:10:12.728, 2496 MHz, 81, 62.95 W, 96 %
2026/08/30 02:10:17.729, 2502 MHz, 74, 42.85 W, 96 %
2026/08/30 02:10:22.729, 2489 MHz, 76, 57.62 W, 96 %
2026/08/30 02:10:27.730, 2496 MHz, 79, 64.03 W, 96 %
2026/08/30 02:10:32.731, 2489 MHz, 79, 64.11 W, 96 %
2026/08/30 02:10:37.732, 2489 MHz, 79, 65.64 W, 96 %
2026/08/30 02:10:42.732, 2489 MHz, 79, 65.39 W, 96 %
2026/08/30 02:10:47.733, 2489 MHz, 78, 63.01 W, 96 %
2026/08/30 02:10:52.735, 2489 MHz, 76, 54.94 W, 96 %
2026/08/30 02:10:57.736, 2502 MHz, 74, 41.75 W, 96 %
2026/08/30 02:11:02.736, 2489 MHz, 76, 64.08 W, 96 %
2026/08/30 02:11:07.737, 2489 MHz, 79, 64.20 W, 96 %
2026/08/30 02:11:12.739, 2489 MHz, 79, 63.51 W, 96 %
2026/08/30 02:11:17.740, 2483 MHz, 82, 65.48 W, 96 %
2026/08/30 02:11:22.741, 2502 MHz, 77, 50.58 W, 95 %
2026/08/30 02:11:27.742, 2502 MHz, 76, 50.62 W, 95 %
2026/08/30 02:11:32.743, 2502 MHz, 75, 42.14 W, 96 %
2026/08/30 02:11:37.744, 2502 MHz, 75, 41.78 W, 96 %
2026/08/30 02:11:42.745, 2502 MHz, 75, 40.77 W, 94 %
2026/08/30 02:11:47.747, 2489 MHz, 76, 64.10 W, 96 %
2026/08/30 02:11:52.748, 2496 MHz, 77, 64.86 W, 96 %
2026/08/30 02:11:57.749, 2489 MHz, 77, 62.95 W, 96 %
2026/08/30 02:12:02.750, 2483 MHz, 81, 64.84 W, 96 %
2026/08/30 02:12:07.750, 2496 MHz, 77, 57.23 W, 96 %
2026/08/30 02:12:12.751, 2483 MHz, 77, 64.46 W, 96 %
2026/08/30 02:12:17.752, 2502 MHz, 74, 44.41 W, 96 %
2026/08/30 02:12:22.752, 2496 MHz, 76, 46.01 W, 96 %
2026/08/30 02:12:27.754, 2489 MHz, 77, 64.54 W, 96 %
2026/08/30 02:12:32.754, 2489 MHz, 77, 65.20 W, 96 %
2026/08/30 02:12:37.756, 2489 MHz, 84, 64.37 W, 96 %
2026/08/30 02:12:42.757, 2483 MHz, 79, 63.90 W, 96 %
2026/08/30 02:12:47.759, 2489 MHz, 80, 64.20 W, 96 %
2026/08/30 02:12:52.759, 2502 MHz, 77, 53.72 W, 96 %
2026/08/30 02:12:57.760, 2502 MHz, 75, 41.77 W, 96 %
2026/08/30 02:13:02.761, 2502 MHz, 75, 41.74 W, 96 %
2026/08/30 02:13:07.762, 2502 MHz, 75, 50.89 W, 95 %
2026/08/30 02:13:12.763, 2502 MHz, 76, 50.90 W, 95 %
