2026/08/29 23:04:55.547, 2515 MHz, 50, 15.05 W, 0 %
2026/08/29 23:05:00.552, 2515 MHz, 50, 14.89 W, 0 %
2026/08/29 23:05:05.553, 2515 MHz, 50, 14.86 W, 0 %
2026/08/29 23:05:10.554, 2515 MHz, 50, 14.92 W, 0 %
2026/08/29 23:05:15.555, 2515 MHz, 50, 14.90 W, 0 %
2026/08/29 23:05:20.556, 2515 MHz, 50, 14.91 W, 0 %
2026/08/29 23:05:25.557, 2515 MHz, 50, 14.90 W, 0 %
2026/08/29 23:05:30.557, 2515 MHz, 50, 14.87 W, 0 %
2026/08/29 23:05:35.558, 2515 MHz, 50, 14.86 W, 0 %
2026/08/29 23:05:40.558, 2515 MHz, 50, 14.86 W, 0 %
2026/08/29 23:05:45.559, 2515 MHz, 50, 14.82 W, 0 %
2026/08/29 23:05:50.560, 2515 MHz, 50, 14.84 W, 0 %
2026/08/29 23:05:55.561, 2515 MHz, 50, 14.86 W, 0 %
2026/08/29 23:06:00.562, 2515 MHz, 50, 14.84 W, 0 %
2026/08/29 23:06:05.562, 2515 MHz, 50, 14.79 W, 0 %
2026/08/29 23:06:10.564, 2515 MHz, 50, 14.86 W, 0 %
2026/08/29 23:06:15.565, 2515 MHz, 50, 14.71 W, 0 %
2026/08/29 23:06:20.565, 2515 MHz, 50, 14.74 W, 0 %
2026/08/29 23:06:25.566, 2515 MHz, 50, 14.84 W, 0 %
2026/08/29 23:06:30.567, 2515 MHz, 50, 14.81 W, 0 %
2026/08/29 23:06:35.567, 2515 MHz, 50, 14.94 W, 0 %
2026/08/29 23:06:40.568, 2515 MHz, 50, 14.83 W, 0 %
2026/08/29 23:06:45.569, 2515 MHz, 50, 14.84 W, 0 %
2026/08/29 23:06:50.569, 2515 MHz, 50, 14.81 W, 0 %
2026/08/29 23:06:55.571, 2515 MHz, 50, 14.86 W, 0 %
2026/08/29 23:07:00.572, 2515 MHz, 50, 14.81 W, 0 %
2026/08/29 23:07:05.573, 2515 MHz, 50, 14.87 W, 0 %
2026/08/29 23:07:10.574, 2515 MHz, 50, 14.93 W, 0 %
2026/08/29 23:07:15.575, 2515 MHz, 50, 14.84 W, 0 %
2026/08/29 23:07:20.576, 2515 MHz, 50, 14.87 W, 0 %
2026/08/29 23:07:25.577, 2515 MHz, 50, 14.82 W, 0 %
2026/08/29 23:07:30.577, 2515 MHz, 50, 14.84 W, 0 %
2026/08/29 23:07:35.579, 2515 MHz, 50, 14.80 W, 0 %
2026/08/29 23:07:40.579, 2515 MHz, 50, 14.77 W, 0 %
2026/08/29 23:07:45.580, 2515 MHz, 50, 14.82 W, 0 %
2026/08/29 23:07:50.581, 2515 MHz, 50, 14.80 W, 0 %
2026/08/29 23:07:55.582, 2515 MHz, 50, 14.81 W, 0 %
2026/08/29 23:08:00.583, 2515 MHz, 50, 14.86 W, 0 %
2026/08/29 23:08:05.584, 2515 MHz, 50, 14.86 W, 0 %
2026/08/29 23:08:10.585, 2515 MHz, 50, 14.77 W, 0 %
2026/08/29 23:08:15.586, 2515 MHz, 50, 14.74 W, 0 %
2026/08/29 23:08:20.586, 2515 MHz, 50, 14.78 W, 0 %
2026/08/29 23:08:25.587, 2515 MHz, 50, 14.84 W, 0 %
2026/08/29 23:08:30.588, 2515 MHz, 50, 14.87 W, 0 %
2026/08/29 23:08:35.589, 2515 MHz, 50, 14.88 W, 0 %
2026/08/29 23:08:40.590, 2515 MHz, 50, 14.79 W, 0 %
2026/08/29 23:08:45.591, 2515 MHz, 50, 14.77 W, 0 %
2026/08/29 23:08:50.592, 2515 MHz, 50, 14.79 W, 0 %
2026/08/29 23:08:55.593, 2515 MHz, 50, 14.86 W, 0 %
2026/08/29 23:09:00.593, 2515 MHz, 50, 14.79 W, 0 %
2026/08/29 23:09:05.595, 2515 MHz, 50, 14.82 W, 0 %
2026/08/29 23:09:10.595, 2515 MHz, 50, 14.86 W, 0 %
2026/08/29 23:09:15.596, 2515 MHz, 50, 14.84 W, 0 %
2026/08/29 23:09:20.597, 2515 MHz, 50, 14.73 W, 0 %
2026/08/29 23:09:25.598, 2515 MHz, 50, 14.90 W, 0 %
2026/08/29 23:09:30.599, 2515 MHz, 50, 14.75 W, 0 %
2026/08/29 23:09:35.600, 2515 MHz, 50, 14.84 W, 0 %
2026/08/29 23:09:40.601, 2515 MHz, 50, 14.81 W, 0 %
2026/08/29 23:09:45.601, 2515 MHz, 50, 14.81 W, 0 %
2026/08/29 23:09:50.601, 2515 MHz, 50, 14.78 W, 0 %
2026/08/29 23:09:55.602, 2515 MHz, 50, 14.83 W, 0 %
2026/08/29 23:10:00.603, 2515 MHz, 50, 14.84 W, 0 %
2026/08/29 23:10:05.604, 2515 MHz, 50, 14.84 W, 0 %
2026/08/29 23:10:10.605, 2515 MHz, 50, 14.85 W, 0 %
2026/08/29 23:10:15.606, 2515 MHz, 50, 14.77 W, 0 %
2026/08/29 23:10:20.607, 2515 MHz, 50, 14.80 W, 0 %
2026/08/29 23:10:25.608, 2515 MHz, 50, 14.82 W, 0 %
2026/08/29 23:10:30.609, 2515 MHz, 50, 14.86 W, 0 %
2026/08/29 23:10:35.610, 2515 MHz, 50, 14.87 W, 0 %
2026/08/29 23:10:40.611, 2515 MHz, 50, 14.90 W, 0 %
2026/08/29 23:10:45.612, 2515 MHz, 50, 14.94 W, 0 %
2026/08/29 23:10:50.613, 2515 MHz, 50, 14.86 W, 0 %
2026/08/29 23:10:55.614, 2515 MHz, 50, 14.90 W, 0 %
2026/08/29 23:11:00.615, 2515 MHz, 50, 14.84 W, 0 %
2026/08/29 23:11:05.617, 2515 MHz, 50, 14.82 W, 0 %
2026/08/29 23:11:10.617, 2515 MHz, 50, 14.94 W, 0 %
2026/08/29 23:11:15.619, 2515 MHz, 50, 14.80 W, 0 %
2026/08/29 23:11:20.621, 2515 MHz, 50, 14.81 W, 0 %
2026/08/29 23:11:25.622, 2515 MHz, 50, 14.86 W, 0 %
2026/08/29 23:11:30.623, 2515 MHz, 50, 14.92 W, 0 %
2026/08/29 23:11:35.624, 2515 MHz, 50, 14.88 W, 0 %
2026/08/29 23:11:40.625, 2515 MHz, 50, 14.85 W, 0 %
2026/08/29 23:11:45.626, 2515 MHz, 50, 14.82 W, 0 %
2026/08/29 23:11:50.627, 2515 MHz, 50, 14.71 W, 0 %
2026/08/29 23:11:55.628, 2515 MHz, 50, 14.77 W, 0 %
2026/08/29 23:12:00.629, 2515 MHz, 50, 14.85 W, 0 %
2026/08/29 23:12:05.629, 2515 MHz, 50, 14.88 W, 0 %
2026/08/29 23:12:10.630, 2515 MHz, 50, 14.88 W, 0 %
2026/08/29 23:12:15.631, 2515 MHz, 50, 14.91 W, 0 %
2026/08/29 23:12:20.631, 2515 MHz, 50, 14.96 W, 0 %
2026/08/29 23:12:25.632, 2515 MHz, 50, 14.93 W, 0 %
2026/08/29 23:12:30.633, 2515 MHz, 50, 14.91 W, 0 %
2026/08/29 23:12:35.633, 2515 MHz, 50, 14.92 W, 0 %
2026/08/29 23:12:40.634, 2515 MHz, 50, 14.93 W, 0 %
2026/08/29 23:12:45.635, 2515 MHz, 50, 14.89 W, 0 %
2026/08/29 23:12:50.635, 2515 MHz, 50, 14.88 W, 0 %
2026/08/29 23:12:55.637, 2515 MHz, 50, 14.84 W, 0 %
2026/08/29 23:13:00.637, 2515 MHz, 50, 14.87 W, 0 %
2026/08/29 23:13:05.638, 2515 MHz, 50, 14.98 W, 0 %
2026/08/29 23:13:10.639, 2515 MHz, 50, 14.85 W, 0 %
2026/08/29 23:13:15.639, 2515 MHz, 50, 14.87 W, 0 %
2026/08/29 23:13:20.641, 2515 MHz, 50, 14.84 W, 0 %
2026/08/29 23:13:25.642, 2515 MHz, 50, 14.87 W, 0 %
2026/08/29 23:13:30.643, 2515 MHz, 50, 14.85 W, 0 %
2026/08/29 23:13:35.644, 2515 MHz, 50, 14.83 W, 0 %
2026/08/29 23:13:40.645, 2515 MHz, 50, 14.86 W, 0 %
2026/08/29 23:13:45.646, 2515 MHz, 50, 14.81 W, 0 %
2026/08/29 23:13:50.647, 2515 MHz, 50, 14.81 W, 0 %
2026/08/29 23:13:55.648, 2515 MHz, 50, 14.88 W, 0 %
2026/08/29 23:14:00.649, 2515 MHz, 50, 14.89 W, 0 %
2026/08/29 23:14:05.649, 2515 MHz, 50, 14.85 W, 0 %
2026/08/29 23:14:10.651, 2515 MHz, 50, 14.79 W, 0 %
2026/08/29 23:14:15.652, 2515 MHz, 50, 14.87 W, 0 %
2026/08/29 23:14:20.653, 2515 MHz, 50, 14.90 W, 0 %
2026/08/29 23:14:25.654, 2515 MHz, 50, 14.90 W, 0 %
2026/08/29 23:14:30.655, 2515 MHz, 50, 14.89 W, 0 %
2026/08/29 23:14:35.656, 2515 MHz, 50, 14.91 W, 0 %
2026/08/29 23:14:40.657, 2515 MHz, 50, 14.92 W, 0 %
2026/08/29 23:14:45.658, 2515 MHz, 50, 14.98 W, 0 %
2026/08/29 23:14:50.658, 2515 MHz, 50, 14.93 W, 0 %
2026/08/29 23:14:55.659, 2515 MHz, 50, 14.85 W, 0 %
2026/08/29 23:15:00.661, 2515 MHz, 50, 14.89 W, 0 %
2026/08/29 23:15:05.662, 2515 MHz, 50, 14.94 W, 0 %
2026/08/29 23:15:10.662, 2515 MHz, 50, 14.95 W, 0 %
2026/08/29 23:15:15.663, 2515 MHz, 50, 14.99 W, 0 %
2026/08/29 23:15:20.664, 2515 MHz, 50, 14.96 W, 0 %
2026/08/29 23:15:25.665, 2515 MHz, 50, 14.94 W, 0 %
2026/08/29 23:15:30.665, 2515 MHz, 50, 14.96 W, 0 %
2026/08/29 23:15:35.666, 2515 MHz, 50, 14.92 W, 0 %
2026/08/29 23:15:40.667, 2515 MHz, 50, 14.88 W, 0 %
2026/08/29 23:15:45.667, 2515 MHz, 50, 14.79 W, 0 %
2026/08/29 23:15:50.669, 2515 MHz, 50, 14.82 W, 0 %
2026/08/29 23:15:55.670, 2515 MHz, 50, 14.89 W, 0 %
2026/08/29 23:16:00.671, 2515 MHz, 50, 14.85 W, 0 %
2026/08/29 23:16:05.671, 2515 MHz, 50, 14.95 W, 0 %
2026/08/29 23:16:10.672, 2515 MHz, 50, 14.88 W, 0 %
2026/08/29 23:16:15.672, 2515 MHz, 50, 14.88 W, 0 %
2026/08/29 23:16:20.673, 2515 MHz, 50, 14.80 W, 0 %
2026/08/29 23:16:25.674, 2515 MHz, 50, 14.94 W, 0 %
2026/08/29 23:16:30.675, 2515 MHz, 50, 14.92 W, 0 %
2026/08/29 23:16:35.675, 2515 MHz, 50, 14.93 W, 0 %
2026/08/29 23:16:40.676, 2515 MHz, 50, 14.85 W, 0 %
2026/08/29 23:16:45.676, 2515 MHz, 50, 14.90 W, 0 %
2026/08/29 23:16:50.677, 2515 MHz, 50, 14.85 W, 0 %
2026/08/29 23:16:55.678, 2515 MHz, 50, 14.91 W, 0 %
2026/08/29 23:17:00.679, 2515 MHz, 50, 14.87 W, 0 %
2026/08/29 23:17:05.681, 2515 MHz, 50, 14.94 W, 0 %
2026/08/29 23:17:10.682, 2515 MHz, 50, 14.93 W, 0 %
2026/08/29 23:17:15.683, 2515 MHz, 50, 14.90 W, 0 %
2026/08/29 23:17:20.684, 2515 MHz, 50, 14.86 W, 0 %
2026/08/29 23:17:25.685, 2515 MHz, 50, 14.87 W, 0 %
2026/08/29 23:17:30.686, 2515 MHz, 50, 14.89 W, 0 %
2026/08/29 23:17:35.686, 2515 MHz, 50, 14.88 W, 0 %
2026/08/29 23:17:40.687, 2515 MHz, 50, 14.94 W, 0 %
2026/08/29 23:17:45.688, 2515 MHz, 50, 14.95 W, 0 %
2026/08/29 23:17:50.688, 2515 MHz, 50, 14.91 W, 0 %
2026/08/29 23:17:55.689, 2515 MHz, 50, 14.90 W, 0 %
2026/08/29 23:18:00.690, 2515 MHz, 50, 14.92 W, 0 %
2026/08/29 23:18:05.691, 2515 MHz, 50, 14.81 W, 0 %
2026/08/29 23:18:10.692, 2515 MHz, 50, 14.81 W, 0 %
2026/08/29 23:18:15.693, 2515 MHz, 50, 14.78 W, 0 %
2026/08/29 23:18:20.694, 2515 MHz, 50, 14.90 W, 0 %
2026/08/29 23:18:25.696, 2515 MHz, 50, 14.86 W, 0 %
2026/08/29 23:18:30.697, 2515 MHz, 50, 14.80 W, 0 %
2026/08/29 23:18:35.697, 2515 MHz, 50, 14.83 W, 0 %
2026/08/29 23:18:40.698, 2515 MHz, 50, 14.78 W, 0 %
2026/08/29 23:18:45.700, 2515 MHz, 50, 14.80 W, 0 %
2026/08/29 23:18:50.702, 2515 MHz, 50, 14.90 W, 0 %
2026/08/29 23:18:55.702, 2515 MHz, 50, 14.93 W, 0 %
2026/08/29 23:19:00.704, 2515 MHz, 50, 14.87 W, 0 %
2026/08/29 23:19:05.705, 2515 MHz, 50, 14.82 W, 0 %
2026/08/29 23:19:10.706, 2515 MHz, 50, 14.81 W, 0 %
2026/08/29 23:19:15.706, 2515 MHz, 50, 14.79 W, 0 %
2026/08/29 23:19:20.708, 2515 MHz, 50, 14.84 W, 0 %
2026/08/29 23:19:25.709, 2515 MHz, 50, 14.92 W, 0 %
2026/08/29 23:19:30.710, 2515 MHz, 50, 14.93 W, 0 %
2026/08/29 23:19:35.711, 2515 MHz, 50, 14.99 W, 0 %
2026/08/29 23:19:40.713, 2515 MHz, 50, 14.93 W, 0 %
2026/08/29 23:19:45.713, 2515 MHz, 50, 14.96 W, 0 %
2026/08/29 23:19:50.714, 2515 MHz, 50, 14.94 W, 0 %
2026/08/29 23:19:55.714, 2515 MHz, 50, 14.94 W, 0 %
2026/08/29 23:20:00.716, 2515 MHz, 50, 14.95 W, 0 %
2026/08/29 23:20:05.717, 2515 MHz, 50, 14.98 W, 0 %
2026/08/29 23:20:10.717, 2515 MHz, 50, 14.92 W, 0 %
2026/08/29 23:20:15.718, 2515 MHz, 50, 14.95 W, 0 %
2026/08/29 23:20:20.719, 2515 MHz, 50, 14.90 W, 0 %
2026/08/29 23:20:25.720, 2515 MHz, 50, 14.95 W, 0 %
2026/08/29 23:20:30.721, 2515 MHz, 50, 14.94 W, 0 %
2026/08/29 23:20:35.722, 2515 MHz, 50, 14.95 W, 0 %
2026/08/29 23:20:40.724, 2515 MHz, 50, 14.97 W, 0 %
2026/08/29 23:20:45.726, 2515 MHz, 50, 14.92 W, 0 %
2026/08/29 23:20:50.727, 2515 MHz, 50, 14.97 W, 0 %
2026/08/29 23:20:55.728, 2515 MHz, 50, 14.99 W, 0 %
2026/08/29 23:21:00.730, 2515 MHz, 50, 14.98 W, 0 %
2026/08/29 23:21:05.731, 2515 MHz, 50, 14.88 W, 0 %
2026/08/29 23:21:10.732, 2515 MHz, 50, 14.95 W, 0 %
2026/08/29 23:21:15.734, 2515 MHz, 50, 14.95 W, 0 %
2026/08/29 23:21:20.734, 2515 MHz, 50, 14.93 W, 0 %
2026/08/29 23:21:25.735, 2515 MHz, 50, 14.99 W, 0 %
2026/08/29 23:21:30.737, 2515 MHz, 50, 15.00 W, 0 %
2026/08/29 23:21:35.738, 2515 MHz, 50, 15.01 W, 0 %
2026/08/29 23:21:40.739, 2515 MHz, 50, 15.06 W, 0 %
2026/08/29 23:21:45.740, 2515 MHz, 50, 14.94 W, 0 %
2026/08/29 23:21:50.742, 2515 MHz, 50, 14.99 W, 0 %
2026/08/29 23:21:55.742, 2515 MHz, 50, 14.92 W, 0 %
2026/08/29 23:22:00.744, 2515 MHz, 50, 14.87 W, 0 %
2026/08/29 23:22:05.745, 2515 MHz, 50, 14.91 W, 0 %
2026/08/29 23:22:10.747, 2515 MHz, 50, 14.89 W, 0 %
2026/08/29 23:22:15.748, 2515 MHz, 50, 14.87 W, 0 %
2026/08/29 23:22:20.749, 2515 MHz, 50, 14.95 W, 0 %
2026/08/29 23:22:25.749, 2515 MHz, 50, 14.90 W, 0 %
2026/08/29 23:22:30.750, 2515 MHz, 50, 15.03 W, 0 %
2026/08/29 23:22:35.752, 2515 MHz, 50, 14.94 W, 0 %
2026/08/29 23:22:40.753, 2515 MHz, 50, 15.00 W, 0 %
2026/08/29 23:22:45.755, 2515 MHz, 50, 14.98 W, 0 %
2026/08/29 23:22:50.755, 2515 MHz, 50, 15.03 W, 0 %
2026/08/29 23:22:55.756, 2515 MHz, 50, 14.97 W, 0 %
2026/08/29 23:23:00.757, 2515 MHz, 50, 14.94 W, 0 %
2026/08/29 23:23:05.759, 2515 MHz, 50, 14.90 W, 0 %
2026/08/29 23:23:10.761, 2515 MHz, 50, 14.88 W, 0 %
2026/08/29 23:23:15.762, 2515 MHz, 50, 14.89 W, 0 %
2026/08/29 23:23:20.763, 2515 MHz, 50, 14.89 W, 0 %
2026/08/29 23:23:25.765, 2515 MHz, 50, 14.98 W, 0 %
2026/08/29 23:23:30.765, 2515 MHz, 50, 14.90 W, 0 %
2026/08/29 23:23:35.766, 2515 MHz, 50, 14.89 W, 0 %
2026/08/29 23:23:40.767, 2515 MHz, 50, 14.98 W, 0 %
2026/08/29 23:23:45.769, 2515 MHz, 50, 15.00 W, 0 %
2026/08/29 23:23:50.770, 2515 MHz, 50, 14.93 W, 0 %
2026/08/29 23:23:55.772, 2515 MHz, 50, 14.93 W, 0 %
2026/08/29 23:24:00.772, 2515 MHz, 50, 15.00 W, 0 %
2026/08/29 23:24:05.773, 2515 MHz, 50, 14.94 W, 0 %
2026/08/29 23:24:10.774, 2515 MHz, 50, 14.88 W, 0 %
2026/08/29 23:24:15.775, 2515 MHz, 50, 14.93 W, 0 %
2026/08/29 23:24:20.776, 2515 MHz, 50, 14.89 W, 0 %
2026/08/29 23:24:25.777, 2515 MHz, 50, 14.94 W, 0 %
2026/08/29 23:24:30.778, 2515 MHz, 50, 14.94 W, 0 %
2026/08/29 23:24:35.780, 2515 MHz, 50, 14.86 W, 0 %
2026/08/29 23:24:40.781, 2515 MHz, 50, 14.91 W, 0 %
2026/08/29 23:24:45.781, 2515 MHz, 50, 15.03 W, 0 %
2026/08/29 23:24:50.783, 2515 MHz, 50, 14.91 W, 0 %
2026/08/29 23:24:55.783, 2515 MHz, 50, 14.88 W, 0 %
2026/08/29 23:25:00.784, 2515 MHz, 50, 14.85 W, 0 %
2026/08/29 23:25:05.786, 2515 MHz, 50, 14.85 W, 0 %
2026/08/29 23:25:10.787, 2515 MHz, 50, 14.89 W, 0 %
2026/08/29 23:25:15.788, 2515 MHz, 50, 14.87 W, 0 %
2026/08/29 23:25:20.789, 2515 MHz, 50, 14.94 W, 0 %
2026/08/29 23:25:25.790, 2515 MHz, 50, 14.93 W, 0 %
2026/08/29 23:25:30.791, 2515 MHz, 50, 14.93 W, 0 %
2026/08/29 23:25:35.793, 2515 MHz, 50, 14.97 W, 0 %
2026/08/29 23:25:40.793, 2515 MHz, 50, 14.99 W, 0 %
2026/08/29 23:25:45.794, 2515 MHz, 50, 14.90 W, 0 %
2026/08/29 23:25:50.796, 2515 MHz, 50, 14.93 W, 0 %
2026/08/29 23:25:55.797, 2515 MHz, 50, 14.90 W, 0 %
2026/08/29 23:26:00.798, 2515 MHz, 50, 14.94 W, 0 %
2026/08/29 23:26:05.798, 2515 MHz, 50, 14.87 W, 0 %
2026/08/29 23:26:10.799, 2515 MHz, 50, 14.81 W, 0 %
2026/08/29 23:26:15.800, 2515 MHz, 50, 14.96 W, 0 %
2026/08/29 23:26:20.801, 2515 MHz, 50, 14.89 W, 0 %
2026/08/29 23:26:25.802, 2515 MHz, 50, 14.89 W, 0 %
2026/08/29 23:26:30.803, 2515 MHz, 50, 14.84 W, 0 %
2026/08/29 23:26:35.805, 2515 MHz, 50, 14.84 W, 0 %
2026/08/29 23:26:40.805, 2515 MHz, 50, 14.88 W, 0 %
2026/08/29 23:26:45.807, 2515 MHz, 50, 14.82 W, 0 %
2026/08/29 23:26:50.808, 2515 MHz, 51, 14.84 W, 0 %
2026/08/29 23:26:55.810, 2515 MHz, 50, 14.88 W, 0 %
2026/08/29 23:27:00.811, 2515 MHz, 51, 14.90 W, 0 %
2026/08/29 23:27:05.812, 2515 MHz, 50, 14.89 W, 0 %
2026/08/29 23:27:10.812, 2515 MHz, 51, 14.92 W, 0 %
2026/08/29 23:27:15.813, 2515 MHz, 51, 14.96 W, 0 %
2026/08/29 23:27:20.815, 2515 MHz, 50, 14.82 W, 0 %
2026/08/29 23:27:25.816, 2515 MHz, 50, 14.83 W, 0 %
2026/08/29 23:27:30.817, 2515 MHz, 51, 14.84 W, 0 %
2026/08/29 23:27:35.818, 2515 MHz, 51, 14.84 W, 0 %
2026/08/29 23:27:40.819, 2515 MHz, 51, 14.87 W, 0 %
2026/08/29 23:27:45.820, 2515 MHz, 51, 14.89 W, 0 %
2026/08/29 23:27:50.822, 2515 MHz, 51, 14.77 W, 0 %
2026/08/29 23:27:55.824, 2515 MHz, 50, 14.83 W, 0 %
2026/08/29 23:28:00.825, 2515 MHz, 51, 14.86 W, 0 %
2026/08/29 23:28:05.825, 2515 MHz, 51, 14.92 W, 0 %
2026/08/29 23:28:10.826, 2515 MHz, 51, 14.91 W, 0 %
2026/08/29 23:28:15.827, 2515 MHz, 51, 14.89 W, 0 %
2026/08/29 23:28:20.828, 2515 MHz, 51, 14.81 W, 0 %
2026/08/29 23:28:25.830, 2515 MHz, 51, 14.82 W, 0 %
2026/08/29 23:28:30.831, 2515 MHz, 51, 14.84 W, 0 %
2026/08/29 23:28:35.832, 2515 MHz, 51, 14.89 W, 0 %
2026/08/29 23:28:40.834, 2515 MHz, 51, 14.85 W, 0 %
2026/08/29 23:28:45.834, 2515 MHz, 51, 14.85 W, 0 %
2026/08/29 23:28:50.835, 2515 MHz, 51, 14.81 W, 0 %
2026/08/29 23:28:55.837, 2515 MHz, 51, 14.85 W, 0 %
2026/08/29 23:29:00.838, 2515 MHz, 51, 14.79 W, 0 %
2026/08/29 23:29:05.839, 2515 MHz, 51, 14.86 W, 0 %
2026/08/29 23:29:10.840, 2515 MHz, 51, 14.86 W, 0 %
2026/08/29 23:29:15.841, 2515 MHz, 51, 14.82 W, 0 %
2026/08/29 23:29:20.842, 2515 MHz, 51, 14.82 W, 0 %
2026/08/29 23:29:25.844, 2515 MHz, 51, 14.91 W, 0 %
2026/08/29 23:29:30.845, 2515 MHz, 51, 14.85 W, 0 %
2026/08/29 23:29:35.846, 2515 MHz, 51, 14.93 W, 0 %
2026/08/29 23:29:40.847, 2515 MHz, 51, 14.85 W, 0 %
2026/08/29 23:29:45.848, 2515 MHz, 51, 15.00 W, 0 %
2026/08/29 23:29:50.849, 2515 MHz, 51, 15.02 W, 0 %
2026/08/29 23:29:55.849, 2515 MHz, 51, 15.01 W, 0 %
2026/08/29 23:30:00.850, 2515 MHz, 51, 15.32 W, 0 %
2026/08/29 23:30:05.851, 2515 MHz, 51, 15.02 W, 0 %
2026/08/29 23:30:10.852, 2515 MHz, 51, 15.25 W, 0 %
2026/08/29 23:30:15.853, 2515 MHz, 51, 15.17 W, 0 %
2026/08/29 23:30:20.853, 2515 MHz, 51, 15.22 W, 0 %
2026/08/29 23:30:25.854, 2515 MHz, 51, 15.30 W, 0 %
2026/08/29 23:30:30.856, 2515 MHz, 51, 15.19 W, 0 %
2026/08/29 23:30:35.856, 2515 MHz, 51, 15.26 W, 0 %
2026/08/29 23:30:40.857, 2515 MHz, 51, 15.10 W, 0 %
2026/08/29 23:30:45.858, 2515 MHz, 51, 15.01 W, 0 %
2026/08/29 23:30:50.859, 2515 MHz, 51, 14.98 W, 0 %
2026/08/29 23:30:55.860, 2515 MHz, 51, 14.99 W, 0 %
2026/08/29 23:31:00.861, 2515 MHz, 51, 15.01 W, 0 %
2026/08/29 23:31:05.862, 2515 MHz, 51, 14.96 W, 0 %
2026/08/29 23:31:10.863, 2515 MHz, 51, 14.90 W, 0 %
2026/08/29 23:31:15.864, 2515 MHz, 51, 14.91 W, 0 %
2026/08/29 23:31:20.866, 2515 MHz, 51, 14.90 W, 0 %
2026/08/29 23:31:25.867, 2515 MHz, 51, 14.98 W, 0 %
2026/08/29 23:31:30.868, 2515 MHz, 51, 14.93 W, 0 %
2026/08/29 23:31:35.869, 2515 MHz, 51, 14.96 W, 0 %
2026/08/29 23:31:40.871, 2515 MHz, 51, 14.90 W, 0 %
2026/08/29 23:31:45.872, 2515 MHz, 51, 14.91 W, 0 %
2026/08/29 23:31:50.873, 2515 MHz, 51, 14.94 W, 0 %
2026/08/29 23:31:55.874, 2515 MHz, 51, 14.92 W, 0 %
2026/08/29 23:32:00.875, 2515 MHz, 51, 14.88 W, 0 %
2026/08/29 23:32:05.876, 2515 MHz, 51, 14.96 W, 0 %
2026/08/29 23:32:10.877, 2515 MHz, 51, 14.96 W, 0 %
2026/08/29 23:32:15.878, 2515 MHz, 51, 14.88 W, 0 %
2026/08/29 23:32:20.879, 2515 MHz, 51, 14.93 W, 0 %
2026/08/29 23:32:25.881, 2515 MHz, 51, 14.94 W, 0 %
2026/08/29 23:32:30.882, 2515 MHz, 51, 14.91 W, 0 %
2026/08/29 23:32:35.884, 2515 MHz, 51, 14.89 W, 0 %
2026/08/29 23:32:40.885, 2515 MHz, 51, 14.90 W, 0 %
2026/08/29 23:32:45.886, 2515 MHz, 51, 14.97 W, 0 %
2026/08/29 23:32:50.888, 2515 MHz, 51, 14.94 W, 0 %
2026/08/29 23:32:55.889, 2515 MHz, 51, 14.90 W, 0 %
2026/08/29 23:33:00.889, 2515 MHz, 51, 14.98 W, 0 %
2026/08/29 23:33:05.891, 2515 MHz, 51, 15.02 W, 0 %
2026/08/29 23:33:10.892, 2515 MHz, 51, 14.93 W, 0 %
2026/08/29 23:33:15.893, 2515 MHz, 51, 14.98 W, 0 %
2026/08/29 23:33:20.894, 2515 MHz, 51, 14.90 W, 0 %
2026/08/29 23:33:25.895, 2515 MHz, 51, 14.97 W, 0 %
2026/08/29 23:33:30.896, 2515 MHz, 51, 14.92 W, 0 %
2026/08/29 23:33:35.897, 2515 MHz, 51, 14.94 W, 0 %
2026/08/29 23:33:40.898, 2515 MHz, 51, 14.95 W, 0 %
2026/08/29 23:33:45.899, 2515 MHz, 51, 14.96 W, 0 %
2026/08/29 23:33:50.901, 2515 MHz, 51, 15.03 W, 0 %
2026/08/29 23:33:55.902, 2515 MHz, 51, 15.06 W, 0 %
2026/08/29 23:34:00.902, 2515 MHz, 51, 14.96 W, 0 %
2026/08/29 23:34:05.904, 2515 MHz, 51, 15.00 W, 0 %
2026/08/29 23:34:10.905, 2515 MHz, 51, 14.94 W, 0 %
2026/08/29 23:34:15.907, 2515 MHz, 51, 15.02 W, 0 %
2026/08/29 23:34:20.908, 2515 MHz, 51, 15.05 W, 0 %
2026/08/29 23:34:25.909, 2515 MHz, 51, 15.05 W, 0 %
2026/08/29 23:34:30.910, 2515 MHz, 51, 15.04 W, 0 %
2026/08/29 23:34:35.911, 2515 MHz, 51, 15.02 W, 0 %
2026/08/29 23:34:40.912, 2515 MHz, 51, 14.90 W, 0 %
2026/08/29 23:34:45.912, 2515 MHz, 51, 14.99 W, 0 %
2026/08/29 23:34:50.914, 2515 MHz, 51, 15.01 W, 0 %
2026/08/29 23:34:55.915, 2515 MHz, 51, 15.05 W, 0 %
2026/08/29 23:35:00.916, 2515 MHz, 51, 15.06 W, 0 %
2026/08/29 23:35:05.918, 2515 MHz, 51, 15.00 W, 0 %
2026/08/29 23:35:10.919, 2515 MHz, 51, 14.94 W, 0 %
2026/08/29 23:35:15.919, 2515 MHz, 51, 14.99 W, 0 %
2026/08/29 23:35:20.920, 2515 MHz, 51, 14.99 W, 0 %
2026/08/29 23:35:25.922, 2515 MHz, 51, 15.07 W, 0 %
2026/08/29 23:35:30.923, 2515 MHz, 51, 14.99 W, 0 %
2026/08/29 23:35:35.924, 2515 MHz, 51, 15.02 W, 0 %
2026/08/29 23:35:40.925, 2515 MHz, 51, 14.99 W, 0 %
2026/08/29 23:35:45.926, 2515 MHz, 51, 14.95 W, 0 %
2026/08/29 23:35:50.927, 2515 MHz, 51, 14.94 W, 0 %
2026/08/29 23:35:55.928, 2515 MHz, 51, 14.96 W, 0 %
2026/08/29 23:36:00.929, 2515 MHz, 51, 14.96 W, 0 %
2026/08/29 23:36:05.929, 2515 MHz, 51, 14.93 W, 0 %
2026/08/29 23:36:10.930, 2515 MHz, 51, 14.90 W, 0 %
2026/08/29 23:36:15.932, 2515 MHz, 51, 14.88 W, 0 %
2026/08/29 23:36:20.933, 2515 MHz, 51, 14.90 W, 0 %
2026/08/29 23:36:25.934, 2515 MHz, 51, 14.93 W, 0 %
2026/08/29 23:36:30.935, 2515 MHz, 51, 15.01 W, 0 %
2026/08/29 23:36:35.936, 2515 MHz, 51, 14.94 W, 0 %
2026/08/29 23:36:40.938, 2515 MHz, 51, 15.01 W, 0 %
2026/08/29 23:36:45.939, 2515 MHz, 51, 14.96 W, 0 %
2026/08/29 23:36:50.940, 2515 MHz, 51, 14.90 W, 0 %
2026/08/29 23:36:55.942, 2515 MHz, 51, 15.02 W, 0 %
2026/08/29 23:37:00.943, 2515 MHz, 51, 14.92 W, 0 %
2026/08/29 23:37:05.945, 2515 MHz, 51, 14.92 W, 0 %
2026/08/29 23:37:10.946, 2515 MHz, 51, 14.92 W, 0 %
2026/08/29 23:37:15.947, 2515 MHz, 51, 14.94 W, 0 %
2026/08/29 23:37:20.948, 2515 MHz, 51, 14.97 W, 0 %
2026/08/29 23:37:25.949, 2515 MHz, 51, 14.90 W, 0 %
2026/08/29 23:37:30.951, 2515 MHz, 51, 14.90 W, 0 %
2026/08/29 23:37:35.952, 2515 MHz, 51, 14.90 W, 0 %
2026/08/29 23:37:40.953, 2515 MHz, 51, 14.83 W, 0 %
2026/08/29 23:37:45.954, 2528 MHz, 51, 14.97 W, 0 %
2026/08/29 23:37:50.958, 2515 MHz, 51, 14.89 W, 0 %
2026/08/29 23:37:55.959, 2515 MHz, 51, 14.95 W, 0 %
2026/08/29 23:38:00.961, 2515 MHz, 51, 14.96 W, 0 %
2026/08/29 23:38:05.962, 2515 MHz, 51, 14.86 W, 0 %
2026/08/29 23:38:10.964, 2515 MHz, 51, 14.85 W, 0 %
2026/08/29 23:38:15.965, 2515 MHz, 51, 14.91 W, 0 %
2026/08/29 23:38:20.966, 2515 MHz, 51, 14.86 W, 0 %
2026/08/29 23:38:25.967, 2515 MHz, 51, 14.89 W, 0 %
2026/08/29 23:38:30.968, 2515 MHz, 51, 14.95 W, 0 %
2026/08/29 23:38:35.969, 2515 MHz, 51, 14.93 W, 0 %
2026/08/29 23:38:40.970, 2515 MHz, 51, 14.96 W, 0 %
2026/08/29 23:38:45.972, 2515 MHz, 51, 14.89 W, 0 %
2026/08/29 23:38:50.972, 2515 MHz, 51, 14.80 W, 0 %
2026/08/29 23:38:55.974, 2515 MHz, 51, 14.86 W, 0 %
2026/08/29 23:39:00.975, 2515 MHz, 51, 14.89 W, 0 %
2026/08/29 23:39:05.977, 2515 MHz, 51, 14.82 W, 0 %
2026/08/29 23:39:10.979, 2515 MHz, 51, 14.83 W, 0 %
2026/08/29 23:39:15.980, 2515 MHz, 51, 14.93 W, 0 %
2026/08/29 23:39:20.982, 2515 MHz, 51, 14.90 W, 0 %
2026/08/29 23:39:25.983, 2515 MHz, 51, 14.79 W, 0 %
2026/08/29 23:39:30.984, 2515 MHz, 51, 14.87 W, 0 %
2026/08/29 23:39:35.985, 2515 MHz, 51, 14.88 W, 0 %
2026/08/29 23:39:40.986, 2515 MHz, 51, 14.87 W, 0 %
2026/08/29 23:39:45.988, 2515 MHz, 51, 14.84 W, 0 %
2026/08/29 23:39:50.990, 2515 MHz, 51, 14.87 W, 0 %
2026/08/29 23:39:55.991, 2515 MHz, 51, 14.85 W, 0 %
2026/08/29 23:40:00.992, 2515 MHz, 51, 14.92 W, 0 %
2026/08/29 23:40:05.994, 2515 MHz, 51, 14.87 W, 0 %
2026/08/29 23:40:10.996, 2515 MHz, 51, 14.80 W, 0 %
2026/08/29 23:40:15.996, 2515 MHz, 51, 14.73 W, 0 %
2026/08/29 23:40:20.998, 2515 MHz, 51, 14.79 W, 0 %
2026/08/29 23:40:25.999, 2515 MHz, 51, 14.80 W, 0 %
2026/08/29 23:40:31.000, 2515 MHz, 51, 14.80 W, 0 %
2026/08/29 23:40:36.001, 2515 MHz, 51, 14.85 W, 0 %
2026/08/29 23:40:41.002, 2515 MHz, 51, 14.78 W, 0 %
2026/08/29 23:40:46.004, 2515 MHz, 51, 14.71 W, 0 %
2026/08/29 23:40:51.005, 2515 MHz, 51, 14.77 W, 0 %
2026/08/29 23:40:56.007, 2515 MHz, 51, 14.76 W, 0 %
2026/08/29 23:41:01.008, 2515 MHz, 51, 14.83 W, 0 %
2026/08/29 23:41:06.009, 2515 MHz, 51, 14.83 W, 0 %
2026/08/29 23:41:11.010, 2515 MHz, 51, 14.81 W, 0 %
2026/08/29 23:41:16.011, 2515 MHz, 51, 14.84 W, 0 %
2026/08/29 23:41:21.012, 2515 MHz, 51, 14.78 W, 0 %
2026/08/29 23:41:26.013, 2515 MHz, 51, 14.85 W, 0 %
2026/08/29 23:41:31.014, 2515 MHz, 51, 14.85 W, 0 %
2026/08/29 23:41:36.015, 2515 MHz, 51, 14.87 W, 0 %
2026/08/29 23:41:41.016, 2515 MHz, 51, 14.84 W, 0 %
2026/08/29 23:41:46.018, 2515 MHz, 51, 14.89 W, 0 %
2026/08/29 23:41:51.019, 2515 MHz, 51, 14.79 W, 0 %
2026/08/29 23:41:56.020, 2515 MHz, 51, 14.74 W, 0 %
2026/08/29 23:42:01.021, 2515 MHz, 51, 14.81 W, 0 %
2026/08/29 23:42:06.022, 2515 MHz, 51, 14.76 W, 0 %
2026/08/29 23:42:11.023, 2515 MHz, 51, 14.74 W, 0 %
2026/08/29 23:42:16.024, 2515 MHz, 51, 14.81 W, 0 %
2026/08/29 23:42:21.025, 2515 MHz, 51, 14.79 W, 0 %
2026/08/29 23:42:26.025, 2515 MHz, 51, 14.73 W, 0 %
2026/08/29 23:42:31.027, 2515 MHz, 51, 14.76 W, 0 %
2026/08/29 23:42:36.028, 2515 MHz, 51, 14.75 W, 0 %
2026/08/29 23:42:41.029, 2515 MHz, 51, 14.83 W, 0 %
2026/08/29 23:42:46.030, 2515 MHz, 51, 14.88 W, 0 %
2026/08/29 23:42:51.031, 2515 MHz, 51, 14.82 W, 0 %
2026/08/29 23:42:56.032, 2515 MHz, 51, 14.93 W, 0 %
2026/08/29 23:43:01.033, 2515 MHz, 51, 14.86 W, 0 %
2026/08/29 23:43:06.034, 2515 MHz, 51, 14.89 W, 0 %
2026/08/29 23:43:11.035, 2515 MHz, 51, 14.89 W, 0 %
2026/08/29 23:43:16.037, 2515 MHz, 51, 14.79 W, 0 %
2026/08/29 23:43:21.038, 2515 MHz, 51, 14.87 W, 0 %
2026/08/29 23:43:26.039, 2515 MHz, 51, 14.86 W, 0 %
2026/08/29 23:43:31.041, 2515 MHz, 51, 14.76 W, 0 %
2026/08/29 23:43:36.042, 2515 MHz, 50, 14.79 W, 0 %
2026/08/29 23:43:41.043, 2515 MHz, 50, 14.78 W, 0 %
2026/08/29 23:43:46.045, 2515 MHz, 51, 14.85 W, 0 %
2026/08/29 23:43:51.046, 2515 MHz, 51, 14.86 W, 0 %
2026/08/29 23:43:56.048, 2515 MHz, 50, 14.84 W, 0 %
2026/08/29 23:44:01.049, 2515 MHz, 50, 14.81 W, 0 %
2026/08/29 23:44:06.050, 2515 MHz, 51, 14.88 W, 0 %
2026/08/29 23:44:11.052, 2515 MHz, 51, 14.82 W, 0 %
2026/08/29 23:44:16.053, 2515 MHz, 51, 14.90 W, 0 %
2026/08/29 23:44:21.055, 2515 MHz, 51, 14.84 W, 0 %
2026/08/29 23:44:26.055, 2515 MHz, 50, 14.83 W, 0 %
2026/08/29 23:44:31.056, 2515 MHz, 50, 14.78 W, 0 %
2026/08/29 23:44:36.056, 2515 MHz, 50, 14.80 W, 0 %
2026/08/29 23:44:41.057, 2515 MHz, 50, 14.76 W, 0 %
2026/08/29 23:44:46.057, 2515 MHz, 50, 14.82 W, 0 %
2026/08/29 23:44:51.058, 2515 MHz, 50, 14.72 W, 0 %
2026/08/29 23:44:56.058, 2515 MHz, 50, 14.77 W, 0 %
2026/08/29 23:45:01.059, 2515 MHz, 50, 14.81 W, 0 %
2026/08/29 23:45:06.060, 2515 MHz, 50, 14.77 W, 0 %
2026/08/29 23:45:11.060, 2515 MHz, 50, 14.76 W, 0 %
2026/08/29 23:45:16.061, 2515 MHz, 50, 14.76 W, 0 %
2026/08/29 23:45:21.062, 2515 MHz, 50, 14.75 W, 0 %
2026/08/29 23:45:26.062, 2515 MHz, 50, 14.79 W, 0 %
2026/08/29 23:45:31.063, 2515 MHz, 50, 14.78 W, 0 %
2026/08/29 23:45:36.064, 2515 MHz, 50, 14.82 W, 0 %
2026/08/29 23:45:41.066, 2515 MHz, 50, 14.82 W, 0 %
2026/08/29 23:45:46.066, 2515 MHz, 50, 14.78 W, 0 %
2026/08/29 23:45:51.067, 2515 MHz, 50, 14.76 W, 0 %
2026/08/29 23:45:56.068, 2515 MHz, 50, 14.81 W, 0 %
2026/08/29 23:46:01.069, 2515 MHz, 50, 14.80 W, 0 %
2026/08/29 23:46:06.071, 2515 MHz, 50, 14.85 W, 0 %
2026/08/29 23:46:11.072, 2515 MHz, 50, 14.82 W, 0 %
2026/08/29 23:46:16.073, 2515 MHz, 50, 14.74 W, 0 %
2026/08/29 23:46:21.074, 2515 MHz, 50, 14.83 W, 0 %
2026/08/29 23:46:26.075, 2515 MHz, 50, 14.81 W, 0 %
2026/08/29 23:46:31.076, 2515 MHz, 50, 14.87 W, 0 %
2026/08/29 23:46:36.077, 2515 MHz, 50, 14.79 W, 0 %
2026/08/29 23:46:41.077, 2515 MHz, 50, 14.82 W, 0 %
2026/08/29 23:46:46.078, 2515 MHz, 50, 14.83 W, 0 %
2026/08/29 23:46:51.080, 2515 MHz, 50, 14.85 W, 0 %
2026/08/29 23:46:56.081, 2515 MHz, 50, 14.85 W, 0 %
2026/08/29 23:47:01.082, 2515 MHz, 50, 14.92 W, 0 %
2026/08/29 23:47:06.083, 2515 MHz, 50, 14.91 W, 0 %
2026/08/29 23:47:11.083, 2515 MHz, 50, 14.91 W, 0 %
2026/08/29 23:47:16.084, 2515 MHz, 50, 14.85 W, 0 %
2026/08/29 23:47:21.086, 2515 MHz, 50, 14.88 W, 0 %
2026/08/29 23:47:26.086, 2515 MHz, 50, 14.83 W, 0 %
2026/08/29 23:47:31.087, 2515 MHz, 50, 14.86 W, 0 %
2026/08/29 23:47:36.088, 2515 MHz, 50, 14.86 W, 0 %
2026/08/29 23:47:41.088, 2515 MHz, 50, 14.82 W, 0 %
2026/08/29 23:47:46.090, 2515 MHz, 50, 14.89 W, 0 %
2026/08/29 23:47:51.091, 2515 MHz, 50, 14.91 W, 0 %
2026/08/29 23:47:56.092, 2515 MHz, 50, 14.90 W, 0 %
2026/08/29 23:48:01.093, 2515 MHz, 50, 14.86 W, 0 %
2026/08/29 23:48:06.094, 2515 MHz, 50, 14.85 W, 0 %
2026/08/29 23:48:11.095, 2515 MHz, 50, 14.89 W, 0 %
2026/08/29 23:48:16.096, 2515 MHz, 50, 14.84 W, 0 %
2026/08/29 23:48:21.096, 2515 MHz, 50, 14.87 W, 0 %
2026/08/29 23:48:26.097, 2515 MHz, 50, 14.92 W, 0 %
2026/08/29 23:48:31.098, 2515 MHz, 50, 14.86 W, 0 %
2026/08/29 23:48:36.099, 2515 MHz, 50, 14.90 W, 0 %
2026/08/29 23:48:41.099, 2515 MHz, 50, 14.93 W, 0 %
2026/08/29 23:48:46.100, 2515 MHz, 50, 14.89 W, 0 %
2026/08/29 23:48:51.101, 2515 MHz, 50, 14.83 W, 0 %
2026/08/29 23:48:56.102, 2515 MHz, 50, 14.82 W, 0 %
2026/08/29 23:49:01.104, 2515 MHz, 50, 14.79 W, 0 %
2026/08/29 23:49:06.105, 2515 MHz, 50, 14.81 W, 0 %
2026/08/29 23:49:11.106, 2515 MHz, 50, 14.84 W, 0 %
2026/08/29 23:49:16.107, 2515 MHz, 50, 14.87 W, 0 %
2026/08/29 23:49:21.108, 2515 MHz, 50, 14.83 W, 0 %
2026/08/29 23:49:26.109, 2515 MHz, 50, 14.80 W, 0 %
2026/08/29 23:49:31.110, 2515 MHz, 50, 14.81 W, 0 %
2026/08/29 23:49:36.111, 2515 MHz, 50, 14.89 W, 0 %
2026/08/29 23:49:41.112, 2515 MHz, 50, 14.87 W, 0 %
2026/08/29 23:49:46.112, 2515 MHz, 50, 14.81 W, 0 %
2026/08/29 23:49:51.113, 2515 MHz, 50, 14.89 W, 0 %
2026/08/29 23:49:56.113, 2515 MHz, 50, 14.82 W, 0 %
2026/08/29 23:50:01.114, 2515 MHz, 50, 14.83 W, 0 %
2026/08/29 23:50:06.116, 2515 MHz, 50, 14.77 W, 0 %
2026/08/29 23:50:11.117, 2515 MHz, 50, 14.80 W, 0 %
2026/08/29 23:50:16.118, 2515 MHz, 50, 14.85 W, 0 %
2026/08/29 23:50:21.118, 2515 MHz, 50, 14.89 W, 0 %
2026/08/29 23:50:26.119, 2515 MHz, 50, 14.84 W, 0 %
2026/08/29 23:50:31.120, 2515 MHz, 50, 14.78 W, 0 %
2026/08/29 23:50:36.120, 2515 MHz, 50, 14.84 W, 0 %
2026/08/29 23:50:41.121, 2515 MHz, 50, 14.78 W, 0 %
2026/08/29 23:50:46.122, 2515 MHz, 50, 14.74 W, 0 %
2026/08/29 23:50:51.122, 2515 MHz, 50, 14.83 W, 0 %
2026/08/29 23:50:56.123, 2515 MHz, 50, 14.84 W, 0 %
2026/08/29 23:51:01.124, 2515 MHz, 50, 14.90 W, 0 %
2026/08/29 23:51:06.126, 2515 MHz, 50, 14.80 W, 0 %
2026/08/29 23:51:11.126, 2515 MHz, 50, 14.91 W, 0 %
2026/08/29 23:51:16.127, 2515 MHz, 50, 14.88 W, 0 %
2026/08/29 23:51:21.128, 2515 MHz, 50, 14.77 W, 0 %
2026/08/29 23:51:26.129, 2515 MHz, 50, 14.77 W, 0 %
2026/08/29 23:51:31.129, 2515 MHz, 50, 14.80 W, 0 %
2026/08/29 23:51:36.130, 2515 MHz, 50, 14.87 W, 0 %
2026/08/29 23:51:41.132, 2515 MHz, 50, 14.80 W, 0 %
2026/08/29 23:51:46.133, 2515 MHz, 50, 14.81 W, 0 %
2026/08/29 23:51:51.134, 2515 MHz, 50, 14.80 W, 0 %
2026/08/29 23:51:56.134, 2515 MHz, 50, 14.81 W, 0 %
2026/08/29 23:52:01.136, 2515 MHz, 50, 14.87 W, 0 %
2026/08/29 23:52:06.136, 2515 MHz, 50, 14.81 W, 0 %
2026/08/29 23:52:11.138, 2515 MHz, 50, 14.68 W, 0 %
2026/08/29 23:52:16.139, 2515 MHz, 50, 14.78 W, 0 %
2026/08/29 23:52:21.141, 2515 MHz, 50, 14.85 W, 0 %
2026/08/29 23:52:26.142, 2515 MHz, 50, 14.90 W, 0 %
2026/08/29 23:52:31.143, 2515 MHz, 50, 14.87 W, 0 %
2026/08/29 23:52:36.144, 2515 MHz, 50, 14.85 W, 0 %
2026/08/29 23:52:41.144, 2515 MHz, 50, 14.89 W, 0 %
2026/08/29 23:52:46.145, 2515 MHz, 50, 14.85 W, 0 %
2026/08/29 23:52:51.146, 2515 MHz, 50, 14.89 W, 0 %
2026/08/29 23:52:56.147, 2515 MHz, 51, 14.89 W, 0 %
2026/08/29 23:53:01.148, 2515 MHz, 51, 14.96 W, 0 %
2026/08/29 23:53:06.149, 2515 MHz, 50, 14.84 W, 0 %
2026/08/29 23:53:11.150, 2515 MHz, 51, 14.81 W, 0 %
2026/08/29 23:53:16.151, 2515 MHz, 51, 14.89 W, 0 %
2026/08/29 23:53:21.153, 2515 MHz, 51, 14.85 W, 0 %
2026/08/29 23:53:26.154, 2515 MHz, 51, 14.89 W, 0 %
2026/08/29 23:53:31.155, 2515 MHz, 51, 14.87 W, 0 %
2026/08/29 23:53:36.156, 2515 MHz, 51, 14.90 W, 0 %
2026/08/29 23:53:41.157, 2515 MHz, 51, 14.89 W, 0 %
2026/08/29 23:53:46.158, 2515 MHz, 51, 14.86 W, 0 %
2026/08/29 23:53:51.159, 2515 MHz, 51, 14.92 W, 0 %
2026/08/29 23:53:56.161, 2515 MHz, 51, 14.95 W, 0 %
2026/08/29 23:54:01.162, 2515 MHz, 51, 14.96 W, 0 %
2026/08/29 23:54:06.164, 2515 MHz, 51, 14.89 W, 0 %
2026/08/29 23:54:11.165, 2515 MHz, 51, 14.91 W, 0 %
2026/08/29 23:54:16.166, 2515 MHz, 51, 14.93 W, 0 %
2026/08/29 23:54:21.167, 2515 MHz, 51, 14.88 W, 0 %
2026/08/29 23:54:26.169, 2515 MHz, 51, 14.90 W, 0 %
2026/08/29 23:54:31.170, 2515 MHz, 51, 14.94 W, 0 %
2026/08/29 23:54:36.172, 2515 MHz, 51, 14.94 W, 0 %
2026/08/29 23:54:41.173, 2515 MHz, 51, 14.97 W, 0 %
2026/08/29 23:54:46.173, 2515 MHz, 51, 14.93 W, 0 %
2026/08/29 23:54:51.174, 2515 MHz, 51, 14.89 W, 0 %
2026/08/29 23:54:56.175, 2515 MHz, 51, 14.99 W, 0 %
2026/08/29 23:55:01.177, 2515 MHz, 51, 14.97 W, 0 %
2026/08/29 23:55:06.178, 2515 MHz, 51, 15.01 W, 0 %
2026/08/29 23:55:11.178, 2515 MHz, 51, 15.03 W, 0 %
2026/08/29 23:55:16.179, 2515 MHz, 51, 14.92 W, 0 %
2026/08/29 23:55:21.179, 2515 MHz, 51, 14.90 W, 0 %
2026/08/29 23:55:26.180, 2515 MHz, 51, 14.98 W, 0 %
2026/08/29 23:55:31.181, 2515 MHz, 51, 15.03 W, 0 %
2026/08/29 23:55:36.183, 2515 MHz, 51, 15.03 W, 0 %
2026/08/29 23:55:41.184, 2515 MHz, 51, 14.95 W, 0 %
2026/08/29 23:55:46.185, 2515 MHz, 51, 14.94 W, 0 %
2026/08/29 23:55:51.187, 2515 MHz, 51, 14.95 W, 0 %
2026/08/29 23:55:56.188, 2515 MHz, 51, 14.95 W, 0 %
2026/08/29 23:56:01.189, 2515 MHz, 51, 14.98 W, 0 %
2026/08/29 23:56:06.190, 2515 MHz, 51, 14.98 W, 0 %
2026/08/29 23:56:11.191, 2515 MHz, 51, 14.92 W, 0 %
2026/08/29 23:56:16.192, 2515 MHz, 51, 14.86 W, 0 %
2026/08/29 23:56:21.193, 2515 MHz, 51, 14.87 W, 0 %
2026/08/29 23:56:26.194, 2515 MHz, 51, 14.88 W, 0 %
2026/08/29 23:56:31.194, 2515 MHz, 51, 14.86 W, 0 %
2026/08/29 23:56:36.195, 2515 MHz, 51, 14.90 W, 0 %
2026/08/29 23:56:41.197, 2515 MHz, 51, 14.93 W, 0 %
2026/08/29 23:56:46.197, 2515 MHz, 51, 14.89 W, 0 %
2026/08/29 23:56:51.198, 2515 MHz, 51, 14.93 W, 0 %
2026/08/29 23:56:56.199, 2515 MHz, 51, 14.88 W, 0 %
2026/08/29 23:57:01.201, 2515 MHz, 51, 14.90 W, 0 %
2026/08/29 23:57:06.202, 2515 MHz, 51, 14.88 W, 0 %
2026/08/29 23:57:11.203, 2515 MHz, 51, 14.89 W, 0 %
2026/08/29 23:57:16.204, 2515 MHz, 51, 14.96 W, 0 %
2026/08/29 23:57:21.205, 2515 MHz, 51, 14.96 W, 0 %
2026/08/29 23:57:26.206, 2515 MHz, 51, 14.93 W, 0 %
2026/08/29 23:57:31.208, 2515 MHz, 51, 14.93 W, 0 %
2026/08/29 23:57:36.209, 2515 MHz, 51, 15.01 W, 0 %
2026/08/29 23:57:41.210, 2515 MHz, 51, 14.94 W, 0 %
2026/08/29 23:57:46.211, 2515 MHz, 51, 14.93 W, 0 %
2026/08/29 23:57:51.212, 2515 MHz, 51, 14.96 W, 0 %
2026/08/29 23:57:56.213, 2515 MHz, 51, 14.90 W, 0 %
2026/08/29 23:58:01.214, 2515 MHz, 51, 14.87 W, 0 %
2026/08/29 23:58:06.214, 2515 MHz, 51, 14.92 W, 0 %
2026/08/29 23:58:11.215, 2515 MHz, 51, 14.87 W, 0 %
2026/08/29 23:58:16.217, 2515 MHz, 51, 14.85 W, 0 %
2026/08/29 23:58:21.218, 2515 MHz, 51, 14.76 W, 0 %
2026/08/29 23:58:26.219, 2515 MHz, 51, 14.86 W, 0 %
2026/08/29 23:58:31.220, 2515 MHz, 51, 14.87 W, 0 %
2026/08/29 23:58:36.221, 2515 MHz, 51, 14.82 W, 0 %
2026/08/29 23:58:41.222, 2515 MHz, 51, 14.88 W, 0 %
2026/08/29 23:58:46.222, 2515 MHz, 51, 14.91 W, 0 %
2026/08/29 23:58:51.223, 2515 MHz, 51, 14.78 W, 0 %
2026/08/29 23:58:56.224, 2515 MHz, 51, 14.98 W, 0 %
2026/08/29 23:59:01.225, 2515 MHz, 51, 14.83 W, 0 %
2026/08/29 23:59:06.227, 2515 MHz, 51, 14.92 W, 0 %
2026/08/29 23:59:11.228, 2515 MHz, 51, 14.95 W, 0 %
2026/08/29 23:59:16.229, 2515 MHz, 51, 14.90 W, 0 %
2026/08/29 23:59:21.229, 2515 MHz, 51, 14.87 W, 0 %
2026/08/29 23:59:26.231, 2515 MHz, 51, 14.82 W, 0 %
2026/08/29 23:59:31.232, 2515 MHz, 51, 14.86 W, 0 %
2026/08/29 23:59:36.233, 2515 MHz, 51, 14.88 W, 0 %
2026/08/29 23:59:41.234, 2515 MHz, 51, 14.75 W, 0 %
2026/08/29 23:59:46.235, 2515 MHz, 51, 14.76 W, 0 %
2026/08/29 23:59:51.236, 2515 MHz, 51, 14.87 W, 0 %
2026/08/29 23:59:56.236, 2515 MHz, 51, 14.90 W, 0 %
2026/08/30 00:00:01.238, 2515 MHz, 51, 14.93 W, 0 %
2026/08/30 00:00:06.239, 2515 MHz, 51, 14.98 W, 0 %
2026/08/30 00:00:11.240, 2515 MHz, 51, 14.84 W, 0 %
2026/08/30 00:00:16.241, 2515 MHz, 51, 14.79 W, 0 %
2026/08/30 00:00:21.242, 2515 MHz, 51, 14.84 W, 0 %
2026/08/30 00:00:26.244, 2515 MHz, 51, 14.78 W, 0 %
2026/08/30 00:00:31.244, 2515 MHz, 51, 14.84 W, 0 %
2026/08/30 00:00:36.245, 2515 MHz, 51, 14.84 W, 0 %
2026/08/30 00:00:41.246, 2515 MHz, 51, 14.94 W, 0 %
2026/08/30 00:00:46.247, 2515 MHz, 51, 14.90 W, 0 %
2026/08/30 00:00:51.247, 2515 MHz, 51, 14.80 W, 0 %
2026/08/30 00:00:56.248, 2515 MHz, 51, 14.87 W, 0 %
2026/08/30 00:01:01.249, 2515 MHz, 51, 14.86 W, 0 %
2026/08/30 00:01:06.250, 2515 MHz, 51, 14.87 W, 0 %
2026/08/30 00:01:11.251, 2515 MHz, 51, 14.81 W, 0 %
2026/08/30 00:01:16.251, 2515 MHz, 51, 14.82 W, 0 %
2026/08/30 00:01:21.253, 2515 MHz, 51, 14.86 W, 0 %
2026/08/30 00:01:26.255, 2515 MHz, 51, 14.93 W, 0 %
2026/08/30 00:01:31.257, 2515 MHz, 51, 14.95 W, 0 %
2026/08/30 00:01:36.258, 2515 MHz, 51, 14.88 W, 0 %
2026/08/30 00:01:41.259, 2515 MHz, 51, 14.80 W, 0 %
2026/08/30 00:01:46.260, 2515 MHz, 51, 14.87 W, 0 %
2026/08/30 00:01:51.261, 2515 MHz, 51, 14.82 W, 0 %
2026/08/30 00:01:56.263, 2515 MHz, 51, 14.86 W, 0 %
2026/08/30 00:02:01.263, 2515 MHz, 51, 14.85 W, 0 %
2026/08/30 00:02:06.264, 2515 MHz, 51, 14.89 W, 0 %
2026/08/30 00:02:11.265, 2515 MHz, 51, 14.85 W, 0 %
2026/08/30 00:02:16.266, 2515 MHz, 51, 14.81 W, 0 %
2026/08/30 00:02:21.268, 2515 MHz, 51, 14.82 W, 0 %
2026/08/30 00:02:26.269, 2515 MHz, 51, 14.80 W, 0 %
2026/08/30 00:02:31.271, 2515 MHz, 51, 14.85 W, 0 %
2026/08/30 00:02:36.271, 2515 MHz, 51, 14.87 W, 0 %
2026/08/30 00:02:41.273, 2515 MHz, 51, 14.76 W, 0 %
2026/08/30 00:02:46.274, 2515 MHz, 51, 14.82 W, 0 %
2026/08/30 00:02:51.275, 2515 MHz, 51, 14.84 W, 0 %
2026/08/30 00:02:56.276, 2515 MHz, 51, 14.81 W, 0 %
2026/08/30 00:03:01.276, 2515 MHz, 51, 14.84 W, 0 %
2026/08/30 00:03:06.278, 2515 MHz, 51, 14.79 W, 0 %
2026/08/30 00:03:11.279, 2515 MHz, 51, 14.78 W, 0 %
2026/08/30 00:03:16.280, 2515 MHz, 51, 14.78 W, 0 %
2026/08/30 00:03:21.282, 2515 MHz, 51, 14.80 W, 0 %
2026/08/30 00:03:26.283, 2515 MHz, 51, 14.83 W, 0 %
2026/08/30 00:03:31.285, 2515 MHz, 51, 14.79 W, 0 %
2026/08/30 00:03:36.286, 2515 MHz, 51, 14.82 W, 0 %
2026/08/30 00:03:41.287, 2515 MHz, 51, 14.75 W, 0 %
2026/08/30 00:03:46.288, 2515 MHz, 51, 14.80 W, 0 %
2026/08/30 00:03:51.289, 2515 MHz, 51, 14.81 W, 0 %
2026/08/30 00:03:56.290, 2515 MHz, 51, 14.76 W, 0 %
2026/08/30 00:04:01.292, 2515 MHz, 51, 14.79 W, 0 %
2026/08/30 00:04:06.293, 2515 MHz, 51, 14.81 W, 0 %
2026/08/30 00:04:11.294, 2515 MHz, 51, 14.72 W, 0 %
2026/08/30 00:04:16.295, 2515 MHz, 51, 14.85 W, 0 %
2026/08/30 00:04:21.297, 2515 MHz, 51, 14.79 W, 0 %
2026/08/30 00:04:26.298, 2515 MHz, 51, 14.79 W, 0 %
2026/08/30 00:04:31.299, 2515 MHz, 51, 14.86 W, 0 %
2026/08/30 00:04:36.301, 2515 MHz, 51, 14.90 W, 0 %
2026/08/30 00:04:41.302, 2515 MHz, 51, 14.88 W, 0 %
2026/08/30 00:04:46.303, 2515 MHz, 51, 14.88 W, 0 %
2026/08/30 00:04:51.305, 2515 MHz, 51, 14.91 W, 0 %
2026/08/30 00:04:56.306, 2515 MHz, 51, 14.84 W, 0 %
2026/08/30 00:05:01.307, 2515 MHz, 51, 14.92 W, 0 %
2026/08/30 00:05:06.308, 2515 MHz, 51, 14.90 W, 0 %
2026/08/30 00:05:11.309, 2515 MHz, 51, 14.88 W, 0 %
2026/08/30 00:05:16.310, 2515 MHz, 51, 14.81 W, 0 %
2026/08/30 00:05:21.311, 2515 MHz, 51, 14.86 W, 0 %
2026/08/30 00:05:26.312, 2515 MHz, 51, 14.88 W, 0 %
2026/08/30 00:05:31.313, 2515 MHz, 51, 14.90 W, 0 %
2026/08/30 00:05:36.314, 2515 MHz, 51, 14.86 W, 0 %
2026/08/30 00:05:41.316, 2515 MHz, 51, 14.87 W, 0 %
2026/08/30 00:05:46.317, 2515 MHz, 51, 14.89 W, 0 %
2026/08/30 00:05:51.317, 2515 MHz, 51, 14.85 W, 0 %
2026/08/30 00:05:56.319, 2515 MHz, 51, 14.82 W, 0 %
2026/08/30 00:06:01.320, 2515 MHz, 51, 14.86 W, 0 %
2026/08/30 00:06:06.321, 2515 MHz, 51, 14.78 W, 0 %
2026/08/30 00:06:11.322, 2515 MHz, 51, 14.83 W, 0 %
2026/08/30 00:06:16.323, 2515 MHz, 51, 14.82 W, 0 %
2026/08/30 00:06:21.325, 2515 MHz, 51, 14.79 W, 0 %
2026/08/30 00:06:26.326, 2515 MHz, 51, 14.88 W, 0 %
2026/08/30 00:06:31.327, 2515 MHz, 51, 14.94 W, 0 %
2026/08/30 00:06:36.328, 2515 MHz, 51, 14.91 W, 0 %
2026/08/30 00:06:41.328, 2515 MHz, 51, 14.83 W, 0 %
2026/08/30 00:06:46.329, 2515 MHz, 51, 14.84 W, 0 %
2026/08/30 00:06:51.331, 2515 MHz, 51, 14.87 W, 0 %
2026/08/30 00:06:56.333, 2515 MHz, 51, 14.82 W, 0 %
2026/08/30 00:07:01.333, 2515 MHz, 51, 14.80 W, 0 %
2026/08/30 00:07:06.335, 2515 MHz, 51, 14.89 W, 0 %
2026/08/30 00:07:11.336, 2515 MHz, 51, 14.86 W, 0 %
2026/08/30 00:07:16.337, 2515 MHz, 51, 14.83 W, 0 %
2026/08/30 00:07:21.338, 2515 MHz, 51, 14.81 W, 0 %
2026/08/30 00:07:26.339, 2515 MHz, 51, 14.80 W, 0 %
2026/08/30 00:07:31.340, 2515 MHz, 50, 14.87 W, 0 %
2026/08/30 00:07:36.341, 2515 MHz, 51, 14.84 W, 0 %
2026/08/30 00:07:41.342, 2515 MHz, 51, 14.87 W, 0 %
2026/08/30 00:07:46.343, 2515 MHz, 51, 14.84 W, 0 %
2026/08/30 00:07:51.344, 2515 MHz, 50, 14.78 W, 0 %
2026/08/30 00:07:56.345, 2515 MHz, 51, 14.84 W, 0 %
2026/08/30 00:08:01.347, 2515 MHz, 51, 14.86 W, 0 %
2026/08/30 00:08:06.348, 2515 MHz, 51, 14.93 W, 0 %
2026/08/30 00:08:11.350, 2515 MHz, 51, 14.86 W, 0 %
2026/08/30 00:08:16.350, 2515 MHz, 51, 14.91 W, 0 %
2026/08/30 00:08:21.352, 2515 MHz, 51, 14.91 W, 0 %
2026/08/30 00:08:26.353, 2515 MHz, 50, 14.92 W, 0 %
2026/08/30 00:08:31.355, 2515 MHz, 51, 14.91 W, 0 %
2026/08/30 00:08:36.356, 2515 MHz, 51, 14.86 W, 0 %
2026/08/30 00:08:41.357, 2515 MHz, 50, 14.87 W, 0 %
2026/08/30 00:08:46.357, 2515 MHz, 50, 14.77 W, 0 %
2026/08/30 00:08:51.358, 2515 MHz, 50, 14.85 W, 0 %
2026/08/30 00:08:56.359, 2515 MHz, 50, 14.92 W, 0 %
2026/08/30 00:09:01.360, 2515 MHz, 50, 14.92 W, 0 %
2026/08/30 00:09:06.362, 2515 MHz, 50, 14.79 W, 0 %
2026/08/30 00:09:11.363, 2515 MHz, 50, 14.81 W, 0 %
2026/08/30 00:09:16.363, 2515 MHz, 50, 14.84 W, 0 %
2026/08/30 00:09:21.365, 2515 MHz, 50, 14.76 W, 0 %
2026/08/30 00:09:26.366, 2515 MHz, 50, 14.81 W, 0 %
2026/08/30 00:09:31.367, 2515 MHz, 50, 14.85 W, 0 %
2026/08/30 00:09:36.368, 2515 MHz, 50, 14.85 W, 0 %
2026/08/30 00:09:41.370, 2515 MHz, 50, 14.86 W, 0 %
2026/08/30 00:09:46.371, 2515 MHz, 50, 14.86 W, 0 %
2026/08/30 00:09:51.372, 2515 MHz, 50, 14.78 W, 0 %
2026/08/30 00:09:56.373, 2515 MHz, 50, 14.88 W, 0 %
2026/08/30 00:10:01.375, 2515 MHz, 50, 14.85 W, 0 %
2026/08/30 00:10:06.376, 2515 MHz, 50, 14.86 W, 0 %
2026/08/30 00:10:11.377, 2515 MHz, 50, 14.86 W, 0 %
2026/08/30 00:10:16.379, 2515 MHz, 50, 14.88 W, 0 %
2026/08/30 00:10:21.380, 2515 MHz, 50, 14.86 W, 0 %
2026/08/30 00:10:26.381, 2515 MHz, 50, 14.82 W, 0 %
2026/08/30 00:10:31.383, 2515 MHz, 50, 14.91 W, 0 %
2026/08/30 00:10:36.384, 2515 MHz, 50, 14.91 W, 0 %
2026/08/30 00:10:41.385, 2515 MHz, 50, 14.78 W, 0 %
2026/08/30 00:10:46.386, 2515 MHz, 50, 14.85 W, 0 %
2026/08/30 00:10:51.387, 2515 MHz, 50, 14.87 W, 0 %
2026/08/30 00:10:56.389, 2515 MHz, 50, 14.81 W, 0 %
2026/08/30 00:11:01.390, 2515 MHz, 50, 14.83 W, 0 %
2026/08/30 00:11:06.392, 2515 MHz, 50, 14.81 W, 0 %
2026/08/30 00:11:11.393, 2515 MHz, 50, 14.86 W, 0 %
2026/08/30 00:11:16.394, 2515 MHz, 50, 14.80 W, 0 %
2026/08/30 00:11:21.395, 2515 MHz, 50, 14.79 W, 0 %
2026/08/30 00:11:26.396, 2515 MHz, 50, 14.73 W, 0 %
2026/08/30 00:11:31.397, 2515 MHz, 50, 14.87 W, 0 %
2026/08/30 00:11:36.398, 2515 MHz, 50, 14.98 W, 0 %
2026/08/30 00:11:41.399, 2515 MHz, 50, 14.91 W, 0 %
2026/08/30 00:11:46.401, 2515 MHz, 50, 14.89 W, 0 %
2026/08/30 00:11:51.402, 2515 MHz, 50, 14.87 W, 0 %
2026/08/30 00:11:56.403, 2515 MHz, 50, 14.78 W, 0 %
2026/08/30 00:12:01.403, 2515 MHz, 50, 14.76 W, 0 %
2026/08/30 00:12:06.404, 2515 MHz, 50, 14.84 W, 0 %
2026/08/30 00:12:11.405, 2515 MHz, 50, 14.85 W, 0 %
2026/08/30 00:12:16.407, 2515 MHz, 50, 14.81 W, 0 %
2026/08/30 00:12:21.408, 2515 MHz, 50, 14.81 W, 0 %
2026/08/30 00:12:26.410, 2515 MHz, 50, 14.77 W, 0 %
2026/08/30 00:12:31.411, 2515 MHz, 50, 14.80 W, 0 %
2026/08/30 00:12:36.412, 2515 MHz, 50, 14.80 W, 0 %
2026/08/30 00:12:41.413, 2515 MHz, 50, 14.79 W, 0 %
2026/08/30 00:12:46.414, 2515 MHz, 50, 14.80 W, 0 %
2026/08/30 00:12:51.416, 2515 MHz, 50, 14.82 W, 0 %
2026/08/30 00:12:56.417, 2515 MHz, 50, 14.80 W, 0 %
2026/08/30 00:13:01.418, 2515 MHz, 50, 14.85 W, 0 %
2026/08/30 00:13:06.420, 2515 MHz, 50, 14.82 W, 0 %
2026/08/30 00:13:11.421, 2515 MHz, 50, 14.84 W, 0 %
2026/08/30 00:13:16.422, 2515 MHz, 50, 14.81 W, 0 %
2026/08/30 00:13:21.423, 2515 MHz, 50, 14.70 W, 0 %
2026/08/30 00:13:26.424, 2515 MHz, 50, 14.78 W, 0 %
2026/08/30 00:13:31.425, 2515 MHz, 50, 14.84 W, 0 %
2026/08/30 00:13:36.426, 2515 MHz, 50, 14.84 W, 0 %
2026/08/30 00:13:41.427, 2515 MHz, 50, 14.83 W, 0 %
2026/08/30 00:13:46.428, 2515 MHz, 50, 14.82 W, 0 %
2026/08/30 00:13:51.429, 2515 MHz, 50, 14.84 W, 0 %
2026/08/30 00:13:56.430, 2515 MHz, 50, 14.84 W, 0 %
2026/08/30 00:14:01.431, 2515 MHz, 50, 14.82 W, 0 %
2026/08/30 00:14:06.432, 2515 MHz, 50, 14.75 W, 0 %
2026/08/30 00:14:11.433, 2515 MHz, 50, 14.78 W, 0 %
2026/08/30 00:14:16.434, 2515 MHz, 50, 14.73 W, 0 %
2026/08/30 00:14:21.435, 2515 MHz, 50, 14.81 W, 0 %
2026/08/30 00:14:26.436, 2515 MHz, 50, 14.85 W, 0 %
2026/08/30 00:14:31.438, 2515 MHz, 50, 14.87 W, 0 %
2026/08/30 00:14:36.439, 2515 MHz, 50, 14.78 W, 0 %
2026/08/30 00:14:41.439, 2515 MHz, 50, 14.79 W, 0 %
2026/08/30 00:14:46.440, 2515 MHz, 50, 14.83 W, 0 %
2026/08/30 00:14:51.441, 2515 MHz, 50, 14.89 W, 0 %
2026/08/30 00:14:56.443, 2515 MHz, 50, 14.84 W, 0 %
2026/08/30 00:15:01.444, 2515 MHz, 50, 14.95 W, 0 %
2026/08/30 00:15:06.445, 2515 MHz, 50, 14.90 W, 0 %
2026/08/30 00:15:11.445, 2515 MHz, 50, 14.96 W, 0 %
2026/08/30 00:15:16.446, 2515 MHz, 50, 14.85 W, 0 %
2026/08/30 00:15:21.446, 2515 MHz, 50, 14.81 W, 0 %
2026/08/30 00:15:26.448, 2515 MHz, 50, 14.81 W, 0 %
2026/08/30 00:15:31.448, 2515 MHz, 50, 14.82 W, 0 %
2026/08/30 00:15:36.449, 2515 MHz, 50, 14.88 W, 0 %
2026/08/30 00:15:41.450, 2515 MHz, 50, 14.92 W, 0 %
2026/08/30 00:15:46.451, 2515 MHz, 50, 14.83 W, 0 %
2026/08/30 00:15:51.453, 2515 MHz, 50, 14.90 W, 0 %
2026/08/30 00:15:56.454, 2515 MHz, 50, 14.92 W, 0 %
2026/08/30 00:16:01.455, 2515 MHz, 50, 14.88 W, 0 %
2026/08/30 00:16:06.457, 2515 MHz, 50, 14.94 W, 0 %
2026/08/30 00:16:11.458, 2515 MHz, 50, 14.86 W, 0 %
2026/08/30 00:16:16.459, 2515 MHz, 50, 14.90 W, 0 %
2026/08/30 00:16:21.460, 2515 MHz, 50, 14.88 W, 0 %
2026/08/30 00:16:26.460, 2515 MHz, 50, 14.79 W, 0 %
2026/08/30 00:16:31.462, 2515 MHz, 50, 14.76 W, 0 %
2026/08/30 00:16:36.463, 2515 MHz, 50, 14.92 W, 0 %
2026/08/30 00:16:41.465, 2515 MHz, 50, 14.82 W, 0 %
2026/08/30 00:16:46.467, 2515 MHz, 50, 14.82 W, 0 %
2026/08/30 00:16:51.468, 2515 MHz, 50, 14.80 W, 0 %
2026/08/30 00:16:56.469, 2515 MHz, 50, 14.82 W, 0 %
2026/08/30 00:17:01.470, 2515 MHz, 50, 14.83 W, 0 %
2026/08/30 00:17:06.471, 2515 MHz, 50, 14.74 W, 0 %
2026/08/30 00:17:11.472, 2515 MHz, 50, 14.86 W, 0 %
2026/08/30 00:17:16.474, 2515 MHz, 50, 14.71 W, 0 %
2026/08/30 00:17:21.475, 2515 MHz, 50, 14.69 W, 0 %
2026/08/30 00:17:26.477, 2515 MHz, 50, 14.81 W, 0 %
2026/08/30 00:17:31.478, 2515 MHz, 50, 14.85 W, 0 %
2026/08/30 00:17:36.480, 2515 MHz, 50, 14.89 W, 0 %
2026/08/30 00:17:41.482, 2515 MHz, 50, 14.75 W, 0 %
2026/08/30 00:17:46.483, 2515 MHz, 50, 14.85 W, 0 %
2026/08/30 00:17:51.484, 2515 MHz, 50, 14.85 W, 0 %
2026/08/30 00:17:56.485, 2515 MHz, 50, 14.86 W, 0 %
2026/08/30 00:18:01.487, 2515 MHz, 50, 14.80 W, 0 %
2026/08/30 00:18:06.488, 2515 MHz, 50, 14.82 W, 0 %
2026/08/30 00:18:11.489, 2515 MHz, 50, 14.79 W, 0 %
2026/08/30 00:18:16.491, 2515 MHz, 50, 14.77 W, 0 %
2026/08/30 00:18:21.492, 2515 MHz, 50, 14.87 W, 0 %
2026/08/30 00:18:26.493, 2515 MHz, 50, 14.73 W, 0 %
2026/08/30 00:18:31.495, 2515 MHz, 50, 14.75 W, 0 %
2026/08/30 00:18:36.496, 2515 MHz, 50, 14.79 W, 0 %
2026/08/30 00:18:41.498, 2515 MHz, 50, 14.81 W, 0 %
2026/08/30 00:18:46.499, 2515 MHz, 50, 14.82 W, 0 %
2026/08/30 00:18:51.500, 2515 MHz, 50, 14.85 W, 0 %
2026/08/30 00:18:56.501, 2515 MHz, 50, 14.85 W, 0 %
2026/08/30 00:19:01.501, 2515 MHz, 50, 14.81 W, 0 %
2026/08/30 00:19:06.502, 2515 MHz, 50, 14.89 W, 0 %
2026/08/30 00:19:11.504, 2515 MHz, 50, 14.94 W, 0 %
2026/08/30 00:19:16.505, 2515 MHz, 50, 14.92 W, 0 %
2026/08/30 00:19:21.507, 2515 MHz, 50, 14.94 W, 0 %
2026/08/30 00:19:26.508, 2515 MHz, 50, 14.85 W, 0 %
2026/08/30 00:19:31.508, 2515 MHz, 50, 14.99 W, 0 %
2026/08/30 00:19:36.510, 2515 MHz, 50, 14.95 W, 0 %
2026/08/30 00:19:41.511, 2515 MHz, 50, 14.83 W, 0 %
2026/08/30 00:19:46.512, 2515 MHz, 50, 14.84 W, 0 %
2026/08/30 00:19:51.514, 2515 MHz, 50, 14.93 W, 0 %
2026/08/30 00:19:56.515, 2515 MHz, 50, 14.87 W, 0 %
2026/08/30 00:20:01.516, 2515 MHz, 50, 14.89 W, 0 %
2026/08/30 00:20:06.517, 2515 MHz, 50, 14.92 W, 0 %
2026/08/30 00:20:11.519, 2515 MHz, 50, 14.91 W, 0 %
2026/08/30 00:20:16.520, 2515 MHz, 50, 14.81 W, 0 %
2026/08/30 00:20:21.521, 2515 MHz, 50, 14.87 W, 0 %
2026/08/30 00:20:26.523, 2515 MHz, 50, 14.88 W, 0 %
2026/08/30 00:20:31.524, 2515 MHz, 51, 14.82 W, 0 %
2026/08/30 00:20:36.525, 2515 MHz, 51, 14.80 W, 0 %
2026/08/30 00:20:41.527, 2515 MHz, 51, 14.80 W, 0 %
2026/08/30 00:20:46.528, 2515 MHz, 51, 14.90 W, 0 %
2026/08/30 00:20:51.530, 2515 MHz, 51, 14.88 W, 0 %
2026/08/30 00:20:56.531, 2515 MHz, 51, 14.81 W, 0 %
2026/08/30 00:21:01.532, 2515 MHz, 51, 14.95 W, 0 %
2026/08/30 00:21:06.534, 2515 MHz, 51, 14.90 W, 0 %
2026/08/30 00:21:11.535, 2515 MHz, 51, 14.95 W, 0 %
2026/08/30 00:21:16.537, 2515 MHz, 51, 14.93 W, 0 %
2026/08/30 00:21:21.539, 2515 MHz, 51, 14.94 W, 0 %
2026/08/30 00:21:26.540, 2515 MHz, 51, 14.92 W, 0 %
2026/08/30 00:21:31.541, 2515 MHz, 51, 14.93 W, 0 %
2026/08/30 00:21:36.542, 2515 MHz, 51, 14.89 W, 0 %
2026/08/30 00:21:41.543, 2515 MHz, 51, 14.84 W, 0 %
2026/08/30 00:21:46.544, 2515 MHz, 51, 14.82 W, 0 %
2026/08/30 00:21:51.546, 2515 MHz, 51, 14.84 W, 0 %
2026/08/30 00:21:56.547, 2515 MHz, 51, 14.78 W, 0 %
2026/08/30 00:22:01.549, 2515 MHz, 51, 14.81 W, 0 %
2026/08/30 00:22:06.550, 2515 MHz, 51, 14.91 W, 0 %
2026/08/30 00:22:11.551, 2515 MHz, 51, 14.88 W, 0 %
2026/08/30 00:22:16.552, 2515 MHz, 51, 14.80 W, 0 %
2026/08/30 00:22:21.554, 2515 MHz, 51, 14.82 W, 0 %
2026/08/30 00:22:26.555, 2515 MHz, 51, 14.91 W, 0 %
2026/08/30 00:22:31.556, 2515 MHz, 51, 14.97 W, 0 %
2026/08/30 00:22:36.557, 2515 MHz, 51, 14.96 W, 0 %
2026/08/30 00:22:41.558, 2515 MHz, 51, 14.96 W, 0 %
2026/08/30 00:22:46.560, 2515 MHz, 51, 14.97 W, 0 %
2026/08/30 00:22:51.561, 2515 MHz, 51, 14.91 W, 0 %
2026/08/30 00:22:56.562, 2515 MHz, 51, 14.88 W, 0 %
2026/08/30 00:23:01.564, 2515 MHz, 51, 14.90 W, 0 %
2026/08/30 00:23:06.565, 2515 MHz, 51, 14.89 W, 0 %
2026/08/30 00:23:11.566, 2515 MHz, 51, 14.88 W, 0 %
2026/08/30 00:23:16.567, 2515 MHz, 51, 14.95 W, 0 %
2026/08/30 00:23:21.568, 2515 MHz, 51, 15.04 W, 0 %
2026/08/30 00:23:26.570, 2515 MHz, 51, 14.96 W, 0 %
2026/08/30 00:23:31.571, 2515 MHz, 51, 14.90 W, 0 %
2026/08/30 00:23:36.572, 2515 MHz, 51, 14.92 W, 0 %
2026/08/30 00:23:41.574, 2515 MHz, 51, 14.94 W, 0 %
2026/08/30 00:23:46.575, 2515 MHz, 51, 14.98 W, 0 %
2026/08/30 00:23:51.576, 2515 MHz, 51, 14.96 W, 0 %
2026/08/30 00:23:56.578, 2515 MHz, 51, 14.99 W, 0 %
2026/08/30 00:24:01.579, 2515 MHz, 51, 14.93 W, 0 %
2026/08/30 00:24:06.580, 2515 MHz, 51, 14.96 W, 0 %
2026/08/30 00:24:11.581, 2515 MHz, 51, 14.91 W, 0 %
2026/08/30 00:24:16.581, 2515 MHz, 51, 15.01 W, 0 %
2026/08/30 00:24:21.582, 2515 MHz, 51, 14.97 W, 0 %
2026/08/30 00:24:26.584, 2515 MHz, 51, 15.05 W, 0 %
2026/08/30 00:24:31.585, 2515 MHz, 51, 15.01 W, 0 %
2026/08/30 00:24:36.587, 2515 MHz, 51, 14.98 W, 0 %
2026/08/30 00:24:41.588, 2515 MHz, 51, 15.02 W, 0 %
2026/08/30 00:24:46.589, 2515 MHz, 51, 15.02 W, 0 %
2026/08/30 00:24:51.590, 2515 MHz, 51, 14.99 W, 0 %
2026/08/30 00:24:56.592, 2515 MHz, 51, 14.98 W, 0 %
2026/08/30 00:25:01.593, 2515 MHz, 51, 14.94 W, 0 %
2026/08/30 00:25:06.594, 2515 MHz, 51, 14.96 W, 0 %
2026/08/30 00:25:11.594, 2515 MHz, 51, 15.02 W, 0 %
2026/08/30 00:25:16.596, 2515 MHz, 51, 15.02 W, 0 %
2026/08/30 00:25:21.597, 2515 MHz, 51, 14.89 W, 0 %
2026/08/30 00:25:26.597, 2515 MHz, 51, 15.00 W, 0 %
2026/08/30 00:25:31.598, 2515 MHz, 51, 15.00 W, 0 %
2026/08/30 00:25:36.599, 2515 MHz, 51, 14.94 W, 0 %
2026/08/30 00:25:41.600, 2515 MHz, 51, 15.02 W, 0 %
2026/08/30 00:25:46.601, 2515 MHz, 51, 15.00 W, 0 %
2026/08/30 00:25:51.602, 2515 MHz, 51, 14.98 W, 0 %
2026/08/30 00:25:56.603, 2515 MHz, 51, 14.96 W, 0 %
2026/08/30 00:26:01.605, 2515 MHz, 51, 14.92 W, 0 %
2026/08/30 00:26:06.606, 2515 MHz, 51, 14.95 W, 0 %
2026/08/30 00:26:11.606, 2515 MHz, 51, 15.00 W, 0 %
2026/08/30 00:26:16.608, 2515 MHz, 51, 15.01 W, 0 %
2026/08/30 00:26:21.609, 2515 MHz, 51, 14.95 W, 0 %
2026/08/30 00:26:26.610, 2515 MHz, 51, 14.95 W, 0 %
2026/08/30 00:26:31.611, 2515 MHz, 51, 14.97 W, 0 %
2026/08/30 00:26:36.613, 2515 MHz, 51, 14.94 W, 0 %
2026/08/30 00:26:41.614, 2515 MHz, 51, 15.02 W, 0 %
2026/08/30 00:26:46.615, 2515 MHz, 51, 14.91 W, 0 %
2026/08/30 00:26:51.616, 2515 MHz, 51, 14.93 W, 0 %
2026/08/30 00:26:56.617, 2515 MHz, 51, 15.02 W, 0 %
2026/08/30 00:27:01.619, 2515 MHz, 51, 14.93 W, 0 %
2026/08/30 00:27:06.620, 2515 MHz, 51, 14.94 W, 0 %
2026/08/30 00:27:11.621, 2515 MHz, 51, 14.99 W, 0 %
2026/08/30 00:27:16.623, 2515 MHz, 51, 15.06 W, 0 %
2026/08/30 00:27:21.624, 2515 MHz, 51, 15.01 W, 0 %
2026/08/30 00:27:26.625, 2515 MHz, 51, 14.98 W, 0 %
2026/08/30 00:27:31.626, 2515 MHz, 51, 14.98 W, 0 %
2026/08/30 00:27:36.626, 2515 MHz, 51, 15.01 W, 0 %
2026/08/30 00:27:41.628, 2515 MHz, 51, 15.01 W, 0 %
2026/08/30 00:27:46.628, 2515 MHz, 51, 15.04 W, 0 %
2026/08/30 00:27:51.630, 2515 MHz, 51, 14.91 W, 0 %
2026/08/30 00:27:56.631, 2515 MHz, 51, 15.00 W, 0 %
2026/08/30 00:28:01.632, 2515 MHz, 51, 15.11 W, 0 %
2026/08/30 00:28:06.634, 2515 MHz, 51, 15.02 W, 0 %
2026/08/30 00:28:11.635, 2515 MHz, 51, 15.03 W, 0 %
2026/08/30 00:28:16.636, 2515 MHz, 51, 14.98 W, 0 %
2026/08/30 00:28:21.637, 2515 MHz, 51, 15.01 W, 0 %
2026/08/30 00:28:26.638, 2515 MHz, 51, 14.99 W, 0 %
2026/08/30 00:28:31.639, 2515 MHz, 51, 15.02 W, 0 %
2026/08/30 00:28:36.641, 2515 MHz, 51, 15.00 W, 0 %
2026/08/30 00:28:41.642, 2515 MHz, 51, 15.06 W, 0 %
2026/08/30 00:28:46.643, 2515 MHz, 51, 15.09 W, 0 %
2026/08/30 00:28:51.644, 2515 MHz, 51, 14.96 W, 0 %
2026/08/30 00:28:56.645, 2515 MHz, 51, 14.94 W, 0 %
2026/08/30 00:29:01.646, 2515 MHz, 51, 14.95 W, 0 %
2026/08/30 00:29:06.647, 2515 MHz, 51, 15.04 W, 0 %
2026/08/30 00:29:11.648, 2515 MHz, 51, 15.00 W, 0 %
2026/08/30 00:29:16.650, 2515 MHz, 51, 14.90 W, 0 %
2026/08/30 00:29:21.651, 2515 MHz, 51, 15.00 W, 0 %
2026/08/30 00:29:26.652, 2515 MHz, 51, 14.89 W, 0 %
2026/08/30 00:29:31.654, 2515 MHz, 51, 15.00 W, 0 %
2026/08/30 00:29:36.654, 2515 MHz, 51, 15.03 W, 0 %
2026/08/30 00:29:41.655, 2515 MHz, 51, 14.94 W, 0 %
2026/08/30 00:29:46.656, 2515 MHz, 51, 14.93 W, 0 %
2026/08/30 00:29:51.656, 2515 MHz, 51, 15.12 W, 0 %
2026/08/30 00:29:56.658, 2515 MHz, 51, 15.17 W, 0 %
2026/08/30 00:30:01.659, 2515 MHz, 51, 15.31 W, 0 %
2026/08/30 00:30:06.660, 2515 MHz, 51, 15.40 W, 0 %
2026/08/30 00:30:11.660, 2515 MHz, 51, 15.24 W, 0 %
2026/08/30 00:30:16.662, 2515 MHz, 51, 15.30 W, 0 %
2026/08/30 00:30:21.662, 2515 MHz, 51, 15.27 W, 0 %
2026/08/30 00:30:26.663, 2515 MHz, 51, 15.33 W, 0 %
2026/08/30 00:30:31.664, 2515 MHz, 51, 15.50 W, 0 %
2026/08/30 00:30:36.665, 2515 MHz, 51, 15.15 W, 0 %
2026/08/30 00:30:41.667, 2515 MHz, 51, 15.09 W, 0 %
2026/08/30 00:30:46.668, 2515 MHz, 51, 15.14 W, 0 %
2026/08/30 00:30:51.670, 2515 MHz, 51, 15.08 W, 0 %
2026/08/30 00:30:56.671, 2515 MHz, 51, 15.09 W, 0 %
2026/08/30 00:31:01.673, 2515 MHz, 51, 15.08 W, 0 %
2026/08/30 00:31:06.674, 2515 MHz, 51, 15.01 W, 0 %
2026/08/30 00:31:11.675, 2515 MHz, 51, 15.01 W, 0 %
2026/08/30 00:31:16.676, 2515 MHz, 51, 14.96 W, 0 %
2026/08/30 00:31:21.678, 2515 MHz, 51, 14.94 W, 0 %
2026/08/30 00:31:26.680, 2515 MHz, 51, 14.94 W, 0 %
2026/08/30 00:31:31.681, 2515 MHz, 51, 14.86 W, 0 %
2026/08/30 00:31:36.682, 2515 MHz, 51, 14.95 W, 0 %
2026/08/30 00:31:41.684, 2515 MHz, 51, 14.95 W, 0 %
2026/08/30 00:31:46.685, 2515 MHz, 51, 14.96 W, 0 %
2026/08/30 00:31:51.686, 2515 MHz, 51, 14.87 W, 0 %
2026/08/30 00:31:56.687, 2515 MHz, 51, 14.99 W, 0 %
2026/08/30 00:32:01.688, 2515 MHz, 51, 14.90 W, 0 %
2026/08/30 00:32:06.690, 2515 MHz, 51, 14.91 W, 0 %
2026/08/30 00:32:11.691, 2515 MHz, 51, 14.95 W, 0 %
2026/08/30 00:32:16.692, 2515 MHz, 51, 14.95 W, 0 %
2026/08/30 00:32:21.693, 2515 MHz, 51, 14.90 W, 0 %
2026/08/30 00:32:26.695, 2515 MHz, 51, 14.95 W, 0 %
2026/08/30 00:32:31.696, 2515 MHz, 51, 14.93 W, 0 %
2026/08/30 00:32:36.697, 2515 MHz, 51, 14.94 W, 0 %
2026/08/30 00:32:41.698, 2515 MHz, 51, 14.90 W, 0 %
2026/08/30 00:32:46.700, 2515 MHz, 51, 14.89 W, 0 %
2026/08/30 00:32:51.700, 2515 MHz, 51, 14.87 W, 0 %
2026/08/30 00:32:56.702, 2515 MHz, 51, 14.90 W, 0 %
2026/08/30 00:33:01.702, 2515 MHz, 51, 14.93 W, 0 %
2026/08/30 00:33:06.703, 2515 MHz, 51, 14.88 W, 0 %
2026/08/30 00:33:11.704, 2515 MHz, 51, 14.88 W, 0 %
2026/08/30 00:33:16.705, 2515 MHz, 51, 14.91 W, 0 %
2026/08/30 00:33:21.706, 2515 MHz, 51, 14.89 W, 0 %
2026/08/30 00:33:26.707, 2515 MHz, 51, 14.90 W, 0 %
2026/08/30 00:33:31.708, 2515 MHz, 51, 14.96 W, 0 %
2026/08/30 00:33:36.709, 2515 MHz, 51, 14.95 W, 0 %
2026/08/30 00:33:41.710, 2515 MHz, 51, 14.98 W, 0 %
2026/08/30 00:33:46.711, 2515 MHz, 51, 14.96 W, 0 %
2026/08/30 00:33:51.712, 2515 MHz, 51, 14.87 W, 0 %
2026/08/30 00:33:56.713, 2515 MHz, 51, 14.93 W, 0 %
2026/08/30 00:34:01.715, 2515 MHz, 51, 14.98 W, 0 %
2026/08/30 00:34:06.716, 2515 MHz, 51, 15.03 W, 0 %
2026/08/30 00:34:11.717, 2515 MHz, 51, 15.01 W, 0 %
2026/08/30 00:34:16.719, 2515 MHz, 51, 14.96 W, 0 %
2026/08/30 00:34:21.720, 2515 MHz, 51, 15.01 W, 0 %
2026/08/30 00:34:26.721, 2515 MHz, 51, 14.94 W, 0 %
2026/08/30 00:34:31.722, 2515 MHz, 51, 15.03 W, 0 %
2026/08/30 00:34:36.723, 2515 MHz, 51, 15.02 W, 0 %
2026/08/30 00:34:41.725, 2515 MHz, 51, 15.02 W, 0 %
2026/08/30 00:34:46.726, 2515 MHz, 51, 15.02 W, 0 %
2026/08/30 00:34:51.727, 2515 MHz, 51, 14.97 W, 0 %
2026/08/30 00:34:56.728, 2515 MHz, 51, 15.05 W, 0 %
2026/08/30 00:35:01.728, 2515 MHz, 51, 14.99 W, 0 %
2026/08/30 00:35:06.729, 2515 MHz, 51, 15.00 W, 0 %
2026/08/30 00:35:11.730, 2515 MHz, 51, 14.87 W, 0 %
2026/08/30 00:35:16.732, 2515 MHz, 51, 14.90 W, 0 %
2026/08/30 00:35:21.733, 2515 MHz, 51, 14.96 W, 0 %
2026/08/30 00:35:26.735, 2515 MHz, 50, 15.01 W, 0 %
2026/08/30 00:35:31.736, 2515 MHz, 51, 14.97 W, 0 %
2026/08/30 00:35:36.737, 2515 MHz, 50, 14.95 W, 0 %
2026/08/30 00:35:41.739, 2515 MHz, 50, 15.01 W, 0 %
2026/08/30 00:35:46.740, 2515 MHz, 50, 14.95 W, 0 %
2026/08/30 00:35:51.741, 2515 MHz, 50, 14.97 W, 0 %
2026/08/30 00:35:56.742, 2515 MHz, 50, 14.98 W, 0 %
2026/08/30 00:36:01.744, 2515 MHz, 50, 15.05 W, 0 %
2026/08/30 00:36:06.745, 2515 MHz, 50, 14.93 W, 0 %
2026/08/30 00:36:11.747, 2515 MHz, 50, 14.86 W, 0 %
2026/08/30 00:36:16.749, 2515 MHz, 50, 15.01 W, 0 %
2026/08/30 00:36:21.750, 2515 MHz, 50, 15.00 W, 0 %
2026/08/30 00:36:26.751, 2515 MHz, 50, 14.94 W, 0 %
2026/08/30 00:36:31.752, 2515 MHz, 50, 14.92 W, 0 %
2026/08/30 00:36:36.753, 2515 MHz, 50, 14.91 W, 0 %
2026/08/30 00:36:41.755, 2515 MHz, 50, 14.85 W, 0 %
2026/08/30 00:36:46.756, 2515 MHz, 50, 14.90 W, 0 %
2026/08/30 00:36:51.757, 2515 MHz, 50, 14.83 W, 0 %
2026/08/30 00:36:56.757, 2515 MHz, 50, 14.83 W, 0 %
2026/08/30 00:37:01.759, 2515 MHz, 50, 14.79 W, 0 %
2026/08/30 00:37:06.760, 2515 MHz, 50, 14.85 W, 0 %
2026/08/30 00:37:11.761, 2515 MHz, 50, 14.84 W, 0 %
2026/08/30 00:37:16.762, 2515 MHz, 50, 14.79 W, 0 %
2026/08/30 00:37:21.764, 2515 MHz, 50, 14.78 W, 0 %
2026/08/30 00:37:26.766, 2515 MHz, 50, 14.88 W, 0 %
2026/08/30 00:37:31.767, 2515 MHz, 50, 14.87 W, 0 %
2026/08/30 00:37:36.769, 2515 MHz, 50, 14.88 W, 0 %
2026/08/30 00:37:41.770, 2515 MHz, 50, 14.88 W, 0 %
2026/08/30 00:37:46.772, 2515 MHz, 50, 14.83 W, 0 %
2026/08/30 00:37:51.772, 2515 MHz, 50, 14.84 W, 0 %
2026/08/30 00:37:56.773, 2515 MHz, 50, 14.94 W, 0 %
2026/08/30 00:38:01.775, 2515 MHz, 50, 14.87 W, 0 %
2026/08/30 00:38:06.776, 2515 MHz, 50, 14.79 W, 0 %
2026/08/30 00:38:11.777, 2515 MHz, 50, 14.89 W, 0 %
2026/08/30 00:38:16.779, 2515 MHz, 50, 14.84 W, 0 %
2026/08/30 00:38:21.780, 2515 MHz, 50, 14.91 W, 0 %
2026/08/30 00:38:26.781, 2515 MHz, 50, 14.87 W, 0 %
2026/08/30 00:38:31.783, 2515 MHz, 50, 14.78 W, 0 %
2026/08/30 00:38:36.783, 2515 MHz, 50, 14.87 W, 0 %
2026/08/30 00:38:41.784, 2515 MHz, 50, 14.94 W, 0 %
2026/08/30 00:38:46.786, 2515 MHz, 50, 14.87 W, 0 %
2026/08/30 00:38:51.787, 2515 MHz, 50, 14.87 W, 0 %
2026/08/30 00:38:56.788, 2515 MHz, 50, 14.74 W, 0 %
2026/08/30 00:39:01.790, 2515 MHz, 50, 14.88 W, 0 %
2026/08/30 00:39:06.791, 2515 MHz, 50, 14.87 W, 0 %
2026/08/30 00:39:11.792, 2515 MHz, 50, 14.84 W, 0 %
2026/08/30 00:39:16.793, 2515 MHz, 50, 14.85 W, 0 %
2026/08/30 00:39:21.794, 2515 MHz, 50, 14.85 W, 0 %
2026/08/30 00:39:26.796, 2515 MHz, 50, 14.89 W, 0 %
2026/08/30 00:39:31.797, 2515 MHz, 50, 14.88 W, 0 %
2026/08/30 00:39:36.799, 2515 MHz, 50, 14.85 W, 0 %
2026/08/30 00:39:41.800, 2515 MHz, 50, 14.85 W, 0 %
2026/08/30 00:39:46.802, 2515 MHz, 50, 14.86 W, 0 %
2026/08/30 00:39:51.803, 2515 MHz, 50, 14.86 W, 0 %
2026/08/30 00:39:56.804, 2515 MHz, 50, 14.92 W, 0 %
2026/08/30 00:40:01.805, 2515 MHz, 50, 14.89 W, 0 %
2026/08/30 00:40:06.807, 2515 MHz, 50, 15.07 W, 0 %
2026/08/30 00:40:11.808, 2515 MHz, 50, 14.98 W, 0 %
2026/08/30 00:40:16.810, 2515 MHz, 50, 14.95 W, 0 %
2026/08/30 00:40:21.810, 2515 MHz, 50, 14.84 W, 0 %
2026/08/30 00:40:26.812, 2515 MHz, 50, 14.99 W, 0 %
2026/08/30 00:40:31.813, 2515 MHz, 50, 14.99 W, 0 %
2026/08/30 00:40:36.814, 2515 MHz, 50, 14.86 W, 0 %
2026/08/30 00:40:41.815, 2515 MHz, 50, 14.91 W, 0 %
2026/08/30 00:40:46.817, 2515 MHz, 50, 14.86 W, 0 %
2026/08/30 00:40:51.819, 2515 MHz, 50, 14.96 W, 0 %
2026/08/30 00:40:56.820, 2515 MHz, 50, 14.90 W, 0 %
2026/08/30 00:41:01.822, 2515 MHz, 50, 14.84 W, 0 %
2026/08/30 00:41:06.822, 2515 MHz, 50, 14.85 W, 0 %
2026/08/30 00:41:11.823, 2515 MHz, 50, 14.93 W, 0 %
2026/08/30 00:41:16.825, 2515 MHz, 50, 14.91 W, 0 %
2026/08/30 00:41:21.826, 2515 MHz, 50, 14.83 W, 0 %
2026/08/30 00:41:26.828, 2515 MHz, 50, 14.82 W, 0 %
2026/08/30 00:41:31.829, 2515 MHz, 50, 14.84 W, 0 %
2026/08/30 00:41:36.831, 2515 MHz, 50, 14.83 W, 0 %
2026/08/30 00:41:41.832, 2515 MHz, 50, 14.85 W, 0 %
2026/08/30 00:41:46.833, 2515 MHz, 50, 14.83 W, 0 %
2026/08/30 00:41:51.834, 2515 MHz, 50, 14.77 W, 0 %
2026/08/30 00:41:56.836, 2515 MHz, 50, 14.79 W, 0 %
2026/08/30 00:42:01.837, 2515 MHz, 50, 14.84 W, 0 %
2026/08/30 00:42:06.839, 2515 MHz, 50, 14.81 W, 0 %
2026/08/30 00:42:11.840, 2515 MHz, 50, 14.82 W, 0 %
2026/08/30 00:42:16.842, 2515 MHz, 50, 14.83 W, 0 %
2026/08/30 00:42:21.843, 2515 MHz, 50, 14.84 W, 0 %
2026/08/30 00:42:26.844, 2515 MHz, 50, 14.82 W, 0 %
2026/08/30 00:42:31.845, 2515 MHz, 50, 14.80 W, 0 %
2026/08/30 00:42:36.847, 2515 MHz, 50, 14.78 W, 0 %
2026/08/30 00:42:41.848, 2515 MHz, 50, 14.74 W, 0 %
2026/08/30 00:42:46.849, 2515 MHz, 50, 14.79 W, 0 %
2026/08/30 00:42:51.851, 2515 MHz, 50, 14.80 W, 0 %
2026/08/30 00:42:56.852, 2515 MHz, 50, 14.91 W, 0 %
2026/08/30 00:43:01.853, 2515 MHz, 50, 15.02 W, 0 %
2026/08/30 00:43:06.855, 2515 MHz, 50, 14.81 W, 0 %
2026/08/30 00:43:11.856, 2515 MHz, 50, 14.73 W, 0 %
2026/08/30 00:43:16.857, 2515 MHz, 50, 14.87 W, 0 %
2026/08/30 00:43:21.858, 2515 MHz, 50, 14.83 W, 0 %
2026/08/30 00:43:26.859, 2515 MHz, 50, 14.87 W, 0 %
2026/08/30 00:43:31.860, 2515 MHz, 50, 14.82 W, 0 %
2026/08/30 00:43:36.861, 2515 MHz, 50, 14.75 W, 0 %
2026/08/30 00:43:41.862, 2515 MHz, 50, 14.71 W, 0 %
2026/08/30 00:43:46.863, 2515 MHz, 50, 14.79 W, 0 %
2026/08/30 00:43:51.864, 2515 MHz, 50, 14.84 W, 0 %
2026/08/30 00:43:56.865, 2515 MHz, 50, 14.82 W, 0 %
2026/08/30 00:44:01.866, 2515 MHz, 50, 14.78 W, 0 %
2026/08/30 00:44:06.867, 2515 MHz, 50, 14.75 W, 0 %
2026/08/30 00:44:11.868, 2515 MHz, 50, 14.83 W, 0 %
2026/08/30 00:44:16.869, 2515 MHz, 50, 14.74 W, 0 %
2026/08/30 00:44:21.870, 2515 MHz, 50, 14.75 W, 0 %
2026/08/30 00:44:26.872, 2515 MHz, 50, 14.71 W, 0 %
2026/08/30 00:44:31.873, 2515 MHz, 50, 14.72 W, 0 %
2026/08/30 00:44:36.874, 2515 MHz, 50, 14.65 W, 0 %
2026/08/30 00:44:41.875, 2515 MHz, 50, 14.64 W, 0 %
2026/08/30 00:44:46.876, 2515 MHz, 50, 14.63 W, 0 %
2026/08/30 00:44:51.877, 2515 MHz, 50, 14.61 W, 0 %
2026/08/30 00:44:56.879, 2515 MHz, 50, 14.67 W, 0 %
2026/08/30 00:45:01.879, 2515 MHz, 50, 14.79 W, 0 %
2026/08/30 00:45:06.881, 2515 MHz, 50, 14.75 W, 0 %
2026/08/30 00:45:11.882, 2515 MHz, 50, 14.71 W, 0 %
2026/08/30 00:45:16.884, 2515 MHz, 50, 14.81 W, 0 %
2026/08/30 00:45:21.885, 2515 MHz, 50, 14.75 W, 0 %
2026/08/30 00:45:26.887, 2515 MHz, 50, 14.83 W, 0 %
2026/08/30 00:45:31.888, 2515 MHz, 50, 14.78 W, 0 %
2026/08/30 00:45:36.890, 2515 MHz, 50, 14.75 W, 0 %
2026/08/30 00:45:41.891, 2515 MHz, 50, 14.79 W, 0 %
2026/08/30 00:45:46.893, 2515 MHz, 50, 14.84 W, 0 %
2026/08/30 00:45:51.894, 2515 MHz, 50, 14.76 W, 0 %
2026/08/30 00:45:56.896, 2515 MHz, 50, 14.70 W, 0 %
2026/08/30 00:46:01.897, 2515 MHz, 50, 14.69 W, 0 %
2026/08/30 00:46:06.898, 2515 MHz, 50, 14.76 W, 0 %
2026/08/30 00:46:11.899, 2515 MHz, 50, 14.80 W, 0 %
2026/08/30 00:46:16.899, 2515 MHz, 50, 14.85 W, 0 %
2026/08/30 00:46:21.900, 2515 MHz, 50, 14.89 W, 0 %
2026/08/30 00:46:26.901, 2515 MHz, 50, 14.85 W, 0 %
2026/08/30 00:46:31.902, 2515 MHz, 50, 14.71 W, 0 %
2026/08/30 00:46:36.904, 2515 MHz, 50, 14.84 W, 0 %
2026/08/30 00:46:41.905, 2515 MHz, 50, 14.87 W, 0 %
2026/08/30 00:46:46.907, 2515 MHz, 50, 14.84 W, 0 %
2026/08/30 00:46:51.908, 2515 MHz, 50, 14.78 W, 0 %
2026/08/30 00:46:56.909, 2515 MHz, 50, 14.76 W, 0 %
2026/08/30 00:47:01.911, 2515 MHz, 50, 14.79 W, 0 %
2026/08/30 00:47:06.912, 2515 MHz, 50, 14.83 W, 0 %
2026/08/30 00:47:11.913, 2515 MHz, 50, 14.74 W, 0 %
2026/08/30 00:47:16.914, 2515 MHz, 50, 14.88 W, 0 %
2026/08/30 00:47:21.916, 2515 MHz, 50, 14.89 W, 0 %
2026/08/30 00:47:26.917, 2515 MHz, 50, 14.85 W, 0 %
2026/08/30 00:47:31.918, 2515 MHz, 50, 14.92 W, 0 %
2026/08/30 00:47:36.920, 2515 MHz, 50, 14.87 W, 0 %
2026/08/30 00:47:41.921, 2515 MHz, 50, 14.83 W, 0 %
2026/08/30 00:47:46.923, 2515 MHz, 50, 14.80 W, 0 %
2026/08/30 00:47:51.924, 2515 MHz, 50, 14.83 W, 0 %
2026/08/30 00:47:56.925, 2515 MHz, 50, 14.88 W, 0 %
2026/08/30 00:48:01.926, 2515 MHz, 50, 14.77 W, 0 %
2026/08/30 00:48:06.927, 2515 MHz, 50, 14.79 W, 0 %
2026/08/30 00:48:11.929, 2515 MHz, 50, 14.77 W, 0 %
2026/08/30 00:48:16.930, 2515 MHz, 50, 14.84 W, 0 %
2026/08/30 00:48:21.931, 2515 MHz, 50, 14.78 W, 0 %
2026/08/30 00:48:26.931, 2515 MHz, 50, 14.78 W, 0 %
2026/08/30 00:48:31.932, 2515 MHz, 50, 14.89 W, 0 %
2026/08/30 00:48:36.934, 2515 MHz, 50, 14.86 W, 0 %
2026/08/30 00:48:41.936, 2515 MHz, 50, 14.92 W, 0 %
2026/08/30 00:48:46.937, 2515 MHz, 50, 14.84 W, 0 %
2026/08/30 00:48:51.939, 2515 MHz, 50, 14.86 W, 0 %
2026/08/30 00:48:56.940, 2515 MHz, 50, 14.85 W, 0 %
2026/08/30 00:49:01.940, 2515 MHz, 50, 14.84 W, 0 %
2026/08/30 00:49:06.941, 2515 MHz, 50, 14.94 W, 0 %
2026/08/30 00:49:11.942, 2515 MHz, 50, 14.86 W, 0 %
2026/08/30 00:49:16.943, 2515 MHz, 50, 15.00 W, 0 %
2026/08/30 00:49:21.945, 2515 MHz, 50, 14.85 W, 0 %
2026/08/30 00:49:26.946, 2515 MHz, 50, 14.90 W, 0 %
2026/08/30 00:49:31.947, 2515 MHz, 50, 14.93 W, 0 %
2026/08/30 00:49:36.948, 2515 MHz, 50, 14.91 W, 0 %
2026/08/30 00:49:41.949, 2515 MHz, 51, 14.94 W, 0 %
2026/08/30 00:49:46.949, 2515 MHz, 50, 14.93 W, 0 %
2026/08/30 00:49:51.950, 2515 MHz, 50, 14.90 W, 0 %
2026/08/30 00:49:56.952, 2515 MHz, 50, 14.94 W, 0 %
2026/08/30 00:50:01.954, 2515 MHz, 50, 14.94 W, 0 %
2026/08/30 00:50:06.955, 2515 MHz, 51, 14.87 W, 0 %
2026/08/30 00:50:11.956, 2515 MHz, 51, 14.85 W, 0 %
2026/08/30 00:50:16.957, 2515 MHz, 51, 14.85 W, 0 %
2026/08/30 00:50:21.958, 2515 MHz, 51, 14.80 W, 0 %
2026/08/30 00:50:26.959, 2515 MHz, 51, 14.87 W, 0 %
2026/08/30 00:50:31.960, 2515 MHz, 51, 14.90 W, 0 %
2026/08/30 00:50:36.961, 2515 MHz, 51, 14.86 W, 0 %
2026/08/30 00:50:41.962, 2515 MHz, 51, 14.85 W, 0 %
2026/08/30 00:50:46.963, 2515 MHz, 51, 14.85 W, 0 %
2026/08/30 00:50:51.964, 2515 MHz, 51, 14.85 W, 0 %
2026/08/30 00:50:56.966, 2515 MHz, 51, 14.91 W, 0 %
2026/08/30 00:51:01.968, 2515 MHz, 51, 14.77 W, 0 %
2026/08/30 00:51:06.969, 2515 MHz, 51, 14.90 W, 0 %
2026/08/30 00:51:11.970, 2515 MHz, 51, 14.85 W, 0 %
2026/08/30 00:51:16.971, 2515 MHz, 51, 14.90 W, 0 %
2026/08/30 00:51:21.973, 2515 MHz, 51, 14.85 W, 0 %
2026/08/30 00:51:26.974, 2515 MHz, 51, 14.90 W, 0 %
2026/08/30 00:51:31.975, 2515 MHz, 51, 14.85 W, 0 %
2026/08/30 00:51:36.977, 2515 MHz, 51, 14.89 W, 0 %
2026/08/30 00:51:41.978, 2515 MHz, 51, 14.92 W, 0 %
2026/08/30 00:51:46.979, 2515 MHz, 51, 14.90 W, 0 %
2026/08/30 00:51:51.981, 2515 MHz, 51, 14.89 W, 0 %
2026/08/30 00:51:56.982, 2515 MHz, 51, 14.91 W, 0 %
2026/08/30 00:52:01.982, 2515 MHz, 51, 14.85 W, 0 %
2026/08/30 00:52:06.983, 2515 MHz, 51, 14.87 W, 0 %
2026/08/30 00:52:11.985, 2515 MHz, 51, 14.90 W, 0 %
2026/08/30 00:52:16.985, 2515 MHz, 51, 14.87 W, 0 %
2026/08/30 00:52:21.987, 2515 MHz, 51, 14.80 W, 0 %
2026/08/30 00:52:26.988, 2515 MHz, 51, 14.96 W, 0 %
2026/08/30 00:52:31.988, 2515 MHz, 51, 14.97 W, 0 %
2026/08/30 00:52:36.989, 2515 MHz, 51, 14.96 W, 0 %
2026/08/30 00:52:41.990, 2515 MHz, 51, 14.82 W, 0 %
2026/08/30 00:52:46.991, 2515 MHz, 51, 14.86 W, 0 %
2026/08/30 00:52:51.991, 2515 MHz, 51, 15.02 W, 0 %
2026/08/30 00:52:56.993, 2515 MHz, 51, 14.91 W, 0 %
2026/08/30 00:53:01.994, 2515 MHz, 51, 14.81 W, 0 %
2026/08/30 00:53:06.994, 2515 MHz, 51, 14.90 W, 0 %
2026/08/30 00:53:11.996, 2515 MHz, 51, 14.91 W, 0 %
2026/08/30 00:53:16.996, 2515 MHz, 51, 14.85 W, 0 %
2026/08/30 00:53:21.998, 2515 MHz, 51, 14.85 W, 0 %
2026/08/30 00:53:26.999, 2515 MHz, 51, 14.94 W, 0 %
2026/08/30 00:53:32.000, 2515 MHz, 51, 14.96 W, 0 %
2026/08/30 00:53:37.001, 2515 MHz, 51, 15.05 W, 0 %
2026/08/30 00:53:42.002, 2515 MHz, 51, 14.97 W, 0 %
2026/08/30 00:53:47.004, 2515 MHz, 51, 14.98 W, 0 %
2026/08/30 00:53:52.006, 2515 MHz, 51, 14.97 W, 0 %
2026/08/30 00:53:57.007, 2515 MHz, 51, 14.96 W, 0 %
2026/08/30 00:54:02.008, 2515 MHz, 51, 14.92 W, 0 %
2026/08/30 00:54:07.009, 2515 MHz, 51, 14.90 W, 0 %
2026/08/30 00:54:12.010, 2515 MHz, 51, 14.90 W, 0 %
2026/08/30 00:54:17.011, 2515 MHz, 51, 15.01 W, 0 %
2026/08/30 00:54:22.012, 2515 MHz, 51, 15.03 W, 0 %
2026/08/30 00:54:27.013, 2515 MHz, 51, 15.07 W, 0 %
2026/08/30 00:54:32.014, 2515 MHz, 51, 14.99 W, 0 %
2026/08/30 00:54:37.016, 2515 MHz, 51, 14.90 W, 0 %
2026/08/30 00:54:42.016, 2515 MHz, 51, 14.83 W, 0 %
2026/08/30 00:54:47.018, 2515 MHz, 51, 14.91 W, 0 %
2026/08/30 00:54:52.018, 2515 MHz, 51, 14.89 W, 0 %
2026/08/30 00:54:57.020, 2515 MHz, 51, 14.86 W, 0 %
2026/08/30 00:55:02.021, 2515 MHz, 51, 14.89 W, 0 %
2026/08/30 00:55:07.022, 2515 MHz, 51, 14.91 W, 0 %
2026/08/30 00:55:12.023, 2515 MHz, 51, 14.96 W, 0 %
2026/08/30 00:55:17.024, 2515 MHz, 51, 14.96 W, 0 %
2026/08/30 00:55:22.026, 2515 MHz, 51, 14.98 W, 0 %
2026/08/30 00:55:27.027, 2515 MHz, 51, 14.92 W, 0 %
2026/08/30 00:55:32.029, 2515 MHz, 51, 14.92 W, 0 %
2026/08/30 00:55:37.030, 2515 MHz, 51, 14.94 W, 0 %
2026/08/30 00:55:42.030, 2515 MHz, 51, 14.97 W, 0 %
2026/08/30 00:55:47.032, 2515 MHz, 51, 14.90 W, 0 %
2026/08/30 00:55:52.032, 2515 MHz, 51, 14.90 W, 0 %
2026/08/30 00:55:57.033, 2515 MHz, 51, 14.92 W, 0 %
2026/08/30 00:56:02.035, 2515 MHz, 51, 14.84 W, 0 %
2026/08/30 00:56:07.036, 2515 MHz, 51, 14.93 W, 0 %
2026/08/30 00:56:12.037, 2515 MHz, 51, 14.89 W, 0 %
2026/08/30 00:56:17.037, 2515 MHz, 51, 14.92 W, 0 %
2026/08/30 00:56:22.038, 2515 MHz, 51, 15.00 W, 0 %
2026/08/30 00:56:27.040, 2515 MHz, 51, 15.09 W, 0 %
2026/08/30 00:56:32.041, 2515 MHz, 51, 14.94 W, 0 %
2026/08/30 00:56:37.042, 2515 MHz, 51, 14.91 W, 0 %
2026/08/30 00:56:42.043, 2515 MHz, 51, 14.93 W, 0 %
2026/08/30 00:56:47.044, 2515 MHz, 51, 14.92 W, 0 %
2026/08/30 00:56:52.044, 2515 MHz, 51, 14.85 W, 0 %
2026/08/30 00:56:57.046, 2515 MHz, 51, 14.78 W, 0 %
2026/08/30 00:57:02.046, 2515 MHz, 51, 14.98 W, 0 %
2026/08/30 00:57:07.047, 2515 MHz, 51, 14.96 W, 0 %
2026/08/30 00:57:12.049, 2515 MHz, 51, 14.98 W, 0 %
2026/08/30 00:57:17.049, 2515 MHz, 51, 14.94 W, 0 %
2026/08/30 00:57:22.050, 2515 MHz, 51, 15.09 W, 0 %
2026/08/30 00:57:27.051, 2515 MHz, 51, 15.01 W, 0 %
2026/08/30 00:57:32.053, 2515 MHz, 51, 14.92 W, 0 %
2026/08/30 00:57:37.054, 2515 MHz, 51, 14.99 W, 0 %
2026/08/30 00:57:42.056, 2515 MHz, 51, 14.93 W, 0 %
2026/08/30 00:57:47.057, 2515 MHz, 51, 14.97 W, 0 %
2026/08/30 00:57:52.059, 2515 MHz, 51, 14.89 W, 0 %
2026/08/30 00:57:57.060, 2515 MHz, 51, 14.92 W, 0 %
2026/08/30 00:58:02.061, 2515 MHz, 51, 14.94 W, 0 %
2026/08/30 00:58:07.063, 2515 MHz, 51, 14.94 W, 0 %
2026/08/30 00:58:12.064, 2515 MHz, 51, 14.90 W, 0 %
2026/08/30 00:58:17.065, 2515 MHz, 51, 14.93 W, 0 %
2026/08/30 00:58:22.066, 2515 MHz, 51, 14.87 W, 0 %
2026/08/30 00:58:27.067, 2515 MHz, 51, 14.96 W, 0 %
2026/08/30 00:58:32.068, 2515 MHz, 51, 14.93 W, 0 %
2026/08/30 00:58:37.070, 2515 MHz, 51, 14.98 W, 0 %
2026/08/30 00:58:42.071, 2515 MHz, 51, 14.87 W, 0 %
2026/08/30 00:58:47.072, 2515 MHz, 51, 15.03 W, 0 %
2026/08/30 00:58:52.072, 2515 MHz, 51, 14.94 W, 0 %
2026/08/30 00:58:57.074, 2515 MHz, 51, 14.94 W, 0 %
2026/08/30 00:59:02.076, 2515 MHz, 51, 14.96 W, 0 %
2026/08/30 00:59:07.077, 2515 MHz, 51, 14.92 W, 0 %
2026/08/30 00:59:12.079, 2515 MHz, 51, 14.94 W, 0 %
2026/08/30 00:59:17.080, 2515 MHz, 51, 14.91 W, 0 %
2026/08/30 00:59:22.082, 2515 MHz, 51, 15.02 W, 0 %
2026/08/30 00:59:27.082, 2515 MHz, 51, 14.94 W, 0 %
2026/08/30 00:59:32.084, 2515 MHz, 51, 14.92 W, 0 %
2026/08/30 00:59:37.085, 2515 MHz, 51, 14.87 W, 0 %
2026/08/30 00:59:42.086, 2515 MHz, 51, 14.88 W, 0 %
2026/08/30 00:59:47.087, 2515 MHz, 51, 14.96 W, 0 %
2026/08/30 00:59:52.087, 2515 MHz, 51, 14.87 W, 0 %
2026/08/30 00:59:57.089, 2515 MHz, 51, 14.94 W, 0 %
2026/08/30 01:00:02.090, 2515 MHz, 51, 14.91 W, 0 %
2026/08/30 01:00:07.092, 2515 MHz, 51, 14.92 W, 0 %
2026/08/30 01:00:12.093, 2515 MHz, 51, 14.88 W, 0 %
2026/08/30 01:00:17.094, 2515 MHz, 51, 14.97 W, 0 %
2026/08/30 01:00:22.096, 2515 MHz, 51, 14.94 W, 0 %
2026/08/30 01:00:27.097, 2515 MHz, 51, 14.91 W, 0 %
2026/08/30 01:00:32.099, 2515 MHz, 51, 14.87 W, 0 %
2026/08/30 01:00:37.100, 2515 MHz, 51, 14.94 W, 0 %
2026/08/30 01:00:42.101, 2515 MHz, 51, 14.89 W, 0 %
2026/08/30 01:00:47.102, 2515 MHz, 51, 14.86 W, 0 %
2026/08/30 01:00:52.104, 2515 MHz, 51, 14.82 W, 0 %
2026/08/30 01:00:57.105, 2515 MHz, 51, 14.99 W, 0 %
2026/08/30 01:01:02.106, 2515 MHz, 51, 14.96 W, 0 %
2026/08/30 01:01:07.107, 2515 MHz, 51, 14.98 W, 0 %
2026/08/30 01:01:12.109, 2515 MHz, 51, 14.87 W, 0 %
2026/08/30 01:01:17.110, 2515 MHz, 51, 14.89 W, 0 %
2026/08/30 01:01:22.111, 2515 MHz, 51, 14.93 W, 0 %
2026/08/30 01:01:27.112, 2515 MHz, 51, 14.84 W, 0 %
2026/08/30 01:01:32.113, 2515 MHz, 51, 14.85 W, 0 %
2026/08/30 01:01:37.115, 2515 MHz, 51, 14.87 W, 0 %
2026/08/30 01:01:42.116, 2515 MHz, 51, 14.99 W, 0 %
2026/08/30 01:01:47.117, 2515 MHz, 51, 14.92 W, 0 %
2026/08/30 01:01:52.117, 2515 MHz, 51, 14.92 W, 0 %
2026/08/30 01:01:57.118, 2515 MHz, 50, 14.86 W, 0 %
2026/08/30 01:02:02.119, 2515 MHz, 51, 14.94 W, 0 %
2026/08/30 01:02:07.121, 2515 MHz, 51, 14.94 W, 0 %
2026/08/30 01:02:12.122, 2515 MHz, 51, 14.92 W, 0 %
2026/08/30 01:02:17.124, 2515 MHz, 51, 14.84 W, 0 %
2026/08/30 01:02:22.125, 2515 MHz, 51, 14.92 W, 0 %
2026/08/30 01:02:27.126, 2515 MHz, 51, 14.88 W, 0 %
2026/08/30 01:02:32.128, 2515 MHz, 50, 14.96 W, 0 %
2026/08/30 01:02:37.129, 2515 MHz, 51, 15.05 W, 0 %
2026/08/30 01:02:42.130, 2515 MHz, 50, 14.91 W, 0 %
2026/08/30 01:02:47.131, 2515 MHz, 51, 14.88 W, 0 %
2026/08/30 01:02:52.132, 2515 MHz, 51, 14.81 W, 0 %
2026/08/30 01:02:57.133, 2515 MHz, 50, 14.90 W, 0 %
2026/08/30 01:03:02.134, 2515 MHz, 50, 14.79 W, 0 %
2026/08/30 01:03:07.135, 2515 MHz, 50, 14.85 W, 0 %
2026/08/30 01:03:12.136, 2515 MHz, 50, 14.83 W, 0 %
2026/08/30 01:03:17.137, 2515 MHz, 50, 14.86 W, 0 %
2026/08/30 01:03:22.139, 2515 MHz, 50, 14.93 W, 0 %
2026/08/30 01:03:27.140, 2515 MHz, 50, 14.85 W, 0 %
2026/08/30 01:03:32.141, 2515 MHz, 50, 14.83 W, 0 %
2026/08/30 01:03:37.141, 2515 MHz, 50, 14.85 W, 0 %
2026/08/30 01:03:42.143, 2515 MHz, 50, 14.77 W, 0 %
2026/08/30 01:03:47.145, 2515 MHz, 50, 14.88 W, 0 %
2026/08/30 01:03:52.145, 2515 MHz, 50, 14.91 W, 0 %
2026/08/30 01:03:57.146, 2515 MHz, 50, 14.95 W, 0 %
2026/08/30 01:04:02.148, 2515 MHz, 50, 14.92 W, 0 %
2026/08/30 01:04:07.149, 2515 MHz, 50, 14.81 W, 0 %
2026/08/30 01:04:12.150, 2515 MHz, 50, 14.83 W, 0 %
2026/08/30 01:04:17.151, 2515 MHz, 50, 14.90 W, 0 %
2026/08/30 01:04:22.152, 2515 MHz, 50, 14.88 W, 0 %
2026/08/30 01:04:27.153, 2515 MHz, 50, 14.94 W, 0 %
2026/08/30 01:04:32.154, 2515 MHz, 50, 14.80 W, 0 %
2026/08/30 01:04:37.155, 2515 MHz, 50, 14.84 W, 0 %
2026/08/30 01:04:42.156, 2515 MHz, 50, 14.79 W, 0 %
2026/08/30 01:04:47.157, 2515 MHz, 50, 14.78 W, 0 %
2026/08/30 01:04:52.158, 2515 MHz, 50, 14.89 W, 0 %
2026/08/30 01:04:57.158, 2515 MHz, 50, 14.75 W, 0 %
2026/08/30 01:05:02.160, 2515 MHz, 50, 14.83 W, 0 %
2026/08/30 01:05:07.161, 2515 MHz, 50, 14.78 W, 0 %
2026/08/30 01:05:12.162, 2515 MHz, 50, 14.85 W, 0 %
2026/08/30 01:05:17.163, 2515 MHz, 50, 14.88 W, 0 %
2026/08/30 01:05:22.164, 2515 MHz, 50, 14.88 W, 0 %
2026/08/30 01:05:27.165, 2515 MHz, 50, 14.82 W, 0 %
2026/08/30 01:05:32.167, 2515 MHz, 50, 14.84 W, 0 %
2026/08/30 01:05:37.168, 2515 MHz, 50, 14.80 W, 0 %
2026/08/30 01:05:42.170, 2515 MHz, 50, 14.81 W, 0 %
2026/08/30 01:05:47.170, 2515 MHz, 50, 14.91 W, 0 %
2026/08/30 01:05:52.172, 2515 MHz, 50, 14.78 W, 0 %
2026/08/30 01:05:57.172, 2515 MHz, 50, 14.87 W, 0 %
2026/08/30 01:06:02.173, 2515 MHz, 50, 14.78 W, 0 %
2026/08/30 01:06:07.174, 2515 MHz, 50, 14.73 W, 0 %
2026/08/30 01:06:12.175, 2515 MHz, 50, 14.76 W, 0 %
2026/08/30 01:06:17.176, 2515 MHz, 50, 14.73 W, 0 %
2026/08/30 01:06:22.177, 2515 MHz, 50, 14.74 W, 0 %
2026/08/30 01:06:27.178, 2515 MHz, 50, 14.77 W, 0 %
2026/08/30 01:06:32.179, 2515 MHz, 50, 14.77 W, 0 %
2026/08/30 01:06:37.181, 2515 MHz, 50, 14.82 W, 0 %
2026/08/30 01:06:42.182, 2515 MHz, 50, 14.70 W, 0 %
2026/08/30 01:06:47.184, 2515 MHz, 50, 14.85 W, 0 %
2026/08/30 01:06:52.185, 2515 MHz, 50, 14.85 W, 0 %
2026/08/30 01:06:57.187, 2515 MHz, 50, 14.84 W, 0 %
2026/08/30 01:07:02.188, 2515 MHz, 50, 14.88 W, 0 %
2026/08/30 01:07:07.189, 2515 MHz, 50, 14.82 W, 0 %
2026/08/30 01:07:12.191, 2515 MHz, 50, 14.86 W, 0 %
2026/08/30 01:07:17.192, 2515 MHz, 50, 14.89 W, 0 %
2026/08/30 01:07:22.194, 2515 MHz, 50, 14.80 W, 0 %
2026/08/30 01:07:27.195, 2515 MHz, 50, 14.91 W, 0 %
2026/08/30 01:07:32.196, 2515 MHz, 50, 14.84 W, 0 %
2026/08/30 01:07:37.198, 2515 MHz, 50, 14.84 W, 0 %
2026/08/30 01:07:42.199, 2515 MHz, 50, 14.80 W, 0 %
2026/08/30 01:07:47.200, 2515 MHz, 50, 14.80 W, 0 %
2026/08/30 01:07:52.202, 2515 MHz, 50, 14.95 W, 0 %
2026/08/30 01:07:57.204, 2515 MHz, 50, 14.93 W, 0 %
2026/08/30 01:08:02.205, 2515 MHz, 50, 14.81 W, 0 %
2026/08/30 01:08:07.206, 2515 MHz, 50, 14.77 W, 0 %
2026/08/30 01:08:12.207, 2515 MHz, 50, 14.87 W, 0 %
2026/08/30 01:08:17.209, 2515 MHz, 50, 14.83 W, 0 %
2026/08/30 01:08:22.210, 2515 MHz, 50, 14.93 W, 0 %
2026/08/30 01:08:27.211, 2515 MHz, 50, 14.89 W, 0 %
2026/08/30 01:08:32.212, 2515 MHz, 50, 14.80 W, 0 %
2026/08/30 01:08:37.214, 2515 MHz, 50, 14.78 W, 0 %
2026/08/30 01:08:42.215, 2515 MHz, 50, 14.81 W, 0 %
2026/08/30 01:08:47.216, 2515 MHz, 50, 14.87 W, 0 %
2026/08/30 01:08:52.217, 2515 MHz, 50, 14.90 W, 0 %
2026/08/30 01:08:57.218, 2515 MHz, 50, 14.83 W, 0 %
2026/08/30 01:09:02.219, 2515 MHz, 50, 14.82 W, 0 %
2026/08/30 01:09:07.220, 2515 MHz, 50, 14.82 W, 0 %
2026/08/30 01:09:12.221, 2515 MHz, 50, 14.78 W, 0 %
2026/08/30 01:09:17.222, 2515 MHz, 50, 14.79 W, 0 %
2026/08/30 01:09:22.223, 2515 MHz, 50, 14.73 W, 0 %
2026/08/30 01:09:27.224, 2515 MHz, 50, 14.86 W, 0 %
2026/08/30 01:09:32.225, 2515 MHz, 50, 14.77 W, 0 %
2026/08/30 01:09:37.227, 2515 MHz, 50, 14.67 W, 0 %
2026/08/30 01:09:42.228, 2515 MHz, 50, 14.73 W, 0 %
2026/08/30 01:09:47.229, 2515 MHz, 50, 14.78 W, 0 %
2026/08/30 01:09:52.231, 2515 MHz, 50, 14.77 W, 0 %
2026/08/30 01:09:57.231, 2515 MHz, 50, 14.84 W, 0 %
2026/08/30 01:10:02.233, 2515 MHz, 50, 14.84 W, 0 %
2026/08/30 01:10:07.233, 2515 MHz, 50, 14.84 W, 0 %
2026/08/30 01:10:12.234, 2515 MHz, 50, 14.82 W, 0 %
2026/08/30 01:10:17.236, 2515 MHz, 50, 14.81 W, 0 %
2026/08/30 01:10:22.237, 2515 MHz, 50, 14.80 W, 0 %
2026/08/30 01:10:27.237, 2515 MHz, 50, 14.93 W, 0 %
2026/08/30 01:10:32.238, 2515 MHz, 50, 14.86 W, 0 %
2026/08/30 01:10:37.239, 2515 MHz, 50, 14.82 W, 0 %
2026/08/30 01:10:42.239, 2515 MHz, 50, 14.88 W, 0 %
2026/08/30 01:10:47.241, 2515 MHz, 50, 14.81 W, 0 %
2026/08/30 01:10:52.241, 2515 MHz, 50, 14.76 W, 0 %
2026/08/30 01:10:57.243, 2515 MHz, 50, 14.79 W, 0 %
2026/08/30 01:11:02.244, 2515 MHz, 50, 14.84 W, 0 %
2026/08/30 01:11:07.245, 2515 MHz, 50, 14.91 W, 0 %
2026/08/30 01:11:12.245, 2515 MHz, 50, 14.91 W, 0 %
2026/08/30 01:11:17.246, 2515 MHz, 50, 14.87 W, 0 %
2026/08/30 01:11:22.247, 2515 MHz, 50, 14.81 W, 0 %
2026/08/30 01:11:27.248, 2515 MHz, 50, 14.91 W, 0 %
2026/08/30 01:11:32.249, 2515 MHz, 50, 14.83 W, 0 %
2026/08/30 01:11:37.249, 2515 MHz, 50, 14.86 W, 0 %
2026/08/30 01:11:42.251, 2515 MHz, 50, 14.90 W, 0 %
2026/08/30 01:11:47.252, 2515 MHz, 50, 14.98 W, 0 %
2026/08/30 01:11:52.253, 2515 MHz, 50, 14.81 W, 0 %
2026/08/30 01:11:57.254, 2515 MHz, 50, 14.91 W, 0 %
2026/08/30 01:12:02.255, 2515 MHz, 50, 14.91 W, 0 %
2026/08/30 01:12:07.256, 2515 MHz, 50, 14.90 W, 0 %
2026/08/30 01:12:12.258, 2515 MHz, 50, 14.88 W, 0 %
2026/08/30 01:12:17.258, 2515 MHz, 50, 14.89 W, 0 %
2026/08/30 01:12:22.260, 2515 MHz, 50, 14.89 W, 0 %
2026/08/30 01:12:27.261, 2515 MHz, 50, 14.94 W, 0 %
2026/08/30 01:12:32.263, 2515 MHz, 50, 14.90 W, 0 %
2026/08/30 01:12:37.263, 2515 MHz, 50, 14.96 W, 0 %
2026/08/30 01:12:42.265, 2515 MHz, 50, 14.97 W, 0 %
2026/08/30 01:12:47.265, 2515 MHz, 50, 14.86 W, 0 %
2026/08/30 01:12:52.267, 2515 MHz, 50, 14.81 W, 0 %
2026/08/30 01:12:57.268, 2515 MHz, 50, 14.90 W, 0 %
2026/08/30 01:13:02.269, 2515 MHz, 50, 14.98 W, 0 %
2026/08/30 01:13:07.269, 2515 MHz, 50, 14.91 W, 0 %
2026/08/30 01:13:12.271, 2515 MHz, 50, 14.86 W, 0 %
2026/08/30 01:13:17.272, 2515 MHz, 50, 14.96 W, 0 %
2026/08/30 01:13:22.273, 2515 MHz, 50, 14.92 W, 0 %
2026/08/30 01:13:27.274, 2515 MHz, 50, 14.91 W, 0 %
2026/08/30 01:13:32.275, 2515 MHz, 50, 14.87 W, 0 %
2026/08/30 01:13:37.276, 2515 MHz, 50, 14.93 W, 0 %
2026/08/30 01:13:42.278, 2515 MHz, 50, 14.97 W, 0 %
2026/08/30 01:13:47.279, 2515 MHz, 50, 14.91 W, 0 %
2026/08/30 01:13:52.280, 2515 MHz, 50, 14.83 W, 0 %
2026/08/30 01:13:57.281, 2515 MHz, 50, 14.90 W, 0 %
2026/08/30 01:14:02.282, 2515 MHz, 50, 14.89 W, 0 %
2026/08/30 01:14:07.283, 2515 MHz, 50, 14.80 W, 0 %
2026/08/30 01:14:12.284, 2515 MHz, 50, 14.84 W, 0 %
2026/08/30 01:14:17.286, 2515 MHz, 50, 14.87 W, 0 %
2026/08/30 01:14:22.287, 2515 MHz, 50, 14.87 W, 0 %
2026/08/30 01:14:27.288, 2515 MHz, 50, 14.91 W, 0 %
2026/08/30 01:14:32.289, 2515 MHz, 50, 14.92 W, 0 %
2026/08/30 01:14:37.290, 2515 MHz, 50, 14.96 W, 0 %
2026/08/30 01:14:42.292, 2515 MHz, 50, 14.91 W, 0 %
2026/08/30 01:14:47.293, 2515 MHz, 50, 14.86 W, 0 %
2026/08/30 01:14:52.294, 2515 MHz, 50, 14.87 W, 0 %
2026/08/30 01:14:57.295, 2515 MHz, 50, 14.83 W, 0 %
2026/08/30 01:15:02.295, 2515 MHz, 50, 14.86 W, 0 %
2026/08/30 01:15:07.297, 2515 MHz, 50, 14.80 W, 0 %
2026/08/30 01:15:12.297, 2515 MHz, 50, 14.77 W, 0 %
2026/08/30 01:15:17.298, 2515 MHz, 50, 14.76 W, 0 %
2026/08/30 01:15:22.299, 2515 MHz, 50, 14.93 W, 0 %
2026/08/30 01:15:27.300, 2515 MHz, 50, 14.94 W, 0 %
2026/08/30 01:15:32.301, 2515 MHz, 50, 14.87 W, 0 %
2026/08/30 01:15:37.302, 2515 MHz, 50, 14.86 W, 0 %
2026/08/30 01:15:42.303, 2515 MHz, 50, 14.85 W, 0 %
2026/08/30 01:15:47.304, 2515 MHz, 50, 14.81 W, 0 %
2026/08/30 01:15:52.304, 2515 MHz, 50, 14.81 W, 0 %
2026/08/30 01:15:57.305, 2515 MHz, 50, 14.87 W, 0 %
2026/08/30 01:16:02.306, 2515 MHz, 50, 14.87 W, 0 %
2026/08/30 01:16:07.308, 2515 MHz, 50, 14.91 W, 0 %
2026/08/30 01:16:12.309, 2515 MHz, 50, 14.88 W, 0 %
2026/08/30 01:16:17.310, 2515 MHz, 50, 14.91 W, 0 %
2026/08/30 01:16:22.312, 2515 MHz, 50, 14.89 W, 0 %
2026/08/30 01:16:27.313, 2515 MHz, 50, 14.89 W, 0 %
2026/08/30 01:16:32.315, 2515 MHz, 50, 14.88 W, 0 %
2026/08/30 01:16:37.316, 2515 MHz, 50, 14.91 W, 0 %
2026/08/30 01:16:42.317, 2515 MHz, 50, 14.95 W, 0 %
2026/08/30 01:16:47.318, 2515 MHz, 50, 14.93 W, 0 %
2026/08/30 01:16:52.319, 2515 MHz, 50, 14.82 W, 0 %
2026/08/30 01:16:57.321, 2515 MHz, 50, 14.82 W, 0 %
2026/08/30 01:17:02.323, 2515 MHz, 50, 14.91 W, 0 %
2026/08/30 01:17:07.323, 2515 MHz, 50, 14.88 W, 0 %
2026/08/30 01:17:12.325, 2515 MHz, 50, 14.85 W, 0 %
2026/08/30 01:17:17.326, 2515 MHz, 51, 14.91 W, 0 %
2026/08/30 01:17:22.328, 2515 MHz, 51, 14.80 W, 0 %
2026/08/30 01:17:27.329, 2515 MHz, 51, 14.82 W, 0 %
2026/08/30 01:17:32.331, 2515 MHz, 51, 14.87 W, 0 %
2026/08/30 01:17:37.332, 2515 MHz, 51, 14.89 W, 0 %
2026/08/30 01:17:42.333, 2515 MHz, 51, 14.81 W, 0 %
2026/08/30 01:17:47.333, 2515 MHz, 51, 14.76 W, 0 %
2026/08/30 01:17:52.335, 2515 MHz, 51, 14.74 W, 0 %
2026/08/30 01:17:57.336, 2515 MHz, 50, 14.85 W, 0 %
2026/08/30 01:18:02.337, 2515 MHz, 51, 14.87 W, 0 %
2026/08/30 01:18:07.338, 2515 MHz, 51, 14.91 W, 0 %
2026/08/30 01:18:12.340, 2515 MHz, 51, 14.87 W, 0 %
2026/08/30 01:18:17.341, 2515 MHz, 50, 14.86 W, 0 %
2026/08/30 01:18:22.342, 2515 MHz, 51, 14.86 W, 0 %
2026/08/30 01:18:27.343, 2515 MHz, 51, 14.84 W, 0 %
2026/08/30 01:18:32.345, 2515 MHz, 51, 14.82 W, 0 %
2026/08/30 01:18:37.346, 2515 MHz, 51, 14.83 W, 0 %
2026/08/30 01:18:42.348, 2515 MHz, 51, 14.84 W, 0 %
2026/08/30 01:18:47.348, 2515 MHz, 51, 14.81 W, 0 %
2026/08/30 01:18:52.349, 2515 MHz, 51, 14.89 W, 0 %
2026/08/30 01:18:57.350, 2515 MHz, 51, 14.72 W, 0 %
2026/08/30 01:19:02.351, 2515 MHz, 51, 14.85 W, 0 %
2026/08/30 01:19:07.353, 2515 MHz, 51, 14.84 W, 0 %
2026/08/30 01:19:12.354, 2515 MHz, 51, 14.85 W, 0 %
2026/08/30 01:19:17.356, 2515 MHz, 51, 14.88 W, 0 %
2026/08/30 01:19:22.356, 2515 MHz, 51, 14.82 W, 0 %
2026/08/30 01:19:27.357, 2515 MHz, 51, 14.82 W, 0 %
2026/08/30 01:19:32.359, 2515 MHz, 51, 14.78 W, 0 %
2026/08/30 01:19:37.360, 2515 MHz, 51, 14.84 W, 0 %
2026/08/30 01:19:42.362, 2515 MHz, 51, 14.81 W, 0 %
2026/08/30 01:19:47.363, 2515 MHz, 51, 14.76 W, 0 %
2026/08/30 01:19:52.364, 2515 MHz, 51, 14.82 W, 0 %
2026/08/30 01:19:57.366, 2515 MHz, 51, 14.83 W, 0 %
2026/08/30 01:20:02.367, 2515 MHz, 51, 14.86 W, 0 %
2026/08/30 01:20:07.367, 2515 MHz, 51, 14.95 W, 0 %
2026/08/30 01:20:12.369, 2515 MHz, 51, 14.95 W, 0 %
2026/08/30 01:20:17.370, 2515 MHz, 51, 14.97 W, 0 %
2026/08/30 01:20:22.371, 2515 MHz, 51, 14.89 W, 0 %
2026/08/30 01:20:27.372, 2515 MHz, 51, 14.95 W, 0 %
2026/08/30 01:20:32.374, 2515 MHz, 51, 14.91 W, 0 %
2026/08/30 01:20:37.376, 2515 MHz, 51, 15.01 W, 0 %
2026/08/30 01:20:42.377, 2515 MHz, 51, 14.84 W, 0 %
2026/08/30 01:20:47.378, 2515 MHz, 51, 14.97 W, 0 %
2026/08/30 01:20:52.380, 2515 MHz, 51, 14.93 W, 0 %
2026/08/30 01:20:57.381, 2515 MHz, 51, 14.91 W, 0 %
2026/08/30 01:21:02.382, 2515 MHz, 51, 14.91 W, 0 %
2026/08/30 01:21:07.383, 2515 MHz, 51, 14.92 W, 0 %
2026/08/30 01:21:12.385, 2515 MHz, 51, 14.90 W, 0 %
2026/08/30 01:21:17.386, 2515 MHz, 51, 14.98 W, 0 %
2026/08/30 01:21:22.386, 2515 MHz, 51, 14.90 W, 0 %
2026/08/30 01:21:27.388, 2515 MHz, 51, 14.92 W, 0 %
2026/08/30 01:21:32.389, 2515 MHz, 51, 14.86 W, 0 %
2026/08/30 01:21:37.390, 2515 MHz, 51, 14.87 W, 0 %
2026/08/30 01:21:42.391, 2515 MHz, 51, 14.81 W, 0 %
2026/08/30 01:21:47.392, 2515 MHz, 51, 14.87 W, 0 %
2026/08/30 01:21:52.393, 2515 MHz, 51, 14.82 W, 0 %
2026/08/30 01:21:57.394, 2515 MHz, 51, 14.85 W, 0 %
2026/08/30 01:22:02.395, 2515 MHz, 51, 14.93 W, 0 %
2026/08/30 01:22:07.396, 2515 MHz, 51, 14.85 W, 0 %
2026/08/30 01:22:12.398, 2515 MHz, 51, 14.83 W, 0 %
2026/08/30 01:22:17.399, 2515 MHz, 51, 14.84 W, 0 %
2026/08/30 01:22:22.400, 2515 MHz, 51, 14.82 W, 0 %
2026/08/30 01:22:27.401, 2515 MHz, 51, 14.82 W, 0 %
2026/08/30 01:22:32.403, 2515 MHz, 51, 14.73 W, 0 %
2026/08/30 01:22:37.404, 2515 MHz, 51, 14.80 W, 0 %
2026/08/30 01:22:42.405, 2515 MHz, 51, 14.77 W, 0 %
2026/08/30 01:22:47.405, 2515 MHz, 51, 14.80 W, 0 %
2026/08/30 01:22:52.406, 2515 MHz, 51, 14.82 W, 0 %
2026/08/30 01:22:57.408, 2515 MHz, 51, 14.85 W, 0 %
2026/08/30 01:23:02.409, 2515 MHz, 51, 14.84 W, 0 %
2026/08/30 01:23:07.410, 2515 MHz, 51, 14.84 W, 0 %
2026/08/30 01:23:12.411, 2515 MHz, 51, 14.80 W, 0 %
2026/08/30 01:23:17.413, 2515 MHz, 51, 14.90 W, 0 %
2026/08/30 01:23:22.414, 2515 MHz, 51, 14.77 W, 0 %
2026/08/30 01:23:27.414, 2515 MHz, 51, 14.80 W, 0 %
2026/08/30 01:23:32.415, 2515 MHz, 51, 14.80 W, 0 %
2026/08/30 01:23:37.417, 2515 MHz, 51, 14.76 W, 0 %
2026/08/30 01:23:42.418, 2515 MHz, 51, 14.79 W, 0 %
2026/08/30 01:23:47.419, 2515 MHz, 51, 14.80 W, 0 %
2026/08/30 01:23:52.420, 2515 MHz, 51, 14.75 W, 0 %
2026/08/30 01:23:57.420, 2515 MHz, 51, 14.80 W, 0 %
2026/08/30 01:24:02.421, 2515 MHz, 51, 14.87 W, 0 %
2026/08/30 01:24:07.423, 2515 MHz, 51, 14.93 W, 0 %
2026/08/30 01:24:12.424, 2515 MHz, 51, 14.77 W, 0 %
2026/08/30 01:24:17.425, 2515 MHz, 51, 14.76 W, 0 %
2026/08/30 01:24:22.426, 2515 MHz, 51, 14.73 W, 0 %
2026/08/30 01:24:27.427, 2515 MHz, 51, 14.83 W, 0 %
2026/08/30 01:24:32.428, 2515 MHz, 51, 14.84 W, 0 %
2026/08/30 01:24:37.429, 2515 MHz, 51, 14.77 W, 0 %
2026/08/30 01:24:42.430, 2515 MHz, 51, 14.80 W, 0 %
2026/08/30 01:24:47.431, 2515 MHz, 51, 14.77 W, 0 %
2026/08/30 01:24:52.432, 2515 MHz, 51, 14.78 W, 0 %
2026/08/30 01:24:57.433, 2515 MHz, 51, 14.82 W, 0 %
2026/08/30 01:25:02.434, 2515 MHz, 51, 14.74 W, 0 %
2026/08/30 01:25:07.435, 2515 MHz, 51, 14.83 W, 0 %
2026/08/30 01:25:12.436, 2515 MHz, 51, 14.91 W, 0 %
2026/08/30 01:25:17.436, 2515 MHz, 51, 14.88 W, 0 %
2026/08/30 01:25:22.437, 2515 MHz, 51, 14.85 W, 0 %
2026/08/30 01:25:27.438, 2515 MHz, 51, 14.92 W, 0 %
2026/08/30 01:25:32.439, 2515 MHz, 51, 14.95 W, 0 %
2026/08/30 01:25:37.440, 2515 MHz, 51, 14.93 W, 0 %
2026/08/30 01:25:42.441, 2515 MHz, 51, 14.98 W, 0 %
2026/08/30 01:25:47.442, 2515 MHz, 51, 14.93 W, 0 %
2026/08/30 01:25:52.443, 2515 MHz, 51, 14.94 W, 0 %
2026/08/30 01:25:57.444, 2515 MHz, 51, 14.85 W, 0 %
2026/08/30 01:26:02.445, 2515 MHz, 51, 14.86 W, 0 %
2026/08/30 01:26:07.447, 2515 MHz, 51, 14.81 W, 0 %
2026/08/30 01:26:12.448, 2515 MHz, 51, 14.87 W, 0 %
2026/08/30 01:26:17.449, 2515 MHz, 51, 14.86 W, 0 %
2026/08/30 01:26:22.450, 2515 MHz, 51, 14.81 W, 0 %
2026/08/30 01:26:27.451, 2515 MHz, 51, 14.78 W, 0 %
2026/08/30 01:26:32.452, 2515 MHz, 51, 14.82 W, 0 %
2026/08/30 01:26:37.452, 2515 MHz, 51, 14.72 W, 0 %
2026/08/30 01:26:42.453, 2515 MHz, 51, 14.75 W, 0 %
2026/08/30 01:26:47.455, 2515 MHz, 51, 14.78 W, 0 %
2026/08/30 01:26:52.455, 2515 MHz, 51, 14.77 W, 0 %
2026/08/30 01:26:57.456, 2515 MHz, 51, 14.82 W, 0 %
2026/08/30 01:27:02.457, 2515 MHz, 51, 14.88 W, 0 %
2026/08/30 01:27:07.458, 2515 MHz, 51, 14.87 W, 0 %
2026/08/30 01:27:12.460, 2515 MHz, 51, 14.94 W, 0 %
2026/08/30 01:27:17.461, 2515 MHz, 51, 14.82 W, 0 %
2026/08/30 01:27:22.462, 2515 MHz, 51, 14.76 W, 0 %
2026/08/30 01:27:27.463, 2515 MHz, 51, 14.79 W, 0 %
2026/08/30 01:27:32.465, 2515 MHz, 51, 14.83 W, 0 %
2026/08/30 01:27:37.466, 2515 MHz, 51, 14.82 W, 0 %
2026/08/30 01:27:42.467, 2515 MHz, 51, 14.82 W, 0 %
2026/08/30 01:27:47.468, 2515 MHz, 51, 14.80 W, 0 %
2026/08/30 01:27:52.469, 2515 MHz, 51, 14.88 W, 0 %
2026/08/30 01:27:57.471, 2515 MHz, 51, 14.84 W, 0 %
2026/08/30 01:28:02.472, 2515 MHz, 50, 14.79 W, 0 %
2026/08/30 01:28:07.473, 2515 MHz, 51, 14.78 W, 0 %
2026/08/30 01:28:12.474, 2515 MHz, 50, 14.75 W, 0 %
2026/08/30 01:28:17.476, 2515 MHz, 50, 14.70 W, 0 %
2026/08/30 01:28:22.477, 2515 MHz, 50, 14.82 W, 0 %
2026/08/30 01:28:27.477, 2515 MHz, 50, 14.74 W, 0 %
2026/08/30 01:28:32.479, 2515 MHz, 50, 14.76 W, 0 %
2026/08/30 01:28:37.480, 2515 MHz, 50, 14.83 W, 0 %
2026/08/30 01:28:42.481, 2515 MHz, 50, 14.84 W, 0 %
2026/08/30 01:28:47.482, 2515 MHz, 50, 14.92 W, 0 %
2026/08/30 01:28:52.484, 2515 MHz, 50, 14.85 W, 0 %
2026/08/30 01:28:57.485, 2515 MHz, 50, 14.83 W, 0 %
2026/08/30 01:29:02.487, 2515 MHz, 50, 14.80 W, 0 %
2026/08/30 01:29:07.489, 2515 MHz, 50, 14.78 W, 0 %
2026/08/30 01:29:12.490, 2515 MHz, 50, 14.81 W, 0 %
2026/08/30 01:29:17.491, 2515 MHz, 50, 14.77 W, 0 %
2026/08/30 01:29:22.492, 2515 MHz, 50, 14.81 W, 0 %
2026/08/30 01:29:27.494, 2515 MHz, 50, 14.87 W, 0 %
2026/08/30 01:29:32.495, 2515 MHz, 50, 14.77 W, 0 %
2026/08/30 01:29:37.496, 2515 MHz, 50, 14.86 W, 0 %
2026/08/30 01:29:42.497, 2515 MHz, 50, 14.83 W, 0 %
2026/08/30 01:29:47.498, 2515 MHz, 50, 15.04 W, 0 %
2026/08/30 01:29:52.499, 2515 MHz, 51, 15.05 W, 0 %
2026/08/30 01:29:57.500, 2515 MHz, 51, 15.06 W, 0 %
2026/08/30 01:30:02.501, 2515 MHz, 51, 15.11 W, 0 %
2026/08/30 01:30:07.501, 2515 MHz, 51, 15.25 W, 0 %
2026/08/30 01:30:12.503, 2515 MHz, 51, 15.14 W, 0 %
2026/08/30 01:30:17.505, 2515 MHz, 51, 15.28 W, 0 %
2026/08/30 01:30:22.505, 2515 MHz, 51, 15.17 W, 0 %
2026/08/30 01:30:27.506, 2515 MHz, 51, 15.15 W, 0 %
2026/08/30 01:30:32.506, 2515 MHz, 51, 15.26 W, 0 %
2026/08/30 01:30:37.508, 2515 MHz, 51, 15.08 W, 0 %
2026/08/30 01:30:42.509, 2515 MHz, 51, 14.97 W, 0 %
2026/08/30 01:30:47.511, 2515 MHz, 51, 14.95 W, 0 %
2026/08/30 01:30:52.512, 2515 MHz, 51, 14.91 W, 0 %
2026/08/30 01:30:57.514, 2515 MHz, 51, 14.86 W, 0 %
2026/08/30 01:31:02.516, 2515 MHz, 51, 14.83 W, 0 %
2026/08/30 01:31:07.517, 2515 MHz, 51, 14.86 W, 0 %
2026/08/30 01:31:12.518, 2515 MHz, 51, 14.88 W, 0 %
2026/08/30 01:31:17.519, 2515 MHz, 51, 14.81 W, 0 %
2026/08/30 01:31:22.520, 2515 MHz, 51, 14.74 W, 0 %
2026/08/30 01:31:27.521, 2515 MHz, 51, 14.83 W, 0 %
2026/08/30 01:31:32.523, 2515 MHz, 51, 14.85 W, 0 %
2026/08/30 01:31:37.524, 2515 MHz, 51, 14.90 W, 0 %
2026/08/30 01:31:42.525, 2515 MHz, 51, 14.87 W, 0 %
2026/08/30 01:31:47.526, 2515 MHz, 51, 14.83 W, 0 %
2026/08/30 01:31:52.528, 2515 MHz, 51, 14.73 W, 0 %
2026/08/30 01:31:57.529, 2515 MHz, 51, 14.86 W, 0 %
2026/08/30 01:32:02.531, 2515 MHz, 51, 14.90 W, 0 %
2026/08/30 01:32:07.532, 2515 MHz, 51, 14.82 W, 0 %
2026/08/30 01:32:12.533, 2515 MHz, 51, 14.85 W, 0 %
2026/08/30 01:32:17.534, 2515 MHz, 51, 14.86 W, 0 %
2026/08/30 01:32:22.536, 2515 MHz, 50, 14.80 W, 0 %
2026/08/30 01:32:27.537, 2515 MHz, 50, 14.90 W, 0 %
2026/08/30 01:32:32.538, 2515 MHz, 50, 14.84 W, 0 %
2026/08/30 01:32:37.540, 2515 MHz, 50, 14.83 W, 0 %
2026/08/30 01:32:42.541, 2515 MHz, 50, 14.80 W, 0 %
2026/08/30 01:32:47.542, 2515 MHz, 50, 14.80 W, 0 %
2026/08/30 01:32:52.544, 2515 MHz, 50, 14.79 W, 0 %
2026/08/30 01:32:57.545, 2515 MHz, 50, 14.76 W, 0 %
2026/08/30 01:33:02.546, 2515 MHz, 50, 14.83 W, 0 %
2026/08/30 01:33:07.548, 2515 MHz, 50, 14.75 W, 0 %
2026/08/30 01:33:12.548, 2515 MHz, 50, 14.72 W, 0 %
2026/08/30 01:33:17.549, 2515 MHz, 50, 14.76 W, 0 %
2026/08/30 01:33:22.551, 2515 MHz, 50, 14.74 W, 0 %
2026/08/30 01:33:27.552, 2515 MHz, 50, 14.74 W, 0 %
2026/08/30 01:33:32.554, 2515 MHz, 50, 14.81 W, 0 %
2026/08/30 01:33:37.555, 2515 MHz, 50, 14.74 W, 0 %
2026/08/30 01:33:42.556, 2515 MHz, 50, 14.76 W, 0 %
2026/08/30 01:33:47.557, 2515 MHz, 50, 14.72 W, 0 %
2026/08/30 01:33:52.559, 2515 MHz, 50, 14.66 W, 0 %
2026/08/30 01:33:57.560, 2515 MHz, 50, 14.74 W, 0 %
2026/08/30 01:34:02.560, 2515 MHz, 50, 14.74 W, 0 %
2026/08/30 01:34:07.561, 2515 MHz, 50, 14.70 W, 0 %
2026/08/30 01:34:12.563, 2515 MHz, 50, 14.69 W, 0 %
2026/08/30 01:34:17.564, 2515 MHz, 50, 14.73 W, 0 %
2026/08/30 01:34:22.565, 2515 MHz, 50, 14.69 W, 0 %
2026/08/30 01:34:27.567, 2515 MHz, 50, 14.77 W, 0 %
2026/08/30 01:34:32.568, 2515 MHz, 50, 14.77 W, 0 %
2026/08/30 01:34:37.570, 2515 MHz, 50, 14.68 W, 0 %
2026/08/30 01:34:42.571, 2515 MHz, 50, 14.69 W, 0 %
2026/08/30 01:34:47.571, 2515 MHz, 50, 14.67 W, 0 %
2026/08/30 01:34:52.573, 2515 MHz, 50, 14.70 W, 0 %
2026/08/30 01:34:57.574, 2515 MHz, 50, 14.71 W, 0 %
2026/08/30 01:35:02.576, 2515 MHz, 50, 14.77 W, 0 %
2026/08/30 01:35:07.577, 2515 MHz, 50, 14.65 W, 0 %
2026/08/30 01:35:12.578, 2515 MHz, 50, 14.71 W, 0 %
2026/08/30 01:35:17.579, 2515 MHz, 50, 14.71 W, 0 %
2026/08/30 01:35:22.580, 2515 MHz, 50, 14.75 W, 0 %
2026/08/30 01:35:27.581, 2515 MHz, 50, 14.80 W, 0 %
2026/08/30 01:35:32.582, 2515 MHz, 50, 14.74 W, 0 %
2026/08/30 01:35:37.583, 2515 MHz, 50, 14.72 W, 0 %
2026/08/30 01:35:42.584, 2515 MHz, 50, 14.78 W, 0 %
2026/08/30 01:35:47.586, 2515 MHz, 50, 14.77 W, 0 %
2026/08/30 01:35:52.587, 2515 MHz, 50, 14.71 W, 0 %
2026/08/30 01:35:57.588, 2515 MHz, 50, 14.76 W, 0 %
2026/08/30 01:36:02.589, 2515 MHz, 50, 14.84 W, 0 %
2026/08/30 01:36:07.591, 2515 MHz, 50, 14.79 W, 0 %
2026/08/30 01:36:12.591, 2515 MHz, 50, 14.71 W, 0 %
2026/08/30 01:36:17.592, 2515 MHz, 50, 14.66 W, 0 %
2026/08/30 01:36:22.594, 2515 MHz, 50, 14.66 W, 0 %
2026/08/30 01:36:27.595, 2515 MHz, 50, 14.74 W, 0 %
2026/08/30 01:36:32.596, 2515 MHz, 50, 14.70 W, 0 %
2026/08/30 01:36:37.598, 2515 MHz, 50, 14.69 W, 0 %
2026/08/30 01:36:42.599, 2515 MHz, 50, 14.70 W, 0 %
2026/08/30 01:36:47.601, 2515 MHz, 50, 14.67 W, 0 %
2026/08/30 01:36:52.603, 2515 MHz, 50, 14.72 W, 0 %
2026/08/30 01:36:57.604, 2515 MHz, 50, 14.75 W, 0 %
2026/08/30 01:37:02.605, 2515 MHz, 50, 14.69 W, 0 %
2026/08/30 01:37:07.607, 2515 MHz, 50, 14.77 W, 0 %
2026/08/30 01:37:12.608, 2515 MHz, 50, 14.78 W, 0 %
2026/08/30 01:37:17.609, 2515 MHz, 50, 14.84 W, 0 %
2026/08/30 01:37:22.610, 2515 MHz, 50, 14.86 W, 0 %
2026/08/30 01:37:27.612, 2515 MHz, 50, 14.78 W, 0 %
2026/08/30 01:37:32.613, 2515 MHz, 50, 14.84 W, 0 %
2026/08/30 01:37:37.614, 2515 MHz, 50, 14.84 W, 0 %
2026/08/30 01:37:42.615, 2515 MHz, 50, 14.78 W, 0 %
2026/08/30 01:37:47.617, 2515 MHz, 50, 14.76 W, 0 %
2026/08/30 01:37:52.618, 2515 MHz, 50, 14.82 W, 0 %
2026/08/30 01:37:57.619, 2515 MHz, 50, 14.85 W, 0 %
2026/08/30 01:38:02.621, 2515 MHz, 50, 14.87 W, 0 %
2026/08/30 01:38:07.622, 2515 MHz, 50, 14.76 W, 0 %
2026/08/30 01:38:12.623, 2515 MHz, 50, 14.90 W, 0 %
2026/08/30 01:38:17.624, 2515 MHz, 50, 14.87 W, 0 %
2026/08/30 01:38:22.626, 2515 MHz, 50, 14.74 W, 0 %
2026/08/30 01:38:27.627, 2515 MHz, 50, 14.81 W, 0 %
2026/08/30 01:38:32.628, 2515 MHz, 50, 14.84 W, 0 %
2026/08/30 01:38:37.629, 2515 MHz, 50, 14.81 W, 0 %
2026/08/30 01:38:42.630, 2515 MHz, 50, 14.77 W, 0 %
2026/08/30 01:38:47.631, 2515 MHz, 50, 14.83 W, 0 %
2026/08/30 01:38:52.632, 2515 MHz, 50, 14.80 W, 0 %
2026/08/30 01:38:57.634, 2515 MHz, 50, 14.83 W, 0 %
2026/08/30 01:39:02.635, 2515 MHz, 50, 14.87 W, 0 %
2026/08/30 01:39:07.637, 2515 MHz, 50, 14.76 W, 0 %
2026/08/30 01:39:12.637, 2515 MHz, 50, 14.77 W, 0 %
2026/08/30 01:39:17.638, 2515 MHz, 50, 14.83 W, 0 %
2026/08/30 01:39:22.640, 2515 MHz, 50, 14.84 W, 0 %
2026/08/30 01:39:27.641, 2515 MHz, 50, 14.85 W, 0 %
2026/08/30 01:39:32.641, 2515 MHz, 50, 14.85 W, 0 %
2026/08/30 01:39:37.642, 2515 MHz, 50, 14.75 W, 0 %
2026/08/30 01:39:42.644, 2515 MHz, 50, 14.78 W, 0 %
2026/08/30 01:39:47.644, 2515 MHz, 50, 14.90 W, 0 %
2026/08/30 01:39:52.646, 2515 MHz, 50, 14.83 W, 0 %
2026/08/30 01:39:57.647, 2515 MHz, 50, 14.80 W, 0 %
2026/08/30 01:40:02.648, 2515 MHz, 50, 14.85 W, 0 %
2026/08/30 01:40:07.650, 2515 MHz, 50, 14.75 W, 0 %
2026/08/30 01:40:12.651, 2515 MHz, 50, 14.77 W, 0 %
2026/08/30 01:40:17.652, 2515 MHz, 50, 14.81 W, 0 %
2026/08/30 01:40:22.653, 2515 MHz, 50, 14.66 W, 0 %
2026/08/30 01:40:27.654, 2515 MHz, 50, 14.75 W, 0 %
2026/08/30 01:40:32.655, 2515 MHz, 50, 14.78 W, 0 %
2026/08/30 01:40:37.656, 2515 MHz, 50, 14.79 W, 0 %
2026/08/30 01:40:42.657, 2515 MHz, 50, 14.74 W, 0 %
2026/08/30 01:40:47.658, 2515 MHz, 50, 14.74 W, 0 %
2026/08/30 01:40:52.659, 2515 MHz, 50, 14.78 W, 0 %
2026/08/30 01:40:57.661, 2515 MHz, 50, 14.74 W, 0 %
2026/08/30 01:41:02.663, 2515 MHz, 50, 14.88 W, 0 %
2026/08/30 01:41:07.664, 2515 MHz, 50, 14.80 W, 0 %
2026/08/30 01:41:12.666, 2515 MHz, 50, 14.71 W, 0 %
2026/08/30 01:41:17.667, 2515 MHz, 50, 14.77 W, 0 %
2026/08/30 01:41:22.668, 2515 MHz, 50, 14.75 W, 0 %
2026/08/30 01:41:27.669, 2515 MHz, 50, 14.72 W, 0 %
2026/08/30 01:41:32.670, 2515 MHz, 50, 14.80 W, 0 %
2026/08/30 01:41:37.672, 2515 MHz, 50, 14.78 W, 0 %
2026/08/30 01:41:42.673, 2515 MHz, 50, 14.82 W, 0 %
2026/08/30 01:41:47.673, 2515 MHz, 50, 14.79 W, 0 %
2026/08/30 01:41:52.675, 2515 MHz, 50, 14.73 W, 0 %
2026/08/30 01:41:57.676, 2515 MHz, 50, 14.75 W, 0 %
2026/08/30 01:42:02.677, 2515 MHz, 50, 14.68 W, 0 %
2026/08/30 01:42:07.678, 2515 MHz, 50, 14.73 W, 0 %
2026/08/30 01:42:12.680, 2515 MHz, 50, 14.79 W, 0 %
2026/08/30 01:42:17.680, 2515 MHz, 50, 14.89 W, 0 %
2026/08/30 01:42:22.681, 2515 MHz, 50, 14.86 W, 0 %
2026/08/30 01:42:27.681, 2515 MHz, 50, 14.78 W, 0 %
2026/08/30 01:42:32.682, 2515 MHz, 50, 14.72 W, 0 %
2026/08/30 01:42:37.684, 2515 MHz, 50, 14.80 W, 0 %
2026/08/30 01:42:42.685, 2515 MHz, 50, 14.73 W, 0 %
2026/08/30 01:42:47.686, 2515 MHz, 50, 14.70 W, 0 %
2026/08/30 01:42:52.687, 2515 MHz, 50, 14.76 W, 0 %
2026/08/30 01:42:57.688, 2515 MHz, 50, 14.67 W, 0 %
2026/08/30 01:43:02.689, 2515 MHz, 50, 14.79 W, 0 %
2026/08/30 01:43:07.691, 2515 MHz, 50, 14.72 W, 0 %
2026/08/30 01:43:12.692, 2515 MHz, 50, 14.77 W, 0 %
2026/08/30 01:43:17.692, 2515 MHz, 50, 14.76 W, 0 %
2026/08/30 01:43:22.693, 2515 MHz, 50, 14.76 W, 0 %
2026/08/30 01:43:27.694, 2515 MHz, 50, 14.76 W, 0 %
2026/08/30 01:43:32.695, 2515 MHz, 50, 14.82 W, 0 %
2026/08/30 01:43:37.695, 2515 MHz, 50, 14.81 W, 0 %
2026/08/30 01:43:42.696, 2515 MHz, 50, 14.72 W, 0 %
2026/08/30 01:43:47.696, 2515 MHz, 50, 14.81 W, 0 %
2026/08/30 01:43:52.697, 2515 MHz, 50, 14.80 W, 0 %
2026/08/30 01:43:57.698, 2515 MHz, 50, 14.76 W, 0 %
2026/08/30 01:44:02.699, 2515 MHz, 50, 14.81 W, 0 %
2026/08/30 01:44:07.701, 2515 MHz, 50, 14.74 W, 0 %
2026/08/30 01:44:12.702, 2515 MHz, 50, 14.82 W, 0 %
2026/08/30 01:44:17.703, 2515 MHz, 50, 14.75 W, 0 %
2026/08/30 01:44:22.704, 2515 MHz, 50, 14.76 W, 0 %
2026/08/30 01:44:27.706, 2515 MHz, 50, 14.68 W, 0 %
2026/08/30 01:44:32.706, 2515 MHz, 50, 14.79 W, 0 %
2026/08/30 01:44:37.707, 2515 MHz, 50, 14.76 W, 0 %
2026/08/30 01:44:42.709, 2515 MHz, 50, 14.77 W, 0 %
2026/08/30 01:44:47.710, 2515 MHz, 50, 14.69 W, 0 %
2026/08/30 01:44:52.712, 2515 MHz, 50, 14.76 W, 0 %
2026/08/30 01:44:57.712, 2515 MHz, 50, 14.74 W, 0 %
2026/08/30 01:45:02.714, 2515 MHz, 50, 14.73 W, 0 %
2026/08/30 01:45:07.715, 2515 MHz, 50, 14.67 W, 0 %
2026/08/30 01:45:12.716, 2515 MHz, 50, 14.73 W, 0 %
2026/08/30 01:45:17.717, 2515 MHz, 50, 14.74 W, 0 %
2026/08/30 01:45:22.718, 2515 MHz, 50, 14.66 W, 0 %
2026/08/30 01:45:27.719, 2515 MHz, 50, 14.70 W, 0 %
2026/08/30 01:45:32.720, 2515 MHz, 50, 14.70 W, 0 %
2026/08/30 01:45:37.721, 2515 MHz, 50, 14.77 W, 0 %
2026/08/30 01:45:42.722, 2515 MHz, 50, 14.77 W, 0 %
2026/08/30 01:45:47.723, 2515 MHz, 50, 14.69 W, 0 %
2026/08/30 01:45:52.724, 2515 MHz, 50, 14.66 W, 0 %
2026/08/30 01:45:57.726, 2515 MHz, 50, 14.79 W, 0 %
2026/08/30 01:46:02.726, 2515 MHz, 50, 14.75 W, 0 %
2026/08/30 01:46:07.728, 2515 MHz, 50, 14.77 W, 0 %
2026/08/30 01:46:12.729, 2515 MHz, 50, 14.78 W, 0 %
2026/08/30 01:46:17.730, 2515 MHz, 50, 14.80 W, 0 %
2026/08/30 01:46:22.730, 2515 MHz, 50, 14.81 W, 0 %
2026/08/30 01:46:27.731, 2515 MHz, 50, 14.83 W, 0 %
2026/08/30 01:46:32.732, 2515 MHz, 50, 14.78 W, 0 %
2026/08/30 01:46:37.734, 2515 MHz, 50, 14.77 W, 0 %
2026/08/30 01:46:42.735, 2515 MHz, 50, 14.81 W, 0 %
2026/08/30 01:46:47.736, 2515 MHz, 50, 14.84 W, 0 %
2026/08/30 01:46:52.737, 2515 MHz, 50, 14.84 W, 0 %
2026/08/30 01:46:57.738, 2515 MHz, 50, 14.77 W, 0 %
2026/08/30 01:47:02.739, 2515 MHz, 50, 14.71 W, 0 %
2026/08/30 01:47:07.741, 2515 MHz, 50, 14.80 W, 0 %
2026/08/30 01:47:12.742, 2515 MHz, 50, 14.82 W, 0 %
2026/08/30 01:47:17.744, 2515 MHz, 50, 14.78 W, 0 %
2026/08/30 01:47:22.745, 2515 MHz, 50, 14.68 W, 0 %
2026/08/30 01:47:27.746, 2515 MHz, 50, 14.68 W, 0 %
2026/08/30 01:47:32.747, 2515 MHz, 50, 14.71 W, 0 %
2026/08/30 01:47:37.748, 2515 MHz, 50, 14.73 W, 0 %
2026/08/30 01:47:42.748, 2515 MHz, 50, 14.69 W, 0 %
2026/08/30 01:47:47.749, 2515 MHz, 50, 14.76 W, 0 %
2026/08/30 01:47:52.750, 2515 MHz, 50, 14.81 W, 0 %
2026/08/30 01:47:57.752, 2515 MHz, 50, 14.74 W, 0 %
2026/08/30 01:48:02.753, 2515 MHz, 50, 14.73 W, 0 %
2026/08/30 01:48:07.753, 2515 MHz, 50, 14.74 W, 0 %
2026/08/30 01:48:12.754, 2515 MHz, 50, 14.75 W, 0 %
2026/08/30 01:48:17.755, 2515 MHz, 50, 14.71 W, 0 %
2026/08/30 01:48:22.757, 2515 MHz, 50, 14.75 W, 0 %
2026/08/30 01:48:27.758, 2515 MHz, 50, 14.81 W, 0 %
2026/08/30 01:48:32.759, 2515 MHz, 50, 14.81 W, 0 %
2026/08/30 01:48:37.760, 2515 MHz, 50, 14.77 W, 0 %
2026/08/30 01:48:42.761, 2515 MHz, 50, 14.72 W, 0 %
2026/08/30 01:48:47.762, 2515 MHz, 50, 14.83 W, 0 %
2026/08/30 01:48:52.763, 2515 MHz, 50, 14.78 W, 0 %
2026/08/30 01:48:57.765, 2515 MHz, 50, 14.77 W, 0 %
2026/08/30 01:49:02.766, 2515 MHz, 50, 14.74 W, 0 %
2026/08/30 01:49:07.767, 2515 MHz, 50, 14.75 W, 0 %
2026/08/30 01:49:12.768, 2515 MHz, 50, 14.73 W, 0 %
2026/08/30 01:49:17.769, 2515 MHz, 50, 14.77 W, 0 %
2026/08/30 01:49:22.769, 2515 MHz, 50, 14.69 W, 0 %
2026/08/30 01:49:27.771, 2515 MHz, 50, 14.69 W, 0 %
2026/08/30 01:49:32.771, 2515 MHz, 50, 14.64 W, 0 %
2026/08/30 01:49:37.773, 2515 MHz, 50, 14.68 W, 0 %
2026/08/30 01:49:42.774, 2515 MHz, 50, 14.62 W, 0 %
2026/08/30 01:49:47.775, 2515 MHz, 50, 14.62 W, 0 %
2026/08/30 01:49:52.776, 2515 MHz, 50, 14.69 W, 0 %
2026/08/30 01:49:57.777, 2515 MHz, 50, 14.73 W, 0 %
2026/08/30 01:50:02.778, 2515 MHz, 50, 14.72 W, 0 %
2026/08/30 01:50:07.780, 2515 MHz, 50, 14.73 W, 0 %
2026/08/30 01:50:12.780, 2515 MHz, 50, 14.62 W, 0 %
2026/08/30 01:50:17.781, 2515 MHz, 50, 14.63 W, 0 %
2026/08/30 01:50:22.782, 2515 MHz, 50, 14.66 W, 0 %
2026/08/30 01:50:27.783, 2515 MHz, 50, 14.66 W, 0 %
2026/08/30 01:50:32.784, 2515 MHz, 50, 14.71 W, 0 %
2026/08/30 01:50:37.785, 2515 MHz, 50, 14.72 W, 0 %
2026/08/30 01:50:42.786, 2515 MHz, 50, 14.70 W, 0 %
2026/08/30 01:50:47.787, 2515 MHz, 50, 14.74 W, 0 %
2026/08/30 01:50:52.788, 2515 MHz, 50, 14.77 W, 0 %
2026/08/30 01:50:57.790, 2515 MHz, 50, 14.82 W, 0 %
2026/08/30 01:51:02.790, 2515 MHz, 50, 14.76 W, 0 %
2026/08/30 01:51:07.792, 2515 MHz, 50, 14.70 W, 0 %
2026/08/30 01:51:12.793, 2515 MHz, 50, 14.74 W, 0 %
2026/08/30 01:51:17.794, 2515 MHz, 50, 14.82 W, 0 %
2026/08/30 01:51:22.794, 2515 MHz, 50, 14.73 W, 0 %
2026/08/30 01:51:27.796, 2515 MHz, 50, 14.67 W, 0 %
2026/08/30 01:51:32.797, 2515 MHz, 50, 14.74 W, 0 %
2026/08/30 01:51:37.799, 2515 MHz, 50, 14.77 W, 0 %
2026/08/30 01:51:42.800, 2515 MHz, 50, 14.79 W, 0 %
2026/08/30 01:51:47.802, 2515 MHz, 50, 14.65 W, 0 %
2026/08/30 01:51:52.802, 2515 MHz, 50, 14.72 W, 0 %
2026/08/30 01:51:57.804, 2515 MHz, 50, 14.85 W, 0 %
2026/08/30 01:52:02.804, 2515 MHz, 50, 14.84 W, 0 %
2026/08/30 01:52:07.805, 2515 MHz, 50, 14.81 W, 0 %
2026/08/30 01:52:12.806, 2515 MHz, 50, 14.83 W, 0 %
2026/08/30 01:52:17.808, 2515 MHz, 50, 14.82 W, 0 %
2026/08/30 01:52:22.809, 2515 MHz, 50, 14.84 W, 0 %
2026/08/30 01:52:27.810, 2515 MHz, 50, 14.87 W, 0 %
2026/08/30 01:52:32.811, 2515 MHz, 50, 14.78 W, 0 %
2026/08/30 01:52:37.812, 2515 MHz, 50, 14.84 W, 0 %
2026/08/30 01:52:42.813, 2515 MHz, 50, 14.81 W, 0 %
2026/08/30 01:52:47.814, 2515 MHz, 50, 14.74 W, 0 %
2026/08/30 01:52:52.815, 2515 MHz, 50, 14.74 W, 0 %
2026/08/30 01:52:57.815, 2515 MHz, 50, 14.73 W, 0 %
2026/08/30 01:53:02.817, 2515 MHz, 50, 14.70 W, 0 %
2026/08/30 01:53:07.818, 2515 MHz, 50, 14.72 W, 0 %
2026/08/30 01:53:12.820, 2515 MHz, 50, 14.73 W, 0 %
2026/08/30 01:53:17.821, 2515 MHz, 50, 14.68 W, 0 %
2026/08/30 01:53:22.822, 2515 MHz, 50, 14.70 W, 0 %
2026/08/30 01:53:27.824, 2515 MHz, 50, 14.76 W, 0 %
2026/08/30 01:53:32.825, 2515 MHz, 50, 14.70 W, 0 %
2026/08/30 01:53:37.827, 2515 MHz, 50, 14.76 W, 0 %
2026/08/30 01:53:42.828, 2515 MHz, 50, 14.79 W, 0 %
2026/08/30 01:53:47.830, 2515 MHz, 50, 14.73 W, 0 %
2026/08/30 01:53:52.831, 2515 MHz, 50, 14.77 W, 0 %
2026/08/30 01:53:57.832, 2515 MHz, 50, 14.84 W, 0 %
2026/08/30 01:54:02.833, 2515 MHz, 50, 14.79 W, 0 %
2026/08/30 01:54:07.835, 2515 MHz, 50, 14.74 W, 0 %
2026/08/30 01:54:12.837, 2515 MHz, 50, 14.81 W, 0 %
2026/08/30 01:54:17.838, 2515 MHz, 51, 14.82 W, 0 %
2026/08/30 01:54:22.838, 2515 MHz, 51, 14.76 W, 0 %
2026/08/30 01:54:27.840, 2515 MHz, 50, 14.89 W, 0 %
2026/08/30 01:54:32.841, 2515 MHz, 50, 14.85 W, 0 %
2026/08/30 01:54:37.842, 2515 MHz, 51, 14.85 W, 0 %
2026/08/30 01:54:42.843, 2515 MHz, 50, 14.83 W, 0 %
2026/08/30 01:54:47.844, 2515 MHz, 51, 14.72 W, 0 %
2026/08/30 01:54:52.846, 2515 MHz, 51, 14.78 W, 0 %
2026/08/30 01:54:57.848, 2515 MHz, 51, 14.78 W, 0 %
2026/08/30 01:55:02.849, 2515 MHz, 51, 14.79 W, 0 %
2026/08/30 01:55:07.851, 2515 MHz, 51, 14.82 W, 0 %
2026/08/30 01:55:12.852, 2515 MHz, 51, 14.74 W, 0 %
2026/08/30 01:55:17.853, 2515 MHz, 51, 14.82 W, 0 %
2026/08/30 01:55:22.854, 2515 MHz, 51, 14.81 W, 0 %
2026/08/30 01:55:27.855, 2515 MHz, 51, 14.91 W, 0 %
2026/08/30 01:55:32.856, 2515 MHz, 51, 14.80 W, 0 %
2026/08/30 01:55:37.857, 2515 MHz, 51, 14.83 W, 0 %
2026/08/30 01:55:42.859, 2515 MHz, 51, 14.75 W, 0 %
2026/08/30 01:55:47.860, 2515 MHz, 51, 14.79 W, 0 %
2026/08/30 01:55:52.861, 2515 MHz, 51, 14.83 W, 0 %
2026/08/30 01:55:57.862, 2515 MHz, 51, 14.78 W, 0 %
2026/08/30 01:56:02.863, 2515 MHz, 51, 14.77 W, 0 %
2026/08/30 01:56:07.865, 2515 MHz, 51, 14.83 W, 0 %
2026/08/30 01:56:12.866, 2515 MHz, 51, 14.85 W, 0 %
2026/08/30 01:56:17.868, 2515 MHz, 51, 14.82 W, 0 %
2026/08/30 01:56:22.869, 2515 MHz, 51, 14.87 W, 0 %
2026/08/30 01:56:27.870, 2515 MHz, 51, 14.77 W, 0 %
2026/08/30 01:56:32.871, 2515 MHz, 51, 14.80 W, 0 %
2026/08/30 01:56:37.872, 2515 MHz, 51, 14.82 W, 0 %
2026/08/30 01:56:42.873, 2515 MHz, 51, 14.75 W, 0 %
2026/08/30 01:56:47.874, 2515 MHz, 51, 14.87 W, 0 %
2026/08/30 01:56:52.876, 2515 MHz, 51, 14.91 W, 0 %
2026/08/30 01:56:57.877, 2515 MHz, 51, 14.81 W, 0 %
2026/08/30 01:57:02.878, 2515 MHz, 51, 14.84 W, 0 %
2026/08/30 01:57:07.879, 2515 MHz, 51, 14.94 W, 0 %
2026/08/30 01:57:12.881, 2515 MHz, 51, 14.89 W, 0 %
2026/08/30 01:57:17.882, 2515 MHz, 51, 14.92 W, 0 %
2026/08/30 01:57:22.883, 2515 MHz, 51, 14.92 W, 0 %
2026/08/30 01:57:27.885, 2515 MHz, 51, 14.99 W, 0 %
2026/08/30 01:57:32.886, 2515 MHz, 51, 14.86 W, 0 %
2026/08/30 01:57:37.887, 2515 MHz, 51, 14.93 W, 0 %
2026/08/30 01:57:42.888, 2515 MHz, 51, 14.79 W, 0 %
2026/08/30 01:57:47.889, 2515 MHz, 51, 14.89 W, 0 %
2026/08/30 01:57:52.890, 2515 MHz, 51, 14.84 W, 0 %
2026/08/30 01:57:57.891, 2515 MHz, 51, 14.85 W, 0 %
2026/08/30 01:58:02.893, 2515 MHz, 51, 14.87 W, 0 %
2026/08/30 01:58:07.894, 2515 MHz, 51, 14.89 W, 0 %
2026/08/30 01:58:12.895, 2515 MHz, 51, 14.88 W, 0 %
2026/08/30 01:58:17.897, 2515 MHz, 51, 14.86 W, 0 %
2026/08/30 01:58:22.898, 2515 MHz, 51, 14.88 W, 0 %
2026/08/30 01:58:27.899, 2515 MHz, 51, 14.87 W, 0 %
2026/08/30 01:58:32.900, 2515 MHz, 51, 14.84 W, 0 %
2026/08/30 01:58:37.901, 2515 MHz, 51, 14.86 W, 0 %
2026/08/30 01:58:42.903, 2515 MHz, 51, 14.91 W, 0 %
2026/08/30 01:58:47.904, 2515 MHz, 51, 14.79 W, 0 %
2026/08/30 01:58:52.905, 2515 MHz, 51, 14.84 W, 0 %
2026/08/30 01:58:57.905, 2515 MHz, 51, 14.78 W, 0 %
2026/08/30 01:59:02.906, 2515 MHz, 51, 14.80 W, 0 %
2026/08/30 01:59:07.907, 2515 MHz, 51, 14.80 W, 0 %
2026/08/30 01:59:12.909, 2515 MHz, 51, 14.77 W, 0 %
2026/08/30 01:59:17.910, 2515 MHz, 51, 14.73 W, 0 %
2026/08/30 01:59:22.911, 2515 MHz, 50, 14.76 W, 0 %
2026/08/30 01:59:27.912, 2515 MHz, 51, 14.72 W, 0 %
2026/08/30 01:59:32.913, 2515 MHz, 51, 14.81 W, 0 %
2026/08/30 01:59:37.915, 2515 MHz, 50, 14.69 W, 0 %
2026/08/30 01:59:42.916, 2515 MHz, 50, 14.69 W, 0 %
2026/08/30 01:59:47.917, 2515 MHz, 50, 14.74 W, 0 %
2026/08/30 01:59:52.918, 2515 MHz, 50, 14.71 W, 0 %
2026/08/30 01:59:57.918, 2515 MHz, 50, 14.65 W, 0 %
2026/08/30 02:00:02.919, 2515 MHz, 50, 14.72 W, 0 %
2026/08/30 02:00:07.920, 2515 MHz, 50, 14.79 W, 0 %
2026/08/30 02:00:12.921, 2515 MHz, 50, 14.78 W, 0 %
2026/08/30 02:00:17.923, 2515 MHz, 50, 14.86 W, 0 %
2026/08/30 02:00:22.924, 2515 MHz, 50, 14.86 W, 0 %
2026/08/30 02:00:27.925, 2515 MHz, 50, 14.75 W, 0 %
2026/08/30 02:00:32.926, 2515 MHz, 50, 14.79 W, 0 %
2026/08/30 02:00:37.927, 2515 MHz, 50, 14.71 W, 0 %
2026/08/30 02:00:42.929, 2515 MHz, 50, 14.72 W, 0 %
2026/08/30 02:00:47.931, 2515 MHz, 50, 14.76 W, 0 %
2026/08/30 02:00:52.932, 2515 MHz, 50, 14.73 W, 0 %
2026/08/30 02:00:57.933, 2515 MHz, 50, 14.73 W, 0 %
2026/08/30 02:01:02.934, 2515 MHz, 50, 14.75 W, 0 %
2026/08/30 02:01:07.934, 2515 MHz, 50, 14.76 W, 0 %
2026/08/30 02:01:12.935, 2515 MHz, 50, 14.79 W, 0 %
2026/08/30 02:01:17.937, 2515 MHz, 50, 14.77 W, 0 %
2026/08/30 02:01:22.938, 2515 MHz, 50, 14.77 W, 0 %
2026/08/30 02:01:27.940, 2515 MHz, 50, 14.72 W, 0 %
2026/08/30 02:01:32.941, 2515 MHz, 50, 14.70 W, 0 %
2026/08/30 02:01:37.942, 2515 MHz, 50, 14.71 W, 0 %
2026/08/30 02:01:42.943, 2515 MHz, 50, 14.69 W, 0 %
2026/08/30 02:01:47.944, 2515 MHz, 50, 14.69 W, 0 %
2026/08/30 02:01:52.945, 2515 MHz, 50, 14.65 W, 0 %
2026/08/30 02:01:57.946, 2515 MHz, 50, 14.76 W, 0 %
2026/08/30 02:02:02.948, 2515 MHz, 50, 14.77 W, 0 %
2026/08/30 02:02:07.949, 2515 MHz, 50, 14.71 W, 0 %
2026/08/30 02:02:12.950, 2515 MHz, 50, 14.71 W, 0 %
2026/08/30 02:02:17.951, 2515 MHz, 50, 14.70 W, 0 %
2026/08/30 02:02:22.951, 2515 MHz, 50, 14.68 W, 0 %
2026/08/30 02:02:27.953, 2515 MHz, 50, 14.76 W, 0 %
2026/08/30 02:02:32.954, 2515 MHz, 50, 14.81 W, 0 %
2026/08/30 02:02:37.954, 2515 MHz, 50, 14.81 W, 0 %
2026/08/30 02:02:42.955, 2515 MHz, 50, 14.76 W, 0 %
2026/08/30 02:02:47.956, 2515 MHz, 50, 14.75 W, 0 %
2026/08/30 02:02:52.956, 2515 MHz, 50, 14.82 W, 0 %
2026/08/30 02:02:57.957, 2515 MHz, 50, 14.81 W, 0 %
2026/08/30 02:03:02.958, 2515 MHz, 50, 14.84 W, 0 %
2026/08/30 02:03:07.959, 2515 MHz, 50, 14.87 W, 0 %
2026/08/30 02:03:12.961, 2515 MHz, 50, 14.84 W, 0 %
2026/08/30 02:03:17.962, 2515 MHz, 50, 14.81 W, 0 %
2026/08/30 02:03:22.962, 2515 MHz, 50, 14.88 W, 0 %
2026/08/30 02:03:27.964, 2515 MHz, 50, 14.82 W, 0 %
2026/08/30 02:03:32.965, 2515 MHz, 50, 14.81 W, 0 %
2026/08/30 02:03:37.966, 2515 MHz, 50, 14.92 W, 0 %
2026/08/30 02:03:42.967, 2515 MHz, 50, 14.86 W, 0 %
2026/08/30 02:03:47.967, 2515 MHz, 50, 14.85 W, 0 %
2026/08/30 02:03:52.969, 2515 MHz, 50, 14.79 W, 0 %
2026/08/30 02:03:57.971, 2515 MHz, 50, 14.80 W, 0 %
2026/08/30 02:04:02.972, 2515 MHz, 50, 14.81 W, 0 %
2026/08/30 02:04:07.972, 2515 MHz, 50, 14.73 W, 0 %
2026/08/30 02:04:12.973, 2515 MHz, 50, 14.74 W, 0 %
2026/08/30 02:04:17.974, 2515 MHz, 50, 14.74 W, 0 %
2026/08/30 02:04:22.974, 2515 MHz, 50, 14.81 W, 0 %
2026/08/30 02:04:27.976, 2515 MHz, 50, 14.89 W, 0 %
2026/08/30 02:04:32.976, 2515 MHz, 50, 14.89 W, 0 %
2026/08/30 02:04:37.977, 2515 MHz, 50, 14.94 W, 0 %
2026/08/30 02:04:42.977, 2515 MHz, 50, 14.82 W, 0 %
2026/08/30 02:04:47.978, 2515 MHz, 50, 14.89 W, 0 %
2026/08/30 02:04:52.979, 2515 MHz, 50, 14.90 W, 0 %
2026/08/30 02:04:57.979, 2515 MHz, 50, 14.91 W, 0 %
2026/08/30 02:05:02.980, 2515 MHz, 50, 14.88 W, 0 %
2026/08/30 02:05:07.981, 2515 MHz, 50, 14.88 W, 0 %
2026/08/30 02:05:12.982, 2515 MHz, 50, 14.81 W, 0 %
2026/08/30 02:05:17.982, 2515 MHz, 50, 14.82 W, 0 %
2026/08/30 02:05:22.983, 2515 MHz, 50, 14.76 W, 0 %
2026/08/30 02:05:27.985, 2515 MHz, 50, 14.78 W, 0 %
2026/08/30 02:05:32.986, 2515 MHz, 50, 14.83 W, 0 %
2026/08/30 02:05:37.987, 2515 MHz, 50, 14.85 W, 0 %
2026/08/30 02:05:42.988, 2515 MHz, 50, 14.87 W, 0 %
2026/08/30 02:05:47.989, 2515 MHz, 50, 14.84 W, 0 %
2026/08/30 02:05:52.990, 2515 MHz, 50, 14.79 W, 0 %
2026/08/30 02:05:57.991, 2515 MHz, 50, 14.84 W, 0 %
2026/08/30 02:06:02.993, 2515 MHz, 50, 14.79 W, 0 %
2026/08/30 02:06:07.994, 2515 MHz, 50, 14.82 W, 0 %
2026/08/30 02:06:12.995, 2515 MHz, 50, 14.78 W, 0 %
2026/08/30 02:06:17.996, 2515 MHz, 50, 14.76 W, 0 %
2026/08/30 02:06:22.997, 2515 MHz, 50, 14.82 W, 0 %
2026/08/30 02:06:27.998, 2515 MHz, 50, 14.82 W, 0 %
2026/08/30 02:06:32.998, 2515 MHz, 50, 14.80 W, 0 %
2026/08/30 02:06:38.000, 2515 MHz, 50, 14.86 W, 0 %
2026/08/30 02:06:43.001, 2515 MHz, 50, 14.83 W, 0 %
2026/08/30 02:06:48.003, 2515 MHz, 50, 14.80 W, 0 %
2026/08/30 02:06:53.004, 2515 MHz, 50, 14.80 W, 0 %
2026/08/30 02:06:58.005, 2515 MHz, 50, 14.69 W, 0 %
2026/08/30 02:07:03.006, 2515 MHz, 50, 14.79 W, 0 %
2026/08/30 02:07:08.007, 2515 MHz, 50, 14.81 W, 0 %
2026/08/30 02:07:13.008, 2515 MHz, 50, 14.78 W, 0 %
2026/08/30 02:07:18.009, 2515 MHz, 50, 14.81 W, 0 %
2026/08/30 02:07:23.009, 2515 MHz, 50, 14.81 W, 0 %
2026/08/30 02:07:28.010, 2515 MHz, 50, 14.79 W, 0 %
2026/08/30 02:07:33.010, 2515 MHz, 50, 14.70 W, 0 %
2026/08/30 02:07:38.012, 2515 MHz, 50, 14.70 W, 0 %
2026/08/30 02:07:43.012, 2515 MHz, 50, 14.75 W, 0 %
2026/08/30 02:07:48.013, 2515 MHz, 50, 14.66 W, 0 %
2026/08/30 02:07:53.014, 2515 MHz, 50, 14.72 W, 0 %
2026/08/30 02:07:58.015, 2515 MHz, 50, 14.79 W, 0 %
2026/08/30 02:08:03.016, 2515 MHz, 50, 14.74 W, 0 %
2026/08/30 02:08:08.017, 2515 MHz, 50, 14.68 W, 0 %
2026/08/30 02:08:13.017, 2515 MHz, 50, 14.61 W, 0 %
2026/08/30 02:08:18.018, 2515 MHz, 50, 14.72 W, 0 %
2026/08/30 02:08:23.018, 2515 MHz, 50, 14.67 W, 0 %
2026/08/30 02:08:28.020, 2515 MHz, 50, 14.65 W, 0 %
2026/08/30 02:08:33.021, 2515 MHz, 50, 14.76 W, 0 %
2026/08/30 02:08:38.022, 2515 MHz, 50, 14.64 W, 0 %
2026/08/30 02:08:43.023, 2515 MHz, 50, 14.80 W, 0 %
2026/08/30 02:08:48.023, 2515 MHz, 50, 14.89 W, 0 %
2026/08/30 02:08:53.024, 2515 MHz, 50, 14.84 W, 0 %
2026/08/30 02:08:58.026, 2515 MHz, 50, 14.82 W, 0 %
2026/08/30 02:09:03.026, 2515 MHz, 50, 14.93 W, 0 %
2026/08/30 02:09:08.027, 2515 MHz, 50, 14.81 W, 0 %
2026/08/30 02:09:13.028, 2515 MHz, 50, 14.79 W, 0 %
2026/08/30 02:09:18.029, 2515 MHz, 50, 14.74 W, 0 %
2026/08/30 02:09:23.030, 2515 MHz, 50, 14.73 W, 0 %
2026/08/30 02:09:28.031, 2515 MHz, 50, 14.75 W, 0 %
2026/08/30 02:09:33.032, 2515 MHz, 50, 14.79 W, 0 %
2026/08/30 02:09:38.032, 2515 MHz, 50, 14.81 W, 0 %
2026/08/30 02:09:43.033, 2515 MHz, 50, 14.82 W, 0 %
2026/08/30 02:09:48.034, 2515 MHz, 50, 14.86 W, 0 %
2026/08/30 02:09:53.035, 2515 MHz, 50, 14.87 W, 0 %
2026/08/30 02:09:58.036, 2515 MHz, 50, 14.84 W, 0 %
2026/08/30 02:10:03.037, 2515 MHz, 50, 14.75 W, 0 %
2026/08/30 02:10:08.038, 2515 MHz, 50, 14.77 W, 0 %
2026/08/30 02:10:13.038, 2515 MHz, 50, 14.84 W, 0 %
2026/08/30 02:10:18.039, 2515 MHz, 50, 14.81 W, 0 %
2026/08/30 02:10:23.040, 2515 MHz, 50, 14.86 W, 0 %
2026/08/30 02:10:28.042, 2515 MHz, 50, 14.78 W, 0 %
2026/08/30 02:10:33.042, 2515 MHz, 50, 14.84 W, 0 %
2026/08/30 02:10:38.043, 2515 MHz, 50, 14.83 W, 0 %
2026/08/30 02:10:43.044, 2515 MHz, 50, 14.86 W, 0 %
2026/08/30 02:10:48.046, 2515 MHz, 50, 14.78 W, 0 %
2026/08/30 02:10:53.046, 2515 MHz, 50, 14.78 W, 0 %
2026/08/30 02:10:58.046, 2515 MHz, 50, 14.77 W, 0 %
2026/08/30 02:11:03.048, 2515 MHz, 50, 14.79 W, 0 %
2026/08/30 02:11:08.049, 2515 MHz, 50, 14.81 W, 0 %
2026/08/30 02:11:13.050, 2515 MHz, 50, 14.71 W, 0 %
2026/08/30 02:11:18.051, 2515 MHz, 50, 14.86 W, 0 %
2026/08/30 02:11:23.052, 2515 MHz, 50, 14.78 W, 0 %
2026/08/30 02:11:28.053, 2515 MHz, 50, 14.75 W, 0 %
2026/08/30 02:11:33.054, 2515 MHz, 50, 14.82 W, 0 %
2026/08/30 02:11:38.055, 2515 MHz, 50, 14.70 W, 0 %
2026/08/30 02:11:43.057, 2515 MHz, 50, 14.73 W, 0 %
2026/08/30 02:11:48.057, 2515 MHz, 50, 14.69 W, 0 %
2026/08/30 02:11:53.058, 2515 MHz, 50, 14.69 W, 0 %
2026/08/30 02:11:58.059, 2515 MHz, 50, 14.70 W, 0 %
2026/08/30 02:12:03.060, 2515 MHz, 50, 14.77 W, 0 %
2026/08/30 02:12:08.061, 2515 MHz, 50, 14.73 W, 0 %
2026/08/30 02:12:13.062, 2515 MHz, 50, 14.72 W, 0 %
2026/08/30 02:12:18.063, 2515 MHz, 50, 14.77 W, 0 %
2026/08/30 02:12:23.063, 2515 MHz, 50, 14.72 W, 0 %
2026/08/30 02:12:28.064, 2515 MHz, 50, 14.74 W, 0 %
2026/08/30 02:12:33.065, 2515 MHz, 50, 14.64 W, 0 %
2026/08/30 02:12:38.066, 2515 MHz, 50, 14.77 W, 0 %
2026/08/30 02:12:43.066, 2515 MHz, 50, 14.70 W, 0 %
2026/08/30 02:12:48.068, 2515 MHz, 50, 14.72 W, 0 %
2026/08/30 02:12:53.068, 2515 MHz, 50, 14.73 W, 0 %
2026/08/30 02:12:58.069, 2515 MHz, 50, 14.79 W, 0 %
2026/08/30 02:13:03.070, 2515 MHz, 50, 14.76 W, 0 %
2026/08/30 02:13:08.071, 2515 MHz, 50, 14.74 W, 0 %
2026/08/30 02:13:13.073, 2515 MHz, 50, 14.76 W, 0 %
